feature,hard_sl,tp,time_stop_h,trail,n,net_mean,net_sharpe,hit,cum,mdd,tp_rate,sl_rate,trail_rate,ts_rate,eod_rate,avg_hold
f_atr_xs_decile,none,0.05,none,none,3672,0.0022593551487614513,2.474170267116345,0.5163398692810458,0.1202162929082482,-0.09156144966146192,0.352124183006536,0.0,0.0,0.0,0.6478758169934641,17.09926470588235
f_atr_xs_decile,none,0.05,2.0,none,3672,0.0006595338622619896,1.4107633727620121,0.42320261437908496,0.03244040212868793,-0.053870282932652246,0.125,0.0,0.0,0.8562091503267973,0.018790849673202614,1.8370098039215685
f_atr_xs_decile,0.08,0.05,none,none,3672,0.000863859028616667,0.9071289847914215,0.505718954248366,0.03812263702833496,-0.10280552988222358,0.34395424836601307,0.09967320261437909,0.0,0.0,0.5563725490196079,16.01736111111111
f_atr_xs_decile,none,0.05,4.0,none,3672,0.0004952790636784947,0.8072721011251931,0.42810457516339867,0.022345144200120792,-0.060208974159317835,0.16176470588235295,0.0,0.0,0.8194444444444444,0.018790849673202614,3.513888888888889
f_atr_xs_decile,0.05,0.05,none,none,3672,0.0006859277310951059,0.7871052321771377,0.4861111111111111,0.02950438046510362,-0.08495105710205424,0.3276143790849673,0.2565359477124183,0.0,0.0,0.4158496732026144,13.802083333333334
f_atr_xs_decile,none,0.05,none,0.1,3672,0.0006161101521591192,0.6398358910730392,0.4959150326797386,0.024058510219154616,-0.12073809063322224,0.32189542483660133,0.0,0.09967320261437909,0.0,0.5784313725490197,16.18811274509804
f_atr_xs_decile,none,0.05,8.0,none,3672,0.0003721783564346242,0.5689369130875725,0.4305555555555556,0.015157716485416639,-0.039045819826277375,0.21895424836601307,0.0,0.0,0.7622549019607843,0.018790849673202614,6.676062091503268
f_atr_xs_decile,0.05,0.05,none,0.1,3672,0.00024017162393829715,0.25797278904930654,0.4795751633986928,0.004871778076807498,-0.09353476779369575,0.3104575163398693,0.2565359477124183,0.01715686274509804,0.0,0.4158496732026144,13.802083333333334
f_atr_xs_decile,0.08,0.05,none,0.1,3672,0.0002440909460208642,0.24172205297101512,0.4934640522875817,0.0036707937030098226,-0.11858201449488506,0.3194444444444444,0.07761437908496732,0.051470588235294115,0.0,0.5514705882352942,15.848039215686274
f_atr_xs_decile,0.08,0.05,2.0,none,3672,8.992501672446703e-05,0.07779080293952914,0.4215686274509804,-0.0004994207003449214,-0.08289043263168291,0.12336601307189543,0.013888888888888888,0.0,0.8447712418300654,0.017973856209150325,1.8169934640522876
f_atr_xs_decile,none,0.15,none,none,3672,-0.00011153237152593838,-0.10032093914937536,0.4305555555555556,-0.021075392294013007,-0.13200842675373264,0.06862745098039216,0.0,0.0,0.0,0.9313725490196079,22.030024509803923
f_atr_xs_decile,0.08,0.05,4.0,none,3672,-0.00017277510232092556,-0.333767818757523,0.42483660130718953,-0.015634188253610293,-0.08674025559052187,0.16013071895424835,0.01715686274509804,0.0,0.8047385620915033,0.017973856209150325,3.4677287581699345
f_atr_xs_decile,none,0.1,none,none,3672,-0.0004594703328061432,-0.39227845438845094,0.4387254901960784,-0.037461227042443035,-0.13690549146438416,0.12990196078431374,0.0,0.0,0.0,0.8700980392156863,21.044321895424837
f_atr_xs_decile,0.08,0.05,8.0,none,3672,-0.00022948924414399843,-0.41432994805171414,0.42892156862745096,-0.018990956024830363,-0.06991074513593057,0.2173202614379085,0.029411764705882353,0.0,0.7352941176470589,0.017973856209150325,6.54452614379085
f_atr_xs_decile,none,0.05,none,0.08,3672,-0.00039035279825903716,-0.43734770594506833,0.4803921568627451,-0.029154301723177345,-0.1320461931201868,0.2957516339869281,0.0,0.2099673202614379,0.0,0.494281045751634,15.071486928104575
f_atr_xs_decile,none,0.08,none,none,3672,-0.0005025459404277175,-0.4520673777695737,0.45016339869281047,-0.03960705344882787,-0.13477577045478611,0.1781045751633987,0.0,0.0,0.0,0.8218954248366013,20.19934640522876
f_atr_xs_decile,0.08,0.05,none,0.08,3672,-0.0004726881968884789,-0.5246151101289072,0.4803921568627451,-0.03357130166145006,-0.13498721770617436,0.2957516339869281,0.03431372549019608,0.17565359477124182,0.0,0.494281045751634,15.071486928104575
f_atr_xs_decile,0.05,0.05,none,0.08,3672,-0.0005678945505780004,-0.6996043661021745,0.46895424836601307,-0.03752439116951267,-0.10589714105233722,0.28921568627450983,0.23284313725490197,0.07026143790849673,0.0,0.4076797385620915,13.666053921568627
f_atr_xs_decile,0.05,0.05,2.0,none,3672,-0.00032162731357246194,-0.7402152327273402,0.4158496732026144,-0.022394064957423354,-0.098756733237355,0.11764705882352941,0.05065359477124183,0.0,0.8137254901960784,0.017973856209150325,1.7826797385620916
f_atr_xs_decile,none,0.1,2.0,none,3672,-0.0003771945065335746,-0.8517610262616533,0.39950980392156865,-0.024498753335934098,-0.08936992465041088,0.03758169934640523,0.0,0.0,0.9436274509803921,0.018790849673202614,1.9393382352941178
f_atr_xs_decile,0.05,0.05,4.0,none,3672,-0.0005100079819492148,-0.9165568589014977,0.41748366013071897,-0.03311543173473808,-0.09599688192636972,0.15359477124183007,0.07679738562091504,0.0,0.7516339869281046,0.017973856209150325,3.3570261437908497
f_atr_xs_decile,none,0.08,2.0,none,3672,-0.0003925006437489034,-0.9332221467408198,0.4011437908496732,-0.025447668930319134,-0.09859107685639414,0.05310457516339869,0.0,0.0,0.9281045751633987,0.018790849673202614,1.920547385620915
f_atr_xs_decile,0.03,0.05,none,none,3672,-0.0007061518706178791,-0.9792873735146942,0.4084967320261438,-0.04247715366046689,-0.08525754273632684,0.28022875816993464,0.48366013071895425,0.0,0.0,0.2361111111111111,9.972426470588236
f_atr_xs_decile,none,0.05,2.0,0.1,3672,-0.0004809244381169113,-0.9804854571868936,0.4117647058823529,-0.031054632630845957,-0.10157954603929513,0.10294117647058823,0.0,0.028594771241830064,0.8504901960784313,0.017973856209150325,1.8251633986928104
f_atr_xs_decile,0.08,0.05,2.0,0.1,3672,-0.0005408485179843449,-1.064891443772502,0.4117647058823529,-0.03447961657106646,-0.10539133309352516,0.10294117647058823,0.013888888888888888,0.021241830065359478,0.8439542483660131,0.017973856209150325,1.815359477124183
f_atr_xs_decile,0.05,0.05,8.0,none,3672,-0.0006297372490937822,-1.0870535158165642,0.41748366013071897,-0.03979788992813271,-0.08796101454404598,0.2099673202614379,0.12581699346405228,0.0,0.6462418300653595,0.017973856209150325,6.15625
f_atr_xs_decile,none,0.05,4.0,0.1,3672,-0.0007309818777732299,-1.198912071198545,0.4158496732026144,-0.044817293859073626,-0.09109267667400497,0.1388888888888889,0.0,0.035130718954248366,0.8080065359477124,0.017973856209150325,3.486111111111111
f_atr_xs_decile,0.03,0.05,none,0.1,3672,-0.0008574138761179808,-1.209557738546427,0.40522875816993464,-0.04985857185754483,-0.09440651870081768,0.2687908496732026,0.48366013071895425,0.011437908496732025,0.0,0.2361111111111111,9.972426470588236
f_atr_xs_decile,none,0.05,8.0,0.1,3672,-0.0007900378227807837,-1.2513393972279987,0.41830065359477125,-0.04830759045059463,-0.0848380969817847,0.19607843137254902,0.0,0.049019607843137254,0.7369281045751634,0.017973856209150325,6.57577614379085
f_atr_xs_decile,0.08,0.15,none,none,3672,-0.0016235805176906834,-1.3205980298422506,0.4207516339869281,-0.09779608836159559,-0.17527592849371287,0.06699346405228758,0.11764705882352941,0.0,0.0,0.815359477124183,20.671772875816995
f_atr_xs_decile,0.08,0.05,4.0,0.1,3672,-0.0008403676089187552,-1.3291754481093283,0.4150326797385621,-0.05092964861392335,-0.0973797688587357,0.1388888888888889,0.016339869281045753,0.025326797385620915,0.8014705882352942,0.017973856209150325,3.463031045751634
f_atr_xs_decile,0.05,0.05,2.0,0.1,3672,-0.0006913028505745312,-1.4276626848135483,0.41013071895424835,-0.041972747474068095,-0.10934456329145957,0.10212418300653595,0.05065359477124183,0.015522875816993464,0.8137254901960784,0.017973856209150325,1.7826797385620916
f_atr_xs_decile,0.08,0.05,8.0,0.1,3672,-0.0009598111099863777,-1.472857875971116,0.41830065359477125,-0.0573335151144001,-0.09044796118673848,0.19607843137254902,0.02696078431372549,0.03431372549019608,0.7246732026143791,0.017973856209150325,6.510212418300654
f_atr_xs_decile,0.05,0.15,none,none,3672,-0.0016744358002975506,-1.5492552198431577,0.4027777777777778,-0.09745614244897582,-0.15421313154831054,0.061274509803921566,0.2965686274509804,0.0,0.0,0.6421568627450981,18.0406454248366
f_atr_xs_decile,0.05,0.1,none,none,3672,-0.0016150620329967282,-1.5598974003075177,0.4125816993464052,-0.09303109029930046,-0.14738625819071188,0.11764705882352941,0.2908496732026144,0.0,0.0,0.5915032679738562,17.20486111111111
f_atr_xs_decile,0.08,0.08,none,none,3672,-0.0017412021191070901,-1.5646888277973197,0.4411764705882353,-0.10130206346603143,-0.1725113311432529,0.17483660130718953,0.11519607843137254,0.0,0.0,0.7099673202614379,18.883782679738562
f_atr_xs_decile,0.05,0.05,4.0,0.1,3672,-0.0009158812720738852,-1.5657564989921209,0.4117647058823529,-0.05423760941467848,-0.100116420913625,0.13725490196078433,0.07679738562091504,0.016339869281045753,0.7516339869281046,0.017973856209150325,3.3570261437908497
f_atr_xs_decile,none,0.08,4.0,none,3672,-0.0009598913706135814,-1.5666466885297607,0.4011437908496732,-0.05624027116970465,-0.09423222317272414,0.07026143790849673,0.0,0.0,0.9109477124183006,0.018790849673202614,3.761437908496732
f_atr_xs_decile,0.08,0.1,none,none,3672,-0.0019105448121391104,-1.6349170143434226,0.42892156862745096,-0.10972369539233273,-0.19287933237562266,0.12581699346405228,0.11601307189542484,0.0,0.0,0.7581699346405228,19.724468954248366
f_atr_xs_decile,0.03,0.05,2.0,none,3672,-0.0007028827717325005,-1.6624861225632468,0.40032679738562094,-0.04138020631352035,-0.1167909845403273,0.10620915032679738,0.1568627450980392,0.0,0.7197712418300654,0.01715686274509804,1.6750408496732025
f_atr_xs_decile,0.08,0.1,2.0,none,3672,-0.0008695853862811893,-1.6847162087500733,0.39869281045751637,-0.051356789864110186,-0.11331462508298482,0.03676470588235294,0.018790849673202614,0.0,0.9264705882352942,0.017973856209150325,1.9150326797385622
f_atr_xs_decile,0.05,0.08,none,none,3672,-0.0016860188142043375,-1.6919478156618992,0.4223856209150327,-0.09674354575022859,-0.14814717140651953,0.16339869281045752,0.2875816993464052,0.0,0.0,0.5490196078431373,16.456086601307188
f_atr_xs_decile,0.05,0.05,8.0,0.1,3672,-0.0010356105392184524,-1.7207590482578086,0.4117647058823529,-0.060751835686483235,-0.09333807767725735,0.19362745098039216,0.12581699346405228,0.016339869281045753,0.6462418300653595,0.017973856209150325,6.15625
f_atr_xs_decile,0.08,0.08,2.0,none,3672,-0.0008777590408738397,-1.7626232325218119,0.40032679738562094,-0.051893597261021496,-0.12193584296434783,0.05228758169934641,0.017973856209150325,0.0,0.9117647058823529,0.017973856209150325,1.8962418300653594
f_atr_xs_decile,0.03,0.05,none,0.08,3672,-0.0013179970171770857,-1.8492832192472899,0.40032679738562094,-0.07302036225509279,-0.11360510664971563,0.2540849673202614,0.48366013071895425,0.026143790849673203,0.0,0.2361111111111111,9.972426470588236
f_atr_xs_decile,none,0.05,4.0,0.08,3672,-0.0012242619141107538,-1.9320324237118005,0.40931372549019607,-0.07002566611309968,-0.10744820126122169,0.12418300653594772,0.0,0.07026143790849673,0.7875816993464052,0.017973856209150325,3.4393382352941178
f_atr_xs_decile,none,0.05,2.0,0.08,3672,-0.001040861698885096,-1.961580648927492,0.40604575163398693,-0.059913371993273956,-0.11827284907394327,0.08823529411764706,0.0,0.05473856209150327,0.8390522875816994,0.017973856209150325,1.80984477124183
f_atr_xs_decile,0.03,0.05,2.0,0.1,3672,-0.0008541447772326026,-1.9620753730351645,0.39705882352941174,-0.049039349793396525,-0.11645224672411789,0.09477124183006536,0.1568627450980392,0.011437908496732025,0.7197712418300654,0.01715686274509804,1.6750408496732025
f_atr_xs_decile,0.08,0.05,4.0,0.08,3672,-0.001258121838088512,-1.9719367987240346,0.40931372549019607,-0.07178614887760226,-0.10825131833787546,0.12418300653594772,0.014705882352941176,0.05555555555555555,0.7875816993464052,0.017973856209150325,3.4393382352941178
f_atr_xs_decile,0.03,0.05,4.0,none,3672,-0.0010167723097569332,-1.974870789119488,0.3946078431372549,-0.057851064649976025,-0.11213806799527892,0.14052287581699346,0.22303921568627452,0.0,0.619281045751634,0.01715686274509804,3.0241013071895426
f_atr_xs_decile,0.08,0.05,2.0,0.08,3672,-0.0010593298006049412,-1.9825324093501953,0.40604575163398693,-0.06091191862042833,-0.1190665396889237,0.08823529411764706,0.013888888888888888,0.04084967320261438,0.8390522875816994,0.017973856209150325,1.80984477124183
f_atr_xs_decile,none,none,none,none,3672,-0.0025410451102507474,-2.0047052742403824,0.42483660130718953,-0.1421831058320604,-0.2153254399658542,0.0,0.0,0.0,0.0,1.0,23.02124183006536
f_atr_xs_decile,none,0.05,8.0,0.08,3672,-0.0013246581546611958,-2.0475931010188315,0.41094771241830064,-0.0753641971252269,-0.10396002429397072,0.1781045751633987,0.0,0.10294117647058823,0.7009803921568627,0.017973856209150325,6.417892156862745
f_atr_xs_decile,none,0.1,4.0,none,3672,-0.0012933985584971182,-2.0883984195727003,0.397875816993464,-0.07251681537927457,-0.09148430148800375,0.042483660130718956,0.0,0.0,0.9387254901960784,0.018790849673202614,3.8194444444444446
f_atr_xs_decile,0.08,0.05,8.0,0.08,3672,-0.0013646032368790496,-2.094459396754022,0.41094771241830064,-0.07741878795071622,-0.10554705921523841,0.1781045751633987,0.017973856209150325,0.08496732026143791,0.7009803921568627,0.017973856209150325,6.417892156862745
f_atr_xs_decile,0.03,0.15,none,none,3672,-0.0020204197390151515,-2.1370269621511775,0.3374183006535948,-0.11113701130917153,-0.14332844964853256,0.05392156862745098,0.5400326797385621,0.0,0.0,0.40604575163398693,13.381535947712418
f_atr_xs_decile,none,0.05,none,0.05,3672,-0.001555766041444709,-2.1384455961222266,0.40441176470588236,-0.08739820669500342,-0.11265121303917625,0.20669934640522875,0.0,0.5253267973856209,0.0,0.2679738562091503,11.37826797385621
f_atr_xs_decile,0.05,0.1,2.0,none,3672,-0.00108890446048926,-2.1820919024010825,0.3946078431372549,-0.06256073438294829,-0.1177267731244849,0.03431372549019608,0.05555555555555555,0.0,0.8921568627450981,0.017973856209150325,1.872753267973856
f_atr_xs_decile,0.03,0.05,8.0,none,3672,-0.0012160546376157582,-2.201616506704165,0.3872549019607843,-0.06878839186506813,-0.0936642507761722,0.1919934640522876,0.3235294117647059,0.0,0.4673202614379085,0.01715686274509804,5.200980392156863
f_atr_xs_decile,none,0.08,8.0,none,3672,-0.0015476233854901864,-2.217195008301766,0.38643790849673204,-0.08707020473826832,-0.11048382447842409,0.09640522875816994,0.0,0.0,0.8848039215686274,0.018790849673202614,7.358251633986928
f_atr_xs_decile,0.08,0.08,4.0,none,3672,-0.0014508795836480656,-2.265861872053433,0.397875816993464,-0.08194117527996125,-0.11810285258103903,0.06944444444444445,0.021241830065359478,0.0,0.8913398692810458,0.017973856209150325,3.7011846405228757
f_atr_xs_decile,0.03,0.05,4.0,0.1,3672,-0.0011680343152570354,-2.28132438454132,0.39133986928104575,-0.065260962087206,-0.1117094536811438,0.12908496732026145,0.22303921568627452,0.011437908496732025,0.619281045751634,0.01715686274509804,3.0241013071895426
f_atr_xs_decile,none,0.15,2.0,none,3672,-0.0010927035669684615,-2.2959831270411617,0.39624183006535946,-0.062020779481106736,-0.11334102723581482,0.013071895424836602,0.0,0.0,0.9681372549019608,0.018790849673202614,1.974264705882353
f_atr_xs_decile,none,0.08,none,0.1,3672,-0.002499980008942443,-2.3242273359930876,0.4264705882352941,-0.13740224734097106,-0.19857297410938515,0.14950980392156862,0.0,0.14052287581699346,0.0,0.7099673202614379,18.794321895424837
f_atr_xs_decile,0.05,0.08,2.0,none,3672,-0.0011567984117303114,-2.3555144668282657,0.39624183006535946,-0.06614007249151665,-0.13222336107155766,0.04820261437908497,0.05473856209150327,0.0,0.8790849673202614,0.017973856209150325,1.8574346405228759
f_atr_xs_decile,0.03,0.1,none,none,3672,-0.002117898411578071,-2.3627139840753384,0.3464052287581699,-0.11462371619345302,-0.14966490831362958,0.10212418300653595,0.5334967320261438,0.0,0.0,0.36437908496732024,12.691380718954248
f_atr_xs_decile,0.05,0.05,4.0,0.08,3672,-0.0014131670597171064,-2.399211093771829,0.40441176470588236,-0.07906373038997172,-0.11606008288633615,0.12254901960784313,0.0718954248366013,0.03758169934640523,0.75,0.017973856209150325,3.3506944444444446
f_atr_xs_decile,none,0.1,8.0,none,3672,-0.001789600418820941,-2.456565578531805,0.37745098039215685,-0.09848331920932396,-0.10919111384570744,0.06535947712418301,0.0,0.0,0.9158496732026143,0.018790849673202614,7.53656045751634
f_atr_xs_decile,0.05,0.05,2.0,0.08,3672,-0.001247352306456819,-2.4586147757402497,0.4027777777777778,-0.0701936032535947,-0.1265808404803361,0.08741830065359477,0.04820261437908497,0.03349673202614379,0.8129084967320261,0.017973856209150325,1.7814542483660132
f_atr_xs_decile,0.08,0.05,none,0.05,3672,-0.0019179736187747692,-2.4622782091286792,0.40441176470588236,-0.10632046192850508,-0.1297713824285716,0.20669934640522875,0.011437908496732025,0.5138888888888888,0.0,0.2679738562091503,11.37826797385621
f_atr_xs_decile,0.03,0.05,8.0,0.1,3672,-0.0013673166431158602,-2.493308558414576,0.3839869281045752,-0.07609874633571545,-0.09370812233262013,0.18055555555555555,0.3235294117647059,0.011437908496732025,0.4673202614379085,0.01715686274509804,5.200980392156863
f_atr_xs_decile,0.03,0.08,none,none,3672,-0.0021469057270488722,-2.5103187090453813,0.3553921568627451,-0.11612540617638378,-0.1431163765932353,0.14133986928104575,0.5261437908496732,0.0,0.0,0.33251633986928103,12.072303921568627
f_atr_xs_decile,0.08,0.08,none,0.1,3672,-0.0028277515918926624,-2.5896307136555152,0.4256535947712418,-0.15271606148603623,-0.20839874207378659,0.14950980392156862,0.07924836601307189,0.09068627450980392,0.0,0.6805555555555556,18.433210784313726
f_atr_xs_decile,none,0.15,none,0.1,3672,-0.003059349892363795,-2.615515130656436,0.40032679738562094,-0.164917546700173,-0.22291644813861797,0.049019607843137254,0.0,0.17647058823529413,0.0,0.7745098039215687,19.893586601307188
f_atr_xs_decile,0.08,0.08,8.0,none,3672,-0.0018813773681386468,-2.628860996034447,0.38562091503267976,-0.10422612321854674,-0.1265450272919007,0.09558823529411764,0.03594771241830065,0.0,0.8504901960784313,0.017973856209150325,7.189746732026144
f_atr_xs_decile,0.03,0.05,2.0,0.08,3672,-0.0011938691728520631,-2.6583120146774943,0.3929738562091503,-0.06626783938645309,-0.12471793079900781,0.08333333333333333,0.1568627450980392,0.02287581699346405,0.7197712418300654,0.01715686274509804,1.6750408496732025
f_atr_xs_decile,0.05,0.05,8.0,0.08,3672,-0.0016339180759638954,-2.688202309265753,0.4035947712418301,-0.09043292616305443,-0.1148485069445459,0.17565359477124182,0.11356209150326797,0.05065359477124183,0.6421568627450981,0.017973856209150325,6.140522875816994
f_atr_xs_decile,0.05,0.08,4.0,none,3672,-0.0016642192585901933,-2.7198561510310744,0.39215686274509803,-0.0922962724438885,-0.12741548451481458,0.06535947712418301,0.08169934640522876,0.0,0.8349673202614379,0.017973856209150325,3.582312091503268
f_atr_xs_decile,0.05,0.05,none,0.05,3672,-0.002067659908337424,-2.753373969501717,0.4035947712418301,-0.11274154080800847,-0.1366443013946131,0.20669934640522875,0.09803921568627451,0.4272875816993464,0.0,0.2679738562091503,11.37826797385621
f_atr_xs_decile,0.05,0.08,none,0.1,3672,-0.0027414725164101876,-2.7587360622027552,0.4133986928104575,-0.14712667741482566,-0.1859031304070212,0.14460784313725492,0.2785947712418301,0.035130718954248366,0.0,0.5416666666666666,16.356821895424837
f_atr_xs_decile,none,none,2.0,none,3672,-0.00135638417510524,-2.7794214843238825,0.3946078431372549,-0.07485217332960259,-0.12165549940925187,0.0,0.0,0.0,0.9812091503267973,0.018790849673202614,1.9852941176470589
f_atr_xs_decile,0.08,0.15,2.0,none,3672,-0.0015861204981622958,-2.8529668575892555,0.3954248366013072,-0.0881586138460565,-0.13695154872753362,0.013071895424836602,0.018790849673202614,0.0,0.9501633986928104,0.017973856209150325,1.9493464052287581
f_atr_xs_decile,none,0.1,none,0.1,3672,-0.0031846367039410775,-2.8534113139563404,0.40931372549019607,-0.16902967152122716,-0.22785792753482234,0.09967320261437909,0.0,0.1576797385620915,0.0,0.7426470588235294,19.4156454248366
f_atr_xs_decile,0.08,0.15,none,0.1,3672,-0.0033871214753140155,-2.8544824102011552,0.39950980392156865,-0.17978816527576724,-0.2344628890663705,0.049019607843137254,0.07924836601307189,0.12663398692810457,0.0,0.7450980392156863,19.532475490196077
f_atr_xs_decile,0.08,0.1,4.0,none,3672,-0.0018596020428253046,-2.8788497215499027,0.3946078431372549,-0.10144408264868299,-0.11869957063056974,0.041666666666666664,0.022058823529411766,0.0,0.9183006535947712,0.017973856209150325,3.7575571895424837
f_atr_xs_decile,0.03,0.1,2.0,none,3672,-0.0013667003303065527,-2.879584612019538,0.38235294117647056,-0.07568877750532121,-0.13362178535749122,0.028594771241830064,0.16176470588235295,0.0,0.7924836601307189,0.01715686274509804,1.7595996732026145
f_atr_xs_decile,0.03,0.05,4.0,0.08,3672,-0.001507758710876496,-2.908336428827097,0.3872549019607843,-0.08216304387912843,-0.11996047583686878,0.11764705882352941,0.22303921568627452,0.02287581699346405,0.619281045751634,0.01715686274509804,3.0241013071895426
f_atr_xs_decile,0.05,0.15,none,0.1,3672,-0.0031362651591855632,-2.9151436221526668,0.3897058823529412,-0.16638841235480795,-0.20904306678261725,0.049019607843137254,0.28022875816993464,0.0661764705882353,0.0,0.6045751633986928,17.432802287581698
f_atr_xs_decile,0.03,0.08,2.0,none,3672,-0.0013651788389747472,-2.938797997452157,0.3839869281045752,-0.07575627700769227,-0.1438837207904595,0.041666666666666664,0.16094771241830066,0.0,0.7802287581699346,0.01715686274509804,1.7453022875816993
f_atr_xs_decile,0.08,0.1,8.0,none,3672,-0.002286753094279859,-3.0376071699952076,0.3758169934640523,-0.12323210047367295,-0.13272606335439993,0.06372549019607843,0.03676470588235294,0.0,0.8815359477124183,0.017973856209150325,7.36437908496732
f_atr_xs_decile,none,0.15,8.0,none,3672,-0.0022664071548255337,-3.072027883764352,0.36764705882352944,-0.12197007702788665,-0.12514666568469768,0.03104575163398693,0.0,0.0,0.9501633986928104,0.018790849673202614,7.743464052287582
f_atr_xs_decile,0.08,0.1,none,0.1,3672,-0.003512408286891296,-3.1030322897930054,0.4084967320261438,-0.18380435449151677,-0.2376570686655484,0.09967320261437909,0.07924836601307189,0.10784313725490197,0.0,0.7132352941176471,19.05453431372549
f_atr_xs_decile,none,0.05,8.0,0.05,3672,-0.0017819303607801576,-3.1352013019544884,0.38235294117647056,-0.09736898461062538,-0.115222740514285,0.119281045751634,0.0,0.32189542483660133,0.5408496732026143,0.017973856209150325,5.6828022875816995
f_atr_xs_decile,none,none,4.0,none,3672,-0.001998341542777645,-3.1357309951050643,0.3929738562091503,-0.10714079755404782,-0.11582516070900041,0.0,0.0,0.0,0.9812091503267973,0.018790849673202614,3.947712418300654
f_atr_xs_decile,0.03,0.15,none,0.1,3672,-0.002872114740040078,-3.170635975732686,0.3300653594771242,-0.15058415479104825,-0.17521315531151568,0.04493464052287582,0.5285947712418301,0.04003267973856209,0.0,0.38643790849673204,13.059436274509803
f_atr_xs_decile,none,0.08,none,0.08,3672,-0.00325490457318484,-3.185775331812907,0.4068627450980392,-0.17061043347460003,-0.21779876792122804,0.12908496732026145,0.0,0.27941176470588236,0.0,0.5915032679738562,17.177083333333332
f_atr_xs_decile,none,0.15,4.0,none,3672,-0.002006720056068021,-3.2509086858767913,0.3937908496732026,-0.10793737164986694,-0.11661398695531655,0.016339869281045753,0.0,0.0,0.9648692810457516,0.018790849673202614,3.9080882352941178
f_atr_xs_decile,0.05,0.1,none,0.1,3672,-0.003343699414501984,-3.251336811003112,0.397875816993464,-0.17450889756293464,-0.20854497672921246,0.09722222222222222,0.28022875816993464,0.04820261437908497,0.0,0.5743464052287581,16.96527777777778
f_atr_xs_decile,0.08,none,2.0,none,3672,-0.0018485578553755163,-3.269547281118707,0.3937908496732026,-0.10057361809930154,-0.14498869433722045,0.0,0.0196078431372549,0.0,0.9624183006535948,0.017973856209150325,1.9597630718954249
f_atr_xs_decile,0.03,0.05,8.0,0.08,3672,-0.0018203538063566304,-3.2880338769005157,0.3790849673202614,-0.0982494157509024,-0.11243216695261132,0.16666666666666666,0.3235294117647059,0.025326797385620915,0.4673202614379085,0.01715686274509804,5.200980392156863
f_atr_xs_decile,0.08,0.08,none,0.08,3672,-0.0033770993499089544,-3.292122790641001,0.4068627450980392,-0.17613110394658327,-0.22261276939757965,0.12908496732026145,0.035130718954248366,0.24428104575163398,0.0,0.5915032679738562,17.177083333333332
f_atr_xs_decile,0.05,0.08,8.0,none,3672,-0.00222460518305169,-3.307715740701095,0.375,-0.12050649581871908,-0.14092567721123173,0.08905228758169935,0.13480392156862744,0.0,0.7581699346405228,0.017973856209150325,6.781658496732026
f_atr_xs_decile,0.05,0.1,4.0,none,3672,-0.0020303757952135496,-3.3271730323287794,0.3888888888888889,-0.10954210285528598,-0.12709016298239872,0.0392156862745098,0.08333333333333333,0.0,0.8594771241830066,0.017973856209150325,3.6317401960784315
f_atr_xs_decile,0.03,0.08,none,0.1,3672,-0.00278847150387241,-3.36174580561863,0.35049019607843135,-0.14601885708197604,-0.16293501000495228,0.12826797385620914,0.5261437908496732,0.013888888888888888,0.0,0.33169934640522875,12.064950980392156
f_atr_xs_decile,none,0.08,2.0,0.1,3672,-0.0017681049918571497,-3.372289439395466,0.39215686274509803,-0.09690895927675269,-0.14501668385050087,0.031862745098039214,0.0,0.03431372549019608,0.9158496732026143,0.017973856209150325,1.8997140522875817
f_atr_xs_decile,0.08,0.05,8.0,0.05,3672,-0.002144137938110218,-3.3893226570973978,0.38235294117647056,-0.11608450169614137,-0.13229329583240354,0.119281045751634,0.011437908496732025,0.3104575163398693,0.5408496732026143,0.017973856209150325,5.6828022875816995
f_atr_xs_decile,0.08,none,none,none,3672,-0.0043022081740482394,-3.4129144852443827,0.4150326797385621,-0.21973790235192703,-0.2847165174029371,0.0,0.119281045751634,0.0,0.0,0.880718954248366,21.62295751633987
f_atr_xs_decile,0.08,0.08,2.0,0.1,3672,-0.001863624474693702,-3.439340974148577,0.39215686274509803,-0.10191519342102717,-0.1503603526977375,0.031862745098039214,0.014705882352941176,0.026143790849673203,0.9093137254901961,0.017973856209150325,1.8899101307189543
f_atr_xs_decile,0.03,0.08,4.0,none,3672,-0.0019565705056343303,-3.4888557194025966,0.37336601307189543,-0.10527681611008799,-0.13653566074179882,0.05800653594771242,0.2312091503267974,0.0,0.6936274509803921,0.01715686274509804,3.2310049019607843
f_atr_xs_decile,0.05,0.15,2.0,none,3672,-0.0018071290593539714,-3.500213450317047,0.39133986928104575,-0.09880714096450571,-0.1411251244118915,0.011437908496732025,0.056372549019607844,0.0,0.9142156862745098,0.017973856209150325,1.9060457516339868
f_atr_xs_decile,none,0.15,none,0.08,3672,-0.0038583240165015794,-3.5159392924674893,0.39869281045751637,-0.19824524532767085,-0.2476064840227139,0.03431372549019608,0.0,0.3292483660130719,0.0,0.636437908496732,17.986315359477125
f_atr_xs_decile,0.05,0.1,8.0,none,3672,-0.0024922297516163736,-3.556038078051417,0.3660130718954248,-0.13271348546651152,-0.13658574062334217,0.06045751633986928,0.136437908496732,0.0,0.7851307189542484,0.017973856209150325,6.936478758169935
f_atr_xs_decile,0.08,0.15,8.0,none,3672,-0.0027496440075451,-3.5991073192655607,0.3660130718954248,-0.14536116443211733,-0.1475489721245486,0.03022875816993464,0.03676470588235294,0.0,0.9150326797385621,0.017973856209150325,7.565359477124183
f_atr_xs_decile,0.08,0.15,none,0.08,3672,-0.003980518793225693,-3.614021168730548,0.39869281045751637,-0.203589500098187,-0.25224470721635533,0.03431372549019608,0.035130718954248366,0.29411764705882354,0.0,0.636437908496732,17.986315359477125
f_atr_xs_decile,none,none,none,0.1,3672,-0.004315759263661295,-3.667794299051698,0.40032679738562094,-0.21987707147991087,-0.26259424499279027,0.0,0.0,0.20915032679738563,0.0,0.7908496732026143,20.22017973856209
f_atr_xs_decile,0.05,0.05,8.0,0.05,3672,-0.002173638766495359,-3.6746393192033513,0.3815359477124183,-0.1166794922851353,-0.13105342661054248,0.119281045751634,0.06699346405228758,0.2549019607843137,0.5408496732026143,0.017973856209150325,5.6828022875816995
f_atr_xs_decile,0.03,0.1,none,0.1,3672,-0.0031879883080644994,-3.692549887551789,0.3382352941176471,-0.1641296081759126,-0.18310938764794055,0.08741830065359477,0.5285947712418301,0.02369281045751634,0.0,0.3602941176470588,12.630106209150327
f_atr_xs_decile,0.03,0.05,none,0.05,3672,-0.002509786738123014,-3.710389857405254,0.3611111111111111,-0.1314274820456829,-0.15262240822553902,0.18709150326797386,0.39705882352941174,0.2181372549019608,0.0,0.1977124183006536,9.232026143790849
f_atr_xs_decile,none,0.08,4.0,0.1,3672,-0.002369124073056474,-3.7141730128644888,0.39052287581699346,-0.12650052822007674,-0.1384410580553577,0.04820261437908497,0.0,0.04330065359477124,0.8905228758169934,0.017973856209150325,3.710171568627451
f_atr_xs_decile,0.05,0.08,none,0.08,3672,-0.00355419729035152,-3.739410834477571,0.39624183006535946,-0.18306857940883137,-0.2141238942327719,0.125,0.2369281045751634,0.13480392156862744,0.0,0.5032679738562091,15.75674019607843
f_atr_xs_decile,0.08,none,4.0,none,3672,-0.002541192876881194,-3.7467538564066376,0.3897058823529412,-0.13406353678644656,-0.14139446820226714,0.0,0.02287581699346405,0.0,0.9591503267973857,0.017973856209150325,3.881331699346405
f_atr_xs_decile,none,0.1,2.0,0.1,3672,-0.0019705778910987567,-3.761818925870605,0.39052287581699346,-0.10664739706055615,-0.1390016261750146,0.018790849673202614,0.0,0.03594771241830065,0.9272875816993464,0.017973856209150325,1.9144199346405228
f_atr_xs_decile,none,0.05,2.0,0.05,3672,-0.0018462824742737126,-3.7894203790330123,0.3897058823529412,-0.09939551362806665,-0.134694599705115,0.0392156862745098,0.0,0.1715686274509804,0.7712418300653595,0.017973856209150325,1.7220179738562091
f_atr_xs_decile,none,0.05,4.0,0.05,3672,-0.002092351836242203,-3.808707617978674,0.38562091503267976,-0.11180646826981444,-0.1285871506872183,0.06944444444444445,0.0,0.22303921568627452,0.6895424836601307,0.017973856209150325,3.196486928104575
f_atr_xs_decile,0.08,0.08,4.0,0.1,3672,-0.002514105207171118,-3.813040211595632,0.3897058823529412,-0.13382737756300556,-0.14604229768961235,0.04820261437908497,0.01715686274509804,0.032679738562091505,0.8839869281045751,0.017973856209150325,3.6870915032679736
f_atr_xs_decile,none,none,8.0,none,3672,-0.002908427614992571,-3.817048541176704,0.36437908496732024,-0.15237175616468956,-0.1537271914123971,0.0,0.0,0.0,0.9812091503267973,0.018790849673202614,7.872549019607843
f_atr_xs_decile,none,0.08,none,0.05,3672,-0.0031439064272720282,-3.819293376577313,0.3897058823529412,-0.1632977214165291,-0.1842050548479292,0.07107843137254902,0.0,0.613562091503268,0.0,0.315359477124183,12.447916666666666
f_atr_xs_decile,0.08,0.1,2.0,0.1,3672,-0.0020660973739353083,-3.822454488916727,0.39052287581699346,-0.11159075594460355,-0.14437432659714328,0.018790849673202614,0.014705882352941176,0.027777777777777776,0.920751633986928,0.017973856209150325,1.9046160130718954
f_atr_xs_decile,none,0.1,none,0.08,3672,-0.0040256203911701385,-3.849305206464329,0.39869281045751637,-0.20434887613338137,-0.24968222216283334,0.0784313725490196,0.0,0.3055555555555556,0.0,0.6160130718954249,17.665441176470587
f_atr_xs_decile,0.08,0.15,4.0,none,3672,-0.0025463744592252777,-3.8608631210864153,0.39052287581699346,-0.13468495125670044,-0.14201062183982052,0.016339869281045753,0.022058823529411766,0.0,0.9436274509803921,0.017973856209150325,3.843954248366013
f_atr_xs_decile,0.08,none,none,0.1,3672,-0.004643530846611514,-3.8932962325771063,0.39950980392156865,-0.2337848319841782,-0.27703943328318004,0.0,0.07924836601307189,0.15931372549019607,0.0,0.761437908496732,19.85906862745098
f_atr_xs_decile,0.05,0.15,none,0.08,3672,-0.00398985596932031,-3.8966973605556214,0.3880718954248366,-0.20284451431849726,-0.2358671562979543,0.03431372549019608,0.23774509803921567,0.18055555555555555,0.0,0.5473856209150327,16.552083333333332
f_atr_xs_decile,0.05,0.08,2.0,0.1,3672,-0.0020264686764470186,-3.914725592668411,0.39052287581699346,-0.10958061375248185,-0.15477391885378874,0.03104575163398693,0.05392156862745098,0.017973856209150325,0.8790849673202614,0.017973856209150325,1.8570261437908497
f_atr_xs_decile,0.05,none,none,none,3672,-0.004407636661981136,-3.9266251537167216,0.39705882352941174,-0.22260731818493484,-0.2613657522880355,0.0,0.3022875816993464,0.0,0.0,0.6977124183006536,18.856209150326798
f_atr_xs_decile,0.08,0.05,2.0,0.05,3672,-0.002208490051603773,-3.937543712062117,0.3897058823529412,-0.11806901184008589,-0.1513894723913622,0.0392156862745098,0.011437908496732025,0.16013071895424835,0.7712418300653595,0.017973856209150325,1.7220179738562091
f_atr_xs_decile,0.08,0.1,none,0.08,3672,-0.004147815167894252,-3.9506109724410625,0.39869281045751637,-0.20965217722221852,-0.2543069110775603,0.0784313725490196,0.035130718954248366,0.2704248366013072,0.0,0.6160130718954249,17.665441176470587
f_atr_xs_decile,none,none,none,0.08,3672,-0.004374482208091317,-3.952308887228602,0.39869281045751637,-0.22082907850994893,-0.26080927636081896,0.0,0.0,0.35130718954248363,0.0,0.6486928104575164,18.15420751633987
f_atr_xs_decile,0.03,0.08,8.0,none,3672,-0.0025150470830793328,-3.9793816041178074,0.35049019607843135,-0.13345294346436565,-0.14233744649595692,0.08006535947712418,0.3374183006535948,0.0,0.565359477124183,0.01715686274509804,5.764297385620915
f_atr_xs_decile,0.08,0.05,4.0,0.05,3672,-0.0024545594135722635,-3.988928151491204,0.38562091503267976,-0.13022263272121037,-0.1453998581676973,0.06944444444444445,0.011437908496732025,0.21160130718954248,0.6895424836601307,0.017973856209150325,3.196486928104575
f_atr_xs_decile,0.08,0.08,none,0.05,3672,-0.003506114004602089,-4.042907648938055,0.3897058823529412,-0.18064624536854956,-0.19994469167760384,0.07107843137254902,0.011437908496732025,0.6021241830065359,0.0,0.315359477124183,12.447916666666666
f_atr_xs_decile,0.08,none,none,0.08,3672,-0.00449667698481543,-4.048614803960821,0.39869281045751637,-0.22602294442059734,-0.26536678877405034,0.0,0.035130718954248366,0.3161764705882353,0.0,0.6486928104575164,18.15420751633987
f_atr_xs_decile,0.05,none,none,0.1,3672,-0.004392674530483062,-4.0494588416919965,0.3897058823529412,-0.22129387787560484,-0.2530103822473389,0.0,0.28022875816993464,0.0988562091503268,0.0,0.6209150326797386,17.7593954248366
f_atr_xs_decile,0.03,none,none,none,3672,-0.003879578310513809,-4.070997772003429,0.3341503267973856,-0.19673148398509088,-0.21658345715607635,0.0,0.5433006535947712,0.0,0.0,0.45669934640522875,14.124795751633988
f_atr_xs_decile,none,0.08,8.0,0.1,3672,-0.0028491287194159815,-4.091379095839598,0.3758169934640523,-0.1499480660306114,-0.16625717353165215,0.07352941176470588,0.0,0.06290849673202614,0.8455882352941176,0.017973856209150325,7.189950980392157
f_atr_xs_decile,0.03,0.15,2.0,none,3672,-0.0019896413967358086,-4.1255934648325105,0.3799019607843137,-0.10673921732176417,-0.15238244943254517,0.008986928104575163,0.1642156862745098,0.0,0.809640522875817,0.01715686274509804,1.7877859477124183
f_atr_xs_decile,0.05,0.05,2.0,0.05,3672,-0.0021176713596555174,-4.187343347270218,0.3888888888888889,-0.11285450877617165,-0.14502771258514802,0.0392156862745098,0.03839869281045752,0.13316993464052287,0.7712418300653595,0.017973856209150325,1.7220179738562091
f_atr_xs_decile,0.03,0.08,2.0,0.1,3672,-0.0019588518954917716,-4.192078407205359,0.3799019607843137,-0.10506973103736694,-0.15316785589970772,0.028594771241830064,0.16094771241830066,0.013071895424836602,0.7802287581699346,0.01715686274509804,1.7453022875816993
f_atr_xs_decile,none,0.08,2.0,0.08,3672,-0.0022754571097459613,-4.2094550193050795,0.39052287581699346,-0.12118675394695244,-0.15789169024538688,0.021241830065359478,0.0,0.06290849673202614,0.8978758169934641,0.017973856209150325,1.8760212418300655
f_atr_xs_decile,0.05,0.08,4.0,0.1,3672,-0.0026101828854364177,-4.214875329460374,0.38643790849673204,-0.13791644122434865,-0.15069728992848702,0.04738562091503268,0.08088235294117647,0.02042483660130719,0.8333333333333334,0.017973856209150325,3.5806781045751634
f_atr_xs_decile,0.08,0.08,2.0,0.08,3672,-0.0022939252114658067,-4.215593623253575,0.39052287581699346,-0.12212149495687885,-0.15865094269781174,0.021241830065359478,0.013888888888888888,0.049019607843137254,0.8978758169934641,0.017973856209150325,1.8760212418300655
f_atr_xs_decile,0.03,0.15,none,0.08,3672,-0.003710797963204913,-4.231594991610858,0.3333333333333333,-0.1875046939751297,-0.20989260827830625,0.032679738562091505,0.5106209150326797,0.09722222222222222,0.0,0.35947712418300654,12.610498366013072
f_atr_xs_decile,0.05,0.05,4.0,0.05,3672,-0.0024308805418296166,-4.248673512597002,0.38480392156862747,-0.12831236369279686,-0.14103481304050128,0.06944444444444445,0.05065359477124183,0.17238562091503268,0.6895424836601307,0.017973856209150325,3.196486928104575
f_atr_xs_decile,none,0.08,4.0,0.08,3672,-0.0027655617493154844,-4.250097517147032,0.3872549019607843,-0.14500891053803266,-0.1562410041947003,0.03758169934640523,0.0,0.08660130718954248,0.8578431372549019,0.017973856209150325,3.633782679738562
f_atr_xs_decile,none,0.15,none,0.05,3672,-0.0035729803514678578,-4.254841701830424,0.3897058823529412,-0.18274915488893018,-0.20969842968266955,0.00980392156862745,0.0,0.6560457516339869,0.0,0.3341503267973856,12.770016339869281
f_atr_xs_decile,0.08,0.08,4.0,0.08,3672,-0.002799421673293243,-4.275137645855097,0.3872549019607843,-0.14663136210977623,-0.15770554043834176,0.03758169934640523,0.014705882352941176,0.0718954248366013,0.8578431372549019,0.017973856209150325,3.633782679738562
f_atr_xs_decile,0.03,0.1,4.0,none,3672,-0.0023906386840815653,-4.291690120861495,0.3700980392156863,-0.1255039298531313,-0.14500854094452975,0.032679738562091505,0.23284313725490197,0.0,0.7173202614379085,0.01715686274509804,3.2777777777777777
f_atr_xs_decile,0.08,0.08,8.0,0.1,3672,-0.0030771504101848703,-4.302925283651974,0.3758169934640523,-0.16075319910464547,-0.17302759140803653,0.07352941176470588,0.028594771241830064,0.04656862745098039,0.8333333333333334,0.017973856209150325,7.1243872549019605
f_atr_xs_decile,0.08,none,8.0,none,3672,-0.0033497688850024033,-4.3061996766472355,0.3627450980392157,-0.17299610770125384,-0.1733489535152554,0.0,0.03758169934640523,0.0,0.9444444444444444,0.017973856209150325,7.6881127450980395
f_atr_xs_decile,0.05,0.1,none,0.08,3672,-0.004213704468015041,-4.311755175970789,0.3880718954248366,-0.2115704278025663,-0.23893603184715392,0.07679738562091504,0.23774509803921567,0.1576797385620915,0.0,0.5277777777777778,16.239174836601308
f_atr_xs_decile,none,none,none,0.05,3672,-0.0036751283081858507,-4.327978457474294,0.3897058823529412,-0.187430446204227,-0.21267269172109815,0.0,0.0,0.6642156862745098,0.0,0.33578431372549017,12.80187908496732
f_atr_xs_decile,0.05,0.08,none,0.05,3672,-0.003655800294164743,-4.332847413904936,0.3888888888888889,-0.1865950517458359,-0.20662972955004844,0.07107843137254902,0.09803921568627451,0.5155228758169934,0.0,0.315359477124183,12.447916666666666
f_atr_xs_decile,0.05,0.1,2.0,0.1,3672,-0.00226979124889124,-4.33884528532065,0.3888888888888889,-0.12119707972362148,-0.1496378142511448,0.017973856209150325,0.05473856209150327,0.018790849673202614,0.8905228758169934,0.017973856209150325,1.8717320261437909
f_atr_xs_decile,0.03,none,none,0.1,3672,-0.00393196360314621,-4.339818903779372,0.3300653594771242,-0.19802861939206506,-0.2132988117114982,0.0,0.5285947712418301,0.06944444444444445,0.0,0.4019607843137255,13.368055555555555
f_atr_xs_decile,0.03,0.05,2.0,0.05,3672,-0.001977527584238277,-4.355305672167118,0.3815359477124183,-0.10542604635897201,-0.1431136890932932,0.0392156862745098,0.14215686274509803,0.09558823529411764,0.7058823529411765,0.01715686274509804,1.6484885620915033
f_atr_xs_decile,0.05,none,none,0.08,3672,-0.004506014160910047,-4.357954056582305,0.3880718954248366,-0.22529663331586547,-0.253855054461568,0.0,0.23774509803921567,0.20261437908496732,0.0,0.559640522875817,16.719975490196077
f_atr_xs_decile,0.03,0.08,none,0.08,3672,-0.003551432284671143,-4.375819299808549,0.33986928104575165,-0.18018236038430469,-0.19644458201928539,0.11356209150326797,0.5089869281045751,0.05800653594771242,0.0,0.3194444444444444,11.865604575163399
f_atr_xs_decile,0.05,none,2.0,none,3672,-0.002275175826923162,-4.384445320266245,0.3897058823529412,-0.12121305695175932,-0.1588256137843321,0.0,0.05718954248366013,0.0,0.9248366013071896,0.017973856209150325,1.9152369281045751
f_atr_xs_decile,0.03,0.1,8.0,none,3672,-0.002892784240499891,-4.428441584110861,0.3415032679738562,-0.15053720934364678,-0.15627707953800607,0.05228758169934641,0.3415032679738562,0.0,0.5890522875816994,0.01715686274509804,5.907271241830065
f_atr_xs_decile,none,0.1,none,0.05,3672,-0.0036846277228313527,-4.451582466125898,0.3897058823529412,-0.18745223532333566,-0.20988723752415883,0.031862745098039214,0.0,0.6437908496732027,0.0,0.3243464052287582,12.669117647058824
f_atr_xs_decile,0.08,0.15,none,0.05,3672,-0.003935187928797918,-4.458599513427714,0.3897058823529412,-0.1996943649404933,-0.22494620705201535,0.00980392156862745,0.011437908496732025,0.6446078431372549,0.0,0.3341503267973856,12.770016339869281
f_atr_xs_decile,0.03,none,2.0,none,3672,-0.0021348985660016744,-4.465718253424705,0.3799019607843137,-0.1137658039131173,-0.15535133386791816,0.0,0.1642156862745098,0.0,0.8186274509803921,0.01715686274509804,1.7957516339869282
f_atr_xs_decile,0.05,0.15,4.0,none,3672,-0.0027617905301218246,-4.497211714301596,0.38480392156862747,-0.1445110839096294,-0.15218504590928367,0.014705882352941176,0.0857843137254902,0.0,0.8815359477124183,0.017973856209150325,3.7120098039215685
f_atr_xs_decile,0.05,0.15,8.0,none,3672,-0.003185897345041251,-4.5052714788309505,0.3553921568627451,-0.16519661199570934,-0.16401956256805159,0.027777777777777776,0.13970588235294118,0.0,0.8145424836601307,0.017973856209150325,7.116625816993464
f_atr_xs_decile,0.08,none,none,0.05,3672,-0.004037335885515911,-4.528927915404475,0.3897058823529412,-0.20427859246549263,-0.22786308481195647,0.0,0.011437908496732025,0.6527777777777778,0.0,0.33578431372549017,12.80187908496732
f_atr_xs_decile,none,0.1,2.0,0.08,3672,-0.0024852619792740606,-4.5586421168569355,0.3897058823529412,-0.13126676343047028,-0.15745328518229285,0.00980392156862745,0.0,0.06535947712418301,0.9068627450980392,0.017973856209150325,1.8841911764705883
f_atr_xs_decile,0.08,0.1,2.0,0.08,3672,-0.0025037300809939056,-4.5634157477135915,0.3897058823529412,-0.1321900353995461,-0.15821220778184603,0.00980392156862745,0.013888888888888888,0.051470588235294115,0.9068627450980392,0.017973856209150325,1.8841911764705883
f_atr_xs_decile,none,0.15,2.0,0.1,3672,-0.0024719816247670474,-4.575260425977292,0.3888888888888889,-0.1310204106670696,-0.16204281371826046,0.004084967320261438,0.0,0.03839869281045752,0.9395424836601307,0.017973856209150325,1.931985294117647
f_atr_xs_decile,0.08,0.15,2.0,0.1,3672,-0.002567501107603599,-4.600230967953909,0.3888888888888889,-0.1358485177420472,-0.16729063756277424,0.004084967320261438,0.014705882352941176,0.03022875816993464,0.9330065359477124,0.017973856209150325,1.9221813725490196
f_atr_xs_decile,none,none,2.0,0.1,3672,-0.0024943374958458896,-4.630353135488873,0.3888888888888889,-0.13213083287506644,-0.1617266951976663,0.0,0.0,0.0392156862745098,0.9428104575163399,0.017973856209150325,1.9330065359477124
f_atr_xs_decile,0.03,0.08,4.0,0.1,3672,-0.002550243562151355,-4.644715592591277,0.369281045751634,-0.13355074769291786,-0.14954042883690308,0.04493464052287582,0.2312091503267974,0.013071895424836602,0.6936274509803921,0.01715686274509804,3.2310049019607843
f_atr_xs_decile,0.08,0.1,none,0.05,3672,-0.0040468353001614134,-4.64554303424584,0.3897058823529412,-0.2042999298001802,-0.22513137210695242,0.031862745098039214,0.011437908496732025,0.6323529411764706,0.0,0.3243464052287582,12.669117647058824
f_atr_xs_decile,0.08,none,2.0,0.1,3672,-0.0025898569786824413,-4.653319781831985,0.3888888888888889,-0.13695277037208797,-0.1669764987785401,0.0,0.014705882352941176,0.03104575163398693,0.9362745098039216,0.017973856209150325,1.923202614379085
f_atr_xs_decile,none,0.15,2.0,0.08,3672,-0.0026351253648179422,-4.708835971553947,0.3897058823529412,-0.138528927835873,-0.16608069125631134,0.0024509803921568627,0.0,0.06699346405228758,0.9125816993464052,0.017973856209150325,1.8923611111111112
f_atr_xs_decile,0.08,0.15,2.0,0.08,3672,-0.0026535934665377877,-4.711204073670096,0.3897058823529412,-0.1394473458298,-0.16683461568805183,0.0024509803921568627,0.013888888888888888,0.05310457516339869,0.9125816993464052,0.017973856209150325,1.8923611111111112
f_atr_xs_decile,0.03,none,none,0.08,3672,-0.0041751530498869704,-4.712154918211486,0.3333333333333333,-0.20816012470499756,-0.22508636605457644,0.0,0.5106209150326797,0.1184640522875817,0.0,0.3709150326797386,12.772058823529411
f_atr_xs_decile,none,0.08,8.0,0.08,3672,-0.0033029330941400517,-4.7136581392723516,0.37254901960784315,-0.1705347561850008,-0.17766779246682973,0.059640522875817,0.0,0.12745098039215685,0.7949346405228758,0.017973856209150325,6.949754901960785
f_atr_xs_decile,0.03,0.1,2.0,0.1,3672,-0.002234854206498084,-4.737359125066815,0.37826797385620914,-0.11830908204954482,-0.15029953292306697,0.015522875816993464,0.16176470588235295,0.013888888888888888,0.7916666666666666,0.01715686274509804,1.7589869281045751
f_atr_xs_decile,0.05,0.08,8.0,0.1,3672,-0.003178963950947152,-4.743029977919663,0.369281045751634,-0.16501368249380066,-0.17300840868910314,0.07107843137254902,0.13316993464052287,0.02287581699346405,0.7549019607843137,0.017973856209150325,6.768995098039215
f_atr_xs_decile,0.05,0.15,none,0.05,3672,-0.004084874218360572,-4.751270678121953,0.3888888888888889,-0.20551323733966342,-0.23113453404152481,0.00980392156862745,0.09803921568627451,0.5580065359477124,0.0,0.3341503267973856,12.770016339869281
f_atr_xs_decile,none,0.1,4.0,0.1,3672,-0.002988117571405998,-4.757035394664272,0.3872549019607843,-0.15483359655743345,-0.15748059003953052,0.02287581699346405,0.0,0.0457516339869281,0.9133986928104575,0.017973856209150325,3.755718954248366
f_atr_xs_decile,0.08,0.08,8.0,0.08,3672,-0.0033827375544525783,-4.777649900384497,0.37254901960784315,-0.1741783850275711,-0.17912680591337404,0.059640522875817,0.018790849673202614,0.10866013071895425,0.7949346405228758,0.017973856209150325,6.949754901960785
f_atr_xs_decile,0.03,0.05,4.0,0.05,3672,-0.002422553839154301,-4.79021600349415,0.37173202614379086,-0.1269020726074349,-0.1445531088719196,0.06862745098039216,0.20261437908496732,0.11683006535947713,0.5947712418300654,0.01715686274509804,2.9607843137254903
f_atr_xs_decile,0.03,0.05,8.0,0.05,3672,-0.0026010251477738746,-4.792947579677183,0.3619281045751634,-0.13587035898774336,-0.1447474694980964,0.11519607843137254,0.2834967320261438,0.15441176470588236,0.4297385620915033,0.01715686274509804,5.015522875816994
f_atr_xs_decile,none,none,2.0,0.08,3672,-0.0026890932106772513,-4.8024270321467215,0.3897058823529412,-0.14112185731106341,-0.16859069307232125,0.0,0.0,0.06862745098039216,0.9133986928104575,0.017973856209150325,1.8927696078431373
f_atr_xs_decile,0.08,none,2.0,0.08,3672,-0.002707561312397096,-4.804254084504709,0.3897058823529412,-0.14203751097178852,-0.16934234827768296,0.0,0.013888888888888888,0.05473856209150327,0.9133986928104575,0.017973856209150325,1.8927696078431373
f_atr_xs_decile,0.05,none,none,0.05,3672,-0.004187022175078565,-4.818809295845103,0.3888888888888889,-0.21006567185697844,-0.23402948652187516,0.0,0.09803921568627451,0.5661764705882353,0.0,0.33578431372549017,12.80187908496732
f_atr_xs_decile,0.08,0.1,4.0,0.1,3672,-0.003133098705520641,-4.830114473653109,0.38643790849673204,-0.16190978473608508,-0.16488576436775693,0.02287581699346405,0.01715686274509804,0.035130718954248366,0.9068627450980392,0.017973856209150325,3.732638888888889
f_atr_xs_decile,0.05,0.08,2.0,0.08,3672,-0.002529772481918049,-4.838439174008188,0.3872549019607843,-0.1331506703043679,-0.16816015222762257,0.02042483660130719,0.049019607843137254,0.04084967320261438,0.8717320261437909,0.017973856209150325,1.8474264705882353
f_atr_xs_decile,none,0.08,2.0,0.05,3672,-0.002365809442675865,-4.840500178422049,0.3897058823529412,-0.12443067260133744,-0.14704751117469778,0.0008169934640522876,0.0,0.18382352941176472,0.7973856209150327,0.017973856209150325,1.7438725490196079
f_atr_xs_decile,0.05,none,4.0,none,3672,-0.0030077044534032125,-4.850732680123399,0.3831699346405229,-0.1556217132674942,-0.16319600998115721,0.0,0.08741830065359477,0.0,0.8946078431372549,0.017973856209150325,3.7434640522875817
f_atr_xs_decile,none,none,2.0,0.05,3672,-0.002373042902594747,-4.856916021078242,0.3897058823529412,-0.12476664007743643,-0.14737480027212935,0.0,0.0,0.18382352941176472,0.798202614379085,0.017973856209150325,1.7438725490196079
f_atr_xs_decile,none,0.1,2.0,0.05,3672,-0.002373042902594747,-4.856916021078242,0.3897058823529412,-0.12476664007743643,-0.14737480027212935,0.0,0.0,0.18382352941176472,0.798202614379085,0.017973856209150325,1.7438725490196079
f_atr_xs_decile,none,0.15,2.0,0.05,3672,-0.002373042902594747,-4.856916021078242,0.3897058823529412,-0.12476664007743643,-0.14737480027212935,0.0,0.0,0.18382352941176472,0.798202614379085,0.017973856209150325,1.7438725490196079
f_atr_xs_decile,0.08,0.08,2.0,0.05,3672,-0.0027280170200059254,-4.85740110999053,0.3897058823529412,-0.14258508168666495,-0.16350405149387665,0.0008169934640522876,0.011437908496732025,0.17238562091503268,0.7973856209150327,0.017973856209150325,1.7438725490196079
f_atr_xs_decile,none,0.08,8.0,0.05,3672,-0.0029676857592223094,-4.869416282569921,0.37663398692810457,-0.1538316241627785,-0.1550928263114384,0.025326797385620915,0.0,0.36356209150326796,0.5931372549019608,0.017973856209150325,5.946895424836601
f_atr_xs_decile,0.03,0.1,none,0.08,3672,-0.004089562342554436,-4.871537439732472,0.3333333333333333,-0.20353729471017135,-0.21928585439984227,0.07026143790849673,0.5106209150326797,0.07761437908496732,0.0,0.3415032679738562,12.316380718954248
f_atr_xs_decile,0.08,none,2.0,0.05,3672,-0.0027352504799248076,-4.871548509445404,0.3897058823529412,-0.14291408307703046,-0.16382502600016932,0.0,0.011437908496732025,0.17238562091503268,0.798202614379085,0.017973856209150325,1.7438725490196079
f_atr_xs_decile,0.08,0.1,2.0,0.05,3672,-0.0027352504799248076,-4.871548509445404,0.3897058823529412,-0.14291408307703046,-0.16382502600016932,0.0,0.011437908496732025,0.17238562091503268,0.798202614379085,0.017973856209150325,1.7438725490196079
f_atr_xs_decile,0.08,0.15,2.0,0.05,3672,-0.0027352504799248076,-4.871548509445404,0.3897058823529412,-0.14291408307703046,-0.16382502600016932,0.0,0.011437908496732025,0.17238562091503268,0.798202614379085,0.017973856209150325,1.7438725490196079
f_atr_xs_decile,0.05,0.08,4.0,0.08,3672,-0.0030125040778228545,-4.9182191958571355,0.38235294117647056,-0.15608040003037094,-0.16745680037953514,0.03676470588235294,0.0727124183006536,0.05310457516339869,0.8194444444444444,0.017973856209150325,3.544730392156863
f_atr_xs_decile,0.05,0.1,none,0.05,3672,-0.004196521589724067,-4.949616881611824,0.3888888888888889,-0.21008654019445527,-0.23161551044234294,0.031862745098039214,0.09803921568627451,0.545751633986928,0.0,0.3243464052287582,12.669117647058824
f_atr_xs_decile,none,none,8.0,0.1,3672,-0.0035719107993840505,-4.965475439562691,0.3602941176470588,-0.1827761734279746,-0.18442527118070137,0.0,0.0,0.08006535947712418,0.9019607843137255,0.017973856209150325,7.477941176470588
f_atr_xs_decile,none,0.1,8.0,0.1,3672,-0.0035423934497878,-4.968611674185369,0.3660130718954248,-0.18084604070054067,-0.18107153676738447,0.04330065359477124,0.0,0.06944444444444445,0.869281045751634,0.017973856209150325,7.332107843137255
f_atr_xs_decile,0.08,0.08,8.0,0.05,3672,-0.0033298933365523697,-4.981634798132248,0.37663398692810457,-0.1713764220095194,-0.1713941433858731,0.025326797385620915,0.011437908496732025,0.352124183006536,0.5931372549019608,0.017973856209150325,5.946895424836601
f_atr_xs_decile,0.03,0.15,8.0,none,3672,-0.0033240530568854052,-5.02100114723809,0.3333333333333333,-0.17063812360478303,-0.17176869737701853,0.024509803921568627,0.34558823529411764,0.0,0.6127450980392157,0.01715686274509804,6.051470588235294
f_atr_xs_decile,0.03,0.08,8.0,0.1,3672,-0.0031087201395963576,-5.05462493463748,0.3464052287581699,-0.16077988392748543,-0.1625492269376913,0.06699346405228758,0.3374183006535948,0.013071895424836602,0.565359477124183,0.01715686274509804,5.764297385620915
f_atr_xs_decile,none,0.08,4.0,0.05,3672,-0.002886586091638703,-5.08600110394477,0.3839869281045752,-0.14939770897386784,-0.161098501038757,0.012254901960784314,0.0,0.24591503267973855,0.7238562091503268,0.017973856209150325,3.281045751633987
f_atr_xs_decile,0.03,0.08,2.0,0.08,3672,-0.00238703695434703,-5.10776087772823,0.37826797385620914,-0.12539806925421615,-0.1646373776996388,0.0196078431372549,0.16013071895424835,0.02696078431372549,0.7761437908496732,0.01715686274509804,1.7395833333333333
f_atr_xs_decile,none,0.15,8.0,0.1,3672,-0.003702418198620937,-5.142612125611284,0.3602941176470588,-0.1881282424081726,-0.18834602171279577,0.02042483660130719,0.0,0.07679738562091504,0.8848039215686274,0.017973856209150325,7.424019607843137
f_atr_xs_decile,0.08,0.08,4.0,0.05,3672,-0.003248793668968764,-5.150678249170054,0.3839869281045752,-0.1670344414141014,-0.17728394691334304,0.012254901960784314,0.011437908496732025,0.23447712418300654,0.7238562091503268,0.017973856209150325,3.281045751633987
f_atr_xs_decile,0.08,none,8.0,0.1,3672,-0.00379993249015294,-5.157562147013436,0.3602941176470588,-0.19316335792347572,-0.19172721974660728,0.0,0.028594771241830064,0.06372549019607843,0.8897058823529411,0.017973856209150325,7.412377450980392
f_atr_xs_decile,0.05,0.15,2.0,0.1,3672,-0.0026900669602550374,-5.159798365608939,0.3880718954248366,-0.14112733747575512,-0.16847689654897072,0.004084967320261438,0.05473856209150327,0.02042483660130719,0.9027777777777778,0.017973856209150325,1.889093137254902
f_atr_xs_decile,0.08,0.1,8.0,0.1,3672,-0.0037704151405566896,-5.160306548479662,0.3660130718954248,-0.19125939898684752,-0.18981987183633378,0.04330065359477124,0.028594771241830064,0.05310457516339869,0.8570261437908496,0.017973856209150325,7.266544117647059
f_atr_xs_decile,0.05,none,8.0,none,3672,-0.0037309829045580173,-5.180044235092493,0.352124183006536,-0.1897762893568331,-0.18863389658676163,0.0,0.14133986928104575,0.0,0.8406862745098039,0.017973856209150325,7.22140522875817
f_atr_xs_decile,0.05,0.08,2.0,0.05,3672,-0.0026371983280576703,-5.201348068742519,0.3888888888888889,-0.13752257636055754,-0.15723952089052357,0.0008169934640522876,0.03839869281045752,0.1454248366013072,0.7973856209150327,0.017973856209150325,1.7438725490196079
f_atr_xs_decile,0.03,0.08,none,0.05,3672,-0.0039099531043742565,-5.2035672228230725,0.3488562091503268,-0.19538198317476918,-0.21417711817092772,0.06454248366013073,0.397875816993464,0.2949346405228758,0.0,0.2426470588235294,10.235702614379084
f_atr_xs_decile,0.05,none,2.0,0.05,3672,-0.002644431787976552,-5.217364933349468,0.3888888888888889,-0.13785352030085474,-0.15756289917966904,0.0,0.03839869281045752,0.1454248366013072,0.798202614379085,0.017973856209150325,1.7438725490196079
f_atr_xs_decile,0.05,0.1,2.0,0.05,3672,-0.002644431787976552,-5.217364933349468,0.3888888888888889,-0.13785352030085474,-0.15756289917966904,0.0,0.03839869281045752,0.1454248366013072,0.798202614379085,0.017973856209150325,1.7438725490196079
f_atr_xs_decile,0.05,0.15,2.0,0.05,3672,-0.002644431787976552,-5.217364933349468,0.3888888888888889,-0.13785352030085474,-0.15756289917966904,0.0,0.03839869281045752,0.1454248366013072,0.798202614379085,0.017973856209150325,1.7438725490196079
f_atr_xs_decile,0.05,none,2.0,0.1,3672,-0.00271242283133388,-5.221005269514852,0.3880718954248366,-0.14222335443542589,-0.16816189437493667,0.0,0.05473856209150327,0.021241830065359478,0.9060457516339869,0.017973856209150325,1.8901143790849673
f_atr_xs_decile,0.05,0.1,2.0,0.08,3672,-0.0027982193267547897,-5.2254413697279665,0.38562091503267976,-0.14588153942362958,-0.1685211944717422,0.008986928104575163,0.049836601307189546,0.042483660130718956,0.880718954248366,0.017973856209150325,1.8555964052287581
f_atr_xs_decile,none,none,4.0,0.1,3672,-0.003330151282703171,-5.230926325213518,0.3839869281045752,-0.170568963545904,-0.1731666751189152,0.0,0.0,0.05065359477124183,0.9313725490196079,0.017973856209150325,3.809436274509804
f_atr_xs_decile,none,0.1,4.0,0.08,3672,-0.003363897684126605,-5.260823135150143,0.38562091503267976,-0.17203284314913392,-0.17784074199657743,0.013888888888888888,0.0,0.08986928104575163,0.8782679738562091,0.017973856209150325,3.667687908496732
f_atr_xs_decile,none,none,4.0,0.08,3672,-0.0034634481777398606,-5.263097387625197,0.38562091503267976,-0.176550208053043,-0.18232641917205214,0.0,0.0,0.09477124183006536,0.8872549019607843,0.017973856209150325,3.6946486928104574
f_atr_xs_decile,0.08,none,4.0,0.1,3672,-0.003475132416817815,-5.272615630560454,0.3831699346405229,-0.17754165897941543,-0.18046213129396815,0.0,0.01715686274509804,0.04003267973856209,0.9248366013071896,0.017973856209150325,3.786356209150327
f_atr_xs_decile,0.08,0.1,4.0,0.08,3672,-0.0033977576081043633,-5.279589246037814,0.38562091503267976,-0.1736046232248789,-0.17926839255398402,0.013888888888888888,0.014705882352941176,0.07516339869281045,0.8782679738562091,0.017973856209150325,3.667687908496732
f_atr_xs_decile,0.08,none,4.0,0.08,3672,-0.003497308101717619,-5.280508439583905,0.38562091503267976,-0.17811614457766323,-0.1837489938205921,0.0,0.014705882352941176,0.08006535947712418,0.8872549019607843,0.017973856209150325,3.6946486928104574
f_atr_xs_decile,0.05,0.08,8.0,0.05,3672,-0.003359394164937511,-5.323354155948952,0.3758169934640523,-0.17196524962390847,-0.17306112099143842,0.025326797385620915,0.06699346405228758,0.2965686274509804,0.5931372549019608,0.017973856209150325,5.946895424836601
f_atr_xs_decile,0.08,0.15,8.0,0.1,3672,-0.0039304398893898265,-5.325798801101159,0.3602941176470588,-0.19845733013776523,-0.197030615027733,0.02042483660130719,0.028594771241830064,0.06045751633986928,0.8725490196078431,0.017973856209150325,7.358455882352941
f_atr_xs_decile,none,0.15,4.0,0.08,3672,-0.0035127958542213664,-5.35133871217437,0.38562091503267976,-0.17871592904608347,-0.18447694839286433,0.004901960784313725,0.0,0.09313725490196079,0.8839869281045751,0.017973856209150325,3.690563725490196
f_atr_xs_decile,0.08,0.15,4.0,0.08,3672,-0.0035466557781991255,-5.368199425146005,0.38562091503267976,-0.1802777470662863,-0.18589578158708475,0.004901960784313725,0.014705882352941176,0.0784313725490196,0.8839869281045751,0.017973856209150325,3.690563725490196
f_atr_xs_decile,0.05,0.1,4.0,0.1,3672,-0.0033023920142771133,-5.370026117855957,0.3831699346405229,-0.16923586177206118,-0.17260558719250765,0.022058823529411766,0.08251633986928104,0.021241830065359478,0.8562091503267973,0.017973856209150325,3.6262254901960786
f_atr_xs_decile,0.05,0.15,2.0,0.08,3672,-0.002885122796397579,-5.384539900146992,0.38562091503267976,-0.14990059174992265,-0.1740028143274426,0.0024509803921568627,0.049836601307189546,0.04330065359477124,0.886437908496732,0.017973856209150325,1.863562091503268
f_atr_xs_decile,none,0.15,4.0,0.1,3672,-0.0034428525838148213,-5.410188867608048,0.3839869281045752,-0.17558314852143553,-0.1781651560687138,0.007352941176470588,0.0,0.049836601307189546,0.9248366013071896,0.017973856209150325,3.7994281045751634
f_atr_xs_decile,0.03,0.15,2.0,0.1,3672,-0.0025540310659720998,-5.427986337124519,0.37745098039215685,-0.13364491414872726,-0.16462741176626922,0.004084967320261438,0.16176470588235295,0.014705882352941176,0.8022875816993464,0.01715686274509804,1.7751225490196079
f_atr_xs_decile,0.03,none,4.0,none,3672,-0.002981319096597264,-5.431844260802231,0.3660130718954248,-0.1532819508402642,-0.16311147313459146,0.0,0.2361111111111111,0.0,0.7467320261437909,0.01715686274509804,3.3715277777777777
f_atr_xs_decile,0.08,0.15,4.0,0.1,3672,-0.0035878337179294645,-5.445956379478289,0.3831699346405229,-0.18251379826123204,-0.18541661497623355,0.007352941176470588,0.01715686274509804,0.0392156862745098,0.9183006535947712,0.017973856209150325,3.7763480392156863
f_atr_xs_decile,0.03,0.08,4.0,0.08,3672,-0.0029778328828374604,-5.459156189276496,0.3668300653594771,-0.15318793898254435,-0.16682418607712304,0.03594771241830065,0.2295751633986928,0.03022875816993464,0.6870915032679739,0.01715686274509804,3.213643790849673
f_atr_xs_decile,0.05,0.08,4.0,0.05,3672,-0.0032251147972261174,-5.474276539855993,0.3831699346405229,-0.1652153381139264,-0.17656082705169546,0.012254901960784314,0.05065359477124183,0.19526143790849673,0.7238562091503268,0.017973856209150325,3.281045751633987
f_atr_xs_decile,0.03,0.08,2.0,0.05,3672,-0.00249705455264043,-5.477704838251693,0.3815359477124183,-0.1303029913277618,-0.15535282429645877,0.0008169934640522876,0.14215686274509803,0.10784313725490197,0.7320261437908496,0.01715686274509804,1.670343137254902
f_atr_xs_decile,0.05,none,2.0,0.08,3672,-0.002939090642256887,-5.482218567947624,0.38562091503267976,-0.15245952386502248,-0.17648919498467716,0.0,0.049836601307189546,0.04493464052287582,0.8872549019607843,0.017973856209150325,1.8639705882352942
f_atr_xs_decile,0.03,0.15,none,0.05,3672,-0.004195701486788317,-5.489427855034759,0.3488562091503268,-0.20786779749831386,-0.2322032591510487,0.008986928104575163,0.397875816993464,0.33251633986928103,0.0,0.26062091503267976,10.545343137254902
f_atr_xs_decile,0.03,none,2.0,0.05,3672,-0.002504288012559311,-5.494608084625762,0.3815359477124183,-0.13063754360617563,-0.15567774048482083,0.0,0.14215686274509803,0.10784313725490197,0.7328431372549019,0.01715686274509804,1.670343137254902
f_atr_xs_decile,0.03,0.1,2.0,0.05,3672,-0.002504288012559311,-5.494608084625762,0.3815359477124183,-0.13063754360617563,-0.15567774048482083,0.0,0.14215686274509803,0.10784313725490197,0.7328431372549019,0.01715686274509804,1.670343137254902
f_atr_xs_decile,0.03,0.15,2.0,0.05,3672,-0.002504288012559311,-5.494608084625762,0.3815359477124183,-0.13063754360617563,-0.15567774048482083,0.0,0.14215686274509803,0.10784313725490197,0.7328431372549019,0.01715686274509804,1.670343137254902
f_atr_xs_decile,0.03,none,2.0,0.1,3672,-0.0025763869370509416,-5.495083029213523,0.37745098039215685,-0.13475326043981484,-0.16431453913985788,0.0,0.16176470588235295,0.015522875816993464,0.8055555555555556,0.01715686274509804,1.776143790849673
f_atr_xs_decile,none,0.15,8.0,0.08,3672,-0.003961147665202116,-5.501184861499981,0.3700980392156863,-0.19939168931164164,-0.19837928149998638,0.013071895424836602,0.0,0.14624183006535948,0.8227124183006536,0.017973856209150325,7.118055555555555
f_atr_xs_decile,0.03,0.15,4.0,none,3672,-0.0030250938206472532,-5.5043885223226985,0.3660130718954248,-0.155272575380192,-0.16507898857897774,0.012254901960784314,0.2361111111111111,0.0,0.7344771241830066,0.01715686274509804,3.343137254901961
f_atr_xs_decile,0.03,none,none,0.05,3672,-0.0042914484975628804,-5.538886636277458,0.3488562091503268,-0.21214031535951938,-0.23391655807576064,0.0,0.397875816993464,0.33986928104575165,0.0,0.2622549019607843,10.573529411764707
f_atr_xs_decile,none,none,8.0,0.08,3672,-0.004010915217926818,-5.548070989836946,0.3700980392156863,-0.2019694631536343,-0.20096031506129416,0.0,0.0,0.1527777777777778,0.829248366013072,0.017973856209150325,7.142769607843137
f_atr_xs_decile,0.03,none,8.0,none,3672,-0.003656789392282307,-5.551835765131983,0.33169934640522875,-0.18593960556898392,-0.1870493205886322,0.0,0.34558823529411764,0.0,0.6372549019607843,0.01715686274509804,6.147467320261438
f_atr_xs_decile,0.08,0.15,8.0,0.08,3672,-0.0040409521255146425,-5.553092026933803,0.3700980392156863,-0.20291779613570804,-0.2017803941586332,0.013071895424836602,0.018790849673202614,0.12745098039215685,0.8227124183006536,0.017973856209150325,7.118055555555555
f_atr_xs_decile,0.05,none,8.0,0.1,3672,-0.003824136255504498,-5.560109477782191,0.3545751633986928,-0.1937404941842007,-0.19090182038282721,0.0,0.13480392156862744,0.03758169934640523,0.809640522875817,0.017973856209150325,7.053717320261438
f_atr_xs_decile,none,0.1,8.0,0.05,3672,-0.003340002424341712,-5.560413525902938,0.37663398692810457,-0.1704881306749454,-0.17172450653323312,0.004901960784313725,0.0,0.3741830065359477,0.6029411764705882,0.017973856209150325,5.984477124183006
f_atr_xs_decile,0.03,0.1,2.0,0.08,3672,-0.0026554837991837705,-5.5629972907401966,0.37663398692810457,-0.13820767926910127,-0.16572276482313378,0.008169934640522876,0.16094771241830066,0.028594771241830064,0.7851307189542484,0.01715686274509804,1.747753267973856
f_atr_xs_decile,0.05,0.08,8.0,0.08,3672,-0.0037243869620593563,-5.5878704721879116,0.36519607843137253,-0.18904942160047078,-0.1919474833997533,0.05718954248366013,0.11519607843137254,0.07352941176470588,0.7361111111111112,0.017973856209150325,6.670955882352941
f_atr_xs_decile,0.08,none,8.0,0.08,3672,-0.004090719678239344,-5.599663978684761,0.3700980392156863,-0.20548421672816009,-0.20435047692274297,0.0,0.018790849673202614,0.13398692810457516,0.829248366013072,0.017973856209150325,7.142769607843137
f_atr_xs_decile,0.05,0.1,8.0,0.1,3672,-0.003875746928212741,-5.606549943764337,0.35947712418300654,-0.19561150231589597,-0.1927794159491229,0.042483660130718956,0.13480392156862744,0.027777777777777776,0.7769607843137255,0.017973856209150325,6.908088235294118
f_atr_xs_decile,0.08,0.1,8.0,0.05,3672,-0.0037022100016717726,-5.608551527963192,0.37663398692810457,-0.18768756576891266,-0.1877049383066321,0.004901960784313725,0.011437908496732025,0.3627450980392157,0.6029411764705882,0.017973856209150325,5.984477124183006
f_atr_xs_decile,none,0.15,8.0,0.05,3672,-0.0034071583461776126,-5.637626184862057,0.37663398692810457,-0.17367027417746106,-0.17490190709529232,0.0008169934640522876,0.0,0.37663398692810457,0.6045751633986928,0.017973856209150325,5.988357843137255
f_atr_xs_decile,0.08,none,4.0,0.05,3672,-0.0034943015810921163,-5.641629311439656,0.3839869281045752,-0.17785381217834995,-0.18733649098932945,0.0,0.011437908496732025,0.238562091503268,0.7320261437908496,0.017973856209150325,3.286968954248366
f_atr_xs_decile,0.08,0.1,4.0,0.05,3672,-0.0034943015810921163,-5.641629311439656,0.3839869281045752,-0.17785381217834995,-0.18733649098932945,0.0,0.011437908496732025,0.238562091503268,0.7320261437908496,0.017973856209150325,3.286968954248366
f_atr_xs_decile,0.08,0.15,4.0,0.05,3672,-0.0034943015810921163,-5.641629311439656,0.3839869281045752,-0.17785381217834995,-0.18733649098932945,0.0,0.011437908496732025,0.238562091503268,0.7320261437908496,0.017973856209150325,3.286968954248366
f_atr_xs_decile,none,none,4.0,0.05,3672,-0.0031320940037620564,-5.6420605165188755,0.3839869281045752,-0.16044616285610802,-0.1713488106833538,0.0,0.0,0.25,0.7320261437908496,0.017973856209150325,3.286968954248366
f_atr_xs_decile,none,0.1,4.0,0.05,3672,-0.0031320940037620564,-5.6420605165188755,0.3839869281045752,-0.16044616285610802,-0.1713488106833538,0.0,0.0,0.25,0.7320261437908496,0.017973856209150325,3.286968954248366
f_atr_xs_decile,none,0.15,4.0,0.05,3672,-0.0031320940037620564,-5.6420605165188755,0.3839869281045752,-0.16044616285610802,-0.1713488106833538,0.0,0.0,0.25,0.7320261437908496,0.017973856209150325,3.286968954248366
f_atr_xs_decile,0.03,0.15,2.0,0.08,3672,-0.0027121282516394387,-5.667434753455466,0.37663398692810457,-0.14088524075041775,-0.1698903908744524,0.0024509803921568627,0.16094771241830066,0.029411764705882353,0.7900326797385621,0.01715686274509804,1.755106209150327
f_atr_xs_decile,none,0.1,8.0,0.08,3672,-0.003970719228914598,-5.675583137999948,0.3700980392156863,-0.19957545488809691,-0.19856327945687352,0.03022875816993464,0.0,0.13970588235294118,0.8120915032679739,0.017973856209150325,7.060866013071895
f_atr_xs_decile,0.08,0.15,8.0,0.05,3672,-0.003769365923507673,-5.682499595973571,0.37663398692810457,-0.19080372941911383,-0.19082103531293088,0.0008169934640522876,0.011437908496732025,0.36519607843137253,0.6045751633986928,0.017973856209150325,5.988357843137255
f_atr_xs_decile,none,none,8.0,0.05,3672,-0.003430419965640212,-5.685756242582054,0.37663398692810457,-0.1746848152749445,-0.17591493603343658,0.0,0.0,0.37745098039215685,0.6045751633986928,0.017973856209150325,5.988562091503268
f_atr_xs_decile,0.08,none,8.0,0.05,3672,-0.0037926275429702727,-5.725783145357317,0.37663398692810457,-0.19179723461054043,-0.1918145192567369,0.0,0.011437908496732025,0.3660130718954248,0.6045751633986928,0.017973856209150325,5.988562091503268
f_atr_xs_decile,0.08,0.1,8.0,0.08,3672,-0.0040505236892271245,-5.727201650249497,0.3700980392156863,-0.20309809776500143,-0.20196095307058656,0.03022875816993464,0.018790849673202614,0.12091503267973856,0.8120915032679739,0.017973856209150325,7.060866013071895
f_atr_xs_decile,0.03,none,8.0,0.1,3672,-0.0036718247515629947,-5.729306591989096,0.33169934640522875,-0.18628540633926471,-0.18568412437974338,0.0,0.33986928104575165,0.025326797385620915,0.6176470588235294,0.01715686274509804,6.035334967320262
f_atr_xs_decile,0.05,0.15,8.0,0.1,3672,-0.003954643654741385,-5.749366211505994,0.3545751633986928,-0.1990173777580294,-0.19619728277779952,0.02042483660130719,0.13480392156862744,0.03431372549019608,0.7924836601307189,0.017973856209150325,6.999795751633987
f_atr_xs_decile,0.03,0.1,none,0.05,3672,-0.004356478954474519,-5.7656690487833595,0.3488562091503268,-0.21463425393331892,-0.2350457740597213,0.028594771241830064,0.397875816993464,0.32189542483660133,0.0,0.25163398692810457,10.45016339869281
f_atr_xs_decile,0.03,none,2.0,0.08,3672,-0.002766096097498747,-5.77575720447098,0.37663398692810457,-0.14347119591352953,-0.17238903986931076,0.0,0.16094771241830066,0.03104575163398693,0.7908496732026143,0.01715686274509804,1.755514705882353
f_atr_xs_decile,0.05,none,4.0,0.1,3672,-0.0035632977032697935,-5.842828368472302,0.380718954248366,-0.18085952456955412,-0.1841821023698699,0.0,0.08251633986928104,0.025326797385620915,0.8741830065359477,0.017973856209150325,3.679738562091503
f_atr_xs_decile,0.03,0.15,8.0,0.1,3672,-0.003742361353970511,-5.882154746589618,0.33169934640522875,-0.18884720667518096,-0.188247817718855,0.0196078431372549,0.33986928104575165,0.022058823529411766,0.6013071895424836,0.01715686274509804,5.9838643790849675
f_atr_xs_decile,0.05,0.1,8.0,0.05,3672,-0.003731710830056913,-5.9972420743311154,0.3758169934640523,-0.18826908633495654,-0.18934338021697109,0.004901960784313725,0.06699346405228758,0.30718954248366015,0.6029411764705882,0.017973856209150325,5.984477124183006
f_atr_xs_decile,0.05,none,4.0,0.05,3672,-0.0034706227093494694,-6.0119572280548015,0.3831699346405229,-0.17606358917048415,-0.18662739139707768,0.0,0.05065359477124183,0.19934640522875818,0.7320261437908496,0.017973856209150325,3.286968954248366
f_atr_xs_decile,0.05,0.1,4.0,0.05,3672,-0.0034706227093494694,-6.0119572280548015,0.3831699346405229,-0.17606358917048415,-0.18662739139707768,0.0,0.05065359477124183,0.19934640522875818,0.7320261437908496,0.017973856209150325,3.286968954248366
f_atr_xs_decile,0.05,0.15,4.0,0.05,3672,-0.0034706227093494694,-6.0119572280548015,0.3831699346405229,-0.17606358917048415,-0.18662739139707768,0.0,0.05065359477124183,0.19934640522875818,0.7320261437908496,0.017973856209150325,3.286968954248366
f_atr_xs_decile,0.05,0.15,4.0,0.1,3672,-0.0036759990043814437,-6.026464826499093,0.380718954248366,-0.18581718824142635,-0.1891196568861679,0.007352941176470588,0.08251633986928104,0.024509803921568627,0.8676470588235294,0.017973856209150325,3.669730392156863
f_atr_xs_decile,0.03,0.1,4.0,0.1,3672,-0.0032587925602730965,-6.026796956160676,0.3660130718954248,-0.1657731553934747,-0.1713731601277395,0.0196078431372549,0.23284313725490197,0.013888888888888888,0.7165032679738562,0.01715686274509804,3.275531045751634
f_atr_xs_decile,0.05,none,4.0,0.08,3672,-0.0037060725656547803,-6.045863315235425,0.3799019607843137,-0.18686693636080964,-0.19285063023767746,0.0,0.07352941176470588,0.059640522875817,0.8488562091503268,0.017973856209150325,3.605392156862745
f_atr_xs_decile,0.05,0.1,4.0,0.08,3672,-0.0036694819879426166,-6.04843248703483,0.3799019607843137,-0.18541559801084206,-0.19140997201472265,0.013071895424836602,0.07352941176470588,0.05555555555555555,0.8398692810457516,0.017973856209150325,3.5786356209150325
f_atr_xs_decile,0.05,0.15,8.0,0.05,3672,-0.0037988667518928138,-6.0668429069919325,0.3758169934640523,-0.19138787434078874,-0.1924580406297579,0.0008169934640522876,0.06699346405228758,0.309640522875817,0.6045751633986928,0.017973856209150325,5.988357843137255
f_atr_xs_decile,0.03,0.1,8.0,0.1,3672,-0.003824845361820365,-6.080708516431434,0.3366013071895425,-0.19231508183794244,-0.19171825541495358,0.0392156862745098,0.33986928104575165,0.01715686274509804,0.5866013071895425,0.01715686274509804,5.899714052287582
f_atr_xs_decile,0.03,0.08,8.0,0.08,3672,-0.003716276228040179,-6.1127742361596145,0.34395424836601307,-0.18764170468000518,-0.18963377458964337,0.05555555555555555,0.33251633986928103,0.03839869281045752,0.5563725490196079,0.01715686274509804,5.716911764705882
f_atr_xs_decile,0.05,none,8.0,0.05,3672,-0.003822128371355413,-6.114114151067556,0.3758169934640523,-0.1923806623378418,-0.1934495147110127,0.0,0.06699346405228758,0.3104575163398693,0.6045751633986928,0.017973856209150325,5.988562091503268
f_atr_xs_decile,0.03,0.08,4.0,0.05,3672,-0.0032104592719419452,-6.125761538740169,0.3700980392156863,-0.16358197230482496,-0.17636712553763106,0.012254901960784314,0.20261437908496732,0.13970588235294118,0.6282679738562091,0.01715686274509804,3.0443218954248366
f_atr_xs_decile,0.05,0.15,4.0,0.08,3672,-0.0037554202421362865,-6.143753230789988,0.3799019607843137,-0.18900661870928148,-0.194974567064611,0.004901960784313725,0.07352941176470588,0.05800653594771242,0.8455882352941176,0.017973856209150325,3.6013071895424837
f_atr_xs_decile,0.05,0.15,8.0,0.08,3672,-0.004297052183556713,-6.272210628633598,0.3619281045751634,-0.21358187933644768,-0.21244012532500023,0.013071895424836602,0.11601307189542484,0.08986928104575163,0.7630718954248366,0.017973856209150325,6.836601307189542
f_atr_xs_decile,0.05,none,8.0,0.08,3672,-0.004346819736281414,-6.311891911057862,0.3619281045751634,-0.21611804788971112,-0.21497997599156107,0.0,0.11601307189542484,0.09640522875816994,0.7696078431372549,0.017973856209150325,6.861315359477124
f_atr_xs_decile,0.03,none,4.0,0.1,3672,-0.0033993587092436364,-6.327075025359126,0.36356209150326796,-0.17216510054526946,-0.17772219737823308,0.0,0.23284313725490197,0.01715686274509804,0.7328431372549019,0.01715686274509804,3.324550653594771
f_atr_xs_decile,0.05,0.1,8.0,0.08,3672,-0.004369583663170288,-6.482462431751715,0.3619281045751634,-0.2166422377711923,-0.2155049269133645,0.029411764705882353,0.11601307189542484,0.08415032679738563,0.7524509803921569,0.017973856209150325,6.779616013071895
f_atr_xs_decile,0.03,0.15,4.0,0.1,3672,-0.0035120600103552865,-6.524735478060017,0.36356209150326796,-0.17718330056524778,-0.18270671118438234,0.007352941176470588,0.23284313725490197,0.016339869281045753,0.7263071895424836,0.01715686274509804,3.314542483660131
f_atr_xs_decile,0.03,0.08,8.0,0.05,3672,-0.003775008299446856,-6.564923401815054,0.3562091503267974,-0.18941679581235482,-0.19183880760251057,0.024509803921568627,0.2834967320261438,0.19526143790849673,0.4795751633986928,0.01715686274509804,5.27328431372549
f_atr_xs_decile,0.03,none,4.0,0.08,3672,-0.003613425093738861,-6.670807231343359,0.36437908496732024,-0.1815216919095013,-0.18970784207048022,0.0,0.23039215686274508,0.03594771241830065,0.7165032679738562,0.01715686274509804,3.272671568627451
f_atr_xs_decile,0.03,0.15,8.0,0.08,3672,-0.004206512237242011,-6.759536986226079,0.34068627450980393,-0.20859702521889512,-0.2087157350759414,0.013071895424836602,0.3341503267973856,0.05310457516339869,0.5825163398692811,0.01715686274509804,5.8786764705882355
f_atr_xs_decile,0.03,none,4.0,0.05,3672,-0.0034559671840652976,-6.768441910678054,0.3700980392156863,-0.1744529720554182,-0.1864375584503924,0.0,0.20261437908496732,0.1437908496732026,0.636437908496732,0.01715686274509804,3.0502450980392157
f_atr_xs_decile,0.03,0.1,4.0,0.05,3672,-0.0034559671840652976,-6.768441910678054,0.3700980392156863,-0.1744529720554182,-0.1864375584503924,0.0,0.20261437908496732,0.1437908496732026,0.636437908496732,0.01715686274509804,3.0502450980392157
f_atr_xs_decile,0.03,0.15,4.0,0.05,3672,-0.0034559671840652976,-6.768441910678054,0.3700980392156863,-0.1744529720554182,-0.1864375584503924,0.0,0.20261437908496732,0.1437908496732026,0.636437908496732,0.01715686274509804,3.0502450980392157
f_atr_xs_decile,0.03,0.15,4.0,0.08,3672,-0.0036627727702203674,-6.775751760488622,0.36437908496732024,-0.1836832672493396,-0.1918477980465048,0.004901960784313725,0.23039215686274508,0.03431372549019608,0.7132352941176471,0.01715686274509804,3.2685866013071894
f_atr_xs_decile,0.03,0.1,4.0,0.08,3672,-0.0036348107929572225,-6.801320980720796,0.36437908496732024,-0.182591669360882,-0.19076711796019544,0.012254901960784314,0.23039215686274508,0.032679738562091505,0.7075163398692811,0.01715686274509804,3.247549019607843
f_atr_xs_decile,0.03,none,8.0,0.08,3672,-0.004256279789966712,-6.802836310107925,0.34068627450980393,-0.21114218253170935,-0.21126051061705356,0.0,0.3341503267973856,0.059640522875817,0.5890522875816994,0.01715686274509804,5.903390522875817
f_atr_xs_decile,0.03,0.1,8.0,0.08,3672,-0.004399359305498157,-7.211657375749931,0.34068627450980393,-0.216847948190812,-0.21696542041555497,0.027777777777777776,0.3341503267973856,0.04820261437908497,0.5727124183006536,0.01715686274509804,5.825367647058823
f_atr_xs_decile,0.03,0.1,8.0,0.05,3672,-0.004163664833847305,-7.379752715942063,0.3562091503267974,-0.20610545289032334,-0.20847759919597872,0.004084967320261438,0.2834967320261438,0.20588235294117646,0.48937908496732024,0.01715686274509804,5.310661764705882
f_atr_xs_decile,0.03,0.15,8.0,0.05,3672,-0.004189196681092864,-7.391843050501484,0.3562091503267974,-0.2072976082803134,-0.20966619244158274,0.0008169934640522876,0.2834967320261438,0.20751633986928106,0.4910130718954248,0.01715686274509804,5.313725490196078
f_atr_xs_decile,0.03,none,8.0,0.05,3672,-0.004212458300555463,-7.4493087201998485,0.3562091503267974,-0.20827077522600945,-0.21063645157744001,0.0,0.2834967320261438,0.20833333333333334,0.4910130718954248,0.01715686274509804,5.313929738562091
f_bounce_off_7d_low,none,0.05,none,none,3419,0.0005740631668478988,2.8402978008958213,0.5124305352442234,0.19359507155382172,-0.0901465206385616,0.3875402164375548,0.0,0.0,0.0,0.6124597835624451,16.90172565077508
f_bounce_off_7d_low,none,0.05,none,0.1,3419,-0.0003164024582021917,2.150380044162262,0.4948815443112021,0.14029994871117424,-0.13536397665034489,0.3480549868382568,0.0,0.129862532904358,0.0,0.5220824802573852,15.734937116115823
f_bounce_off_7d_low,none,0.1,none,none,3419,-0.00033175139780693326,1.9990535457963399,0.4340450424100614,0.16483268855964317,-0.10046978636128731,0.1751974261479965,0.0,0.0,0.0,0.8248025738520035,20.670371453641415
f_bounce_off_7d_low,0.08,0.05,none,none,3419,-0.00034813830431254023,1.690377232156549,0.506288388417666,0.10491809152868137,-0.12111838185217437,0.38139806961099737,0.1181632056156771,0.0,0.0,0.5004387247733255,15.466071950862826
f_bounce_off_7d_low,none,0.15,none,none,3419,-0.0003038126125886885,1.5878362919457139,0.415618601930389,0.12701621536100505,-0.10110829617797107,0.09827434922491957,0.0,0.0,0.0,0.9017256507750804,21.999268792044457
f_bounce_off_7d_low,none,0.08,none,none,3419,-0.0005473199988799757,1.317287385986809,0.44603685288095934,0.09143501406498089,-0.12159322628124769,0.23164668031588184,0.0,0.0,0.0,0.7683533196841181,19.71256215267622
f_bounce_off_7d_low,0.08,0.05,none,0.1,3419,-0.0007765835960019457,1.2735842422843906,0.49400409476455104,0.07475898853369678,-0.15361411674011294,0.3471775372916057,0.09447206785609827,0.0701959637320854,0.0,0.48815443112021056,15.249341912840011
f_bounce_off_7d_low,0.08,0.1,none,none,3419,-0.001269173233553909,0.9097159219058756,0.4270254460368529,0.05554372768605309,-0.16156941357828025,0.16993272886809008,0.14009944428195378,0.0,0.0,0.6899678268499562,18.91137759578824
f_bounce_off_7d_low,0.08,0.15,none,none,3419,-0.0013345854110774931,0.44995313374188955,0.4085990055571805,0.013834186067016807,-0.1739642739252592,0.09564200058496636,0.1444866920152091,0.0,0.0,0.7598713073998246,20.17336940625914
f_bounce_off_7d_low,none,0.05,4.0,none,3419,-0.0013276970575999047,0.4004437352157877,0.4311202105878912,0.0112945231323629,-0.08512869145889101,0.18748171980111145,0.0,0.0,0.804621234279029,0.007897045919859609,3.492322316466803
f_bounce_off_7d_low,0.08,0.08,none,none,3419,-0.001234893560988189,0.3400090666227193,0.4398947060544019,0.005865751451189505,-0.1852231147949424,0.22725943258262649,0.13658964609534952,0.0,0.0,0.636150921322024,17.98932436384908
f_bounce_off_7d_low,none,0.08,none,0.1,3419,-0.001954315565941425,0.18015667013001652,0.4223457151213805,-0.005881134811780431,-0.18680349279165767,0.1921614507165838,0.0,0.17461245978356243,0.0,0.6332260894998537,17.94537876572097
f_bounce_off_7d_low,none,0.1,none,0.1,3419,-0.0028783761446869193,0.12851858351480774,0.40070195963732086,-0.010808055612709921,-0.1954080475551218,0.1322023983620942,0.0,0.19567124890318807,0.0,0.6721263527347178,18.60463585843814
f_bounce_off_7d_low,none,0.05,2.0,none,3419,-0.0016369841875123461,0.11240104463013947,0.41649605147704005,4.135823345463585e-05,-0.08658610348160084,0.142731792921907,0.0,0.0,0.8493711611582334,0.007897045919859609,1.8297747879496928
f_bounce_off_7d_low,none,none,none,none,3419,-0.0025363954427878315,-0.021599027661000286,0.4050892073705762,-0.03421439275383764,-0.20731850813626382,0.0,0.0,0.0,0.0,1.0,23.40011699327289
f_bounce_off_7d_low,0.05,0.05,none,none,3419,-0.002360970740929346,-0.022062085728152395,0.4632933606317637,-0.013047438710111381,-0.1673917919292211,0.35068733547821,0.3395729745539631,0.0,0.0,0.30973968996782686,12.56529687042995
f_bounce_off_7d_low,none,0.05,none,0.08,3419,-0.001643452836592555,-0.13079599072942527,0.4703129570049722,-0.02253165098257981,-0.16141080426606724,0.31646680315881837,0.0,0.25914009944428196,0.0,0.4243930973968997,14.296139221994736
f_bounce_off_7d_low,0.05,0.05,none,0.1,3419,-0.002522555014692495,-0.15387328343360268,0.45890611289850836,-0.020579297764742543,-0.1714703012150603,0.3261187481719801,0.3395729745539631,0.02456858730622989,0.0,0.30973968996782686,12.56529687042995
f_bounce_off_7d_low,0.08,0.05,4.0,none,3419,-0.001640907488976845,-0.16843054838979304,0.42936531149458906,-0.015213868081536353,-0.10910960503297287,0.1857268207078093,0.027200935946183096,0.0,0.779175197426148,0.007897045919859609,3.422565077508043
f_bounce_off_7d_low,0.08,0.05,none,0.08,3419,-0.0017862050181912566,-0.26174064048762885,0.4703129570049722,-0.03123945070274392,-0.168688935466277,0.31646680315881837,0.04357999415033636,0.2155601052939456,0.0,0.4243930973968997,14.296139221994736
f_bounce_off_7d_low,0.05,0.1,none,none,3419,-0.0029941609903973566,-0.30535063557641606,0.3866627668909038,-0.03863967503758525,-0.18834352258425316,0.1532611874817198,0.3816905527932144,0.0,0.0,0.4650482597250658,15.592497806376134
f_bounce_off_7d_low,none,0.15,none,0.1,3419,-0.00308232834085105,-0.5006025626519911,0.3866627668909038,-0.062584244912268,-0.21476034070085703,0.0675636150921322,0.0,0.22521205030710734,0.0,0.7072243346007605,19.29708979233694
f_bounce_off_7d_low,none,0.05,4.0,0.1,3419,-0.00202290825351031,-0.5219300746733063,0.4197133664814273,-0.031898980456896986,-0.12434593730758478,0.15413863702837086,0.0,0.05527932143901726,0.7826849956127523,0.007897045919859609,3.4363849078677977
f_bounce_off_7d_low,0.08,0.08,none,0.1,3419,-0.002389778636586531,-0.5264436059839679,0.4223457151213805,-0.05935014729107546,-0.22923132792543946,0.1921614507165838,0.09534951740274934,0.11406844106463879,0.0,0.598420590816028,17.452983328458615
f_bounce_off_7d_low,0.08,0.1,none,0.1,3419,-0.0033138392153320246,-0.5546941849034714,0.40070195963732086,-0.06399596161131493,-0.2093892333220851,0.1322023983620942,0.09534951740274934,0.1351272301842644,0.0,0.6373208540508921,18.112240421175784
f_bounce_off_7d_low,none,0.05,8.0,none,3419,-0.002502349574168473,-0.575845207228508,0.39309739689967826,-0.034218497228806655,-0.10771416590015917,0.23457151213805205,0.0,0.0,0.7575314419420883,0.007897045919859609,6.620356829482305
f_bounce_off_7d_low,none,none,none,0.1,3419,-0.003402947344601705,-0.5829230106965042,0.3866627668909038,-0.07403256605506514,-0.20720986747656592,0.0,0.0,0.2585551330798479,0.0,0.7414448669201521,19.80666861655455
f_bounce_off_7d_low,0.08,0.05,4.0,0.1,3419,-0.002099774272990621,-0.626886508544605,0.4197133664814273,-0.03734269813130109,-0.1292698175654448,0.15413863702837086,0.023691137759578824,0.03860778005264697,0.7756653992395437,0.007897045919859609,3.411377595788242
f_bounce_off_7d_low,0.08,0.05,2.0,none,3419,-0.0019838065471950526,-0.6699322415860058,0.41474115238373793,-0.02967894427057527,-0.11322058117830376,0.14097689382860484,0.02105878911962562,0.0,0.8300672711319099,0.007897045919859609,1.8056449254167886
f_bounce_off_7d_low,0.08,0.05,8.0,none,3419,-0.0026190926899140685,-0.7369395331745965,0.39134249780637614,-0.04373465865250714,-0.11809633425236328,0.23281661304474993,0.03860778005264697,0.0,0.7206785609827435,0.007897045919859609,6.421395144779175
f_bounce_off_7d_low,none,0.1,2.0,none,3419,-0.00246026681308011,-0.7946641004282639,0.390172565077508,-0.038367618938928705,-0.1156403785078027,0.048259725065808716,0.0,0.0,0.9429657794676806,0.008774495466510676,1.935068733547821
f_bounce_off_7d_low,0.05,0.08,none,none,3419,-0.0030038793248235536,-1.0319717991831536,0.39953202690845274,-0.08418788479667405,-0.23419171637906652,0.20532319391634982,0.37467095642000586,0.0,0.0,0.42000584966364435,14.807984790874524
f_bounce_off_7d_low,none,0.08,2.0,none,3419,-0.0025092539851530515,-1.0621880229397214,0.3936823632641123,-0.04799123145394857,-0.12229624214302234,0.07107341327873647,0.0,0.0,0.9201520912547528,0.008774495466510676,1.9105001462415911
f_bounce_off_7d_low,0.08,0.15,none,0.1,3419,-0.0035177914114961563,-1.138254643926414,0.3866627668909038,-0.11359511604179484,-0.2283818621789949,0.0675636150921322,0.09534951740274934,0.1646680315881837,0.0,0.6724188359169347,18.804694355074584
f_bounce_off_7d_low,none,0.1,4.0,none,3419,-0.0024707999151648953,-1.1561006157100318,0.39543726235741444,-0.06699672645494348,-0.16469961425916602,0.06668616554548114,0.0,0.0,0.9245393389880082,0.008774495466510676,3.7999415033635566
f_bounce_off_7d_low,0.08,none,none,0.1,3419,-0.003838410415246811,-1.1846536172799706,0.3866627668909038,-0.12450152211591536,-0.24539593010956687,0.0,0.09534951740274934,0.19801111436092425,0.0,0.7066393682363264,19.31427317929219
f_bounce_off_7d_low,none,0.05,8.0,0.1,3419,-0.0030895139489097146,-1.212900340931125,0.3808131032465633,-0.069307554011933,-0.14412362012212018,0.2012284293653115,0.0,0.0701959637320854,0.7206785609827435,0.007897045919859609,6.44947353027201
f_bounce_off_7d_low,0.05,0.15,none,none,3419,-0.0034797640401316218,-1.2519319279697176,0.3673588768645803,-0.1100310732503832,-0.21755704618758095,0.08423515647850248,0.3957297455396315,0.0,0.0,0.5200350979818661,16.645656624744078
f_bounce_off_7d_low,0.08,0.05,8.0,0.1,3419,-0.003165144878247292,-1.2531047428476885,0.3808131032465633,-0.07049811220961455,-0.1481049070613308,0.2012284293653115,0.0350979818660427,0.04650482597250658,0.7092717168762797,0.007897045919859609,6.380374378473237
f_bounce_off_7d_low,none,0.05,2.0,0.1,3419,-0.002524740707593576,-1.2930277645809538,0.4050892073705762,-0.0543263386111138,-0.14100555833055725,0.11026615969581749,0.0,0.04738227551915765,0.8344545188651653,0.007897045919859609,1.809812810763381
f_bounce_off_7d_low,0.08,none,none,none,3419,-0.0037959528840737305,-1.3097901642253647,0.39806961099736765,-0.14674474695590145,-0.2931500824217314,0.0,0.14711904065516232,0.0,0.0,0.8528809593448377,21.520693185141855
f_bounce_off_7d_low,0.08,0.1,2.0,none,3419,-0.0027136426277294297,-1.3339452259813327,0.389295115530857,-0.0633359199098904,-0.1381053125110865,0.04738227551915765,0.027200935946183096,0.0,0.9166422930681486,0.008774495466510676,1.9050160865750219
f_bounce_off_7d_low,0.05,0.05,none,0.08,3419,-0.0030136293871443334,-1.341123577894295,0.44749926879204444,-0.0852241449556177,-0.19688281229429958,0.30593740859900553,0.30973968996782686,0.08511260602515355,0.0,0.299210295408014,12.390684410646388
f_bounce_off_7d_low,0.08,0.05,2.0,0.1,3419,-0.002569899844865355,-1.3710678533520404,0.4050892073705762,-0.05809347742522242,-0.14442740609309715,0.11026615969581749,0.019303890026323486,0.0350979818660427,0.8274349224919567,0.007897045919859609,1.7997221409768938
f_bounce_off_7d_low,none,0.08,4.0,none,3419,-0.002390484857675063,-1.4237036434592887,0.40070195963732086,-0.0765831129917447,-0.16637607916473626,0.0973968996782685,0.0,0.0,0.8938286048552209,0.008774495466510676,3.7255776542848786
f_bounce_off_7d_low,0.08,0.1,4.0,none,3419,-0.00263033755807723,-1.5116092134007986,0.3936823632641123,-0.0847427820862241,-0.18058732605449987,0.06580871599883006,0.0350979818660427,0.0,0.8903188066686165,0.008774495466510676,3.708028663351857
f_bounce_off_7d_low,none,0.05,none,0.05,3419,-0.004438597046183151,-1.5130783146777431,0.3454226381983036,-0.08300262977156203,-0.17694975433676904,0.21643755484059665,0.0,0.6396607195086282,0.0,0.14390172565077508,9.56961099736765
f_bounce_off_7d_low,none,0.05,4.0,0.08,3419,-0.002420628140356114,-1.5215848053345253,0.4100614214682656,-0.07615696003664352,-0.15676619480884268,0.13571219654869845,0.0,0.09798186604270255,0.7592863410353905,0.007019596373208541,3.3694793799356537
f_bounce_off_7d_low,none,0.1,8.0,none,3419,-0.004039069080362489,-1.574810587782223,0.3302135127230184,-0.087973250423381,-0.1666751137523331,0.09213220239836209,0.0,0.0,0.8990933021351273,0.008774495466510676,7.452471482889734
f_bounce_off_7d_low,0.08,0.08,2.0,none,3419,-0.002754969525982402,-1.5796011424330056,0.39280491371746123,-0.07210153979786627,-0.14403112105074645,0.0701959637320854,0.026323486399532026,0.0,0.8947060544018719,0.008774495466510676,1.880447499268792
f_bounce_off_7d_low,none,0.15,2.0,none,3419,-0.0028267560202294337,-1.6168492774332681,0.3866627668909038,-0.07409807664620882,-0.1580121984244341,0.02105878911962562,0.0,0.0,0.9692892658672126,0.009651945013161743,1.9701667154138638
f_bounce_off_7d_low,0.08,0.1,8.0,none,3419,-0.003988863091315287,-1.6208220397356408,0.3284586136297163,-0.09043014835471919,-0.17087120011533755,0.09037730330505996,0.04913717461245978,0.0,0.8517110266159695,0.008774495466510676,7.191868967534367
f_bounce_off_7d_low,0.08,0.05,4.0,0.08,3419,-0.002511934379940394,-1.6236784481798283,0.4100614214682656,-0.08158939980515945,-0.16172463110085522,0.13571219654869845,0.015794091839719217,0.08218777420298333,0.7592863410353905,0.007019596373208541,3.3694793799356537
f_bounce_off_7d_low,0.08,0.08,4.0,none,3419,-0.0024692414312131716,-1.6871043821814184,0.39894706054401874,-0.08902305225574769,-0.17760635997301666,0.09651945013161743,0.034220532319391636,0.0,0.8604855220824803,0.008774495466510676,3.6354197133664816
f_bounce_off_7d_low,0.05,none,none,none,3419,-0.004867999853411798,-1.7093172297383383,0.3594618309447207,-0.15683858490419222,-0.2768331325212801,0.0,0.4018718923661889,0.0,0.0,0.5981281076338111,17.75738520035098
f_bounce_off_7d_low,none,0.1,none,0.08,3419,-0.004288898615403441,-1.7462955143272505,0.37701082187774204,-0.1340938836079778,-0.2558417281815124,0.11114360924246856,0.0,0.3726235741444867,0.0,0.5162328166130448,16.35361216730038
f_bounce_off_7d_low,0.05,0.1,none,0.1,3419,-0.004854465399984455,-1.7687406886128285,0.3726235741444867,-0.13402152072257534,-0.24409660479941073,0.12430535244223458,0.363264112313542,0.06054401871892366,0.0,0.4518865165252998,15.337379350687335
f_bounce_off_7d_low,none,0.08,none,0.08,3419,-0.003537481680168158,-1.7749538067950965,0.38637028370868676,-0.13091771063065794,-0.26569936060847227,0.1649605147704007,0.0,0.3386955250073121,0.0,0.4963439602222872,15.904796724188358
f_bounce_off_7d_low,0.08,0.08,8.0,none,3419,-0.0037459781632424027,-1.790192890469888,0.3389880081895291,-0.09459577533567509,-0.14966415095603958,0.1339572974553963,0.048259725065808716,0.0,0.8090084820122843,0.008774495466510676,6.980842351564785
f_bounce_off_7d_low,none,none,none,0.08,3419,-0.004081685956887864,-1.8353765383480918,0.37701082187774204,-0.15050018582707603,-0.2477485162025732,0.0,0.0,0.4337525592278444,0.0,0.5662474407721556,17.164302427610412
f_bounce_off_7d_low,0.05,0.08,none,0.1,3419,-0.003996240995643186,-1.8393048130958864,0.3925124305352442,-0.13419647156839576,-0.26667252736071223,0.1789997075168178,0.3615092132202398,0.04387247733255338,0.0,0.415618601930389,14.700058496636444
f_bounce_off_7d_low,0.08,0.1,none,0.08,3419,-0.004431650797002143,-1.8547697069101068,0.37701082187774204,-0.14181398551083946,-0.2623051813343321,0.11114360924246856,0.04357999415033636,0.32904357999415035,0.0,0.5162328166130448,16.35361216730038
f_bounce_off_7d_low,0.08,0.08,none,0.08,3419,-0.00368023386176686,-1.8866710787732552,0.38637028370868676,-0.13866733703841927,-0.27207852052040765,0.1649605147704007,0.04357999415033636,0.2951155308569757,0.0,0.4963439602222872,15.904796724188358
f_bounce_off_7d_low,none,0.15,4.0,none,3419,-0.002900740686023953,-1.8972300602307952,0.390172565077508,-0.10330088813925842,-0.19565037131447607,0.031588183679438435,0.0,0.0,0.9587598713073998,0.009651945013161743,3.9006288388417665
f_bounce_off_7d_low,none,0.1,none,0.05,3419,-0.00534283334957037,-1.9194820114192126,0.3226089499853758,-0.11642651882225652,-0.2139882876051575,0.05674173735010237,0.0,0.7689382860485522,0.0,0.17431997660134543,10.434849371161159
f_bounce_off_7d_low,0.08,none,none,0.08,3419,-0.004224438138486566,-1.9353894917039396,0.37701082187774204,-0.15809858696128642,-0.25430397763600876,0.0,0.04357999415033636,0.390172565077508,0.0,0.5662474407721556,17.164302427610412
f_bounce_off_7d_low,0.08,0.05,none,0.05,3419,-0.004828582300143646,-1.9392275450406338,0.3454226381983036,-0.10871345347211092,-0.200026483289295,0.21643755484059665,0.01052939455981281,0.6291313249488154,0.0,0.14390172565077508,9.56961099736765
f_bounce_off_7d_low,none,0.08,8.0,none,3419,-0.0039716740616198174,-1.9595214458783303,0.33986545773618015,-0.10308534556630145,-0.15720536068767335,0.1348347470020474,0.0,0.0,0.8563907575314419,0.008774495466510676,7.237496343960222
f_bounce_off_7d_low,0.08,0.15,2.0,none,3419,-0.0030812338123313767,-2.046150007390173,0.3857853173442527,-0.09859103386400536,-0.17981240079764135,0.02105878911962562,0.027200935946183096,0.0,0.9420883299210295,0.009651945013161743,1.9394559812810763
f_bounce_off_7d_low,0.05,0.05,4.0,none,3419,-0.0025661972116906135,-2.058622667475107,0.4144486692015209,-0.09362606813913976,-0.16975612538362936,0.17168762796139223,0.10587891196256215,0.0,0.7154138637028371,0.007019596373208541,3.2575314419420884
f_bounce_off_7d_low,none,0.15,none,0.08,3419,-0.004277018805473581,-2.0627326109305755,0.37701082187774204,-0.16067747600205995,-0.25848929253068853,0.051769523252412984,0.0,0.4065516232816613,0.0,0.5416788534659257,16.853685288095935
f_bounce_off_7d_low,0.05,none,none,0.1,3419,-0.005186550173766148,-2.107719308876568,0.36033928049137176,-0.17431681870970006,-0.2776203752894473,0.0,0.363264112313542,0.11904065516232816,0.0,0.5176952325241299,16.49948815443112
f_bounce_off_7d_low,0.08,0.15,none,0.08,3419,-0.004419770987072282,-2.1643350781971304,0.37701082187774204,-0.1681793253223064,-0.2649464250057453,0.051769523252412984,0.04357999415033636,0.36297162913132497,0.0,0.5416788534659257,16.853685288095935
f_bounce_off_7d_low,0.08,0.15,4.0,none,3419,-0.003031764662349668,-2.164687009906828,0.3884176659842059,-0.11877779432280855,-0.20953333782718578,0.031588183679438435,0.0350979818660427,0.0,0.9236618894413571,0.009651945013161743,3.8063030125767767
f_bounce_off_7d_low,0.05,0.05,4.0,0.1,3419,-0.0027277814854537626,-2.2684807689898063,0.4100614214682656,-0.10051619758353503,-0.17620119460923242,0.14711904065516232,0.10587891196256215,0.02456858730622989,0.7154138637028371,0.007019596373208541,3.2575314419420884
f_bounce_off_7d_low,0.08,0.1,none,0.05,3419,-0.005732818603530866,-2.2898904829070217,0.3226089499853758,-0.14121503016616976,-0.2360397192791562,0.05674173735010237,0.01052939455981281,0.7584088914887394,0.0,0.17431997660134543,10.434849371161159
f_bounce_off_7d_low,0.05,0.15,none,0.1,3419,-0.00497154025956613,-2.291585549329328,0.36033928049137176,-0.17322614859984853,-0.26242839802884044,0.064931266452179,0.363264112313542,0.0883299210295408,0.0,0.4834747002047382,15.993638490786779
f_bounce_off_7d_low,0.03,0.1,none,none,3419,-0.004108379170304313,-2.2999696373490033,0.2895583503948523,-0.1298210426462616,-0.2096117996975641,0.12781515062883883,0.6472652822462709,0.0,0.0,0.2249195671248903,10.037218484937116
f_bounce_off_7d_low,none,none,4.0,none,3419,-0.003276981364877176,-2.3455911941970387,0.3884176659842059,-0.1292644384587548,-0.22360452555995652,0.0,0.0,0.0,0.9903480549868383,0.009651945013161743,3.9734571512138053
f_bounce_off_7d_low,none,0.15,none,0.05,3419,-0.005378839752625907,-2.4575561493158715,0.3226089499853758,-0.1414605184238178,-0.21590197444939235,0.020181339572974553,0.0,0.8028663351857268,0.0,0.1769523252412986,10.569684118163206
f_bounce_off_7d_low,none,0.05,2.0,0.08,3419,-0.0029066281017308977,-2.5075505233698823,0.39631471190406553,-0.09988813131158247,-0.1783370712184462,0.09359461830944721,0.0,0.08218777420298333,0.817198011114361,0.007019596373208541,1.782904357999415
f_bounce_off_7d_low,none,none,none,0.05,3419,-0.005521926383762752,-2.586578982977748,0.3226089499853758,-0.14804444166319453,-0.22392615726017148,0.0,0.0,0.8195378765720971,0.0,0.18046212342790288,10.639660719508628
f_bounce_off_7d_low,none,0.05,8.0,0.08,3419,-0.0036081965937313208,-2.591132381420463,0.36940625914009945,-0.12768738579124916,-0.17523535714730132,0.18016964024568588,0.0,0.13746709564200058,0.675343667739105,0.007019596373208541,6.251901140684411
f_bounce_off_7d_low,0.08,0.05,2.0,0.08,3419,-0.002981403551221274,-2.600249747381198,0.39631471190406553,-0.10484862910148063,-0.18286523853191736,0.09359461830944721,0.014039192746417082,0.06814858145656624,0.817198011114361,0.007019596373208541,1.782904357999415
f_bounce_off_7d_low,0.08,none,4.0,none,3419,-0.003408005341202891,-2.6002849391902245,0.3866627668909038,-0.1442557022626939,-0.23697155670878586,0.0,0.0350979818660427,0.0,0.9552500731207956,0.009651945013161743,3.8791313249488155
f_bounce_off_7d_low,none,0.08,none,0.05,3419,-0.005303857186350375,-2.6543906044341945,0.3226089499853758,-0.14399054427167857,-0.21776822978938315,0.09651945013161743,0.0,0.7367651360046797,0.0,0.16671541386370284,10.256215267622112
f_bounce_off_7d_low,0.05,0.05,none,0.05,3419,-0.005383662058923458,-2.6674486350342703,0.3436677391050015,-0.14133122611957238,-0.22608551694426096,0.21643755484059665,0.12576776835331968,0.5138929511553085,0.0,0.14390172565077508,9.56961099736765
f_bounce_off_7d_low,0.08,0.05,8.0,0.08,3419,-0.0037127236155905722,-2.7034094546018053,0.36940625914009945,-0.13401092072209742,-0.18121420915959102,0.18016964024568588,0.023691137759578824,0.11377595788242176,0.675343667739105,0.007019596373208541,6.251901140684411
f_bounce_off_7d_low,0.08,0.15,none,0.05,3419,-0.0057688250065864016,-2.8116834028235083,0.3226089499853758,-0.16554670495114765,-0.2378997179479798,0.020181339572974553,0.01052939455981281,0.792336940625914,0.0,0.1769523252412986,10.569684118163206
f_bounce_off_7d_low,0.03,0.05,none,none,3419,-0.0038267375592308827,-2.8991083368369375,0.3594618309447207,-0.12391167701528472,-0.19759273908555058,0.2921906990348055,0.5887686458028664,0.0,0.0,0.11904065516232816,7.817782977478795
f_bounce_off_7d_low,0.03,0.05,none,0.1,3419,-0.0038177852949259606,-2.900041806391152,0.35682948230476746,-0.12368256934920285,-0.19751492950098687,0.27200935946183097,0.5887686458028664,0.020181339572974553,0.0,0.11904065516232816,7.817782977478795
f_bounce_off_7d_low,0.03,0.08,none,none,3419,-0.004134028482945217,-2.91204510975438,0.30096519450131615,-0.15325001131624116,-0.23914114256638155,0.17051769523252414,0.6384907867797601,0.0,0.0,0.19099151798771571,9.413644340450425
f_bounce_off_7d_low,none,0.15,8.0,none,3419,-0.004708206473562145,-2.92538355962215,0.3170517695232524,-0.13853428758035435,-0.17942400255473895,0.045627376425855515,0.0,0.0,0.9447206785609827,0.009651945013161743,7.714828897338403
f_bounce_off_7d_low,0.08,none,none,0.05,3419,-0.005911911637723248,-2.935526172864696,0.3226089499853758,-0.1719459172871487,-0.24569878360566594,0.0,0.01052939455981281,0.8090084820122843,0.0,0.18046212342790288,10.639660719508628
f_bounce_off_7d_low,0.05,0.1,none,0.05,3419,-0.006287898362310679,-2.9389052485583935,0.3208540508920737,-0.17264632915547073,-0.26092934917801747,0.05674173735010237,0.12576776835331968,0.6431705176952325,0.0,0.17431997660134543,10.434849371161159
f_bounce_off_7d_low,0.05,none,none,0.08,3419,-0.0054253011338224145,-2.9407157124793994,0.35595203275811643,-0.20432311364667022,-0.2825588144556211,0.0,0.3150043872477333,0.24656332260894998,0.0,0.43843229014331675,15.207078093009653
f_bounce_off_7d_low,0.08,0.15,8.0,none,3419,-0.004653963747515351,-2.963158179663197,0.3152968704299503,-0.1402317256589034,-0.18227963616177698,0.04474992687920445,0.05001462415911085,0.0,0.8955835039485229,0.009651945013161743,7.447206785609827
f_bounce_off_7d_low,0.08,0.08,none,0.05,3419,-0.005693842440310871,-3.0111471900965854,0.3226089499853758,-0.16800561497160427,-0.2397134911876381,0.09651945013161743,0.01052939455981281,0.7262357414448669,0.0,0.16671541386370284,10.256215267622112
f_bounce_off_7d_low,none,0.08,4.0,0.1,3419,-0.003389490844922782,-3.055688125771458,0.3910500146241591,-0.14430826838011668,-0.21882364023065373,0.064931266452179,0.0,0.0701959637320854,0.8560982743492249,0.008774495466510676,3.629277566539924
f_bounce_off_7d_low,none,none,2.0,none,3419,-0.003383062875922444,-3.0703708294797716,0.3831529687042995,-0.1219998866341907,-0.17723730086137815,0.0,0.0,0.0,0.9903480549868383,0.009651945013161743,1.9927610412401286
f_bounce_off_7d_low,0.05,0.05,4.0,0.08,3419,-0.0029838367430954373,-3.0900817680460206,0.40304182509505704,-0.1304377228171476,-0.20026193252449045,0.1322023983620942,0.10061421468265574,0.048259725065808716,0.7119040655162329,0.007019596373208541,3.248318221702252
f_bounce_off_7d_low,0.08,0.08,4.0,0.1,3419,-0.0035045862647255866,-3.16818009957618,0.3910500146241591,-0.1513558098961315,-0.2252574675347714,0.064931266452179,0.02456858730622989,0.05264697279906405,0.8490786779760163,0.008774495466510676,3.6042702544603684
f_bounce_off_7d_low,0.05,0.08,4.0,none,3419,-0.002971743802202843,-3.17467508366662,0.389295115530857,-0.14450012239543597,-0.218050843634508,0.08862240421175782,0.11377595788242176,0.0,0.7897045919859608,0.007897045919859609,3.4532758116408306
f_bounce_off_7d_low,0.05,0.05,8.0,none,3419,-0.0039586341678725795,-3.2195667368685252,0.36940625914009945,-0.14800148578627914,-0.19449299008005275,0.21614507165837965,0.1532611874817198,0.0,0.623574144486692,0.007019596373208541,5.953714536414156
f_bounce_off_7d_low,0.03,0.15,none,none,3419,-0.004172096744102059,-3.2199238502181426,0.272886809008482,-0.17960528326033975,-0.24406960463038604,0.07282831237203861,0.661304474992688,0.0,0.0,0.26586721263527346,10.89536414156186
f_bounce_off_7d_low,none,0.08,2.0,0.1,3419,-0.003836377924551291,-3.2289059738727293,0.3849078677976016,-0.13456540066552836,-0.1875801689690899,0.03948522959929804,0.0,0.05878911962562153,0.8929511553085697,0.008774495466510676,1.8762796139221996
f_bounce_off_7d_low,0.05,0.1,none,0.08,3419,-0.005865554279443615,-3.2353635165699686,0.35595203275811643,-0.20427922050657932,-0.3019542597954901,0.10587891196256215,0.3150043872477333,0.18894413571219654,0.0,0.390172565077508,14.420298332845862
f_bounce_off_7d_low,0.05,0.05,2.0,none,3419,-0.0029389488114250507,-3.2431177059696354,0.40157940918397195,-0.11585545057577706,-0.16475170681336138,0.12869260017548992,0.07604562737642585,0.0,0.7882421760748757,0.007019596373208541,1.7413717461245979
f_bounce_off_7d_low,none,0.08,8.0,0.1,3419,-0.004840836458965038,-3.255785367141455,0.3293360631763674,-0.15898276896204888,-0.20109929845528074,0.10149166422930682,0.0,0.09300965194501316,0.7967241883591694,0.008774495466510676,6.9534220532319395
f_bounce_off_7d_low,0.05,0.1,4.0,none,3419,-0.0031624905145413037,-3.2904367915499972,0.3840304182509506,-0.1476359229404216,-0.21623773314280378,0.059666569172272595,0.11728575606902603,0.0,0.8151506288388418,0.007897045919859609,3.5118455688797896
f_bounce_off_7d_low,0.05,0.08,none,0.08,3419,-0.0050962192026748464,-3.31102272775751,0.36531149458906115,-0.20114237683602354,-0.31099107807685095,0.15794091839719215,0.3141269377010822,0.15764843521497515,0.0,0.37028370868675053,13.976747587013747
f_bounce_off_7d_low,0.08,0.08,2.0,0.1,3419,-0.003919766462145562,-3.322537484516763,0.3849078677976016,-0.14028196402925797,-0.1929465472553407,0.03948522959929804,0.020181339572974553,0.045627376425855515,0.8859315589353612,0.008774495466510676,1.8661889441357122
f_bounce_off_7d_low,0.08,0.08,8.0,0.1,3419,-0.0049546967886251085,-3.3492415010641867,0.3293360631763674,-0.16230519548468014,-0.2042553442315189,0.10149166422930682,0.03597543141269377,0.06844106463878327,0.7853173442527055,0.008774495466510676,6.884322901433167
f_bounce_off_7d_low,0.08,none,2.0,none,3419,-0.003637540668024387,-3.3953927111674065,0.38227551915764846,-0.145261029610548,-0.19903502103126539,0.0,0.027200935946183096,0.0,0.9631471190406552,0.009651945013161743,1.9620503071073414
f_bounce_off_7d_low,0.05,0.15,none,0.08,3419,-0.005698755296884161,-3.405274381794057,0.35595203275811643,-0.22142253107465093,-0.29961653656063897,0.05089207370576192,0.3150043872477333,0.22023983620941795,0.0,0.41386370283708684,14.896680315881836
f_bounce_off_7d_low,0.05,0.05,8.0,0.1,3419,-0.004120218441635728,-3.4274558792635617,0.3650190114068441,-0.15449582094138548,-0.2008243980087721,0.19157648435214975,0.1532611874817198,0.02456858730622989,0.623574144486692,0.007019596373208541,5.953714536414156
f_bounce_off_7d_low,0.03,0.05,none,0.08,3419,-0.003970751496218349,-3.4323890637430448,0.35244223457151214,-0.14033477866820376,-0.2094573190179066,0.25797016671541384,0.5887686458028664,0.034220532319391636,0.0,0.11904065516232816,7.817782977478795
f_bounce_off_7d_low,0.03,0.1,none,0.1,3419,-0.005465393321479716,-3.476540714899642,0.2816613044749927,-0.1836838565215021,-0.25646910814445817,0.10500146241591109,0.6446329336063177,0.029833284586136297,0.0,0.22053231939163498,9.960880374378473
f_bounce_off_7d_low,0.05,0.15,none,0.05,3419,-0.006323904765366214,-3.478602083904947,0.3208540508920737,-0.1961034514271055,-0.2628381820239128,0.020181339572974553,0.12576776835331968,0.6770985668324071,0.0,0.1769523252412986,10.569684118163206
f_bounce_off_7d_low,0.05,0.08,2.0,none,3419,-0.003352961430874856,-3.513631282961888,0.3840304182509506,-0.13806311522296344,-0.19162038117586633,0.062298917812225796,0.08218777420298333,0.0,0.8476162620649312,0.007897045919859609,1.8082772740567417
f_bounce_off_7d_low,0.05,0.1,2.0,none,3419,-0.0033397310255779368,-3.533921248592762,0.3805206200643463,-0.13572473634470028,-0.1823784173093412,0.04211757823925124,0.08482012284293654,0.0,0.8651652529979527,0.007897045919859609,1.8271424393097397
f_bounce_off_7d_low,none,0.1,2.0,0.1,3419,-0.0041128181904989064,-3.5577843212835845,0.38139806961099737,-0.14431367913544013,-0.18900694887755845,0.020181339572974553,0.0,0.062298917812225796,0.908745247148289,0.008774495466510676,1.8931705176952325
f_bounce_off_7d_low,0.03,0.08,none,0.1,3419,-0.0047997739208486215,-3.5684397320864423,0.2974553963147119,-0.1817914452461934,-0.2643635898125898,0.1494589061128985,0.6384907867797601,0.02105878911962562,0.0,0.19099151798771571,9.413644340450425
f_bounce_off_7d_low,none,0.05,4.0,0.05,3419,-0.0030924848298067927,-3.600496829164634,0.38022813688212925,-0.13135046538246475,-0.1879377890912579,0.07955542556303012,0.0,0.2778590231061714,0.6355659549575899,0.007019596373208541,3.0478941210880373
f_bounce_off_7d_low,0.05,none,none,0.05,3419,-0.006466991396503061,-3.6018455687587103,0.3208540508920737,-0.20227960890403007,-0.27039227312303954,0.0,0.12576776835331968,0.6937701082187774,0.0,0.18046212342790288,10.639660719508628
f_bounce_off_7d_low,none,0.1,4.0,0.1,3419,-0.003943362777609667,-3.6142137457103725,0.3849078677976016,-0.16521832809360193,-0.2333267480922305,0.03685288095934484,0.0,0.07546066101199181,0.8789119625621526,0.008774495466510676,3.681047089792337
f_bounce_off_7d_low,0.08,0.1,2.0,0.1,3419,-0.004196206728093178,-3.649700042356148,0.38139806961099737,-0.14995724160741397,-0.19435574298206384,0.020181339572974553,0.020181339572974553,0.04913717461245978,0.9017256507750804,0.008774495466510676,1.8830798479087452
f_bounce_off_7d_low,0.05,0.05,2.0,0.1,3419,-0.0031978155349256005,-3.6706188387808103,0.39719216145071656,-0.12806076889596896,-0.17641720903125915,0.10500146241591109,0.07604562737642585,0.023691137759578824,0.7882421760748757,0.007019596373208541,1.7413717461245979
f_bounce_off_7d_low,0.03,none,none,0.1,3419,-0.005362066956999662,-3.699312177403484,0.2702544603685288,-0.21558915013940816,-0.28444686869792435,0.0,0.6446329336063177,0.07780052646972799,0.0,0.27756653992395436,11.023837379350688
f_bounce_off_7d_low,0.05,0.08,none,0.05,3419,-0.006248922199090684,-3.7192883658750855,0.3208540508920737,-0.1984518292454328,-0.2645733710927667,0.09651945013161743,0.12576776835331968,0.61099736765136,0.0,0.16671541386370284,10.256215267622112
f_bounce_off_7d_low,0.08,0.1,4.0,0.1,3419,-0.004058458197412472,-3.7213344520235605,0.3849078677976016,-0.1720848254931997,-0.2396330196213401,0.03685288095934484,0.02456858730622989,0.05791167007897046,0.8718923661889442,0.008774495466510676,3.6560397777127815
f_bounce_off_7d_low,0.03,none,none,none,3419,-0.005172665569133443,-3.7993935256226354,0.2676221117285756,-0.22285482612309937,-0.29110812859546975,0.0,0.6665691722725944,0.0,0.0,0.3334308277274057,11.884688505410939
f_bounce_off_7d_low,none,0.08,4.0,0.08,3419,-0.0034818645146952273,-3.817815619602762,0.3857853173442527,-0.16522216122392208,-0.2299805129692613,0.05352442234571512,0.0,0.12079555425563031,0.8177829774787949,0.007897045919859609,3.5283708686750512
f_bounce_off_7d_low,none,0.1,8.0,0.1,3419,-0.005552113730581009,-3.862944092640504,0.31792921906990346,-0.1806306312442646,-0.22105607471345168,0.059666569172272595,0.0,0.10266159695817491,0.8288973384030418,0.008774495466510676,7.109169347762504
f_bounce_off_7d_low,none,0.1,4.0,0.08,3419,-0.003789769506036606,-3.876983438722656,0.3840304182509506,-0.170566290219624,-0.23755376546320167,0.02895583503948523,0.0,0.12518280198888565,0.8379643170517695,0.007897045919859609,3.5658818367943845
f_bounce_off_7d_low,0.08,0.08,4.0,0.08,3419,-0.003573170754279508,-3.899110652503388,0.3857853173442527,-0.17012550318131103,-0.23450347546704475,0.05352442234571512,0.015794091839719217,0.10500146241591109,0.8177829774787949,0.007897045919859609,3.5283708686750512
f_bounce_off_7d_low,0.08,0.05,4.0,0.05,3419,-0.003482470083767289,-3.939551017155209,0.38022813688212925,-0.15571975632695922,-0.21071956642954626,0.07955542556303012,0.01052939455981281,0.2673296285463586,0.6355659549575899,0.007019596373208541,3.0478941210880373
f_bounce_off_7d_low,none,0.1,2.0,0.08,3419,-0.004065234461363584,-3.9434150595133413,0.3805206200643463,-0.15715483821031406,-0.2023606620325776,0.014039192746417082,0.0,0.09973676513600468,0.8783269961977186,0.007897045919859609,1.8491517987715707
f_bounce_off_7d_low,0.08,0.1,4.0,0.08,3419,-0.003881075745620887,-3.9588557948796597,0.3840304182509506,-0.17543250384216258,-0.24202696954112443,0.02895583503948523,0.015794091839719217,0.10938871014916643,0.8379643170517695,0.007897045919859609,3.5658818367943845
f_bounce_off_7d_low,0.08,0.1,8.0,0.1,3419,-0.00566597406024108,-3.962348826550999,0.31792921906990346,-0.18386596206991346,-0.2267517426850812,0.059666569172272595,0.03597543141269377,0.07809300965194502,0.8174904942965779,0.008774495466510676,7.040070195963732
f_bounce_off_7d_low,0.05,0.08,8.0,none,3419,-0.004778776924631024,-3.9680276469521014,0.32143901725650775,-0.18211399981870535,-0.2243392246337229,0.12167300380228137,0.1646680315881837,0.0,0.7057619186896753,0.007897045919859609,6.470605440187189
f_bounce_off_7d_low,none,0.08,2.0,0.08,3419,-0.003980996047351164,-3.980941385334507,0.38139806961099737,-0.15634088643509325,-0.20454592183770762,0.02895583503948523,0.0,0.0962269669494004,0.8669201520912547,0.007897045919859609,1.8401579409183972
f_bounce_off_7d_low,0.05,0.1,8.0,none,3419,-0.005003064874384413,-4.004780428257509,0.311787072243346,-0.18036321457060456,-0.22069469680968493,0.08160280783854928,0.16905527932143902,0.0,0.7414448669201521,0.007897045919859609,6.646095349517402
f_bounce_off_7d_low,0.08,0.1,2.0,0.08,3419,-0.00414000991085396,-4.020908538645844,0.3805206200643463,-0.16178480954111685,-0.2067423058202309,0.014039192746417082,0.014039192746417082,0.0856975723895876,0.8783269961977186,0.007897045919859609,1.8491517987715707
f_bounce_off_7d_low,0.08,0.08,2.0,0.08,3419,-0.004055771496841541,-4.0560259041067255,0.38139806961099737,-0.16098120470828647,-0.20892110138005301,0.02895583503948523,0.014039192746417082,0.08218777420298333,0.8669201520912547,0.007897045919859609,1.8401579409183972
f_bounce_off_7d_low,0.03,0.05,2.0,none,3419,-0.0030581408217761523,-4.09445438397428,0.3857853173442527,-0.11913170197900058,-0.16417276880535994,0.11640830652237497,0.23983620941795847,0.0,0.6384907867797601,0.005264697279906405,1.5857706931851419
f_bounce_off_7d_low,0.03,0.15,none,0.1,3419,-0.00535940642355076,-4.219353971848954,0.2702544603685288,-0.220172345451355,-0.2703543551366493,0.057034220532319393,0.6446329336063177,0.05235448961684703,0.0,0.24597835624451594,10.548040362679146
f_bounce_off_7d_low,none,0.05,8.0,0.05,3419,-0.0041171185731577326,-4.238088414463472,0.3299210295408014,-0.16214997990159574,-0.19141364512216094,0.11611582334015794,0.0,0.3884176659842059,0.4884469143024276,0.007019596373208541,5.315662474407722
f_bounce_off_7d_low,0.03,0.05,2.0,0.1,3419,-0.003146471007208631,-4.282710714171926,0.3831529687042995,-0.12435946549141219,-0.16682701562264338,0.09710441649605148,0.23983620941795847,0.019303890026323486,0.6384907867797601,0.005264697279906405,1.5857706931851419
f_bounce_off_7d_low,0.03,0.08,2.0,none,3419,-0.0034133836639646618,-4.297148399327454,0.3699912255045335,-0.1395327531886248,-0.17935190376062196,0.05527932143901726,0.25124305352442233,0.0,0.687335478210003,0.006142146826557473,1.6445598128107635
f_bounce_off_7d_low,0.03,0.05,4.0,0.1,3419,-0.003096757153734607,-4.316340398895243,0.38549283416203567,-0.13904027636325433,-0.1992666610101485,0.13658964609534952,0.3144194208832992,0.020181339572974553,0.5235448961684703,0.005264697279906405,2.757458321146534
f_bounce_off_7d_low,0.03,0.05,4.0,none,3419,-0.003105709418039529,-4.317327462773301,0.3881251828019889,-0.13925055203281367,-0.199331839538548,0.15677098566832406,0.3144194208832992,0.0,0.5235448961684703,0.005264697279906405,2.757458321146534
f_bounce_off_7d_low,none,none,8.0,none,3419,-0.005501762299070951,-4.325038956652049,0.3109096226966949,-0.21101022609668862,-0.23180724734307542,0.0,0.0,0.0,0.9903480549868383,0.009651945013161743,7.9348493711611585
f_bounce_off_7d_low,0.08,none,8.0,none,3419,-0.0054133965350988385,-4.3929393348013095,0.3091547236033928,-0.21048823656683469,-0.2312990169615675,0.0,0.05001462415911085,0.0,0.9403334308277274,0.009651945013161743,7.666349809885932
f_bounce_off_7d_low,none,0.15,2.0,0.08,3419,-0.0042478711509700345,-4.400565584634662,0.3805206200643463,-0.17276721695230868,-0.21537567628196788,0.0026323486399532025,0.0,0.10149166422930682,0.8879789412108804,0.007897045919859609,1.8588037437847325
f_bounce_off_7d_low,0.03,none,none,0.08,3419,-0.0054350246453207475,-4.408541238980351,0.2737642585551331,-0.2317593644006295,-0.28433673439352586,0.0,0.622989178122258,0.14068441064638784,0.0,0.2363264112313542,10.318075460661012
f_bounce_off_7d_low,none,none,2.0,0.08,3419,-0.004305832522714807,-4.418723278046026,0.3805206200643463,-0.1733740736848738,-0.21595127551248722,0.0,0.0,0.10324656332260895,0.8888563907575314,0.007897045919859609,1.859242468558058
f_bounce_off_7d_low,none,none,4.0,0.08,3419,-0.0041806318159947385,-4.44911368650183,0.3840304182509506,-0.19222550039193032,-0.25300271464524254,0.0,0.0,0.13307984790874525,0.8590231061713951,0.007897045919859609,3.612386662766891
f_bounce_off_7d_low,none,0.15,2.0,0.1,3419,-0.004455920407548033,-4.453894234404988,0.37964317051769525,-0.17594775836308552,-0.21734992193269795,0.004387247733255338,0.0,0.064931266452179,0.921906990348055,0.008774495466510676,1.9096226966949401
f_bounce_off_7d_low,0.03,0.05,none,0.05,3419,-0.00521445276241627,-4.464232223676088,0.30096519450131615,-0.16945835658334607,-0.22237483691368176,0.19128400116993272,0.4887393974846446,0.2401286926001755,0.0,0.07984790874524715,6.986399532026908
f_bounce_off_7d_low,0.03,0.1,2.0,none,3419,-0.003439607340307852,-4.464444647475163,0.3664814273179292,-0.13985768286406097,-0.1726111398364391,0.03597543141269377,0.25387540216437554,0.0,0.7040070195963732,0.006142146826557473,1.6625475285171103
f_bounce_off_7d_low,0.08,0.15,2.0,0.08,3419,-0.00432264660046041,-4.465077907658697,0.3805206200643463,-0.17733052896235613,-0.21970394478531044,0.0026323486399532025,0.014039192746417082,0.08745247148288973,0.8879789412108804,0.007897045919859609,1.8588037437847325
f_bounce_off_7d_low,0.08,none,2.0,0.08,3419,-0.0043806079722051834,-4.483008567892036,0.3805206200643463,-0.17793403805605468,-0.2202763688045283,0.0,0.014039192746417082,0.08920737057619187,0.8888563907575314,0.007897045919859609,1.859242468558058
f_bounce_off_7d_low,0.05,0.15,4.0,none,3419,-0.003710778875679082,-4.490559768405698,0.37876572097104416,-0.1941376087744886,-0.2538451634850972,0.027200935946183096,0.12079555425563031,0.0,0.843229014331676,0.008774495466510676,3.599590523544896
f_bounce_off_7d_low,0.05,0.05,8.0,0.08,3419,-0.0044366314230786155,-4.501427948527426,0.3579994150336356,-0.19309823419010352,-0.23392409143617224,0.17490494296577946,0.142731792921907,0.059666569172272595,0.6156770985668324,0.007019596373208541,5.926294238081311
f_bounce_off_7d_low,none,none,4.0,0.1,3419,-0.004445294874532509,-4.506293702741361,0.38227551915764846,-0.19813256399799362,-0.25881486628219774,0.0,0.0,0.07984790874524715,0.9113775957882422,0.008774495466510676,3.751462415911085
f_bounce_off_7d_low,0.08,none,4.0,0.08,3419,-0.004271938055579018,-4.519087951329968,0.3840304182509506,-0.196983794030555,-0.2574029927336174,0.0,0.015794091839719217,0.11728575606902603,0.8590231061713951,0.007897045919859609,3.612386662766891
f_bounce_off_7d_low,none,0.05,2.0,0.05,3419,-0.0032813513739264597,-4.524721298687472,0.3778882714243931,-0.13758745178060694,-0.17324338050942137,0.04708979233694063,0.0,0.21292775665399238,0.7329628546358584,0.007019596373208541,1.6666422930681486
f_bounce_off_7d_low,0.08,0.15,2.0,0.1,3419,-0.004539308945142304,-4.5250832894745825,0.37964317051769525,-0.18140149624430413,-0.2225296522493286,0.004387247733255338,0.020181339572974553,0.051769523252412984,0.9148873939748464,0.008774495466510676,1.8995320269084528
f_bounce_off_7d_low,0.08,0.05,8.0,0.05,3419,-0.004507103827118229,-4.539887711938342,0.3299210295408014,-0.18563824313092814,-0.21408153160712692,0.11611582334015794,0.01052939455981281,0.3778882714243931,0.4884469143024276,0.007019596373208541,5.315662474407722
f_bounce_off_7d_low,0.05,0.15,2.0,none,3419,-0.003712738972328388,-4.540853029647711,0.37701082187774204,-0.1737282716944738,-0.21535012244593088,0.01754899093302135,0.0856975723895876,0.0,0.8879789412108804,0.008774495466510676,1.8596080725358293
f_bounce_off_7d_low,none,none,2.0,0.1,3419,-0.004566764789906317,-4.56292555872001,0.37964317051769525,-0.17928117087550322,-0.21995241971373877,0.0,0.0,0.06580871599883006,0.9254167885346593,0.008774495466510676,1.9107195086282538
f_bounce_off_7d_low,0.08,none,4.0,0.1,3419,-0.004560390294335312,-4.5915945886531055,0.38227551915764846,-0.20475649672070328,-0.26493752476711846,0.0,0.02456858730622989,0.062298917812225796,0.9043579994150336,0.008774495466510676,3.7264551038315297
f_bounce_off_7d_low,0.05,0.08,4.0,0.1,3419,-0.003969340630459942,-4.595574706493504,0.3840304182509506,-0.19557129078874136,-0.2564146222199503,0.062298917812225796,0.1128985083357707,0.029833284586136297,0.7870722433460076,0.007897045919859609,3.4484498391342497
f_bounce_off_7d_low,0.05,0.05,2.0,0.08,3419,-0.0034931705053146797,-4.602684013696327,0.390172565077508,-0.15814673468715013,-0.20149954042740637,0.090962269669494,0.07341327873647266,0.04211757823925124,0.7864872769815736,0.007019596373208541,1.7398362094179585
f_bounce_off_7d_low,0.08,none,2.0,0.1,3419,-0.004650153327500587,-4.632299971558921,0.37964317051769525,-0.18471295911807983,-0.22511503220036724,0.0,0.020181339572974553,0.05264697279906405,0.9183971921614508,0.008774495466510676,1.9006288388417667
f_bounce_off_7d_low,none,0.15,4.0,0.08,3419,-0.004205340877285229,-4.715879267727957,0.3840304182509506,-0.19905337303290993,-0.25973933486200673,0.008774495466510676,0.0,0.1313249488154431,0.8520035097981866,0.007897045919859609,3.604928341620357
f_bounce_off_7d_low,none,0.15,4.0,0.1,3419,-0.004426328347610367,-4.720868463902333,0.38227551915764846,-0.20317467165227365,-0.2637697743198202,0.012284293653114946,0.0,0.07897045919859608,0.8999707516817783,0.008774495466510676,3.7363264112313543
f_bounce_off_7d_low,0.08,0.05,2.0,0.05,3419,-0.003671336627886956,-4.7448965690755385,0.3778882714243931,-0.16178323129722016,-0.19643880005705727,0.04708979233694063,0.01052939455981281,0.20239836209417958,0.7329628546358584,0.007019596373208541,1.6666422930681486
f_bounce_off_7d_low,0.08,0.15,4.0,0.08,3419,-0.0042966471168695095,-4.7833537751502595,0.3840304182509506,-0.20377113169341154,-0.2640996393397318,0.008774495466510676,0.015794091839719217,0.11553085697572389,0.8520035097981866,0.007897045919859609,3.604928341620357
f_bounce_off_7d_low,0.05,0.05,4.0,0.05,3419,-0.0038757253119874966,-4.795028934544534,0.37847323778882713,-0.18007097894586677,-0.2305781116301195,0.07955542556303012,0.06668616554548114,0.21117285756069026,0.6355659549575899,0.007019596373208541,3.0478941210880373
f_bounce_off_7d_low,0.08,0.15,4.0,0.1,3419,-0.004541423767413172,-4.801813953134349,0.38227551915764846,-0.2097588010711845,-0.26985320931559753,0.012284293653114946,0.02456858730622989,0.06142146826557473,0.8929511553085697,0.008774495466510676,3.711319099151799
f_bounce_off_7d_low,0.03,0.05,2.0,0.08,3419,-0.0032648912444943703,-4.831667766719555,0.37876572097104416,-0.1372324539462879,-0.17666815060162594,0.0856975723895876,0.23983620941795847,0.030710734132787364,0.6384907867797601,0.005264697279906405,1.5857706931851419
f_bounce_off_7d_low,0.05,none,4.0,none,3419,-0.004350747204944547,-4.846047109111581,0.37613337233109095,-0.21052329403586478,-0.26737065101894897,0.0,0.12255045334893244,0.0,0.8686750511845569,0.008774495466510676,3.659257092717169
f_bounce_off_7d_low,0.03,0.05,4.0,0.08,3419,-0.0032059769391343472,-4.8483077419525475,0.38110558642878034,-0.1507076885910944,-0.20681169202217858,0.12430535244223458,0.3144194208832992,0.0324656332260895,0.5235448961684703,0.005264697279906405,2.757458321146534
f_bounce_off_7d_low,none,0.08,8.0,0.08,3419,-0.005182675852921827,-4.875750974140751,0.32143901725650775,-0.2083568841053609,-0.2397356407856572,0.0856975723895876,0.0,0.17578239251243052,0.7306229891781223,0.007897045919859609,6.657429072828313
f_bounce_off_7d_low,0.08,0.08,8.0,0.08,3419,-0.005287202874781078,-4.9685397682079895,0.32143901725650775,-0.2140958204611203,-0.2452471000322301,0.0856975723895876,0.023691137759578824,0.1520912547528517,0.7306229891781223,0.007897045919859609,6.657429072828313
f_bounce_off_7d_low,0.03,0.1,none,0.05,3419,-0.00607613403983606,-5.0066451417747695,0.2781515062883884,-0.21804479496808193,-0.2838567251275219,0.04972214097689383,0.4887393974846446,0.3539046504825972,0.0,0.10763381105586428,7.778736472652822
f_bounce_off_7d_low,0.03,0.15,2.0,none,3419,-0.003655753438721511,-5.066414730367805,0.3647265282246271,-0.1607492297522286,-0.1915162049728797,0.014916642293068149,0.25563030125767766,0.0,0.7233109096226967,0.006142146826557473,1.69106463878327
f_bounce_off_7d_low,0.03,0.08,4.0,none,3419,-0.0033667449667573747,-5.066944680744045,0.3656039777712782,-0.18200770463573335,-0.23327666657889912,0.07897045919859608,0.3302135127230184,0.0,0.5846738812518281,0.006142146826557473,2.9218338695525006
f_bounce_off_7d_low,none,0.1,8.0,0.08,3419,-0.005618687704253371,-5.067851783844309,0.3170517695232524,-0.21807541590105073,-0.25536984258211604,0.048259725065808716,0.0,0.18806668616554548,0.7557765428487861,0.007897045919859609,6.777200935946183
f_bounce_off_7d_low,0.05,0.1,4.0,0.1,3419,-0.004531083961594508,-5.090082759142063,0.37876572097104416,-0.2139249779265141,-0.26900014124947097,0.0350979818660427,0.11465340742907283,0.0324656332260895,0.8098859315589354,0.007897045919859609,3.499341912840012
f_bounce_off_7d_low,0.03,0.1,none,0.08,3419,-0.006250909174676651,-5.121945011382733,0.2737642585551331,-0.24069890053567533,-0.3055778986772204,0.090962269669494,0.622989178122258,0.090962269669494,0.0,0.195086282538754,9.610266159695817
f_bounce_off_7d_low,0.08,0.1,8.0,0.08,3419,-0.005723214726112621,-5.160324830838946,0.3170517695232524,-0.22373942975168182,-0.26076370742660443,0.048259725065808716,0.023691137759578824,0.16437554840596666,0.7557765428487861,0.007897045919859609,6.777200935946183
f_bounce_off_7d_low,0.05,0.08,2.0,0.1,3419,-0.004426570959717024,-5.1795863115346705,0.37876572097104416,-0.1924498299784324,-0.23435206863579572,0.03685288095934484,0.08131032465633226,0.027200935946183096,0.8467388125182802,0.007897045919859609,1.8065223749634396
f_bounce_off_7d_low,none,none,8.0,0.1,3419,-0.006265854358038535,-5.268312460847571,0.3109096226966949,-0.22811378406782223,-0.23499014774509322,0.0,0.0,0.11757823925124306,0.8736472652822462,0.008774495466510676,7.323047674758701
f_bounce_off_7d_low,0.03,0.08,none,0.08,3419,-0.005661948330295912,-5.290221094498818,0.28253875402164375,-0.23630386066101905,-0.3037079346427195,0.13454226381983037,0.6203568294823048,0.06727113190991518,0.0,0.1778297747879497,9.205396314711905
f_bounce_off_7d_low,0.03,0.15,none,0.05,3419,-0.006034149215850509,-5.297020223924896,0.2781515062883884,-0.22842378463792024,-0.2811664530905101,0.01842644047967242,0.4887393974846446,0.3834454518865165,0.0,0.10938871014916643,7.896241591108511
f_bounce_off_7d_low,none,0.1,2.0,0.05,3419,-0.0037219169321270253,-5.323145942810967,0.37613337233109095,-0.16470619732688985,-0.20708309525338978,0.0026323486399532025,0.0,0.22433460076045628,0.766013454226382,0.007019596373208541,1.6929657794676807
f_bounce_off_7d_low,0.03,0.1,4.0,none,3419,-0.0035783523893296687,-5.336926737019889,0.36033928049137176,-0.18707575735965987,-0.2333583927167439,0.051769523252412984,0.3337233109096227,0.0,0.6083650190114068,0.006142146826557473,2.9775519157648436
f_bounce_off_7d_low,none,0.1,4.0,0.05,3419,-0.003662406549085459,-5.337736060036672,0.3775957882421761,-0.18727436298939193,-0.24589193914382035,0.008774495466510676,0.0,0.30476747587013747,0.6794384322901433,0.007019596373208541,3.144194208832992
f_bounce_off_7d_low,none,0.15,8.0,0.1,3419,-0.006171623285527152,-5.340989151015329,0.3109096226966949,-0.22289169470664671,-0.23809857986441088,0.02456858730622989,0.0,0.11406844106463879,0.8525884761626207,0.008774495466510676,7.249561275226674
f_bounce_off_7d_low,0.03,none,none,0.05,3419,-0.006148193119481187,-5.344724775862982,0.2781515062883884,-0.23197313782590712,-0.2863393557210749,0.0,0.4887393974846446,0.39923954372623577,0.0,0.11202105878911962,7.958321146534074
f_bounce_off_7d_low,0.05,0.08,8.0,0.1,3419,-0.005814015991839336,-5.359445363976506,0.31617431997660134,-0.23320019078335208,-0.26480292484572504,0.09534951740274934,0.16291313249488154,0.0350979818660427,0.6987423223164668,0.007897045919859609,6.451082187774203
f_bounce_off_7d_low,0.05,none,2.0,none,3419,-0.004352533228693831,-5.373502408560048,0.37350102369113775,-0.19863768967791184,-0.23875159017371217,0.0,0.0856975723895876,0.0,0.9055279321439017,0.008774495466510676,1.8797894121088037
f_bounce_off_7d_low,0.08,none,8.0,0.1,3419,-0.006379714687698605,-5.387735084983651,0.3109096226966949,-0.2311449186992116,-0.23799427945344812,0.0,0.03597543141269377,0.09300965194501316,0.8622404211757824,0.008774495466510676,7.25394852295993
f_bounce_off_7d_low,0.03,0.15,none,0.08,3419,-0.005798817547606901,-5.408117607785806,0.2737642585551331,-0.2532889399982936,-0.30146316209423724,0.04738227551915765,0.622989178122258,0.11523837379350688,0.0,0.2143901725650775,10.02610412401287
f_bounce_off_7d_low,0.05,0.05,8.0,0.05,3419,-0.004966297524383059,-5.457814955930815,0.32816613044749926,-0.21272478238843917,-0.2374518909675322,0.11611582334015794,0.07721556010529394,0.31120210587891195,0.4884469143024276,0.007019596373208541,5.315662474407722
f_bounce_off_7d_low,0.08,0.15,8.0,0.1,3419,-0.006285483615187223,-5.460955671013779,0.3109096226966949,-0.22595560294602468,-0.24366518437895454,0.02456858730622989,0.03597543141269377,0.0894998537584089,0.8411816320561568,0.008774495466510676,7.180462123427903
f_bounce_off_7d_low,0.03,0.08,2.0,0.1,3419,-0.004150088065205935,-5.464430440852646,0.3664814273179292,-0.17232373392939027,-0.21017310021529803,0.0350979818660427,0.25124305352442233,0.020181339572974553,0.687335478210003,0.006142146826557473,1.6445598128107635
f_bounce_off_7d_low,none,0.08,2.0,0.05,3419,-0.00372008150986258,-5.472063772184919,0.37613337233109095,-0.1663197334901767,-0.20566319487841278,0.008774495466510676,0.0,0.22345715121380522,0.7607487569464756,0.007019596373208541,1.6907721556010529
f_bounce_off_7d_low,0.08,0.1,2.0,0.05,3419,-0.004111902186087522,-5.473751551952176,0.37613337233109095,-0.18814127131280967,-0.2293292393860973,0.0026323486399532025,0.01052939455981281,0.21380520620064347,0.766013454226382,0.007019596373208541,1.6929657794676807
f_bounce_off_7d_low,none,0.08,4.0,0.05,3419,-0.0035295490075727214,-5.482181477245454,0.3775957882421761,-0.18723949468200984,-0.24045057208889692,0.022813688212927757,0.0,0.30038022813688214,0.6697864872769815,0.007019596373208541,3.12818075460661
f_bounce_off_7d_low,none,none,2.0,0.05,3419,-0.0037626620019483646,-5.485940211520192,0.37613337233109095,-0.1670521164624501,-0.20708309525339016,0.0,0.0,0.22433460076045628,0.7686458028663352,0.007019596373208541,1.6938432290143317
f_bounce_off_7d_low,none,0.15,2.0,0.05,3419,-0.0037626620019483646,-5.485940211520192,0.37613337233109095,-0.1670521164624501,-0.20708309525339016,0.0,0.0,0.22433460076045628,0.7686458028663352,0.007019596373208541,1.6938432290143317
f_bounce_off_7d_low,0.08,0.1,4.0,0.05,3419,-0.004052391803045956,-5.536586720944343,0.3775957882421761,-0.21007893624575913,-0.26705173986115305,0.008774495466510676,0.01052939455981281,0.29423808131032464,0.6794384322901433,0.007019596373208541,3.144194208832992
f_bounce_off_7d_low,0.03,0.05,2.0,0.05,3419,-0.003732966377794436,-5.574633307072703,0.3673588768645803,-0.15715621723306372,-0.18759899159683316,0.04621234279028956,0.22667446621819246,0.10353904650482597,0.6183094472067856,0.005264697279906405,1.5557180462123428
f_bounce_off_7d_low,0.08,0.08,2.0,0.05,3419,-0.004110066763823077,-5.599872373734322,0.37613337233109095,-0.1897095379682363,-0.22794917585683097,0.008774495466510676,0.01052939455981281,0.21292775665399238,0.7607487569464756,0.007019596373208541,1.6907721556010529
f_bounce_off_7d_low,0.08,none,2.0,0.05,3419,-0.004152647255908861,-5.613482790688381,0.37613337233109095,-0.1904213731415363,-0.2293292393860977,0.0,0.01052939455981281,0.21380520620064347,0.7686458028663352,0.007019596373208541,1.6938432290143317
f_bounce_off_7d_low,0.08,0.15,2.0,0.05,3419,-0.004152647255908861,-5.613482790688381,0.37613337233109095,-0.1904213731415363,-0.2293292393860977,0.0,0.01052939455981281,0.21380520620064347,0.7686458028663352,0.007019596373208541,1.6938432290143317
f_bounce_off_7d_low,0.03,none,2.0,none,3419,-0.003971473206143671,-5.618926747766651,0.36297162913132497,-0.17350944247028877,-0.2038311803310572,0.0,0.25563030125767766,0.0,0.7382275519157648,0.006142146826557473,1.7090523544896168
f_bounce_off_7d_low,0.05,0.1,2.0,0.1,3419,-0.0047583943314586374,-5.625694345625608,0.3752559227844399,-0.20478054327896178,-0.23964014037711312,0.01842644047967242,0.08218777420298333,0.029833284586136297,0.8616554548113483,0.007897045919859609,1.8229745539631472
f_bounce_off_7d_low,none,0.1,8.0,0.05,3419,-0.004672873108497712,-5.627489399219449,0.3211465340742907,-0.20815647727414366,-0.24272829169960855,0.02105878911962562,0.0,0.44252705469435505,0.5293945598128108,0.007019596373208541,5.599809885931559
f_bounce_off_7d_low,0.05,0.05,2.0,0.05,3419,-0.003983027158430435,-5.641470084970458,0.37613337233109095,-0.18057880498626866,-0.21147960028107557,0.04708979233694063,0.056156770985668326,0.15677098566832406,0.7329628546358584,0.007019596373208541,1.6666422930681486
f_bounce_off_7d_low,none,0.15,4.0,0.05,3419,-0.00362136271651699,-5.658042947496283,0.3775957882421761,-0.18995853178664424,-0.24365543316789376,0.0026323486399532025,0.0,0.3073998245100907,0.6829482304767476,0.007019596373208541,3.1525299795261774
f_bounce_off_7d_low,0.08,0.08,4.0,0.05,3419,-0.003919534261533218,-5.661134608699204,0.3775957882421761,-0.2100450463212825,-0.2617630541638343,0.022813688212927757,0.01052939455981281,0.2898508335770693,0.6697864872769815,0.007019596373208541,3.12818075460661
f_bounce_off_7d_low,0.05,0.08,4.0,0.08,3419,-0.004164314135369806,-5.6677736528182585,0.37876572097104416,-0.22146842640994546,-0.27678861959923556,0.051769523252412984,0.10236911377595788,0.06844106463878327,0.7695232524129862,0.007897045919859609,3.4065516232816613
f_bounce_off_7d_low,0.03,0.08,none,0.05,3419,-0.006021304501941415,-5.677056722749797,0.2781515062883884,-0.23163868531726495,-0.28359091300658656,0.08540508920737058,0.4887393974846446,0.324948815443112,0.0,0.10090669786487277,7.6088037437847325
f_bounce_off_7d_low,none,none,4.0,0.05,3419,-0.0036496222286143023,-5.700460783930439,0.3775957882421761,-0.1915153518171795,-0.24519749046016567,0.0,0.0,0.3073998245100907,0.6855805791167008,0.007019596373208541,3.1545042410061424
f_bounce_off_7d_low,0.03,0.05,8.0,none,3419,-0.0048440162656187636,-5.738505764029005,0.3325533781807546,-0.18656142453066382,-0.22051174250178143,0.19684118163205616,0.41912840011699326,0.0,0.37876572097104416,0.005264697279906405,4.577873647265283
f_bounce_off_7d_low,0.03,0.05,8.0,0.1,3419,-0.004835064001313841,-5.741029177411662,0.3299210295408014,-0.1863600786483378,-0.22050535972565705,0.1766598420590816,0.41912840011699326,0.020181339572974553,0.37876572097104416,0.005264697279906405,4.577873647265283
f_bounce_off_7d_low,0.03,0.05,4.0,0.05,3419,-0.003825853416261116,-5.797494171036209,0.36531149458906115,-0.1774982175339429,-0.22414685107982565,0.07780052646972799,0.2924831822170225,0.129862532904358,0.4945890611289851,0.005264697279906405,2.679584673881252
f_bounce_off_7d_low,0.08,0.15,4.0,0.05,3419,-0.004011347970477485,-5.817143722629619,0.3775957882421761,-0.21268778894470997,-0.264877988844642,0.0026323486399532025,0.01052939455981281,0.29687042995027785,0.6829482304767476,0.007019596373208541,3.1525299795261774
f_bounce_off_7d_low,0.08,0.1,8.0,0.05,3419,-0.005062858362458209,-5.8323808057201605,0.3211465340742907,-0.23036174997348147,-0.2639640842617777,0.02105878911962562,0.01052939455981281,0.43199766013454227,0.5293945598128108,0.007019596373208541,5.599809885931559
f_bounce_off_7d_low,0.05,0.1,4.0,0.08,3419,-0.004552749496214937,-5.833426552256312,0.37613337233109095,-0.23106531112436945,-0.28819902264558966,0.027200935946183096,0.10324656332260895,0.07195086282538754,0.7897045919859608,0.007897045919859609,3.4438432290143317
f_bounce_off_7d_low,0.05,none,4.0,0.1,3419,-0.004858740126284208,-5.840565256176625,0.3778882714243931,-0.23528806920535883,-0.2842532080805052,0.0,0.11465340742907283,0.0350979818660427,0.8423515647850248,0.007897045919859609,3.568660427025446
f_bounce_off_7d_low,0.03,0.1,8.0,none,3419,-0.00568598797719972,-5.853202562568518,0.27932143901725653,-0.21003034399000542,-0.23089101224255992,0.07195086282538754,0.4504241006142147,0.0,0.4714828897338403,0.006142146826557473,5.163790582041533
f_bounce_off_7d_low,none,0.08,8.0,0.05,3419,-0.00456716143241811,-5.856097414462012,0.3211465340742907,-0.2090402847128724,-0.23480033487081742,0.04708979233694063,0.0,0.43199766013454227,0.5138929511553085,0.007019596373208541,5.534001169932729
f_bounce_off_7d_low,0.08,none,4.0,0.05,3419,-0.0040396074825747984,-5.856768613098536,0.3775957882421761,-0.2142009255785159,-0.26637677697339057,0.0,0.01052939455981281,0.29687042995027785,0.6855805791167008,0.007019596373208541,3.1545042410061424
f_bounce_off_7d_low,0.03,0.08,8.0,none,3419,-0.005517342821834945,-5.864289512538535,0.2880959344837672,-0.21418284859792425,-0.23799544784515947,0.10938871014916643,0.4442819537876572,0.0,0.44018718923661887,0.006142146826557473,5.0027785902310615
f_bounce_off_7d_low,0.05,0.1,8.0,0.1,3419,-0.0064934077760972955,-5.879276022614601,0.30564492541678856,-0.2488600637676196,-0.2789485242029996,0.056156770985668326,0.1646680315881837,0.04211757823925124,0.7291605732670371,0.007897045919859609,6.602442234571512
f_bounce_off_7d_low,0.08,0.08,8.0,0.05,3419,-0.004957146686378607,-6.035525554359227,0.3211465340742907,-0.23122075801410857,-0.25625843243821567,0.04708979233694063,0.01052939455981281,0.42146826557472944,0.5138929511553085,0.007019596373208541,5.534001169932729
f_bounce_off_7d_low,0.03,0.08,4.0,0.1,3419,-0.0040324904046607785,-6.050047029560326,0.3620941795846739,-0.20955867507225223,-0.2583931447773793,0.05791167007897046,0.3302135127230184,0.02105878911962562,0.5846738812518281,0.006142146826557473,2.9218338695525006
f_bounce_off_7d_low,0.05,0.15,4.0,0.1,3419,-0.004839773599362067,-6.09229160826565,0.3778882714243931,-0.24010879525900908,-0.289049515810621,0.012284293653114946,0.11465340742907283,0.034220532319391636,0.830944720678561,0.007897045919859609,3.553524422345715
f_bounce_off_7d_low,none,0.15,8.0,0.08,3419,-0.006031151411440309,-6.103067915209148,0.3170517695232524,-0.24072737363671082,-0.25516794296838524,0.019303890026323486,0.0,0.20298332845861364,0.7698157355952032,0.007897045919859609,6.87284293653115
f_bounce_off_7d_low,0.08,0.15,8.0,0.08,3419,-0.006135678433299561,-6.174577809719022,0.3170517695232524,-0.24624771742342677,-0.2605832956038087,0.019303890026323486,0.023691137759578824,0.1792921906990348,0.7698157355952032,0.007897045919859609,6.87284293653115
f_bounce_off_7d_low,0.03,0.1,2.0,0.1,3419,-0.004519546882312695,-6.2083795186067725,0.36297162913132497,-0.187864546923444,-0.21791859496756885,0.016671541386370285,0.25387540216437554,0.02105878911962562,0.7022521205030711,0.006142146826557473,1.6607926294238082
f_bounce_off_7d_low,none,none,8.0,0.08,3419,-0.006133281471120825,-6.20873702784898,0.3170517695232524,-0.24982770814670663,-0.26019134866800087,0.0,0.0,0.21000292483182217,0.7821000292483182,0.007897045919859609,6.91890903773033
f_bounce_off_7d_low,0.05,none,4.0,0.08,3419,-0.004808360608837689,-6.265352309735027,0.37613337233109095,-0.2437714649528584,-0.2957224923309273,0.0,0.10324656332260895,0.07809300965194502,0.8107633811055864,0.007897045919859609,3.489470605440187
f_bounce_off_7d_low,0.03,0.1,2.0,0.05,3419,-0.0041604759962409225,-6.265580685208612,0.3656039777712782,-0.18249634739535148,-0.21973144198946293,0.0026323486399532025,0.22667446621819246,0.11494589061128985,0.650482597250658,0.005264697279906405,1.5816028078385493
f_bounce_off_7d_low,0.05,0.08,2.0,0.08,3419,-0.004675811349537063,-6.267382186607543,0.3752559227844399,-0.21699847102049785,-0.2536889264882168,0.027200935946183096,0.0751681778297748,0.05352442234571512,0.8362094179584674,0.007897045919859609,1.7966510675636151
f_bounce_off_7d_low,0.08,none,8.0,0.08,3419,-0.006237808492980076,-6.279241696759485,0.3170517695232524,-0.2552829751975997,-0.2655712511296161,0.0,0.023691137759578824,0.18631178707224336,0.7821000292483182,0.007897045919859609,6.91890903773033
f_bounce_off_7d_low,0.05,0.1,2.0,0.08,3419,-0.004840580133053234,-6.30403975744648,0.37350102369113775,-0.2224710489004369,-0.25980739247209167,0.012284293653114946,0.07604562737642585,0.056156770985668326,0.8476162620649312,0.007897045919859609,1.8054255630301257
f_bounce_off_7d_low,0.05,0.15,2.0,0.1,3419,-0.004927220616274624,-6.370686480787451,0.3752559227844399,-0.22441897230802021,-0.2563241991516175,0.004387247733255338,0.08218777420298333,0.030710734132787364,0.8748171980111143,0.007897045919859609,1.8383299210295407
f_bounce_off_7d_low,0.05,0.1,2.0,0.05,3419,-0.004423592716631001,-6.379452984181117,0.37437847323778883,-0.20634909114262812,-0.2437576938789499,0.0026323486399532025,0.056156770985668326,0.16817782977478796,0.766013454226382,0.007019596373208541,1.6929657794676807
f_bounce_off_7d_low,0.05,none,8.0,none,3419,-0.006381857885360884,-6.418060833309652,0.29423808131032464,-0.25986691541903983,-0.25912483988817975,0.0,0.17607487569464755,0.0,0.8151506288388418,0.008774495466510676,7.040508920737057
f_bounce_off_7d_low,0.05,0.1,4.0,0.05,3419,-0.004445647031266164,-6.445913126213428,0.3758408891488739,-0.23288357379344238,-0.2855128564989428,0.008774495466510676,0.06668616554548114,0.23808131032465632,0.6794384322901433,0.007019596373208541,3.144194208832992
f_bounce_off_7d_low,0.03,0.08,2.0,0.05,3419,-0.0041586405739764765,-6.44918116899542,0.3656039777712782,-0.184071357265834,-0.21833204029211223,0.008774495466510676,0.22667446621819246,0.11406844106463879,0.6452178999707516,0.005264697279906405,1.5794091839719215
f_bounce_off_7d_low,0.03,none,2.0,0.05,3419,-0.004201221066062261,-6.457575761519978,0.3656039777712782,-0.18479083234587246,-0.2197314419894633,0.0,0.22667446621819246,0.11494589061128985,0.6531149458906113,0.005264697279906405,1.5824802573852004
f_bounce_off_7d_low,0.03,0.15,2.0,0.05,3419,-0.004201221066062261,-6.457575761519978,0.3656039777712782,-0.18479083234587246,-0.2197314419894633,0.0,0.22667446621819246,0.11494589061128985,0.6531149458906113,0.005264697279906405,1.5824802573852004
f_bounce_off_7d_low,none,0.15,8.0,0.05,3419,-0.004773684261351297,-6.46543718979347,0.3211465340742907,-0.21911225704873916,-0.24179408908844705,0.005264697279906405,0.0,0.45130155016086576,0.5364141561860193,0.007019596373208541,5.624378473237789
f_bounce_off_7d_low,0.03,0.05,8.0,0.08,3419,-0.004988030202606231,-6.482372646858788,0.32553378180754605,-0.20189482955889393,-0.23199924101591252,0.1626206493126645,0.41912840011699326,0.034220532319391636,0.37876572097104416,0.005264697279906405,4.577873647265283
f_bounce_off_7d_low,0.03,0.08,2.0,0.08,3419,-0.004353523587822212,-6.48331289527621,0.3647265282246271,-0.19336103254933013,-0.22461646421085843,0.026323486399532026,0.2494881544311202,0.03334308277274057,0.6847031295700498,0.006142146826557473,1.6403919274641707
f_bounce_off_7d_low,0.03,0.15,4.0,none,3419,-0.003991668924432105,-6.494580330761576,0.35595203275811643,-0.2188122687879983,-0.2578360877146904,0.023691137759578824,0.33811055864287803,0.0,0.6320561567709857,0.006142146826557473,3.0545481134834747
f_bounce_off_7d_low,0.05,none,2.0,0.1,3419,-0.005038064998632905,-6.498456968887834,0.3752559227844399,-0.22755606977635578,-0.25933224523423837,0.0,0.08218777420298333,0.031588183679438435,0.8783269961977186,0.007897045919859609,1.8394267329628546
f_bounce_off_7d_low,0.05,0.15,8.0,none,3419,-0.006019125727034188,-6.499387220222061,0.29774787949692894,-0.25215673080297774,-0.2550277251954685,0.037730330505995904,0.17431997660134543,0.0,0.779175197426148,0.008774495466510676,6.864799649020181
f_bounce_off_7d_low,none,none,8.0,0.05,3419,-0.004828279989510589,-6.501131025807334,0.3211465340742907,-0.22221970228285748,-0.24530566642095844,0.0,0.0,0.45481134834747,0.5381690552793215,0.007019596373208541,5.633372331090962
f_bounce_off_7d_low,0.05,0.08,2.0,0.05,3419,-0.0044217572943665556,-6.528095223179812,0.37437847323778883,-0.20788280064601328,-0.2424039880826211,0.008774495466510676,0.056156770985668326,0.16730038022813687,0.7607487569464756,0.007019596373208541,1.6907721556010529
f_bounce_off_7d_low,0.05,none,2.0,0.05,3419,-0.00446433778645234,-6.540944005368272,0.37437847323778883,-0.20857809363671898,-0.24375769387895013,0.0,0.056156770985668326,0.16817782977478796,0.7686458028663352,0.007019596373208541,1.6938432290143317
f_bounce_off_7d_low,0.05,0.15,2.0,0.05,3419,-0.00446433778645234,-6.540944005368272,0.37437847323778883,-0.20857809363671898,-0.24375769387895013,0.0,0.056156770985668326,0.16817782977478796,0.7686458028663352,0.007019596373208541,1.6938432290143317
f_bounce_off_7d_low,0.08,0.15,8.0,0.05,3419,-0.005163669515311793,-6.583819489111155,0.3211465340742907,-0.24101030228387832,-0.26305607902818073,0.005264697279906405,0.01052939455981281,0.44077215560105293,0.5364141561860193,0.007019596373208541,5.624378473237789
f_bounce_off_7d_low,0.05,0.15,4.0,0.08,3419,-0.004833069670128179,-6.589934460731682,0.37613337233109095,-0.25017227378637863,-0.30208187648619544,0.008774495466510676,0.10324656332260895,0.07633811055864288,0.8037437847323778,0.007897045919859609,3.482012284293653
f_bounce_off_7d_low,0.05,0.08,4.0,0.05,3419,-0.004312789489753425,-6.599644288334167,0.3758408891488739,-0.23285081367307214,-0.2803575641581948,0.022813688212927757,0.06668616554548114,0.233694062591401,0.6697864872769815,0.007019596373208541,3.12818075460661
f_bounce_off_7d_low,0.03,0.1,2.0,0.08,3419,-0.004551916237966054,-6.604822085679555,0.3620941795846739,-0.2010435275817729,-0.23293893593675022,0.011406844106463879,0.25124305352442233,0.0350979818660427,0.6961099736765136,0.006142146826557473,1.6491664229306815
f_bounce_off_7d_low,0.03,none,4.0,none,3419,-0.004325228268488068,-6.608879962337796,0.35507458321146534,-0.22443919376714594,-0.2615216245648452,0.0,0.3389880081895291,0.0,0.6548698449839134,0.006142146826557473,3.107633811055864
f_bounce_off_7d_low,0.08,none,8.0,0.05,3419,-0.005218265243471087,-6.6218057739416345,0.3211465340742907,-0.2440306069822198,-0.2664691829501821,0.0,0.01052939455981281,0.4442819537876572,0.5381690552793215,0.007019596373208541,5.633372331090962
f_bounce_off_7d_low,0.05,0.15,2.0,0.08,3419,-0.004887965625324305,-6.622347344041855,0.37350102369113775,-0.22935052479697393,-0.2642892959787082,0.0026323486399532025,0.07604562737642585,0.056156770985668326,0.857268207078093,0.007897045919859609,1.8142000584966365
f_bounce_off_7d_low,0.05,none,2.0,0.08,3419,-0.004945926997069077,-6.643155196755628,0.37350102369113775,-0.229915775119528,-0.2648289196677335,0.0,0.07604562737642585,0.05791167007897046,0.8581456566247441,0.007897045919859609,1.814638783269962
f_bounce_off_7d_low,0.03,0.15,2.0,0.1,3419,-0.00458752753532338,-6.705928623671396,0.36297162913132497,-0.20022990587435652,-0.2276476544877924,0.004387247733255338,0.25387540216437554,0.02105878911962562,0.7145364141561861,0.006142146826557473,1.675051184556888
f_bounce_off_7d_low,0.05,0.15,4.0,0.05,3419,-0.004404603198697693,-6.783833343966059,0.3758408891488739,-0.23540919568904461,-0.2833864736678667,0.0026323486399532025,0.06668616554548114,0.24071365896460953,0.6829482304767476,0.007019596373208541,3.1525299795261774
f_bounce_off_7d_low,0.03,0.08,8.0,0.1,3419,-0.0061830882597383495,-6.810347871482379,0.2845861362971629,-0.2406776358551722,-0.26325537521838327,0.0883299210295408,0.4442819537876572,0.02105878911962562,0.44018718923661887,0.006142146826557473,5.0027785902310615
f_bounce_off_7d_low,0.05,0.1,8.0,0.05,3419,-0.005522052059723038,-6.81642209437603,0.3193916349809886,-0.2559460274742079,-0.2858369984364631,0.02105878911962562,0.07721556010529394,0.36531149458906115,0.5293945598128108,0.007019596373208541,5.599809885931559
f_bounce_off_7d_low,0.05,none,4.0,0.05,3419,-0.004432862710795006,-6.81890346479201,0.3758408891488739,-0.23688438214370044,-0.2848528806455837,0.0,0.06668616554548114,0.24071365896460953,0.6855805791167008,0.007019596373208541,3.1545042410061424
f_bounce_off_7d_low,0.03,0.15,2.0,0.08,3419,-0.004566803598879676,-6.846323115272214,0.3620941795846739,-0.20570084851056014,-0.23525830598275554,0.0026323486399532025,0.25124305352442233,0.0350979818660427,0.7048844691430243,0.006142146826557473,1.6572828312372039
f_bounce_off_7d_low,0.03,0.1,4.0,0.1,3419,-0.0046148908891196,-6.849874438568209,0.35682948230476746,-0.22999094789562402,-0.2725941430444385,0.031588183679438435,0.3337233109096227,0.02193623866627669,0.6066101199181048,0.006142146826557473,2.972287218484937
f_bounce_off_7d_low,0.03,none,2.0,0.1,3419,-0.004698371917681662,-6.855567689259571,0.36297162913132497,-0.20347115219095113,-0.23077778427558035,0.0,0.25387540216437554,0.02193623866627669,0.7180462123427903,0.006142146826557473,1.6761479964902017
f_bounce_off_7d_low,0.03,none,2.0,0.08,3419,-0.00462476497062445,-6.87003079050712,0.3620941795846739,-0.20628394198208821,-0.2358197013818951,0.0,0.25124305352442233,0.03685288095934484,0.7057619186896753,0.006142146826557473,1.6577215560105294
f_bounce_off_7d_low,0.03,0.05,8.0,0.05,3419,-0.005460854527321173,-7.039815727838881,0.30798479087452474,-0.21442177529937667,-0.23897840873463835,0.11260602515355367,0.37613337233109095,0.17198011114360925,0.33401579409183974,0.005264697279906405,4.358949985375841
f_bounce_off_7d_low,0.05,0.08,8.0,0.05,3419,-0.005416340383643437,-7.072814587189237,0.3193916349809886,-0.25676477382801244,-0.2783489702663537,0.04708979233694063,0.07721556010529394,0.3547821000292483,0.5138929511553085,0.007019596373208541,5.534001169932729
f_bounce_off_7d_low,0.03,0.1,4.0,0.05,3419,-0.00434729005083007,-7.2073892533825985,0.36267914594910794,-0.2272200549553104,-0.2767243950870541,0.008774495466510676,0.2924831822170225,0.155893536121673,0.5375840889148874,0.005264697279906405,2.77456858730623
f_bounce_off_7d_low,0.03,0.08,4.0,0.08,3419,-0.0042748258821576676,-7.212424451949942,0.3594618309447207,-0.23151871958668313,-0.2739353030518397,0.048259725065808716,0.3275811640830652,0.037730330505995904,0.5802866335185727,0.006142146826557473,2.9106463878326996
f_bounce_off_7d_low,0.05,0.08,8.0,0.08,3419,-0.006198354040069834,-7.2694802713014255,0.3100321731500439,-0.27972986529798594,-0.30543796624627717,0.08131032465633226,0.1444866920152091,0.09534951740274934,0.6709564200058497,0.007897045919859609,6.3300672711319095
f_bounce_off_7d_low,0.05,none,8.0,0.1,3419,-0.007061805645590874,-7.2979319096750945,0.30038022813688214,-0.28235386822818664,-0.2823300416995181,0.0,0.1646680315881837,0.05352442234571512,0.7739105001462416,0.007897045919859609,6.814565662474408
f_bounce_off_7d_low,0.03,0.1,8.0,0.1,3419,-0.006799411098608996,-7.373446660735179,0.27493419128400115,-0.253124572329981,-0.27284725459261705,0.051769523252412984,0.44954665106756364,0.023691137759578824,0.4688505410938871,0.006142146826557473,5.149970751681778
f_bounce_off_7d_low,0.05,0.1,8.0,0.08,3419,-0.0066452028611548725,-7.419589906473092,0.30476747587013747,-0.2885314813701786,-0.3198036986738753,0.045627376425855515,0.1453641415618602,0.10587891196256215,0.6952325241298626,0.007897045919859609,6.446768060836502
f_bounce_off_7d_low,0.03,0.08,4.0,0.05,3419,-0.004214432509317333,-7.456433804311653,0.36267914594910794,-0.22716928978049356,-0.27149198596702384,0.022813688212927757,0.2924831822170225,0.15150628838841768,0.5279321439017256,0.005264697279906405,2.758555133079848
f_bounce_off_7d_low,0.03,0.1,4.0,0.08,3419,-0.004697455808522599,-7.459547158173071,0.35595203275811643,-0.24338908558265948,-0.2874751894170603,0.02456858730622989,0.3293360631763674,0.040362679145949105,0.5995905235448962,0.006142146826557473,2.947718631178707
f_bounce_off_7d_low,0.03,none,4.0,0.1,3419,-0.004838926982754287,-7.58814527320838,0.35595203275811643,-0.24376731486314596,-0.27869328614601035,0.0,0.3337233109096227,0.023691137759578824,0.636443404504241,0.006142146826557473,3.037218484937116
f_bounce_off_7d_low,0.05,0.15,8.0,0.1,3419,-0.007026386353475406,-7.663123744149883,0.30038022813688214,-0.284646383713163,-0.2880827756648635,0.022813688212927757,0.1646680315881837,0.051769523252412984,0.752851711026616,0.007897045919859609,6.7415179877157065
f_bounce_off_7d_low,0.03,0.15,4.0,0.05,3419,-0.004306246218261602,-7.677887082947921,0.36267914594910794,-0.22976624743034357,-0.27457787302359066,0.0026323486399532025,0.2924831822170225,0.1585258847616262,0.5410938871014916,0.005264697279906405,2.782904357999415
f_bounce_off_7d_low,0.05,0.15,8.0,0.05,3419,-0.0056228632125766235,-7.68911712554709,0.3193916349809886,-0.2662374334801061,-0.28495288971176946,0.005264697279906405,0.07721556010529394,0.3740859900555718,0.5364141561860193,0.007019596373208541,5.624378473237789
f_bounce_off_7d_low,0.05,none,8.0,0.05,3419,-0.005677458940735916,-7.709724037641932,0.3193916349809886,-0.2691660780190889,-0.28827307996651336,0.0,0.07721556010529394,0.3775957882421761,0.5381690552793215,0.007019596373208541,5.633372331090962
f_bounce_off_7d_low,0.03,none,4.0,0.05,3419,-0.004334505730358914,-7.719278266276803,0.36267914594910794,-0.2312477391812061,-0.27605794203043504,0.0,0.2924831822170225,0.1585258847616262,0.5437262357414449,0.005264697279906405,2.7848786194793798
f_bounce_off_7d_low,0.03,0.1,8.0,0.05,3419,-0.0059678805800189435,-7.785792407362705,0.299210295408014,-0.2545800788973218,-0.28439464975202444,0.020181339572974553,0.37613337233109095,0.22433460076045628,0.3740859900555718,0.005264697279906405,4.638710149166423
f_bounce_off_7d_low,0.03,0.15,4.0,0.1,3419,-0.004819991200385288,-7.92091619993888,0.35595203275811643,-0.2485832046946005,-0.2835721695223909,0.011406844106463879,0.3337233109096227,0.022813688212927757,0.6259140099444281,0.006142146826557473,3.023179292190699
f_bounce_off_7d_low,0.03,none,8.0,none,3419,-0.006423745541484008,-7.943583765100246,0.2661596958174905,-0.2563769329656337,-0.25418488599682826,0.0,0.4583211465340743,0.0,0.5355367066393683,0.006142146826557473,5.512357414448669
f_bounce_off_7d_low,0.03,none,4.0,0.08,3419,-0.004914024567300726,-8.017424725718861,0.35595203275811643,-0.2534340732347842,-0.29043847300102976,0.0,0.3293360631763674,0.045627376425855515,0.6188944135712197,0.006142146826557473,2.9900555718046213
f_bounce_off_7d_low,0.03,0.08,8.0,0.05,3419,-0.005844619913006321,-8.171506424804697,0.299210295408014,-0.2546234375369988,-0.2761427847725251,0.04621234279028956,0.37613337233109095,0.21380520620064347,0.3585843813980696,0.005264697279906405,4.573120795554256
f_bounce_off_7d_low,0.03,0.15,4.0,0.08,3419,-0.004938764373144358,-8.431310288931224,0.35595203275811643,-0.25980219168623475,-0.2968913417065029,0.007897045919859609,0.3293360631763674,0.04387247733255338,0.6127522667446622,0.006142146826557473,2.983694062591401
f_bounce_off_7d_low,0.05,none,8.0,0.08,3419,-0.006990296593543469,-8.485502070203628,0.30476747587013747,-0.3076924803962786,-0.3145080719359708,0.0,0.1453641415618602,0.12518280198888565,0.7215560105293946,0.007897045919859609,6.5873793506873355
f_bounce_off_7d_low,0.03,0.15,8.0,none,3419,-0.006408291965030298,-8.53179560022305,0.2679145949107926,-0.2609554275859415,-0.25930241703056994,0.034220532319391636,0.4574436969874232,0.0,0.5021936238666277,0.006142146826557473,5.353758408891489
f_bounce_off_7d_low,0.03,0.08,8.0,0.08,3419,-0.006547059800035519,-8.656817171483084,0.2819537876572097,-0.27471093561594084,-0.29112277028388944,0.07604562737642585,0.43667739105001463,0.050599590523544895,0.4305352442234571,0.006142146826557473,4.968704299502779
f_bounce_off_7d_low,0.03,none,8.0,0.1,3419,-0.007104408582336772,-8.706394032785848,0.2705469435507458,-0.27340652978636537,-0.2702013738733499,0.0,0.44954665106756364,0.0324656332260895,0.5118455688797894,0.006142146826557473,5.35068733547821
f_bounce_off_7d_low,0.05,0.15,8.0,0.08,3419,-0.006966287848338986,-8.713780389882125,0.30476747587013747,-0.3062048390607023,-0.31666083203548734,0.01842644047967242,0.1453641415618602,0.11904065516232816,0.7092717168762797,0.007897045919859609,6.541532611874818
f_bounce_off_7d_low,0.03,0.1,8.0,0.08,3419,-0.0070040818535247575,-8.838447835257224,0.27581164083065224,-0.2842009565089445,-0.3049818774167961,0.04211757823925124,0.43930973968996784,0.058496636443404505,0.45393389880081897,0.006142146826557473,5.083869552500731
f_bounce_off_7d_low,0.03,0.15,8.0,0.05,3419,-0.006067591482657292,-8.9883983372507,0.299210295408014,-0.26484950514899697,-0.28347886380336307,0.005264697279906405,0.37613337233109095,0.23310909622696696,0.38022813688212925,0.005264697279906405,4.6626206493126645
f_bounce_off_7d_low,0.03,none,8.0,0.05,3419,-0.006122187210816586,-8.995336172390042,0.299210295408014,-0.2677733728617482,-0.28679426770267175,0.0,0.37613337233109095,0.23661889441357123,0.38198303597543143,0.005264697279906405,4.671614507165838
f_bounce_off_7d_low,0.03,0.15,8.0,0.1,3419,-0.00713573571509094,-9.418156371863292,0.2705469435507458,-0.2792924703654972,-0.2759566354593405,0.02193623866627669,0.44954665106756364,0.030710734132787364,0.49166422930681486,0.006142146826557473,5.282246270839427
f_bounce_off_7d_low,0.03,none,8.0,0.08,3419,-0.007187131063852698,-10.189153518198124,0.27581164083065224,-0.29664487110412063,-0.2954495957594286,0.0,0.43930973968996784,0.0751681778297748,0.4793799356536999,0.006142146826557473,5.2154869844983915
f_bounce_off_7d_low,0.03,0.15,8.0,0.08,3419,-0.007235956165039817,-10.748007129264275,0.27581164083065224,-0.2989143518287718,-0.2975691305187674,0.01754899093302135,0.43930973968996784,0.06990348054986838,0.46709564200058495,0.006142146826557473,5.174246855805791
f_qv_surge_30d,none,0.1,none,none,3747,0.0014628982864531655,1.924268982375129,0.426207632772885,0.12453770862275126,-0.10799964087974921,0.17053642914331466,0.0,0.0,0.0,0.8294635708566853,20.02021617293835
f_qv_surge_30d,none,0.15,none,none,3747,0.0007826550023523308,1.2220674198158876,0.40859354149986654,0.07717159595086365,-0.12752638973003513,0.0944755804643715,0.0,0.0,0.0,0.9055244195356285,21.378502802241794
f_qv_surge_30d,none,0.08,none,none,3747,0.0005998664569599898,0.9732113790829415,0.43741659994662396,0.050766413676498034,-0.11905647464891797,0.2121697357886309,0.0,0.0,0.0,0.7878302642113691,19.165866026154255
f_qv_surge_30d,none,0.05,none,none,3747,0.0005394778676839585,0.9616478603912109,0.48865759274085935,0.0440647221036925,-0.13277847107222976,0.344275420336269,0.0,0.0,0.0,0.655724579663731,16.75900720576461
f_qv_surge_30d,0.08,0.1,none,none,3747,0.0003281438405953619,0.9453268051320813,0.4174005871363758,0.05212637159019984,-0.15186499341646736,0.16653322658126501,0.10968775020016013,0.0,0.0,0.7237790232185749,18.526020816653322
f_qv_surge_30d,0.08,0.15,none,none,3747,-0.0004652360558741614,0.3145707733854639,0.39978649586335735,0.005151028321865647,-0.1788454082324663,0.09207365892714171,0.11369095276220977,0.0,0.0,0.7942353883106485,19.82586068855084
f_qv_surge_30d,none,0.05,none,0.1,3747,-0.0003364068302523951,0.21305045743534612,0.4718441419802509,0.0017825748599233915,-0.13156235358208349,0.3042433947157726,0.0,0.11208967173738991,0.0,0.5836669335468375,15.859887910328263
f_qv_surge_30d,none,0.1,none,0.1,3747,-0.0010313953482236349,0.08447703433924937,0.39898585535094744,-0.008783371452238065,-0.1691354987800924,0.11929543634907927,0.0,0.16733386709367493,0.0,0.7133706965572458,18.41613290632506
f_qv_surge_30d,0.08,0.08,none,none,3747,-0.00033468417673147973,0.08443188465809089,0.4294101948225247,-0.008434166816271071,-0.16586777312569442,0.20816653322658127,0.10568454763811048,0.0,0.0,0.6861489191353083,17.72171070189485
f_qv_surge_30d,0.08,0.05,none,none,3747,-0.0005574273371767592,-0.1709041547756869,0.48065118761676007,-0.020998493835610255,-0.1558234729278453,0.33706965572457964,0.09287429943955164,0.0,0.0,0.5700560448358687,15.55164131305044
f_qv_surge_30d,none,0.08,none,0.1,3747,-0.0011120400067516278,-0.28786737617860836,0.4165999466239658,-0.031220035655249112,-0.17963530780668532,0.16733386709367493,0.0,0.1465172137710168,0.0,0.6861489191353083,17.83299973311983
f_qv_surge_30d,0.03,0.1,none,none,3747,-0.0009852700176184626,-0.42182381624997856,0.32425940752602084,-0.029081331425062085,-0.12139196383777365,0.13263944488924473,0.5431011475847345,0.0,0.0,0.32425940752602084,10.964104617026955
f_qv_surge_30d,none,none,none,none,3747,-0.0023720085137814476,-0.42340099358172195,0.40058713637576726,-0.057247044315264506,-0.21818339543908383,0.0,0.0,0.0,0.0,1.0,22.82899653055778
f_qv_surge_30d,0.08,0.1,none,0.1,3747,-0.0016664562222440445,-0.43809246482271075,0.39738457432612756,-0.04492861500053846,-0.19258722730335523,0.11929543634907927,0.07365892714171338,0.12409927942353884,0.0,0.6829463570856685,17.916733386709367
f_qv_surge_30d,0.08,0.05,none,0.1,3747,-0.0010761163039945624,-0.5040641171911135,0.4686415799306112,-0.0408697321712006,-0.16731289054076037,0.3010408326661329,0.07285828662930344,0.07045636509207366,0.0,0.55564451561249,15.38310648518815
f_qv_surge_30d,0.05,0.1,none,none,3747,-0.000654864098563119,-0.516932353220882,0.3901788097144382,-0.04508615352874312,-0.15004224746385708,0.1545236188951161,0.3090472377902322,0.0,0.0,0.5364291433146517,15.786028823058446
f_qv_surge_30d,none,0.15,none,0.1,3747,-0.0022987874684325536,-0.7057179275191738,0.3829730451027489,-0.06473677395749311,-0.2207318666238383,0.051240992794235385,0.0,0.20416333066453163,0.0,0.7445956765412329,19.056044835868693
f_qv_surge_30d,0.08,0.08,none,0.1,3747,-0.0017720964870131274,-0.8368327415101281,0.414998665599146,-0.06769856603358404,-0.20377484770248538,0.16653322658126501,0.07365892714171338,0.10328262610088071,0.0,0.6565252201761409,17.336602615425672
f_qv_surge_30d,0.03,0.15,none,none,3747,-0.0014765585563630468,-0.9081267227762667,0.3090472377902322,-0.058655417835128065,-0.13265763796345043,0.07339204697091006,0.5567120362957032,0.0,0.0,0.36989591673338673,11.894582332532693
f_qv_surge_30d,none,none,none,0.1,3747,-0.0028819532701931322,-1.0692033275695165,0.3829730451027489,-0.09180945104137606,-0.21692133656959933,0.0,0.0,0.23031758740325595,0.0,0.7696824125967441,19.38864424873232
f_qv_surge_30d,0.08,0.15,none,0.1,3747,-0.0029338483424529637,-1.176423393983473,0.381371764077929,-0.09887790356797521,-0.24277487294025227,0.051240992794235385,0.07365892714171338,0.16092874299439552,0.0,0.7141713370696557,18.556645316253004
f_qv_surge_30d,0.05,0.15,none,none,3747,-0.0018026891133940284,-1.2724997320410556,0.3725647184414198,-0.09997504897852616,-0.18015009066315876,0.08246597277822258,0.32185748598879105,0.0,0.0,0.5956765412329864,16.92333867093675
f_qv_surge_30d,0.08,none,none,none,3747,-0.003871966421879673,-1.3486556009224582,0.39178009073925807,-0.1315073306289517,-0.28158788978266514,0.0,0.11689351481184948,0.0,0.0,0.8831064851881505,21.210101414464905
f_qv_surge_30d,none,0.1,none,0.08,3747,-0.002682284064446506,-1.4501032905457085,0.3773685615158794,-0.10020417769561363,-0.22057816852013515,0.09607686148919135,0.0,0.31625300240192156,0.0,0.5876701361088871,16.239791833466775
f_qv_surge_30d,0.05,0.08,none,none,3747,-0.0013283923093582476,-1.4997079090348677,0.40218841740058714,-0.09829035743917736,-0.18690104356687812,0.19375500400320256,0.300240192153723,0.0,0.0,0.5060048038430744,15.106818788364025
f_qv_surge_30d,0.08,none,none,0.1,3747,-0.0035170141442135414,-1.5179652328250903,0.381371764077929,-0.12497067241771664,-0.23887879545511076,0.0,0.07365892714171338,0.18708299973311984,0.0,0.7392580731251668,18.889244729116626
f_qv_surge_30d,0.08,0.1,none,0.08,3747,-0.0028705623931169016,-1.5629293704745393,0.3773685615158794,-0.10744889317448436,-0.22601026985110192,0.09607686148919135,0.03763010408326661,0.27862289831865494,0.0,0.5876701361088871,16.239791833466775
f_qv_surge_30d,0.03,0.08,none,none,3747,-0.0017261980566395004,-1.6711898289944735,0.33466773418734985,-0.08315959638647064,-0.15340667290923563,0.1662663464104617,0.5358953829730451,0.0,0.0,0.2978382706164932,10.380704563650921
f_qv_surge_30d,none,0.05,2.0,none,3747,-0.0009590969226778974,-1.6718561238387237,0.40752602081665334,-0.053295432531931586,-0.08830810333768883,0.1577261809447558,0.0,0.0,0.8294635708566853,0.012810248198558846,1.795236188951161
f_qv_surge_30d,none,none,none,0.08,3747,-0.0033742899942101113,-1.7807007358902995,0.3773685615158794,-0.1299583835450896,-0.23947453149072107,0.0,0.0,0.3752335201494529,0.0,0.6247664798505471,16.825260208166533
f_qv_surge_30d,0.03,none,none,none,3747,-0.003803612322803669,-1.782156930025258,0.3042433947157726,-0.1206250350547311,-0.19773154828062234,0.0,0.5615158793701628,0.0,0.0,0.4384841206298372,12.953896450493728
f_qv_surge_30d,0.03,0.1,none,0.1,3747,-0.002514377942179431,-1.7848965827450498,0.3146517213771017,-0.09316542877364575,-0.16796338787592835,0.09821190285561783,0.5406992260475046,0.04083266613290633,0.0,0.32025620496397117,10.898652255137444
f_qv_surge_30d,none,0.15,none,0.08,3747,-0.0032974298072253982,-1.8211345770050775,0.3773685615158794,-0.12926715354417162,-0.2505766630550183,0.03763010408326661,0.0,0.35628502802241796,0.0,0.6060848678943155,16.625700560448358
f_qv_surge_30d,none,0.05,none,0.08,3747,-0.002257650885428857,-1.851285509406856,0.44382172404590337,-0.10799781396643493,-0.20945887323837684,0.2658126501200961,0.0,0.23138510808646917,0.0,0.5028022417934348,14.471577261809447
f_qv_surge_30d,0.08,none,none,0.08,3747,-0.0035625683228805065,-1.8832962091249739,0.3773685615158794,-0.13696716959559974,-0.24495537393135994,0.0,0.03763010408326661,0.33760341606618627,0.0,0.6247664798505471,16.825260208166533
f_qv_surge_30d,0.08,0.15,none,0.08,3747,-0.003485708135895795,-1.9255336517016008,0.3773685615158794,-0.13628291151157312,-0.2558056826307923,0.03763010408326661,0.03763010408326661,0.31865492393915135,0.0,0.6060848678943155,16.625700560448358
f_qv_surge_30d,0.05,0.1,none,0.1,3747,-0.0025425095896872783,-1.9481570419238627,0.3773685615158794,-0.1282369916415974,-0.2040277470199922,0.11289031224979984,0.29383506805444354,0.0632506004803843,0.0,0.5300240192153723,15.622097678142515
f_qv_surge_30d,0.08,0.05,none,0.08,3747,-0.0024459292140992525,-1.9744330056338917,0.44382172404590337,-0.11517781696798868,-0.2154034189823129,0.2658126501200961,0.03763010408326661,0.19375500400320256,0.0,0.5028022417934348,14.471577261809447
f_qv_surge_30d,0.05,0.05,none,none,3747,-0.001821300766579908,-2.0350229496526304,0.4502268481451828,-0.11449829578836546,-0.1807275268521051,0.3146517213771017,0.27702161729383507,0.0,0.0,0.40832666132906326,13.146517213771016
f_qv_surge_30d,0.05,none,none,none,3747,-0.004348432212436688,-2.0749721918744037,0.3661595943421404,-0.1715956796617253,-0.25756347386366274,0.0,0.32746196957566054,0.0,0.0,0.6725380304243395,18.10081398452095
f_qv_surge_30d,0.08,0.05,2.0,none,3747,-0.0014776443271639942,-2.144417835081726,0.40592473979183347,-0.07943321918749402,-0.11439872666599163,0.15612489991993594,0.025620496397117692,0.0,0.8054443554843875,0.012810248198558846,1.7610088070456364
f_qv_surge_30d,none,0.08,none,0.08,3747,-0.0031316485724626436,-2.2097360133934547,0.3861756071523886,-0.1361936505081126,-0.23370489869508948,0.13610888710968774,0.0,0.289031224979984,0.0,0.5748598879103283,15.893448091806778
f_qv_surge_30d,none,0.05,4.0,none,3747,-0.0008908408925965919,-2.2518418103118933,0.4160661862823592,-0.08950438272343841,-0.13043916099162067,0.19562316519882572,0.0,0.0,0.7915665866026155,0.012810248198558846,3.418868428075794
f_qv_surge_30d,0.03,none,none,0.08,3747,-0.0032685366323049105,-2.2908923315558223,0.3082465972778223,-0.1289049112269559,-0.1888325091390008,0.0,0.5270883373365359,0.1374432879637043,0.0,0.3354683746997598,11.064851881505204
f_qv_surge_30d,none,0.1,2.0,none,3747,-0.0016964011555698519,-2.3037087153568407,0.37309847878302643,-0.07888484618906855,-0.11398771569415041,0.057646116893514815,0.0,0.0,0.9279423538831065,0.014411529223378704,1.921937550040032
f_qv_surge_30d,0.05,0.05,none,0.1,3747,-0.0021237260826180463,-2.315386269269195,0.44382172404590337,-0.12794047904986106,-0.19012577080247567,0.28502802241793435,0.27702161729383507,0.029623698959167333,0.0,0.40832666132906326,13.146517213771016
f_qv_surge_30d,0.08,0.08,none,0.08,3747,-0.0033199269011330397,-2.3224846471101452,0.3861756071523886,-0.14314706686314982,-0.23934753803348438,0.13610888710968774,0.03763010408326661,0.2514011208967174,0.0,0.5748598879103283,15.893448091806778
f_qv_surge_30d,0.03,0.15,none,0.1,3747,-0.0033490361502205475,-2.4123817804960077,0.3010408326661329,-0.13048027914168114,-0.20294072319140255,0.0429677074993328,0.5406992260475046,0.07045636509207366,0.0,0.3458767013610889,11.459434214037897
f_qv_surge_30d,0.05,0.08,none,0.1,3747,-0.002624593626800809,-2.462745093988442,0.39418201227648786,-0.1501360880990813,-0.22429869286848927,0.15852682145716573,0.2930344275420336,0.044035228182546036,0.0,0.5044035228182546,15.050573792367228
f_qv_surge_30d,0.03,0.1,none,0.08,3747,-0.003107315980557576,-2.466230243972487,0.3082465972778223,-0.12267490168763762,-0.18646836191240618,0.08219909260741927,0.5270883373365359,0.08807045636509207,0.0,0.3026421136909528,10.53716306378436
f_qv_surge_30d,none,0.05,2.0,0.1,3747,-0.001759343433684002,-2.5074927666552074,0.3963170536429143,-0.08759128305924702,-0.11413245235598118,0.12489991993594876,0.0,0.04643714971977582,0.8158526821457166,0.012810248198558846,1.7758206565252201
f_qv_surge_30d,0.03,0.08,none,0.1,3747,-0.0026159620099710026,-2.5090929119899186,0.32906325060048036,-0.11811132668439028,-0.17786135571667655,0.13824392847611422,0.5358953829730451,0.02802241793434748,0.0,0.2978382706164932,10.380704563650921
f_qv_surge_30d,0.03,none,none,0.1,3747,-0.0037537927723812112,-2.512866457107892,0.3010408326661329,-0.1433020460905744,-0.19885074798982216,0.0,0.5406992260475046,0.09020549773151855,0.0,0.36909527622097676,11.764945289564986
f_qv_surge_30d,none,0.08,2.0,none,3747,-0.0017755440939653212,-2.5348706047001546,0.3787029623698959,-0.08430573353064252,-0.11492610818375298,0.07846277021617294,0.0,0.0,0.9071257005604484,0.014411529223378704,1.8901120896717374
f_qv_surge_30d,0.05,0.15,none,0.1,3747,-0.0037716603706201375,-2.596798846148318,0.36295703229250065,-0.17357424502081187,-0.248181003661929,0.04803843074459568,0.29383506805444354,0.09847878302642114,0.0,0.5596477181745396,16.238991192954362
f_qv_surge_30d,0.03,0.15,none,0.08,3747,-0.0033413602479628697,-2.596975823482491,0.3082465972778223,-0.13679395486800605,-0.1994938157136038,0.03416066186282359,0.5270883373365359,0.1200960768614892,0.0,0.31865492393915135,10.87977048305311
f_qv_surge_30d,0.08,0.05,2.0,0.1,3747,-0.002020291586272814,-2.655046700009591,0.3963170536429143,-0.09964373187859754,-0.1258343060104508,0.12489991993594876,0.02401921537229784,0.0344275420336269,0.8038430744595677,0.012810248198558846,1.7564051240992795
f_qv_surge_30d,0.08,0.1,2.0,none,3747,-0.002171181454321711,-2.731400734636897,0.37229783827061647,-0.10426479489669693,-0.1392905674499134,0.05684547638110488,0.03042433947157726,0.0,0.8983186549239391,0.014411529223378704,1.882906325060048
f_qv_surge_30d,0.05,none,none,0.1,3747,-0.004214323879197304,-2.7785637103686796,0.36295703229250065,-0.19126538400095128,-0.24956875365937603,0.0,0.29383506805444354,0.12143047771550573,0.0,0.5847344542300507,16.567987723512143
f_qv_surge_30d,0.08,0.05,4.0,none,3747,-0.0015683660613994188,-2.791351732006355,0.41366426474512946,-0.12248268157702913,-0.16194284469316028,0.19402188417400587,0.03042433947157726,0.0,0.762743528155858,0.012810248198558846,3.3309981318388044
f_qv_surge_30d,0.03,0.05,none,none,3747,-0.002187129421560489,-2.873716691052989,0.37950360288230583,-0.11628776517164885,-0.16442862676506545,0.2727515345609821,0.5006672004270083,0.0,0.0,0.22658126501200962,8.892514011208966
f_qv_surge_30d,none,0.05,4.0,0.1,3747,-0.001582265877070926,-2.9060535828462357,0.4040565785962103,-0.11997423057260981,-0.15364877398425666,0.15959434214037896,0.0,0.0544435548438751,0.7731518548171871,0.012810248198558846,3.367427275153456
f_qv_surge_30d,0.08,0.08,2.0,none,3747,-0.002243334673958046,-2.9319408815069834,0.377902321857486,-0.10912104791799737,-0.13980399401730742,0.07766212970376302,0.029623698959167333,0.0,0.8783026421136909,0.014411529223378704,1.8510808646917534
f_qv_surge_30d,none,0.08,4.0,none,3747,-0.001594946399535572,-3.0099361618701534,0.3808380037363224,-0.12450091713740519,-0.16548227564373624,0.10915398985855351,0.0,0.0,0.8764344809180677,0.014411529223378704,3.6692020282892983
f_qv_surge_30d,0.03,0.05,none,0.1,3747,-0.0023259570752747483,-3.0652704733602207,0.37469975980784626,-0.12284200664571154,-0.16654881431442556,0.24873231918868427,0.5006672004270083,0.02401921537229784,0.0,0.22658126501200962,8.892514011208966
f_qv_surge_30d,none,0.1,4.0,none,3747,-0.0016190052353445643,-3.087987532373588,0.37363223912463306,-0.1303744034893578,-0.17878202358860779,0.08086469175340272,0.0,0.0,0.9047237790232185,0.014411529223378704,3.7514011208967175
f_qv_surge_30d,0.08,0.05,4.0,0.1,3747,-0.0020289261035518133,-3.144281372551144,0.4032559380838004,-0.13903640940625062,-0.17167008529166938,0.15959434214037896,0.02642113690952762,0.040032025620496396,0.7611422471310382,0.012810248198558846,3.322991726714705
f_qv_surge_30d,0.05,none,none,0.08,3747,-0.0041134644998761065,-3.172187831346249,0.36295703229250065,-0.2046969555831868,-0.2604271965873953,0.0,0.2546036829463571,0.22711502535361622,0.0,0.5182812917000267,15.256004803843075
f_qv_surge_30d,0.05,0.1,none,0.08,3747,-0.003640378996367862,-3.1899160383728584,0.36295703229250065,-0.18788404749152376,-0.24566082400007413,0.09207365892714171,0.2546036829463571,0.17133706965572457,0.0,0.4819855884707766,14.684747798238591
f_qv_surge_30d,none,0.15,none,0.05,3747,-0.0035945406009126137,-3.2161702991485677,0.34774486255671205,-0.17330149411489815,-0.2200493274745546,0.013877768881772085,0.0,0.6693354683746997,0.0,0.3167867627435282,11.396250333600214
f_qv_surge_30d,none,0.1,none,0.05,3747,-0.0033512336457801922,-3.22622913775366,0.34774486255671205,-0.16740832648102788,-0.21692709498130763,0.0459033893781692,0.0,0.6397117694155324,0.0,0.3143848412062984,11.293301307712836
f_qv_surge_30d,none,none,none,0.05,3747,-0.003617125862259919,-3.22994233220058,0.34774486255671205,-0.17341037389010316,-0.2185553716887407,0.0,0.0,0.680811315719242,0.0,0.3191886842807579,11.447091006138244
f_qv_surge_30d,0.05,0.15,none,0.08,3747,-0.004107887145609182,-3.340541063220055,0.36295703229250065,-0.2072806825180643,-0.2662303465995401,0.03682946357085669,0.2546036829463571,0.20896717373899118,0.0,0.49959967974379504,15.056645316253002
f_qv_surge_30d,0.08,0.1,8.0,none,3747,-0.0021643421522656073,-3.373776720839972,0.35681878836402453,-0.16918845579537634,-0.19718225149383586,0.1030157459300774,0.0488390712570056,0.0,0.8337336535895383,0.014411529223378704,7.053376034160662
f_qv_surge_30d,0.08,0.08,4.0,none,3747,-0.0021103380912461146,-3.380989424407093,0.3784360821990926,-0.1502373769546893,-0.19010160521325212,0.10835334934614359,0.036028823058446756,0.0,0.841206298372031,0.014411529223378704,3.564918601547905
f_qv_surge_30d,none,0.1,8.0,none,3747,-0.001993917115211419,-3.415741925207123,0.3584200693888444,-0.16353647540380956,-0.18790820725924076,0.10461702695489725,0.0,0.0,0.8809714438217241,0.014411529223378704,7.328396050173472
f_qv_surge_30d,0.03,0.08,none,0.08,3747,-0.003449752637395455,-3.4517026102658237,0.31865492393915135,-0.1536997430228625,-0.19653951343144685,0.11822791566586603,0.5246864157993061,0.06645316253002402,0.0,0.29063250600480384,10.208366693354684
f_qv_surge_30d,none,0.05,8.0,none,3747,-0.0012114619605387688,-3.4650746580157303,0.4160661862823592,-0.1420499362569353,-0.1548498487253459,0.2375233520149453,0.0,0.0,0.7496663997864959,0.012810248198558846,6.496397117694156
f_qv_surge_30d,0.08,0.15,none,0.05,3747,-0.004159273439474377,-3.4696625071320275,0.34774486255671205,-0.1951015869825531,-0.2406166769643668,0.013877768881772085,0.016012810248198558,0.6533226581265013,0.0,0.3167867627435282,11.396250333600214
f_qv_surge_30d,0.08,0.05,8.0,none,3747,-0.0015206332730305387,-3.4784706702128574,0.41366426474512946,-0.15480063338644878,-0.16834527409701275,0.2351214304777155,0.03923138510808647,0.0,0.7128369362156391,0.012810248198558846,6.276821457165733
f_qv_surge_30d,0.08,0.08,8.0,none,3747,-0.001918190557545755,-3.480293204316546,0.3688283960501735,-0.16413367031382686,-0.18907556895415667,0.140645850013344,0.04723779023218575,0.0,0.7977048305310915,0.014411529223378704,6.8462770216172935
f_qv_surge_30d,0.08,0.1,none,0.05,3747,-0.003915966484341955,-3.4807223530361853,0.34774486255671205,-0.1893642551417094,-0.23757718479788717,0.0459033893781692,0.016012810248198558,0.6236989591673339,0.0,0.3143848412062984,11.293301307712836
f_qv_surge_30d,0.08,none,none,0.05,3747,-0.004181858700821682,-3.482887147459891,0.34774486255671205,-0.19520759559107015,-0.2391621168888863,0.0,0.016012810248198558,0.6647985054710435,0.0,0.3191886842807579,11.447091006138244
f_qv_surge_30d,0.05,0.05,none,0.08,3747,-0.0029884133608127483,-3.4870839099771573,0.4294101948225247,-0.18094770972874696,-0.23289077458399993,0.2578062449959968,0.2514011208967174,0.09207365892714171,0.0,0.3987189751801441,12.932145716573258
f_qv_surge_30d,0.08,0.1,4.0,none,3747,-0.002208106688515069,-3.4962631207821855,0.37123031758740327,-0.1582078670283471,-0.20515165989929257,0.08006405124099279,0.03682946357085669,0.0,0.8686949559647719,0.014411529223378704,3.6455164131305042
f_qv_surge_30d,0.03,none,none,0.05,3747,-0.003989815900370943,-3.529305993060191,0.31705364291433147,-0.16783202985312873,-0.22388967326071182,0.0,0.4190018681611956,0.3530824659727782,0.0,0.22791566586602616,8.937216439818522
f_qv_surge_30d,0.03,0.15,none,0.05,3747,-0.003989549179102121,-3.5360469366318554,0.31705364291433147,-0.1688044435454934,-0.22637198466682373,0.012810248198558846,0.4190018681611956,0.3418734987990392,0.0,0.2263143848412063,8.89117961035495
f_qv_surge_30d,0.03,0.05,none,0.08,3747,-0.0027473829381990697,-3.5487621803316474,0.36749399519615694,-0.14064004752677428,-0.1815024451047949,0.22871630637843607,0.5006672004270083,0.044035228182546036,0.0,0.22658126501200962,8.892514011208966
f_qv_surge_30d,0.05,0.05,2.0,none,3747,-0.00213352232898191,-3.5531365677147893,0.3947157726180945,-0.11488978522274007,-0.13875400788373313,0.14571657325860687,0.08246597277822258,0.0,0.7598078462770216,0.01200960768614892,1.6949559647718175
f_qv_surge_30d,0.03,0.1,none,0.05,3747,-0.0037845912806484705,-3.5714468384495532,0.31705364291433147,-0.16432872927127573,-0.22456166830490695,0.04243394715772618,0.4190018681611956,0.3146517213771017,0.0,0.22391246330397652,8.79270082732853
f_qv_surge_30d,none,0.15,2.0,none,3747,-0.0022508849995345206,-3.5886292966279827,0.36909527622097676,-0.1161981981054312,-0.14246443175275778,0.02401921537229784,0.0,0.0,0.9599679743795037,0.016012810248198558,1.9607686148919135
f_qv_surge_30d,none,0.08,8.0,none,3747,-0.001894026393788229,-3.641493660274318,0.3696290365625834,-0.16240390876273414,-0.18420758110925556,0.14144649052575395,0.0,0.0,0.8441419802508674,0.014411529223378704,7.116092874299439
f_qv_surge_30d,none,0.05,2.0,0.08,3747,-0.0026612327095443186,-3.715720203800926,0.3835068054443555,-0.13066911121869063,-0.15135205405664257,0.10168134507606084,0.0,0.0976781425140112,0.7886309047237791,0.01200960768614892,1.7355884707766214
f_qv_surge_30d,none,0.05,8.0,0.1,3747,-0.001715416569119283,-3.7280658330866725,0.4040565785962103,-0.15989478728305362,-0.16537456030976072,0.20149452895649853,0.0,0.06485188150520416,0.7208433413397385,0.012810248198558846,6.356084867894316
f_qv_surge_30d,0.08,0.05,2.0,0.08,3747,-0.0027456660702660776,-3.7463481962652847,0.3835068054443555,-0.1337990286207673,-0.15440750510356036,0.10168134507606084,0.017614091273018415,0.08006405124099279,0.7886309047237791,0.01200960768614892,1.7355884707766214
f_qv_surge_30d,0.08,0.15,2.0,none,3747,-0.0027266708122737075,-3.777168591258011,0.36829463570856685,-0.14080781911565154,-0.1672047596689356,0.02401921537229784,0.03042433947157726,0.0,0.9295436349079264,0.016012810248198558,1.921136909527622
f_qv_surge_30d,0.08,0.05,8.0,0.1,3747,-0.0019999681547406183,-3.849028145529003,0.4032559380838004,-0.1723632254220575,-0.17777529352535024,0.20069388844408861,0.0344275420336269,0.045636509207365894,0.7064318121163597,0.012810248198558846,6.254403522818254
f_qv_surge_30d,0.05,0.08,none,0.08,3747,-0.00396822406661156,-3.9128018173174226,0.3725647184414198,-0.2140405888031126,-0.26415241419268526,0.1321056845476381,0.25380304243394713,0.14491593274619696,0.0,0.4691753402722178,14.339204697091006
f_qv_surge_30d,0.05,0.15,none,0.05,3747,-0.004509364614222348,-3.956923528328506,0.3461435815318922,-0.21014605316922497,-0.2515968754143565,0.013877768881772085,0.11369095276220977,0.55564451561249,0.0,0.3167867627435282,11.396250333600214
f_qv_surge_30d,0.05,none,none,0.05,3747,-0.004531949875569654,-3.972434738714453,0.3461435815318922,-0.21025084761240576,-0.25016237170570943,0.0,0.11369095276220977,0.5671203629570323,0.0,0.3191886842807579,11.447091006138244
f_qv_surge_30d,0.05,0.1,none,0.05,3747,-0.004266057659089926,-3.995689759286233,0.3461435815318922,-0.20450193215252488,-0.24859013441909059,0.0459033893781692,0.11369095276220977,0.5260208166533227,0.0,0.3143848412062984,11.293301307712836
f_qv_surge_30d,0.05,0.05,4.0,none,3747,-0.0022241845622706486,-3.996281931432391,0.4008540165465706,-0.15733683679858657,-0.1838338911873753,0.1828129170002669,0.10728582866293035,0.0,0.6978916466506538,0.01200960768614892,3.1646650653856416
f_qv_surge_30d,0.05,0.05,2.0,0.1,3747,-0.00245192717524309,-4.033681927399696,0.389111289031225,-0.12942040132956212,-0.14969923413760444,0.1200960768614892,0.08246597277822258,0.025620496397117692,0.7598078462770216,0.01200960768614892,1.6949559647718175
f_qv_surge_30d,none,0.15,4.0,none,3747,-0.0023990070965870924,-4.052897042323445,0.3672271150253536,-0.16196800267913847,-0.19985082409089033,0.036028823058446756,0.0,0.0,0.9479583666933546,0.016012810248198558,3.8694955964771816
f_qv_surge_30d,none,0.05,4.0,0.08,3747,-0.0026928368044359546,-4.112922654873422,0.39044568988524153,-0.1705270684015986,-0.19254933469219793,0.13397384574326127,0.0,0.11369095276220977,0.74032559380838,0.01200960768614892,3.2691486522551374
f_qv_surge_30d,0.08,0.05,4.0,0.08,3747,-0.002792353904504139,-4.153925060793938,0.39044568988524153,-0.17387201561862708,-0.19580547452861732,0.13397384574326127,0.018414731785428344,0.09527622097678143,0.74032559380838,0.01200960768614892,3.2691486522551374
f_qv_surge_30d,0.05,0.08,2.0,none,3747,-0.0026644031599525686,-4.207844329483875,0.36989591673338673,-0.13825468102459093,-0.16196777772803272,0.07045636509207366,0.08726981585268215,0.0,0.8286629303442754,0.013610888710968775,1.7792233787029623
f_qv_surge_30d,0.05,0.1,2.0,none,3747,-0.002617886959109067,-4.263178408754577,0.36429143314651724,-0.13996387189102055,-0.1611084136200974,0.05204163330664532,0.08967173738991192,0.0,0.844675740592474,0.013610888710968775,1.8058446757405924
f_qv_surge_30d,0.08,0.15,4.0,none,3747,-0.002962090875335485,-4.310903311893516,0.3648251934881238,-0.18795023604254069,-0.22483372654760322,0.036028823058446756,0.03682946357085669,0.0,0.911128903122498,0.016012810248198558,3.7614091273018415
f_qv_surge_30d,none,0.08,none,0.05,3747,-0.003942604051797721,-4.330175234211786,0.34774486255671205,-0.2024657413060884,-0.22588342382899096,0.06805444355484387,0.0,0.6215639178009074,0.0,0.3103816386442487,11.17994395516413
f_qv_surge_30d,0.05,0.05,4.0,0.1,3747,-0.0025071225903652247,-4.368226991398841,0.39444889244729114,-0.1695365759547014,-0.1905336425593805,0.15398985855350947,0.10728582866293035,0.028823058446757407,0.6978916466506538,0.01200960768614892,3.1646650653856416
f_qv_surge_30d,none,0.08,2.0,0.1,3747,-0.0032446106903007968,-4.4126934826765005,0.36829463570856685,-0.14987885084198516,-0.16888274178689547,0.04323458767013611,0.0,0.05844675740592474,0.8839071257005604,0.014411529223378704,1.85968775020016
f_qv_surge_30d,0.05,0.08,4.0,none,3747,-0.0024614477229527123,-4.43361602140351,0.3696290365625834,-0.17758079262026627,-0.2061982993341533,0.10114758473445423,0.11369095276220977,0.0,0.7715505737923672,0.013610888710968775,3.3861756071523885
f_qv_surge_30d,0.08,0.15,8.0,none,3747,-0.003265838266464984,-4.434814883918101,0.3440085401654657,-0.21205813899865644,-0.21576894626002766,0.04937283159861222,0.049639711769415534,0.0,0.8849746463837737,0.016012810248198558,7.352548705631172
f_qv_surge_30d,none,0.05,none,0.05,3747,-0.0032692723040773533,-4.434851762347701,0.3637576728049106,-0.189851189323877,-0.2128663546061771,0.16813450760608487,0.0,0.548705631171604,0.0,0.2831598612223112,10.602548705631172
f_qv_surge_30d,0.08,0.08,2.0,0.1,3747,-0.0035404417678169117,-4.47556403193682,0.36829463570856685,-0.16278900835207966,-0.18150430134169102,0.04323458767013611,0.024819855884707767,0.045636509207365894,0.8718975180144115,0.014411529223378704,1.8402722177742195
f_qv_surge_30d,none,0.15,8.0,none,3747,-0.0030990966037907266,-4.504965705177714,0.34560982119028555,-0.20699851989813045,-0.20762583008230232,0.050173472111022153,0.0,0.0,0.9338137176407793,0.016012810248198558,7.633973845743261
f_qv_surge_30d,0.08,0.08,none,0.05,3747,-0.004507336890359486,-4.517481620502072,0.34774486255671205,-0.2235008625587137,-0.2463008991485984,0.06805444355484387,0.016012810248198558,0.6055511075527088,0.0,0.3103816386442487,11.17994395516413
f_qv_surge_30d,none,0.08,4.0,0.1,3747,-0.0029394621909674167,-4.585684378595539,0.3688283960501735,-0.1828968632546758,-0.20568143722043247,0.06992260475046704,0.0,0.07045636509207366,0.8452095009340806,0.014411529223378704,3.586135575126768
f_qv_surge_30d,0.08,0.05,none,0.05,3747,-0.003834005142639117,-4.600252254715369,0.3637576728049106,-0.21121892545447263,-0.23362706401245542,0.16813450760608487,0.016012810248198558,0.5326928209234054,0.0,0.2831598612223112,10.602548705631172
f_qv_surge_30d,0.03,0.05,2.0,none,3747,-0.002359002995916162,-4.724585898456014,0.37630104083266613,-0.12275695785470919,-0.1409656034843893,0.13290632506004804,0.23085134774486255,0.0,0.6258340005337604,0.010408326661329063,1.5331598612223112
f_qv_surge_30d,0.08,0.08,4.0,0.1,3747,-0.003421005342375607,-4.748318964088329,0.36802775553776357,-0.20219278686869624,-0.22414741622669038,0.06992260475046704,0.02722177742193755,0.055244195356285025,0.8331998932479316,0.014411529223378704,3.541700026688017
f_qv_surge_30d,none,0.08,8.0,0.1,3747,-0.003006447188946538,-4.75381583516378,0.3584200693888444,-0.20759286285546663,-0.20406226815000242,0.1006138243928476,0.0,0.08646917534027222,0.7985054710435014,0.014411529223378704,6.884107285828663
f_qv_surge_30d,none,0.1,2.0,0.1,3747,-0.003294265698451283,-4.756076095247971,0.3634907926341073,-0.16122765528685212,-0.17801651109391778,0.02401921537229784,0.0,0.06405124099279423,0.8975180144115292,0.014411529223378704,1.8831064851881505
f_qv_surge_30d,0.03,0.08,none,0.05,3747,-0.004308498680852315,-4.763915350369276,0.31705364291433147,-0.19688527641024278,-0.22789423976295184,0.06378436082199093,0.4190018681611956,0.2973045102748866,0.0,0.21990926074192688,8.681278356018147
f_qv_surge_30d,0.05,0.1,4.0,none,3747,-0.002596350578513496,-4.779926310829726,0.362423271950894,-0.19010943860427143,-0.2199816076620701,0.0744595676541233,0.11609287429943956,0.0,0.7958366693354684,0.013610888710968775,3.4541633306645316
f_qv_surge_30d,0.05,0.08,8.0,none,3747,-0.00262860976865617,-4.787614110452573,0.35361622631438483,-0.20327837056101228,-0.19871833836521913,0.13103816386442488,0.15025353616226314,0.0,0.7050974112623432,0.013610888710968775,6.347277822257806
f_qv_surge_30d,0.05,0.1,8.0,none,3747,-0.0028723012006028475,-4.795551939309954,0.34240725914064585,-0.2103493075910533,-0.20473432441017755,0.09500934080597812,0.15585801974913263,0.0,0.7355217507339205,0.013610888710968775,6.52495329597011
f_qv_surge_30d,0.08,0.1,2.0,0.1,3747,-0.0035900967759673976,-4.801801222013677,0.3634907926341073,-0.1739581809530173,-0.1904922227320519,0.02401921537229784,0.024819855884707767,0.051240992794235385,0.8855084067253803,0.014411529223378704,1.8636909527622099
f_qv_surge_30d,0.08,0.08,8.0,0.1,3747,-0.0032706476388289214,-4.858989279450927,0.3584200693888444,-0.21881201589927624,-0.21579752725085954,0.1006138243928476,0.03522818254603683,0.06645316253002402,0.7832933013077128,0.014411529223378704,6.779423538831065
f_qv_surge_30d,0.05,0.05,8.0,none,3747,-0.002566061316492092,-5.033078389426578,0.39444889244729114,-0.20028530493351315,-0.19438210254019633,0.22070990125433682,0.140645850013344,0.0,0.6266346410461703,0.01200960768614892,5.812449959967974
f_qv_surge_30d,0.03,0.05,2.0,0.1,3747,-0.002549424878508939,-5.074864963992901,0.37229783827061647,-0.1311409778874788,-0.14684877468631588,0.11208967173738991,0.23085134774486255,0.020816653322658127,0.6258340005337604,0.010408326661329063,1.5331598612223112
f_qv_surge_30d,0.08,none,8.0,none,3747,-0.004883898072589689,-5.083984690083632,0.33600213504136645,-0.26087195297251564,-0.268560801848825,0.0,0.05044035228182546,0.0,0.933546837469976,0.016012810248198558,7.604083266613291
f_qv_surge_30d,0.03,0.05,none,0.05,3747,-0.0036875772583619764,-5.091335341521969,0.33306645316253003,-0.18702580771768962,-0.2098349420953017,0.15665866026154257,0.4190018681611956,0.23085134774486255,0.0,0.19348812383239924,8.12423271950894
f_qv_surge_30d,none,0.05,8.0,0.08,3747,-0.002959872080566654,-5.106753192692617,0.38804376834801174,-0.21378217213839867,-0.21176818712954412,0.1718708299973312,0.0,0.14571657325860687,0.670402989057913,0.01200960768614892,6.093274619695757
f_qv_surge_30d,0.03,0.1,8.0,none,3747,-0.0031934424541726985,-5.108769983625492,0.3143848412062984,-0.1901597886526809,-0.18256500475424933,0.08380037363223912,0.400320256204964,0.0,0.5038697624766479,0.01200960768614892,5.195423005070723
f_qv_surge_30d,none,none,8.0,none,3747,-0.00468424118884969,-5.127938452081075,0.33760341606618627,-0.25409906402322113,-0.2603168896037129,0.0,0.0,0.0,0.9839871897518014,0.016012810248198558,7.8919135308246595
f_qv_surge_30d,0.05,0.08,none,0.05,3747,-0.004857428065107457,-5.131737735876601,0.3461435815318922,-0.23801176730021378,-0.2586258491184327,0.06805444355484387,0.11369095276220977,0.5078729650386976,0.0,0.3103816386442487,11.17994395516413
f_qv_surge_30d,0.03,0.08,2.0,none,3747,-0.0028932418691944273,-5.143452192501399,0.3530824659727782,-0.14371330340521293,-0.16290284557548498,0.0632506004803843,0.24125967440619162,0.0,0.6834801174272751,0.01200960768614892,1.6092207099012543
f_qv_surge_30d,0.08,0.05,8.0,0.08,3747,-0.003064340470762605,-5.14403700324773,0.38804376834801174,-0.21712986112708588,-0.21512445159845914,0.1718708299973312,0.024819855884707767,0.12089671737389912,0.670402989057913,0.01200960768614892,6.093274619695757
f_qv_surge_30d,0.03,0.05,4.0,none,3747,-0.0024502229386825433,-5.154817521793285,0.37443287963704297,-0.1617189118343133,-0.17673770503540354,0.16680010675206833,0.2978382706164932,0.0,0.5249532959701094,0.010408326661329063,2.696223645583133
f_qv_surge_30d,0.03,0.08,8.0,none,3747,-0.0030681330437496938,-5.186617589047611,0.3239925273552175,-0.18687589543445826,-0.18195760675289263,0.11662663464104617,0.3939151321056846,0.0,0.47744862556712037,0.01200960768614892,5.038163864424873
f_qv_surge_30d,none,0.1,8.0,0.1,3747,-0.0035064424054779874,-5.186723844937627,0.3464104617026955,-0.22920883324306762,-0.22002680376885447,0.06138243928476114,0.0,0.100080064051241,0.8241259674406192,0.014411529223378704,7.031358420069389
f_qv_surge_30d,none,0.1,2.0,0.08,3747,-0.0036723101950721045,-5.188488652847453,0.3610888710968775,-0.18256326975613035,-0.1964791983093612,0.01521216973578863,0.0,0.11929543634907927,0.8518815052041633,0.013610888710968775,1.8158526821457166
f_qv_surge_30d,0.03,0.08,4.0,none,3747,-0.00265234536440244,-5.196555106615101,0.3464104617026955,-0.17611603829332756,-0.18687496397772013,0.08993861756071524,0.311449159327462,0.0,0.5866026154256738,0.01200960768614892,2.8859087269815853
f_qv_surge_30d,0.08,0.1,2.0,0.08,3747,-0.0037567435557938635,-5.202559173171029,0.3610888710968775,-0.18550114466014445,-0.19936705924195716,0.01521216973578863,0.017614091273018415,0.10168134507606084,0.8518815052041633,0.013610888710968775,1.8158526821457166
f_qv_surge_30d,0.05,0.05,2.0,0.08,3747,-0.0030863267057254693,-5.207615249705998,0.377902321857486,-0.1591813667846953,-0.17469989375737707,0.09927942353883107,0.07846277021617294,0.053642914331465175,0.7566052842273819,0.01200960768614892,1.6913530824659728
f_qv_surge_30d,none,none,4.0,none,3747,-0.0030897783972008612,-5.208788785700744,0.363223912463304,-0.20341541688726528,-0.23902099366948854,0.0,0.0,0.0,0.9839871897518014,0.016012810248198558,3.9559647718174538
f_qv_surge_30d,0.08,none,2.0,none,3747,-0.003387885711731487,-5.234507944263066,0.3634907926341073,-0.18534718257259353,-0.2115372193332004,0.0,0.03122497998398719,0.0,0.9527622097678142,0.016012810248198558,1.9475580464371498
f_qv_surge_30d,none,none,2.0,none,3747,-0.0028770874330610063,-5.267939345776718,0.36429143314651724,-0.16028896308276275,-0.18644711090993824,0.0,0.0,0.0,0.9839871897518014,0.016012810248198558,1.987990392313851
f_qv_surge_30d,0.08,0.1,8.0,0.1,3747,-0.0037706428553603705,-5.284096470261518,0.3464104617026955,-0.24011356092303937,-0.2315326088299,0.06138243928476114,0.03522818254603683,0.08006405124099279,0.8089137977048305,0.014411529223378704,6.9266746730717905
f_qv_surge_30d,0.05,0.05,none,0.05,3747,-0.004184096317387088,-5.315675479956574,0.36215639178009074,-0.22591770562061886,-0.24611864528118432,0.16813450760608487,0.11369095276220977,0.4350146784093942,0.0,0.2831598612223112,10.602548705631172
f_qv_surge_30d,0.03,0.05,4.0,0.1,3747,-0.00256956330445324,-5.366117658034598,0.3696290365625834,-0.16738101911618586,-0.17780160368703668,0.1435815318921804,0.2978382706164932,0.02321857485988791,0.5249532959701094,0.010408326661329063,2.696223645583133
f_qv_surge_30d,0.03,0.1,2.0,none,3747,-0.002856851416007875,-5.380265787130411,0.3482786228983187,-0.1476934101873636,-0.16318841433411035,0.045636509207365894,0.2436615959434214,0.0,0.6986922871630638,0.01200960768614892,1.6338404056578597
f_qv_surge_30d,0.05,0.05,4.0,0.08,3747,-0.003126680349053747,-5.385028689369526,0.38404056578596213,-0.19871405061321656,-0.21256276217886347,0.1315719242060315,0.10248198558847077,0.0632506004803843,0.6906858820389645,0.01200960768614892,3.151454496930878
f_qv_surge_30d,0.05,0.05,8.0,0.1,3747,-0.002848999344586668,-5.389729240024263,0.38804376834801174,-0.21188043112925148,-0.19958854521271557,0.1918868428075794,0.140645850013344,0.028823058446757407,0.6266346410461703,0.01200960768614892,5.812449959967974
f_qv_surge_30d,0.08,none,4.0,none,3747,-0.0037148392187233694,-5.42440375294184,0.3608219909260742,-0.2308766492526687,-0.2654207566131988,0.0,0.03763010408326661,0.0,0.9463570856685348,0.016012810248198558,3.8454763811048838
f_qv_surge_30d,none,0.1,4.0,0.1,3747,-0.00336767794299841,-5.4276678328128884,0.3616226314384841,-0.21238961352098873,-0.2363715143663115,0.04083266613290633,0.0,0.08006405124099279,0.8646917534027222,0.014411529223378704,3.6431144915932747
f_qv_surge_30d,none,0.08,2.0,0.08,3747,-0.003981718739850468,-5.437542414438625,0.36188951160928745,-0.18431904360364626,-0.1985394236101273,0.02722177742193755,0.0,0.11529223378702963,0.8438751000800641,0.013610888710968775,1.8058446757405924
f_qv_surge_30d,0.08,0.08,2.0,0.08,3747,-0.004066152100572227,-5.444210319226868,0.36188951160928745,-0.1872526502165195,-0.2014218864510422,0.02722177742193755,0.017614091273018415,0.0976781425140112,0.8438751000800641,0.013610888710968775,1.8058446757405924
f_qv_surge_30d,0.08,0.1,4.0,0.1,3747,-0.0038492210944066,-5.540677457347452,0.3608219909260742,-0.23097936231071037,-0.25411701315659935,0.04083266613290633,0.02722177742193755,0.06485188150520416,0.8526821457165733,0.014411529223378704,3.5986789431545234
f_qv_surge_30d,none,0.08,4.0,0.08,3747,-0.003878678207197672,-5.589271641179622,0.3608219909260742,-0.22396545241381438,-0.23452271190560783,0.05070723245262877,0.0,0.14091273018414732,0.7947691486522551,0.013610888710968775,3.4422204430210837
f_qv_surge_30d,0.08,0.05,2.0,0.05,3747,-0.003446629535720444,-5.5923746570629085,0.36589271417133706,-0.1788597804020544,-0.1939102338166188,0.045636509207365894,0.016012810248198558,0.22497998398718974,0.7013610888710968,0.01200960768614892,1.6086869495596476
f_qv_surge_30d,0.05,0.15,2.0,none,3747,-0.003178318913747942,-5.603222220699305,0.3602882305844676,-0.1756322599748137,-0.1926646729691358,0.020816653322658127,0.09047237790232186,0.0,0.8734987990392313,0.01521216973578863,1.8422738190552441
f_qv_surge_30d,0.03,none,8.0,none,3747,-0.005035074368733223,-5.603318978839408,0.29997331198291965,-0.23911923630099385,-0.23220638066289642,0.0,0.40912730184147317,0.0,0.578062449959968,0.012810248198558846,5.613223912463304
f_qv_surge_30d,0.08,0.08,4.0,0.08,3747,-0.003978195307265857,-5.616172622387383,0.3608219909260742,-0.22709413854720606,-0.23760883504811042,0.05070723245262877,0.018414731785428344,0.12249799839871897,0.7947691486522551,0.013610888710968775,3.4422204430210837
f_qv_surge_30d,0.03,0.1,4.0,none,3747,-0.0028180920614514025,-5.73233493780305,0.34000533760341606,-0.19135869897161573,-0.20407083196618184,0.06485188150520416,0.3154523618895116,0.0,0.6076861489191353,0.01200960768614892,2.948492127034961
f_qv_surge_30d,0.03,0.05,2.0,0.08,3747,-0.0029670163541270513,-5.763030044600878,0.36429143314651724,-0.1481625450330638,-0.1625436253009026,0.0944755804643715,0.23085134774486255,0.03843074459567654,0.6258340005337604,0.010408326661329063,1.5331598612223112
f_qv_surge_30d,none,0.1,4.0,0.08,3747,-0.00397707982719568,-5.844559888316628,0.3584200693888444,-0.23722069101118082,-0.2537787418613013,0.02642113690952762,0.0,0.15052041633306645,0.8094475580464372,0.013610888710968775,3.477982385908727
f_qv_surge_30d,0.08,0.1,4.0,0.08,3747,-0.0040765969272638656,-5.871166967774308,0.3584200693888444,-0.24029379942752493,-0.25678514070014885,0.02642113690952762,0.018414731785428344,0.1321056845476381,0.8094475580464372,0.013610888710968775,3.477982385908727
f_qv_surge_30d,none,0.05,2.0,0.05,3747,-0.0028818966971586807,-5.885159327697683,0.36589271417133706,-0.1566030196382988,-0.17206141110417192,0.045636509207365894,0.0,0.2409927942353883,0.7013610888710968,0.01200960768614892,1.6086869495596476
f_qv_surge_30d,0.03,0.05,4.0,0.08,3747,-0.0029417894847370073,-5.916496421292337,0.362423271950894,-0.18252838077238098,-0.18934680275492458,0.12516680010675207,0.2978382706164932,0.041633306645316254,0.5249532959701094,0.010408326661329063,2.696223645583133
f_qv_surge_30d,0.05,0.15,4.0,none,3747,-0.0034843402729994033,-5.944201592035181,0.3560181478516146,-0.2251939235404924,-0.240656514887238,0.032025620496397116,0.11929543634907927,0.0,0.833466773418735,0.01521216973578863,3.5604483586869495
f_qv_surge_30d,none,0.1,8.0,0.08,3747,-0.004238517521424061,-5.948950767366182,0.34160661862823594,-0.2596891960519798,-0.24924179564321175,0.044568988524152656,0.0,0.19935948759007205,0.7424606351748065,0.013610888710968775,6.600213504136643
f_qv_surge_30d,0.08,0.1,8.0,0.08,3747,-0.004342985911620013,-5.983319267006763,0.34160661862823594,-0.26283707216232255,-0.25243409515246557,0.044568988524152656,0.024819855884707767,0.1745396317053643,0.7424606351748065,0.013610888710968775,6.600213504136643
f_qv_surge_30d,0.05,none,8.0,none,3747,-0.005604723972328189,-6.0098417681456535,0.3231918868428076,-0.2836154848099667,-0.26461750986173704,0.0,0.163063784360822,0.0,0.8217240459033894,0.01521216973578863,7.002001601281025
f_qv_surge_30d,0.08,none,2.0,0.08,3747,-0.004241433241462867,-6.015989747720867,0.3610888710968775,-0.20813156976869296,-0.22071934822643097,0.0,0.017614091273018415,0.10488390712570056,0.8638911128903123,0.013610888710968775,1.8260608486789431
f_qv_surge_30d,0.08,0.15,2.0,0.08,3747,-0.004241433241462867,-6.015989747720867,0.3610888710968775,-0.20813156976869296,-0.22071934822643097,0.0,0.017614091273018415,0.10488390712570056,0.8638911128903123,0.013610888710968775,1.8260608486789431
f_qv_surge_30d,none,none,2.0,0.08,3747,-0.004156999880741108,-6.019535863678802,0.3610888710968775,-0.20526800885921626,-0.21790130734143387,0.0,0.0,0.12249799839871897,0.8638911128903123,0.013610888710968775,1.8260608486789431
f_qv_surge_30d,none,0.15,2.0,0.08,3747,-0.004156999880741108,-6.019535863678802,0.3610888710968775,-0.20526800885921626,-0.21790130734143387,0.0,0.0,0.12249799839871897,0.8638911128903123,0.013610888710968775,1.8260608486789431
f_qv_surge_30d,0.05,0.08,2.0,0.1,3747,-0.003861567837940336,-6.027564177075753,0.36269015212169736,-0.18887457722756296,-0.20339224902139036,0.04083266613290633,0.08726981585268215,0.03042433947157726,0.8278622898318655,0.013610888710968775,1.7776220976781425
f_qv_surge_30d,0.08,0.05,4.0,0.05,3747,-0.003660898333394556,-6.0314954018144675,0.3640245529757139,-0.22110118404983037,-0.2338144307462962,0.06992260475046704,0.016012810248198558,0.28102481985588473,0.6210301574593008,0.01200960768614892,2.9410862022951694
f_qv_surge_30d,0.05,0.08,4.0,0.1,3747,-0.0037402315908741757,-6.048932194651741,0.3616226314384841,-0.22793622274248382,-0.240162973386285,0.06752068321323726,0.11369095276220977,0.036028823058446756,0.7691486522551374,0.013610888710968775,3.381772084334134
f_qv_surge_30d,0.08,0.1,8.0,0.05,3747,-0.004253067982349986,-6.113180141600195,0.3496130237523352,-0.24757673916342604,-0.2379715825030069,0.017614091273018415,0.016012810248198558,0.4133973845743261,0.5401654657058981,0.012810248198558846,5.43461435815319
f_qv_surge_30d,none,0.1,8.0,0.05,3747,-0.0036883351437882223,-6.114069771294088,0.3496130237523352,-0.22720188892229132,-0.21733663447026336,0.017614091273018415,0.0,0.4294101948225247,0.5401654657058981,0.012810248198558846,5.43461435815319
f_qv_surge_30d,none,0.08,8.0,0.08,3747,-0.004187306572422095,-6.115426251810508,0.34560982119028555,-0.256629399879168,-0.24535838887125455,0.0773952495329597,0.0,0.1833466773418735,0.7256471844141981,0.013610888710968775,6.50160128102482
f_qv_surge_30d,0.03,0.05,8.0,none,3747,-0.0029628745290077225,-6.118569463378678,0.3616226314384841,-0.18785275032273097,-0.17788259826892774,0.19989324793167867,0.37309847878302643,0.0,0.4165999466239658,0.010408326661329063,4.592807579396851
f_qv_surge_30d,0.05,0.15,8.0,none,3747,-0.004294035615218975,-6.127527296336798,0.3287963704296771,-0.26341469471668577,-0.23426627384046067,0.0429677074993328,0.1606618628235922,0.0,0.7811582599412864,0.01521216973578863,6.790699226047504
f_qv_surge_30d,none,0.05,4.0,0.05,3747,-0.003096165494832793,-6.1461956579684225,0.3640245529757139,-0.19999145153243258,-0.21304925291519958,0.06992260475046704,0.0,0.29703763010408324,0.6210301574593008,0.01200960768614892,2.9410862022951694
f_qv_surge_30d,0.08,0.08,8.0,0.08,3747,-0.004291774962618048,-6.146359081170172,0.34560982119028555,-0.25979250934452536,-0.2485694575128256,0.0773952495329597,0.024819855884707767,0.15852682145716573,0.7256471844141981,0.013610888710968775,6.50160128102482
f_qv_surge_30d,0.08,0.15,2.0,0.1,3747,-0.004497907654321609,-6.160643586285909,0.3610888710968775,-0.21485726212269074,-0.22697385787408575,0.0008006405124099279,0.024819855884707767,0.05684547638110488,0.9031224979983987,0.014411529223378704,1.8817053642914332
f_qv_surge_30d,0.03,0.15,8.0,none,3747,-0.004201022450764206,-6.165576074781902,0.30317587403255936,-0.23147431165872856,-0.20932269483099147,0.03896450493728316,0.4067253803042434,0.0,0.5414998665599146,0.012810248198558846,5.425540432345877
f_qv_surge_30d,0.08,none,2.0,0.1,3747,-0.004527021854772879,-6.2035375026911375,0.3610888710968775,-0.2159091553590079,-0.22800951792820154,0.0,0.024819855884707767,0.05684547638110488,0.9039231385108086,0.014411529223378704,1.8819055244195357
f_qv_surge_30d,none,none,8.0,0.05,3747,-0.00401692293309932,-6.203899907753124,0.3496130237523352,-0.23580291300085687,-0.22040963874850958,0.0,0.0,0.44222044302108354,0.5449693087803577,0.012810248198558846,5.456832132372565
f_qv_surge_30d,0.08,none,8.0,0.05,3747,-0.0045816557716610844,-6.210998827988704,0.3496130237523352,-0.2559509969300544,-0.2409635669119468,0.0,0.016012810248198558,0.426207632772885,0.5449693087803577,0.012810248198558846,5.456832132372565
f_qv_surge_30d,none,0.15,8.0,0.05,3747,-0.00400539104674143,-6.222739973592164,0.3496130237523352,-0.2358892122748627,-0.22049767635470102,0.0016012810248198558,0.0,0.44141980250867363,0.5441686682679477,0.012810248198558846,5.453629570322925
f_qv_surge_30d,0.08,0.15,8.0,0.05,3747,-0.004570123885303193,-6.226998842367673,0.3496130237523352,-0.2560350209205696,-0.24104928340345655,0.0016012810248198558,0.016012810248198558,0.42540699226047507,0.5441686682679477,0.012810248198558846,5.453629570322925
f_qv_surge_30d,none,0.15,2.0,0.1,3747,-0.004202076576805494,-6.240841400843291,0.3610888710968775,-0.20272190134701928,-0.21502577420577657,0.0008006405124099279,0.0,0.06965572457966374,0.9151321056845476,0.014411529223378704,1.9011208967173738
f_qv_surge_30d,0.08,0.1,2.0,0.05,3747,-0.003962372750038343,-6.242956160661916,0.36269015212169736,-0.19887666801711013,-0.21703122809137054,0.0032025620496397116,0.016012810248198558,0.23698959167333866,0.7309847878302642,0.012810248198558846,1.634107285828663
f_qv_surge_30d,none,none,2.0,0.1,3747,-0.004231190777256763,-6.287667866198095,0.3610888710968775,-0.20379005290593755,-0.21607744167840556,0.0,0.0,0.06965572457966374,0.9159327461969575,0.014411529223378704,1.9013210568454764
f_qv_surge_30d,0.03,0.08,4.0,0.1,3747,-0.0034682159895451144,-6.291471194926817,0.34080597811582597,-0.20554283898644266,-0.20681892021417259,0.06351748065118762,0.311449159327462,0.02642113690952762,0.5866026154256738,0.01200960768614892,2.8859087269815853
f_qv_surge_30d,0.03,0.08,8.0,0.1,3747,-0.003914390493765336,-6.303653816552095,0.318388043768348,-0.2166248815252485,-0.2085258538789776,0.08940485721910862,0.3939151321056846,0.02722177742193755,0.47744862556712037,0.01200960768614892,5.038163864424873
f_qv_surge_30d,0.08,0.08,2.0,0.05,3747,-0.0040110102111197655,-6.3250726450196275,0.36269015212169736,-0.2004972954135016,-0.2173249478369108,0.006405124099279423,0.016012810248198558,0.23618895116092875,0.7285828662930345,0.012810248198558846,1.6323058446757406
f_qv_surge_30d,0.05,0.08,8.0,0.1,3747,-0.003944139906146013,-6.335266480292687,0.34560982119028555,-0.2536481541895895,-0.2346441107306138,0.09661062183079797,0.1486522551374433,0.03923138510808647,0.7018948492127035,0.013610888710968775,6.33146517213771
f_qv_surge_30d,0.03,0.15,2.0,none,3747,-0.0032750506438718316,-6.340394298076362,0.3458767013610889,-0.1710091570883402,-0.1849975323484683,0.017614091273018415,0.24526287696824126,0.0,0.7243127835601815,0.012810248198558846,1.6660661862823591
f_qv_surge_30d,0.08,none,2.0,0.05,3747,-0.004042219996699703,-6.347821947296493,0.36269015212169736,-0.2014085620505992,-0.21861186262414942,0.0,0.016012810248198558,0.2377902321857486,0.733386709367494,0.012810248198558846,1.6351080864691754
f_qv_surge_30d,0.08,0.15,2.0,0.05,3747,-0.004042219996699703,-6.347821947296493,0.36269015212169736,-0.2014085620505992,-0.21861186262414942,0.0,0.016012810248198558,0.2377902321857486,0.733386709367494,0.012810248198558846,1.6351080864691754
f_qv_surge_30d,0.03,0.05,8.0,0.1,3747,-0.00308221489477842,-6.365920329111637,0.35681878836402453,-0.19331063281715966,-0.18117427576012965,0.17667467307179077,0.37309847878302643,0.02321857485988791,0.4165999466239658,0.010408326661329063,4.592807579396851
f_qv_surge_30d,0.05,0.1,2.0,0.1,3747,-0.003961757897788094,-6.424659158621838,0.3578863090472378,-0.2026892436934199,-0.21396611653953027,0.02241793434747798,0.08807045636509207,0.03522818254603683,0.8406725380304243,0.013610888710968775,1.8006405124099278
f_qv_surge_30d,0.03,0.08,2.0,0.1,3747,-0.0036825158686451696,-6.4421532170854805,0.3482786228983187,-0.17437554413682732,-0.18943620362373392,0.040032025620496396,0.24125967440619162,0.02321857485988791,0.6834801174272751,0.01200960768614892,1.6092207099012543
f_qv_surge_30d,0.08,0.05,8.0,0.05,3747,-0.0037783900500931223,-6.487069067542392,0.3560181478516146,-0.23982092790140075,-0.22655566242789427,0.10141446490525755,0.016012810248198558,0.3608219909260742,0.5097411262343208,0.01200960768614892,5.214905257539365
f_qv_surge_30d,0.05,0.05,8.0,0.08,3747,-0.0036035287286905722,-6.557660324127586,0.37763544168668267,-0.24743787379629756,-0.23065625169349982,0.16786762743528155,0.13263944488924473,0.07285828662930344,0.6146250333600214,0.01200960768614892,5.762209767814252
f_qv_surge_30d,none,0.15,8.0,0.1,3747,-0.004973406105455736,-6.559065751358563,0.33920469709100615,-0.2793900957450022,-0.2697818724233563,0.014945289564985321,0.0,0.1200960768614892,0.8505471043501468,0.014411529223378704,7.184414198025086
f_qv_surge_30d,0.08,0.15,8.0,0.1,3747,-0.005237606555338119,-6.598188463458098,0.33920469709100615,-0.2896219447115732,-0.2805797160327209,0.014945289564985321,0.03522818254603683,0.100080064051241,0.8353349346143581,0.014411529223378704,7.079730451027489
f_qv_surge_30d,none,0.05,8.0,0.05,3747,-0.003213657211531359,-6.617947515418057,0.3560181478516146,-0.219231589676829,-0.20560703644140238,0.10141446490525755,0.0,0.37683480117427276,0.5097411262343208,0.01200960768614892,5.214905257539365
f_qv_surge_30d,none,0.15,8.0,0.08,3747,-0.005140055813083608,-6.634740652615332,0.34160661862823594,-0.2881942536713109,-0.27573571580016043,0.008540165465705898,0.0,0.2209767814251401,0.7568721643981852,0.013610888710968775,6.690218841740059
f_qv_surge_30d,none,0.1,2.0,0.05,3747,-0.00339763991147658,-6.63839214268749,0.36269015212169736,-0.17716259136548063,-0.19580922237724993,0.0032025620496397116,0.0,0.2530024019215372,0.7309847878302642,0.012810248198558846,1.634107285828663
f_qv_surge_30d,0.08,0.15,8.0,0.08,3747,-0.005244524203279559,-6.661758324827761,0.34160661862823594,-0.2912272962945526,-0.27869792516410197,0.008540165465705898,0.024819855884707767,0.19615692554043235,0.7568721643981852,0.013610888710968775,6.690218841740059
f_qv_surge_30d,0.03,0.1,8.0,0.1,3747,-0.004402441816898023,-6.668558279651195,0.30797971710701894,-0.23449187136317617,-0.22324028562053955,0.05337603416066186,0.3987189751801441,0.0344275420336269,0.5014678409394182,0.01200960768614892,5.1804109954630375
f_qv_surge_30d,0.08,0.08,8.0,0.05,3747,-0.004420561129172575,-6.669535836022309,0.3496130237523352,-0.2582820300679167,-0.24545736768651788,0.03576194288764345,0.016012810248198558,0.4032559380838004,0.5321590605817987,0.012810248198558846,5.397851614625034
f_qv_surge_30d,0.05,0.05,2.0,0.05,3747,-0.00355525183428364,-6.671035888305718,0.36429143314651724,-0.18334275931668076,-0.1967248036236683,0.045636509207365894,0.059247397918334666,0.18174539631705364,0.7013610888710968,0.01200960768614892,1.6086869495596476
f_qv_surge_30d,none,none,4.0,0.08,3747,-0.004589577135343516,-6.701826544789463,0.3584200693888444,-0.26123116722592576,-0.2728635328886573,0.0,0.0,0.16012810248198558,0.8262610088070457,0.013610888710968775,3.518214571657326
f_qv_surge_30d,0.05,0.1,8.0,0.1,3747,-0.004451624985535492,-6.714157800676508,0.33440085401654657,-0.27286053395888255,-0.25161613206821687,0.05817987723512143,0.14945289564985323,0.051240992794235385,0.7275153456098212,0.013610888710968775,6.477715505737923
f_qv_surge_30d,0.08,none,4.0,0.08,3747,-0.0046890942354117,-6.715324724375814,0.3584200693888444,-0.2642146177753073,-0.27580000719027703,0.0,0.018414731785428344,0.14171337069655723,0.8262610088070457,0.013610888710968775,3.518214571657326
f_qv_surge_30d,none,0.08,2.0,0.05,3747,-0.0034462773725580024,-6.7440915526829475,0.36269015212169736,-0.17882714511640918,-0.19611090326037522,0.006405124099279423,0.0,0.2522017614091273,0.7285828662930345,0.012810248198558846,1.6323058446757406
f_qv_surge_30d,none,0.08,8.0,0.05,3747,-0.0038558282906108123,-6.755250020210259,0.3496130237523352,-0.23819421380871508,-0.2250222233700933,0.03576194288764345,0.0,0.41926874833199895,0.5321590605817987,0.012810248198558846,5.397851614625034
f_qv_surge_30d,0.08,0.08,4.0,0.05,3747,-0.004276232339322386,-6.756110160427287,0.3600213504136643,-0.24631721458537958,-0.2500712084640894,0.017080330931411796,0.016012810248198558,0.3066453162530024,0.6474512943688284,0.012810248198558846,3.0114758473445424
f_qv_surge_30d,none,none,2.0,0.05,3747,-0.00347748715813794,-6.767553873477473,0.36269015212169736,-0.1797631112134005,-0.19743269927653162,0.0,0.0,0.25380304243394713,0.733386709367494,0.012810248198558846,1.6351080864691754
f_qv_surge_30d,none,0.15,2.0,0.05,3747,-0.00347748715813794,-6.767553873477473,0.36269015212169736,-0.1797631112134005,-0.19743269927653162,0.0,0.0,0.25380304243394713,0.733386709367494,0.012810248198558846,1.6351080864691754
f_qv_surge_30d,0.05,none,2.0,none,3747,-0.0038916937872914034,-6.778324152876036,0.355484387510008,-0.2095087514704418,-0.2258412360639576,0.0,0.09127301841473179,0.0,0.8935148118494796,0.01521216973578863,1.8664931945556444
f_qv_surge_30d,none,0.15,4.0,0.08,3747,-0.00464873631327108,-6.8108739058763925,0.3584200693888444,-0.2639500480705893,-0.2756059615141645,0.0032025620496397116,0.0,0.16012810248198558,0.8230584467574059,0.013610888710968775,3.5152121697357885
f_qv_surge_30d,0.05,0.1,4.0,0.1,3747,-0.0041439115852668,-6.817681224277857,0.3552175073392047,-0.2535630379205558,-0.26732336319030503,0.03923138510808647,0.11449159327461969,0.044035228182546036,0.7886309047237791,0.013610888710968775,3.4379503602882306
f_qv_surge_30d,0.08,0.1,4.0,0.05,3747,-0.004356467203505506,-6.822175967573612,0.3600213504136643,-0.2500240878114124,-0.2564572247951432,0.006405124099279423,0.016012810248198558,0.31331732052308514,0.6514544969308781,0.012810248198558846,3.022417934347478
f_qv_surge_30d,0.08,0.15,4.0,0.08,3747,-0.004748253413339265,-6.8230884837681085,0.3584200693888444,-0.2669225186676638,-0.27853136076791213,0.0032025620496397116,0.018414731785428344,0.14171337069655723,0.8230584467574059,0.013610888710968775,3.5152121697357885
f_qv_surge_30d,none,none,8.0,0.1,3747,-0.005292512215191098,-6.905351841249772,0.33920469709100615,-0.29098572632092434,-0.2737236630093186,0.0,0.0,0.12409927942353884,0.8614891913530824,0.014411529223378704,7.223979183346677
f_qv_surge_30d,0.05,0.05,4.0,0.05,3747,-0.0038499790724576175,-6.908240929115535,0.362423271950894,-0.22838473884516086,-0.236314031445358,0.06992260475046704,0.06965572457966374,0.22738190552441953,0.6210301574593008,0.01200960768614892,2.9410862022951694
f_qv_surge_30d,0.03,0.05,8.0,0.08,3747,-0.0035218893188157826,-6.923877815710458,0.3496130237523352,-0.21024665791093078,-0.19737957473851922,0.15665866026154257,0.37309847878302643,0.04323458767013611,0.4165999466239658,0.010408326661329063,4.592807579396851
f_qv_surge_30d,0.05,0.1,8.0,0.05,3747,-0.004491382206170722,-6.92657097179783,0.34801174272751534,-0.2569407240212265,-0.2456659539808348,0.017614091273018415,0.07846277021617294,0.35094742460635175,0.5401654657058981,0.012810248198558846,5.43461435815319
f_qv_surge_30d,0.08,none,8.0,0.1,3747,-0.005556712665073482,-6.9312844105748095,0.33920469709100615,-0.3010565835232719,-0.28446628811355246,0.0,0.03522818254603683,0.10408326661329063,0.8462770216172938,0.014411529223378704,7.11929543634908
f_qv_surge_30d,none,0.08,4.0,0.05,3747,-0.0037114995007606227,-6.943485533649323,0.3600213504136643,-0.22588975355795793,-0.22974549390764812,0.017080330931411796,0.0,0.32265812650120096,0.6474512943688284,0.012810248198558846,3.0114758473445424
f_qv_surge_30d,0.03,0.1,2.0,0.1,3747,-0.003801034081069238,-6.950765592401028,0.3434747798238591,-0.1884033575129478,-0.19895838766581245,0.021617293835068056,0.2436615959434214,0.02642113690952762,0.696290365625834,0.01200960768614892,1.6320389645049374
f_qv_surge_30d,0.08,0.15,4.0,0.05,3747,-0.004446450399217369,-6.968131677064906,0.3600213504136643,-0.2530586645661149,-0.2563252445338869,0.0008006405124099279,0.016012810248198558,0.31651988257272484,0.6538564184681078,0.012810248198558846,3.02902321857486
f_qv_surge_30d,0.08,none,4.0,0.05,3747,-0.004448499402820557,-6.97119477558083,0.3600213504136643,-0.2531254900808785,-0.2563252445338868,0.0,0.016012810248198558,0.31651988257272484,0.6546570589805177,0.012810248198558846,3.0298238590872697
f_qv_surge_30d,none,none,8.0,0.08,3747,-0.005342212832916454,-6.988965406892893,0.34160661862823594,-0.29971897586974894,-0.2852764113546218,0.0,0.0,0.22658126501200962,0.7598078462770216,0.013610888710968775,6.711969575660528
f_qv_surge_30d,0.05,none,8.0,0.05,3747,-0.0048199699954818214,-6.993058286299491,0.34801174272751534,-0.2652205717735604,-0.24863559334959054,0.0,0.07846277021617294,0.3637576728049106,0.5449693087803577,0.012810248198558846,5.456832132372565
f_qv_surge_30d,none,0.1,4.0,0.05,3747,-0.003791734364943743,-7.0070025594634595,0.3600213504136643,-0.2296970961191328,-0.23630459379885196,0.006405124099279423,0.0,0.3293301307712837,0.6514544969308781,0.012810248198558846,3.022417934347478
f_qv_surge_30d,0.05,0.15,8.0,0.05,3747,-0.00480843810912393,-7.013242114735542,0.34801174272751534,-0.2653035489692205,-0.2487204434542445,0.0016012810248198558,0.07846277021617294,0.36295703229250065,0.5441686682679477,0.012810248198558846,5.453629570322925
f_qv_surge_30d,0.08,none,8.0,0.08,3747,-0.005446681223112405,-7.013447457907039,0.34160661862823594,-0.30270292798323917,-0.2881996169943212,0.0,0.024819855884707767,0.20176140912730184,0.7598078462770216,0.013610888710968775,6.711969575660528
f_qv_surge_30d,0.03,0.15,4.0,none,3747,-0.0035093847448790273,-7.014940570743744,0.33440085401654657,-0.22188436397988032,-0.22103809315512268,0.02802241793434748,0.31945556445156126,0.0,0.6397117694155324,0.012810248198558846,3.0419669068588204
f_qv_surge_30d,0.05,none,4.0,none,3747,-0.004453711204260108,-7.022139353332655,0.35121430477715504,-0.2619552409168726,-0.27259595331949865,0.0,0.12169735788630905,0.0,0.8630904723779024,0.01521216973578863,3.632506004803843
f_qv_surge_30d,0.03,none,8.0,0.05,3747,-0.004770525044881442,-7.030746386843046,0.33119829196690687,-0.24288345070054285,-0.23104298000912366,0.0,0.32906325060048036,0.24472911662663463,0.414998665599146,0.01120896717373899,4.621563917800907
f_qv_surge_30d,0.03,0.1,8.0,0.05,3747,-0.004483732120097065,-7.03771205818194,0.33119829196690687,-0.23616527277685095,-0.2298275551383932,0.016012810248198558,0.32906325060048036,0.2327195089404857,0.41099546303709633,0.01120896717373899,4.600747264478249
f_qv_surge_30d,0.03,0.15,8.0,0.05,3747,-0.004758993158523551,-7.05493319134627,0.33119829196690687,-0.24296934872448794,-0.23113022138375358,0.0016012810248198558,0.32906325060048036,0.24392847611422472,0.41419802508673603,0.01120896717373899,4.618361355751268
f_qv_surge_30d,0.08,0.15,4.0,0.1,3747,-0.0050489372542849,-7.073896422264931,0.3576194288764345,-0.2752156531708858,-0.2881638057649347,0.006405124099279423,0.02722177742193755,0.07686148919135308,0.8751000800640513,0.014411529223378704,3.6605284227381905
f_qv_surge_30d,none,0.15,4.0,0.1,3747,-0.0045673941028767095,-7.129084117115943,0.3584200693888444,-0.25763738119548985,-0.2711727848247195,0.006405124099279423,0.0,0.09207365892714171,0.8871096877502002,0.014411529223378704,3.7049639711769418
f_qv_surge_30d,0.03,none,2.0,none,3747,-0.0035384141761078732,-7.141740499916497,0.3434747798238591,-0.19088506332978816,-0.2045380529369651,0.0,0.2460635174806512,0.0,0.74112623432079,0.012810248198558846,1.6868828396050173
f_qv_surge_30d,0.05,0.1,2.0,0.08,3747,-0.0042696802450707,-7.145862565515793,0.3546837469975981,-0.2199139488215729,-0.23243721106632478,0.013610888710968775,0.08086469175340272,0.07205764611689351,0.8198558847077662,0.013610888710968775,1.7710168134507607
f_qv_surge_30d,none,0.15,4.0,0.05,3747,-0.0038817175606556055,-7.17880021743013,0.3600213504136643,-0.23281392060403572,-0.2361690364071431,0.0008006405124099279,0.0,0.3325326928209234,0.6538564184681078,0.012810248198558846,3.02902321857486
f_qv_surge_30d,0.08,none,4.0,0.1,3747,-0.005175262789379819,-7.180328949372982,0.3576194288764345,-0.2787091550768034,-0.29004370605658747,0.0,0.02722177742193755,0.07846277021617294,0.8799039231385108,0.014411529223378704,3.6671337069655725
f_qv_surge_30d,none,none,4.0,0.05,3747,-0.003883766564258793,-7.182388934172219,0.3600213504136643,-0.23288255732588126,-0.236169036407143,0.0,0.0,0.3325326928209234,0.6546570589805177,0.012810248198558846,3.0298238590872697
f_qv_surge_30d,0.05,0.08,4.0,0.08,3747,-0.004411316798605067,-7.189298031683192,0.3544168668267948,-0.25608318331317736,-0.2587742990868147,0.049105951427808915,0.10408326661329063,0.08807045636509207,0.7451294368828396,0.013610888710968775,3.324125967440619
f_qv_surge_30d,0.03,0.1,4.0,0.1,3747,-0.003911684707096844,-7.203457149639394,0.33440085401654657,-0.2324324432747077,-0.23498382491494701,0.036028823058446756,0.3146517213771017,0.032025620496397116,0.6052842273819056,0.01200960768614892,2.9416866826794767
f_qv_surge_30d,none,none,4.0,0.1,3747,-0.004693719637971629,-7.243242966888182,0.3584200693888444,-0.26121561855984543,-0.2730975640610634,0.0,0.0,0.09367493995196156,0.8919135308246597,0.014411529223378704,3.7115692554043234
f_qv_surge_30d,0.03,0.1,8.0,0.08,3747,-0.004851291811548141,-7.316310415933242,0.30557779556978915,-0.25541719348022895,-0.24603648039333495,0.03896450493728316,0.3899119295436349,0.07365892714171338,0.48545503069121965,0.01200960768614892,5.085134774486256
f_qv_surge_30d,0.03,0.08,4.0,0.08,3747,-0.0040705789325953656,-7.322482965753773,0.33600213504136645,-0.23019512264051978,-0.2245553661127188,0.04670402989057913,0.3074459567654123,0.0544435548438751,0.5793968508139845,0.01200960768614892,2.8638911128903124
f_qv_surge_30d,0.03,0.1,2.0,0.08,3747,-0.004057864155819584,-7.35630814812997,0.3410728582866293,-0.20120819981595095,-0.21346360821607113,0.013610888710968775,0.24125967440619162,0.04803843074459568,0.685081398452095,0.01200960768614892,1.6108219909260741
f_qv_surge_30d,0.05,0.1,2.0,0.05,3747,-0.0040709950486015395,-7.382710803477933,0.3610888710968775,-0.20326135386581734,-0.21977376081771494,0.0032025620496397116,0.059247397918334666,0.19375500400320256,0.7309847878302642,0.012810248198558846,1.634107285828663
f_qv_surge_30d,0.05,0.08,2.0,0.08,3747,-0.0045056077828212185,-7.3841579192745534,0.35628502802241796,-0.21710860483007732,-0.22999739727143503,0.025620496397117692,0.08006405124099279,0.0688550840672538,0.8118494795836669,0.013610888710968775,1.761208967173739
f_qv_surge_30d,0.03,0.05,4.0,0.05,3747,-0.0036536104206736177,-7.407986144739303,0.3496130237523352,-0.21488069541154242,-0.22007244893371133,0.06832132372564718,0.2698158526821457,0.15292233787029624,0.4985321590605818,0.010408326661329063,2.606952228449426
f_qv_surge_30d,0.03,0.08,8.0,0.08,3747,-0.004700116825401033,-7.439227461550246,0.31118227915665864,-0.24784663313214128,-0.23757839051787955,0.07018948492127035,0.3875100080064051,0.06084867894315452,0.4694422204430211,0.01200960768614892,4.988524152655458
f_qv_surge_30d,0.05,0.08,2.0,0.05,3747,-0.0041196325096829614,-7.486356754780568,0.3610888710968775,-0.20487349206935557,-0.22006682524438456,0.006405124099279423,0.059247397918334666,0.19295436349079265,0.7285828662930345,0.012810248198558846,1.6323058446757406
f_qv_surge_30d,0.05,0.05,8.0,0.05,3747,-0.004016704273913859,-7.49764354560163,0.3544168668267948,-0.24927357082750023,-0.23117929978263044,0.10141446490525755,0.07846277021617294,0.29837203095809983,0.5097411262343208,0.01200960768614892,5.214905257539365
f_qv_surge_30d,0.05,none,2.0,0.05,3747,-0.004150842295262899,-7.509317503496064,0.3610888710968775,-0.20577939040758686,-0.22134885880537178,0.0,0.059247397918334666,0.1945556445156125,0.733386709367494,0.012810248198558846,1.6351080864691754
f_qv_surge_30d,0.05,0.15,2.0,0.05,3747,-0.004150842295262899,-7.509317503496064,0.3610888710968775,-0.20577939040758686,-0.22134885880537178,0.0,0.059247397918334666,0.1945556445156125,0.733386709367494,0.012810248198558846,1.6351080864691754
f_qv_surge_30d,0.05,0.1,4.0,0.08,3747,-0.004583199425630917,-7.566370996725324,0.35121430477715504,-0.27296059512569826,-0.2815497961472581,0.024819855884707767,0.10488390712570056,0.09687750200160128,0.7598078462770216,0.013610888710968775,3.3596877502001603
f_qv_surge_30d,0.05,0.08,8.0,0.05,3747,-0.004658875352993312,-7.579952798583058,0.34801174272751534,-0.26752147150175,-0.253083690216678,0.03576194288764345,0.07846277021617294,0.34080597811582597,0.5321590605817987,0.012810248198558846,5.397851614625034
f_qv_surge_30d,0.03,0.05,2.0,0.05,3747,-0.003622735282191635,-7.589345345418075,0.3530824659727782,-0.18228950314094072,-0.1954783098744964,0.044035228182546036,0.21323725647184413,0.1297037630104083,0.6026154256738724,0.010408326661329063,1.495729917267147
f_qv_surge_30d,0.03,0.08,2.0,0.08,3747,-0.004279123959382752,-7.624377557179584,0.3434747798238591,-0.19842699528113894,-0.21105025840863398,0.025620496397117692,0.23965839338137176,0.045636509207365894,0.6770749933279957,0.01200960768614892,1.6010141446490527
f_qv_surge_30d,0.05,0.08,4.0,0.05,3747,-0.004465313078385448,-7.6673803749683,0.3584200693888444,-0.2533823393969519,-0.2534753772336235,0.017080330931411796,0.06965572457966374,0.2530024019215372,0.6474512943688284,0.012810248198558846,3.0114758473445424
f_qv_surge_30d,0.03,0.1,4.0,0.08,3747,-0.0042576500356052574,-7.694632002207678,0.3319989324793168,-0.24756373653542596,-0.24642644688836207,0.02321857485988791,0.3090472377902322,0.06244995996797438,0.5932746196957566,0.01200960768614892,2.899252735521751
f_qv_surge_30d,0.05,0.15,2.0,0.1,3747,-0.004710548383213266,-7.72707309072203,0.35708566853482787,-0.23457970479810686,-0.2436149084694971,0.0008006405124099279,0.08807045636509207,0.03923138510808647,0.8582866293034428,0.013610888710968775,1.817654123298639
f_qv_surge_30d,0.05,0.1,4.0,0.05,3747,-0.004545547942568566,-7.7283515448489695,0.3584200693888444,-0.2570532750893163,-0.259090309197194,0.006405124099279423,0.06965572457966374,0.25967440619161997,0.6514544969308781,0.012810248198558846,3.022417934347478
f_qv_surge_30d,0.03,0.15,8.0,0.1,3747,-0.005562605412739122,-7.735956603736831,0.30317587403255936,-0.2754016979627757,-0.25380585386037147,0.012543368027755538,0.3987189751801441,0.05044035228182546,0.526287696824126,0.01200960768614892,5.325260208166533
f_qv_surge_30d,0.05,0.1,8.0,0.08,3747,-0.005104776198431191,-7.74385187955324,0.33039765145449695,-0.3028410191282229,-0.28369737346394236,0.04216706698692287,0.13504136642647452,0.12249799839871897,0.6866826794769149,0.013610888710968775,6.268147851614625
f_qv_surge_30d,0.03,0.15,8.0,0.08,3747,-0.005583773202348361,-7.759112184068993,0.30557779556978915,-0.27880979698773767,-0.2589295734171052,0.006938884440886042,0.3899119295436349,0.09287429943955164,0.4982652788897785,0.01200960768614892,5.169935948759007
f_qv_surge_30d,0.05,none,2.0,0.1,3747,-0.004739662583664536,-7.779805818451874,0.35708566853482787,-0.2356051749357274,-0.24462827371310011,0.0,0.08807045636509207,0.03923138510808647,0.8590872698158527,0.013610888710968775,1.8178542834267415
f_qv_surge_30d,0.03,0.08,8.0,0.05,3747,-0.004619199646423259,-7.782891601886237,0.33119829196690687,-0.245987677834975,-0.23633620373413408,0.03416066186282359,0.32906325060048036,0.22257806244995998,0.40298905791299705,0.01120896717373899,4.564384841206298
f_qv_surge_30d,0.05,0.08,8.0,0.08,3747,-0.004964071432153184,-7.798423929142835,0.3352014945289565,-0.29534833075484623,-0.27522477405713586,0.07499332799572991,0.13424072591406458,0.10728582866293035,0.6698692287163064,0.013610888710968775,6.169935948759007
f_qv_surge_30d,0.05,0.15,8.0,0.1,3747,-0.005839632343825196,-7.846258539633361,0.3287963704296771,-0.31620092824861923,-0.28572441814796584,0.013344008540165465,0.14945289564985323,0.06965572457966374,0.7539364825193489,0.013610888710968775,6.629570322925007
f_qv_surge_30d,0.03,0.05,8.0,0.05,3747,-0.004009066491256993,-7.849375627146087,0.33760341606618627,-0.22813172749833488,-0.21477834333521262,0.0974112623432079,0.32906325060048036,0.18174539631705364,0.381371764077929,0.010408326661329063,4.38544168668268
f_qv_surge_30d,0.05,none,2.0,0.08,3747,-0.004630958176352284,-7.870720781898414,0.3546837469975981,-0.23573163423084387,-0.2471378644843366,0.0,0.08086469175340272,0.07365892714171338,0.8318654923939152,0.013610888710968775,1.7804243394715773
f_qv_surge_30d,0.05,0.15,2.0,0.08,3747,-0.004630958176352284,-7.870720781898414,0.3546837469975981,-0.23573163423084387,-0.2471378644843366,0.0,0.08086469175340272,0.07365892714171338,0.8318654923939152,0.013610888710968775,1.7804243394715773
f_qv_surge_30d,0.05,0.15,4.0,0.05,3747,-0.00463553113828043,-7.900693679815769,0.3584200693888444,-0.2600594101194629,-0.2599170444800372,0.0008006405124099279,0.06965572457966374,0.26287696824125967,0.6538564184681078,0.012810248198558846,3.02902321857486
f_qv_surge_30d,0.03,none,4.0,none,3747,-0.004041224183679238,-7.904058777621037,0.3319989324793168,-0.247943484264182,-0.24548846498514215,0.0,0.3210568454763811,0.0,0.6661329063250601,0.012810248198558846,3.1050173472111022
f_qv_surge_30d,0.05,none,4.0,0.05,3747,-0.004637580141883618,-7.904286674303775,0.3584200693888444,-0.2601256093086999,-0.2599170444800372,0.0,0.06965572457966374,0.26287696824125967,0.6546570589805177,0.012810248198558846,3.0298238590872697
f_qv_surge_30d,0.03,none,8.0,0.1,3747,-0.005767144267656518,-7.929750329760792,0.30317587403255936,-0.2806505491424788,-0.257254051773339,0.0,0.3987189751801441,0.05284227381905524,0.5364291433146517,0.01200960768614892,5.360221510541766
f_qv_surge_30d,0.03,none,8.0,0.08,3747,-0.0056481891773436195,-7.973028509129548,0.30557779556978915,-0.2837214334208079,-0.26397660330113903,0.0,0.3899119295436349,0.09687750200160128,0.5012009607686149,0.01200960768614892,5.187283159861222
f_qv_surge_30d,0.03,0.08,4.0,0.05,3747,-0.0042174623759583035,-8.127920565834104,0.34560982119028555,-0.238482525094173,-0.23700743420075834,0.017080330931411796,0.2698158526821457,0.17694155324259409,0.5249532959701094,0.01120896717373899,2.676140912730184
f_qv_surge_30d,0.05,none,8.0,0.1,3747,-0.006105074862107761,-8.161846987954268,0.3287963704296771,-0.3243425210362866,-0.29009469370205376,0.0,0.14945289564985323,0.07205764611689351,0.7648785695222845,0.013610888710968775,6.668734987990392
f_qv_surge_30d,0.05,0.15,8.0,0.08,3747,-0.005922934761323814,-8.173071117272496,0.33039765145449695,-0.326300357282175,-0.29755097210704573,0.00773952495329597,0.13504136642647452,0.14251401120896717,0.7010942087002936,0.013610888710968775,6.357352548705631
f_qv_surge_30d,0.03,0.1,4.0,0.05,3747,-0.004297697240141423,-8.188924172311232,0.34560982119028555,-0.2422202500728592,-0.24273934821266327,0.006405124099279423,0.2698158526821457,0.1836135575126768,0.5289564985321591,0.01120896717373899,2.68708299973312
f_qv_surge_30d,0.03,none,2.0,0.08,3747,-0.004419142087101166,-8.199587621031897,0.3410728582866293,-0.21740168644434765,-0.22852499852013503,0.0,0.24125967440619162,0.049639711769415534,0.6970910061382439,0.01200960768614892,1.6202295169468908
f_qv_surge_30d,0.03,0.15,2.0,0.08,3747,-0.004419142087101166,-8.199587621031897,0.3410728582866293,-0.21740168644434765,-0.22852499852013503,0.0,0.24125967440619162,0.049639711769415534,0.6970910061382439,0.01200960768614892,1.6202295169468908
f_qv_surge_30d,0.05,none,4.0,0.08,3747,-0.005072284979391333,-8.306994478396723,0.35121430477715504,-0.2904606365262853,-0.29455678027672233,0.0,0.10488390712570056,0.10488390712570056,0.77662129703763,0.013610888710968775,3.399119295436349
f_qv_surge_30d,0.05,0.15,4.0,0.1,3747,-0.005184607352216061,-8.309216414584732,0.35361622631438483,-0.2895108556388841,-0.29380631780826977,0.006405124099279423,0.11449159327461969,0.0544435548438751,0.811048839071257,0.013610888710968775,3.4987990392313852
f_qv_surge_30d,0.03,0.15,2.0,0.1,3747,-0.004487459980417227,-8.326954251028239,0.34267413931144913,-0.21916878441702614,-0.22843884162371095,0.0008006405124099279,0.2436615959434214,0.029623698959167333,0.7139044568988524,0.01200960768614892,1.6486522551374432
f_qv_surge_30d,0.03,0.1,2.0,0.05,3747,-0.004129190481445368,-8.329955065499238,0.3498799039231385,-0.2017401439233334,-0.2180771846746222,0.0032025620496397116,0.21323725647184413,0.14171337069655723,0.63063784360822,0.01120896717373899,1.520549773151855
f_qv_surge_30d,0.03,none,2.0,0.1,3747,-0.004516574180868497,-8.388104103359064,0.34267413931144913,-0.22021653317320045,-0.22947415146771827,0.0,0.2436615959434214,0.029623698959167333,0.7147050974112623,0.01200960768614892,1.6488524152655457
f_qv_surge_30d,0.03,0.15,4.0,0.05,3747,-0.004387680435853286,-8.397005709162947,0.34560982119028555,-0.24528655677742406,-0.24358564508926592,0.0008006405124099279,0.2698158526821457,0.18681611956231653,0.5313584200693888,0.01120896717373899,2.6936882839605016
f_qv_surge_30d,0.03,none,4.0,0.05,3747,-0.004389729439456474,-8.401290762040722,0.34560982119028555,-0.24535409576720113,-0.24358564508926644,0.0,0.2698158526821457,0.18681611956231653,0.5321590605817987,0.01120896717373899,2.6944889244729118
f_qv_surge_30d,0.05,none,4.0,0.1,3747,-0.00531093288731098,-8.425684365620157,0.35361622631438483,-0.2929369455239682,-0.29566656524118756,0.0,0.11449159327461969,0.05604483586869496,0.8158526821457166,0.013610888710968775,3.505404323458767
f_qv_surge_30d,0.05,0.15,4.0,0.08,3747,-0.005131444157318897,-8.429525393630145,0.35121430477715504,-0.2930785694371103,-0.29722397964103,0.0032025620496397116,0.10488390712570056,0.10488390712570056,0.7734187349879904,0.013610888710968775,3.396116893514812
f_qv_surge_30d,0.03,0.08,2.0,0.05,3747,-0.004177827942526791,-8.459482950769214,0.3498799039231385,-0.20335519794390478,-0.21837119845411843,0.006405124099279423,0.21323725647184413,0.14091273018414732,0.6282359220709901,0.01120896717373899,1.5187483319989326
f_qv_surge_30d,0.03,none,2.0,0.05,3747,-0.004209037728106729,-8.480138322649683,0.3498799039231385,-0.20426315971149966,-0.21965620225737742,0.0,0.21323725647184413,0.14251401120896717,0.6330397651454497,0.01120896717373899,1.5215505737923671
f_qv_surge_30d,0.03,0.15,2.0,0.05,3747,-0.004209037728106729,-8.480138322649683,0.3498799039231385,-0.20426315971149966,-0.21965620225737742,0.0,0.21323725647184413,0.14251401120896717,0.6330397651454497,0.01120896717373899,1.5215505737923671
f_qv_surge_30d,0.05,none,8.0,0.08,3747,-0.006053808948438874,-8.482529220960568,0.33039765145449695,-0.3343627654598571,-0.30595743461315855,0.0,0.13504136642647452,0.14731785428342675,0.70402989057913,0.013610888710968775,6.378903122497999
f_qv_surge_30d,0.03,none,4.0,0.08,3747,-0.004767926697210381,-8.732503999838768,0.3319989324793168,-0.2675043343561392,-0.2595992994240696,0.0,0.3090472377902322,0.07045636509207366,0.6084867894315452,0.01200960768614892,2.9372831598612223
f_qv_surge_30d,0.03,0.15,4.0,0.08,3747,-0.0048271139284144825,-8.858846816651084,0.3319989324793168,-0.27022185889433037,-0.2624121224550571,0.0024019215372297837,0.3090472377902322,0.07045636509207366,0.6060848678943155,0.01200960768614892,2.9352815585801975
f_qv_surge_30d,0.03,0.15,4.0,0.1,3747,-0.004849195888966256,-8.996564377117416,0.3327995729917267,-0.2684823687880783,-0.2605253827931208,0.005604483586869495,0.3146517213771017,0.04083266613290633,0.6269015212169736,0.01200960768614892,3.0005337603416065
f_qv_surge_30d,0.03,none,4.0,0.1,3747,-0.0049754933707846375,-9.117283947772336,0.3327995729917267,-0.2720162159046384,-0.26402276823346116,0.0,0.3146517213771017,0.04243394715772618,0.6309047237790232,0.01200960768614892,3.006138243928476
f_qv_surge_7d,none,0.1,none,none,3697,0.0029922548714835526,0.5747815018000797,0.4517176088720584,0.024893014216223364,-0.18397948791177557,0.15472004327833377,0.0,0.0,0.0,0.8452799567216662,19.97964565864214
f_qv_surge_7d,none,0.15,none,none,3697,0.003082150740277718,0.5419240783307642,0.4387341087368136,0.022930492338304687,-0.16089494413739586,0.08899107384365702,0.0,0.0,0.0,0.911008926156343,21.106708141736544
f_qv_surge_7d,none,0.05,none,none,3697,0.0025878458157533825,0.2038708231672076,0.5128482553421694,0.0004848248076243511,-0.16431405334130375,0.3313497430348932,0.0,0.0,0.0,0.6686502569651068,16.753989721395726
f_qv_surge_7d,none,0.08,none,none,3697,0.0023635435319510124,0.08768616140045028,0.46388964024885043,-0.008568040428827084,-0.18224681345932955,0.19448201244252097,0.0,0.0,0.0,0.805517987557479,19.150459832296455
f_qv_surge_7d,0.08,0.15,none,none,3697,0.002354256281770709,-0.09574821367776463,0.43251284825534214,-0.02643046136615579,-0.2057942422799226,0.08736813632675142,0.08547470922369489,0.0,0.0,0.8271571544495537,19.85204219637544
f_qv_surge_7d,0.08,0.1,none,none,3697,0.0023194792300141255,-0.14682826650680691,0.44549634839058694,-0.02733037413839534,-0.22541393571870647,0.1514741682445226,0.08222883418988369,0.0,0.0,0.7662969975655938,18.778130916959697
f_qv_surge_7d,0.08,0.08,none,none,3697,0.0019027836385942776,-0.5460072777797799,0.45847984852583173,-0.05113742097815721,-0.22049513944878021,0.19204760616716257,0.0781714903976197,0.0,0.0,0.7297809034352177,17.996213145793888
f_qv_surge_7d,none,0.05,none,0.1,3697,0.001910533541256514,-0.5551925409681824,0.49905328644847174,-0.045265006298584765,-0.2034763543138267,0.29402218014606435,0.0,0.09115499053286448,0.0,0.6148228293210711,16.044968893697593
f_qv_surge_7d,0.08,0.05,none,none,3697,0.0018697224700725452,-0.6444345015165025,0.5074384636191507,-0.05302428214658761,-0.20733742030132524,0.3267514200703273,0.06951582364078983,0.0,0.0,0.6037327562888829,15.769948606978632
f_qv_surge_7d,none,none,none,none,3697,-3.7952914679191714e-05,-0.8084093624504268,0.4314308899107384,-0.08872251400410514,-0.23658746065953076,0.0,0.0,0.0,0.0,1.0,22.470516635109547
f_qv_surge_7d,0.08,0.05,none,0.1,3697,0.001459393127399858,-0.8983030941361222,0.49770083851771707,-0.06858022232525696,-0.21678728761962088,0.29266973221530973,0.05680281309169597,0.05977819853935624,0.0,0.590749256153638,15.632878009196645
f_qv_surge_7d,none,0.08,none,0.1,3697,0.0011614760357640031,-1.1779290197026542,0.4487422234243982,-0.08726696929907085,-0.23522156428616217,0.1522856370029754,0.0,0.12199080335407086,0.0,0.7257235596429538,18.08026778469029
f_qv_surge_7d,none,0.1,none,0.1,3697,0.0010776278589182703,-1.1877823883042862,0.43251284825534214,-0.09163336444680992,-0.24966243706922983,0.10440898025426021,0.0,0.14390045983229646,0.0,0.7516905599134434,18.645726264538816
f_qv_surge_7d,0.08,none,none,none,3697,-0.0008663354292561122,-1.3948217781844203,0.425209629429267,-0.13638402875141253,-0.2750356253399904,0.0,0.08790911549905328,0.0,0.0,0.9120908845009467,21.156207736002163
f_qv_surge_7d,0.08,0.08,none,0.1,3697,0.0007678983631743161,-1.438411023735597,0.44793075466594534,-0.10624570947121825,-0.25000955104726763,0.1522856370029754,0.05680281309169597,0.09007303218826075,0.0,0.7008385177170678,17.660670814173653
f_qv_surge_7d,0.08,0.1,none,0.1,3697,0.0006840501863285836,-1.4411733278954018,0.43170137949688936,-0.11049648837606496,-0.25945433625421566,0.10440898025426021,0.05680281309169597,0.11198268866648634,0.0,0.7268055179875574,18.22612929402218
f_qv_surge_7d,none,none,none,0.1,3697,-0.00014080328520103325,-1.5419188611801475,0.42115228563700297,-0.125651857699548,-0.2409254499825332,0.0,0.0,0.1988098458209359,0.0,0.8011901541790641,19.417500676223966
f_qv_surge_7d,none,0.15,none,0.1,3697,0.00026160363997840123,-1.6219993298585362,0.42115228563700297,-0.1253642091571775,-0.25746839288757556,0.04354882337030024,0.0,0.17798214768731405,0.0,0.7784690289423857,19.177373546118474
f_qv_surge_7d,0.08,none,none,0.1,3697,-0.0005343809577907197,-1.7688771679993227,0.4203408168785502,-0.14379984261354406,-0.25407667245579524,0.0,0.05680281309169597,0.1668920746551258,0.0,0.7763051122531782,18.99790370570733
f_qv_surge_7d,0.08,0.15,none,0.1,3697,-0.00013197403261128586,-1.8538702942239762,0.4203408168785502,-0.14353449252662287,-0.26718566676582406,0.04354882337030024,0.05680281309169597,0.14606437652150392,0.0,0.7535839870164999,18.757776575601838
f_qv_surge_7d,0.05,0.15,none,none,3697,0.0006230281959862077,-1.8996687728064396,0.40573437922639977,-0.13751155257062853,-0.2285091194685592,0.07925344874222343,0.27427644035704624,0.0,0.0,0.6464701109007304,17.39734920205572
f_qv_surge_7d,0.05,0.1,none,none,3697,0.0008352137483484413,-1.9012964320015662,0.41871787936164456,-0.12895725536660452,-0.24420684619948332,0.1393021368677306,0.2645388152556127,0.0,0.0,0.5961590478766567,16.442318095753315
f_qv_surge_7d,0.03,0.15,none,none,3697,-0.0003762252599534242,-2.0084868029934535,0.340005409791723,-0.10491866932089844,-0.17634622517121282,0.07032729239924262,0.5079794427914526,0.0,0.0,0.42169326480930486,12.80666756829862
f_qv_surge_7d,none,0.05,none,0.08,3697,0.00013315722145868685,-2.146023086237656,0.4720043278333784,-0.13158662156980838,-0.24708982044290265,0.26048147146334866,0.0,0.1915066269948607,0.0,0.5480119015417907,14.907019204760617
f_qv_surge_7d,0.03,0.1,none,none,3697,-0.0004455511162516202,-2.236023381815711,0.35136597241006223,-0.10908005096233986,-0.20213499107472488,0.1190154179064106,0.4982418176900189,0.0,0.0,0.38274276440357047,12.025899377873952
f_qv_surge_7d,0.08,0.05,none,0.08,3697,-2.487032886939494e-05,-2.2528991853516414,0.4720043278333784,-0.13848457505284972,-0.25276745080939333,0.26048147146334866,0.03164728157965918,0.15985934541520153,0.0,0.5480119015417907,14.907019204760617
f_qv_surge_7d,0.05,none,none,none,3697,-0.0017685568055000578,-2.3978170173987503,0.4000540979172302,-0.19019097637215776,-0.26372370413968305,0.0,0.2775223153908575,0.0,0.0,0.7224776846091425,18.542872599404923
f_qv_surge_7d,none,none,none,0.08,3697,-0.0010547544198209588,-2.412564797004033,0.404922910467947,-0.16932269279986,-0.27069530082498117,0.0,0.0,0.32891533675953477,0.0,0.6710846632404652,17.129902623748986
f_qv_surge_7d,0.08,none,none,0.08,3697,-0.0012127819701490403,-2.50427572893422,0.404922910467947,-0.1759343997444749,-0.275984594557543,0.0,0.03164728157965918,0.2972680551798756,0.0,0.6710846632404652,17.129902623748986
f_qv_surge_7d,0.05,0.08,none,none,3697,0.0002814050596312597,-2.702612052135361,0.4300784419799838,-0.1648860501430912,-0.2668048280901563,0.17662969975655937,0.2564241276710847,0.0,0.0,0.5669461725723559,15.783743575872329
f_qv_surge_7d,0.03,none,none,none,3697,-0.0028525879193638712,-2.727884255639158,0.3351365972410062,-0.15863875669429472,-0.20931168829112665,0.0,0.5128482553421694,0.0,0.0,0.4871517446578307,13.803286448471734
f_qv_surge_7d,none,0.1,none,0.08,3697,-0.0010090317437424197,-2.779264650303255,0.404922910467947,-0.1770063708716425,-0.28252396974186755,0.08087638625912902,0.0,0.2837435758723289,0.0,0.635380037868542,16.640384095212333
f_qv_surge_7d,none,0.15,none,0.08,3697,-0.0012283088225056953,-2.8353719711330783,0.404922910467947,-0.18713782460755113,-0.28471498185588334,0.03056532323505545,0.0,0.3170137949688937,0.0,0.6524208817960508,16.964701109007304
f_qv_surge_7d,0.05,0.05,none,none,3697,5.1687196748105805e-05,-2.842412535722148,0.4766026507979443,-0.16110320694401514,-0.2424765437795882,0.3032188260751961,0.2372193670543684,0.0,0.0,0.45956180687043546,13.742967270760076
f_qv_surge_7d,0.08,0.1,none,0.08,3697,-0.0011670592940705015,-2.8745781290825194,0.404922910467947,-0.1835489331126655,-0.28793920984166893,0.08087638625912902,0.03164728157965918,0.2520962942926697,0.0,0.635380037868542,16.640384095212333
f_qv_surge_7d,0.08,0.15,none,0.08,3697,-0.001386336372833777,-2.9267414977988877,0.404922910467947,-0.19360776889539033,-0.290182118019982,0.03056532323505545,0.03164728157965918,0.2853665133892345,0.0,0.6524208817960508,16.964701109007304
f_qv_surge_7d,none,0.08,none,0.08,3697,-0.001003748132818592,-3.0044153372154514,0.41384906681092776,-0.18148302111140546,-0.2807692696182977,0.1246956992155802,0.0,0.25371923180957534,0.0,0.6215850689748444,16.305991344333243
f_qv_surge_7d,0.05,0.05,none,0.1,3697,-9.120413989283214e-05,-3.0283218895498933,0.4717338382472275,-0.1686087716174246,-0.2446105160763204,0.27481741952934813,0.2372193670543684,0.028401406545847985,0.0,0.45956180687043546,13.742967270760076
f_qv_surge_7d,0.08,0.08,none,0.08,3697,-0.0011617756831466743,-3.1008628763180934,0.41384906681092776,-0.18799048933146367,-0.2861977541526221,0.1246956992155802,0.03164728157965918,0.22207195022991616,0.0,0.6215850689748444,16.305991344333243
f_qv_surge_7d,0.05,0.1,none,0.1,3697,-0.0007060096442965145,-3.1869455282310537,0.41060319177711657,-0.1972150650324498,-0.2833644066280127,0.09710576142818501,0.2493913984311604,0.0635650527454693,0.0,0.5899377873951853,16.279415742493914
f_qv_surge_7d,0.05,none,none,0.1,3697,-0.0017359027526845864,-3.2125116955798303,0.40086556667568296,-0.21707139796363417,-0.27345968395005543,0.0,0.2493913984311604,0.11360562618339194,0.0,0.6370029753854477,17.02177441168515
f_qv_surge_7d,none,0.05,2.0,none,3697,-0.000730499403221629,-3.255460270801766,0.4065458479848526,-0.08384733504290953,-0.13433363656873065,0.14552339734920205,0.0,0.0,0.8398701649986475,0.014606437652150393,1.8069380578847714
f_qv_surge_7d,0.03,0.08,none,none,3697,-0.0010313493680167637,-3.255490005679428,0.3611035975114958,-0.142422362751629,-0.22240952237518943,0.15066269948606978,0.49175006762239654,0.0,0.0,0.35758723289153366,11.453340546388963
f_qv_surge_7d,none,0.05,4.0,none,3697,-9.108295408850776e-05,-3.3614234497263853,0.43305382742764403,-0.12189135686201935,-0.18377253883690461,0.1809575331349743,0.0,0.0,0.8044360292128753,0.014606437652150393,3.4553015958885585
f_qv_surge_7d,0.08,0.05,2.0,none,3697,-0.0011317950848209542,-3.448729316178039,0.404922910467947,-0.11087504300584561,-0.16070762722633886,0.14390045983229646,0.022180146064376523,0.0,0.8193129564511766,0.014606437652150393,1.7788747633216122
f_qv_surge_7d,none,0.05,8.0,none,3697,-0.0002250588572100554,-3.459158391140127,0.43900459832296457,-0.14345305546679177,-0.17541420252876275,0.23018663781444415,0.0,0.0,0.7552069245334054,0.014606437652150393,6.574452258588044
f_qv_surge_7d,0.03,0.05,none,none,3697,-0.001100654634409748,-3.469542554300512,0.4060048688125507,-0.13914699333456237,-0.21359023358808119,0.25939951311874493,0.4590208276981336,0.0,0.0,0.28157965918312144,9.89795780362456
f_qv_surge_7d,0.05,0.15,none,0.1,3697,-0.0014758983410453853,-3.492389059279522,0.40086556667568296,-0.2216755668005207,-0.28751483757045365,0.04030294833648904,0.2493913984311604,0.09602380308358129,0.0,0.6142818501487692,16.785298890992696
f_qv_surge_7d,0.05,0.08,none,0.1,3697,-0.0006794335299270185,-3.504693673983528,0.425209629429267,-0.2048816285909163,-0.28824184813798753,0.1425480119015418,0.2493913984311604,0.04327833378414931,0.0,0.5647822558831485,15.724709223694887
f_qv_surge_7d,0.08,0.05,8.0,none,3697,-0.0004536970793234737,-3.5301858571605367,0.4368406816337571,-0.16012095493764888,-0.19232880170279232,0.22802272112523667,0.03678658371652691,0.0,0.720584257506086,0.014606437652150393,6.381457938869353
f_qv_surge_7d,0.03,0.05,none,0.1,3697,-0.0010825236336295383,-3.5976075332480093,0.4027589937787395,-0.14262968367577789,-0.21415504007515176,0.23586691912361374,0.4590208276981336,0.023532593995131187,0.0,0.28157965918312144,9.89795780362456
f_qv_surge_7d,0.03,none,none,0.08,3697,-0.0023779375141029157,-3.603025352525957,0.33270219096564785,-0.17959758110067414,-0.23315848178719062,0.0,0.4833648904517176,0.13389234514471193,0.0,0.38274276440357047,11.895252907763052
f_qv_surge_7d,0.03,0.1,none,0.1,3697,-0.0017437204988732802,-3.6567901186969913,0.3456856911008926,-0.16691399021794562,-0.24151361052193948,0.08331079253448742,0.49580741141466056,0.04138490668109278,0.0,0.3794968893697593,11.96483635380038
f_qv_surge_7d,0.03,none,none,0.1,3697,-0.0026325756259057264,-3.6803555237992804,0.3367595347579118,-0.1840702017268242,-0.2303439666029406,0.0,0.49580741141466056,0.08493373005139303,0.0,0.41925885853394645,12.632539897213958
f_qv_surge_7d,none,0.1,none,0.05,3697,-0.0015581027644323165,-3.781570262251345,0.3905869624019475,-0.18434725779781547,-0.23393480531778668,0.03895050040573438,0.0,0.5761428185014877,0.0,0.3849066810927779,12.26372734649716
f_qv_surge_7d,none,none,none,0.05,3697,-0.001720380530390397,-3.8156482333966957,0.3905869624019475,-0.19196013645968735,-0.23713542299942833,0.0,0.0,0.6086015688395997,0.0,0.39139843116040035,12.425615363808493
f_qv_surge_7d,none,0.15,none,0.05,3697,-0.0017244008188686372,-3.8184221524696316,0.3905869624019475,-0.19082982805008541,-0.23690823171715955,0.012172031376791993,0.0,0.5996754124966189,0.0,0.3881525561265891,12.372058425750609
f_qv_surge_7d,0.03,0.05,none,0.08,3697,-0.0013894635994624548,-3.8422007851228877,0.3949147957803625,-0.15038899257755112,-0.215979776571524,0.2190965647822559,0.4590208276981336,0.04030294833648904,0.0,0.28157965918312144,9.89795780362456
f_qv_surge_7d,0.08,0.05,4.0,none,3697,-0.0006421201091309223,-3.8498729751481156,0.4308899107384366,-0.15751044443772022,-0.2168887241321371,0.1793345956180687,0.027048958615093318,0.0,0.7790100081146876,0.014606437652150393,3.3812550716797403
f_qv_surge_7d,none,0.05,8.0,0.1,3697,-0.0006348600915797349,-3.850654056064494,0.4276440357046254,-0.16570300331301435,-0.19017508227340843,0.19610494995942657,0.0,0.05977819853935624,0.7295104138490668,0.014606437652150393,6.44360292128753
f_qv_surge_7d,0.05,none,none,0.08,3697,-0.001962527927550379,-3.8651263883800353,0.3895050040573438,-0.23950352703425948,-0.28713698160280454,0.0,0.21774411685150122,0.21098187719772787,0.0,0.5712740059507709,15.747971328103867
f_qv_surge_7d,0.08,0.05,8.0,0.1,3697,-0.0008957837186829851,-3.970865143250491,0.4271030565323235,-0.17894803200654164,-0.2030442542689044,0.1955639707871247,0.03191777116581011,0.04192588585339464,0.7159859345415202,0.014606437652150393,6.36157695428726
f_qv_surge_7d,0.05,0.05,none,0.08,3697,-0.0009101244841707616,-4.024464360382445,0.45577495266432244,-0.21147281382023275,-0.27531835923110093,0.25074384636191505,0.2169326480930484,0.08087638625912902,0.0,0.45144711928590747,13.561806870435488
f_qv_surge_7d,0.08,0.1,none,0.05,3697,-0.0020691732015120836,-4.0494927853639,0.3905869624019475,-0.208621274678486,-0.2567330851558513,0.03895050040573438,0.014065458479848527,0.5620773600216392,0.0,0.3849066810927779,12.26372734649716
f_qv_surge_7d,0.03,0.08,none,0.1,3697,-0.001684356955014049,-4.050445299382713,0.3578577224776846,-0.17183924525896133,-0.24054188761772208,0.12307276169867461,0.49175006762239654,0.027589937787395186,0.0,0.35758723289153366,11.453340546388963
f_qv_surge_7d,none,0.08,2.0,none,3697,-0.0017315610986793476,-4.068862919717275,0.37841493102515555,-0.10868354513232081,-0.1458343572992744,0.07059778198539356,0.0,0.0,0.9131728428455504,0.016229375169055992,1.8979578036245603
f_qv_surge_7d,0.08,none,none,0.05,3697,-0.0022314509674701646,-4.082135886902576,0.3905869624019475,-0.21600760495530313,-0.25983846366559876,0.0,0.014065458479848527,0.5945361103597512,0.0,0.39139843116040035,12.425615363808493
f_qv_surge_7d,0.08,0.15,none,0.05,3697,-0.0022354712559484046,-4.084686375055938,0.3905869624019475,-0.21491085312303637,-0.25961795662051285,0.012172031376791993,0.014065458479848527,0.5856099540167704,0.0,0.3881525561265891,12.372058425750609
f_qv_surge_7d,0.03,0.15,none,0.1,3697,-0.0023523706832100384,-4.087592314368653,0.3367595347579118,-0.1880019128575755,-0.24232032595425865,0.035434135785772244,0.49580741141466056,0.06978631322694076,0.0,0.39897213957262645,12.420814173654314
f_qv_surge_7d,0.08,0.08,8.0,none,3697,-0.0013608711145797487,-4.09569516606999,0.3870705977819854,-0.18804388140590256,-0.21594153499653598,0.1271301054909386,0.042196375439545575,0.0,0.8144441439004598,0.016229375169055992,6.963213416283473
f_qv_surge_7d,none,0.08,4.0,none,3697,-0.0009764562481350898,-4.099680600870464,0.3992426291587774,-0.14912643111474533,-0.20248385489687656,0.09629429266973222,0.0,0.0,0.8874763321612118,0.016229375169055992,3.695428725994049
f_qv_surge_7d,0.08,0.08,2.0,none,3697,-0.002067357212811255,-4.116821912608241,0.3776034622667027,-0.13267435618888623,-0.1704855904103596,0.06978631322694076,0.02461455233973492,0.0,0.8893697592642683,0.016229375169055992,1.8668515012172031
f_qv_surge_7d,none,0.05,4.0,0.1,3697,-0.0007360039755515655,-4.147676698146985,0.42250473356775764,-0.15722560579978406,-0.21134684342707225,0.1476873140384095,0.0,0.05031106302407357,0.7873951852853666,0.014606437652150393,3.408236407898296
f_qv_surge_7d,none,0.05,2.0,0.1,3697,-0.0015148465806605056,-4.156853688687217,0.3959967541249662,-0.12538770970357727,-0.1644062751923911,0.11387611576954287,0.0,0.04463078171490398,0.8268866648634028,0.014606437652150393,1.7886800108195835
f_qv_surge_7d,0.08,0.05,2.0,0.1,3697,-0.0016991138269358695,-4.168705389527047,0.3959967541249662,-0.13601163522028237,-0.17464767909316575,0.11387611576954287,0.020557208547470923,0.03327021909656478,0.8176900189342711,0.014606437652150393,1.7742088179605084
f_qv_surge_7d,none,0.08,8.0,none,3697,-0.0014088430997884899,-4.218301422184766,0.3878820665404382,-0.1807061749797051,-0.2074877059227039,0.1279415742493914,0.0,0.0,0.8558290505815526,0.016229375169055992,7.192385718149851
f_qv_surge_7d,0.03,0.1,none,0.05,3697,-0.0023729276787963494,-4.225018695593495,0.35569380578847715,-0.17484177429725523,-0.22644081996877838,0.03489315661347038,0.38896402488504195,0.2899648363538004,0.0,0.2861779821476873,9.855220449012712
f_qv_surge_7d,0.03,none,none,0.05,3697,-0.0025221646238314513,-4.294585110436689,0.35569380578847715,-0.1818044501884497,-0.22899934779361794,0.0,0.38896402488504195,0.31998918041655394,0.0,0.2910467946984041,10.00331349743035
f_qv_surge_7d,0.08,0.1,2.0,none,3697,-0.00226713339080015,-4.307757447655288,0.37111171219908035,-0.1405864632457735,-0.17903524907299265,0.04787665674871518,0.02542602109818772,0.0,0.9104679469840411,0.016229375169055992,1.898093048417636
f_qv_surge_7d,none,0.1,2.0,none,3697,-0.0019242530256023853,-4.317595855602013,0.37192318095753313,-0.11609648604176359,-0.1539565802464692,0.04868812550716797,0.0,0.0,0.9350824993237761,0.016229375169055992,1.9291993508249932
f_qv_surge_7d,0.08,0.05,4.0,0.1,3697,-0.0011060072542087808,-4.328552678801696,0.42196375439545575,-0.1767291591401241,-0.22931967783537546,0.1476873140384095,0.022991614822829323,0.03732756288882878,0.777387070597782,0.014606437652150393,3.373951852853665
f_qv_surge_7d,0.03,0.15,none,0.05,3697,-0.0025530437398302744,-4.332880724942651,0.35569380578847715,-0.182219681864347,-0.23023271375536575,0.010549093859886394,0.38896402488504195,0.31187449283202595,0.0,0.2886123884230457,9.95705977819854
f_qv_surge_7d,none,0.08,none,0.05,3697,-0.0017546587007818135,-4.3381649232272395,0.3905869624019475,-0.19857535346647281,-0.23699013804780134,0.06464701109007304,0.0,0.5536921828509602,0.0,0.38166080605896674,12.16709494184474
f_qv_surge_7d,none,0.05,none,0.05,3697,-0.001263609824376549,-4.351058451733021,0.4035704625371923,-0.19050135241484445,-0.2373150134133802,0.1695969705166351,0.0,0.4833648904517176,0.0,0.34703813903164726,11.603327021909656
f_qv_surge_7d,0.05,0.15,none,0.08,3697,-0.002208329226148978,-4.447073079696528,0.3895050040573438,-0.25771861362642756,-0.30706207136132707,0.02975385447660265,0.21774411685150122,0.19989180416553962,0.0,0.5526102245063566,15.5829726805518
f_qv_surge_7d,0.08,0.08,4.0,none,3697,-0.0014268235902112124,-4.469742004177014,0.39707871246956994,-0.18081637262104044,-0.23334879020871985,0.09548282391127942,0.031106302407357317,0.0,0.8571814985123073,0.016229375169055992,3.6098187719772787
f_qv_surge_7d,none,0.1,4.0,none,3697,-0.0012522313615408794,-4.5014457629447895,0.3919394103327022,-0.16604821375049084,-0.22271270699158416,0.06978631322694076,0.0,0.0,0.9139843116040033,0.016229375169055992,3.7770489586150933
f_qv_surge_7d,0.08,0.1,8.0,none,3697,-0.0019889013730047178,-4.517445360161309,0.3740870976467406,-0.21547681215574988,-0.24637990269879154,0.08899107384365702,0.043819312956451174,0.0,0.8509602380308358,0.016229375169055992,7.165133892345144
f_qv_surge_7d,none,0.1,8.0,none,3697,-0.0018886343827623922,-4.559386528856575,0.3757100351636462,-0.2048398810600539,-0.23318616459751892,0.09061401136056262,0.0,0.0,0.8931566134703814,0.016229375169055992,7.399580741141466
f_qv_surge_7d,0.08,0.08,none,0.05,3697,-0.0022657291378615804,-4.5680367327518745,0.3905869624019475,-0.2224232121013726,-0.25969489438837046,0.06464701109007304,0.014065458479848527,0.5396267243711117,0.0,0.38166080605896674,12.16709494184474
f_qv_surge_7d,0.08,0.05,none,0.05,3697,-0.0017746802614563163,-4.574562367941366,0.4035704625371923,-0.21458627875544323,-0.2600070979249691,0.1695969705166351,0.014065458479848527,0.4692994319718691,0.0,0.34703813903164726,11.603327021909656
f_qv_surge_7d,0.05,0.1,none,0.08,3697,-0.0021386864625020908,-4.578342024997885,0.3895050040573438,-0.2569232918867389,-0.31302920022070385,0.07681904246686502,0.21774411685150122,0.16905599134433325,0.0,0.5363808493373006,15.272856370029753
f_qv_surge_7d,0.05,0.1,none,0.05,3697,-0.002441322068681512,-4.609070411159643,0.38896402488504195,-0.22437438948697452,-0.26843281438650113,0.03895050040573438,0.10711387611576954,0.46902894238571813,0.0,0.3849066810927779,12.26372734649716
f_qv_surge_7d,0.05,none,none,0.05,3697,-0.0026035998346395925,-4.6171811512947585,0.38896402488504195,-0.23162511954596576,-0.27149921484050116,0.0,0.10711387611576954,0.5014876927238301,0.0,0.39139843116040035,12.425615363808493
f_qv_surge_7d,0.05,0.15,none,0.05,3697,-0.0026076201231178325,-4.625292919223851,0.38896402488504195,-0.23054687281835318,-0.27127901595732024,0.012172031376791993,0.10711387611576954,0.4925615363808493,0.0,0.3881525561265891,12.372058425750609
f_qv_surge_7d,0.03,0.15,none,0.08,3697,-0.0027072844306101577,-4.626362768811851,0.33270219096564785,-0.20467137503678845,-0.25564428851647136,0.026507979442791454,0.4833648904517176,0.12361374087097647,0.0,0.3665133892345145,11.747295104138491
f_qv_surge_7d,0.03,0.1,none,0.08,3697,-0.0026624057355372,-4.649624897388979,0.33270219096564785,-0.20240151407019635,-0.26036316565955137,0.06626994860697863,0.4833648904517176,0.09602380308358129,0.0,0.35434135785772247,11.475723559642955
f_qv_surge_7d,0.08,0.15,2.0,none,3697,-0.002420617893951039,-4.659552357058168,0.36867730592372194,-0.15268011767782041,-0.18173571641436628,0.024344062753583987,0.02542602109818772,0.0,0.9323776034622667,0.017852312685961592,1.9266973221530972
f_qv_surge_7d,none,0.15,2.0,none,3697,-0.0020767184157128313,-4.85330422804194,0.3694887746821747,-0.1283486740358708,-0.15655607872731314,0.024344062753583987,0.0,0.0,0.9578036245604544,0.017852312685961592,1.958412226129294
f_qv_surge_7d,0.03,0.08,none,0.05,3697,-0.00253089744765207,-4.854548040391899,0.35569380578847715,-0.18662490423687728,-0.22703011709284507,0.05977819853935624,0.38896402488504195,0.2683256694617257,0.0,0.2829321071138761,9.761428185014877
f_qv_surge_7d,0.08,0.1,4.0,none,3697,-0.001777305351220593,-4.861301660103061,0.38977549364349473,-0.19927917351822766,-0.2548118699351498,0.06897484446848796,0.03191777116581011,0.0,0.8828780091966459,0.016229375169055992,3.6898160670814173
f_qv_surge_7d,none,0.15,4.0,none,3697,-0.0015759341637085812,-4.8800239401248415,0.3878820665404382,-0.17396368136346552,-0.22204607140983287,0.034081687855017584,0.0,0.0,0.9480659994590208,0.017852312685961592,3.865296186096835
f_qv_surge_7d,0.08,0.05,2.0,0.08,3697,-0.002250646479781055,-4.900162382983321,0.38409521233432514,-0.1545606868440378,-0.18683679948015577,0.09385988639437381,0.014065458479848527,0.07357316743305382,0.8047065187990262,0.013794968893697593,1.755342169326481
f_qv_surge_7d,none,0.05,2.0,0.08,3697,-0.0021670173325716944,-4.907719285658821,0.38409521233432514,-0.15104866388696192,-0.1834588540929058,0.09385988639437381,0.0,0.08763862591290235,0.8047065187990262,0.013794968893697593,1.755342169326481
f_qv_surge_7d,0.05,0.05,2.0,none,3697,-0.0017671079431974869,-4.9406944365982355,0.3943738166080606,-0.14284172434597442,-0.18281930863435508,0.13416283473086285,0.07330267784690289,0.0,0.7787395185285366,0.013794968893697593,1.7182174736272653
f_qv_surge_7d,0.05,0.08,none,0.08,3697,-0.002107435851307774,-4.970153099241224,0.3984311604003246,-0.2628668445774279,-0.3131000586951188,0.11982688666486341,0.21774411685150122,0.13984311604003247,0.0,0.5225858804436029,14.939680822288341
f_qv_surge_7d,0.05,0.05,4.0,none,3697,-0.0012705449669283126,-4.987614793089364,0.41871787936164456,-0.18701242121150163,-0.23747181553327373,0.1687855017581823,0.09250743846361915,0.0,0.7249120908845009,0.013794968893697593,3.2334325128482555
f_qv_surge_7d,0.03,0.05,none,0.05,3697,-0.002166790836309988,-5.002081356639679,0.36867730592372194,-0.18083339934280107,-0.228269613819793,0.15499053286448472,0.38896402488504195,0.2044901271301055,0.0,0.2515553151203679,9.228090343521774
f_qv_surge_7d,0.08,0.15,8.0,none,3697,-0.002487135504458989,-5.072139991098258,0.3659724100622126,-0.23185078574203177,-0.23636610949497924,0.047606167162564245,0.04463078171490398,0.0,0.8899107384365702,0.017852312685961592,7.394306194211523
f_qv_surge_7d,none,0.05,8.0,0.08,3697,-0.0017625833451096582,-5.096398342662249,0.4103327021909656,-0.21293430147563508,-0.22598922114936146,0.16905599134433325,0.0,0.129564511766297,0.6875845279956722,0.013794968893697593,6.2213957262645385
f_qv_surge_7d,none,0.15,8.0,none,3697,-0.002390601704317177,-5.117782255732745,0.3675953475791182,-0.22264211898664876,-0.22417897850071997,0.04841763592101704,0.0,0.0,0.9337300513930213,0.017852312685961592,7.635244793075467
f_qv_surge_7d,0.08,0.05,8.0,0.08,3697,-0.0018537057175216011,-5.126370298604131,0.4103327021909656,-0.2165631024597462,-0.22955783185272685,0.16905599134433325,0.020557208547470923,0.10900730321882608,0.6875845279956722,0.013794968893697593,6.2213957262645385
f_qv_surge_7d,0.08,0.15,4.0,none,3697,-0.00207463860346683,-5.128860602259725,0.3857181498512307,-0.20566039137729064,-0.2530347965933007,0.034081687855017584,0.03191777116581011,0.0,0.9161482282932107,0.017852312685961592,3.775831755477414
f_qv_surge_7d,none,0.05,4.0,0.08,3697,-0.0016562636056109373,-5.157605096369877,0.4092507438463619,-0.19730974579184912,-0.23879010738142706,0.12523667838788208,0.0,0.10305653232350555,0.7579118203949148,0.013794968893697593,3.324249391398431
f_qv_surge_7d,0.08,0.05,4.0,0.08,3697,-0.001745342032074142,-5.179364367620961,0.4092507438463619,-0.20096827198918765,-0.24225957311770369,0.12523667838788208,0.014876927238301325,0.08817960508520421,0.7579118203949148,0.013794968893697593,3.324249391398431
f_qv_surge_7d,0.05,0.08,none,0.05,3697,-0.0026378780050310088,-5.186419459747546,0.38896402488504195,-0.23790298080713346,-0.27134911388542304,0.06464701109007304,0.10711387611576954,0.4465783067351907,0.0,0.38166080605896674,12.16709494184474
f_qv_surge_7d,0.03,0.08,none,0.08,3697,-0.00265037203384743,-5.193193548125478,0.3416283473086286,-0.20726840127307944,-0.2547617833464857,0.10440898025426021,0.48174195293481203,0.0716797403299973,0.0,0.34216932648093046,11.162428996483635
f_qv_surge_7d,0.05,0.05,8.0,none,3697,-0.0014834891017474958,-5.234426537972159,0.4173654314308899,-0.209980853914553,-0.22603964204849702,0.21341628347308628,0.12685961590478767,0.0,0.6459291317284285,0.013794968893697593,5.982891533675954
f_qv_surge_7d,0.05,0.05,none,0.05,3697,-0.002146829128625744,-5.237786127499628,0.40194752502028674,-0.23020391545051921,-0.2716473764517106,0.1695969705166351,0.10711387611576954,0.37625101433594804,0.0,0.34703813903164726,11.603327021909656
f_qv_surge_7d,0.05,0.05,4.0,0.1,3697,-0.0014739479014342978,-5.346967508355853,0.41384906681092776,-0.19550563950983968,-0.24076107547057388,0.14200703272923992,0.09250743846361915,0.026778469028942386,0.7249120908845009,0.013794968893697593,3.2334325128482555
f_qv_surge_7d,0.05,0.05,2.0,0.1,3697,-0.0020243816972301443,-5.44607731977823,0.3895050040573438,-0.15473676339570475,-0.18908696480639173,0.10900730321882608,0.07330267784690289,0.025155531512036786,0.7787395185285366,0.013794968893697593,1.7182174736272653
f_qv_surge_7d,none,0.08,8.0,0.1,3697,-0.002315983945436609,-5.482609978885307,0.3789559101974574,-0.23090568063325745,-0.24107956686465268,0.09061401136056262,0.0,0.07708953205301596,0.8160670814173654,0.016229375169055992,6.993305382742764
f_qv_surge_7d,0.05,0.05,8.0,0.1,3697,-0.0016066295950223188,-5.52793738786959,0.41249661888017314,-0.21652228292315445,-0.2276878136580683,0.1858263456856911,0.12685961590478767,0.027589937787395186,0.6459291317284285,0.013794968893697593,5.982891533675954
f_qv_surge_7d,0.08,0.08,8.0,0.1,3697,-0.0025395868574886547,-5.5317635406987025,0.3789559101974574,-0.241293351922377,-0.24946209182347087,0.09061401136056262,0.03191777116581011,0.05923721936705437,0.8020016229375169,0.016229375169055992,6.9092507438463615
f_qv_surge_7d,0.05,0.08,4.0,none,3697,-0.001747136029925574,-5.533017523095093,0.38896402488504195,-0.20445734132641646,-0.251730879730032,0.08899107384365702,0.09494184473897754,0.0,0.8006491750067622,0.015417906410603192,3.4524614552339736
f_qv_surge_7d,0.05,0.08,2.0,none,3697,-0.0024715341524672836,-5.5764667170067375,0.37030024344062756,-0.16061186078453638,-0.1928641024484165,0.06329456315931836,0.0757370841222613,0.0,0.8455504463078172,0.015417906410603192,1.8015282661617529
f_qv_surge_7d,0.03,0.05,4.0,none,3697,-0.0014365159581322968,-5.61584846294719,0.3951852853665134,-0.16781700293543156,-0.20748163935364894,0.15336759534757913,0.24912090884500945,0.0,0.5845279956721666,0.012983500135244793,2.8571138761157697
f_qv_surge_7d,0.08,0.05,2.0,0.05,3697,-0.0025879242149824734,-5.61606075380182,0.372464160129835,-0.17380255683787194,-0.19657370875734295,0.04030294833648904,0.012442520962942927,0.19664592913172843,0.736813632675142,0.013794968893697593,1.6547876656748715
f_qv_surge_7d,0.03,0.05,2.0,none,3697,-0.0017818519661726327,-5.6307165962428565,0.380578847714363,-0.13124403251204686,-0.16334044515621915,0.12361374087097647,0.1874492832025967,0.0,0.675953475791182,0.012983500135244793,1.5867595347579118
f_qv_surge_7d,0.05,0.08,8.0,none,3697,-0.002092475695461505,-5.733453838201558,0.3716526913713822,-0.23472667965851435,-0.24672307172776006,0.117392480389505,0.13308087638625912,0.0,0.7341087368136326,0.015417906410603192,6.540438193129565
f_qv_surge_7d,0.03,0.05,4.0,0.1,3697,-0.0014788965552171346,-5.79646586223525,0.3919394103327022,-0.1724947480226281,-0.2093073600561003,0.13145793886935353,0.24912090884500945,0.021909656478225587,0.5845279956721666,0.012983500135244793,2.8571138761157697
f_qv_surge_7d,none,0.08,4.0,0.1,3697,-0.002166839777063642,-5.8469303260139815,0.39031647281579657,-0.2137773480858589,-0.2525298425082221,0.062212604814714634,0.0,0.05977819853935624,0.8617798214768732,0.016229375169055992,3.6238166080605896
f_qv_surge_7d,0.03,0.05,8.0,none,3697,-0.0019395235612803654,-5.867989139247309,0.38409521233432514,-0.18370603869350488,-0.19732056574859408,0.1923180957533135,0.33270219096564785,0.0,0.46199621314579387,0.012983500135244793,4.965783067351907
f_qv_surge_7d,none,none,4.0,none,3697,-0.002174757475955765,-5.879773098706092,0.3830132539897214,-0.21697459035369104,-0.26774183136996144,0.0,0.0,0.0,0.9821476873140385,0.017852312685961592,3.9507032729239926
f_qv_surge_7d,0.08,0.08,4.0,0.1,3697,-0.0025368430557208576,-5.914085013322875,0.38977549364349473,-0.23195834721300668,-0.2695511492096011,0.062212604814714634,0.022991614822829323,0.04679469840411144,0.8517717067892886,0.016229375169055992,3.589532053015959
f_qv_surge_7d,0.08,none,8.0,none,3697,-0.0038923718404663497,-5.922386310964973,0.3578577224776846,-0.2819293612526411,-0.2752981318996338,0.0,0.045442250473356774,0.0,0.9367054368406816,0.017852312685961592,7.63186367324858
f_qv_surge_7d,0.08,0.05,4.0,0.05,3697,-0.00214354014122699,-5.9334852014812505,0.3919394103327022,-0.2150965052737318,-0.2456019103093958,0.0676223965377333,0.013253989721395727,0.23694887746821747,0.6683797673789559,0.013794968893697593,3.069718690830403
f_qv_surge_7d,0.08,0.08,2.0,0.1,3697,-0.0032432137575909635,-5.9339005555838895,0.37030024344062756,-0.19035433568074545,-0.2126607596127062,0.03895050040573438,0.020557208547470923,0.041114417094941846,0.8831484987827969,0.016229375169055992,1.8569786313226941
f_qv_surge_7d,none,none,8.0,none,3697,-0.0037624776580325904,-5.9578945876639064,0.3594806599945902,-0.27054448814068066,-0.2655808670560344,0.0,0.0,0.0,0.9821476873140385,0.017852312685961592,7.879294022180146
f_qv_surge_7d,0.03,0.08,8.0,none,3697,-0.0024101006293642388,-5.962671978184607,0.344062753583987,-0.20033149992349775,-0.20644088705862393,0.105220449012713,0.3492020557208547,0.0,0.5309710576142819,0.014606437652150393,5.436637814444144
f_qv_surge_7d,0.03,0.05,2.0,0.1,3697,-0.0019141997516946283,-5.9667344493552035,0.3773329726805518,-0.13980370067149894,-0.1677600766288142,0.10251555315120368,0.1874492832025967,0.021098187719772787,0.675953475791182,0.012983500135244793,1.5867595347579118
f_qv_surge_7d,none,0.05,4.0,0.05,3697,-0.0016568137669008063,-6.0167354629688266,0.3919394103327022,-0.19154879014335224,-0.2229693810490539,0.0676223965377333,0.0,0.2502028671896132,0.6683797673789559,0.013794968893697593,3.069718690830403
f_qv_surge_7d,none,0.05,2.0,0.05,3697,-0.0021311688765524297,-6.031515292843996,0.372464160129835,-0.15098880432870287,-0.17438873503288085,0.04030294833648904,0.0,0.20908845009467136,0.736813632675142,0.013794968893697593,1.6547876656748715
f_qv_surge_7d,0.03,0.05,8.0,0.1,3697,-0.0019016417171340404,-6.036740614857195,0.38084933730051396,-0.1864802979232495,-0.1973706884810777,0.1695969705166351,0.33270219096564785,0.022721125236678387,0.46199621314579387,0.012983500135244793,4.965783067351907
f_qv_surge_7d,none,0.08,2.0,0.1,3697,-0.0030589465113155996,-6.039856048945675,0.37030024344062756,-0.18040576943269293,-0.2028979299022037,0.03895050040573438,0.0,0.052474979713281036,0.8923451447119286,0.016229375169055992,1.871449824181769
f_qv_surge_7d,0.05,0.1,2.0,none,3697,-0.002616447744718516,-6.052383326951903,0.3646199621314579,-0.16987627465283572,-0.20211571145898413,0.043819312956451174,0.07736002163916689,0.0,0.8634027589937787,0.015417906410603192,1.8283067351906952
f_qv_surge_7d,0.08,0.1,2.0,0.05,3697,-0.0029980304094570694,-6.056430398034546,0.3700297538544766,-0.18678082764556403,-0.20916067794766355,0.0016229375169055991,0.012442520962942927,0.2085474709223695,0.7627806329456316,0.014606437652150393,1.678252637273465
f_qv_surge_7d,0.03,0.08,4.0,none,3697,-0.0018795487092867376,-6.059163863136436,0.36867730592372194,-0.18382532556385367,-0.21614104201583997,0.07925344874222343,0.25858804436029215,0.0,0.647552069245334,0.014606437652150393,3.0472004327833377
f_qv_surge_7d,0.05,0.05,4.0,0.08,3697,-0.0019362545492898977,-6.06274035223531,0.4035704625371923,-0.21163324196920008,-0.24911267704643963,0.12280227211252366,0.08682715715444955,0.057343792263997835,0.7192318095753314,0.013794968893697593,3.2232891533675954
f_qv_surge_7d,0.05,0.1,8.0,none,3697,-0.0025990244229667898,-6.076025017008513,0.360292128753043,-0.2542643617483895,-0.26294300975281054,0.08168785501758183,0.13794968893697593,0.0,0.764944549634839,0.015417906410603192,6.7174060048688125
f_qv_surge_7d,0.08,0.08,2.0,0.05,3697,-0.0030105071580294723,-6.088729871595311,0.3700297538544766,-0.18717912832923467,-0.20744151212313833,0.007303218826075196,0.012442520962942927,0.2061130646470111,0.7595347579118203,0.014606437652150393,1.676223965377333
f_qv_surge_7d,0.08,none,2.0,none,3697,-0.0031183468199851216,-6.089774025988952,0.3646199621314579,-0.19657490495591123,-0.22474754974058253,0.0,0.026237489856640518,0.0,0.9559101974573979,0.017852312685961592,1.9538815255612658
f_qv_surge_7d,0.05,0.1,4.0,none,3697,-0.002036375299797256,-6.09148020829467,0.3824722748174195,-0.22150403395516804,-0.26623209186731267,0.06410603191777117,0.09656478225588315,0.0,0.8239112794157425,0.015417906410603192,3.522112523667839
f_qv_surge_7d,0.08,none,4.0,none,3697,-0.002736277165720671,-6.1114798031085655,0.38084933730051396,-0.2503884183857755,-0.3000498246046366,0.0,0.032729239924262916,0.0,0.9494184473897755,0.017852312685961592,3.858804436029213
f_qv_surge_7d,0.08,none,2.0,0.05,3697,-0.0030621113579417827,-6.171139755520454,0.3700297538544766,-0.1891474000876736,-0.20935077997234572,0.0,0.012442520962942927,0.20935893968082228,0.7635921017040844,0.014606437652150393,1.6788612388423045
f_qv_surge_7d,0.08,0.15,2.0,0.05,3697,-0.0030621113579417827,-6.171139755520454,0.3700297538544766,-0.1891474000876736,-0.20935077997234572,0.0,0.012442520962942927,0.20935893968082228,0.7635921017040844,0.014606437652150393,1.6788612388423045
f_qv_surge_7d,0.03,0.08,2.0,none,3697,-0.0024659424893707415,-6.17744667548217,0.35812821206383555,-0.14856053211448317,-0.1718791801561384,0.05761428185014877,0.19448201244252097,0.0,0.7332972680551799,0.014606437652150393,1.6626994860697863
f_qv_surge_7d,0.05,0.05,2.0,0.08,3697,-0.0024621091847359115,-6.207909847526571,0.37922639978360834,-0.16976979295969352,-0.19985044258959903,0.09142548011901541,0.0692453340546389,0.04841763592101704,0.7771165810116311,0.013794968893697593,1.7155802001622937
f_qv_surge_7d,0.03,0.05,4.0,0.08,3697,-0.001785708938135654,-6.217163858212794,0.38409521233432514,-0.18002439557597227,-0.2118711946285573,0.11549905328644847,0.24912090884500945,0.03786854206113065,0.5845279956721666,0.012983500135244793,2.8571138761157697
f_qv_surge_7d,0.08,0.05,8.0,0.05,3697,-0.0023551866129107603,-6.233183391282533,0.3849066810927779,-0.23477537261277193,-0.23786356278269943,0.10332702190965648,0.014065458479848527,0.3162023262104409,0.5526102245063566,0.013794968893697593,5.530768190424669
f_qv_surge_7d,none,0.05,8.0,0.05,3697,-0.001844116175830993,-6.269102400629174,0.3849066810927779,-0.2113222040987741,-0.2145050433976846,0.10332702190965648,0.0,0.33026778469028945,0.5526102245063566,0.013794968893697593,5.530768190424669
f_qv_surge_7d,0.03,0.1,8.0,none,3697,-0.0028091428180542365,-6.297223400742647,0.3343251284825534,-0.2184683733358862,-0.22252404893939673,0.07195022991614823,0.35488233703002436,0.0,0.558560995401677,0.014606437652150393,5.593318907222072
f_qv_surge_7d,0.03,0.05,8.0,0.08,3697,-0.002227077046367164,-6.411668556628081,0.37300513930213686,-0.19432366539092039,-0.19967703995491048,0.15282661617527726,0.33270219096564785,0.03949147957803625,0.46199621314579387,0.012983500135244793,4.965783067351907
f_qv_surge_7d,0.08,0.1,8.0,0.05,3697,-0.00288921008383161,-6.461666353838237,0.3800378685420611,-0.2526241593107137,-0.25086401625475413,0.013794968893697593,0.014065458479848527,0.3757100351636462,0.5818230998106573,0.014606437652150393,5.733500135244793
f_qv_surge_7d,none,0.1,8.0,0.05,3697,-0.0023781396467518422,-6.476382130703076,0.3800378685420611,-0.22971498780132604,-0.22790089141030428,0.013794968893697593,0.0,0.38977549364349473,0.5818230998106573,0.014606437652150393,5.733500135244793
f_qv_surge_7d,0.03,0.05,2.0,0.08,3697,-0.0022254476030644276,-6.48151670565603,0.3694887746821747,-0.14775354698734644,-0.17247851989238439,0.08736813632675142,0.1874492832025967,0.03624560454422505,0.675953475791182,0.012983500135244793,1.5867595347579118
f_qv_surge_7d,0.05,0.05,8.0,0.08,3697,-0.0022679218478701413,-6.524830034490889,0.40059507708953207,-0.2448299262112149,-0.24866068560066745,0.16418717879361644,0.11955639707871248,0.06545847984852583,0.6370029753854477,0.013794968893697593,5.944346767649446
f_qv_surge_7d,none,0.1,2.0,0.05,3697,-0.002541275071027026,-6.556987494415035,0.3700297538544766,-0.16432477201665463,-0.1873226145900082,0.0016229375169055991,0.0,0.2209899918853124,0.7627806329456316,0.014606437652150393,1.678252637273465
f_qv_surge_7d,none,none,2.0,none,3697,-0.002738961350444626,-6.569306618555655,0.36543143088991076,-0.17138830861169385,-0.1988529557570914,0.0,0.0,0.0,0.9821476873140385,0.017852312685961592,1.9864078982959157
f_qv_surge_7d,0.08,0.08,4.0,0.05,3697,-0.002634980345451758,-6.590765885333913,0.3895050040573438,-0.23454247334477651,-0.25723776690932476,0.017581823099810656,0.013253989721395727,0.26102245063565055,0.6935352988909927,0.014606437652150393,3.1332161211793346
f_qv_surge_7d,none,0.08,2.0,0.05,3697,-0.002553751819599429,-6.604097473535251,0.3700297538544766,-0.16473407128793094,-0.18555597609796215,0.007303218826075196,0.0,0.21855558560995403,0.7595347579118203,0.014606437652150393,1.676223965377333
f_qv_surge_7d,none,0.1,8.0,0.1,3697,-0.0031908168157004065,-6.604112749500011,0.36678387882066543,-0.27382915784979855,-0.27765470863344144,0.04922910467946984,0.0,0.09169596970516636,0.8428455504463078,0.016229375169055992,7.140451717608872
f_qv_surge_7d,0.08,0.1,8.0,0.1,3697,-0.0034144197277524518,-6.62335443344242,0.36678387882066543,-0.28362742189530266,-0.287412585958718,0.04922910467946984,0.03191777116581011,0.07384365701920476,0.8287800919664593,0.016229375169055992,7.05639707871247
f_qv_surge_7d,0.08,0.1,4.0,0.05,3697,-0.002711853198566335,-6.647442701264814,0.3895050040573438,-0.23842920782308652,-0.26332094247377363,0.005680281309169597,0.013253989721395727,0.2696781173924804,0.6967811739248039,0.014606437652150393,3.143021368677306
f_qv_surge_7d,0.08,none,8.0,0.05,3697,-0.0030991721502789836,-6.665923001683691,0.3800378685420611,-0.2592068214321034,-0.24921448750666336,0.0,0.014065458479848527,0.3854476602650798,0.5858804436029212,0.014606437652150393,5.749323776034623
f_qv_surge_7d,0.08,0.15,8.0,0.05,3697,-0.003113737702171436,-6.691269615325846,0.3800378685420611,-0.2597774715537883,-0.24979283495431648,0.0008114687584527996,0.014065458479848527,0.3854476602650798,0.5850689748444685,0.014606437652150393,5.747497971328104
f_qv_surge_7d,0.08,0.08,8.0,0.05,3697,-0.0029113685038154803,-6.6992458347629125,0.3800378685420611,-0.25452112548023387,-0.24915051014110431,0.03462266702731945,0.014065458479848527,0.36137408709764673,0.5753313497430349,0.014606437652150393,5.705233973492021
f_qv_surge_7d,none,none,8.0,0.05,3697,-0.0025881017131992165,-6.7016470815082485,0.3800378685420611,-0.2364994270304529,-0.2262007999667896,0.0,0.0,0.39951311874492834,0.5858804436029212,0.014606437652150393,5.749323776034623
f_qv_surge_7d,none,none,2.0,0.05,3697,-0.0026053560195117387,-6.7090952163735595,0.3700297538544766,-0.16675669447044184,-0.18751796605025034,0.0,0.0,0.2218014606437652,0.7635921017040844,0.014606437652150393,1.6788612388423045
f_qv_surge_7d,none,0.15,2.0,0.05,3697,-0.0026053560195117387,-6.7090952163735595,0.3700297538544766,-0.16675669447044184,-0.18751796605025034,0.0,0.0,0.2218014606437652,0.7635921017040844,0.014606437652150393,1.6788612388423045
f_qv_surge_7d,none,0.15,8.0,0.05,3697,-0.0026026672650916686,-6.730660569711748,0.3800378685420611,-0.23708756918331908,-0.22679687539031365,0.0008114687584527996,0.0,0.39951311874492834,0.5850689748444685,0.014606437652150393,5.747497971328104
f_qv_surge_7d,0.08,0.1,2.0,0.1,3697,-0.0035439496840550737,-6.739268221349366,0.36543143088991076,-0.21087009260269274,-0.23354052287411683,0.017040843927508792,0.020557208547470923,0.047606167162564245,0.8985664051934,0.016229375169055992,1.8807140925074384
f_qv_surge_7d,0.05,0.15,4.0,none,3697,-0.002414696168601297,-6.751602460288724,0.37841493102515555,-0.23415780421625265,-0.2644391635185278,0.030835812821206385,0.09737625101433595,0.0,0.8547470922369489,0.017040843927508792,3.602447930754666
f_qv_surge_7d,none,0.08,8.0,0.05,3697,-0.002400298066735713,-6.76312863093901,0.3800378685420611,-0.23167275577596902,-0.2261375350952235,0.03462266702731945,0.0,0.37543954557749526,0.5753313497430349,0.014606437652150393,5.705233973492021
f_qv_surge_7d,none,0.08,4.0,0.05,3697,-0.002148253971125574,-6.769443659453766,0.3895050040573438,-0.21157712405496432,-0.2349533245618247,0.017581823099810656,0.0,0.27427644035704624,0.6935352988909927,0.014606437652150393,3.1332161211793346
f_qv_surge_7d,0.05,0.05,4.0,0.05,3697,-0.002375720354139157,-6.7878196202443375,0.39031647281579657,-0.2235768311359947,-0.2511951642403428,0.0676223965377333,0.06004868812550717,0.19015417906410603,0.6683797673789559,0.013794968893697593,3.069718690830403
f_qv_surge_7d,0.03,none,8.0,none,3697,-0.004024354991244924,-6.797334592795577,0.32296456586421424,-0.25237579636686536,-0.23311583437196157,0.0,0.3621855558560995,0.0,0.6223965377332973,0.015417906410603192,5.947863132269408
f_qv_surge_7d,0.05,0.05,2.0,0.05,3697,-0.0027912141402250067,-6.800221441092574,0.3708412226129294,-0.18196873822777637,-0.20198456421284455,0.04030294833648904,0.052204490127130104,0.15688395996754126,0.736813632675142,0.013794968893697593,1.6547876656748715
f_qv_surge_7d,0.05,0.15,2.0,none,3697,-0.0027355274937637644,-6.804530771697235,0.3621855558560995,-0.182515088376081,-0.2042414543594651,0.021909656478225587,0.07736002163916689,0.0,0.8836894779550988,0.017040843927508792,1.855693805788477
f_qv_surge_7d,none,0.1,4.0,0.05,3697,-0.0022251268242401523,-6.82390692141143,0.3895050040573438,-0.21557529701365652,-0.2412140055365595,0.005680281309169597,0.0,0.2829321071138761,0.6967811739248039,0.014606437652150393,3.143021368677306
f_qv_surge_7d,0.08,0.08,2.0,0.08,3697,-0.0037588576837175557,-6.824245193437636,0.36326751420070325,-0.20813559194015263,-0.22377326374541162,0.024344062753583987,0.014065458479848527,0.09034352177441168,0.8558290505815526,0.015417906410603192,1.8226264538815256
f_qv_surge_7d,0.03,0.1,2.0,none,3697,-0.002604889399574527,-6.8711333651115,0.35325939951311874,-0.1596264513095118,-0.18312005544874083,0.03895050040573438,0.19610494995942657,0.0,0.7503381119826886,0.014606437652150393,1.6874492832025967
f_qv_surge_7d,none,0.08,2.0,0.08,3697,-0.0036752285365081946,-6.87316833547288,0.36326751420070325,-0.20484943440224568,-0.2205520009704907,0.024344062753583987,0.0,0.10440898025426021,0.8558290505815526,0.015417906410603192,1.8226264538815256
f_qv_surge_7d,none,0.08,8.0,0.08,3697,-0.00336076219200838,-6.885598101494505,0.3651609413037598,-0.27445996995842115,-0.2696127761396619,0.06951582364078983,0.0,0.16581011631052203,0.749256153638085,0.015417906410603192,6.636867730592372
f_qv_surge_7d,0.08,0.1,2.0,0.08,3697,-0.003638209291891018,-6.891151842412259,0.3616445766837977,-0.21406066209899377,-0.23447152071974717,0.009737625101433596,0.014065458479848527,0.09602380308358129,0.8647552069245334,0.015417906410603192,1.833175547741412
f_qv_surge_7d,0.03,0.1,4.0,none,3697,-0.002183819592373514,-6.892045466985153,0.36299702461455235,-0.20384340027770498,-0.23342342301252372,0.05599134433324317,0.26183391939410333,0.0,0.6675682986205032,0.014606437652150393,3.111374087097647
f_qv_surge_7d,0.08,0.08,8.0,0.08,3697,-0.0034518845644203227,-6.898187127337883,0.3651609413037598,-0.2778010137307958,-0.27297614078483623,0.06951582364078983,0.020557208547470923,0.1452529077630511,0.749256153638085,0.015417906410603192,6.636867730592372
f_qv_surge_7d,none,0.1,2.0,0.1,3697,-0.003359682437779709,-6.899768866957032,0.36543143088991076,-0.20118283819929372,-0.22404620203595887,0.017040843927508792,0.0,0.058966729780903435,0.9077630511225318,0.016229375169055992,1.8951852853665134
f_qv_surge_7d,0.08,none,4.0,0.05,3697,-0.002836710206491882,-6.921178325301103,0.3895050040573438,-0.24373776540494585,-0.26417883713541246,0.0,0.013253989721395727,0.27292399242629156,0.6992155802001623,0.014606437652150393,3.148093048417636
f_qv_surge_7d,0.08,0.15,4.0,0.05,3697,-0.002836710206491882,-6.921178325301103,0.3895050040573438,-0.24373776540494585,-0.26417883713541246,0.0,0.013253989721395727,0.27292399242629156,0.6992155802001623,0.014606437652150393,3.148093048417636
f_qv_surge_7d,0.05,0.15,8.0,none,3697,-0.0033535757371335215,-6.929812323643755,0.35136597241006223,-0.2815482782731513,-0.25669118970442645,0.04192588585339464,0.14038409521233433,0.0,0.8006491750067622,0.017040843927508792,6.926494454963484
f_qv_surge_7d,none,0.1,2.0,0.08,3697,-0.0035545801446816576,-6.9332110087785805,0.3616445766837977,-0.21080203989975688,-0.23129752499713468,0.009737625101433596,0.0,0.11008926156342981,0.8647552069245334,0.015417906410603192,1.833175547741412
f_qv_surge_7d,0.05,0.08,4.0,0.1,3697,-0.002756695592740707,-7.0050173773005255,0.38409521233432514,-0.24644910250379704,-0.278238620998061,0.05977819853935624,0.09413037598052475,0.03218826075196105,0.7984852583175548,0.015417906410603192,3.4473897754936433
f_qv_surge_7d,0.08,0.1,4.0,0.1,3697,-0.003149253835616454,-7.018441911566246,0.3832837435758723,-0.2665518912567518,-0.29909698147157565,0.03327021909656478,0.022991614822829323,0.057343792263997835,0.870164998647552,0.016229375169055992,3.6482282932107113
f_qv_surge_7d,none,0.1,4.0,0.1,3697,-0.0027792505569592383,-7.024709626539235,0.3838247227481742,-0.24920154073771283,-0.2827738514657651,0.03327021909656478,0.0,0.07032729239924262,0.8801731133351366,0.016229375169055992,3.682512848255342
f_qv_surge_7d,0.03,0.08,8.0,0.1,3697,-0.0030646341038002814,-7.052079822624509,0.34081687855017584,-0.2286321756175016,-0.22686504615476,0.08006491750067622,0.3492020557208547,0.025155531512036786,0.5309710576142819,0.014606437652150393,5.436637814444144
f_qv_surge_7d,0.03,0.15,8.0,none,3697,-0.003348234456846407,-7.071442911426591,0.3270219096564782,-0.24252126571083832,-0.22077705629841862,0.03786854206113065,0.35893968082228833,0.0,0.5877738707059779,0.015417906410603192,5.771368677305924
f_qv_surge_7d,0.08,0.08,4.0,0.08,3697,-0.003225871877886496,-7.09803473142479,0.38030835812821207,-0.2597944092681468,-0.2839508546783543,0.044360292128753046,0.014876927238301325,0.11306464701109008,0.8122802272112524,0.015417906410603192,3.4908033540708683
f_qv_surge_7d,none,0.08,4.0,0.08,3697,-0.003136793451423291,-7.102443104802666,0.38030835812821207,-0.25640872889031474,-0.2806756652293231,0.044360292128753046,0.0,0.1279415742493914,0.8122802272112524,0.015417906410603192,3.4908033540708683
f_qv_surge_7d,0.05,0.08,8.0,0.1,3697,-0.003109158220463663,-7.103634979003752,0.36678387882066543,-0.2752325626532054,-0.27329703858416404,0.08574519880984582,0.13091695969705167,0.037598052474979715,0.7303218826075196,0.015417906410603192,6.524276440357046
f_qv_surge_7d,0.05,none,8.0,none,3697,-0.004336628754625341,-7.111625420750648,0.3456856911008926,-0.3031168107761586,-0.27125609102808784,0.0,0.14200703272923992,0.0,0.8409521233432513,0.017040843927508792,7.133621855558561
f_qv_surge_7d,0.05,0.05,8.0,0.05,3697,-0.002600794833289524,-7.145849951309073,0.3832837435758723,-0.24490482597220842,-0.24537758712137633,0.10332702190965648,0.07140925074384637,0.25885853394644304,0.5526102245063566,0.013794968893697593,5.530768190424669
f_qv_surge_7d,none,none,4.0,0.05,3697,-0.0023499838321656983,-7.155721076263708,0.3895050040573438,-0.22104315863231572,-0.24209764468352052,0.0,0.0,0.2861779821476873,0.6992155802001623,0.014606437652150393,3.148093048417636
f_qv_surge_7d,none,0.15,4.0,0.05,3697,-0.0023499838321656983,-7.155721076263708,0.3895050040573438,-0.22104315863231572,-0.24209764468352052,0.0,0.0,0.2861779821476873,0.6992155802001623,0.014606437652150393,3.148093048417636
f_qv_surge_7d,0.03,0.08,4.0,0.1,3697,-0.002559202771343174,-7.162340255360485,0.36543143088991076,-0.21332148673490736,-0.23587598673087357,0.055720854747092236,0.25858804436029215,0.023532593995131187,0.647552069245334,0.014606437652150393,3.0472004327833377
f_qv_surge_7d,0.03,0.05,4.0,0.05,3697,-0.002326798360009153,-7.180669444987561,0.3773329726805518,-0.20130722559541603,-0.22604116697329127,0.0651879902623749,0.22667027319448202,0.13253989721395726,0.562618339193941,0.012983500135244793,2.789018122802272
f_qv_surge_7d,0.03,0.15,2.0,none,3697,-0.0026314043095229897,-7.203486762592988,0.35244793075466596,-0.16510246925217886,-0.18240342930321618,0.01947525020286719,0.19691641871787935,0.0,0.7681904246686503,0.015417906410603192,1.7113876115769542
f_qv_surge_7d,0.03,0.1,8.0,0.05,3697,-0.0030993369887828423,-7.271314034566555,0.36056261833919395,-0.2275106360407606,-0.2284624730182829,0.012983500135244793,0.299702461455234,0.21476873140384095,0.4587503381119827,0.013794968893697593,4.991073843657019
f_qv_surge_7d,0.05,0.1,2.0,0.05,3697,-0.0032013203346996024,-7.2868314465677475,0.368406816337571,-0.19482325621026608,-0.21451250236797778,0.0016229375169055991,0.052204490127130104,0.1687855017581823,0.7627806329456316,0.014606437652150393,1.678252637273465
f_qv_surge_7d,0.05,0.1,8.0,0.05,3697,-0.0031348183042103728,-7.321042958347484,0.37841493102515555,-0.26251605608932416,-0.25824203752565034,0.013794968893697593,0.07140925074384637,0.3183662428996484,0.5818230998106573,0.014606437652150393,5.733500135244793
f_qv_surge_7d,0.05,0.08,2.0,0.05,3697,-0.0032137970832720056,-7.330609112283262,0.368406816337571,-0.19521797274882735,-0.21339973200368884,0.007303218826075196,0.052204490127130104,0.16635109548282392,0.7595347579118203,0.014606437652150393,1.676223965377333
f_qv_surge_7d,0.03,0.05,8.0,0.05,3697,-0.0026478891000737133,-7.354121904191562,0.36543143088991076,-0.21198649013033033,-0.21235039854895033,0.09926967811739248,0.299702461455234,0.15769542872599404,0.4303489315661347,0.012983500135244793,4.792602109818772
f_qv_surge_7d,0.05,0.08,2.0,0.1,3697,-0.003468515502192469,-7.36297972023779,0.36543143088991076,-0.20561377582973217,-0.22429762299100314,0.03651609413037598,0.0749256153638085,0.02894238571814985,0.8441979983770624,0.015417906410603192,1.7997700838517716
f_qv_surge_7d,0.05,none,2.0,0.05,3697,-0.003265401283184316,-7.43025615473557,0.368406816337571,-0.19716642415029773,-0.21576203221361345,0.0,0.052204490127130104,0.1695969705166351,0.7635921017040844,0.014606437652150393,1.6788612388423045
f_qv_surge_7d,0.05,0.15,2.0,0.05,3697,-0.003265401283184316,-7.43025615473557,0.368406816337571,-0.19716642415029773,-0.21576203221361345,0.0,0.052204490127130104,0.1695969705166351,0.7635921017040844,0.014606437652150393,1.6788612388423045
f_qv_surge_7d,0.08,none,2.0,0.08,3697,-0.0040017070929794125,-7.455205151155993,0.3616445766837977,-0.23029077712587265,-0.2486155231811255,0.0,0.014065458479848527,0.09926967811739248,0.8712469569921558,0.015417906410603192,1.8398701649986475
f_qv_surge_7d,0.08,0.15,2.0,0.08,3697,-0.0040017070929794125,-7.455205151155993,0.3616445766837977,-0.23029077712587265,-0.2486155231811255,0.0,0.014065458479848527,0.09926967811739248,0.8712469569921558,0.015417906410603192,1.8398701649986475
f_qv_surge_7d,none,0.1,8.0,0.08,3697,-0.003837299146792094,-7.466432291303208,0.3594806599945902,-0.29987831273277976,-0.29481418276772475,0.03381119826886665,0.0,0.18690830403029485,0.7638625912902354,0.015417906410603192,6.726805517987557
f_qv_surge_7d,0.08,0.1,8.0,0.08,3697,-0.003928421519204036,-7.476994959111781,0.3594806599945902,-0.3031001091089679,-0.29805928308645113,0.03381119826886665,0.020557208547470923,0.16635109548282392,0.7638625912902354,0.015417906410603192,6.726805517987557
f_qv_surge_7d,0.03,none,8.0,0.05,3697,-0.0033082815395456358,-7.504000440982379,0.36056261833919395,-0.2343143012535649,-0.22883092138920905,0.0,0.299702461455234,0.22450635650527453,0.46199621314579387,0.013794968893697593,5.006288882878009
f_qv_surge_7d,0.05,0.08,4.0,0.05,3697,-0.0028671605583639246,-7.510803169263768,0.3878820665404382,-0.24281771849919254,-0.26274353256181304,0.017581823099810656,0.06004868812550717,0.2142277522315391,0.6935352988909927,0.014606437652150393,3.1332161211793346
f_qv_surge_7d,none,none,2.0,0.08,3697,-0.003918077945770051,-7.520496280106246,0.3616445766837977,-0.22708857868591448,-0.24548956063842173,0.0,0.0,0.11333513659724101,0.8712469569921558,0.015417906410603192,1.8398701649986475
f_qv_surge_7d,none,0.15,2.0,0.08,3697,-0.003918077945770051,-7.520496280106246,0.3616445766837977,-0.22708857868591448,-0.24548956063842173,0.0,0.0,0.11333513659724101,0.8712469569921558,0.015417906410603192,1.8398701649986475
f_qv_surge_7d,0.03,0.15,8.0,0.05,3697,-0.003322847091438088,-7.539272260102339,0.36056261833919395,-0.23490423423148876,-0.22942507911185236,0.0008114687584527996,0.299702461455234,0.22450635650527453,0.4611847443873411,0.013794968893697593,5.00446307817149
f_qv_surge_7d,0.05,none,8.0,0.05,3697,-0.003344780370657747,-7.539583349965141,0.37841493102515555,-0.269016169031312,-0.2571893155315944,0.0,0.07140925074384637,0.32810386800108193,0.5858804436029212,0.014606437652150393,5.749323776034623
f_qv_surge_7d,0.05,none,4.0,none,3697,-0.0030227648678415047,-7.540598577273454,0.37354611847443875,-0.2682471170604458,-0.2974646261713117,0.0,0.09899918853124155,0.0,0.8839599675412496,0.017040843927508792,3.6771030565323235
f_qv_surge_7d,0.05,0.1,4.0,0.05,3697,-0.0029440334114785027,-7.557157662396005,0.3878820665404382,-0.246661071310887,-0.26878058393592885,0.005680281309169597,0.06004868812550717,0.22288341898836894,0.6967811739248039,0.014606437652150393,3.143021368677306
f_qv_surge_7d,0.03,0.08,2.0,0.1,3697,-0.003185252676840262,-7.559462565008631,0.35488233703002436,-0.1813740243618791,-0.19945328027163062,0.035704625371923183,0.19448201244252097,0.021909656478225587,0.7332972680551799,0.014606437652150393,1.6626994860697863
f_qv_surge_7d,0.05,0.15,8.0,0.05,3697,-0.003359345922550199,-7.568873844037682,0.37841493102515555,-0.2695792627856285,-0.2577615197847438,0.0008114687584527996,0.07140925074384637,0.32810386800108193,0.5850689748444685,0.014606437652150393,5.747497971328104
f_qv_surge_7d,0.08,0.1,4.0,0.08,3697,-0.0034705107752592322,-7.57298302025027,0.3770624830944009,-0.27818529477561915,-0.30422740730065906,0.020286718961319988,0.014876927238301325,0.12442520962942927,0.8249932377603463,0.015417906410603192,3.5267784690289425
f_qv_surge_7d,none,0.1,4.0,0.08,3697,-0.003381432348796027,-7.57960705312647,0.3770624830944009,-0.27488586064722764,-0.3010470123581121,0.020286718961319988,0.0,0.1393021368677306,0.8249932377603463,0.015417906410603192,3.5267784690289425
f_qv_surge_7d,0.08,0.15,2.0,0.1,3697,-0.004191696115272427,-7.612768436071821,0.36380849337300514,-0.23807908815137402,-0.2543179535222128,0.0008114687584527996,0.020557208547470923,0.05328644847173384,0.9091154990532865,0.016229375169055992,1.8939004598322964
f_qv_surge_7d,0.05,0.08,8.0,0.05,3697,-0.0031569767241942438,-7.6193950808672914,0.37841493102515555,-0.2643894528156202,-0.2565466671440874,0.03462266702731945,0.07140925074384637,0.3040302948336489,0.5753313497430349,0.014606437652150393,5.705233973492021
f_qv_surge_7d,0.03,0.15,4.0,none,3697,-0.0024423306587873666,-7.631413667984046,0.3597511495807411,-0.21628786927655608,-0.2315066722294655,0.027589937787395186,0.26426832566946173,0.0,0.6927238301325399,0.015417906410603192,3.180348931566135
f_qv_surge_7d,0.08,none,2.0,0.1,3697,-0.004221204070125256,-7.649378064774274,0.36380849337300514,-0.23891812542752433,-0.25513910834736747,0.0,0.020557208547470923,0.05328644847173384,0.9099269678117392,0.016229375169055992,1.8941033270219096
f_qv_surge_7d,0.03,0.08,8.0,0.05,3697,-0.003105266033597657,-7.65900494936779,0.36056261833919395,-0.2291996012686187,-0.22618291788724415,0.03381119826886665,0.299702461455234,0.20043278333784148,0.4522585880443603,0.013794968893697593,4.96301054909386
f_qv_surge_7d,0.05,none,2.0,none,3697,-0.003248886552167237,-7.679435937649462,0.35812821206383555,-0.21202023986871144,-0.23534789975821835,0.0,0.0781714903976197,0.0,0.9047876656748716,0.017040843927508792,1.8814579388693535
f_qv_surge_7d,0.08,0.15,8.0,0.1,3697,-0.004561683253975001,-7.782525371128601,0.3619150662699486,-0.32254930784865266,-0.3061038124863318,0.011901541790641061,0.03191777116581011,0.09413037598052475,0.8458209358939681,0.016229375169055992,7.162226129294022
f_qv_surge_7d,0.03,0.05,2.0,0.05,3697,-0.0027759937429710393,-7.796896349233141,0.3627265350284014,-0.17264803827480113,-0.18881203308492575,0.03949147957803625,0.17554774141195564,0.11468758452799567,0.6572896943467677,0.012983500135244793,1.5612658912631863
f_qv_surge_7d,0.03,none,2.0,none,3697,-0.002830801930479655,-7.801787908221716,0.35001352447930756,-0.1819096694914989,-0.19886234644287262,0.0,0.19853935623478497,0.0,0.7860427373546118,0.015417906410603192,1.7337030024344062
f_qv_surge_7d,none,0.15,8.0,0.1,3697,-0.0043380803419229555,-7.825175926092796,0.3619150662699486,-0.3132501446725552,-0.29909616809671813,0.011901541790641061,0.0,0.11198268866648634,0.8598863943738166,0.016229375169055992,7.246280768190425
f_qv_surge_7d,0.03,0.08,4.0,0.05,3697,-0.0027358880773782203,-7.85873897075868,0.3748985664051934,-0.21825747430612896,-0.23586560999642528,0.017581823099810656,0.22667027319448202,0.15499053286448472,0.586962401947525,0.013794968893697593,2.8510954828239115
f_qv_surge_7d,none,0.15,2.0,0.1,3697,-0.004007428868997063,-7.871748270634992,0.36380849337300514,-0.2286849284716913,-0.24504090920471708,0.0008114687584527996,0.0,0.06464701109007304,0.9183121449824182,0.016229375169055992,1.9083716526913714
f_qv_surge_7d,0.05,none,4.0,0.05,3697,-0.0030688904194040483,-7.882121694540821,0.3878820665404382,-0.2519122483815974,-0.2696321206086753,0.0,0.06004868812550717,0.22612929402218016,0.6992155802001623,0.014606437652150393,3.148093048417636
f_qv_surge_7d,0.05,0.15,4.0,0.05,3697,-0.0030688904194040483,-7.882121694540821,0.3878820665404382,-0.2519122483815974,-0.2696321206086753,0.0,0.06004868812550717,0.22612929402218016,0.6992155802001623,0.014606437652150393,3.148093048417636
f_qv_surge_7d,0.05,0.1,8.0,0.1,3697,-0.003917074664077334,-7.901436321989691,0.3554233162023262,-0.30775255589882744,-0.3020525144718235,0.045983229645658645,0.13091695969705167,0.05139302136867731,0.7562888828780092,0.015417906410603192,6.669596970516635
f_qv_surge_7d,0.03,0.1,4.0,0.05,3697,-0.002812760930492799,-7.902625111654413,0.3748985664051934,-0.2222146052543562,-0.24211132550138195,0.005680281309169597,0.22667027319448202,0.16364619962131458,0.5902082769813363,0.013794968893697593,2.8609007303218825
f_qv_surge_7d,none,none,2.0,0.1,3697,-0.0040369368238498925,-7.9117183459576115,0.36380849337300514,-0.22953431071938213,-0.24587228003244352,0.0,0.0,0.06464701109007304,0.9191236137408709,0.016229375169055992,1.9085745198809845
f_qv_surge_7d,0.03,0.1,8.0,0.1,3697,-0.0038815598728007233,-7.975005746950012,0.33026778469028945,-0.2632393970665722,-0.25893722564839927,0.04192588585339464,0.35325939951311874,0.034081687855017584,0.5561265891263186,0.014606437652150393,5.578306735190695
f_qv_surge_7d,0.05,0.1,4.0,0.1,3697,-0.003319894718897875,-8.029862133557195,0.37841493102515555,-0.2762181984680464,-0.30341649809064947,0.03164728157965918,0.09413037598052475,0.04192588585339464,0.8168785501758182,0.015417906410603192,3.505274546929943
f_qv_surge_7d,0.08,none,8.0,0.1,3697,-0.004933573705907233,-8.132533848446437,0.3619150662699486,-0.33247568990663845,-0.3072821669514636,0.0,0.03191777116581011,0.09818771977278874,0.8536651338923451,0.016229375169055992,7.186570192047606
f_qv_surge_7d,0.08,0.15,8.0,0.08,3697,-0.004599456982909901,-8.147960473275338,0.3594806599945902,-0.3263104397392457,-0.30846349026108505,0.005409791723018664,0.020557208547470923,0.1882607519610495,0.7703543413578577,0.015417906410603192,6.785366513389235
f_qv_surge_7d,none,0.15,8.0,0.08,3697,-0.004508334610497958,-8.149866713289645,0.3594806599945902,-0.3231868410122184,-0.3052571431704794,0.005409791723018664,0.0,0.20881796050852042,0.7703543413578577,0.015417906410603192,6.785366513389235
f_qv_surge_7d,none,none,8.0,0.1,3697,-0.004709970793855187,-8.190153167894207,0.3619150662699486,-0.3233125036556199,-0.29896244607709244,0.0,0.0,0.11604003245875034,0.8677305923721936,0.016229375169055992,7.2706248309440085
f_qv_surge_7d,0.08,none,4.0,0.08,3697,-0.003940585572357443,-8.24444947305807,0.3770624830944009,-0.29716564512606525,-0.32042638486193975,0.0,0.014876927238301325,0.13253989721395726,0.8371652691371382,0.015417906410603192,3.551934000540979
f_qv_surge_7d,0.08,0.15,4.0,0.1,3697,-0.0041106141709059945,-8.245700334388296,0.38084933730051396,-0.3003924204480033,-0.32387059298097404,0.004868812550716798,0.022991614822829323,0.06951582364078983,0.886394373816608,0.016229375169055992,3.6910332702190964
f_qv_surge_7d,0.05,0.1,2.0,0.1,3697,-0.0037961258778612516,-8.249519216469404,0.36056261833919395,-0.22688033562027787,-0.24597223561519088,0.015417906410603192,0.0749256153638085,0.035434135785772244,0.8588044360292129,0.015417906410603192,1.8230998106572898
f_qv_surge_7d,none,none,4.0,0.08,3697,-0.003851507145894238,-8.26968906618373,0.3770624830944009,-0.29394297613845255,-0.3173103721071306,0.0,0.0,0.1474168244522586,0.8371652691371382,0.015417906410603192,3.551934000540979
f_qv_surge_7d,0.05,0.08,4.0,0.08,3697,-0.003493758294130679,-8.278661669412184,0.3746280768190425,-0.2725744507661294,-0.2927315236053452,0.042737354611847446,0.08763862591290235,0.08060589667297809,0.7736002163916689,0.015417906410603192,3.389437381660806
f_qv_surge_7d,0.03,none,4.0,none,3697,-0.0027698611377151377,-8.281242070440864,0.35650527454692993,-0.2406385964180776,-0.26021365558627807,0.0,0.26670273194482014,0.0,0.7178793616445767,0.015417906410603192,3.2444549634839057
f_qv_surge_7d,0.03,0.1,2.0,0.05,3697,-0.003174025753507523,-8.284639420196227,0.360292128753043,-0.18484822997066308,-0.20518054614170872,0.0016229375169055991,0.17554774141195564,0.12658912631863672,0.6824452258588044,0.013794968893697593,1.5843251284825535
f_qv_surge_7d,0.08,0.15,4.0,0.08,3697,-0.0039646326312082385,-8.285494548801328,0.3770624830944009,-0.29812364731936736,-0.3213542537322847,0.0016229375169055991,0.014876927238301325,0.13253989721395726,0.8355423316202326,0.015417906410603192,3.5505139302136866
f_qv_surge_7d,0.08,none,8.0,0.08,3697,-0.004747461151057727,-8.298501830671617,0.3594806599945902,-0.3316460749760436,-0.3113282687223504,0.0,0.020557208547470923,0.1906951582364079,0.773329726805518,0.015417906410603192,6.795509872869895
f_qv_surge_7d,0.03,0.08,4.0,0.08,3697,-0.003183406184704928,-8.30128788391951,0.3583987016499865,-0.23505456719557605,-0.24685658734109028,0.04030294833648904,0.25561265891263185,0.052204490127130104,0.6372734649715986,0.014606437652150393,3.017581823099811
f_qv_surge_7d,none,none,8.0,0.08,3697,-0.004656338778645784,-8.301628342122411,0.3594806599945902,-0.3285472152154725,-0.30813520433476166,0.0,0.0,0.21125236678387882,0.773329726805518,0.015417906410603192,6.795509872869895
f_qv_surge_7d,none,0.15,4.0,0.08,3697,-0.0038755542047450337,-8.311468213424476,0.3770624830944009,-0.29490537100826075,-0.3182424954852585,0.0016229375169055991,0.0,0.1474168244522586,0.8355423316202326,0.015417906410603192,3.5505139302136866
f_qv_surge_7d,0.03,none,4.0,0.05,3697,-0.0029376179384183443,-8.312178805920334,0.3748985664051934,-0.22763890932459396,-0.24299590524094034,0.0,0.22667027319448202,0.1668920746551258,0.5926426832566947,0.013794968893697593,2.865972410062213
f_qv_surge_7d,0.03,0.15,4.0,0.05,3697,-0.0029376179384183443,-8.312178805920334,0.3748985664051934,-0.22763890932459396,-0.24299590524094034,0.0,0.22667027319448202,0.1668920746551258,0.5926426832566947,0.013794968893697593,2.865972410062213
f_qv_surge_7d,0.03,0.08,8.0,0.08,3697,-0.003771301172855918,-8.312475066986496,0.331890722207195,-0.2554659752013816,-0.24931051719979103,0.06302407357316743,0.344062753583987,0.0586962401947525,0.5196104949959427,0.014606437652150393,5.36664863402759
f_qv_surge_7d,0.03,0.08,2.0,0.05,3697,-0.0031865025020799266,-8.35035606933476,0.360292128753043,-0.18524726579410533,-0.20405463851365643,0.007303218826075196,0.17554774141195564,0.12415472004327834,0.6791993508249933,0.013794968893697593,1.5822964565864215
f_qv_surge_7d,0.08,none,4.0,0.1,3697,-0.004274560409240821,-8.417049098784654,0.38084933730051396,-0.30477878500896183,-0.32638717478565293,0.0,0.022991614822829323,0.07113876115769543,0.8896402488504193,0.016229375169055992,3.6961049499594267
f_qv_surge_7d,none,0.15,4.0,0.1,3697,-0.0037406108922487784,-8.424980837280298,0.3813903164728158,-0.28377239109552777,-0.308057694249617,0.004868812550716798,0.0,0.08249932377603462,0.8964024885041926,0.016229375169055992,3.7253178252637276
f_qv_surge_7d,0.03,none,2.0,0.05,3697,-0.003238106701992236,-8.473896153562173,0.360292128753043,-0.1872208065275368,-0.20644573489756066,0.0,0.17554774141195564,0.12740059507708953,0.6832566946172572,0.013794968893697593,1.584933730051393
f_qv_surge_7d,0.03,0.15,2.0,0.05,3697,-0.003238106701992236,-8.473896153562173,0.360292128753043,-0.1872208065275368,-0.20644573489756066,0.0,0.17554774141195564,0.12740059507708953,0.6832566946172572,0.013794968893697593,1.584933730051393
f_qv_surge_7d,0.05,0.08,2.0,0.08,3697,-0.0040472942877008405,-8.483813552775919,0.3583987016499865,-0.22546039042745403,-0.2399678330082814,0.022721125236678387,0.07005680281309169,0.0635650527454693,0.8282391127941574,0.015417906410603192,1.782458750338112
f_qv_surge_7d,0.03,0.1,4.0,0.1,3697,-0.0031789581175915424,-8.525915995451182,0.3597511495807411,-0.24664599759341577,-0.26553226441336486,0.028401406545847985,0.26102245063565055,0.030835812821206385,0.6651338923451448,0.014606437652150393,3.104679469840411
f_qv_surge_7d,0.05,0.1,2.0,0.08,3697,-0.003959104646212415,-8.528330386181947,0.3567757641330809,-0.2327473623760279,-0.25060902414127245,0.008114687584527996,0.07005680281309169,0.0692453340546389,0.8371652691371382,0.015417906410603192,1.7928049770083851
f_qv_surge_7d,0.05,0.08,8.0,0.08,3697,-0.0040021958890559955,-8.597757883402966,0.3554233162023262,-0.3101382409612681,-0.2964450115113379,0.06626994860697863,0.12036786583716527,0.09926967811739248,0.6986746010278604,0.015417906410603192,6.359007303218826
f_qv_surge_7d,none,none,4.0,0.1,3697,-0.003904557130583605,-8.612753964884975,0.3813903164728158,-0.2882629590840715,-0.31063313232177,0.0,0.0,0.08412226129294022,0.8996483635380038,0.016229375169055992,3.7303895050040574
f_qv_surge_7d,0.03,0.08,2.0,0.08,3697,-0.0037072828477257734,-8.630259935688093,0.34947254530700567,-0.19917618502574497,-0.21434667331925378,0.022721125236678387,0.1931295645117663,0.045712740059507706,0.7238301325398973,0.014606437652150393,1.6520151474168245
f_qv_surge_7d,0.03,0.1,8.0,0.08,3697,-0.004280664114790999,-8.73268318242776,0.32539897213957264,-0.28003397777851113,-0.275234593809089,0.02894238571814985,0.3456856911008926,0.07654855288071409,0.534216932648093,0.014606437652150393,5.454557749526643
f_qv_surge_7d,0.03,0.1,2.0,0.1,3697,-0.003547668458974675,-8.735882203466819,0.35001352447930756,-0.2046489847493146,-0.2189124179167956,0.014606437652150393,0.19610494995942657,0.026778469028942386,0.7479037057073302,0.014606437652150393,1.685826345685691
f_qv_surge_7d,0.03,0.1,2.0,0.08,3697,-0.003650188689061259,-8.736317008823864,0.34703813903164726,-0.2082983976856969,-0.22407309541119527,0.008114687584527996,0.1939410332702191,0.050581552610224505,0.732756288882878,0.014606437652150393,1.6623613740870977
f_qv_surge_7d,0.05,0.1,4.0,0.08,3697,-0.0037708559418415267,-8.846477890695146,0.3713822017852313,-0.29199067927435307,-0.31406633155698005,0.01866378144441439,0.08763862591290235,0.09196645929131729,0.7863132269407628,0.015417906410603192,3.425209629429267
f_qv_surge_7d,0.05,0.1,8.0,0.08,3697,-0.0044722410937720865,-8.964756328726526,0.3497430348931566,-0.3310077646370361,-0.317371093229525,0.03137679199350825,0.12036786583716527,0.11955639707871248,0.7132810386800108,0.015417906410603192,6.4481336218555585
f_qv_surge_7d,0.03,0.1,4.0,0.08,3697,-0.0034921270997980303,-8.987785399848761,0.35434135785772247,-0.25744359872427947,-0.2734430689807479,0.017040843927508792,0.2564241276710847,0.0627535839870165,0.6491750067622396,0.014606437652150393,3.0531512036786586
f_qv_surge_7d,0.05,0.15,8.0,0.1,3697,-0.0049843140052024774,-9.011825966325612,0.352177441168515,-0.3408523968045354,-0.3146331857865152,0.010278604273735462,0.13091695969705167,0.07005680281309169,0.773329726805518,0.015417906410603192,6.774208817960509
f_qv_surge_7d,0.05,none,2.0,0.08,3697,-0.0041975216131948665,-9.091825815614179,0.3567757641330809,-0.242922916999599,-0.25890569018350923,0.0,0.07005680281309169,0.07086827157154449,0.8436570192047607,0.015417906410603192,1.798688125507168
f_qv_surge_7d,0.05,0.15,2.0,0.08,3697,-0.0041975216131948665,-9.091825815614179,0.3567757641330809,-0.242922916999599,-0.25890569018350923,0.0,0.07005680281309169,0.07086827157154449,0.8436570192047607,0.015417906410603192,1.798688125507168
f_qv_surge_7d,0.05,0.15,2.0,0.1,3697,-0.00428270124813592,-9.184791577979365,0.36056261833919395,-0.24623627460533248,-0.2592371900121256,0.0008114687584527996,0.0749256153638085,0.03949147957803625,0.8693535298890993,0.015417906410603192,1.8352718420340817
f_qv_surge_7d,0.05,none,2.0,0.1,3697,-0.004312209202988749,-9.229841520778159,0.36056261833919395,-0.24706632908104098,-0.2600529277097004,0.0,0.0749256153638085,0.03949147957803625,0.870164998647552,0.015417906410603192,1.835474709223695
f_qv_surge_7d,0.03,0.15,8.0,0.1,3697,-0.004779791741573074,-9.248746888398529,0.32783337841493104,-0.2965011253067147,-0.2764414755171801,0.009467135515282662,0.35325939951311874,0.05031106302407357,0.5723559642953746,0.014606437652150393,5.677846902894238
f_qv_surge_7d,0.05,0.15,4.0,0.1,3697,-0.0041200839932447305,-9.255016369680465,0.3776034622667027,-0.3029313587843856,-0.32152400527325714,0.004868812550716798,0.09413037598052475,0.052474979713281036,0.8331079253448742,0.015417906410603192,3.5470651879902624
f_qv_surge_7d,0.05,none,8.0,0.1,3697,-0.005301815093549742,-9.388990977382342,0.352177441168515,-0.3489194694261818,-0.3158035749758699,0.0,0.13091695969705167,0.0724912090884501,0.781173924803895,0.015417906410603192,6.798147146334866
f_qv_surge_7d,0.03,none,2.0,0.08,3697,-0.00388860565604371,-9.450798425531575,0.34703813903164726,-0.2187813432846798,-0.23333257991141054,0.0,0.1939410332702191,0.052204490127130104,0.7392480389505004,0.014606437652150393,1.6682445225858804
f_qv_surge_7d,0.03,0.15,2.0,0.08,3697,-0.00388860565604371,-9.450798425531575,0.34703813903164726,-0.2187813432846798,-0.23333257991141054,0.0,0.1939410332702191,0.052204490127130104,0.7392480389505004,0.014606437652150393,1.6682445225858804
f_qv_surge_7d,0.05,none,4.0,0.08,3697,-0.004115849904833796,-9.454468825089196,0.3713822017852313,-0.3054519259258185,-0.32501669775943504,0.0,0.08763862591290235,0.09845820935893967,0.7984852583175548,0.015417906410603192,3.449553692182851
f_qv_surge_7d,0.05,none,4.0,0.1,3697,-0.004284030231579558,-9.454650091498767,0.3776034622667027,-0.30729973592748916,-0.32404671558952314,0.0,0.09413037598052475,0.054097917230186636,0.8363538003786855,0.015417906410603192,3.5521368677305922
f_qv_surge_7d,0.03,none,8.0,0.08,3697,-0.004850674276825997,-9.465184654895648,0.32539897213957264,-0.30061349507687973,-0.2837806978126036,0.0,0.3456856911008926,0.09683527184203408,0.5428725994049229,0.014606437652150393,5.515553151203679
f_qv_surge_7d,0.03,none,8.0,0.1,3697,-0.005035565476220231,-9.487278473600314,0.32783337841493104,-0.3016185183255826,-0.2789039941410249,0.0,0.35325939951311874,0.05274546929943197,0.5793886935352989,0.014606437652150393,5.697525020286719
f_qv_surge_7d,0.05,0.15,4.0,0.08,3697,-0.004139896963684592,-9.497201959281512,0.3713822017852313,-0.3064023098176335,-0.32594187194880736,0.0016229375169055991,0.08763862591290235,0.09845820935893967,0.7968623208006492,0.015417906410603192,3.4481336218555585
f_qv_surge_7d,0.05,0.15,8.0,0.08,3697,-0.005058769161294649,-9.540543151973468,0.3497430348931566,-0.34948270506888457,-0.32346390949978193,0.004598322964565864,0.12036786583716527,0.13984311604003247,0.7197727887476332,0.015417906410603192,6.505883148498783
f_qv_surge_7d,0.03,0.15,8.0,0.08,3697,-0.004842274029426465,-9.547062411174378,0.32539897213957264,-0.30082203521395345,-0.2839942570826235,0.0037868542061130646,0.3456856911008926,0.09602380308358129,0.5398972139572626,0.014606437652150393,5.509872869894509
f_qv_surge_7d,0.05,none,8.0,0.08,3697,-0.005134526433528613,-9.649547899830962,0.3497430348931566,-0.3528700576330822,-0.32561421450985567,0.0,0.12036786583716527,0.14146605355693806,0.7227481741952935,0.015417906410603192,6.515823640789829
f_qv_surge_7d,0.03,0.15,2.0,0.1,3697,-0.003971035794618234,-9.752112880930772,0.35001352447930756,-0.2229264468290536,-0.2355185887983775,0.0008114687584527996,0.19610494995942657,0.030024344062753585,0.7584527995672167,0.014606437652150393,1.6975926426832566
f_qv_surge_7d,0.03,none,2.0,0.1,3697,-0.004000543749471064,-9.806625740423522,0.35001352447930756,-0.22378227779162674,-0.23636055138911052,0.0,0.19610494995942657,0.030024344062753585,0.7592642683256695,0.014606437652150393,1.6977955098728699
f_qv_surge_7d,0.03,none,4.0,0.08,3697,-0.0038585987693345574,-9.963960106550259,0.35434135785772247,-0.2735061340845759,-0.2845919720403358,0.0,0.2564241276710847,0.0692453340546389,0.659724100622126,0.014606437652150393,3.07607519610495
f_qv_surge_7d,0.03,0.15,4.0,0.08,3697,-0.00388267426086785,-10.01025894431829,0.35434135785772247,-0.27450448346897294,-0.2855750872431134,0.0008114687584527996,0.2564241276710847,0.0692453340546389,0.6589126318636732,0.014606437652150393,3.0756694617257234
f_qv_surge_7d,0.03,0.15,4.0,0.1,3697,-0.003874567289072779,-10.14508999025143,0.35893968082228833,-0.2737822464564611,-0.282878280101943,0.004057343792263998,0.26102245063565055,0.03976196916418718,0.6805517987557479,0.014606437652150393,3.1444414390045985
f_qv_surge_7d,0.03,none,4.0,0.1,3697,-0.0040384850947251085,-10.365200686816882,0.35893968082228833,-0.2783462453512492,-0.2873851139283995,0.0,0.26102245063565055,0.04138490668109278,0.6829862050311063,0.014606437652150393,3.1484987827968625
