boot,sharpe_a,sharpe_b,sharpe_diff
0,0.7263796048640182,0.5673191830239537,0.15906042184006453
1,0.6875985802613003,0.6502666248379644,0.037331955423335894
2,0.20660844973457765,-0.001129784078719226,0.20773823381329687
3,2.4249483450221176,2.073284000916969,0.3516643441051488
4,0.9337129581017722,0.7906887636640819,0.14302419443769032
5,2.541345488559551,2.303453042997922,0.23789244556162892
6,1.0415873320952582,1.0255746600154472,0.016012672079811052
7,1.4320833975330056,1.384729866098167,0.04735353143483856
8,0.6968361708402022,0.5667434931304216,0.1300926777097806
9,0.9163267933053634,0.8876791675005989,0.02864762580476443
10,1.160894639945585,1.0563708789057686,0.10452376103981642
11,1.2869494348931063,1.0584274914449987,0.2285219434481076
12,0.730678904526132,0.539813631597911,0.19086527292822109
13,0.902260374513654,0.7481640238228464,0.15409635069080763
14,0.8008804114840204,0.6065098290807706,0.1943705824032499
15,1.4370333557580293,1.221930013093318,0.21510334266471132
16,0.6713228924041721,0.4446613596817245,0.2266615327224476
17,0.018553957068797294,-0.07610839249865017,0.09466234956744747
18,1.1723552790840037,1.181590803855545,-0.009235524771541215
19,1.6443829814612758,1.5020162393178906,0.14236674214338518
20,0.37036228598245063,0.043006095405429844,0.3273561905770208
21,0.5469439432477329,0.4699008060415274,0.07704313720620548
22,1.6160010481832654,1.3313573996345747,0.28464364854869073
23,1.487143458426531,1.3790368028589748,0.10810665556755628
24,1.5208626180451033,1.210704682274306,0.3101579357707973
25,2.2282129838888274,2.200434091520911,0.02777889236791653
26,0.6402637856929679,0.6775412508840392,-0.037277465191071224
27,1.35743554777118,1.013178175477811,0.34425737229336884
28,1.2137196667126529,1.1275999743496938,0.08611969236295902
29,0.3718538150581696,0.3649929777798991,0.006860837278270526
30,2.033631334872306,1.762550738126853,0.27108059674545304
31,0.8782701438908372,0.7657570819493345,0.11251306194150279
32,0.6845185157996572,0.4759386447568935,0.20857987104276365
33,3.203443578342463,2.8436711503171543,0.3597724280253085
34,0.6590537040186233,0.4484960961474645,0.2105576078711588
35,2.14702074494472,1.7751183888530067,0.3719023560917134
36,1.4691196113030327,1.089066209243864,0.3800534020591686
37,0.8096611827856856,0.44888716669190915,0.3607740160937764
38,0.6426763300283949,0.6416489370716414,0.00102739295675347
39,1.1797284448461025,1.211204243745023,-0.03147579889892049
40,1.2838424444297882,1.1990846128107238,0.08475783161906447
41,0.16041576151614528,-0.2590245287500651,0.4194402902662104
42,0.3039286079698162,0.10083301964083947,0.20309558832897673
43,0.12101750082022897,-0.0169572941279685,0.13797479494819748
44,0.47811983780036,0.3108326958832584,0.1672871419171016
45,0.9248780330368137,0.8564450374563451,0.06843299558046856
46,1.1427911162483113,0.8967872930615645,0.24600382318674685
47,1.0485649078359052,1.0140051053262618,0.03455980250964341
48,1.6256352723138734,1.6045563208487192,0.02107895146515415
49,0.8843934448965233,0.8229003024363825,0.061493142460140815
50,1.6400495315686667,1.3098688178359033,0.3301807137327635
51,0.6798141076473206,0.4305638651956618,0.24925024245165883
52,0.6799020149109761,0.5545055254917335,0.12539648941924264
53,2.2232788697878605,2.1676811764015156,0.055597693386344904
54,1.6118888103240991,1.6134871872940852,-0.001598376969986104
55,1.8057296466401407,1.8599372792922813,-0.05420763265214057
56,2.0041025281885427,1.6904959606161476,0.31360656757239513
57,0.9158682186263647,0.7861877305956888,0.1296804880306759
58,1.7890647795162566,1.7806688453822146,0.008395934134042049
59,2.336852912523019,2.073112065116563,0.263740847406456
60,0.3577177423964457,0.12476294539267822,0.23295479700376748
61,1.0235754882813046,1.0706864598873889,-0.04711097160608424
62,1.6995922112610717,1.2627547075886165,0.4368375036724552
63,0.9353485608305805,0.787384303901387,0.14796425692919346
64,0.772004540725335,0.5905570905077056,0.18144745021762942
65,0.5704206923675141,0.5804456825021717,-0.010024990134657519
66,0.823958852793745,0.7314140438160807,0.09254480897766437
67,2.0487658522254364,1.6256218582432806,0.42314399398215574
68,-0.0793782591776019,-0.0775375674432197,-0.0018406917343821994
69,1.3989078707981426,1.2946499090244745,0.10425796177366808
70,0.5161601866047403,0.3463141385996246,0.16984604800511566
71,0.7573696539333054,0.6820754468332354,0.07529420710006995
72,2.1876685088186942,2.002263563556313,0.18540494526238138
73,1.133621659712898,0.8442771675120545,0.2893444922008436
74,1.6277194005108542,1.3645171588398821,0.26320224167097206
75,0.9380007099694865,0.7284708863640049,0.20952982360548156
76,1.636711616051205,1.273542982701735,0.3631686333494699
77,0.2690889116289538,0.0703828115269128,0.19870610010204104
78,0.20837383450000885,0.04127232032681853,0.1671015141731903
79,1.6206351468849838,1.3739688452911674,0.24666630159381642
80,1.3884581758668206,1.0721548821718834,0.31630329369493726
81,1.2438023594536745,1.0914112804273557,0.15239107902631877
82,2.3464924661303606,2.1464507268518127,0.20004173927854785
83,-0.5388148460693525,-0.7709441811042582,0.23212933503490574
84,0.17167037043650596,-0.24372290821764014,0.4153932786541461
85,1.6016868054817515,1.3768995853873474,0.2247872200944041
86,2.4680987767774893,2.1749282314545777,0.29317054532291165
87,1.6740878910991255,1.6179295866428673,0.056158304456258135
88,2.3229995373503916,2.157531204998764,0.16546833235162772
89,0.8864132787150636,0.7271647287239766,0.15924854999108695
90,1.8497955669933672,1.6606427227232174,0.18915284427014978
91,2.064452503069818,1.8327354798788842,0.2317170231909338
92,-0.04245159927018143,-0.26516556245445977,0.22271396318427833
93,1.513090626885356,1.3741611449490312,0.1389294819363247
94,0.8545747646390546,0.6976785749139796,0.15689618972507502
95,1.1425847433071512,1.1845768192961668,-0.041992075989015554
96,0.14585187291129065,0.05005755605530602,0.09579431685598463
97,1.7500138769159996,1.5183400387326065,0.23167383818339315
98,1.5821662172056365,1.3864413420320139,0.1957248751736227
99,0.606664955157265,0.37481333692443036,0.23185161823283468
100,-0.012617953707365424,-0.05183260033217729,0.03921464662481187
101,1.8220150351036775,1.5838175924243894,0.2381974426792881
102,1.9125631388969937,1.6303628627166753,0.2822002761803184
103,0.4089574134631949,0.3417206675809261,0.0672367458822688
104,0.5977861240905534,0.1896942314814554,0.40809189260909806
105,0.7319811578276749,0.691743171852992,0.04023798597468298
106,1.4892682445282814,1.2562392003806873,0.23302904414759418
107,0.9106601114978854,0.5606306939543668,0.3500294175435186
108,-0.08189735037879854,-0.34028822316079427,0.25839087278199574
109,-0.9526521506746128,-1.0381461793704791,0.08549402869586631
110,0.6663337284440484,0.6053944561418391,0.0609392723022093
111,0.12625004385566593,0.12524811813367795,0.001001925721987984
112,0.7641641015409315,0.6096843857598163,0.1544797157811152
113,0.6507017644498787,0.3174083412105979,0.3332934232392808
114,2.002167248989122,1.6998705496775433,0.30229669931157854
115,0.696781033845637,0.3411994561253341,0.35558157772030297
116,1.5298028753657067,1.248351209549502,0.28145166581620473
117,0.6964093299557174,0.4760357747385014,0.22037355521721597
118,0.8037541485972767,0.5320660256210213,0.27168812297625533
119,-0.1832777183639314,-0.3048044877899916,0.1215267694260602
120,2.0227034710543643,1.6666108634469217,0.35609260760744266
121,2.073716923338243,1.9281887909190973,0.14552813241914553
122,1.0915803485560702,0.6475119917634813,0.44406835679258894
123,1.8053982026872304,1.584981453016855,0.2204167496703755
124,2.532685738010568,2.2018156231047556,0.3308701149058124
125,1.427760105346372,1.2726149871760943,0.15514511817027765
126,0.7873563123406574,0.5206413112137905,0.26671500112686686
127,1.2947717787743749,0.9141458533886082,0.3806259253857667
128,2.4715734926068738,2.293740281057448,0.17783321154942566
129,1.9013364870896572,1.651183186306132,0.25015330078352527
130,2.387212522441027,2.121587066120263,0.2656254563207643
131,1.512198463211904,1.3298305549673206,0.1823679082445835
132,1.4335107093071537,1.1151219649847715,0.3183887443223823
133,0.6223689827035518,0.43625318388669426,0.18611579881685753
134,2.079541491140234,2.0604873303537614,0.019054160786472707
135,1.0472035398601736,0.8983695125595134,0.1488340273006602
136,1.2212927428235991,1.189617292265507,0.031675450558092066
137,0.824851163179926,0.5511886400481638,0.2736625231317622
138,1.4051372265033997,1.0947741474355557,0.310363079067844
139,1.6286894976591417,1.4712779232153483,0.1574115744437934
140,1.606615687161222,1.4302112985331312,0.17640438862809082
141,1.135842656678682,0.9501787287645259,0.18566392791415598
142,0.11602989958365205,-0.2889469663594419,0.40497686594309396
143,1.6461913354607987,1.4445837767041123,0.20160755875668634
144,0.6688031497251249,0.5626245393638781,0.10617861036124676
145,-0.38587874765184477,-0.5206483409847515,0.13476959333290678
146,0.6961000268012717,0.6932947188730576,0.002805307928214096
147,-0.09710635118512609,-0.31630004844813325,0.21919369726300716
148,2.81408738273145,2.6548653927939085,0.15922198993754133
149,0.611501793042215,0.3024843983455757,0.30901739469663925
150,2.1454489754405923,2.135037738619778,0.010411236820814462
151,1.1145215835055358,0.782307475302224,0.33221410820331176
152,1.0698741711540958,0.7463450426834437,0.32352912847065207
153,1.0851980305040327,0.944401748441342,0.1407962820626908
154,0.08025037596118192,-0.12445312585293541,0.20470350181411734
155,2.0708231394658876,1.6989558471889783,0.3718672922769093
156,0.6921704638798342,0.4652025778452159,0.22696788603461826
157,1.4382291931410542,1.2921083773666937,0.14612081577436054
158,1.3941254065773294,1.3721826238008925,0.02194278277643691
159,1.6967818742693344,1.3674332826532578,0.32934859161607655
160,0.44276451573507875,0.20122325471470082,0.24154126102037793
161,2.401308274549949,2.120261490231672,0.28104678431827734
162,1.2978611044307231,1.0969090198718405,0.20095208455888258
163,1.0332994131239854,0.7308202027304219,0.3024792103935635
164,1.3192310210388998,1.0871290621496459,0.2321019588892539
165,0.0011542190344906627,-0.25793080597594914,0.2590850250104398
166,2.265566579426518,2.3066455632430922,-0.041078983816574155
167,1.7119440004086834,1.4919467392810855,0.219997261127598
168,0.6315066584139168,0.40745670810631013,0.22404995030760672
169,0.6292674433011346,0.278944689293782,0.3503227540073526
170,-0.091018721046536,-0.5017105222258288,0.4106918011792928
171,1.316952609537658,1.1970034615034406,0.11994914803421741
172,0.7883240076702033,0.58760029638176,0.20072371128844324
173,0.32860486477936507,0.350931226952052,-0.02232636217268691
174,1.2533166618503184,1.2979199810486945,-0.04460331919837612
175,1.1296389227110288,1.0459368627662629,0.08370205994476598
176,0.8461412100068434,0.5983055183687767,0.24783569163806674
177,0.393281472893682,-0.028829841393641205,0.4221113142873232
178,3.123684165101784,2.8984837476416736,0.22520041746011055
179,1.4738679957412002,1.4128741073332616,0.06099388840793862
180,0.22917325393858168,-0.04361086933334229,0.272784123271924
181,0.8578974208938177,0.714910240575861,0.14298718031795676
182,1.676447739826942,1.5152934853751079,0.16115425445183407
183,1.3870256817780153,1.0868499227786734,0.3001757589993419
184,0.06756907540723717,0.02838798370503009,0.03918109170220708
185,1.0270799463675686,0.9439436281828899,0.0831363181846787
186,1.4278468535487083,1.0593168627173968,0.36852999083131155
187,2.2059351503538136,2.115928906523713,0.09000624383010081
188,1.5397443806157354,1.3672908217947355,0.17245355882099989
189,0.5920664710795313,0.2833468011863722,0.3087196698931591
190,1.5944525783040764,1.4911163336466624,0.10333624465741398
191,1.5761790868875127,1.3929425599894218,0.1832365268980909
192,0.6015458280853251,0.3716750139358457,0.2298708141494794
193,1.130729513480606,0.8085635541578459,0.32216595932276004
194,0.12214995638904311,-0.2423655733007146,0.3645155296897577
195,0.5718011206294851,0.2880003602548142,0.2838007603746709
196,1.3932925285532733,1.0638453615668138,0.3294471669864596
197,0.9005482612424488,1.0559681700496306,-0.15541990880718182
198,1.2990236223405198,1.197842383893701,0.10118123844681892
199,0.9676332765822806,0.7072946699698835,0.26033860661239705
200,1.6236875465145837,1.3315893522131401,0.29209819430144357
201,1.492922838688404,1.4524365955109078,0.04048624317749616
202,2.070564616668528,1.9905102760135294,0.0800543406549985
203,0.7606214234280853,0.6792403215820728,0.08138110184601244
204,0.02833362601152728,-0.11046314903574686,0.13879677504727414
205,0.8414095611465043,0.5114147608549214,0.3299948002915829
206,0.6360042636910943,0.45222675103724674,0.18377751265384756
207,0.7444104241199493,0.512818839205921,0.23159158491402831
208,1.6379401765547352,1.1709706498423658,0.46696952671236946
209,-0.10253881739219187,-0.200936810499891,0.09839799310769914
210,1.7972377606937908,1.528181656425693,0.2690561042680979
211,1.5917445456338812,1.4394325096803922,0.15231203595348908
212,1.0203350381535155,0.8983626132860315,0.12197242486748394
213,1.73208270363616,1.4542808579107738,0.27780184572538613
214,1.27425633260043,0.9672259858011563,0.30703034679927366
215,1.9995910821398561,1.7507916555357828,0.2487994266040734
216,1.5483049952646772,1.345493752375098,0.2028112428895792
217,0.3480418844604568,0.3155022939487613,0.032539590511695526
218,2.152347112920226,1.9042783769235228,0.2480687359967031
219,1.552564849045367,1.1961327065576,0.356432142487767
220,0.9390737050189946,0.9069546985949886,0.032119006424006
221,-0.5039881195016058,-0.7382767692663023,0.23428864976469643
222,1.7045249780977918,1.4111356516054605,0.2933893264923313
223,1.69835140597907,1.5827069999081207,0.11564440607094939
224,1.239509812335906,1.0156367124907675,0.2238730998451386
225,2.181724894384169,1.7735172189427666,0.40820767544140235
226,0.9173266734494043,0.7180643097802943,0.19926236366911
227,0.5460564546737973,0.27502530334671144,0.27103115132708583
228,1.5137888787633222,1.2661959419481312,0.247592936815191
229,0.6239420803258199,0.6725727590354614,-0.04863067870964155
230,0.9859920982667237,0.7571957672982249,0.22879633096849883
231,2.79502628213309,2.6761856730636424,0.11884060906944738
232,-0.08646875700525387,-0.23067288492853324,0.14420412792327936
233,1.2345353106465875,1.0134095404871484,0.22112577015943913
234,0.9738135211905324,0.7346804555219179,0.2391330656686146
235,1.0016669966828469,0.8245140425798552,0.1771529541029917
236,0.44616525327364287,0.16546136980055084,0.28070388347309205
237,0.875702040759796,0.8467261220275007,0.028975918732295214
238,0.7532005971617244,0.577747964027194,0.1754526331345304
239,1.1067573357897906,1.1522615219089343,-0.04550418611914364
240,1.2446905530296652,1.2164265128258334,0.028264040203831886
241,1.264771081973283,1.1517833404998863,0.11298774147339663
242,0.4604501523436911,0.3183330366694645,0.14211711567422658
243,2.4600687808089012,2.3111638444855576,0.14890493632334367
244,1.4384233310699357,1.1644650804252756,0.27395825064466006
245,2.0077880551249976,1.8876762083098722,0.12011184681512543
246,1.9380684008491313,1.7270005406281348,0.21106786022099655
247,0.9111781008202712,0.8612534515319137,0.04992464928835749
248,2.4499768157622657,2.35523373224049,0.09474308352177552
249,0.5815704995035654,0.49683180795980025,0.08473869154376518
250,1.3603175295034662,1.1597996993962403,0.2005178301072259
251,0.9059588977292397,0.744362716281951,0.1615961814472886
252,2.2148755735933876,1.8635695315283631,0.35130604206502447
253,1.1536229552582729,1.0432610123179702,0.11036194294030266
254,-0.1853674539581495,-0.37608140237206045,0.19071394841391096
255,0.8271022779249295,0.4689819449895246,0.3581203329354049
256,1.3489228102994293,1.2100507149172985,0.13887209538213074
257,0.9490369938702986,0.7686433807697727,0.18039361310052593
258,0.4613059135547678,0.28663840802111173,0.17466750553365606
259,0.7884639799909037,0.709290569694624,0.07917341029627967
260,0.6053398339960608,0.49889694927912737,0.10644288471693347
261,1.794338382547649,1.6725460700587764,0.12179231248887268
262,0.7758134301827813,0.6515311864466096,0.1242822437361717
263,1.3431692883222888,1.1823524300770758,0.16081685824521297
264,0.9944001528244398,1.0052378918007365,-0.010837738976296696
265,1.3627510524105981,1.0969529282854487,0.26579812412514947
266,1.8514063144263762,1.695495567909343,0.15591074651703307
267,0.09971455891406734,-0.049533290190807704,0.14924784910487504
268,1.3215628232687453,1.1068085305938185,0.21475429267492685
269,1.4663832598911728,1.3033104239501432,0.16307283594102961
270,0.3140067441768659,-0.008189670240373302,0.32219641441723923
271,1.809282470149986,1.8203147063207057,-0.011032236170719578
272,0.8976851977929071,0.860752581445268,0.03693261634763911
273,1.6410052584271413,1.468810744836804,0.17219451359033733
274,0.9885933994879623,0.7519010163093202,0.23669238317864216
275,2.142722149493228,1.930613932621058,0.21210821687216996
276,0.46459905522981804,0.351362466348054,0.11323658888176402
277,0.06636300182394472,0.1081006886386121,-0.04173768681466737
278,1.1398064626632363,0.9821107508684684,0.15769571179476782
279,1.4528964646635905,1.208368761593812,0.24452770306977856
280,1.4445865471326875,1.3976788760426964,0.046907671089991165
281,0.9914665507892925,0.865274640442812,0.12619191034648047
282,1.0033696952623725,0.9563186152618,0.047051080000572565
283,1.9101096181636872,1.609367633838367,0.3007419843253203
284,0.8910510402494612,0.7160515403008484,0.17499949994861286
285,-0.5561056051269824,-0.7964834712175476,0.24037786609056522
286,1.0412421439369803,1.0996736550010056,-0.05843151106402522
287,2.51677235207503,2.335784789855943,0.18098756221908685
288,1.6139029016185205,1.510522069617502,0.10338083200101855
289,-0.1057712417685625,-0.4240905638705501,0.3183193221019876
290,1.3427265337880352,1.272492666850471,0.07023386693756417
291,1.087545981964482,0.7424847311474031,0.34506125081707884
292,0.43972620410043467,0.379913281294795,0.05981292280563966
293,0.6346100085879847,0.29679076118325837,0.3378192474047263
294,1.4769694335993095,1.2927844769874826,0.184184956611827
295,1.5629370981763315,1.5787573407999218,-0.015820242623590275
296,0.8663254308343391,0.4761316875190087,0.3901937433153304
297,2.599291188505742,2.2640597907808164,0.3352313977249257
298,0.8775212143028847,0.5218140108102914,0.3557072034925932
299,1.5771292581820104,1.4848336861293547,0.0922955720526557
300,0.028104646827422697,-0.09920376553316301,0.1273084123605857
301,-0.32227658288198235,-0.4696950346814411,0.14741845179945873
302,0.7089872761905311,0.6635718625353554,0.04541541365517576
303,2.2150669605167805,1.8529245424352574,0.36214241808152314
304,0.5330583929143456,0.3522343222975201,0.18082407061682554
305,1.3593820136738046,1.2473635430821584,0.11201847059164627
306,1.769962552339439,1.6182351711720473,0.15172738116739182
307,1.44402439393732,1.2813498842768118,0.16267450966050823
308,1.605125586841644,1.5504111002181902,0.054714486623453906
309,1.9639849705695775,1.8121443932306618,0.15184057733891576
310,0.7122645478237448,0.8063366808041191,-0.09407213298037431
311,1.6539829270331394,1.4347234728177096,0.2192594542154298
312,1.4369297335585078,1.4450682193264353,-0.008138485767927417
313,1.7338021528861833,1.3504116727284834,0.38339048015769994
314,2.494490527785063,2.071040203882093,0.4234503239029701
315,1.3965456140784323,1.1671934378821605,0.2293521761962718
316,0.8343441916972046,0.5567185963636748,0.2776255953335298
317,0.5647240970599875,0.5514949858973462,0.01322911116264125
318,0.9714182993198192,0.9353834367660565,0.03603486255376265
319,0.6583017756393857,0.18468431582726252,0.4736174598121232
320,2.0351736270291787,1.705042258879143,0.33013136815003574
321,1.2422343459345293,1.3992630544455553,-0.15702870851102602
322,1.0674735880442168,0.7662501092985646,0.30122347874565214
323,1.2444147040314366,0.9138823085681846,0.33053239546325197
324,0.46918063243639535,0.32626943014277,0.14291120229362536
325,0.38665473644970944,0.15637263182263664,0.2302821046270728
326,0.4577526578064184,0.27826578809775304,0.17948686970866534
327,1.7058919118749736,1.4961701120166782,0.20972179985829542
328,2.1238308297139064,2.051514497359925,0.0723163323539815
329,0.8146483502120987,0.518752290795486,0.2958960594166127
330,1.144511095655599,0.8196306110485563,0.3248804846070428
331,1.4467889607138082,1.0650263054693578,0.3817626552444504
332,1.3767183046119154,1.164510603850619,0.21220770076129636
333,2.658573878607023,2.4986229122620065,0.1599509663450167
334,0.33634701714038673,0.2714599812922427,0.06488703584814404
335,1.1192617078917464,1.1249221770861308,-0.005660469194384454
336,0.7977596764193245,0.6638558179741699,0.13390385844515462
337,1.4494655099605853,1.3595850671724126,0.08988044278817275
338,0.2902971881431155,0.31595482272448794,-0.025657634581372435
339,1.440395556286828,1.399786488714857,0.040609067571971025
340,1.3077789777523472,1.0605162608643859,0.2472627168879613
341,0.9130226769820587,0.596987514778654,0.3160351622034048
342,-0.4556052860423295,-0.508879024060709,0.053273738018379424
343,1.3759619382438624,1.129232269120099,0.24672966912376326
344,-0.31910546371427034,-0.3867013780119598,0.06759591429768946
345,0.6496744082813949,0.5982514989650991,0.051422909316295784
346,0.9537292734828335,0.8882602402794159,0.06546903320341768
347,2.3955862813058597,2.079782741862072,0.3158035394437877
348,1.2188702195941599,1.1153228578236507,0.10354736177050916
349,0.6927606874809975,0.3751748877071764,0.3175857997738211
350,1.3200578133240675,1.219002815824194,0.10105499749987357
351,2.123405202066206,1.997716261189848,0.12568894087635796
352,0.966428459113547,0.8002689662904021,0.1661594928231449
353,1.038382225314482,0.8343165592216939,0.2040656660927882
354,0.6772861782612223,0.5873578211349693,0.08992835712625302
355,1.5042169987061027,1.4552014222003873,0.04901557650571542
356,1.5185965978469782,1.2695641904803783,0.24903240736659993
357,0.9664473680377894,0.730811773808207,0.23563559422958236
358,1.75736196941318,1.8105928415784192,-0.05323087216523925
359,1.0514919683626969,0.8332209860853084,0.2182709822773885
360,1.4103533712459853,1.1710230266618065,0.2393303445841788
361,0.7226721137783817,0.7126820273298031,0.009990086448578572
362,0.04622292326923395,-0.4010115928354893,0.44723451610472326
363,1.8075914292480304,1.3246578324684168,0.48293359677961356
364,1.1738422987419206,1.1844897905923362,-0.01064749185041558
365,1.5888127186779817,1.4584306389816313,0.1303820796963504
366,0.8255545438970271,0.44690166096747785,0.37865288292954924
367,2.053316267092908,1.8269800476709905,0.2263362194219174
368,2.010190291595067,1.8122568248680173,0.1979334667270496
369,0.7411163758901615,0.6978138746559258,0.043302501234235735
370,0.6050927303172682,0.6234344694217048,-0.018341739104436594
371,1.6070212162166877,1.608990827436014,-0.0019696112193263726
372,0.5370964520965634,0.3546261850522878,0.1824702670442756
373,0.7928013975686213,0.6358469077848908,0.1569544897837305
374,1.1993323486546943,1.0342600440802447,0.16507230457444955
375,1.9486227155641798,1.735494780062015,0.2131279355021647
376,1.7471940906802175,1.8122565123119048,-0.0650624216316873
377,0.5347159614806241,0.481941212131208,0.05277474934941606
378,0.45220307258199227,0.10842996376022901,0.34377310882176326
379,2.022968984291351,1.649235802942983,0.3737331813483682
380,1.7576200700209903,1.4914982655441171,0.26612180447687317
381,0.3739404839942693,0.24766528239766977,0.12627520159659955
382,0.6708078309177097,0.4669570066328259,0.20385082428488377
383,2.218385673953522,2.129713167940838,0.08867250601268406
384,1.1402832300539034,1.0736056047575793,0.06667762529632415
385,1.4575665511303744,1.270559081842568,0.18700746928780632
386,0.669867664993596,0.5890988232159126,0.0807688417776834
387,1.3102777497609701,0.8991536953037154,0.41112405445725475
388,1.4730242520811936,1.5228019304079843,-0.0497776783267907
389,1.2360347003940821,1.1443743128493762,0.09166038754470596
390,-0.05067846435344043,-0.19195157494916715,0.14127311059572673
391,1.3290242345075212,1.2095264837807107,0.11949775072681046
392,1.053924306898682,1.0618561936650535,-0.007931886766371354
393,0.47187218430699596,0.09890737691541941,0.37296480739157656
394,2.2396102354478598,1.7946266827301516,0.4449835527177082
395,1.2915604957841622,1.1071816052332868,0.18437889055087542
396,1.745399367629253,1.3517389081609237,0.3936604594683293
397,1.2028346508912626,1.013676535375476,0.18915811551578665
398,0.5871415201566822,0.49678412403763167,0.09035739611905053
399,1.3401622486101765,1.1381507885186573,0.20201146009151927
400,1.3509011049694104,1.1723219510285376,0.17857915394087276
401,1.2192227778766138,0.9757948981330484,0.2434278797435654
402,0.6638016051990779,0.589302120678916,0.07449948452016197
403,2.6291621523418636,2.410108957744683,0.21905319459718076
404,0.8024533116588517,0.6800678788183948,0.12238543284045689
405,1.3720649652861356,1.0188401050140083,0.3532248602721273
406,0.5454720369034906,0.3315373449592356,0.21393469194425496
407,1.5497426390770646,1.384791022306531,0.1649516167705336
408,1.2721930820353013,1.0617610484388194,0.210432033596482
409,1.3130405982120232,1.025695210298777,0.28734538791324615
410,2.096271003232062,1.705785324683609,0.39048567854845295
411,0.6092680975167796,0.5442885069915052,0.06497959052527436
412,0.6211383286779651,0.4879748433477695,0.13316348533019562
413,1.3093503526797743,1.0740174225725418,0.23533293010723244
414,0.6036613878302137,0.45028828566233153,0.1533731021678822
415,1.2345443396073599,0.8658211931038637,0.36872314650349614
416,1.2363694068663729,1.0397973829832854,0.19657202388308748
417,0.6966087461106499,0.6318620783173471,0.06474666779330285
418,1.3462661475475441,1.1928037525944328,0.15346239495311131
419,0.5925376215781369,0.6153350595182397,-0.022797437940102805
420,0.6923401153354516,0.5384327612819585,0.1539073540534931
421,0.37496000555604025,0.07594919089735497,0.2990108146586853
422,0.7157104336562894,0.35124701429150235,0.36446341936478704
423,2.180637373859127,1.9836736573332456,0.19696371652588152
424,1.7576102720713795,1.4111665661246944,0.34644370594668517
425,-0.22846656167309246,-0.300741779592346,0.07227521791925354
426,1.8832499503597202,1.5413493569682701,0.34190059339145007
427,2.0120560011694844,1.810804705393399,0.20125129577608525
428,2.102793202233489,1.8602557575697596,0.24253744466372962
429,1.4488018425879894,1.3024873779737438,0.14631446461424558
430,1.2456766646349051,1.204396584459131,0.041280080175774225
431,0.8749852207159383,0.5447181459278417,0.3302670747880966
432,0.2444380352032621,-0.020112471365157557,0.26455050656841966
433,1.8113331483433006,1.41612681808134,0.3952063302619606
434,2.3975459239483836,2.2913907765786456,0.10615514736973797
435,-0.7143478405410446,-0.6931093128094805,-0.021238527731564094
436,1.23030612835345,1.0184228997417992,0.21188322861165076
437,0.18016910351622048,-0.0744239955180562,0.2545930990342767
438,2.0859256394931633,1.9657526815885058,0.12017295790465754
439,1.2585472281665993,1.1787597720404637,0.07978745612613558
440,1.7317533335193456,1.5223437357538243,0.20940959776552126
441,0.8056829328879382,0.9650423564515248,-0.15935942356358657
442,0.9972368956372236,0.8186336943809001,0.17860320125632356
443,0.6410242605963059,0.35505334951416156,0.28597091108214434
444,0.5922252735762582,0.3680139564014079,0.22421131717485032
445,-0.0888582228854868,-0.2841791975506719,0.1953209746651851
446,0.9735187695219873,0.7975044727497259,0.17601429677226144
447,0.8834046041712126,0.8503824176304928,0.033022186540719756
448,2.23410636913028,1.9600869788020152,0.2740193903282646
449,1.705499277664397,1.3168160380664462,0.3886832395979507
450,1.1514266034741374,1.020802895723753,0.13062370775038445
451,1.9272592548956489,1.585462707406127,0.34179654748952193
452,2.61344919052853,2.558369887298239,0.055079303230290755
453,2.030529664598416,1.5251091884539407,0.5054204761444752
454,0.7995531507390738,0.45490763237808246,0.3446455183609914
455,0.2512016396207148,0.10595396832049955,0.14524767130021524
456,0.8279598876190717,0.6678032040513602,0.1601566835677115
457,1.8425530967334571,1.6114998643972556,0.23105323233620156
458,0.578511242007676,0.4902469932153366,0.0882642487923394
459,1.3735534749488285,1.1203104886382456,0.25324298631058295
460,0.5310865869851461,0.21842053116653606,0.31266605581861007
461,0.7470466518705215,0.6958615880601791,0.05118506381034249
462,1.2035256261066967,0.9135888786898343,0.2899367474168624
463,2.2412125224889587,2.1228187958491334,0.11839372663982539
464,3.119933745223774,2.924038675889441,0.19589506933433265
465,-0.2104915218628078,-0.338075685560831,0.1275841636980232
466,1.5431478709282125,1.3942122112986985,0.14893565962951394
467,1.6936412563831609,1.5333618662805375,0.16027939010262338
468,1.693600537042145,1.829395337396085,-0.13579480035393998
469,1.466311013165069,1.268691868038443,0.19761914512662604
470,1.6168346516341479,1.2497022011658698,0.367132450468278
471,0.46836562428105605,0.5003139647649247,-0.03194834048386869
472,1.1838652606956148,0.9823107228848613,0.2015545378107535
473,0.7565921019872888,0.6072508377581413,0.1493412642291475
474,1.756847237750574,1.728761449996211,0.02808578775436299
475,1.498414624099035,1.4400851499345844,0.05832947416445067
476,2.0160070476922103,1.7626335866067744,0.2533734610854359
477,-0.01572968563047644,-0.34041650992554173,0.3246868242950653
478,1.350008810760283,0.8640061626554495,0.4860026481048335
479,1.5714288832161054,1.5153593335067201,0.05606954970938527
480,0.664087071931676,0.540442276577824,0.12364479535385209
481,0.9511706979791704,0.7513190517722692,0.1998516462069012
482,1.5575324575632354,1.3365723833528362,0.2209600742103992
483,1.7525091443530112,1.4653103850339635,0.2871987593190477
484,1.2056270370738078,1.1098673693443457,0.0957596677294621
485,0.3395989325397019,-0.06331272534099375,0.40291165788069566
486,2.125365737782001,1.984404085796468,0.14096165198553323
487,0.7104131169873972,0.6090699760642428,0.10134314092315433
488,0.6054816798408178,0.5670357034535751,0.038445976387242675
489,1.2873140826018168,1.2284904704718274,0.05882361212998943
490,1.9568966066575781,1.8580171506596277,0.09887945599795045
491,0.8138829236883516,0.6396311723041868,0.17425175138416482
492,1.6270936647212233,1.2336163476881736,0.39347731703304967
493,2.3776784879821946,2.227972465176296,0.14970602280589862
494,1.2512181356106018,0.9797519360119381,0.2714661995986637
495,0.6914324535762199,0.6200403440214134,0.07139210955480646
496,1.3080471250434593,0.8565061534068432,0.4515409716366161
497,1.269400464591984,0.9491370700558373,0.32026339453614683
498,2.2465312636859593,2.112089230294842,0.13444203339111738
499,0.9992832321697154,0.7689199481727697,0.23036328399694572
500,1.3335792740269556,0.8221426542746987,0.511436619752257
501,1.796291788519343,1.46424828199096,0.3320435065283831
502,0.2735834760352071,0.1489829857124536,0.1246004903227535
503,1.3846478328096736,1.1694392606314725,0.2152085721782011
504,1.9413982990985417,1.8709665691308632,0.07043172996767844
505,1.988263088462358,1.7766781288971765,0.21158495956518153
506,0.04647200705932165,-0.16294185286174276,0.2094138599210644
507,0.8786511527877635,0.7283731628996813,0.15027798988808216
508,0.4703104936669926,0.2702489976902431,0.20006149597674955
509,1.5511803316508266,1.5616220329980794,-0.010441701347252863
510,1.686402888244469,1.4892902506992207,0.19711263754524833
511,1.5066136636305525,1.4649787682030693,0.04163489542748322
512,2.0883478194710823,1.5759239513526664,0.5124238681184159
513,2.257859054915132,2.1741745070651435,0.08368454784998836
514,1.4851317738331629,1.1839664781003627,0.30116529573280015
515,0.310402558814877,-0.06521526687975102,0.375617825694628
516,0.5488207257693059,0.4304985867232112,0.11832213904609468
517,1.1231321474951204,0.8809429492317343,0.24218919826338603
518,0.09119397653958437,-0.03580222858688787,0.12699620512647225
519,1.5926304386356367,1.478620999950141,0.11400943868549573
520,1.54061744799286,1.5226198060708516,0.017997641922008478
521,2.3419227154284985,2.070331095539439,0.27159161988905955
522,1.3198905917701151,1.0222688511570617,0.29762174061305346
523,2.8520430593930692,3.049160296944476,-0.19711723755140698
524,2.266122402439639,1.865075248598454,0.40104715384118506
525,0.9319305661988503,0.6716833158453032,0.2602472503535471
526,0.883050215510581,0.6455358009546337,0.23751441455594735
527,1.9328652359763672,1.7085244540607265,0.22434078191564066
528,1.6641649009560955,1.593521887446932,0.07064301350916358
529,0.3412949022809061,0.34164151444938773,-0.00034661216848164145
530,1.8918411394936197,1.8209917286586401,0.07084941083497953
531,0.8639713910219355,0.634000342062325,0.2299710489596105
532,0.23367074812687677,0.11230188189160902,0.12136886623526776
533,0.7350408466866294,0.580404490658142,0.15463635602848735
534,2.256590549749502,1.6963573393319036,0.5602332104175984
535,0.06930757452952191,0.14548988542422578,-0.07618231089470387
536,1.1960244259890378,1.2184693115954448,-0.022444885606407006
537,0.4560261894607641,0.32186343164068765,0.13416275782007647
538,0.7906885098886793,0.5987246807069722,0.19196382918170718
539,1.5903363559652033,1.2997187454886987,0.2906176104765046
540,0.9595174915950216,0.9141810448983433,0.045336446696678356
541,1.0474612341735563,0.7345961970000968,0.3128650371734595
542,1.3328666052076472,0.9549394456558746,0.3779271595517726
543,1.5316460727231282,1.415676791443406,0.11596928127972217
544,0.8515151924053836,0.5056939308248681,0.3458212615805155
545,0.7967574992028222,0.636978164352784,0.15977933485003826
546,0.4233286408696107,0.24241132713750044,0.18091731373211026
547,1.6108139791795615,1.2374512074018849,0.3733627717776766
548,2.1809169347339266,2.082643454417926,0.09827348031600058
549,1.5818757171566526,1.608693216231705,-0.026817499075052265
550,2.3558567086291324,2.0846395400832116,0.2712171685459208
551,1.305577652941952,1.0945661204716306,0.21101153247032145
552,0.3125438611629527,0.17295174158549648,0.1395921195774562
553,2.0731372368928933,1.9710053311111106,0.10213190578178266
554,0.6515975664428916,0.4534038249905089,0.19819374145238267
555,1.563463758056624,1.3390222352281673,0.22444152282845664
556,0.9143985345143198,0.8720036959965876,0.04239483851773229
557,1.371600951490858,1.4414473604440874,-0.06984640895322936
558,1.809639121857371,1.8051477512058844,0.004491370651486637
559,1.6586012938418135,1.3831001250807826,0.2755011687610309
560,2.2857927976686505,2.058583622349877,0.2272091753187735
561,1.169470872994836,1.0528851933447771,0.11658567965005884
562,1.2611491204711365,0.8597782372311905,0.40137088323994596
563,2.2610707275762407,2.077810879158797,0.18325984841744392
564,-0.1476885483119269,-0.3110084499154046,0.1633199016034777
565,1.2688306817696406,1.2661831764722853,0.002647505297355357
566,0.573449133581617,0.5059407502008804,0.06750838338073661
567,2.1754857223890145,1.9458797776627588,0.22960594472625573
568,0.7910687580406185,0.4252039265377676,0.3658648315028509
569,0.43727172833581907,0.3276890271461087,0.10958270118971036
570,1.2791726191321426,0.8698498490959324,0.4093227700362102
571,0.44386070178496717,0.3475140347898969,0.09634666699507027
572,1.3634015789754454,0.9847944198049693,0.37860715917047616
573,1.6613657802983823,1.2683895988458929,0.39297618145248947
574,0.007658872740457586,0.03380594473057937,-0.026147071990121788
575,1.258716276570903,1.3436135405612724,-0.08489726399036934
576,1.3928461550312614,1.1399832119933428,0.25286294303791856
577,0.9884096306589536,1.009692630815042,-0.021283000156088416
578,1.4307675558588993,1.1604448710080515,0.27032268485084776
579,-0.12443643015667498,-0.2569825159562793,0.1325460857996043
580,0.2862668704267581,0.3287183419668,-0.04245147154004192
581,0.8625923523966351,0.8566156493672487,0.005976703029386465
582,0.8964475012121718,0.8396926058089377,0.056754895403234085
583,1.1295541264733495,0.9714455731224522,0.15810855335089735
584,0.026957436892128865,-0.09588724536482462,0.1228446822569535
585,0.9073349744892281,0.8303588554918212,0.07697611899740686
586,1.4360032109938508,1.2938978018119258,0.14210540918192494
587,1.0475469957909411,0.7584418943206561,0.289105101470285
588,0.5123456587604485,0.4074349673615276,0.10491069139892084
589,0.8659542339377415,0.6123137899134214,0.25364044402432007
590,1.6002184954169982,1.334759722821379,0.26545877259561923
591,2.2325992965087305,1.9170763483132442,0.3155229481954862
592,2.3130214012985575,2.1228914244582398,0.19012997684031774
593,1.756124163287186,1.6763188663119708,0.07980529697521521
594,2.0350403063175677,1.950303812488592,0.08473649382897563
595,1.2027937656300716,0.9805662911538116,0.22222747447626
596,0.8205696087442526,0.8584020952381054,-0.037832486493852846
597,-0.0787001505753796,-0.14938035337888722,0.07068020280350762
598,1.499140555469997,1.0951202914482803,0.40402026402171676
599,1.1643700180043797,1.093754887418588,0.07061513058579161
600,0.6678729149651664,0.28182167112584927,0.38605124383931716
601,0.4231931142615139,0.3382985262216638,0.08489458803985012
602,1.5150183346842436,1.2101041042233946,0.304914230460849
603,0.5058876014053534,0.32789464201548524,0.17799295938986814
604,-0.6159177557926472,-0.6835824761101856,0.06766472031753845
605,0.5091438592698596,0.23261441455468265,0.27652944471517693
606,1.6759072715373184,1.2970824823956,0.37882478914171847
607,0.27249230285006576,0.28172208430313095,-0.009229781453065189
608,1.8249171009171372,1.8064617132918206,0.01845538762531662
609,1.5512911587309344,1.4316685217408032,0.1196226369901312
610,0.3778422284058526,0.41595366378305504,-0.03811143537720246
611,0.9979731534212856,0.8301975622957214,0.16777559112556417
612,0.5639259035136609,0.37782455995494174,0.18610134355871916
613,-0.44704277500559414,-0.5105205527460056,0.06347777774041147
614,0.3660658728566408,0.180395005089539,0.18567086776710176
615,1.8703157002390438,1.8099572441151703,0.06035845612387347
616,1.9910365455630163,1.820254538381023,0.17078200718199343
617,1.4156821326045002,1.1953061150481226,0.2203760175563776
618,1.257176320308312,0.9925919963032038,0.2645843240051081
619,0.7114517171521005,0.637359053563301,0.07409266358879951
620,0.3575762374463011,0.3191232537448501,0.038452983701451005
621,1.6173533394252326,1.4833429885594103,0.13401035086582236
622,1.2916611156812254,1.0897871850379288,0.20187393064329662
623,1.7526277539715824,1.5634730673391821,0.18915468663240032
624,1.7259974896711563,1.742927756913005,-0.016930267241848762
625,1.2526243960784569,1.1974422471896626,0.05518214888879425
626,1.574167631847078,1.285686722525406,0.28848090932167203
627,1.976746531592888,1.8832738061599605,0.0934727254329275
628,0.31670303777808523,0.3037635257326387,0.012939512045446522
629,1.1941218452126283,1.1987542187808136,-0.004632373568185244
630,-0.923266775372919,-0.987730225912725,0.06446345053980596
631,1.1176291729301817,1.1634574355596,-0.04582826262941819
632,0.4051201472143626,0.268347980426257,0.1367721667881056
633,0.6290182196535758,0.22614568648816732,0.4028725331654085
634,1.2306545242529647,0.9756808587492186,0.2549736655037461
635,1.4641433932849899,1.2395473518862048,0.22459604139878508
636,2.2405046393385475,1.9074758584078162,0.3330287809307313
637,0.22169005263949826,0.12940601055729162,0.09228404208220664
638,1.6105280672145816,1.3451200177590732,0.26540804945550844
639,0.6139765226188731,0.26001925006123483,0.3539572725576383
640,0.3709909693878432,0.2122817344774804,0.15870923491036282
641,2.6453654838930083,2.4940622157805707,0.15130326811243755
642,1.274752947206499,1.0022797298245338,0.27247321738196506
643,2.242521984162824,2.027969236074363,0.21455274808846125
644,0.7762729842664969,0.5096302349791786,0.26664274928731835
645,0.5460755382794849,0.5249804435255003,0.021095094753984522
646,1.8350026061220124,1.849347943186518,-0.014345337064505692
647,0.31623024536977906,0.0001530013429334878,0.31607724402684556
648,2.056108173185842,1.895478935370525,0.16062923781531713
649,0.35679042635374175,0.5036806913488888,-0.14689026499514707
650,1.1268714973255363,0.9228049939122404,0.2040665034132959
651,1.179570271435127,0.9636370015444813,0.21593326989064576
652,1.6025092755648516,1.6751844977382904,-0.0726752221734388
653,0.340997376501552,0.1828350926887155,0.15816228381283648
654,1.3048961632045561,0.9685143459719989,0.3363818172325572
655,1.0852828536643568,0.8331335007026783,0.2521493529616785
656,2.03543948529522,1.622021128248599,0.4134183570466208
657,2.0063612847746013,1.9292623235683182,0.07709896120628312
658,0.04195551994980491,-0.0420193683080091,0.08397488825781402
659,1.3668443593481978,1.00345895135119,0.3633854079970078
660,1.2362336882446658,1.1712663229792004,0.06496736526546543
661,-0.13856546447692045,-0.4671840407069151,0.3286185762299947
662,0.4467278470285339,0.2375378290223848,0.20919001800614911
663,1.115764524167619,0.918367158018744,0.19739736614887504
664,0.8624437990908795,0.9119152074386452,-0.049471408347765644
665,1.7807554087330004,1.7089183311637632,0.07183707756923718
666,2.465408682732392,2.1822585469178613,0.28315013581453075
667,1.5788163295676818,1.40055305714306,0.1782632724246218
668,0.9869119111316561,1.055735688645406,-0.0688237775137498
669,-0.43142077744272744,-0.5204275788549686,0.08900680141224115
670,1.748541424860665,1.5578049246215024,0.19073650023916255
671,1.6487291616886373,1.7184947611852504,-0.0697655994966131
672,0.2979451009731749,0.09273399107592906,0.20521110989724584
673,0.9936100966610603,0.9484535062701465,0.0451565903909138
674,1.103427215144406,0.9976318102644656,0.10579540487994044
675,1.8929596050015285,1.7317277438963445,0.16123186110518395
676,1.1309833976396462,0.8415425610164332,0.28944083662321296
677,0.6829363672053144,0.8234479840213756,-0.14051161681606128
678,1.7771655320523276,1.5708507301731247,0.20631480187920292
679,1.4235211399960677,1.283979765782136,0.13954137421393176
680,1.699125113631314,1.3490486719962678,0.35007644163504614
681,1.1829559034179458,1.038086884829426,0.14486901858851975
682,1.0784478269144624,1.206393923541315,-0.12794609662685263
683,2.971256386997985,2.749883808624397,0.22137257837358826
684,1.8094469620261273,1.5056444806796574,0.3038024813464699
685,2.1732801085881057,2.1125613137765864,0.06071879481151932
686,1.2656458582073227,1.0144391061854265,0.25120675202189613
687,2.289115396552977,2.3066535847271483,-0.01753818817417141
688,1.7319029503859997,1.5346989665073396,0.19720398387866012
689,0.777135115384961,0.5860982988761306,0.19103681650883042
690,0.3483170208554462,0.20351398271560914,0.14480303813983705
691,0.1673812874295517,0.08584304844558613,0.08153823898396556
692,1.6511388585514502,1.445653423991831,0.2054854345596191
693,-0.11663524509657093,-0.3903348218354173,0.2736995767388464
694,1.6258192243179965,1.329696134618526,0.29612308969947043
695,1.0328582619862872,0.9126651362038452,0.12019312578244201
696,0.666615729146837,0.5858242502263149,0.08079147892052208
697,2.6146482550391603,2.362760186893902,0.25188806814525844
698,1.7232671715633425,1.6385796537079305,0.08468751785541206
699,1.6779536530319348,1.6394645505938044,0.03848910243813042
700,0.8620500427637959,0.5713524702941809,0.29069757246961503
701,2.275529553864794,2.0735058791523997,0.20202367471239446
702,1.411776186015799,1.3528791133603473,0.05889707265545163
703,-0.2830045102364585,-0.38911914908038464,0.10611463884392613
704,0.5274078239468192,0.37691895601886666,0.15048886792795252
705,1.423460557874643,1.2723459356650193,0.1511146222096238
706,1.3566238210594697,1.0793527248489085,0.2772710962105611
707,0.017454299441137827,-0.16273747626220775,0.18019177570334557
708,0.6111929330865922,0.5076318377530943,0.10356109533349789
709,2.2358705082628303,2.0711078678228225,0.16476264044000777
710,0.8944348872650352,0.9123056262731826,-0.017870739008147396
711,0.1655567744085323,0.12388956298812531,0.041667211420407
712,2.767722610595124,2.5554282664488635,0.21229434414626036
713,1.3659989396230103,0.9925475112338871,0.37345142838912326
714,1.0574409226680377,0.9904504712179965,0.06699045145004123
715,0.29750046804994534,0.049938716613118536,0.2475617514368268
716,1.3298215331388648,1.1313612762168181,0.1984602569220466
717,0.0403148273628108,-0.363263150530298,0.4035779778931088
718,1.1624022272280805,1.0268458288557964,0.13555639837228406
719,0.29220350684671426,0.28803961892065416,0.004163887926060095
720,1.8866073972731923,1.777864869284996,0.10874252798819617
721,1.1392404567323398,1.0068386751825817,0.132401781549758
722,1.77783587013528,1.582561031719658,0.1952748384156222
723,1.2067904457406489,1.0665737155334885,0.1402167302071604
724,1.2889045886554888,1.0845470626949,0.20435752596058876
725,1.690656476042062,1.5974418702486413,0.09321460579342067
726,2.2563021992611727,2.2050575541451325,0.05124464511604021
727,0.6187813709763903,0.30849372402648356,0.31028764694990674
728,0.39693880612051385,0.11067908659925371,0.28625971952126017
729,0.87160965336004,0.8449581513949566,0.02665150196508348
730,1.033386732626196,0.7643098068531194,0.2690769257730766
731,0.3852875502615049,0.20837017632039248,0.17691737394111243
732,0.6883276268711858,0.604651438782431,0.08367618808875477
733,1.2307173144911765,1.0761893335996635,0.15452798089151298
734,1.0692925361684997,0.9061998915180804,0.16309264465041928
735,1.5349841224073322,1.358539955094815,0.17644416731251722
736,0.0963879127373289,0.01480196193533775,0.08158595080199114
737,0.8918632321943097,0.7277715206397488,0.16409171155456093
738,1.0690371274258397,0.81842942687264,0.2506077005531997
739,1.7317531959837016,1.6818724554761963,0.04988074050750524
740,1.346116299541175,1.0799544927975997,0.26616180674357537
741,1.6295779581580263,1.400010472226738,0.2295674859312884
742,0.6677173553524003,0.42923588791528744,0.23848146743711285
743,0.32460975848729473,0.20230408381532,0.12230567467197473
744,1.224935865063615,1.0271757339911654,0.19776013107244972
745,1.9827153244387798,1.8661444828967981,0.11657084154198172
746,0.33243233011255974,0.08759397710586973,0.24483835300669
747,0.8915902456683263,0.9399426025346715,-0.0483523568663452
748,1.1914971957792442,1.038758316818036,0.15273887896120808
749,1.758665182842237,1.4369627761040764,0.32170240673816064
750,1.9324177079130502,2.002100951564759,-0.06968324365170875
751,0.9737189629786772,0.7812308348628094,0.1924881281158678
752,1.9535451376293635,1.6955799767756863,0.25796516085367727
753,1.2474520408735605,1.088596161154745,0.15885587971881554
754,0.8151783999693996,0.6788968337398669,0.1362815662295327
755,0.8232931539829715,0.6119013678488227,0.21139178613414888
756,1.6078118321661083,1.4773170152624726,0.13049481690363574
757,1.5296101389947947,1.535528522635505,-0.005918383640710401
758,-0.19090048525181408,-0.37694071829257014,0.18604023304075606
759,1.7464342987904715,1.6822212308824869,0.06421306790798464
760,-0.19757112960902246,-0.1520952407801228,-0.04547588882889966
761,0.5265558969164305,0.532323335954171,-0.005767439037740574
762,0.6451050696830436,0.48589718377872737,0.15920788590431623
763,-0.5181148103136562,-0.5921063626154036,0.07399155230174737
764,1.116065970811634,1.0461427642667176,0.06992320654491646
765,2.5646326467366105,2.5321510055285383,0.032481641208072176
766,1.3029951409215395,0.9159107797655651,0.38708436115597433
767,1.488460723187371,1.450817942520749,0.03764278066662197
768,1.4894389531081131,1.43588482950256,0.05355412360555323
769,1.7964677306232066,1.7616322041646708,0.034835526458535826
770,1.0680494666920082,0.9926843925650997,0.07536507412690852
771,1.3989570029051437,1.35921726476521,0.03973973813993359
772,0.2019093848676126,0.05911231751869377,0.1427970673489188
773,1.5836047340468746,1.4094202025177924,0.1741845315290822
774,0.7521999530428553,0.5677729197895957,0.1844270332532596
775,1.4368696465542858,1.2778972349744488,0.158972411579837
776,1.340839730638496,1.0447845402633957,0.2960551903751003
777,0.7291572023781515,0.39510247222085754,0.334054730157294
778,0.5776376181562973,0.6107041748741903,-0.033066556717892936
779,1.6953996448277309,1.4435524872406604,0.25184715758707044
780,0.8478091692084363,0.6975066307576414,0.1503025384507949
781,2.2684508716921115,2.246821457162775,0.021629414529336533
782,-0.03624467774471044,-0.17288741876355576,0.13664274101884533
783,0.6846080377444856,0.3745945194651197,0.31001351827936596
784,0.25913727768077455,0.12212509986071494,0.1370121778200596
785,0.8566705226034654,0.6858485804684202,0.1708219421350452
786,2.1491017544194544,1.8432659574227543,0.30583579699670005
787,1.0433264405872704,0.8363452308670198,0.20698120972025058
788,1.5877794445623623,1.3640031226417577,0.2237763219206046
789,0.24204840266960354,-0.08790241554781682,0.32995081821742034
790,0.1314022634027936,0.14299419292040128,-0.01159192951760768
791,0.6061995142862245,0.46122748973629546,0.14497202454992908
792,0.71138387957855,0.5270527412097642,0.18433113836878579
793,0.7941727409281332,0.6356578894227254,0.15851485150540778
794,0.8977268680070714,0.803515337537778,0.09421153046929331
795,-0.29209595744396005,-0.3016681015129625,0.009572144069002475
796,-0.2632521135592984,-0.515865143032739,0.2526130294734406
797,1.3647310005963902,1.4269917016533207,-0.06226070105693049
798,0.1887575491312722,0.02848401624110715,0.16027353289016505
799,1.6390832351685782,1.5248219354181625,0.11426129975041577
800,1.3374430938482438,1.158267214757957,0.17917587909028687
801,1.4165130668488135,1.2015006650153401,0.21501240183347337
802,0.46726967446668827,0.3036578625994586,0.16361181186722967
803,0.1330743179647662,0.016837498682281366,0.11623681928248485
804,1.2855488864101934,1.1648787209222329,0.1206701654879605
805,2.158052349107266,1.797453997703882,0.3605983514033839
806,1.2265906757686167,1.2979046432397616,-0.07131396747114493
807,1.322822908524358,0.9788037987249594,0.34401910979939854
808,-0.11340056929009486,-0.21742895643752386,0.104028387147429
809,1.4151535312773351,1.3468921322877287,0.06826139898960637
810,0.00022252645954555834,-0.3281814379833722,0.32840396444291775
811,2.375171832746228,1.975476244719281,0.3996955880269468
812,-0.22789133300025347,-0.21490644365050315,-0.012984889349750312
813,2.320925910753961,2.0107696925456233,0.3101562182083377
814,2.010343652188345,1.9531432925170358,0.0572003596713091
815,2.271879230832891,2.1499240206985086,0.12195521013438215
816,0.7767703519414869,0.7583947711393191,0.018375580802167835
817,1.5836826377302022,1.2807501528154903,0.3029324849147119
818,1.4347347100662446,1.268579703072208,0.16615500699403674
819,0.8959916070250892,0.8471574100924569,0.048834196932632246
820,2.4571075818519077,2.212993518512578,0.2441140633393295
821,0.5180038232403446,0.35470171001251866,0.1633021132278259
822,0.9807820556787031,0.9779569230680687,0.00282513261063444
823,1.1215651880015964,1.093816807787596,0.02774838021400039
824,3.0154112560651676,2.6789938989018425,0.3364173571633251
825,2.162255328659004,1.9371202866739703,0.22513504198503376
826,1.2589188894569425,1.172556194898447,0.08636269455849543
827,0.7832703516039135,0.7985123295484263,-0.015241977944512874
828,1.8194852195931204,1.5966531235035066,0.22283209608961374
829,0.6016572161716213,0.47860485918613277,0.1230523569854885
830,0.8313831044683733,0.5606148251910845,0.27076827927728875
831,1.9368112934038222,1.5664429395844788,0.3703683538193434
832,1.9079992139532318,1.7806115226099322,0.12738769134329964
833,1.0169023116717548,0.9117459718033258,0.10515633986842898
834,0.6648258890362775,0.3568650791714564,0.3079608098648211
835,1.913420560113974,1.6404623160034992,0.27295824411047476
836,1.9810710526846045,1.9407817938008232,0.04028925888378132
837,1.740129165934303,1.5103047565728271,0.22982440936147586
838,3.366530467622647,3.0927574546957564,0.2737730129268905
839,2.080045637780797,1.8398034427892673,0.24024219499152988
840,1.9234953744082248,1.669432046022974,0.2540633283852509
841,0.977377401616393,0.7537607674077204,0.22361663420867262
842,0.3467466840593194,0.08456625525696357,0.2621804288023558
843,1.5037586739700763,1.5575356822714226,-0.05377700830134624
844,1.78900994074224,1.6416590566968832,0.1473508840453568
845,3.111809158220838,2.8022867911514844,0.30952236706935343
846,2.5821688987355738,2.232997106266109,0.34917179246946484
847,1.0729496014075823,0.8530316918547474,0.21991790955283497
848,2.225813814945841,1.9348056130820754,0.29100820186376564
849,1.273214621692009,1.2211002569307745,0.052114364761234544
850,0.8559839668084539,0.7388925215704036,0.11709144523805026
851,0.8313539374243806,0.6615721127257655,0.16978182469861502
852,1.7197206904066429,1.4369753792197608,0.28274531118688206
853,2.6341404174035055,2.7349029198464954,-0.1007625024429899
854,0.5517269792889213,0.19447729102317537,0.357249688265746
855,0.9592822518862516,0.9722689132370697,-0.012986661350818052
856,0.8841438491411739,0.7163012027603415,0.16784264638083246
857,0.47008633812877854,0.44470440087472113,0.025381937254057407
858,0.9331069755373232,0.6943284443143192,0.23877853122300408
859,1.222802265706604,1.1874743436342894,0.03532792207231461
860,0.3983869828512327,0.16960389466951592,0.22878308818171678
861,1.1161940248200746,0.9108215004393223,0.20537252438075226
862,0.9222992206627846,0.7185028080860416,0.20379641257674297
863,0.7983112522511222,0.5480416718262824,0.2502695804248398
864,1.1302824215126772,1.0361955334255522,0.09408688808712506
865,1.6747063135947156,1.373418330095237,0.3012879834994786
866,1.3918263351668052,1.1633590771357791,0.22846725803102608
867,1.4149185476160127,1.333728514365588,0.08119003325042473
868,1.3354921623927851,1.4074028510420138,-0.07191068864922867
869,2.1131767150062277,1.821559214826671,0.2916175001795567
870,0.7054807126997411,0.618919544564788,0.08656116813495307
871,1.6746090925503179,1.5673312411431877,0.1072778514071302
872,1.2393261982651957,0.9407417105281187,0.298584487737077
873,0.977959444553656,1.0356548803363885,-0.05769543578273251
874,0.901890462817048,0.5624582510013556,0.3394322118156924
875,1.339418661898367,1.1155888894712642,0.22382977242710278
876,1.4428497393329305,1.2971248827841633,0.1457248565487672
877,2.542647377969438,2.3416726080132695,0.2009747699561686
878,1.366257981045519,1.1016052647116301,0.264652716333889
879,1.1740491664727677,0.9710916114907424,0.20295755498202528
880,1.9129241568288113,1.7345460931668606,0.17837806366195075
881,1.1055125872412745,0.8217921443977798,0.28372044284349474
882,0.20171088180576352,-0.08236484157130797,0.2840757233770715
883,0.6793085982357131,0.16487028356193895,0.5144383146737741
884,0.9272515405583944,0.5001548415316448,0.4270966990267496
885,1.1779781445059418,0.9462654646000854,0.23171267990585642
886,-0.4294770355186466,-0.46574771972373663,0.036270684205090054
887,1.5475864711693836,1.289354876870307,0.2582315942990767
888,2.321440903396559,2.1812026996435034,0.1402382037530554
889,0.7650431878038015,0.865064844852518,-0.10002165704871646
890,0.731492256657916,0.6730776264100882,0.05841463024782778
891,1.2078758788572834,1.0147932710138736,0.1930826078434098
892,1.1279108916151923,0.979873722706015,0.14803716890917729
893,0.9997141463937406,0.952957030436617,0.04675711595712362
894,0.9452618325427863,0.8613547238106157,0.08390710873217055
895,1.3133052135448262,1.1730272961051793,0.1402779174396469
896,-0.2279269954890548,-0.3687786669377923,0.14085167144873753
897,1.6183469789395333,1.428129848388608,0.19021713055092526
898,1.1001876760899933,0.8747742295271419,0.22541344656285145
899,1.8394288794465228,1.5760031776091856,0.26342570183733716
900,1.780240459364677,1.3642691007013898,0.41597135866328716
901,1.2782512958769803,1.1266273159113394,0.15162397996564092
902,1.0443248494592103,0.6464954132126726,0.39782943624653777
903,2.3203394380189994,2.1496342974228524,0.17070514059614705
904,2.2769247830437322,2.2138050058030925,0.06311977724063977
905,0.14050920560799907,-0.0008816202319603067,0.14139082583995938
906,1.7579641857356245,1.6660541520277095,0.09191003370791506
907,0.7377165990303812,0.6530381628610723,0.08467843616930892
908,0.4731783376655936,0.15633780343293016,0.31684053423266345
909,1.0965831311410486,0.725500074011358,0.3710830571296906
910,2.2226503022316355,2.178388191858288,0.044262110373347596
911,1.5954683849341085,1.1994827463876063,0.39598563854650215
912,1.122891320180706,0.8641400182920553,0.2587513018886507
913,1.4620850320146377,1.110984335780773,0.35110069623386475
914,0.0930004835231506,-0.06817102436500275,0.16117150788815335
915,1.478491441093476,1.3044097662412153,0.17408167485226067
916,1.2280557293342425,1.1133418054691435,0.11471392386509893
917,1.4853810155910498,1.2460485004173416,0.23933251517370824
918,-0.19300976550078594,-0.5737016549207887,0.38069188942000276
919,0.9238294260569014,0.7459972875172652,0.1778321385396362
920,0.7888905862136982,0.41439300457999345,0.3744975816337048
921,2.7872483005298463,2.533087411316094,0.25416088921375213
922,1.1368722197346608,1.1485263287924323,-0.011654109057771533
923,2.0629058387013495,2.042717667519471,0.020188171181878545
924,1.2386734368942467,1.0626535329343227,0.17601990395992395
925,1.3583625602857063,1.2312097325931006,0.12715282769260572
926,3.1115649137620416,2.8484617625519952,0.26310315121004635
927,-0.6616689982241044,-0.6801006185945504,0.01843162037044599
928,0.8331239319748422,0.6620071604095978,0.1711167715652444
929,0.26214895205522076,0.07173478380473604,0.19041416825048474
930,1.4183616029693908,1.3377523056913514,0.08060929727803945
931,1.2569314274614407,1.4401090197227921,-0.18317759226135144
932,1.1272662275275804,0.8595390349904114,0.26772719253716903
933,0.655425214055263,0.5318910114176857,0.1235342026375773
934,0.23893630815026445,-0.03839518848794257,0.277331496638207
935,0.892727786098725,0.5794631112509687,0.31326467484775633
936,1.1979702991844339,1.073408559911575,0.12456173927285885
937,2.179846556543218,1.970865635392522,0.2089809211506961
938,0.8932362488744239,0.8228962903243248,0.07033995855009911
939,0.41166512918732645,0.19988142811761875,0.2117837010697077
940,1.5668837348437064,1.4842541430406446,0.08262959180306173
941,1.1199044400905294,1.157289175052101,-0.037384734961571686
942,1.4195406285613117,1.2846887748543592,0.13485185370695252
943,0.8169739791219173,0.7038124913946937,0.11316148772722356
944,1.5678595911859423,1.3188226643167784,0.2490369268691639
945,1.0913056797964136,0.9861027612534902,0.10520291854292341
946,1.4378595900262543,0.9686965860928369,0.46916300393341737
947,1.5443090174225365,1.3583672040620884,0.18594181336044802
948,1.6170166486702995,1.2817626528129176,0.3352539958573819
949,2.383802588605504,2.1384336139961797,0.2453689746093244
950,1.2377147650790312,0.8619693802541617,0.3757453848248695
951,0.19683626978170277,-0.010441051409176241,0.207277321190879
952,-0.1729844336246927,-0.5431817183329835,0.3701972847082907
953,1.290123701181815,1.1428166119857617,0.1473070891960533
954,1.346726943223527,1.0879097903582797,0.2588171528652472
955,1.2474090116638696,1.246127516571118,0.00128149509275155
956,1.2789980081412649,1.1672784075463867,0.11171960059487818
957,0.18250886159215635,-0.0901229944613676,0.2726318560535239
958,1.135626380153043,1.0240938156202473,0.11153256453279581
959,1.2625246624399435,1.1107182915558855,0.15180637088405802
960,0.9564675609771512,0.5757064454736123,0.38076111550353897
961,-0.7289160528904831,-0.7148853615060681,-0.01403069138441504
962,0.9983028526950644,0.8002842624415939,0.19801859025347046
963,0.0809780567329003,0.027493786908674496,0.05348426982422581
964,0.3819034262656387,0.09669249763304438,0.28521092863259434
965,0.10352147107275526,0.15059184333408812,-0.04707037226133286
966,0.6878695068039858,0.36597588184112767,0.32189362496285817
967,0.894886011895506,0.8394267750497748,0.055459236845731175
968,1.1660602977326384,1.106745119868049,0.05931517786458951
969,2.076832095058305,1.7950210912174562,0.28181100384084856
970,1.72696606774359,1.6939564939112273,0.033009573832362804
971,1.139090333573305,0.7787572518013802,0.3603330817719247
972,1.2196427253669455,1.1494601295715998,0.07018259579534569
973,1.8018038982007818,1.7130915174238488,0.088712380776933
974,0.9411839592797261,0.9117981388328414,0.029385820446884647
975,0.2094185594967271,-0.07766620845457886,0.287084767951306
976,1.0487101907784335,0.7490250420355065,0.29968514874292707
977,1.099151873884239,0.9515600532523664,0.1475918206318726
978,2.6087674689993983,2.306416145257771,0.3023513237416271
979,1.553081730579239,1.3949706084098255,0.1581111221694136
980,0.864473545043395,0.7216367287370531,0.14283681630634193
981,1.6120927923888344,1.4130406586565298,0.19905213373230457
982,1.976502076261173,1.8633176121934079,0.11318446406776506
983,1.3111416305590538,1.0478767859689146,0.2632648445901391
984,1.7105563745856562,1.643956316656875,0.06660005792878132
985,0.1610486446907488,0.018118282630074083,0.14293036206067472
986,1.4572306704754523,1.2398555042072634,0.21737516626818887
987,0.8916064937803891,0.8358343977061987,0.055772096074190425
988,0.7755489562480823,0.49476976189919936,0.28077919434888293
989,-0.12388208241111856,-0.1284495510723735,0.004567468661254931
990,1.1830424864501374,0.9715578430521875,0.21148464339794992
991,1.2771110175736513,0.9945715459375157,0.2825394716361356
992,0.28638673956632227,0.1619925523063924,0.12439418725992987
993,0.9786013400912587,0.5907515782204711,0.38784976187078757
994,1.1966333995879468,0.9972426825996691,0.1993907169882777
995,1.1694796471622344,0.8464796602133212,0.3229999869489132
996,1.9502720311804018,1.5849180758364134,0.3653539553439884
997,1.6477498963960617,1.4043705979667513,0.2433792984293104
998,1.9778705358461155,1.7904407622590117,0.18742977358710378
999,1.4317530896950847,1.4693679117143645,-0.03761482201927979
1000,2.127606493380726,1.9048456313245232,0.22276086205620294
1001,1.6767303633358284,1.2196507051613015,0.4570796581745269
1002,1.5063325065129007,1.207751912361503,0.2985805941513977
1003,1.0563489536001651,0.8436538073670445,0.21269514623312058
1004,0.5122309616362372,0.27455061578332945,0.2376803458529077
1005,0.751270449647502,0.40730671354827086,0.34396373609923114
1006,0.7736210720798117,0.5992521244589255,0.17436894762088617
1007,0.3865913920343615,0.2462943007820096,0.1402970912523519
1008,1.0013363320953477,0.48816362532212654,0.5131727067732211
1009,-0.12336035041090321,-0.2503551379083978,0.1269947874974946
1010,0.6097697874654147,0.46487520286127026,0.1448945846041444
1011,0.4448488845408308,0.2469881414040837,0.19786074313674712
1012,1.585909158500859,1.3995818033019105,0.18632735519894839
1013,2.3116129516817074,2.1913895850100595,0.1202233666716479
1014,0.12143767875602435,-0.20351819277829394,0.32495587153431826
1015,1.3441052506211295,1.2472817994969752,0.09682345112415436
1016,1.199914303217273,1.0390711712938998,0.16084313192337318
1017,1.1007141665554792,0.9962196587234589,0.1044945078320203
1018,1.036069029530908,0.8788478855909806,0.15722114393992748
1019,0.9241080793612183,0.4676430320433858,0.4564650473178325
1020,0.9175300019742899,0.8494407071469285,0.06808929482736137
1021,2.233664071627643,2.0115090379730702,0.2221550336545728
1022,0.5618775139167362,0.4328173536902785,0.12906016022645772
1023,0.3915003217795573,0.06528848608057494,0.3262118356989824
1024,1.1952570278087307,1.086711846747214,0.10854518106151656
1025,0.5282294503365805,0.5495474692655716,-0.0213180189289911
1026,0.4009086769936753,0.2952985651395826,0.10561011185409269
1027,2.093087421824712,1.9293884180806995,0.1636990037440127
1028,1.4216122161038869,1.1553861311850402,0.2662260849188467
1029,0.33532615788806314,0.2882075267305734,0.04711863115748971
1030,1.3136885368292393,1.1086692888844207,0.20501924794481852
1031,1.1989318550710504,1.1185949329544986,0.08033692211655175
1032,-0.1390906038715044,-0.2235143499897411,0.08442374611823669
1033,0.9379257093088773,0.7700175672523546,0.1679081420565227
1034,1.0130715768499738,0.8270100783086499,0.18606149854132392
1035,0.6531959682944369,0.5993755823942137,0.0538203859002232
1036,1.7175308579609614,1.583924247601263,0.13360661035969845
1037,1.3438167182998684,1.299445151401978,0.04437156689789035
1038,2.40953051973398,2.1236495878415553,0.2858809318924247
1039,0.7919249901916621,0.5375692258280818,0.2543557643635803
1040,1.4909001672639839,1.2109573280383987,0.27994283922558516
1041,0.761307529432277,0.593967433416645,0.16734009601563193
1042,1.067156202349274,0.8840246601378127,0.18313154221146133
1043,1.5596343836579571,1.2803853460600934,0.2792490375978638
1044,0.31426508241854645,0.32421599468747303,-0.009950912268926582
1045,0.879762723117407,0.7311923376814796,0.14857038543592738
1046,0.782377178293864,0.5489856594427748,0.23339151885108922
1047,-0.07500620014411694,-0.07621965880858617,0.0012134586644692302
1048,0.6500164092452695,0.2624671598701962,0.3875492493750733
1049,1.981045877284195,2.1716533220156973,-0.19060744473150226
1050,1.4813464734604112,1.3615306752920937,0.11981579816831744
1051,0.4471381208397346,0.30992781113700024,0.13721030970273435
1052,1.0126710424776757,0.8754841836261298,0.1371868588515459
1053,1.1638648764352983,1.023844070026579,0.1400208064087194
1054,2.068579907199078,1.8015160589931998,0.26706384820587803
1055,1.795075858362505,1.5056524935882778,0.28942336477422725
1056,1.0054614982505805,0.8754392339341659,0.13002226431641462
1057,-0.03253385332786849,-0.178597658600254,0.14606380527238552
1058,0.6678228678237842,0.3968131726944752,0.271009695129309
1059,1.0186649277785982,0.8612551066915887,0.15740982108700952
1060,2.2516728128334225,2.0100025395955923,0.2416702732378302
1061,0.9466635812604427,0.692360810670072,0.25430277059037065
1062,0.8393323701135109,0.6313731504088929,0.20795921970461806
1063,0.5936428858653817,0.4073114951025752,0.18633139076280653
1064,0.9105004767606085,0.8031312578197485,0.10736921894086005
1065,1.9014199742349998,1.6052025659329434,0.29621740830205634
1066,1.0099309513067183,0.7313510807540505,0.27857987055266775
1067,2.520074670925706,2.327430881626263,0.1926437892994426
1068,2.778838521097805,2.486531049927341,0.29230747117046363
1069,1.1109420365061655,0.8969663706722721,0.21397566583389338
1070,0.8415077278981832,0.8616356934716781,-0.020127965573494944
1071,1.6704994176503436,1.2574414389423905,0.41305797870795313
1072,2.3445417637604913,2.253333349986671,0.0912084137738205
1073,1.900867492616356,1.7041569704911446,0.19671052212521145
1074,1.0766866042178114,0.7875365353378645,0.2891500688799469
1075,3.0979663417987924,2.9474666674566192,0.15049967434217315
1076,1.7922573149475751,1.4260970966292057,0.3661602183183694
1077,-0.18189337492980878,-0.3902182095111511,0.20832483458134232
1078,0.9893632399392668,0.8183127182074446,0.17105052173182222
1079,0.9140030676935721,0.8204008306188745,0.09360223707469761
1080,1.1496284287214231,1.151924171733584,-0.0022957430121608446
1081,0.24461558641086067,0.04372969216462992,0.20088589424623077
1082,0.48177178635758944,0.27627985196841087,0.20549193438917857
1083,0.7446074374234716,0.5925212244087451,0.15208621301472647
1084,1.456588260932187,1.176229406122817,0.28035885480937006
1085,1.9999873751315136,1.8262704194646735,0.1737169556668401
1086,1.2467488440914236,1.2829332478323017,-0.03618440374087806
1087,3.343445317359665,3.2924029828346835,0.05104233452498175
1088,0.9188949500115424,0.7379314935759768,0.18096345643556566
1089,0.9898142521293926,0.5573156645565964,0.43249858757279613
1090,1.3471077099135256,1.1485656732254053,0.19854203668812032
1091,1.0020976063222125,0.8145970962764981,0.18750051004571433
1092,1.7405975202756054,1.6002155316138824,0.14038198866172302
1093,2.3651225869480497,2.1742854406100824,0.19083714633796722
1094,1.3579118839846414,1.1319303398217946,0.22598154416284677
1095,0.6463440976567993,0.3983925942322486,0.24795150342455075
1096,0.9810249934421202,0.8364404693182422,0.144584524123878
1097,1.9178540340071784,1.567984087757907,0.34986994624927137
1098,0.42549615770444804,0.29578516365679847,0.12971099404764957
1099,1.2124415353815623,1.015365149601322,0.19707638578024023
1100,1.8229811610791078,1.723362386968403,0.09961877411070486
1101,0.5992461397842119,0.34621572544599094,0.253030414338221
1102,1.832411744307332,1.898634666276029,-0.06622292196869695
1103,1.0541680946259502,0.8371995598790183,0.2169685347469319
1104,0.7885161276056519,0.7236066961747083,0.06490943143094363
1105,-0.38642167387326076,-0.56623143734185,0.17980976346858923
1106,1.1925180958313402,0.9643877244944787,0.22813037133686143
1107,1.0740392624376716,0.9510573298286857,0.12298193260898582
1108,0.5522718581097394,0.4292679647854112,0.12300389332432826
1109,1.9838383773589234,1.8883705275706486,0.09546784978827483
1110,2.220323866015055,2.1906637337640857,0.029660132250969085
1111,0.9519155209772978,0.7952704281422646,0.15664509283503325
1112,1.7206451212734377,1.4556145339034394,0.2650305873699983
1113,1.7737492673747417,1.502203430994458,0.2715458363802836
1114,2.810902790487876,2.870155582694291,-0.059252792206414995
1115,1.7116918244375918,1.4479033987930923,0.26378842564449956
1116,0.8768923429447523,0.8340123161442237,0.0428800268005286
1117,0.4705524318598241,0.3473409975705957,0.12321143428922837
1118,1.1623013645430955,1.071430332649299,0.09087103189379642
1119,1.4223409507469027,1.280633831428829,0.14170711931807367
1120,0.7262991740988697,0.5039732977751988,0.22232587632367085
1121,1.0124900693605579,0.4335013525701015,0.5789887167904564
1122,2.241022015709825,2.0510205065201386,0.1900015091896865
1123,0.9492107166832895,0.8028087647068874,0.14640195197640204
1124,-0.15024514248585497,-0.3502512398656047,0.20000609737974973
1125,1.1411912578912131,0.870998267419976,0.2701929904712371
1126,1.8724285770783562,1.7505322750074594,0.12189630207089674
1127,1.6392734659959924,1.646963958339272,-0.007690492343279454
1128,0.8842799242407956,0.7373442733091312,0.14693565093166439
1129,2.2361874086109403,1.8435129720075467,0.39267443660339363
1130,1.0666283011908309,0.8912996335960249,0.17532866759480592
1131,2.0175804538788107,1.6477568719635052,0.3698235819153055
1132,0.5652775318222819,0.4722402288887868,0.0930373029334951
1133,0.2859631204287958,0.07189871195329199,0.2140644084755038
1134,1.3250472088151515,0.9645287988569488,0.3605184099582027
1135,2.280962473006308,2.0228614746423648,0.2581009983639433
1136,1.0506134176733557,0.8978560303513858,0.15275738732196986
1137,1.2156965927605865,0.8055556186519686,0.41014097410861794
1138,1.829034793406264,1.628164070396361,0.20087072300990316
1139,-0.046679415137679654,-0.28699396571622854,0.2403145505785489
1140,-0.20352089750391478,-0.37874560611181685,0.17522470860790207
1141,0.8267765257755832,0.766551114447426,0.060225411328157286
1142,0.1880082229691872,0.013945818474274169,0.17406240449491303
1143,2.382861220814592,2.1468462432054936,0.2360149776090985
1144,0.5314194319426794,0.2689585379323354,0.262460894010344
1145,1.564581231095709,1.41410190154075,0.1504793295549589
1146,0.9585104401288491,0.8851661018225326,0.07334433830631648
1147,1.1401021403919533,0.8070005751310871,0.3331015652608662
1148,0.8493204734035651,0.7365684739636644,0.11275199943990066
1149,0.16752663231047538,-0.02261116626090149,0.19013779857137686
1150,0.8598107417584118,0.5946746198115811,0.26513612194683067
1151,1.231635038798483,1.1460232716731378,0.08561176712534513
1152,0.2932333331396769,0.22954360464961915,0.06368972849005777
1153,1.313478503520269,1.223487203101105,0.08999130041916392
1154,1.5657402354048198,1.3959329680527595,0.1698072673520603
1155,1.3359876540289535,1.152998197428235,0.18298945660071841
1156,0.04627032413515725,-0.2759392520233444,0.32220957615850165
1157,1.3181987949379927,1.15097996899353,0.1672188259444627
1158,1.8935236353717115,1.7492680693961242,0.1442555659755873
1159,0.3732283473681707,0.31824286708429356,0.05498548028387712
1160,0.4385448782877186,0.3221748177811905,0.1163700605065281
1161,0.4176880771824883,0.3796776419753512,0.038010435207137094
1162,1.5716625671796514,1.3213324762751784,0.250330090904473
1163,0.5966049728877981,0.4855172161689299,0.11108775671886822
1164,0.9740030095085984,0.7890768630664882,0.18492614644211025
1165,2.0210418772953216,1.7944648947422077,0.22657698255311387
1166,0.8093819192356241,0.7697646135959874,0.039617305639636724
1167,0.03444102413803693,0.04572551112805372,-0.011284486990016787
1168,0.8227825029475689,0.7324144344292798,0.09036806851828916
1169,0.6613812436898622,0.4718217890494131,0.1895594546404491
1170,0.7097909425075434,0.6070100876243972,0.10278085488314614
1171,0.3945674029856474,0.14778776988879772,0.2467796330968497
1172,0.15997896360759922,0.12607780782917674,0.03390115577842248
1173,1.6089193311148868,1.5692818458950235,0.03963748521986332
1174,1.4028955877128089,1.1819633124809026,0.22093227523190628
1175,0.7288975529695614,0.751235554565536,-0.022338001595974655
1176,2.172173835389966,1.896289466849652,0.27588436854031406
1177,2.3513440572856306,2.3517951958200234,-0.00045113853439282536
1178,1.416705298844365,1.1507499851334726,0.2659553137108923
1179,1.3473873923335131,1.3227217207103976,0.024665671623115504
1180,2.5316449867511284,2.224522638891477,0.3071223478596514
1181,0.7446153924612943,0.7651858559984251,-0.02057046353713088
1182,1.9809720124478993,1.87015984095707,0.11081217149082923
1183,2.236173715155815,2.0512102212780325,0.18496349387778244
1184,0.2778637696119235,0.148222987855618,0.1296407817563055
1185,1.061092796135287,1.0679162994523446,-0.006823503317057611
1186,-0.5730834890366621,-0.6592731083390365,0.08618961930237445
1187,1.1991584171127412,1.1419063526406064,0.05725206447213482
1188,1.8093065931805543,1.6248548825016622,0.1844517106788921
1189,0.4670966111772617,0.3954093884889264,0.07168722268833527
1190,0.7476713823543774,0.5456693053818146,0.20200207697256278
1191,1.4820065182155602,1.1649445819636899,0.3170619362518703
1192,2.9323110181914305,2.8018955854987535,0.13041543269267697
1193,0.2491244095956692,-0.04865495535526313,0.2977793649509323
1194,1.8568980483514632,1.7212059098653303,0.13569213848613293
1195,0.5225155332794883,0.39006777282217037,0.13244776045731793
1196,1.8999770386800572,1.7124194813224483,0.18755755735760893
1197,0.584146600129285,0.3414085447471875,0.24273805538209747
1198,0.5522186294491802,0.36814341956095753,0.18407520988822268
1199,2.193968428339332,2.231636035817064,-0.03766760747773201
1200,-0.07587730032252545,0.10455934018240609,-0.18043664050493152
1201,-0.07340006581813384,-0.14720575275517894,0.0738056869370451
1202,0.08730822556075152,0.08251584103197157,0.004792384528779947
1203,-0.12607146712587744,-0.11743677786068843,-0.00863468926518901
1204,1.1133802068451275,0.853095830271835,0.2602843765732925
1205,0.9818670333285006,1.024350617000153,-0.0424835836716525
1206,1.2576302158840769,1.0010180086360283,0.25661220724804856
1207,0.9143117883347854,0.9420152079744889,-0.027703419639703464
1208,1.4861820411894688,1.3942599071010482,0.09192213408842065
1209,0.6311045407740802,0.5983182619583456,0.03278627881573459
1210,1.282017178201812,1.221988544009501,0.06002863419231086
1211,2.2055175425174807,2.2387751383866346,-0.03325759586915389
1212,0.4639685581375982,0.24842318025091484,0.21554537788668335
1213,0.9116297013669236,0.7391429462118057,0.1724867551551179
1214,-0.5400919107858143,-0.5745500126232241,0.03445810183740983
1215,0.4881825801273156,0.32079175931157705,0.16739082081573853
1216,1.8210331983232633,1.508744442842137,0.3122887554811262
1217,1.171455850738832,1.0299923497637185,0.1414635009751135
1218,1.2485667465620172,0.9304348273236746,0.3181319192383426
1219,1.686524588492907,1.6518963197847705,0.03462826870813651
1220,1.6093311798772731,1.5824527402623307,0.026878439614942407
1221,0.7009382177659624,0.5951702066886115,0.1057680110773509
1222,0.5407878496631028,0.37971372368156936,0.16107412598153342
1223,2.9901642003842395,3.024661829595669,-0.034497629211429626
1224,0.7144358995492036,0.32640997465047705,0.38802592489872656
1225,1.4412749882624525,1.116069525289302,0.32520546297315045
1226,1.861675116464344,1.6609436090841279,0.20073150738021606
1227,2.6889341651213474,2.5298228759161976,0.15911128920514983
1228,1.1686734898153595,0.6781864967236098,0.4904869930917497
1229,0.35722181670224046,0.23384274105402258,0.12337907564821787
1230,2.5722451175855827,2.4229937132777453,0.14925140430783745
1231,0.7536655846736106,0.4055685499471966,0.34809703472641396
1232,0.6711621177363192,0.4711434480342521,0.20001866970206705
1233,1.1568987918157296,1.223873878737435,-0.0669750869217054
1234,0.22227626536362696,0.0514694854326562,0.17080677993097076
1235,0.4041427671589812,0.13064696886031063,0.27349579829867054
1236,0.9074189189619511,0.6425239740933048,0.2648949448686464
1237,1.5091006819123218,1.257263368908261,0.25183731300406076
1238,0.8205824432097981,0.5061861454438225,0.31439629776597566
1239,1.228296601160934,1.080746834555864,0.14754976660507002
1240,2.1040130735511653,1.7446572549987516,0.3593558185524137
1241,0.6785943963866718,0.5098965686301954,0.16869782775647646
1242,1.3209213175056023,1.191971062917298,0.12895025458830434
1243,0.8154182394555105,0.4888741997857298,0.3265440396697807
1244,0.31557027601033044,-0.04264241855345418,0.35821269456378463
1245,0.10320157960576698,-0.13658381458030458,0.23978539418607156
1246,0.4914464024183257,0.33861343011082884,0.15283297230749687
1247,0.7627457218485681,0.43093659212443175,0.3318091297241364
1248,1.4628221618558954,1.1359513730686939,0.32687078878720155
1249,2.00387357102827,1.9792833205840485,0.024590250444221473
1250,0.7791853147218234,0.7046645084012801,0.07452080632054325
1251,0.7596987326216,0.6262530499467195,0.13344568267488055
1252,0.8343979640926097,0.6264493320526104,0.20794863203999925
1253,1.0297547860367844,0.9328800095507143,0.09687477648607012
1254,2.568760022507147,2.247820419114653,0.32093960339249383
1255,2.46967831715507,2.560878912316153,-0.09120059516108325
1256,-0.3237859026288553,-0.3629529054952907,0.039167002866435374
1257,0.5766887410268682,0.3463156243591001,0.23037311666776805
1258,1.6737056607224736,1.359230116689431,0.3144755440330427
1259,1.3887296546417194,1.2922687125433783,0.09646094209834111
1260,0.5586387244539527,0.42618655983743464,0.13245216461651804
1261,1.7021653698238741,1.5866019279150294,0.11556344190884471
1262,1.3114689535976887,1.121531497946248,0.1899374556514406
1263,2.1180078872828467,1.985965516267739,0.13204237101510774
1264,1.090289094986384,0.9011108208433267,0.1891782741430572
1265,1.642540051554737,1.4000533041042784,0.24248674745045862
1266,0.6864285686729126,0.4295508270360262,0.25687774163688637
1267,2.567857320732485,2.426208876155635,0.14164844457685
1268,-0.06916180319609143,-0.2878068206288171,0.21864501743272563
1269,0.23300959996689585,-0.08273328646741342,0.31574288643430926
1270,1.29251183004082,1.0839180567704056,0.2085937732704144
1271,2.1384408784053575,1.7423277152692538,0.3961131631361037
1272,2.3503314063722414,2.2185412030142504,0.13179020335799096
1273,0.685984242178001,0.5514467950350088,0.1345374471429922
1274,1.284381844407641,1.0513203717551054,0.23306147265253552
1275,1.460079189793831,1.176263366336517,0.28381582345731404
1276,1.180723386600218,0.9597007699989833,0.22102261660123468
1277,1.1847275662679926,1.247561665026326,-0.06283409875833335
1278,0.37910827248747614,0.0593424838706321,0.319765788616844
1279,0.42758587192750863,0.11942192653027409,0.3081639453972346
1280,0.13703350123444064,-0.0038659752082965625,0.1408994764427372
1281,1.337821910221019,1.1639424995625263,0.17387941065849266
1282,0.7434648632581858,0.5831892152437251,0.1602756480144607
1283,2.4392246239922746,2.2665751850767,0.17264943891557438
1284,1.1580410658377176,0.8387293216000034,0.31931174423771425
1285,0.9261431041276345,0.7016259046002089,0.22451719952742555
1286,0.7983585730206787,0.3534314634872839,0.4449271095333948
1287,1.098685498650538,0.8962164826935995,0.20246901595693856
1288,0.5775189419337744,0.3849012997537551,0.1926176421800193
1289,1.2169381077744246,1.0687321345283725,0.14820597324605211
1290,2.1368282393326177,1.907253085748241,0.22957515358437663
1291,2.940443676842642,2.789188696109072,0.15125498073357013
1292,1.5094157279939542,1.3373291558039977,0.1720865721899565
1293,1.073697549120722,0.9237238829390249,0.14997366618169705
1294,1.7134493321044664,1.4917362474815026,0.2217130846229638
1295,1.323475840271584,1.283253055261111,0.04022278501047305
1296,1.4417531669309853,1.1462662876594358,0.2954868792715495
1297,1.9199732796551865,1.6623187647092292,0.25765451494595726
1298,0.9787683006519946,0.8601143404410051,0.1186539602109895
1299,1.1532335505912104,0.8837893937211899,0.26944415687002043
1300,1.2416653356162473,1.0802098855570343,0.1614554500592129
1301,2.776972653340813,2.639833326011193,0.13713932732961975
1302,0.29018170150685185,-0.10609363330697387,0.3962753348138257
1303,1.5676377662485315,1.2884776809325442,0.27916008531598724
1304,1.726734050742549,1.4976784040170816,0.2290556467254674
1305,0.22095341309445468,0.00811665579547628,0.2128367572989784
1306,2.1929312138292754,2.0858502834816415,0.10708093034763388
1307,0.8751975230352846,0.459249545943446,0.4159479770918386
1308,1.5113183823666325,1.2071968420162862,0.30412154035034633
1309,1.0251179163866821,0.9152846861919176,0.10983323019476454
1310,0.7207988496149722,0.48889179666994553,0.23190705294502667
1311,1.9341929172993912,2.0179400782011077,-0.08374716090171641
1312,2.078744680829382,1.993750677079656,0.0849940037497261
1313,1.176545785323177,1.1693013323075656,0.007244453015611496
1314,1.005992102918553,0.8840881469088405,0.12190395600971249
1315,1.0510014391049385,0.7175584159386527,0.3334430231662858
1316,1.1838852496907724,1.0618872486931141,0.12199800099765823
1317,1.0349195175596038,1.0241654846940826,0.010754032865521124
1318,1.1345729659130621,0.9578724980099128,0.1767004679031493
1319,0.35088368821386756,0.15970158677510402,0.19118210143876355
1320,1.2394481089314175,1.0412959842935878,0.19815212463782972
1321,1.4001732084110878,1.0969160222681278,0.30325718614296004
1322,1.7277557717705523,1.430960925251098,0.2967948465194543
1323,0.9685930429827352,0.978176191017319,-0.009583148034583822
1324,1.4229199670216528,1.15982338268261,0.2630965843390427
1325,2.427531006620519,2.345320943684371,0.08221006293614774
1326,1.4823451989088505,1.362312572185901,0.12003262672294945
1327,0.263714979589741,-0.009048607354210453,0.2727635869439514
1328,1.2972659551347259,1.057970714053217,0.2392952410815088
1329,1.7887477706661543,1.4863468731327338,0.3024008975334205
1330,1.1914042645390377,0.9438853809189551,0.24751888362008256
1331,1.5206496466503105,1.0626660804599124,0.45798356619039815
1332,0.3415438246317858,0.1511960614681394,0.19034776316364638
1333,-0.013878423651256697,-0.20637994175268853,0.19250151810143185
1334,1.259451122475781,1.2151629861209174,0.044288136354863505
1335,1.6168952522627622,1.4314960546920439,0.18539919757071832
1336,1.8770360679926692,1.8561200353663057,0.020916032626363545
1337,1.9745551988682104,1.6260522884782374,0.34850291038997305
1338,2.2954579751995197,2.216262333611449,0.07919564158807058
1339,1.6617471605622653,1.587381759465769,0.07436540109649625
1340,2.2146754593622036,1.9887634629582112,0.2259119964039924
1341,0.981359354684697,0.8418707552424162,0.13948859944228087
1342,1.6035367344923814,1.4994521782803423,0.10408455621203916
1343,2.5415157981609693,2.2750959838618714,0.2664198142990979
1344,1.6777685604377854,1.598583577152738,0.07918498328504753
1345,1.74120055487385,1.5635543911675647,0.1776461637062854
1346,2.5486624405361127,2.2985447297346258,0.2501177108014869
1347,1.1434274467383776,1.061265371399924,0.08216207533845354
1348,0.3635652189863249,0.20265215307604037,0.1609130659102845
1349,1.4156544210989217,1.4098608343407892,0.005793586758132463
1350,1.845209078766994,1.5339231127992716,0.3112859659677223
1351,0.700936325875079,0.4239470193225585,0.2769893065525205
1352,-0.10809339844919584,-0.20116448144957225,0.0930710830003764
1353,-0.11739081347479731,-0.22849558639753823,0.11110477292274092
1354,2.2595391094266777,2.2597208178902575,-0.00018170846357978832
1355,0.9483309612971732,0.7349246930870666,0.21340626821010655
1356,0.5018334295794009,0.5236486149347412,-0.021815185355340327
1357,0.5358136297715126,0.4456426539283986,0.09017097584311401
1358,0.9847420340947982,0.7958543616141223,0.18888767248067595
1359,1.5834484750997146,1.1058813185579504,0.4775671565417643
1360,0.8775830438333265,0.579125000710009,0.2984580431233175
1361,0.6729641845241198,0.3986447316834777,0.2743194528406421
1362,1.4023243478723215,1.0901896878746262,0.3121346599976953
1363,1.970146524461694,1.7394168916195798,0.23072963284211423
1364,1.4822625319027158,1.4276368011732683,0.05462573072944754
1365,0.5876698081780506,0.5827632732860545,0.004906534891996106
1366,0.9709681822491293,0.784597219699629,0.18637096254950025
1367,1.8194227139956256,1.5488358445428614,0.2705868694527642
1368,0.6268616357382337,0.5991927807878416,0.027668854950392174
1369,0.8442574495537293,0.547153516851939,0.29710393270179025
1370,1.8583346109679049,1.446296411218439,0.41203819974946576
1371,0.06892333066720417,-0.21047411609294292,0.2793974467601471
1372,0.6134534823657223,0.43437034943997177,0.1790831329257505
1373,1.4753587687667413,1.0233513070740603,0.452007461692681
1374,0.6637809611703217,0.45729740656444884,0.20648355460587287
1375,0.7355782440111623,0.4580802337218169,0.27749801028934545
1376,1.155474237193053,0.9369133755913546,0.21856086160169852
1377,1.7570960085597824,1.5814475413436222,0.17564846721616023
1378,1.2182187165830907,1.0015538525181291,0.21666486406496155
1379,0.6354730841331407,0.4835107946634175,0.15196228946972323
1380,1.7396002339923509,1.393069662445,0.3465305715473508
1381,1.4212731771063989,1.2141035174357315,0.20716965967066736
1382,1.4127960981187295,1.216291060574521,0.19650503754420856
1383,0.41117805308264915,0.15077200332220203,0.2604060497604471
1384,-0.71740868833075,-1.063091888554002,0.34568320022325194
1385,1.5769173306120463,1.3735368052886012,0.20338052532344508
1386,1.2732315889325883,1.0507125136180098,0.22251907531457848
1387,0.7791576875870216,0.7737124717680574,0.0054452158189642885
1388,-0.20691902554046335,-0.38300083916687505,0.1760818136264117
1389,1.4996696829408636,1.2316199979315705,0.26804968500929305
1390,0.7853143806789609,0.7483236971342119,0.03699068354474899
1391,1.1482740013017214,0.9975465784143298,0.1507274228873916
1392,0.9181816193428424,0.5997632861780963,0.3184183331647461
1393,0.2224122658774683,-0.09822343959613875,0.32063570547360704
1394,-0.06653399136341671,-0.3567026291765744,0.2901686378131577
1395,1.5211222449358186,1.2873625041216263,0.23375974081419226
1396,0.026213946469037158,0.00042902006215263206,0.025784926406884526
1397,2.048904201196296,1.7609571757880034,0.28794702540829253
1398,1.8250992159708288,1.7353104131010981,0.08978880286973068
1399,1.1695526051549057,0.7905389655038294,0.37901363965107626
1400,2.0200917866281247,1.8281662898978193,0.19192549673030546
1401,2.6440318741889417,2.3936232136371847,0.25040866055175703
1402,-0.18038009531216467,-0.19123925616083257,0.010859160848667893
1403,2.1943379254571767,1.8779028137535465,0.31643511170363015
1404,2.140957943955587,2.100103718748646,0.0408542252069406
1405,0.34014552094883044,0.34524335830527003,-0.005097837356439594
1406,1.761742510688487,1.3370364514475654,0.42470605924092153
1407,0.515558152103835,0.12395205085510612,0.3916061012487289
1408,0.7398764949679314,0.513406715068262,0.22646977989966943
1409,1.7048167601757778,1.3581003985392177,0.34671636163656006
1410,1.2353759826795578,0.9302813547353577,0.30509462794420017
1411,0.582168320231572,0.44262330036842645,0.1395450198631455
1412,1.3416933799848507,0.9256419211080742,0.4160514588767765
1413,1.5055188010706617,1.3599178783991468,0.14560092267151492
1414,1.0035128146252186,0.7943862971670081,0.20912651745821043
1415,0.5646228942666737,0.38099630749184926,0.1836265867748244
1416,0.2428299046401869,0.1860529215338133,0.05677698310637358
1417,0.6085163163618633,0.6802102655550202,-0.07169394919315686
1418,0.017664833130333152,-0.19032431239943157,0.20798914552976472
1419,1.3171385418888903,1.0893019763692,0.22783656551969034
1420,0.5532462435803779,0.2748562490205037,0.2783899945598742
1421,1.2074391033901013,0.9360528671749987,0.2713862362151026
1422,1.6477744099244547,1.42112023826449,0.2266541716599646
1423,0.6748733816584581,0.4514893872164725,0.2233839944419856
1424,2.4168168796721323,2.206848617418397,0.2099682622537351
1425,0.7372310285811088,0.5196810384774756,0.21754999010363318
1426,1.6140319892766566,1.4318641975597095,0.18216779171694708
1427,1.9704483446158125,1.5756881272778054,0.39476021733800715
1428,1.0475525466274336,1.0312847202114355,0.01626782641599811
1429,1.7836375620106764,1.6162559523523623,0.16738160965831406
1430,2.1598352882492393,1.91860998951087,0.2412252987383694
1431,2.0279073633908706,1.8613185285094733,0.1665888348813973
1432,1.949998617733551,1.8059417026498723,0.1440569150836788
1433,1.2737929964846828,1.2231241915478752,0.05066880493680759
1434,0.9949906534885383,0.897373273004358,0.09761738048418034
1435,0.2280502261968796,0.08215065235327791,0.1458995738436017
1436,1.9746621678335152,1.9334843646452193,0.04117780318829589
1437,1.4956614883317891,1.4227145542358597,0.07294693409592945
1438,1.671031493587145,1.3729680462070262,0.2980634473801189
1439,2.038088402904344,1.8741849168613134,0.1639034860430304
1440,1.1183203531338086,0.7857835050449833,0.33253684808882533
1441,0.5011170989985643,0.25740442342080455,0.24371267557775972
1442,-0.03890314674625768,-0.10512435423463524,0.06622120748837756
1443,0.042149932154103176,-0.23894669818000888,0.28109663033411203
1444,2.1052582949791105,1.601956797693732,0.5033014972853787
1445,1.4473873184247499,1.1850803531966212,0.2623069652281287
1446,0.44406047138575255,0.015790179238195767,0.4282702921475568
1447,1.0441361944281504,1.0326714351230426,0.011464759305107819
1448,2.188280407239652,2.0123531744485663,0.17592723279108569
1449,0.9315963091274254,0.7646975385341105,0.16689877059331493
1450,0.9516907777048532,0.9670168951256364,-0.015326117420783159
1451,2.3275125060370474,1.9888410187986534,0.338671487238394
1452,0.9671865600352244,0.7621844147644934,0.20500214527073102
1453,1.6666668664790634,1.4655748638059811,0.20109200267308225
1454,1.4628429984594518,1.3454580068903212,0.11738499156913051
1455,2.0005617066439134,1.9703061764567225,0.03025553018719096
1456,1.867266862773346,1.5172108082866211,0.35005605448672483
1457,0.16246256380852755,0.06838679030870634,0.09407577349982121
1458,1.003446626532716,0.5977685854125504,0.4056780411201656
1459,1.0138316814079211,0.8542031407648337,0.1596285406430874
1460,0.35476797365514784,0.06183212082938229,0.29293585282576556
1461,1.2264288155613285,1.1552607018205174,0.07116811374081111
1462,1.2724099125200856,1.2265817738099827,0.04582813871010294
1463,0.7090103848264577,0.23914416960940202,0.46986621521705574
1464,1.48552971614152,1.118579939514092,0.3669497766274279
1465,0.6995115524396395,0.4913042916385602,0.20820726080107926
1466,0.5129681220093469,0.26016790529079603,0.2528002167185509
1467,0.7717944579540823,0.6170572441155933,0.15473721383848904
1468,1.76377828191455,1.664863074033797,0.09891520788075292
1469,1.0918317869481051,0.918185741960183,0.17364604498792213
1470,1.8927749714230784,1.7123140496839335,0.18046092173914485
1471,0.26043592192368265,0.29149155197690313,-0.031055630053220484
1472,2.4416598603837403,2.2777035807601154,0.1639562796236249
1473,2.168331876979954,2.22020204374533,-0.051870166765375814
1474,0.6580808187496028,0.4264081528453777,0.23167266590422508
1475,1.4263204036976997,1.41443423697742,0.011886166720279645
1476,2.381794986772775,2.0875670768477694,0.29422790992500536
1477,0.17576994589095607,-0.035608306862377,0.21137825275333308
1478,1.7352765640158885,1.4818049594958982,0.2534716045199903
1479,0.7199910084477688,0.49839305725450733,0.22159795119326142
1480,0.46411223588659145,0.13505201266518824,0.3290602232214032
1481,0.6885992937025779,0.5232260279538494,0.16537326574872846
1482,1.2732032735242296,1.1988097786641128,0.07439349486011682
1483,0.7387484427968809,0.47522107688809495,0.26352736590878595
1484,1.3893047070864708,1.1631660945847786,0.2261386125016922
1485,1.6501073448598722,1.5103494103813748,0.13975793447849738
1486,0.8706402121487705,0.522594476478939,0.34804573566983155
1487,0.9928044863285458,0.7494409942836376,0.24336349204490815
1488,2.07651098596339,1.6807877095792167,0.39572327638417315
1489,1.635327480445521,1.5097840881314546,0.1255433923140663
1490,0.9351343200955131,0.5644092289573012,0.37072509113821195
1491,1.0067124488647523,0.8787594831146988,0.12795296575005355
1492,1.0260184574276605,0.9676494625591519,0.05836899486850866
1493,2.15656704987768,1.8886401430018427,0.2679269068758374
1494,1.1567419325752533,0.9735390492768928,0.18320288329836043
1495,1.0662246484052293,0.9230213585414198,0.1432032898638096
1496,1.3433518683853645,1.2896557312304968,0.05369613715486765
1497,0.5214833531784117,0.2895332909021739,0.23195006227623777
1498,0.8888943572928185,0.7446094997492777,0.1442848575435408
1499,2.7283167382601516,2.466199780088027,0.26211695817212455
1500,1.4129625272447928,1.350613540274858,0.06234898696993474
1501,0.1286180322885471,0.04568143852690593,0.08293659376164117
1502,1.1696871091535648,0.971682802319191,0.19800430683437376
1503,0.7601203625306555,0.6464403403510143,0.11368002217964124
1504,2.3219525794513216,2.2262669211679786,0.09568565828334297
1505,1.9601227070477358,1.79568079905987,0.16444190798786584
1506,2.4129509680346413,2.21334203651059,0.19960893152405124
1507,2.4135494028310123,2.5830760185734443,-0.169526615742432
1508,1.3492623777713852,1.1029630400922084,0.2462993376791769
1509,0.4446871050450241,0.3600280892217025,0.08465901582332164
1510,0.9857481647653261,0.9799615947432755,0.00578657002205063
1511,0.47287351604253186,0.24667536602695167,0.2261981500155802
1512,-0.16886969758762685,-0.370740468619827,0.20187077103220016
1513,1.2262290635562367,1.2265752520841413,-0.00034618852790457844
1514,1.4520308077393524,1.2626651023569144,0.18936570538243802
1515,1.2646889227929436,1.0924112120143263,0.1722777107786173
1516,1.4192348062945186,1.2359911324309587,0.18324367386355989
1517,0.5514884662711063,0.5136554713048318,0.03783299496627446
1518,2.423649160298365,2.080307713796903,0.34334144650146214
1519,-0.29009522472921256,-0.48482952271211,0.19473429798289743
1520,0.47550730571685274,0.4466300094064977,0.028877296310355016
1521,1.508036898528593,1.5665793509293986,-0.05854245240080558
1522,0.5322988619188119,0.3303589627483514,0.2019398991704605
1523,0.2344387704744756,0.3101677960299736,-0.07572902555549799
1524,-0.43685158411099795,-0.7972801992258031,0.3604286151148051
1525,0.7324942462488019,0.6998768158147558,0.03261743043404608
1526,0.6310719251019911,0.3812494297875878,0.24982249531440326
1527,1.140005762669922,0.9854980814974215,0.15450768117250058
1528,0.9420752132768054,0.6992901786747071,0.24278503460209833
1529,2.0568881978891063,1.9300821203218739,0.1268060775672324
1530,-0.8183499174366288,-0.9764471933414554,0.15809727590482658
1531,0.8718709449824144,0.8740866362619006,-0.002215691279486287
1532,2.1820964758963592,1.9796921700260635,0.2024043058702958
1533,1.1896690370925969,0.9465809026385745,0.24308813445402233
1534,1.8258818738547138,1.500356049547159,0.3255258243075547
1535,0.306579309932362,0.20088083586412192,0.10569847406824007
1536,1.1609757523752378,0.7953737324020129,0.36560201997322483
1537,0.7555969028162801,0.6343778650334055,0.12121903778287457
1538,1.6628337616823279,1.6674366333195392,-0.004602871637211292
1539,1.1660070457760108,1.0856877733589518,0.08031927241705894
1540,2.234497272518606,2.0597397468812404,0.17475752563736568
1541,1.3550883467173653,1.0409745192344628,0.3141138274829025
1542,1.663196789519702,1.5392746312455958,0.12392215827410613
1543,1.047604262210355,0.8444364145937774,0.20316784761657758
1544,0.6544977318161616,0.39337832220605795,0.2611194096101036
1545,1.7965795845145154,1.665817207620947,0.1307623768935684
1546,1.7572896460175125,1.5519757008447546,0.20531394517275792
1547,1.3185903635951701,1.1992417130028885,0.11934865059228161
1548,0.7982529002566466,0.5390535596080775,0.2591993406485691
1549,0.845918960546498,0.36445989817339663,0.4814590623731013
1550,1.5443322691475072,1.3093326071114646,0.2349996620360426
1551,1.8974948336575752,1.6728740797047374,0.22462075395283776
1552,0.7769769969686072,0.5678257141992168,0.20915128276939043
1553,0.659178507065655,0.5604652689331764,0.09871323813247856
1554,2.74889984232208,2.385159333770575,0.36374050855150486
1555,0.6131659005051623,0.4104315037799003,0.202734396725262
1556,1.3074149579589764,1.1540469054871692,0.1533680524718073
1557,1.964816777292006,1.689687901477276,0.2751288758147299
1558,1.0780855347057061,0.9588210789574448,0.11926445574826128
1559,1.2841236615679665,1.0638494898781574,0.22027417168980912
1560,0.33353360484135514,0.04733998918343132,0.28619361565792384
1561,1.045530417318839,0.9726478703931364,0.07288254692570251
1562,0.8039254658216098,0.7107655086055163,0.09315995721609349
1563,2.479742559660534,2.1077979660012978,0.37194459365923604
1564,1.2367053600883762,1.511266946978972,-0.27456158689059573
1565,1.197760977846641,1.011898093896433,0.1858628839502079
1566,0.4642848333934243,0.08694185158323672,0.37734298181018755
1567,1.3611245658967432,1.3453604485814288,0.015764117315314463
1568,2.5430260177625734,2.4769345639919513,0.06609145377062209
1569,1.5256767073742936,1.4168708685403577,0.10880583883393591
1570,0.49761129588283126,0.40349193133540917,0.09411936454742209
1571,0.5264786462531367,0.3094887698735121,0.21698987637962458
1572,1.38641100128004,1.2193456017289062,0.16706539955113375
1573,1.7627096601678773,1.6000079372876377,0.16270172288023965
1574,1.1692728533647392,1.0396571952324252,0.12961565813231402
1575,0.4052252193194811,0.21134749124909438,0.1938777280703867
1576,1.926370559016643,1.6699018509267474,0.2564687080898955
1577,2.2000065720063846,2.200704347849228,-0.0006977758428434733
1578,1.6144805534863116,1.6510841901034754,-0.036603636617163815
1579,0.2779000439627764,0.029621872797316963,0.24827817116545944
1580,0.5683923556471769,0.3353059196632692,0.2330864359839077
1581,0.7518870028424317,0.5497577970462543,0.20212920579617744
1582,2.500501349654152,2.1986220874357243,0.30187926221842787
1583,1.8298899961646633,1.576199438174348,0.25369055799031526
1584,1.1028130691506055,0.978052331324421,0.12476073782618446
1585,0.9372940360983125,0.6428814527363403,0.2944125833619722
1586,1.6100979310816028,1.2181954690646197,0.3919024620169831
1587,2.408547120206792,2.6347056147355685,-0.22615849452877645
1588,1.767158876406651,1.7565090736054843,0.010649802801166786
1589,-0.44551494391023966,-0.48987342017395735,0.044358476263717694
1590,1.6417373041319039,1.3357529050133172,0.30598439911858666
1591,2.0461728836999247,1.9677797388712452,0.07839314482867943
1592,1.4782094457633534,1.4907218647034968,-0.012512418940143322
1593,2.2701306203618454,2.0473391383130184,0.22279148204882704
1594,0.971844185898441,0.8757522022358512,0.09609198366258986
1595,-0.6432342478554957,-0.8245952495823595,0.18136100172686387
1596,1.8922371740308195,1.761416530951485,0.1308206430793344
1597,1.8228153385190982,1.8092676527499691,0.013547685769129014
1598,1.542965623943943,1.2471771158937885,0.29578850805015455
1599,1.0440410943444252,0.8301130154678836,0.21392807887654153
1600,1.36724257707705,1.0970820119108045,0.27016056516624554
1601,0.8939975688022366,0.7101849849096844,0.18381258389255217
1602,1.1935950221953833,0.9727939468839166,0.22080107531146664
1603,0.791639932387721,0.6900008137207102,0.10163911866701081
1604,2.305999872106105,2.214301773178775,0.09169809892732994
1605,1.0969879098271647,0.9256389522262225,0.17134895760094215
1606,1.4492944668112007,1.464111854827599,-0.014817388016398425
1607,1.4745818907067425,1.314457464730164,0.1601244259765786
1608,1.5033008185354677,1.3455802510890778,0.15772056744638996
1609,0.7285671733463334,0.6840436211421814,0.04452355220415194
1610,1.7095837456780414,1.48425411708293,0.2253296285951114
1611,2.1414210029690848,1.9197421692327425,0.22167883373634223
1612,0.730417488703188,0.3373040458149134,0.3931134428882746
1613,1.676969407818171,1.5153498654155986,0.16161954240257237
1614,0.559757305351618,0.37750614859539067,0.18225115675622738
1615,0.218489302148096,-0.07638000092027353,0.29486930306836956
1616,1.496727693379923,1.3156907923801875,0.18103690099973546
1617,1.7695965545107895,1.38594395920916,0.38365259530162943
1618,1.045724266908041,0.828274837635298,0.21744942927274313
1619,0.3227327771301741,-0.05457583060231682,0.3773086077324909
1620,0.683997273796507,0.5950978042321592,0.0888994695643478
1621,1.5458692058973527,1.372823464323482,0.17304574157387065
1622,0.6358003906913062,0.45840050740234345,0.17739988328896278
1623,1.252232025246321,1.1949448199589665,0.05728720528735454
1624,0.23383405060943044,0.12802711593568544,0.105806934673745
1625,1.0346273681460902,0.8375150703981287,0.19711229774796157
1626,0.8691975764223154,0.6637736052876875,0.20542397113462796
1627,1.3837223293295495,1.1398315204146394,0.2438908089149101
1628,0.9436821888377134,0.9176780058804971,0.026004182957216293
1629,1.2719689983692346,1.0504334428666255,0.22153555550260906
1630,1.4252860062808992,1.3025756349421351,0.12271037133876406
1631,1.72118674685071,1.554011990126959,0.16717475672375115
1632,-0.24517922844876786,-0.4009970332842916,0.15581780483552374
1633,0.05495628621887059,-0.09811176722699526,0.15306805344586585
1634,0.5748821972670474,0.4970496785890472,0.07783251867800017
1635,0.21227268372333885,-0.0428683305132003,0.2551410142365391
1636,0.2344684295368939,0.010500140161567762,0.22396828937532615
1637,1.253403700363906,1.0307466063597448,0.22265709400416123
1638,1.3097347035721942,1.0159697074400715,0.2937649961321227
1639,1.8200473859913626,1.672412895538645,0.1476344904527176
1640,0.07400192118364148,0.01718609085671161,0.05681583032692987
1641,2.5361930202725027,2.21209355649616,0.3240994637763426
1642,0.5576376913131859,0.23737194970135875,0.3202657416118271
1643,1.6823663339207076,1.4860911864714197,0.19627514744928787
1644,1.8357522556556312,1.4543180723496836,0.3814341833059476
1645,1.4458146439798072,1.333983793664411,0.11183085031539619
1646,1.515559608096288,1.4366423233024648,0.07891728479382332
1647,0.5061892624898575,0.3332218932703156,0.17296736921954192
1648,3.532737578053402,3.350047429174337,0.1826901488790651
1649,1.1933766919064146,1.0518994978897431,0.14147719401667147
1650,1.0428935867348494,0.8737001172333952,0.1691934695014542
1651,2.362544616297853,2.249015645351583,0.11352897094627012
1652,2.253028050450104,2.1349624838081915,0.11806556664191259
1653,1.5129284691297251,1.366329825837735,0.14659864329199013
1654,1.131786708713513,0.7492179419585626,0.38256876675495033
1655,0.9388479176931316,0.78953062858792,0.14931728910521158
1656,1.965754882312809,1.5905631270573701,0.3751917552554389
1657,1.0239537225740072,0.8128461443248711,0.21110757824913606
1658,2.142253421640671,1.9217822781118234,0.22047114352884756
1659,1.2081512514966346,1.1263042249470192,0.0818470265496154
1660,-0.09916657138070901,-0.25680977592238735,0.15764320454167835
1661,1.401225611848397,1.1767414691577578,0.2244841426906392
1662,0.16188876674098776,0.0025723345259523397,0.15931643221503541
1663,0.3793337716715592,0.2675557298808498,0.11177804179070938
1664,0.9343834937359782,0.8721386984167989,0.06224479531917926
1665,1.933987229533724,1.624715395778907,0.30927183375481704
1666,1.7576051567517916,1.4185324053141932,0.3390727514375984
1667,1.102583251799718,0.9550955501302392,0.1474877016694789
1668,0.5870542911452978,0.5011538449808266,0.08590044616447123
1669,0.5838284789276597,0.257744297586906,0.3260841813407537
1670,1.2067745009460837,1.0873970960008792,0.11937740494520455
1671,1.9526158378226905,1.7758102113716756,0.17680562645101494
1672,2.680183059524316,2.6756018306775826,0.004581228846733509
1673,0.46340914364262736,0.35897326525478696,0.10443587838784041
1674,0.6589725176780094,0.48629117743934874,0.1726813402386606
1675,0.8563619657479568,0.6279336193069549,0.22842834644100185
1676,0.8875338881560758,0.6224148391739546,0.26511904898212124
1677,2.390630833043197,2.30233072035589,0.08830011268730686
1678,2.1156575840709593,1.8967227144235161,0.21893486964744313
1679,3.430998218459315,3.098239347129143,0.3327588713301717
1680,1.4841575687457054,1.2172255257902778,0.2669320429554276
1681,0.7228367104551985,0.6022015471334831,0.12063516332171542
1682,0.8448853976558645,0.48404853491098776,0.3608368627448767
1683,1.6107975892328341,1.3065945426731336,0.30420304655970054
1684,1.3942777352390976,1.2423003179051748,0.15197741733392278
1685,1.3375970358616378,1.2148877389249124,0.12270929693672539
1686,1.0519417186672024,0.8182705124105937,0.23367120625660875
1687,0.8954890238538027,0.6673175654771227,0.22817145837667996
1688,0.6630108193894113,0.4749156138736168,0.1880952055157945
1689,1.925363160930216,1.7652735756283155,0.16008958530190043
1690,0.31545210233829374,0.19752583932013845,0.11792626301815529
1691,2.1935957344132704,1.9983978292431177,0.19519790517015267
1692,1.3187684769059869,1.0816806488362194,0.23708782806976747
1693,1.7434595521127347,1.5165604366203822,0.22689911549235253
1694,1.5686412852053455,1.5663357215606721,0.0023055636446733807
1695,2.1647163544510644,2.1853910459023065,-0.020674691451242122
1696,1.6361384578567124,1.281840050295808,0.35429840756090436
1697,1.392482561323997,1.2242577194350113,0.1682248418889858
1698,0.17485874018794578,-0.038311495488777145,0.21317023567672294
1699,0.49206077529218345,0.2967354005657792,0.19532537472640427
1700,0.6862326255498195,0.5235442943043596,0.1626883312454599
1701,2.3167991485338915,2.174791494214841,0.1420076543190505
1702,1.9024248482056825,1.5999808936945847,0.30244395451109773
1703,1.660633819435132,1.533531113614681,0.12710270582045102
1704,-0.09043976877074345,0.009328753949476406,-0.09976852272021985
1705,0.9799964507770771,0.6364098475337189,0.3435866032433582
1706,1.4262100663508641,1.11355083320836,0.3126592331425042
1707,2.167465009882222,1.857862289499347,0.30960272038287506
1708,1.178433692810858,1.2170230382566583,-0.03858934544580017
1709,0.8660078272671413,0.6990900089559794,0.16691781831116193
1710,1.5115303494728232,1.2291119048893766,0.28241844458344656
1711,1.5913748016875306,1.3898448485638628,0.20152995312366784
1712,1.3615491605766614,1.1409158921371367,0.2206332684395247
1713,1.7930481267026224,1.7043589614594,0.08868916524322246
1714,1.5321889860048081,1.3950668261421508,0.1371221598626573
1715,1.3630381993706377,1.30509138378113,0.05794681558950776
1716,1.0707750046027933,0.9377094680574815,0.13306553654531184
1717,1.2188124301047012,1.047044237307512,0.17176819279718925
1718,1.6506887692787333,1.4245372871910036,0.22615148208772973
1719,0.789121814290381,0.7063966698512627,0.08272514443911827
1720,1.5803820106890187,1.4246302270384805,0.1557517836505382
1721,2.755725539205547,2.4288568342189425,0.32686870498660436
1722,1.1857538161197372,1.007086354298787,0.17866746182095028
1723,1.7154279804937203,1.8167629983324889,-0.10133501783876864
1724,0.9565576374949301,0.8870221468850996,0.06953549060983044
1725,1.1799779066494913,0.7643711091958952,0.4156067974535961
1726,1.3393921611406103,1.1377903906099744,0.20160177053063588
1727,0.10509222835478259,-0.14235452173393862,0.2474467500887212
1728,1.0326379752387909,0.7032125467587866,0.3294254284800042
1729,0.8700978086613999,0.7040884257978905,0.1660093828635093
1730,1.471387368212667,1.0328979561332146,0.43848941207945247
1731,0.3714321372358851,0.1208845058375473,0.2505476313983378
1732,1.4575687024021826,1.1611949771078878,0.29637372529429484
1733,1.1982628123608463,1.1885009074928268,0.009761904868019533
1734,0.6336840027072835,0.4354236849688901,0.19826031773839342
1735,2.0314126024016708,1.770944049779886,0.2604685526217847
1736,2.3452745812320237,2.0381909165697225,0.3070836646623012
1737,2.3256617719755184,2.044870838845916,0.28079093312960257
1738,1.9787482087256214,1.7416191133606538,0.23712909536496762
1739,1.1740739420104773,0.9228717586362284,0.25120218337424893
1740,2.2046538445019324,2.0993184620363743,0.10533538246555807
1741,2.3196582801681456,2.135830762909479,0.18382751725866653
1742,-0.29068296062370486,-0.5067394139251213,0.21605645330141648
1743,0.6948320633672633,0.3416441756146006,0.35318788775266274
1744,0.5029989849155956,0.23657550618906142,0.26642347872653416
1745,1.2070606928056076,1.126314763289046,0.08074592951656157
1746,2.402766569509151,2.164914553336504,0.23785201617264695
1747,1.0235439721905129,1.0570386930479632,-0.03349472085745031
1748,0.18567247084302915,-0.004327957922821678,0.19000042876585083
1749,1.2739403325669967,0.9318989504244333,0.3420413821425634
1750,1.545973110674454,1.2121486840560665,0.3338244266183876
1751,1.3760819415047536,1.0973071704954938,0.27877477100925985
1752,1.8549446399132787,1.414174226305196,0.4407704136080828
1753,0.6853086047280105,0.2500571804773601,0.4352514242506504
1754,2.0862740474760995,1.5633072481635075,0.5229667993125919
1755,1.049397342882756,1.0423585646099414,0.0070387782728147386
1756,1.828083399032971,1.742928473768806,0.08515492526416502
1757,0.6838864332442405,0.6187487204296976,0.06513771281454284
1758,0.019175313947855845,-0.14242421028655788,0.16159952423441373
1759,0.7134487189081272,0.5412636678101788,0.17218505109794846
1760,1.687792289309129,1.446521541125957,0.24127074818317196
1761,1.9357626742955831,1.6393984712572967,0.2963642030382865
1762,0.5070310175214371,0.2142926534757911,0.292738364045646
1763,1.9107336844188,1.5540370260169156,0.35669665840188447
1764,2.5477202176788687,2.4370734436882002,0.11064677399066847
1765,-0.020550269962409117,-0.1348178508387274,0.11426758087631829
1766,1.8963033887881218,1.6652414117013188,0.23106197708680298
1767,0.9913587898844836,0.859577191170583,0.1317815987139006
1768,-0.20032191724316312,-0.20410166470802674,0.00377974746486362
1769,1.5711668791205187,1.4585330588664687,0.11263382025405
1770,0.36862449259692587,0.39924003646497347,-0.0306155438680476
1771,0.9088306099521041,0.6621759817803822,0.2466546281717219
1772,0.1066438659927476,-0.022998801619179093,0.1296426676119267
1773,1.261848274493614,1.1041759971110656,0.1576722773825483
1774,1.659903881529807,1.3617143973505337,0.2981894841792734
1775,1.2300451085752635,1.0547950700397124,0.1752500385355511
1776,0.5391934002138016,0.5307257866819157,0.008467613531885854
1777,1.3444290439519042,1.2785253170009288,0.06590372695097546
1778,1.307011633320357,1.0820124677965997,0.22499916552375732
1779,1.6294636130079085,1.3833375138485537,0.2461260991593548
1780,0.9313542279922721,0.7012533319756166,0.2301008960166555
1781,1.2046866194797818,0.9465303438637351,0.2581562756160467
1782,1.6625639418025313,1.423805378610635,0.23875856319189626
1783,2.1057259243637376,1.8039457354962012,0.30178018886753644
1784,0.3649951975623526,0.06340220421439628,0.3015929933479563
1785,0.7558480167618558,0.759361235758403,-0.0035132189965472183
1786,1.6800085101564228,1.4466057185982137,0.2334027915582091
1787,2.0993353818835674,2.0308965481617127,0.06843883372185466
1788,0.979144916553596,0.8647696952414348,0.11437522131216127
1789,2.1269294272338164,1.8161606279461218,0.31076879928769463
1790,0.5571541732694435,0.3210861581577936,0.23606801511164988
1791,1.670980241250817,1.507210762635648,0.1637694786151691
1792,1.4397351681939752,1.41409894203072,0.025636226163255227
1793,0.16170500230865814,0.2008423965261247,-0.039137394217466565
1794,0.19060892505727964,-0.07099034565627814,0.26159927071355776
1795,0.6144673614816966,0.6205229971612631,-0.006055635679566573
1796,0.9397971660227858,0.7263699534877825,0.2134272125350033
1797,1.5498956859922413,1.2535075985349975,0.29638808745724377
1798,1.701461267131799,1.4472141276060717,0.2542471395257273
1799,-0.022231535587693252,-0.0343578634920922,0.01212632790439895
1800,0.6208182507182649,0.5019669855036251,0.11885126521463985
1801,1.111835243490929,0.9780925365151005,0.13374270697582857
1802,0.16789833957025377,-0.21246822652607858,0.38036656609633235
1803,0.879949231379361,0.685514185826648,0.19443504555271296
1804,1.6287756303565337,1.421948779438676,0.20682685091785769
1805,1.121731284311431,0.8832845059813818,0.23844677833004935
1806,1.039652691529911,0.641430842893964,0.3982218486359469
1807,0.13957056312695434,-0.017512567093523924,0.15708313022047826
1808,0.620767426225622,0.17177749564586034,0.44898993057976166
1809,0.7697869742466107,0.5649845841454724,0.20480239010113832
1810,1.3716454672001268,1.3028701188561682,0.0687753483439586
1811,0.9335613345284643,0.7494427377096867,0.18411859681877762
1812,0.49373143145564113,0.6211450319137579,-0.12741360045811678
1813,1.001514375208109,0.5938046031913928,0.4077097720167162
1814,1.6401473340355401,1.6415171714991306,-0.0013698374635904287
1815,1.6531062777687697,1.643344532728676,0.00976174504009375
1816,2.4334102724079485,2.386708705330799,0.04670156707714934
1817,0.769379802201041,0.6320565431489676,0.13732325905207332
1818,1.4930169513268199,1.5588606584608808,-0.06584370713406096
1819,0.6368524726073908,0.341297730118561,0.29555474248882974
1820,0.6188289291470537,0.37465900878420594,0.24416992036284774
1821,2.2863860878481987,2.0513476031966937,0.235038484651505
1822,1.1933814109490137,0.994002926481707,0.19937848446730677
1823,1.3786673517773855,1.2518551891404992,0.12681216263688633
1824,2.101577302163877,1.7407415222491869,0.36083577991468996
1825,0.6317519524877477,0.6136179416572352,0.01813401083051258
1826,0.7259121158643735,0.4546980885158553,0.27121402734851824
1827,2.1496695519632056,1.8676452792606906,0.28202427270251507
1828,1.7917832476440667,1.720703934475786,0.07107931316828076
1829,1.7590107808456898,1.6356159648077633,0.12339481603792657
1830,0.5592544407206211,0.590201678963339,-0.030947238242717834
1831,0.7695039394756895,0.6057022055555084,0.16380173392018116
1832,1.3646397844969023,1.1939350669244826,0.17070471757241967
1833,1.6780145186754927,1.6082765749288246,0.06973794374666809
1834,1.7553421075487805,1.4187566848911275,0.336585422657653
1835,1.5052038627288604,1.3964617793156728,0.10874208341318758
1836,2.520002603342635,2.2619131484236275,0.25808945491900737
1837,1.5452250820970763,1.3970555402836045,0.14816954181347186
1838,0.29063086499489316,-0.02958108858038218,0.3202119535752753
1839,0.21143717984430574,0.09013357135075831,0.12130360849354743
1840,0.22474270175656474,-0.11647241967466186,0.3412151214312266
1841,0.9642722833289745,0.604250010473865,0.36002227285510957
1842,1.520303276018214,1.4585153587868216,0.06178791723139243
1843,1.250026931188363,1.0432706013116548,0.2067563298767081
1844,0.9302939488374756,0.7572855803432218,0.17300836849425383
1845,1.9724425961890026,1.8934935229116476,0.07894907327735501
1846,1.6759480443671104,1.362486514120733,0.31346153024637746
1847,2.138416996943592,2.028542103460312,0.10987489348327983
1848,1.4676230531176861,1.4081461349129742,0.059476918204711904
1849,1.3145194497784125,1.13115095121101,0.18336849856740245
1850,1.4026219957654567,1.4129402155041808,-0.010318219738724155
1851,3.6376269735931848,3.4624558251664577,0.1751711484267271
1852,1.1907335197877842,1.2718422353831909,-0.08110871559540667
1853,0.21348122652660528,0.018257648898839948,0.19522357762776532
1854,1.6308952147929807,1.3949002727251256,0.2359949420678551
1855,0.08120531709504901,-0.04622825618872088,0.1274335732837699
1856,1.8051674888383404,1.5668204548582245,0.23834703398011592
1857,1.772979671483167,1.409274270891066,0.363705400592101
1858,2.073720452550513,1.9244456108939298,0.149274841656583
1859,1.1091250238945705,1.006551186045364,0.10257383784920648
1860,1.4997297531317741,1.470635467566264,0.02909428556551008
1861,-0.09015317328498168,-0.13872246908787156,0.04856929580288988
1862,2.696095352877539,2.7452093320291127,-0.04911397915157378
1863,1.1209960259522593,1.0772808474056037,0.04371517854665563
1864,1.218453836759776,0.8898005731133872,0.3286532636463887
1865,1.4648278105652492,1.273415732565429,0.1914120779998203
1866,1.5230202166842317,1.5212535654304666,0.0017666512537650725
1867,0.5670177988796012,0.4641930998179427,0.10282469906165853
1868,1.4903009395560047,1.3032349733319961,0.18706596622400862
1869,0.05772440437272842,-0.17463034179485912,0.23235474616758753
1870,0.8563088734236878,0.7722221199675414,0.08408675345614636
1871,1.0507982043965367,0.700913114893557,0.3498850895029797
1872,1.5778826078957606,1.4215571687299833,0.15632543916577735
1873,2.2744741982186265,2.0275728900835337,0.2469013081350928
1874,0.9823794782074577,0.8997347908497244,0.08264468735773334
1875,1.899978183187945,1.7718568484946997,0.12812133469324527
1876,1.8985018002654417,1.7252644360548313,0.17323736421061042
1877,1.6319336264659776,1.4973140803170384,0.13461954614893923
1878,0.15166385583270872,-0.11879015913927081,0.2704540149719795
1879,2.1044868943247517,1.9582230093963655,0.14626388492838616
1880,1.9749415678885065,1.8012494743029042,0.17369209358560234
1881,1.1774448560533926,0.8928171978523185,0.28462765820107405
1882,1.2613042589321817,0.9608299195447375,0.30047433938744417
1883,0.9787150246963772,0.8356528490501,0.1430621756462772
1884,1.1804185004733718,0.980732886099834,0.19968561437353782
1885,-0.22515834527431453,-0.2634811172456154,0.03832277197130088
1886,0.7669871809566244,0.553986020001426,0.2130011609551984
1887,0.21600540455836242,0.11149083155224779,0.10451457300611464
1888,0.015095698476930625,-0.0485163268614821,0.06361202533841273
1889,0.6492088941651353,0.4023563516656253,0.24685254249951
1890,1.658820522016272,1.4947531685030677,0.16406735351320423
1891,0.1485237201031652,0.20184916007405945,-0.053325439970894256
1892,2.475496298942668,2.45673805651298,0.018758242429687932
1893,-1.1943158565262055,-1.5149874610962872,0.3206716045700817
1894,0.9137238856370026,0.7339273579654865,0.1797965276715161
1895,1.4239578112131146,1.1107341403650182,0.31322367084809644
1896,0.7284122488258425,0.48317949756668116,0.24523275125916139
1897,1.595161129387296,1.4105870630900654,0.1845740662972306
1898,0.804217999534006,0.6586536592090115,0.14556434032499443
1899,1.0643630842494944,1.0136570690656845,0.050706015183809905
1900,0.1564819764792558,-0.048776817798813106,0.2052587942780689
1901,0.8964228112569226,0.7658960292318899,0.13052678202503265
1902,0.6268508160833669,0.6018735160307873,0.024977300052579587
1903,1.803036116339006,1.8080591725877426,-0.005023056248736557
1904,1.3486805678526732,1.254165852362771,0.0945147154899022
1905,1.2801668820829553,1.1251480130777627,0.15501886900519257
1906,0.9709606418998773,0.6352297278073445,0.33573091409253275
1907,2.1700188214003053,2.0494822966290838,0.12053652477122156
1908,-0.1338415944986474,-0.4308537724445033,0.2970121779458559
1909,0.9440954474078421,0.7149124397428289,0.2291830076650132
1910,0.38305549926666826,0.4886084218946048,-0.10555292262793653
1911,1.7472679408464225,1.4496675094610632,0.2976004313853593
1912,0.6386626007621539,0.3275285840792203,0.31113401668293356
1913,1.8118181270859237,1.3195453629633578,0.49227276412256593
1914,0.7465928804746983,0.5203370068800769,0.2262558735946214
1915,2.0482339677665573,1.966426186873042,0.08180778089351537
1916,1.0787417418724488,1.1036617912139925,-0.024920049341543793
1917,1.093045691918354,1.0821892606704444,0.010856431247909581
1918,0.7356522780876299,0.6653376403086783,0.07031463777895164
1919,0.3680383270137763,0.13654243545839084,0.23149589155538547
1920,-0.19320530930011137,-0.28173991906868,0.08853460976856864
1921,1.4775883115942239,1.5387178090979678,-0.06112949750374397
1922,1.0789721407682455,0.8770020391723112,0.20197010159593431
1923,2.31696627578635,2.112762341183398,0.20420393460295205
1924,0.826586181250907,0.7170275699947095,0.10955861125619748
1925,1.7295615810123652,1.4212290553177716,0.3083325256945937
1926,2.569448765920055,2.1970788422374543,0.3723699236826006
1927,0.881539973033549,0.6075928536304483,0.2739471194031007
1928,0.640402788230321,0.3971810566454295,0.24322173158489152
1929,-0.49109280712166625,-0.49866861542588015,0.0075758083042138935
1930,0.5401768250142747,0.32694662697239746,0.2132301980418772
1931,0.6176817330311812,0.5966082235437682,0.021073509487413045
1932,0.5677509777395551,0.3458543153244383,0.2218966624151168
1933,-0.1917006042273019,-0.4698110759102877,0.2781104716829858
1934,-0.08541251805058966,0.01893978153139639,-0.10435229958198605
1935,1.4789192322829054,1.237236906174136,0.2416823261087695
1936,1.479661594769201,1.2165277583909329,0.26313383637826804
1937,2.4153800874921685,2.1331965450082873,0.2821835424838812
1938,1.8096547564434495,1.7246464780103097,0.08500827843313985
1939,1.0490903147129218,0.9194669126214501,0.12962340209147172
1940,2.288188290696446,2.0442317926904012,0.2439564980060447
1941,1.4965262346936625,1.1686223324505447,0.32790390224311783
1942,1.180890657360083,0.9243918017346079,0.25649885562547514
1943,2.2929673737478247,2.167154135181648,0.12581323856617654
1944,2.0627993166430936,1.986453121009011,0.07634619563408251
1945,1.5871370783473324,1.2625974201437897,0.3245396582035427
1946,0.861644939898675,0.908440510300925,-0.04679557040225002
1947,0.17040501146966597,0.06576240408203238,0.10464260738763359
1948,1.0268923031870576,0.8851928711743401,0.1416994320127175
1949,0.0811367946768612,-0.18139814508727137,0.26253493976413256
1950,1.0812550228508813,0.7257538702326475,0.3555011526182338
1951,1.8041567162021976,1.531040540979959,0.27311617522223863
1952,1.400075720685862,1.1601056635105957,0.23997005717526632
1953,1.5553962288801555,1.3185874574771967,0.23680877140295875
1954,0.9020603198883536,0.7538726890251481,0.1481876308632054
1955,0.9778557916461202,0.8884872427473037,0.08936854889881651
1956,0.5537982857570484,0.5557622141827212,-0.001963928425672834
1957,1.2297636698397625,0.8791369296774653,0.3506267401622972
1958,1.3434349910765893,1.1413636561723868,0.20207133490420248
1959,1.630492807519936,1.4863908780464143,0.14410192947352174
1960,1.0400346817644917,0.8515319529023339,0.1885027288621578
1961,0.2231221213916365,0.03519030635348257,0.18793181503815393
1962,1.1495553286306948,0.9230506794707434,0.2265046491599514
1963,1.4549742256501519,1.333990262833033,0.12098396281711898
1964,1.429235038808931,0.9333344041497826,0.49590063465914835
1965,-0.652272957628959,-0.667779406133997,0.015506448505038017
1966,0.3426095656294713,0.29301428207811886,0.049595283551352454
1967,-0.10651939965752896,-0.2960075116499263,0.18948811199239732
1968,1.4549866006223648,1.2739643875677744,0.18102221305459043
1969,0.6174586389271153,0.4795831771514899,0.13787546177562537
1970,0.9755015423039368,0.9891955611140854,-0.013694018810148534
1971,-0.3231272268451221,-0.534517596143583,0.2113903692984609
1972,1.0909611192843207,0.9862897681120315,0.1046713511722892
1973,1.23010485476021,1.1636003228387926,0.06650453192141748
1974,-0.06159606720880223,-0.21032557284272366,0.14872950563392143
1975,1.0617573200790829,1.0779508030478409,-0.016193482968758
1976,1.1736301360112416,1.1195392006962317,0.05409093531500986
1977,0.9290691644557458,0.6542173671012577,0.27485179735448817
1978,1.1246241520980176,1.085106807468639,0.039517344629378615
1979,0.4253828432968753,0.14926253953277402,0.2761203037641013
1980,1.9408925088887314,1.6809326957801,0.25995981310863137
1981,1.5733609323804796,1.4059273904384306,0.16743354194204896
1982,1.5478440751477385,1.3451871415641188,0.2026569335836197
1983,0.47863643357494395,0.39914835206930543,0.07948808150563852
1984,1.9951141106111918,1.5550482972126365,0.4400658133985553
1985,0.2568958101005264,0.15181553324541416,0.10508027685511226
1986,1.3997818321705364,1.1826591281698067,0.21712270400072975
1987,2.3702124136167106,2.2097538853677285,0.1604585282489821
1988,1.9728260324311553,1.5332453983079417,0.4395806341232136
1989,0.33366624275231777,0.3005708748272636,0.03309536792505419
1990,2.1118985820306224,2.1353047329873167,-0.023406150956694294
1991,1.473761094125676,1.2327661662525542,0.24099492787312182
1992,-0.017398274553950186,-0.3664782261487925,0.3490799515948423
1993,0.8529551467449416,0.7345028635000668,0.11845228324487478
1994,1.077567496777137,0.9106027836545981,0.1669647131225388
1995,1.5426215109025103,1.3866826364063793,0.15593887449613097
1996,1.8291481366488542,1.4299553622721302,0.39919277437672407
1997,1.4633099372567504,1.353707654694439,0.1096022825623113
1998,1.6478187535520177,1.4628496085537679,0.1849691449982498
1999,1.5744818167830228,1.3815671583551226,0.19291465842790023
2000,1.2214715966770378,1.0909834614285554,0.13048813524848235
2001,1.0238591308400706,0.8964200234848884,0.12743910735518227
2002,1.717004038558357,1.6478131029495793,0.06919093560877765
2003,1.647828174053509,1.3871180615679735,0.26071011248553555
2004,0.36180804423571805,-0.1270490719811558,0.4888571162168739
2005,0.9855185491930449,0.733833418453723,0.25168513073932197
2006,0.70393684961064,0.6092040373337495,0.09473281227689045
2007,0.613468753795598,0.5136093166780489,0.09985943711754908
2008,1.2970485621879253,1.1203476256904819,0.17670093649744345
2009,0.25140743997708415,0.008949292973170575,0.24245814700391358
2010,1.6417146601515182,1.3714067502227436,0.2703079099287746
2011,0.664700761496649,0.7601026888546379,-0.09540192735798891
2012,1.269042726926963,1.0373041856655913,0.23173854126137172
2013,1.7595205031193246,1.571336705240649,0.18818379787867556
2014,0.3882616036571178,-0.005347815055907187,0.393609418713025
2015,0.528119653586536,0.32602723820911167,0.20209241537742434
2016,0.5164357305465646,0.2605878317932028,0.2558478987533618
2017,0.5951976345941264,0.2741038760134563,0.32109375858067013
2018,0.8869494625718057,0.9350869524066011,-0.04813748983479538
2019,1.9850794011049437,1.9783671087527457,0.006712292352198057
2020,1.6229934852002394,1.4684014299267931,0.15459205527344633
2021,0.4853286895744972,0.12707751039028972,0.35825117918420746
2022,2.622361100021325,2.6169533788992956,0.005407721122029585
2023,1.4156354271586724,1.2351026011154695,0.18053282604320287
2024,1.540115297615787,1.3928565934145383,0.14725870420124876
2025,0.6559643673498746,0.4658268134389272,0.19013755391094744
2026,1.3051987987894045,1.0422236733858936,0.26297512540351087
2027,0.7654656611450225,0.3849927217024502,0.38047293944257227
2028,1.9734558560272146,1.6790998586665318,0.29435599736068285
2029,2.2365970549551233,2.0393474081456797,0.19724964680944357
2030,0.3471602745693069,0.02083777629232974,0.3263224982769772
2031,1.6479009844646446,1.5012838036294636,0.14661718083518105
2032,1.8127914263596163,1.31395854750968,0.4988328788499363
2033,2.1249839832003388,2.004722408707487,0.12026157449285169
2034,0.8067218794544162,0.5873154298571904,0.21940644959722577
2035,2.150888015029768,1.7476434161931722,0.4032445988365956
2036,1.932432608671943,1.7391671811028857,0.1932654275690573
2037,1.4599283206688838,1.3818394421347,0.07808887853418378
2038,1.151717775211971,1.12116744302503,0.03055033218694092
2039,0.8268628844283923,0.5653407598825542,0.2615221245458381
2040,0.5089184929118011,0.3768386605764381,0.13207983233536302
2041,0.9902210541611085,0.6390680630685043,0.3511529910926042
2042,0.09990073746827649,-0.0037462964685444494,0.10364703393682094
2043,0.9790935258065309,0.9705707825359127,0.008522743270618194
2044,0.6042232271416286,0.5728988731597686,0.031324353981859954
2045,2.5436344757209954,2.461043766797987,0.08259070892300846
2046,1.9905233896916972,1.5543176961343692,0.43620569355732797
2047,1.5004365076297828,1.4185923110905527,0.08184419653923003
2048,2.1091974560618554,2.013312631246673,0.09588482481518223
2049,0.856889342370605,0.6806593286655117,0.17623001370509328
2050,1.1926595670016635,0.8559020240965362,0.3367575429051274
2051,2.067968700727065,1.969169392301053,0.09879930842601192
2052,1.200978794585885,1.0477879604488047,0.15319083413708023
2053,-0.08574702515395739,-0.2538858257434526,0.1681388005894952
2054,1.731852655101493,1.6072275447554014,0.12462511034609158
2055,1.348526895190636,1.1022127772445076,0.24631411794612834
2056,1.62050237552228,1.3676417192300538,0.2528606562922262
2057,1.6513912835941456,1.61991151896254,0.03147976463160562
2058,1.3975056733390538,1.244044243968964,0.15346142937008977
2059,3.5018326929560675,3.0715884672934166,0.43024422566265086
2060,0.8611271220311033,0.7096234370452837,0.15150368498581956
2061,1.2730646162045498,1.1162718287589513,0.15679278744559855
2062,1.2755999819790904,1.134659687218655,0.14094029476043546
2063,1.6956531627893605,1.3283208022080992,0.3673323605812613
2064,1.293225980226849,1.029575496015013,0.2636504842118361
2065,0.9978244278041344,0.8096603839076096,0.18816404389652475
2066,0.8018634787183254,0.653966748202347,0.1478967305159784
2067,1.2701974692912397,1.017314926990886,0.25288254230035356
2068,1.3109399100540313,1.184731697959314,0.12620821209471722
2069,0.4123259668776827,0.4432456177674875,-0.030919650889804806
2070,1.558570402569427,1.2146544196538605,0.34391598291556646
2071,0.9247227553504441,0.7096559103265009,0.21506684502394324
2072,1.198564300121701,0.8883510977859209,0.3102132023357801
2073,0.5660272223471705,0.5145227012307506,0.0515045211164199
2074,0.8234570804702929,0.7309491044617744,0.09250797600851846
2075,0.9950851691575212,0.7993744108001778,0.19571075835734342
2076,0.36511305350244494,0.0401217422576196,0.32499131124482533
2077,2.197045543162222,1.953135168138506,0.24391037502371593
2078,0.8092199384262105,0.6139431480022761,0.19527679042393442
2079,0.8229891688332585,0.5398060633939453,0.28318310543931313
2080,-0.029919919272898922,0.08049899779520922,-0.11041891706810814
2081,0.5638375508042397,0.4440182289631317,0.119819321841108
2082,1.2689751173048263,1.225251830662668,0.04372328664215819
2083,0.36399418251698773,0.0740628215244102,0.28993136099257755
2084,1.46930388979986,1.2648416534007623,0.20446223639909777
2085,0.820063326421253,0.6075467233530437,0.2125166030682093
2086,1.587783446764432,1.5136366697304295,0.07414677703400252
2087,1.077930928323534,0.6843607835562171,0.393570144767317
2088,1.0421057182114,0.8550571122322692,0.18704860597913076
2089,0.13059859840648727,-0.09270875430857359,0.22330735271506086
2090,1.1140421084816665,0.9180200592387135,0.19602204924295297
2091,2.059158884613399,1.872537547987749,0.18662133662564995
2092,1.3864340974902645,1.2411887528769354,0.14524534461332905
2093,0.9801509270486336,0.9057881369179921,0.07436279013064151
2094,1.5863420622091045,1.3990529979654143,0.18728906424369018
2095,1.0561697554652323,0.9350458961366378,0.12112385932859449
2096,1.678608822443522,1.4945018244947492,0.18410699794877283
2097,1.133827997367355,0.9448225093556764,0.1890054880116787
2098,2.418933109451441,2.256821239744919,0.1621118697065218
2099,1.9743059463671757,1.6847386215664724,0.28956732480070335
2100,1.0421541894496549,0.870976741854087,0.17117744759556786
2101,0.5679276121323007,0.5951088340424148,-0.027181221910114073
2102,2.14613518772041,2.112584243697371,0.03355094402303882
2103,1.3274157557068038,1.4074589795217711,-0.08004322381496731
2104,2.090155184350066,1.7871756189876686,0.30297956536239745
2105,2.2699503380676664,1.941380679861957,0.3285696582057094
2106,2.4296488529414377,2.240696466758755,0.18895238618268273
2107,0.9193180042197484,0.6888951093602563,0.23042289485949208
2108,1.341960753608383,1.2083818815421172,0.13357887206626584
2109,0.9849901384948577,0.764172365404461,0.22081777309039674
2110,0.5609797545182994,0.5499681119410664,0.011011642577232972
2111,1.010492536682897,0.6427891084903966,0.36770342819250035
2112,2.781979161999122,2.481674591619584,0.30030457037953795
2113,0.4168438296037553,0.13051341958836604,0.2863304100153893
2114,1.1735180873826638,1.0052735055232358,0.16824458185942803
2115,1.0696072795930698,0.9185320793962357,0.15107520019683407
2116,0.7059867740121558,0.6573431512985107,0.048643622713645085
2117,0.7592443731926151,0.6179343012656632,0.14131007192695189
2118,1.2877588366914883,1.2799829623034458,0.007775874388042503
2119,2.7632275020127803,2.7179967348886964,0.045230767124083915
2120,0.9355314044613605,0.8262041176053245,0.10932728685603599
2121,1.6304093985860912,1.5646360139970077,0.06577338458908355
2122,-0.30283807705736826,-0.3845020942255011,0.08166401716813282
2123,0.738060685300519,0.7531495644612736,-0.01508887916075452
2124,1.483882908254816,1.1559883280982977,0.3278945801565183
2125,-0.3372303684972841,-0.4287831123999815,0.09155274390269741
2126,2.0305342755297735,1.770205518170144,0.26032875735962957
2127,0.5353637602687272,0.4039932041036617,0.13137055616506554
2128,0.9661204270169079,1.0652909827438701,-0.0991705557269622
2129,0.28030422285760404,0.058419540793385245,0.2218846820642188
2130,1.1093450441333432,0.8609948267287922,0.248350217404551
2131,0.6877078734114304,0.6271622313016963,0.06054564210973401
2132,0.9907198304977328,0.7228564084239686,0.26786342207376423
2133,1.3875131281173299,1.1951824445643973,0.1923306835529326
2134,1.6493880348362617,1.539014382694293,0.1103736521419687
2135,-0.4831475011078385,-0.5027831940941074,0.019635692986268938
2136,0.47231408301143984,0.4817172234334655,-0.009403140422025669
2137,0.682518706604667,0.5556749686840214,0.12684373792064552
2138,2.3169336884648093,2.1564044633967017,0.16052922506810763
2139,1.9780854411164444,2.034108405011549,-0.05602296389510464
2140,0.05930803738493022,-0.14160120501372092,0.20090924239865116
2141,1.4337900720029495,1.1565346192432893,0.27725545275966024
2142,0.5863235994225537,0.22794295320096528,0.3583806462215885
2143,0.6108271724735229,0.4866496722276696,0.12417750024585333
2144,1.036788573337432,0.8334048646178298,0.2033837087196022
2145,0.7791922134322645,0.6076724380841498,0.1715197753481147
2146,1.4365236800128196,1.1979875483254545,0.2385361316873651
2147,1.7490155141016193,1.5314212135439171,0.21759430055770212
2148,2.31834512905231,2.0703237628563005,0.24802136619600956
2149,2.7195333063390104,2.4116962750461366,0.30783703129287376
2150,2.046361759509021,1.5751748746036751,0.471186884905346
2151,1.9620414971453672,1.6907306879340103,0.271310809211357
2152,0.9717018976968578,0.9462414236189912,0.025460474077866557
2153,0.7229235560618855,0.5109053254535051,0.21201823060838043
2154,0.6594734346291994,0.2444945316069141,0.4149789030222853
2155,0.8194618663065282,0.5989540932090135,0.22050777309751468
2156,1.3875476643139208,1.279570492518997,0.10797717179492383
2157,0.5794609006921128,0.4166804314299559,0.16278046926215683
2158,0.08500140739806426,-0.11056243039552241,0.19556383779358666
2159,1.6444975005456424,1.4439975944832637,0.20049990606237866
2160,0.40813291980722877,0.40888206400947363,-0.0007491442022448669
2161,1.2566869490636166,0.8177517306744723,0.4389352183891443
2162,2.1911297253974493,2.0334300071786413,0.15769971821880802
2163,0.10514792429077698,0.10665503927048739,-0.0015071149797104139
2164,1.193714879520817,1.1599120784899286,0.033802801030888396
2165,1.6957038464855207,1.53003576537289,0.16566808111263076
2166,0.3062105641614943,0.08232349583004146,0.22388706833145283
2167,-0.05672557776833691,-0.28687019334738356,0.23014461557904664
2168,1.7985352188208945,1.778395697731672,0.020139521089222567
2169,0.9464343664740495,0.7272672624862718,0.21916710398777772
2170,2.6314501863594653,2.2720768405142566,0.35937334584520864
2171,1.7408138751453055,1.6923130227843048,0.04850085236100066
2172,0.07883575345612008,-0.1387827262546387,0.21761847971075876
2173,1.8636814002698685,1.6027314590211799,0.26094994124868864
2174,1.4730603730821954,1.1583513796241445,0.3147089934580509
2175,2.3573913879364863,2.4590369934584637,-0.10164560552197743
2176,2.400538411532253,2.3590016668608436,0.04153674467140922
2177,1.6911262943791485,1.487356042584927,0.20377025179422148
2178,0.9844906396846583,0.82686057124256,0.15763006844209837
2179,1.404383384615978,1.1171769287870836,0.28720645582889426
2180,0.1954707327286131,-0.16044925529991022,0.3559199880285233
2181,1.2215499213538508,1.1148916414627816,0.10665827989106913
2182,1.904761489672468,1.6320583770769204,0.2727031125955477
2183,0.9454067099341332,0.9411939908921442,0.004212719041989055
2184,0.8902216734041252,0.7933741549529256,0.09684751845119954
2185,0.12739888634592395,-0.04661196705005017,0.1740108533959741
2186,1.2631456917782966,1.0657232031927324,0.19742248858556422
2187,2.723181275071314,2.7675293019199803,-0.04434802684866623
2188,0.21818214007824815,-0.023091568588321183,0.24127370866656933
2189,2.5827947739421155,2.4873284505604887,0.09546632338162686
2190,1.1447999566695133,1.0480643869047428,0.09673556976477049
2191,1.8472140661791647,1.4989417884825007,0.348272277696664
2192,0.7554058106630016,0.6505657465620402,0.10484006410096136
2193,1.3610697697742438,1.143835221678454,0.2172345480957898
2194,1.3941014286148943,1.3095293393990162,0.08457208921587811
2195,-0.2617602978058454,-0.5219744551157077,0.2602141573098623
2196,1.1589634216430165,0.9387384417614313,0.22022497988158518
2197,1.199887783391008,0.8940277883469188,0.30585999504408923
2198,0.6773868525892299,0.652403820647388,0.024983031941841927
2199,1.3518111310369605,1.2595073804472732,0.09230375058968732
2200,0.5021381746559809,0.16577719291537607,0.3363609817406048
2201,1.4704436888244783,1.1480032884581315,0.3224404003663468
2202,0.08341991605646636,-0.052716041375197864,0.13613595743166423
2203,1.0158007892112397,0.8842463921149709,0.13155439709626882
2204,-0.5085635290111686,-0.6800610178121698,0.17149748880100113
2205,0.7090399156461187,0.5797888724198342,0.12925104322628445
2206,2.303898292703153,2.060313211795248,0.2435850809079052
2207,1.8232658117464313,1.8229702746787082,0.0002955370677231173
2208,0.5309602341426523,0.30950951983446556,0.2214507143081867
2209,0.8953762485278984,0.8706341541062412,0.0247420944216572
2210,2.512960241794876,2.250265515802909,0.2626947259919672
2211,2.2026935948847495,1.8089344481924692,0.3937591466922803
2212,2.370096724464464,2.022296695993625,0.34780002847083935
2213,1.1189708881280438,0.8962998681186071,0.22267102000943673
2214,0.886125671336588,0.7348220033196157,0.15130366801697237
2215,1.5507932622837384,1.3729704392266946,0.17782282305704378
2216,1.6263731157271746,1.6407671174164533,-0.014394001689278735
2217,1.7049681476876175,1.391526375757767,0.31344177192985057
2218,1.2684129090533522,1.047727675744061,0.22068523330929124
2219,0.6977049575879616,0.3338030445188233,0.36390191306913827
2220,2.102393700191314,1.8703977401342589,0.23199596005705514
2221,0.7486761114028854,0.7521667215139303,-0.0034906101110449006
2222,2.1375410964784587,1.7794266282474123,0.3581144682310464
2223,1.244785717014558,0.8214088896038463,0.4233768274107117
2224,-0.21241621764539953,-0.3918415513472157,0.17942533370181618
2225,1.8034286849059538,1.6838492906456701,0.11957939426028363
2226,1.6545554684935742,1.5736784517216773,0.08087701677189685
2227,1.3194648364236021,1.501035279728413,-0.18157044330481087
2228,2.0231735285832984,1.7204093700475476,0.3027641585357508
2229,0.19587748648843964,0.19614103776529146,-0.00026355127685182
2230,1.8239646653306283,1.897621153449453,-0.07365648811882464
2231,0.3573845423702565,0.18580174083657638,0.17158280153368013
2232,1.7057142198548934,1.6303375520573258,0.07537666779756758
2233,2.121830186213816,1.7423191824224653,0.3795110037913507
2234,1.5107002488326473,1.4457954919779676,0.06490475685467967
2235,1.2654869590453073,1.0562699088755052,0.20921705016980208
2236,0.8918216401487361,0.6840981859339367,0.20772345421479943
2237,-0.16625820307816958,-0.10742026651824824,-0.05883793655992134
2238,0.9091531639867045,0.7326877456368179,0.1764654183498866
2239,1.2910493425589378,1.1732080756610221,0.11784126689791563
2240,1.9735143044116015,1.5966019308050614,0.37691237360654006
2241,0.3739001527085585,0.18472468090379512,0.18917547180476335
2242,0.740322301289902,0.42557059834729316,0.3147517029426088
2243,1.756854246152107,1.6790765645126884,0.07777768163941867
2244,2.5042153406520273,2.1835961626534344,0.32061917799859296
2245,0.43844426085551075,0.3763732648675364,0.06207099598797433
2246,0.9217306285279846,0.7855756040978501,0.1361550244301345
2247,0.8649661511848358,0.656424115050438,0.2085420361343978
2248,0.538821079399286,0.6107917127376272,-0.0719706333383412
2249,1.5710527527701028,1.317726920802015,0.2533258319680878
2250,2.5138624316658933,2.3843390064308916,0.1295234252350017
2251,1.3133428117394716,1.1525460527390199,0.16079675900045176
2252,1.2239133521354333,0.8765043861924853,0.347408965942948
2253,1.0324205291966164,0.8363149042910708,0.19610562490554562
2254,1.0287520976454267,0.7691563210157238,0.2595957766297029
2255,1.1495363959562912,0.8820768038421132,0.267459592114178
2256,0.16102582672058036,-0.2147810830578405,0.37580690977842085
2257,1.308615831710638,1.076101319217059,0.23251451249357902
2258,0.8220919525424564,0.7385037809830833,0.08358817155937304
2259,1.2701113682711298,1.1439163834574364,0.1261949848136934
2260,0.6603496936794147,0.44347917567255657,0.21687051800685808
2261,1.7937355886041462,1.4934114319787297,0.30032415662541645
2262,1.277218473542892,1.2014126373305674,0.07580583621232462
2263,0.528026274996916,0.43545669264004233,0.09256958235687368
2264,0.8991713101113576,0.8750304492128933,0.024140860898464345
2265,1.949971882719644,1.5794376147286315,0.3705342679910124
2266,1.631317855345274,1.6772733029186533,-0.045955447573379216
2267,0.9327798731399288,0.898603213003406,0.034176660136522874
2268,2.665772213353834,2.4884238096867852,0.17734840366704896
2269,1.2289559870636215,0.9221517614176619,0.30680422564595966
2270,2.371521488395228,1.9851311652199748,0.386390323175253
2271,1.2701888813607543,1.2483459774353538,0.021842903925400448
2272,0.7921188927065266,0.6853171922151733,0.10680170049135329
2273,0.9128128588812682,0.5849047478527495,0.3279081110285187
2274,0.46537638499652795,0.25545894672955194,0.209917438266976
2275,1.439755293648479,1.138249916466109,0.3015053771823699
2276,-0.9596133033435822,-1.16264927900693,0.20303597566334786
2277,1.5830917201474495,1.3582071158162003,0.22488460433124913
2278,0.44553432814243665,0.12489968635117302,0.32063464179126366
2279,1.1421206507305284,0.9964561780148045,0.1456644727157239
2280,0.31157397195180453,0.10039594585201532,0.2111780260997892
2281,2.075824299439776,2.0427301941012894,0.03309410533848656
2282,1.1991347177230507,1.2041663987311098,-0.0050316810080590635
2283,1.4142846573869152,1.185112039452679,0.22917261793423616
2284,1.5113298703906062,1.3245936599945287,0.18673621039607746
2285,1.674995732267798,1.3649740800865973,0.3100216521812007
2286,0.9269148479207933,0.49031322174575964,0.4366016261750336
2287,1.2090199890305156,0.990207725077431,0.2188122639530845
2288,3.3590189590005863,3.066053269351998,0.29296568964858816
2289,1.2782784679667418,0.7953710130398322,0.4829074549269097
2290,0.30201250980804806,0.09322790625913134,0.2087846035489167
2291,1.4399676495809344,1.3364228940137568,0.10354475556717757
2292,0.025524601691006246,-0.08966912734511963,0.11519372903612587
2293,1.7585156451014385,1.4619229708672394,0.2965926742341991
2294,1.628135762296223,1.5855179307613574,0.042617831534865536
2295,1.0366095587333768,0.6712929681678871,0.3653165905654897
2296,1.8045826167541708,1.5712121949733817,0.23337042178078904
2297,1.3374151027439436,1.1406818458526526,0.19673325689129095
2298,1.8514517307361456,1.536888993036711,0.31456273769943466
2299,1.0316936300219064,0.8791166648679322,0.15257696515397423
2300,0.42855530347876786,0.3281703654563673,0.10038493802240056
2301,0.13347405498814535,0.050557056759466854,0.0829169982286785
2302,1.2731387213174823,1.2060257820674838,0.0671129392499985
2303,2.011302151191715,1.8703994519444302,0.1409026992472846
2304,2.6149221881796976,2.3487535387736407,0.2661686494060569
2305,-0.07120048808114163,-0.1358655297902156,0.06466504170907397
2306,0.10885565858794784,-0.06798296690182384,0.1768386254897717
2307,2.237527235507078,2.0971357452915,0.14039149021557806
2308,1.8818339252174745,1.5626162023247223,0.3192177228927522
2309,1.228823627938869,0.9246693042729751,0.3041543236658938
2310,-0.0025592529639072866,-0.23997511018095058,0.23741585721704328
2311,0.6317874176414395,0.2943122424619148,0.33747517517952474
2312,0.47654050919211605,0.3962146727227741,0.08032583646934194
2313,2.2462093923377155,1.9296562436839504,0.31655314865376516
2314,0.7058499444710288,0.40798117187184596,0.2978687725991828
2315,1.2810914379229468,1.0763287220745872,0.2047627158483596
2316,1.1977210397855156,0.9974707474581294,0.20025029232738623
2317,2.2422593340614343,2.2355449410305557,0.006714393030878618
2318,0.8831381509605889,0.7424872111306223,0.14065093982996657
2319,1.6566433155543592,1.46698787826014,0.1896554372942192
2320,2.1902054091110177,2.0729439877123457,0.11726142139867202
2321,1.2584480998777332,1.055660086214135,0.20278801366359822
2322,1.543421590117094,1.3336024745772683,0.20981911553982568
2323,1.6000442543917721,1.4367817789570099,0.16326247543476224
2324,1.0011126228297167,0.7628960416989866,0.23821658113073008
2325,0.08670893055884639,0.05757382481620995,0.02913510574263644
2326,1.1962101197756936,1.1462333995716574,0.04997672020403621
2327,0.9995738534933097,0.7983956360592515,0.20117821743405828
2328,2.104064284550677,1.8396041913642474,0.2644600931864296
2329,-0.1262041660707932,-0.34709859304220364,0.22089442697141043
2330,0.32969254850895546,0.3105301998005321,0.01916234870842337
2331,0.8487240235250184,0.711530172470672,0.13719385105434645
2332,1.1961696073778112,1.0385666027974145,0.15760300458039667
2333,1.7474013177173096,1.4111546147054537,0.3362467030118559
2334,0.8720642873813409,0.7036273673925396,0.16843691998880128
2335,1.5899692990256142,1.3233161400376527,0.2666531589879615
2336,0.8501100413581981,0.48428530112181867,0.36582474023637945
2337,1.7333471307858146,1.5884988842252818,0.14484824656053275
2338,0.6733625103835098,0.4975580088948787,0.17580450148863108
2339,1.1843026220335262,1.0743692477003008,0.10993337433322536
2340,2.638309458019289,2.54589960160356,0.09240985641572896
2341,1.3872431276932666,0.9299236873315617,0.4573194403617049
2342,1.3455590580771724,1.1199732574800756,0.22558580059709676
2343,1.2583350647261784,1.2189880555976436,0.03934700912853484
2344,1.4849693872730447,0.965010614911222,0.5199587723618228
2345,1.9008344427940989,1.6063688896875226,0.2944655531065763
2346,2.0777555693866074,2.0706867814951906,0.00706878789141685
2347,-0.2255629039279454,-0.09801374336979424,-0.12754916055815116
2348,0.9798920352807463,0.8569107559898437,0.12298127929090263
2349,1.1433125436940652,0.9220393764040246,0.22127316729004065
2350,1.1831266451129112,0.8212038700291484,0.3619227750837628
2351,1.474569050260404,1.1391796392474574,0.3353894110129467
2352,1.5484855815921943,1.487485066535174,0.06100051505702031
2353,-0.13856781148147562,-0.18572657384170954,0.04715876236023392
2354,1.682167931747005,1.5353250361813482,0.14684289556565688
2355,2.3029253555799403,2.2686782953722355,0.03424706020770474
2356,1.7488506492277809,1.7186413192460486,0.030209329981732314
2357,1.4133432319232708,1.390811402999059,0.022531828924211794
2358,0.05102620155683916,-0.18757473701891855,0.2386009385757577
2359,0.06370495471204973,0.15634111348946683,-0.0926361587774171
2360,1.540953915341887,1.4597300423490709,0.08122387299281608
2361,1.1440013249982157,1.0042464883321138,0.1397548366661019
2362,-0.15662021221565978,-0.4686407345999155,0.3120205223842557
2363,2.027128732813995,1.634728452648663,0.3924002801653321
2364,1.4505843482796064,1.3569771823369392,0.09360716594266716
2365,0.7118909119600273,0.5360286039408909,0.17586230801913638
2366,0.33665061564674265,0.17644276839465484,0.1602078472520878
2367,1.162348530285996,0.9389956718721401,0.22335285841385588
2368,0.5610971632557128,0.5049261643219239,0.05617099893378885
2369,2.243144032671949,2.048179187223839,0.19496484544811032
2370,0.6646360802996248,0.6339522358264299,0.030683844473194943
2371,1.3489589438694343,1.3413960114933314,0.007562932376102838
2372,1.5285415111939062,1.1237739159203444,0.4047675952735619
2373,2.145017099906234,1.933363875425513,0.2116532244807212
2374,0.3954413785047987,0.3764699602421596,0.018971418262639095
2375,1.109960549142986,0.9612345933935579,0.14872595574942815
2376,0.5811333866238586,0.41392847724458165,0.16720490937927696
2377,2.1899996057098927,2.0679873117356404,0.12201229397425228
2378,-0.07569648978817563,-0.23784659021091178,0.16215010042273614
2379,2.090846931844773,1.8818898211064627,0.20895711073831014
2380,0.7198208856019908,0.5686846513593908,0.15113623424259992
2381,1.3729125237047,1.1808668553704187,0.19204566833428127
2382,2.0334572250836187,1.8201974135293473,0.21325981155427143
2383,0.8932807783153939,0.7698167848196708,0.12346399349572312
2384,0.7409601010509185,0.773013539665086,-0.03205343861416754
2385,1.024669511156071,0.7403271124595592,0.2843423986965119
2386,-0.4121916917939662,-0.6521394203970718,0.23994772860310565
2387,2.234573082687139,2.1458906526017842,0.08868243008535481
2388,1.827114628598544,1.748138813015727,0.07897581558281708
2389,1.28156321692768,0.9517831373743125,0.3297800795533675
2390,0.3433936628991232,0.01673771448672792,0.3266559484123953
2391,0.26982971625718255,0.2305634252884023,0.03926629096878026
2392,1.1511442838744943,0.9460213970195049,0.20512288685498936
2393,1.2480580618319108,1.0412371509780842,0.2068209108538266
2394,1.0038267828422163,0.7100357639815865,0.29379101886062975
2395,1.2491846964808826,1.1769739845762242,0.07221071190465844
2396,0.6814893687227662,0.5050087236822336,0.17648064504053262
2397,2.148632297114032,1.9871906087298754,0.16144168838415673
2398,-0.6745965287938648,-0.867972966698345,0.19337643790448023
2399,1.1364282737666165,0.974410774733036,0.16201749903358054
2400,2.3833712592427467,2.4081213937691146,-0.024750134526367873
2401,0.3568051516604771,-0.0017568522997196134,0.3585620039601967
2402,2.2444487714948194,2.0579684870704202,0.18648028442439912
2403,1.7292154504851454,1.5649409292562249,0.1642745212289205
2404,0.3735432379398895,0.38656354439681406,-0.013020306456924535
2405,1.6660217683996035,1.3481893608350102,0.3178324075645933
2406,1.036205129837838,1.0354458139714824,0.000759315866355692
2407,0.4816751698543757,0.17153221528878426,0.31014295456559143
2408,-0.24746207675134982,-0.38377462045842925,0.13631254370707943
2409,1.4511660774243456,1.3448454792403985,0.10632059818394701
2410,0.48769790528390966,0.3157662278645241,0.1719316774193856
2411,0.7156847922130132,0.5870558108186927,0.12862898139432044
2412,1.4685002262797562,1.329004589296668,0.1394956369830882
2413,2.2799198943734296,2.0382863664616817,0.24163352791174786
2414,0.645555742245707,0.21365958640498148,0.4318961558407255
2415,2.1401169846585626,2.106843104955139,0.03327387970342377
2416,0.4326788310856651,0.4081004665838044,0.02457836450186074
2417,1.982936469744923,1.8299755207970232,0.1529609489478998
2418,0.8267934172470977,0.4735822600828991,0.35321115716419854
2419,0.9785580940294741,0.9363409397748778,0.04221715425459638
2420,0.3231968611327476,0.03813804671849651,0.28505881441425107
2421,0.009753696563810805,-0.1851104179614824,0.1948641145252932
2422,1.2758216476747613,0.9130583015708977,0.3627633461038635
2423,0.4887988127726807,0.501785316436077,-0.01298650366339632
2424,0.5994163667985923,0.40748507149304103,0.1919312953055513
2425,1.8573646248938809,1.6817959085787786,0.1755687163151023
2426,3.5062842144047703,3.4493955896097797,0.05688862479499068
2427,1.5695056867276014,1.3158384499997469,0.2536672367278545
2428,1.8033458997501377,1.694290905683191,0.10905499406694674
2429,1.7447118206456282,1.6434862599747446,0.10122556067088362
2430,1.490645478488096,1.252740933201097,0.237904545286999
2431,0.6755992303526306,0.3998724635702554,0.2757267667823752
2432,1.1150762255767457,1.0246554666471492,0.09042075892959645
2433,1.2253200792277201,1.0025532194866593,0.2227668597410608
2434,2.44771399806839,2.3018363508879185,0.14587764718047147
2435,1.4143120656620563,1.2663667255337578,0.1479453401282984
2436,0.4777521487057409,0.42462914374496574,0.053123004960775155
2437,1.429344844082223,1.0162555687970818,0.41308927528514117
2438,2.4380573126975307,2.2516992414954493,0.18635807120208137
2439,0.8611717025594214,0.601569453363925,0.25960224919549646
2440,0.5256491938277673,0.5365927751898566,-0.010943581362089283
2441,2.4916986364003417,2.2733275007099962,0.2183711356903455
2442,1.0328761553240013,0.7609275414480943,0.2719486138759071
2443,2.191164353164379,1.87855049951215,0.31261385365222916
2444,1.2558814957566418,1.039975598075723,0.21590589768091872
2445,1.7327437718824121,1.3891108391363733,0.3436329327460388
2446,1.114059790045046,0.9695557218330817,0.14450406821196426
2447,1.5779953221922438,1.1927728321131676,0.38522249007907616
2448,1.6964306989711386,1.2953848580163108,0.40104584095482787
2449,1.2686285822849608,0.9463022159288768,0.322326366356084
2450,0.19857864657386742,0.13170903352190588,0.06686961305196154
2451,1.6456319386366736,1.6124573059005791,0.033174632736094445
2452,1.0334877500859625,0.6829395650662248,0.3505481850197377
2453,2.6467993654864275,2.5017552447965925,0.14504412068983497
2454,0.5019596505167265,0.4882421682588743,0.013717482257852243
2455,0.6623545131348935,0.48570431734785124,0.17665019578704222
2456,0.4019309709276974,0.2194884174087555,0.18244255351894192
2457,0.6816938959862933,0.5412639859851193,0.140429910001174
2458,0.6215856780297415,0.2863422053754225,0.33524347265431903
2459,1.0189219889564753,0.8953944692313387,0.12352751972513665
2460,1.7193692166356744,1.5349518772212614,0.18441733941441307
2461,0.4916356198045272,0.1372835645638905,0.35435205524063673
2462,1.2014492457946624,1.1992166619881444,0.0022325838065180292
2463,-0.37954485537416766,-0.5009258141299644,0.12138095875579674
2464,2.101906078954418,2.1184807926212104,-0.016574713666792196
2465,2.546784250800777,2.270171649352605,0.27661260144817224
2466,1.4387211777082873,1.25035126964216,0.1883699080661274
2467,0.896237690630759,0.7421011284554451,0.1541365621753139
2468,0.8065820001456182,0.731184046059821,0.07539795408579719
2469,0.6897838356908594,0.3798429364015292,0.3099408992893302
2470,1.6375194880606725,1.2826244902265376,0.3548949978341349
2471,1.6385346202798847,1.4541450511594674,0.18438956912041737
2472,0.281237983944939,0.15097330022255426,0.13026468372238473
2473,1.1696236836035852,0.9429270829490525,0.22669660065453268
2474,0.5463782413052006,0.610974459961063,-0.0645962186558624
2475,0.664663431666486,0.4822996767658297,0.18236375490065632
2476,0.7793407782850073,0.613892584455116,0.1654481938298913
2477,1.0317752326609624,1.0581984775607671,-0.026423244899804743
2478,1.6795988253808862,1.438080243112196,0.24151858226869027
2479,0.6946203385948527,0.4907981156740918,0.2038222229207609
2480,-0.04143494174710496,-0.30360907851277225,0.2621741367656673
2481,1.0054314521954681,0.7990869060654261,0.20634454613004205
2482,1.421763749664785,1.169124812225202,0.252638937439583
2483,0.36965323735704786,0.41464942593165094,-0.04499618857460308
2484,1.7146056220800494,1.4101794355855202,0.30442618649452924
2485,2.1854294938309144,1.9822770156054703,0.20315247822544413
2486,0.7828216650195923,0.6023030047039234,0.18051866031566888
2487,0.09931269662491142,0.10871692513314758,-0.009404228508236162
2488,1.0264519221643773,0.9509698983535141,0.07548202381086322
2489,1.0000625749781518,0.7752393728909427,0.22482320208720907
2490,1.4391055717895782,1.1570881401729545,0.28201743161662374
2491,0.16261897318560495,-0.029261116673614064,0.191880089859219
2492,1.0533485110480998,0.8090895293992921,0.24425898164880766
2493,0.5796929365107173,0.39581460149487285,0.18387833501584444
2494,0.8213901360013689,0.7591678700864098,0.06222226591495905
2495,-0.0762669325669949,-0.278173875881511,0.20190694331451609
2496,1.6287119175497045,1.23517660643555,0.3935353111141544
2497,1.1279085041591619,0.9993340231766841,0.1285744809824778
2498,1.1474550943930493,1.145219164759727,0.002235929633322309
2499,1.375442053510865,1.3870123976329152,-0.011570344122050269
2500,1.594523909912715,1.3666731935712804,0.22785071634143472
2501,2.8790297269376337,2.606368217203832,0.27266150973380165
2502,2.0122083500193453,1.8751382957573697,0.1370700542619756
2503,1.5178032994383441,1.3664103705670179,0.15139292887132627
2504,-0.21519167497830177,-0.30466188217499074,0.08947020719668897
2505,1.9897032105045385,1.8499633738887789,0.13973983661575962
2506,0.12563689385967866,-0.08568000754275493,0.2113169014024336
2507,2.148908967251271,1.6768304525267101,0.47207851472456097
2508,0.14912741333898302,-0.1705829984033171,0.3197104117423001
2509,0.9141755085298789,0.741187243100402,0.17298826542947698
2510,1.3917609369850605,1.04867563745113,0.34308529953393063
2511,0.29460877011654374,0.19552761945745775,0.09908115065908599
2512,1.0787684811827818,1.2112871893675792,-0.13251870818479738
2513,2.229607321672399,2.0487133405205444,0.18089398115185462
2514,1.8328328002368317,1.859259953792259,-0.02642715355542724
2515,0.5318685257203066,0.24187876723937962,0.289989758480927
2516,1.7452636205491983,1.3592406075435972,0.38602301300560105
2517,1.9686922435267682,1.639841300550882,0.32885094297588613
2518,1.6367809102748905,1.3137054412302176,0.3230754690446729
2519,1.832132107557673,1.6996654655703385,0.1324666419873346
2520,1.276410610530207,1.0463962695964346,0.2300143409337725
2521,1.5492270277468,1.7229499575494833,-0.17372292980268322
2522,0.6021418600999962,0.3864767129038238,0.21566514719617236
2523,1.0625184016544365,0.8674704517793649,0.19504794987507157
2524,0.9853093633069089,0.8427620026751654,0.14254736063174345
2525,2.684374047185333,2.605650009422555,0.07872403776277803
2526,0.5586393737102899,0.3999037853814463,0.15873558832884366
2527,2.626252076798209,2.422278743518755,0.20397333327945422
2528,1.6055588044570182,1.420081977423411,0.18547682703360713
2529,1.1477879515106515,0.7948943338777859,0.35289361763286564
2530,1.167800020130897,1.0097093742820975,0.1580906458487994
2531,-0.2089051385708537,-0.4324985658556804,0.22359342728482673
2532,0.907981100422982,0.6630845720768072,0.2448965283461748
2533,1.6845364047561617,1.2980018962865967,0.38653450846956505
2534,1.8167839530680616,1.7439674542067451,0.07281649886131647
2535,0.7107527826903263,0.5545280759281928,0.15622470676213351
2536,0.5891676340534939,0.4079997109314098,0.18116792312208413
2537,0.7628460246735282,0.5558809773013207,0.20696504737220756
2538,2.175520233035005,2.107434728989145,0.06808550404586011
2539,0.7580081261381943,0.6204081841828724,0.137599941955322
2540,0.5939859582439946,0.5712357459386379,0.022750212305356676
2541,0.6937540687148107,0.554111389550314,0.13964267916449669
2542,0.5413358047281134,0.2684605907160226,0.2728752140120908
2543,0.9234497211555445,0.9520704621859941,-0.028620741030449648
2544,0.5089990147499155,0.276772433399,0.2322265813509155
2545,1.0411377651033,0.8299482161734961,0.2111895489298039
2546,2.450732145871591,2.256027985349379,0.19470416052221218
2547,2.717051072394314,2.6288581911729736,0.08819288122134061
2548,1.0301364437696803,0.8762037900777949,0.15393265369188536
2549,1.534580537677329,1.3854358375893467,0.1491447000879822
2550,1.404530729583124,1.1876758321084728,0.21685489747465114
2551,0.38882001543772204,0.2049277374875675,0.18389227795015453
2552,1.1603417281530342,1.1210275546473034,0.03931417350573074
2553,1.493085727998383,1.069512876432705,0.4235728515656778
2554,0.49062084364309094,0.1130670787103305,0.37755376493276044
2555,0.6799832639039355,0.5728055929036131,0.10717767100032238
2556,1.6744272382654113,1.56564452457507,0.1087827136903412
2557,1.952419063117809,1.7428918598047978,0.20952720331301133
2558,0.5853453211872135,0.3709284199909977,0.21441690119621581
2559,1.5941326091840213,1.3566120549441472,0.23752055423987417
2560,2.8982418607509297,2.7665096802617413,0.13173218048918844
2561,0.24413234738773773,0.19631681302565798,0.04781553436207975
2562,1.3876039626288394,1.25292344440828,0.1346805182205595
2563,1.9245857771206336,1.6370655810948225,0.28752019602581114
2564,-0.2629213561083119,-0.5001555686422351,0.23723421253392318
2565,0.5069156471694429,0.4780945516858737,0.028821095483569203
2566,0.6870722620479603,0.6174384378026393,0.06963382424532105
2567,1.524139420456087,1.2793325539073188,0.24480686654876815
2568,0.9997016315946742,0.8711467096431512,0.12855492195152296
2569,0.35503546855065066,0.2061126363436827,0.14892283220696795
2570,1.939619335927077,1.5935150962895144,0.34610423963756265
2571,1.838974136247273,1.6171364881809072,0.22183764806636574
2572,2.3880688642069843,1.966472012900586,0.42159685130639835
2573,1.4533047020140648,1.2045512475843454,0.2487534544297194
2574,0.6347192203144398,0.46551238195938904,0.1692068383550508
2575,1.5337798972025383,1.2515865041118006,0.28219339309073765
2576,2.031114810371174,1.7627536608019891,0.26836114956918466
2577,1.349948346779181,1.170571541895829,0.17937680488335217
2578,0.8743124808914324,0.6200275396952571,0.2542849411961753
2579,0.7045324111235534,0.6184387724691361,0.08609363865441721
2580,3.7510584625624563,3.5672300139237425,0.18382844863871384
2581,-0.31425262621124034,-0.5605894049379532,0.24633677872671284
2582,0.5106137314298455,0.3577232325479896,0.15289049888185585
2583,1.4075510682593697,1.3549422124863701,0.05260885577299956
2584,1.458880033510936,1.3239464779693675,0.1349335555415685
2585,2.1369874356338046,1.8255546454975904,0.31143279013621417
2586,2.680574711212052,2.462342332439615,0.21823237877243695
2587,1.2984213881691697,1.2319312388044361,0.06649014936473363
2588,1.4680401579112485,1.3168950702072189,0.15114508770402968
2589,0.8512309591496053,0.41637684691214233,0.434854112237463
2590,1.8808749285958635,1.6379893618932622,0.2428855667026013
2591,0.642284720356345,0.4592155886186693,0.1830691317376757
2592,1.8437387266855527,1.3339889521247545,0.5097497745607982
2593,0.7521663782335684,0.5410880099928014,0.21107836824076698
2594,-0.7413432360028722,-1.0269547242883805,0.2856114882855083
2595,1.5957702035066201,1.4547935463360684,0.14097665717055174
2596,0.36056907123889026,0.40267665431246097,-0.04210758307357071
2597,1.3690868468417057,1.1931948971486777,0.17589194969302802
2598,1.6783305977003042,1.4552959052637489,0.22303469243655538
2599,1.1877847160913644,0.989437724351278,0.1983469917400864
2600,1.5552034448899716,1.4604114343015344,0.09479201058843723
2601,1.086515081128344,1.0106516120698446,0.07586346905849939
2602,0.10818498430052419,-0.07873050082107061,0.18691548512159478
2603,0.8156212059827905,0.8644431524249373,-0.04882194644214677
2604,1.648658323060761,1.4596906484490317,0.18896767461172925
2605,-0.17019102418333196,-0.34936800857864975,0.1791769843953178
2606,0.31558383528925543,0.2006265425820815,0.11495729270717392
2607,1.8028519175817428,1.5626061722541718,0.24024574532757104
2608,0.9008605314294679,0.5814914411953043,0.3193690902341636
2609,1.0509859601924234,0.749626372961511,0.3013595872309124
2610,1.1517190916532134,0.9964895836920057,0.1552295079612077
2611,0.709462001433341,0.5158295598090775,0.19363244162426352
2612,-0.038172456294747525,-0.2321954014921674,0.1940229451974199
2613,0.39073484083213705,0.326337635562167,0.06439720526997006
2614,2.4594159203815393,2.3591540369239223,0.100261883457617
2615,2.562926679655424,2.461852332047848,0.10107434760757616
2616,0.9057998810695987,0.4972291430137518,0.4085707380558469
2617,1.1959288263388628,0.7677752643343431,0.4281535620045197
2618,0.6866327697498456,0.3642299688737947,0.32240280087605083
2619,1.0685766117620141,0.8209068487457539,0.2476697630162602
2620,1.501753675546454,1.4220989105829924,0.07965476496346158
2621,1.681149137426479,1.582679012670826,0.0984701247556532
2622,1.7252762440976537,1.672200298001959,0.05307594609569466
2623,2.367124818320017,2.0792230370474054,0.2879017812726117
2624,0.6807745570054657,0.7813342707706707,-0.100559713765205
2625,0.7915742873996601,0.6188117607823501,0.17276252661730995
2626,0.4943733066596719,0.18298989515027533,0.3113834115093965
2627,0.7567505413202389,0.6856778446073282,0.07107269671291072
2628,1.401264346821555,1.1569797810765345,0.24428456574502055
2629,-0.7129849750766709,-0.9888662924197613,0.2758813173430904
2630,1.4021262315500673,1.1508595742482215,0.25126665730184583
2631,0.5720068605490357,0.2402852589493974,0.3317216015996383
2632,1.3437510419404153,0.9405124405840717,0.4032386013563436
2633,0.7283033680865322,0.5545862293198002,0.173717138766732
2634,0.9099473876541082,0.6078797092638843,0.30206767839022386
2635,1.0048457320710924,0.9410750314746655,0.06377070059642687
2636,1.42506478861449,1.3327906250717505,0.09227416354273954
2637,1.6577499420842892,1.4739274817731949,0.18382246031109428
2638,0.8455969181501107,0.8443046847812173,0.0012922333688933918
2639,0.9558241575931997,0.6980252404145486,0.2577989171786511
2640,2.7202357718376184,2.3228727898339767,0.39736298200364173
2641,1.091331756209677,1.114165763027223,-0.022834006817546104
2642,0.6063134563732955,0.3580370760950633,0.24827638027823218
2643,0.4334181345000342,0.36281917848839335,0.07059895601164085
2644,1.6538122333055816,1.2974766843649512,0.35633554894063035
2645,1.4983742102850177,1.3193959894013028,0.17897822088371496
2646,0.6467996453130428,0.4592682897434472,0.1875313555695956
2647,0.9987839646129181,0.7585311011907446,0.24025286342217345
2648,1.6887696194770294,1.5647151361959981,0.1240544832810313
2649,0.4374372472660684,0.2456804386949823,0.19175680857108612
2650,0.859574128471741,0.8142273481045613,0.04534678036717965
2651,0.37498068323322425,0.20602721866044138,0.16895346457278287
2652,0.7366294569607191,0.7490631439051046,-0.012433686944385514
2653,1.103065448713004,0.9591422794489807,0.14392316926402338
2654,1.8081574880343014,1.560231947568111,0.24792554046619042
2655,-0.4539232066809749,-0.531587630480671,0.07766442379969613
2656,1.1156166308634876,1.144088063211107,-0.028471432347619396
2657,1.6528541948416713,1.4115678504469344,0.24128634439473684
2658,0.4213825794728908,0.331237845145391,0.09014473432749981
2659,0.09709823119887774,-0.11172383833521358,0.20882206953409133
2660,1.6962301360031327,1.3903111530059609,0.3059189829971718
2661,1.4583317136260536,1.2869150306563195,0.1714166829697341
2662,2.70604083612997,2.5005051907598235,0.20553564537014646
2663,0.47914531573352387,0.11826137344208766,0.3608839422914362
2664,1.5770900362172406,1.4392322837337883,0.13785775248345233
2665,1.3814471569210804,1.1314713153735385,0.24997584154754193
2666,0.5739896449834151,0.46063802701432804,0.11335161796908705
2667,1.1887135217058755,1.1291789674152828,0.059534554290592734
2668,0.9694964882049164,0.859098477589599,0.1103980106153174
2669,1.4442696970537672,1.0201230335663423,0.4241466634874249
2670,1.000557766677613,0.7886991218636705,0.21185864481394256
2671,1.8781689111191904,1.6654805074079628,0.21268840371122755
2672,1.0502288805531,0.7989392573852311,0.25128962316786885
2673,1.187337020999195,1.1663450229077852,0.020991998091409725
2674,1.508757224586061,1.1910792805712211,0.31767794401483984
2675,1.592632160341199,1.3259638860780345,0.26666827426316453
2676,0.9309050420040353,0.7669130657498336,0.1639919762542017
2677,0.546717496104489,0.17076165076015154,0.3759558453443375
2678,1.7192887847679943,1.4181142984367856,0.3011744863312087
2679,1.9458309862451475,1.79285304954589,0.1529779366992574
2680,2.303160744475332,1.9870211752978966,0.3161395691774356
2681,0.6733470256612706,0.45312491445628883,0.22022211120498175
2682,0.7388046948547802,0.4962395040912341,0.2425651907635461
2683,0.2996783725622409,-0.09047723551133292,0.3901556080735738
2684,1.422402313455594,1.0949578802546056,0.3274444332009885
2685,0.7528560637482101,0.38539045066630717,0.36746561308190295
2686,2.304453728525122,1.7927455484208972,0.5117081801042249
2687,1.8240895623406885,1.7051495873642724,0.11893997497641617
2688,1.297060562018345,1.0086945150490552,0.2883660469692899
2689,0.5533522842072529,0.3074495497262619,0.24590273448099104
2690,1.8135796898107976,1.4901387494789684,0.32344094033182924
2691,1.7420353564199476,1.516062932152865,0.22597242426708264
2692,0.513419963409316,0.26220530910678946,0.2512146543025265
2693,1.5371108399292845,1.2308066293796585,0.3063042105496261
2694,1.5793432640854013,1.172146906535436,0.4071963575499653
2695,2.1749989141204353,2.0061976693817627,0.16880124473867264
2696,1.4402050469097671,1.443012895050922,-0.0028078481411548672
2697,0.246470602584054,0.18024824153890068,0.06622236104515333
2698,2.137679636176854,1.7657055281641054,0.37197410801274877
2699,0.690025936294812,0.3569451158071666,0.3330808204876454
2700,3.178466839941904,2.8919887379603777,0.2864781019815261
2701,0.5479380290014882,0.5126994789678722,0.03523855003361609
2702,0.9122704596278419,0.5529488614954435,0.3593215981323984
2703,1.7632779099736444,1.5243166212908625,0.23896128868278188
2704,1.3593900181979917,1.171724060390817,0.18766595780717465
2705,1.2670943181352632,1.177163868944951,0.08993044919031212
2706,1.0176935247011945,0.7185981522421818,0.29909537245901263
2707,1.1806972563302314,0.8126848344440492,0.3680124218861822
2708,1.1567292413646808,0.916372686080342,0.24035655528433886
2709,0.7574570911038739,0.7725203101096159,-0.015063219005741924
2710,0.2171469482963861,0.016894220148506327,0.20025272814787975
2711,1.6685421276872046,1.6509862125785715,0.01755591510863308
2712,0.8672440896849528,0.5373789703309352,0.32986511935401763
2713,1.0697929508196082,1.0195035823918117,0.05028936842779652
2714,0.3981761621659979,0.28070906273301405,0.11746709943298383
2715,1.6132571643066933,1.413094941084111,0.20016222322258237
2716,0.8848374053217233,0.7545089802729431,0.13032842504878017
2717,1.4128747125783252,1.1616184574655575,0.2512562551127677
2718,0.9851714490901516,0.8594473744927292,0.1257240745974224
2719,1.101721283639505,1.0769465149846251,0.02477476865487982
2720,1.8648359458662758,1.647488471643756,0.21734747422251988
2721,0.6490889280942997,0.3423221354106047,0.30676679268369506
2722,1.7566425482989358,1.5824773468218185,0.17416520147711734
2723,0.3855881221598174,0.21985867626277952,0.1657294458970379
2724,0.2658742227258006,0.16406328283416247,0.10181093989163811
2725,1.2322515241261902,0.7492284593649956,0.4830230647611946
2726,1.3729137555297648,1.085319253696611,0.2875945018331538
2727,0.011018596899199316,-0.22717768914036648,0.2381962860395658
2728,1.9786013059743432,1.763727760459482,0.21487354551486115
2729,1.262546633930337,0.8728810070352825,0.3896656268950546
2730,1.8942283165826463,1.6521972275020613,0.24203108908058502
2731,0.9687996004873877,0.8621889356517174,0.10661066483567028
2732,2.8819790286087206,2.8533843976830604,0.02859463092566017
2733,0.9136134198690694,0.7707309472815538,0.14288247258751563
2734,0.45239029874477443,0.19060850584884573,0.26178179289592873
2735,-0.020063410142648643,-0.12008797505644309,0.10002456491379444
2736,1.4911063445065136,1.3223844340683613,0.16872191043815232
2737,0.6792673325553626,0.4856422216648555,0.19362511089050716
2738,1.748309571366305,1.5974578267806991,0.1508517445856059
2739,0.895511440186938,0.6515402834297247,0.24397115675721326
2740,1.297489843396803,1.0166100317904851,0.2808798116063178
2741,0.8588166987587843,0.6272073566359211,0.23160934212286322
2742,0.9738022356224588,0.7274298719198248,0.24637236370263405
2743,0.8108895716140514,0.6812945309537635,0.12959504066028793
2744,0.5494679212461069,0.3780191247130274,0.17144879653307948
2745,0.917564057055784,0.6152246674892898,0.3023393895664942
2746,1.2847648563161151,1.2624124740257647,0.022352382290350414
2747,0.9223191682104293,0.7472087232516711,0.17511044495875816
2748,0.9314501053484256,0.6353644636699812,0.2960856416784444
2749,1.949602263522187,1.815072577545657,0.13452968597652992
2750,0.5388126806632404,0.4901836175522262,0.04862906311101417
2751,1.3507750187042886,1.1191520200135257,0.23162299869076297
2752,1.36084702398227,1.238773997988251,0.12207302599401904
2753,1.3240839164297487,1.2529081190407179,0.07117579738903079
2754,-0.09266162768535327,-0.2512820995746069,0.15862047188925363
2755,1.749668355694668,1.469479114201953,0.28018924149271496
2756,0.5656803935551448,0.5101861604408314,0.05549423311431334
2757,1.1595976836141988,0.8962143186616077,0.26338336495259107
2758,1.7630418138513932,1.5367794790007134,0.2262623348506798
2759,1.7184404969196905,1.4409484883339978,0.2774920085856927
2760,1.3336703810330193,1.1596800150576103,0.17399036597540896
2761,2.699987831024782,2.5972735539832317,0.10271427704155034
2762,0.7643827265689591,0.7863642946498859,-0.021981568080926772
2763,0.04763422037816806,0.017244226118888244,0.030389994259279813
2764,1.3450630989234154,1.0291755552066104,0.31588754371680494
2765,0.697316312910026,0.47205278058362576,0.22526353232640028
2766,0.762478148072905,0.646574580571578,0.11590356750132702
2767,1.9205014895560855,1.9176808334233661,0.0028206561327193125
2768,1.8658085080982456,1.7215282384371609,0.14428026966108476
2769,1.8695019384558613,1.6882880404544869,0.18121389800137444
2770,1.0610605587415143,0.9217888223455484,0.1392717363959659
2771,0.9195897273758393,0.6021377152451014,0.3174520121307379
2772,1.2353283995946405,1.0644189141698315,0.170909485424809
2773,1.605311550436652,1.3669942906495796,0.2383172597870724
2774,1.224179407399783,1.1395787202632115,0.08460068713657143
2775,1.6686319898923048,1.5277259323763202,0.14090605751598462
2776,0.8506511967982946,0.7692651522532438,0.08138604454505083
2777,1.0663559953735677,0.797371287975413,0.2689847073981547
2778,2.2331643216714276,2.1664151460154843,0.0667491756559433
2779,2.043421388062733,1.6517125896725626,0.39170879839017037
2780,1.5579484512565067,1.4943058084315208,0.06364264282498588
2781,1.3060795433387127,1.1415916256067693,0.16448791773194338
2782,1.363498343787662,1.1806484919374882,0.18284985185017377
2783,0.2720598400875329,0.13238781136455816,0.13967202872297477
2784,1.698624086660551,1.4259306528947742,0.2726934337657769
2785,1.5196993334952984,1.4061696766835188,0.11352965681177962
2786,1.4674334791399455,1.208100912108328,0.25933256703161756
2787,1.2778404590503956,1.1455330035839943,0.1323074554664012
2788,1.139625578717961,0.9655087296115367,0.17411684910642433
2789,1.7092621382726856,1.513194324957641,0.19606781331504464
2790,0.5737210965524935,0.41579226483438125,0.15792883171811223
2791,1.9609280575466275,1.8534798332096731,0.10744822433695433
2792,1.1753945779762711,0.9511186953781999,0.22427588259807119
2793,1.2698499273445223,1.1839070298974324,0.08594289744708994
2794,1.2766273673059796,1.2073179737777007,0.06930939352827892
2795,1.8687004619744025,1.7466978278294247,0.1220026341449778
2796,1.0037150806804764,0.8569476293870831,0.1467674512933933
2797,2.314666544049573,1.8820289991213768,0.43263754492819606
2798,1.2992047487708651,0.9003523363006392,0.39885241247022596
2799,1.2283336128592293,1.1153087088852687,0.11302490397396059
2800,1.5875566148267153,1.5000843765306011,0.08747223829611417
2801,2.3604553065044063,2.231144923027777,0.12931038347662938
2802,1.8168179335047274,1.7178358854297366,0.09898204807499078
2803,2.2374510431828964,2.0429472516902476,0.19450379149264885
2804,1.8309118892973202,1.568868749276729,0.26204314002059115
2805,1.0516608169723818,0.7084061820203719,0.3432546349520099
2806,1.1520408310830006,0.7215044457945949,0.43053638528840565
2807,2.250097360992036,1.9103163695279266,0.33978099146410945
2808,0.12669839730988092,-0.025851968694643183,0.1525503660045241
2809,1.9019289050798716,1.845907894194162,0.05602101088570954
2810,1.3574221721968271,0.9389335585719382,0.418488613624889
2811,2.1283103525223224,1.8728199704697743,0.25549038205254804
2812,0.7852971661472431,0.7794688249114914,0.005828341235751711
2813,0.4700819596811485,0.2472943440595538,0.22278761562159471
2814,1.571554549591536,1.3815617036379555,0.18999284595358046
2815,0.9012729809628283,0.7051324378440238,0.19614054311880447
2816,0.27408902068727947,-0.10357050451688844,0.3776595252041679
2817,0.8106521302545016,0.6375262642520476,0.17312586600245394
2818,1.6419088955218721,1.5573506965002806,0.08455819902159156
2819,0.27371027403821196,0.16850738300706092,0.10520289103115105
2820,0.0036438436075323147,-0.082785434386301,0.0864292779938333
2821,1.6510785134291401,1.7832309573004315,-0.13215244387129133
2822,0.6850501684895851,0.5414546226747898,0.14359554581479528
2823,1.73664551159674,1.5676929676630873,0.16895254393365278
2824,1.4157870043397793,1.180416925529497,0.23537007881028238
2825,1.6669137476150069,1.4671399394841143,0.19977380813089263
2826,-0.28620402309515247,-0.4355594699634571,0.14935544686830465
2827,0.5462454338730458,0.2895470111158868,0.256698422757159
2828,1.2476576243861448,1.0479399854147435,0.19971763897140127
2829,1.1117943241518946,0.83818783147066,0.2736064926812346
2830,0.056553278788195195,-0.06508082308427846,0.12163410187247364
2831,1.137835486141893,1.0650007702865947,0.07283471585529822
2832,0.973823040580279,0.7709971778806153,0.20282586269966374
2833,1.2538684589865117,0.9348874603826014,0.31898099860391027
2834,1.4633027270530168,1.1740769350634863,0.28922579198953047
2835,1.3025406852683288,1.194800660882163,0.1077400243861657
2836,1.670237763709554,1.489210873709244,0.18102689000031003
2837,1.3489979242500583,1.128866407480575,0.22013151676948328
2838,1.247791273224032,1.0502729760909253,0.19751829713310665
2839,0.5538338242862462,0.4088636045715275,0.14497021971471868
2840,1.7680566240361157,1.687497983634702,0.0805586404014138
2841,0.9410804280168289,0.9562253977479581,-0.01514496973112922
2842,1.7164497999915649,1.6448529887959047,0.07159681119566019
2843,2.086490519234666,2.035563230836276,0.05092728839838978
2844,2.047628983769387,1.8105798573130467,0.23704912645634013
2845,1.3187081885640863,1.169569178770342,0.1491390097937444
2846,1.8145671645555201,1.7628038840244247,0.05176328053109547
2847,1.2749269348476133,0.9255737167321861,0.3493532181154272
2848,1.0184628682740788,0.6413310927471347,0.3771317755269441
2849,2.3075344651993173,1.899838258839905,0.4076962063594123
2850,2.082567897019034,1.8577850766068693,0.2247828204121649
2851,2.003917615798504,1.6379647735580818,0.36595284224042235
2852,0.5064070354766027,0.21719434391196676,0.2892126915646359
2853,1.2204066131645093,1.26767424054673,-0.04726762738222079
2854,1.0125156145656948,0.7680041509830898,0.244511463582605
2855,1.3964894772642893,1.210985892122531,0.18550358514175835
2856,2.097280043683766,2.049268073741451,0.04801196994231516
2857,1.567719210970117,1.4840727651157009,0.08364644585441616
2858,1.1504454686625063,1.0318423692926817,0.1186030993698246
2859,2.709806077294674,2.5358113505205,0.17399472677417416
2860,0.9403625129911358,0.697237485592305,0.2431250273988308
2861,1.0511391692160073,0.984621290766997,0.06651787844901025
2862,1.2883106885286182,0.9366570434160113,0.3516536451126069
2863,1.5995389287067923,1.3682749614246539,0.23126396728213838
2864,0.8806575909194527,0.6559936775781311,0.22466391334132163
2865,1.518991994429861,1.3313086601176694,0.18768333431219175
2866,1.341648627524348,0.9833877176393379,0.35826090988501014
2867,0.9138407682790591,0.8160058828943778,0.09783488538468132
2868,1.068171407066195,0.8477537716413484,0.2204176354248466
2869,1.5014438361880103,1.3875726365662155,0.1138711996217947
2870,1.6912457342808165,1.7297334507697253,-0.03848771648890881
2871,0.789264251472291,0.6233661249703898,0.16589812650190117
2872,1.038358492361673,0.6643311221215501,0.374027370240123
2873,0.4418853122561373,0.23628005741108424,0.20560525484505307
2874,1.654179399853089,1.4373845784870192,0.21679482136606976
2875,0.8664527975194932,0.7332121993634888,0.13324059815600442
2876,1.8510902036644226,1.6197800607036186,0.231310142960804
2877,1.7401294897376511,1.452152500054082,0.2879769896835691
2878,0.7395455297980531,0.6834847561338713,0.05606077366418183
2879,1.1797596427361132,0.8629437001613852,0.316815942574728
2880,0.04784479813897849,0.024924165355235884,0.022920632783742605
2881,1.851054963925385,1.5132567636473724,0.33779820027801266
2882,1.4281906586855588,1.0560057629710333,0.3721848957145255
2883,1.0101961512451407,0.997145561003324,0.013050590241816762
2884,1.189952530264563,1.0148186798996173,0.17513385036494578
2885,1.4984108469101094,1.3156743135525175,0.18273653335759188
2886,-0.3860031498538535,-0.4920509901912187,0.1060478403373652
2887,1.9645543107796686,1.771495581361309,0.19305872941835966
2888,3.03271563861374,2.7297157975518322,0.3029998410619079
2889,0.17176617682772652,-0.2558610978387989,0.4276272746665254
2890,1.225504041151451,0.9928148120730098,0.23268922907844125
2891,-0.5325944224907153,-0.7777330444044249,0.2451386219137096
2892,0.8824768141170632,0.5348416117403645,0.34763520237669876
2893,1.1083083759649859,0.8447808626584337,0.2635275133065522
2894,1.2521378693385292,0.9812427247651457,0.2708951445733835
2895,0.5245050540992495,0.45956435714488153,0.064940696954368
2896,2.0118982923547413,1.9037456794604575,0.1081526128942838
2897,1.590825315197358,1.443487924343556,0.14733739085380182
2898,0.049013495257383896,-0.3063223571294316,0.35533585238681553
2899,0.6698174393294302,0.5136418027435279,0.15617563658590228
2900,0.5087081846662058,0.4903894191600131,0.018318765506192713
2901,1.1371269454098414,0.7651488706008859,0.3719780748089555
2902,1.7375332915467985,1.4590020323225006,0.2785312592242979
2903,0.6443524660920787,0.5456351621201787,0.09871730397190004
2904,0.9730594535300242,0.9416700794980142,0.03138937403201003
2905,0.8349488218087355,0.6359886099212668,0.1989602118874687
2906,1.953961740260082,1.90822564164398,0.04573609861610195
2907,-0.6366619579521673,-0.7925041629119542,0.15584220495978696
2908,1.777164748693911,1.7396482485187625,0.037516500175148515
2909,0.5241418331015029,0.45554376584645484,0.06859806725504802
2910,1.3808874562328675,1.1642716444536276,0.21661581177923983
2911,0.8329611501075902,0.6403036398488013,0.19265751025878886
2912,0.5097469486609645,0.6579316073603599,-0.14818465869939546
2913,1.9726780476083134,1.6232202580456052,0.34945778956270823
2914,1.5813717642990115,1.4343841473628751,0.14698761693613638
2915,0.48666697607605425,0.3238445093335692,0.16282246674248507
2916,1.1053421126512766,0.9531941060772644,0.15214800657401217
2917,1.344382379599994,1.3945183035666755,-0.05013592396668143
2918,0.5032283763925938,0.3969912878961124,0.10623708849648139
2919,1.2926861378646124,0.8846036730212179,0.4080824648433945
2920,0.5954949914938884,0.5446493053393074,0.05084568615458096
2921,0.2184266444398069,0.03729505916615333,0.18113158527365356
2922,1.4199136698528545,1.218895888403493,0.20101778144936144
2923,0.9903149752784586,1.0070545810883857,-0.01673960580992717
2924,0.9729945299868266,0.8846327618284616,0.08836176815836494
2925,-0.01026324395012633,-0.08638680139079974,0.07612355744067341
2926,-0.01785727092798875,-0.3363843857362713,0.31852711480828255
2927,0.5682735438883209,0.3625828540164424,0.20569068987187844
2928,1.3461768416857618,1.1486937967666895,0.19748304491907231
2929,1.1638506589256141,1.0852258788147702,0.07862478011084395
2930,-0.5416049831369446,-0.7034843283589326,0.161879345221988
2931,1.288421530362441,1.1811045794000954,0.1073169509623455
2932,0.35470486647171195,0.19355138384202836,0.1611534826296836
2933,1.9590425479565499,1.6933869247820164,0.2656556231745335
2934,1.6941891889298795,1.511264590555536,0.1829245983743435
2935,1.9885462887661336,1.763554958864032,0.22499132990210158
2936,1.96973333104771,1.8715091081000816,0.09822422294762845
2937,2.3931396519679597,2.112494966952237,0.28064468501572293
2938,2.170161738723714,2.1201870892982613,0.04997464942545271
2939,1.1257364489380663,0.733045488733129,0.3926909602049373
2940,1.4945462709696127,1.3649121020977217,0.12963416887189094
2941,1.4916700239060017,1.3577687319861647,0.13390129191983702
2942,0.7660739282668424,0.6788935681966772,0.08718036007016516
2943,0.5752064612338352,0.5725266302005172,0.0026798310333180364
2944,1.421837375842308,1.3555321420032107,0.06630523383909726
2945,0.6399102582902415,0.5057329311742157,0.1341773271160258
2946,1.1196967348586218,1.0779761486239583,0.04172058623466346
2947,1.0292103076871344,0.9351971761876546,0.09401313149947976
2948,2.4743036995746652,2.319540375871373,0.15476332370329215
2949,2.19710540760031,2.038486558845279,0.15861884875503085
2950,1.4976600076668456,1.29208699645625,0.20557301121059557
2951,1.3585052080966709,1.371692436561539,-0.013187228464868195
2952,1.3252668778217884,1.1334003200676472,0.1918665577541412
2953,1.8221422064766957,1.6505267185845578,0.17161548789213787
2954,0.22314734402110925,0.03363476364805764,0.1895125803730516
2955,1.0639205924984538,0.8895592816754916,0.17436131082296225
2956,1.0293570244712162,0.843471033044882,0.18588599142633422
2957,0.13837736910582144,0.13524379462896852,0.0031335744768529183
2958,-0.0801570284691196,-0.23429879616984378,0.15414176770072419
2959,1.6920763344448255,1.553815790061031,0.13826054438379454
2960,1.2874558327986545,1.2800577166801175,0.007398116118537024
2961,1.0172843746736515,0.925872873039499,0.09141150163415257
2962,0.947776338258154,0.6135157075556243,0.33426063070252965
2963,0.7771851427759846,0.5475010626164092,0.22968408015957542
2964,1.899638065024934,1.6895074644731258,0.2101306005518082
2965,1.373351591100082,1.193815346017677,0.17953624508240495
2966,1.7393079485479184,1.5768083208900892,0.16249962765782922
2967,0.8681518331207972,0.7345188421625283,0.13363299095826897
2968,2.021844391378762,1.9039823024180929,0.11786208896066919
2969,0.7219065953353355,0.42128146923178694,0.3006251261035486
2970,1.4877457781998777,1.2043563022887782,0.28338947591109953
2971,1.5233375948989774,1.3946374849453524,0.1287001099536249
2972,0.7696097256819435,0.47600477297772426,0.29360495270421927
2973,0.43056190021759383,0.20162051963433023,0.2289413805832636
2974,1.07209581332051,0.6556793138970407,0.41641649942346937
2975,1.4600243111821118,1.18115720058526,0.2788671105968519
2976,1.5823586777850918,1.5586249054781938,0.023733772306897993
2977,0.45613848992175365,0.07694861576347803,0.37918987415827565
2978,1.440050734419838,1.1182765867737572,0.3217741476460809
2979,1.0088975617371954,0.6730185352147451,0.3358790265224503
2980,0.7373893141288766,0.6229115958914766,0.11447771823740005
2981,1.5437633344238406,1.3260000232278277,0.2177633111960129
2982,1.6565480552081027,1.4940591621442665,0.16248889306383618
2983,1.6587268025839723,1.4982602784537966,0.1604665241301757
2984,1.1366030877723194,0.8732402707960092,0.26336281697631025
2985,-0.011433598272563803,-0.2033165479801446,0.1918829497075808
2986,0.11824832612287321,-0.08282370756967788,0.2010720336925511
2987,0.20897251797060204,0.016263682153992265,0.19270883581660977
2988,2.0140890106922797,1.7403407582378563,0.27374825245442347
2989,1.6716335591102556,1.3516603668924438,0.31997319221781173
2990,0.8340022765189868,0.813516584395839,0.02048569212314788
2991,0.6109133482360255,0.5781188333427476,0.03279451489327789
2992,1.738204372535105,1.5191929325076572,0.21901144002744788
2993,0.954034053185602,0.49262571061364935,0.4614083425719526
2994,-0.28204310764509366,-0.27835849071177554,-0.003684616933318119
2995,1.2173750568912185,0.8273617028783238,0.3900133540128947
2996,0.26169097941227293,0.16623439121542335,0.09545658819684957
2997,0.5969263562879387,0.25812714241134815,0.3387992138765905
2998,1.703152115586206,1.5504814730998129,0.15267064248639306
2999,1.453831521855761,1.402981254852669,0.05085026700309192
3000,1.6865545193735099,1.4485086496880593,0.2380458696854506
3001,-0.14755037641761223,-0.3311030476523274,0.18355267123471516
3002,1.055054621869195,0.8735698322107811,0.18148478965841386
3003,1.147282829093593,1.0249346843916358,0.1223481447019572
3004,0.49133239328264094,0.3868507830249088,0.10448161025773217
3005,0.6609450081934493,0.6387088341591562,0.02223617403429301
3006,1.390057671816249,1.2051040264265176,0.18495364538973136
3007,-0.12034763052617779,-0.18929804987624133,0.06895041935006353
3008,0.8856205860897981,0.7274683558539845,0.1581522302358136
3009,0.2466101341156887,0.20079726150255117,0.04581287261313752
3010,1.0375159863574388,0.7429551625286694,0.29456082382876936
3011,0.6861535997639169,0.5651908198482152,0.1209627799157017
3012,1.1980052833358315,1.0160055636568983,0.18199971967893314
3013,2.2095908722003337,1.962024151066818,0.24756672113351574
3014,1.4668567364555174,1.153586838331997,0.31326989812352046
3015,2.3043864148367708,2.1497959170404806,0.1545904977962902
3016,0.06045559927720257,-0.2024969954428994,0.26295259472010196
3017,1.1018762965106261,0.9794747600408,0.1224015364698261
3018,0.06465632928843394,-0.05115400521368901,0.11581033450212296
3019,1.4257019715734027,1.3554246530253131,0.0702773185480896
3020,1.9022555205494163,1.7503055770807245,0.15194994346869173
3021,2.19989591222343,1.78828351472109,0.4116123975023398
3022,0.5220460823728996,0.5510419613828332,-0.02899587900993361
3023,0.6512827860305276,0.45192114689574014,0.19936163913478744
3024,1.1350861132501204,1.0711972944605068,0.06388881878961361
3025,0.87645798389586,0.7353889642020912,0.14106901969376884
3026,-0.6045797640517141,-1.1228453818499111,0.518265617798197
3027,1.3769243865258067,1.2928991423649059,0.08402524416090085
3028,1.9165172967433064,1.7571456121026132,0.15937168464069318
3029,1.5152109737528423,1.4165000655755433,0.098710908177299
3030,1.6045099715884688,1.4490297255133726,0.15548024607509614
3031,1.5978117830054073,1.5356870451135693,0.06212473789183792
3032,1.174083123780497,1.0810156516188296,0.09306747216166733
3033,1.7268996481649466,1.5914041074501168,0.13549554071482972
3034,1.366632087645735,1.220742600955998,0.1458894866897369
3035,1.582646466608368,1.4209311722430205,0.16171529436534748
3036,0.8144701811067567,0.7102933656157124,0.1041768154910443
3037,0.11904607178145048,-0.034020669240537024,0.1530667410219875
3038,1.8231637888181949,1.6245901599304868,0.19857362888770802
3039,-0.16646253245491857,-0.490085872670324,0.3236233402154054
3040,2.0159097834258275,1.6242082893405774,0.3917014940852501
3041,1.8494183075477286,1.746833848863782,0.10258445868394661
3042,2.7442686851831506,2.5949732127555243,0.1492954724276263
3043,1.7754819921654967,1.544940762924253,0.23054122924124365
3044,1.2918682315135044,0.9568884961369595,0.3349797353765449
3045,-0.2953212043089973,-0.3641946843129117,0.06887348000391441
3046,0.17436208782743481,-0.14360337317765534,0.31796546100509016
3047,2.6792262629654746,2.6701514467343666,0.009074816231108063
3048,2.026847206403913,1.6307380776507512,0.39610912875316195
3049,1.289383244737856,0.9597889919118066,0.32959425282604937
3050,1.606289857450194,1.5177262717028457,0.08856358574734835
3051,1.3672051840792376,1.1664023483658372,0.2008028357134004
3052,1.3788963273003785,1.259020342973951,0.11987598432642743
3053,0.4647664136900318,0.49016829766410785,-0.025401883974076056
3054,0.9849062249385047,0.6776991048930133,0.30720712004549133
3055,0.5183143383887043,0.5548457230083986,-0.036531384619694296
3056,1.3237176140156608,1.3189047091609842,0.0048129048546765585
3057,0.0002402863928848965,-0.31394235414927,0.3141826405421549
3058,1.2688571955053156,1.1748702433137834,0.09398695219153219
3059,1.5266606809036145,1.2383785333439137,0.28828214755970083
3060,2.4023714376372287,2.045464493168573,0.3569069444686557
3061,0.9475947035075954,0.6398999377988267,0.30769476570876875
3062,0.3673469186799027,0.3331960015681261,0.03415091711177659
3063,0.49624322147909866,0.35344659144257484,0.14279663003652382
3064,0.15605143335289592,0.023264962787463938,0.132786470565432
3065,-0.3763532021893117,-0.5469380788181256,0.17058487662881394
3066,1.5810477275948391,1.354360520047898,0.22668720754694105
3067,0.01231571198505544,-0.1836144845281044,0.19593019651315982
3068,1.4325453275608768,1.0819660828371025,0.35057924472377433
3069,0.8465216177117615,0.5784475228423775,0.26807409486938394
3070,1.7546258355051152,1.4434826631924664,0.31114317231264876
3071,-0.05673703407900058,-0.11223054015125301,0.05549350607225243
3072,0.7818114743898247,0.45960331521966435,0.3222081591701603
3073,1.5981779493299482,1.5414021160189344,0.05677583331101377
3074,1.4633520275641039,1.1317275918075387,0.3316244357565652
3075,1.2783012986775613,1.1270459501412329,0.15125534853632838
3076,1.092268950576812,0.9575670906260629,0.13470185995074901
3077,1.22114035948402,0.8500028683679388,0.3711374911160812
3078,0.9112310886110683,0.7806974895468477,0.13053359906422057
3079,1.0908447452311483,0.9789899319255626,0.11185481330558567
3080,1.4584198725261353,0.9808200272440861,0.47759984528204913
3081,0.6513197099111367,0.4765400435477845,0.17477966636335224
3082,0.13663325199684523,0.1574696377101674,-0.020836385713322164
3083,1.592890959700439,1.2650187121872314,0.32787224751320765
3084,0.80447845140886,0.5993001147355008,0.20517833667335916
3085,0.9842627607122283,0.66943927024495,0.3148234904672783
3086,-0.17825302819621056,-0.3652901519268581,0.18703712373064754
3087,1.0792279025637934,0.9417648781154503,0.13746302444834313
3088,0.7198897164564376,0.5454803354660712,0.1744093809903664
3089,0.7716032139330938,0.5184909602755626,0.2531122536575312
3090,0.7843352094965858,0.5449906221679272,0.2393445873286586
3091,1.0608527746577094,0.9508494069233682,0.11000336773434127
3092,1.249667004019021,1.0832397417820463,0.16642726223697468
3093,2.219051582887473,2.267569628507508,-0.048518045620035366
3094,1.1767243309478874,1.0432170780939847,0.13350725285390275
3095,1.9339708154287623,1.7988666930189878,0.13510412240977443
3096,1.7276030876119428,1.5647277885066109,0.16287529910533194
3097,1.081038514892333,1.1528823107597523,-0.0718437958674194
3098,1.9109856727574193,1.5615275571476492,0.34945811560977
3099,1.589484410430534,1.3093172331584886,0.2801671772720453
3100,0.3824121049495491,0.01772273673631562,0.36468936821323344
3101,0.24636099823032653,0.0981048550278361,0.14825614320249042
3102,1.3402818703349504,0.9696104477372903,0.37067142259766006
3103,1.2971278024015573,1.0945368834237745,0.2025909189777828
3104,0.13983631882160125,-0.0448902826588609,0.18472660148046216
3105,2.156993586389057,2.0890507681049533,0.06794281828410353
3106,0.9556031321977024,0.9619385018683072,-0.0063353696706047735
3107,0.9105350590612591,0.7299935659475484,0.1805414931137107
3108,0.86861702883971,0.562047453117999,0.30656957572171106
3109,0.7278611853227384,0.317391707726223,0.41046947759651536
3110,1.8174716869951932,1.6039864530381693,0.2134852339570239
3111,0.5944253605065589,0.35738985337155577,0.23703550713500315
3112,1.5762275606246128,1.3475242109987224,0.22870334962589034
3113,0.93027291885691,0.6741688015003179,0.2561041173565921
3114,0.1269675535550708,0.09387765015146353,0.033089903403607276
3115,0.4422838660610086,0.2629665635296294,0.17931730253137923
3116,0.17985606733364867,-0.05194488537361001,0.23180095270725867
3117,1.9138367003415424,1.9093016447894882,0.004535055552054246
3118,1.3313855722613117,1.352216714513216,-0.0208311422519043
3119,1.48353456713314,1.243896090022872,0.23963847711026798
3120,2.195613391104597,2.1081735825177867,0.08743980858681022
3121,1.5316654055564436,1.4394897798434818,0.09217562571296178
3122,0.47302271145105584,0.33741080012835023,0.13561191132270561
3123,2.9297429296700557,2.632855684938759,0.29688724473129646
3124,0.4958558034070365,0.40516804530018413,0.09068775810685237
3125,1.4586719111582933,1.093638706323251,0.3650332048350422
3126,1.0832896296440324,0.8199548033207683,0.2633348263232641
3127,1.2147913292817765,0.878019973262468,0.3367713560193085
3128,0.6993362291798997,0.32948423339738475,0.36985199578251493
3129,0.4990143115932723,0.18805285205142414,0.3109614595418482
3130,0.9860442983434686,0.7121346428664617,0.27390965547700696
3131,1.1321459790846753,0.9967129705461375,0.1354330085385378
3132,0.02351211579749887,-0.3143354266035725,0.33784754240107134
3133,0.49259386497622903,0.3246689894795048,0.16792487549672425
3134,-0.2578913278826862,-0.30047085130636375,0.042579523423677546
3135,2.802285733501291,2.5881323434589887,0.2141533900423025
3136,1.3622897458515961,1.3707948204476683,-0.008505074596072193
3137,-0.5211156999652397,-0.6618321820352684,0.14071648207002874
3138,1.1922019116822644,1.112157955620582,0.08004395606168235
3139,1.512380171462551,1.4471477892831552,0.06523238217939586
3140,2.7913769401942945,2.64049854453488,0.15087839565941463
3141,0.387371800699,0.22682413572488425,0.16054766497411577
3142,3.3068931203511096,3.0366705133473992,0.27022260700371037
3143,1.5447616320096256,1.2281267533806846,0.316634878628941
3144,1.1642812204329553,1.1292013463977915,0.03507987403516388
3145,2.076034663728467,1.932255179687455,0.14377948404101182
3146,1.5579458716338896,1.4037542060142016,0.154191665619688
3147,1.5014312844333761,1.5782065170472332,-0.0767752326138571
3148,0.8242878962763178,0.5277482131446055,0.2965396831317123
3149,1.3429754874917461,1.2295005830973393,0.11347490439440677
3150,1.1441697319349478,1.08196839097557,0.06220134095937779
3151,0.5026465881810557,0.29862541593140784,0.20402117224964783
3152,0.746066856661652,0.6359639698589457,0.1101028868027063
3153,0.6383435624918197,0.4959089387196159,0.14243462377220378
3154,1.7645030310528806,1.4834412596962672,0.2810617713566135
3155,1.8792820661286296,1.7234174413950725,0.1558646247335571
3156,1.5423371833367692,1.279675989613102,0.26266119372366714
3157,0.7914196636509112,0.6179556150773435,0.17346404857356768
3158,1.9410957758283094,1.6170551094849235,0.3240406663433859
3159,0.7014793225520314,0.3948492887256004,0.306630033826431
3160,0.8087979046265523,0.6346443072009564,0.17415359742559589
3161,0.40636660835394667,0.026341950945358378,0.38002465740858826
3162,1.7953025095558828,1.4725262743109142,0.32277623524496857
3163,-0.2371658392493113,-0.20732690902389084,-0.029838930225420474
3164,1.2329168449306924,1.0670548210296382,0.1658620239010542
3165,1.7650958149263514,1.641049129327291,0.12404668559906029
3166,1.2505070689205493,0.9569951087453412,0.2935119601752081
3167,0.18660319554237162,0.27450694901455913,-0.08790375347218751
3168,2.321123490459433,2.2363668742282092,0.08475661623122388
3169,-0.11003054479632488,-0.17035822920507887,0.060327684408753995
3170,0.5829981185154621,0.5349404178295546,0.048057700685907534
3171,2.547516802709603,2.5508273000906754,-0.0033104973810722527
3172,0.03875445460598767,-0.004793106124209272,0.043547560730196944
3173,0.9365194125700188,0.8512896628549288,0.08522974971509001
3174,0.7107226638489064,0.4349097629010923,0.2758129009478141
3175,1.4797505933109425,1.4991881359383696,-0.01943754262742714
3176,1.1432116862079789,1.0759196990297994,0.06729198717817941
3177,1.3463327417414195,1.0750849924315817,0.27124774930983775
3178,1.3876047995076133,1.0380849554592724,0.3495198440483409
3179,1.4302153131717372,1.2351914340499688,0.19502387912176844
3180,1.126008407759965,0.877051987271783,0.248956420488182
3181,0.46084505029107864,0.2786111998697014,0.18223385042137724
3182,2.048385060028313,1.7550331469297178,0.2933519130985953
3183,-0.2634364402645564,-0.40922513092775825,0.14578869066320183
3184,3.2334369562973926,3.02912498191869,0.20431197437870274
3185,0.8916259115653151,0.6827706651210876,0.20885524644422748
3186,1.0308393762274122,0.6870366727918498,0.3438027034355624
3187,0.7819354053533225,0.5601957051739963,0.2217397001793262
3188,1.7564165663469546,1.6573517696513425,0.09906479669561219
3189,1.1035524219189252,0.8437864255823861,0.2597659963365391
3190,0.12926601211034747,-0.041021431843473205,0.17028744395382067
3191,0.42750364074233077,0.011190732419232555,0.4163129083230982
3192,1.9207200520642962,1.5959009886779476,0.3248190633863486
3193,1.2177435306312319,1.172305299077979,0.045438231553252884
3194,1.0807777568286923,0.9989870706755167,0.08179068615317553
3195,2.4389314978025736,2.1600593356458084,0.27887216215676514
3196,-0.07142698073702745,-0.23065664278574818,0.15922966204872074
3197,1.6218981086962914,1.3346570762089403,0.2872410324873511
3198,1.787826596908163,1.4182934351177838,0.3695331617903792
3199,1.997045066540836,1.6556655768853419,0.34137948965549403
3200,1.2454031042016174,1.01086697186825,0.23453613233336745
3201,1.242881432804455,1.0451896694850658,0.1976917633193893
3202,0.6959891354522257,0.5527315895271436,0.1432575459250821
3203,0.36138713656099924,0.40114930261060766,-0.039762166049608416
3204,0.42683333414418023,0.44326196930860556,-0.01642863516442533
3205,0.031450231288367665,-0.2592684978233775,0.2907187291117452
3206,1.9057995943403268,1.6333013930027718,0.272498201337555
3207,1.3856010637575948,1.294062431672873,0.0915386320847218
3208,-0.5165747022795727,-1.0035197217819187,0.48694501950234603
3209,1.2156689385051538,1.0625132447940284,0.15315569371112536
3210,2.2806568445390947,1.9240621931967186,0.3565946513423761
3211,1.298975279632141,0.7979073225236195,0.5010679571085215
3212,-0.4167372114034217,-0.41239226539939144,-0.004344946004030237
3213,1.4562265292194203,1.3264923839688458,0.12973414525057447
3214,-0.5070924908224017,-0.5602904685705777,0.05319797774817603
3215,0.4498696414963328,0.19772760215211188,0.2521420393442209
3216,0.5901700094654732,0.3718181096089242,0.21835189985654896
3217,1.6646279426322645,1.2467265888599304,0.41790135377233417
3218,0.14836023171956908,-0.03185173987423387,0.18021197159380295
3219,1.6652640523613655,1.393369409604579,0.27189464275678654
3220,-0.40198357847525923,-0.6264348298869499,0.22445125141169064
3221,0.8026463368264889,0.5416210672931852,0.26102526953330374
3222,1.4240425819189848,1.2497548232546598,0.174287758664325
3223,0.8517802024054031,0.6521235782318568,0.19965662417354624
3224,0.36945887223228874,0.21702072481755916,0.15243814741472958
3225,-0.05317425094734558,-0.38165264285069717,0.3284783919033516
3226,0.37936945385247056,0.27257897681239474,0.10679047704007583
3227,2.5269024159330002,2.4744763037126303,0.05242611222036997
3228,0.8936853892347649,0.8222475738206694,0.07143781541409555
3229,1.0972778916482289,0.6560757091353668,0.44120218251286203
3230,1.4354679951274654,1.410476851338797,0.02499114378866829
3231,0.9030328889139642,0.8419989106046336,0.06103397830933055
3232,1.4453066058407853,1.2797751008854117,0.1655315049553736
3233,1.5673842526848425,1.1941253740238962,0.3732588786609463
3234,0.5100407869420348,0.48695627495517063,0.023084511986864176
3235,0.9215519120756575,0.9169808045955548,0.0045711074801026985
3236,1.8418009690090342,1.4876312479382,0.35416972107083433
3237,0.7034321460270492,0.670621829505746,0.03281031652130317
3238,1.4341037485476167,1.2769659018520094,0.15713784669560726
3239,1.5626064033798976,1.359063061086505,0.20354334229339255
3240,1.4138836725490287,1.1507072868847463,0.26317638566428236
3241,1.4772762222805318,1.1896243853283022,0.2876518369522296
3242,2.322828085609535,2.081772299688127,0.24105578592140775
3243,0.5193809418659011,0.36068521711208207,0.15869572475381905
3244,0.7849586148892648,0.6025388021608631,0.1824198127284017
3245,-0.2396604747316456,-0.2531625890708881,0.013502114339242532
3246,1.2399649609751495,0.9460518439550659,0.2939131170200836
3247,0.38112354681918237,0.4292343356898924,-0.04811078887071002
3248,0.552052221668975,0.47722935806265193,0.07482286360632312
3249,1.4623606823879098,1.2210386878308728,0.24132199455703707
3250,1.6927134469319454,1.437664437519161,0.2550490094127844
3251,0.9740253348574021,0.668890575225546,0.3051347596318561
3252,1.1225711739495627,0.7640638718679765,0.3585073020815862
3253,1.6827737674332195,1.4455540098619608,0.23721975757125868
3254,1.4576265961502468,1.2989360753154073,0.15869052083483948
3255,2.052721098781825,1.8832095009953285,0.1695115977864965
3256,0.0005013754383730916,-0.18084618826207474,0.18134756370044783
3257,1.0804167478370696,0.9494396425165679,0.13097710532050177
3258,0.9165736156646346,0.7768712722694819,0.13970234339515264
3259,1.8788140019888675,1.6224453096971991,0.25636869229166837
3260,1.241915707929863,0.9397869877182711,0.302128720211592
3261,-0.00943832534412172,-0.13200352499655063,0.12256519965242892
3262,0.40473333670378653,0.2795114943309657,0.1252218423728208
3263,1.5942277025434786,1.4143290366985577,0.17989866584492087
3264,1.326689386951287,1.2823704349904415,0.044318951960845565
3265,0.9987551858241881,0.8247830464280015,0.1739721393961866
3266,1.786746993089848,1.6932241160958768,0.09352287699397133
3267,-0.25846946117661596,-0.17507214342937064,-0.08339731774724532
3268,-0.15894315890830707,-0.17874723313552207,0.019804074227215
3269,2.4082846221514043,2.0653489973517414,0.3429356247996629
3270,0.36670891985951626,0.22394554010421971,0.14276337975529654
3271,-0.034775330172552396,-0.05781039723807279,0.023035067065520394
3272,0.8312632291083983,0.7480782145225258,0.08318501458587257
3273,0.8841060859572719,0.8515971375781667,0.03250894837910523
3274,0.9995885072877108,0.8805466372514085,0.11904187003630229
3275,1.2524020962164186,0.9901733653278949,0.2622287308885237
3276,1.2458704684472122,1.292317151098526,-0.04644668265131391
3277,0.6479110937067574,0.4771677466553434,0.17074334705141397
3278,0.5497617055274783,0.4335642805249296,0.11619742500254865
3279,0.9713082615072014,1.0686426426233975,-0.09733438111619608
3280,1.1982086457177494,1.1406972913584899,0.05751135435925958
3281,0.9232315075481546,0.7437925058519591,0.17943900169619553
3282,1.046998058814721,0.8025113823333674,0.24448667648135358
3283,0.42724926645241806,0.1994322323873199,0.22781703406509815
3284,0.48281075826355646,0.15246684664019747,0.33034391162335897
3285,1.5837884573384233,1.3562136397210574,0.22757481761736598
3286,2.0991703757385203,1.8564926948244123,0.24267768091410802
3287,1.6139199961029536,1.5744585195467715,0.03946147655618204
3288,2.1294152996204962,1.779952743777419,0.3494625558430773
3289,1.2195952878591916,0.9602304840536379,0.2593648038055537
3290,1.4707688393516094,1.2346994338179802,0.2360694055336292
3291,2.0115605205712086,1.78546358942755,0.2260969311436587
3292,0.5001458883929154,0.15362303003349914,0.34652285835941626
3293,1.1326526959320993,0.8093063926104018,0.32334630332169745
3294,1.4309334732063528,1.1998378667288523,0.2310956064775005
3295,1.6017056611737348,1.5083181698556993,0.09338749131803548
3296,0.5140377987038302,0.21924914336995652,0.29478865533387366
3297,2.0909016354018513,1.6952315561539484,0.3956700792479029
3298,-0.05935453348704856,-0.07407591933129755,0.014721385844248987
3299,1.672910739992644,1.516101949185699,0.15680879080694488
3300,1.274383138647479,1.2065722492745108,0.06781088937296831
3301,1.7190942190072582,1.7159010439117262,0.003193175095532075
3302,0.20983122390257206,0.1712626187921295,0.03856860511044255
3303,1.3863473722409971,1.434661707377925,-0.048314335136927955
3304,0.832270229996181,0.6854027375279229,0.14686749246825814
3305,2.2351763097502526,1.9489342503878897,0.2862420593623629
3306,0.8464209695507383,0.7180247111061674,0.12839625844457092
3307,0.9611356132531617,0.5273285605330578,0.4338070527201039
3308,0.8884962139841679,0.7188723695972247,0.16962384438694322
3309,1.0251852587295305,0.7411993490101552,0.2839859097193753
3310,0.9544338554344277,0.6987090603101814,0.2557247951242463
3311,1.6136174321331287,1.5439077030678492,0.0697097290652795
3312,0.040377460389965265,-0.04385626941261398,0.08423372980257925
3313,1.6624613721330375,1.2854170263613707,0.3770443457716668
3314,1.0899845126256729,0.8852581273057446,0.20472638531992826
3315,2.3179452736651864,2.2545588622038406,0.06338641146134583
3316,2.080522461677033,1.7809280632630287,0.29959439841400415
3317,0.44192077089860327,0.35567335830149893,0.08624741259710433
3318,0.8934363321288709,0.7413843469028404,0.15205198522603047
3319,0.7607223318380233,0.29596413810507766,0.46475819373294563
3320,1.3858424826971298,1.2104225728260036,0.1754199098711262
3321,1.7499137120679502,1.4890626164943574,0.26085109557359276
3322,0.8158649631533824,0.6621833611767621,0.15368160197662029
3323,1.8951884815455091,1.7548897950137121,0.140298686531797
3324,-0.34724950656900616,-0.5966285333019182,0.24937902673291207
3325,2.652040188185794,2.6115602910761324,0.0404798971096616
3326,0.5550700997187131,0.3999927409515644,0.15507735876714873
3327,1.4765817734238431,1.314061859414901,0.16251991400894217
3328,1.3917762024203089,0.9551383835127295,0.43663781890757936
3329,0.6747316108718919,0.3545281502836608,0.3202034605882311
3330,1.3644825252973412,1.119895668636347,0.2445868566609941
3331,1.1338857131133115,1.076550369872157,0.057335343241154524
3332,2.5769869137812083,2.263284510255783,0.3137024035254252
3333,1.8579284796885418,1.6586023076790026,0.19932617200953917
3334,0.8918352506765364,0.6211545148883862,0.2706807357881501
3335,1.802366618207277,1.7476435817775648,0.05472303642971221
3336,1.42499067501565,1.0669837388372747,0.3580069361783753
3337,1.1124015405129237,0.9812130372238,0.13118850328912368
3338,2.2706709140464163,2.1749090149873824,0.09576189905903387
3339,2.370605889576128,2.123232179271834,0.24737371030429411
3340,1.6479684609770058,1.5704605642374454,0.07750789673956038
3341,0.6477940481446836,0.48950883184202465,0.1582852163026589
3342,0.21723157655222325,0.05978401417420955,0.1574475623780137
3343,0.9076174359972564,0.9480312631679371,-0.04041382717068065
3344,0.5494445392852598,0.4220568086434499,0.12738773064180992
3345,1.71780125321261,1.5487136659152843,0.16908758729732565
3346,1.218096742122209,0.788077826787598,0.4300189153346111
3347,0.6880305238539092,0.5415745470937746,0.14645597676013455
3348,1.808174515783824,1.722639684347095,0.08553483143672902
3349,2.0347678434967866,1.988044513766649,0.04672332973013771
3350,2.5050126947893108,2.404670044010569,0.10034265077874194
3351,1.8096155387345705,1.5991336082500258,0.21048193048454467
3352,0.415384661280072,0.33621792871479206,0.07916673256527995
3353,2.8151986054797273,2.662393338925531,0.15280526655419635
3354,1.6698360597490067,1.3448480039683537,0.32498805578065304
3355,0.7369731368805538,0.5417097580340626,0.19526337884649114
3356,0.23208873700353772,0.08546686490197111,0.1466218721015666
3357,1.6029553662127893,1.3403848439357655,0.2625705222770238
3358,0.3606387280201597,0.12992840052858232,0.2307103274915774
3359,-0.14930194537194838,-0.21904848518280629,0.0697465398108579
3360,1.7029300250476112,1.5002837789368495,0.20264624611076165
3361,-0.3670334825713908,-0.5092549483515867,0.1422214657801959
3362,0.8706467982453574,0.8095807586626255,0.061066039582731935
3363,0.7412924469712743,0.46084175110383213,0.28045069586744215
3364,2.1674939116534717,1.874926948624601,0.29256696302887075
3365,2.7922826599011326,2.246319667420372,0.5459629924807605
3366,1.1674100470974822,1.2598528959391426,-0.09244284884166043
3367,1.335292878921377,1.149836387982472,0.18545649093890493
3368,1.430336258191881,1.4584397735713446,-0.02810351537946354
3369,1.8663352476331276,1.7250992105130722,0.1412360371200554
3370,2.881601401956968,2.65029826212919,0.23130313982777784
3371,2.3334770706228425,2.009517310313931,0.32395976030891127
3372,0.6739097778015373,0.5001041355949937,0.1738056422065436
3373,1.3107901644211164,1.1656340272497108,0.14515613717140563
3374,0.8693116983314321,0.553562099647548,0.3157495986838841
3375,0.6278942138754336,0.4768034138597697,0.15109080001566394
3376,0.8850618291199183,0.7631370236176308,0.12192480550228746
3377,0.039371568167963306,-0.08917989438418011,0.12855146255214342
3378,0.4169394623378765,0.2019261460034576,0.2150133163344189
3379,0.7685967607966007,0.6278026713249729,0.14079408947162775
3380,1.4170647979192108,1.1459491380728277,0.2711156598463831
3381,1.750473019377968,1.544167287696689,0.20630573168127908
3382,0.7231627756386957,0.5702171885186927,0.15294558712000295
3383,1.504773696292466,1.1178437623051247,0.3869299339873413
3384,0.5935166439342388,0.44527711043900403,0.14823953349523472
3385,0.9839037403858875,0.8112128422115364,0.17269089817435102
3386,2.586254685180453,2.4753397867181803,0.11091489846227276
3387,0.7651607943063854,0.5700636027730398,0.1950971915333456
3388,1.135746198753981,0.8985515486598095,0.2371946500941715
3389,1.8241229959845917,1.4665759117738268,0.35754708421076487
3390,1.991918556200055,1.9263283460247353,0.06559021017531963
3391,1.887971176623713,1.6128581211659252,0.27511305545778786
3392,0.46174837071374264,0.3809680498178592,0.08078032089588344
3393,2.9704018702368935,2.8074653674299044,0.16293650280698913
3394,0.5727050046810301,0.40704107083668484,0.1656639338443453
3395,2.682280045408166,2.55583632690596,0.12644371850220626
3396,0.009931611095480858,-0.25916986031834605,0.2691014714138269
3397,1.4244369900216336,1.262868942668558,0.16156804735307562
3398,0.06891424230369607,-0.27803600050463617,0.34695024280833225
3399,1.166124719534682,0.8572301175770499,0.3088946019576321
3400,1.8690573986098886,1.4155743441603914,0.4534830544494972
3401,2.9938131081062913,2.753178767580124,0.24063434052616728
3402,0.7784614868521805,0.4289534442021523,0.3495080426500282
3403,0.8674545056395986,0.8464930208874969,0.02096148475210169
3404,0.9185201062133068,0.695315243885323,0.22320486232798387
3405,0.6164308491925016,0.48222067660941464,0.13421017258308693
3406,0.5235577329114014,0.3892561632285877,0.1343015696828137
3407,1.1028220685747312,0.9628299159466904,0.13999215262804077
3408,0.9788738474013914,0.7670292753906562,0.21184457201073514
3409,1.5322605284190007,1.1420836822561002,0.3901768461629005
3410,-0.09800487520947826,-0.38926964383271234,0.2912647686232341
3411,2.3105717953483413,1.9490133801150655,0.3615584152332758
3412,0.6827541450257877,0.6090449659378483,0.07370917908793939
3413,0.39737548960690117,0.05770969072380192,0.3396657988830992
3414,1.0419182100562268,0.7645872536045786,0.2773309564516482
3415,2.001698331665518,1.6106814727392185,0.39101685892629945
3416,2.955303326968539,2.6238558244041843,0.33144750256435485
3417,1.6537447435292862,1.747756303071446,-0.09401155954215978
3418,1.2575291922112102,1.2864979615338388,-0.028968769322628596
3419,0.14386353216779046,-0.022992563761713963,0.16685609592950443
3420,1.0603880614280208,0.9714683265502538,0.08891973487776694
3421,2.0652138350666114,1.8807153832674999,0.1844984517991115
3422,1.6712399843508423,1.6442926997060259,0.026947284644816438
3423,-0.487428340295102,-0.5611326792398772,0.07370433894477518
3424,-0.059316637335601094,-0.20976198699618706,0.15044534966058598
3425,0.5928884559711349,0.4587852914559391,0.13410316451519583
3426,1.4382722907442336,1.1720308890921307,0.26624140165210286
3427,2.4764293847255754,2.315930962662507,0.16049842206306852
3428,0.9644536711668384,0.7345698086580064,0.22988386250883208
3429,3.112354594083392,2.757598166706945,0.3547564273764472
3430,1.585377832685838,1.4815054371496523,0.10387239553618577
3431,0.7497353464094039,0.4123993732421268,0.3373359731672771
3432,0.6239265723964834,0.38106468856888775,0.24286188382759566
3433,1.954621668572143,1.816847579314638,0.137774089257505
3434,0.7182890081094471,0.5505537010678047,0.1677353070416424
3435,2.466011331339138,2.0531722579468825,0.41283907339225534
3436,2.4901826675595196,2.4652787773525575,0.024903890206962043
3437,0.38154969317078813,0.057582538974178296,0.3239671541966098
3438,1.1353583455924836,1.0042011895417724,0.1311571560507112
3439,1.3360517177692792,1.1583366960002397,0.17771502176903953
3440,0.9226733673932594,0.6840694066379888,0.23860396075527068
3441,1.3791643900938402,1.264203708854376,0.11496068123946412
3442,1.1603158631489723,1.037489092570134,0.12282677057883817
3443,0.6540047295841592,0.4964079931915621,0.15759673639259714
3444,1.240134379765233,1.1051185628481384,0.13501581691709474
3445,-0.4262649846895112,-0.7772057249263095,0.3509407402367983
3446,1.2977626936329096,0.9975227138151752,0.3002399798177344
3447,0.2431443628332002,0.18120354304403774,0.061940819789162466
3448,0.21806478905772148,0.05908356455399946,0.158981224503722
3449,1.2363462990145608,1.0543258306701366,0.1820204683444242
3450,0.666892148155933,0.2819923310753415,0.3848998170805915
3451,2.0646577411792513,1.9120115493007215,0.1526461918785298
3452,1.3861531946949965,1.1904288383942527,0.1957243563007438
3453,1.4287018479954938,1.1779083013352747,0.25079354666021914
3454,1.5113741713080682,1.0962698141162488,0.4151043571918194
3455,2.65461675465545,2.637595981942961,0.01702077271248914
3456,-0.9186295487209122,-1.0141226540096313,0.09549310528871913
3457,1.943403795248218,1.7441193131315398,0.19928448211667815
3458,1.94772192126807,1.8441483512919443,0.10357356997612577
3459,0.29191527340696716,0.008677601415563653,0.2832376719914035
3460,2.7772186925543734,2.715402511185601,0.061816181368772316
3461,1.95984680795129,1.9661930368418181,-0.0063462288905280495
3462,1.081686281000308,0.7761000896243178,0.3055861913759903
3463,1.37363733031718,1.096332396152694,0.277304934164486
3464,0.4812098322012898,0.227195757813668,0.2540140743876218
3465,1.8857653630658326,1.676824399478981,0.20894096358685155
3466,1.2542606620608332,1.1650459344424797,0.08921472761835347
3467,0.8577169646578233,0.6708782179119387,0.18683874674588463
3468,1.3885614749415172,1.370053326424026,0.018508148517491163
3469,1.7396052811029175,1.614986594514969,0.12461868658794839
3470,1.8758851336572633,1.7110485080611606,0.16483662559610268
3471,1.3214395312897924,1.0429556223893954,0.278483908900397
3472,0.07728601645156914,-0.2767108399492353,0.3539968564008044
3473,1.7935349908852618,1.6419730391350806,0.15156195175018117
3474,2.5048708426193307,2.258436562516099,0.24643428010323154
3475,0.8784023448374224,0.5386511518378687,0.3397511929995537
3476,0.9606233944806573,0.9463280384661462,0.01429535601451104
3477,1.675581504880306,1.6481334805754273,0.027448024304878693
3478,2.595979602462507,2.4425651914805973,0.15341441098190955
3479,1.6385456534672185,1.5384351220980708,0.10011053136914771
3480,1.6739452690974308,1.50432122551786,0.16962404357957084
3481,1.375879721553992,1.120176970445877,0.2557027511081149
3482,-0.8369474470756679,-1.0213004794942893,0.18435303241862133
3483,0.49974665938239965,0.3283489403562993,0.17139771902610035
3484,1.4290682748752725,1.2171361580137772,0.21193211686149538
3485,2.0808117700541504,1.7290234024021771,0.3517883676519733
3486,0.5011398084223705,0.353347930051961,0.14779187837040947
3487,1.6177329918762682,1.2886385348395093,0.3290944570367589
3488,1.438877202397629,1.2980417375947202,0.14083546480290887
3489,2.4595171096922903,2.369635749642293,0.08988136004999747
3490,3.06665541382121,2.8170575750549407,0.2495978387662694
3491,0.8246797303518572,0.4875244884822296,0.33715524186962753
3492,0.14601738763812824,-0.008697906359932226,0.15471529399806047
3493,0.16701280230820295,-0.06861619639687334,0.2356289987050763
3494,0.1253570916846954,-0.1344232498397181,0.2597803415244135
3495,1.5565783812182616,1.4148932182890608,0.14168516292920086
3496,1.6118070659671788,1.7000430238178141,-0.08823595785063532
3497,1.6202413741572104,1.427794289427427,0.19244708472978345
3498,1.079632993199607,0.8905284931182276,0.18910450008137936
3499,0.5029002475533925,0.2628885474356229,0.24001170011776957
3500,0.4526196429875111,0.2803699507449022,0.17224969224260894
3501,1.6606416735229248,1.3386382480803107,0.32200342544261407
3502,2.350044188358882,2.0514364462492924,0.2986077421095894
3503,1.3858663554346564,1.0471561715460107,0.3387101838886457
3504,-0.10661964354263415,-0.20938717114424116,0.10276752760160701
3505,1.5279042601510786,1.281160925471703,0.2467433346793757
3506,1.1599638259229719,1.0188318626509332,0.1411319632720387
3507,1.2004087031935258,0.941587096302383,0.25882160689114275
3508,2.084688277878715,2.055800658446156,0.02888761943255913
3509,1.4363105586301872,1.0178941089721196,0.41841644965806757
3510,0.9479959769387323,0.9005269554208015,0.047469021517930754
3511,0.060703747058382315,0.08500750623092916,-0.024303759172546846
3512,1.839641466639263,1.6607447324665772,0.17889673417268592
3513,2.0263469624966577,2.015618601189905,0.01072836130675281
3514,0.3516778530788203,0.3312938859685573,0.020383967110263024
3515,1.620240388553131,1.264254555126303,0.355985833426828
3516,1.2905921155397753,0.9332080719320563,0.3573840436077189
3517,-0.6052022407179923,-0.7760680695096704,0.1708658287916781
3518,1.1396757109844318,0.6393320298429892,0.5003436811414426
3519,2.0613211386098205,1.75656455704213,0.3047565815676905
3520,0.9186252692609658,0.7415017048615753,0.17712356439939048
3521,-0.1322908134382701,-0.30635055704605224,0.17405974360778215
3522,1.188555645799244,1.1227261850218766,0.06582946077736751
3523,1.189520271634876,0.9978902079124968,0.19163006372237923
3524,0.5670551133747784,0.6509836001111196,-0.08392848673634112
3525,-0.010306121084742985,-0.21779535478178597,0.20748923369704297
3526,-0.317788827162948,-0.5960526687010781,0.2782638415381301
3527,2.8906750420618716,2.6880943453916566,0.20258069667021505
3528,1.7362266350010942,1.4980868369257987,0.2381397980752955
3529,0.8127854022575296,0.6615331554607978,0.15125224679673177
3530,1.0131432568463887,0.778627621341111,0.23451563550527776
3531,0.6643553477167957,0.5661607026535017,0.098194645063294
3532,1.5150616357022824,0.9626311322229629,0.5524305034793194
3533,0.9846719162767146,0.7600473489523573,0.22462456732435732
3534,1.4708920250976354,1.4247300081191712,0.046162016978464226
3535,2.2899573713766816,2.2934181277139585,-0.003460756337276827
3536,1.5645503457608583,1.5053440856863982,0.05920626007446006
3537,1.4379199877484101,1.1614874048244412,0.2764325829239689
3538,1.097570549868905,0.6377919772704866,0.45977857259841837
3539,0.7608012392921805,0.6174305831810438,0.14337065611113664
3540,1.2980717901665577,1.1731616131801297,0.12491017698642803
3541,0.5485714283732901,0.4798467485498703,0.06872467982341979
3542,0.6115157493528028,0.5095769136018067,0.10193883575099616
3543,0.6959105056661098,0.6398016335474476,0.05610887211866222
3544,-0.29414861346166327,-0.4935236905637985,0.19937507710213526
3545,1.682417362205393,1.5320637804784005,0.15035358172699254
3546,1.6658756593257944,1.463317820128191,0.2025578391976035
3547,1.5280903092273197,1.3042331798852103,0.22385712934210944
3548,1.6957619711071568,1.5467344580007443,0.1490275131064125
3549,0.7062239293714554,0.5886399978589387,0.11758393151251667
3550,1.5476052450868012,1.2090752189017333,0.3385300261850679
3551,1.8436753591901085,1.792294186829514,0.051381172360594585
3552,1.6164137946557904,1.5600799320091574,0.05633386264663298
3553,0.18681496361796693,0.18662003683834255,0.000194926779624377
3554,2.22828799185128,2.118060036050915,0.11022795580036515
3555,0.9506840095635116,0.9882889154207541,-0.03760490585724252
3556,1.0514944834780071,0.7423190638615935,0.3091754196164136
3557,1.015850386378272,0.6894778537332272,0.32637253264504473
3558,1.2458460558582176,1.3808456731022938,-0.13499961724407616
3559,1.015903898625862,0.8642705258162149,0.15163337280964706
3560,2.593797555017501,2.2642842886654044,0.32951326635209677
3561,0.7637144160057593,0.5310522842675762,0.23266213173818306
3562,0.6808649814655751,0.31486258251659827,0.3660023989489768
3563,1.19696744156754,0.9780346528182057,0.2189327887493343
3564,-1.6176622046979539,-1.7109327603559334,0.09327055565797959
3565,1.1077184443535402,0.7316378884205096,0.3760805559330306
3566,0.8253361015631788,0.8271707892193619,-0.0018346876561831094
3567,2.602338594392785,2.2328462691069633,0.36949232528582154
3568,1.0094233051592947,0.6788164659643137,0.330606839194981
3569,1.2145903578489565,0.9825609532159805,0.23202940463297606
3570,0.4450048505295821,0.43300107829419043,0.012003772235391674
3571,1.055999399054081,0.9512554910139875,0.10474390804009348
3572,0.5650866033821603,0.4829138612846323,0.082172742097528
3573,2.3977980087428867,2.356791274886423,0.04100673385646392
3574,1.991817446947684,1.746539712952075,0.24527773399560893
3575,2.392261873390265,2.265854878894477,0.12640699449578818
3576,0.8483687069199887,0.5089238428464559,0.3394448640735328
3577,0.9900368262331775,0.7019064068727113,0.28813041936046613
3578,1.504412361258249,1.2365600916433885,0.2678522696148604
3579,0.39380860115346045,0.43056497303316266,-0.03675637187970221
3580,1.38852545314312,1.3359035666232086,0.05262188651991129
3581,1.791623061196773,1.7950990118236938,-0.003475950626920854
3582,1.1600005695950815,1.0071615418759818,0.15283902771909963
3583,0.0025438462786285024,-0.28861212572091177,0.2911559719995403
3584,1.224953808489972,1.0252834719258808,0.19967033656409128
3585,2.7348258577801823,2.441449684532379,0.2933761732478031
3586,0.9310058061713824,0.7018526441761024,0.22915316199528002
3587,1.6146760155449444,1.6086528192790517,0.006023196265892761
3588,0.4985671005832351,0.2569791688542628,0.2415879317289723
3589,1.7803058447349986,1.8903185051544455,-0.1100126604194469
3590,-0.524623539840695,-0.5834263605007244,0.0588028206600294
3591,1.7981199084332007,1.298457661343457,0.4996622470897436
3592,1.4434769514365586,1.2460764242714233,0.19740052716513534
3593,1.2404571344115665,1.191684485396771,0.0487726490147955
3594,1.4328133346044798,1.2584144417184826,0.1743988928859972
3595,0.4669221332929391,0.19623714665810393,0.27068498663483515
3596,1.9355564248797286,1.86288528123614,0.07267114364358851
3597,-0.016246422580016948,-0.27843980336017493,0.26219338078015797
3598,1.1047084662195068,0.8465274030689949,0.2581810631505119
3599,1.2838760725577854,1.0233090677443089,0.2605670048134765
3600,1.5708703389612493,1.34702874758906,0.22384159137218917
3601,0.5961244515968495,0.5170013122629556,0.07912313933389381
3602,1.928549955542472,1.7106041900984248,0.2179457654440473
3603,1.209070584594095,1.3436919556239106,-0.13462137102981564
3604,0.9568723689632121,0.8044271780496804,0.1524451909135317
3605,0.2842019973665551,0.24316217608576318,0.04103982128079192
3606,0.637025952635523,0.6857497207680305,-0.04872376813250756
3607,1.2858395501699504,1.1440979987862696,0.14174155138368083
3608,1.9186329554973987,1.5059442108497147,0.4126887446476839
3609,0.3707688123885952,0.2694153400270311,0.10135347236156411
3610,0.4270784794558634,0.1785237559383017,0.24855472351756172
3611,2.2032308113552,1.8279612376265566,0.37526957372864334
3612,1.92509131712275,1.752087693068408,0.173003624054342
3613,0.45150179798086426,0.1920791613803205,0.25942263660054377
3614,0.5211802086361979,0.14969684597139749,0.37148336266480037
3615,-0.00691429352131607,-0.24169449398977125,0.23478020046845519
3616,0.38345518228193926,0.22185538690349296,0.1615997953784463
3617,0.8349177179293804,0.6141941075801033,0.22072361034927712
3618,1.3151785342875029,1.3581328456332593,-0.042954311345756446
3619,0.8439064757953185,0.749409660519592,0.09449681527572651
3620,1.3258791002748973,1.3728211862657984,-0.046942085990901106
3621,0.1491241301466428,0.09120580745037495,0.05791832269626786
3622,0.514182580389039,0.3793133089941814,0.13486927139485755
3623,0.85039699332349,0.6058939531962423,0.24450304012724766
3624,0.4297982399907028,0.3982450178488624,0.03155322214184042
3625,0.07298793477137508,0.06553387548510613,0.007454059286268952
3626,1.884218611088355,1.6247613801088576,0.25945723097949736
3627,1.6418552903412584,1.4631406316195452,0.17871465872171322
3628,1.5444202035942884,1.4193095476665125,0.12511065592777593
3629,0.41217458386688943,0.20247402059040828,0.20970056327648115
3630,1.1206343951615938,0.8659381711757725,0.25469622398582126
3631,1.9138985202618424,1.7600161216958696,0.15388239856597274
3632,-0.013609270076241499,-0.19139416016878613,0.17778489009254464
3633,0.24202805352809206,0.28986060257096313,-0.04783254904287107
3634,0.2605267307922133,0.20468053426250699,0.05584619652970629
3635,1.4550243961395837,1.2561726059400748,0.19885179019950883
3636,0.7634288344131487,0.6394118840396773,0.12401695037347138
3637,1.265953341839643,1.258204939582387,0.007748402257255815
3638,0.9765087089538792,0.6450200213176046,0.3314886876362746
3639,1.9753300248555723,1.8941311471753783,0.08119887768019396
3640,1.2365524561477184,1.0619031198863373,0.17464933626138102
3641,1.2199765660496886,0.9455760464107462,0.2744005196389424
3642,1.2226009789467591,0.9653477189365751,0.257253260010184
3643,0.29788104331593906,0.02328477133313402,0.27459627198280506
3644,1.4681243102793178,1.332257591693017,0.13586671858630073
3645,-0.2588506463786047,-0.583403829893413,0.3245531835148083
3646,-0.6638899482318534,-1.1232523297699761,0.4593623815381227
3647,-0.6506419159849532,-0.876001715294104,0.22535979930915073
3648,1.096274676364993,0.8367567523914458,0.25951792397354734
3649,2.746760757024489,2.3870963997121257,0.35966435731236324
3650,0.7206541296922202,0.4754166895187386,0.2452374401734816
3651,0.30300924020679293,0.053635196763845025,0.2493740434429479
3652,0.6365500937662598,0.33574036768072313,0.3008097260855367
3653,1.356702206703687,1.1831645244302607,0.17353768227342625
3654,1.4156215895255246,1.2935368471733353,0.12208474235218936
3655,-0.34221721794165083,-0.4565205335012155,0.11430331555956469
3656,1.2215561210054842,0.8417096746883107,0.37984644631717346
3657,0.9752318808217175,0.7099054191502682,0.26532646167144935
3658,0.6074288511636672,0.45089928899010495,0.15652956217356223
3659,2.043276780588352,1.7448609756564137,0.2984158049319381
3660,1.5942962909567355,1.5002491215729323,0.0940471693838032
3661,1.0967909995224714,1.0527936178725816,0.043997381649889755
3662,0.17859067696510486,-0.03383841934579177,0.21242909631089663
3663,2.00682149061338,1.631582753694357,0.3752387369190231
3664,-0.01852251221076888,-0.26778508589682254,0.24926257368605365
3665,0.5962320851389903,0.5686277054559371,0.027604379683053182
3666,1.2598555522987998,1.0996604284645848,0.16019512383421497
3667,1.4427044831253795,1.2960606401819008,0.14664384294347865
3668,0.11632155484657238,-0.06292611612688062,0.179247670973453
3669,1.8524173410114633,1.5032258558425609,0.3491914851689024
3670,-0.5907785618813948,-0.7735339086151554,0.1827553467337606
3671,-0.1246167353468703,-0.17104370352782136,0.04642696818095106
3672,0.478868233771531,0.23284255728350642,0.24602567648802456
3673,0.6899395317639361,0.6292645026272752,0.060675029136660896
3674,1.1959983643081415,0.9488870460304643,0.2471113182776773
3675,-0.2133668731643588,-0.32431593285735727,0.11094905969299848
3676,0.4206849948724923,0.12823054787655846,0.2924544469959338
3677,1.2325696329205973,0.9899105075232064,0.24265912539739087
3678,0.8387966319012384,0.4986357429447365,0.34016088895650193
3679,1.4438180584482139,1.312021609298234,0.1317964491499799
3680,0.13736302965580136,0.06959580189753954,0.06776722775826181
3681,1.0476995479149205,0.6534736993349796,0.3942258485799409
3682,0.11494367174850684,-0.20867347637845204,0.32361714812695885
3683,0.9475961647266874,0.8597077197024212,0.08788844502426618
3684,1.2957224607203792,1.3074663698105347,-0.011743909090155435
3685,1.0649803696256717,0.8486247109607309,0.21635565866494078
3686,0.2973123703105281,0.1732652091760547,0.1240471611344734
3687,1.4165297498294602,1.3265222194657518,0.09000753036370845
3688,0.1785031352012274,0.20280692842008388,-0.02430379321885648
3689,0.6207414264292018,0.47315511977895275,0.14758630665024908
3690,1.6216843318039573,1.4090813651776422,0.21260296662631517
3691,0.776753332825637,0.6440269322953578,0.13272640053027918
3692,0.4282373104426571,0.227512673860903,0.20072463658175413
3693,0.42292527388822654,0.18249233454783637,0.24043293934039017
3694,2.1828824771835884,1.9247796110293385,0.25810286615424993
3695,1.6301341274185508,1.278466814522559,0.35166731289599173
3696,1.0743872970524715,1.092776569491766,-0.018389272439294446
3697,1.36649527569697,1.4552691602606653,-0.0887738845636954
3698,0.9082467778620796,0.7569666966335838,0.1512800812284958
3699,1.8439044792952606,1.6578229431683755,0.18608153612688505
3700,0.4416707818798407,0.304919292289726,0.13675148959011474
3701,-0.24126356924513168,-0.3303044080771295,0.08904083883199784
3702,1.0539687745273991,0.7669369385716016,0.2870318359557975
3703,0.009250417104507606,-0.11851982215159901,0.12777023925610662
3704,1.920379827134916,1.800089816165606,0.12029001096930991
3705,0.0717011443718682,-0.048720970226902124,0.12042211459877032
3706,0.4755495257553655,0.15775488011606126,0.31779464563930426
3707,1.7344441343628405,1.6672757378725331,0.06716839649030737
3708,0.8272612425830965,0.6350201349287363,0.1922411076543602
3709,1.4139051962125473,1.3932528412029794,0.020652355009567858
3710,1.1302660892133938,1.2269380182369174,-0.09667192902352362
3711,1.4869224929851153,1.1813771457044213,0.30554534728069394
3712,1.314562186417254,1.2900658792701662,0.024496307147087837
3713,0.9935874042757991,0.9287213504374544,0.06486605383834465
3714,0.43304862627950036,0.1237193576733208,0.30932926860617954
3715,1.1476689133284939,0.8245167138857012,0.3231521994427926
3716,1.6262698159401,1.2040923694289374,0.4221774465111625
3717,1.226238964438215,0.9439221487464438,0.28231681569177125
3718,0.877408190998821,0.7920755785996761,0.0853326123991448
3719,1.3881564055822766,1.3023501555100923,0.08580625007218434
3720,0.7840091963360764,0.6764131159274421,0.10759608040863422
3721,1.939172375022517,2.0085296806049464,-0.06935730558242947
3722,1.1770785872177194,0.7852300848664722,0.39184850235124724
3723,0.893168944259629,0.6545582347484679,0.23861070951116115
3724,1.4067202861178063,1.1173391456791175,0.2893811404386888
3725,0.9527820990120697,0.8580074912545939,0.09477460775747582
3726,-0.04705703206894123,-0.37490468447677394,0.3278476524078327
3727,1.3026831909510161,0.9651865733612423,0.3374966175897739
3728,2.2659618611034342,2.02326207045516,0.2426997906482744
3729,0.7821672393490781,0.5647274311704454,0.21743980817863262
3730,-0.5133400728684278,-0.7128264039416315,0.1994863310732038
3731,1.8892679542687152,1.8394515468666581,0.04981640740205706
3732,0.5808701985753503,0.36353336385394563,0.21733683472140464
3733,0.5372502041811248,0.14312240239226698,0.3941278017888578
3734,1.078074038593254,0.8601867015932069,0.21788733700004703
3735,0.9483640996217357,0.5409744916766167,0.407389607945119
3736,1.7046139933858035,1.6943579735570924,0.01025601982871116
3737,2.008176386068045,1.88074228565481,0.12743410041323489
3738,2.15135921851935,1.8365561595893032,0.3148030589300468
3739,1.4306865535405666,1.1192316976896433,0.31145485585092336
3740,0.9120549620921939,0.5080402136046955,0.4040147484874984
3741,1.1909048633736081,1.1058934201040844,0.0850114432695237
3742,2.296264849735014,2.216150507171711,0.08011434256330308
3743,1.6854412638749776,1.294235964058726,0.39120529981625163
3744,1.6135050792111196,1.503254437625293,0.11025064158582665
3745,1.5308997138841582,1.245296774818042,0.28560293906611633
3746,0.7618910901750338,0.3690096275220531,0.3928814626529807
3747,0.6552568490177174,0.46281718917588793,0.19243965984182948
3748,0.13953564148631936,0.0027156970770042884,0.13681994440931508
3749,0.2509076175171543,-0.17974897678391638,0.43065659430107067
3750,1.5975069836254168,1.5095132751588747,0.08799370846654209
3751,0.9481270632500752,0.6746828711400387,0.27344419211003657
3752,1.4000679678790209,1.2566713396955727,0.14339662818344823
3753,0.43591425542479056,0.2809292223547046,0.154985033070086
3754,2.602092024147793,2.5173733202957096,0.08471870385208335
3755,1.9655170695026019,1.9232830569940536,0.0422340125085483
3756,1.711165051432046,1.4130281076754565,0.2981369437565895
3757,1.109292904430485,0.9487916703572347,0.16050123407325023
3758,1.5369201946117481,1.1723319127958824,0.36458828181586567
3759,-0.002207099542780354,-0.1072856534393248,0.10507855389654444
3760,2.2522012009694885,2.0178798766813344,0.2343213242881541
3761,1.3126553565227774,1.3392258646299318,-0.026570508107154334
3762,2.1372192097692033,2.0062112619745402,0.13100794779466307
3763,1.3999544271986515,1.356803805771496,0.04315062142715553
3764,-0.2766572138000316,-0.47418715849748977,0.19752994469745816
3765,0.2932028525458989,0.35054254633819637,-0.057339693792297475
3766,0.8567050167431463,0.6461503250714885,0.21055469167165775
3767,1.3965328351873243,1.2353461289971663,0.16118670619015796
3768,-0.3023829853765525,-0.4832525193737578,0.1808695339972053
3769,0.8117732437520405,0.7249187423263153,0.08685450142572526
3770,0.9120334621895363,0.517955858203714,0.39407760398582226
3771,1.1458109694671532,0.8901284955506854,0.2556824739164678
3772,0.013338381179036417,0.23635038479972575,-0.22301200362068935
3773,1.2743182234765023,1.098171396117129,0.17614682735937315
3774,1.927842577318943,1.5140717385330826,0.4137708387858603
3775,1.3464834614998877,1.1466288480291564,0.1998546134707313
3776,0.6991978902675497,0.5420476271552225,0.15715026311232727
3777,1.8781224896482536,1.7798016987550946,0.09832079089315893
3778,1.1521894767344505,0.8603989528130667,0.2917905239213838
3779,1.9190630730867975,1.5621646796302042,0.35689839345659324
3780,1.937520377450779,1.8378960495672751,0.09962432788350384
3781,1.140742115149454,0.9880947201908695,0.15264739495858437
3782,1.8603653015545358,1.6528953839089795,0.20746991764555633
3783,0.9075898064437524,0.7350046346373245,0.17258517180642796
3784,0.5397744330046768,0.4404483051954765,0.09932612780920025
3785,0.3616625335959964,0.28715478135083455,0.07450775224516187
3786,0.1298055052763316,-0.06905993366353373,0.19886543893986536
3787,2.653134963634989,2.4556851605128585,0.19744980312213034
3788,0.9166548796680329,0.6278181842886686,0.2888366953793643
3789,1.8179812004025215,1.4499314897626476,0.3680497106398739
3790,3.29545066437397,3.0843936476276155,0.21105701674635435
3791,0.7760998037549626,0.335231830597751,0.44086797315721155
3792,1.602679150401137,1.1078736128372175,0.49480553756391954
3793,0.27098958737355355,0.2756674372437754,-0.004677849870221851
3794,0.46302301046300304,0.3601814472778039,0.10284156318519916
3795,1.6806343792278737,1.497437579338891,0.18319679988898274
3796,1.1283127878103112,1.0589480916872915,0.06936469612301965
3797,1.3499445345847674,1.0785527056192772,0.2713918289654902
3798,0.7784952529586251,0.6032926176495254,0.17520263530909974
3799,0.7645120275339806,0.5592886342089408,0.2052233933250398
3800,0.23156491517218003,0.30949309042681006,-0.07792817525463003
3801,0.5764645145413076,0.23188381513101824,0.3445806994102894
3802,1.3881702519032133,1.2056069986513207,0.1825632532518926
3803,1.553372994111068,1.559551006114347,-0.006178012003278832
3804,1.9290270152632385,1.5901735404570312,0.3388534748062073
3805,0.26019251207897426,0.08651249507708701,0.17368001700188723
3806,0.9256547069654504,0.6841006265123959,0.2415540804530545
3807,0.4011785694316857,0.20567896043362716,0.19549960899805857
3808,0.3834967978275321,0.2539962921298876,0.12950050569764449
3809,1.8608539137497184,1.6067266736179329,0.25412724013178556
3810,2.0054732052657105,1.9106421235619826,0.09483108170372789
3811,3.0134014746763365,2.661786745630584,0.3516147290457523
3812,0.35966267337929114,0.29208645294701396,0.06757622043227718
3813,0.1295601835186299,-0.10235778950359188,0.23191797302222178
3814,1.3229661965143902,1.1332257707211109,0.18974042579327932
3815,0.8660473972280429,0.7763010536782964,0.08974634354974653
3816,1.7357280887915243,1.587953224984663,0.14777486380686122
3817,0.9382072476052731,0.814268816010644,0.12393843159462903
3818,1.0068112920471428,0.78008932181548,0.22672197023166285
3819,1.3706062888068475,1.1944457299378388,0.17616055886900872
3820,1.1016888186748792,1.0354396222121467,0.06624919646273253
3821,0.6671779321939946,0.36936187759763417,0.2978160545963604
3822,0.5275781206643999,0.4202519657947801,0.10732615486961983
3823,2.9764776758069815,2.8091656744465756,0.16731200136040592
3824,1.4116966385724545,1.2301788341733884,0.18151780439906617
3825,1.4161176492509577,1.1584980861825052,0.2576195630684526
3826,2.0250313429501756,1.6815354909935325,0.3434958519566431
3827,0.008163656789015004,0.02330878660455631,-0.015145129815541305
3828,1.7553901848233753,1.532198969652822,0.2231912151705533
3829,-0.4400161200663846,-0.6664143207199583,0.22639820065357374
3830,1.399189009689335,1.023824955962773,0.3753640537265619
3831,2.0397448225014587,1.6417132916564494,0.3980315308450093
3832,0.9710937983748332,0.807492115139431,0.16360168323540225
3833,0.7909658970731013,0.7541995718916643,0.036766325181436965
3834,2.645778387277508,2.500565061672674,0.1452133256048338
3835,0.2597796129899933,0.2307752811617057,0.0290043318282876
3836,0.930757694091866,0.7621658894848214,0.1685918046070446
3837,0.7534660229737892,0.7773363597543796,-0.023870336780590473
3838,0.9983984291002832,0.8220311547863736,0.17636727431390964
3839,2.29623317284104,2.1853565848161214,0.11087658802491873
3840,1.5450114160867154,1.3489393093438882,0.19607210674282727
3841,1.4458289203206407,1.1369666962567146,0.30886222406392605
3842,1.5266083540083386,1.5550004602514789,-0.028392106243140258
3843,0.8699070177760027,0.6338604055983205,0.2360466121776822
3844,0.6808178756702395,0.3412766915654224,0.33954118410481715
3845,3.0999448711750768,2.8242224550676824,0.27572241610739434
3846,1.5090918108572864,1.29696835575361,0.21212345510367636
3847,1.34084687221183,1.321923278275726,0.0189235939361041
3848,1.641894232028384,1.373919663435135,0.2679745685932491
3849,-0.004211128831219962,-0.26790064172787703,0.2636895128966571
3850,0.7715707085783285,0.43778180418530416,0.3337889043930244
3851,1.0815111062444076,0.5718800005497672,0.5096311056946404
3852,1.8018411255804803,1.8304356074093477,-0.02859448182886748
3853,0.49403471726756876,0.4208368419690168,0.07319787529855198
3854,1.5836592922007309,1.2165998709612633,0.36705942123946755
3855,0.9056263165865982,0.714964688494993,0.19066162809160525
3856,0.0025793425889073193,0.07648112954559945,-0.07390178695669213
3857,0.8829621714436727,0.8816741271583477,0.0012880442853250296
3858,0.1123316238828107,-0.02833204072067317,0.14066366460348387
3859,1.5781764445655642,1.3595283695452616,0.2186480750203026
3860,0.22617743686922395,0.10793520030208702,0.11824223656713694
3861,0.8267425379491076,0.7202115310540974,0.10653100689501016
3862,2.4283826550175065,2.261996235500302,0.16638641951720468
3863,2.3505950691100046,2.1484085860079545,0.20218648310205012
3864,1.4911561006331804,1.1705760306669974,0.32058006996618293
3865,2.2445170878106353,2.198268300309507,0.04624878750112815
3866,1.315346793714819,1.3849073976559818,-0.0695606039411627
3867,0.8107153282409019,0.8576604208068606,-0.04694509256595869
3868,1.0307177057012686,0.8072635203922011,0.22345418530906758
3869,1.7117172632269264,1.6821155460452466,0.02960171718167981
3870,1.5256121188055927,1.3560655749975064,0.16954654380808631
3871,0.6625610748797371,0.29715637168954834,0.3654047031901888
3872,0.5746577025585137,0.4269647773681583,0.14769292519035537
3873,2.418593505454257,2.1570945522062064,0.2614989532480507
3874,2.053624243790159,1.884045395667971,0.16957884812218782
3875,0.07120745394223547,-0.014177314971873946,0.08538476891410943
3876,1.5112829229435885,1.2280584641374812,0.28322445880610725
3877,2.0816891966308564,1.938928697449255,0.14276049918160139
3878,0.39604341118127434,0.29055998012074585,0.10548343106052849
3879,1.2415838764525726,1.0087003961689267,0.23288348028364592
3880,1.338160721931958,1.1741631658703198,0.16399755606163824
3881,1.4350138095270975,1.233707288063765,0.2013065214633325
3882,0.15814890266282133,0.14485651657541734,0.01329238608740399
3883,-0.23371249231660546,-0.35017068219517944,0.11645818987857398
3884,1.3120046045867297,1.1878748968031483,0.12412970778358146
3885,0.9397890212901314,0.9584744614811129,-0.018685440190981506
3886,-0.194128070703621,-0.4161329088414267,0.22200483813780567
3887,2.391960638526257,2.1576640866199313,0.2342965519063256
3888,2.605811058014562,2.566193615254325,0.039617442760237154
3889,1.8278875438474438,1.7965209834247033,0.03136656042274044
3890,2.0457733156969664,1.8296357379438972,0.2161375777530692
3891,1.221208035345588,0.9574917400305948,0.2637162953149933
3892,1.0140871495738415,0.9394031133632709,0.07468403621057063
3893,0.2407951164954226,0.19179647251712392,0.04899864397829867
3894,1.967568686671734,1.5154074150810641,0.45216127159066977
3895,1.0180700944768553,0.7529763186618037,0.26509377581505156
3896,0.8138180781645581,0.8619978206882585,-0.048179742523700386
3897,1.1717532791396135,0.7904608291361109,0.38129245000350254
3898,0.5896073493882579,0.2872488973255956,0.30235845206266226
3899,0.8872804462282012,0.5892758631031064,0.2980045831250948
3900,1.761412521125807,1.553458608560445,0.207953912565362
3901,1.313166090365695,1.1331434752866074,0.18002261507908757
3902,1.3284371794152667,1.3281975987588472,0.00023958065641949133
3903,0.9831903205618657,0.42552476101273057,0.5576655595491351
3904,1.8815112333542685,1.8190178358481979,0.062493397506070636
3905,2.036829482399796,1.7102380413406888,0.3265914410591073
3906,2.909755222667621,2.7042513154168306,0.20550390725079026
3907,-0.10948954417814057,-0.3844917359999531,0.27500219182181257
3908,2.135742118745405,1.9484490381231916,0.1872930806222135
3909,1.2637564427544228,0.8511846457648518,0.412571796989571
3910,2.0665731679678987,1.7477181973355551,0.3188549706323436
3911,-0.39102605273950636,-0.42236244977588683,0.03133639703638047
3912,1.6332516824241134,1.4986204647478232,0.13463121767629027
3913,0.1533570033370258,0.011348997555207513,0.14200800578181827
3914,2.1340620667718095,1.9443045930534595,0.18975747371835006
3915,1.6709566622503067,1.331925385041285,0.3390312772090216
3916,2.8294861388844965,2.46280863465317,0.3666775042313266
3917,0.42280117800276085,0.07192472488329428,0.3508764531194666
3918,0.7591508854059386,0.6280838486157835,0.13106703679015508
3919,1.0995965190921706,0.8835129670679084,0.21608355202426222
3920,0.2263181248621403,-0.05174631698699825,0.2780644418491386
3921,2.054241061359281,1.7976722805983676,0.2565687807609134
3922,1.6135218027489706,1.3717592044656293,0.24176259828334135
3923,1.5378481094140568,1.4898504100769816,0.047997699337075206
3924,1.3843607119990657,1.1718842553656164,0.21247645663344938
3925,0.4348841970141611,0.3406661881660129,0.09421800884814818
3926,2.0307219573889252,1.6810055525556642,0.34971640483326105
3927,1.1212388654323802,0.8626915261382858,0.25854733929409435
3928,1.2015896178163543,0.8713152824886381,0.3302743353277162
3929,0.585901804875189,0.3327670615344048,0.2531347433407842
3930,2.028964853844124,1.9561457203414032,0.07281913350272085
3931,0.9410511425831228,0.9145928337513041,0.026458308831818766
3932,0.6387665989071839,0.6435082907823215,-0.004741691875137621
3933,0.6272120429839239,0.49277279802861795,0.1344392449553059
3934,0.4500925026772388,0.15925285761941216,0.29083964505782667
3935,1.131279749899876,0.9618832579965659,0.16939649190330996
3936,0.2318502409909989,0.17382826138098084,0.058021979610018065
3937,1.0970876408882795,0.850630659207275,0.2464569816810045
3938,1.553398922657712,1.3774106882524455,0.17598823440526656
3939,2.0339873004198066,1.7422679256624658,0.2917193747573408
3940,1.2154643267217293,1.1910380824726907,0.02442624424903861
3941,1.2330049802704486,1.1728593247266013,0.06014565554384732
3942,1.5509789207478488,1.0733083997053916,0.4776705210424572
3943,1.420350022924906,1.2432102501517037,0.17713977277320225
3944,1.1589315194125882,0.971943913240317,0.18698760617227117
3945,1.1920248595986387,1.313337714061474,-0.12131285446283524
3946,1.9537691420072838,1.8469902761115888,0.10677886589569496
3947,1.4282479801376302,1.2695566479502365,0.15869133218739373
3948,0.47080771916941033,0.12803212037212644,0.3427755987972839
3949,1.5521051724439132,1.362218778628374,0.1898863938155393
3950,1.0978858745346016,1.1449858735257246,-0.04709999899112294
3951,1.111050319264397,0.7585558322226442,0.3524944870417528
3952,1.0011539463607744,0.9972401472234917,0.003913799137282625
3953,1.7322324757538659,1.5412533293279556,0.1909791464259103
3954,1.8441601205932114,1.850589158725306,-0.006429038132094611
3955,1.1285182716967563,0.988449974755198,0.1400682969415583
3956,0.8213448908460914,0.7299144968297417,0.09143039401634967
3957,0.3605793538409573,0.22785516991968632,0.13272418392127097
3958,1.2652296386736108,0.979718061221609,0.28551157745200184
3959,0.7437888312567007,0.515412416680808,0.22837641457589275
3960,1.7247348256806128,1.355713927150864,0.36902089852974873
3961,0.8067373166720946,0.6913639100748857,0.11537340659720885
3962,1.753128567451999,1.5554745159862178,0.1976540514657812
3963,1.7669196776386948,1.3238120033831002,0.4431076742555946
3964,0.3519832354294107,0.26400942614929435,0.08797380928011633
3965,0.9039721561123875,0.7300771792078536,0.17389497690453382
3966,1.111358848831101,0.9470249090000314,0.1643339398310696
3967,2.741263440100628,2.566527541504823,0.17473589859580496
3968,2.9773714131011992,2.8657976000101124,0.11157381309108683
3969,0.42722427024795334,0.2188198287319643,0.20840444151598905
3970,2.928866335332947,2.9061762407728833,0.022690094560063656
3971,1.5450070514927745,1.2521268268567571,0.29288022463601737
3972,1.581490654791496,1.348047255693784,0.23344339909771206
3973,2.2227369407205364,1.955997817826652,0.26673912289388446
3974,0.530745123781769,0.48129714142650987,0.0494479823552591
3975,1.9200032218983083,1.6106603042130583,0.30934291768525
3976,-0.30941772446848675,-0.4150033982039734,0.10558567373548666
3977,1.784150556932353,1.673991940189984,0.11015861674236893
3978,0.9599447867145068,0.9436041269200959,0.016340659794410906
3979,-0.09803606811672774,-0.38021857036880025,0.28218250225207253
3980,0.730617478078866,0.6825887183174391,0.04802875976142695
3981,0.8258330958507066,0.8425176631404098,-0.016684567289703134
3982,1.6935533572702084,1.5829914165915673,0.11056194067864111
3983,2.2254779647100036,2.003818732791886,0.22165923191811743
3984,1.6166897106968312,1.3601934996867773,0.25649621101005393
3985,0.771131577616273,0.8148452380683953,-0.043713660452122216
3986,0.7036266719534586,0.575968034869234,0.12765863708422465
3987,0.8942307044856546,0.7481881978581472,0.1460425066275074
3988,1.6142326033483652,1.6675431646454253,-0.05331056129706013
3989,1.156596263022475,1.1814631240558926,-0.02486686103341751
3990,-0.10370888263178352,-0.2652541970803897,0.1615453144486062
3991,1.956516339079613,1.8043470910473116,0.15216924803230136
3992,1.5366418676522053,1.4507254777443175,0.08591638990788786
3993,0.5537047569792726,0.15114920871848622,0.4025555482607863
3994,0.7665888832534415,0.6470122447446696,0.11957663850877198
3995,1.4203823604763781,1.446798107848426,-0.026415747372047882
3996,1.0636846302544114,0.7837967631568437,0.27988786709756774
3997,1.605459134871691,1.2987598900823074,0.3066992447893835
3998,0.9905012243121337,0.8526161977007812,0.1378850266113525
3999,0.8224807058437394,0.7034646134094076,0.11901609243433187
4000,1.0639618808728688,0.933268003762992,0.1306938771098768
4001,1.3799451524282558,1.1056800944601661,0.27426505796808964
4002,2.1670282639477096,2.094600897242091,0.07242736670561856
4003,1.4180458802599005,1.2769685326011913,0.14107734765870927
4004,1.6635723970342142,1.365823920370193,0.29774847666402127
4005,0.7747522428841626,0.5063074786539578,0.2684447642302048
4006,0.11682143302409084,-0.17188001571069406,0.28870144873478487
4007,3.1062549151322347,2.829344711615057,0.27691020351717777
4008,1.7989628434554361,1.8139399107610599,-0.014977067305623759
4009,1.0079335199775399,0.9076803546673137,0.10025316531022621
4010,0.9335368209951692,0.9228493132016969,0.010687507793472273
4011,2.2889515389334174,2.3658752233404337,-0.07692368440701625
4012,-0.14399905655322132,-0.44787497333096604,0.3038759167777447
4013,1.2225302858317535,0.9488041675899559,0.2737261182417976
4014,1.4299640229686321,1.171925540909762,0.25803848205887014
4015,1.349358157747468,1.2170732830965612,0.13228487465090688
4016,1.3443259744709102,1.1044201050277078,0.23990586944320236
4017,2.051332888284601,1.7343273118356313,0.31700557644896965
4018,0.47228201401097,0.42024427139557097,0.05203774261539901
4019,0.9659506107068858,0.6594871902017684,0.30646342050511743
4020,0.30922018796512685,0.32728877379961446,-0.018068585834487616
4021,1.9626315292287524,1.818610590678347,0.14402093855040543
4022,2.027928318092369,1.7498882482843676,0.27804006980800144
4023,1.5130396328359756,1.220804367393726,0.29223526544224954
4024,0.654090580904957,0.5883664142178203,0.06572416668713665
4025,1.703192888890553,1.3947358973496953,0.3084569915408577
4026,0.4738474283060179,0.4640051168320745,0.009842311473943377
4027,0.5123865023432669,0.4507817766104089,0.06160472573285797
4028,0.7299542194765024,0.727388933436591,0.002565286039911463
4029,1.3851704753258915,1.124753485251205,0.26041699007468644
4030,1.0735790986797484,0.7626011342413426,0.31097796443840586
4031,-0.4674829486403136,-0.5571427591198224,0.08965981047950877
4032,0.6215156454379075,0.43372021771424984,0.18779542772365765
4033,1.325157290920924,1.099480541336761,0.22567674958416295
4034,1.948697926658314,1.9136202855068285,0.035077641151485484
4035,0.4028002016113465,0.29432232364677735,0.10847787796456915
4036,1.277224364576658,1.0202495992355969,0.256974765341061
4037,1.5186859876379741,1.2355549897206253,0.28313099791734886
4038,0.5247444334730437,0.272106593883589,0.2526378395894547
4039,1.1725429804818988,1.1499900423641132,0.02255293811778558
4040,-0.5900770778672084,-0.7390822926170346,0.1490052147498262
4041,1.0865335411662218,1.0179348179240997,0.06859872324212213
4042,1.5490242705971773,1.3885995556399264,0.16042471495725086
4043,1.488880360665719,1.5793864846231151,-0.0905061239573961
4044,0.9005365230612608,0.5896916916824418,0.3108448313788189
4045,0.2964386831955089,0.16131305736969795,0.13512562582581097
4046,1.2657692757314427,1.0113225858533708,0.25444668987807195
4047,1.438872372540216,1.205965441696457,0.23290693084375902
4048,0.22927229296859084,0.13830674662759845,0.09096554634099238
4049,1.3578630472015818,1.3081417437023999,0.04972130349918191
4050,1.8423913537092809,1.6767024069392598,0.1656889467700211
4051,0.7438499986603293,0.47816119173108557,0.26568880692924374
4052,0.41825144591974284,0.2156096543970001,0.20264179152274273
4053,0.4937452822019405,0.1398054755056259,0.35393980669631464
4054,1.4897398660531922,1.449618887357283,0.04012097869590914
4055,-0.1664695066493313,-0.42732851649394005,0.26085900984460875
4056,0.26215018609742674,0.0547529810022877,0.20739720509513904
4057,2.35816918123069,2.1277391936349166,0.2304299875957736
4058,2.299136549467254,1.8332338360671576,0.4659027134000966
4059,1.7318323062473273,1.4536889552697496,0.2781433509775777
4060,-0.1515953707138895,-0.3933213950022103,0.2417260242883208
4061,0.13676310433561448,0.08595280648926987,0.05081029784634461
4062,0.9201593496436946,0.673491568811406,0.24666778083228857
4063,1.1337606318176259,1.0868100919439836,0.04695053987364228
4064,2.22994092987061,2.0526056286216754,0.17733530124893448
4065,0.3592838762167583,0.01721758909512099,0.3420662871216373
4066,1.05151025139505,0.7797772971933096,0.2717329542017405
4067,1.1306379063100225,1.0471146257507822,0.0835232805592403
4068,1.6494294302538304,1.6530542279461093,-0.0036247976922789693
4069,1.7164991017321107,1.3551885168163547,0.3613105849157561
4070,2.9397921987254696,2.8549292612483077,0.08486293747716189
4071,1.2883077781209378,1.0975444934568832,0.19076328466405457
4072,0.6920483865278418,0.41399085365379257,0.2780575328740493
4073,-0.45345312815639144,-0.5216582732742323,0.06820514511784087
4074,1.3618641761452797,1.252336983339249,0.10952719280603063
4075,1.6341534994887872,1.331382204041493,0.3027712954472941
4076,2.1514520413243594,1.9775172197453008,0.1739348215790586
4077,1.0038351516933166,0.9123639537346303,0.0914711979586863
4078,1.1129722768194725,1.003542972534659,0.10942930428481357
4079,2.075700363447931,1.998829894684167,0.07687046876376424
4080,1.8836225050541242,1.7443861626880108,0.13923634236611337
4081,2.984219893933157,3.0296771500614494,-0.045457256128292656
4082,1.4635707533080933,1.0362718468471794,0.42729890646091384
4083,1.3134258203739266,1.068665336945221,0.2447604834287056
4084,1.5430442797521704,1.2663190766006749,0.2767252031514955
4085,1.8156507057041036,1.7450420168815404,0.07060868882256321
4086,1.3215130901472425,1.1749308759999089,0.14658221414733363
4087,0.653619457540171,0.45495355730396625,0.19866590023620478
4088,1.0346295770476372,0.6077464960835691,0.42688308096406813
4089,0.6315000710120346,0.531093883522056,0.10040618748997865
4090,2.7730722239629966,2.6682540157924217,0.10481820817057486
4091,0.3429020016677409,0.32435857965660575,0.018543422011135124
4092,1.1963198754179911,1.0909468701610072,0.1053730052569839
4093,-0.3052785345343127,-0.3122625886108184,0.006984054076505708
4094,2.6464423564222166,2.20281487049345,0.4436274859287668
4095,2.462059431273824,2.3759670684351373,0.08609236283868693
4096,1.2796811575281646,0.9953777398414747,0.2843034176866899
4097,1.0117011756261223,0.7904577921017029,0.2212433835244194
4098,0.5074498570808458,0.4731866159379375,0.034263241142908296
4099,0.5246516776059249,0.3809863107777456,0.14366536682817932
4100,0.5767477839697447,0.560432433360482,0.016315350609262702
4101,2.8015205789670343,2.537706139462609,0.2638144395044253
4102,1.3582382261028796,1.2735088535978463,0.08472937250503332
4103,0.83501701528607,0.6345469901691261,0.2004700251169439
4104,0.6220771478799157,0.3052028379629191,0.31687430991699667
4105,0.8622155540568391,0.8987869178486622,-0.03657136379182302
4106,1.9927201441946532,1.7594809032524699,0.2332392409421833
4107,1.3243879376720422,1.1005889482624336,0.22379898940960863
4108,0.1959596429323005,-0.09063492911133281,0.2865945720436333
4109,1.4757352126779575,1.1875513814370648,0.28818383124089264
4110,1.2492636723326958,1.3172682081519131,-0.0680045358192174
4111,2.698062545253984,2.249721159889905,0.44834138536407897
4112,3.1031253776447905,2.989401117549962,0.11372426009482828
4113,0.9327996336730078,0.7779400550599761,0.15485957861303168
4114,1.5781348562257211,1.1746871738317595,0.40344768239396167
4115,1.1229217239213578,0.8683262687961466,0.2545954551252112
4116,2.20342957535202,1.9469339961547774,0.25649557919724275
4117,0.3395062591840461,0.2776694304358182,0.06183682874822788
4118,0.09351920720690755,-0.02011598995225636,0.11363519715916391
4119,1.075125699252517,0.9351631957033613,0.13996250354915585
4120,1.6064940912127144,1.4641943767341086,0.1422997144786058
4121,1.2691414028146706,1.0010808364989163,0.26806056631575426
4122,0.9688503380090906,1.0055873088134601,-0.03673697080436955
4123,1.7617210450453242,1.4111120216751407,0.3506090233701835
4124,1.4254085523852926,1.4110918449971364,0.014316707388156269
4125,1.9737955895685488,1.8355408358283678,0.13825475374018104
4126,1.9635589941181182,1.912502645184997,0.051056348933121276
4127,1.6803100296155933,1.7307739850088324,-0.05046395539323911
4128,0.7779963441465861,0.5492598283862435,0.2287365157603426
4129,1.3842289618006824,1.0269266167677138,0.35730234503296865
4130,1.249830465174913,0.9985078214249455,0.2513226437499675
4131,0.6853779452174358,0.43145583413748523,0.25392211107995055
4132,1.609298021143851,1.238941605762811,0.3703564153810399
4133,1.7198666553487465,1.3682894832154142,0.3515771721333323
4134,0.07078733333476625,0.1369794433369144,-0.06619211000214814
4135,1.0400647429908154,0.9650351437924131,0.07502959919840235
4136,0.4011299023312157,0.19448431741691685,0.20664558491429885
4137,1.5801847095955397,1.3057061944615986,0.27447851513394106
4138,1.7551257207898978,1.5354935781924814,0.21963214259741637
4139,0.1921157038773594,0.1890016284739193,0.0031140754034401086
4140,2.635316064866523,2.5988683671807853,0.03644769768573752
4141,0.7108944866957091,0.7273450043144662,-0.016450517618757154
4142,0.2866144529078926,0.03372814776316455,0.25288630514472804
4143,1.3233537183863728,1.3418334825173248,-0.01847976413095198
4144,1.8020260004149418,1.587918452829145,0.21410754758579675
4145,1.799986517758117,1.5336139108467395,0.26637260691137743
4146,1.7950564191603924,1.7262133144358,0.06884310472459232
4147,1.1903284885750878,1.0040038562976292,0.18632463227745855
4148,2.0041057700206917,2.010523446128841,-0.006417676108149362
4149,0.7005084200241918,0.40810410759402455,0.29240431243016723
4150,1.5168204391841211,1.485323072786778,0.03149736639734302
4151,0.20011499537156652,0.07295850998203501,0.1271564853895315
4152,1.2535386936085107,1.1384187268480352,0.11511996676047542
4153,0.6124820626379559,0.3943454247284204,0.21813663790953552
4154,0.6105708674380131,0.5204612927186778,0.09010957471933534
4155,0.22200817770414313,0.10803298035688633,0.11397519734725681
4156,0.5707501935949986,0.2907252109870278,0.28002498260797076
4157,1.5739175727369923,1.441576371520729,0.13234120121626325
4158,0.6955152831600084,0.5322761852782928,0.16323909788171564
4159,2.1842341215624663,1.745241815863863,0.43899230569860337
4160,1.347232665775018,1.2103555120665095,0.1368771537085085
4161,1.7488309001421214,1.6336490016004013,0.11518189854172012
4162,1.092790943013449,1.1276691760350608,-0.03487823302161175
4163,0.712628082147013,0.3228491525979811,0.3897789295490319
4164,1.2138880142360557,0.9888246397233784,0.22506337451267733
4165,1.7003327556670496,1.3710703958354027,0.32926235983164687
4166,2.187805735935701,1.942171583110166,0.2456341528255348
4167,1.4336735841647466,1.2519628334484398,0.1817107507163067
4168,0.8010911775490266,0.5662184941508862,0.23487268339814038
4169,1.6771778422368504,1.519208395001338,0.15796944723551243
4170,1.4717200537478727,1.3126190929461663,0.15910096080170644
4171,1.2735708485922084,1.2235372693191047,0.0500335792731037
4172,0.5852346238561127,0.23298615967781802,0.3522484641782947
4173,0.9198936078450656,0.8807347670746852,0.03915884077038034
4174,1.8226055387626432,1.5958111263352552,0.22679441242738796
4175,1.2479512735508564,1.0539961458888643,0.1939551276619922
4176,0.9698481590606046,0.994023278018959,-0.024175118958354336
4177,0.8915284029474363,0.5164137985020222,0.3751146044454141
4178,2.4350479513593966,2.3426333112988873,0.09241464006050926
4179,1.0176631484380156,0.6909081807730968,0.32675496766491885
4180,1.4075532569242646,1.2786196624145731,0.12893359450969144
4181,1.4717381745209437,1.259476716695588,0.21226145782535566
4182,0.481809385147521,0.2467151031517404,0.23509428199578059
4183,0.5387431476640326,0.2857302248397105,0.25301292282432214
4184,1.8617304232353802,1.753368407357742,0.10836201587763816
4185,1.8594149965865436,1.5491678422104034,0.31024715437614026
4186,1.5137395983753132,1.1926397877358754,0.3210998106394378
4187,2.4503923202696223,2.2745458400450596,0.17584648022456273
4188,0.2043738754106739,0.16613361216320582,0.03824026324746807
4189,0.7035015150967294,0.5318754043018267,0.17162611079490275
4190,0.8871149374404588,0.6879151929372106,0.19919974450324818
4191,1.1830506234321747,1.0693218510990592,0.11372877233311551
4192,2.0606707945992664,2.1473258559375066,-0.08665506133824019
4193,1.6630473949592686,1.3970147953791132,0.26603259958015535
4194,1.4507545617438626,1.5289599594717656,-0.07820539772790291
4195,2.6313269721820105,2.589100744005063,0.04222622817694743
4196,0.7916541201242859,0.432380769363245,0.35927335076104094
4197,1.6258686895846535,1.4943212091979419,0.1315474803867116
4198,1.9337349403775814,1.6498191514502123,0.28391578892736913
4199,-0.22448922632514287,-0.17280957821740348,-0.051679648107739395
4200,0.65336129500694,0.4696286804438876,0.18373261456305234
4201,0.7124443893292096,0.6615734318684616,0.05087095746074799
4202,0.5065079643875612,0.455050767803232,0.05145719658432918
4203,1.2046973169631099,0.9693148275437816,0.23538248941932827
4204,1.676003513817116,1.5933968236327243,0.08260669018439182
4205,0.3820318016518807,0.3013138295114188,0.08071797214046195
4206,0.1293713564787832,0.0131623003345889,0.1162090561441943
4207,-0.17849317098377765,-0.4876073824846444,0.30911421150086676
4208,0.6936699283669167,0.48845222623032863,0.20521770213658802
4209,1.3889098098389239,1.0223041440933938,0.3666056657455301
4210,1.2064652315746263,1.269755575142113,-0.06329034356748675
4211,1.8379573684850876,1.465766005791372,0.37219136269371567
4212,0.44086656452481043,0.3107853109972964,0.13008125352751404
4213,1.868687949781646,1.7594618494218612,0.10922610035978475
4214,0.5549744111515019,0.32206319282322693,0.232911218328275
4215,2.6786242294685847,2.8205938085830105,-0.14196957911442576
4216,1.7246887816829057,1.562020675248666,0.16266810643423968
4217,1.6000508042876913,1.447442256089586,0.1526085481981052
4218,1.1672489870051441,0.9236204843155159,0.2436285026896282
4219,-0.6799194078708535,-0.7029537837797343,0.0230343759088808
4220,1.7552349748069094,1.403978735670338,0.35125623913657145
4221,0.39738164821531324,0.1399521973939077,0.25742945082140556
4222,0.7597134201880932,0.4797430503808679,0.2799703698072253
4223,1.707066880102114,1.211391110247652,0.49567576985446204
4224,2.0081305584540705,2.1063284845277277,-0.09819792607365718
4225,1.6841870319697694,1.4500867938694937,0.2341002381002757
4226,1.4707242321807195,1.3163724777520234,0.1543517544286961
4227,1.1469375480472868,0.8930872751068932,0.25385027294039353
4228,1.2866253766153195,1.1427185541149176,0.14390682250040188
4229,1.2543107040953658,1.158368646234077,0.09594205786128884
4230,0.16882097270688073,-0.04818845174368973,0.21700942445057048
4231,1.5835460850507097,1.2815300550539472,0.30201602999676247
4232,0.04076667038160735,-0.2560960603796807,0.29686273076128805
4233,2.1339271511606386,2.1309232091744645,0.0030039419861740413
4234,2.3657983260433486,2.2525167477207417,0.11328157832260688
4235,0.880178701203448,0.7403353526674192,0.13984334853602876
4236,0.8986737178207979,0.5516595012469203,0.34701421657387754
4237,0.7772490992389981,0.627587901531217,0.14966119770778108
4238,1.03602622298253,0.9635987172436805,0.0724275057388496
4239,0.6139476046046285,0.42420840740785987,0.18973919719676863
4240,0.3935791485104959,0.1376755648718974,0.25590358363859855
4241,1.8837605103678263,1.818301874513368,0.06545863585445821
4242,0.8795389093900668,0.6823954716649603,0.19714343772510656
4243,2.496991641728194,2.3417606690428467,0.15523097268534736
4244,1.1818450089738655,0.9826741074087401,0.1991709015651254
4245,1.755082970058427,1.6262924736126425,0.12879049644578444
4246,1.0153109567996126,0.7407554609353678,0.27455549586424477
4247,2.005859834321811,1.9423889526676528,0.06347088165415804
4248,1.0715344587550855,0.8450792824343112,0.22645517632077428
4249,1.8764832189536778,1.7100490561304567,0.1664341628232211
4250,-0.121708910312532,-0.1980800856608464,0.07637117534831439
4251,2.050650518726721,2.0317859593009127,0.018864559425808558
4252,0.38646219314572167,0.14253150411794085,0.2439306890277808
4253,0.5460589276081101,0.3835528932359291,0.16250603437218103
4254,1.0909664855384908,0.7555186722698323,0.3354478132686586
4255,1.6003478057099545,1.284332884779998,0.31601492092995653
4256,1.2406907622835244,1.099112515167871,0.14157824711565348
4257,0.3703451004119908,0.11186405617282252,0.2584810442391683
4258,0.3358167646341179,0.40852257521633517,-0.07270581058221726
4259,1.3624557901213032,1.262087663675164,0.10036812644613935
4260,0.7055037983883675,0.3387882821287653,0.36671551625960225
4261,1.7187507538337439,1.489934344710232,0.22881640912351187
4262,1.3954791743820318,1.206071172442897,0.18940800193913487
4263,1.2184161880856532,0.740791424102946,0.47762476398270726
4264,1.0593638617010528,0.8740383098639076,0.18532555183714516
4265,0.8652399405390976,0.5539408496426633,0.31129909089643426
4266,1.8038666910949064,1.4072687409760347,0.39659795011887167
4267,0.6881063283483498,0.3859348522307696,0.3021714761175802
4268,0.463135063243446,0.5178413271747495,-0.05470626393130351
4269,0.716203604228475,0.39011618211353594,0.326087422114939
4270,1.075414661128651,0.8518421780896965,0.2235724830389545
4271,1.480298080702237,1.4069773819908085,0.07332069871142854
4272,1.659467531911328,1.4398154602921729,0.219652071619155
4273,0.8730665626901815,0.676678307574561,0.1963882551156204
4274,0.26613940473781184,0.24136287716595084,0.024776527571860996
4275,1.6758628110905998,1.437465719937872,0.23839709115272778
4276,0.25925732806560964,-0.006694302710637633,0.2659516307762473
4277,1.8239259727983939,1.7852247508074632,0.03870122199093062
4278,1.746797521183718,1.5348569044323535,0.21194061675136444
4279,0.5120749981774643,0.2746820229330602,0.23739297524440406
4280,1.3703531208357231,1.0288953294069092,0.34145779142881394
4281,1.1032956198920099,1.0346062041759179,0.068689415716092
4282,0.7534532649714331,0.45055911441586766,0.3028941505555654
4283,0.19993646957568395,0.10008647146892857,0.09984999810675538
4284,2.350814858191922,2.2502023801341506,0.10061247805777151
4285,1.282082123814256,1.1571945923872378,0.12488753142701814
4286,0.6648167291001337,0.7010420280822868,-0.0362252989821531
4287,1.8662343499415137,1.6822389662768802,0.18399538366463353
4288,0.20528202195852693,0.08349919310514502,0.12178282885338192
4289,1.356152038811289,1.2419058544710944,0.11424618434019473
4290,0.9872737934298925,0.8801260775242259,0.10714771590566663
4291,0.5599176754482039,0.4162630676257953,0.14365460782240863
4292,1.7086263586418142,1.4806634436884105,0.2279629149534037
4293,1.590328336661486,1.4802938276000066,0.11003450906147938
4294,3.3449920060619864,3.208276913124137,0.13671509293784956
4295,0.5272631105311446,0.3292123144282753,0.1980507961028693
4296,1.6068260621341701,1.4957405748613897,0.11108548727278045
4297,1.6980429727127806,1.4350354071754443,0.2630075655373363
4298,1.2352010708232806,1.0014352485563958,0.2337658222668848
4299,1.3079470885659268,1.1474572217206283,0.16048986684529853
4300,-0.18378633250601684,-0.43957010897823756,0.2557837764722207
4301,0.5416562484459653,0.3075182341906944,0.23413801425527087
4302,0.9923136309704661,0.8954145504891831,0.09689908048128304
4303,1.460560414444119,1.4419899406030399,0.018570473841079238
4304,1.6037550190179373,1.3315583295900733,0.272196689427864
4305,1.230296042532843,0.789309695006974,0.44098634752586907
4306,1.4414792261264249,1.1787666732420856,0.26271255288433926
4307,0.412708246904378,0.15596319378103476,0.2567450531233433
4308,1.8036641362172638,1.7246305905676689,0.07903354564959497
4309,1.0860501560883775,0.7346285658216448,0.3514215902667327
4310,0.15246422202263127,0.035056922152998486,0.11740729986963278
4311,1.0453936132537511,0.8037941042016518,0.24159950905209937
4312,0.9045745291179221,0.7202504254910467,0.18432410362687546
4313,1.9753440627733194,1.7637760029509177,0.21156805982240168
4314,0.4747492096885769,0.3539442438627371,0.12080496582583983
4315,2.1375966393583017,2.057061603984947,0.08053503537335471
4316,1.626032192775739,1.4506885358256782,0.17534365695006082
4317,1.0955429412604196,0.7359973283221743,0.3595456129382453
4318,1.6060272024560398,1.3847969556795428,0.22123024677649705
4319,-0.44206470187954056,-0.4849934209758598,0.042928719096319234
4320,-0.06552465522036573,-0.4216576560064543,0.35613300078608856
4321,0.955287621510908,0.6407253426137497,0.31456227889715827
4322,1.0214691483745568,0.9758739062599114,0.045595242114645385
4323,1.4873851039212664,1.2623149695510416,0.22507013437022483
4324,0.523285491348152,0.2020316820175084,0.3212538093306436
4325,1.8541512101129811,1.7623646867613432,0.09178652335163795
4326,0.6501744959685742,0.45199322971238215,0.1981812662561921
4327,0.9067291446383544,0.6150355006233916,0.2916936440149628
4328,1.3453864939060676,1.1636711858027136,0.181715308103354
4329,1.6989431195357387,1.4909529497410006,0.20799016979473817
4330,2.170863183759783,1.9425175386875924,0.2283456450721908
4331,0.6015256512027113,0.36260099947279173,0.23892465172991956
4332,0.6808359027030526,0.5604183047317151,0.12041759797133755
4333,1.1537081897038028,1.0664697715597238,0.08723841814407907
4334,0.9375194898616909,0.773289972553308,0.16422951730838287
4335,1.442099352652098,1.1688790263594786,0.2732203262926194
4336,0.567136791428383,0.38364480049511,0.183491990933273
4337,0.6748503204435738,0.3778713986145738,0.29697892182900004
4338,0.6701435340332752,0.5491823186071917,0.12096121542608351
4339,0.3375365286658247,0.3167819222278389,0.020754606437985768
4340,2.0493846008860483,1.6752812546931517,0.37410334619289665
4341,0.8355514428960162,0.4899868575297915,0.34556458536622475
4342,0.8303357353670917,0.6420280359871519,0.18830769937993985
4343,2.169104443534253,2.05004548930176,0.11905895423249291
4344,1.1998174300071327,0.9167528389890655,0.28306459101806725
4345,1.1103452286660689,0.9844160030125809,0.12592922565348796
4346,0.7017839152251273,0.706329307993579,-0.004545392768451673
4347,1.5500860064993103,1.277429289188764,0.2726567173105463
4348,0.14422069513420085,0.0863184202201417,0.05790227491405915
4349,1.006776628389345,0.9033535798275814,0.10342304856176354
4350,1.7680098310999046,1.6163906237158812,0.15161920738402346
4351,0.7696192058421935,0.7553161303467557,0.014303075495437745
4352,1.0409878802868173,0.9638967070182981,0.07709117326851922
4353,2.0042067586889623,2.027523020607638,-0.02331626191867553
4354,0.3047846217627835,0.11450332786245636,0.1902812939003271
4355,1.6656309580958637,1.4556291907298535,0.21000176736601017
4356,1.0202177417573606,0.9299451553276107,0.09027258642974989
4357,1.4900869988623981,1.3609263578341282,0.12916064102826996
4358,0.9774217377738602,0.8050094324131221,0.17241230536073815
4359,1.2342533057706193,0.9894323429659981,0.24482096280462118
4360,1.0328802495196356,0.879432224212978,0.1534480253066577
4361,1.215526290012004,1.096062166839899,0.11946412317210497
4362,1.7737768168743724,1.9174945586033725,-0.1437177417290001
4363,0.8304019877583682,0.6719350386118941,0.15846694914647408
4364,1.612377874745927,1.6102903469490806,0.0020875277968464
4365,-0.15604649060182935,-0.45696485488768696,0.3009183642858576
4366,0.601172432684598,0.33760647654343257,0.2635659561411654
4367,1.044840692013096,0.8760424584514087,0.16879823356168722
4368,0.9664097083382566,0.7750901725668329,0.1913195357714237
4369,2.184537942752752,2.0383444099025314,0.14619353285022063
4370,0.18431395445846055,0.050161574724513255,0.13415237973394728
4371,2.7213253027382525,2.38169930372018,0.33962599901807256
4372,1.4434280717625378,1.2099179146304913,0.2335101571320466
4373,2.195623042509793,1.9031708443755222,0.2924521981342707
4374,0.5800404984821984,0.31352135988606683,0.2665191385961316
4375,1.6271566681348806,1.4066407213449852,0.2205159467898954
4376,1.2813002444504777,0.9675300927030003,0.31377015174747747
4377,0.7099147384602892,0.7131498326997855,-0.0032350942394963056
4378,0.5632293424273558,0.5389077336044328,0.024321608822923002
4379,1.3566631147455555,1.255563031461319,0.10110008328423636
4380,0.5658920322320489,0.16838395803120737,0.3975080742008415
4381,1.3584263288703882,1.0285150845262376,0.32991124434415053
4382,0.5058085056223474,0.22605708869106478,0.2797514169312826
4383,0.28562863204070277,0.18953809395941426,0.0960905380812885
4384,0.3535215004231237,0.14876535724150453,0.20475614318161917
4385,1.0554141361841625,0.8333157844739566,0.22209835171020587
4386,1.954603110641906,1.623290470428857,0.33131264021304885
4387,0.9227648108404615,0.7563994140617183,0.16636539677874318
4388,0.7533343305909124,0.618833358364267,0.13450097222664537
4389,0.2818736875686671,0.03416282782537933,0.24771085974328777
4390,1.573544405539705,1.4755643801597176,0.0979800253799874
4391,1.9935392001479915,1.8404547929435244,0.15308440720446703
4392,3.106774251328108,3.0123065953145627,0.09446765601354512
4393,-0.4223090776964803,-0.5074766036750448,0.08516752597856447
4394,1.2041063386995041,1.1086593298618563,0.09544700883764778
4395,1.6866463224766324,1.5896629846715624,0.09698333780506996
4396,0.22782773657026809,0.21437438915083748,0.013453347419430606
4397,0.9754889964815425,0.8412580060211081,0.1342309904604344
4398,1.0224412817595845,0.903211927089677,0.11922935466990747
4399,1.0926423459408585,0.949090532759522,0.14355181318133647
4400,1.2079253701616868,0.9008695011086478,0.30705586905303894
4401,0.08518695336880285,0.005507411678678858,0.07967954169012399
4402,1.3424361983797142,1.186409881299814,0.1560263170799001
4403,0.9065035369415844,0.6549888660250627,0.2515146709165217
4404,1.8534462093371904,1.6945718286875886,0.1588743806496018
4405,1.7334493264157884,1.565489528566788,0.1679597978490004
4406,1.2636878732826784,1.1177249768053428,0.14596289647733562
4407,1.3983953351899514,1.0747695185314519,0.32362581665849954
4408,1.230606912234103,1.1022118661313616,0.12839504610274144
4409,0.30686266940577084,0.30215033026984617,0.00471233913592467
4410,1.230852815128271,0.8718778645028057,0.35897495062546525
4411,-0.23572344565719427,-0.35249261717889924,0.11676917152170496
4412,2.1839973396850194,1.956982934711732,0.2270144049732874
4413,0.5243606648626141,0.3061315300590408,0.2182291348035733
4414,1.529095601677255,1.1760098947727884,0.3530857069044666
4415,1.5763596239238826,1.2907401656995472,0.28561945822433543
4416,1.5297698672749578,1.5088922333843005,0.020877633890657332
4417,0.9350047002109133,0.832371764670497,0.1026329355404163
4418,1.4469573406338845,1.3327338536964688,0.11422348693741569
4419,-0.18956638453811614,-0.20065514344123742,0.011088758903121276
4420,0.6330754687331155,0.4772568538985275,0.15581861483458798
4421,0.06835551755911466,0.1517037851962866,-0.08334826763717194
4422,0.9148751752916122,0.7506241200723982,0.16425105521921401
4423,0.7836892108159593,0.669652912305443,0.11403629851051633
4424,0.5831136008727971,0.42715496638260547,0.1559586344901916
4425,0.8972518194290328,0.7921088307150657,0.1051429887139671
4426,0.8195805102360082,0.5163625541382091,0.3032179560977991
4427,2.252942232385589,2.0197386671747775,0.23320356521081154
4428,0.7324977712264219,0.6494513628104442,0.08304640841597766
4429,1.9992085400696311,1.7529108469764267,0.24629769309320437
4430,0.7951152275284927,0.5962578438854693,0.1988573836430234
4431,0.45796920277678466,0.4079276746457915,0.05004152813099316
4432,1.9718342293698066,1.6610990784566506,0.31073515091315596
4433,2.7888368271818464,2.550292952091688,0.2385438750901585
4434,1.6623663033504956,1.609924121717278,0.05244218163321768
4435,0.9782321515847356,0.8493727446839539,0.1288594069007818
4436,1.9468044041403199,1.6320978178649934,0.31470658627532644
4437,2.0826398190347395,1.8609612270691378,0.2216785919656017
4438,1.9297866505785366,1.5779645766773367,0.3518220739011999
4439,1.6680060226687992,1.453020714241258,0.21498530842754127
4440,0.2443162287131096,0.0009448863388992958,0.2433713423742103
4441,2.89640948804893,2.6053021721058696,0.2911073159430604
4442,2.3835669325133657,1.9854992342709703,0.3980676982423954
4443,2.470898226771053,2.3408762447675744,0.1300219820034787
4444,-0.4743001311031544,-0.6940631256564367,0.2197629945532823
4445,0.5867256076359596,0.33221436695881695,0.25451124067714265
4446,1.2515921803230867,0.8798179017840081,0.37177427853907863
4447,1.6804757432598263,1.2744508817391476,0.40602486152067874
4448,1.3673458855971699,1.1495725417742793,0.2177733438228906
4449,1.9130608868037569,1.6066686077380437,0.3063922790657132
4450,0.8752420884718638,0.6416173356813885,0.23362475279047534
4451,1.9366421128442037,1.7431428101598383,0.19349930268436544
4452,0.7589092166988723,0.6001662055630264,0.158743011135846
4453,1.9658605563136466,1.9183688497934404,0.04749170652020629
4454,-0.09189596949707307,-0.30782699741177455,0.21593102791470148
4455,1.3611453345700602,1.0819811897294893,0.27916414484057084
4456,3.0947994746834966,2.8427883849311697,0.2520110897523269
4457,1.1754064369959791,0.9039027443387679,0.2715036926572112
4458,1.4406402369739533,1.2733172641161181,0.16732297285783515
4459,2.043945398795153,1.917587605717175,0.1263577930779778
4460,-0.23269418824364166,-0.11027843816777932,-0.12241575007586233
4461,1.9426239535402754,1.5961856502797265,0.3464383032605489
4462,0.8985633991220175,0.8057696814658243,0.09279371765619326
4463,0.6678851432660431,0.687223567266167,-0.019338424000123866
4464,0.6310011901780704,0.5181676756718193,0.11283351450625112
4465,0.7219767101810605,0.45169031233851936,0.2702863978425411
4466,1.9228982343153094,1.6859605346644642,0.2369376996508452
4467,1.7118564392095226,1.7178450821621902,-0.0059886429526676555
4468,1.7800893775122104,1.51596883306257,0.2641205444496404
4469,1.5207667870141008,1.313399906899347,0.2073668801147539
4470,1.0221767453916712,0.8494462850739313,0.17273046031773998
4471,0.6545339336787603,0.5526583085247354,0.10187562515402493
4472,0.8954723518920985,0.7609701158762128,0.13450223601588573
4473,0.707207030192899,0.46953751449993153,0.23766951569296746
4474,0.8206573641104546,0.6179672765660921,0.20269008754436257
4475,1.6330061489002268,1.2594844823919518,0.373521666508275
4476,0.6217975353649368,0.5204632154511758,0.10133431991376096
4477,0.6811528894889313,0.32529209788799257,0.3558607916009387
4478,1.394183847692137,1.2075641792991028,0.18661966839303434
4479,0.5246646550201898,0.31330242959642945,0.21136222542376032
4480,0.3167000243604763,0.007260472767527103,0.30943955159294917
4481,1.4368416587694914,1.1952317281710312,0.24160993059846025
4482,1.3658336359874537,1.2084097124799649,0.1574239235074888
4483,1.336527310708006,0.944097082649273,0.39243022805873307
4484,1.4067526098146454,1.056668466661919,0.3500841431527264
4485,1.079025499300827,1.008855766965512,0.07016973233531498
4486,1.0631690126567883,0.8990789182744205,0.16409009438236777
4487,0.19352655993116682,-0.040878206998040595,0.23440476692920742
4488,1.3285014530555956,0.9002958178035458,0.4282056352520498
4489,1.042292102050841,0.9653566329446733,0.07693546910616778
4490,1.2181475764996696,1.048686144677016,0.16946143182265372
4491,1.5170747957020394,1.5565597188833424,-0.03948492318130303
4492,0.6965775862962211,0.7102468650434646,-0.01366927874724344
4493,1.9975475786850068,1.769775129464477,0.22777244922052975
4494,0.1439507357646032,0.011319999573193743,0.13263073619140947
4495,1.1703700982881227,1.0358302239260906,0.13453987436203207
4496,2.348306562716993,2.0792492439073467,0.26905731880964634
4497,2.2929740784303614,2.071806787196324,0.22116729123403722
4498,1.429858151225208,1.420433290885629,0.009424860339579011
4499,2.4452783868367787,2.316552492441441,0.12872589439533755
4500,0.720310559776607,0.4511907351236882,0.2691198246529188
4501,1.372305896363243,1.0811411498014893,0.29116474656175373
4502,2.288465451924668,2.059918861174455,0.22854659075021289
4503,0.9396781135031197,0.6878750853225722,0.25180302818054745
4504,1.707825333516204,1.566080307866816,0.14174502564938796
4505,0.3065429069316473,-0.028305118098259096,0.3348480250299064
4506,0.46378430491125877,0.42089336389668136,0.04289094101457741
4507,1.9135622282801972,1.4276702743230703,0.4858919539571269
4508,1.906242721168556,1.5690336017348934,0.3372091194336626
4509,1.9164343482854598,1.6795110828164568,0.236923265469003
4510,1.4269350922964816,1.098035669178597,0.32889942311788456
4511,1.383394062781842,1.1775335990378244,0.20586046374401756
4512,1.2495807319686003,0.8859240231813209,0.3636567087872794
4513,1.8096646746714786,1.6657654783388953,0.1438991963325833
4514,1.0677554986329332,1.0182093481972498,0.049546150435683334
4515,1.3430359519482074,0.8541393453039993,0.4888966066442081
4516,1.1556104123615651,1.050333098935701,0.10527731342586422
4517,2.0315646003222243,1.9078278897031884,0.1237367106190359
4518,0.8611902576444974,0.727816379649549,0.13337387799494838
4519,2.061943355259673,2.0166964918775494,0.04524686338212369
4520,1.6493909604079546,1.4518779913405215,0.1975129690674331
4521,1.1313205818169412,0.9984017162407457,0.13291886557619548
4522,1.0941881933467918,0.7475671379515956,0.3466210553951963
4523,1.452751566651926,1.2862243939576778,0.1665271726942481
4524,2.33051322564341,2.134126369001597,0.196386856641813
4525,-0.6438173401389823,-0.7573452523386818,0.11352791219969949
4526,0.4358331787932748,0.1547357613100875,0.2810974174831873
4527,1.3940617567063072,1.0456964249518625,0.3483653317544446
4528,0.4530988456373695,0.15146805131225113,0.3016307943251184
4529,1.1108061312098747,0.8309168974705353,0.2798892337393394
4530,2.2939670248935258,1.8912440281798566,0.4027229967136692
4531,0.9753657235362648,0.6655670617295154,0.3097986618067494
4532,1.2958382025491744,0.9242987534474242,0.3715394491017502
4533,2.507207231136797,2.1608856367357783,0.34632159440101873
4534,1.756197145258523,1.648208315805885,0.1079888294526381
4535,1.7745999706827962,1.4470543978008659,0.3275455728819303
4536,0.17590941133849392,0.09154638068121443,0.08436303065727949
4537,1.4516192756615662,1.290310056165442,0.1613092194961243
4538,0.25362815873541816,-0.016680324777365734,0.2703084835127839
4539,2.6511726119479238,2.372002134041395,0.2791704779065287
4540,2.3237923234651108,2.261861061334614,0.06193126213049682
4541,1.9897945629643645,2.0648411768468558,-0.07504661388249123
4542,2.9049735100554357,2.5097112138295072,0.39526229622592846
4543,0.733330854395787,0.4258630582092558,0.30746779618653125
4544,2.0606264322389825,1.7560778045321814,0.304548627706801
4545,0.49328012847672437,0.4178043252924152,0.07547580318430919
4546,0.0317081036027034,-0.19784666392338113,0.22955476752608453
4547,1.0698761439046707,0.9727461240994542,0.09713001980521652
4548,2.1493803395951736,1.961725805596625,0.1876545339985487
4549,1.0973878132814425,0.9074043086015321,0.18998350467991043
4550,0.785815620971052,0.5958545093284162,0.18996111164263574
4551,0.9319419499088295,0.5452971279524624,0.38664482195636707
4552,1.4286290607691186,1.5497314088760779,-0.1211023481069593
4553,0.6635815874647907,0.24396759669416748,0.4196139907706232
4554,0.7177758027220227,0.567420831019502,0.15035497170252066
4555,1.9528733076337879,1.8749983417977527,0.07787496583603515
4556,0.8155144547088202,0.728140766728593,0.08737368798022727
4557,1.4459226356831636,1.2928534608635602,0.15306917481960336
4558,1.7551238464344108,1.6406496365581893,0.11447420987622148
4559,0.7993539895806607,0.6871728059835506,0.11218118359711016
4560,0.700118253092568,0.591815754680555,0.108302498412013
4561,0.5275312001074177,0.35351807248533557,0.17401312762208215
4562,2.9072178764902334,2.4511672839614436,0.4560505925287899
4563,1.692373887233,1.5837823772415045,0.10859150999149558
4564,1.1124589057578629,0.8351165804734776,0.2773423252843853
4565,1.878022494233212,1.7827902120296137,0.09523228220359825
4566,1.0472186096306162,0.9643939372722907,0.08282467235832547
4567,1.4999085617861843,1.3958153191208986,0.10409324266528563
4568,1.9315076754890508,1.3924568766127445,0.5390507988763062
4569,1.550271269806538,1.4653345969545437,0.08493667285199424
4570,0.4528814081436221,0.2846928398844081,0.16818856825921402
4571,1.685425728361539,1.6393777226315012,0.046048005730037866
4572,2.722650524144894,2.595852507423714,0.12679801672117996
4573,0.016440016978351846,0.05013787707575209,-0.033697860097400244
4574,1.7757043950965858,1.684765295423928,0.09093909967265779
4575,2.0727730386905767,2.010941348705606,0.061831689984970684
4576,-0.050259124727491375,-0.3987656888817133,0.34850656415422193
4577,0.7598680664211251,0.5209772879234038,0.23889077849772133
4578,1.5211532341715142,1.4656716727221184,0.055481561449395755
4579,1.4355378840991946,1.3421126327878012,0.09342525131139334
4580,0.10337058002639457,-0.19465173782154097,0.29802231784793554
4581,2.2457569911877466,2.2091761241580348,0.03658086702971186
4582,2.1103547670711102,1.8934170452650991,0.21693772180601112
4583,0.38910839664277913,0.10952705115212154,0.2795813454906576
4584,1.8231621297491416,1.3819036553850155,0.44125847436412613
4585,1.6217541499131825,1.3710103907281233,0.2507437591850592
4586,1.6674211930149807,1.388768058240925,0.27865313477405573
4587,2.3803247214510423,2.2069243079631904,0.17340041348785196
4588,0.807239782645444,0.653654080268731,0.1535857023767131
4589,1.6087898088165093,1.499981175427317,0.10880863338919244
4590,1.0137105162696767,0.716563694384754,0.2971468218849227
4591,0.3362388461559441,-0.04732134738857685,0.383560193544521
4592,1.301906692838929,1.2237753212085318,0.07813137163039707
4593,1.8675456949133011,1.6830732044020547,0.18447249051124648
4594,0.47695987282605895,0.20659023673258148,0.2703696360934775
4595,1.0693146898643537,0.8016747685498473,0.2676399213145064
4596,2.84020465222882,2.5217523725721445,0.31845227965667533
4597,1.958088098853352,1.687749870547501,0.2703382283058511
4598,0.9010472209908226,0.7247799915325891,0.17626722945823348
4599,0.9881030186452883,0.7194991654932071,0.26860385315208113
4600,1.7952966232088474,1.5325496274496886,0.26274699575915883
4601,1.2848697323261489,0.9260058926702568,0.3588638396558921
4602,0.8526471326174371,0.7423863221132853,0.11026081050415182
4603,2.13966743258167,1.823900151804718,0.3157672807769518
4604,2.1834198245733094,1.992487971182249,0.19093185339106045
4605,2.0109210931505306,1.854295957358887,0.1566251357916435
4606,1.332450106886855,1.0657989011868836,0.26665120569997147
4607,0.7006080750088979,0.5420003825790347,0.15860769242986317
4608,1.5340361966392826,1.3192687675574835,0.21476742908179913
4609,2.005785824033846,1.9627148483773567,0.04307097565648932
4610,0.7980399923386069,0.6520431789262572,0.1459968134123497
4611,1.016630726272572,0.7023530287621865,0.3142776975103855
4612,0.8671378732806495,0.5265617218487443,0.3405761514319052
4613,1.0470844695641721,0.7386687846955656,0.3084156848686065
4614,2.233481905231222,1.6335587957466422,0.5999231094845796
4615,1.1717653346473844,1.0481272186236372,0.12363811602374719
4616,1.7655889337497466,1.4691951376039962,0.29639379614575034
4617,0.37291946688837924,0.31608385056378097,0.05683561632459827
4618,0.8880274606407611,0.6483007167115822,0.23972674392917892
4619,2.16951777991397,1.914877627660345,0.25464015225362524
4620,2.151836975647137,2.1840384990829813,-0.03220152343584415
4621,1.7604415722973275,1.5605923065396903,0.19984926575763717
4622,0.8611550833742053,0.7491301682027741,0.1120249151714312
4623,0.489501871094126,0.22251901587100023,0.2669828552231258
4624,0.46096750244356216,0.22919644612991535,0.2317710563136468
4625,2.3909826950408206,2.1282463645768086,0.262736330464012
4626,1.9583372828234897,1.7293015147916955,0.22903576803179426
4627,1.5019120883254455,1.4406831326830016,0.061228955642443905
4628,1.7379673648506768,1.4710507344095607,0.26691663044111613
4629,3.066315351481457,2.7547863783917923,0.3115289730896649
4630,1.5438353941377094,1.144283959983207,0.39955143415450234
4631,0.47936375652740054,0.39509353885506054,0.08427021767234
4632,0.8078869648803376,0.37414279077880225,0.4337441741015354
4633,0.7206248586851,0.6314614920881547,0.08916336659694524
4634,-0.044571652299710274,-0.17927454136313228,0.134702889063422
4635,1.3267403065726648,1.1618755681365591,0.16486473843610572
4636,0.7362634785485496,0.5556045479380837,0.1806589306104659
4637,2.028834618332222,1.9857487586534546,0.043085859678767546
4638,0.7986474425378073,0.8142758733182881,-0.015628430780480818
4639,0.8670013325863131,0.6555069974033496,0.21149433518296346
4640,0.1408568251969216,-0.0582813998713524,0.199138225068274
4641,0.9968006342051898,0.9722262842247501,0.024574349980439725
4642,2.334361065505957,2.100886639953958,0.23347442555199915
4643,0.7502083015409805,0.5588683239347134,0.1913399776062671
4644,1.627618137760634,1.32722210802265,0.30039602973798396
4645,0.6678579473280314,0.3740708957823397,0.2937870515456917
4646,0.1271109823550203,-0.1312634058337799,0.2583743881888002
4647,0.48413894732134666,0.5135224706920488,-0.029383523370702158
4648,1.967268552995633,1.681670525997838,0.28559802699779513
4649,0.5049585014963448,0.2841368300842463,0.22082167141209852
4650,0.5939063697372751,0.48269724277840453,0.11120912695887053
4651,0.7311250586679733,0.4936345206927428,0.2374905379752305
4652,1.430472123341586,1.2538609526169764,0.17661117072460963
4653,1.3796563196147513,1.2392056847672148,0.1404506348475365
4654,1.589682603271549,1.2685919363445726,0.3210906669269764
4655,1.3024755835090274,1.0061862628931753,0.2962893206158521
4656,1.474563676089162,1.245925539550799,0.22863813653836296
4657,1.575485149582639,1.4397304891203855,0.13575466046225348
4658,1.6258170418843065,1.4487892750959603,0.1770277667883462
4659,1.4233521449394846,1.019433630043411,0.40391851489607355
4660,0.7965511089534633,0.6183325237188503,0.17821858523461298
4661,0.5959654289895047,0.3362000404372855,0.25976538855221915
4662,1.0612417549333273,0.8063907332454452,0.2548510216878821
4663,3.148697293330883,2.9931870764220583,0.15551021690882472
4664,1.5493914053614761,1.4527920407054566,0.09659936465601948
4665,1.097970417689087,0.7988483482720672,0.2991220694170198
4666,2.117314779521011,1.9595571718895437,0.1577576076314675
4667,1.7662648039352835,1.479007469352536,0.2872573345827476
4668,0.41471242862977636,0.20860754294908562,0.20610488568069074
4669,0.3321652716223131,0.13165869047856432,0.20050658114374875
4670,1.6621851894613715,1.558371719929703,0.10381346953166859
4671,0.07777538451291816,0.13981955673374397,-0.06204417222082581
4672,1.2411596371159273,1.176051562877638,0.06510807423828924
4673,2.6142257900061763,2.1355090108323282,0.47871677917384803
4674,2.3772568547637376,2.146660226979047,0.2305966277846907
4675,1.076163968449458,1.078735029675595,-0.00257106122613715
4676,1.6686043798990462,1.6746663647008573,-0.006061984801811082
4677,1.3680046852824421,1.087989530799749,0.2800151544826932
4678,2.650507265309815,2.6199100784333433,0.030597186876471838
4679,0.20178473133973066,0.06448991999121963,0.13729481134851101
4680,1.1323227183476412,1.0586242528487193,0.0736984654989219
4681,0.1613832512854264,0.16333916780106533,-0.0019559165156389224
4682,1.1519911221689454,0.7287331057249875,0.4232580164439579
4683,0.9042568904582455,0.7852248988113475,0.11903199164689804
4684,1.5672277644684518,1.3919317836254508,0.17529598084300102
4685,-0.21285305593046783,-0.5517280614498768,0.338875005519409
4686,0.45742633708741326,0.216962071130015,0.24046426595739825
4687,0.9546526512777206,0.7615069726411114,0.19314567863660914
4688,1.7663844682822571,1.6143156421829101,0.15206882609934702
4689,2.2991780089439393,2.2557793894200566,0.04339861952388269
4690,2.106099461861664,1.916661330058918,0.18943813180274605
4691,0.5085833631973954,0.19586830647826817,0.31271505671912725
4692,2.163100289327948,1.887586388066546,0.27551390126140185
4693,0.016534977196103515,-0.25840840743852356,0.2749433846346271
4694,1.6929046768634317,1.6949117421950475,-0.002007065331615765
4695,0.6860498566572582,0.7637742030509084,-0.07772434639365022
4696,0.25655346936869045,0.06490951464070427,0.19164395472798618
4697,0.8011330969372606,0.6537899313702731,0.14734316556698757
4698,1.3112412652146468,1.1042811622542703,0.20696010296037648
4699,1.2332866424997353,1.023734332839094,0.2095523096606413
4700,1.433814625987732,1.140072763727323,0.2937418622604091
4701,-0.4406223232652178,-0.6223833703734688,0.18176104710825103
4702,1.83909331268836,1.7527009205033048,0.08639239218505512
4703,1.9092841470140371,1.9481000867286102,-0.03881593971457309
4704,0.8854288085732187,0.6679435525674678,0.21748525600575086
4705,0.25518320934238015,0.11516633255925285,0.1400168767831273
4706,2.0374009639634627,2.171272233481413,-0.13387126951795025
4707,0.5952904891749485,0.39501473263095294,0.2002757565439956
4708,2.010239902409232,1.758326736278086,0.251913166131146
4709,1.6056868221282041,1.4283021871213835,0.17738463500682067
4710,1.4628841073399608,1.4286042188144163,0.03427988852554442
4711,1.35915188449875,1.2276973383253318,0.13145454617341823
4712,1.9924555946627656,1.7757438060132613,0.21671178864950424
4713,0.8656636724048887,0.46027677806381806,0.40538689434107067
4714,0.5602598800595655,0.5284319589410581,0.03182792111850741
4715,1.0869616867036438,0.9448360343561183,0.1421256523475255
4716,2.255189678219782,2.0596669277677595,0.19552275045202228
4717,0.8673349095501999,0.5260115503689246,0.3413233591812753
4718,0.9854595051560009,0.8652357170385269,0.12022378811747403
4719,0.3216884123323549,0.02562943591026633,0.29605897642208856
4720,2.6021670244507487,2.8152267140273795,-0.2130596895766308
4721,1.5137486856860018,1.354779946913504,0.15896873877249784
4722,1.6224680092874824,1.471335882565015,0.15113212672246745
4723,0.4593921001546828,0.29966706987903785,0.15972503027564494
4724,1.370772376784023,1.2373219277676681,0.13345044901635483
4725,1.3806055525283865,1.2840598991996892,0.09654565332869725
4726,0.45922653656221346,0.5296863112011405,-0.07045977463892705
4727,1.3317724146302066,1.2970166390936528,0.034755775536553735
4728,1.7718066649685007,1.4308895472230343,0.3409171177454664
4729,1.2518848610492461,1.0894395284052532,0.16244533264399297
4730,1.3000919930970922,1.0491826226102008,0.25090937048689144
4731,0.8613207684838161,0.7277800809580096,0.1335406875258065
4732,1.170572976207817,0.8735915952115973,0.2969813809962196
4733,1.4602339377723506,1.321024089055373,0.1392098487169775
4734,3.1208377121930284,3.0128515651540217,0.10798614703900666
4735,2.8278742146918985,2.472555106404025,0.3553191082878735
4736,2.1772831751895105,2.029951914603978,0.1473312605855326
4737,1.6258766310504311,1.5860933811208966,0.039783249929534525
4738,1.0100990929621463,0.7719173816294718,0.23818171133267452
4739,0.5625687144583664,0.48065276065233054,0.08191595380603589
4740,1.3127807413978334,1.0470873150186015,0.2656934263792319
4741,2.1622872454582387,1.9094766212116647,0.25281062424657397
4742,3.391806826848408,3.2327909139425204,0.15901591290588746
4743,1.252118524738572,1.111353494483452,0.14076503025512
4744,0.8487312503348127,0.6614073804548308,0.18732386987998184
4745,0.8920220472676488,0.6515690607238939,0.2404529865437549
4746,1.7449713812069647,1.6120951069485236,0.13287627425844106
4747,1.0632661136877393,0.8969753094684587,0.16629080421928055
4748,1.2016419025542917,0.9098187143271425,0.29182318822714925
4749,1.4352036552000724,1.2077973385739393,0.2274063166261331
4750,2.751374956985632,2.513316105491924,0.23805885149370765
4751,1.123664638564097,0.9592477971525342,0.16441684141156276
4752,1.1767298965314754,1.064407390662809,0.11232250586866632
4753,1.6993678546753395,1.4465607384797041,0.25280711619563534
4754,0.14137825844331958,-0.2457768238104673,0.3871550822537869
4755,0.763739067442583,0.8625534605482746,-0.09881439310569162
4756,0.9347703329021624,0.7393533990424036,0.19541693385975878
4757,0.8585852814295819,0.706760463026495,0.15182481840308693
4758,1.2682636560338396,1.0687284571937021,0.19953519884013748
4759,0.8690244019677669,0.7077955611314722,0.16122884083629463
4760,0.18923310817170808,0.13732297731855658,0.05191013085315149
4761,0.8861372392780342,0.8574720860285028,0.02866515324953145
4762,1.557237159588794,1.507731445815629,0.04950571377316493
4763,0.5305604939901064,0.366187911114861,0.16437258287524542
4764,2.4282260255390575,2.174018646037819,0.2542073795012385
4765,0.9508930620886521,0.7323020280347501,0.218591034053902
4766,1.1809609076539949,1.1818442963612492,-0.0008833887072543511
4767,0.9840383491901513,0.5123583859497105,0.4716799632404408
4768,1.8565500695838733,1.5920894937817884,0.2644605758020848
4769,1.2511413314462065,0.9928106804201229,0.25833065102608366
4770,0.4154764022978556,0.12100540539658258,0.294470996901273
4771,2.6028585929075376,2.391042095798971,0.21181649710856654
4772,1.1578660016433235,1.0140767387473528,0.14378926289597072
4773,0.8588303810236567,0.8494181144351252,0.00941226658853156
4774,0.3406162178365888,0.048989628417500486,0.2916265894190883
4775,0.5932488564125201,0.5815734092038908,0.011675447208629341
4776,1.6792809241568512,1.5523929800693885,0.12688794408746262
4777,1.8424843109018447,1.6968252436270732,0.14565906727477151
4778,2.197115963715013,2.0580189857464433,0.13909697796856957
4779,0.7183146900637694,0.5042004204942722,0.2141142695694972
4780,1.2509555406190616,1.0038590087253214,0.24709653189374015
4781,-0.07425633025422816,-0.11166039384208466,0.0374040635878565
4782,1.0639739622970361,0.7616002182684944,0.30237374402854167
4783,0.42123386600790036,0.2973519595902153,0.12388190641768504
4784,1.2554594166032256,1.0007599039973367,0.25469951260588886
4785,0.877287493127446,0.7802510259144194,0.09703646721302661
4786,0.39315966728715407,0.35247815151239853,0.04068151577475554
4787,2.0165857620347096,1.9464771389394429,0.07010862309526678
4788,1.029372912498164,0.7067536707849802,0.3226192417131839
4789,0.7587733442875537,0.7025877654470364,0.056185578840517336
4790,1.0376193937099554,0.971572583469146,0.06604681024080938
4791,1.4584101588796148,1.1907553906530657,0.2676547682265491
4792,0.06510336400992821,-0.25539958645905836,0.3205029504689866
4793,0.2359749219949462,0.16751218472496093,0.06846273726998528
4794,1.066385002351854,0.9954980268732083,0.07088697547864564
4795,0.5398690058253023,0.3650930040236921,0.17477600180161018
4796,0.7295692346588518,0.5290765411992933,0.20049269345955856
4797,1.2895729591875076,1.073776182467545,0.21579677671996267
4798,0.14808832820443504,-0.08655234591910324,0.23464067412353828
4799,1.4952483382007722,1.2488389390991232,0.24640939910164894
4800,-0.08032249032518739,-0.36946353855876857,0.28914104823358117
4801,1.2370351947153198,0.9852658143548616,0.25176938036045815
4802,1.1399229192875815,0.8754247181882258,0.26449820109935573
4803,1.029879448150041,1.0567456861128703,-0.026866237962829276
4804,0.4899070057054382,0.2648773387723511,0.22502966693308712
4805,0.6703447459108677,0.2833092219362107,0.38703552397465696
4806,1.576957561413601,1.4710072604033224,0.10595030101027869
4807,1.5541578105778537,1.3640689983472583,0.19008881223059548
4808,1.2139634977252591,0.8892912891385026,0.3246722085867565
4809,-0.02241053883432459,-0.26782647731932474,0.24541593848500015
4810,0.4595533485995063,0.38698652551731505,0.07256682308219126
4811,1.0557865273586458,0.9915876798922105,0.06419884746643523
4812,1.9267586780617376,1.8062647749279213,0.12049390313381636
4813,0.13102463376573015,0.06668514523501858,0.06433948853071157
4814,0.6009006394052279,0.5851767486091557,0.01572389079607217
4815,0.9210326374863179,0.6993680043379543,0.2216646331483636
4816,1.0650807666535198,0.711126812173437,0.3539539544800828
4817,0.20502893059164554,-0.06794015471770681,0.2729690853093524
4818,0.34818245435507167,0.10227367290813606,0.24590878144693562
4819,1.9310192518027585,1.7379165670741425,0.19310268472861591
4820,0.4648544127831133,0.5920143975926583,-0.127159984809545
4821,0.9236584938441255,0.8145466858409968,0.1091118080031287
4822,1.2647685007840672,1.3092712809817304,-0.04450278019766318
4823,2.26498401516,1.982776680486108,0.28220733467389203
4824,1.2723694979018927,1.1025449882600487,0.16982450964184403
4825,0.2997173702163378,0.008634011161536321,0.2910833590548015
4826,1.8752799648941456,1.6310908496490588,0.2441891152450868
4827,1.136804741713837,0.8054712822982502,0.3313334594155868
4828,1.0181776899816601,0.8284216948158052,0.18975599516585495
4829,1.0210426187160682,0.7470813250711344,0.2739612936449337
4830,2.1031550440751388,1.9234602347192347,0.1796948093559041
4831,1.2018034021517623,1.0384734698172686,0.16332993233449367
4832,1.5528947988346538,1.451173635937396,0.10172116289725786
4833,1.1642147111209808,1.0299077120487885,0.13430699907219235
4834,1.2062775409785338,1.0883106238974516,0.1179669170810822
4835,1.6218576075651634,1.4761870384525577,0.14567056911260567
4836,0.3453023793221645,0.2819099541588013,0.06339242516336319
4837,1.1760064556053773,1.0404741091880296,0.13553234641734768
4838,1.0235366210325836,0.8645633248037219,0.1589732962288617
4839,0.7626866621609675,0.6673207441798352,0.09536591798113225
4840,2.0234307888605807,1.960194167313551,0.06323662154702969
4841,1.251669248653557,0.7695763798048463,0.4820928688487107
4842,1.302586132587892,1.26136408428936,0.04122204829853193
4843,1.660945904866184,1.4851471143545032,0.1757987905116809
4844,0.7519281411331358,0.3740093719664514,0.3779187691666844
4845,1.27831060338257,1.1869463811416407,0.09136422224092922
4846,2.1357677390521634,1.991481675738476,0.14428606331368754
4847,0.9743049452518248,0.7799975634190268,0.19430738183279794
4848,1.0876840509814838,0.8889737879254694,0.19871026305601436
4849,1.4173191296127081,1.0594120062963475,0.35790712331636065
4850,0.10545189811769594,-0.026977411016817315,0.13242930913451326
4851,2.2125762023771287,1.9436459282346465,0.26893027414248216
4852,1.4780216221492293,1.257822148167399,0.22019947398183026
4853,1.0375815001050186,0.870425485799232,0.16715601430578664
4854,1.2515817205410091,1.0453481374810094,0.20623358305999973
4855,2.499052601993894,2.2706396693896043,0.22841293260428985
4856,0.8740687327795172,0.4206429580890334,0.45342577469048384
4857,0.34549016123994775,0.23230055668898048,0.11318960455096727
4858,0.865959113122858,0.562029998388603,0.303929114734255
4859,1.3998573647813577,1.3836231728114654,0.016234191969892287
4860,0.8139085288994556,0.6952269195361672,0.11868160936328842
4861,1.8032884316819235,1.7147859908583505,0.08850244082357306
4862,1.5202822709363466,1.1860496018916726,0.33423266904467397
4863,0.9977523236846528,0.6462195492123495,0.35153277447230336
4864,1.1685537789679046,1.0965601671282181,0.07199361183968644
4865,1.559632442500336,1.2935534066262326,0.2660790358741034
4866,1.487343220918826,1.2846777735898045,0.20266544732902148
4867,1.5016989446952753,1.3658836176966975,0.1358153269985778
4868,1.33660836581646,1.0470999432881951,0.2895084225282649
4869,0.6469324528914853,0.527605384171952,0.11932706871953325
4870,1.0625754342012446,0.8798087235723877,0.18276671062885685
4871,1.6681327454741286,1.6148166741567356,0.05331607131739302
4872,1.8504973287729614,1.7029636475647363,0.14753368120822508
4873,1.5481853537417867,1.4126039136946174,0.13558144004716932
4874,1.2765508157767085,0.8495975469559212,0.4269532688207873
4875,1.3866213089886603,1.0629009699353953,0.323720339053265
4876,1.2881488533729952,1.1437268300810282,0.14442202329196707
4877,1.6880000076425599,1.2901058032986357,0.3978942043439242
4878,0.6999141928117628,0.5604364645088667,0.13947772830289606
4879,0.9877654586462439,0.9141120653589659,0.07365339328727794
4880,1.7386577351115773,1.5924002314656587,0.1462575036459186
4881,0.8888078168402621,0.6706013869723398,0.21820642986792227
4882,1.8810311962172077,1.719446004143728,0.16158519207347966
4883,0.8138135743518959,0.8708443581655472,-0.05703078381365123
4884,0.2991411185069992,0.12502700069794484,0.17411411780905436
4885,1.7936247220999446,1.575212730474021,0.2184119916259235
4886,2.146886838288682,1.9211323393396467,0.2257544989490352
4887,1.3121458849687342,1.0898978538954884,0.22224803107324576
4888,1.8729477748271934,1.5015004725211478,0.3714473023060456
4889,0.8955807641134566,0.6325934363675978,0.26298732774585876
4890,0.9129592208005034,0.7969863285714546,0.11597289222904883
4891,1.2383133502596408,0.9260796481971884,0.3122337020624525
4892,0.9661233685806665,0.7443025914949722,0.22182077708569425
4893,1.9433624751633227,1.6441841735226643,0.2991783016406584
4894,2.193495252508479,1.7448657623488382,0.4486294901596408
4895,1.107185912101301,0.867300772181317,0.23988513991998406
4896,0.5422708186169101,0.43262242076190327,0.1096483978550068
4897,1.648424841930966,1.4416992629843635,0.20672557894660248
4898,1.6966043735167058,1.6076435330605774,0.0889608404561284
4899,1.7528207701125456,1.6170380769538644,0.1357826931586812
4900,1.1751294210913261,1.0424200753980435,0.13270934569328263
4901,1.1479646820533425,1.111928581198764,0.03603610085457842
4902,1.6208653063762026,1.5871943003529947,0.03367100602320794
4903,1.268940623174772,1.1066512369349997,0.1622893862397723
4904,0.04023285750603559,-0.10379670035823249,0.14402955786426808
4905,0.8235529208078551,0.49964255390175527,0.32391036690609987
4906,1.8285377416964115,1.5982524073661624,0.23028533433024911
4907,1.2393730000214807,1.0311328843589813,0.20824011566249934
4908,0.867481143797689,0.7744642343603861,0.0930169094373029
4909,0.8285733924986362,0.6400243873221713,0.1885490051764649
4910,0.6456871946749442,0.49494855547068684,0.15073863920425734
4911,3.5453514762839533,3.2451646435112895,0.3001868327726638
4912,0.7083744560457979,0.5106858908286362,0.1976885652171616
4913,-0.006858650662793603,-0.0952318001299116,0.088373149467118
4914,1.7670474563387644,1.5018506589986518,0.2651967973401126
4915,0.5036127809515812,0.37384060260459606,0.12977217834698518
4916,1.6002788941068757,1.6430675276758264,-0.042788633568950685
4917,-1.1178320342638135,-1.141830906445588,0.023998872181774544
4918,0.9607515986211924,0.9180026978460407,0.0427489007751517
4919,1.0725132513020976,1.097007698637711,-0.024494447335613456
4920,1.359659416953003,1.0068898107224638,0.3527696062305392
4921,1.2361726195703124,0.9229563759887867,0.3132162435815258
4922,1.0163918876313498,0.851263005370158,0.16512888226119182
4923,2.6444283836893887,2.2191295819449444,0.42529880174444434
4924,0.7768282567557098,0.49255024667025604,0.2842780100854537
4925,1.93838630481074,2.0908822698538065,-0.15249596504306662
4926,1.5472354159911952,1.4105169122390753,0.1367185037521199
4927,0.6309047485486552,0.5601663984398149,0.07073835010884033
4928,2.0151832028096317,1.6582292821306286,0.3569539206790031
4929,-0.6768898668756346,-0.8591549794065048,0.1822651125308702
4930,1.9998984679453942,1.795473305123184,0.20442516282221024
4931,0.8798794554383429,0.6560456425880191,0.22383381285032378
4932,1.0989219853349261,1.0111978245974205,0.08772416073750566
4933,0.7507433054457552,0.6607620839511077,0.08998122149464749
4934,0.7664215323426843,0.5357544155225749,0.23066711682010943
4935,0.4729980158339589,0.09003265927648033,0.38296535655747854
4936,0.786625739657783,0.8340436609349562,-0.04741792127717315
4937,1.6880922870023178,1.3412060785698399,0.34688620843247797
4938,0.6552134287436373,0.4896985650152715,0.16551486372836582
4939,2.338961682941711,2.2005438422729604,0.13841784066875062
4940,1.6108301304553743,1.6776302582808142,-0.06680012782543998
4941,-0.3596515173619347,-0.433556503348207,0.07390498598627232
4942,-0.10454160065778095,-0.47206757563851637,0.3675259749807354
4943,0.7573183439328126,0.6465843970277582,0.11073394690505445
4944,0.4555318261887195,0.357184257080996,0.09834756910772352
4945,1.5629555579138248,1.3811748926617737,0.18178066525205105
4946,1.2677971633539302,1.1532241193825759,0.11457304397135437
4947,1.599293525317798,1.4478093321348253,0.15148419318297268
4948,0.05782855639266894,-0.2627536139997801,0.320582170392449
4949,0.6770160789130181,0.6103281464139458,0.06668793249907223
4950,1.129957194490009,0.9146740317665395,0.2152831627234696
4951,1.0181230510833936,0.7308436322680919,0.2872794188153017
4952,0.9578643729525351,0.7676391514614327,0.19022522149110244
4953,0.60053774735106,0.4283984173437589,0.17213933000730114
4954,0.43552504951664156,0.15914742444863736,0.27637762506800423
4955,0.7656194500287062,0.9459684752357549,-0.18034902520704865
4956,0.8061206351086866,0.5506970177394324,0.25542361736925423
4957,1.7040179949410958,1.5045073109467713,0.1995106839943246
4958,1.1671464474896225,0.9574955576865006,0.20965088980312185
4959,-0.3042371368447114,-0.3986788309180085,0.09444169407329711
4960,1.303945529088002,0.9386174915558227,0.36532803753217924
4961,1.564543233273479,1.271774527374135,0.292768705899344
4962,1.4136724938480796,1.3494653760514184,0.06420711779666122
4963,2.4680994328072123,2.367207520497613,0.10089191230959926
4964,0.6740064220182268,0.5929561852064469,0.08105023681177992
4965,1.384518643430866,1.2892293383818545,0.09528930504901156
4966,2.5343814222359224,2.1802193105116565,0.3541621117242659
4967,0.45528382137280815,0.29364340779411585,0.1616404135786923
4968,0.5329266364503771,0.15321086313714757,0.3797157733132295
4969,-0.11647054443283764,-0.2928475935971566,0.17637704916431898
4970,0.9077439404033415,0.4461388230579902,0.4616051173453513
4971,1.8380314406010176,1.6063925088402502,0.23163893176076744
4972,0.2664422885209186,0.21449977747465793,0.051942511046260686
4973,1.5507287998256143,1.2658493503145007,0.28487944951111355
4974,0.5837422711487767,0.33661998123412085,0.2471222899146559
4975,-0.653152558005118,-0.6472045034867774,-0.005948054518340573
4976,1.7219869815646847,1.635551825826169,0.08643515573851568
4977,-0.1556124845021662,-0.24271122938830378,0.08709874488613759
4978,0.8028578811278437,0.7523474188138104,0.05051046231403333
4979,2.373302696490874,2.1453819285917874,0.22792076789908666
4980,1.6513381986809041,1.4765733191274613,0.1747648795534429
4981,0.4926935456306504,0.4311285320447013,0.06156501358594907
4982,1.9616688950782413,1.644508174179658,0.31716072089858316
4983,0.8497079673347147,0.6034949789727467,0.24621298836196792
4984,1.9057567555814106,1.7686081143894763,0.13714864119193426
4985,1.081000525620228,0.9980958745307061,0.08290465108952183
4986,-0.006306577116005208,-0.14832726335521604,0.14202068623921082
4987,0.8757164370151284,0.6938609154263214,0.1818555215888069
4988,0.5761847348323331,0.34697952135838933,0.2292052134739438
4989,1.7134712663766658,1.3974883992628293,0.3159828671138365
4990,1.2256312675645702,0.9441991262271885,0.2814321413373817
4991,0.5658941314139888,0.3620884192049521,0.2038057122090367
4992,1.6040957234449134,1.3594431526584578,0.24465257078645553
4993,1.8432429728448043,1.5990022869690013,0.24424068587580305
4994,0.113775984066946,0.16345346844245298,-0.04967748437550698
4995,1.744835350084961,1.487906584778115,0.25692876530684594
4996,1.9784085905683362,1.6317009322959601,0.34670765827237604
4997,0.6857686251058343,0.45341952975702476,0.2323490953488095
4998,1.553239768342578,1.3867686963716925,0.1664710719708855
4999,1.6166672898508307,1.2484834242085348,0.368183865642296
