date,market,regime,fold,p_lab_up_10,p_lab_dn_05,R1,net,eod_net,outcome,pump20_hit,policy
2024-04-03,KRW-BTC,bull_volatile,0,0.0,0.15482652820391787,0.0,0.0031745026183461213,0.0031745026183461213,eod,0,R1_baseline
2024-04-04,KRW-BTC,bull_volatile,0,0.0,0.0066068900424728644,0.0,0.028126328988000326,0.028126328988000326,eod,0,R1_baseline
2024-04-05,KRW-BTC,bull_volatile,0,0.0,0.0066068900424728644,0.0,-0.012068656041027746,-0.012068656041027746,eod,0,R1_baseline
2024-04-06,KRW-BTC,bull_volatile,0,0.0,0.0219443133553563,0.0,0.004984728363063575,0.004984728363063575,eod,0,R1_baseline
2024-04-07,KRW-BTC,bull_volatile,0,0.0,0.0066068900424728644,0.0,0.002227272727272801,0.002227272727272801,eod,0,R1_baseline
2024-04-08,KRW-BTC,bull_volatile,0,0.0,0.0066068900424728644,0.0,0.025993483883303636,0.025993483883303636,eod,0,R1_baseline
2024-04-09,KRW-BTC,bull_volatile,0,0.0,0.0066068900424728644,0.0,-0.0315,-0.02795761881430675,sl,0,R1_baseline
2024-04-10,KRW-BTC,bull_volatile,0,0.0,0.0066068900424728644,0.0,0.010480806566809888,0.010480806566809888,eod,0,R1_baseline
2024-04-11,KRW-BTC,bull_volatile,0,0.0,0.0066068900424728644,0.0,-0.002096415542589046,-0.002096415542589046,eod,0,R1_baseline
2024-04-12,KRW-BTC,bull_volatile,0,0.0,0.0066068900424728644,0.0,-0.009118706610172831,-0.009118706610172831,eod,0,R1_baseline
2024-04-13,KRW-BTC,bull_volatile,0,0.0,0.0066068900424728644,0.0,-0.0315,-0.026548923679060643,sl,0,R1_baseline
2024-04-14,KRW-BTC,bull_volatile,0,0.0,0.0219443133553563,0.0,0.017162519440124424,0.017162519440124424,eod,0,R1_baseline
2024-04-15,KRW-BTC,bull_volatile,0,0.0,0.0066068900424728644,0.0,-0.0315,-0.025799764482315968,sl,0,R1_baseline
2024-04-16,KRW-BTC,bull_volatile,0,0.0,0.0370545197073401,0.0,-0.0315,-0.011165388998238877,sl,0,R1_baseline
2024-04-17,KRW-BTC,bull_volatile,0,0.0,0.0219443133553563,0.0,-0.0315,-0.04520430034415307,sl,0,R1_baseline
2024-04-18,KRW-BTC,bull_volatile,0,0.0,0.15482652820391787,0.0,0.01946479620293312,0.01946479620293312,eod,0,R1_baseline
2024-04-19,KRW-BTC,bull_volatile,0,0.0,0.0219443133553563,0.0,-0.0315,-0.001521415110502021,sl,0,R1_baseline
2024-04-20,KRW-BTC,bull_volatile,0,0.0,0.0370545197073401,0.0,0.013651515151515138,0.013651515151515138,eod,0,R1_baseline
2024-04-21,KRW-BTC,bull_quiet,0,0.0,0.0066068900424728644,0.0,-0.0012047659215521076,-0.0012047659215521076,eod,0,R1_baseline
2024-04-22,KRW-BTC,bull_quiet,0,0.0,0.0066068900424728644,0.0,0.02253304148096641,0.02253304148096641,eod,0,R1_baseline
2024-04-23,KRW-BTC,bull_quiet,0,0.0,0.0066068900424728644,0.0,-0.013779023848455916,-0.013779023848455916,eod,0,R1_baseline
2024-04-24,KRW-BTC,bull_quiet,0,0.0,0.0066068900424728644,0.0,-0.0315,-0.027907552747447217,sl,0,R1_baseline
2024-04-25,KRW-BTC,bull_quiet,0,0.0,0.0066068900424728644,0.0,-0.00978699743370398,-0.00978699743370398,eod,0,R1_baseline
2024-04-26,KRW-BTC,bull_quiet,0,0.0,0.0066068900424728644,0.0,-0.01023211802373841,-0.01023211802373841,eod,0,R1_baseline
2024-04-27,KRW-BTC,bull_quiet,0,0.0,0.0066068900424728644,0.0,-0.006458947311184847,-0.006458947311184847,eod,0,R1_baseline
2024-04-28,KRW-BTC,bull_quiet,0,0.0,0.0066068900424728644,0.0,-0.012090279675187663,-0.012090279675187663,eod,0,R1_baseline
2024-04-29,KRW-BTC,bull_quiet,0,0.0,0.0370545197073401,0.0,0.008076618470612975,0.008076618470612975,eod,0,R1_baseline
2024-04-30,KRW-BTC,bull_quiet,0,0.0,0.0219443133553563,0.0,-0.0315,-0.048141137855579885,sl,0,R1_baseline
2024-05-01,KRW-BTC,bull_quiet,0,0.0,0.2846353552041539,0.0,-0.0315,-0.043415274463007136,sl,0,R1_baseline
2024-05-02,KRW-BTC,bull_volatile,0,0.0011798017932987258,0.19395941481831053,0.006082725060827251,-0.0315,-0.006541976550617333,sl,0,R1_baseline
2024-05-03,KRW-BTC,bull_quiet,0,0.0,0.06347333647947145,0.0,0.0485,0.07305232502166176,tp,0,R1_baseline
2024-05-04,KRW-BTC,bull_volatile,0,0.0,0.0066068900424728644,0.0,0.009833729043240704,0.009833729043240704,eod,0,R1_baseline
2024-05-05,KRW-BTC,bull_volatile,0,0.0,0.0066068900424728644,0.0,-0.004179866671096209,-0.004179866671096209,eod,0,R1_baseline
2024-05-06,KRW-BTC,bull_volatile,0,0.0011798017932987258,0.0066068900424728644,0.17857142857142858,-0.015884017758046654,-0.015884017758046654,eod,0,R1_baseline
2024-05-07,KRW-BTC,bull_volatile,0,0.0011798017932987258,0.0066068900424728644,0.17857142857142858,-0.01484760081099351,-0.01484760081099351,eod,0,R1_baseline
2024-05-08,KRW-BTC,bull_volatile,0,0.0011798017932987258,0.0066068900424728644,0.17857142857142858,-0.021170072492722236,-0.021170072492722236,eod,0,R1_baseline
2024-05-09,KRW-BTC,bull_volatile,0,0.0011798017932987258,0.0066068900424728644,0.17857142857142858,0.024631917272219195,0.024631917272219195,eod,0,R1_baseline
2024-05-10,KRW-BTC,bull_volatile,0,0.003540240736370073,0.0066068900424728644,0.5358407228834418,-0.0315,-0.02730689091651911,sl,0,R1_baseline
2024-05-11,KRW-BTC,bull_volatile,0,0.0,0.06347333647947145,0.0,-0.0020941147689941806,-0.0020941147689941806,eod,0,R1_baseline
2024-05-12,KRW-BTC,bull_volatile,0,0.0,0.0370545197073401,0.0,0.00700905106596267,0.00700905106596267,eod,0,R1_baseline
2024-05-13,KRW-BTC,bull_volatile,0,0.0,0.0370545197073401,0.0,0.01476194796638969,0.01476194796638969,eod,0,R1_baseline
2024-05-14,KRW-BTC,bull_volatile,0,0.0011798017932987258,0.0219443133553563,0.053763440860215055,-0.017807685309436605,-0.017807685309436605,eod,0,R1_baseline
2024-05-15,KRW-BTC,bull_volatile,0,0.0,0.0219443133553563,0.0,0.0485,0.06307167953400211,tp,0,R1_baseline
2024-05-16,KRW-BTC,bull_volatile,0,0.03469435921642672,0.1149126946672959,0.3019192902653315,-0.015732827783869474,-0.015732827783869474,eod,0,R1_baseline
2024-05-17,KRW-BTC,bull_volatile,0,0.003540240736370073,0.0370545197073401,0.09554140127388536,0.01839233699182069,0.01839233699182069,eod,0,R1_baseline
2024-05-18,KRW-BTC,bull_volatile,0,0.0,0.0219443133553563,0.0,0.0031852059763364817,0.0031852059763364817,eod,0,R1_baseline
2024-05-19,KRW-BTC,bull_volatile,0,0.0,0.0066068900424728644,0.0,-0.010966400189113155,-0.010966400189113155,eod,0,R1_baseline
2024-05-20,KRW-BTC,bull_volatile,0,0.0,0.0066068900424728644,0.0,0.0485,0.05355234040245166,tp,0,R1_baseline
2024-05-21,KRW-BTC,bull_volatile,0,0.003540240736370073,0.0370545197073401,0.09554140127388536,-0.007257762697923052,-0.007257762697923052,eod,0,R1_baseline
2024-05-22,KRW-BTC,bull_volatile,0,0.0011798017932987258,0.0370545197073401,0.03183961909685797,-0.014899919352337197,-0.014899919352337197,eod,0,R1_baseline
2024-05-23,KRW-BTC,bull_volatile,0,0.0011798017932987258,0.0066068900424728644,0.17857142857142858,-0.006960014043030314,-0.006960014043030314,eod,0,R1_baseline
2024-05-24,KRW-BTC,bull_volatile,0,0.0011798017932987258,0.0066068900424728644,0.17857142857142858,0.001840463871355226,0.001840463871355226,eod,0,R1_baseline
2024-05-25,KRW-BTC,bull_volatile,0,0.0,0.0066068900424728644,0.0,0.009275726258743568,0.009275726258743568,eod,0,R1_baseline
2024-05-26,KRW-BTC,bull_volatile,0,0.0,0.0066068900424728644,0.0,-0.00804613466334164,-0.00804613466334164,eod,0,R1_baseline
2024-05-27,KRW-BTC,bull_volatile,0,0.0,0.0066068900424728644,0.0,0.0028499173933956303,0.0028499173933956303,eod,0,R1_baseline
2024-05-28,KRW-BTC,bull_volatile,0,0.0,0.0066068900424728644,0.0,-0.016596304008328955,-0.016596304008328955,eod,0,R1_baseline
2024-05-29,KRW-BTC,bull_volatile,0,0.0,0.0219443133553563,0.0,-0.009360206647368306,-0.009360206647368306,eod,0,R1_baseline
2024-05-30,KRW-BTC,bull_volatile,0,0.0,0.0219443133553563,0.0,0.009499893515067694,0.009499893515067694,eod,0,R1_baseline
2024-05-31,KRW-BTC,bull_volatile,0,0.0,0.0219443133553563,0.0,-0.006710526315789443,-0.006710526315789443,eod,0,R1_baseline
2024-06-01,KRW-BTC,bull_volatile,0,0.0,0.0219443133553563,0.0,0.0007856175399983414,0.0007856175399983414,eod,0,R1_baseline
2024-06-02,KRW-BTC,bull_volatile,0,0.0,0.0219443133553563,0.0,0.001011555264768539,0.001011555264768539,eod,0,R1_baseline
2024-06-03,KRW-BTC,bull_quiet,0,0.0,0.0219443133553563,0.0,0.008963157894736952,0.008963157894736952,eod,0,R1_baseline
2024-06-04,KRW-BTC,bull_quiet,0,0.0,0.0066068900424728644,0.0,0.014188480530033023,0.014188480530033023,eod,0,R1_baseline
2024-06-05,KRW-BTC,bull_quiet,0,0.0,0.0066068900424728644,0.0,0.007680428761924376,0.007680428761924376,eod,0,R1_baseline
2024-06-06,KRW-BTC,bull_quiet,0,0.0,0.0066068900424728644,0.0,-0.0020183717030035062,-0.0020183717030035062,eod,0,R1_baseline
2024-06-07,KRW-BTC,bull_quiet,0,0.0,0.0066068900424728644,0.0,-0.005588648406749273,-0.005588648406749273,eod,0,R1_baseline
2024-06-08,KRW-BTC,bull_quiet,0,0.0,0.0066068900424728644,0.0,0.0006037796546123921,0.0006037796546123921,eod,0,R1_baseline
2024-06-09,KRW-BTC,bull_quiet,0,0.0,0.0066068900424728644,0.0,-0.003069234845165468,-0.003069234845165468,eod,0,R1_baseline
2024-06-10,KRW-BTC,bull_quiet,0,0.0,0.0066068900424728644,0.0,-0.008715537389138937,-0.008715537389138937,eod,0,R1_baseline
2024-06-11,KRW-BTC,bull_quiet,0,0.0,0.0066068900424728644,0.0,-0.0315,-0.02154543632233058,sl,0,R1_baseline
2024-06-12,KRW-BTC,bull_quiet,0,0.0,0.0066068900424728644,0.0,0.004846442320804835,0.004846442320804835,eod,0,R1_baseline
2024-06-13,KRW-BTC,bull_quiet,0,0.0,0.0066068900424728644,0.0,-0.015259459628494563,-0.015259459628494563,eod,0,R1_baseline
2024-06-14,KRW-BTC,bull_quiet,0,0.0,0.0219443133553563,0.0,-0.00822204959096967,-0.00822204959096967,eod,0,R1_baseline
2024-06-15,KRW-BTC,bull_quiet,0,0.0,0.0066068900424728644,0.0,-0.002234206578065333,-0.002234206578065333,eod,0,R1_baseline
2024-06-16,KRW-BTC,bull_quiet,0,0.0,0.0219443133553563,0.0,0.0017583348418215862,0.0017583348418215862,eod,0,R1_baseline
2024-06-17,KRW-BTC,bull_quiet,0,0.0,0.0066068900424728644,0.0,-0.008197162992602368,-0.008197162992602368,eod,0,R1_baseline
2024-06-18,KRW-BTC,bull_quiet,0,0.0,0.0066068900424728644,0.0,-0.0315,-0.022228931818910336,sl,0,R1_baseline
2024-06-19,KRW-BTC,bull_quiet,0,0.0,0.0066068900424728644,0.0,-0.0025256522166089966,-0.0025256522166089966,eod,0,R1_baseline
2024-06-20,KRW-BTC,bull_quiet,0,0.0,0.0219443133553563,0.0,0.001023238921233517,0.001023238921233517,eod,0,R1_baseline
2024-06-21,KRW-BTC,bull_quiet,0,0.0,0.0066068900424728644,0.0,-0.01752763159328391,-0.01752763159328391,eod,0,R1_baseline
2024-06-22,KRW-BTC,bull_quiet,0,0.0,0.0066068900424728644,0.0,0.004767440315365303,0.004767440315365303,eod,0,R1_baseline
2024-06-23,KRW-BTC,bull_quiet,0,0.0,0.0066068900424728644,0.0,-0.021615764685168515,-0.021615764685168515,eod,0,R1_baseline
2024-06-24,KRW-BTC,bull_quiet,0,0.0,0.40608777725342143,0.0,-0.0315,-0.041948933782267106,sl,0,R1_baseline
2024-06-25,KRW-BTC,bull_quiet,0,0.0011798017932987258,0.06347333647947145,0.018587360594795536,0.021366834317796457,0.021366834317796457,eod,0,R1_baseline
2024-06-26,KRW-BTC,bull_quiet,0,0.0,0.0066068900424728644,0.0,-0.017918371196963323,-0.017918371196963323,eod,0,R1_baseline
2024-06-27,KRW-BTC,bull_quiet,0,0.0,0.0066068900424728644,0.0,0.007699461041676349,0.007699461041676349,eod,0,R1_baseline
2024-06-28,KRW-BTC,bull_quiet,0,0.0,0.0066068900424728644,0.0,-0.021264028776978472,-0.021264028776978472,eod,0,R1_baseline
2024-06-29,KRW-BTC,bull_quiet,0,0.0,0.0066068900424728644,0.0,0.005639753631527635,0.005639753631527635,eod,0,R1_baseline
2024-06-30,KRW-BTC,bull_quiet,0,0.0,0.0066068900424728644,0.0,0.023626799976680435,0.023626799976680435,eod,0,R1_baseline
2024-07-01,KRW-BTC,bull_quiet,0,0.0,0.0066068900424728644,0.0,0.0022875341219291147,0.0022875341219291147,eod,0,R1_baseline
2024-07-02,KRW-BTC,bull_quiet,0,0.0,0.0066068900424728644,0.0,-0.012954922444170012,-0.012954922444170012,eod,0,R1_baseline
2024-07-03,KRW-BTC,bull_quiet,0,0.0,0.0066068900424728644,0.0,-0.0315,-0.02371840265841646,sl,0,R1_baseline
2024-07-04,KRW-BTC,bull_quiet,0,0.0,0.0219443133553563,0.0,-0.0315,-0.04428632618860667,sl,0,R1_baseline
2024-07-05,KRW-BTC,bear_quiet,0,0.009910335063709298,0.40608777725342143,0.02440441603718768,-0.0315,-0.008380509304603377,sl,0,R1_baseline
2024-07-06,KRW-BTC,bear_quiet,0,0.009910335063709298,0.06347333647947145,0.15613382899628253,0.019555745950343983,0.019555745950343983,eod,0,R1_baseline
2024-07-07,KRW-BTC,bull_quiet,0,0.0,0.0066068900424728644,0.0,-0.0315,-0.04317773083886539,sl,0,R1_baseline
2024-07-08,KRW-BTC,bear_quiet,0,0.0,0.0370545197073401,0.0,0.012820440318903671,0.012820440318903671,eod,0,R1_baseline
2024-07-09,KRW-BTC,bear_quiet,0,0.0,0.0066068900424728644,0.0,0.017680362488975032,0.017680362488975032,eod,0,R1_baseline
2024-07-10,KRW-BTC,bear_quiet,0,0.0,0.0066068900424728644,0.0,-0.0032917433540948214,-0.0032917433540948214,eod,0,R1_baseline
2024-07-11,KRW-BTC,bear_quiet,0,0.0,0.0066068900424728644,0.0,-0.011948453482410968,-0.011948453482410968,eod,0,R1_baseline
2024-07-12,KRW-BTC,bear_quiet,0,0.0,0.0066068900424728644,0.0,0.004297458986061433,0.004297458986061433,eod,0,R1_baseline
2024-07-13,KRW-BTC,bear_quiet,0,0.0,0.0066068900424728644,0.0,0.015091455339186823,0.015091455339186823,eod,0,R1_baseline
2024-07-14,KRW-BTC,bear_quiet,0,0.0,0.0066068900424728644,0.0,0.02900626651065724,0.02900626651065724,eod,0,R1_baseline
2024-07-15,KRW-BTC,bull_quiet,0,0.0,0.0066068900424728644,0.0,0.0485,0.06559586796207412,tp,0,R1_baseline
2024-07-16,KRW-BTC,bull_volatile,0,0.003540240736370073,0.0219443133553563,0.1613283896853373,-0.0315,-0.005394166428994538,sl,0,R1_baseline
2024-07-17,KRW-BTC,bull_volatile,0,0.0011798017932987258,0.0219443133553563,0.053763440860215055,-0.016451830443159954,-0.016451830443159954,eod,0,R1_baseline
2024-07-18,KRW-BTC,bull_volatile,0,0.003540240736370073,0.0066068900424728644,0.5358407228834418,0.0028145846373959795,0.0028145846373959795,eod,0,R1_baseline
2024-07-19,KRW-BTC,bull_volatile,0,0.003540240736370073,0.0066068900424728644,0.5358407228834418,0.03360294936004454,0.03360294936004454,eod,0,R1_baseline
2024-07-20,KRW-BTC,bull_volatile,0,0.022888154789995282,0.0066068900424728644,3.4642857142857144,0.009908111479076278,0.009908111479076278,eod,0,R1_baseline
2024-07-21,KRW-BTC,bull_volatile,0,0.003540240736370073,0.0066068900424728644,0.5358407228834418,0.008354049514738561,0.008354049514738561,eod,0,R1_baseline
2024-07-22,KRW-BTC,bull_volatile,0,0.0011798017932987258,0.0219443133553563,0.053763440860215055,-0.008268421052631534,-0.008268421052631534,eod,0,R1_baseline
2024-07-23,KRW-BTC,bull_volatile,0,0.0011798017932987258,0.0066068900424728644,0.17857142857142858,-0.02328524458020448,-0.02328524458020448,eod,0,R1_baseline
2024-07-24,KRW-BTC,bull_volatile,0,0.0,0.0066068900424728644,0.0,-0.009339607911172774,-0.009339607911172774,eod,0,R1_baseline
2024-07-25,KRW-BTC,bull_quiet,0,0.0,0.0066068900424728644,0.0,0.009035403984655912,0.009035403984655912,eod,0,R1_baseline
2024-07-26,KRW-BTC,bull_quiet,0,0.0011798017932987258,0.0066068900424728644,0.17857142857142858,0.022852527710191917,0.022852527710191917,eod,0,R1_baseline
2024-07-27,KRW-BTC,bull_quiet,0,0.0011798017932987258,0.0066068900424728644,0.17857142857142858,-0.005166564524139048,-0.005166564524139048,eod,0,R1_baseline
2024-07-28,KRW-BTC,bull_quiet,0,0.0011798017932987258,0.0066068900424728644,0.17857142857142858,0.009333041837589264,0.009333041837589264,eod,0,R1_baseline
2024-07-29,KRW-BTC,bull_quiet,0,0.0011798017932987258,0.0066068900424728644,0.17857142857142858,-0.01979850151526269,-0.01979850151526269,eod,0,R1_baseline
2024-07-30,KRW-BTC,bull_quiet,0,0.0,0.0066068900424728644,0.0,-0.010228166230436373,-0.010228166230436373,eod,0,R1_baseline
2024-07-31,KRW-BTC,bull_quiet,0,0.0,0.0066068900424728644,0.0,-0.02784982217911408,-0.02784982217911408,eod,0,R1_baseline
2024-08-01,KRW-BTC,bull_volatile,0,0.0,0.0066068900424728644,0.0,0.014471930135257884,0.014471930135257884,eod,0,R1_baseline
2024-08-02,KRW-BTC,bull_volatile,0,0.0,0.0066068900424728644,0.0,-0.0315,-0.05704042423384065,sl,0,R1_baseline
2024-08-03,KRW-BTC,bull_volatile,0,0.0,0.40608777725342143,0.0,-0.009966853537276053,-0.009966853537276053,eod,0,R1_baseline
2024-08-04,KRW-BTC,bear_volatile,0,0.0,0.0370545197073401,0.0,-0.0315,-0.049002152314028435,sl,0,R1_baseline
2024-08-05,KRW-BTC,bear_volatile,0,0.0,0.40608777725342143,0.0,-0.0315,-0.0508214935691515,sl,0,R1_baseline
2024-08-06,KRW-BTC,bear_volatile,0,0.003540240736370073,0.19395941481831053,0.018252482044691445,0.0485,0.029842400946185788,tp,0,R1_baseline
2024-08-07,KRW-BTC,bear_volatile,0,0.0,0.06347333647947145,0.0,-0.0236789786193648,-0.0236789786193648,eod,0,R1_baseline
2024-08-13,KRW-BTC,bear_volatile,1,0.0003598416696653472,0.010255487585462396,0.03508771929824561,0.015241379931976886,0.015241379931976886,eod,0,R1_baseline
2024-08-14,KRW-BTC,bear_volatile,1,0.0003598416696653472,0.010255487585462396,0.03508771929824561,-0.026681174412143738,-0.026681174412143738,eod,0,R1_baseline
2024-08-15,KRW-BTC,bear_volatile,1,0.0003598416696653472,0.010255487585462396,0.03508771929824561,-0.0315,-0.01891872877244055,sl,0,R1_baseline
2024-08-16,KRW-BTC,bear_volatile,1,0.0003598416696653472,0.1297229219143577,0.002773925104022191,0.012874907457677333,0.012874907457677333,eod,0,R1_baseline
2024-08-17,KRW-BTC,bear_volatile,1,0.0021590500179920835,0.1297229219143577,0.016643550624133148,0.006579333211656659,0.006579333211656659,eod,0,R1_baseline
2024-08-18,KRW-BTC,bear_volatile,1,0.0003598416696653472,0.05938456001439626,0.0060595156313040435,-0.017450060974873505,-0.017450060974873505,eod,0,R1_baseline
2024-08-19,KRW-BTC,bear_volatile,1,0.0003598416696653472,0.05938456001439626,0.0060595156313040435,0.0007085889570551131,0.0007085889570551131,eod,0,R1_baseline
2024-08-20,KRW-BTC,bear_volatile,1,0.0003598416696653472,0.0327455919395466,0.010989010989010988,-0.012849445383089684,-0.012849445383089684,eod,0,R1_baseline
2024-08-21,KRW-BTC,bear_volatile,1,0.0003598416696653472,0.0327455919395466,0.010989010989010988,0.02511267352726293,0.02511267352726293,eod,0,R1_baseline
2024-08-22,KRW-BTC,bear_volatile,1,0.0021590500179920835,0.05938456001439626,0.036357093787824264,-0.012320265379975824,-0.012320265379975824,eod,0,R1_baseline
2024-08-23,KRW-BTC,bear_volatile,1,0.0003598416696653472,0.010255487585462396,0.03508771929824561,0.0485,0.04224969516656102,tp,0,R1_baseline
2024-08-24,KRW-BTC,bear_volatile,1,0.005398596364945114,0.010255487585462396,0.5264105016906131,0.0004509345794392896,0.0004509345794392896,eod,0,R1_baseline
2024-08-25,KRW-BTC,bear_volatile,1,0.0021590500179920835,0.010255487585462396,0.2105263157894737,0.003709365203305172,0.003709365203305172,eod,0,R1_baseline
2024-08-26,KRW-BTC,bear_volatile,1,0.0003598416696653472,0.010255487585462396,0.03508771929824561,-0.022743042671614144,-0.022743042671614144,eod,0,R1_baseline
2024-08-27,KRW-BTC,bear_volatile,1,0.0003598416696653472,0.010255487585462396,0.03508771929824561,-0.0315,-0.04246768078855084,sl,0,R1_baseline
2024-08-28,KRW-BTC,bear_volatile,1,0.0003598416696653472,0.1297229219143577,0.002773925104022191,-0.006169722163885059,-0.006169722163885059,eod,0,R1_baseline
2024-08-29,KRW-BTC,bear_volatile,1,0.0003598416696653472,0.0327455919395466,0.010989010989010988,0.0006335185690540825,0.0006335185690540825,eod,0,R1_baseline
2024-08-30,KRW-BTC,bear_volatile,1,0.0003598416696653472,0.0327455919395466,0.010989010989010988,-0.005289708341073727,-0.005289708341073727,eod,0,R1_baseline
2024-08-31,KRW-BTC,bear_volatile,1,0.0003598416696653472,0.010255487585462396,0.03508771929824561,-0.003700425166896669,-0.003700425166896669,eod,0,R1_baseline
2024-09-01,KRW-BTC,bear_volatile,1,0.0003598416696653472,0.010255487585462396,0.03508771929824561,-0.026394146948941433,-0.026394146948941433,eod,0,R1_baseline
2024-09-02,KRW-BTC,bear_volatile,1,0.0003598416696653472,0.4100395825836632,0.000877577885037297,0.022790257078272813,0.022790257078272813,eod,0,R1_baseline
2024-09-03,KRW-BTC,bear_volatile,1,0.0003598416696653472,0.010255487585462396,0.03508771929824561,-0.02611151195683331,-0.02611151195683331,eod,0,R1_baseline
2024-09-04,KRW-BTC,bear_volatile,1,0.0003598416696653472,0.28900485873672843,0.0012451059516378174,0.004492078701929194,0.004492078701929194,eod,0,R1_baseline
2024-09-05,KRW-BTC,bear_volatile,1,0.0003598416696653472,0.010255487585462396,0.03508771929824561,-0.0315,-0.03209474974282117,sl,0,R1_baseline
2024-09-06,KRW-BTC,bear_volatile,1,0.0003598416696653472,0.22741993522849946,0.0015822784810126582,-0.0315,-0.036689309576837414,sl,0,R1_baseline
2024-09-07,KRW-BTC,bear_volatile,1,0.0003598416696653472,0.1297229219143577,0.002773925104022191,-0.001554315354950818,-0.001554315354950818,eod,0,R1_baseline
2024-09-08,KRW-BTC,bear_quiet,1,0.0003598416696653472,0.010255487585462396,0.03508771929824561,0.009322922324823514,0.009322922324823514,eod,0,R1_baseline
2024-09-09,KRW-BTC,bear_quiet,1,0.0003598416696653472,0.010255487585462396,0.03508771929824561,0.0485,0.036598308682276814,tp,0,R1_baseline
2024-09-10,KRW-BTC,bear_quiet,1,0.0003598416696653472,0.010255487585462396,0.03508771929824561,0.009033807829181452,0.009033807829181452,eod,0,R1_baseline
2024-09-11,KRW-BTC,bear_quiet,1,0.0003598416696653472,0.010255487585462396,0.03508771929824561,-0.0315,-0.01161640265843694,sl,0,R1_baseline
2024-09-12,KRW-BTC,bear_quiet,1,0.0003598416696653472,0.010255487585462396,0.03508771929824561,0.010237180232933797,0.010237180232933797,eod,0,R1_baseline
2024-09-13,KRW-BTC,bear_quiet,1,0.0003598416696653472,0.010255487585462396,0.03508771929824561,0.032498134638234755,0.032498134638234755,eod,0,R1_baseline
2024-09-14,KRW-BTC,bear_quiet,1,0.0021590500179920835,0.010255487585462396,0.2105263157894737,-0.006516681082416929,-0.006516681082416929,eod,0,R1_baseline
2024-09-15,KRW-BTC,bear_quiet,1,0.0003598416696653472,0.010255487585462396,0.03508771929824561,-0.01185716059808256,-0.01185716059808256,eod,0,R1_baseline
2024-09-16,KRW-BTC,bear_quiet,1,0.0003598416696653472,0.010255487585462396,0.03508771929824561,-0.016834228457416722,-0.016834228457416722,eod,0,R1_baseline
2024-09-17,KRW-BTC,bear_quiet,1,0.0003598416696653472,0.010255487585462396,0.03508771929824561,0.032246240505683865,0.032246240505683865,eod,0,R1_baseline
2024-09-18,KRW-BTC,bear_quiet,1,0.0021590500179920835,0.0327455919395466,0.06593406593406594,0.016844099807682922,0.016844099807682922,eod,0,R1_baseline
2024-09-19,KRW-BTC,bear_quiet,1,0.0021590500179920835,0.010255487585462396,0.2105263157894737,0.014104760117671202,0.014104760117671202,eod,0,R1_baseline
2024-09-20,KRW-BTC,bear_quiet,1,0.0021590500179920835,0.010255487585462396,0.2105263157894737,0.004388593532083375,0.004388593532083375,eod,0,R1_baseline
2024-09-21,KRW-BTC,bear_quiet,1,0.0021590500179920835,0.010255487585462396,0.2105263157894737,-0.00101412590064459,-0.00101412590064459,eod,0,R1_baseline
2024-09-22,KRW-BTC,bear_quiet,1,0.0003598416696653472,0.010255487585462396,0.03508771929824561,0.003237708607232216,0.003237708607232216,eod,0,R1_baseline
2024-09-23,KRW-BTC,bear_quiet,1,0.0003598416696653472,0.010255487585462396,0.03508771929824561,-0.003939944364553636,-0.003939944364553636,eod,0,R1_baseline
2024-09-24,KRW-BTC,bear_quiet,1,0.0003598416696653472,0.010255487585462396,0.03508771929824561,0.005802375044310639,0.005802375044310639,eod,0,R1_baseline
2024-09-25,KRW-BTC,bear_quiet,1,0.0003598416696653472,0.010255487585462396,0.03508771929824561,-0.011893205705705677,-0.011893205705705677,eod,0,R1_baseline
2024-09-26,KRW-BTC,bear_quiet,1,0.0003598416696653472,0.010255487585462396,0.03508771929824561,0.017916324885612067,0.017916324885612067,eod,0,R1_baseline
2024-09-27,KRW-BTC,bear_quiet,1,0.0003598416696653472,0.010255487585462396,0.03508771929824561,0.01025129147856846,0.01025129147856846,eod,0,R1_baseline
2024-09-28,KRW-BTC,bear_quiet,1,0.0021590500179920835,0.010255487585462396,0.2105263157894737,-0.004098955817751047,-0.004098955817751047,eod,0,R1_baseline
2024-09-29,KRW-BTC,bear_quiet,1,0.0003598416696653472,0.010255487585462396,0.03508771929824561,-0.01041261486665662,-0.01041261486665662,eod,0,R1_baseline
2024-09-30,KRW-BTC,bear_quiet,1,0.0003598416696653472,0.010255487585462396,0.03508771929824561,-0.0315,-0.027419635170664758,sl,0,R1_baseline
2024-10-01,KRW-BTC,bear_quiet,1,0.0003598416696653472,0.010255487585462396,0.03508771929824561,-0.0315,-0.02813322584497796,sl,0,R1_baseline
2024-10-02,KRW-BTC,bear_quiet,1,0.0003598416696653472,0.0327455919395466,0.010989010989010988,0.0010398773006135577,0.0010398773006135577,eod,0,R1_baseline
2024-10-03,KRW-BTC,bear_quiet,1,0.0003598416696653472,0.010255487585462396,0.03508771929824561,0.007275257933836711,0.007275257933836711,eod,0,R1_baseline
2024-10-04,KRW-BTC,bear_quiet,1,0.0003598416696653472,0.010255487585462396,0.03508771929824561,0.015538628171988313,0.015538628171988313,eod,0,R1_baseline
2024-10-05,KRW-BTC,bear_quiet,1,0.0003598416696653472,0.010255487585462396,0.03508771929824561,0.00031375590663934713,0.00031375590663934713,eod,0,R1_baseline
2024-10-06,KRW-BTC,bear_quiet,1,0.0003598416696653472,0.010255487585462396,0.03508771929824561,0.004881180280248034,0.004881180280248034,eod,0,R1_baseline
2024-10-07,KRW-BTC,bear_quiet,1,0.0003598416696653472,0.010255487585462396,0.03508771929824561,-0.007350585058505886,-0.007350585058505886,eod,0,R1_baseline
2024-10-08,KRW-BTC,bear_quiet,1,0.0003598416696653472,0.010255487585462396,0.03508771929824561,0.0008468585451860146,0.0008468585451860146,eod,0,R1_baseline
2024-10-09,KRW-BTC,bear_quiet,1,0.0003598416696653472,0.010255487585462396,0.03508771929824561,-0.022346456458954778,-0.022346456458954778,eod,0,R1_baseline
2024-10-10,KRW-BTC,bear_quiet,1,0.0003598416696653472,0.010255487585462396,0.03508771929824561,-0.004558883507519705,-0.004558883507519705,eod,0,R1_baseline
2024-10-11,KRW-BTC,bear_quiet,1,0.0003598416696653472,0.010255487585462396,0.03508771929824561,0.026747555734131956,0.026747555734131956,eod,0,R1_baseline
2024-10-12,KRW-BTC,bear_quiet,1,0.0003598416696653472,0.010255487585462396,0.03508771929824561,0.004491711071640094,0.004491711071640094,eod,0,R1_baseline
2024-10-13,KRW-BTC,bear_quiet,1,0.0003598416696653472,0.010255487585462396,0.03508771929824561,-0.003747138134287119,-0.003747138134287119,eod,0,R1_baseline
2024-10-14,KRW-BTC,bear_quiet,1,0.0003598416696653472,0.010255487585462396,0.03508771929824561,0.0440049420867637,0.0440049420867637,eod,0,R1_baseline
2024-10-15,KRW-BTC,bull_quiet,1,0.0003598416696653472,0.010255487585462396,0.03508771929824561,0.020611913357400813,0.020611913357400813,eod,0,R1_baseline
2024-10-16,KRW-BTC,bull_quiet,1,0.0021590500179920835,0.010255487585462396,0.2105263157894737,0.010563898893037939,0.010563898893037939,eod,0,R1_baseline
2024-10-17,KRW-BTC,bull_quiet,1,0.0021590500179920835,0.010255487585462396,0.2105263157894737,-0.00024467852854498243,-0.00024467852854498243,eod,0,R1_baseline
2024-10-18,KRW-BTC,bull_quiet,1,0.0021590500179920835,0.010255487585462396,0.2105263157894737,0.015632021186163636,0.015632021186163636,eod,0,R1_baseline
2024-10-19,KRW-BTC,bull_quiet,1,0.0003598416696653472,0.010255487585462396,0.03508771929824561,-0.0018856123738725792,-0.0018856123738725792,eod,0,R1_baseline
2024-10-20,KRW-BTC,bull_quiet,1,0.0003598416696653472,0.010255487585462396,0.03508771929824561,0.004704324810869855,0.004704324810869855,eod,0,R1_baseline
2024-10-21,KRW-BTC,bull_quiet,1,0.0021590500179920835,0.010255487585462396,0.2105263157894737,-0.02003015409846537,-0.02003015409846537,eod,0,R1_baseline
2024-10-22,KRW-BTC,bull_quiet,1,0.0003598416696653472,0.010255487585462396,0.03508771929824561,0.006269012923036778,0.006269012923036778,eod,0,R1_baseline
2024-10-23,KRW-BTC,bull_quiet,1,0.0003598416696653472,0.010255487585462396,0.03508771929824561,-0.006904998008118222,-0.006904998008118222,eod,0,R1_baseline
2024-10-24,KRW-BTC,bull_quiet,1,0.0003598416696653472,0.010255487585462396,0.03508771929824561,0.016924898511502084,0.016924898511502084,eod,0,R1_baseline
2024-10-25,KRW-BTC,bull_quiet,1,0.0003598416696653472,0.010255487585462396,0.03508771929824561,-0.004848321056156122,-0.004848321056156122,eod,0,R1_baseline
2024-10-26,KRW-BTC,bull_quiet,1,0.0003598416696653472,0.010255487585462396,0.03508771929824561,0.0009636846483649943,0.0009636846483649943,eod,0,R1_baseline
2024-10-27,KRW-BTC,bull_quiet,1,0.0003598416696653472,0.010255487585462396,0.03508771929824561,0.007287888459778959,0.007287888459778959,eod,0,R1_baseline
2024-10-28,KRW-BTC,bull_quiet,1,0.0003598416696653472,0.010255487585462396,0.03508771929824561,0.025676664135661886,0.025676664135661886,eod,0,R1_baseline
2024-10-29,KRW-BTC,bull_quiet,1,0.0003598416696653472,0.010255487585462396,0.03508771929824561,0.03858172400694043,0.03858172400694043,eod,0,R1_baseline
2024-10-30,KRW-BTC,bull_quiet,1,0.0003598416696653472,0.010255487585462396,0.03508771929824561,-0.008696446199407735,-0.008696446199407735,eod,0,R1_baseline
2024-10-31,KRW-BTC,bull_quiet,1,0.0003598416696653472,0.010255487585462396,0.03508771929824561,-0.0315,-0.02595038828290458,sl,0,R1_baseline
2024-11-01,KRW-BTC,bull_quiet,1,0.0003598416696653472,0.010255487585462396,0.03508771929824561,-0.009929142204827155,-0.009929142204827155,eod,0,R1_baseline
2024-11-02,KRW-BTC,bull_quiet,1,0.0003598416696653472,0.010255487585462396,0.03508771929824561,-0.002794551581715986,-0.002794551581715986,eod,0,R1_baseline
2024-11-03,KRW-BTC,bull_quiet,1,0.0003598416696653472,0.010255487585462396,0.03508771929824561,-0.0315,-0.015100123450439816,sl,0,R1_baseline
2024-11-04,KRW-BTC,bull_quiet,1,0.0003598416696653472,0.010255487585462396,0.03508771929824561,-0.0315,-0.019189895506683208,sl,0,R1_baseline
2024-11-05,KRW-BTC,bull_quiet,1,0.0003598416696653472,0.010255487585462396,0.03508771929824561,0.018449304796954114,0.018449304796954114,eod,0,R1_baseline
2024-11-06,KRW-BTC,bull_quiet,1,0.0003598416696653472,0.0327455919395466,0.010989010989010988,0.0485,0.08050964697076807,tp,0,R1_baseline
2024-11-07,KRW-BTC,bull_quiet,1,0.02195034184958618,0.0327455919395466,0.6703296703296703,-0.0012117740308401057,-0.0012117740308401057,eod,0,R1_baseline
2024-11-08,KRW-BTC,bull_quiet,1,0.005398596364945114,0.0327455919395466,0.16486482745255465,0.02409106136671252,0.02409106136671252,eod,0,R1_baseline
2024-11-09,KRW-BTC,bull_quiet,1,0.013314141777617848,0.09103994242533285,0.14624505928853757,-0.006657003135383031,-0.006657003135383031,eod,0,R1_baseline
2024-11-10,KRW-BTC,bull_quiet,1,0.005398596364945114,0.0327455919395466,0.16486482745255465,0.0485,0.04691289254332315,tp,0,R1_baseline
2024-11-11,KRW-BTC,bull_quiet,1,0.02195034184958618,0.05938456001439626,0.3696304535095467,0.0485,0.11572002871500359,tp,0,R1_baseline
2024-11-12,KRW-BTC,bull_volatile,1,0.07432067662407774,0.22741993522849946,0.3267993043327722,-0.0315,0.002444535492785839,sl,0,R1_baseline
2024-11-13,KRW-BTC,bull_volatile,1,0.03491092315997841,0.4100395825836632,0.08514037337567354,0.023789913646149297,0.023789913646149297,eod,0,R1_baseline
2024-11-14,KRW-BTC,bull_volatile,1,0.013314141777617848,0.17419470937556236,0.07643252671303966,-0.0315,-0.03693021286228354,sl,0,R1_baseline
2024-11-15,KRW-BTC,bull_volatile,1,0.0021590500179920835,0.17419470937556236,0.012394463791303727,0.03648677383583038,0.03648677383583038,eod,0,R1_baseline
2024-11-16,KRW-BTC,bull_volatile,1,0.013314141777617848,0.09103994242533285,0.14624505928853757,-0.009749562937062915,-0.009749562937062915,eod,0,R1_baseline
2024-11-17,KRW-BTC,bull_volatile,1,0.0021590500179920835,0.09103994242533285,0.023715415019762848,-0.006675804294816344,-0.006675804294816344,eod,0,R1_baseline
2024-11-18,KRW-BTC,bull_volatile,1,0.0021590500179920835,0.0327455919395466,0.06593406593406594,0.0038214621765016456,0.0038214621765016456,eod,0,R1_baseline
2024-11-19,KRW-BTC,bull_volatile,1,0.0003598416696653472,0.0327455919395466,0.010989010989010988,0.018776541190165308,0.018776541190165308,eod,0,R1_baseline
2024-11-20,KRW-BTC,bull_volatile,1,0.0003598416696653472,0.0327455919395466,0.010989010989010988,0.025244069508368494,0.025244069508368494,eod,0,R1_baseline
2024-11-21,KRW-BTC,bull_volatile,1,0.0003598416696653472,0.05938456001439626,0.0060595156313040435,0.027558417179756767,0.027558417179756767,eod,0,R1_baseline
2024-11-22,KRW-BTC,bull_volatile,1,0.005398596364945114,0.1297229219143577,0.04161636421132447,-0.0315,-0.0027477198102882614,sl,0,R1_baseline
2024-11-23,KRW-BTC,bull_volatile,1,0.0003598416696653472,0.1297229219143577,0.002773925104022191,-0.007921730141219606,-0.007921730141219606,eod,0,R1_baseline
2024-11-24,KRW-BTC,bull_volatile,1,0.0003598416696653472,0.09103994242533285,0.003952569169960474,-0.0315,-0.0007941176470588882,sl,0,R1_baseline
2024-11-25,KRW-BTC,bull_volatile,1,0.0003598416696653472,0.1297229219143577,0.002773925104022191,-0.0315,-0.047925685107633564,sl,0,R1_baseline
2024-11-26,KRW-BTC,bull_volatile,1,0.0003598416696653472,0.0327455919395466,0.010989010989010988,-0.00926633202610355,-0.00926633202610355,eod,0,R1_baseline
2024-11-27,KRW-BTC,bull_volatile,1,0.0003598416696653472,0.0327455919395466,0.010989010989010988,0.031100931677018606,0.031100931677018606,eod,0,R1_baseline
2024-11-28,KRW-BTC,bull_volatile,1,0.0003598416696653472,0.010255487585462396,0.03508771929824561,-0.00045487935999516263,-0.00045487935999516263,eod,0,R1_baseline
2024-11-29,KRW-BTC,bull_volatile,1,0.0003598416696653472,0.010255487585462396,0.03508771929824561,0.00899990987201821,0.00899990987201821,eod,0,R1_baseline
2024-11-30,KRW-BTC,bull_volatile,1,0.0003598416696653472,0.010255487585462396,0.03508771929824561,-0.007750836170117901,-0.007750836170117901,eod,0,R1_baseline
2024-12-01,KRW-BTC,bull_volatile,1,0.0003598416696653472,0.010255487585462396,0.03508771929824561,-0.0009017439164835093,-0.0009017439164835093,eod,0,R1_baseline
2024-12-02,KRW-BTC,bull_volatile,1,0.0003598416696653472,0.010255487585462396,0.03508771929824561,-0.003495485867176905,-0.003495485867176905,eod,0,R1_baseline
2024-12-03,KRW-BTC,bull_volatile,1,0.0003598416696653472,0.010255487585462396,0.03508771929824561,-0.0315,-0.00017438568636113242,sl,0,R1_baseline
2024-12-04,KRW-BTC,bull_volatile,1,0.02195034184958618,0.22741993522849946,0.09651898734177215,0.036190696978761594,0.036190696978761594,eod,0,R1_baseline
2024-12-05,KRW-BTC,bull_volatile,1,0.02195034184958618,0.22741993522849946,0.09651898734177215,0.0485,-0.010608925161243841,tp,0,R1_baseline
2024-12-06,KRW-BTC,bull_volatile,1,0.02195034184958618,0.22741993522849946,0.09651898734177215,0.011874448185831334,0.011874448185831334,eod,0,R1_baseline
2024-12-07,KRW-BTC,bull_volatile,1,0.013314141777617848,0.1297229219143577,0.10263522884882108,-0.004670686216840468,-0.004670686216840468,eod,0,R1_baseline
2024-12-08,KRW-BTC,bull_volatile,1,0.005398596364945114,0.0327455919395466,0.16486482745255465,0.013143448226235867,0.013143448226235867,eod,0,R1_baseline
2024-12-09,KRW-BTC,bull_volatile,1,0.005398596364945114,0.0327455919395466,0.16486482745255465,-0.0315,-0.017039927404718658,sl,0,R1_baseline
2024-12-10,KRW-BTC,bull_volatile,1,0.02195034184958618,0.22741993522849946,0.09651898734177215,-0.006747095743302621,-0.006747095743302621,eod,0,R1_baseline
2024-12-11,KRW-BTC,bull_volatile,1,0.0003598416696653472,0.22741993522849946,0.0015822784810126582,0.03399799211316529,0.03399799211316529,eod,0,R1_baseline
2024-12-12,KRW-BTC,bull_quiet,1,0.0021590500179920835,0.1297229219143577,0.016643550624133148,-0.003973604404972351,-0.003973604404972351,eod,0,R1_baseline
2024-12-13,KRW-BTC,bull_quiet,1,0.0003598416696653472,0.1297229219143577,0.002773925104022191,0.009860134472615302,0.009860134472615302,eod,0,R1_baseline
2024-12-14,KRW-BTC,bull_quiet,1,0.0003598416696653472,0.0327455919395466,0.010989010989010988,0.008850891769137061,0.008850891769137061,eod,0,R1_baseline
2024-12-15,KRW-BTC,bull_quiet,1,0.0003598416696653472,0.09103994242533285,0.003952569169960474,0.021223690612429513,0.021223690612429513,eod,0,R1_baseline
2024-12-16,KRW-BTC,bull_quiet,1,0.005398596364945114,0.09103994242533285,0.05929920671218369,0.0263740041408978,0.0263740041408978,eod,0,R1_baseline
2024-12-17,KRW-BTC,bull_quiet,1,0.03491092315997841,0.09103994242533285,0.38346820340545457,0.010364174755382928,0.010364174755382928,eod,0,R1_baseline
2024-12-18,KRW-BTC,bull_quiet,1,0.0003598416696653472,0.0327455919395466,0.010989010989010988,-0.0315,-0.0496117367383489,sl,0,R1_baseline
2024-12-24,KRW-BTC,bull_quiet,2,0.00043554006968641115,0.011759581881533102,0.037037037037037035,0.026001557021994304,0.026001557021994304,eod,0,R1_baseline
2024-12-25,KRW-BTC,bull_quiet,2,0.00043554006968641115,0.011759581881533102,0.037037037037037035,0.007006320148196523,0.007006320148196523,eod,0,R1_baseline
2024-12-26,KRW-BTC,bull_quiet,2,0.00043554006968641115,0.011759581881533102,0.037037037037037035,-0.0315,-0.029432207049171433,sl,0,R1_baseline
2024-12-27,KRW-BTC,bull_quiet,2,0.00043554006968641115,0.011759581881533102,0.037037037037037035,-0.014727696922564202,-0.014727696922564202,eod,0,R1_baseline
2024-12-28,KRW-BTC,bull_quiet,2,0.00043554006968641115,0.0672281109336431,0.006478540950173463,-0.0001277945491777164,-0.0001277945491777164,eod,0,R1_baseline
2024-12-29,KRW-BTC,bull_quiet,2,0.00043554006968641115,0.011759581881533102,0.037037037037037035,-0.01956670133374555,-0.01956670133374555,eod,0,R1_baseline
2024-12-30,KRW-BTC,bull_quiet,2,0.00043554006968641115,0.011759581881533102,0.037037037037037035,-0.015366739135098837,-0.015366739135098837,eod,0,R1_baseline
2024-12-31,KRW-BTC,bull_quiet,2,0.00043554006968641115,0.0672281109336431,0.006478540950173463,0.008596833859210009,0.008596833859210009,eod,0,R1_baseline
2025-01-01,KRW-BTC,bull_quiet,2,0.00043554006968641115,0.0672281109336431,0.006478540950173463,0.012316950514369264,0.012316950514369264,eod,0,R1_baseline
2025-01-02,KRW-BTC,bull_quiet,2,0.00043554006968641115,0.011759581881533102,0.037037037037037035,0.016374074807885608,0.016374074807885608,eod,0,R1_baseline
2025-01-03,KRW-BTC,bull_quiet,2,0.00043554006968641115,0.011759581881533102,0.037037037037037035,0.004110088426672544,0.004110088426672544,eod,0,R1_baseline
2025-01-04,KRW-BTC,bull_quiet,2,0.00043554006968641115,0.011759581881533102,0.037037037037037035,-0.0008639952161379459,-0.0008639952161379459,eod,0,R1_baseline
2025-01-05,KRW-BTC,bull_quiet,2,0.00043554006968641115,0.011759581881533102,0.037037037037037035,-0.0019628126575807468,-0.0019628126575807468,eod,0,R1_baseline
2025-01-06,KRW-BTC,bull_quiet,2,0.00043554006968641115,0.011759581881533102,0.037037037037037035,0.03672954308337545,0.03672954308337545,eod,0,R1_baseline
2025-01-07,KRW-BTC,bull_quiet,2,0.004645760743321719,0.011759581881533102,0.3950617283950617,-0.0315,-0.03787815713287407,sl,0,R1_baseline
2025-01-08,KRW-BTC,bull_quiet,2,0.00043554006968641115,0.0672281109336431,0.006478540950173463,-0.018220883492530537,-0.018220883492530537,eod,0,R1_baseline
2025-01-09,KRW-BTC,bull_quiet,2,0.00043554006968641115,0.011759581881533102,0.037037037037037035,-0.020007462686567112,-0.020007462686567112,eod,0,R1_baseline
2025-01-10,KRW-BTC,bull_quiet,2,0.00043554006968641115,0.0672281109336431,0.006478540950173463,0.0178848928070528,0.0178848928070528,eod,0,R1_baseline
2025-01-11,KRW-BTC,bull_quiet,2,0.00043554006968641115,0.011759581881533102,0.037037037037037035,-0.007411060625184094,-0.007411060625184094,eod,0,R1_baseline
2025-01-12,KRW-BTC,bull_quiet,2,0.00043554006968641115,0.011759581881533102,0.037037037037037035,0.0007431014051125242,0.0007431014051125242,eod,0,R1_baseline
2025-01-13,KRW-BTC,bull_quiet,2,0.00043554006968641115,0.011759581881533102,0.037037037037037035,-0.0315,-0.0012606880921210415,sl,0,R1_baseline
2025-01-14,KRW-BTC,bull_quiet,2,0.00043554006968641115,0.011759581881533102,0.037037037037037035,0.008302403805556415,0.008302403805556415,eod,0,R1_baseline
2025-01-15,KRW-BTC,bull_quiet,2,0.00043554006968641115,0.011759581881533102,0.037037037037037035,0.02471459323143793,0.02471459323143793,eod,0,R1_baseline
2025-01-16,KRW-BTC,bull_quiet,2,0.00043554006968641115,0.011759581881533102,0.037037037037037035,-0.005837820499765832,-0.005837820499765832,eod,0,R1_baseline
2025-01-17,KRW-BTC,bull_quiet,2,0.00043554006968641115,0.011759581881533102,0.037037037037037035,0.0485,0.036626064735945374,tp,0,R1_baseline
2025-01-18,KRW-BTC,bull_quiet,2,0.004645760743321719,0.011759581881533102,0.3950617283950617,0.020588248028655054,0.020588248028655054,eod,0,R1_baseline
2025-01-19,KRW-BTC,bull_quiet,2,0.00043554006968641115,0.011759581881533102,0.037037037037037035,-0.0315,-0.012545466221423105,sl,0,R1_baseline
2025-01-20,KRW-BTC,bull_quiet,2,0.004645760743321719,0.10060975609756098,0.046176046176046176,0.0485,-0.0065324675324675546,tp,0,R1_baseline
2025-01-21,KRW-BTC,bull_quiet,2,0.004645760743321719,0.13458188153310105,0.034519956850053934,0.026863517702724826,0.026863517702724826,eod,0,R1_baseline
2025-01-22,KRW-BTC,bull_quiet,2,0.004645760743321719,0.011759581881533102,0.3950617283950617,-0.0178228005153232,-0.0178228005153232,eod,0,R1_baseline
2025-01-23,KRW-BTC,bull_quiet,2,0.00043554006968641115,0.011759581881533102,0.037037037037037035,-0.0007709630384712938,-0.0007709630384712938,eod,0,R1_baseline
2025-01-24,KRW-BTC,bull_quiet,2,0.00043554006968641115,0.011759581881533102,0.037037037037037035,0.01161310536902366,0.01161310536902366,eod,0,R1_baseline
2025-01-25,KRW-BTC,bull_quiet,2,0.00043554006968641115,0.011759581881533102,0.037037037037037035,-0.001309123878602879,-0.001309123878602879,eod,0,R1_baseline
2025-01-26,KRW-BTC,bull_quiet,2,0.00043554006968641115,0.011759581881533102,0.037037037037037035,-0.008497455470737934,-0.008497455470737934,eod,0,R1_baseline
2025-01-27,KRW-BTC,bull_quiet,2,0.00043554006968641115,0.011759581881533102,0.037037037037037035,-0.0315,-0.009065663036515069,sl,0,R1_baseline
2025-01-28,KRW-BTC,bull_quiet,2,0.00043554006968641115,0.04442508710801394,0.00980392156862745,0.004954986154054599,0.004954986154054599,eod,0,R1_baseline
2025-01-29,KRW-BTC,bull_quiet,2,0.00043554006968641115,0.011759581881533102,0.037037037037037035,0.01735594443268612,0.01735594443268612,eod,0,R1_baseline
2025-01-30,KRW-BTC,bull_quiet,2,0.00043554006968641115,0.011759581881533102,0.037037037037037035,-0.006032321114950943,-0.006032321114950943,eod,0,R1_baseline
2025-01-31,KRW-BTC,bull_quiet,2,0.00043554006968641115,0.011759581881533102,0.037037037037037035,-0.011627574566006214,-0.011627574566006214,eod,0,R1_baseline
2025-02-01,KRW-BTC,bull_quiet,2,0.00043554006968641115,0.011759581881533102,0.037037037037037035,0.0032898837654873904,0.0032898837654873904,eod,0,R1_baseline
2025-02-02,KRW-BTC,bull_quiet,2,0.00043554006968641115,0.011759581881533102,0.037037037037037035,-0.0315,-0.02309480047522533,sl,0,R1_baseline
2025-02-03,KRW-BTC,bull_quiet,2,0.00043554006968641115,0.04442508710801394,0.00980392156862745,-0.0315,0.025883116883116897,sl,0,R1_baseline
2025-02-04,KRW-BTC,bull_quiet,2,0.00043554006968641115,0.0672281109336431,0.006478540950173463,-0.0315,-0.02738217448188246,sl,0,R1_baseline
2025-02-05,KRW-BTC,bull_quiet,2,0.00043554006968641115,0.011759581881533102,0.037037037037037035,-0.01895166731542758,-0.01895166731542758,eod,0,R1_baseline
2025-02-06,KRW-BTC,bull_quiet,2,0.00043554006968641115,0.011759581881533102,0.037037037037037035,-0.002120666886761323,-0.002120666886761323,eod,0,R1_baseline
2025-02-07,KRW-BTC,bull_quiet,2,0.00043554006968641115,0.011759581881533102,0.037037037037037035,-0.013114770182149736,-0.013114770182149736,eod,0,R1_baseline
2025-02-08,KRW-BTC,bull_quiet,2,0.00043554006968641115,0.011759581881533102,0.037037037037037035,-0.006840837689335686,-0.006840837689335686,eod,0,R1_baseline
2025-02-09,KRW-BTC,bull_quiet,2,0.00043554006968641115,0.011759581881533102,0.037037037037037035,-0.010191972352273369,-0.010191972352273369,eod,0,R1_baseline
2025-02-10,KRW-BTC,bull_quiet,2,0.00043554006968641115,0.011759581881533102,0.037037037037037035,-0.0006734529342419791,-0.0006734529342419791,eod,0,R1_baseline
2025-02-11,KRW-BTC,bull_quiet,2,0.00043554006968641115,0.011759581881533102,0.037037037037037035,-0.013623508240197034,-0.013623508240197034,eod,0,R1_baseline
2025-02-12,KRW-BTC,bull_quiet,2,0.00043554006968641115,0.011759581881533102,0.037037037037037035,0.010908069353712082,0.010908069353712082,eod,0,R1_baseline
2025-02-13,KRW-BTC,bull_quiet,2,0.00043554006968641115,0.011759581881533102,0.037037037037037035,-0.01481791188128184,-0.01481791188128184,eod,0,R1_baseline
2025-02-14,KRW-BTC,bull_quiet,2,0.00043554006968641115,0.011759581881533102,0.037037037037037035,0.0036371037434329025,0.0036371037434329025,eod,0,R1_baseline
2025-02-15,KRW-BTC,bull_quiet,2,0.00043554006968641115,0.011759581881533102,0.037037037037037035,0.00498238497178455,0.00498238497178455,eod,0,R1_baseline
2025-02-16,KRW-BTC,bull_quiet,2,0.00043554006968641115,0.011759581881533102,0.037037037037037035,-0.014231944435028452,-0.014231944435028452,eod,0,R1_baseline
2025-02-17,KRW-BTC,bull_quiet,2,0.00043554006968641115,0.011759581881533102,0.037037037037037035,-0.009980686695279016,-0.009980686695279016,eod,0,R1_baseline
2025-02-18,KRW-BTC,bull_quiet,2,0.00043554006968641115,0.011759581881533102,0.037037037037037035,-0.006084805041900397,-0.006084805041900397,eod,0,R1_baseline
2025-02-19,KRW-BTC,bull_quiet,2,0.00043554006968641115,0.011759581881533102,0.037037037037037035,0.002339732888146985,0.002339732888146985,eod,0,R1_baseline
2025-02-20,KRW-BTC,bull_quiet,2,0.00043554006968641115,0.011759581881533102,0.037037037037037035,0.008235715176628635,0.008235715176628635,eod,0,R1_baseline
2025-02-21,KRW-BTC,bull_quiet,2,0.00043554006968641115,0.011759581881533102,0.037037037037037035,-0.0315,-0.0211268159951688,sl,0,R1_baseline
2025-02-22,KRW-BTC,bull_quiet,2,0.00043554006968641115,0.011759581881533102,0.037037037037037035,-0.005636019763316123,-0.005636019763316123,eod,0,R1_baseline
2025-02-23,KRW-BTC,bull_quiet,2,0.00043554006968641115,0.011759581881533102,0.037037037037037035,-0.008524247703070973,-0.008524247703070973,eod,0,R1_baseline
2025-02-24,KRW-BTC,bull_quiet,2,0.00043554006968641115,0.011759581881533102,0.037037037037037035,-0.0315,-0.06683164510401712,sl,0,R1_baseline
2025-02-25,KRW-BTC,bull_quiet,2,0.004645760743321719,0.6527293844367015,0.007117437722419929,-0.0315,-0.01981460248987782,sl,0,R1_baseline
2025-02-26,KRW-BTC,bull_quiet,2,0.004645760743321719,0.0672281109336431,0.06910443680185027,-0.0315,-0.054932525151293266,sl,0,R1_baseline
2025-02-27,KRW-BTC,bull_quiet,2,0.00043554006968641115,0.10060975609756098,0.004329004329004329,0.011173589900223936,0.011173589900223936,eod,0,R1_baseline
2025-02-28,KRW-BTC,bull_quiet,2,0.004645760743321719,0.011759581881533102,0.3950617283950617,-0.0315,-0.000736358959519011,sl,0,R1_baseline
2025-03-01,KRW-BTC,bull_quiet,2,0.00043554006968641115,0.011759581881533102,0.037037037037037035,0.029191009566341963,0.029191009566341963,eod,0,R1_baseline
2025-03-02,KRW-BTC,bull_volatile,2,0.004645760743321719,0.011759581881533102,0.3950617283950617,0.0485,0.1090049875311721,tp,0,R1_baseline
2025-03-03,KRW-BTC,bull_volatile,2,0.037607085813852185,0.13458188153310105,0.279436469348235,-0.0315,-0.08855964912280706,sl,0,R1_baseline
2025-03-04,KRW-BTC,bull_volatile,2,0.02932636469221835,0.13458188153310105,0.21790722761596545,-0.0315,0.0009594573822149801,sl,0,R1_baseline
2025-03-05,KRW-BTC,bull_volatile,2,0.016114982578397212,0.10060975609756098,0.16017316017316016,0.03395348551791849,0.03395348551791849,eod,0,R1_baseline
2025-03-06,KRW-BTC,bull_volatile,2,0.02932636469221835,0.13458188153310105,0.21790722761596545,-0.009796910882287567,-0.009796910882287567,eod,0,R1_baseline
2025-03-07,KRW-BTC,bull_volatile,2,0.016114982578397212,0.13458188153310105,0.11974110032362459,-0.0315,-0.033892535373306,sl,0,R1_baseline
2025-03-08,KRW-BTC,bull_volatile,2,0.016114982578397212,0.20095832728328736,0.08019066836518901,-0.009151209833078542,-0.009151209833078542,eod,0,R1_baseline
2025-03-09,KRW-BTC,bull_volatile,2,0.004645760743321719,0.20095832728328736,0.023118030519694133,-0.0315,-0.05958102411746863,sl,0,R1_baseline
2025-03-10,KRW-BTC,bull_volatile,2,0.007695658487004501,0.4160859465737515,0.018495357871070133,-0.0315,-0.030928531299829032,sl,0,R1_baseline
2025-03-11,KRW-BTC,bear_volatile,2,0.007695658487004501,0.4160859465737515,0.018495357871070133,0.0485,0.04732760968551847,tp,0,R1_baseline
2025-03-12,KRW-BTC,bull_volatile,2,0.037607085813852185,0.4160859465737515,0.09038297525673895,0.003685341469748028,0.003685341469748028,eod,0,R1_baseline
2025-03-13,KRW-BTC,bull_volatile,2,0.02932636469221835,0.20095832728328736,0.1459325676555692,-0.0315,-0.03100650273268163,sl,0,R1_baseline
2025-03-14,KRW-BTC,bear_volatile,2,0.004645760743321719,0.20095832728328736,0.023118030519694133,0.028961835363013277,0.028961835363013277,eod,0,R1_baseline
2025-03-15,KRW-BTC,bull_volatile,2,0.02932636469221835,0.10060975609756098,0.29148629148629146,-0.0003292761697146194,-0.0003292761697146194,eod,0,R1_baseline
2025-03-16,KRW-BTC,bull_volatile,2,0.00043554006968641115,0.0672281109336431,0.006478540950173463,-0.019756150564860187,-0.019756150564860187,eod,0,R1_baseline
2025-03-17,KRW-BTC,bull_volatile,2,0.00043554006968641115,0.04442508710801394,0.00980392156862745,0.007381038448899093,0.007381038448899093,eod,0,R1_baseline
2025-03-18,KRW-BTC,bull_volatile,2,0.00043554006968641115,0.011759581881533102,0.037037037037037035,-0.013951038672323555,-0.013951038672323555,eod,0,R1_baseline
2025-03-19,KRW-BTC,bear_volatile,2,0.00043554006968641115,0.011759581881533102,0.037037037037037035,0.0485,0.047332376805857834,tp,0,R1_baseline
2025-03-20,KRW-BTC,bull_volatile,2,0.007695658487004501,0.011759581881533102,0.6544159957837902,-0.024276231583250818,-0.024276231583250818,eod,0,R1_baseline
2025-03-21,KRW-BTC,bull_volatile,2,0.00043554006968641115,0.04442508710801394,0.00980392156862745,-0.0001246169437540399,-0.0001246169437540399,eod,0,R1_baseline
2025-03-22,KRW-BTC,bull_volatile,2,0.00043554006968641115,0.011759581881533102,0.037037037037037035,-0.004311244979919691,-0.004311244979919691,eod,0,R1_baseline
2025-03-23,KRW-BTC,bull_volatile,2,0.00043554006968641115,0.011759581881533102,0.037037037037037035,0.02094865082561409,0.02094865082561409,eod,0,R1_baseline
2025-03-24,KRW-BTC,bull_volatile,2,0.00043554006968641115,0.011759581881533102,0.037037037037037035,0.014085602622289363,0.014085602622289363,eod,0,R1_baseline
2025-03-25,KRW-BTC,bull_volatile,2,0.004645760743321719,0.011759581881533102,0.3950617283950617,-0.002019823104973227,-0.002019823104973227,eod,0,R1_baseline
2025-03-26,KRW-BTC,bull_volatile,2,0.00043554006968641115,0.011759581881533102,0.037037037037037035,-0.003564864697023827,-0.003564864697023827,eod,0,R1_baseline
2025-03-27,KRW-BTC,bull_volatile,2,0.00043554006968641115,0.011759581881533102,0.037037037037037035,-0.0003720868726468361,-0.0003720868726468361,eod,0,R1_baseline
2025-03-28,KRW-BTC,bull_volatile,2,0.00043554006968641115,0.011759581881533102,0.037037037037037035,-0.0315,-0.024040617400020226,sl,0,R1_baseline
2025-03-29,KRW-BTC,bull_volatile,2,0.00043554006968641115,0.011759581881533102,0.037037037037037035,-0.0315,-0.020752782193958652,sl,0,R1_baseline
2025-03-30,KRW-BTC,bear_volatile,2,0.00043554006968641115,0.011759581881533102,0.037037037037037035,-0.0033495384265944104,-0.0033495384265944104,eod,0,R1_baseline
2025-03-31,KRW-BTC,bear_volatile,2,0.00043554006968641115,0.011759581881533102,0.037037037037037035,-0.0001752921671568917,-0.0001752921671568917,eod,0,R1_baseline
2025-04-01,KRW-BTC,bear_volatile,2,0.00043554006968641115,0.011759581881533102,0.037037037037037035,0.026282061375386523,0.026282061375386523,eod,0,R1_baseline
2025-04-02,KRW-BTC,bull_volatile,2,0.00043554006968641115,0.011759581881533102,0.037037037037037035,-0.0315,-0.031776707309368935,sl,0,R1_baseline
2025-04-03,KRW-BTC,bear_volatile,2,0.00043554006968641115,0.0672281109336431,0.006478540950173463,0.0021646741697476947,0.0021646741697476947,eod,0,R1_baseline
2025-04-04,KRW-BTC,bear_volatile,2,0.00043554006968641115,0.011759581881533102,0.037037037037037035,-0.00016119243127449149,-0.00016119243127449149,eod,0,R1_baseline
2025-04-05,KRW-BTC,bear_volatile,2,0.00043554006968641115,0.011759581881533102,0.037037037037037035,-0.0023832419029406458,-0.0023832419029406458,eod,0,R1_baseline
2025-04-06,KRW-BTC,bear_volatile,2,0.00043554006968641115,0.011759581881533102,0.037037037037037035,-0.0315,-0.048053892337024895,sl,0,R1_baseline
2025-04-07,KRW-BTC,bear_volatile,2,0.00043554006968641115,0.13458188153310105,0.0032362459546925564,-0.0315,0.0031291174893844378,sl,0,R1_baseline
2025-04-08,KRW-BTC,bear_volatile,2,0.004645760743321719,0.10060975609756098,0.046176046176046176,-0.0315,-0.031763759719469487,sl,0,R1_baseline
2025-04-09,KRW-BTC,bear_volatile,2,0.00043554006968641115,0.0672281109336431,0.006478540950173463,0.0485,0.058257024201507523,tp,0,R1_baseline
2025-04-10,KRW-BTC,bear_volatile,2,0.007695658487004501,0.011759581881533102,0.6544159957837902,-0.0315,-0.029545393484370186,sl,0,R1_baseline
2025-04-11,KRW-BTC,bear_volatile,2,0.004645760743321719,0.011759581881533102,0.3950617283950617,0.028356947824538514,0.028356947824538514,eod,0,R1_baseline
2025-04-12,KRW-BTC,bear_volatile,2,0.007695658487004501,0.011759581881533102,0.6544159957837902,0.015799300123507554,0.015799300123507554,eod,0,R1_baseline
2025-04-13,KRW-BTC,bear_volatile,2,0.007695658487004501,0.011759581881533102,0.6544159957837902,-0.017684241404144763,-0.017684241404144763,eod,0,R1_baseline
2025-04-14,KRW-BTC,bear_volatile,2,0.004645760743321719,0.011759581881533102,0.3950617283950617,0.007687593048027188,0.007687593048027188,eod,0,R1_baseline
2025-04-15,KRW-BTC,bear_volatile,2,0.004645760743321719,0.011759581881533102,0.3950617283950617,-0.005868591781179209,-0.005868591781179209,eod,0,R1_baseline
2025-04-16,KRW-BTC,bear_volatile,2,0.00043554006968641115,0.011759581881533102,0.037037037037037035,-0.003988661853070728,-0.003988661853070728,eod,0,R1_baseline
2025-04-17,KRW-BTC,bear_volatile,2,0.00043554006968641115,0.011759581881533102,0.037037037037037035,0.005475789905621755,0.005475789905621755,eod,0,R1_baseline
2025-04-18,KRW-BTC,bear_volatile,2,0.00043554006968641115,0.011759581881533102,0.037037037037037035,-0.004605919180885097,-0.004605919180885097,eod,0,R1_baseline
2025-04-19,KRW-BTC,bear_volatile,2,0.00043554006968641115,0.011759581881533102,0.037037037037037035,0.002032644249640171,0.002032644249640171,eod,0,R1_baseline
2025-04-20,KRW-BTC,bear_volatile,2,0.00043554006968641115,0.011759581881533102,0.037037037037037035,-0.0012881355932203285,-0.0012881355932203285,eod,0,R1_baseline
2025-04-21,KRW-BTC,bear_volatile,2,0.00043554006968641115,0.011759581881533102,0.037037037037037035,0.02694084532286195,0.02694084532286195,eod,0,R1_baseline
2025-04-22,KRW-BTC,bear_volatile,2,0.004645760743321719,0.011759581881533102,0.3950617283950617,0.0485,0.05915768621236134,tp,0,R1_baseline
2025-04-23,KRW-BTC,bull_volatile,2,0.02932636469221835,0.0672281109336431,0.43622175731167984,0.0023623595505618,0.0023623595505618,eod,0,R1_baseline
2025-04-24,KRW-BTC,bull_volatile,2,0.004645760743321719,0.011759581881533102,0.3950617283950617,0.0005614260305269471,0.0005614260305269471,eod,0,R1_baseline
2025-04-25,KRW-BTC,bull_volatile,2,0.004645760743321719,0.011759581881533102,0.3950617283950617,0.011683205709999202,0.011683205709999202,eod,0,R1_baseline
2025-04-26,KRW-BTC,bull_volatile,2,0.004645760743321719,0.011759581881533102,0.3950617283950617,-0.0019247310646836589,-0.0019247310646836589,eod,0,R1_baseline
2025-04-27,KRW-BTC,bull_volatile,2,0.00043554006968641115,0.011759581881533102,0.037037037037037035,-0.011571415491668234,-0.011571415491668234,eod,0,R1_baseline
2025-04-28,KRW-BTC,bull_volatile,2,0.00043554006968641115,0.011759581881533102,0.037037037037037035,0.010752145605208709,0.010752145605208709,eod,0,R1_baseline
2025-04-29,KRW-BTC,bull_volatile,2,0.00043554006968641115,0.011759581881533102,0.037037037037037035,-0.005227525215611704,-0.005227525215611704,eod,0,R1_baseline
2025-05-05,KRW-WAL,bull_volatile,3,0.2744883040935672,0.32776897770196173,0.8374444281397421,-0.0315,0.003477482815833101,sl,0,R1_baseline
2025-05-05,KRW-LAYER,bull_volatile,3,0.2744883040935672,0.43774366471734893,0.6270526022822154,-0.0315,-0.10098979591836738,sl,0,R1_baseline
2025-05-05,KRW-BONK,bull_volatile,3,0.13352826510721247,0.2631578947368421,0.5074074074074074,0.0485,0.023956088247772567,tp,0,R1_baseline
2025-05-06,KRW-SONIC,bull_volatile,3,0.2744883040935672,0.32776897770196173,0.8374444281397421,0.0485,-0.09470809248554907,tp,0,R1_baseline
2025-05-06,KRW-DRIFT,bull_volatile,3,0.2744883040935672,0.43774366471734893,0.6270526022822154,-0.0315,-0.10406410256410253,sl,0,R1_baseline
2025-05-06,KRW-SIGN,bull_volatile,3,0.2744883040935672,0.43774366471734893,0.6270526022822154,-0.0315,-0.03239143865842892,sl,0,R1_baseline
2025-05-07,KRW-SIGN,bull_quiet,3,0.2744883040935672,0.32776897770196173,0.8374444281397421,-0.0315,-0.03434671532846706,sl,0,R1_baseline
2025-05-07,KRW-BERA,bull_quiet,3,0.13352826510721247,0.32776897770196173,0.4073853054776553,0.0328992248062015,0.0328992248062015,eod,0,R1_baseline
2025-05-07,KRW-KAITO,bull_quiet,3,0.2744883040935672,0.6817738791423001,0.40260900643316655,0.0485,0.4985,tp,1,R1_baseline
2025-05-08,KRW-G,bull_quiet,3,0.2744883040935672,0.32776897770196173,0.8374444281397421,0.0485,0.05508582976699944,tp,0,R1_baseline
2025-05-08,KRW-SIGN,bull_quiet,3,0.2744883040935672,0.32776897770196173,0.8374444281397421,0.0485,0.04386862003780717,tp,0,R1_baseline
2025-05-08,KRW-WCT,bull_quiet,3,0.2744883040935672,0.32776897770196173,0.8374444281397421,0.0485,0.05257801418439706,tp,0,R1_baseline
2025-05-09,KRW-MASK,bull_volatile,3,0.04276836846594371,0.018518518518518517,2.3094918971609606,0.0485,0.08078228228228218,tp,0,R1_baseline
2025-05-09,KRW-BTC,bull_volatile,3,0.03374756335282651,0.018518518518518517,1.8223684210526319,-0.008190257657856912,-0.008190257657856912,eod,0,R1_baseline
2025-05-09,KRW-HP,bull_volatile,3,0.09223833313025466,0.055190058479532164,1.671285294333621,-0.0315,-0.006026166902404593,sl,0,R1_baseline
2025-05-10,KRW-ARK,bull_quiet,3,0.06164717348927875,0.055190058479532164,1.1169977924944812,0.02252597402597406,0.02252597402597406,eod,0,R1_baseline
2025-05-10,KRW-BTT,bull_quiet,3,0.13352826510721247,0.12999512670565302,1.0271790065604498,0.0485,0.054773062730627375,tp,0,R1_baseline
2025-05-10,KRW-INJ,bull_quiet,3,0.2744883040935672,0.32776897770196173,0.8374444281397421,0.0485,0.13041489361702135,tp,0,R1_baseline
2025-05-11,KRW-TRX,bull_quiet,3,0.021442495126705652,0.018518518518518517,1.1578947368421053,0.0012100271002709064,0.0012100271002709064,eod,0,R1_baseline
2025-05-11,KRW-EGLD,bull_quiet,3,0.2744883040935672,0.32776897770196173,0.8374444281397421,-0.0315,-0.025266654663305743,sl,0,R1_baseline
2025-05-11,KRW-IOST,bull_quiet,3,0.2744883040935672,0.43774366471734893,0.6270526022822154,0.0485,-0.03662396694214881,tp,0,R1_baseline
2025-05-12,KRW-GAME2,bull_quiet,3,0.021442495126705652,0.018518518518518517,1.1578947368421053,0.0485,0.007951445515196389,tp,0,R1_baseline
2025-05-12,KRW-BSV,bull_quiet,3,0.13352826510721247,0.12999512670565302,1.0271790065604498,-0.0315,-0.01123743696748397,sl,0,R1_baseline
2025-05-12,KRW-A,bull_quiet,3,0.2744883040935672,0.32776897770196173,0.8374444281397421,0.0485,-0.041623456790123414,tp,0,R1_baseline
2025-05-13,KRW-TRX,bull_quiet,3,0.021442495126705652,0.018518518518518517,1.1578947368421053,-0.0315,-0.01452083333333337,sl,0,R1_baseline
2025-05-13,KRW-MINA,bull_quiet,3,0.2744883040935672,0.2631578947368421,1.0430555555555556,-0.0315,0.01810784313725483,sl,0,R1_baseline
2025-05-13,KRW-SAFE,bull_quiet,3,0.2744883040935672,0.32776897770196173,0.8374444281397421,-0.0315,0.008462168978562503,sl,0,R1_baseline
2025-05-14,KRW-CBK,bull_quiet,3,0.021442495126705652,0.018518518518518517,1.1578947368421053,-0.019436117936117936,-0.019436117936117936,eod,0,R1_baseline
2025-05-14,KRW-TT,bull_quiet,3,0.021442495126705652,0.018518518518518517,1.1578947368421053,-0.004208803611738086,-0.004208803611738086,eod,0,R1_baseline
2025-05-14,KRW-PYTH,bull_quiet,3,0.2744883040935672,0.2631578947368421,1.0430555555555556,0.0485,-0.043244316064107335,tp,0,R1_baseline
2025-05-15,KRW-UNI,bull_quiet,3,0.2744883040935672,0.2631578947368421,1.0430555555555556,-0.0315,-0.06028559914024717,sl,0,R1_baseline
2025-05-15,KRW-AAVE,bull_quiet,3,0.2744883040935672,0.32776897770196173,0.8374444281397421,-0.0315,-0.028063706563706547,sl,0,R1_baseline
2025-05-15,KRW-ARKM,bull_quiet,3,0.2744883040935672,0.32776897770196173,0.8374444281397421,-0.0315,-0.08343236714975838,sl,0,R1_baseline
2025-05-16,KRW-SNT,bull_quiet,3,0.2744883040935672,0.43774366471734893,0.6270526022822154,0.0485,0.14627927321668915,tp,1,R1_baseline
2025-05-16,KRW-MASK,bull_quiet,3,0.2744883040935672,0.43774366471734893,0.6270526022822154,0.0485,0.028279058597502404,tp,0,R1_baseline
2025-05-16,KRW-PENDLE,bull_quiet,3,0.13352826510721247,0.2631578947368421,0.5074074074074074,0.0485,-0.013688751523593888,tp,0,R1_baseline
2025-05-17,KRW-A,bull_quiet,3,0.2744883040935672,0.32776897770196173,0.8374444281397421,-0.0315,-0.03586714165968147,sl,0,R1_baseline
2025-05-17,KRW-PUNDIX,bull_quiet,3,0.2744883040935672,0.43774366471734893,0.6270526022822154,0.0485,-0.08512852302479584,tp,0,R1_baseline
2025-05-17,KRW-WAVES,bull_quiet,3,0.2744883040935672,0.43774366471734893,0.6270526022822154,-0.0315,-0.04404201680672265,sl,0,R1_baseline
2025-05-18,KRW-ANIME,bull_quiet,3,0.2744883040935672,0.43774366471734893,0.6270526022822154,0.0485,0.07509574468085117,tp,0,R1_baseline
2025-05-18,KRW-PENGU,bull_quiet,3,0.2744883040935672,0.43774366471734893,0.6270526022822154,0.0485,0.08022796263864579,tp,0,R1_baseline
2025-05-18,KRW-BERA,bull_quiet,3,0.13352826510721247,0.32776897770196173,0.4073853054776553,0.0485,0.04617335766423364,tp,0,R1_baseline
2025-05-19,KRW-PENGU,bull_quiet,3,0.2744883040935672,0.32776897770196173,0.8374444281397421,-0.0315,-0.017689962223421507,sl,0,R1_baseline
2025-05-19,KRW-BONK,bull_quiet,3,0.2744883040935672,0.32776897770196173,0.8374444281397421,-0.0315,-0.04946163069544368,sl,0,R1_baseline
2025-05-19,KRW-MEW,bull_quiet,3,0.2744883040935672,0.32776897770196173,0.8374444281397421,-0.0315,-0.0370163210839663,sl,0,R1_baseline
2025-05-20,KRW-AAVE,bull_quiet,3,0.2744883040935672,0.32776897770196173,0.8374444281397421,0.0485,0.04786145788491886,tp,0,R1_baseline
2025-05-20,KRW-MASK,bull_quiet,3,0.2744883040935672,0.43774366471734893,0.6270526022822154,-0.0315,0.0025766408479413485,sl,0,R1_baseline
2025-05-20,KRW-KAITO,bull_quiet,3,0.2744883040935672,0.43774366471734893,0.6270526022822154,-0.0315,0.01855198663200902,sl,0,R1_baseline
2025-05-21,KRW-CVC,bull_quiet,3,0.2744883040935672,0.32776897770196173,0.8374444281397421,-0.0315,0.07953896103896102,sl,0,R1_baseline
2025-05-21,KRW-PENDLE,bull_quiet,3,0.2744883040935672,0.32776897770196173,0.8374444281397421,-0.0315,-0.021848837209302363,sl,0,R1_baseline
2025-05-21,KRW-TAIKO,bull_quiet,3,0.2744883040935672,0.32776897770196173,0.8374444281397421,-0.0315,-0.05117801287948481,sl,0,R1_baseline
2025-05-22,KRW-IMX,bull_quiet,3,0.13352826510721247,0.16593567251461988,0.8046989720998531,0.0485,0.05978074639525005,tp,0,R1_baseline
2025-05-22,KRW-CVC,bull_quiet,3,0.2744883040935672,0.43774366471734893,0.6270526022822154,-0.0315,0.014830451488953069,sl,0,R1_baseline
2025-05-22,KRW-PEPE,bull_quiet,3,0.2744883040935672,0.43774366471734893,0.6270526022822154,0.0485,0.1290263157894736,tp,0,R1_baseline
2025-05-23,KRW-CTC,bull_quiet,3,0.03374756335282651,0.018518518518518517,1.8223684210526319,-0.0315,-0.05716600397614319,sl,0,R1_baseline
2025-05-23,KRW-STRAX,bull_quiet,3,0.021442495126705652,0.018518518518518517,1.1578947368421053,0.0485,0.053766757865937154,tp,0,R1_baseline
2025-05-23,KRW-AGLD,bull_quiet,3,0.09223833313025466,0.08395272328500061,1.0986937590711174,-0.0315,-0.09016279069767447,sl,0,R1_baseline
2025-05-24,KRW-CVC,bull_quiet,3,0.2744883040935672,0.32776897770196173,0.8374444281397421,-0.01643975903614453,-0.01643975903614453,eod,0,R1_baseline
2025-05-24,KRW-JUP,bull_quiet,3,0.2744883040935672,0.43774366471734893,0.6270526022822154,-0.021892458637937817,-0.021892458637937817,eod,0,R1_baseline
2025-05-24,KRW-JTO,bull_quiet,3,0.13352826510721247,0.2631578947368421,0.5074074074074074,-0.007251258087706712,-0.007251258087706712,eod,0,R1_baseline
2025-05-25,KRW-AERGO,bull_quiet,3,0.2744883040935672,0.43774366471734893,0.6270526022822154,0.0485,0.13358260447035947,tp,0,R1_baseline
2025-05-25,KRW-ANIME,bull_quiet,3,0.2744883040935672,0.43774366471734893,0.6270526022822154,-0.0315,0.06178082563824,sl,0,R1_baseline
2025-05-25,KRW-ARDR,bull_quiet,3,0.2744883040935672,0.43774366471734893,0.6270526022822154,0.0485,0.01141638341264445,tp,0,R1_baseline
2025-05-26,KRW-ANIME,bull_quiet,3,0.2744883040935672,0.43774366471734893,0.6270526022822154,-0.0315,-0.011996671786994427,sl,0,R1_baseline
2025-05-26,KRW-MASK,bull_quiet,3,0.2744883040935672,0.43774366471734893,0.6270526022822154,0.0485,0.1059946466809421,tp,0,R1_baseline
2025-05-26,KRW-PENDLE,bull_quiet,3,0.13352826510721247,0.2631578947368421,0.5074074074074074,-0.0315,-0.024208840227088413,sl,0,R1_baseline
2025-05-27,KRW-COW,bull_quiet,3,0.2744883040935672,0.2631578947368421,1.0430555555555556,0.0485,0.12594388124547434,tp,0,R1_baseline
2025-05-27,KRW-SNT,bull_quiet,3,0.2744883040935672,0.32776897770196173,0.8374444281397421,-0.0315,0.1666172698121851,sl,0,R1_baseline
2025-05-27,KRW-JUP,bull_quiet,3,0.2744883040935672,0.43774366471734893,0.6270526022822154,-0.0315,0.03950200874394422,sl,0,R1_baseline
2025-05-28,KRW-PUNDIX,bull_quiet,3,0.2744883040935672,0.32776897770196173,0.8374444281397421,0.0485,-0.01782724719101131,tp,0,R1_baseline
2025-05-28,KRW-COW,bull_quiet,3,0.2744883040935672,0.32776897770196173,0.8374444281397421,-0.0315,-0.03634824152882615,sl,0,R1_baseline
2025-05-28,KRW-PYTH,bull_quiet,3,0.13352826510721247,0.16593567251461988,0.8046989720998531,-0.0315,-0.0077467464862050455,sl,0,R1_baseline
2025-05-29,KRW-UNI,bull_quiet,3,0.2744883040935672,0.32776897770196173,0.8374444281397421,0.0485,-0.04336728072011725,tp,0,R1_baseline
2025-05-29,KRW-ANIME,bull_quiet,3,0.2744883040935672,0.43774366471734893,0.6270526022822154,-0.0315,-0.025369984763839615,sl,0,R1_baseline
2025-05-29,KRW-VIRTUAL,bull_quiet,3,0.2744883040935672,0.43774366471734893,0.6270526022822154,0.0485,-0.03137372959655066,tp,0,R1_baseline
2025-05-30,KRW-COW,bull_quiet,3,0.2744883040935672,0.43774366471734893,0.6270526022822154,-0.0315,-0.17770598728090586,sl,0,R1_baseline
2025-05-30,KRW-ICX,bull_quiet,3,0.13352826510721247,0.21311075910807847,0.6265674509633463,0.0485,0.004181818181818122,tp,0,R1_baseline
2025-05-30,KRW-SIGN,bull_quiet,3,0.13352826510721247,0.2631578947368421,0.5074074074074074,-0.0315,-0.13714929693961958,sl,0,R1_baseline
2025-05-31,KRW-ATH,bull_quiet,3,0.2744883040935672,0.43774366471734893,0.6270526022822154,-0.0315,-0.05954451958298118,sl,0,R1_baseline
2025-05-31,KRW-ICX,bull_quiet,3,0.13352826510721247,0.32776897770196173,0.4073853054776553,-0.0315,-0.052061797752809,sl,0,R1_baseline
2025-05-31,KRW-SOPH,bull_quiet,3,0.13352826510721247,0.32776897770196173,0.4073853054776553,-0.0315,-0.17003402523882544,sl,0,R1_baseline
2025-06-01,KRW-CRO,bull_quiet,3,0.2744883040935672,0.32776897770196173,0.8374444281397421,-0.0315,-0.0015,sl,0,R1_baseline
2025-06-01,KRW-MEW,bull_quiet,3,0.2744883040935672,0.43774366471734893,0.6270526022822154,0.02627170347692981,0.02627170347692981,eod,0,R1_baseline
2025-06-01,KRW-VANA,bull_quiet,3,0.2744883040935672,0.43774366471734893,0.6270526022822154,-0.0315,0.04554595185995619,sl,0,R1_baseline
2025-06-02,KRW-COW,bull_quiet,3,0.2744883040935672,0.32776897770196173,0.8374444281397421,-0.0315,-0.025794390853876192,sl,0,R1_baseline
2025-06-02,KRW-DEEP,bull_quiet,3,0.09223833313025466,0.12999512670565302,0.7095522383628212,-0.0315,-0.02005287569573283,sl,0,R1_baseline
2025-06-02,KRW-ANIME,bull_quiet,3,0.2744883040935672,0.43774366471734893,0.6270526022822154,-0.0315,0.03860989010989019,sl,0,R1_baseline
2025-06-03,KRW-DKA,bull_quiet,3,0.021442495126705652,0.018518518518518517,1.1578947368421053,-0.0023643042350907626,-0.0023643042350907626,eod,0,R1_baseline
2025-06-03,KRW-MLK,bull_quiet,3,0.021442495126705652,0.018518518518518517,1.1578947368421053,-0.007678287731685827,-0.007678287731685827,eod,0,R1_baseline
2025-06-03,KRW-ICX,bull_quiet,3,0.2744883040935672,0.2631578947368421,1.0430555555555556,0.0485,0.025972527472527374,tp,0,R1_baseline
2025-06-04,KRW-ICX,bull_quiet,3,0.2744883040935672,0.43774366471734893,0.6270526022822154,0.0485,0.08940909090909083,tp,0,R1_baseline
2025-06-04,KRW-COMP,bull_quiet,3,0.13352826510721247,0.21311075910807847,0.6265674509633463,0.0485,0.002684773861258595,tp,1,R1_baseline
2025-06-04,KRW-ATH,bull_quiet,3,0.09223833313025466,0.16593567251461988,0.5558680163973057,0.0005051561157261588,0.0005051561157261588,eod,0,R1_baseline
2025-06-05,KRW-SNT,bull_quiet,3,0.2744883040935672,0.43774366471734893,0.6270526022822154,0.0485,-0.07550049664762865,tp,0,R1_baseline
2025-06-05,KRW-MASK,bull_quiet,3,0.2744883040935672,0.43774366471734893,0.6270526022822154,-0.0315,-0.01741576885406465,sl,0,R1_baseline
2025-06-05,KRW-POKT,bull_quiet,3,0.2744883040935672,0.43774366471734893,0.6270526022822154,0.0485,-0.08302835239717693,tp,0,R1_baseline
2025-06-06,KRW-ICX,bull_quiet,3,0.2744883040935672,0.43774366471734893,0.6270526022822154,-0.0315,0.03403299492385786,sl,0,R1_baseline
2025-06-06,KRW-MANTRA,bull_quiet,3,0.2744883040935672,0.43774366471734893,0.6270526022822154,0.0485,0.054324624012235534,tp,0,R1_baseline
2025-06-06,KRW-MASK,bull_quiet,3,0.2744883040935672,0.43774366471734893,0.6270526022822154,-0.0315,-0.338150908186116,sl,1,R1_baseline
2025-06-07,KRW-IOST,bull_quiet,3,0.2744883040935672,0.32776897770196173,0.8374444281397421,-0.0315,0.05615326837190421,sl,0,R1_baseline
2025-06-07,KRW-VIRTUAL,bull_quiet,3,0.2744883040935672,0.43774366471734893,0.6270526022822154,-0.0315,-0.022357473928157623,sl,0,R1_baseline
2025-06-07,KRW-ICX,bull_quiet,3,0.2744883040935672,0.43774366471734893,0.6270526022822154,0.0485,0.05242156862745101,tp,0,R1_baseline
2025-06-08,KRW-PENGU,bull_quiet,3,0.2744883040935672,0.2631578947368421,1.0430555555555556,-0.0315,-0.025751069900142698,sl,0,R1_baseline
2025-06-08,KRW-POKT,bull_quiet,3,0.2744883040935672,0.2631578947368421,1.0430555555555556,-0.0315,-0.03607106274007693,sl,0,R1_baseline
2025-06-08,KRW-NXPC,bull_quiet,3,0.2744883040935672,0.32776897770196173,0.8374444281397421,-0.0315,-0.050320625342841485,sl,0,R1_baseline
2025-06-09,KRW-LPT,bull_quiet,3,0.2744883040935672,0.43774366471734893,0.6270526022822154,-0.0315,0.010404761904761863,sl,0,R1_baseline
2025-06-09,KRW-SNT,bull_quiet,3,0.2744883040935672,0.43774366471734893,0.6270526022822154,-0.0315,0.003946365143263244,sl,0,R1_baseline
2025-06-09,KRW-PENGU,bull_quiet,3,0.09223833313025466,0.16593567251461988,0.5558680163973057,0.0485,0.09426023391812871,tp,0,R1_baseline
2025-06-10,KRW-MOC,bull_quiet,3,0.03374756335282651,0.018518518518518517,1.8223684210526319,-0.006045454545454519,-0.006045454545454519,eod,0,R1_baseline
2025-06-10,KRW-ALGO,bull_quiet,3,0.021442495126705652,0.018518518518518517,1.1578947368421053,0.046294117647058874,0.046294117647058874,eod,0,R1_baseline
2025-06-10,KRW-AHT,bull_quiet,3,0.021442495126705652,0.018518518518518517,1.1578947368421053,0.0003552875695734272,0.0003552875695734272,eod,0,R1_baseline
2025-06-11,KRW-PUNDIX,bull_quiet,3,0.06164717348927875,0.018518518518518517,3.3289473684210527,-0.0315,-0.045881285526891025,sl,0,R1_baseline
2025-06-11,KRW-CBK,bull_quiet,3,0.03374756335282651,0.018518518518518517,1.8223684210526319,-0.009382882882882968,-0.009382882882882968,eod,0,R1_baseline
2025-06-11,KRW-DOT,bull_quiet,3,0.021442495126705652,0.018518518518518517,1.1578947368421053,-0.017175583574714548,-0.017175583574714548,eod,0,R1_baseline
2025-06-12,KRW-GAME2,bull_quiet,3,0.021442495126705652,0.018518518518518517,1.1578947368421053,-0.0315,-0.04496908630512758,sl,0,R1_baseline
2025-06-12,KRW-ZETA,bull_quiet,3,0.06164717348927875,0.055190058479532164,1.1169977924944812,-0.0315,-0.06473185011709598,sl,0,R1_baseline
2025-06-12,KRW-A,bull_quiet,3,0.2744883040935672,0.32776897770196173,0.8374444281397421,-0.0315,-0.10864694110920531,sl,0,R1_baseline
2025-06-13,KRW-ARDR,bull_quiet,3,0.2744883040935672,0.43774366471734893,0.6270526022822154,-0.0315,-0.042686161449752846,sl,0,R1_baseline
2025-06-13,KRW-COMP,bull_quiet,3,0.2744883040935672,0.43774366471734893,0.6270526022822154,-0.0315,0.03870301856551356,sl,0,R1_baseline
2025-06-13,KRW-UNI,bull_quiet,3,0.2744883040935672,0.43774366471734893,0.6270526022822154,-0.0315,0.04404263565891481,sl,0,R1_baseline
2025-06-14,KRW-MASK,bull_quiet,3,0.2744883040935672,0.43774366471734893,0.6270526022822154,-0.015888489208633116,-0.015888489208633116,eod,0,R1_baseline
2025-06-14,KRW-COMP,bull_quiet,3,0.2744883040935672,0.43774366471734893,0.6270526022822154,-0.0315,-0.0646741140215717,sl,0,R1_baseline
2025-06-14,KRW-UNI,bull_quiet,3,0.2744883040935672,0.43774366471734893,0.6270526022822154,-0.0315,-0.06261111111111112,sl,0,R1_baseline
2025-06-15,KRW-WCT,bull_quiet,3,0.2744883040935672,0.43774366471734893,0.6270526022822154,0.0017498566239722581,0.0017498566239722581,eod,0,R1_baseline
2025-06-15,KRW-AWE,bull_quiet,3,0.09223833313025466,0.16593567251461988,0.5558680163973057,-0.01801754989676535,-0.01801754989676535,eod,0,R1_baseline
2025-06-15,KRW-STRAX,bull_quiet,3,0.13352826510721247,0.2631578947368421,0.5074074074074074,0.0485,-0.02108895311496467,tp,0,R1_baseline
2025-06-16,KRW-BORA,bull_quiet,3,0.2744883040935672,0.32776897770196173,0.8374444281397421,0.0485,0.04596632456703015,tp,0,R1_baseline
2025-06-16,KRW-BCH,bull_quiet,3,0.13352826510721247,0.2631578947368421,0.5074074074074074,-0.0016570845114671205,-0.0016570845114671205,eod,0,R1_baseline
2025-06-16,KRW-AXL,bull_quiet,3,0.13352826510721247,0.32776897770196173,0.4073853054776553,-0.0315,-0.061627645280483645,sl,0,R1_baseline
2025-06-17,KRW-BORA,bull_quiet,3,0.2744883040935672,0.43774366471734893,0.6270526022822154,-0.0315,-0.06399999999999989,sl,0,R1_baseline
2025-06-17,KRW-JTO,bull_quiet,3,0.2744883040935672,0.43774366471734893,0.6270526022822154,0.0485,0.012249161636485541,tp,0,R1_baseline
2025-06-17,KRW-ORBS,bull_quiet,3,0.13352826510721247,0.21311075910807847,0.6265674509633463,-0.0315,-0.023549286640726363,sl,0,R1_baseline
2025-06-18,KRW-JTO,bull_quiet,3,0.2744883040935672,0.43774366471734893,0.6270526022822154,-0.0315,0.05418445475638062,sl,0,R1_baseline
2025-06-18,KRW-BORA,bull_quiet,3,0.2744883040935672,0.43774366471734893,0.6270526022822154,0.0485,0.07873483365949113,tp,0,R1_baseline
2025-06-18,KRW-SOPH,bull_quiet,3,0.2744883040935672,0.43774366471734893,0.6270526022822154,-0.0315,-0.043642377434519875,sl,0,R1_baseline
2025-06-19,KRW-JTO,bull_quiet,3,0.2744883040935672,0.32776897770196173,0.8374444281397421,-0.012175039246467843,-0.012175039246467843,eod,0,R1_baseline
2025-06-19,KRW-BORA,bull_quiet,3,0.2744883040935672,0.43774366471734893,0.6270526022822154,-0.0315,-0.009350241545893643,sl,0,R1_baseline
2025-06-19,KRW-AXL,bull_quiet,3,0.13352826510721247,0.21311075910807847,0.6265674509633463,-0.0315,-0.05034366327474554,sl,0,R1_baseline
2025-06-20,KRW-T,bull_quiet,3,0.2744883040935672,0.32776897770196173,0.8374444281397421,0.0485,0.04556927175843689,tp,0,R1_baseline
2025-06-20,KRW-PENDLE,bull_quiet,3,0.09223833313025466,0.12999512670565302,0.7095522383628212,-0.0315,-0.055880103934669634,sl,0,R1_baseline
2025-06-20,KRW-BCH,bull_quiet,3,0.2744883040935672,0.43774366471734893,0.6270526022822154,-0.0315,-0.0435777713290772,sl,0,R1_baseline
2025-06-21,KRW-ARDR,bull_quiet,3,0.2744883040935672,0.2631578947368421,1.0430555555555556,-0.0315,-0.05786070853462161,sl,0,R1_baseline
2025-06-21,KRW-BORA,bull_quiet,3,0.2744883040935672,0.43774366471734893,0.6270526022822154,-0.0315,-0.0803177339901478,sl,0,R1_baseline
2025-06-21,KRW-ATH,bull_quiet,3,0.13352826510721247,0.21311075910807847,0.6265674509633463,0.0485,-0.03062621359223311,tp,0,R1_baseline
2025-06-22,KRW-T,bull_quiet,3,0.2744883040935672,0.43774366471734893,0.6270526022822154,0.0485,0.06699315068493156,tp,0,R1_baseline
2025-06-22,KRW-LAYER,bull_quiet,3,0.2744883040935672,0.43774366471734893,0.6270526022822154,-0.0315,0.053608229635051796,sl,0,R1_baseline
2025-06-22,KRW-AXL,bull_quiet,3,0.13352826510721247,0.2631578947368421,0.5074074074074074,-0.0315,-0.0520050505050505,sl,0,R1_baseline
2025-06-23,KRW-AXL,bull_quiet,3,0.2744883040935672,0.2631578947368421,1.0430555555555556,0.0485,0.04807446808510646,tp,0,R1_baseline
2025-06-23,KRW-BORA,bull_quiet,3,0.2744883040935672,0.43774366471734893,0.6270526022822154,-0.0315,0.05764343983684578,sl,0,R1_baseline
2025-06-23,KRW-LAYER,bull_quiet,3,0.2744883040935672,0.43774366471734893,0.6270526022822154,-0.0315,0.031238095238095342,sl,0,R1_baseline
2025-06-24,KRW-CKB,bull_quiet,3,0.2744883040935672,0.12999512670565302,2.1115276476101217,0.0485,0.012512738853503182,tp,0,R1_baseline
2025-06-24,KRW-CVC,bull_quiet,3,0.09223833313025466,0.055190058479532164,1.671285294333621,0.00647448165869219,0.00647448165869219,eod,0,R1_baseline
2025-06-24,KRW-RVN,bull_quiet,3,0.2744883040935672,0.2631578947368421,1.0430555555555556,-0.0315,-0.048596479195244624,sl,0,R1_baseline
2025-06-25,KRW-GAME2,bull_quiet,3,0.021442495126705652,0.018518518518518517,1.1578947368421053,0.0485,-0.010371989860582907,tp,0,R1_baseline
2025-06-25,KRW-SAFE,bull_quiet,3,0.06164717348927875,0.055190058479532164,1.1169977924944812,-0.0315,-0.035071428571428476,sl,0,R1_baseline
2025-06-25,KRW-CKB,bull_quiet,3,0.09223833313025466,0.08395272328500061,1.0986937590711174,-0.0315,-0.039188442211055274,sl,0,R1_baseline
2025-06-26,KRW-DOT,bull_quiet,3,0.021442495126705652,0.018518518518518517,1.1578947368421053,-0.019508244738555003,-0.019508244738555003,eod,0,R1_baseline
2025-06-26,KRW-AGLD,bull_quiet,3,0.06164717348927875,0.055190058479532164,1.1169977924944812,-0.0315,-0.037282544064557166,sl,0,R1_baseline
2025-06-26,KRW-ICX,bull_quiet,3,0.06164717348927875,0.055190058479532164,1.1169977924944812,-0.0315,-0.04267647058823526,sl,0,R1_baseline
2025-06-27,KRW-ALT,bull_quiet,3,0.2744883040935672,0.32776897770196173,0.8374444281397421,0.0485,0.0465686695278969,tp,0,R1_baseline
2025-06-27,KRW-RAY,bull_quiet,3,0.13352826510721247,0.21311075910807847,0.6265674509633463,0.0485,0.0492439908431897,tp,0,R1_baseline
2025-06-27,KRW-ARB,bull_quiet,3,0.09223833313025466,0.21311075910807847,0.43281875357347055,0.004736507555768878,0.004736507555768878,eod,0,R1_baseline
2025-06-28,KRW-LPT,bull_quiet,3,0.2744883040935672,0.32776897770196173,0.8374444281397421,-0.0315,-0.02632825117512355,sl,0,R1_baseline
2025-06-28,KRW-POKT,bull_quiet,3,0.2744883040935672,0.43774366471734893,0.6270526022822154,0.0485,0.0724170506912441,tp,0,R1_baseline
2025-06-28,KRW-MASK,bull_quiet,3,0.04276836846594371,0.08395272328500061,0.5094339622641509,0.012206793802145345,0.012206793802145345,eod,0,R1_baseline
2025-06-29,KRW-MASK,bull_quiet,3,0.03374756335282651,0.018518518518518517,1.8223684210526319,0.027929075927015934,0.027929075927015934,eod,0,R1_baseline
2025-06-29,KRW-JUP,bull_quiet,3,0.2744883040935672,0.32776897770196173,0.8374444281397421,0.027396103896103752,0.027396103896103752,eod,0,R1_baseline
2025-06-29,KRW-RAY,bull_quiet,3,0.13352826510721247,0.16593567251461988,0.8046989720998531,0.0485,0.03610445682451263,tp,0,R1_baseline
2025-06-30,KRW-AQT,bull_quiet,3,0.04276836846594371,0.018518518518518517,2.3094918971609606,-0.0315,-0.025851924587588393,sl,0,R1_baseline
2025-06-30,KRW-ATOM,bull_quiet,3,0.03374756335282651,0.018518518518518517,1.8223684210526319,-0.0315,-0.03046022330774595,sl,0,R1_baseline
2025-06-30,KRW-MANA,bull_quiet,3,0.03374756335282651,0.018518518518518517,1.8223684210526319,-0.0315,-0.0323988764044944,sl,0,R1_baseline
2025-07-01,KRW-POKT,bull_quiet,3,0.2744883040935672,0.32776897770196173,0.8374444281397421,-0.0315,-0.059163964627855614,sl,0,R1_baseline
2025-07-01,KRW-ARB,bull_quiet,3,0.2744883040935672,0.43774366471734893,0.6270526022822154,-0.0315,-0.04495973583297824,sl,0,R1_baseline
2025-07-01,KRW-KAITO,bull_quiet,3,0.13352826510721247,0.21311075910807847,0.6265674509633463,-0.0315,0.030400138696255186,sl,0,R1_baseline
2025-07-02,KRW-MOVE,bull_quiet,3,0.2744883040935672,0.43774366471734893,0.6270526022822154,-0.0315,-0.01761535199321468,sl,0,R1_baseline
2025-07-02,KRW-POKT,bull_quiet,3,0.2744883040935672,0.43774366471734893,0.6270526022822154,-0.0315,-0.022243639921722125,sl,0,R1_baseline
2025-07-02,KRW-KAITO,bull_quiet,3,0.13352826510721247,0.2631578947368421,0.5074074074074074,-0.0315,-0.012252688172043,sl,0,R1_baseline
2025-07-03,KRW-MBL,bull_quiet,3,0.06164717348927875,0.055190058479532164,1.1169977924944812,0.015060509554140124,0.015060509554140124,eod,0,R1_baseline
2025-07-03,KRW-BLUR,bull_quiet,3,0.09223833313025466,0.08395272328500061,1.0986937590711174,-0.0056024614768860875,-0.0056024614768860875,eod,0,R1_baseline
2025-07-03,KRW-AHT,bull_quiet,3,0.2744883040935672,0.2631578947368421,1.0430555555555556,0.0485,-0.02984763148079078,tp,0,R1_baseline
2025-07-04,KRW-MLK,bull_quiet,3,0.021442495126705652,0.018518518518518517,1.1578947368421053,-0.012912268188302432,-0.012912268188302432,eod,0,R1_baseline
2025-07-04,KRW-RAY,bull_quiet,3,0.09223833313025466,0.08395272328500061,1.0986937590711174,-0.0315,-0.04398810333106734,sl,0,R1_baseline
2025-07-04,KRW-BLAST,bull_quiet,3,0.2744883040935672,0.2631578947368421,1.0430555555555556,0.0485,0.16007205240174677,tp,1,R1_baseline
2025-07-05,KRW-CARV,bull_quiet,3,0.2744883040935672,0.2631578947368421,1.0430555555555556,0.0485,0.09149719887955171,tp,1,R1_baseline
2025-07-05,KRW-TAIKO,bull_quiet,3,0.2744883040935672,0.2631578947368421,1.0430555555555556,-0.0315,-0.027483399494767358,sl,0,R1_baseline
2025-07-05,KRW-MOC,bull_quiet,3,0.2744883040935672,0.32776897770196173,0.8374444281397421,-0.0315,-0.05399679897567228,sl,0,R1_baseline
2025-07-06,KRW-SAFE,bull_quiet,3,0.2744883040935672,0.32776897770196173,0.8374444281397421,0.0485,0.045334345186470115,tp,0,R1_baseline
2025-07-06,KRW-CBK,bull_quiet,3,0.2744883040935672,0.43774366471734893,0.6270526022822154,-0.0315,0.052468253968254,sl,0,R1_baseline
2025-07-06,KRW-POKT,bull_quiet,3,0.2744883040935672,0.43774366471734893,0.6270526022822154,0.0485,0.006554631413062508,tp,0,R1_baseline
2025-07-07,KRW-BEAM,bull_quiet,3,0.2744883040935672,0.2631578947368421,1.0430555555555556,-0.0315,-0.03719331924386521,sl,0,R1_baseline
2025-07-07,KRW-TOKAMAK,bull_quiet,3,0.13352826510721247,0.2631578947368421,0.5074074074074074,0.0485,0.04131949934123852,tp,0,R1_baseline
2025-07-07,KRW-COW,bull_quiet,3,0.06164717348927875,0.12999512670565302,0.4742268041237113,-0.006727781926810948,-0.006727781926810948,eod,0,R1_baseline
2025-07-08,KRW-TOKAMAK,bull_quiet,3,0.2744883040935672,0.32776897770196173,0.8374444281397421,-0.0315,-0.03182217308907137,sl,0,R1_baseline
2025-07-08,KRW-BOUNTY,bull_quiet,3,0.13352826510721247,0.16593567251461988,0.8046989720998531,0.001102472348731455,0.001102472348731455,eod,0,R1_baseline
2025-07-08,KRW-QKC,bull_quiet,3,0.13352826510721247,0.16593567251461988,0.8046989720998531,0.0485,0.01931098476721732,tp,0,R1_baseline
2025-07-09,KRW-FCT2,bull_quiet,3,0.06164717348927875,0.055190058479532164,1.1169977924944812,0.031083397982932415,0.031083397982932415,eod,0,R1_baseline
2025-07-09,KRW-TAIKO,bull_quiet,3,0.09223833313025466,0.08395272328500061,1.0986937590711174,0.009183367102597208,0.009183367102597208,eod,0,R1_baseline
2025-07-09,KRW-MOC,bull_quiet,3,0.2744883040935672,0.32776897770196173,0.8374444281397421,0.0485,-0.02268963106378402,tp,0,R1_baseline
2025-07-10,KRW-BSV,bull_quiet,3,0.03374756335282651,0.018518518518518517,1.8223684210526319,0.02984978229317853,0.02984978229317853,eod,0,R1_baseline
2025-07-10,KRW-BCH,bull_quiet,3,0.021442495126705652,0.018518518518518517,1.1578947368421053,0.0007939068100358284,0.0007939068100358284,eod,0,R1_baseline
2025-07-10,KRW-HIVE,bull_quiet,3,0.021442495126705652,0.018518518518518517,1.1578947368421053,0.0230791245791247,0.0230791245791247,eod,0,R1_baseline
2025-07-11,KRW-SIGN,bull_quiet,3,0.04276836846594371,0.018518518518518517,2.3094918971609606,0.0485,0.05026246427437281,tp,0,R1_baseline
2025-07-11,KRW-BTT,bull_quiet,3,0.03374756335282651,0.018518518518518517,1.8223684210526319,0.013626050420168236,0.013626050420168236,eod,0,R1_baseline
2025-07-11,KRW-GAS,bull_quiet,3,0.03374756335282651,0.018518518518518517,1.8223684210526319,0.005077344701583332,0.005077344701583332,eod,0,R1_baseline
2025-07-12,KRW-BTT,bull_quiet,3,0.04276836846594371,0.018518518518518517,2.3094918971609606,0.019982868789247432,0.019982868789247432,eod,0,R1_baseline
2025-07-12,KRW-T,bull_quiet,3,0.03374756335282651,0.018518518518518517,1.8223684210526319,0.0485,0.03796784922394686,tp,0,R1_baseline
2025-07-12,KRW-CARV,bull_quiet,3,0.2744883040935672,0.16593567251461988,1.6541850220264316,-0.0315,0.011833333333333198,sl,0,R1_baseline
2025-07-13,KRW-KAVA,bull_quiet,3,0.06164717348927875,0.018518518518518517,3.3289473684210527,-0.0315,0.0005551464291831411,sl,0,R1_baseline
2025-07-13,KRW-AHT,bull_quiet,3,0.2744883040935672,0.12999512670565302,2.1115276476101217,-0.0315,-0.008640307033202453,sl,0,R1_baseline
2025-07-13,KRW-ETC,bull_quiet,3,0.03374756335282651,0.018518518518518517,1.8223684210526319,0.013497973246858587,0.013497973246858587,eod,0,R1_baseline
2025-07-14,KRW-AGLD,bull_quiet,3,0.2744883040935672,0.21311075910807847,1.2880077253835942,0.0485,-0.017953382084095082,tp,0,R1_baseline
2025-07-14,KRW-ETC,bull_quiet,3,0.021442495126705652,0.018518518518518517,1.1578947368421053,0.013675718849840259,0.013675718849840259,eod,0,R1_baseline
2025-07-14,KRW-CRO,bull_quiet,3,0.2744883040935672,0.2631578947368421,1.0430555555555556,0.0485,0.01299275362318847,tp,0,R1_baseline
2025-07-15,KRW-SOL,bull_quiet,3,0.021442495126705652,0.018518518518518517,1.1578947368421053,0.008639702568724652,0.008639702568724652,eod,0,R1_baseline
2025-07-15,KRW-WAL,bull_quiet,3,0.2744883040935672,0.2631578947368421,1.0430555555555556,-0.0315,0.1045147849462365,sl,0,R1_baseline
2025-07-15,KRW-SONIC,bull_quiet,3,0.13352826510721247,0.12999512670565302,1.0271790065604498,-0.0315,0.00967140121289495,sl,0,R1_baseline
2025-07-16,KRW-BORA,bull_quiet,3,0.021442495126705652,0.018518518518518517,1.1578947368421053,-0.004377697841726645,-0.004377697841726645,eod,0,R1_baseline
2025-07-16,KRW-AKT,bull_quiet,3,0.2744883040935672,0.2631578947368421,1.0430555555555556,-0.0315,-0.005712743549236397,sl,0,R1_baseline
2025-07-16,KRW-STRAX,bull_quiet,3,0.2744883040935672,0.2631578947368421,1.0430555555555556,-0.0059059124502558995,-0.0059059124502558995,eod,0,R1_baseline
2025-07-17,KRW-SOL,bull_quiet,3,0.04276836846594371,0.018518518518518517,2.3094918971609606,0.014605107014197984,0.014605107014197984,eod,0,R1_baseline
2025-07-17,KRW-BTT,bull_quiet,3,0.021442495126705652,0.018518518518518517,1.1578947368421053,0.007968700683850529,0.007968700683850529,eod,0,R1_baseline
2025-07-17,KRW-A,bull_quiet,3,0.04276836846594371,0.055190058479532164,0.7749288484955098,0.022040241977906272,0.022040241977906272,eod,0,R1_baseline
2025-07-18,KRW-MVL,bull_quiet,3,0.03374756335282651,0.018518518518518517,1.8223684210526319,-0.0015,-0.0015,eod,0,R1_baseline
2025-07-18,KRW-CKB,bull_quiet,3,0.2744883040935672,0.21311075910807847,1.2880077253835942,0.0485,-0.010297653958944273,tp,0,R1_baseline
2025-07-18,KRW-WAVES,bull_quiet,3,0.09223833313025466,0.08395272328500061,1.0986937590711174,0.0031604527296938425,0.0031604527296938425,eod,0,R1_baseline
2025-07-19,KRW-BCH,bull_quiet,3,0.03374756335282651,0.018518518518518517,1.8223684210526319,-0.0024944594402614415,-0.0024944594402614415,eod,0,R1_baseline
2025-07-19,KRW-PENDLE,bull_quiet,3,0.2744883040935672,0.32776897770196173,0.8374444281397421,-0.002153701585226374,-0.002153701585226374,eod,0,R1_baseline
2025-07-19,KRW-HYPER,bull_quiet,3,0.2744883040935672,0.32776897770196173,0.8374444281397421,-0.0315,-0.004182071384361495,sl,0,R1_baseline
2025-07-20,KRW-MOCA,bull_quiet,3,0.09223833313025466,0.08395272328500061,1.0986937590711174,0.0485,0.05841189427312782,tp,0,R1_baseline
2025-07-20,KRW-ARK,bull_quiet,3,0.2744883040935672,0.2631578947368421,1.0430555555555556,0.0485,0.03392770628311875,tp,0,R1_baseline
2025-07-20,KRW-ARDR,bull_quiet,3,0.2744883040935672,0.32776897770196173,0.8374444281397421,0.017296992481203033,0.017296992481203033,eod,0,R1_baseline
2025-07-21,KRW-BCH,bull_quiet,3,0.09223833313025466,0.08395272328500061,1.0986937590711174,-0.0315,-0.04549572078095748,sl,0,R1_baseline
2025-07-21,KRW-VTHO,bull_quiet,3,0.09223833313025466,0.08395272328500061,1.0986937590711174,0.0485,0.02463298048296375,tp,0,R1_baseline
2025-07-21,KRW-LSK,bull_quiet,3,0.2744883040935672,0.2631578947368421,1.0430555555555556,0.018914245268961294,0.018914245268961294,eod,0,R1_baseline
2025-07-22,KRW-JTO,bull_quiet,3,0.2744883040935672,0.32776897770196173,0.8374444281397421,0.0485,0.010312352345595745,tp,0,R1_baseline
2025-07-22,KRW-NXPC,bull_quiet,3,0.2744883040935672,0.32776897770196173,0.8374444281397421,-0.0315,-0.018810252996005306,sl,0,R1_baseline
2025-07-22,KRW-ORCA,bull_quiet,3,0.2744883040935672,0.32776897770196173,0.8374444281397421,-0.0315,-0.030804029304029312,sl,0,R1_baseline
2025-07-23,KRW-BCH,bull_quiet,3,0.03374756335282651,0.018518518518518517,1.8223684210526319,-0.0315,-0.022382971268395224,sl,0,R1_baseline
2025-07-23,KRW-HYPER,bull_quiet,3,0.2744883040935672,0.32776897770196173,0.8374444281397421,-0.0315,0.07560651828298887,sl,1,R1_baseline
2025-07-23,KRW-NEWT,bull_quiet,3,0.2744883040935672,0.32776897770196173,0.8374444281397421,0.0485,0.1316188417454252,tp,1,R1_baseline
2025-07-24,KRW-NXPC,bull_quiet,3,0.2744883040935672,0.43774366471734893,0.6270526022822154,-0.0315,0.03676199740596636,sl,0,R1_baseline
2025-07-24,KRW-SIGN,bull_quiet,3,0.2744883040935672,0.43774366471734893,0.6270526022822154,-0.0315,-0.03752058319039436,sl,0,R1_baseline
2025-07-24,KRW-AERGO,bull_quiet,3,0.2744883040935672,0.43774366471734893,0.6270526022822154,-0.0315,-0.02381447846393353,sl,0,R1_baseline
2025-07-25,KRW-RVN,bull_quiet,3,0.2744883040935672,0.32776897770196173,0.8374444281397421,0.0485,0.03729507074395261,tp,1,R1_baseline
2025-07-25,KRW-CRO,bull_quiet,3,0.2744883040935672,0.32776897770196173,0.8374444281397421,0.0485,0.044876811594202926,tp,0,R1_baseline
2025-07-25,KRW-SIGN,bull_quiet,3,0.2744883040935672,0.32776897770196173,0.8374444281397421,0.0485,-0.0494148181011535,tp,0,R1_baseline
2025-07-26,KRW-GLM,bull_quiet,3,0.2744883040935672,0.2631578947368421,1.0430555555555556,0.013478213507625294,0.013478213507625294,eod,0,R1_baseline
2025-07-26,KRW-SONIC,bull_quiet,3,0.2744883040935672,0.32776897770196173,0.8374444281397421,0.0485,-0.032404451375106225,tp,0,R1_baseline
2025-07-26,KRW-BLUR,bull_quiet,3,0.2744883040935672,0.43774366471734893,0.6270526022822154,-0.008493006993006978,-0.008493006993006978,eod,0,R1_baseline
2025-07-27,KRW-TAIKO,bull_quiet,3,0.2744883040935672,0.2631578947368421,1.0430555555555556,0.0485,0.024215531018451364,tp,0,R1_baseline
2025-07-27,KRW-WAL,bull_quiet,3,0.2744883040935672,0.2631578947368421,1.0430555555555556,-0.0315,-0.012200828937452944,sl,0,R1_baseline
2025-07-27,KRW-DRIFT,bull_quiet,3,0.2744883040935672,0.32776897770196173,0.8374444281397421,0.0485,0.02472227668177923,tp,0,R1_baseline
2025-07-28,KRW-GAS,bull_quiet,3,0.03374756335282651,0.018518518518518517,1.8223684210526319,-0.0315,-0.0539861878453039,sl,0,R1_baseline
2025-07-28,KRW-JUP,bull_quiet,3,0.2744883040935672,0.2631578947368421,1.0430555555555556,0.0485,-0.0660000622587475,tp,0,R1_baseline
2025-07-28,KRW-EGLD,bull_quiet,3,0.13352826510721247,0.12999512670565302,1.0271790065604498,-0.0315,-0.06510882734746865,sl,0,R1_baseline
2025-07-29,KRW-CBK,bull_quiet,3,0.2744883040935672,0.32776897770196173,0.8374444281397421,-0.0315,-0.019905564472980253,sl,0,R1_baseline
2025-07-29,KRW-RAY,bull_quiet,3,0.2744883040935672,0.32776897770196173,0.8374444281397421,-0.0315,-0.023122878400372027,sl,0,R1_baseline
2025-07-29,KRW-CKB,bull_quiet,3,0.2744883040935672,0.43774366471734893,0.6270526022822154,0.0485,0.06734790298130361,tp,1,R1_baseline
2025-07-30,KRW-ATH,bull_quiet,3,0.2744883040935672,0.43774366471734893,0.6270526022822154,-0.0315,-0.07122150898676677,sl,0,R1_baseline
2025-07-30,KRW-BAT,bull_quiet,3,0.2744883040935672,0.43774366471734893,0.6270526022822154,-0.0315,-0.018449152542372838,sl,0,R1_baseline
2025-07-30,KRW-MOODENG,bull_quiet,3,0.13352826510721247,0.32776897770196173,0.4073853054776553,-0.0315,-0.029824154209284026,sl,0,R1_baseline
2025-07-31,KRW-GAME2,bull_quiet,3,0.2744883040935672,0.32776897770196173,0.8374444281397421,-0.026596525096525048,-0.026596525096525048,eod,0,R1_baseline
2025-07-31,KRW-BOUNTY,bull_quiet,3,0.2744883040935672,0.43774366471734893,0.6270526022822154,0.0485,0.03684808259587041,tp,0,R1_baseline
2025-07-31,KRW-ALT,bull_quiet,3,0.2744883040935672,0.43774366471734893,0.6270526022822154,-0.0315,-0.055219008264462854,sl,0,R1_baseline
2025-08-01,KRW-ALT,bull_quiet,3,0.2744883040935672,0.32776897770196173,0.8374444281397421,-0.0315,0.002866812227074357,sl,0,R1_baseline
2025-08-01,KRW-ERA,bull_quiet,3,0.2744883040935672,0.43774366471734893,0.6270526022822154,-0.0315,-0.07030427521710086,sl,0,R1_baseline
2025-08-01,KRW-KNC,bull_quiet,3,0.2744883040935672,0.43774366471734893,0.6270526022822154,-0.0315,-0.014968013468013517,sl,0,R1_baseline
2025-08-02,KRW-HYPER,bull_quiet,3,0.2744883040935672,0.32776897770196173,0.8374444281397421,-0.0315,-0.0161520146520146,sl,0,R1_baseline
2025-08-02,KRW-SYRUP,bull_quiet,3,0.2744883040935672,0.32776897770196173,0.8374444281397421,-0.0315,-0.051920168067226935,sl,0,R1_baseline
2025-08-02,KRW-KNC,bull_quiet,3,0.2744883040935672,0.43774366471734893,0.6270526022822154,-0.0315,-0.015151877133105783,sl,0,R1_baseline
2025-08-03,KRW-SYRUP,bull_quiet,3,0.2744883040935672,0.32776897770196173,0.8374444281397421,0.0485,0.03212831858407089,tp,0,R1_baseline
2025-08-03,KRW-KNC,bull_quiet,3,0.2744883040935672,0.43774366471734893,0.6270526022822154,0.027911764705882247,0.027911764705882247,eod,0,R1_baseline
2025-08-03,KRW-SAHARA,bull_quiet,3,0.2744883040935672,0.43774366471734893,0.6270526022822154,0.014629032258064502,0.014629032258064502,eod,0,R1_baseline
2025-08-04,KRW-SYRUP,bull_quiet,3,0.2744883040935672,0.2631578947368421,1.0430555555555556,0.0485,0.05500684931506844,tp,0,R1_baseline
2025-08-04,KRW-VIRTUAL,bull_quiet,3,0.2744883040935672,0.32776897770196173,0.8374444281397421,0.021864485981308468,0.021864485981308468,eod,0,R1_baseline
2025-08-04,KRW-CKB,bull_quiet,3,0.2744883040935672,0.43774366471734893,0.6270526022822154,0.0049432989690721425,0.0049432989690721425,eod,0,R1_baseline
2025-08-05,KRW-ANIME,bull_quiet,3,0.03374756335282651,0.018518518518518517,1.8223684210526319,-0.0315,-0.03568803418803407,sl,0,R1_baseline
2025-08-05,KRW-XTZ,bull_quiet,3,0.09223833313025466,0.055190058479532164,1.671285294333621,0.0485,-0.021536429872495433,tp,0,R1_baseline
2025-08-05,KRW-AERGO,bull_quiet,3,0.021442495126705652,0.018518518518518517,1.1578947368421053,-0.0315,-0.026191358024691358,sl,0,R1_baseline
2025-08-06,KRW-GAME2,bull_quiet,3,0.09223833313025466,0.12999512670565302,0.7095522383628212,-0.0315,-0.014559701492537323,sl,0,R1_baseline
2025-08-06,KRW-ERA,bull_quiet,3,0.2744883040935672,0.43774366471734893,0.6270526022822154,-0.0315,-0.04534724186704381,sl,0,R1_baseline
2025-08-06,KRW-ENA,bull_quiet,3,0.2744883040935672,0.43774366471734893,0.6270526022822154,-0.0315,0.02675552825552835,sl,0,R1_baseline
2025-08-07,KRW-ATH,bull_quiet,3,0.2744883040935672,0.32776897770196173,0.8374444281397421,0.006564516129032251,0.006564516129032251,eod,0,R1_baseline
2025-08-07,KRW-POKT,bull_quiet,3,0.2744883040935672,0.32776897770196173,0.8374444281397421,0.01664882032667886,0.01664882032667886,eod,0,R1_baseline
2025-08-07,KRW-ENA,bull_quiet,3,0.2744883040935672,0.43774366471734893,0.6270526022822154,0.0485,0.04867921146953408,tp,0,R1_baseline
2025-08-08,KRW-NXPC,bull_quiet,3,0.03374756335282651,0.018518518518518517,1.8223684210526319,0.008608864696734,0.008608864696734,eod,0,R1_baseline
2025-08-08,KRW-ANIME,bull_quiet,3,0.021442495126705652,0.018518518518518517,1.1578947368421053,0.015377637130801704,0.015377637130801704,eod,0,R1_baseline
2025-08-08,KRW-DRIFT,bull_quiet,3,0.06164717348927875,0.055190058479532164,1.1169977924944812,0.0485,0.08252203856749302,tp,0,R1_baseline
2025-08-09,KRW-AUCTION,bull_quiet,3,0.06164717348927875,0.018518518518518517,3.3289473684210527,0.02942059030217853,0.02942059030217853,eod,0,R1_baseline
2025-08-09,KRW-RVN,bull_quiet,3,0.03374756335282651,0.018518518518518517,1.8223684210526319,0.0035251256281408363,0.0035251256281408363,eod,0,R1_baseline
2025-08-09,KRW-SNT,bull_quiet,3,0.03374756335282651,0.018518518518518517,1.8223684210526319,0.01896035805626589,0.01896035805626589,eod,0,R1_baseline
2025-08-10,KRW-AUCTION,bull_quiet,3,0.06164717348927875,0.018518518518518517,3.3289473684210527,-0.0315,-0.00013667348329920873,sl,0,R1_baseline
2025-08-10,KRW-POKT,bull_quiet,3,0.04276836846594371,0.018518518518518517,2.3094918971609606,-0.0315,-0.01033392226148405,sl,0,R1_baseline
2025-08-10,KRW-VET,bull_quiet,3,0.04276836846594371,0.018518518518518517,2.3094918971609606,-0.0015,-0.0015,eod,0,R1_baseline
2025-08-11,KRW-MOCA,bull_quiet,3,0.04276836846594371,0.018518518518518517,2.3094918971609606,-0.0315,-0.029801886792452825,sl,0,R1_baseline
2025-08-11,KRW-SNT,bull_quiet,3,0.03374756335282651,0.018518518518518517,1.8223684210526319,-0.021804568527918733,-0.021804568527918733,eod,0,R1_baseline
2025-08-11,KRW-ELF,bull_quiet,3,0.021442495126705652,0.018518518518518517,1.1578947368421053,0.005166666666666599,0.005166666666666599,eod,0,R1_baseline
2025-08-12,KRW-CTC,bull_quiet,3,0.13352826510721247,0.21311075910807847,0.6265674509633463,-0.0315,0.015449152542372837,sl,0,R1_baseline
2025-08-12,KRW-MOC,bull_quiet,3,0.03374756335282651,0.055190058479532164,0.6114790286975718,0.014804347826086918,0.014804347826086918,eod,0,R1_baseline
2025-08-12,KRW-CRO,bull_quiet,3,0.13352826510721247,0.2631578947368421,0.5074074074074074,-0.0315,-0.027586956521739092,sl,0,R1_baseline
2025-08-13,KRW-ID,bull_quiet,3,0.2744883040935672,0.21311075910807847,1.2880077253835942,0.023090163934426144,0.023090163934426144,eod,0,R1_baseline
2025-08-13,KRW-KAITO,bull_quiet,3,0.09223833313025466,0.08395272328500061,1.0986937590711174,0.003924954792043302,0.003924954792043302,eod,0,R1_baseline
2025-08-13,KRW-MNT,bull_quiet,3,0.2744883040935672,0.32776897770196173,0.8374444281397421,0.0485,0.088891459074733,tp,0,R1_baseline
2025-08-14,KRW-BTT,bull_quiet,3,0.021442495126705652,0.018518518518518517,1.1578947368421053,-0.0315,-0.03823469387755102,sl,0,R1_baseline
2025-08-14,KRW-MOCA,bull_quiet,3,0.021442495126705652,0.018518518518518517,1.1578947368421053,-0.0315,-0.057574766355140194,sl,0,R1_baseline
2025-08-14,KRW-NXPC,bull_quiet,3,0.021442495126705652,0.018518518518518517,1.1578947368421053,-0.0315,-0.0637568093385214,sl,0,R1_baseline
2025-08-15,KRW-INJ,bull_quiet,3,0.2744883040935672,0.2631578947368421,1.0430555555555556,-0.0315,-0.049480997624703094,sl,0,R1_baseline
2025-08-15,KRW-BERA,bull_quiet,3,0.2744883040935672,0.43774366471734893,0.6270526022822154,-0.0315,-0.017760162601625995,sl,0,R1_baseline
2025-08-15,KRW-ARKM,bull_quiet,3,0.2744883040935672,0.43774366471734893,0.6270526022822154,0.0485,-0.002803780964797885,tp,0,R1_baseline
2025-08-16,KRW-DEEP,bull_quiet,3,0.2744883040935672,0.32776897770196173,0.8374444281397421,-0.0315,-0.02233333333333337,sl,0,R1_baseline
2025-08-16,KRW-KAVA,bull_quiet,3,0.04276836846594371,0.055190058479532164,0.7749288484955098,-0.0015,-0.0015,eod,0,R1_baseline
2025-08-16,KRW-MNT,bull_quiet,3,0.2744883040935672,0.43774366471734893,0.6270526022822154,0.0485,0.13080035756853398,tp,0,R1_baseline
2025-08-17,KRW-BAT,bull_quiet,3,0.2744883040935672,0.43774366471734893,0.6270526022822154,-0.0315,-0.048508547008547065,sl,0,R1_baseline
2025-08-17,KRW-PROVE,bull_quiet,3,0.2744883040935672,0.43774366471734893,0.6270526022822154,-0.0068850296176628505,-0.0068850296176628505,eod,0,R1_baseline
2025-08-17,KRW-BERA,bull_quiet,3,0.2744883040935672,0.43774366471734893,0.6270526022822154,0.0033558421851290223,0.0033558421851290223,eod,0,R1_baseline
2025-08-18,KRW-SEI,bull_quiet,3,0.2744883040935672,0.2631578947368421,1.0430555555555556,-0.0315,-0.04771848739495793,sl,0,R1_baseline
2025-08-18,KRW-LPT,bull_quiet,3,0.2744883040935672,0.32776897770196173,0.8374444281397421,-0.0315,-0.06110617349654074,sl,0,R1_baseline
2025-08-18,KRW-POL,bull_quiet,3,0.13352826510721247,0.16593567251461988,0.8046989720998531,-0.0315,0.053893586005830996,sl,0,R1_baseline
2025-08-19,KRW-CARV,bull_quiet,3,0.2744883040935672,0.2631578947368421,1.0430555555555556,-0.0315,0.0028478260869564966,sl,0,R1_baseline
2025-08-19,KRW-POL,bull_quiet,3,0.2744883040935672,0.32776897770196173,0.8374444281397421,-0.0315,-0.10676315789473684,sl,0,R1_baseline
2025-08-19,KRW-ARB,bull_quiet,3,0.2744883040935672,0.43774366471734893,0.6270526022822154,-0.0315,-0.07322995780590719,sl,0,R1_baseline
2025-08-20,KRW-CTC,bull_quiet,3,0.2744883040935672,0.43774366471734893,0.6270526022822154,-0.0315,0.008976190476190528,sl,0,R1_baseline
2025-08-20,KRW-CARV,bull_quiet,3,0.13352826510721247,0.32776897770196173,0.4073853054776553,-0.0315,0.0028196544276458137,sl,0,R1_baseline
2025-08-20,KRW-CYBER,bull_quiet,3,0.2744883040935672,0.6817738791423001,0.40260900643316655,0.017089743589743522,0.017089743589743522,eod,0,R1_baseline
2025-08-21,KRW-ARB,bull_quiet,3,0.2744883040935672,0.32776897770196173,0.8374444281397421,-0.0315,-0.028036312849162026,sl,0,R1_baseline
2025-08-21,KRW-BERA,bull_quiet,3,0.2744883040935672,0.32776897770196173,0.8374444281397421,-0.0315,-0.06639586477512832,sl,0,R1_baseline
2025-08-21,KRW-HYPER,bull_quiet,3,0.2744883040935672,0.32776897770196173,0.8374444281397421,-0.0315,-0.07481975560081472,sl,0,R1_baseline
2025-08-22,KRW-CYBER,bull_quiet,3,0.2744883040935672,0.43774366471734893,0.6270526022822154,0.0485,0.04026411627129961,tp,0,R1_baseline
2025-08-22,KRW-CARV,bull_quiet,3,0.09223833313025466,0.21311075910807847,0.43281875357347055,-0.0315,0.02321910112359543,sl,0,R1_baseline
2025-08-22,KRW-POKT,bull_quiet,3,0.09223833313025466,0.21311075910807847,0.43281875357347055,-0.0315,0.01185877862595436,sl,0,R1_baseline
2025-08-23,KRW-BTT,bull_quiet,3,0.03374756335282651,0.018518518518518517,1.8223684210526319,0.0485,0.02397770700636942,tp,0,R1_baseline
2025-08-23,KRW-DRIFT,bull_quiet,3,0.09223833313025466,0.055190058479532164,1.671285294333621,0.0485,0.04776764314247678,tp,0,R1_baseline
2025-08-23,KRW-SNT,bull_quiet,3,0.021442495126705652,0.018518518518518517,1.1578947368421053,0.0037631578947368584,0.0037631578947368584,eod,0,R1_baseline
2025-08-24,KRW-DRIFT,bull_quiet,3,0.2744883040935672,0.21311075910807847,1.2880077253835942,0.0485,0.009935832274459879,tp,0,R1_baseline
2025-08-24,KRW-ZRO,bull_quiet,3,0.13352826510721247,0.12999512670565302,1.0271790065604498,0.0485,0.004353994490358172,tp,0,R1_baseline
2025-08-24,KRW-ALT,bull_quiet,3,0.13352826510721247,0.16593567251461988,0.8046989720998531,-0.0315,-0.03658771929824561,sl,0,R1_baseline
2025-08-25,KRW-EGLD,bull_quiet,3,0.09223833313025466,0.12999512670565302,0.7095522383628212,-0.0315,-0.07371711131554742,sl,0,R1_baseline
2025-08-25,KRW-ONT,bull_quiet,3,0.2744883040935672,0.43774366471734893,0.6270526022822154,-0.0315,0.22719955156950672,sl,1,R1_baseline
2025-08-25,KRW-BERA,bull_quiet,3,0.2744883040935672,0.43774366471734893,0.6270526022822154,-0.0315,-0.07989721254355403,sl,0,R1_baseline
2025-08-26,KRW-IOST,bull_quiet,3,0.2744883040935672,0.43774366471734893,0.6270526022822154,-0.0315,-0.06435714285714284,sl,0,R1_baseline
2025-08-26,KRW-API3,bull_quiet,3,0.2744883040935672,0.43774366471734893,0.6270526022822154,-0.0315,-0.018945132245357377,sl,0,R1_baseline
2025-08-26,KRW-ONG,bull_quiet,3,0.2744883040935672,0.6817738791423001,0.40260900643316655,-0.0315,-0.08423381294964033,sl,0,R1_baseline
2025-08-27,KRW-ID,bull_quiet,3,0.2744883040935672,0.2631578947368421,1.0430555555555556,-0.0315,-0.044235042735042696,sl,0,R1_baseline
2025-08-27,KRW-RAY,bull_quiet,3,0.2744883040935672,0.32776897770196173,0.8374444281397421,0.0485,0.037407284768211924,tp,0,R1_baseline
2025-08-27,KRW-IP,bull_quiet,3,0.2744883040935672,0.32776897770196173,0.8374444281397421,-0.0315,-0.05335185185185182,sl,0,R1_baseline
2025-08-28,KRW-API3,bull_quiet,3,0.2744883040935672,0.32776897770196173,0.8374444281397421,-0.0315,-0.012220667063728428,sl,0,R1_baseline
2025-08-28,KRW-SYRUP,bull_quiet,3,0.2744883040935672,0.43774366471734893,0.6270526022822154,0.0485,-0.0015,tp,0,R1_baseline
2025-08-28,KRW-TAIKO,bull_quiet,3,0.09223833313025466,0.21311075910807847,0.43281875357347055,-0.0315,0.027362478777589072,sl,0,R1_baseline
2025-08-29,KRW-CARV,bull_quiet,3,0.2744883040935672,0.21311075910807847,1.2880077253835942,-0.0315,-0.044486425339366475,sl,0,R1_baseline
2025-08-29,KRW-GMT,bull_quiet,3,0.2744883040935672,0.32776897770196173,0.8374444281397421,-0.0315,-0.07029999999999997,sl,0,R1_baseline
2025-08-29,KRW-W,bull_quiet,3,0.2744883040935672,0.32776897770196173,0.8374444281397421,-0.0315,0.03358771929824572,sl,1,R1_baseline
2025-08-30,KRW-SYRUP,bull_quiet,3,0.2744883040935672,0.32776897770196173,0.8374444281397421,-0.0315,0.026537383177569984,sl,0,R1_baseline
2025-08-30,KRW-JTO,bull_quiet,3,0.09223833313025466,0.21311075910807847,0.43281875357347055,-0.0315,-0.03684451981435205,sl,0,R1_baseline
2025-08-30,KRW-ONT,bull_quiet,3,0.13352826510721247,0.32776897770196173,0.4073853054776553,0.0485,0.026801886792452934,tp,0,R1_baseline
2025-08-31,KRW-ONT,bull_quiet,3,0.2744883040935672,0.32776897770196173,0.8374444281397421,-0.0315,-0.06113302752293576,sl,0,R1_baseline
2025-08-31,KRW-JST,bull_quiet,3,0.09223833313025466,0.16593567251461988,0.5558680163973057,-0.007382352941176449,-0.007382352941176449,eod,0,R1_baseline
2025-08-31,KRW-AGLD,bull_quiet,3,0.13352826510721247,0.2631578947368421,0.5074074074074074,-0.0315,-0.04782426988922456,sl,0,R1_baseline
2025-09-01,KRW-ZRX,bull_quiet,3,0.13352826510721247,0.2631578947368421,0.5074074074074074,0.0485,-0.04215040650406504,tp,0,R1_baseline
2025-09-01,KRW-POL,bull_quiet,3,0.2744883040935672,0.6817738791423001,0.40260900643316655,-0.022225388601036233,-0.022225388601036233,eod,0,R1_baseline
2025-09-01,KRW-AXS,bull_quiet,3,0.2744883040935672,0.6817738791423001,0.40260900643316655,-0.0315,-0.07934090909090913,sl,0,R1_baseline
2025-09-02,KRW-LPT,bull_quiet,3,0.13352826510721247,0.2631578947368421,0.5074074074074074,0.007709100758396538,0.007709100758396538,eod,0,R1_baseline
2025-09-02,KRW-SYRUP,bull_quiet,3,0.13352826510721247,0.32776897770196173,0.4073853054776553,-0.0315,0.009646496815286567,sl,0,R1_baseline
2025-09-02,KRW-ONT,bull_quiet,3,0.13352826510721247,0.32776897770196173,0.4073853054776553,-0.0015,-0.0015,eod,0,R1_baseline
2025-09-03,KRW-BEAM,bull_quiet,3,0.2744883040935672,0.2631578947368421,1.0430555555555556,-0.0015,-0.0015,eod,0,R1_baseline
2025-09-03,KRW-IP,bull_quiet,3,0.2744883040935672,0.43774366471734893,0.6270526022822154,0.0485,0.036427844588344194,tp,0,R1_baseline
2025-09-03,KRW-POL,bull_quiet,3,0.2744883040935672,0.43774366471734893,0.6270526022822154,-0.0315,-0.028863184079602033,sl,0,R1_baseline
2025-09-04,KRW-PROVE,bull_quiet,3,0.2744883040935672,0.32776897770196173,0.8374444281397421,-0.0315,-0.06648470948012236,sl,0,R1_baseline
2025-09-04,KRW-SYRUP,bull_quiet,3,0.2744883040935672,0.32776897770196173,0.8374444281397421,-0.0315,-0.029116279069767492,sl,0,R1_baseline
2025-09-04,KRW-AERO,bull_quiet,3,0.09223833313025466,0.12999512670565302,0.7095522383628212,-0.0315,-0.00839223057644106,sl,0,R1_baseline
2025-09-05,KRW-IP,bull_quiet,3,0.2744883040935672,0.43774366471734893,0.6270526022822154,0.0485,0.018409502262443367,tp,0,R1_baseline
2025-09-05,KRW-QTUM,bull_quiet,3,0.2744883040935672,0.43774366471734893,0.6270526022822154,-0.0315,-0.012132780082987514,sl,0,R1_baseline
2025-09-05,KRW-WAL,bull_quiet,3,0.09223833313025466,0.21311075910807847,0.43281875357347055,0.0485,0.04513212435233155,tp,0,R1_baseline
2025-09-06,KRW-SYRUP,bull_quiet,3,0.2744883040935672,0.32776897770196173,0.8374444281397421,0.0485,-0.011457325746799417,tp,0,R1_baseline
2025-09-06,KRW-PENDLE,bull_quiet,3,0.06164717348927875,0.08395272328500061,0.7343082043926135,-0.02866981132075469,-0.02866981132075469,eod,0,R1_baseline
2025-09-06,KRW-ENA,bull_quiet,3,0.2744883040935672,0.43774366471734893,0.6270526022822154,0.0072890625,0.0072890625,eod,0,R1_baseline
2025-09-07,KRW-API3,bull_quiet,3,0.2744883040935672,0.32776897770196173,0.8374444281397421,-0.0315,-0.04238471849865949,sl,0,R1_baseline
2025-09-07,KRW-AERO,bull_quiet,3,0.09223833313025466,0.12999512670565302,0.7095522383628212,-0.014584112149532756,-0.014584112149532756,eod,0,R1_baseline
2025-09-07,KRW-WLFI,bull_quiet,3,0.2744883040935672,0.43774366471734893,0.6270526022822154,0.0485,0.03480363036303641,tp,0,R1_baseline
2025-09-08,KRW-IP,bull_quiet,3,0.2744883040935672,0.32776897770196173,0.8374444281397421,-0.0315,-0.02914227642276418,sl,0,R1_baseline
2025-09-08,KRW-PUNDIX,bull_quiet,3,0.04276836846594371,0.055190058479532164,0.7749288484955098,0.012105442176870764,0.012105442176870764,eod,0,R1_baseline
2025-09-08,KRW-TREE,bull_quiet,3,0.2744883040935672,0.43774366471734893,0.6270526022822154,-0.0315,-0.04091908713692943,sl,0,R1_baseline
2025-09-09,KRW-BLAST,bull_quiet,3,0.021442495126705652,0.018518518518518517,1.1578947368421053,0.00438235294117645,0.00438235294117645,eod,0,R1_baseline
2025-09-09,KRW-ERA,bull_quiet,3,0.021442495126705652,0.018518518518518517,1.1578947368421053,-0.0015,-0.0015,eod,0,R1_baseline
2025-09-09,KRW-TRX,bull_quiet,3,0.021442495126705652,0.018518518518518517,1.1578947368421053,0.01148701298701288,0.01148701298701288,eod,0,R1_baseline
2025-09-15,KRW-TREE,bull_quiet,4,0.26336758230236945,0.3244206773618538,0.8118088663276334,-0.0315,-0.0911130346232179,sl,0,R1_baseline
2025-09-15,KRW-ARKM,bull_quiet,4,0.13514363598238624,0.2179930795847751,0.6199446158557083,-0.0315,-0.04928156996587035,sl,0,R1_baseline
2025-09-15,KRW-PUMP,bull_quiet,4,0.26336758230236945,0.4374082616900818,0.6021093000958773,-0.0315,0.07958108108108114,sl,0,R1_baseline
2025-09-16,KRW-IP,bull_quiet,4,0.26336758230236945,0.3244206773618538,0.8118088663276334,-0.0315,0.039698501872659275,sl,0,R1_baseline
2025-09-16,KRW-WLD,bull_quiet,4,0.26336758230236945,0.3244206773618538,0.8118088663276334,0.0485,-0.005293266951161666,tp,0,R1_baseline
2025-09-16,KRW-AERO,bull_quiet,4,0.26336758230236945,0.4374082616900818,0.6021093000958773,-0.0315,-0.045098233995584935,sl,0,R1_baseline
2025-09-17,KRW-DRIFT,bull_quiet,4,0.26336758230236945,0.3244206773618538,0.8118088663276334,-0.0315,0.21698739495798308,sl,1,R1_baseline
2025-09-17,KRW-MNT,bull_quiet,4,0.26336758230236945,0.3244206773618538,0.8118088663276334,-0.0315,-0.02998885218827413,sl,0,R1_baseline
2025-09-17,KRW-OPEN,bull_quiet,4,0.26336758230236945,0.3244206773618538,0.8118088663276334,-0.0315,-0.014745033112582738,sl,0,R1_baseline
2025-09-18,KRW-JTO,bull_quiet,4,0.26336758230236945,0.2707066470958272,0.9728892331525949,-0.0315,-0.02645606326889277,sl,0,R1_baseline
2025-09-18,KRW-AERO,bull_quiet,4,0.26336758230236945,0.2707066470958272,0.9728892331525949,-0.014410166756320618,-0.014410166756320618,eod,0,R1_baseline
2025-09-18,KRW-OPEN,bull_quiet,4,0.26336758230236945,0.2707066470958272,0.9728892331525949,0.011945378151260457,0.011945378151260457,eod,0,R1_baseline
2025-09-19,KRW-API3,bull_quiet,4,0.023275319773537428,0.020549381421681695,1.1326530612244896,-0.0315,-0.033150339110776195,sl,0,R1_baseline
2025-09-19,KRW-MNT,bull_quiet,4,0.26336758230236945,0.2707066470958272,0.9728892331525949,-0.0315,-0.05845687550854356,sl,0,R1_baseline
2025-09-19,KRW-AVAX,bull_quiet,4,0.26336758230236945,0.3244206773618538,0.8118088663276334,-0.0315,-0.03220624360286589,sl,0,R1_baseline
2025-09-20,KRW-BEAM,bull_quiet,4,0.26336758230236945,0.4374082616900818,0.6021093000958773,-0.0315,-0.018891304347825988,sl,0,R1_baseline
2025-09-20,KRW-ATH,bull_quiet,4,0.26336758230236945,0.4374082616900818,0.6021093000958773,-0.013020737327188945,-0.013020737327188945,eod,0,R1_baseline
2025-09-20,KRW-AWE,bull_quiet,4,0.26336758230236945,0.4374082616900818,0.6021093000958773,0.0485,0.06516666666666665,tp,0,R1_baseline
2025-09-21,KRW-SIGN,bull_quiet,4,0.26336758230236945,0.3244206773618538,0.8118088663276334,-0.0315,-0.009903361344537785,sl,0,R1_baseline
2025-09-21,KRW-ATH,bull_quiet,4,0.26336758230236945,0.3244206773618538,0.8118088663276334,-0.0315,-0.03996153846153844,sl,0,R1_baseline
2025-09-21,KRW-IMX,bull_quiet,4,0.26336758230236945,0.3244206773618538,0.8118088663276334,-0.0315,-0.04401550044286978,sl,0,R1_baseline
2025-09-22,KRW-HOLO,bull_quiet,4,0.26336758230236945,0.4374082616900818,0.6021093000958773,-0.0315,-0.17131132075471694,sl,0,R1_baseline
2025-09-22,KRW-AWE,bull_quiet,4,0.26336758230236945,0.4374082616900818,0.6021093000958773,-0.0315,-0.019043859649122863,sl,0,R1_baseline
2025-09-22,KRW-DRIFT,bull_quiet,4,0.26336758230236945,0.4374082616900818,0.6021093000958773,0.0485,-0.06032352941176472,tp,0,R1_baseline
2025-09-23,KRW-AVAX,bull_quiet,4,0.26336758230236945,0.3244206773618538,0.8118088663276334,-0.0315,-0.012659330440173587,sl,0,R1_baseline
2025-09-23,KRW-WLD,bull_quiet,4,0.26336758230236945,0.3244206773618538,0.8118088663276334,-0.0315,-0.0643456510809452,sl,0,R1_baseline
2025-09-23,KRW-CRO,bull_quiet,4,0.13514363598238624,0.2179930795847751,0.6199446158557083,-0.0315,-0.04412295081967216,sl,0,R1_baseline
2025-09-24,KRW-DRIFT,bull_quiet,4,0.26336758230236945,0.3244206773618538,0.8118088663276334,-0.0315,0.12033235867446385,sl,0,R1_baseline
2025-09-24,KRW-MOCA,bull_quiet,4,0.13514363598238624,0.2179930795847751,0.6199446158557083,-0.0315,0.01973356926188058,sl,0,R1_baseline
2025-09-24,KRW-GAME2,bull_quiet,4,0.26336758230236945,0.4374082616900818,0.6021093000958773,-0.0315,-0.044486425339366364,sl,0,R1_baseline
2025-09-25,KRW-W,bull_quiet,4,0.26336758230236945,0.3244206773618538,0.8118088663276334,-0.0315,-0.014745033112582738,sl,0,R1_baseline
2025-09-25,KRW-BERA,bull_quiet,4,0.26336758230236945,0.3244206773618538,0.8118088663276334,-0.0315,-0.08837806135601961,sl,0,R1_baseline
2025-09-25,KRW-HYPER,bull_quiet,4,0.26336758230236945,0.3244206773618538,0.8118088663276334,-0.0315,-0.10173866348448685,sl,0,R1_baseline
2025-09-26,KRW-GAME2,bull_quiet,4,0.09311104120792701,0.2179930795847751,0.4271284271284271,-0.0315,-0.031873831775700856,sl,0,R1_baseline
2025-09-26,KRW-ATH,bull_quiet,4,0.26336758230236945,0.6633466135458167,0.39702860755492336,-0.0315,0.05485491606714615,sl,0,R1_baseline
2025-09-26,KRW-AVNT,bull_quiet,4,0.26336758230236945,0.6633466135458167,0.39702860755492336,-0.0315,0.02924924209614549,sl,0,R1_baseline
2025-09-27,KRW-BERA,bull_quiet,4,0.26336758230236945,0.2707066470958272,0.9728892331525949,-0.0001979166666667407,-0.0001979166666667407,eod,0,R1_baseline
2025-09-27,KRW-PUMP,bull_quiet,4,0.26336758230236945,0.3244206773618538,0.8118088663276334,-0.0315,-0.022552631578947324,sl,0,R1_baseline
2025-09-27,KRW-MNT,bull_quiet,4,0.26336758230236945,0.3244206773618538,0.8118088663276334,-0.028772727272727228,-0.028772727272727228,eod,0,R1_baseline
2025-09-28,KRW-LA,bull_quiet,4,0.26336758230236945,0.4374082616900818,0.6021093000958773,-0.0315,-0.010951795841209809,sl,0,R1_baseline
2025-09-28,KRW-IMX,bull_quiet,4,0.26336758230236945,0.4374082616900818,0.6021093000958773,-0.0315,-0.002377192982456143,sl,0,R1_baseline
2025-09-28,KRW-OPEN,bull_quiet,4,0.26336758230236945,0.4374082616900818,0.6021093000958773,-0.0315,-0.009037688442211032,sl,0,R1_baseline
2025-09-29,KRW-COW,bull_quiet,4,0.26336758230236945,0.2707066470958272,0.9728892331525949,0.0485,0.09588717339667469,tp,1,R1_baseline
2025-09-29,KRW-OPEN,bull_quiet,4,0.26336758230236945,0.2707066470958272,0.9728892331525949,-0.0315,-0.1569993678887484,sl,0,R1_baseline
2025-09-29,KRW-BERA,bull_quiet,4,0.26336758230236945,0.3244206773618538,0.8118088663276334,-0.0315,-0.03541898487066858,sl,0,R1_baseline
2025-09-30,KRW-PUMP,bull_quiet,4,0.26336758230236945,0.3244206773618538,0.8118088663276334,-0.0315,0.033865853658536615,sl,0,R1_baseline
2025-09-30,KRW-SUN,bull_quiet,4,0.26336758230236945,0.3244206773618538,0.8118088663276334,-0.0015,-0.0015,eod,0,R1_baseline
2025-09-30,KRW-MOCA,bull_quiet,4,0.13514363598238624,0.2179930795847751,0.6199446158557083,-0.0315,-0.02001851851851849,sl,0,R1_baseline
2025-10-01,KRW-PUMP,bull_quiet,4,0.26336758230236945,0.3244206773618538,0.8118088663276334,0.0485,0.17026470588235304,tp,0,R1_baseline
2025-10-01,KRW-STRAX,bull_quiet,4,0.014050540002097095,0.020549381421681695,0.6837451558163372,0.031833333333333214,0.031833333333333214,eod,0,R1_baseline
2025-10-01,KRW-BARD,bull_quiet,4,0.26336758230236945,0.4374082616900818,0.6021093000958773,-0.0315,-0.003772727272727315,sl,1,R1_baseline
2025-10-02,KRW-BIGTIME,bull_quiet,4,0.023275319773537428,0.020549381421681695,1.1326530612244896,0.011338801711840376,0.011338801711840376,eod,0,R1_baseline
2025-10-02,KRW-MOODENG,bull_quiet,4,0.09311104120792701,0.10401593792597252,0.8951612903225806,0.0485,0.048958715596330304,tp,0,R1_baseline
2025-10-02,KRW-MNT,bull_quiet,4,0.26336758230236945,0.3244206773618538,0.8118088663276334,0.0485,0.036676426982950316,tp,0,R1_baseline
2025-10-03,KRW-LA,bull_quiet,4,0.26336758230236945,0.2179930795847751,1.2081465283394408,0.0485,0.06375911708253362,tp,0,R1_baseline
2025-10-03,KRW-ATOM,bull_quiet,4,0.023275319773537428,0.020549381421681695,1.1326530612244896,-0.008864975450081856,-0.008864975450081856,eod,0,R1_baseline
2025-10-03,KRW-LAYER,bull_quiet,4,0.023275319773537428,0.020549381421681695,1.1326530612244896,-0.0031420361247947435,-0.0031420361247947435,eod,0,R1_baseline
2025-10-04,KRW-ASTR,bull_quiet,4,0.26336758230236945,0.2179930795847751,1.2081465283394408,-0.0315,-0.036587719298245724,sl,0,R1_baseline
2025-10-04,KRW-LAYER,bull_quiet,4,0.023275319773537428,0.020549381421681695,1.1326530612244896,-0.0315,-0.029552805280528005,sl,0,R1_baseline
2025-10-04,KRW-BERA,bull_quiet,4,0.26336758230236945,0.2707066470958272,0.9728892331525949,-0.0315,-0.05858294501397948,sl,0,R1_baseline
2025-10-05,KRW-BLUR,bull_quiet,4,0.014050540002097095,0.020549381421681695,0.6837451558163372,-0.0107592592592593,-0.0107592592592593,eod,0,R1_baseline
2025-10-05,KRW-SNT,bull_quiet,4,0.014050540002097095,0.020549381421681695,0.6837451558163372,0.010922360248447229,0.010922360248447229,eod,0,R1_baseline
2025-10-05,KRW-HOLO,bull_quiet,4,0.26336758230236945,0.4374082616900818,0.6021093000958773,0.03708520900321549,0.03708520900321549,eod,0,R1_baseline
2025-10-06,KRW-ZETA,bull_quiet,4,0.023275319773537428,0.020549381421681695,1.1326530612244896,0.0485,0.09726543209876543,tp,0,R1_baseline
2025-10-06,KRW-APT,bull_quiet,4,0.26336758230236945,0.2707066470958272,0.9728892331525949,-0.0315,-0.0416785714285714,sl,0,R1_baseline
2025-10-06,KRW-MANTRA,bull_quiet,4,0.09311104120792701,0.10401593792597252,0.8951612903225806,0.04358196721311486,0.04358196721311486,eod,0,R1_baseline
2025-10-07,KRW-ME,bull_quiet,4,0.04445842508126245,0.020549381421681695,2.163492134821843,-0.0315,-0.03996153846153844,sl,0,R1_baseline
2025-10-07,KRW-BIGTIME,bull_quiet,4,0.023275319773537428,0.020549381421681695,1.1326530612244896,-0.0315,-0.04503932584269671,sl,0,R1_baseline
2025-10-07,KRW-VANA,bull_quiet,4,0.06521283287901028,0.05871251834766198,1.1107142857142858,-0.0315,-0.03764457831325302,sl,0,R1_baseline
2025-10-08,KRW-BEAM,bull_quiet,4,0.26336758230236945,0.3244206773618538,0.8118088663276334,0.0485,0.013651515151515138,tp,0,R1_baseline
2025-10-08,KRW-FLUID,bull_quiet,4,0.26336758230236945,0.4374082616900818,0.6021093000958773,-0.0315,0.011609596224436304,sl,0,R1_baseline
2025-10-08,KRW-PUMP,bull_quiet,4,0.26336758230236945,0.4374082616900818,0.6021093000958773,-0.0315,-0.04768689581095592,sl,0,R1_baseline
2025-10-09,KRW-FF,bull_quiet,4,0.26336758230236945,0.3244206773618538,0.8118088663276334,-0.0315,-0.1078829787234043,sl,0,R1_baseline
2025-10-09,KRW-FLUID,bull_quiet,4,0.13514363598238624,0.18106521283287902,0.7463810075275042,-0.0315,-0.0677525879917184,sl,0,R1_baseline
2025-10-09,KRW-BAT,bull_quiet,4,0.09311104120792701,0.13440972950304048,0.6927403362255912,0.0485,0.15446330275229353,tp,1,R1_baseline
2025-10-10,KRW-ATH,bull_quiet,4,0.26336758230236945,0.2707066470958272,0.9728892331525949,-0.0315,-0.14526590330788797,sl,0,R1_baseline
2025-10-10,KRW-CELO,bull_quiet,4,0.26336758230236945,0.4374082616900818,0.6021093000958773,0.0485,-0.23959523809523814,tp,0,R1_baseline
2025-10-10,KRW-SOMI,bull_quiet,4,0.26336758230236945,0.4374082616900818,0.6021093000958773,0.0485,-0.24038888888888893,tp,0,R1_baseline
2025-10-11,KRW-ME,bull_quiet,4,0.26336758230236945,0.4374082616900818,0.6021093000958773,0.0485,0.017397637795275644,tp,0,R1_baseline
2025-10-11,KRW-TIA,bull_quiet,4,0.26336758230236945,0.4374082616900818,0.6021093000958773,-0.0315,0.0069985835694051386,sl,0,R1_baseline
2025-10-11,KRW-TREE,bull_quiet,4,0.26336758230236945,0.4374082616900818,0.6021093000958773,0.0485,0.06489004149377592,tp,0,R1_baseline
2025-10-12,KRW-WCT,bull_quiet,4,0.26336758230236945,0.3244206773618538,0.8118088663276334,0.0485,0.12561864406779671,tp,0,R1_baseline
2025-10-12,KRW-HOLO,bull_quiet,4,0.26336758230236945,0.4374082616900818,0.6021093000958773,0.0485,0.08850000000000008,tp,0,R1_baseline
2025-10-12,KRW-ID,bull_quiet,4,0.26336758230236945,0.4374082616900818,0.6021093000958773,0.0485,0.08996341463414642,tp,0,R1_baseline
2025-10-13,KRW-BAT,bull_quiet,4,0.26336758230236945,0.4374082616900818,0.6021093000958773,-0.0315,0.20227358490566033,sl,1,R1_baseline
2025-10-13,KRW-BEAM,bull_quiet,4,0.13514363598238624,0.2707066470958272,0.4992254066615027,0.04144478527607359,0.04144478527607359,eod,0,R1_baseline
2025-10-13,KRW-WAL,bull_quiet,4,0.13514363598238624,0.2707066470958272,0.4992254066615027,-0.0315,0.012161202185792254,sl,0,R1_baseline
2025-10-14,KRW-SAHARA,bull_quiet,4,0.13514363598238624,0.13440972950304048,1.0054602184087362,-0.0315,-0.01737301587301593,sl,0,R1_baseline
2025-10-14,KRW-LA,bull_quiet,4,0.26336758230236945,0.3244206773618538,0.8118088663276334,-0.0315,0.06346062992125995,sl,0,R1_baseline
2025-10-14,KRW-IN,bull_quiet,4,0.26336758230236945,0.3244206773618538,0.8118088663276334,-0.0315,-0.07267437722419928,sl,0,R1_baseline
2025-10-15,KRW-JST,bull_quiet,4,0.03396938561543301,0.020549381421681695,1.653061224489796,-0.003532520325203291,-0.003532520325203291,eod,0,R1_baseline
2025-10-15,KRW-WAL,bull_quiet,4,0.13514363598238624,0.2179930795847751,0.6199446158557083,0.0485,-0.0015,tp,0,R1_baseline
2025-10-15,KRW-DRIFT,bull_quiet,4,0.26336758230236945,0.4374082616900818,0.6021093000958773,-0.0315,-0.056494388327721634,sl,0,R1_baseline
2025-10-16,KRW-WCT,bull_quiet,4,0.26336758230236945,0.3244206773618538,0.8118088663276334,-0.0315,-0.03693307086614178,sl,0,R1_baseline
2025-10-16,KRW-0G,bull_quiet,4,0.26336758230236945,0.4374082616900818,0.6021093000958773,-0.0315,-0.039181159420289824,sl,0,R1_baseline
2025-10-16,KRW-CARV,bull_quiet,4,0.26336758230236945,0.4374082616900818,0.6021093000958773,-0.0315,-0.06719343065693434,sl,0,R1_baseline
2025-10-17,KRW-FIL,bull_quiet,4,0.26336758230236945,0.2707066470958272,0.9728892331525949,-0.0315,-0.017248031496062965,sl,0,R1_baseline
2025-10-17,KRW-PENGU,bull_quiet,4,0.26336758230236945,0.3244206773618538,0.8118088663276334,-0.0315,-0.03710830860534137,sl,0,R1_baseline
2025-10-17,KRW-DOOD,bull_quiet,4,0.26336758230236945,0.4374082616900818,0.6021093000958773,0.0485,0.036961538461538546,tp,1,R1_baseline
2025-10-18,KRW-FIL,bull_quiet,4,0.26336758230236945,0.18106521283287902,1.4545454545454544,0.010478704525288375,0.010478704525288375,eod,0,R1_baseline
2025-10-18,KRW-JTO,bull_quiet,4,0.26336758230236945,0.2707066470958272,0.9728892331525949,-0.0315,-0.0628884107860011,sl,0,R1_baseline
2025-10-18,KRW-COMP,bull_quiet,4,0.26336758230236945,0.3244206773618538,0.8118088663276334,0.0485,0.07257407407407418,tp,0,R1_baseline
2025-10-19,KRW-AXL,bull_quiet,4,0.26336758230236945,0.3244206773618538,0.8118088663276334,-0.0315,-0.0015,sl,0,R1_baseline
2025-10-19,KRW-PROVE,bull_quiet,4,0.26336758230236945,0.3244206773618538,0.8118088663276334,0.0485,-0.012872867587327362,tp,0,R1_baseline
2025-10-19,KRW-SUPER,bull_quiet,4,0.13514363598238624,0.18106521283287902,0.7463810075275042,0.0485,0.030594594594594515,tp,0,R1_baseline
2025-10-20,KRW-KAVA,bull_quiet,4,0.26336758230236945,0.18106521283287902,1.4545454545454544,-0.0145434782608696,-0.0145434782608696,eod,0,R1_baseline
2025-10-20,KRW-OPEN,bull_quiet,4,0.26336758230236945,0.3244206773618538,0.8118088663276334,0.0485,0.07719481765834929,tp,0,R1_baseline
2025-10-20,KRW-BAT,bull_quiet,4,0.26336758230236945,0.3244206773618538,0.8118088663276334,-0.0315,-0.05835618729096986,sl,0,R1_baseline
2025-10-21,KRW-BARD,bull_quiet,4,0.13514363598238624,0.13440972950304048,1.0054602184087362,-0.0315,-0.028112077789150425,sl,0,R1_baseline
2025-10-21,KRW-JTO,bull_quiet,4,0.13514363598238624,0.13440972950304048,1.0054602184087362,-0.0315,-0.057153192735793834,sl,0,R1_baseline
2025-10-21,KRW-0G,bull_quiet,4,0.26336758230236945,0.2707066470958272,0.9728892331525949,0.0485,-0.021740137221269273,tp,0,R1_baseline
2025-10-22,KRW-2Z,bull_quiet,4,0.26336758230236945,0.3244206773618538,0.8118088663276334,-0.0315,-0.10946915167095111,sl,0,R1_baseline
2025-10-22,KRW-WAL,bull_quiet,4,0.26336758230236945,0.3244206773618538,0.8118088663276334,-0.0315,-0.02951120448179273,sl,0,R1_baseline
2025-10-22,KRW-WCT,bull_quiet,4,0.13514363598238624,0.2179930795847751,0.6199446158557083,-0.0315,-0.025404382470119502,sl,0,R1_baseline
2025-10-23,KRW-LINEA,bull_quiet,4,0.26336758230236945,0.3244206773618538,0.8118088663276334,0.015816017316017172,0.015816017316017172,eod,0,R1_baseline
2025-10-23,KRW-WAL,bull_quiet,4,0.13514363598238624,0.2179930795847751,0.6199446158557083,0.0485,0.08783717579250722,tp,0,R1_baseline
2025-10-23,KRW-ZKC,bull_quiet,4,0.26336758230236945,0.4374082616900818,0.6021093000958773,0.0485,0.11651242236024834,tp,0,R1_baseline
2025-10-24,KRW-MIRA,bull_volatile,4,0.26336758230236945,0.18106521283287902,1.4545454545454544,0.0485,0.05606929637526653,tp,0,R1_baseline
2025-10-24,KRW-RED,bull_volatile,4,0.26336758230236945,0.18106521283287902,1.4545454545454544,-0.01308301158301156,-0.01308301158301156,eod,0,R1_baseline
2025-10-24,KRW-PUMP,bull_volatile,4,0.26336758230236945,0.2707066470958272,0.9728892331525949,0.0485,0.080524432809773,tp,0,R1_baseline
2025-10-25,KRW-NEWT,bull_volatile,4,0.13514363598238624,0.13440972950304048,1.0054602184087362,0.0485,0.05113157894736836,tp,0,R1_baseline
2025-10-25,KRW-FLOCK,bull_volatile,4,0.26336758230236945,0.2707066470958272,0.9728892331525949,0.0485,0.06826744186046502,tp,0,R1_baseline
2025-10-25,KRW-MIRA,bull_volatile,4,0.26336758230236945,0.2707066470958272,0.9728892331525949,0.0485,0.063016129032258,tp,0,R1_baseline
2025-10-26,KRW-FLOCK,bull_quiet,4,0.26336758230236945,0.3244206773618538,0.8118088663276334,0.0485,0.004711180124223504,tp,0,R1_baseline
2025-10-26,KRW-AERO,bull_quiet,4,0.26336758230236945,0.3244206773618538,0.8118088663276334,0.02784702861335281,0.02784702861335281,eod,0,R1_baseline
2025-10-26,KRW-ZBT,bull_quiet,4,0.26336758230236945,0.3244206773618538,0.8118088663276334,-0.0315,0.00832800982800991,sl,0,R1_baseline
2025-10-27,KRW-LSK,bull_volatile,4,0.09311104120792701,0.05871251834766198,1.5858805554307285,-0.022841463414634167,-0.022841463414634167,eod,0,R1_baseline
2025-10-27,KRW-CARV,bull_volatile,4,0.26336758230236945,0.2179930795847751,1.2081465283394408,-0.0315,-0.04567670682730923,sl,0,R1_baseline
2025-10-27,KRW-SUPER,bull_volatile,4,0.13514363598238624,0.13440972950304048,1.0054602184087362,0.0485,-0.034233224222585956,tp,0,R1_baseline
2025-10-28,KRW-SONIC,bull_volatile,4,0.26336758230236945,0.3244206773618538,0.8118088663276334,-0.0315,-0.03977751196172247,sl,0,R1_baseline
2025-10-28,KRW-CELO,bull_volatile,4,0.09311104120792701,0.13440972950304048,0.6927403362255912,-0.0315,-0.01737301587301593,sl,0,R1_baseline
2025-10-28,KRW-BIO,bull_volatile,4,0.13514363598238624,0.2179930795847751,0.6199446158557083,-0.0315,-0.07396376811594202,sl,0,R1_baseline
2025-10-29,KRW-EGLD,bull_quiet,4,0.06521283287901028,0.05871251834766198,1.1107142857142858,0.011842696629213391,0.011842696629213391,eod,0,R1_baseline
2025-10-29,KRW-AERO,bull_quiet,4,0.26336758230236945,0.3244206773618538,0.8118088663276334,-0.0315,0.0026124057573680428,sl,0,R1_baseline
2025-10-29,KRW-TREE,bull_quiet,4,0.13514363598238624,0.2179930795847751,0.6199446158557083,0.0485,0.002231343283582156,tp,1,R1_baseline
2025-10-30,KRW-WLFI,bull_volatile,4,0.26336758230236945,0.3244206773618538,0.8118088663276334,-0.0315,-0.047582949308755784,sl,0,R1_baseline
2025-10-30,KRW-ZKC,bull_volatile,4,0.26336758230236945,0.3244206773618538,0.8118088663276334,-0.0315,-0.06954733727810652,sl,0,R1_baseline
2025-10-30,KRW-FF,bull_volatile,4,0.26336758230236945,0.4374082616900818,0.6021093000958773,-0.0315,-0.18652202643171806,sl,0,R1_baseline
2025-10-31,KRW-ORDER,bull_volatile,4,0.26336758230236945,0.2707066470958272,0.9728892331525949,-0.0315,0.004711180124223504,sl,0,R1_baseline
2025-10-31,KRW-PROVE,bull_volatile,4,0.26336758230236945,0.2707066470958272,0.9728892331525949,-0.0315,-0.038214975845410615,sl,0,R1_baseline
2025-10-31,KRW-CPOOL,bull_volatile,4,0.26336758230236945,0.2707066470958272,0.9728892331525949,-0.0315,-0.03819724770642202,sl,0,R1_baseline
2025-11-01,KRW-SOMI,bull_quiet,4,0.26336758230236945,0.18106521283287902,1.4545454545454544,-0.0315,-0.01140099009900991,sl,0,R1_baseline
2025-11-01,KRW-ORDER,bull_quiet,4,0.26336758230236945,0.18106521283287902,1.4545454545454544,-0.007691950464396245,-0.007691950464396245,eod,0,R1_baseline
2025-11-01,KRW-BIO,bull_quiet,4,0.26336758230236945,0.2179930795847751,1.2081465283394408,0.006436507936507909,0.006436507936507909,eod,0,R1_baseline
2025-11-02,KRW-ZORA,bull_quiet,4,0.26336758230236945,0.2179930795847751,1.2081465283394408,-0.0315,-0.05810377358490565,sl,0,R1_baseline
2025-11-02,KRW-CPOOL,bull_quiet,4,0.26336758230236945,0.2179930795847751,1.2081465283394408,-0.0315,-0.08565841584158412,sl,0,R1_baseline
2025-11-02,KRW-FIL,bull_quiet,4,0.26336758230236945,0.3244206773618538,0.8118088663276334,0.0485,-0.005926559356136783,tp,0,R1_baseline
2025-11-03,KRW-AXL,bull_quiet,4,0.26336758230236945,0.2707066470958272,0.9728892331525949,-0.0315,-0.12417657992565051,sl,0,R1_baseline
2025-11-03,KRW-T,bull_quiet,4,0.26336758230236945,0.3244206773618538,0.8118088663276334,0.0485,-0.1203118811881187,tp,0,R1_baseline
2025-11-03,KRW-MOCA,bull_quiet,4,0.26336758230236945,0.3244206773618538,0.8118088663276334,-0.0315,-0.12342393736017904,sl,0,R1_baseline
2025-11-04,KRW-IP,bull_quiet,4,0.26336758230236945,0.3244206773618538,0.8118088663276334,-0.0315,-0.06704621848739495,sl,0,R1_baseline
2025-11-04,KRW-2Z,bull_quiet,4,0.26336758230236945,0.3244206773618538,0.8118088663276334,-0.0315,0.006903361344537786,sl,0,R1_baseline
2025-11-04,KRW-CARV,bull_quiet,4,0.26336758230236945,0.4374082616900818,0.6021093000958773,0.0485,0.10336891385767794,tp,0,R1_baseline
2025-11-05,KRW-ORDER,bear_volatile,4,0.26336758230236945,0.2179930795847751,1.2081465283394408,-0.0315,0.05091935483870974,sl,0,R1_baseline
2025-11-05,KRW-GLM,bear_volatile,4,0.26336758230236945,0.2707066470958272,0.9728892331525949,-0.0315,0.013425373134328402,sl,0,R1_baseline
2025-11-05,KRW-MEW,bear_volatile,4,0.26336758230236945,0.2707066470958272,0.9728892331525949,-0.0315,0.03090740740740744,sl,0,R1_baseline
2025-11-06,KRW-LPT,bull_volatile,4,0.26336758230236945,0.2707066470958272,0.9728892331525949,0.0485,0.03787007874015741,tp,0,R1_baseline
2025-11-06,KRW-KERNEL,bull_volatile,4,0.26336758230236945,0.2707066470958272,0.9728892331525949,-0.0315,-0.0588248407643312,sl,0,R1_baseline
2025-11-06,KRW-RVN,bull_volatile,4,0.26336758230236945,0.3244206773618538,0.8118088663276334,-0.0315,0.05113157894736836,sl,0,R1_baseline
2025-11-07,KRW-TFUEL,bear_volatile,4,0.26336758230236945,0.18106521283287902,1.4545454545454544,0.0485,0.15405555555555545,tp,0,R1_baseline
2025-11-07,KRW-GLM,bear_volatile,4,0.26336758230236945,0.3244206773618538,0.8118088663276334,-0.0315,0.09096575342465757,sl,0,R1_baseline
2025-11-07,KRW-LPT,bear_volatile,4,0.26336758230236945,0.3244206773618538,0.8118088663276334,-0.0315,0.05962161310649022,sl,0,R1_baseline
2025-11-08,KRW-SAHARA,bear_volatile,4,0.03396938561543301,0.020549381421681695,1.653061224489796,-0.0315,-0.018306722689075683,sl,0,R1_baseline
2025-11-08,KRW-PROVE,bear_volatile,4,0.26336758230236945,0.18106521283287902,1.4545454545454544,0.0485,0.00751916572717032,tp,0,R1_baseline
2025-11-08,KRW-IN,bear_volatile,4,0.26336758230236945,0.2179930795847751,1.2081465283394408,-0.0315,-0.05919230769230771,sl,0,R1_baseline
2025-11-09,KRW-BARD,bear_volatile,4,0.26336758230236945,0.2707066470958272,0.9728892331525949,-0.0315,0.034675710594315234,sl,0,R1_baseline
2025-11-09,KRW-ENSO,bear_volatile,4,0.26336758230236945,0.3244206773618538,0.8118088663276334,-0.0315,-0.005781345565749217,sl,0,R1_baseline
2025-11-09,KRW-FLOCK,bear_volatile,4,0.26336758230236945,0.3244206773618538,0.8118088663276334,-0.0315,0.0018557046979866278,sl,0,R1_baseline
2025-11-10,KRW-JUP,bear_volatile,4,0.06521283287901028,0.10401593792597252,0.6269503902894366,0.030942748091602967,0.030942748091602967,eod,0,R1_baseline
2025-11-10,KRW-PENGU,bear_volatile,4,0.13514363598238624,0.2179930795847751,0.6199446158557083,0.0485,0.06457929515418509,tp,0,R1_baseline
2025-11-10,KRW-F,bear_volatile,4,0.26336758230236945,0.4374082616900818,0.6021093000958773,0.0485,0.1430086705202312,tp,1,R1_baseline
2025-11-11,KRW-ENSO,bull_volatile,4,0.26336758230236945,0.2707066470958272,0.9728892331525949,-0.0315,-0.10698025928108429,sl,0,R1_baseline
2025-11-11,KRW-RAY,bull_volatile,4,0.26336758230236945,0.3244206773618538,0.8118088663276334,0.0485,-0.08974742268041241,tp,0,R1_baseline
2025-11-11,KRW-GLM,bull_volatile,4,0.26336758230236945,0.3244206773618538,0.8118088663276334,0.0485,-0.0551723163841808,tp,0,R1_baseline
2025-11-12,KRW-KNC,bear_volatile,4,0.26336758230236945,0.2707066470958272,0.9728892331525949,-0.0315,-0.019082417582417632,sl,0,R1_baseline
2025-11-12,KRW-ONG,bear_volatile,4,0.13514363598238624,0.2179930795847751,0.6199446158557083,0.0485,0.04144478527607359,tp,0,R1_baseline
2025-11-12,KRW-AERGO,bear_volatile,4,0.13514363598238624,0.2179930795847751,0.6199446158557083,0.0485,0.026537383177569984,tp,0,R1_baseline
2025-11-13,KRW-ANIME,bear_volatile,4,0.26336758230236945,0.3244206773618538,0.8118088663276334,-0.0315,-0.06987606837606825,sl,0,R1_baseline
2025-11-13,KRW-MINA,bear_volatile,4,0.26336758230236945,0.3244206773618538,0.8118088663276334,-0.0315,-0.1215,sl,0,R1_baseline
2025-11-13,KRW-IP,bear_volatile,4,0.26336758230236945,0.3244206773618538,0.8118088663276334,0.0485,-0.04493971631205679,tp,0,R1_baseline
2025-11-14,KRW-CPOOL,bear_volatile,4,0.26336758230236945,0.4374082616900818,0.6021093000958773,-0.0315,-0.08724490889603426,sl,0,R1_baseline
2025-11-14,KRW-NEAR,bear_volatile,4,0.26336758230236945,0.4374082616900818,0.6021093000958773,-0.0315,-0.038636706135629695,sl,0,R1_baseline
2025-11-14,KRW-AERO,bear_volatile,4,0.26336758230236945,0.4374082616900818,0.6021093000958773,-0.0315,-0.11402653927813161,sl,0,R1_baseline
2025-11-15,KRW-LA,bear_volatile,4,0.26336758230236945,0.3244206773618538,0.8118088663276334,0.0485,0.170965960665658,tp,1,R1_baseline
2025-11-15,KRW-MMT,bear_volatile,4,0.26336758230236945,0.3244206773618538,0.8118088663276334,-0.0315,-0.005039823008849585,sl,0,R1_baseline
2025-11-15,KRW-KITE,bear_volatile,4,0.26336758230236945,0.4374082616900818,0.6021093000958773,-0.0315,0.06806521739130439,sl,0,R1_baseline
2025-11-16,KRW-MMT,bear_volatile,4,0.26336758230236945,0.3244206773618538,0.8118088663276334,-0.0315,-0.0974147424511545,sl,0,R1_baseline
2025-11-16,KRW-API3,bear_volatile,4,0.13514363598238624,0.2179930795847751,0.6199446158557083,-0.0315,-0.022197167755991287,sl,0,R1_baseline
2025-11-16,KRW-UNI,bear_volatile,4,0.26336758230236945,0.4374082616900818,0.6021093000958773,0.0485,-0.04016906474820142,tp,0,R1_baseline
2025-11-17,KRW-SIGN,bear_volatile,4,0.26336758230236945,0.3244206773618538,0.8118088663276334,-0.0315,-0.02502941176470591,sl,0,R1_baseline
2025-11-17,KRW-UNI,bear_volatile,4,0.26336758230236945,0.4374082616900818,0.6021093000958773,0.0485,0.0378258426966292,tp,0,R1_baseline
2025-11-17,KRW-AWE,bear_volatile,4,0.26336758230236945,0.4374082616900818,0.6021093000958773,0.0485,-0.10117497291440952,tp,0,R1_baseline
2025-11-18,KRW-ARDR,bear_volatile,4,0.26336758230236945,0.4374082616900818,0.6021093000958773,0.0485,-0.0015,tp,0,R1_baseline
2025-11-18,KRW-ERA,bear_volatile,4,0.26336758230236945,0.4374082616900818,0.6021093000958773,-0.0315,-0.043058441558441574,sl,0,R1_baseline
2025-11-18,KRW-MINA,bear_volatile,4,0.26336758230236945,0.4374082616900818,0.6021093000958773,-0.0315,-0.04844835680751175,sl,0,R1_baseline
2025-11-19,KRW-IN,bear_volatile,4,0.26336758230236945,0.18106521283287902,1.4545454545454544,-0.0315,-0.04779629629629628,sl,0,R1_baseline
2025-11-19,KRW-TRUST,bear_volatile,4,0.26336758230236945,0.3244206773618538,0.8118088663276334,-0.0315,-0.05930346820809246,sl,0,R1_baseline
2025-11-19,KRW-ERA,bear_volatile,4,0.26336758230236945,0.3244206773618538,0.8118088663276334,-0.0315,-0.03131029810298108,sl,0,R1_baseline
2025-11-20,KRW-ZORA,bear_volatile,4,0.26336758230236945,0.3244206773618538,0.8118088663276334,0.0485,0.01206350184956856,tp,0,R1_baseline
2025-11-20,KRW-NEAR,bear_volatile,4,0.26336758230236945,0.3244206773618538,0.8118088663276334,-0.0315,-0.12378184128777187,sl,0,R1_baseline
2025-11-20,KRW-CPOOL,bear_volatile,4,0.26336758230236945,0.3244206773618538,0.8118088663276334,0.0485,0.01801951951951969,tp,0,R1_baseline
2025-11-21,KRW-CPOOL,bear_volatile,4,0.26336758230236945,0.3244206773618538,0.8118088663276334,-0.0315,0.03379411764705892,sl,0,R1_baseline
2025-11-21,KRW-ALT,bear_volatile,4,0.26336758230236945,0.3244206773618538,0.8118088663276334,0.0485,-0.10319491525423735,tp,0,R1_baseline
2025-11-21,KRW-MMT,bear_volatile,4,0.26336758230236945,0.4374082616900818,0.6021093000958773,-0.0315,0.23553703703703693,sl,1,R1_baseline
2025-11-22,KRW-HOLO,bear_volatile,4,0.26336758230236945,0.2707066470958272,0.9728892331525949,0.0485,0.12988686131386867,tp,1,R1_baseline
2025-11-22,KRW-SOMI,bear_volatile,4,0.26336758230236945,0.2707066470958272,0.9728892331525949,0.0485,-0.01840821256038644,tp,0,R1_baseline
2025-11-22,KRW-SYRUP,bear_volatile,4,0.26336758230236945,0.2707066470958272,0.9728892331525949,-0.0315,-0.0015,sl,0,R1_baseline
2025-11-23,KRW-SONIC,bear_volatile,4,0.26336758230236945,0.18106521283287902,1.4545454545454544,-0.0315,-0.016205882352941126,sl,0,R1_baseline
2025-11-23,KRW-RED,bear_volatile,4,0.26336758230236945,0.2179930795847751,1.2081465283394408,-0.0015,-0.0015,eod,0,R1_baseline
2025-11-23,KRW-1INCH,bear_volatile,4,0.26336758230236945,0.2707066470958272,0.9728892331525949,0.0485,-0.008642857142857117,tp,0,R1_baseline
2025-11-24,KRW-BLAST,bear_volatile,4,0.26336758230236945,0.2179930795847751,1.2081465283394408,-0.0315,-0.014571895424836665,sl,0,R1_baseline
2025-11-24,KRW-FIL,bear_volatile,4,0.26336758230236945,0.2179930795847751,1.2081465283394408,0.005038618716796174,0.005038618716796174,eod,0,R1_baseline
2025-11-24,KRW-BTC,bear_volatile,4,0.023275319773537428,0.020549381421681695,1.1326530612244896,0.002863702480340681,0.002863702480340681,eod,0,R1_baseline
2025-11-25,KRW-DEEP,bear_volatile,4,0.26336758230236945,0.2179930795847751,1.2081465283394408,0.0485,0.09941743119266039,tp,0,R1_baseline
2025-11-25,KRW-BSV,bear_volatile,4,0.023275319773537428,0.020549381421681695,1.1326530612244896,0.002684100418409997,0.002684100418409997,eod,0,R1_baseline
2025-11-25,KRW-CELO,bear_volatile,4,0.13514363598238624,0.13440972950304048,1.0054602184087362,0.0485,0.03866064257028118,tp,0,R1_baseline
2025-11-26,KRW-ONG,bear_volatile,4,0.26336758230236945,0.13440972950304048,1.9594383775351012,-0.0315,-0.014745033112582738,sl,0,R1_baseline
2025-11-26,KRW-MVL,bear_volatile,4,0.26336758230236945,0.2707066470958272,0.9728892331525949,-0.0315,-0.0015,sl,0,R1_baseline
2025-11-26,KRW-LAYER,bear_volatile,4,0.26336758230236945,0.3244206773618538,0.8118088663276334,0.0485,0.06339675516224191,tp,0,R1_baseline
2025-11-27,KRW-LPT,bear_volatile,4,0.26336758230236945,0.13440972950304048,1.9594383775351012,0.0485,0.02841107518189162,tp,1,R1_baseline
2025-11-27,KRW-TRUMP,bear_volatile,4,0.03396938561543301,0.020549381421681695,1.653061224489796,0.0485,0.018191325172964234,tp,0,R1_baseline
2025-11-27,KRW-TOKAMAK,bear_volatile,4,0.26336758230236945,0.3244206773618538,0.8118088663276334,0.0485,-0.0015,tp,0,R1_baseline
2025-11-28,KRW-TAIKO,bear_volatile,4,0.26336758230236945,0.18106521283287902,1.4545454545454544,0.0485,0.023816455696202443,tp,0,R1_baseline
2025-11-28,KRW-HYPER,bear_volatile,4,0.13514363598238624,0.13440972950304048,1.0054602184087362,0.0485,0.10909907834101379,tp,1,R1_baseline
2025-11-28,KRW-W,bear_volatile,4,0.26336758230236945,0.2707066470958272,0.9728892331525949,0.0485,-0.021908163265306146,tp,0,R1_baseline
2025-11-29,KRW-GMT,bear_volatile,4,0.26336758230236945,0.2179930795847751,1.2081465283394408,0.0485,-0.021107843137254945,tp,0,R1_baseline
2025-11-29,KRW-XEC,bear_volatile,4,0.26336758230236945,0.2179930795847751,1.2081465283394408,-0.0315,-0.02233333333333326,sl,0,R1_baseline
2025-11-29,KRW-BLAST,bear_volatile,4,0.13514363598238624,0.13440972950304048,1.0054602184087362,0.0485,0.01810784313725483,tp,0,R1_baseline
2025-11-30,KRW-META,bear_volatile,4,0.26336758230236945,0.18106521283287902,1.4545454545454544,-0.0315,-0.064,sl,0,R1_baseline
2025-11-30,KRW-TT,bear_volatile,4,0.26336758230236945,0.2179930795847751,1.2081465283394408,-0.0315,-0.057337563451776596,sl,0,R1_baseline
2025-11-30,KRW-DKA,bear_volatile,4,0.13514363598238624,0.13440972950304048,1.0054602184087362,-0.0315,-0.028527027027026974,sl,0,R1_baseline
2025-12-01,KRW-ASTR,bear_volatile,4,0.26336758230236945,0.2179930795847751,1.2081465283394408,-0.0315,-0.07080693069306926,sl,0,R1_baseline
2025-12-01,KRW-THETA,bear_volatile,4,0.26336758230236945,0.3244206773618538,0.8118088663276334,-0.0315,-0.1537491349480969,sl,0,R1_baseline
2025-12-01,KRW-IN,bear_volatile,4,0.26336758230236945,0.3244206773618538,0.8118088663276334,-0.0315,0.020082733812949727,sl,0,R1_baseline
2025-12-02,KRW-FLOCK,bear_volatile,4,0.26336758230236945,0.3244206773618538,0.8118088663276334,-0.0315,0.01966402116402116,sl,0,R1_baseline
2025-12-02,KRW-VANA,bear_volatile,4,0.13514363598238624,0.2179930795847751,0.6199446158557083,0.011270809578107168,0.011270809578107168,eod,0,R1_baseline
2025-12-02,KRW-IOST,bear_volatile,4,0.26336758230236945,0.4374082616900818,0.6021093000958773,-0.0315,0.05597126436781613,sl,0,R1_baseline
2025-12-03,KRW-WCT,bear_volatile,4,0.26336758230236945,0.18106521283287902,1.4545454545454544,0.0485,0.06324820143884896,tp,0,R1_baseline
2025-12-03,KRW-PLUME,bear_volatile,4,0.26336758230236945,0.2179930795847751,1.2081465283394408,0.0485,0.037715686274509885,tp,0,R1_baseline
2025-12-03,KRW-AXL,bear_volatile,4,0.26336758230236945,0.2707066470958272,0.9728892331525949,0.004086592178771,0.004086592178771,eod,0,R1_baseline
2025-12-04,KRW-PLUME,bear_volatile,4,0.26336758230236945,0.2707066470958272,0.9728892331525949,0.011118296529968598,0.011118296529968598,eod,0,R1_baseline
2025-12-04,KRW-WCT,bear_volatile,4,0.26336758230236945,0.2707066470958272,0.9728892331525949,-0.0315,-0.05555405405405406,sl,0,R1_baseline
2025-12-04,KRW-SAHARA,bear_volatile,4,0.26336758230236945,0.3244206773618538,0.8118088663276334,0.0485,0.03262969283276457,tp,0,R1_baseline
2025-12-05,KRW-LAYER,bear_volatile,4,0.26336758230236945,0.3244206773618538,0.8118088663276334,-0.0315,-0.03899999999999998,sl,0,R1_baseline
2025-12-05,KRW-MMT,bear_volatile,4,0.26336758230236945,0.4374082616900818,0.6021093000958773,-0.0315,-0.07738075880758805,sl,0,R1_baseline
2025-12-05,KRW-SUPER,bear_volatile,4,0.26336758230236945,0.4374082616900818,0.6021093000958773,0.0485,-0.03291361256544506,tp,0,R1_baseline
2025-12-06,KRW-GMT,bear_volatile,4,0.26336758230236945,0.3244206773618538,0.8118088663276334,0.010357707509881355,0.010357707509881355,eod,0,R1_baseline
2025-12-06,KRW-CELO,bear_volatile,4,0.13514363598238624,0.2179930795847751,0.6199446158557083,0.0485,0.02269354838709675,tp,0,R1_baseline
2025-12-06,KRW-LSK,bear_volatile,4,0.26336758230236945,0.4374082616900818,0.6021093000958773,-0.0315,-0.019304154302670573,sl,0,R1_baseline
2025-12-07,KRW-HIVE,bear_volatile,4,0.26336758230236945,0.2179930795847751,1.2081465283394408,-0.0315,-0.03334713375796178,sl,0,R1_baseline
2025-12-07,KRW-ZIL,bear_volatile,4,0.26336758230236945,0.2179930795847751,1.2081465283394408,-0.0315,-0.055327751196172115,sl,0,R1_baseline
2025-12-07,KRW-CHZ,bear_volatile,4,0.26336758230236945,0.2707066470958272,0.9728892331525949,-0.0315,-0.03713941299790363,sl,0,R1_baseline
2025-12-08,KRW-CARV,bear_volatile,4,0.26336758230236945,0.2707066470958272,0.9728892331525949,-0.006354368932038832,-0.006354368932038832,eod,0,R1_baseline
2025-12-08,KRW-2Z,bear_volatile,4,0.26336758230236945,0.3244206773618538,0.8118088663276334,-0.0315,-0.054131578947368475,sl,0,R1_baseline
2025-12-08,KRW-SYRUP,bear_volatile,4,0.26336758230236945,0.3244206773618538,0.8118088663276334,-0.0315,-0.016351485148514866,sl,0,R1_baseline
2025-12-09,KRW-BLAST,bear_volatile,4,0.06521283287901028,0.05871251834766198,1.1107142857142858,0.0485,0.03666793893129766,tp,0,R1_baseline
2025-12-09,KRW-PEPE,bear_volatile,4,0.26336758230236945,0.2707066470958272,0.9728892331525949,-0.0315,0.033810734463276815,sl,0,R1_baseline
2025-12-09,KRW-DRIFT,bear_volatile,4,0.13514363598238624,0.18106521283287902,0.7463810075275042,-0.0315,0.0013328611898016387,sl,0,R1_baseline
2025-12-10,KRW-SOMI,bear_volatile,4,0.26336758230236945,0.2179930795847751,1.2081465283394408,-0.0315,-0.021330028328611916,sl,0,R1_baseline
2025-12-10,KRW-ID,bear_volatile,4,0.13514363598238624,0.13440972950304048,1.0054602184087362,-0.0315,-0.051500000000000046,sl,0,R1_baseline
2025-12-10,KRW-MTL,bear_volatile,4,0.13514363598238624,0.13440972950304048,1.0054602184087362,0.0485,0.03415640194489461,tp,0,R1_baseline
2025-12-11,KRW-MTL,bear_volatile,4,0.26336758230236945,0.3244206773618538,0.8118088663276334,-0.0315,-0.029669014084507006,sl,0,R1_baseline
2025-12-11,KRW-MNT,bear_volatile,4,0.13514363598238624,0.2179930795847751,0.6199446158557083,-0.0315,0.024466532025389454,sl,0,R1_baseline
2025-12-11,KRW-COW,bear_volatile,4,0.13514363598238624,0.2179930795847751,0.6199446158557083,-0.0315,-0.02460231023102305,sl,0,R1_baseline
2025-12-12,KRW-HUNT,bear_volatile,4,0.26336758230236945,0.3244206773618538,0.8118088663276334,-0.0315,-0.03331818181818186,sl,0,R1_baseline
2025-12-12,KRW-BAT,bear_volatile,4,0.26336758230236945,0.3244206773618538,0.8118088663276334,0.0485,0.005728915662650604,tp,0,R1_baseline
2025-12-12,KRW-ZORA,bear_volatile,4,0.09311104120792701,0.13440972950304048,0.6927403362255912,-0.0315,-0.05460880829015552,sl,0,R1_baseline
2025-12-13,KRW-MNT,bear_volatile,4,0.26336758230236945,0.2707066470958272,0.9728892331525949,0.0485,0.058265208110992506,tp,0,R1_baseline
2025-12-13,KRW-MMT,bear_volatile,4,0.26336758230236945,0.3244206773618538,0.8118088663276334,-0.0315,-0.023104938271604925,sl,0,R1_baseline
2025-12-13,KRW-CPOOL,bear_volatile,4,0.26336758230236945,0.4374082616900818,0.6021093000958773,-0.0315,-0.060221934369602714,sl,0,R1_baseline
2025-12-14,KRW-GAS,bear_volatile,4,0.014050540002097095,0.020549381421681695,0.6837451558163372,-0.0315,-0.03705268261150613,sl,0,R1_baseline
2025-12-14,KRW-MNT,bear_volatile,4,0.13514363598238624,0.2179930795847751,0.6199446158557083,-0.0315,-0.06242648539778445,sl,0,R1_baseline
2025-12-14,KRW-AXL,bear_volatile,4,0.26336758230236945,0.4374082616900818,0.6021093000958773,0.0485,0.03332587064676612,tp,1,R1_baseline
2025-12-15,KRW-MNT,bear_volatile,4,0.13514363598238624,0.2707066470958272,0.4992254066615027,0.0485,0.028981283422459925,tp,0,R1_baseline
2025-12-15,KRW-G,bear_volatile,4,0.06521283287901028,0.13440972950304048,0.48517940717628705,-0.0315,-0.09390506329113929,sl,0,R1_baseline
2025-12-15,KRW-HYPER,bear_volatile,4,0.13514363598238624,0.3244206773618538,0.41656911970394883,-0.0315,-0.05705555555555558,sl,0,R1_baseline
2025-12-16,KRW-AAVE,bear_volatile,4,0.13514363598238624,0.2179930795847751,0.6199446158557083,-0.0315,-0.04072249219021168,sl,0,R1_baseline
2025-12-16,KRW-BARD,bear_volatile,4,0.13514363598238624,0.2179930795847751,0.6199446158557083,0.001993449781659441,0.001993449781659441,eod,0,R1_baseline
2025-12-16,KRW-DOOD,bear_volatile,4,0.26336758230236945,0.4374082616900818,0.6021093000958773,-0.0315,0.010999999999999956,sl,0,R1_baseline
2025-12-17,KRW-RAY,bear_volatile,4,0.26336758230236945,0.2707066470958272,0.9728892331525949,-0.0315,-0.07205630936227952,sl,0,R1_baseline
2025-12-17,KRW-MON,bear_volatile,4,0.26336758230236945,0.3244206773618538,0.8118088663276334,-0.0315,-0.13234112149532723,sl,0,R1_baseline
2025-12-17,KRW-WAVES,bear_volatile,4,0.26336758230236945,0.3244206773618538,0.8118088663276334,-0.0315,-0.07072357343311503,sl,0,R1_baseline
2025-12-18,KRW-META,bear_volatile,4,0.26336758230236945,0.3244206773618538,0.8118088663276334,-0.0315,-0.051189440993788915,sl,0,R1_baseline
2025-12-18,KRW-MANTRA,bear_volatile,4,0.26336758230236945,0.4374082616900818,0.6021093000958773,-0.0315,-0.04866981132075471,sl,0,R1_baseline
2025-12-18,KRW-BARD,bear_volatile,4,0.13514363598238624,0.3244206773618538,0.41656911970394883,0.0485,0.034483263598326375,tp,1,R1_baseline
2025-12-19,KRW-WCT,bear_volatile,4,0.26336758230236945,0.3244206773618538,0.8118088663276334,-0.0315,0.04354504504504503,sl,0,R1_baseline
2025-12-19,KRW-DOOD,bear_volatile,4,0.26336758230236945,0.3244206773618538,0.8118088663276334,0.0485,0.1955260223048328,tp,1,R1_baseline
2025-12-19,KRW-SOMI,bear_volatile,4,0.26336758230236945,0.4374082616900818,0.6021093000958773,-0.0315,0.06132722513089012,sl,0,R1_baseline
2025-12-20,KRW-RED,bear_volatile,4,0.26336758230236945,0.13440972950304048,1.9594383775351012,0.0485,0.02707142857142847,tp,0,R1_baseline
2025-12-20,KRW-BERA,bear_volatile,4,0.26336758230236945,0.18106521283287902,1.4545454545454544,0.0485,0.037490825688073326,tp,0,R1_baseline
2025-12-20,KRW-ME,bear_volatile,4,0.13514363598238624,0.10401593792597252,1.299258927786308,0.0485,0.035309815950920254,tp,0,R1_baseline
2025-12-21,KRW-OPEN,bear_volatile,4,0.26336758230236945,0.18106521283287902,1.4545454545454544,-0.0315,-0.0015,sl,1,R1_baseline
2025-12-21,KRW-PENDLE,bear_volatile,4,0.26336758230236945,0.18106521283287902,1.4545454545454544,-0.0315,-0.02139528795811524,sl,0,R1_baseline
2025-12-21,KRW-ZKC,bear_volatile,4,0.26336758230236945,0.18106521283287902,1.4545454545454544,-0.0315,-0.05846202531645567,sl,0,R1_baseline
2025-12-22,KRW-POWR,bear_volatile,4,0.09311104120792701,0.10401593792597252,0.8951612903225806,0.0485,0.033282608695652194,tp,0,R1_baseline
2025-12-22,KRW-HP,bear_volatile,4,0.09311104120792701,0.10401593792597252,0.8951612903225806,-0.0315,-0.014614754098360603,sl,0,R1_baseline
2025-12-22,KRW-OPEN,bear_volatile,4,0.26336758230236945,0.3244206773618538,0.8118088663276334,-0.0315,-0.046954545454545416,sl,0,R1_baseline
2025-12-23,KRW-HIVE,bear_volatile,4,0.26336758230236945,0.2179930795847751,1.2081465283394408,-0.00854225352112675,-0.00854225352112675,eod,0,R1_baseline
2025-12-23,KRW-GRT,bear_volatile,4,0.26336758230236945,0.2179930795847751,1.2081465283394408,-0.0315,-0.035068904593639594,sl,0,R1_baseline
2025-12-23,KRW-AERGO,bear_volatile,4,0.26336758230236945,0.3244206773618538,0.8118088663276334,-0.0315,-0.011683299389002087,sl,0,R1_baseline
2025-12-24,KRW-META,bear_volatile,4,0.09311104120792701,0.13440972950304048,0.6927403362255912,-0.0315,-0.020133540372670844,sl,0,R1_baseline
2025-12-24,KRW-COW,bear_volatile,4,0.26336758230236945,0.4374082616900818,0.6021093000958773,-0.0315,-0.040422155688622785,sl,0,R1_baseline
2025-12-24,KRW-CARV,bear_volatile,4,0.26336758230236945,0.4374082616900818,0.6021093000958773,-0.0315,-0.06126095617529875,sl,0,R1_baseline
2025-12-25,KRW-SONIC,bear_volatile,4,0.13514363598238624,0.13440972950304048,1.0054602184087362,-0.0015,-0.0015,eod,0,R1_baseline
2025-12-25,KRW-ATH,bear_volatile,4,0.09311104120792701,0.10401593792597252,0.8951612903225806,0.0485,-0.03696099290780147,tp,0,R1_baseline
2025-12-25,KRW-IMX,bear_volatile,4,0.09311104120792701,0.10401593792597252,0.8951612903225806,-0.0315,-0.03896397694524495,sl,0,R1_baseline
2025-12-26,KRW-OPEN,bear_volatile,4,0.13514363598238624,0.13440972950304048,1.0054602184087362,-0.0315,-0.04497826086956519,sl,0,R1_baseline
2025-12-26,KRW-SYRUP,bear_volatile,4,0.26336758230236945,0.3244206773618538,0.8118088663276334,-0.0315,0.008662601626016344,sl,0,R1_baseline
2025-12-26,KRW-XTZ,bear_volatile,4,0.04445842508126245,0.05871251834766198,0.7572222471876452,0.0485,0.0675184049079754,tp,1,R1_baseline
2025-12-27,KRW-OP,bear_volatile,4,0.13514363598238624,0.13440972950304048,1.0054602184087362,0.03412340966921118,0.03412340966921118,eod,0,R1_baseline
2025-12-27,KRW-TOSHI,bear_volatile,4,0.26336758230236945,0.2707066470958272,0.9728892331525949,-0.0315,-0.01955869074492106,sl,0,R1_baseline
2025-12-27,KRW-API3,bear_volatile,4,0.26336758230236945,0.3244206773618538,0.8118088663276334,-0.0315,0.0058529411764705625,sl,0,R1_baseline
2025-12-28,KRW-ID,bear_volatile,4,0.26336758230236945,0.2179930795847751,1.2081465283394408,0.0485,0.01904054054054055,tp,0,R1_baseline
2025-12-28,KRW-LPT,bear_volatile,4,0.26336758230236945,0.2179930795847751,1.2081465283394408,-0.0315,-0.04385937144158508,sl,0,R1_baseline
2025-12-28,KRW-BIGTIME,bear_volatile,4,0.13514363598238624,0.13440972950304048,1.0054602184087362,0.0485,0.0018783783783782883,tp,0,R1_baseline
2025-12-29,KRW-STRAX,bear_volatile,4,0.26336758230236945,0.2707066470958272,0.9728892331525949,-0.0315,0.09265584415584432,sl,1,R1_baseline
2025-12-29,KRW-T,bear_volatile,4,0.26336758230236945,0.3244206773618538,0.8118088663276334,-0.0315,-0.05297058823529405,sl,0,R1_baseline
2025-12-29,KRW-TOSHI,bear_volatile,4,0.26336758230236945,0.3244206773618538,0.8118088663276334,-0.0315,-0.04796017699115046,sl,0,R1_baseline
2025-12-30,KRW-HIVE,bear_volatile,4,0.26336758230236945,0.2707066470958272,0.9728892331525949,-0.0315,-0.04071568627450978,sl,0,R1_baseline
2025-12-30,KRW-ONG,bear_volatile,4,0.26336758230236945,0.2707066470958272,0.9728892331525949,-0.0315,-0.05493511450381677,sl,0,R1_baseline
2025-12-30,KRW-MMT,bear_volatile,4,0.26336758230236945,0.2707066470958272,0.9728892331525949,-0.0315,-0.030318443804034534,sl,0,R1_baseline
2025-12-31,KRW-PUNDIX,bear_volatile,4,0.03396938561543301,0.020549381421681695,1.653061224489796,-0.004432551319648091,-0.004432551319648091,eod,0,R1_baseline
2025-12-31,KRW-SONIC,bear_volatile,4,0.13514363598238624,0.13440972950304048,1.0054602184087362,0.0485,0.04611904761904767,tp,0,R1_baseline
2025-12-31,KRW-ZETA,bear_volatile,4,0.13514363598238624,0.13440972950304048,1.0054602184087362,-0.0315,-0.06340476190476191,sl,0,R1_baseline
2026-01-01,KRW-BOUNTY,bear_volatile,4,0.26336758230236945,0.2707066470958272,0.9728892331525949,-0.0315,-0.01789344262295084,sl,0,R1_baseline
2026-01-01,KRW-SONIC,bear_volatile,4,0.26336758230236945,0.2707066470958272,0.9728892331525949,-0.0315,0.016848623853210898,sl,0,R1_baseline
2026-01-01,KRW-0G,bear_volatile,4,0.26336758230236945,0.3244206773618538,0.8118088663276334,-0.0315,-0.009885744234800873,sl,0,R1_baseline
2026-01-02,KRW-TIA,bear_quiet,4,0.26336758230236945,0.2179930795847751,1.2081465283394408,0.0485,0.053748618784530466,tp,0,R1_baseline
2026-01-02,KRW-TOSHI,bear_quiet,4,0.06521283287901028,0.05871251834766198,1.1107142857142858,0.0485,0.10699056603773577,tp,0,R1_baseline
2026-01-02,KRW-AERO,bear_quiet,4,0.26336758230236945,0.2707066470958272,0.9728892331525949,0.0485,0.1990856515373352,tp,1,R1_baseline
2026-01-03,KRW-WLFI,bear_quiet,4,0.04445842508126245,0.020549381421681695,2.163492134821843,-0.0315,0.11010714285714279,sl,0,R1_baseline
2026-01-03,KRW-LINK,bear_quiet,4,0.03396938561543301,0.020549381421681695,1.653061224489796,-0.0035844189682126535,-0.0035844189682126535,eod,0,R1_baseline
2026-01-03,KRW-MET2,bear_quiet,4,0.26336758230236945,0.2179930795847751,1.2081465283394408,0.008303921568627417,0.008303921568627417,eod,0,R1_baseline
2026-01-04,KRW-AUCTION,bear_quiet,4,0.023275319773537428,0.020549381421681695,1.1326530612244896,0.006985639686684144,0.006985639686684144,eod,0,R1_baseline
2026-01-04,KRW-BARD,bear_quiet,4,0.023275319773537428,0.020549381421681695,1.1326530612244896,0.002726542688081203,0.002726542688081203,eod,0,R1_baseline
2026-01-04,KRW-CRO,bear_quiet,4,0.023275319773537428,0.020549381421681695,1.1326530612244896,0.0485,0.07436206896551717,tp,0,R1_baseline
2026-01-05,KRW-QKC,bear_quiet,4,0.13514363598238624,0.10401593792597252,1.299258927786308,0.022732633279482883,0.022732633279482883,eod,0,R1_baseline
2026-01-05,KRW-ENS,bear_quiet,4,0.023275319773537428,0.020549381421681695,1.1326530612244896,0.0485,0.054239880557398756,tp,0,R1_baseline
2026-01-05,KRW-LINK,bear_quiet,4,0.023275319773537428,0.020549381421681695,1.1326530612244896,0.0485,0.03711997940267758,tp,0,R1_baseline
2026-01-06,KRW-MLK,bear_quiet,4,0.04445842508126245,0.020549381421681695,2.163492134821843,0.0485,0.09109259259259256,tp,0,R1_baseline
2026-01-06,KRW-SIGN,bear_quiet,4,0.09311104120792701,0.05871251834766198,1.5858805554307285,-0.0315,-0.013695121951219412,sl,0,R1_baseline
2026-01-06,KRW-MINA,bear_quiet,4,0.26336758230236945,0.2707066470958272,0.9728892331525949,-0.0315,-0.024056390977443665,sl,0,R1_baseline
2026-01-07,KRW-ERA,bear_quiet,4,0.06521283287901028,0.05871251834766198,1.1107142857142858,0.0485,-0.024080645161290326,tp,0,R1_baseline
2026-01-07,KRW-ONG,bear_quiet,4,0.09311104120792701,0.10401593792597252,0.8951612903225806,-0.0315,-0.0235588235294118,sl,0,R1_baseline
2026-01-07,KRW-ANIME,bear_quiet,4,0.09311104120792701,0.10401593792597252,0.8951612903225806,0.0485,0.03553703703703698,tp,0,R1_baseline
2026-01-08,KRW-ERA,bear_quiet,4,0.06521283287901028,0.05871251834766198,1.1107142857142858,0.0485,-0.01133606557377048,tp,0,R1_baseline
2026-01-08,KRW-HIVE,bear_quiet,4,0.26336758230236945,0.2707066470958272,0.9728892331525949,-0.0315,0.01736792452830188,sl,0,R1_baseline
2026-01-08,KRW-ANIME,bear_quiet,4,0.26336758230236945,0.2707066470958272,0.9728892331525949,0.0485,0.07958108108108114,tp,0,R1_baseline
2026-01-09,KRW-PUNDIX,bear_quiet,4,0.13514363598238624,0.10401593792597252,1.299258927786308,-0.01469261213720313,-0.01469261213720313,eod,0,R1_baseline
2026-01-09,KRW-AGLD,bear_quiet,4,0.26336758230236945,0.2179930795847751,1.2081465283394408,0.02355694760820054,0.02355694760820054,eod,0,R1_baseline
2026-01-09,KRW-SONIC,bear_quiet,4,0.26336758230236945,0.3244206773618538,0.8118088663276334,0.0485,-0.048744094488189005,tp,0,R1_baseline
2026-01-10,KRW-GLM,bear_quiet,4,0.26336758230236945,0.2707066470958272,0.9728892331525949,0.022140661938534312,0.022140661938534312,eod,0,R1_baseline
2026-01-10,KRW-BLAST,bear_quiet,4,0.26336758230236945,0.3244206773618538,0.8118088663276334,-0.0315,-0.03275,sl,0,R1_baseline
2026-01-10,KRW-STORJ,bear_quiet,4,0.26336758230236945,0.3244206773618538,0.8118088663276334,-0.0315,-0.03483333333333333,sl,0,R1_baseline
2026-01-11,KRW-ZETA,bear_quiet,4,0.26336758230236945,0.2179930795847751,1.2081465283394408,0.0485,-0.027586956521739092,tp,0,R1_baseline
2026-01-11,KRW-AWE,bear_quiet,4,0.023275319773537428,0.020549381421681695,1.1326530612244896,-0.0315,-0.05185128805620626,sl,0,R1_baseline
2026-01-11,KRW-DKA,bear_quiet,4,0.26336758230236945,0.2707066470958272,0.9728892331525949,-0.0315,-0.06073694779116484,sl,0,R1_baseline
2026-01-12,KRW-POKT,bear_quiet,4,0.26336758230236945,0.2179930795847751,1.2081465283394408,-0.0315,-0.07575742574257421,sl,0,R1_baseline
2026-01-12,KRW-MET2,bear_quiet,4,0.09311104120792701,0.10401593792597252,0.8951612903225806,-0.0315,-0.02740673575129532,sl,1,R1_baseline
2026-01-12,KRW-PUMP,bear_quiet,4,0.26336758230236945,0.3244206773618538,0.8118088663276334,-0.0315,0.018330028328611914,sl,0,R1_baseline
2026-01-13,KRW-GLM,bear_quiet,4,0.26336758230236945,0.2707066470958272,0.9728892331525949,0.0485,0.03892553191489362,tp,0,R1_baseline
2026-01-13,KRW-RENDER,bear_quiet,4,0.26336758230236945,0.3244206773618538,0.8118088663276334,-0.0143571428571429,-0.0143571428571429,eod,0,R1_baseline
2026-01-13,KRW-HP,bear_quiet,4,0.13514363598238624,0.2179930795847751,0.6199446158557083,-0.0315,0.010195906432748427,sl,0,R1_baseline
2026-01-14,KRW-DRIFT,bear_volatile,4,0.26336758230236945,0.2179930795847751,1.2081465283394408,0.0485,0.09808506224066399,tp,0,R1_baseline
2026-01-14,KRW-ETH,bear_volatile,4,0.023275319773537428,0.020549381421681695,1.1326530612244896,0.007943646068569179,0.007943646068569179,eod,0,R1_baseline
2026-01-14,KRW-ARK,bear_volatile,4,0.06521283287901028,0.05871251834766198,1.1107142857142858,-0.0037988505747126853,-0.0037988505747126853,eod,0,R1_baseline
2026-01-15,KRW-WAL,bear_quiet,4,0.26336758230236945,0.2707066470958272,0.9728892331525949,-0.0315,-0.053002145922746824,sl,0,R1_baseline
2026-01-15,KRW-AERO,bear_quiet,4,0.26336758230236945,0.2707066470958272,0.9728892331525949,-0.0315,-0.07124128233970756,sl,0,R1_baseline
2026-01-15,KRW-BIGTIME,bear_quiet,4,0.26336758230236945,0.2707066470958272,0.9728892331525949,-0.0315,-0.06968181818181834,sl,0,R1_baseline
2026-01-16,KRW-GMT,bear_quiet,4,0.26336758230236945,0.2707066470958272,0.9728892331525949,0.0485,0.04830842911877392,tp,0,R1_baseline
2026-01-16,KRW-LA,bear_quiet,4,0.26336758230236945,0.3244206773618538,0.8118088663276334,-0.0315,-0.007869426751592355,sl,0,R1_baseline
2026-01-16,KRW-MOCA,bear_quiet,4,0.26336758230236945,0.3244206773618538,0.8118088663276334,-0.0315,0.019395522388059805,sl,0,R1_baseline
2026-01-17,KRW-1INCH,bear_quiet,4,0.26336758230236945,0.2179930795847751,1.2081465283394408,-0.014052301255230102,-0.014052301255230102,eod,0,R1_baseline
2026-01-17,KRW-XTZ,bear_quiet,4,0.26336758230236945,0.2179930795847751,1.2081465283394408,-0.0315,-0.031040481400437636,sl,0,R1_baseline
2026-01-17,KRW-AGLD,bear_quiet,4,0.26336758230236945,0.2179930795847751,1.2081465283394408,0.0485,0.027197571743929283,tp,0,R1_baseline
2026-01-18,KRW-TT,bear_quiet,4,0.26336758230236945,0.18106521283287902,1.4545454545454544,-0.0315,-0.04937234042553179,sl,0,R1_baseline
2026-01-18,KRW-IMX,bear_quiet,4,0.26336758230236945,0.2179930795847751,1.2081465283394408,-0.0315,-0.06786155606407324,sl,0,R1_baseline
2026-01-18,KRW-BIGTIME,bear_quiet,4,0.26336758230236945,0.2707066470958272,0.9728892331525949,0.0485,-0.015123978201634856,tp,0,R1_baseline
2026-01-19,KRW-BIO,bear_quiet,4,0.26336758230236945,0.3244206773618538,0.8118088663276334,-0.0315,0.018789855072463946,sl,0,R1_baseline
2026-01-19,KRW-BLAST,bear_quiet,4,0.26336758230236945,0.3244206773618538,0.8118088663276334,-0.0315,-0.06601612903225812,sl,0,R1_baseline
2026-01-19,KRW-BLUR,bear_quiet,4,0.26336758230236945,0.3244206773618538,0.8118088663276334,-0.0315,-0.08467929759704246,sl,0,R1_baseline
2026-01-25,KRW-RED,bear_volatile,5,0.27122858721679866,0.23330570139080778,1.1625459026501315,0.0485,-0.064,tp,0,R1_baseline
2026-01-25,KRW-BOUNTY,bear_volatile,5,0.27122858721679866,0.28218824829618716,0.9611618798955612,-0.0315,-0.04237193460490468,sl,0,R1_baseline
2026-01-25,KRW-CTC,bear_volatile,5,0.27122858721679866,0.28218824829618716,0.9611618798955612,-0.0315,-0.07656053268765134,sl,0,R1_baseline
2026-01-26,KRW-ASTR,bear_volatile,5,0.27122858721679866,0.23330570139080778,1.1625459026501315,0.0485,-0.0015,tp,1,R1_baseline
2026-01-26,KRW-ZETA,bear_volatile,5,0.27122858721679866,0.28218824829618716,0.9611618798955612,0.0485,0.08940909090909083,tp,1,R1_baseline
2026-01-26,KRW-BLAST,bear_volatile,5,0.27122858721679866,0.44437281267268375,0.610362694300518,0.0485,-0.06032352941176461,tp,0,R1_baseline
2026-01-27,KRW-PROVE,bear_volatile,5,0.27122858721679866,0.23330570139080778,1.1625459026501315,-0.0315,-0.04768117229129659,sl,0,R1_baseline
2026-01-27,KRW-ZRX,bear_volatile,5,0.27122858721679866,0.28218824829618716,0.9611618798955612,-0.0315,-0.021908163265306146,sl,0,R1_baseline
2026-01-27,KRW-F,bear_volatile,5,0.27122858721679866,0.3481624758220503,0.7790287755060272,-0.0315,-0.015542126379137487,sl,0,R1_baseline
2026-01-28,KRW-PYTH,bear_volatile,5,0.27122858721679866,0.28218824829618716,0.9611618798955612,0.0485,0.03057964601769908,tp,0,R1_baseline
2026-01-28,KRW-BEAM,bear_volatile,5,0.27122858721679866,0.3481624758220503,0.7790287755060272,-0.0315,-0.07396376811594191,sl,0,R1_baseline
2026-01-28,KRW-ASTR,bear_volatile,5,0.27122858721679866,0.3481624758220503,0.7790287755060272,-0.0315,-0.0192514792899407,sl,0,R1_baseline
2026-01-29,KRW-ARKM,bear_volatile,5,0.27122858721679866,0.18649843433413152,1.4543209876543208,-0.0315,-0.12842307692307692,sl,0,R1_baseline
2026-01-29,KRW-FLOCK,bear_volatile,5,0.27122858721679866,0.3481624758220503,0.7790287755060272,-0.0315,-0.1181666666666667,sl,0,R1_baseline
2026-01-29,KRW-LINEA,bear_volatile,5,0.27122858721679866,0.3481624758220503,0.7790287755060272,-0.0315,-0.08427404921700227,sl,0,R1_baseline
2026-01-30,KRW-AUCTION,bear_volatile,5,0.27122858721679866,0.28218824829618716,0.9611618798955612,-0.0315,0.03838095238095246,sl,0,R1_baseline
2026-01-30,KRW-ZKC,bear_volatile,5,0.27122858721679866,0.3481624758220503,0.7790287755060272,-0.0315,0.07588095238095233,sl,1,R1_baseline
2026-01-30,KRW-FLUID,bear_volatile,5,0.27122858721679866,0.3481624758220503,0.7790287755060272,-0.0315,0.06432278481012649,sl,0,R1_baseline
2026-01-31,KRW-OPEN,bear_volatile,5,0.27122858721679866,0.3481624758220503,0.7790287755060272,-0.0315,-0.07262970711297073,sl,0,R1_baseline
2026-01-31,KRW-DRIFT,bear_volatile,5,0.27122858721679866,0.3481624758220503,0.7790287755060272,-0.0315,-0.1223791208791209,sl,0,R1_baseline
2026-01-31,KRW-BREV,bear_volatile,5,0.27122858721679866,0.44437281267268375,0.610362694300518,-0.0315,-0.1722317073170732,sl,0,R1_baseline
2026-02-01,KRW-JTO,bear_volatile,5,0.27122858721679866,0.3481624758220503,0.7790287755060272,-0.0315,-0.09477548806941433,sl,0,R1_baseline
2026-02-01,KRW-LAYER,bear_volatile,5,0.27122858721679866,0.3481624758220503,0.7790287755060272,-0.0315,-0.05213291139240511,sl,0,R1_baseline
2026-02-01,KRW-TOSHI,bear_volatile,5,0.27122858721679866,0.3481624758220503,0.7790287755060272,-0.0315,-0.0626620795107034,sl,0,R1_baseline
2026-02-02,KRW-SUPER,bear_volatile,5,0.27122858721679866,0.28218824829618716,0.9611618798955612,-0.0315,0.030758064516129002,sl,0,R1_baseline
2026-02-02,KRW-DRIFT,bear_volatile,5,0.27122858721679866,0.3481624758220503,0.7790287755060272,0.0485,0.017250000000000043,tp,0,R1_baseline
2026-02-02,KRW-MOVE,bear_volatile,5,0.27122858721679866,0.3481624758220503,0.7790287755060272,-0.0315,0.08892553191489366,sl,1,R1_baseline
2026-02-03,KRW-SAHARA,bear_volatile,5,0.27122858721679866,0.23330570139080778,1.1625459026501315,-0.0315,-0.04843140794223827,sl,0,R1_baseline
2026-02-03,KRW-AERO,bear_volatile,5,0.27122858721679866,0.28218824829618716,0.9611618798955612,-0.0315,-0.07983333333333337,sl,0,R1_baseline
2026-02-03,KRW-WLD,bear_volatile,5,0.27122858721679866,0.28218824829618716,0.9611618798955612,-0.0315,-0.008078947368421017,sl,0,R1_baseline
2026-02-04,KRW-COMP,bear_volatile,5,0.27122858721679866,0.18649843433413152,1.4543209876543208,-0.0315,-0.018858747447242974,sl,0,R1_baseline
2026-02-04,KRW-WAVES,bear_volatile,5,0.27122858721679866,0.3481624758220503,0.7790287755060272,0.0485,0.0066395348837209895,tp,0,R1_baseline
2026-02-04,KRW-WAL,bear_volatile,5,0.27122858721679866,0.3481624758220503,0.7790287755060272,-0.0315,-0.03048550724637683,sl,0,R1_baseline
2026-02-05,KRW-KITE,bear_volatile,5,0.27122858721679866,0.28218824829618716,0.9611618798955612,-0.0315,-0.14113963963963966,sl,0,R1_baseline
2026-02-05,KRW-MON,bear_volatile,5,0.27122858721679866,0.3481624758220503,0.7790287755060272,-0.0315,-0.13163698630136994,sl,0,R1_baseline
2026-02-05,KRW-F,bear_volatile,5,0.27122858721679866,0.3481624758220503,0.7790287755060272,-0.0315,-0.10289860139860146,sl,0,R1_baseline
2026-02-06,KRW-XRP,bear_volatile,5,0.27122858721679866,0.44437281267268375,0.610362694300518,-0.0315,0.21700613154960974,sl,1,R1_baseline
2026-02-06,KRW-BERA,bear_volatile,5,0.27122858721679866,0.6670657579664764,0.4065994753555156,-0.0315,0.40898824593128397,sl,1,R1_baseline
2026-02-06,KRW-OPEN,bear_volatile,5,0.27122858721679866,0.6670657579664764,0.4065994753555156,-0.0315,0.09804751131221728,sl,0,R1_baseline
2026-02-07,KRW-BTT,bear_volatile,5,0.27122858721679866,0.3481624758220503,0.7790287755060272,-0.0315,-0.03904940711462451,sl,0,R1_baseline
2026-02-07,KRW-G,bear_volatile,5,0.27122858721679866,0.3481624758220503,0.7790287755060272,-0.0315,-0.029472027972028025,sl,0,R1_baseline
2026-02-07,KRW-GAS,bear_volatile,5,0.27122858721679866,0.3481624758220503,0.7790287755060272,-0.0315,-0.04817176740627388,sl,0,R1_baseline
2026-02-08,KRW-F,bear_volatile,5,0.27122858721679866,0.3481624758220503,0.7790287755060272,0.0485,0.15783412604042796,tp,1,R1_baseline
2026-02-08,KRW-ZIL,bear_volatile,5,0.27122858721679866,0.3481624758220503,0.7790287755060272,-0.0315,0.08023076923076916,sl,1,R1_baseline
2026-02-08,KRW-AWE,bear_volatile,5,0.27122858721679866,0.44437281267268375,0.610362694300518,-0.0315,0.007509009009008917,sl,0,R1_baseline
2026-02-09,KRW-BOUNTY,bear_volatile,5,0.27122858721679866,0.3481624758220503,0.7790287755060272,-0.0315,-0.022189655172413836,sl,0,R1_baseline
2026-02-09,KRW-JST,bear_volatile,5,0.07321790384969608,0.1161462650824353,0.6303939588391358,-0.0315,0.020792993630573353,sl,0,R1_baseline
2026-02-09,KRW-AWE,bear_volatile,5,0.27122858721679866,0.44437281267268375,0.610362694300518,0.0485,0.0699285714285714,tp,0,R1_baseline
2026-02-10,KRW-BAT,bear_volatile,5,0.27122858721679866,0.3481624758220503,0.7790287755060272,0.0485,0.06132722513089012,tp,0,R1_baseline
2026-02-10,KRW-DRIFT,bear_volatile,5,0.27122858721679866,0.3481624758220503,0.7790287755060272,0.0485,-0.03350000000000003,tp,0,R1_baseline
2026-02-10,KRW-AWE,bear_volatile,5,0.27122858721679866,0.44437281267268375,0.610362694300518,0.0485,-0.01816666666666672,tp,0,R1_baseline
2026-02-11,KRW-DRIFT,bear_volatile,5,0.27122858721679866,0.3481624758220503,0.7790287755060272,-0.0315,0.014893442622950838,sl,0,R1_baseline
2026-02-11,KRW-F,bear_volatile,5,0.27122858721679866,0.44437281267268375,0.610362694300518,0.0485,0.0775067720090295,tp,0,R1_baseline
2026-02-11,KRW-KAITO,bear_volatile,5,0.27122858721679866,0.44437281267268375,0.610362694300518,0.0485,0.03132275711159732,tp,0,R1_baseline
2026-02-12,KRW-CYBER,bear_volatile,5,0.27122858721679866,0.3481624758220503,0.7790287755060272,-0.0315,-0.029309965237543423,sl,0,R1_baseline
2026-02-12,KRW-AWE,bear_volatile,5,0.27122858721679866,0.44437281267268375,0.610362694300518,0.0485,0.03982231404958686,tp,0,R1_baseline
2026-02-12,KRW-DEEP,bear_volatile,5,0.27122858721679866,0.44437281267268375,0.610362694300518,0.0485,0.026909090909090827,tp,0,R1_baseline
2026-02-13,KRW-CKB,bear_volatile,5,0.27122858721679866,0.18649843433413152,1.4543209876543208,0.03197280334728042,0.03197280334728042,eod,0,R1_baseline
2026-02-13,KRW-AERO,bear_volatile,5,0.27122858721679866,0.28218824829618716,0.9611618798955612,-0.0315,0.021383295194507934,sl,0,R1_baseline
2026-02-13,KRW-CYBER,bear_volatile,5,0.27122858721679866,0.3481624758220503,0.7790287755060272,-0.0315,0.02114600715137077,sl,0,R1_baseline
2026-02-14,KRW-TRUMP,bear_volatile,5,0.035273531037023395,0.022840302081414625,1.5443548387096775,0.0485,0.05144705294705304,tp,0,R1_baseline
2026-02-14,KRW-MOC,bear_volatile,5,0.27122858721679866,0.23330570139080778,1.1625459026501315,0.0485,0.0650137614678899,tp,1,R1_baseline
2026-02-14,KRW-WAL,bear_volatile,5,0.14173881009393996,0.14523853379996315,0.9759036144578315,-0.0315,0.03818253968253976,sl,0,R1_baseline
2026-02-15,KRW-ARKM,bear_volatile,5,0.27122858721679866,0.18649843433413152,1.4543209876543208,-0.0315,-0.0501486486486486,sl,0,R1_baseline
2026-02-15,KRW-WAVES,bear_volatile,5,0.27122858721679866,0.28218824829618716,0.9611618798955612,0.0485,0.06983421400264206,tp,1,R1_baseline
2026-02-15,KRW-QKC,bear_volatile,5,0.27122858721679866,0.28218824829618716,0.9611618798955612,0.0485,0.12471359223300965,tp,1,R1_baseline
2026-02-16,KRW-FF,bear_volatile,5,0.07321790384969608,0.06806041628292503,1.0757780784844384,0.0485,0.03239830508474567,tp,0,R1_baseline
2026-02-16,KRW-AWE,bear_volatile,5,0.27122858721679866,0.44437281267268375,0.610362694300518,-0.0315,0.03473188405797095,sl,0,R1_baseline
2026-02-16,KRW-COW,bear_volatile,5,0.27122858721679866,0.44437281267268375,0.610362694300518,0.0485,0.011571895424836555,tp,0,R1_baseline
2026-02-17,KRW-BOUNTY,bear_volatile,5,0.27122858721679866,0.3481624758220503,0.7790287755060272,0.0485,0.02817359050445095,tp,0,R1_baseline
2026-02-17,KRW-PUNDIX,bear_volatile,5,0.07321790384969608,0.1161462650824353,0.6303939588391358,-0.0315,-0.02103125,sl,0,R1_baseline
2026-02-17,KRW-AQT,bear_volatile,5,0.27122858721679866,0.44437281267268375,0.610362694300518,-0.0315,-0.0259798041615667,sl,0,R1_baseline
2026-02-18,KRW-CTC,bear_volatile,5,0.27122858721679866,0.3481624758220503,0.7790287755060272,-0.0315,-0.048375,sl,0,R1_baseline
2026-02-18,KRW-WET,bear_volatile,5,0.27122858721679866,0.44437281267268375,0.610362694300518,-0.0315,-0.04025968992248058,sl,0,R1_baseline
2026-02-18,KRW-ENSO,bear_volatile,5,0.27122858721679866,0.44437281267268375,0.610362694300518,0.0485,0.0523326506729081,tp,0,R1_baseline
2026-02-19,KRW-ORBS,bear_volatile,5,0.27122858721679866,0.3481624758220503,0.7790287755060272,-0.0315,0.16649999999999993,sl,1,R1_baseline
2026-02-19,KRW-BOUNTY,bear_volatile,5,0.27122858721679866,0.3481624758220503,0.7790287755060272,-0.0315,-0.01996153846153853,sl,0,R1_baseline
2026-02-19,KRW-ATOM,bear_volatile,5,0.27122858721679866,0.44437281267268375,0.610362694300518,-0.0315,-0.029948275862068996,sl,0,R1_baseline
2026-02-20,KRW-LSK,bear_volatile,5,0.27122858721679866,0.3481624758220503,0.7790287755060272,-0.0315,-0.033031531531531544,sl,0,R1_baseline
2026-02-20,KRW-JTO,bear_volatile,5,0.27122858721679866,0.44437281267268375,0.610362694300518,0.0485,0.10854784688995217,tp,1,R1_baseline
2026-02-20,KRW-META,bear_volatile,5,0.27122858721679866,0.44437281267268375,0.610362694300518,-0.0315,-0.021107843137254945,sl,0,R1_baseline
2026-02-21,KRW-ELSA,bear_volatile,5,0.27122858721679866,0.28218824829618716,0.9611618798955612,-0.0188913043478261,-0.0188913043478261,eod,0,R1_baseline
2026-02-21,KRW-KERNEL,bear_volatile,5,0.27122858721679866,0.28218824829618716,0.9611618798955612,-0.0315,-0.04911904761904767,sl,0,R1_baseline
2026-02-21,KRW-AKT,bear_volatile,5,0.27122858721679866,0.3481624758220503,0.7790287755060272,-0.0315,-0.03469502074688796,sl,0,R1_baseline
2026-02-22,KRW-SIGN,bear_volatile,5,0.27122858721679866,0.14523853379996315,1.8674698795180722,-0.0315,-0.08801399491094147,sl,0,R1_baseline
2026-02-22,KRW-AAVE,bear_volatile,5,0.27122858721679866,0.3481624758220503,0.7790287755060272,-0.0315,-0.028920257414661477,sl,0,R1_baseline
2026-02-22,KRW-AERO,bear_volatile,5,0.27122858721679866,0.3481624758220503,0.7790287755060272,0.0485,-0.04083747412008282,tp,0,R1_baseline
2026-02-23,KRW-MOCA,bear_volatile,5,0.27122858721679866,0.44437281267268375,0.610362694300518,-0.0315,-0.06126095617529875,sl,0,R1_baseline
2026-02-23,KRW-CYBER,bear_volatile,5,0.27122858721679866,0.44437281267268375,0.610362694300518,-0.0315,-0.07014988558352403,sl,0,R1_baseline
2026-02-23,KRW-JTO,bear_volatile,5,0.27122858721679866,0.44437281267268375,0.610362694300518,-0.0315,-0.08464606741573039,sl,0,R1_baseline
2026-02-24,KRW-JST,bear_volatile,5,0.14173881009393996,0.14523853379996315,0.9759036144578315,0.01049400299850062,0.01049400299850062,eod,0,R1_baseline
2026-02-24,KRW-IN,bear_volatile,5,0.27122858721679866,0.3481624758220503,0.7790287755060272,-0.0315,-0.005524144869215318,sl,0,R1_baseline
2026-02-24,KRW-ORCA,bear_volatile,5,0.27122858721679866,0.3481624758220503,0.7790287755060272,0.0485,-0.05561103302881237,tp,0,R1_baseline
2026-02-25,KRW-BIRB,bear_volatile,5,0.27122858721679866,0.3481624758220503,0.7790287755060272,-0.0315,-0.026090163934426258,sl,0,R1_baseline
2026-02-25,KRW-SOMI,bear_volatile,5,0.27122858721679866,0.3481624758220503,0.7790287755060272,0.0485,-0.026500000000000024,tp,0,R1_baseline
2026-02-25,KRW-KERNEL,bear_volatile,5,0.27122858721679866,0.44437281267268375,0.610362694300518,0.0485,-0.0015,tp,0,R1_baseline
2026-02-26,KRW-TAO,bear_volatile,5,0.14173881009393996,0.14523853379996315,0.9759036144578315,0.0485,0.027082464271919682,tp,0,R1_baseline
2026-02-26,KRW-NEWT,bear_volatile,5,0.09615915998894722,0.1161462650824353,0.8279143536875496,-0.0315,0.0025404040404040664,sl,0,R1_baseline
2026-02-26,KRW-PENGU,bear_volatile,5,0.27122858721679866,0.3481624758220503,0.7790287755060272,-0.0315,-0.04911904761904767,sl,0,R1_baseline
2026-02-27,KRW-BIRB,bear_volatile,5,0.27122858721679866,0.28218824829618716,0.9611618798955612,-0.0315,-0.04911904761904767,sl,0,R1_baseline
2026-02-27,KRW-SENT,bear_volatile,5,0.27122858721679866,0.28218824829618716,0.9611618798955612,-0.0315,-0.07453370786516861,sl,0,R1_baseline
2026-02-27,KRW-CTC,bear_volatile,5,0.27122858721679866,0.3481624758220503,0.7790287755060272,-0.0315,-0.03402032520325199,sl,0,R1_baseline
2026-02-28,KRW-CHZ,bear_volatile,5,0.09615915998894722,0.14523853379996315,0.6620774630057,-0.0315,0.024869168356997984,sl,0,R1_baseline
2026-02-28,KRW-ID,bear_volatile,5,0.09615915998894722,0.14523853379996315,0.6620774630057,-0.0315,-0.01686098310291856,sl,0,R1_baseline
2026-02-28,KRW-DOT,bear_volatile,5,0.27122858721679866,0.44437281267268375,0.610362694300518,-0.0315,0.03439743589743599,sl,0,R1_baseline
2026-03-01,KRW-ALT,bear_volatile,5,0.27122858721679866,0.14523853379996315,1.8674698795180722,-0.0315,-0.04737155963302747,sl,0,R1_baseline
2026-03-01,KRW-GAME2,bear_volatile,5,0.07321790384969608,0.06806041628292503,1.0757780784844384,-0.02508490566037752,-0.02508490566037752,eod,0,R1_baseline
2026-03-01,KRW-MBL,bear_volatile,5,0.14173881009393996,0.14523853379996315,0.9759036144578315,-0.023888059701492603,-0.023888059701492603,eod,0,R1_baseline
2026-03-02,KRW-ELF,bear_volatile,5,0.27122858721679866,0.28218824829618716,0.9611618798955612,-0.0315,-0.018306722689075683,sl,0,R1_baseline
2026-03-02,KRW-AZTEC,bear_volatile,5,0.27122858721679866,0.3481624758220503,0.7790287755060272,0.0485,-0.004684713375796066,tp,0,R1_baseline
2026-03-02,KRW-AAVE,bear_volatile,5,0.07321790384969608,0.1161462650824353,0.6303939588391358,0.0485,0.07639855072463769,tp,0,R1_baseline
2026-03-03,KRW-IMX,bear_volatile,5,0.27122858721679866,0.28218824829618716,0.9611618798955612,-0.0315,-0.03469502074688796,sl,0,R1_baseline
2026-03-03,KRW-YGG,bear_volatile,5,0.27122858721679866,0.28218824829618716,0.9611618798955612,-0.0315,-0.01707093425605538,sl,0,R1_baseline
2026-03-03,KRW-JUP,bear_volatile,5,0.27122858721679866,0.3481624758220503,0.7790287755060272,0.02563178294573648,0.02563178294573648,eod,0,R1_baseline
2026-03-04,KRW-KAITO,bear_volatile,5,0.27122858721679866,0.28218824829618716,0.9611618798955612,0.0485,-0.03860575139146566,tp,0,R1_baseline
2026-03-04,KRW-LSK,bear_volatile,5,0.27122858721679866,0.28218824829618716,0.9611618798955612,-0.0315,-0.016728426395939133,sl,0,R1_baseline
2026-03-04,KRW-STEEM,bear_volatile,5,0.27122858721679866,0.28218824829618716,0.9611618798955612,-0.0315,0.010182242990654235,sl,0,R1_baseline
2026-03-05,KRW-IN,bear_volatile,5,0.27122858721679866,0.23330570139080778,1.1625459026501315,-0.0315,-0.03959523809523807,sl,0,R1_baseline
2026-03-05,KRW-MOODENG,bear_volatile,5,0.27122858721679866,0.23330570139080778,1.1625459026501315,-0.0315,-0.024136484687083792,sl,0,R1_baseline
2026-03-05,KRW-STRAX,bear_volatile,5,0.27122858721679866,0.23330570139080778,1.1625459026501315,0.0485,-0.04204054054054046,tp,0,R1_baseline
2026-03-06,KRW-THETA,bear_volatile,5,0.27122858721679866,0.18649843433413152,1.4543209876543208,-0.0315,-0.02614788732394363,sl,0,R1_baseline
2026-03-06,KRW-OP,bear_volatile,5,0.04946117712075159,0.06806041628292503,0.7267245753411649,-0.0315,-0.028673913043478272,sl,0,R1_baseline
2026-03-06,KRW-FCT2,bear_volatile,5,0.09615915998894722,0.14523853379996315,0.6620774630057,-0.0315,-0.023357923497267896,sl,0,R1_baseline
2026-03-07,KRW-WAXP,bear_volatile,5,0.035273531037023395,0.022840302081414625,1.5443548387096775,-0.019918201516793077,-0.019918201516793077,eod,0,R1_baseline
2026-03-07,KRW-ASTR,bear_volatile,5,0.27122858721679866,0.23330570139080778,1.1625459026501315,0.0485,0.016357142857143014,tp,0,R1_baseline
2026-03-07,KRW-BREV,bear_volatile,5,0.27122858721679866,0.3481624758220503,0.7790287755060272,-0.0315,-0.08518200836820083,sl,0,R1_baseline
2026-03-08,KRW-BEAM,bear_volatile,5,0.14173881009393996,0.18649843433413152,0.76,-0.0315,-0.018623287671232835,sl,0,R1_baseline
2026-03-08,KRW-PLUME,bear_volatile,5,0.27122858721679866,0.44437281267268375,0.610362694300518,0.0485,0.15547674418604657,tp,1,R1_baseline
2026-03-08,KRW-AZTEC,bear_volatile,5,0.27122858721679866,0.44437281267268375,0.610362694300518,-0.0315,-0.059961538461538455,sl,0,R1_baseline
2026-03-09,KRW-KERNEL,bear_volatile,5,0.27122858721679866,0.3481624758220503,0.7790287755060272,0.0485,0.1318333333333333,tp,1,R1_baseline
2026-03-09,KRW-CFG,bear_volatile,5,0.27122858721679866,0.44437281267268375,0.610362694300518,0.0485,-0.01102380952380949,tp,0,R1_baseline
2026-03-09,KRW-KAVA,bear_volatile,5,0.27122858721679866,0.44437281267268375,0.610362694300518,-0.0315,0.02221134020618548,sl,0,R1_baseline
2026-03-10,KRW-TAO,bear_volatile,5,0.27122858721679866,0.28218824829618716,0.9611618798955612,0.0485,0.022676594253679128,tp,0,R1_baseline
2026-03-10,KRW-DEEP,bear_volatile,5,0.27122858721679866,0.3481624758220503,0.7790287755060272,0.011863028953229384,0.011863028953229384,eod,0,R1_baseline
2026-03-10,KRW-EDGE,bear_volatile,5,0.27122858721679866,0.3481624758220503,0.7790287755060272,0.0485,0.020821428571428602,tp,0,R1_baseline
2026-03-11,KRW-RENDER,bear_volatile,5,0.27122858721679866,0.28218824829618716,0.9611618798955612,0.0485,0.03749721448467974,tp,0,R1_baseline
2026-03-11,KRW-LA,bear_volatile,5,0.27122858721679866,0.28218824829618716,0.9611618798955612,0.0485,0.021891812865497073,tp,0,R1_baseline
2026-03-11,KRW-TAO,bear_volatile,5,0.27122858721679866,0.28218824829618716,0.9611618798955612,-0.0315,0.012497951519289842,sl,0,R1_baseline
2026-03-12,KRW-ANKR,bear_volatile,5,0.14173881009393996,0.14523853379996315,0.9759036144578315,-0.018319571865443474,-0.018319571865443474,eod,0,R1_baseline
2026-03-12,KRW-ONG,bear_volatile,5,0.27122858721679866,0.3481624758220503,0.7790287755060272,0.0485,-0.03072077922077926,tp,0,R1_baseline
2026-03-12,KRW-CVC,bear_volatile,5,0.07321790384969608,0.1161462650824353,0.6303939588391358,0.009915525114155223,0.009915525114155223,eod,0,R1_baseline
2026-03-13,KRW-AZTEC,bear_volatile,5,0.27122858721679866,0.23330570139080778,1.1625459026501315,-0.0315,-0.04207971014492745,sl,0,R1_baseline
2026-03-13,KRW-W,bear_volatile,5,0.07321790384969608,0.06806041628292503,1.0757780784844384,-0.0315,-0.05705555555555558,sl,0,R1_baseline
2026-03-13,KRW-RENDER,bear_volatile,5,0.27122858721679866,0.3481624758220503,0.7790287755060272,0.0485,0.0668380509502629,tp,0,R1_baseline
2026-03-14,KRW-MET2,bear_volatile,5,0.27122858721679866,0.23330570139080778,1.1625459026501315,-0.0315,-0.029500000000000026,sl,0,R1_baseline
2026-03-14,KRW-MEW,bear_volatile,5,0.27122858721679866,0.3481624758220503,0.7790287755060272,0.0485,-0.010963722397476392,tp,0,R1_baseline
2026-03-14,KRW-AKT,bear_volatile,5,0.27122858721679866,0.3481624758220503,0.7790287755060272,0.0485,0.0015911901081915882,tp,0,R1_baseline
2026-03-15,KRW-BTT,bear_volatile,5,0.025511143857063916,0.022840302081414625,1.1169354838709677,0.0485,0.0667730923694781,tp,0,R1_baseline
2026-03-15,KRW-BIRB,bear_volatile,5,0.27122858721679866,0.3481624758220503,0.7790287755060272,-0.0315,-0.07812835249042144,sl,0,R1_baseline
2026-03-15,KRW-DEEP,bear_volatile,5,0.27122858721679866,0.3481624758220503,0.7790287755060272,-0.0315,-0.0015,sl,0,R1_baseline
2026-03-16,KRW-MLK,bear_volatile,5,0.035273531037023395,0.022840302081414625,1.5443548387096775,0.019803258145363378,0.019803258145363378,eod,0,R1_baseline
2026-03-16,KRW-TOKAMAK,bear_volatile,5,0.035273531037023395,0.022840302081414625,1.5443548387096775,0.028431972789115634,0.028431972789115634,eod,0,R1_baseline
2026-03-16,KRW-IMX,bear_volatile,5,0.27122858721679866,0.18649843433413152,1.4543209876543208,0.0485,0.08650000000000008,tp,0,R1_baseline
2026-03-17,KRW-ZKC,bear_volatile,5,0.04946117712075159,0.022840302081414625,2.165522020875487,0.006696721311475308,0.006696721311475308,eod,0,R1_baseline
2026-03-17,KRW-ASTR,bear_volatile,5,0.27122858721679866,0.14523853379996315,1.8674698795180722,0.0485,0.02414102564102577,tp,0,R1_baseline
2026-03-17,KRW-0G,bear_volatile,5,0.035273531037023395,0.022840302081414625,1.5443548387096775,-0.02090639269406397,-0.02090639269406397,eod,0,R1_baseline
2026-03-18,KRW-ERA,bear_volatile,5,0.07321790384969608,0.022840302081414625,3.2056451612903225,-0.0315,-0.04336046511627906,sl,0,R1_baseline
2026-03-18,KRW-AERGO,bear_volatile,5,0.04946117712075159,0.022840302081414625,2.165522020875487,-0.0315,-0.028880952380952396,sl,0,R1_baseline
2026-03-18,KRW-SNT,bear_volatile,5,0.14173881009393996,0.06806041628292503,2.0825439783491206,-0.0315,-0.047251633986928165,sl,0,R1_baseline
2026-03-19,KRW-ANIME,bear_volatile,5,0.27122858721679866,0.44437281267268375,0.610362694300518,0.0485,-0.03220761014686252,tp,0,R1_baseline
2026-03-19,KRW-DKA,bear_volatile,5,0.27122858721679866,0.44437281267268375,0.610362694300518,-0.0315,-0.05981265508684869,sl,0,R1_baseline
2026-03-19,KRW-G,bear_volatile,5,0.27122858721679866,0.44437281267268375,0.610362694300518,-0.0315,-0.02236677367576262,sl,0,R1_baseline
2026-03-20,KRW-G,bear_volatile,5,0.27122858721679866,0.3481624758220503,0.7790287755060272,-0.0315,0.009956628477904962,sl,0,R1_baseline
2026-03-20,KRW-TAO,bear_volatile,5,0.27122858721679866,0.3481624758220503,0.7790287755060272,0.0485,-0.042384240551461894,tp,0,R1_baseline
2026-03-20,KRW-SIGN,bear_volatile,5,0.27122858721679866,0.44437281267268375,0.610362694300518,0.0485,0.0211586102719033,tp,0,R1_baseline
2026-03-21,KRW-ANKR,bear_volatile,5,0.27122858721679866,0.28218824829618716,0.9611618798955612,0.0485,0.06653594351732989,tp,1,R1_baseline
2026-03-21,KRW-G,bear_volatile,5,0.27122858721679866,0.28218824829618716,0.9611618798955612,-0.0315,-0.0323441558441559,sl,0,R1_baseline
2026-03-21,KRW-ETHFI,bear_volatile,5,0.27122858721679866,0.28218824829618716,0.9611618798955612,0.0485,0.032617647058823585,tp,0,R1_baseline
2026-03-22,KRW-G,bear_volatile,5,0.27122858721679866,0.28218824829618716,0.9611618798955612,-0.0315,-0.06347654941373532,sl,0,R1_baseline
2026-03-22,KRW-SIGN,bear_volatile,5,0.27122858721679866,0.3481624758220503,0.7790287755060272,0.0485,0.099328729281768,tp,0,R1_baseline
2026-03-22,KRW-CPOOL,bear_volatile,5,0.27122858721679866,0.44437281267268375,0.610362694300518,0.0485,0.010695121951219745,tp,0,R1_baseline
2026-03-23,KRW-CFG,bear_volatile,5,0.27122858721679866,0.44437281267268375,0.610362694300518,-0.0315,-0.011601010101010055,sl,0,R1_baseline
2026-03-23,KRW-G,bear_volatile,5,0.14173881009393996,0.28218824829618716,0.502284595300261,0.0485,0.10961111111111116,tp,0,R1_baseline
2026-03-23,KRW-NXPC,bear_volatile,5,0.04946117712075159,0.1161462650824353,0.4258524980174465,0.02583485193621865,0.02583485193621865,eod,0,R1_baseline
2026-03-24,KRW-ZETA,bear_volatile,5,0.27122858721679866,0.3481624758220503,0.7790287755060272,0.0485,-0.029210843373493944,tp,0,R1_baseline
2026-03-24,KRW-ZRO,bear_volatile,5,0.27122858721679866,0.3481624758220503,0.7790287755060272,-0.0315,0.03021698688624591,sl,0,R1_baseline
2026-03-24,KRW-SHIB,bear_volatile,5,0.09615915998894722,0.14523853379996315,0.6620774630057,0.017243109151047487,0.017243109151047487,eod,0,R1_baseline
2026-03-25,KRW-CVC,bear_volatile,5,0.27122858721679866,0.3481624758220503,0.7790287755060272,0.0485,-0.011745901639344246,tp,0,R1_baseline
2026-03-25,KRW-ICX,bear_volatile,5,0.27122858721679866,0.3481624758220503,0.7790287755060272,-0.01408992805755399,-0.01408992805755399,eod,0,R1_baseline
2026-03-25,KRW-CELO,bear_volatile,5,0.09615915998894722,0.14523853379996315,0.6620774630057,-0.0315,-0.0015,sl,0,R1_baseline
2026-03-26,KRW-FCT2,bear_volatile,5,0.07321790384969608,0.06806041628292503,1.0757780784844384,0.0485,-0.047891752577319535,tp,0,R1_baseline
2026-03-26,KRW-AERO,bear_volatile,5,0.27122858721679866,0.3481624758220503,0.7790287755060272,-0.0015,-0.0015,eod,0,R1_baseline
2026-03-26,KRW-RENDER,bear_volatile,5,0.27122858721679866,0.3481624758220503,0.7790287755060272,-0.0315,-0.04250719424460431,sl,0,R1_baseline
2026-03-27,KRW-AWE,bear_volatile,5,0.025511143857063916,0.022840302081414625,1.1169354838709677,-0.0315,-0.043110738255033476,sl,0,R1_baseline
2026-03-27,KRW-CPOOL,bear_volatile,5,0.27122858721679866,0.3481624758220503,0.7790287755060272,0.0485,0.07329224376731297,tp,0,R1_baseline
2026-03-27,KRW-CFG,bear_volatile,5,0.27122858721679866,0.3481624758220503,0.7790287755060272,-0.0315,-0.03275,sl,0,R1_baseline
2026-03-28,KRW-MET2,bear_volatile,5,0.27122858721679866,0.3481624758220503,0.7790287755060272,-0.0315,-0.06700218340611358,sl,0,R1_baseline
2026-03-28,KRW-DKA,bear_volatile,5,0.27122858721679866,0.3481624758220503,0.7790287755060272,-0.0315,-0.005331417624521105,sl,0,R1_baseline
2026-03-28,KRW-ANKR,bear_volatile,5,0.27122858721679866,0.44437281267268375,0.610362694300518,0.0485,-0.07265628970775101,tp,0,R1_baseline
2026-03-29,KRW-ONG,bear_volatile,5,0.27122858721679866,0.3481624758220503,0.7790287755060272,-0.0315,-0.06758884073672805,sl,0,R1_baseline
2026-03-29,KRW-SIGN,bear_volatile,5,0.27122858721679866,0.3481624758220503,0.7790287755060272,-0.0315,0.028925963488843742,sl,0,R1_baseline
2026-03-29,KRW-CHZ,bear_volatile,5,0.27122858721679866,0.44437281267268375,0.610362694300518,-0.0315,-0.004767973856209249,sl,0,R1_baseline
2026-03-30,KRW-SIGN,bear_volatile,5,0.27122858721679866,0.44437281267268375,0.610362694300518,-0.0315,-0.03700295857988173,sl,0,R1_baseline
2026-03-30,KRW-KERNEL,bear_volatile,5,0.27122858721679866,0.44437281267268375,0.610362694300518,0.0485,0.06392056074766345,tp,0,R1_baseline
2026-03-30,KRW-SENT,bear_volatile,5,0.27122858721679866,0.44437281267268375,0.610362694300518,-0.0315,0.009138297872340497,sl,0,R1_baseline
2026-03-31,KRW-KNC,bear_volatile,5,0.14173881009393996,0.18649843433413152,0.76,-0.0315,-0.0678716814159292,sl,0,R1_baseline
2026-03-31,KRW-BSV,bear_volatile,5,0.015473887814313346,0.022840302081414625,0.6774817495476384,0.012536786060019458,0.012536786060019458,eod,0,R1_baseline
2026-03-31,KRW-ONG,bear_volatile,5,0.27122858721679866,0.44437281267268375,0.610362694300518,-0.0315,-0.06550000000000006,sl,0,R1_baseline
2026-04-01,KRW-WCT,bear_volatile,5,0.27122858721679866,0.23330570139080778,1.1625459026501315,-0.0315,-0.025749422632794394,sl,0,R1_baseline
2026-04-01,KRW-BLAST,bear_volatile,5,0.07321790384969608,0.06806041628292503,1.0757780784844384,0.0485,0.09532080924855496,tp,0,R1_baseline
2026-04-01,KRW-TREE,bear_volatile,5,0.09615915998894722,0.1161462650824353,0.8279143536875496,-0.0315,-0.019121145374449255,sl,0,R1_baseline
2026-04-02,KRW-T,bear_volatile,5,0.035273531037023395,0.022840302081414625,1.5443548387096775,-0.0315,-0.017629032258064503,sl,0,R1_baseline
2026-04-02,KRW-SEI,bear_volatile,5,0.14173881009393996,0.14523853379996315,0.9759036144578315,-0.0315,-0.052594890510948955,sl,0,R1_baseline
2026-04-02,KRW-TAIKO,bear_volatile,5,0.14173881009393996,0.18649843433413152,0.76,-0.0315,-0.05677638190954776,sl,0,R1_baseline
2026-04-03,KRW-ORBS,bear_volatile,5,0.27122858721679866,0.23330570139080778,1.1625459026501315,-0.0315,-0.024755813953488415,sl,0,R1_baseline
2026-04-03,KRW-SAFE,bear_volatile,5,0.27122858721679866,0.3481624758220503,0.7790287755060272,-0.0315,0.04066867469879526,sl,0,R1_baseline
2026-04-03,KRW-ZORA,bear_volatile,5,0.07321790384969608,0.1161462650824353,0.6303939588391358,-0.02019158878504662,-0.02019158878504662,eod,0,R1_baseline
2026-04-04,KRW-ALT,bear_volatile,5,0.27122858721679866,0.28218824829618716,0.9611618798955612,-0.0315,-0.04110396039603964,sl,0,R1_baseline
2026-04-04,KRW-BIO,bear_volatile,5,0.09615915998894722,0.1161462650824353,0.8279143536875496,0.0485,0.025423076923076826,tp,0,R1_baseline
2026-04-04,KRW-BLUR,bear_volatile,5,0.27122858721679866,0.3481624758220503,0.7790287755060272,-0.0315,-0.024755813953488415,sl,0,R1_baseline
2026-04-05,KRW-BERA,bear_volatile,5,0.27122858721679866,0.28218824829618716,0.9611618798955612,0.0485,-0.0015,tp,0,R1_baseline
2026-04-05,KRW-ALGO,bear_volatile,5,0.27122858721679866,0.3481624758220503,0.7790287755060272,-0.0315,0.00948901098901095,sl,0,R1_baseline
2026-04-05,KRW-MON,bear_volatile,5,0.27122858721679866,0.3481624758220503,0.7790287755060272,-0.0315,0.034819612590798965,sl,0,R1_baseline
2026-04-06,KRW-FCT2,bear_volatile,5,0.035273531037023395,0.022840302081414625,1.5443548387096775,0.014983516483516425,0.014983516483516425,eod,0,R1_baseline
2026-04-06,KRW-1INCH,bear_volatile,5,0.04946117712075159,0.06806041628292503,0.7267245753411649,-0.008907407407407418,-0.008907407407407418,eod,0,R1_baseline
2026-04-06,KRW-SOMI,bear_volatile,5,0.09615915998894722,0.14523853379996315,0.6620774630057,-0.0315,-0.02521541501976282,sl,0,R1_baseline
2026-04-07,KRW-NEWT,bear_volatile,5,0.27122858721679866,0.23330570139080778,1.1625459026501315,-0.0315,0.008303921568627417,sl,0,R1_baseline
2026-04-07,KRW-PENDLE,bear_volatile,5,0.14173881009393996,0.14523853379996315,0.9759036144578315,-0.0315,0.0467713633398566,sl,0,R1_baseline
2026-04-07,KRW-FLUID,bear_volatile,5,0.27122858721679866,0.28218824829618716,0.9611618798955612,-0.0315,0.04242871943638621,sl,0,R1_baseline
2026-04-08,KRW-SKR,bear_volatile,5,0.07321790384969608,0.022840302081414625,3.2056451612903225,-0.0315,-0.03853703703703709,sl,0,R1_baseline
2026-04-08,KRW-AAVE,bear_volatile,5,0.04946117712075159,0.022840302081414625,2.165522020875487,-0.0315,-0.04482634521313772,sl,0,R1_baseline
2026-04-08,KRW-ANIME,bear_volatile,5,0.035273531037023395,0.022840302081414625,1.5443548387096775,-0.0315,-0.03588395415472784,sl,0,R1_baseline
2026-04-09,KRW-SAFE,bear_volatile,5,0.27122858721679866,0.3481624758220503,0.7790287755060272,-0.0315,0.030585561497326108,sl,0,R1_baseline
2026-04-09,KRW-OPEN,bear_volatile,5,0.27122858721679866,0.3481624758220503,0.7790287755060272,0.0485,0.03609398496240607,tp,0,R1_baseline
2026-04-09,KRW-DRIFT,bear_volatile,5,0.27122858721679866,0.3481624758220503,0.7790287755060272,0.0485,-0.002815789473684159,tp,0,R1_baseline
2026-04-10,KRW-IN,bear_volatile,5,0.27122858721679866,0.28218824829618716,0.9611618798955612,-0.0315,-0.027990066225165477,sl,0,R1_baseline
2026-04-10,KRW-PYTH,bear_volatile,5,0.27122858721679866,0.3481624758220503,0.7790287755060272,-0.0315,-0.0071338028169015116,sl,0,R1_baseline
2026-04-10,KRW-OPEN,bear_volatile,5,0.27122858721679866,0.3481624758220503,0.7790287755060272,-0.0315,0.020239130434782704,sl,0,R1_baseline
2026-04-11,KRW-WAL,bear_volatile,5,0.27122858721679866,0.18649843433413152,1.4543209876543208,-0.0315,-0.03689823008849563,sl,0,R1_baseline
2026-04-11,KRW-A,bear_volatile,5,0.14173881009393996,0.1161462650824353,1.2203475505074592,-0.009764462809917327,-0.009764462809917327,eod,0,R1_baseline
2026-04-11,KRW-AUCTION,bear_volatile,5,0.025511143857063916,0.022840302081414625,1.1169354838709677,-0.013454992967651234,-0.013454992967651234,eod,0,R1_baseline
2026-04-12,KRW-BLAST,bear_volatile,5,0.27122858721679866,0.3481624758220503,0.7790287755060272,0.0485,0.0412586206896553,tp,0,R1_baseline
2026-04-12,KRW-BLUR,bear_volatile,5,0.27122858721679866,0.3481624758220503,0.7790287755060272,0.0485,-0.010509009009008917,tp,0,R1_baseline
2026-04-12,KRW-XPL,bear_volatile,5,0.27122858721679866,0.3481624758220503,0.7790287755060272,-0.0315,-0.08070792079207917,sl,0,R1_baseline
2026-04-13,KRW-JST,bear_volatile,5,0.27122858721679866,0.3481624758220503,0.7790287755060272,-0.0315,-0.06082203389830504,sl,0,R1_baseline
2026-04-13,KRW-WET,bear_volatile,5,0.27122858721679866,0.3481624758220503,0.7790287755060272,-0.0315,0.5985000000000001,sl,1,R1_baseline
2026-04-13,KRW-AHT,bear_volatile,5,0.14173881009393996,0.23330570139080778,0.6075239878365204,-0.0315,-0.02242050209205032,sl,0,R1_baseline
2026-04-14,KRW-IMX,bear_volatile,5,0.14173881009393996,0.14523853379996315,0.9759036144578315,-0.015198630136986356,-0.015198630136986356,eod,0,R1_baseline
2026-04-14,KRW-AXL,bear_volatile,5,0.14173881009393996,0.14523853379996315,0.9759036144578315,-0.0315,-0.0429878397711016,sl,0,R1_baseline
2026-04-14,KRW-WCT,bear_volatile,5,0.27122858721679866,0.28218824829618716,0.9611618798955612,-0.0315,-0.05298741418764302,sl,0,R1_baseline
2026-04-15,KRW-BIO,bear_volatile,5,0.27122858721679866,0.28218824829618716,0.9611618798955612,0.0485,0.5644722222222224,tp,1,R1_baseline
2026-04-15,KRW-JST,bear_volatile,5,0.27122858721679866,0.3481624758220503,0.7790287755060272,-0.0315,-0.15541304347826085,sl,0,R1_baseline
2026-04-15,KRW-DKA,bear_volatile,5,0.27122858721679866,0.44437281267268375,0.610362694300518,-0.0315,-0.020917475728155444,sl,0,R1_baseline
2026-04-16,KRW-INJ,bear_volatile,5,0.27122858721679866,0.23330570139080778,1.1625459026501315,0.0485,0.045254331037361706,tp,0,R1_baseline
2026-04-16,KRW-FLOCK,bear_volatile,5,0.27122858721679866,0.28218824829618716,0.9611618798955612,0.0485,0.0007271714922048602,tp,0,R1_baseline
2026-04-16,KRW-ARKM,bear_volatile,5,0.27122858721679866,0.3481624758220503,0.7790287755060272,0.0485,0.10628443113772451,tp,1,R1_baseline
2026-04-17,KRW-HBAR,bear_volatile,5,0.035273531037023395,0.022840302081414625,1.5443548387096775,0.0060187969924812585,0.0060187969924812585,eod,0,R1_baseline
2026-04-17,KRW-SONIC,bear_volatile,5,0.035273531037023395,0.022840302081414625,1.5443548387096775,0.0485,0.029521897810219022,tp,0,R1_baseline
2026-04-17,KRW-ZK,bear_volatile,5,0.27122858721679866,0.18649843433413152,1.4543209876543208,0.0485,0.03142181069958855,tp,0,R1_baseline
2026-04-18,KRW-KNC,bear_volatile,5,0.27122858721679866,0.14523853379996315,1.8674698795180722,-0.0315,-0.015453488372092981,sl,0,R1_baseline
2026-04-18,KRW-WLFI,bear_volatile,5,0.035273531037023395,0.022840302081414625,1.5443548387096775,-0.0315,-0.01816666666666672,sl,0,R1_baseline
2026-04-18,KRW-BERA,bear_volatile,5,0.27122858721679866,0.28218824829618716,0.9611618798955612,-0.0315,-0.0867359208523592,sl,0,R1_baseline
2026-04-19,KRW-TREE,bear_volatile,5,0.27122858721679866,0.28218824829618716,0.9611618798955612,-0.0315,-0.11617889908256879,sl,0,R1_baseline
2026-04-19,KRW-PENDLE,bear_volatile,5,0.27122858721679866,0.3481624758220503,0.7790287755060272,-0.0315,-0.08681746031746035,sl,0,R1_baseline
2026-04-19,KRW-TIA,bear_volatile,5,0.27122858721679866,0.3481624758220503,0.7790287755060272,-0.0315,-0.058201030927835073,sl,0,R1_baseline
2026-04-20,KRW-CPOOL,bear_volatile,5,0.27122858721679866,0.44437281267268375,0.610362694300518,-0.0315,0.010665450121654598,sl,0,R1_baseline
2026-04-20,KRW-IN,bear_volatile,5,0.27122858721679866,0.44437281267268375,0.610362694300518,0.0485,-0.00573728813559332,tp,0,R1_baseline
2026-04-20,KRW-ZBT,bear_volatile,5,0.27122858721679866,0.44437281267268375,0.610362694300518,0.0485,-0.024755813953488415,tp,0,R1_baseline
2026-04-21,KRW-FLUID,bear_volatile,5,0.27122858721679866,0.23330570139080778,1.1625459026501315,-0.0315,-0.033667269802975464,sl,0,R1_baseline
2026-04-21,KRW-MOODENG,bear_volatile,5,0.27122858721679866,0.28218824829618716,0.9611618798955612,-0.0315,-0.022552631578947324,sl,0,R1_baseline
2026-04-21,KRW-AXL,bear_volatile,5,0.27122858721679866,0.3481624758220503,0.7790287755060272,0.0485,0.019644278606965104,tp,0,R1_baseline
2026-04-22,KRW-OPEN,bear_volatile,5,0.27122858721679866,0.28218824829618716,0.9611618798955612,0.0485,-0.02820623145400597,tp,0,R1_baseline
2026-04-22,KRW-FLOCK,bear_volatile,5,0.27122858721679866,0.3481624758220503,0.7790287755060272,-0.0315,-0.034165964172813534,sl,0,R1_baseline
2026-04-22,KRW-BIRB,bear_volatile,5,0.14173881009393996,0.18649843433413152,0.76,0.0485,0.013351485148514865,tp,0,R1_baseline
2026-04-23,KRW-BCH,bear_volatile,5,0.015473887814313346,0.022840302081414625,0.6774817495476384,0.001428257686676483,0.001428257686676483,eod,0,R1_baseline
2026-04-23,KRW-AERO,bear_volatile,5,0.27122858721679866,0.44437281267268375,0.610362694300518,-0.0315,0.025484126984126887,sl,0,R1_baseline
2026-04-23,KRW-AVNT,bear_volatile,5,0.27122858721679866,0.44437281267268375,0.610362694300518,-0.0315,-0.015324884792626779,sl,0,R1_baseline
2026-04-24,KRW-RED,bear_volatile,5,0.27122858721679866,0.28218824829618716,0.9611618798955612,0.0485,0.04327611940298498,tp,1,R1_baseline
2026-04-24,KRW-PLUME,bear_volatile,5,0.27122858721679866,0.3481624758220503,0.7790287755060272,-0.0315,-0.040908866995073956,sl,0,R1_baseline
2026-04-24,KRW-CHZ,bear_volatile,5,0.27122858721679866,0.3481624758220503,0.7790287755060272,-0.0315,-0.03898326639892896,sl,0,R1_baseline
2026-04-25,KRW-AZTEC,bear_volatile,5,0.27122858721679866,0.23330570139080778,1.1625459026501315,-0.0315,-0.05657246376811592,sl,0,R1_baseline
2026-04-25,KRW-FLOCK,bear_volatile,5,0.27122858721679866,0.28218824829618716,0.9611618798955612,-0.0315,-0.03959523809523807,sl,0,R1_baseline
2026-04-25,KRW-BIRB,bear_volatile,5,0.27122858721679866,0.3481624758220503,0.7790287755060272,-0.0315,-0.05729399141630903,sl,0,R1_baseline
2026-04-26,KRW-AUCTION,bear_quiet,5,0.04946117712075159,0.022840302081414625,2.165522020875487,-0.011738907849829392,-0.011738907849829392,eod,0,R1_baseline
2026-04-26,KRW-AWE,bear_quiet,5,0.27122858721679866,0.28218824829618716,0.9611618798955612,0.0485,0.008364364981504448,tp,0,R1_baseline
2026-04-26,KRW-FLOCK,bear_quiet,5,0.27122858721679866,0.3481624758220503,0.7790287755060272,-0.0315,-0.024272277227722794,sl,0,R1_baseline
2026-04-27,KRW-SKR,bear_quiet,5,0.27122858721679866,0.3481624758220503,0.7790287755060272,-0.0315,-0.0642450980392158,sl,0,R1_baseline
2026-04-27,KRW-ZKP,bear_quiet,5,0.27122858721679866,0.3481624758220503,0.7790287755060272,-0.0315,-0.06256870229007633,sl,0,R1_baseline
2026-04-27,KRW-ELSA,bear_quiet,5,0.27122858721679866,0.3481624758220503,0.7790287755060272,-0.0315,-0.04737155963302747,sl,0,R1_baseline
2026-04-28,KRW-MANTRA,bear_quiet,5,0.07321790384969608,0.1161462650824353,0.6303939588391358,-0.0315,-0.013922360248447228,sl,0,R1_baseline
2026-04-28,KRW-OPEN,bear_quiet,5,0.27122858721679866,0.44437281267268375,0.610362694300518,0.0485,0.014003875968992276,tp,0,R1_baseline
2026-04-28,KRW-CHZ,bear_quiet,5,0.14173881009393996,0.23330570139080778,0.6075239878365204,-0.0315,-0.09386947791164663,sl,0,R1_baseline
2026-04-29,KRW-WET,bear_quiet,5,0.09615915998894722,0.1161462650824353,0.8279143536875496,-0.0315,-0.015486013986013956,sl,0,R1_baseline
2026-04-29,KRW-VANA,bear_quiet,5,0.27122858721679866,0.3481624758220503,0.7790287755060272,-0.0315,-0.04546092362344584,sl,0,R1_baseline
2026-04-29,KRW-HYPER,bear_quiet,5,0.27122858721679866,0.3481624758220503,0.7790287755060272,0.0485,-0.01825977653631289,tp,0,R1_baseline
2026-04-30,KRW-RAY,bear_quiet,5,0.27122858721679866,0.3481624758220503,0.7790287755060272,-0.0315,0.015377637130801704,sl,0,R1_baseline
2026-04-30,KRW-HYPER,bear_quiet,5,0.27122858721679866,0.3481624758220503,0.7790287755060272,0.0485,0.049636363636363534,tp,0,R1_baseline
2026-04-30,KRW-OPEN,bear_quiet,5,0.27122858721679866,0.44437281267268375,0.610362694300518,-0.0315,-0.03297699757869249,sl,0,R1_baseline
2026-05-01,KRW-AWE,bear_quiet,5,0.27122858721679866,0.18649843433413152,1.4543209876543208,-0.0315,-0.055287047200878014,sl,0,R1_baseline
2026-05-01,KRW-SOMI,bear_quiet,5,0.27122858721679866,0.23330570139080778,1.1625459026501315,-0.0315,-0.0372142857142857,sl,0,R1_baseline
2026-05-01,KRW-ZKP,bear_quiet,5,0.27122858721679866,0.3481624758220503,0.7790287755060272,0.0485,0.04850000000000004,tp,0,R1_baseline
2026-05-02,KRW-FLUID,bear_quiet,5,0.27122858721679866,0.3481624758220503,0.7790287755060272,-0.0315,-0.03757620591811922,sl,0,R1_baseline
2026-05-02,KRW-HYPER,bear_quiet,5,0.27122858721679866,0.3481624758220503,0.7790287755060272,-0.0315,-0.03464917127071826,sl,0,R1_baseline
2026-05-02,KRW-ZKP,bear_quiet,5,0.27122858721679866,0.3481624758220503,0.7790287755060272,-0.0315,0.030500000000000027,sl,0,R1_baseline
2026-05-03,KRW-ARKM,bear_quiet,5,0.27122858721679866,0.28218824829618716,0.9611618798955612,-0.0315,-0.023478021978022012,sl,0,R1_baseline
2026-05-03,KRW-AKT,bear_quiet,5,0.14173881009393996,0.18649843433413152,0.76,0.0485,0.09838109393579081,tp,1,R1_baseline
2026-05-03,KRW-INJ,bear_quiet,5,0.14173881009393996,0.18649843433413152,0.76,-0.017443312666076183,-0.017443312666076183,eod,0,R1_baseline
2026-05-04,KRW-BAT,bear_quiet,5,0.27122858721679866,0.23330570139080778,1.1625459026501315,-0.0315,-0.03923584905660377,sl,0,R1_baseline
2026-05-04,KRW-ELSA,bear_quiet,5,0.27122858721679866,0.28218824829618716,0.9611618798955612,-0.0315,-0.0438728813559322,sl,0,R1_baseline
2026-05-04,KRW-IN,bear_quiet,5,0.09615915998894722,0.14523853379996315,0.6620774630057,-0.0315,-0.0015,sl,0,R1_baseline
2026-05-05,KRW-WLFI,bear_quiet,5,0.27122858721679866,0.44437281267268375,0.610362694300518,0.01970890774125139,0.01970890774125139,eod,0,R1_baseline
2026-05-05,KRW-ELSA,bear_quiet,5,0.14173881009393996,0.23330570139080778,0.6075239878365204,-0.0315,-0.04574778761061943,sl,0,R1_baseline
2026-05-05,KRW-HOLO,bear_quiet,5,0.09615915998894722,0.18649843433413152,0.5156030415604884,0.010935233160621895,0.010935233160621895,eod,0,R1_baseline
2026-05-06,KRW-ADA,bear_quiet,5,0.025511143857063916,0.022840302081414625,1.1169354838709677,0.0036546391752577136,0.0036546391752577136,eod,0,R1_baseline
2026-05-06,KRW-ETC,bear_quiet,5,0.025511143857063916,0.022840302081414625,1.1169354838709677,0.03228378378378377,0.03228378378378377,eod,0,R1_baseline
2026-05-06,KRW-LINK,bear_quiet,5,0.025511143857063916,0.022840302081414625,1.1169354838709677,0.01234083044982698,0.01234083044982698,eod,0,R1_baseline
2026-05-07,KRW-ETC,bear_quiet,5,0.035273531037023395,0.022840302081414625,1.5443548387096775,-0.0315,-0.014571895424836554,sl,0,R1_baseline
2026-05-07,KRW-APT,bear_quiet,5,0.025511143857063916,0.022840302081414625,1.1169354838709677,0.00515778961384822,0.00515778961384822,eod,0,R1_baseline
2026-05-07,KRW-ZORA,bear_quiet,5,0.025511143857063916,0.022840302081414625,1.1169354838709677,0.008862694300518172,0.008862694300518172,eod,0,R1_baseline
2026-05-08,KRW-0G,bear_quiet,5,0.025511143857063916,0.022840302081414625,1.1169354838709677,0.024172371638141732,0.024172371638141732,eod,0,R1_baseline
2026-05-08,KRW-MANTRA,bear_quiet,5,0.025511143857063916,0.022840302081414625,1.1169354838709677,0.0485,0.044552631578947344,tp,0,R1_baseline
2026-05-08,KRW-JST,bear_quiet,5,0.14173881009393996,0.14523853379996315,0.9759036144578315,-0.0315,-0.04911904761904767,sl,0,R1_baseline
2026-05-09,KRW-ADA,bear_quiet,5,0.035273531037023395,0.022840302081414625,1.5443548387096775,-0.011425558312655069,-0.011425558312655069,eod,0,R1_baseline
2026-05-09,KRW-ANKR,bear_quiet,5,0.035273531037023395,0.022840302081414625,1.5443548387096775,-0.011984927916120545,-0.011984927916120545,eod,0,R1_baseline
2026-05-09,KRW-AVAX,bear_quiet,5,0.035273531037023395,0.022840302081414625,1.5443548387096775,0.0032912388774811187,0.0032912388774811187,eod,0,R1_baseline
2026-05-10,KRW-EDGE,bear_quiet,5,0.09615915998894722,0.1161462650824353,0.8279143536875496,-0.007488023952095855,-0.007488023952095855,eod,0,R1_baseline
2026-05-10,KRW-LAYER,bear_quiet,5,0.27122858721679866,0.3481624758220503,0.7790287755060272,0.0485,0.24339795918367352,tp,1,R1_baseline
2026-05-10,KRW-AERO,bear_quiet,5,0.27122858721679866,0.3481624758220503,0.7790287755060272,0.0485,0.03747849462365599,tp,0,R1_baseline
2026-05-11,KRW-AUCTION,bear_quiet,5,0.04946117712075159,0.022840302081414625,2.165522020875487,-0.025417259211376886,-0.025417259211376886,eod,0,R1_baseline
2026-05-11,KRW-GAS,bear_quiet,5,0.035273531037023395,0.022840302081414625,1.5443548387096775,-0.00534911470361815,-0.00534911470361815,eod,0,R1_baseline
2026-05-11,KRW-ERA,bear_quiet,5,0.14173881009393996,0.1161462650824353,1.2203475505074592,0.012136363636363669,0.012136363636363669,eod,0,R1_baseline
2026-05-12,KRW-META,bear_quiet,5,0.07321790384969608,0.022840302081414625,3.2056451612903225,-0.014833333333333308,-0.014833333333333308,eod,0,R1_baseline
2026-05-12,KRW-AXS,bear_quiet,5,0.07321790384969608,0.06806041628292503,1.0757780784844384,-0.0315,-0.052500953288846575,sl,0,R1_baseline
2026-05-12,KRW-TT,bear_quiet,5,0.07321790384969608,0.06806041628292503,1.0757780784844384,-0.0315,-0.03007142857142847,sl,0,R1_baseline
2026-05-13,KRW-FF,bear_quiet,5,0.27122858721679866,0.28218824829618716,0.9611618798955612,-0.0315,0.07542307692307687,sl,0,R1_baseline
2026-05-13,KRW-JTO,bear_quiet,5,0.27122858721679866,0.3481624758220503,0.7790287755060272,0.0485,0.046252808988763994,tp,0,R1_baseline
2026-05-13,KRW-ATOM,bear_quiet,5,0.09615915998894722,0.14523853379996315,0.6620774630057,0.0485,-0.03158962868117793,tp,0,R1_baseline
2026-05-14,KRW-TIA,bear_quiet,5,0.27122858721679866,0.44437281267268375,0.610362694300518,0.0485,0.017816493313521475,tp,0,R1_baseline
2026-05-14,KRW-AKT,bear_quiet,5,0.27122858721679866,0.44437281267268375,0.610362694300518,-0.0315,-0.0774592795614722,sl,0,R1_baseline
2026-05-14,KRW-FF,bear_quiet,5,0.27122858721679866,0.44437281267268375,0.610362694300518,-0.0315,-0.08086507936507942,sl,0,R1_baseline
2026-05-15,KRW-IMX,bear_quiet,5,0.27122858721679866,0.44437281267268375,0.610362694300518,-0.0315,-0.07816666666666666,sl,0,R1_baseline
2026-05-15,KRW-CPOOL,bear_quiet,5,0.27122858721679866,0.44437281267268375,0.610362694300518,-0.0315,-0.06318224299065417,sl,0,R1_baseline
2026-05-15,KRW-SONIC,bear_quiet,5,0.14173881009393996,0.23330570139080778,0.6075239878365204,-0.0315,-0.06694901065449016,sl,0,R1_baseline
2026-05-16,KRW-ORCA,bear_quiet,5,0.14173881009393996,0.28218824829618716,0.502284595300261,0.0485,0.023350437183617123,tp,0,R1_baseline
2026-05-16,KRW-LAYER,bear_quiet,5,0.09615915998894722,0.23330570139080778,0.41215949467035135,-0.0315,-0.015486013986013956,sl,0,R1_baseline
2026-05-16,KRW-FLOCK,bear_quiet,5,0.14173881009393996,0.3481624758220503,0.4071053601031498,-0.0315,-0.05402525252525253,sl,0,R1_baseline
2026-05-17,KRW-DKA,bear_quiet,5,0.27122858721679866,0.3481624758220503,0.7790287755060272,-0.0315,-0.05309165751920958,sl,0,R1_baseline
2026-05-17,KRW-KITE,bear_quiet,5,0.27122858721679866,0.3481624758220503,0.7790287755060272,0.004769592476489061,0.004769592476489061,eod,0,R1_baseline
2026-05-17,KRW-ATOM,bear_quiet,5,0.14173881009393996,0.18649843433413152,0.76,-0.005767892317793786,-0.005767892317793786,eod,0,R1_baseline
2026-05-18,KRW-KAITO,bear_quiet,5,0.27122858721679866,0.28218824829618716,0.9611618798955612,-0.0315,-0.01654787961696308,sl,0,R1_baseline
2026-05-18,KRW-FF,bear_quiet,5,0.27122858721679866,0.3481624758220503,0.7790287755060272,0.0485,-0.0093125,tp,0,R1_baseline
2026-05-18,KRW-META,bear_quiet,5,0.27122858721679866,0.44437281267268375,0.610362694300518,-0.0315,-0.09906097560975596,sl,0,R1_baseline
2026-05-19,KRW-AKT,bear_quiet,5,0.27122858721679866,0.44437281267268375,0.610362694300518,-0.0315,-0.047614432109308324,sl,0,R1_baseline
2026-05-19,KRW-BIO,bear_quiet,5,0.27122858721679866,0.44437281267268375,0.610362694300518,-0.0315,-0.1327607944732297,sl,0,R1_baseline
2026-05-19,KRW-CFG,bear_quiet,5,0.27122858721679866,0.44437281267268375,0.610362694300518,-0.0315,-0.0750632183908046,sl,0,R1_baseline
2026-05-20,KRW-STORJ,bear_quiet,5,0.27122858721679866,0.3481624758220503,0.7790287755060272,-0.0315,-0.024621387283236984,sl,0,R1_baseline
2026-05-20,KRW-COMP,bear_quiet,5,0.14173881009393996,0.18649843433413152,0.76,-0.013264705882352899,-0.013264705882352899,eod,0,R1_baseline
2026-05-20,KRW-OPEN,bear_quiet,5,0.27122858721679866,0.44437281267268375,0.610362694300518,-0.0315,-0.007730529595015577,sl,0,R1_baseline
2026-05-21,KRW-KAITO,bear_quiet,5,0.14173881009393996,0.1161462650824353,1.2203475505074592,0.0485,0.10204609929078018,tp,0,R1_baseline
2026-05-21,KRW-ORCA,bear_quiet,5,0.09615915998894722,0.1161462650824353,0.8279143536875496,-0.0315,0.01254494382022481,sl,0,R1_baseline
2026-05-21,KRW-OPEN,bear_quiet,5,0.27122858721679866,0.3481624758220503,0.7790287755060272,0.0485,-0.07697169811320753,tp,0,R1_baseline
2026-05-22,KRW-SOMI,bear_quiet,5,0.27122858721679866,0.23330570139080778,1.1625459026501315,-0.0315,-0.04515079365079361,sl,0,R1_baseline
2026-05-22,KRW-ALT,bear_quiet,5,0.27122858721679866,0.23330570139080778,1.1625459026501315,0.0485,0.14664814814814814,tp,1,R1_baseline
2026-05-22,KRW-AXS,bear_quiet,5,0.025511143857063916,0.022840302081414625,1.1169354838709677,-0.0315,-0.035094624860022405,sl,0,R1_baseline
2026-05-23,KRW-2Z,bear_quiet,5,0.27122858721679866,0.3481624758220503,0.7790287755060272,-0.0015,-0.0015,eod,0,R1_baseline
2026-05-23,KRW-MOCA,bear_quiet,5,0.07321790384969608,0.1161462650824353,0.6303939588391358,0.0485,0.05141005291005302,tp,0,R1_baseline
2026-05-23,KRW-SAFE,bear_quiet,5,0.27122858721679866,0.44437281267268375,0.610362694300518,-0.0315,0.021435779816513734,sl,0,R1_baseline
2026-05-24,KRW-ZORA,bear_quiet,5,0.27122858721679866,0.18649843433413152,1.4543209876543208,-0.0315,-0.04243567251462005,sl,0,R1_baseline
2026-05-24,KRW-ENSO,bear_quiet,5,0.025511143857063916,0.022840302081414625,1.1169354838709677,-0.0315,-0.027141025641025662,sl,0,R1_baseline
2026-05-24,KRW-ONG,bear_quiet,5,0.025511143857063916,0.022840302081414625,1.1169354838709677,-0.0315,-0.044637254901960854,sl,0,R1_baseline
2026-05-25,KRW-RED,bear_quiet,5,0.14173881009393996,0.14523853379996315,0.9759036144578315,0.0485,0.03421428571428581,tp,0,R1_baseline
2026-05-25,KRW-ALT,bear_quiet,5,0.27122858721679866,0.3481624758220503,0.7790287755060272,-0.0315,-0.0629035087719299,sl,0,R1_baseline
2026-05-25,KRW-PROVE,bear_quiet,5,0.27122858721679866,0.3481624758220503,0.7790287755060272,-0.014158227848101222,-0.014158227848101222,eod,0,R1_baseline
2026-05-26,KRW-LA,bear_quiet,5,0.27122858721679866,0.18649843433413152,1.4543209876543208,-0.0315,-0.05831818181818177,sl,0,R1_baseline
2026-05-26,KRW-RENDER,bear_quiet,5,0.27122858721679866,0.3481624758220503,0.7790287755060272,0.0485,0.04223267631659994,tp,0,R1_baseline
2026-05-26,KRW-INJ,bear_quiet,5,0.27122858721679866,0.3481624758220503,0.7790287755060272,-0.0315,-0.006828596802841922,sl,0,R1_baseline
2026-05-27,KRW-JTO,bear_quiet,5,0.27122858721679866,0.3481624758220503,0.7790287755060272,-0.0315,0.04419190600522188,sl,0,R1_baseline
2026-05-27,KRW-FF,bear_quiet,5,0.27122858721679866,0.3481624758220503,0.7790287755060272,-0.0315,0.07707142857142851,sl,0,R1_baseline
2026-05-27,KRW-ARKM,bear_quiet,5,0.27122858721679866,0.44437281267268375,0.610362694300518,-0.0315,-0.06317400881057272,sl,0,R1_baseline
2026-05-28,KRW-ALT,bear_quiet,5,0.27122858721679866,0.44437281267268375,0.610362694300518,-0.0315,-0.0907857142857143,sl,0,R1_baseline
2026-05-28,KRW-ICP,bear_quiet,5,0.27122858721679866,0.44437281267268375,0.610362694300518,-0.0315,-0.035016878142207275,sl,0,R1_baseline
2026-05-28,KRW-GRT,bear_quiet,5,0.14173881009393996,0.23330570139080778,0.6075239878365204,-0.0315,-0.026375621890547263,sl,0,R1_baseline
2026-05-29,KRW-BAT,bear_quiet,5,0.27122858721679866,0.3481624758220503,0.7790287755060272,0.0485,0.09052453987730052,tp,0,R1_baseline
2026-05-29,KRW-MON,bear_quiet,5,0.27122858721679866,0.3481624758220503,0.7790287755060272,-0.0315,-0.035113445378151364,sl,0,R1_baseline
2026-05-29,KRW-XPL,bear_quiet,5,0.27122858721679866,0.3481624758220503,0.7790287755060272,0.0485,-0.06532978723404254,tp,0,R1_baseline
2026-05-30,KRW-NEWT,bear_quiet,5,0.27122858721679866,0.23330570139080778,1.1625459026501315,-0.0315,-0.057574766355140194,sl,0,R1_baseline
2026-05-30,KRW-BARD,bear_quiet,5,0.14173881009393996,0.14523853379996315,0.9759036144578315,-0.0315,-0.022189655172413836,sl,0,R1_baseline
2026-05-30,KRW-IOTA,bear_quiet,5,0.27122858721679866,0.3481624758220503,0.7790287755060272,0.0485,-0.05103560371517041,tp,0,R1_baseline
2026-05-31,KRW-RENDER,bear_quiet,5,0.27122858721679866,0.23330570139080778,1.1625459026501315,-0.0315,-0.018763427109974418,sl,0,R1_baseline
2026-05-31,KRW-VET,bear_quiet,5,0.14173881009393996,0.14523853379996315,0.9759036144578315,-0.009234806629834278,-0.009234806629834278,eod,0,R1_baseline
2026-05-31,KRW-ZK,bear_quiet,5,0.27122858721679866,0.28218824829618716,0.9611618798955612,-0.0315,-0.0015,sl,0,R1_baseline
2026-06-01,KRW-INJ,bear_quiet,5,0.27122858721679866,0.3481624758220503,0.7790287755060272,-0.010322003113648113,-0.010322003113648113,eod,0,R1_baseline
2026-06-01,KRW-MANTRA,bear_quiet,5,0.27122858721679866,0.3481624758220503,0.7790287755060272,0.02950775193798455,0.02950775193798455,eod,0,R1_baseline
2026-06-01,KRW-LAYER,bear_quiet,5,0.015473887814313346,0.022840302081414625,0.6774817495476384,-0.0015,-0.0015,eod,0,R1_baseline
2024-04-03,KRW-BTC,bull_volatile,0,0.0,0.15482652820391787,0.0,0.0031745026183461213,0.0031745026183461213,eod,0,A2a
2024-04-04,KRW-BTC,bull_volatile,0,0.0,0.0066068900424728644,0.0,0.028126328988000326,0.028126328988000326,eod,0,A2a
2024-04-05,KRW-BTC,bull_volatile,0,0.0,0.0066068900424728644,0.0,-0.012068656041027746,-0.012068656041027746,eod,0,A2a
2024-04-06,KRW-BTC,bull_volatile,0,0.0,0.0219443133553563,0.0,0.004984728363063575,0.004984728363063575,eod,0,A2a
2024-04-07,KRW-BTC,bull_volatile,0,0.0,0.0066068900424728644,0.0,0.002227272727272801,0.002227272727272801,eod,0,A2a
2024-04-08,KRW-BTC,bull_volatile,0,0.0,0.0066068900424728644,0.0,0.025993483883303636,0.025993483883303636,eod,0,A2a
2024-04-09,KRW-BTC,bull_volatile,0,0.0,0.0066068900424728644,0.0,-0.0315,-0.02795761881430675,sl,0,A2a
2024-04-10,KRW-BTC,bull_volatile,0,0.0,0.0066068900424728644,0.0,0.010480806566809888,0.010480806566809888,eod,0,A2a
2024-04-11,KRW-BTC,bull_volatile,0,0.0,0.0066068900424728644,0.0,-0.002096415542589046,-0.002096415542589046,eod,0,A2a
2024-04-12,KRW-BTC,bull_volatile,0,0.0,0.0066068900424728644,0.0,-0.009118706610172831,-0.009118706610172831,eod,0,A2a
2024-04-13,KRW-BTC,bull_volatile,0,0.0,0.0066068900424728644,0.0,-0.0315,-0.026548923679060643,sl,0,A2a
2024-04-14,KRW-BTC,bull_volatile,0,0.0,0.0219443133553563,0.0,0.017162519440124424,0.017162519440124424,eod,0,A2a
2024-04-15,KRW-BTC,bull_volatile,0,0.0,0.0066068900424728644,0.0,-0.0315,-0.025799764482315968,sl,0,A2a
2024-04-16,KRW-BTC,bull_volatile,0,0.0,0.0370545197073401,0.0,-0.0315,-0.011165388998238877,sl,0,A2a
2024-04-17,KRW-BTC,bull_volatile,0,0.0,0.0219443133553563,0.0,-0.0315,-0.04520430034415307,sl,0,A2a
2024-04-18,KRW-BTC,bull_volatile,0,0.0,0.15482652820391787,0.0,0.01946479620293312,0.01946479620293312,eod,0,A2a
2024-04-19,KRW-BTC,bull_volatile,0,0.0,0.0219443133553563,0.0,-0.0315,-0.001521415110502021,sl,0,A2a
2024-04-20,KRW-BTC,bull_volatile,0,0.0,0.0370545197073401,0.0,0.013651515151515138,0.013651515151515138,eod,0,A2a
2024-04-21,KRW-BTC,bull_quiet,0,0.0,0.0066068900424728644,0.0,-0.0012047659215521076,-0.0012047659215521076,eod,0,A2a
2024-04-22,KRW-BTC,bull_quiet,0,0.0,0.0066068900424728644,0.0,0.02253304148096641,0.02253304148096641,eod,0,A2a
2024-04-23,KRW-BTC,bull_quiet,0,0.0,0.0066068900424728644,0.0,-0.013779023848455916,-0.013779023848455916,eod,0,A2a
2024-04-24,KRW-BTC,bull_quiet,0,0.0,0.0066068900424728644,0.0,-0.0315,-0.027907552747447217,sl,0,A2a
2024-04-25,KRW-BTC,bull_quiet,0,0.0,0.0066068900424728644,0.0,-0.00978699743370398,-0.00978699743370398,eod,0,A2a
2024-04-26,KRW-BTC,bull_quiet,0,0.0,0.0066068900424728644,0.0,-0.01023211802373841,-0.01023211802373841,eod,0,A2a
2024-04-27,KRW-BTC,bull_quiet,0,0.0,0.0066068900424728644,0.0,-0.006458947311184847,-0.006458947311184847,eod,0,A2a
2024-04-28,KRW-BTC,bull_quiet,0,0.0,0.0066068900424728644,0.0,-0.012090279675187663,-0.012090279675187663,eod,0,A2a
2024-04-29,KRW-BTC,bull_quiet,0,0.0,0.0370545197073401,0.0,0.008076618470612975,0.008076618470612975,eod,0,A2a
2024-04-30,KRW-BTC,bull_quiet,0,0.0,0.0219443133553563,0.0,-0.0315,-0.048141137855579885,sl,0,A2a
2024-05-01,KRW-BTC,bull_quiet,0,0.0,0.2846353552041539,0.0,-0.0315,-0.043415274463007136,sl,0,A2a
2024-05-02,KRW-BTC,bull_volatile,0,0.0011798017932987258,0.19395941481831053,0.006082725060827251,-0.0315,-0.006541976550617333,sl,0,A2a
2024-05-03,KRW-BTC,bull_quiet,0,0.0,0.06347333647947145,0.0,0.0485,0.07305232502166176,tp,0,A2a
2024-05-04,KRW-BTC,bull_volatile,0,0.0,0.0066068900424728644,0.0,0.009833729043240704,0.009833729043240704,eod,0,A2a
2024-05-05,KRW-BTC,bull_volatile,0,0.0,0.0066068900424728644,0.0,-0.004179866671096209,-0.004179866671096209,eod,0,A2a
2024-05-06,KRW-BTC,bull_volatile,0,0.0011798017932987258,0.0066068900424728644,0.17857142857142858,-0.015884017758046654,-0.015884017758046654,eod,0,A2a
2024-05-07,KRW-BTC,bull_volatile,0,0.0011798017932987258,0.0066068900424728644,0.17857142857142858,-0.01484760081099351,-0.01484760081099351,eod,0,A2a
2024-05-08,KRW-BTC,bull_volatile,0,0.0011798017932987258,0.0066068900424728644,0.17857142857142858,-0.021170072492722236,-0.021170072492722236,eod,0,A2a
2024-05-09,KRW-BTC,bull_volatile,0,0.0011798017932987258,0.0066068900424728644,0.17857142857142858,0.024631917272219195,0.024631917272219195,eod,0,A2a
2024-05-10,KRW-BTC,bull_volatile,0,0.003540240736370073,0.0066068900424728644,0.5358407228834418,-0.0315,-0.02730689091651911,sl,0,A2a
2024-05-11,KRW-BTC,bull_volatile,0,0.0,0.06347333647947145,0.0,-0.0020941147689941806,-0.0020941147689941806,eod,0,A2a
2024-05-12,KRW-BTC,bull_volatile,0,0.0,0.0370545197073401,0.0,0.00700905106596267,0.00700905106596267,eod,0,A2a
2024-05-13,KRW-BTC,bull_volatile,0,0.0,0.0370545197073401,0.0,0.01476194796638969,0.01476194796638969,eod,0,A2a
2024-05-14,KRW-BTC,bull_volatile,0,0.0011798017932987258,0.0219443133553563,0.053763440860215055,-0.017807685309436605,-0.017807685309436605,eod,0,A2a
2024-05-15,KRW-BTC,bull_volatile,0,0.0,0.0219443133553563,0.0,0.0485,0.06307167953400211,tp,0,A2a
2024-05-16,KRW-BTC,bull_volatile,0,0.03469435921642672,0.1149126946672959,0.3019192902653315,-0.015732827783869474,-0.015732827783869474,eod,0,A2a
2024-05-17,KRW-BTC,bull_volatile,0,0.003540240736370073,0.0370545197073401,0.09554140127388536,0.01839233699182069,0.01839233699182069,eod,0,A2a
2024-05-18,KRW-BTC,bull_volatile,0,0.0,0.0219443133553563,0.0,0.0031852059763364817,0.0031852059763364817,eod,0,A2a
2024-05-19,KRW-BTC,bull_volatile,0,0.0,0.0066068900424728644,0.0,-0.010966400189113155,-0.010966400189113155,eod,0,A2a
2024-05-20,KRW-BTC,bull_volatile,0,0.0,0.0066068900424728644,0.0,0.0485,0.05355234040245166,tp,0,A2a
2024-05-21,KRW-BTC,bull_volatile,0,0.003540240736370073,0.0370545197073401,0.09554140127388536,-0.007257762697923052,-0.007257762697923052,eod,0,A2a
2024-05-22,KRW-BTC,bull_volatile,0,0.0011798017932987258,0.0370545197073401,0.03183961909685797,-0.014899919352337197,-0.014899919352337197,eod,0,A2a
2024-05-23,KRW-BTC,bull_volatile,0,0.0011798017932987258,0.0066068900424728644,0.17857142857142858,-0.006960014043030314,-0.006960014043030314,eod,0,A2a
2024-05-24,KRW-BTC,bull_volatile,0,0.0011798017932987258,0.0066068900424728644,0.17857142857142858,0.001840463871355226,0.001840463871355226,eod,0,A2a
2024-05-25,KRW-BTC,bull_volatile,0,0.0,0.0066068900424728644,0.0,0.009275726258743568,0.009275726258743568,eod,0,A2a
2024-05-26,KRW-BTC,bull_volatile,0,0.0,0.0066068900424728644,0.0,-0.00804613466334164,-0.00804613466334164,eod,0,A2a
2024-05-27,KRW-BTC,bull_volatile,0,0.0,0.0066068900424728644,0.0,0.0028499173933956303,0.0028499173933956303,eod,0,A2a
2024-05-28,KRW-BTC,bull_volatile,0,0.0,0.0066068900424728644,0.0,-0.016596304008328955,-0.016596304008328955,eod,0,A2a
2024-05-29,KRW-BTC,bull_volatile,0,0.0,0.0219443133553563,0.0,-0.009360206647368306,-0.009360206647368306,eod,0,A2a
2024-05-30,KRW-BTC,bull_volatile,0,0.0,0.0219443133553563,0.0,0.009499893515067694,0.009499893515067694,eod,0,A2a
2024-05-31,KRW-BTC,bull_volatile,0,0.0,0.0219443133553563,0.0,-0.006710526315789443,-0.006710526315789443,eod,0,A2a
2024-06-01,KRW-BTC,bull_volatile,0,0.0,0.0219443133553563,0.0,0.0007856175399983414,0.0007856175399983414,eod,0,A2a
2024-06-02,KRW-BTC,bull_volatile,0,0.0,0.0219443133553563,0.0,0.001011555264768539,0.001011555264768539,eod,0,A2a
2024-06-03,KRW-BTC,bull_quiet,0,0.0,0.0219443133553563,0.0,0.008963157894736952,0.008963157894736952,eod,0,A2a
2024-06-04,KRW-BTC,bull_quiet,0,0.0,0.0066068900424728644,0.0,0.014188480530033023,0.014188480530033023,eod,0,A2a
2024-06-05,KRW-BTC,bull_quiet,0,0.0,0.0066068900424728644,0.0,0.007680428761924376,0.007680428761924376,eod,0,A2a
2024-06-06,KRW-BTC,bull_quiet,0,0.0,0.0066068900424728644,0.0,-0.0020183717030035062,-0.0020183717030035062,eod,0,A2a
2024-06-07,KRW-BTC,bull_quiet,0,0.0,0.0066068900424728644,0.0,-0.005588648406749273,-0.005588648406749273,eod,0,A2a
2024-06-08,KRW-BTC,bull_quiet,0,0.0,0.0066068900424728644,0.0,0.0006037796546123921,0.0006037796546123921,eod,0,A2a
2024-06-09,KRW-BTC,bull_quiet,0,0.0,0.0066068900424728644,0.0,-0.003069234845165468,-0.003069234845165468,eod,0,A2a
2024-06-10,KRW-BTC,bull_quiet,0,0.0,0.0066068900424728644,0.0,-0.008715537389138937,-0.008715537389138937,eod,0,A2a
2024-06-11,KRW-BTC,bull_quiet,0,0.0,0.0066068900424728644,0.0,-0.0315,-0.02154543632233058,sl,0,A2a
2024-06-12,KRW-BTC,bull_quiet,0,0.0,0.0066068900424728644,0.0,0.004846442320804835,0.004846442320804835,eod,0,A2a
2024-06-13,KRW-BTC,bull_quiet,0,0.0,0.0066068900424728644,0.0,-0.015259459628494563,-0.015259459628494563,eod,0,A2a
2024-06-14,KRW-BTC,bull_quiet,0,0.0,0.0219443133553563,0.0,-0.00822204959096967,-0.00822204959096967,eod,0,A2a
2024-06-15,KRW-BTC,bull_quiet,0,0.0,0.0066068900424728644,0.0,-0.002234206578065333,-0.002234206578065333,eod,0,A2a
2024-06-16,KRW-BTC,bull_quiet,0,0.0,0.0219443133553563,0.0,0.0017583348418215862,0.0017583348418215862,eod,0,A2a
2024-06-17,KRW-BTC,bull_quiet,0,0.0,0.0066068900424728644,0.0,-0.008197162992602368,-0.008197162992602368,eod,0,A2a
2024-06-18,KRW-BTC,bull_quiet,0,0.0,0.0066068900424728644,0.0,-0.0315,-0.022228931818910336,sl,0,A2a
2024-06-19,KRW-BTC,bull_quiet,0,0.0,0.0066068900424728644,0.0,-0.0025256522166089966,-0.0025256522166089966,eod,0,A2a
2024-06-20,KRW-BTC,bull_quiet,0,0.0,0.0219443133553563,0.0,0.001023238921233517,0.001023238921233517,eod,0,A2a
2024-06-21,KRW-BTC,bull_quiet,0,0.0,0.0066068900424728644,0.0,-0.01752763159328391,-0.01752763159328391,eod,0,A2a
2024-06-22,KRW-BTC,bull_quiet,0,0.0,0.0066068900424728644,0.0,0.004767440315365303,0.004767440315365303,eod,0,A2a
2024-06-23,KRW-BTC,bull_quiet,0,0.0,0.0066068900424728644,0.0,-0.021615764685168515,-0.021615764685168515,eod,0,A2a
2024-06-24,KRW-BTC,bull_quiet,0,0.0,0.40608777725342143,0.0,-0.0315,-0.041948933782267106,sl,0,A2a
2024-06-25,KRW-BTC,bull_quiet,0,0.0011798017932987258,0.06347333647947145,0.018587360594795536,0.021366834317796457,0.021366834317796457,eod,0,A2a
2024-06-26,KRW-BTC,bull_quiet,0,0.0,0.0066068900424728644,0.0,-0.017918371196963323,-0.017918371196963323,eod,0,A2a
2024-06-27,KRW-BTC,bull_quiet,0,0.0,0.0066068900424728644,0.0,0.007699461041676349,0.007699461041676349,eod,0,A2a
2024-06-28,KRW-BTC,bull_quiet,0,0.0,0.0066068900424728644,0.0,-0.021264028776978472,-0.021264028776978472,eod,0,A2a
2024-06-29,KRW-BTC,bull_quiet,0,0.0,0.0066068900424728644,0.0,0.005639753631527635,0.005639753631527635,eod,0,A2a
2024-06-30,KRW-BTC,bull_quiet,0,0.0,0.0066068900424728644,0.0,0.023626799976680435,0.023626799976680435,eod,0,A2a
2024-07-01,KRW-BTC,bull_quiet,0,0.0,0.0066068900424728644,0.0,0.0022875341219291147,0.0022875341219291147,eod,0,A2a
2024-07-02,KRW-BTC,bull_quiet,0,0.0,0.0066068900424728644,0.0,-0.012954922444170012,-0.012954922444170012,eod,0,A2a
2024-07-03,KRW-BTC,bull_quiet,0,0.0,0.0066068900424728644,0.0,-0.0315,-0.02371840265841646,sl,0,A2a
2024-07-04,KRW-BTC,bull_quiet,0,0.0,0.0219443133553563,0.0,-0.0315,-0.04428632618860667,sl,0,A2a
2024-07-05,KRW-BTC,bear_quiet,0,0.009910335063709298,0.40608777725342143,0.02440441603718768,-0.0315,-0.008380509304603377,sl,0,A2a
2024-07-06,KRW-BTC,bear_quiet,0,0.009910335063709298,0.06347333647947145,0.15613382899628253,0.019555745950343983,0.019555745950343983,eod,0,A2a
2024-07-07,KRW-BTC,bull_quiet,0,0.0,0.0066068900424728644,0.0,-0.0315,-0.04317773083886539,sl,0,A2a
2024-07-08,KRW-BTC,bear_quiet,0,0.0,0.0370545197073401,0.0,0.012820440318903671,0.012820440318903671,eod,0,A2a
2024-07-09,KRW-BTC,bear_quiet,0,0.0,0.0066068900424728644,0.0,0.017680362488975032,0.017680362488975032,eod,0,A2a
2024-07-10,KRW-BTC,bear_quiet,0,0.0,0.0066068900424728644,0.0,-0.0032917433540948214,-0.0032917433540948214,eod,0,A2a
2024-07-11,KRW-BTC,bear_quiet,0,0.0,0.0066068900424728644,0.0,-0.011948453482410968,-0.011948453482410968,eod,0,A2a
2024-07-12,KRW-BTC,bear_quiet,0,0.0,0.0066068900424728644,0.0,0.004297458986061433,0.004297458986061433,eod,0,A2a
2024-07-13,KRW-BTC,bear_quiet,0,0.0,0.0066068900424728644,0.0,0.015091455339186823,0.015091455339186823,eod,0,A2a
2024-07-14,KRW-BTC,bear_quiet,0,0.0,0.0066068900424728644,0.0,0.02900626651065724,0.02900626651065724,eod,0,A2a
2024-07-15,KRW-BTC,bull_quiet,0,0.0,0.0066068900424728644,0.0,0.0485,0.06559586796207412,tp,0,A2a
2024-07-16,KRW-BTC,bull_volatile,0,0.003540240736370073,0.0219443133553563,0.1613283896853373,-0.0315,-0.005394166428994538,sl,0,A2a
2024-07-17,KRW-BTC,bull_volatile,0,0.0011798017932987258,0.0219443133553563,0.053763440860215055,-0.016451830443159954,-0.016451830443159954,eod,0,A2a
2024-07-18,KRW-BTC,bull_volatile,0,0.003540240736370073,0.0066068900424728644,0.5358407228834418,0.0028145846373959795,0.0028145846373959795,eod,0,A2a
2024-07-19,KRW-BTC,bull_volatile,0,0.003540240736370073,0.0066068900424728644,0.5358407228834418,0.03360294936004454,0.03360294936004454,eod,0,A2a
2024-07-20,KRW-BTC,bull_volatile,0,0.022888154789995282,0.0066068900424728644,3.4642857142857144,0.009908111479076278,0.009908111479076278,eod,0,A2a
2024-07-21,KRW-BTC,bull_volatile,0,0.003540240736370073,0.0066068900424728644,0.5358407228834418,0.008354049514738561,0.008354049514738561,eod,0,A2a
2024-07-22,KRW-BTC,bull_volatile,0,0.0011798017932987258,0.0219443133553563,0.053763440860215055,-0.008268421052631534,-0.008268421052631534,eod,0,A2a
2024-07-23,KRW-BTC,bull_volatile,0,0.0011798017932987258,0.0066068900424728644,0.17857142857142858,-0.02328524458020448,-0.02328524458020448,eod,0,A2a
2024-07-24,KRW-BTC,bull_volatile,0,0.0,0.0066068900424728644,0.0,-0.009339607911172774,-0.009339607911172774,eod,0,A2a
2024-07-25,KRW-BTC,bull_quiet,0,0.0,0.0066068900424728644,0.0,0.009035403984655912,0.009035403984655912,eod,0,A2a
2024-07-26,KRW-BTC,bull_quiet,0,0.0011798017932987258,0.0066068900424728644,0.17857142857142858,0.022852527710191917,0.022852527710191917,eod,0,A2a
2024-07-27,KRW-BTC,bull_quiet,0,0.0011798017932987258,0.0066068900424728644,0.17857142857142858,-0.005166564524139048,-0.005166564524139048,eod,0,A2a
2024-07-28,KRW-BTC,bull_quiet,0,0.0011798017932987258,0.0066068900424728644,0.17857142857142858,0.009333041837589264,0.009333041837589264,eod,0,A2a
2024-07-29,KRW-BTC,bull_quiet,0,0.0011798017932987258,0.0066068900424728644,0.17857142857142858,-0.01979850151526269,-0.01979850151526269,eod,0,A2a
2024-07-30,KRW-BTC,bull_quiet,0,0.0,0.0066068900424728644,0.0,-0.010228166230436373,-0.010228166230436373,eod,0,A2a
2024-07-31,KRW-BTC,bull_quiet,0,0.0,0.0066068900424728644,0.0,-0.02784982217911408,-0.02784982217911408,eod,0,A2a
2024-08-01,KRW-BTC,bull_volatile,0,0.0,0.0066068900424728644,0.0,0.014471930135257884,0.014471930135257884,eod,0,A2a
2024-08-02,KRW-BTC,bull_volatile,0,0.0,0.0066068900424728644,0.0,-0.0315,-0.05704042423384065,sl,0,A2a
2024-08-03,KRW-BTC,bull_volatile,0,0.0,0.40608777725342143,0.0,-0.009966853537276053,-0.009966853537276053,eod,0,A2a
2024-08-04,KRW-BTC,bear_volatile,0,0.0,0.0370545197073401,0.0,-0.0315,-0.049002152314028435,sl,0,A2a
2024-08-05,KRW-BTC,bear_volatile,0,0.0,0.40608777725342143,0.0,-0.0315,-0.0508214935691515,sl,0,A2a
2024-08-06,KRW-BTC,bear_volatile,0,0.003540240736370073,0.19395941481831053,0.018252482044691445,0.0485,0.029842400946185788,tp,0,A2a
2024-08-07,KRW-BTC,bear_volatile,0,0.0,0.06347333647947145,0.0,-0.0236789786193648,-0.0236789786193648,eod,0,A2a
2024-08-13,KRW-BTC,bear_volatile,1,0.0003598416696653472,0.010255487585462396,0.03508771929824561,0.015241379931976886,0.015241379931976886,eod,0,A2a
2024-08-14,KRW-BTC,bear_volatile,1,0.0003598416696653472,0.010255487585462396,0.03508771929824561,-0.026681174412143738,-0.026681174412143738,eod,0,A2a
2024-08-15,KRW-BTC,bear_volatile,1,0.0003598416696653472,0.010255487585462396,0.03508771929824561,-0.0315,-0.01891872877244055,sl,0,A2a
2024-08-16,KRW-BTC,bear_volatile,1,0.0003598416696653472,0.1297229219143577,0.002773925104022191,0.012874907457677333,0.012874907457677333,eod,0,A2a
2024-08-17,KRW-BTC,bear_volatile,1,0.0021590500179920835,0.1297229219143577,0.016643550624133148,0.006579333211656659,0.006579333211656659,eod,0,A2a
2024-08-18,KRW-BTC,bear_volatile,1,0.0003598416696653472,0.05938456001439626,0.0060595156313040435,-0.017450060974873505,-0.017450060974873505,eod,0,A2a
2024-08-19,KRW-BTC,bear_volatile,1,0.0003598416696653472,0.05938456001439626,0.0060595156313040435,0.0007085889570551131,0.0007085889570551131,eod,0,A2a
2024-08-20,KRW-BTC,bear_volatile,1,0.0003598416696653472,0.0327455919395466,0.010989010989010988,-0.012849445383089684,-0.012849445383089684,eod,0,A2a
2024-08-21,KRW-BTC,bear_volatile,1,0.0003598416696653472,0.0327455919395466,0.010989010989010988,0.02511267352726293,0.02511267352726293,eod,0,A2a
2024-08-22,KRW-BTC,bear_volatile,1,0.0021590500179920835,0.05938456001439626,0.036357093787824264,-0.012320265379975824,-0.012320265379975824,eod,0,A2a
2024-08-23,KRW-BTC,bear_volatile,1,0.0003598416696653472,0.010255487585462396,0.03508771929824561,0.0485,0.04224969516656102,tp,0,A2a
2024-08-24,KRW-BTC,bear_volatile,1,0.005398596364945114,0.010255487585462396,0.5264105016906131,0.0004509345794392896,0.0004509345794392896,eod,0,A2a
2024-08-25,KRW-BTC,bear_volatile,1,0.0021590500179920835,0.010255487585462396,0.2105263157894737,0.003709365203305172,0.003709365203305172,eod,0,A2a
2024-08-26,KRW-BTC,bear_volatile,1,0.0003598416696653472,0.010255487585462396,0.03508771929824561,-0.022743042671614144,-0.022743042671614144,eod,0,A2a
2024-08-27,KRW-BTC,bear_volatile,1,0.0003598416696653472,0.010255487585462396,0.03508771929824561,-0.0315,-0.04246768078855084,sl,0,A2a
2024-08-28,KRW-BTC,bear_volatile,1,0.0003598416696653472,0.1297229219143577,0.002773925104022191,-0.006169722163885059,-0.006169722163885059,eod,0,A2a
2024-08-29,KRW-BTC,bear_volatile,1,0.0003598416696653472,0.0327455919395466,0.010989010989010988,0.0006335185690540825,0.0006335185690540825,eod,0,A2a
2024-08-30,KRW-BTC,bear_volatile,1,0.0003598416696653472,0.0327455919395466,0.010989010989010988,-0.005289708341073727,-0.005289708341073727,eod,0,A2a
2024-08-31,KRW-BTC,bear_volatile,1,0.0003598416696653472,0.010255487585462396,0.03508771929824561,-0.003700425166896669,-0.003700425166896669,eod,0,A2a
2024-09-01,KRW-BTC,bear_volatile,1,0.0003598416696653472,0.010255487585462396,0.03508771929824561,-0.026394146948941433,-0.026394146948941433,eod,0,A2a
2024-09-02,KRW-BTC,bear_volatile,1,0.0003598416696653472,0.4100395825836632,0.000877577885037297,0.022790257078272813,0.022790257078272813,eod,0,A2a
2024-09-03,KRW-BTC,bear_volatile,1,0.0003598416696653472,0.010255487585462396,0.03508771929824561,-0.02611151195683331,-0.02611151195683331,eod,0,A2a
2024-09-04,KRW-BTC,bear_volatile,1,0.0003598416696653472,0.28900485873672843,0.0012451059516378174,0.004492078701929194,0.004492078701929194,eod,0,A2a
2024-09-05,KRW-BTC,bear_volatile,1,0.0003598416696653472,0.010255487585462396,0.03508771929824561,-0.0315,-0.03209474974282117,sl,0,A2a
2024-09-06,KRW-BTC,bear_volatile,1,0.0003598416696653472,0.22741993522849946,0.0015822784810126582,-0.0315,-0.036689309576837414,sl,0,A2a
2024-09-07,KRW-BTC,bear_volatile,1,0.0003598416696653472,0.1297229219143577,0.002773925104022191,-0.001554315354950818,-0.001554315354950818,eod,0,A2a
2024-09-08,KRW-BTC,bear_quiet,1,0.0003598416696653472,0.010255487585462396,0.03508771929824561,0.009322922324823514,0.009322922324823514,eod,0,A2a
2024-09-09,KRW-BTC,bear_quiet,1,0.0003598416696653472,0.010255487585462396,0.03508771929824561,0.0485,0.036598308682276814,tp,0,A2a
2024-09-10,KRW-BTC,bear_quiet,1,0.0003598416696653472,0.010255487585462396,0.03508771929824561,0.009033807829181452,0.009033807829181452,eod,0,A2a
2024-09-11,KRW-BTC,bear_quiet,1,0.0003598416696653472,0.010255487585462396,0.03508771929824561,-0.0315,-0.01161640265843694,sl,0,A2a
2024-09-12,KRW-BTC,bear_quiet,1,0.0003598416696653472,0.010255487585462396,0.03508771929824561,0.010237180232933797,0.010237180232933797,eod,0,A2a
2024-09-13,KRW-BTC,bear_quiet,1,0.0003598416696653472,0.010255487585462396,0.03508771929824561,0.032498134638234755,0.032498134638234755,eod,0,A2a
2024-09-14,KRW-BTC,bear_quiet,1,0.0021590500179920835,0.010255487585462396,0.2105263157894737,-0.006516681082416929,-0.006516681082416929,eod,0,A2a
2024-09-15,KRW-BTC,bear_quiet,1,0.0003598416696653472,0.010255487585462396,0.03508771929824561,-0.01185716059808256,-0.01185716059808256,eod,0,A2a
2024-09-16,KRW-BTC,bear_quiet,1,0.0003598416696653472,0.010255487585462396,0.03508771929824561,-0.016834228457416722,-0.016834228457416722,eod,0,A2a
2024-09-17,KRW-BTC,bear_quiet,1,0.0003598416696653472,0.010255487585462396,0.03508771929824561,0.032246240505683865,0.032246240505683865,eod,0,A2a
2024-09-18,KRW-BTC,bear_quiet,1,0.0021590500179920835,0.0327455919395466,0.06593406593406594,0.016844099807682922,0.016844099807682922,eod,0,A2a
2024-09-19,KRW-BTC,bear_quiet,1,0.0021590500179920835,0.010255487585462396,0.2105263157894737,0.014104760117671202,0.014104760117671202,eod,0,A2a
2024-09-20,KRW-BTC,bear_quiet,1,0.0021590500179920835,0.010255487585462396,0.2105263157894737,0.004388593532083375,0.004388593532083375,eod,0,A2a
2024-09-21,KRW-BTC,bear_quiet,1,0.0021590500179920835,0.010255487585462396,0.2105263157894737,-0.00101412590064459,-0.00101412590064459,eod,0,A2a
2024-09-22,KRW-BTC,bear_quiet,1,0.0003598416696653472,0.010255487585462396,0.03508771929824561,0.003237708607232216,0.003237708607232216,eod,0,A2a
2024-09-23,KRW-BTC,bear_quiet,1,0.0003598416696653472,0.010255487585462396,0.03508771929824561,-0.003939944364553636,-0.003939944364553636,eod,0,A2a
2024-09-24,KRW-BTC,bear_quiet,1,0.0003598416696653472,0.010255487585462396,0.03508771929824561,0.005802375044310639,0.005802375044310639,eod,0,A2a
2024-09-25,KRW-BTC,bear_quiet,1,0.0003598416696653472,0.010255487585462396,0.03508771929824561,-0.011893205705705677,-0.011893205705705677,eod,0,A2a
2024-09-26,KRW-BTC,bear_quiet,1,0.0003598416696653472,0.010255487585462396,0.03508771929824561,0.017916324885612067,0.017916324885612067,eod,0,A2a
2024-09-27,KRW-BTC,bear_quiet,1,0.0003598416696653472,0.010255487585462396,0.03508771929824561,0.01025129147856846,0.01025129147856846,eod,0,A2a
2024-09-28,KRW-BTC,bear_quiet,1,0.0021590500179920835,0.010255487585462396,0.2105263157894737,-0.004098955817751047,-0.004098955817751047,eod,0,A2a
2024-09-29,KRW-BTC,bear_quiet,1,0.0003598416696653472,0.010255487585462396,0.03508771929824561,-0.01041261486665662,-0.01041261486665662,eod,0,A2a
2024-09-30,KRW-BTC,bear_quiet,1,0.0003598416696653472,0.010255487585462396,0.03508771929824561,-0.0315,-0.027419635170664758,sl,0,A2a
2024-10-01,KRW-BTC,bear_quiet,1,0.0003598416696653472,0.010255487585462396,0.03508771929824561,-0.0315,-0.02813322584497796,sl,0,A2a
2024-10-02,KRW-BTC,bear_quiet,1,0.0003598416696653472,0.0327455919395466,0.010989010989010988,0.0010398773006135577,0.0010398773006135577,eod,0,A2a
2024-10-03,KRW-BTC,bear_quiet,1,0.0003598416696653472,0.010255487585462396,0.03508771929824561,0.007275257933836711,0.007275257933836711,eod,0,A2a
2024-10-04,KRW-BTC,bear_quiet,1,0.0003598416696653472,0.010255487585462396,0.03508771929824561,0.015538628171988313,0.015538628171988313,eod,0,A2a
2024-10-05,KRW-BTC,bear_quiet,1,0.0003598416696653472,0.010255487585462396,0.03508771929824561,0.00031375590663934713,0.00031375590663934713,eod,0,A2a
2024-10-06,KRW-BTC,bear_quiet,1,0.0003598416696653472,0.010255487585462396,0.03508771929824561,0.004881180280248034,0.004881180280248034,eod,0,A2a
2024-10-07,KRW-BTC,bear_quiet,1,0.0003598416696653472,0.010255487585462396,0.03508771929824561,-0.007350585058505886,-0.007350585058505886,eod,0,A2a
2024-10-08,KRW-BTC,bear_quiet,1,0.0003598416696653472,0.010255487585462396,0.03508771929824561,0.0008468585451860146,0.0008468585451860146,eod,0,A2a
2024-10-09,KRW-BTC,bear_quiet,1,0.0003598416696653472,0.010255487585462396,0.03508771929824561,-0.022346456458954778,-0.022346456458954778,eod,0,A2a
2024-10-10,KRW-BTC,bear_quiet,1,0.0003598416696653472,0.010255487585462396,0.03508771929824561,-0.004558883507519705,-0.004558883507519705,eod,0,A2a
2024-10-11,KRW-BTC,bear_quiet,1,0.0003598416696653472,0.010255487585462396,0.03508771929824561,0.026747555734131956,0.026747555734131956,eod,0,A2a
2024-10-12,KRW-BTC,bear_quiet,1,0.0003598416696653472,0.010255487585462396,0.03508771929824561,0.004491711071640094,0.004491711071640094,eod,0,A2a
2024-10-13,KRW-BTC,bear_quiet,1,0.0003598416696653472,0.010255487585462396,0.03508771929824561,-0.003747138134287119,-0.003747138134287119,eod,0,A2a
2024-10-14,KRW-BTC,bear_quiet,1,0.0003598416696653472,0.010255487585462396,0.03508771929824561,0.0440049420867637,0.0440049420867637,eod,0,A2a
2024-10-15,KRW-BTC,bull_quiet,1,0.0003598416696653472,0.010255487585462396,0.03508771929824561,0.020611913357400813,0.020611913357400813,eod,0,A2a
2024-10-16,KRW-BTC,bull_quiet,1,0.0021590500179920835,0.010255487585462396,0.2105263157894737,0.010563898893037939,0.010563898893037939,eod,0,A2a
2024-10-17,KRW-BTC,bull_quiet,1,0.0021590500179920835,0.010255487585462396,0.2105263157894737,-0.00024467852854498243,-0.00024467852854498243,eod,0,A2a
2024-10-18,KRW-BTC,bull_quiet,1,0.0021590500179920835,0.010255487585462396,0.2105263157894737,0.015632021186163636,0.015632021186163636,eod,0,A2a
2024-10-19,KRW-BTC,bull_quiet,1,0.0003598416696653472,0.010255487585462396,0.03508771929824561,-0.0018856123738725792,-0.0018856123738725792,eod,0,A2a
2024-10-20,KRW-BTC,bull_quiet,1,0.0003598416696653472,0.010255487585462396,0.03508771929824561,0.004704324810869855,0.004704324810869855,eod,0,A2a
2024-10-21,KRW-BTC,bull_quiet,1,0.0021590500179920835,0.010255487585462396,0.2105263157894737,-0.02003015409846537,-0.02003015409846537,eod,0,A2a
2024-10-22,KRW-BTC,bull_quiet,1,0.0003598416696653472,0.010255487585462396,0.03508771929824561,0.006269012923036778,0.006269012923036778,eod,0,A2a
2024-10-23,KRW-BTC,bull_quiet,1,0.0003598416696653472,0.010255487585462396,0.03508771929824561,-0.006904998008118222,-0.006904998008118222,eod,0,A2a
2024-10-24,KRW-BTC,bull_quiet,1,0.0003598416696653472,0.010255487585462396,0.03508771929824561,0.016924898511502084,0.016924898511502084,eod,0,A2a
2024-10-25,KRW-BTC,bull_quiet,1,0.0003598416696653472,0.010255487585462396,0.03508771929824561,-0.004848321056156122,-0.004848321056156122,eod,0,A2a
2024-10-26,KRW-BTC,bull_quiet,1,0.0003598416696653472,0.010255487585462396,0.03508771929824561,0.0009636846483649943,0.0009636846483649943,eod,0,A2a
2024-10-27,KRW-BTC,bull_quiet,1,0.0003598416696653472,0.010255487585462396,0.03508771929824561,0.007287888459778959,0.007287888459778959,eod,0,A2a
2024-10-28,KRW-BTC,bull_quiet,1,0.0003598416696653472,0.010255487585462396,0.03508771929824561,0.025676664135661886,0.025676664135661886,eod,0,A2a
2024-10-29,KRW-BTC,bull_quiet,1,0.0003598416696653472,0.010255487585462396,0.03508771929824561,0.03858172400694043,0.03858172400694043,eod,0,A2a
2024-10-30,KRW-BTC,bull_quiet,1,0.0003598416696653472,0.010255487585462396,0.03508771929824561,-0.008696446199407735,-0.008696446199407735,eod,0,A2a
2024-10-31,KRW-BTC,bull_quiet,1,0.0003598416696653472,0.010255487585462396,0.03508771929824561,-0.0315,-0.02595038828290458,sl,0,A2a
2024-11-01,KRW-BTC,bull_quiet,1,0.0003598416696653472,0.010255487585462396,0.03508771929824561,-0.009929142204827155,-0.009929142204827155,eod,0,A2a
2024-11-02,KRW-BTC,bull_quiet,1,0.0003598416696653472,0.010255487585462396,0.03508771929824561,-0.002794551581715986,-0.002794551581715986,eod,0,A2a
2024-11-03,KRW-BTC,bull_quiet,1,0.0003598416696653472,0.010255487585462396,0.03508771929824561,-0.0315,-0.015100123450439816,sl,0,A2a
2024-11-04,KRW-BTC,bull_quiet,1,0.0003598416696653472,0.010255487585462396,0.03508771929824561,-0.0315,-0.019189895506683208,sl,0,A2a
2024-11-05,KRW-BTC,bull_quiet,1,0.0003598416696653472,0.010255487585462396,0.03508771929824561,0.018449304796954114,0.018449304796954114,eod,0,A2a
2024-11-06,KRW-BTC,bull_quiet,1,0.0003598416696653472,0.0327455919395466,0.010989010989010988,0.0485,0.08050964697076807,tp,0,A2a
2024-11-07,KRW-BTC,bull_quiet,1,0.02195034184958618,0.0327455919395466,0.6703296703296703,-0.0012117740308401057,-0.0012117740308401057,eod,0,A2a
2024-11-08,KRW-BTC,bull_quiet,1,0.005398596364945114,0.0327455919395466,0.16486482745255465,0.02409106136671252,0.02409106136671252,eod,0,A2a
2024-11-09,KRW-BTC,bull_quiet,1,0.013314141777617848,0.09103994242533285,0.14624505928853757,-0.006657003135383031,-0.006657003135383031,eod,0,A2a
2024-11-10,KRW-BTC,bull_quiet,1,0.005398596364945114,0.0327455919395466,0.16486482745255465,0.0485,0.04691289254332315,tp,0,A2a
2024-11-11,KRW-BTC,bull_quiet,1,0.02195034184958618,0.05938456001439626,0.3696304535095467,0.0485,0.11572002871500359,tp,0,A2a
2024-11-12,KRW-BTC,bull_volatile,1,0.07432067662407774,0.22741993522849946,0.3267993043327722,-0.0315,0.002444535492785839,sl,0,A2a
2024-11-13,KRW-BTC,bull_volatile,1,0.03491092315997841,0.4100395825836632,0.08514037337567354,0.023789913646149297,0.023789913646149297,eod,0,A2a
2024-11-14,KRW-BTC,bull_volatile,1,0.013314141777617848,0.17419470937556236,0.07643252671303966,-0.0315,-0.03693021286228354,sl,0,A2a
2024-11-15,KRW-BTC,bull_volatile,1,0.0021590500179920835,0.17419470937556236,0.012394463791303727,0.03648677383583038,0.03648677383583038,eod,0,A2a
2024-11-16,KRW-BTC,bull_volatile,1,0.013314141777617848,0.09103994242533285,0.14624505928853757,-0.009749562937062915,-0.009749562937062915,eod,0,A2a
2024-11-17,KRW-BTC,bull_volatile,1,0.0021590500179920835,0.09103994242533285,0.023715415019762848,-0.006675804294816344,-0.006675804294816344,eod,0,A2a
2024-11-18,KRW-BTC,bull_volatile,1,0.0021590500179920835,0.0327455919395466,0.06593406593406594,0.0038214621765016456,0.0038214621765016456,eod,0,A2a
2024-11-19,KRW-BTC,bull_volatile,1,0.0003598416696653472,0.0327455919395466,0.010989010989010988,0.018776541190165308,0.018776541190165308,eod,0,A2a
2024-11-20,KRW-BTC,bull_volatile,1,0.0003598416696653472,0.0327455919395466,0.010989010989010988,0.025244069508368494,0.025244069508368494,eod,0,A2a
2024-11-21,KRW-BTC,bull_volatile,1,0.0003598416696653472,0.05938456001439626,0.0060595156313040435,0.027558417179756767,0.027558417179756767,eod,0,A2a
2024-11-22,KRW-BTC,bull_volatile,1,0.005398596364945114,0.1297229219143577,0.04161636421132447,-0.0315,-0.0027477198102882614,sl,0,A2a
2024-11-23,KRW-BTC,bull_volatile,1,0.0003598416696653472,0.1297229219143577,0.002773925104022191,-0.007921730141219606,-0.007921730141219606,eod,0,A2a
2024-11-24,KRW-BTC,bull_volatile,1,0.0003598416696653472,0.09103994242533285,0.003952569169960474,-0.0315,-0.0007941176470588882,sl,0,A2a
2024-11-25,KRW-BTC,bull_volatile,1,0.0003598416696653472,0.1297229219143577,0.002773925104022191,-0.0315,-0.047925685107633564,sl,0,A2a
2024-11-26,KRW-BTC,bull_volatile,1,0.0003598416696653472,0.0327455919395466,0.010989010989010988,-0.00926633202610355,-0.00926633202610355,eod,0,A2a
2024-11-27,KRW-BTC,bull_volatile,1,0.0003598416696653472,0.0327455919395466,0.010989010989010988,0.031100931677018606,0.031100931677018606,eod,0,A2a
2024-11-28,KRW-BTC,bull_volatile,1,0.0003598416696653472,0.010255487585462396,0.03508771929824561,-0.00045487935999516263,-0.00045487935999516263,eod,0,A2a
2024-11-29,KRW-BTC,bull_volatile,1,0.0003598416696653472,0.010255487585462396,0.03508771929824561,0.00899990987201821,0.00899990987201821,eod,0,A2a
2024-11-30,KRW-BTC,bull_volatile,1,0.0003598416696653472,0.010255487585462396,0.03508771929824561,-0.007750836170117901,-0.007750836170117901,eod,0,A2a
2024-12-01,KRW-BTC,bull_volatile,1,0.0003598416696653472,0.010255487585462396,0.03508771929824561,-0.0009017439164835093,-0.0009017439164835093,eod,0,A2a
2024-12-02,KRW-BTC,bull_volatile,1,0.0003598416696653472,0.010255487585462396,0.03508771929824561,-0.003495485867176905,-0.003495485867176905,eod,0,A2a
2024-12-03,KRW-BTC,bull_volatile,1,0.0003598416696653472,0.010255487585462396,0.03508771929824561,-0.0315,-0.00017438568636113242,sl,0,A2a
2024-12-04,KRW-BTC,bull_volatile,1,0.02195034184958618,0.22741993522849946,0.09651898734177215,0.036190696978761594,0.036190696978761594,eod,0,A2a
2024-12-05,KRW-BTC,bull_volatile,1,0.02195034184958618,0.22741993522849946,0.09651898734177215,0.0485,-0.010608925161243841,tp,0,A2a
2024-12-06,KRW-BTC,bull_volatile,1,0.02195034184958618,0.22741993522849946,0.09651898734177215,0.011874448185831334,0.011874448185831334,eod,0,A2a
2024-12-07,KRW-BTC,bull_volatile,1,0.013314141777617848,0.1297229219143577,0.10263522884882108,-0.004670686216840468,-0.004670686216840468,eod,0,A2a
2024-12-08,KRW-BTC,bull_volatile,1,0.005398596364945114,0.0327455919395466,0.16486482745255465,0.013143448226235867,0.013143448226235867,eod,0,A2a
2024-12-09,KRW-BTC,bull_volatile,1,0.005398596364945114,0.0327455919395466,0.16486482745255465,-0.0315,-0.017039927404718658,sl,0,A2a
2024-12-10,KRW-BTC,bull_volatile,1,0.02195034184958618,0.22741993522849946,0.09651898734177215,-0.006747095743302621,-0.006747095743302621,eod,0,A2a
2024-12-11,KRW-BTC,bull_volatile,1,0.0003598416696653472,0.22741993522849946,0.0015822784810126582,0.03399799211316529,0.03399799211316529,eod,0,A2a
2024-12-12,KRW-BTC,bull_quiet,1,0.0021590500179920835,0.1297229219143577,0.016643550624133148,-0.003973604404972351,-0.003973604404972351,eod,0,A2a
2024-12-13,KRW-BTC,bull_quiet,1,0.0003598416696653472,0.1297229219143577,0.002773925104022191,0.009860134472615302,0.009860134472615302,eod,0,A2a
2024-12-14,KRW-BTC,bull_quiet,1,0.0003598416696653472,0.0327455919395466,0.010989010989010988,0.008850891769137061,0.008850891769137061,eod,0,A2a
2024-12-15,KRW-BTC,bull_quiet,1,0.0003598416696653472,0.09103994242533285,0.003952569169960474,0.021223690612429513,0.021223690612429513,eod,0,A2a
2024-12-16,KRW-BTC,bull_quiet,1,0.005398596364945114,0.09103994242533285,0.05929920671218369,0.0263740041408978,0.0263740041408978,eod,0,A2a
2024-12-17,KRW-BTC,bull_quiet,1,0.03491092315997841,0.09103994242533285,0.38346820340545457,0.010364174755382928,0.010364174755382928,eod,0,A2a
2024-12-18,KRW-BTC,bull_quiet,1,0.0003598416696653472,0.0327455919395466,0.010989010989010988,-0.0315,-0.0496117367383489,sl,0,A2a
2024-12-24,KRW-BTC,bull_quiet,2,0.00043554006968641115,0.011759581881533102,0.037037037037037035,0.026001557021994304,0.026001557021994304,eod,0,A2a
2024-12-25,KRW-BTC,bull_quiet,2,0.00043554006968641115,0.011759581881533102,0.037037037037037035,0.007006320148196523,0.007006320148196523,eod,0,A2a
2024-12-26,KRW-BTC,bull_quiet,2,0.00043554006968641115,0.011759581881533102,0.037037037037037035,-0.0315,-0.029432207049171433,sl,0,A2a
2024-12-27,KRW-BTC,bull_quiet,2,0.00043554006968641115,0.011759581881533102,0.037037037037037035,-0.014727696922564202,-0.014727696922564202,eod,0,A2a
2024-12-28,KRW-BTC,bull_quiet,2,0.00043554006968641115,0.0672281109336431,0.006478540950173463,-0.0001277945491777164,-0.0001277945491777164,eod,0,A2a
2024-12-29,KRW-BTC,bull_quiet,2,0.00043554006968641115,0.011759581881533102,0.037037037037037035,-0.01956670133374555,-0.01956670133374555,eod,0,A2a
2024-12-30,KRW-BTC,bull_quiet,2,0.00043554006968641115,0.011759581881533102,0.037037037037037035,-0.015366739135098837,-0.015366739135098837,eod,0,A2a
2024-12-31,KRW-BTC,bull_quiet,2,0.00043554006968641115,0.0672281109336431,0.006478540950173463,0.008596833859210009,0.008596833859210009,eod,0,A2a
2025-01-01,KRW-BTC,bull_quiet,2,0.00043554006968641115,0.0672281109336431,0.006478540950173463,0.012316950514369264,0.012316950514369264,eod,0,A2a
2025-01-02,KRW-BTC,bull_quiet,2,0.00043554006968641115,0.011759581881533102,0.037037037037037035,0.016374074807885608,0.016374074807885608,eod,0,A2a
2025-01-03,KRW-BTC,bull_quiet,2,0.00043554006968641115,0.011759581881533102,0.037037037037037035,0.004110088426672544,0.004110088426672544,eod,0,A2a
2025-01-04,KRW-BTC,bull_quiet,2,0.00043554006968641115,0.011759581881533102,0.037037037037037035,-0.0008639952161379459,-0.0008639952161379459,eod,0,A2a
2025-01-05,KRW-BTC,bull_quiet,2,0.00043554006968641115,0.011759581881533102,0.037037037037037035,-0.0019628126575807468,-0.0019628126575807468,eod,0,A2a
2025-01-06,KRW-BTC,bull_quiet,2,0.00043554006968641115,0.011759581881533102,0.037037037037037035,0.03672954308337545,0.03672954308337545,eod,0,A2a
2025-01-07,KRW-BTC,bull_quiet,2,0.004645760743321719,0.011759581881533102,0.3950617283950617,-0.0315,-0.03787815713287407,sl,0,A2a
2025-01-08,KRW-BTC,bull_quiet,2,0.00043554006968641115,0.0672281109336431,0.006478540950173463,-0.018220883492530537,-0.018220883492530537,eod,0,A2a
2025-01-09,KRW-BTC,bull_quiet,2,0.00043554006968641115,0.011759581881533102,0.037037037037037035,-0.020007462686567112,-0.020007462686567112,eod,0,A2a
2025-01-10,KRW-BTC,bull_quiet,2,0.00043554006968641115,0.0672281109336431,0.006478540950173463,0.0178848928070528,0.0178848928070528,eod,0,A2a
2025-01-11,KRW-BTC,bull_quiet,2,0.00043554006968641115,0.011759581881533102,0.037037037037037035,-0.007411060625184094,-0.007411060625184094,eod,0,A2a
2025-01-12,KRW-BTC,bull_quiet,2,0.00043554006968641115,0.011759581881533102,0.037037037037037035,0.0007431014051125242,0.0007431014051125242,eod,0,A2a
2025-01-13,KRW-BTC,bull_quiet,2,0.00043554006968641115,0.011759581881533102,0.037037037037037035,-0.0315,-0.0012606880921210415,sl,0,A2a
2025-01-14,KRW-BTC,bull_quiet,2,0.00043554006968641115,0.011759581881533102,0.037037037037037035,0.008302403805556415,0.008302403805556415,eod,0,A2a
2025-01-15,KRW-BTC,bull_quiet,2,0.00043554006968641115,0.011759581881533102,0.037037037037037035,0.02471459323143793,0.02471459323143793,eod,0,A2a
2025-01-16,KRW-BTC,bull_quiet,2,0.00043554006968641115,0.011759581881533102,0.037037037037037035,-0.005837820499765832,-0.005837820499765832,eod,0,A2a
2025-01-17,KRW-BTC,bull_quiet,2,0.00043554006968641115,0.011759581881533102,0.037037037037037035,0.0485,0.036626064735945374,tp,0,A2a
2025-01-18,KRW-BTC,bull_quiet,2,0.004645760743321719,0.011759581881533102,0.3950617283950617,0.020588248028655054,0.020588248028655054,eod,0,A2a
2025-01-19,KRW-BTC,bull_quiet,2,0.00043554006968641115,0.011759581881533102,0.037037037037037035,-0.0315,-0.012545466221423105,sl,0,A2a
2025-01-20,KRW-BTC,bull_quiet,2,0.004645760743321719,0.10060975609756098,0.046176046176046176,0.0485,-0.0065324675324675546,tp,0,A2a
2025-01-21,KRW-BTC,bull_quiet,2,0.004645760743321719,0.13458188153310105,0.034519956850053934,0.026863517702724826,0.026863517702724826,eod,0,A2a
2025-01-22,KRW-BTC,bull_quiet,2,0.004645760743321719,0.011759581881533102,0.3950617283950617,-0.0178228005153232,-0.0178228005153232,eod,0,A2a
2025-01-23,KRW-BTC,bull_quiet,2,0.00043554006968641115,0.011759581881533102,0.037037037037037035,-0.0007709630384712938,-0.0007709630384712938,eod,0,A2a
2025-01-24,KRW-BTC,bull_quiet,2,0.00043554006968641115,0.011759581881533102,0.037037037037037035,0.01161310536902366,0.01161310536902366,eod,0,A2a
2025-01-25,KRW-BTC,bull_quiet,2,0.00043554006968641115,0.011759581881533102,0.037037037037037035,-0.001309123878602879,-0.001309123878602879,eod,0,A2a
2025-01-26,KRW-BTC,bull_quiet,2,0.00043554006968641115,0.011759581881533102,0.037037037037037035,-0.008497455470737934,-0.008497455470737934,eod,0,A2a
2025-01-27,KRW-BTC,bull_quiet,2,0.00043554006968641115,0.011759581881533102,0.037037037037037035,-0.0315,-0.009065663036515069,sl,0,A2a
2025-01-28,KRW-BTC,bull_quiet,2,0.00043554006968641115,0.04442508710801394,0.00980392156862745,0.004954986154054599,0.004954986154054599,eod,0,A2a
2025-01-29,KRW-BTC,bull_quiet,2,0.00043554006968641115,0.011759581881533102,0.037037037037037035,0.01735594443268612,0.01735594443268612,eod,0,A2a
2025-01-30,KRW-BTC,bull_quiet,2,0.00043554006968641115,0.011759581881533102,0.037037037037037035,-0.006032321114950943,-0.006032321114950943,eod,0,A2a
2025-01-31,KRW-BTC,bull_quiet,2,0.00043554006968641115,0.011759581881533102,0.037037037037037035,-0.011627574566006214,-0.011627574566006214,eod,0,A2a
2025-02-01,KRW-BTC,bull_quiet,2,0.00043554006968641115,0.011759581881533102,0.037037037037037035,0.0032898837654873904,0.0032898837654873904,eod,0,A2a
2025-02-02,KRW-BTC,bull_quiet,2,0.00043554006968641115,0.011759581881533102,0.037037037037037035,-0.0315,-0.02309480047522533,sl,0,A2a
2025-02-03,KRW-BTC,bull_quiet,2,0.00043554006968641115,0.04442508710801394,0.00980392156862745,-0.0315,0.025883116883116897,sl,0,A2a
2025-02-04,KRW-BTC,bull_quiet,2,0.00043554006968641115,0.0672281109336431,0.006478540950173463,-0.0315,-0.02738217448188246,sl,0,A2a
2025-02-05,KRW-BTC,bull_quiet,2,0.00043554006968641115,0.011759581881533102,0.037037037037037035,-0.01895166731542758,-0.01895166731542758,eod,0,A2a
2025-02-06,KRW-BTC,bull_quiet,2,0.00043554006968641115,0.011759581881533102,0.037037037037037035,-0.002120666886761323,-0.002120666886761323,eod,0,A2a
2025-02-07,KRW-BTC,bull_quiet,2,0.00043554006968641115,0.011759581881533102,0.037037037037037035,-0.013114770182149736,-0.013114770182149736,eod,0,A2a
2025-02-08,KRW-BTC,bull_quiet,2,0.00043554006968641115,0.011759581881533102,0.037037037037037035,-0.006840837689335686,-0.006840837689335686,eod,0,A2a
2025-02-09,KRW-BTC,bull_quiet,2,0.00043554006968641115,0.011759581881533102,0.037037037037037035,-0.010191972352273369,-0.010191972352273369,eod,0,A2a
2025-02-10,KRW-BTC,bull_quiet,2,0.00043554006968641115,0.011759581881533102,0.037037037037037035,-0.0006734529342419791,-0.0006734529342419791,eod,0,A2a
2025-02-11,KRW-BTC,bull_quiet,2,0.00043554006968641115,0.011759581881533102,0.037037037037037035,-0.013623508240197034,-0.013623508240197034,eod,0,A2a
2025-02-12,KRW-BTC,bull_quiet,2,0.00043554006968641115,0.011759581881533102,0.037037037037037035,0.010908069353712082,0.010908069353712082,eod,0,A2a
2025-02-13,KRW-BTC,bull_quiet,2,0.00043554006968641115,0.011759581881533102,0.037037037037037035,-0.01481791188128184,-0.01481791188128184,eod,0,A2a
2025-02-14,KRW-BTC,bull_quiet,2,0.00043554006968641115,0.011759581881533102,0.037037037037037035,0.0036371037434329025,0.0036371037434329025,eod,0,A2a
2025-02-15,KRW-BTC,bull_quiet,2,0.00043554006968641115,0.011759581881533102,0.037037037037037035,0.00498238497178455,0.00498238497178455,eod,0,A2a
2025-02-16,KRW-BTC,bull_quiet,2,0.00043554006968641115,0.011759581881533102,0.037037037037037035,-0.014231944435028452,-0.014231944435028452,eod,0,A2a
2025-02-17,KRW-BTC,bull_quiet,2,0.00043554006968641115,0.011759581881533102,0.037037037037037035,-0.009980686695279016,-0.009980686695279016,eod,0,A2a
2025-02-18,KRW-BTC,bull_quiet,2,0.00043554006968641115,0.011759581881533102,0.037037037037037035,-0.006084805041900397,-0.006084805041900397,eod,0,A2a
2025-02-19,KRW-BTC,bull_quiet,2,0.00043554006968641115,0.011759581881533102,0.037037037037037035,0.002339732888146985,0.002339732888146985,eod,0,A2a
2025-02-20,KRW-BTC,bull_quiet,2,0.00043554006968641115,0.011759581881533102,0.037037037037037035,0.008235715176628635,0.008235715176628635,eod,0,A2a
2025-02-21,KRW-BTC,bull_quiet,2,0.00043554006968641115,0.011759581881533102,0.037037037037037035,-0.0315,-0.0211268159951688,sl,0,A2a
2025-02-22,KRW-BTC,bull_quiet,2,0.00043554006968641115,0.011759581881533102,0.037037037037037035,-0.005636019763316123,-0.005636019763316123,eod,0,A2a
2025-02-23,KRW-BTC,bull_quiet,2,0.00043554006968641115,0.011759581881533102,0.037037037037037035,-0.008524247703070973,-0.008524247703070973,eod,0,A2a
2025-02-24,KRW-BTC,bull_quiet,2,0.00043554006968641115,0.011759581881533102,0.037037037037037035,-0.0315,-0.06683164510401712,sl,0,A2a
2025-02-25,KRW-BTC,bull_quiet,2,0.004645760743321719,0.6527293844367015,0.007117437722419929,-0.0315,-0.01981460248987782,sl,0,A2a
2025-02-26,KRW-BTC,bull_quiet,2,0.004645760743321719,0.0672281109336431,0.06910443680185027,-0.0315,-0.054932525151293266,sl,0,A2a
2025-02-27,KRW-BTC,bull_quiet,2,0.00043554006968641115,0.10060975609756098,0.004329004329004329,0.011173589900223936,0.011173589900223936,eod,0,A2a
2025-02-28,KRW-BTC,bull_quiet,2,0.004645760743321719,0.011759581881533102,0.3950617283950617,-0.0315,-0.000736358959519011,sl,0,A2a
2025-03-01,KRW-BTC,bull_quiet,2,0.00043554006968641115,0.011759581881533102,0.037037037037037035,0.029191009566341963,0.029191009566341963,eod,0,A2a
2025-03-02,KRW-BTC,bull_volatile,2,0.004645760743321719,0.011759581881533102,0.3950617283950617,0.0485,0.1090049875311721,tp,0,A2a
2025-03-03,KRW-BTC,bull_volatile,2,0.037607085813852185,0.13458188153310105,0.279436469348235,-0.0315,-0.08855964912280706,sl,0,A2a
2025-03-04,KRW-BTC,bull_volatile,2,0.02932636469221835,0.13458188153310105,0.21790722761596545,-0.0315,0.0009594573822149801,sl,0,A2a
2025-03-05,KRW-BTC,bull_volatile,2,0.016114982578397212,0.10060975609756098,0.16017316017316016,0.03395348551791849,0.03395348551791849,eod,0,A2a
2025-03-06,KRW-BTC,bull_volatile,2,0.02932636469221835,0.13458188153310105,0.21790722761596545,-0.009796910882287567,-0.009796910882287567,eod,0,A2a
2025-03-07,KRW-BTC,bull_volatile,2,0.016114982578397212,0.13458188153310105,0.11974110032362459,-0.0315,-0.033892535373306,sl,0,A2a
2025-03-08,KRW-BTC,bull_volatile,2,0.016114982578397212,0.20095832728328736,0.08019066836518901,-0.009151209833078542,-0.009151209833078542,eod,0,A2a
2025-03-09,KRW-BTC,bull_volatile,2,0.004645760743321719,0.20095832728328736,0.023118030519694133,-0.0315,-0.05958102411746863,sl,0,A2a
2025-03-10,KRW-BTC,bull_volatile,2,0.007695658487004501,0.4160859465737515,0.018495357871070133,-0.0315,-0.030928531299829032,sl,0,A2a
2025-03-12,KRW-BTC,bull_volatile,2,0.037607085813852185,0.4160859465737515,0.09038297525673895,0.003685341469748028,0.003685341469748028,eod,0,A2a
2025-03-13,KRW-BTC,bull_volatile,2,0.02932636469221835,0.20095832728328736,0.1459325676555692,-0.0315,-0.03100650273268163,sl,0,A2a
2025-03-15,KRW-BTC,bull_volatile,2,0.02932636469221835,0.10060975609756098,0.29148629148629146,-0.0003292761697146194,-0.0003292761697146194,eod,0,A2a
2025-03-16,KRW-BTC,bull_volatile,2,0.00043554006968641115,0.0672281109336431,0.006478540950173463,-0.019756150564860187,-0.019756150564860187,eod,0,A2a
2025-03-17,KRW-BTC,bull_volatile,2,0.00043554006968641115,0.04442508710801394,0.00980392156862745,0.007381038448899093,0.007381038448899093,eod,0,A2a
2025-03-18,KRW-BTC,bull_volatile,2,0.00043554006968641115,0.011759581881533102,0.037037037037037035,-0.013951038672323555,-0.013951038672323555,eod,0,A2a
2025-03-20,KRW-BTC,bull_volatile,2,0.007695658487004501,0.011759581881533102,0.6544159957837902,-0.024276231583250818,-0.024276231583250818,eod,0,A2a
2025-03-21,KRW-BTC,bull_volatile,2,0.00043554006968641115,0.04442508710801394,0.00980392156862745,-0.0001246169437540399,-0.0001246169437540399,eod,0,A2a
2025-03-22,KRW-BTC,bull_volatile,2,0.00043554006968641115,0.011759581881533102,0.037037037037037035,-0.004311244979919691,-0.004311244979919691,eod,0,A2a
2025-03-23,KRW-BTC,bull_volatile,2,0.00043554006968641115,0.011759581881533102,0.037037037037037035,0.02094865082561409,0.02094865082561409,eod,0,A2a
2025-03-24,KRW-BTC,bull_volatile,2,0.00043554006968641115,0.011759581881533102,0.037037037037037035,0.014085602622289363,0.014085602622289363,eod,0,A2a
2025-03-25,KRW-BTC,bull_volatile,2,0.004645760743321719,0.011759581881533102,0.3950617283950617,-0.002019823104973227,-0.002019823104973227,eod,0,A2a
2025-03-26,KRW-BTC,bull_volatile,2,0.00043554006968641115,0.011759581881533102,0.037037037037037035,-0.003564864697023827,-0.003564864697023827,eod,0,A2a
2025-03-27,KRW-BTC,bull_volatile,2,0.00043554006968641115,0.011759581881533102,0.037037037037037035,-0.0003720868726468361,-0.0003720868726468361,eod,0,A2a
2025-03-28,KRW-BTC,bull_volatile,2,0.00043554006968641115,0.011759581881533102,0.037037037037037035,-0.0315,-0.024040617400020226,sl,0,A2a
2025-03-29,KRW-BTC,bull_volatile,2,0.00043554006968641115,0.011759581881533102,0.037037037037037035,-0.0315,-0.020752782193958652,sl,0,A2a
2025-04-02,KRW-BTC,bull_volatile,2,0.00043554006968641115,0.011759581881533102,0.037037037037037035,-0.0315,-0.031776707309368935,sl,0,A2a
2025-04-23,KRW-BTC,bull_volatile,2,0.02932636469221835,0.0672281109336431,0.43622175731167984,0.0023623595505618,0.0023623595505618,eod,0,A2a
2025-04-24,KRW-BTC,bull_volatile,2,0.004645760743321719,0.011759581881533102,0.3950617283950617,0.0005614260305269471,0.0005614260305269471,eod,0,A2a
2025-04-25,KRW-BTC,bull_volatile,2,0.004645760743321719,0.011759581881533102,0.3950617283950617,0.011683205709999202,0.011683205709999202,eod,0,A2a
2025-04-26,KRW-BTC,bull_volatile,2,0.004645760743321719,0.011759581881533102,0.3950617283950617,-0.0019247310646836589,-0.0019247310646836589,eod,0,A2a
2025-04-27,KRW-BTC,bull_volatile,2,0.00043554006968641115,0.011759581881533102,0.037037037037037035,-0.011571415491668234,-0.011571415491668234,eod,0,A2a
2025-04-28,KRW-BTC,bull_volatile,2,0.00043554006968641115,0.011759581881533102,0.037037037037037035,0.010752145605208709,0.010752145605208709,eod,0,A2a
2025-04-29,KRW-BTC,bull_volatile,2,0.00043554006968641115,0.011759581881533102,0.037037037037037035,-0.005227525215611704,-0.005227525215611704,eod,0,A2a
2025-03-11,KRW-BTC,bear_volatile,2,0.007695658487004501,0.4160859465737515,0.018495357871070133,0.0485,0.04732760968551847,tp,0,A2a
2025-03-14,KRW-BTC,bear_volatile,2,0.004645760743321719,0.20095832728328736,0.023118030519694133,0.028961835363013277,0.028961835363013277,eod,0,A2a
2025-03-19,KRW-BTC,bear_volatile,2,0.00043554006968641115,0.011759581881533102,0.037037037037037035,0.0485,0.047332376805857834,tp,0,A2a
2025-03-30,KRW-BTC,bear_volatile,2,0.00043554006968641115,0.011759581881533102,0.037037037037037035,-0.0033495384265944104,-0.0033495384265944104,eod,0,A2a
2025-03-31,KRW-BTC,bear_volatile,2,0.00043554006968641115,0.011759581881533102,0.037037037037037035,-0.0001752921671568917,-0.0001752921671568917,eod,0,A2a
2025-04-01,KRW-BTC,bear_volatile,2,0.00043554006968641115,0.011759581881533102,0.037037037037037035,0.026282061375386523,0.026282061375386523,eod,0,A2a
2025-04-03,KRW-BTC,bear_volatile,2,0.00043554006968641115,0.0672281109336431,0.006478540950173463,0.0021646741697476947,0.0021646741697476947,eod,0,A2a
2025-04-04,KRW-BTC,bear_volatile,2,0.00043554006968641115,0.011759581881533102,0.037037037037037035,-0.00016119243127449149,-0.00016119243127449149,eod,0,A2a
2025-04-05,KRW-BTC,bear_volatile,2,0.00043554006968641115,0.011759581881533102,0.037037037037037035,-0.0023832419029406458,-0.0023832419029406458,eod,0,A2a
2025-04-06,KRW-BTC,bear_volatile,2,0.00043554006968641115,0.011759581881533102,0.037037037037037035,-0.0315,-0.048053892337024895,sl,0,A2a
2025-04-07,KRW-BTC,bear_volatile,2,0.00043554006968641115,0.13458188153310105,0.0032362459546925564,-0.0315,0.0031291174893844378,sl,0,A2a
2025-04-08,KRW-BTC,bear_volatile,2,0.004645760743321719,0.10060975609756098,0.046176046176046176,-0.0315,-0.031763759719469487,sl,0,A2a
2025-04-09,KRW-BTC,bear_volatile,2,0.00043554006968641115,0.0672281109336431,0.006478540950173463,0.0485,0.058257024201507523,tp,0,A2a
2025-04-10,KRW-BTC,bear_volatile,2,0.007695658487004501,0.011759581881533102,0.6544159957837902,-0.0315,-0.029545393484370186,sl,0,A2a
2025-04-11,KRW-BTC,bear_volatile,2,0.004645760743321719,0.011759581881533102,0.3950617283950617,0.028356947824538514,0.028356947824538514,eod,0,A2a
2025-04-12,KRW-BTC,bear_volatile,2,0.007695658487004501,0.011759581881533102,0.6544159957837902,0.015799300123507554,0.015799300123507554,eod,0,A2a
2025-04-13,KRW-BTC,bear_volatile,2,0.007695658487004501,0.011759581881533102,0.6544159957837902,-0.017684241404144763,-0.017684241404144763,eod,0,A2a
2025-04-14,KRW-BTC,bear_volatile,2,0.004645760743321719,0.011759581881533102,0.3950617283950617,0.007687593048027188,0.007687593048027188,eod,0,A2a
2025-04-15,KRW-BTC,bear_volatile,2,0.004645760743321719,0.011759581881533102,0.3950617283950617,-0.005868591781179209,-0.005868591781179209,eod,0,A2a
2025-04-16,KRW-BTC,bear_volatile,2,0.00043554006968641115,0.011759581881533102,0.037037037037037035,-0.003988661853070728,-0.003988661853070728,eod,0,A2a
2025-04-17,KRW-BTC,bear_volatile,2,0.00043554006968641115,0.011759581881533102,0.037037037037037035,0.005475789905621755,0.005475789905621755,eod,0,A2a
2025-04-18,KRW-BTC,bear_volatile,2,0.00043554006968641115,0.011759581881533102,0.037037037037037035,-0.004605919180885097,-0.004605919180885097,eod,0,A2a
2025-04-19,KRW-BTC,bear_volatile,2,0.00043554006968641115,0.011759581881533102,0.037037037037037035,0.002032644249640171,0.002032644249640171,eod,0,A2a
2025-04-20,KRW-BTC,bear_volatile,2,0.00043554006968641115,0.011759581881533102,0.037037037037037035,-0.0012881355932203285,-0.0012881355932203285,eod,0,A2a
2025-04-21,KRW-BTC,bear_volatile,2,0.00043554006968641115,0.011759581881533102,0.037037037037037035,0.02694084532286195,0.02694084532286195,eod,0,A2a
2025-04-22,KRW-BTC,bear_volatile,2,0.004645760743321719,0.011759581881533102,0.3950617283950617,0.0485,0.05915768621236134,tp,0,A2a
2025-05-05,KRW-WAL,bull_volatile,3,0.2744883040935672,0.32776897770196173,0.8374444281397421,-0.0315,0.003477482815833101,sl,0,A2a
2025-05-05,KRW-LAYER,bull_volatile,3,0.2744883040935672,0.43774366471734893,0.6270526022822154,-0.0315,-0.10098979591836738,sl,0,A2a
2025-05-05,KRW-BONK,bull_volatile,3,0.13352826510721247,0.2631578947368421,0.5074074074074074,0.0485,0.023956088247772567,tp,0,A2a
2025-05-06,KRW-SONIC,bull_volatile,3,0.2744883040935672,0.32776897770196173,0.8374444281397421,0.0485,-0.09470809248554907,tp,0,A2a
2025-05-06,KRW-DRIFT,bull_volatile,3,0.2744883040935672,0.43774366471734893,0.6270526022822154,-0.0315,-0.10406410256410253,sl,0,A2a
2025-05-06,KRW-SIGN,bull_volatile,3,0.2744883040935672,0.43774366471734893,0.6270526022822154,-0.0315,-0.03239143865842892,sl,0,A2a
2025-05-09,KRW-MASK,bull_volatile,3,0.04276836846594371,0.018518518518518517,2.3094918971609606,0.0485,0.08078228228228218,tp,0,A2a
2025-05-09,KRW-BTC,bull_volatile,3,0.03374756335282651,0.018518518518518517,1.8223684210526319,-0.008190257657856912,-0.008190257657856912,eod,0,A2a
2025-05-09,KRW-HP,bull_volatile,3,0.09223833313025466,0.055190058479532164,1.671285294333621,-0.0315,-0.006026166902404593,sl,0,A2a
2025-05-07,KRW-SIGN,bull_quiet,3,0.2744883040935672,0.32776897770196173,0.8374444281397421,-0.0315,-0.03434671532846706,sl,0,A2a
2025-05-07,KRW-BERA,bull_quiet,3,0.13352826510721247,0.32776897770196173,0.4073853054776553,0.0328992248062015,0.0328992248062015,eod,0,A2a
2025-05-07,KRW-KAITO,bull_quiet,3,0.2744883040935672,0.6817738791423001,0.40260900643316655,0.0485,0.4985,tp,1,A2a
2025-05-08,KRW-G,bull_quiet,3,0.2744883040935672,0.32776897770196173,0.8374444281397421,0.0485,0.05508582976699944,tp,0,A2a
2025-05-08,KRW-SIGN,bull_quiet,3,0.2744883040935672,0.32776897770196173,0.8374444281397421,0.0485,0.04386862003780717,tp,0,A2a
2025-05-08,KRW-WCT,bull_quiet,3,0.2744883040935672,0.32776897770196173,0.8374444281397421,0.0485,0.05257801418439706,tp,0,A2a
2025-05-10,KRW-ARK,bull_quiet,3,0.06164717348927875,0.055190058479532164,1.1169977924944812,0.02252597402597406,0.02252597402597406,eod,0,A2a
2025-05-10,KRW-BTT,bull_quiet,3,0.13352826510721247,0.12999512670565302,1.0271790065604498,0.0485,0.054773062730627375,tp,0,A2a
2025-05-10,KRW-INJ,bull_quiet,3,0.2744883040935672,0.32776897770196173,0.8374444281397421,0.0485,0.13041489361702135,tp,0,A2a
2025-05-11,KRW-TRX,bull_quiet,3,0.021442495126705652,0.018518518518518517,1.1578947368421053,0.0012100271002709064,0.0012100271002709064,eod,0,A2a
2025-05-11,KRW-EGLD,bull_quiet,3,0.2744883040935672,0.32776897770196173,0.8374444281397421,-0.0315,-0.025266654663305743,sl,0,A2a
2025-05-11,KRW-IOST,bull_quiet,3,0.2744883040935672,0.43774366471734893,0.6270526022822154,0.0485,-0.03662396694214881,tp,0,A2a
2025-05-12,KRW-GAME2,bull_quiet,3,0.021442495126705652,0.018518518518518517,1.1578947368421053,0.0485,0.007951445515196389,tp,0,A2a
2025-05-12,KRW-BSV,bull_quiet,3,0.13352826510721247,0.12999512670565302,1.0271790065604498,-0.0315,-0.01123743696748397,sl,0,A2a
2025-05-12,KRW-A,bull_quiet,3,0.2744883040935672,0.32776897770196173,0.8374444281397421,0.0485,-0.041623456790123414,tp,0,A2a
2025-05-13,KRW-TRX,bull_quiet,3,0.021442495126705652,0.018518518518518517,1.1578947368421053,-0.0315,-0.01452083333333337,sl,0,A2a
2025-05-13,KRW-MINA,bull_quiet,3,0.2744883040935672,0.2631578947368421,1.0430555555555556,-0.0315,0.01810784313725483,sl,0,A2a
2025-05-13,KRW-SAFE,bull_quiet,3,0.2744883040935672,0.32776897770196173,0.8374444281397421,-0.0315,0.008462168978562503,sl,0,A2a
2025-05-14,KRW-CBK,bull_quiet,3,0.021442495126705652,0.018518518518518517,1.1578947368421053,-0.019436117936117936,-0.019436117936117936,eod,0,A2a
2025-05-14,KRW-TT,bull_quiet,3,0.021442495126705652,0.018518518518518517,1.1578947368421053,-0.004208803611738086,-0.004208803611738086,eod,0,A2a
2025-05-14,KRW-PYTH,bull_quiet,3,0.2744883040935672,0.2631578947368421,1.0430555555555556,0.0485,-0.043244316064107335,tp,0,A2a
2025-05-15,KRW-UNI,bull_quiet,3,0.2744883040935672,0.2631578947368421,1.0430555555555556,-0.0315,-0.06028559914024717,sl,0,A2a
2025-05-15,KRW-AAVE,bull_quiet,3,0.2744883040935672,0.32776897770196173,0.8374444281397421,-0.0315,-0.028063706563706547,sl,0,A2a
2025-05-15,KRW-ARKM,bull_quiet,3,0.2744883040935672,0.32776897770196173,0.8374444281397421,-0.0315,-0.08343236714975838,sl,0,A2a
2025-05-16,KRW-SNT,bull_quiet,3,0.2744883040935672,0.43774366471734893,0.6270526022822154,0.0485,0.14627927321668915,tp,1,A2a
2025-05-16,KRW-MASK,bull_quiet,3,0.2744883040935672,0.43774366471734893,0.6270526022822154,0.0485,0.028279058597502404,tp,0,A2a
2025-05-16,KRW-PENDLE,bull_quiet,3,0.13352826510721247,0.2631578947368421,0.5074074074074074,0.0485,-0.013688751523593888,tp,0,A2a
2025-05-17,KRW-A,bull_quiet,3,0.2744883040935672,0.32776897770196173,0.8374444281397421,-0.0315,-0.03586714165968147,sl,0,A2a
2025-05-17,KRW-PUNDIX,bull_quiet,3,0.2744883040935672,0.43774366471734893,0.6270526022822154,0.0485,-0.08512852302479584,tp,0,A2a
2025-05-17,KRW-WAVES,bull_quiet,3,0.2744883040935672,0.43774366471734893,0.6270526022822154,-0.0315,-0.04404201680672265,sl,0,A2a
2025-05-18,KRW-ANIME,bull_quiet,3,0.2744883040935672,0.43774366471734893,0.6270526022822154,0.0485,0.07509574468085117,tp,0,A2a
2025-05-18,KRW-PENGU,bull_quiet,3,0.2744883040935672,0.43774366471734893,0.6270526022822154,0.0485,0.08022796263864579,tp,0,A2a
2025-05-18,KRW-BERA,bull_quiet,3,0.13352826510721247,0.32776897770196173,0.4073853054776553,0.0485,0.04617335766423364,tp,0,A2a
2025-05-19,KRW-PENGU,bull_quiet,3,0.2744883040935672,0.32776897770196173,0.8374444281397421,-0.0315,-0.017689962223421507,sl,0,A2a
2025-05-19,KRW-BONK,bull_quiet,3,0.2744883040935672,0.32776897770196173,0.8374444281397421,-0.0315,-0.04946163069544368,sl,0,A2a
2025-05-19,KRW-MEW,bull_quiet,3,0.2744883040935672,0.32776897770196173,0.8374444281397421,-0.0315,-0.0370163210839663,sl,0,A2a
2025-05-20,KRW-AAVE,bull_quiet,3,0.2744883040935672,0.32776897770196173,0.8374444281397421,0.0485,0.04786145788491886,tp,0,A2a
2025-05-20,KRW-MASK,bull_quiet,3,0.2744883040935672,0.43774366471734893,0.6270526022822154,-0.0315,0.0025766408479413485,sl,0,A2a
2025-05-20,KRW-KAITO,bull_quiet,3,0.2744883040935672,0.43774366471734893,0.6270526022822154,-0.0315,0.01855198663200902,sl,0,A2a
2025-05-21,KRW-CVC,bull_quiet,3,0.2744883040935672,0.32776897770196173,0.8374444281397421,-0.0315,0.07953896103896102,sl,0,A2a
2025-05-21,KRW-PENDLE,bull_quiet,3,0.2744883040935672,0.32776897770196173,0.8374444281397421,-0.0315,-0.021848837209302363,sl,0,A2a
2025-05-21,KRW-TAIKO,bull_quiet,3,0.2744883040935672,0.32776897770196173,0.8374444281397421,-0.0315,-0.05117801287948481,sl,0,A2a
2025-05-22,KRW-IMX,bull_quiet,3,0.13352826510721247,0.16593567251461988,0.8046989720998531,0.0485,0.05978074639525005,tp,0,A2a
2025-05-22,KRW-CVC,bull_quiet,3,0.2744883040935672,0.43774366471734893,0.6270526022822154,-0.0315,0.014830451488953069,sl,0,A2a
2025-05-22,KRW-PEPE,bull_quiet,3,0.2744883040935672,0.43774366471734893,0.6270526022822154,0.0485,0.1290263157894736,tp,0,A2a
2025-05-23,KRW-CTC,bull_quiet,3,0.03374756335282651,0.018518518518518517,1.8223684210526319,-0.0315,-0.05716600397614319,sl,0,A2a
2025-05-23,KRW-STRAX,bull_quiet,3,0.021442495126705652,0.018518518518518517,1.1578947368421053,0.0485,0.053766757865937154,tp,0,A2a
2025-05-23,KRW-AGLD,bull_quiet,3,0.09223833313025466,0.08395272328500061,1.0986937590711174,-0.0315,-0.09016279069767447,sl,0,A2a
2025-05-24,KRW-CVC,bull_quiet,3,0.2744883040935672,0.32776897770196173,0.8374444281397421,-0.01643975903614453,-0.01643975903614453,eod,0,A2a
2025-05-24,KRW-JUP,bull_quiet,3,0.2744883040935672,0.43774366471734893,0.6270526022822154,-0.021892458637937817,-0.021892458637937817,eod,0,A2a
2025-05-24,KRW-JTO,bull_quiet,3,0.13352826510721247,0.2631578947368421,0.5074074074074074,-0.007251258087706712,-0.007251258087706712,eod,0,A2a
2025-05-25,KRW-AERGO,bull_quiet,3,0.2744883040935672,0.43774366471734893,0.6270526022822154,0.0485,0.13358260447035947,tp,0,A2a
2025-05-25,KRW-ANIME,bull_quiet,3,0.2744883040935672,0.43774366471734893,0.6270526022822154,-0.0315,0.06178082563824,sl,0,A2a
2025-05-25,KRW-ARDR,bull_quiet,3,0.2744883040935672,0.43774366471734893,0.6270526022822154,0.0485,0.01141638341264445,tp,0,A2a
2025-05-26,KRW-ANIME,bull_quiet,3,0.2744883040935672,0.43774366471734893,0.6270526022822154,-0.0315,-0.011996671786994427,sl,0,A2a
2025-05-26,KRW-MASK,bull_quiet,3,0.2744883040935672,0.43774366471734893,0.6270526022822154,0.0485,0.1059946466809421,tp,0,A2a
2025-05-26,KRW-PENDLE,bull_quiet,3,0.13352826510721247,0.2631578947368421,0.5074074074074074,-0.0315,-0.024208840227088413,sl,0,A2a
2025-05-27,KRW-COW,bull_quiet,3,0.2744883040935672,0.2631578947368421,1.0430555555555556,0.0485,0.12594388124547434,tp,0,A2a
2025-05-27,KRW-SNT,bull_quiet,3,0.2744883040935672,0.32776897770196173,0.8374444281397421,-0.0315,0.1666172698121851,sl,0,A2a
2025-05-27,KRW-JUP,bull_quiet,3,0.2744883040935672,0.43774366471734893,0.6270526022822154,-0.0315,0.03950200874394422,sl,0,A2a
2025-05-28,KRW-PUNDIX,bull_quiet,3,0.2744883040935672,0.32776897770196173,0.8374444281397421,0.0485,-0.01782724719101131,tp,0,A2a
2025-05-28,KRW-COW,bull_quiet,3,0.2744883040935672,0.32776897770196173,0.8374444281397421,-0.0315,-0.03634824152882615,sl,0,A2a
2025-05-28,KRW-PYTH,bull_quiet,3,0.13352826510721247,0.16593567251461988,0.8046989720998531,-0.0315,-0.0077467464862050455,sl,0,A2a
2025-05-29,KRW-UNI,bull_quiet,3,0.2744883040935672,0.32776897770196173,0.8374444281397421,0.0485,-0.04336728072011725,tp,0,A2a
2025-05-29,KRW-ANIME,bull_quiet,3,0.2744883040935672,0.43774366471734893,0.6270526022822154,-0.0315,-0.025369984763839615,sl,0,A2a
2025-05-29,KRW-VIRTUAL,bull_quiet,3,0.2744883040935672,0.43774366471734893,0.6270526022822154,0.0485,-0.03137372959655066,tp,0,A2a
2025-05-30,KRW-COW,bull_quiet,3,0.2744883040935672,0.43774366471734893,0.6270526022822154,-0.0315,-0.17770598728090586,sl,0,A2a
2025-05-30,KRW-ICX,bull_quiet,3,0.13352826510721247,0.21311075910807847,0.6265674509633463,0.0485,0.004181818181818122,tp,0,A2a
2025-05-30,KRW-SIGN,bull_quiet,3,0.13352826510721247,0.2631578947368421,0.5074074074074074,-0.0315,-0.13714929693961958,sl,0,A2a
2025-05-31,KRW-ATH,bull_quiet,3,0.2744883040935672,0.43774366471734893,0.6270526022822154,-0.0315,-0.05954451958298118,sl,0,A2a
2025-05-31,KRW-ICX,bull_quiet,3,0.13352826510721247,0.32776897770196173,0.4073853054776553,-0.0315,-0.052061797752809,sl,0,A2a
2025-05-31,KRW-SOPH,bull_quiet,3,0.13352826510721247,0.32776897770196173,0.4073853054776553,-0.0315,-0.17003402523882544,sl,0,A2a
2025-06-01,KRW-CRO,bull_quiet,3,0.2744883040935672,0.32776897770196173,0.8374444281397421,-0.0315,-0.0015,sl,0,A2a
2025-06-01,KRW-MEW,bull_quiet,3,0.2744883040935672,0.43774366471734893,0.6270526022822154,0.02627170347692981,0.02627170347692981,eod,0,A2a
2025-06-01,KRW-VANA,bull_quiet,3,0.2744883040935672,0.43774366471734893,0.6270526022822154,-0.0315,0.04554595185995619,sl,0,A2a
2025-06-02,KRW-COW,bull_quiet,3,0.2744883040935672,0.32776897770196173,0.8374444281397421,-0.0315,-0.025794390853876192,sl,0,A2a
2025-06-02,KRW-DEEP,bull_quiet,3,0.09223833313025466,0.12999512670565302,0.7095522383628212,-0.0315,-0.02005287569573283,sl,0,A2a
2025-06-02,KRW-ANIME,bull_quiet,3,0.2744883040935672,0.43774366471734893,0.6270526022822154,-0.0315,0.03860989010989019,sl,0,A2a
2025-06-03,KRW-DKA,bull_quiet,3,0.021442495126705652,0.018518518518518517,1.1578947368421053,-0.0023643042350907626,-0.0023643042350907626,eod,0,A2a
2025-06-03,KRW-MLK,bull_quiet,3,0.021442495126705652,0.018518518518518517,1.1578947368421053,-0.007678287731685827,-0.007678287731685827,eod,0,A2a
2025-06-03,KRW-ICX,bull_quiet,3,0.2744883040935672,0.2631578947368421,1.0430555555555556,0.0485,0.025972527472527374,tp,0,A2a
2025-06-04,KRW-ICX,bull_quiet,3,0.2744883040935672,0.43774366471734893,0.6270526022822154,0.0485,0.08940909090909083,tp,0,A2a
2025-06-04,KRW-COMP,bull_quiet,3,0.13352826510721247,0.21311075910807847,0.6265674509633463,0.0485,0.002684773861258595,tp,1,A2a
2025-06-04,KRW-ATH,bull_quiet,3,0.09223833313025466,0.16593567251461988,0.5558680163973057,0.0005051561157261588,0.0005051561157261588,eod,0,A2a
2025-06-05,KRW-SNT,bull_quiet,3,0.2744883040935672,0.43774366471734893,0.6270526022822154,0.0485,-0.07550049664762865,tp,0,A2a
2025-06-05,KRW-MASK,bull_quiet,3,0.2744883040935672,0.43774366471734893,0.6270526022822154,-0.0315,-0.01741576885406465,sl,0,A2a
2025-06-05,KRW-POKT,bull_quiet,3,0.2744883040935672,0.43774366471734893,0.6270526022822154,0.0485,-0.08302835239717693,tp,0,A2a
2025-06-06,KRW-ICX,bull_quiet,3,0.2744883040935672,0.43774366471734893,0.6270526022822154,-0.0315,0.03403299492385786,sl,0,A2a
2025-06-06,KRW-MANTRA,bull_quiet,3,0.2744883040935672,0.43774366471734893,0.6270526022822154,0.0485,0.054324624012235534,tp,0,A2a
2025-06-06,KRW-MASK,bull_quiet,3,0.2744883040935672,0.43774366471734893,0.6270526022822154,-0.0315,-0.338150908186116,sl,1,A2a
2025-06-07,KRW-IOST,bull_quiet,3,0.2744883040935672,0.32776897770196173,0.8374444281397421,-0.0315,0.05615326837190421,sl,0,A2a
2025-06-07,KRW-VIRTUAL,bull_quiet,3,0.2744883040935672,0.43774366471734893,0.6270526022822154,-0.0315,-0.022357473928157623,sl,0,A2a
2025-06-07,KRW-ICX,bull_quiet,3,0.2744883040935672,0.43774366471734893,0.6270526022822154,0.0485,0.05242156862745101,tp,0,A2a
2025-06-08,KRW-PENGU,bull_quiet,3,0.2744883040935672,0.2631578947368421,1.0430555555555556,-0.0315,-0.025751069900142698,sl,0,A2a
2025-06-08,KRW-POKT,bull_quiet,3,0.2744883040935672,0.2631578947368421,1.0430555555555556,-0.0315,-0.03607106274007693,sl,0,A2a
2025-06-08,KRW-NXPC,bull_quiet,3,0.2744883040935672,0.32776897770196173,0.8374444281397421,-0.0315,-0.050320625342841485,sl,0,A2a
2025-06-09,KRW-LPT,bull_quiet,3,0.2744883040935672,0.43774366471734893,0.6270526022822154,-0.0315,0.010404761904761863,sl,0,A2a
2025-06-09,KRW-SNT,bull_quiet,3,0.2744883040935672,0.43774366471734893,0.6270526022822154,-0.0315,0.003946365143263244,sl,0,A2a
2025-06-09,KRW-PENGU,bull_quiet,3,0.09223833313025466,0.16593567251461988,0.5558680163973057,0.0485,0.09426023391812871,tp,0,A2a
2025-06-10,KRW-MOC,bull_quiet,3,0.03374756335282651,0.018518518518518517,1.8223684210526319,-0.006045454545454519,-0.006045454545454519,eod,0,A2a
2025-06-10,KRW-ALGO,bull_quiet,3,0.021442495126705652,0.018518518518518517,1.1578947368421053,0.046294117647058874,0.046294117647058874,eod,0,A2a
2025-06-10,KRW-AHT,bull_quiet,3,0.021442495126705652,0.018518518518518517,1.1578947368421053,0.0003552875695734272,0.0003552875695734272,eod,0,A2a
2025-06-11,KRW-PUNDIX,bull_quiet,3,0.06164717348927875,0.018518518518518517,3.3289473684210527,-0.0315,-0.045881285526891025,sl,0,A2a
2025-06-11,KRW-CBK,bull_quiet,3,0.03374756335282651,0.018518518518518517,1.8223684210526319,-0.009382882882882968,-0.009382882882882968,eod,0,A2a
2025-06-11,KRW-DOT,bull_quiet,3,0.021442495126705652,0.018518518518518517,1.1578947368421053,-0.017175583574714548,-0.017175583574714548,eod,0,A2a
2025-06-12,KRW-GAME2,bull_quiet,3,0.021442495126705652,0.018518518518518517,1.1578947368421053,-0.0315,-0.04496908630512758,sl,0,A2a
2025-06-12,KRW-ZETA,bull_quiet,3,0.06164717348927875,0.055190058479532164,1.1169977924944812,-0.0315,-0.06473185011709598,sl,0,A2a
2025-06-12,KRW-A,bull_quiet,3,0.2744883040935672,0.32776897770196173,0.8374444281397421,-0.0315,-0.10864694110920531,sl,0,A2a
2025-06-13,KRW-ARDR,bull_quiet,3,0.2744883040935672,0.43774366471734893,0.6270526022822154,-0.0315,-0.042686161449752846,sl,0,A2a
2025-06-13,KRW-COMP,bull_quiet,3,0.2744883040935672,0.43774366471734893,0.6270526022822154,-0.0315,0.03870301856551356,sl,0,A2a
2025-06-13,KRW-UNI,bull_quiet,3,0.2744883040935672,0.43774366471734893,0.6270526022822154,-0.0315,0.04404263565891481,sl,0,A2a
2025-06-14,KRW-MASK,bull_quiet,3,0.2744883040935672,0.43774366471734893,0.6270526022822154,-0.015888489208633116,-0.015888489208633116,eod,0,A2a
2025-06-14,KRW-COMP,bull_quiet,3,0.2744883040935672,0.43774366471734893,0.6270526022822154,-0.0315,-0.0646741140215717,sl,0,A2a
2025-06-14,KRW-UNI,bull_quiet,3,0.2744883040935672,0.43774366471734893,0.6270526022822154,-0.0315,-0.06261111111111112,sl,0,A2a
2025-06-15,KRW-WCT,bull_quiet,3,0.2744883040935672,0.43774366471734893,0.6270526022822154,0.0017498566239722581,0.0017498566239722581,eod,0,A2a
2025-06-15,KRW-AWE,bull_quiet,3,0.09223833313025466,0.16593567251461988,0.5558680163973057,-0.01801754989676535,-0.01801754989676535,eod,0,A2a
2025-06-15,KRW-STRAX,bull_quiet,3,0.13352826510721247,0.2631578947368421,0.5074074074074074,0.0485,-0.02108895311496467,tp,0,A2a
2025-06-16,KRW-BORA,bull_quiet,3,0.2744883040935672,0.32776897770196173,0.8374444281397421,0.0485,0.04596632456703015,tp,0,A2a
2025-06-16,KRW-BCH,bull_quiet,3,0.13352826510721247,0.2631578947368421,0.5074074074074074,-0.0016570845114671205,-0.0016570845114671205,eod,0,A2a
2025-06-16,KRW-AXL,bull_quiet,3,0.13352826510721247,0.32776897770196173,0.4073853054776553,-0.0315,-0.061627645280483645,sl,0,A2a
2025-06-17,KRW-BORA,bull_quiet,3,0.2744883040935672,0.43774366471734893,0.6270526022822154,-0.0315,-0.06399999999999989,sl,0,A2a
2025-06-17,KRW-JTO,bull_quiet,3,0.2744883040935672,0.43774366471734893,0.6270526022822154,0.0485,0.012249161636485541,tp,0,A2a
2025-06-17,KRW-ORBS,bull_quiet,3,0.13352826510721247,0.21311075910807847,0.6265674509633463,-0.0315,-0.023549286640726363,sl,0,A2a
2025-06-18,KRW-JTO,bull_quiet,3,0.2744883040935672,0.43774366471734893,0.6270526022822154,-0.0315,0.05418445475638062,sl,0,A2a
2025-06-18,KRW-BORA,bull_quiet,3,0.2744883040935672,0.43774366471734893,0.6270526022822154,0.0485,0.07873483365949113,tp,0,A2a
2025-06-18,KRW-SOPH,bull_quiet,3,0.2744883040935672,0.43774366471734893,0.6270526022822154,-0.0315,-0.043642377434519875,sl,0,A2a
2025-06-19,KRW-JTO,bull_quiet,3,0.2744883040935672,0.32776897770196173,0.8374444281397421,-0.012175039246467843,-0.012175039246467843,eod,0,A2a
2025-06-19,KRW-BORA,bull_quiet,3,0.2744883040935672,0.43774366471734893,0.6270526022822154,-0.0315,-0.009350241545893643,sl,0,A2a
2025-06-19,KRW-AXL,bull_quiet,3,0.13352826510721247,0.21311075910807847,0.6265674509633463,-0.0315,-0.05034366327474554,sl,0,A2a
2025-06-20,KRW-T,bull_quiet,3,0.2744883040935672,0.32776897770196173,0.8374444281397421,0.0485,0.04556927175843689,tp,0,A2a
2025-06-20,KRW-PENDLE,bull_quiet,3,0.09223833313025466,0.12999512670565302,0.7095522383628212,-0.0315,-0.055880103934669634,sl,0,A2a
2025-06-20,KRW-BCH,bull_quiet,3,0.2744883040935672,0.43774366471734893,0.6270526022822154,-0.0315,-0.0435777713290772,sl,0,A2a
2025-06-21,KRW-ARDR,bull_quiet,3,0.2744883040935672,0.2631578947368421,1.0430555555555556,-0.0315,-0.05786070853462161,sl,0,A2a
2025-06-21,KRW-BORA,bull_quiet,3,0.2744883040935672,0.43774366471734893,0.6270526022822154,-0.0315,-0.0803177339901478,sl,0,A2a
2025-06-21,KRW-ATH,bull_quiet,3,0.13352826510721247,0.21311075910807847,0.6265674509633463,0.0485,-0.03062621359223311,tp,0,A2a
2025-06-22,KRW-T,bull_quiet,3,0.2744883040935672,0.43774366471734893,0.6270526022822154,0.0485,0.06699315068493156,tp,0,A2a
2025-06-22,KRW-LAYER,bull_quiet,3,0.2744883040935672,0.43774366471734893,0.6270526022822154,-0.0315,0.053608229635051796,sl,0,A2a
2025-06-22,KRW-AXL,bull_quiet,3,0.13352826510721247,0.2631578947368421,0.5074074074074074,-0.0315,-0.0520050505050505,sl,0,A2a
2025-06-23,KRW-AXL,bull_quiet,3,0.2744883040935672,0.2631578947368421,1.0430555555555556,0.0485,0.04807446808510646,tp,0,A2a
2025-06-23,KRW-BORA,bull_quiet,3,0.2744883040935672,0.43774366471734893,0.6270526022822154,-0.0315,0.05764343983684578,sl,0,A2a
2025-06-23,KRW-LAYER,bull_quiet,3,0.2744883040935672,0.43774366471734893,0.6270526022822154,-0.0315,0.031238095238095342,sl,0,A2a
2025-06-24,KRW-CKB,bull_quiet,3,0.2744883040935672,0.12999512670565302,2.1115276476101217,0.0485,0.012512738853503182,tp,0,A2a
2025-06-24,KRW-CVC,bull_quiet,3,0.09223833313025466,0.055190058479532164,1.671285294333621,0.00647448165869219,0.00647448165869219,eod,0,A2a
2025-06-24,KRW-RVN,bull_quiet,3,0.2744883040935672,0.2631578947368421,1.0430555555555556,-0.0315,-0.048596479195244624,sl,0,A2a
2025-06-25,KRW-GAME2,bull_quiet,3,0.021442495126705652,0.018518518518518517,1.1578947368421053,0.0485,-0.010371989860582907,tp,0,A2a
2025-06-25,KRW-SAFE,bull_quiet,3,0.06164717348927875,0.055190058479532164,1.1169977924944812,-0.0315,-0.035071428571428476,sl,0,A2a
2025-06-25,KRW-CKB,bull_quiet,3,0.09223833313025466,0.08395272328500061,1.0986937590711174,-0.0315,-0.039188442211055274,sl,0,A2a
2025-06-26,KRW-DOT,bull_quiet,3,0.021442495126705652,0.018518518518518517,1.1578947368421053,-0.019508244738555003,-0.019508244738555003,eod,0,A2a
2025-06-26,KRW-AGLD,bull_quiet,3,0.06164717348927875,0.055190058479532164,1.1169977924944812,-0.0315,-0.037282544064557166,sl,0,A2a
2025-06-26,KRW-ICX,bull_quiet,3,0.06164717348927875,0.055190058479532164,1.1169977924944812,-0.0315,-0.04267647058823526,sl,0,A2a
2025-06-27,KRW-ALT,bull_quiet,3,0.2744883040935672,0.32776897770196173,0.8374444281397421,0.0485,0.0465686695278969,tp,0,A2a
2025-06-27,KRW-RAY,bull_quiet,3,0.13352826510721247,0.21311075910807847,0.6265674509633463,0.0485,0.0492439908431897,tp,0,A2a
2025-06-27,KRW-ARB,bull_quiet,3,0.09223833313025466,0.21311075910807847,0.43281875357347055,0.004736507555768878,0.004736507555768878,eod,0,A2a
2025-06-28,KRW-LPT,bull_quiet,3,0.2744883040935672,0.32776897770196173,0.8374444281397421,-0.0315,-0.02632825117512355,sl,0,A2a
2025-06-28,KRW-POKT,bull_quiet,3,0.2744883040935672,0.43774366471734893,0.6270526022822154,0.0485,0.0724170506912441,tp,0,A2a
2025-06-28,KRW-MASK,bull_quiet,3,0.04276836846594371,0.08395272328500061,0.5094339622641509,0.012206793802145345,0.012206793802145345,eod,0,A2a
2025-06-29,KRW-MASK,bull_quiet,3,0.03374756335282651,0.018518518518518517,1.8223684210526319,0.027929075927015934,0.027929075927015934,eod,0,A2a
2025-06-29,KRW-JUP,bull_quiet,3,0.2744883040935672,0.32776897770196173,0.8374444281397421,0.027396103896103752,0.027396103896103752,eod,0,A2a
2025-06-29,KRW-RAY,bull_quiet,3,0.13352826510721247,0.16593567251461988,0.8046989720998531,0.0485,0.03610445682451263,tp,0,A2a
2025-06-30,KRW-AQT,bull_quiet,3,0.04276836846594371,0.018518518518518517,2.3094918971609606,-0.0315,-0.025851924587588393,sl,0,A2a
2025-06-30,KRW-ATOM,bull_quiet,3,0.03374756335282651,0.018518518518518517,1.8223684210526319,-0.0315,-0.03046022330774595,sl,0,A2a
2025-06-30,KRW-MANA,bull_quiet,3,0.03374756335282651,0.018518518518518517,1.8223684210526319,-0.0315,-0.0323988764044944,sl,0,A2a
2025-07-01,KRW-POKT,bull_quiet,3,0.2744883040935672,0.32776897770196173,0.8374444281397421,-0.0315,-0.059163964627855614,sl,0,A2a
2025-07-01,KRW-ARB,bull_quiet,3,0.2744883040935672,0.43774366471734893,0.6270526022822154,-0.0315,-0.04495973583297824,sl,0,A2a
2025-07-01,KRW-KAITO,bull_quiet,3,0.13352826510721247,0.21311075910807847,0.6265674509633463,-0.0315,0.030400138696255186,sl,0,A2a
2025-07-02,KRW-MOVE,bull_quiet,3,0.2744883040935672,0.43774366471734893,0.6270526022822154,-0.0315,-0.01761535199321468,sl,0,A2a
2025-07-02,KRW-POKT,bull_quiet,3,0.2744883040935672,0.43774366471734893,0.6270526022822154,-0.0315,-0.022243639921722125,sl,0,A2a
2025-07-02,KRW-KAITO,bull_quiet,3,0.13352826510721247,0.2631578947368421,0.5074074074074074,-0.0315,-0.012252688172043,sl,0,A2a
2025-07-03,KRW-MBL,bull_quiet,3,0.06164717348927875,0.055190058479532164,1.1169977924944812,0.015060509554140124,0.015060509554140124,eod,0,A2a
2025-07-03,KRW-BLUR,bull_quiet,3,0.09223833313025466,0.08395272328500061,1.0986937590711174,-0.0056024614768860875,-0.0056024614768860875,eod,0,A2a
2025-07-03,KRW-AHT,bull_quiet,3,0.2744883040935672,0.2631578947368421,1.0430555555555556,0.0485,-0.02984763148079078,tp,0,A2a
2025-07-04,KRW-MLK,bull_quiet,3,0.021442495126705652,0.018518518518518517,1.1578947368421053,-0.012912268188302432,-0.012912268188302432,eod,0,A2a
2025-07-04,KRW-RAY,bull_quiet,3,0.09223833313025466,0.08395272328500061,1.0986937590711174,-0.0315,-0.04398810333106734,sl,0,A2a
2025-07-04,KRW-BLAST,bull_quiet,3,0.2744883040935672,0.2631578947368421,1.0430555555555556,0.0485,0.16007205240174677,tp,1,A2a
2025-07-05,KRW-CARV,bull_quiet,3,0.2744883040935672,0.2631578947368421,1.0430555555555556,0.0485,0.09149719887955171,tp,1,A2a
2025-07-05,KRW-TAIKO,bull_quiet,3,0.2744883040935672,0.2631578947368421,1.0430555555555556,-0.0315,-0.027483399494767358,sl,0,A2a
2025-07-05,KRW-MOC,bull_quiet,3,0.2744883040935672,0.32776897770196173,0.8374444281397421,-0.0315,-0.05399679897567228,sl,0,A2a
2025-07-06,KRW-SAFE,bull_quiet,3,0.2744883040935672,0.32776897770196173,0.8374444281397421,0.0485,0.045334345186470115,tp,0,A2a
2025-07-06,KRW-CBK,bull_quiet,3,0.2744883040935672,0.43774366471734893,0.6270526022822154,-0.0315,0.052468253968254,sl,0,A2a
2025-07-06,KRW-POKT,bull_quiet,3,0.2744883040935672,0.43774366471734893,0.6270526022822154,0.0485,0.006554631413062508,tp,0,A2a
2025-07-07,KRW-BEAM,bull_quiet,3,0.2744883040935672,0.2631578947368421,1.0430555555555556,-0.0315,-0.03719331924386521,sl,0,A2a
2025-07-07,KRW-TOKAMAK,bull_quiet,3,0.13352826510721247,0.2631578947368421,0.5074074074074074,0.0485,0.04131949934123852,tp,0,A2a
2025-07-07,KRW-COW,bull_quiet,3,0.06164717348927875,0.12999512670565302,0.4742268041237113,-0.006727781926810948,-0.006727781926810948,eod,0,A2a
2025-07-08,KRW-TOKAMAK,bull_quiet,3,0.2744883040935672,0.32776897770196173,0.8374444281397421,-0.0315,-0.03182217308907137,sl,0,A2a
2025-07-08,KRW-BOUNTY,bull_quiet,3,0.13352826510721247,0.16593567251461988,0.8046989720998531,0.001102472348731455,0.001102472348731455,eod,0,A2a
2025-07-08,KRW-QKC,bull_quiet,3,0.13352826510721247,0.16593567251461988,0.8046989720998531,0.0485,0.01931098476721732,tp,0,A2a
2025-07-09,KRW-FCT2,bull_quiet,3,0.06164717348927875,0.055190058479532164,1.1169977924944812,0.031083397982932415,0.031083397982932415,eod,0,A2a
2025-07-09,KRW-TAIKO,bull_quiet,3,0.09223833313025466,0.08395272328500061,1.0986937590711174,0.009183367102597208,0.009183367102597208,eod,0,A2a
2025-07-09,KRW-MOC,bull_quiet,3,0.2744883040935672,0.32776897770196173,0.8374444281397421,0.0485,-0.02268963106378402,tp,0,A2a
2025-07-10,KRW-BSV,bull_quiet,3,0.03374756335282651,0.018518518518518517,1.8223684210526319,0.02984978229317853,0.02984978229317853,eod,0,A2a
2025-07-10,KRW-BCH,bull_quiet,3,0.021442495126705652,0.018518518518518517,1.1578947368421053,0.0007939068100358284,0.0007939068100358284,eod,0,A2a
2025-07-10,KRW-HIVE,bull_quiet,3,0.021442495126705652,0.018518518518518517,1.1578947368421053,0.0230791245791247,0.0230791245791247,eod,0,A2a
2025-07-11,KRW-SIGN,bull_quiet,3,0.04276836846594371,0.018518518518518517,2.3094918971609606,0.0485,0.05026246427437281,tp,0,A2a
2025-07-11,KRW-BTT,bull_quiet,3,0.03374756335282651,0.018518518518518517,1.8223684210526319,0.013626050420168236,0.013626050420168236,eod,0,A2a
2025-07-11,KRW-GAS,bull_quiet,3,0.03374756335282651,0.018518518518518517,1.8223684210526319,0.005077344701583332,0.005077344701583332,eod,0,A2a
2025-07-12,KRW-BTT,bull_quiet,3,0.04276836846594371,0.018518518518518517,2.3094918971609606,0.019982868789247432,0.019982868789247432,eod,0,A2a
2025-07-12,KRW-T,bull_quiet,3,0.03374756335282651,0.018518518518518517,1.8223684210526319,0.0485,0.03796784922394686,tp,0,A2a
2025-07-12,KRW-CARV,bull_quiet,3,0.2744883040935672,0.16593567251461988,1.6541850220264316,-0.0315,0.011833333333333198,sl,0,A2a
2025-07-13,KRW-KAVA,bull_quiet,3,0.06164717348927875,0.018518518518518517,3.3289473684210527,-0.0315,0.0005551464291831411,sl,0,A2a
2025-07-13,KRW-AHT,bull_quiet,3,0.2744883040935672,0.12999512670565302,2.1115276476101217,-0.0315,-0.008640307033202453,sl,0,A2a
2025-07-13,KRW-ETC,bull_quiet,3,0.03374756335282651,0.018518518518518517,1.8223684210526319,0.013497973246858587,0.013497973246858587,eod,0,A2a
2025-07-14,KRW-AGLD,bull_quiet,3,0.2744883040935672,0.21311075910807847,1.2880077253835942,0.0485,-0.017953382084095082,tp,0,A2a
2025-07-14,KRW-ETC,bull_quiet,3,0.021442495126705652,0.018518518518518517,1.1578947368421053,0.013675718849840259,0.013675718849840259,eod,0,A2a
2025-07-14,KRW-CRO,bull_quiet,3,0.2744883040935672,0.2631578947368421,1.0430555555555556,0.0485,0.01299275362318847,tp,0,A2a
2025-07-15,KRW-SOL,bull_quiet,3,0.021442495126705652,0.018518518518518517,1.1578947368421053,0.008639702568724652,0.008639702568724652,eod,0,A2a
2025-07-15,KRW-WAL,bull_quiet,3,0.2744883040935672,0.2631578947368421,1.0430555555555556,-0.0315,0.1045147849462365,sl,0,A2a
2025-07-15,KRW-SONIC,bull_quiet,3,0.13352826510721247,0.12999512670565302,1.0271790065604498,-0.0315,0.00967140121289495,sl,0,A2a
2025-07-16,KRW-BORA,bull_quiet,3,0.021442495126705652,0.018518518518518517,1.1578947368421053,-0.004377697841726645,-0.004377697841726645,eod,0,A2a
2025-07-16,KRW-AKT,bull_quiet,3,0.2744883040935672,0.2631578947368421,1.0430555555555556,-0.0315,-0.005712743549236397,sl,0,A2a
2025-07-16,KRW-STRAX,bull_quiet,3,0.2744883040935672,0.2631578947368421,1.0430555555555556,-0.0059059124502558995,-0.0059059124502558995,eod,0,A2a
2025-07-17,KRW-SOL,bull_quiet,3,0.04276836846594371,0.018518518518518517,2.3094918971609606,0.014605107014197984,0.014605107014197984,eod,0,A2a
2025-07-17,KRW-BTT,bull_quiet,3,0.021442495126705652,0.018518518518518517,1.1578947368421053,0.007968700683850529,0.007968700683850529,eod,0,A2a
2025-07-17,KRW-A,bull_quiet,3,0.04276836846594371,0.055190058479532164,0.7749288484955098,0.022040241977906272,0.022040241977906272,eod,0,A2a
2025-07-18,KRW-MVL,bull_quiet,3,0.03374756335282651,0.018518518518518517,1.8223684210526319,-0.0015,-0.0015,eod,0,A2a
2025-07-18,KRW-CKB,bull_quiet,3,0.2744883040935672,0.21311075910807847,1.2880077253835942,0.0485,-0.010297653958944273,tp,0,A2a
2025-07-18,KRW-WAVES,bull_quiet,3,0.09223833313025466,0.08395272328500061,1.0986937590711174,0.0031604527296938425,0.0031604527296938425,eod,0,A2a
2025-07-19,KRW-BCH,bull_quiet,3,0.03374756335282651,0.018518518518518517,1.8223684210526319,-0.0024944594402614415,-0.0024944594402614415,eod,0,A2a
2025-07-19,KRW-PENDLE,bull_quiet,3,0.2744883040935672,0.32776897770196173,0.8374444281397421,-0.002153701585226374,-0.002153701585226374,eod,0,A2a
2025-07-19,KRW-HYPER,bull_quiet,3,0.2744883040935672,0.32776897770196173,0.8374444281397421,-0.0315,-0.004182071384361495,sl,0,A2a
2025-07-20,KRW-MOCA,bull_quiet,3,0.09223833313025466,0.08395272328500061,1.0986937590711174,0.0485,0.05841189427312782,tp,0,A2a
2025-07-20,KRW-ARK,bull_quiet,3,0.2744883040935672,0.2631578947368421,1.0430555555555556,0.0485,0.03392770628311875,tp,0,A2a
2025-07-20,KRW-ARDR,bull_quiet,3,0.2744883040935672,0.32776897770196173,0.8374444281397421,0.017296992481203033,0.017296992481203033,eod,0,A2a
2025-07-21,KRW-BCH,bull_quiet,3,0.09223833313025466,0.08395272328500061,1.0986937590711174,-0.0315,-0.04549572078095748,sl,0,A2a
2025-07-21,KRW-VTHO,bull_quiet,3,0.09223833313025466,0.08395272328500061,1.0986937590711174,0.0485,0.02463298048296375,tp,0,A2a
2025-07-21,KRW-LSK,bull_quiet,3,0.2744883040935672,0.2631578947368421,1.0430555555555556,0.018914245268961294,0.018914245268961294,eod,0,A2a
2025-07-22,KRW-JTO,bull_quiet,3,0.2744883040935672,0.32776897770196173,0.8374444281397421,0.0485,0.010312352345595745,tp,0,A2a
2025-07-22,KRW-NXPC,bull_quiet,3,0.2744883040935672,0.32776897770196173,0.8374444281397421,-0.0315,-0.018810252996005306,sl,0,A2a
2025-07-22,KRW-ORCA,bull_quiet,3,0.2744883040935672,0.32776897770196173,0.8374444281397421,-0.0315,-0.030804029304029312,sl,0,A2a
2025-07-23,KRW-BCH,bull_quiet,3,0.03374756335282651,0.018518518518518517,1.8223684210526319,-0.0315,-0.022382971268395224,sl,0,A2a
2025-07-23,KRW-HYPER,bull_quiet,3,0.2744883040935672,0.32776897770196173,0.8374444281397421,-0.0315,0.07560651828298887,sl,1,A2a
2025-07-23,KRW-NEWT,bull_quiet,3,0.2744883040935672,0.32776897770196173,0.8374444281397421,0.0485,0.1316188417454252,tp,1,A2a
2025-07-24,KRW-NXPC,bull_quiet,3,0.2744883040935672,0.43774366471734893,0.6270526022822154,-0.0315,0.03676199740596636,sl,0,A2a
2025-07-24,KRW-SIGN,bull_quiet,3,0.2744883040935672,0.43774366471734893,0.6270526022822154,-0.0315,-0.03752058319039436,sl,0,A2a
2025-07-24,KRW-AERGO,bull_quiet,3,0.2744883040935672,0.43774366471734893,0.6270526022822154,-0.0315,-0.02381447846393353,sl,0,A2a
2025-07-25,KRW-RVN,bull_quiet,3,0.2744883040935672,0.32776897770196173,0.8374444281397421,0.0485,0.03729507074395261,tp,1,A2a
2025-07-25,KRW-CRO,bull_quiet,3,0.2744883040935672,0.32776897770196173,0.8374444281397421,0.0485,0.044876811594202926,tp,0,A2a
2025-07-25,KRW-SIGN,bull_quiet,3,0.2744883040935672,0.32776897770196173,0.8374444281397421,0.0485,-0.0494148181011535,tp,0,A2a
2025-07-26,KRW-GLM,bull_quiet,3,0.2744883040935672,0.2631578947368421,1.0430555555555556,0.013478213507625294,0.013478213507625294,eod,0,A2a
2025-07-26,KRW-SONIC,bull_quiet,3,0.2744883040935672,0.32776897770196173,0.8374444281397421,0.0485,-0.032404451375106225,tp,0,A2a
2025-07-26,KRW-BLUR,bull_quiet,3,0.2744883040935672,0.43774366471734893,0.6270526022822154,-0.008493006993006978,-0.008493006993006978,eod,0,A2a
2025-07-27,KRW-TAIKO,bull_quiet,3,0.2744883040935672,0.2631578947368421,1.0430555555555556,0.0485,0.024215531018451364,tp,0,A2a
2025-07-27,KRW-WAL,bull_quiet,3,0.2744883040935672,0.2631578947368421,1.0430555555555556,-0.0315,-0.012200828937452944,sl,0,A2a
2025-07-27,KRW-DRIFT,bull_quiet,3,0.2744883040935672,0.32776897770196173,0.8374444281397421,0.0485,0.02472227668177923,tp,0,A2a
2025-07-28,KRW-GAS,bull_quiet,3,0.03374756335282651,0.018518518518518517,1.8223684210526319,-0.0315,-0.0539861878453039,sl,0,A2a
2025-07-28,KRW-JUP,bull_quiet,3,0.2744883040935672,0.2631578947368421,1.0430555555555556,0.0485,-0.0660000622587475,tp,0,A2a
2025-07-28,KRW-EGLD,bull_quiet,3,0.13352826510721247,0.12999512670565302,1.0271790065604498,-0.0315,-0.06510882734746865,sl,0,A2a
2025-07-29,KRW-CBK,bull_quiet,3,0.2744883040935672,0.32776897770196173,0.8374444281397421,-0.0315,-0.019905564472980253,sl,0,A2a
2025-07-29,KRW-RAY,bull_quiet,3,0.2744883040935672,0.32776897770196173,0.8374444281397421,-0.0315,-0.023122878400372027,sl,0,A2a
2025-07-29,KRW-CKB,bull_quiet,3,0.2744883040935672,0.43774366471734893,0.6270526022822154,0.0485,0.06734790298130361,tp,1,A2a
2025-07-30,KRW-ATH,bull_quiet,3,0.2744883040935672,0.43774366471734893,0.6270526022822154,-0.0315,-0.07122150898676677,sl,0,A2a
2025-07-30,KRW-BAT,bull_quiet,3,0.2744883040935672,0.43774366471734893,0.6270526022822154,-0.0315,-0.018449152542372838,sl,0,A2a
2025-07-30,KRW-MOODENG,bull_quiet,3,0.13352826510721247,0.32776897770196173,0.4073853054776553,-0.0315,-0.029824154209284026,sl,0,A2a
2025-07-31,KRW-GAME2,bull_quiet,3,0.2744883040935672,0.32776897770196173,0.8374444281397421,-0.026596525096525048,-0.026596525096525048,eod,0,A2a
2025-07-31,KRW-BOUNTY,bull_quiet,3,0.2744883040935672,0.43774366471734893,0.6270526022822154,0.0485,0.03684808259587041,tp,0,A2a
2025-07-31,KRW-ALT,bull_quiet,3,0.2744883040935672,0.43774366471734893,0.6270526022822154,-0.0315,-0.055219008264462854,sl,0,A2a
2025-08-01,KRW-ALT,bull_quiet,3,0.2744883040935672,0.32776897770196173,0.8374444281397421,-0.0315,0.002866812227074357,sl,0,A2a
2025-08-01,KRW-ERA,bull_quiet,3,0.2744883040935672,0.43774366471734893,0.6270526022822154,-0.0315,-0.07030427521710086,sl,0,A2a
2025-08-01,KRW-KNC,bull_quiet,3,0.2744883040935672,0.43774366471734893,0.6270526022822154,-0.0315,-0.014968013468013517,sl,0,A2a
2025-08-02,KRW-HYPER,bull_quiet,3,0.2744883040935672,0.32776897770196173,0.8374444281397421,-0.0315,-0.0161520146520146,sl,0,A2a
2025-08-02,KRW-SYRUP,bull_quiet,3,0.2744883040935672,0.32776897770196173,0.8374444281397421,-0.0315,-0.051920168067226935,sl,0,A2a
2025-08-02,KRW-KNC,bull_quiet,3,0.2744883040935672,0.43774366471734893,0.6270526022822154,-0.0315,-0.015151877133105783,sl,0,A2a
2025-08-03,KRW-SYRUP,bull_quiet,3,0.2744883040935672,0.32776897770196173,0.8374444281397421,0.0485,0.03212831858407089,tp,0,A2a
2025-08-03,KRW-KNC,bull_quiet,3,0.2744883040935672,0.43774366471734893,0.6270526022822154,0.027911764705882247,0.027911764705882247,eod,0,A2a
2025-08-03,KRW-SAHARA,bull_quiet,3,0.2744883040935672,0.43774366471734893,0.6270526022822154,0.014629032258064502,0.014629032258064502,eod,0,A2a
2025-08-04,KRW-SYRUP,bull_quiet,3,0.2744883040935672,0.2631578947368421,1.0430555555555556,0.0485,0.05500684931506844,tp,0,A2a
2025-08-04,KRW-VIRTUAL,bull_quiet,3,0.2744883040935672,0.32776897770196173,0.8374444281397421,0.021864485981308468,0.021864485981308468,eod,0,A2a
2025-08-04,KRW-CKB,bull_quiet,3,0.2744883040935672,0.43774366471734893,0.6270526022822154,0.0049432989690721425,0.0049432989690721425,eod,0,A2a
2025-08-05,KRW-ANIME,bull_quiet,3,0.03374756335282651,0.018518518518518517,1.8223684210526319,-0.0315,-0.03568803418803407,sl,0,A2a
2025-08-05,KRW-XTZ,bull_quiet,3,0.09223833313025466,0.055190058479532164,1.671285294333621,0.0485,-0.021536429872495433,tp,0,A2a
2025-08-05,KRW-AERGO,bull_quiet,3,0.021442495126705652,0.018518518518518517,1.1578947368421053,-0.0315,-0.026191358024691358,sl,0,A2a
2025-08-06,KRW-GAME2,bull_quiet,3,0.09223833313025466,0.12999512670565302,0.7095522383628212,-0.0315,-0.014559701492537323,sl,0,A2a
2025-08-06,KRW-ERA,bull_quiet,3,0.2744883040935672,0.43774366471734893,0.6270526022822154,-0.0315,-0.04534724186704381,sl,0,A2a
2025-08-06,KRW-ENA,bull_quiet,3,0.2744883040935672,0.43774366471734893,0.6270526022822154,-0.0315,0.02675552825552835,sl,0,A2a
2025-08-07,KRW-ATH,bull_quiet,3,0.2744883040935672,0.32776897770196173,0.8374444281397421,0.006564516129032251,0.006564516129032251,eod,0,A2a
2025-08-07,KRW-POKT,bull_quiet,3,0.2744883040935672,0.32776897770196173,0.8374444281397421,0.01664882032667886,0.01664882032667886,eod,0,A2a
2025-08-07,KRW-ENA,bull_quiet,3,0.2744883040935672,0.43774366471734893,0.6270526022822154,0.0485,0.04867921146953408,tp,0,A2a
2025-08-08,KRW-NXPC,bull_quiet,3,0.03374756335282651,0.018518518518518517,1.8223684210526319,0.008608864696734,0.008608864696734,eod,0,A2a
2025-08-08,KRW-ANIME,bull_quiet,3,0.021442495126705652,0.018518518518518517,1.1578947368421053,0.015377637130801704,0.015377637130801704,eod,0,A2a
2025-08-08,KRW-DRIFT,bull_quiet,3,0.06164717348927875,0.055190058479532164,1.1169977924944812,0.0485,0.08252203856749302,tp,0,A2a
2025-08-09,KRW-AUCTION,bull_quiet,3,0.06164717348927875,0.018518518518518517,3.3289473684210527,0.02942059030217853,0.02942059030217853,eod,0,A2a
2025-08-09,KRW-RVN,bull_quiet,3,0.03374756335282651,0.018518518518518517,1.8223684210526319,0.0035251256281408363,0.0035251256281408363,eod,0,A2a
2025-08-09,KRW-SNT,bull_quiet,3,0.03374756335282651,0.018518518518518517,1.8223684210526319,0.01896035805626589,0.01896035805626589,eod,0,A2a
2025-08-10,KRW-AUCTION,bull_quiet,3,0.06164717348927875,0.018518518518518517,3.3289473684210527,-0.0315,-0.00013667348329920873,sl,0,A2a
2025-08-10,KRW-POKT,bull_quiet,3,0.04276836846594371,0.018518518518518517,2.3094918971609606,-0.0315,-0.01033392226148405,sl,0,A2a
2025-08-10,KRW-VET,bull_quiet,3,0.04276836846594371,0.018518518518518517,2.3094918971609606,-0.0015,-0.0015,eod,0,A2a
2025-08-11,KRW-MOCA,bull_quiet,3,0.04276836846594371,0.018518518518518517,2.3094918971609606,-0.0315,-0.029801886792452825,sl,0,A2a
2025-08-11,KRW-SNT,bull_quiet,3,0.03374756335282651,0.018518518518518517,1.8223684210526319,-0.021804568527918733,-0.021804568527918733,eod,0,A2a
2025-08-11,KRW-ELF,bull_quiet,3,0.021442495126705652,0.018518518518518517,1.1578947368421053,0.005166666666666599,0.005166666666666599,eod,0,A2a
2025-08-12,KRW-CTC,bull_quiet,3,0.13352826510721247,0.21311075910807847,0.6265674509633463,-0.0315,0.015449152542372837,sl,0,A2a
2025-08-12,KRW-MOC,bull_quiet,3,0.03374756335282651,0.055190058479532164,0.6114790286975718,0.014804347826086918,0.014804347826086918,eod,0,A2a
2025-08-12,KRW-CRO,bull_quiet,3,0.13352826510721247,0.2631578947368421,0.5074074074074074,-0.0315,-0.027586956521739092,sl,0,A2a
2025-08-13,KRW-ID,bull_quiet,3,0.2744883040935672,0.21311075910807847,1.2880077253835942,0.023090163934426144,0.023090163934426144,eod,0,A2a
2025-08-13,KRW-KAITO,bull_quiet,3,0.09223833313025466,0.08395272328500061,1.0986937590711174,0.003924954792043302,0.003924954792043302,eod,0,A2a
2025-08-13,KRW-MNT,bull_quiet,3,0.2744883040935672,0.32776897770196173,0.8374444281397421,0.0485,0.088891459074733,tp,0,A2a
2025-08-14,KRW-BTT,bull_quiet,3,0.021442495126705652,0.018518518518518517,1.1578947368421053,-0.0315,-0.03823469387755102,sl,0,A2a
2025-08-14,KRW-MOCA,bull_quiet,3,0.021442495126705652,0.018518518518518517,1.1578947368421053,-0.0315,-0.057574766355140194,sl,0,A2a
2025-08-14,KRW-NXPC,bull_quiet,3,0.021442495126705652,0.018518518518518517,1.1578947368421053,-0.0315,-0.0637568093385214,sl,0,A2a
2025-08-15,KRW-INJ,bull_quiet,3,0.2744883040935672,0.2631578947368421,1.0430555555555556,-0.0315,-0.049480997624703094,sl,0,A2a
2025-08-15,KRW-BERA,bull_quiet,3,0.2744883040935672,0.43774366471734893,0.6270526022822154,-0.0315,-0.017760162601625995,sl,0,A2a
2025-08-15,KRW-ARKM,bull_quiet,3,0.2744883040935672,0.43774366471734893,0.6270526022822154,0.0485,-0.002803780964797885,tp,0,A2a
2025-08-16,KRW-DEEP,bull_quiet,3,0.2744883040935672,0.32776897770196173,0.8374444281397421,-0.0315,-0.02233333333333337,sl,0,A2a
2025-08-16,KRW-KAVA,bull_quiet,3,0.04276836846594371,0.055190058479532164,0.7749288484955098,-0.0015,-0.0015,eod,0,A2a
2025-08-16,KRW-MNT,bull_quiet,3,0.2744883040935672,0.43774366471734893,0.6270526022822154,0.0485,0.13080035756853398,tp,0,A2a
2025-08-17,KRW-BAT,bull_quiet,3,0.2744883040935672,0.43774366471734893,0.6270526022822154,-0.0315,-0.048508547008547065,sl,0,A2a
2025-08-17,KRW-PROVE,bull_quiet,3,0.2744883040935672,0.43774366471734893,0.6270526022822154,-0.0068850296176628505,-0.0068850296176628505,eod,0,A2a
2025-08-17,KRW-BERA,bull_quiet,3,0.2744883040935672,0.43774366471734893,0.6270526022822154,0.0033558421851290223,0.0033558421851290223,eod,0,A2a
2025-08-18,KRW-SEI,bull_quiet,3,0.2744883040935672,0.2631578947368421,1.0430555555555556,-0.0315,-0.04771848739495793,sl,0,A2a
2025-08-18,KRW-LPT,bull_quiet,3,0.2744883040935672,0.32776897770196173,0.8374444281397421,-0.0315,-0.06110617349654074,sl,0,A2a
2025-08-18,KRW-POL,bull_quiet,3,0.13352826510721247,0.16593567251461988,0.8046989720998531,-0.0315,0.053893586005830996,sl,0,A2a
2025-08-19,KRW-CARV,bull_quiet,3,0.2744883040935672,0.2631578947368421,1.0430555555555556,-0.0315,0.0028478260869564966,sl,0,A2a
2025-08-19,KRW-POL,bull_quiet,3,0.2744883040935672,0.32776897770196173,0.8374444281397421,-0.0315,-0.10676315789473684,sl,0,A2a
2025-08-19,KRW-ARB,bull_quiet,3,0.2744883040935672,0.43774366471734893,0.6270526022822154,-0.0315,-0.07322995780590719,sl,0,A2a
2025-08-20,KRW-CTC,bull_quiet,3,0.2744883040935672,0.43774366471734893,0.6270526022822154,-0.0315,0.008976190476190528,sl,0,A2a
2025-08-20,KRW-CARV,bull_quiet,3,0.13352826510721247,0.32776897770196173,0.4073853054776553,-0.0315,0.0028196544276458137,sl,0,A2a
2025-08-20,KRW-CYBER,bull_quiet,3,0.2744883040935672,0.6817738791423001,0.40260900643316655,0.017089743589743522,0.017089743589743522,eod,0,A2a
2025-08-21,KRW-ARB,bull_quiet,3,0.2744883040935672,0.32776897770196173,0.8374444281397421,-0.0315,-0.028036312849162026,sl,0,A2a
2025-08-21,KRW-BERA,bull_quiet,3,0.2744883040935672,0.32776897770196173,0.8374444281397421,-0.0315,-0.06639586477512832,sl,0,A2a
2025-08-21,KRW-HYPER,bull_quiet,3,0.2744883040935672,0.32776897770196173,0.8374444281397421,-0.0315,-0.07481975560081472,sl,0,A2a
2025-08-22,KRW-CYBER,bull_quiet,3,0.2744883040935672,0.43774366471734893,0.6270526022822154,0.0485,0.04026411627129961,tp,0,A2a
2025-08-22,KRW-CARV,bull_quiet,3,0.09223833313025466,0.21311075910807847,0.43281875357347055,-0.0315,0.02321910112359543,sl,0,A2a
2025-08-22,KRW-POKT,bull_quiet,3,0.09223833313025466,0.21311075910807847,0.43281875357347055,-0.0315,0.01185877862595436,sl,0,A2a
2025-08-23,KRW-BTT,bull_quiet,3,0.03374756335282651,0.018518518518518517,1.8223684210526319,0.0485,0.02397770700636942,tp,0,A2a
2025-08-23,KRW-DRIFT,bull_quiet,3,0.09223833313025466,0.055190058479532164,1.671285294333621,0.0485,0.04776764314247678,tp,0,A2a
2025-08-23,KRW-SNT,bull_quiet,3,0.021442495126705652,0.018518518518518517,1.1578947368421053,0.0037631578947368584,0.0037631578947368584,eod,0,A2a
2025-08-24,KRW-DRIFT,bull_quiet,3,0.2744883040935672,0.21311075910807847,1.2880077253835942,0.0485,0.009935832274459879,tp,0,A2a
2025-08-24,KRW-ZRO,bull_quiet,3,0.13352826510721247,0.12999512670565302,1.0271790065604498,0.0485,0.004353994490358172,tp,0,A2a
2025-08-24,KRW-ALT,bull_quiet,3,0.13352826510721247,0.16593567251461988,0.8046989720998531,-0.0315,-0.03658771929824561,sl,0,A2a
2025-08-25,KRW-EGLD,bull_quiet,3,0.09223833313025466,0.12999512670565302,0.7095522383628212,-0.0315,-0.07371711131554742,sl,0,A2a
2025-08-25,KRW-ONT,bull_quiet,3,0.2744883040935672,0.43774366471734893,0.6270526022822154,-0.0315,0.22719955156950672,sl,1,A2a
2025-08-25,KRW-BERA,bull_quiet,3,0.2744883040935672,0.43774366471734893,0.6270526022822154,-0.0315,-0.07989721254355403,sl,0,A2a
2025-08-26,KRW-IOST,bull_quiet,3,0.2744883040935672,0.43774366471734893,0.6270526022822154,-0.0315,-0.06435714285714284,sl,0,A2a
2025-08-26,KRW-API3,bull_quiet,3,0.2744883040935672,0.43774366471734893,0.6270526022822154,-0.0315,-0.018945132245357377,sl,0,A2a
2025-08-26,KRW-ONG,bull_quiet,3,0.2744883040935672,0.6817738791423001,0.40260900643316655,-0.0315,-0.08423381294964033,sl,0,A2a
2025-08-27,KRW-ID,bull_quiet,3,0.2744883040935672,0.2631578947368421,1.0430555555555556,-0.0315,-0.044235042735042696,sl,0,A2a
2025-08-27,KRW-RAY,bull_quiet,3,0.2744883040935672,0.32776897770196173,0.8374444281397421,0.0485,0.037407284768211924,tp,0,A2a
2025-08-27,KRW-IP,bull_quiet,3,0.2744883040935672,0.32776897770196173,0.8374444281397421,-0.0315,-0.05335185185185182,sl,0,A2a
2025-08-28,KRW-API3,bull_quiet,3,0.2744883040935672,0.32776897770196173,0.8374444281397421,-0.0315,-0.012220667063728428,sl,0,A2a
2025-08-28,KRW-SYRUP,bull_quiet,3,0.2744883040935672,0.43774366471734893,0.6270526022822154,0.0485,-0.0015,tp,0,A2a
2025-08-28,KRW-TAIKO,bull_quiet,3,0.09223833313025466,0.21311075910807847,0.43281875357347055,-0.0315,0.027362478777589072,sl,0,A2a
2025-08-29,KRW-CARV,bull_quiet,3,0.2744883040935672,0.21311075910807847,1.2880077253835942,-0.0315,-0.044486425339366475,sl,0,A2a
2025-08-29,KRW-GMT,bull_quiet,3,0.2744883040935672,0.32776897770196173,0.8374444281397421,-0.0315,-0.07029999999999997,sl,0,A2a
2025-08-29,KRW-W,bull_quiet,3,0.2744883040935672,0.32776897770196173,0.8374444281397421,-0.0315,0.03358771929824572,sl,1,A2a
2025-08-30,KRW-SYRUP,bull_quiet,3,0.2744883040935672,0.32776897770196173,0.8374444281397421,-0.0315,0.026537383177569984,sl,0,A2a
2025-08-30,KRW-JTO,bull_quiet,3,0.09223833313025466,0.21311075910807847,0.43281875357347055,-0.0315,-0.03684451981435205,sl,0,A2a
2025-08-30,KRW-ONT,bull_quiet,3,0.13352826510721247,0.32776897770196173,0.4073853054776553,0.0485,0.026801886792452934,tp,0,A2a
2025-08-31,KRW-ONT,bull_quiet,3,0.2744883040935672,0.32776897770196173,0.8374444281397421,-0.0315,-0.06113302752293576,sl,0,A2a
2025-08-31,KRW-JST,bull_quiet,3,0.09223833313025466,0.16593567251461988,0.5558680163973057,-0.007382352941176449,-0.007382352941176449,eod,0,A2a
2025-08-31,KRW-AGLD,bull_quiet,3,0.13352826510721247,0.2631578947368421,0.5074074074074074,-0.0315,-0.04782426988922456,sl,0,A2a
2025-09-01,KRW-ZRX,bull_quiet,3,0.13352826510721247,0.2631578947368421,0.5074074074074074,0.0485,-0.04215040650406504,tp,0,A2a
2025-09-01,KRW-POL,bull_quiet,3,0.2744883040935672,0.6817738791423001,0.40260900643316655,-0.022225388601036233,-0.022225388601036233,eod,0,A2a
2025-09-01,KRW-AXS,bull_quiet,3,0.2744883040935672,0.6817738791423001,0.40260900643316655,-0.0315,-0.07934090909090913,sl,0,A2a
2025-09-02,KRW-LPT,bull_quiet,3,0.13352826510721247,0.2631578947368421,0.5074074074074074,0.007709100758396538,0.007709100758396538,eod,0,A2a
2025-09-02,KRW-SYRUP,bull_quiet,3,0.13352826510721247,0.32776897770196173,0.4073853054776553,-0.0315,0.009646496815286567,sl,0,A2a
2025-09-02,KRW-ONT,bull_quiet,3,0.13352826510721247,0.32776897770196173,0.4073853054776553,-0.0015,-0.0015,eod,0,A2a
2025-09-03,KRW-BEAM,bull_quiet,3,0.2744883040935672,0.2631578947368421,1.0430555555555556,-0.0015,-0.0015,eod,0,A2a
2025-09-03,KRW-IP,bull_quiet,3,0.2744883040935672,0.43774366471734893,0.6270526022822154,0.0485,0.036427844588344194,tp,0,A2a
2025-09-03,KRW-POL,bull_quiet,3,0.2744883040935672,0.43774366471734893,0.6270526022822154,-0.0315,-0.028863184079602033,sl,0,A2a
2025-09-04,KRW-PROVE,bull_quiet,3,0.2744883040935672,0.32776897770196173,0.8374444281397421,-0.0315,-0.06648470948012236,sl,0,A2a
2025-09-04,KRW-SYRUP,bull_quiet,3,0.2744883040935672,0.32776897770196173,0.8374444281397421,-0.0315,-0.029116279069767492,sl,0,A2a
2025-09-04,KRW-AERO,bull_quiet,3,0.09223833313025466,0.12999512670565302,0.7095522383628212,-0.0315,-0.00839223057644106,sl,0,A2a
2025-09-05,KRW-IP,bull_quiet,3,0.2744883040935672,0.43774366471734893,0.6270526022822154,0.0485,0.018409502262443367,tp,0,A2a
2025-09-05,KRW-QTUM,bull_quiet,3,0.2744883040935672,0.43774366471734893,0.6270526022822154,-0.0315,-0.012132780082987514,sl,0,A2a
2025-09-05,KRW-WAL,bull_quiet,3,0.09223833313025466,0.21311075910807847,0.43281875357347055,0.0485,0.04513212435233155,tp,0,A2a
2025-09-06,KRW-SYRUP,bull_quiet,3,0.2744883040935672,0.32776897770196173,0.8374444281397421,0.0485,-0.011457325746799417,tp,0,A2a
2025-09-06,KRW-PENDLE,bull_quiet,3,0.06164717348927875,0.08395272328500061,0.7343082043926135,-0.02866981132075469,-0.02866981132075469,eod,0,A2a
2025-09-06,KRW-ENA,bull_quiet,3,0.2744883040935672,0.43774366471734893,0.6270526022822154,0.0072890625,0.0072890625,eod,0,A2a
2025-09-07,KRW-API3,bull_quiet,3,0.2744883040935672,0.32776897770196173,0.8374444281397421,-0.0315,-0.04238471849865949,sl,0,A2a
2025-09-07,KRW-AERO,bull_quiet,3,0.09223833313025466,0.12999512670565302,0.7095522383628212,-0.014584112149532756,-0.014584112149532756,eod,0,A2a
2025-09-07,KRW-WLFI,bull_quiet,3,0.2744883040935672,0.43774366471734893,0.6270526022822154,0.0485,0.03480363036303641,tp,0,A2a
2025-09-08,KRW-IP,bull_quiet,3,0.2744883040935672,0.32776897770196173,0.8374444281397421,-0.0315,-0.02914227642276418,sl,0,A2a
2025-09-08,KRW-PUNDIX,bull_quiet,3,0.04276836846594371,0.055190058479532164,0.7749288484955098,0.012105442176870764,0.012105442176870764,eod,0,A2a
2025-09-08,KRW-TREE,bull_quiet,3,0.2744883040935672,0.43774366471734893,0.6270526022822154,-0.0315,-0.04091908713692943,sl,0,A2a
2025-09-09,KRW-BLAST,bull_quiet,3,0.021442495126705652,0.018518518518518517,1.1578947368421053,0.00438235294117645,0.00438235294117645,eod,0,A2a
2025-09-09,KRW-ERA,bull_quiet,3,0.021442495126705652,0.018518518518518517,1.1578947368421053,-0.0015,-0.0015,eod,0,A2a
2025-09-09,KRW-TRX,bull_quiet,3,0.021442495126705652,0.018518518518518517,1.1578947368421053,0.01148701298701288,0.01148701298701288,eod,0,A2a
2025-09-15,KRW-BTC,bull_quiet,4,0.001887188089746278,0.020549381421681695,0.09183673469387754,0.0007889146677642635,0.0007889146677642635,eod,0,A2a
2025-09-15,KRW-ETH,bull_quiet,4,0.001887188089746278,0.020549381421681695,0.09183673469387754,-0.016961502420740293,-0.016961502420740293,eod,0,A2a
2025-09-15,KRW-GAS,bull_quiet,4,0.001887188089746278,0.020549381421681695,0.09183673469387754,-0.0315,-0.02409522272433834,sl,0,A2a
2025-09-16,KRW-BTC,bull_quiet,4,0.001887188089746278,0.020549381421681695,0.09183673469387754,0.007597414517283298,0.007597414517283298,eod,0,A2a
2025-09-16,KRW-TRX,bull_quiet,4,0.001887188089746278,0.020549381421681695,0.09183673469387754,-0.01189501039501034,-0.01189501039501034,eod,0,A2a
2025-09-16,KRW-AAVE,bull_quiet,4,0.007863283707276158,0.05871251834766198,0.13392857142857142,-0.0315,-0.005097122302158251,sl,0,A2a
2025-09-17,KRW-NXPC,bull_quiet,4,0.007863283707276158,0.020549381421681695,0.3826530612244898,0.015449152542372837,0.015449152542372837,eod,0,A2a
2025-09-17,KRW-ATOM,bull_quiet,4,0.001887188089746278,0.020549381421681695,0.09183673469387754,0.008784810126582223,0.008784810126582223,eod,0,A2a
2025-09-17,KRW-BTC,bull_quiet,4,0.001887188089746278,0.020549381421681695,0.09183673469387754,-0.006012946979038257,-0.006012946979038257,eod,0,A2a
2025-09-18,KRW-IOTA,bull_quiet,4,0.014050540002097095,0.020549381421681695,0.6837451558163372,0.0059074074074073075,0.0059074074074073075,eod,0,A2a
2025-09-18,KRW-LAYER,bull_quiet,4,0.014050540002097095,0.020549381421681695,0.6837451558163372,0.0485,0.03893126684636111,tp,0,A2a
2025-09-18,KRW-NXPC,bull_quiet,4,0.014050540002097095,0.020549381421681695,0.6837451558163372,0.012041666666666563,0.012041666666666563,eod,0,A2a
2025-09-19,KRW-API3,bull_quiet,4,0.023275319773537428,0.020549381421681695,1.1326530612244896,-0.0315,-0.033150339110776195,sl,0,A2a
2025-09-19,KRW-ARK,bull_quiet,4,0.014050540002097095,0.020549381421681695,0.6837451558163372,-0.0315,-0.030596477794793298,sl,0,A2a
2025-09-19,KRW-QTUM,bull_quiet,4,0.014050540002097095,0.020549381421681695,0.6837451558163372,-0.0315,-0.02642753623188404,sl,0,A2a
2025-09-20,KRW-BTC,bull_quiet,4,0.001887188089746278,0.020549381421681695,0.09183673469387754,-0.0010436662103329706,-0.0010436662103329706,eod,0,A2a
2025-09-20,KRW-XRP,bull_quiet,4,0.001887188089746278,0.020549381421681695,0.09183673469387754,-0.006503573981415265,-0.006503573981415265,eod,0,A2a
2025-09-20,KRW-CRO,bull_quiet,4,0.023275319773537428,0.05871251834766198,0.3964285714285714,-0.016790519877675825,-0.016790519877675825,eod,0,A2a
2025-09-21,KRW-BTC,bull_quiet,4,0.001887188089746278,0.020549381421681695,0.09183673469387754,-0.00657902068591437,-0.00657902068591437,eod,0,A2a
2025-09-21,KRW-ETH,bull_quiet,4,0.001887188089746278,0.020549381421681695,0.09183673469387754,-0.010249602290805014,-0.010249602290805014,eod,0,A2a
2025-09-21,KRW-XRP,bull_quiet,4,0.001887188089746278,0.020549381421681695,0.09183673469387754,-0.004613772455089813,-0.004613772455089813,eod,0,A2a
2025-09-22,KRW-BTC,bull_quiet,4,0.001887188089746278,0.020549381421681695,0.09183673469387754,-0.005712874047456738,-0.005712874047456738,eod,0,A2a
2025-09-22,KRW-TRX,bull_quiet,4,0.001887188089746278,0.020549381421681695,0.09183673469387754,0.00889501039501034,0.00889501039501034,eod,0,A2a
2025-09-22,KRW-AAVE,bull_quiet,4,0.001887188089746278,0.020549381421681695,0.09183673469387754,-0.0315,-0.0658047803931085,sl,0,A2a
2025-09-23,KRW-BTC,bull_quiet,4,0.001887188089746278,0.020549381421681695,0.09183673469387754,-0.008045097087680695,-0.008045097087680695,eod,0,A2a
2025-09-23,KRW-TRX,bull_quiet,4,0.001887188089746278,0.020549381421681695,0.09183673469387754,-0.013845679012345733,-0.013845679012345733,eod,0,A2a
2025-09-23,KRW-XLM,bull_quiet,4,0.014050540002097095,0.10401593792597252,0.1350806451612903,-0.012885199240986687,-0.012885199240986687,eod,0,A2a
2025-09-24,KRW-BTC,bull_quiet,4,0.001887188089746278,0.020549381421681695,0.09183673469387754,0.004887775551102149,0.004887775551102149,eod,0,A2a
2025-09-24,KRW-TRX,bull_quiet,4,0.001887188089746278,0.020549381421681695,0.09183673469387754,-0.0015,-0.0015,eod,0,A2a
2025-09-24,KRW-APT,bull_quiet,4,0.007863283707276158,0.05871251834766198,0.13392857142857142,-0.018670891251022115,-0.018670891251022115,eod,0,A2a
2025-09-25,KRW-BTC,bull_quiet,4,0.001887188089746278,0.020549381421681695,0.09183673469387754,-0.01705693839452399,-0.01705693839452399,eod,0,A2a
2025-09-25,KRW-TRX,bull_quiet,4,0.001887188089746278,0.020549381421681695,0.09183673469387754,0.002666666666666652,0.002666666666666652,eod,0,A2a
2025-09-25,KRW-API3,bull_quiet,4,0.007863283707276158,0.05871251834766198,0.13392857142857142,-0.0315,-0.06047658282740681,sl,0,A2a
2025-09-26,KRW-BTC,bull_quiet,4,0.001887188089746278,0.020549381421681695,0.09183673469387754,-0.0020751521625089185,-0.0020751521625089185,eod,0,A2a
2025-09-26,KRW-TRX,bull_quiet,4,0.001887188089746278,0.020549381421681695,0.09183673469387754,0.013022821576763434,0.013022821576763434,eod,0,A2a
2025-09-26,KRW-T,bull_quiet,4,0.014050540002097095,0.13440972950304048,0.1045351408268347,-0.006004504504504458,-0.006004504504504458,eod,0,A2a
2025-09-27,KRW-BTC,bull_quiet,4,0.001887188089746278,0.020549381421681695,0.09183673469387754,-0.002979804463444423,-0.002979804463444423,eod,0,A2a
2025-09-27,KRW-TRX,bull_quiet,4,0.001887188089746278,0.020549381421681695,0.09183673469387754,-0.009679959100204525,-0.009679959100204525,eod,0,A2a
2025-09-27,KRW-ETH,bull_quiet,4,0.001887188089746278,0.020549381421681695,0.09183673469387754,-0.007688757091284191,-0.007688757091284191,eod,0,A2a
2025-09-28,KRW-BTC,bull_quiet,4,0.001887188089746278,0.020549381421681695,0.09183673469387754,0.0155179616446684,0.0155179616446684,eod,0,A2a
2025-09-28,KRW-ETH,bull_quiet,4,0.001887188089746278,0.020549381421681695,0.09183673469387754,0.02426962988585274,0.02426962988585274,eod,0,A2a
2025-09-28,KRW-TRX,bull_quiet,4,0.001887188089746278,0.020549381421681695,0.09183673469387754,-0.009747422680412341,-0.009747422680412341,eod,0,A2a
2025-09-29,KRW-ALGO,bull_quiet,4,0.007863283707276158,0.020549381421681695,0.3826530612244898,-0.0048557046979866274,-0.0048557046979866274,eod,0,A2a
2025-09-29,KRW-BOUNTY,bull_quiet,4,0.007863283707276158,0.020549381421681695,0.3826530612244898,0.0485,0.019215630885122403,tp,0,A2a
2025-09-29,KRW-T,bull_quiet,4,0.007863283707276158,0.020549381421681695,0.3826530612244898,-0.0315,-0.01976484018264829,sl,0,A2a
2025-09-30,KRW-BTC,bull_quiet,4,0.001887188089746278,0.020549381421681695,0.09183673469387754,-0.002408109169448279,-0.002408109169448279,eod,0,A2a
2025-09-30,KRW-ETH,bull_quiet,4,0.001887188089746278,0.020549381421681695,0.09183673469387754,-0.016643950740555857,-0.016643950740555857,eod,0,A2a
2025-09-30,KRW-TRUMP,bull_quiet,4,0.001887188089746278,0.020549381421681695,0.09183673469387754,-0.0315,-0.02740194264569845,sl,0,A2a
2025-10-01,KRW-STRAX,bull_quiet,4,0.014050540002097095,0.020549381421681695,0.6837451558163372,0.031833333333333214,0.031833333333333214,eod,0,A2a
2025-10-01,KRW-BTC,bull_quiet,4,0.001887188089746278,0.020549381421681695,0.09183673469387754,0.03286755349202847,0.03286755349202847,eod,0,A2a
2025-10-01,KRW-ETH,bull_quiet,4,0.001887188089746278,0.020549381421681695,0.09183673469387754,0.04191949653657706,0.04191949653657706,eod,0,A2a
2025-10-02,KRW-BIGTIME,bull_quiet,4,0.023275319773537428,0.020549381421681695,1.1326530612244896,0.011338801711840376,0.011338801711840376,eod,0,A2a
2025-10-02,KRW-CBK,bull_quiet,4,0.014050540002097095,0.020549381421681695,0.6837451558163372,0.007120689655172376,0.007120689655172376,eod,0,A2a
2025-10-02,KRW-A,bull_quiet,4,0.007863283707276158,0.020549381421681695,0.3826530612244898,0.012245704467353903,0.012245704467353903,eod,0,A2a
2025-10-03,KRW-ATOM,bull_quiet,4,0.023275319773537428,0.020549381421681695,1.1326530612244896,-0.008864975450081856,-0.008864975450081856,eod,0,A2a
2025-10-03,KRW-LAYER,bull_quiet,4,0.023275319773537428,0.020549381421681695,1.1326530612244896,-0.0031420361247947435,-0.0031420361247947435,eod,0,A2a
2025-10-03,KRW-ETH,bull_quiet,4,0.014050540002097095,0.020549381421681695,0.6837451558163372,0.0059027405890690905,0.0059027405890690905,eod,0,A2a
2025-10-04,KRW-LAYER,bull_quiet,4,0.023275319773537428,0.020549381421681695,1.1326530612244896,-0.0315,-0.029552805280528005,sl,0,A2a
2025-10-04,KRW-ADA,bull_quiet,4,0.014050540002097095,0.020549381421681695,0.6837451558163372,-0.021874898125509412,-0.021874898125509412,eod,0,A2a
2025-10-04,KRW-BCH,bull_quiet,4,0.014050540002097095,0.020549381421681695,0.6837451558163372,-0.0315,-0.02238167053364265,sl,0,A2a
2025-10-05,KRW-BLUR,bull_quiet,4,0.014050540002097095,0.020549381421681695,0.6837451558163372,-0.0107592592592593,-0.0107592592592593,eod,0,A2a
2025-10-05,KRW-SNT,bull_quiet,4,0.014050540002097095,0.020549381421681695,0.6837451558163372,0.010922360248447229,0.010922360248447229,eod,0,A2a
2025-10-05,KRW-ETC,bull_quiet,4,0.007863283707276158,0.020549381421681695,0.3826530612244898,0.0024554117224021023,0.0024554117224021023,eod,0,A2a
2025-10-06,KRW-ZETA,bull_quiet,4,0.023275319773537428,0.020549381421681695,1.1326530612244896,0.0485,0.09726543209876543,tp,0,A2a
2025-10-06,KRW-QTUM,bull_quiet,4,0.014050540002097095,0.020549381421681695,0.6837451558163372,0.012111902500791473,0.012111902500791473,eod,0,A2a
2025-10-06,KRW-ATOM,bull_quiet,4,0.007863283707276158,0.020549381421681695,0.3826530612244898,0.02034873949579824,0.02034873949579824,eod,0,A2a
2025-10-07,KRW-ME,bull_quiet,4,0.04445842508126245,0.020549381421681695,2.163492134821843,-0.0315,-0.03996153846153844,sl,0,A2a
2025-10-07,KRW-BIGTIME,bull_quiet,4,0.023275319773537428,0.020549381421681695,1.1326530612244896,-0.0315,-0.04503932584269671,sl,0,A2a
2025-10-07,KRW-ETH,bull_quiet,4,0.014050540002097095,0.020549381421681695,0.6837451558163372,-0.0315,-0.037471223021582734,sl,0,A2a
2025-10-08,KRW-BTC,bull_quiet,4,0.001887188089746278,0.020549381421681695,0.09183673469387754,0.012865490911163015,0.012865490911163015,eod,0,A2a
2025-10-08,KRW-TRX,bull_quiet,4,0.001887188089746278,0.020549381421681695,0.09183673469387754,0.006663265306122547,0.006663265306122547,eod,0,A2a
2025-10-08,KRW-XRP,bull_quiet,4,0.001887188089746278,0.020549381421681695,0.09183673469387754,0.0045503388189738776,0.0045503388189738776,eod,0,A2a
2025-10-09,KRW-TRUMP,bull_quiet,4,0.007863283707276158,0.020549381421681695,0.3826530612244898,-0.016732974910394216,-0.016732974910394216,eod,0,A2a
2025-10-09,KRW-WAVES,bull_quiet,4,0.007863283707276158,0.020549381421681695,0.3826530612244898,-0.0093125,-0.0093125,eod,0,A2a
2025-10-09,KRW-BCH,bull_quiet,4,0.001887188089746278,0.020549381421681695,0.09183673469387754,0.003850772889417321,0.003850772889417321,eod,0,A2a
2025-10-10,KRW-BTC,bull_quiet,4,0.001887188089746278,0.020549381421681695,0.09183673469387754,-0.0315,-0.03167183136654356,sl,0,A2a
2025-10-10,KRW-TRX,bull_quiet,4,0.001887188089746278,0.020549381421681695,0.09183673469387754,-0.0315,0.0005325203252031798,sl,0,A2a
2025-10-10,KRW-XRP,bull_quiet,4,0.001887188089746278,0.020549381421681695,0.09183673469387754,-0.0315,-0.101109375,sl,0,A2a
2025-10-11,KRW-BTC,bull_quiet,4,0.001887188089746278,0.05871251834766198,0.03214285714285715,-0.0315,-0.01189609710767797,sl,0,A2a
2025-10-11,KRW-TRX,bull_quiet,4,0.001887188089746278,0.05871251834766198,0.03214285714285715,-0.017727180527383368,-0.017727180527383368,eod,0,A2a
2025-10-11,KRW-SAHARA,bull_quiet,4,0.04445842508126245,0.2707066470958272,0.16423100636137927,-0.0315,-0.0015,sl,0,A2a
2025-10-12,KRW-BTC,bull_quiet,4,0.001887188089746278,0.020549381421681695,0.09183673469387754,0.018706584893479594,0.018706584893479594,eod,0,A2a
2025-10-12,KRW-TRX,bull_quiet,4,0.001887188089746278,0.020549381421681695,0.09183673469387754,0.004685567010309257,0.004685567010309257,eod,0,A2a
2025-10-12,KRW-GAS,bull_quiet,4,0.03396938561543301,0.13440972950304048,0.25273010920436817,0.0485,0.07282970533581096,tp,0,A2a
2025-10-13,KRW-BTC,bull_quiet,4,0.001887188089746278,0.020549381421681695,0.09183673469387754,-0.013885450403548215,-0.013885450403548215,eod,0,A2a
2025-10-13,KRW-TRX,bull_quiet,4,0.001887188089746278,0.020549381421681695,0.09183673469387754,-0.011766940451745365,-0.011766940451745365,eod,0,A2a
2025-10-13,KRW-BTT,bull_quiet,4,0.014050540002097095,0.10401593792597252,0.1350806451612903,0.008537641154328814,0.008537641154328814,eod,0,A2a
2025-10-14,KRW-BTC,bull_quiet,4,0.001887188089746278,0.020549381421681695,0.09183673469387754,-0.010964457322577835,-0.010964457322577835,eod,0,A2a
2025-10-14,KRW-TRX,bull_quiet,4,0.001887188089746278,0.020549381421681695,0.09183673469387754,-0.011873443983402452,-0.011873443983402452,eod,0,A2a
2025-10-14,KRW-BCH,bull_quiet,4,0.023275319773537428,0.05871251834766198,0.3964285714285714,-0.0315,-0.008252608962553696,sl,0,A2a
2025-10-15,KRW-JST,bull_quiet,4,0.03396938561543301,0.020549381421681695,1.653061224489796,-0.003532520325203291,-0.003532520325203291,eod,0,A2a
2025-10-15,KRW-BTC,bull_quiet,4,0.001887188089746278,0.020549381421681695,0.09183673469387754,-0.010729376458623539,-0.010729376458623539,eod,0,A2a
2025-10-15,KRW-TRX,bull_quiet,4,0.001887188089746278,0.020549381421681695,0.09183673469387754,0.01736792452830188,0.01736792452830188,eod,0,A2a
2025-10-16,KRW-BTC,bull_quiet,4,0.001887188089746278,0.020549381421681695,0.09183673469387754,-0.02137642461545758,-0.02137642461545758,eod,0,A2a
2025-10-16,KRW-TRX,bull_quiet,4,0.001887188089746278,0.020549381421681695,0.09183673469387754,-0.0076728395061728665,-0.0076728395061728665,eod,0,A2a
2025-10-16,KRW-BCH,bull_quiet,4,0.023275319773537428,0.10401593792597252,0.2237668595566799,-0.0315,-0.02983753148614615,sl,0,A2a
2025-10-17,KRW-TRX,bull_quiet,4,0.001887188089746278,0.020549381421681695,0.09183673469387754,-0.0315,-0.018063146997929602,sl,0,A2a
2025-10-17,KRW-BTC,bull_quiet,4,0.001887188089746278,0.05871251834766198,0.03214285714285715,-0.0315,-0.011494494558082434,sl,0,A2a
2025-10-17,KRW-ETH,bull_quiet,4,0.007863283707276158,0.13440972950304048,0.058502340093603736,-0.0315,-0.012915141849924426,sl,0,A2a
2025-10-18,KRW-BTC,bull_quiet,4,0.001887188089746278,0.020549381421681695,0.09183673469387754,-0.0015488881012472575,-0.0015488881012472575,eod,0,A2a
2025-10-18,KRW-TRX,bull_quiet,4,0.001887188089746278,0.020549381421681695,0.09183673469387754,0.0006008403361344463,0.0006008403361344463,eod,0,A2a
2025-10-18,KRW-FIL,bull_quiet,4,0.26336758230236945,0.18106521283287902,1.4545454545454544,0.010478704525288375,0.010478704525288375,eod,0,A2a
2025-10-19,KRW-BTC,bull_quiet,4,0.001887188089746278,0.020549381421681695,0.09183673469387754,0.005680790925924719,0.005680790925924719,eod,0,A2a
2025-10-19,KRW-TRX,bull_quiet,4,0.001887188089746278,0.020549381421681695,0.09183673469387754,0.01732845188284521,0.01732845188284521,eod,0,A2a
2025-10-19,KRW-CBK,bull_quiet,4,0.03396938561543301,0.05871251834766198,0.5785714285714286,0.00011030595813205221,0.00011030595813205221,eod,0,A2a
2025-10-20,KRW-ETH,bull_quiet,4,0.007863283707276158,0.020549381421681695,0.3826530612244898,-0.012592715231788119,-0.012592715231788119,eod,0,A2a
2025-10-20,KRW-BTC,bull_quiet,4,0.001887188089746278,0.020549381421681695,0.09183673469387754,0.005204852978653753,0.005204852978653753,eod,0,A2a
2025-10-20,KRW-TRX,bull_quiet,4,0.001887188089746278,0.020549381421681695,0.09183673469387754,-0.009713552361396314,-0.009713552361396314,eod,0,A2a
2025-10-21,KRW-ETH,bull_quiet,4,0.007863283707276158,0.020549381421681695,0.3826530612244898,-0.02443270840308004,-0.02443270840308004,eod,0,A2a
2025-10-21,KRW-BTC,bull_quiet,4,0.001887188089746278,0.020549381421681695,0.09183673469387754,-0.016634620368751907,-0.016634620368751907,eod,0,A2a
2025-10-21,KRW-TRX,bull_quiet,4,0.001887188089746278,0.020549381421681695,0.09183673469387754,-0.0015,-0.0015,eod,0,A2a
2025-10-22,KRW-BTC,bull_quiet,4,0.001887188089746278,0.020549381421681695,0.09183673469387754,-0.003011627906976787,-0.003011627906976787,eod,0,A2a
2025-10-22,KRW-TRX,bull_quiet,4,0.001887188089746278,0.020549381421681695,0.09183673469387754,0.006747422680412342,0.006747422680412342,eod,0,A2a
2025-10-22,KRW-SHIB,bull_quiet,4,0.03396938561543301,0.10401593792597252,0.32657865989353285,-0.0315,-0.014657894736842146,sl,0,A2a
2025-10-23,KRW-BTC,bull_quiet,4,0.001887188089746278,0.020549381421681695,0.09183673469387754,0.013167214209974633,0.013167214209974633,eod,0,A2a
2025-10-23,KRW-TRX,bull_quiet,4,0.001887188089746278,0.020549381421681695,0.09183673469387754,-0.0315,-0.03421983640081799,sl,0,A2a
2025-10-23,KRW-ETH,bull_quiet,4,0.007863283707276158,0.10401593792597252,0.07559691201239185,0.004741331484049928,0.004741331484049928,eod,0,A2a
2025-10-26,KRW-TRUMP,bull_quiet,4,0.007863283707276158,0.020549381421681695,0.3826530612244898,0.039956582633053295,0.039956582633053295,eod,0,A2a
2025-10-26,KRW-BTC,bull_quiet,4,0.001887188089746278,0.020549381421681695,0.09183673469387754,0.017642668189743305,0.017642668189743305,eod,0,A2a
2025-10-26,KRW-ETH,bull_quiet,4,0.001887188089746278,0.020549381421681695,0.09183673469387754,0.04229562043795615,0.04229562043795615,eod,0,A2a
2025-10-29,KRW-BTC,bull_quiet,4,0.001887188089746278,0.020549381421681695,0.09183673469387754,-0.023168459494957327,-0.023168459494957327,eod,0,A2a
2025-10-29,KRW-EGLD,bull_quiet,4,0.06521283287901028,0.05871251834766198,1.1107142857142858,0.011842696629213391,0.011842696629213391,eod,0,A2a
2025-10-29,KRW-VET,bull_quiet,4,0.007863283707276158,0.05871251834766198,0.13392857142857142,0.0065000000000000075,0.0065000000000000075,eod,0,A2a
2025-11-01,KRW-BTC,bull_quiet,4,0.001887188089746278,0.020549381421681695,0.09183673469387754,-0.0031740222188403875,-0.0031740222188403875,eod,0,A2a
2025-11-01,KRW-TRX,bull_quiet,4,0.001887188089746278,0.020549381421681695,0.09183673469387754,-0.0015,-0.0015,eod,0,A2a
2025-11-01,KRW-BARD,bull_quiet,4,0.014050540002097095,0.05871251834766198,0.23931080453571804,-0.012478043912175605,-0.012478043912175605,eod,0,A2a
2025-11-02,KRW-ALGO,bull_quiet,4,0.007863283707276158,0.020549381421681695,0.3826530612244898,-0.0315,-0.016425373134328403,sl,0,A2a
2025-11-02,KRW-BTC,bull_quiet,4,0.001887188089746278,0.020549381421681695,0.09183673469387754,-0.0007195169541648881,-0.0007195169541648881,eod,0,A2a
2025-11-02,KRW-TRX,bull_quiet,4,0.001887188089746278,0.020549381421681695,0.09183673469387754,-0.006004504504504458,-0.006004504504504458,eod,0,A2a
2025-11-03,KRW-BTC,bull_quiet,4,0.001887188089746278,0.020549381421681695,0.09183673469387754,-0.0315,-0.03494222728768731,sl,0,A2a
2025-11-03,KRW-ETH,bull_quiet,4,0.001887188089746278,0.020549381421681695,0.09183673469387754,-0.0315,-0.07556767955801108,sl,0,A2a
2025-11-03,KRW-TRX,bull_quiet,4,0.001887188089746278,0.020549381421681695,0.09183673469387754,-0.0315,-0.05353619909502266,sl,0,A2a
2025-11-04,KRW-USD1,bull_quiet,4,0.001887188089746278,0.05871251834766198,0.03214285714285715,0.011977088948786964,0.011977088948786964,eod,0,A2a
2025-11-04,KRW-BARD,bull_quiet,4,0.03396938561543301,0.2179930795847751,0.15582781655333552,0.0485,0.04025152749490829,tp,0,A2a
2025-11-04,KRW-IP,bull_quiet,4,0.26336758230236945,0.3244206773618538,0.8118088663276334,-0.0315,-0.06704621848739495,sl,0,A2a
2025-10-24,KRW-BTC,bull_volatile,4,0.001887188089746278,0.020549381421681695,0.09183673469387754,-0.0005516231138173442,-0.0005516231138173442,eod,0,A2a
2025-10-24,KRW-TRX,bull_volatile,4,0.001887188089746278,0.020549381421681695,0.09183673469387754,-0.0315,-0.04166913319238902,sl,0,A2a
2025-10-24,KRW-IOTA,bull_volatile,4,0.03396938561543301,0.05871251834766198,0.5785714285714286,0.007716589861751113,0.007716589861751113,eod,0,A2a
2025-10-25,KRW-BTC,bull_volatile,4,0.001887188089746278,0.020549381421681695,0.09183673469387754,0.0021631805097071534,0.0021631805097071534,eod,0,A2a
2025-10-25,KRW-SHIB,bull_volatile,4,0.014050540002097095,0.05871251834766198,0.23931080453571804,-0.008035947712418277,-0.008035947712418277,eod,0,A2a
2025-10-25,KRW-ETH,bull_volatile,4,0.001887188089746278,0.05871251834766198,0.03214285714285715,0.0022485091156925776,0.0022485091156925776,eod,0,A2a
2025-10-27,KRW-POL,bull_volatile,4,0.014050540002097095,0.020549381421681695,0.6837451558163372,-0.014833333333333308,-0.014833333333333308,eod,0,A2a
2025-10-27,KRW-ETH,bull_volatile,4,0.014050540002097095,0.020549381421681695,0.6837451558163372,-0.010280487804878056,-0.010280487804878056,eod,0,A2a
2025-10-27,KRW-SHIB,bull_volatile,4,0.014050540002097095,0.020549381421681695,0.6837451558163372,-0.020608280254776956,-0.020608280254776956,eod,0,A2a
2025-10-28,KRW-BTC,bull_volatile,4,0.001887188089746278,0.020549381421681695,0.09183673469387754,-0.005743105692981363,-0.005743105692981363,eod,0,A2a
2025-10-28,KRW-TRX,bull_volatile,4,0.001887188089746278,0.020549381421681695,0.09183673469387754,-0.0015,-0.0015,eod,0,A2a
2025-10-28,KRW-HP,bull_volatile,4,0.023275319773537428,0.05871251834766198,0.3964285714285714,-0.01743625498007978,-0.01743625498007978,eod,0,A2a
2025-10-30,KRW-BTC,bull_volatile,4,0.001887188089746278,0.020549381421681695,0.09183673469387754,-0.003559575812438874,-0.003559575812438874,eod,0,A2a
2025-10-30,KRW-QTUM,bull_volatile,4,0.001887188089746278,0.020549381421681695,0.09183673469387754,0.0485,-0.05803950953678477,tp,0,A2a
2025-10-30,KRW-SHIB,bull_volatile,4,0.001887188089746278,0.020549381421681695,0.09183673469387754,-0.0315,-0.027815789473684183,sl,0,A2a
2025-10-31,KRW-BTC,bull_volatile,4,0.001887188089746278,0.020549381421681695,0.09183673469387754,-0.0014025928564035937,-0.0014025928564035937,eod,0,A2a
2025-10-31,KRW-TRX,bull_volatile,4,0.001887188089746278,0.020549381421681695,0.09183673469387754,-0.0015,-0.0015,eod,0,A2a
2025-10-31,KRW-USD1,bull_volatile,4,0.001887188089746278,0.05871251834766198,0.03214285714285715,-0.01470132013201325,-0.01470132013201325,eod,0,A2a
2025-11-06,KRW-BTC,bull_volatile,4,0.001887188089746278,0.020549381421681695,0.09183673469387754,-0.0315,-0.03103053689554386,sl,0,A2a
2025-11-06,KRW-TRX,bull_volatile,4,0.001887188089746278,0.020549381421681695,0.09183673469387754,-0.02223732718894006,-0.02223732718894006,eod,0,A2a
2025-11-06,KRW-ELF,bull_volatile,4,0.03396938561543301,0.10401593792597252,0.32657865989353285,0.0485,-0.007117977528089901,tp,0,A2a
2025-11-11,KRW-BTC,bull_volatile,4,0.001887188089746278,0.020549381421681695,0.09183673469387754,-0.017443674187829272,-0.017443674187829272,eod,0,A2a
2025-11-11,KRW-TRX,bull_volatile,4,0.001887188089746278,0.020549381421681695,0.09183673469387754,0.009889521640091216,0.009889521640091216,eod,0,A2a
2025-11-11,KRW-JUP,bull_volatile,4,0.04445842508126245,0.10401593792597252,0.4274193548387097,-0.0315,-0.07174029574861368,sl,0,A2a
2025-11-05,KRW-ORDER,bear_volatile,4,0.26336758230236945,0.2179930795847751,1.2081465283394408,-0.0315,0.05091935483870974,sl,0,A2a
2025-11-05,KRW-GLM,bear_volatile,4,0.26336758230236945,0.2707066470958272,0.9728892331525949,-0.0315,0.013425373134328402,sl,0,A2a
2025-11-05,KRW-MEW,bear_volatile,4,0.26336758230236945,0.2707066470958272,0.9728892331525949,-0.0315,0.03090740740740744,sl,0,A2a
2025-11-07,KRW-TFUEL,bear_volatile,4,0.26336758230236945,0.18106521283287902,1.4545454545454544,0.0485,0.15405555555555545,tp,0,A2a
2025-11-07,KRW-GLM,bear_volatile,4,0.26336758230236945,0.3244206773618538,0.8118088663276334,-0.0315,0.09096575342465757,sl,0,A2a
2025-11-07,KRW-LPT,bear_volatile,4,0.26336758230236945,0.3244206773618538,0.8118088663276334,-0.0315,0.05962161310649022,sl,0,A2a
2025-11-08,KRW-SAHARA,bear_volatile,4,0.03396938561543301,0.020549381421681695,1.653061224489796,-0.0315,-0.018306722689075683,sl,0,A2a
2025-11-08,KRW-PROVE,bear_volatile,4,0.26336758230236945,0.18106521283287902,1.4545454545454544,0.0485,0.00751916572717032,tp,0,A2a
2025-11-08,KRW-IN,bear_volatile,4,0.26336758230236945,0.2179930795847751,1.2081465283394408,-0.0315,-0.05919230769230771,sl,0,A2a
2025-11-09,KRW-BARD,bear_volatile,4,0.26336758230236945,0.2707066470958272,0.9728892331525949,-0.0315,0.034675710594315234,sl,0,A2a
2025-11-09,KRW-ENSO,bear_volatile,4,0.26336758230236945,0.3244206773618538,0.8118088663276334,-0.0315,-0.005781345565749217,sl,0,A2a
2025-11-09,KRW-FLOCK,bear_volatile,4,0.26336758230236945,0.3244206773618538,0.8118088663276334,-0.0315,0.0018557046979866278,sl,0,A2a
2025-11-10,KRW-JUP,bear_volatile,4,0.06521283287901028,0.10401593792597252,0.6269503902894366,0.030942748091602967,0.030942748091602967,eod,0,A2a
2025-11-10,KRW-PENGU,bear_volatile,4,0.13514363598238624,0.2179930795847751,0.6199446158557083,0.0485,0.06457929515418509,tp,0,A2a
2025-11-10,KRW-F,bear_volatile,4,0.26336758230236945,0.4374082616900818,0.6021093000958773,0.0485,0.1430086705202312,tp,1,A2a
2025-11-12,KRW-KNC,bear_volatile,4,0.26336758230236945,0.2707066470958272,0.9728892331525949,-0.0315,-0.019082417582417632,sl,0,A2a
2025-11-12,KRW-ONG,bear_volatile,4,0.13514363598238624,0.2179930795847751,0.6199446158557083,0.0485,0.04144478527607359,tp,0,A2a
2025-11-12,KRW-AERGO,bear_volatile,4,0.13514363598238624,0.2179930795847751,0.6199446158557083,0.0485,0.026537383177569984,tp,0,A2a
2025-11-13,KRW-ANIME,bear_volatile,4,0.26336758230236945,0.3244206773618538,0.8118088663276334,-0.0315,-0.06987606837606825,sl,0,A2a
2025-11-13,KRW-MINA,bear_volatile,4,0.26336758230236945,0.3244206773618538,0.8118088663276334,-0.0315,-0.1215,sl,0,A2a
2025-11-13,KRW-IP,bear_volatile,4,0.26336758230236945,0.3244206773618538,0.8118088663276334,0.0485,-0.04493971631205679,tp,0,A2a
2025-11-14,KRW-CPOOL,bear_volatile,4,0.26336758230236945,0.4374082616900818,0.6021093000958773,-0.0315,-0.08724490889603426,sl,0,A2a
2025-11-14,KRW-NEAR,bear_volatile,4,0.26336758230236945,0.4374082616900818,0.6021093000958773,-0.0315,-0.038636706135629695,sl,0,A2a
2025-11-14,KRW-AERO,bear_volatile,4,0.26336758230236945,0.4374082616900818,0.6021093000958773,-0.0315,-0.11402653927813161,sl,0,A2a
2025-11-15,KRW-LA,bear_volatile,4,0.26336758230236945,0.3244206773618538,0.8118088663276334,0.0485,0.170965960665658,tp,1,A2a
2025-11-15,KRW-MMT,bear_volatile,4,0.26336758230236945,0.3244206773618538,0.8118088663276334,-0.0315,-0.005039823008849585,sl,0,A2a
2025-11-15,KRW-KITE,bear_volatile,4,0.26336758230236945,0.4374082616900818,0.6021093000958773,-0.0315,0.06806521739130439,sl,0,A2a
2025-11-16,KRW-MMT,bear_volatile,4,0.26336758230236945,0.3244206773618538,0.8118088663276334,-0.0315,-0.0974147424511545,sl,0,A2a
2025-11-16,KRW-API3,bear_volatile,4,0.13514363598238624,0.2179930795847751,0.6199446158557083,-0.0315,-0.022197167755991287,sl,0,A2a
2025-11-16,KRW-UNI,bear_volatile,4,0.26336758230236945,0.4374082616900818,0.6021093000958773,0.0485,-0.04016906474820142,tp,0,A2a
2025-11-17,KRW-SIGN,bear_volatile,4,0.26336758230236945,0.3244206773618538,0.8118088663276334,-0.0315,-0.02502941176470591,sl,0,A2a
2025-11-17,KRW-UNI,bear_volatile,4,0.26336758230236945,0.4374082616900818,0.6021093000958773,0.0485,0.0378258426966292,tp,0,A2a
2025-11-17,KRW-AWE,bear_volatile,4,0.26336758230236945,0.4374082616900818,0.6021093000958773,0.0485,-0.10117497291440952,tp,0,A2a
2025-11-18,KRW-ARDR,bear_volatile,4,0.26336758230236945,0.4374082616900818,0.6021093000958773,0.0485,-0.0015,tp,0,A2a
2025-11-18,KRW-ERA,bear_volatile,4,0.26336758230236945,0.4374082616900818,0.6021093000958773,-0.0315,-0.043058441558441574,sl,0,A2a
2025-11-18,KRW-MINA,bear_volatile,4,0.26336758230236945,0.4374082616900818,0.6021093000958773,-0.0315,-0.04844835680751175,sl,0,A2a
2025-11-19,KRW-IN,bear_volatile,4,0.26336758230236945,0.18106521283287902,1.4545454545454544,-0.0315,-0.04779629629629628,sl,0,A2a
2025-11-19,KRW-TRUST,bear_volatile,4,0.26336758230236945,0.3244206773618538,0.8118088663276334,-0.0315,-0.05930346820809246,sl,0,A2a
2025-11-19,KRW-ERA,bear_volatile,4,0.26336758230236945,0.3244206773618538,0.8118088663276334,-0.0315,-0.03131029810298108,sl,0,A2a
2025-11-20,KRW-ZORA,bear_volatile,4,0.26336758230236945,0.3244206773618538,0.8118088663276334,0.0485,0.01206350184956856,tp,0,A2a
2025-11-20,KRW-NEAR,bear_volatile,4,0.26336758230236945,0.3244206773618538,0.8118088663276334,-0.0315,-0.12378184128777187,sl,0,A2a
2025-11-20,KRW-CPOOL,bear_volatile,4,0.26336758230236945,0.3244206773618538,0.8118088663276334,0.0485,0.01801951951951969,tp,0,A2a
2025-11-21,KRW-CPOOL,bear_volatile,4,0.26336758230236945,0.3244206773618538,0.8118088663276334,-0.0315,0.03379411764705892,sl,0,A2a
2025-11-21,KRW-ALT,bear_volatile,4,0.26336758230236945,0.3244206773618538,0.8118088663276334,0.0485,-0.10319491525423735,tp,0,A2a
2025-11-21,KRW-MMT,bear_volatile,4,0.26336758230236945,0.4374082616900818,0.6021093000958773,-0.0315,0.23553703703703693,sl,1,A2a
2025-11-22,KRW-HOLO,bear_volatile,4,0.26336758230236945,0.2707066470958272,0.9728892331525949,0.0485,0.12988686131386867,tp,1,A2a
2025-11-22,KRW-SOMI,bear_volatile,4,0.26336758230236945,0.2707066470958272,0.9728892331525949,0.0485,-0.01840821256038644,tp,0,A2a
2025-11-22,KRW-SYRUP,bear_volatile,4,0.26336758230236945,0.2707066470958272,0.9728892331525949,-0.0315,-0.0015,sl,0,A2a
2025-11-23,KRW-SONIC,bear_volatile,4,0.26336758230236945,0.18106521283287902,1.4545454545454544,-0.0315,-0.016205882352941126,sl,0,A2a
2025-11-23,KRW-RED,bear_volatile,4,0.26336758230236945,0.2179930795847751,1.2081465283394408,-0.0015,-0.0015,eod,0,A2a
2025-11-23,KRW-1INCH,bear_volatile,4,0.26336758230236945,0.2707066470958272,0.9728892331525949,0.0485,-0.008642857142857117,tp,0,A2a
2025-11-24,KRW-BLAST,bear_volatile,4,0.26336758230236945,0.2179930795847751,1.2081465283394408,-0.0315,-0.014571895424836665,sl,0,A2a
2025-11-24,KRW-FIL,bear_volatile,4,0.26336758230236945,0.2179930795847751,1.2081465283394408,0.005038618716796174,0.005038618716796174,eod,0,A2a
2025-11-24,KRW-BTC,bear_volatile,4,0.023275319773537428,0.020549381421681695,1.1326530612244896,0.002863702480340681,0.002863702480340681,eod,0,A2a
2025-11-25,KRW-DEEP,bear_volatile,4,0.26336758230236945,0.2179930795847751,1.2081465283394408,0.0485,0.09941743119266039,tp,0,A2a
2025-11-25,KRW-BSV,bear_volatile,4,0.023275319773537428,0.020549381421681695,1.1326530612244896,0.002684100418409997,0.002684100418409997,eod,0,A2a
2025-11-25,KRW-CELO,bear_volatile,4,0.13514363598238624,0.13440972950304048,1.0054602184087362,0.0485,0.03866064257028118,tp,0,A2a
2025-11-26,KRW-ONG,bear_volatile,4,0.26336758230236945,0.13440972950304048,1.9594383775351012,-0.0315,-0.014745033112582738,sl,0,A2a
2025-11-26,KRW-MVL,bear_volatile,4,0.26336758230236945,0.2707066470958272,0.9728892331525949,-0.0315,-0.0015,sl,0,A2a
2025-11-26,KRW-LAYER,bear_volatile,4,0.26336758230236945,0.3244206773618538,0.8118088663276334,0.0485,0.06339675516224191,tp,0,A2a
2025-11-27,KRW-LPT,bear_volatile,4,0.26336758230236945,0.13440972950304048,1.9594383775351012,0.0485,0.02841107518189162,tp,1,A2a
2025-11-27,KRW-TRUMP,bear_volatile,4,0.03396938561543301,0.020549381421681695,1.653061224489796,0.0485,0.018191325172964234,tp,0,A2a
2025-11-27,KRW-TOKAMAK,bear_volatile,4,0.26336758230236945,0.3244206773618538,0.8118088663276334,0.0485,-0.0015,tp,0,A2a
2025-11-28,KRW-TAIKO,bear_volatile,4,0.26336758230236945,0.18106521283287902,1.4545454545454544,0.0485,0.023816455696202443,tp,0,A2a
2025-11-28,KRW-HYPER,bear_volatile,4,0.13514363598238624,0.13440972950304048,1.0054602184087362,0.0485,0.10909907834101379,tp,1,A2a
2025-11-28,KRW-W,bear_volatile,4,0.26336758230236945,0.2707066470958272,0.9728892331525949,0.0485,-0.021908163265306146,tp,0,A2a
2025-11-29,KRW-GMT,bear_volatile,4,0.26336758230236945,0.2179930795847751,1.2081465283394408,0.0485,-0.021107843137254945,tp,0,A2a
2025-11-29,KRW-XEC,bear_volatile,4,0.26336758230236945,0.2179930795847751,1.2081465283394408,-0.0315,-0.02233333333333326,sl,0,A2a
2025-11-29,KRW-BLAST,bear_volatile,4,0.13514363598238624,0.13440972950304048,1.0054602184087362,0.0485,0.01810784313725483,tp,0,A2a
2025-11-30,KRW-META,bear_volatile,4,0.26336758230236945,0.18106521283287902,1.4545454545454544,-0.0315,-0.064,sl,0,A2a
2025-11-30,KRW-TT,bear_volatile,4,0.26336758230236945,0.2179930795847751,1.2081465283394408,-0.0315,-0.057337563451776596,sl,0,A2a
2025-11-30,KRW-DKA,bear_volatile,4,0.13514363598238624,0.13440972950304048,1.0054602184087362,-0.0315,-0.028527027027026974,sl,0,A2a
2025-12-01,KRW-ASTR,bear_volatile,4,0.26336758230236945,0.2179930795847751,1.2081465283394408,-0.0315,-0.07080693069306926,sl,0,A2a
2025-12-01,KRW-THETA,bear_volatile,4,0.26336758230236945,0.3244206773618538,0.8118088663276334,-0.0315,-0.1537491349480969,sl,0,A2a
2025-12-01,KRW-IN,bear_volatile,4,0.26336758230236945,0.3244206773618538,0.8118088663276334,-0.0315,0.020082733812949727,sl,0,A2a
2025-12-02,KRW-FLOCK,bear_volatile,4,0.26336758230236945,0.3244206773618538,0.8118088663276334,-0.0315,0.01966402116402116,sl,0,A2a
2025-12-02,KRW-VANA,bear_volatile,4,0.13514363598238624,0.2179930795847751,0.6199446158557083,0.011270809578107168,0.011270809578107168,eod,0,A2a
2025-12-02,KRW-IOST,bear_volatile,4,0.26336758230236945,0.4374082616900818,0.6021093000958773,-0.0315,0.05597126436781613,sl,0,A2a
2025-12-03,KRW-WCT,bear_volatile,4,0.26336758230236945,0.18106521283287902,1.4545454545454544,0.0485,0.06324820143884896,tp,0,A2a
2025-12-03,KRW-PLUME,bear_volatile,4,0.26336758230236945,0.2179930795847751,1.2081465283394408,0.0485,0.037715686274509885,tp,0,A2a
2025-12-03,KRW-AXL,bear_volatile,4,0.26336758230236945,0.2707066470958272,0.9728892331525949,0.004086592178771,0.004086592178771,eod,0,A2a
2025-12-04,KRW-PLUME,bear_volatile,4,0.26336758230236945,0.2707066470958272,0.9728892331525949,0.011118296529968598,0.011118296529968598,eod,0,A2a
2025-12-04,KRW-WCT,bear_volatile,4,0.26336758230236945,0.2707066470958272,0.9728892331525949,-0.0315,-0.05555405405405406,sl,0,A2a
2025-12-04,KRW-SAHARA,bear_volatile,4,0.26336758230236945,0.3244206773618538,0.8118088663276334,0.0485,0.03262969283276457,tp,0,A2a
2025-12-05,KRW-LAYER,bear_volatile,4,0.26336758230236945,0.3244206773618538,0.8118088663276334,-0.0315,-0.03899999999999998,sl,0,A2a
2025-12-05,KRW-MMT,bear_volatile,4,0.26336758230236945,0.4374082616900818,0.6021093000958773,-0.0315,-0.07738075880758805,sl,0,A2a
2025-12-05,KRW-SUPER,bear_volatile,4,0.26336758230236945,0.4374082616900818,0.6021093000958773,0.0485,-0.03291361256544506,tp,0,A2a
2025-12-06,KRW-GMT,bear_volatile,4,0.26336758230236945,0.3244206773618538,0.8118088663276334,0.010357707509881355,0.010357707509881355,eod,0,A2a
2025-12-06,KRW-CELO,bear_volatile,4,0.13514363598238624,0.2179930795847751,0.6199446158557083,0.0485,0.02269354838709675,tp,0,A2a
2025-12-06,KRW-LSK,bear_volatile,4,0.26336758230236945,0.4374082616900818,0.6021093000958773,-0.0315,-0.019304154302670573,sl,0,A2a
2025-12-07,KRW-HIVE,bear_volatile,4,0.26336758230236945,0.2179930795847751,1.2081465283394408,-0.0315,-0.03334713375796178,sl,0,A2a
2025-12-07,KRW-ZIL,bear_volatile,4,0.26336758230236945,0.2179930795847751,1.2081465283394408,-0.0315,-0.055327751196172115,sl,0,A2a
2025-12-07,KRW-CHZ,bear_volatile,4,0.26336758230236945,0.2707066470958272,0.9728892331525949,-0.0315,-0.03713941299790363,sl,0,A2a
2025-12-08,KRW-CARV,bear_volatile,4,0.26336758230236945,0.2707066470958272,0.9728892331525949,-0.006354368932038832,-0.006354368932038832,eod,0,A2a
2025-12-08,KRW-2Z,bear_volatile,4,0.26336758230236945,0.3244206773618538,0.8118088663276334,-0.0315,-0.054131578947368475,sl,0,A2a
2025-12-08,KRW-SYRUP,bear_volatile,4,0.26336758230236945,0.3244206773618538,0.8118088663276334,-0.0315,-0.016351485148514866,sl,0,A2a
2025-12-09,KRW-BLAST,bear_volatile,4,0.06521283287901028,0.05871251834766198,1.1107142857142858,0.0485,0.03666793893129766,tp,0,A2a
2025-12-09,KRW-PEPE,bear_volatile,4,0.26336758230236945,0.2707066470958272,0.9728892331525949,-0.0315,0.033810734463276815,sl,0,A2a
2025-12-09,KRW-DRIFT,bear_volatile,4,0.13514363598238624,0.18106521283287902,0.7463810075275042,-0.0315,0.0013328611898016387,sl,0,A2a
2025-12-10,KRW-SOMI,bear_volatile,4,0.26336758230236945,0.2179930795847751,1.2081465283394408,-0.0315,-0.021330028328611916,sl,0,A2a
2025-12-10,KRW-ID,bear_volatile,4,0.13514363598238624,0.13440972950304048,1.0054602184087362,-0.0315,-0.051500000000000046,sl,0,A2a
2025-12-10,KRW-MTL,bear_volatile,4,0.13514363598238624,0.13440972950304048,1.0054602184087362,0.0485,0.03415640194489461,tp,0,A2a
2025-12-11,KRW-MTL,bear_volatile,4,0.26336758230236945,0.3244206773618538,0.8118088663276334,-0.0315,-0.029669014084507006,sl,0,A2a
2025-12-11,KRW-MNT,bear_volatile,4,0.13514363598238624,0.2179930795847751,0.6199446158557083,-0.0315,0.024466532025389454,sl,0,A2a
2025-12-11,KRW-COW,bear_volatile,4,0.13514363598238624,0.2179930795847751,0.6199446158557083,-0.0315,-0.02460231023102305,sl,0,A2a
2025-12-12,KRW-HUNT,bear_volatile,4,0.26336758230236945,0.3244206773618538,0.8118088663276334,-0.0315,-0.03331818181818186,sl,0,A2a
2025-12-12,KRW-BAT,bear_volatile,4,0.26336758230236945,0.3244206773618538,0.8118088663276334,0.0485,0.005728915662650604,tp,0,A2a
2025-12-12,KRW-ZORA,bear_volatile,4,0.09311104120792701,0.13440972950304048,0.6927403362255912,-0.0315,-0.05460880829015552,sl,0,A2a
2025-12-13,KRW-MNT,bear_volatile,4,0.26336758230236945,0.2707066470958272,0.9728892331525949,0.0485,0.058265208110992506,tp,0,A2a
2025-12-13,KRW-MMT,bear_volatile,4,0.26336758230236945,0.3244206773618538,0.8118088663276334,-0.0315,-0.023104938271604925,sl,0,A2a
2025-12-13,KRW-CPOOL,bear_volatile,4,0.26336758230236945,0.4374082616900818,0.6021093000958773,-0.0315,-0.060221934369602714,sl,0,A2a
2025-12-14,KRW-GAS,bear_volatile,4,0.014050540002097095,0.020549381421681695,0.6837451558163372,-0.0315,-0.03705268261150613,sl,0,A2a
2025-12-14,KRW-MNT,bear_volatile,4,0.13514363598238624,0.2179930795847751,0.6199446158557083,-0.0315,-0.06242648539778445,sl,0,A2a
2025-12-14,KRW-AXL,bear_volatile,4,0.26336758230236945,0.4374082616900818,0.6021093000958773,0.0485,0.03332587064676612,tp,1,A2a
2025-12-15,KRW-MNT,bear_volatile,4,0.13514363598238624,0.2707066470958272,0.4992254066615027,0.0485,0.028981283422459925,tp,0,A2a
2025-12-15,KRW-G,bear_volatile,4,0.06521283287901028,0.13440972950304048,0.48517940717628705,-0.0315,-0.09390506329113929,sl,0,A2a
2025-12-15,KRW-HYPER,bear_volatile,4,0.13514363598238624,0.3244206773618538,0.41656911970394883,-0.0315,-0.05705555555555558,sl,0,A2a
2025-12-16,KRW-AAVE,bear_volatile,4,0.13514363598238624,0.2179930795847751,0.6199446158557083,-0.0315,-0.04072249219021168,sl,0,A2a
2025-12-16,KRW-BARD,bear_volatile,4,0.13514363598238624,0.2179930795847751,0.6199446158557083,0.001993449781659441,0.001993449781659441,eod,0,A2a
2025-12-16,KRW-DOOD,bear_volatile,4,0.26336758230236945,0.4374082616900818,0.6021093000958773,-0.0315,0.010999999999999956,sl,0,A2a
2025-12-17,KRW-RAY,bear_volatile,4,0.26336758230236945,0.2707066470958272,0.9728892331525949,-0.0315,-0.07205630936227952,sl,0,A2a
2025-12-17,KRW-MON,bear_volatile,4,0.26336758230236945,0.3244206773618538,0.8118088663276334,-0.0315,-0.13234112149532723,sl,0,A2a
2025-12-17,KRW-WAVES,bear_volatile,4,0.26336758230236945,0.3244206773618538,0.8118088663276334,-0.0315,-0.07072357343311503,sl,0,A2a
2025-12-18,KRW-META,bear_volatile,4,0.26336758230236945,0.3244206773618538,0.8118088663276334,-0.0315,-0.051189440993788915,sl,0,A2a
2025-12-18,KRW-MANTRA,bear_volatile,4,0.26336758230236945,0.4374082616900818,0.6021093000958773,-0.0315,-0.04866981132075471,sl,0,A2a
2025-12-18,KRW-BARD,bear_volatile,4,0.13514363598238624,0.3244206773618538,0.41656911970394883,0.0485,0.034483263598326375,tp,1,A2a
2025-12-19,KRW-WCT,bear_volatile,4,0.26336758230236945,0.3244206773618538,0.8118088663276334,-0.0315,0.04354504504504503,sl,0,A2a
2025-12-19,KRW-DOOD,bear_volatile,4,0.26336758230236945,0.3244206773618538,0.8118088663276334,0.0485,0.1955260223048328,tp,1,A2a
2025-12-19,KRW-SOMI,bear_volatile,4,0.26336758230236945,0.4374082616900818,0.6021093000958773,-0.0315,0.06132722513089012,sl,0,A2a
2025-12-20,KRW-RED,bear_volatile,4,0.26336758230236945,0.13440972950304048,1.9594383775351012,0.0485,0.02707142857142847,tp,0,A2a
2025-12-20,KRW-BERA,bear_volatile,4,0.26336758230236945,0.18106521283287902,1.4545454545454544,0.0485,0.037490825688073326,tp,0,A2a
2025-12-20,KRW-ME,bear_volatile,4,0.13514363598238624,0.10401593792597252,1.299258927786308,0.0485,0.035309815950920254,tp,0,A2a
2025-12-21,KRW-OPEN,bear_volatile,4,0.26336758230236945,0.18106521283287902,1.4545454545454544,-0.0315,-0.0015,sl,1,A2a
2025-12-21,KRW-PENDLE,bear_volatile,4,0.26336758230236945,0.18106521283287902,1.4545454545454544,-0.0315,-0.02139528795811524,sl,0,A2a
2025-12-21,KRW-ZKC,bear_volatile,4,0.26336758230236945,0.18106521283287902,1.4545454545454544,-0.0315,-0.05846202531645567,sl,0,A2a
2025-12-22,KRW-POWR,bear_volatile,4,0.09311104120792701,0.10401593792597252,0.8951612903225806,0.0485,0.033282608695652194,tp,0,A2a
2025-12-22,KRW-HP,bear_volatile,4,0.09311104120792701,0.10401593792597252,0.8951612903225806,-0.0315,-0.014614754098360603,sl,0,A2a
2025-12-22,KRW-OPEN,bear_volatile,4,0.26336758230236945,0.3244206773618538,0.8118088663276334,-0.0315,-0.046954545454545416,sl,0,A2a
2025-12-23,KRW-HIVE,bear_volatile,4,0.26336758230236945,0.2179930795847751,1.2081465283394408,-0.00854225352112675,-0.00854225352112675,eod,0,A2a
2025-12-23,KRW-GRT,bear_volatile,4,0.26336758230236945,0.2179930795847751,1.2081465283394408,-0.0315,-0.035068904593639594,sl,0,A2a
2025-12-23,KRW-AERGO,bear_volatile,4,0.26336758230236945,0.3244206773618538,0.8118088663276334,-0.0315,-0.011683299389002087,sl,0,A2a
2025-12-24,KRW-META,bear_volatile,4,0.09311104120792701,0.13440972950304048,0.6927403362255912,-0.0315,-0.020133540372670844,sl,0,A2a
2025-12-24,KRW-COW,bear_volatile,4,0.26336758230236945,0.4374082616900818,0.6021093000958773,-0.0315,-0.040422155688622785,sl,0,A2a
2025-12-24,KRW-CARV,bear_volatile,4,0.26336758230236945,0.4374082616900818,0.6021093000958773,-0.0315,-0.06126095617529875,sl,0,A2a
2025-12-25,KRW-SONIC,bear_volatile,4,0.13514363598238624,0.13440972950304048,1.0054602184087362,-0.0015,-0.0015,eod,0,A2a
2025-12-25,KRW-ATH,bear_volatile,4,0.09311104120792701,0.10401593792597252,0.8951612903225806,0.0485,-0.03696099290780147,tp,0,A2a
2025-12-25,KRW-IMX,bear_volatile,4,0.09311104120792701,0.10401593792597252,0.8951612903225806,-0.0315,-0.03896397694524495,sl,0,A2a
2025-12-26,KRW-OPEN,bear_volatile,4,0.13514363598238624,0.13440972950304048,1.0054602184087362,-0.0315,-0.04497826086956519,sl,0,A2a
2025-12-26,KRW-SYRUP,bear_volatile,4,0.26336758230236945,0.3244206773618538,0.8118088663276334,-0.0315,0.008662601626016344,sl,0,A2a
2025-12-26,KRW-XTZ,bear_volatile,4,0.04445842508126245,0.05871251834766198,0.7572222471876452,0.0485,0.0675184049079754,tp,1,A2a
2025-12-27,KRW-OP,bear_volatile,4,0.13514363598238624,0.13440972950304048,1.0054602184087362,0.03412340966921118,0.03412340966921118,eod,0,A2a
2025-12-27,KRW-TOSHI,bear_volatile,4,0.26336758230236945,0.2707066470958272,0.9728892331525949,-0.0315,-0.01955869074492106,sl,0,A2a
2025-12-27,KRW-API3,bear_volatile,4,0.26336758230236945,0.3244206773618538,0.8118088663276334,-0.0315,0.0058529411764705625,sl,0,A2a
2025-12-28,KRW-ID,bear_volatile,4,0.26336758230236945,0.2179930795847751,1.2081465283394408,0.0485,0.01904054054054055,tp,0,A2a
2025-12-28,KRW-LPT,bear_volatile,4,0.26336758230236945,0.2179930795847751,1.2081465283394408,-0.0315,-0.04385937144158508,sl,0,A2a
2025-12-28,KRW-BIGTIME,bear_volatile,4,0.13514363598238624,0.13440972950304048,1.0054602184087362,0.0485,0.0018783783783782883,tp,0,A2a
2025-12-29,KRW-STRAX,bear_volatile,4,0.26336758230236945,0.2707066470958272,0.9728892331525949,-0.0315,0.09265584415584432,sl,1,A2a
2025-12-29,KRW-T,bear_volatile,4,0.26336758230236945,0.3244206773618538,0.8118088663276334,-0.0315,-0.05297058823529405,sl,0,A2a
2025-12-29,KRW-TOSHI,bear_volatile,4,0.26336758230236945,0.3244206773618538,0.8118088663276334,-0.0315,-0.04796017699115046,sl,0,A2a
2025-12-30,KRW-HIVE,bear_volatile,4,0.26336758230236945,0.2707066470958272,0.9728892331525949,-0.0315,-0.04071568627450978,sl,0,A2a
2025-12-30,KRW-ONG,bear_volatile,4,0.26336758230236945,0.2707066470958272,0.9728892331525949,-0.0315,-0.05493511450381677,sl,0,A2a
2025-12-30,KRW-MMT,bear_volatile,4,0.26336758230236945,0.2707066470958272,0.9728892331525949,-0.0315,-0.030318443804034534,sl,0,A2a
2025-12-31,KRW-PUNDIX,bear_volatile,4,0.03396938561543301,0.020549381421681695,1.653061224489796,-0.004432551319648091,-0.004432551319648091,eod,0,A2a
2025-12-31,KRW-SONIC,bear_volatile,4,0.13514363598238624,0.13440972950304048,1.0054602184087362,0.0485,0.04611904761904767,tp,0,A2a
2025-12-31,KRW-ZETA,bear_volatile,4,0.13514363598238624,0.13440972950304048,1.0054602184087362,-0.0315,-0.06340476190476191,sl,0,A2a
2026-01-01,KRW-BOUNTY,bear_volatile,4,0.26336758230236945,0.2707066470958272,0.9728892331525949,-0.0315,-0.01789344262295084,sl,0,A2a
2026-01-01,KRW-SONIC,bear_volatile,4,0.26336758230236945,0.2707066470958272,0.9728892331525949,-0.0315,0.016848623853210898,sl,0,A2a
2026-01-01,KRW-0G,bear_volatile,4,0.26336758230236945,0.3244206773618538,0.8118088663276334,-0.0315,-0.009885744234800873,sl,0,A2a
2026-01-14,KRW-DRIFT,bear_volatile,4,0.26336758230236945,0.2179930795847751,1.2081465283394408,0.0485,0.09808506224066399,tp,0,A2a
2026-01-14,KRW-ETH,bear_volatile,4,0.023275319773537428,0.020549381421681695,1.1326530612244896,0.007943646068569179,0.007943646068569179,eod,0,A2a
2026-01-14,KRW-ARK,bear_volatile,4,0.06521283287901028,0.05871251834766198,1.1107142857142858,-0.0037988505747126853,-0.0037988505747126853,eod,0,A2a
2026-01-02,KRW-TIA,bear_quiet,4,0.26336758230236945,0.2179930795847751,1.2081465283394408,0.0485,0.053748618784530466,tp,0,A2a
2026-01-02,KRW-TOSHI,bear_quiet,4,0.06521283287901028,0.05871251834766198,1.1107142857142858,0.0485,0.10699056603773577,tp,0,A2a
2026-01-02,KRW-AERO,bear_quiet,4,0.26336758230236945,0.2707066470958272,0.9728892331525949,0.0485,0.1990856515373352,tp,1,A2a
2026-01-03,KRW-WLFI,bear_quiet,4,0.04445842508126245,0.020549381421681695,2.163492134821843,-0.0315,0.11010714285714279,sl,0,A2a
2026-01-03,KRW-LINK,bear_quiet,4,0.03396938561543301,0.020549381421681695,1.653061224489796,-0.0035844189682126535,-0.0035844189682126535,eod,0,A2a
2026-01-03,KRW-MET2,bear_quiet,4,0.26336758230236945,0.2179930795847751,1.2081465283394408,0.008303921568627417,0.008303921568627417,eod,0,A2a
2026-01-04,KRW-AUCTION,bear_quiet,4,0.023275319773537428,0.020549381421681695,1.1326530612244896,0.006985639686684144,0.006985639686684144,eod,0,A2a
2026-01-04,KRW-BARD,bear_quiet,4,0.023275319773537428,0.020549381421681695,1.1326530612244896,0.002726542688081203,0.002726542688081203,eod,0,A2a
2026-01-04,KRW-CRO,bear_quiet,4,0.023275319773537428,0.020549381421681695,1.1326530612244896,0.0485,0.07436206896551717,tp,0,A2a
2026-01-05,KRW-QKC,bear_quiet,4,0.13514363598238624,0.10401593792597252,1.299258927786308,0.022732633279482883,0.022732633279482883,eod,0,A2a
2026-01-05,KRW-ENS,bear_quiet,4,0.023275319773537428,0.020549381421681695,1.1326530612244896,0.0485,0.054239880557398756,tp,0,A2a
2026-01-05,KRW-LINK,bear_quiet,4,0.023275319773537428,0.020549381421681695,1.1326530612244896,0.0485,0.03711997940267758,tp,0,A2a
2026-01-06,KRW-MLK,bear_quiet,4,0.04445842508126245,0.020549381421681695,2.163492134821843,0.0485,0.09109259259259256,tp,0,A2a
2026-01-06,KRW-SIGN,bear_quiet,4,0.09311104120792701,0.05871251834766198,1.5858805554307285,-0.0315,-0.013695121951219412,sl,0,A2a
2026-01-06,KRW-MINA,bear_quiet,4,0.26336758230236945,0.2707066470958272,0.9728892331525949,-0.0315,-0.024056390977443665,sl,0,A2a
2026-01-07,KRW-ERA,bear_quiet,4,0.06521283287901028,0.05871251834766198,1.1107142857142858,0.0485,-0.024080645161290326,tp,0,A2a
2026-01-07,KRW-ONG,bear_quiet,4,0.09311104120792701,0.10401593792597252,0.8951612903225806,-0.0315,-0.0235588235294118,sl,0,A2a
2026-01-07,KRW-ANIME,bear_quiet,4,0.09311104120792701,0.10401593792597252,0.8951612903225806,0.0485,0.03553703703703698,tp,0,A2a
2026-01-08,KRW-ERA,bear_quiet,4,0.06521283287901028,0.05871251834766198,1.1107142857142858,0.0485,-0.01133606557377048,tp,0,A2a
2026-01-08,KRW-HIVE,bear_quiet,4,0.26336758230236945,0.2707066470958272,0.9728892331525949,-0.0315,0.01736792452830188,sl,0,A2a
2026-01-08,KRW-ANIME,bear_quiet,4,0.26336758230236945,0.2707066470958272,0.9728892331525949,0.0485,0.07958108108108114,tp,0,A2a
2026-01-09,KRW-PUNDIX,bear_quiet,4,0.13514363598238624,0.10401593792597252,1.299258927786308,-0.01469261213720313,-0.01469261213720313,eod,0,A2a
2026-01-09,KRW-AGLD,bear_quiet,4,0.26336758230236945,0.2179930795847751,1.2081465283394408,0.02355694760820054,0.02355694760820054,eod,0,A2a
2026-01-09,KRW-SONIC,bear_quiet,4,0.26336758230236945,0.3244206773618538,0.8118088663276334,0.0485,-0.048744094488189005,tp,0,A2a
2026-01-10,KRW-GLM,bear_quiet,4,0.26336758230236945,0.2707066470958272,0.9728892331525949,0.022140661938534312,0.022140661938534312,eod,0,A2a
2026-01-10,KRW-BLAST,bear_quiet,4,0.26336758230236945,0.3244206773618538,0.8118088663276334,-0.0315,-0.03275,sl,0,A2a
2026-01-10,KRW-STORJ,bear_quiet,4,0.26336758230236945,0.3244206773618538,0.8118088663276334,-0.0315,-0.03483333333333333,sl,0,A2a
2026-01-11,KRW-ZETA,bear_quiet,4,0.26336758230236945,0.2179930795847751,1.2081465283394408,0.0485,-0.027586956521739092,tp,0,A2a
2026-01-11,KRW-AWE,bear_quiet,4,0.023275319773537428,0.020549381421681695,1.1326530612244896,-0.0315,-0.05185128805620626,sl,0,A2a
2026-01-11,KRW-DKA,bear_quiet,4,0.26336758230236945,0.2707066470958272,0.9728892331525949,-0.0315,-0.06073694779116484,sl,0,A2a
2026-01-12,KRW-POKT,bear_quiet,4,0.26336758230236945,0.2179930795847751,1.2081465283394408,-0.0315,-0.07575742574257421,sl,0,A2a
2026-01-12,KRW-MET2,bear_quiet,4,0.09311104120792701,0.10401593792597252,0.8951612903225806,-0.0315,-0.02740673575129532,sl,1,A2a
2026-01-12,KRW-PUMP,bear_quiet,4,0.26336758230236945,0.3244206773618538,0.8118088663276334,-0.0315,0.018330028328611914,sl,0,A2a
2026-01-13,KRW-GLM,bear_quiet,4,0.26336758230236945,0.2707066470958272,0.9728892331525949,0.0485,0.03892553191489362,tp,0,A2a
2026-01-13,KRW-RENDER,bear_quiet,4,0.26336758230236945,0.3244206773618538,0.8118088663276334,-0.0143571428571429,-0.0143571428571429,eod,0,A2a
2026-01-13,KRW-HP,bear_quiet,4,0.13514363598238624,0.2179930795847751,0.6199446158557083,-0.0315,0.010195906432748427,sl,0,A2a
2026-01-15,KRW-WAL,bear_quiet,4,0.26336758230236945,0.2707066470958272,0.9728892331525949,-0.0315,-0.053002145922746824,sl,0,A2a
2026-01-15,KRW-AERO,bear_quiet,4,0.26336758230236945,0.2707066470958272,0.9728892331525949,-0.0315,-0.07124128233970756,sl,0,A2a
2026-01-15,KRW-BIGTIME,bear_quiet,4,0.26336758230236945,0.2707066470958272,0.9728892331525949,-0.0315,-0.06968181818181834,sl,0,A2a
2026-01-16,KRW-GMT,bear_quiet,4,0.26336758230236945,0.2707066470958272,0.9728892331525949,0.0485,0.04830842911877392,tp,0,A2a
2026-01-16,KRW-LA,bear_quiet,4,0.26336758230236945,0.3244206773618538,0.8118088663276334,-0.0315,-0.007869426751592355,sl,0,A2a
2026-01-16,KRW-MOCA,bear_quiet,4,0.26336758230236945,0.3244206773618538,0.8118088663276334,-0.0315,0.019395522388059805,sl,0,A2a
2026-01-17,KRW-1INCH,bear_quiet,4,0.26336758230236945,0.2179930795847751,1.2081465283394408,-0.014052301255230102,-0.014052301255230102,eod,0,A2a
2026-01-17,KRW-XTZ,bear_quiet,4,0.26336758230236945,0.2179930795847751,1.2081465283394408,-0.0315,-0.031040481400437636,sl,0,A2a
2026-01-17,KRW-AGLD,bear_quiet,4,0.26336758230236945,0.2179930795847751,1.2081465283394408,0.0485,0.027197571743929283,tp,0,A2a
2026-01-18,KRW-TT,bear_quiet,4,0.26336758230236945,0.18106521283287902,1.4545454545454544,-0.0315,-0.04937234042553179,sl,0,A2a
2026-01-18,KRW-IMX,bear_quiet,4,0.26336758230236945,0.2179930795847751,1.2081465283394408,-0.0315,-0.06786155606407324,sl,0,A2a
2026-01-18,KRW-BIGTIME,bear_quiet,4,0.26336758230236945,0.2707066470958272,0.9728892331525949,0.0485,-0.015123978201634856,tp,0,A2a
2026-01-19,KRW-BIO,bear_quiet,4,0.26336758230236945,0.3244206773618538,0.8118088663276334,-0.0315,0.018789855072463946,sl,0,A2a
2026-01-19,KRW-BLAST,bear_quiet,4,0.26336758230236945,0.3244206773618538,0.8118088663276334,-0.0315,-0.06601612903225812,sl,0,A2a
2026-01-19,KRW-BLUR,bear_quiet,4,0.26336758230236945,0.3244206773618538,0.8118088663276334,-0.0315,-0.08467929759704246,sl,0,A2a
2026-01-25,KRW-BTC,bear_volatile,5,0.0024866457911217536,0.022840302081414625,0.10887096774193548,-0.02538259244629454,-0.02538259244629454,eod,0,A2a
2026-01-25,KRW-ETH,bear_volatile,5,0.0024866457911217536,0.022840302081414625,0.10887096774193548,-0.0315,-0.041444903581267234,sl,0,A2a
2026-01-25,KRW-TRUMP,bear_volatile,5,0.0024866457911217536,0.022840302081414625,0.10887096774193548,-0.0315,-0.034399246058944455,sl,0,A2a
2026-01-26,KRW-BTC,bear_volatile,5,0.0024866457911217536,0.022840302081414625,0.10887096774193548,0.006079766536965016,0.006079766536965016,eod,0,A2a
2026-01-26,KRW-TRX,bear_volatile,5,0.0024866457911217536,0.022840302081414625,0.10887096774193548,-0.010611617312072883,-0.010611617312072883,eod,0,A2a
2026-01-26,KRW-COMP,bear_volatile,5,0.04946117712075159,0.14523853379996315,0.3405513387299434,0.002505722460658001,0.002505722460658001,eod,0,A2a
2026-01-27,KRW-WAVES,bear_volatile,5,0.010130779149014552,0.022840302081414625,0.44354838709677424,-0.009842022940563076,-0.009842022940563076,eod,0,A2a
2026-01-27,KRW-BTC,bear_volatile,5,0.0024866457911217536,0.022840302081414625,0.10887096774193548,0.0001451179387366732,0.0001451179387366732,eod,0,A2a
2026-01-27,KRW-XAUT,bear_volatile,5,0.0024866457911217536,0.022840302081414625,0.10887096774193548,0.014984258883934677,0.014984258883934677,eod,0,A2a
2026-01-28,KRW-SEI,bear_volatile,5,0.010130779149014552,0.022840302081414625,0.44354838709677424,-0.007951612903225823,-0.007951612903225823,eod,0,A2a
2026-01-28,KRW-ENS,bear_volatile,5,0.010130779149014552,0.022840302081414625,0.44354838709677424,-0.0007429977289931653,-0.0007429977289931653,eod,0,A2a
2026-01-28,KRW-BTC,bear_volatile,5,0.0024866457911217536,0.022840302081414625,0.10887096774193548,-0.006211234482226878,-0.006211234482226878,eod,0,A2a
2026-01-29,KRW-AVAX,bear_volatile,5,0.010130779149014552,0.022840302081414625,0.44354838709677424,-0.0315,-0.0720275229357798,sl,0,A2a
2026-01-29,KRW-UNI,bear_volatile,5,0.010130779149014552,0.022840302081414625,0.44354838709677424,-0.0315,-0.07754017216642756,sl,0,A2a
2026-01-29,KRW-BTC,bear_volatile,5,0.0024866457911217536,0.022840302081414625,0.10887096774193548,-0.0315,-0.03841563800358,sl,0,A2a
2026-01-30,KRW-TRX,bear_volatile,5,0.0024866457911217536,0.022840302081414625,0.10887096774193548,0.01238888888888884,0.01238888888888884,eod,0,A2a
2026-01-30,KRW-ORBS,bear_volatile,5,0.04946117712075159,0.1161462650824353,0.4258524980174465,-0.0315,-0.05519127516778527,sl,0,A2a
2026-01-30,KRW-XAUT,bear_volatile,5,0.025511143857063916,0.14523853379996315,0.17564996829422955,-0.0315,-0.09302288072018,sl,0,A2a
2026-01-31,KRW-BCH,bear_volatile,5,0.010130779149014552,0.022840302081414625,0.44354838709677424,-0.0315,-0.08057542579075422,sl,0,A2a
2026-01-31,KRW-BTC,bear_volatile,5,0.0024866457911217536,0.022840302081414625,0.10887096774193548,-0.0315,-0.062150107818864264,sl,0,A2a
2026-01-31,KRW-TRX,bear_volatile,5,0.0024866457911217536,0.022840302081414625,0.10887096774193548,-0.0315,-0.01980663615560646,sl,0,A2a
2026-02-01,KRW-TRX,bear_volatile,5,0.0024866457911217536,0.022840302081414625,0.10887096774193548,-0.020235362997658102,-0.020235362997658102,eod,0,A2a
2026-02-01,KRW-XAUT,bear_volatile,5,0.010130779149014552,0.1161462650824353,0.08722432134881125,-0.0315,-0.03116573816155993,sl,0,A2a
2026-02-01,KRW-ARDR,bear_volatile,5,0.07321790384969608,0.23330570139080778,0.313828180851224,0.0485,0.17636561264822143,tp,1,A2a
2026-02-02,KRW-TRX,bear_volatile,5,0.0024866457911217536,0.06806041628292503,0.036535859269282815,0.0032732696897375692,0.0032732696897375692,eod,0,A2a
2026-02-02,KRW-BCH,bear_volatile,5,0.025511143857063916,0.14523853379996315,0.17564996829422955,-0.0315,0.05244736842105252,sl,0,A2a
2026-02-02,KRW-XAUT,bear_volatile,5,0.010130779149014552,0.14523853379996315,0.06975269499048828,-0.0315,0.012978211009174347,sl,0,A2a
2026-02-03,KRW-TRX,bear_volatile,5,0.0024866457911217536,0.022840302081414625,0.10887096774193548,0.0032505938242280443,0.0032505938242280443,eod,0,A2a
2026-02-03,KRW-BTC,bear_volatile,5,0.010130779149014552,0.06806041628292503,0.14884979702300408,-0.0315,-0.044687493586015814,sl,0,A2a
2026-02-03,KRW-XLM,bear_volatile,5,0.025511143857063916,0.1161462650824353,0.2196467001238247,-0.0315,-0.01665151515151514,sl,0,A2a
2026-02-04,KRW-TRX,bear_volatile,5,0.0024866457911217536,0.022840302081414625,0.10887096774193548,-0.00860900473933651,-0.00860900473933651,eod,0,A2a
2026-02-04,KRW-XAUT,bear_volatile,5,0.025511143857063916,0.06806041628292503,0.374830852503383,0.008638375119879362,0.008638375119879362,eod,0,A2a
2026-02-04,KRW-TRUMP,bear_volatile,5,0.0024866457911217536,0.06806041628292503,0.036535859269282815,-0.01997389558232937,-0.01997389558232937,eod,0,A2a
2026-02-05,KRW-TRX,bear_volatile,5,0.0024866457911217536,0.022840302081414625,0.10887096774193548,-0.0315,-0.046954545454545416,sl,0,A2a
2026-02-05,KRW-XAUT,bear_volatile,5,0.025511143857063916,0.1161462650824353,0.2196467001238247,-0.0315,-0.07054020576688774,sl,0,A2a
2026-02-05,KRW-BCH,bear_volatile,5,0.015473887814313346,0.1161462650824353,0.13322759714512292,-0.0315,-0.15044971355824316,sl,0,A2a
2026-02-06,KRW-USD1,bear_volatile,5,0.0024866457911217536,0.06806041628292503,0.036535859269282815,0.004589309878213767,0.004589309878213767,eod,0,A2a
2026-02-06,KRW-XAUT,bear_volatile,5,0.025511143857063916,0.28218824829618716,0.09040469973890339,0.0485,0.05846805575722375,tp,0,A2a
2026-02-06,KRW-TRX,bear_volatile,5,0.0024866457911217536,0.28218824829618716,0.008812010443864229,0.02105639097744355,0.02105639097744355,eod,0,A2a
2026-02-07,KRW-TRX,bear_volatile,5,0.0024866457911217536,0.022840302081414625,0.10887096774193548,0.0058529411764705625,0.0058529411764705625,eod,0,A2a
2026-02-07,KRW-XAUT,bear_volatile,5,0.025511143857063916,0.1161462650824353,0.2196467001238247,0.0035684931506850272,0.0035684931506850272,eod,0,A2a
2026-02-07,KRW-TRUMP,bear_volatile,5,0.14173881009393996,0.23330570139080778,0.6075239878365204,-0.0315,-0.029304410354745902,sl,0,A2a
2026-02-08,KRW-TRX,bear_volatile,5,0.0024866457911217536,0.022840302081414625,0.10887096774193548,0.0009271844660195274,0.0009271844660195274,eod,0,A2a
2026-02-08,KRW-XAUT,bear_volatile,5,0.010130779149014552,0.06806041628292503,0.14884979702300408,0.01594582254327387,0.01594582254327387,eod,0,A2a
2026-02-08,KRW-TRUMP,bear_volatile,5,0.07321790384969608,0.18649843433413152,0.3925925925925926,-0.0315,-0.015898422090729836,sl,0,A2a
2026-02-09,KRW-TRX,bear_volatile,5,0.0024866457911217536,0.022840302081414625,0.10887096774193548,-0.006330917874396156,-0.006330917874396156,eod,0,A2a
2026-02-09,KRW-XAUT,bear_volatile,5,0.010130779149014552,0.06806041628292503,0.14884979702300408,-0.01247136740701099,-0.01247136740701099,eod,0,A2a
2026-02-09,KRW-JST,bear_volatile,5,0.07321790384969608,0.1161462650824353,0.6303939588391358,-0.0315,0.020792993630573353,sl,0,A2a
2026-02-10,KRW-TRX,bear_volatile,5,0.0024866457911217536,0.022840302081414625,0.10887096774193548,0.0009271844660195274,0.0009271844660195274,eod,0,A2a
2026-02-10,KRW-XAUT,bear_volatile,5,0.010130779149014552,0.06806041628292503,0.14884979702300408,0.0052640692640693616,0.0052640692640693616,eod,0,A2a
2026-02-10,KRW-TRUMP,bear_volatile,5,0.07321790384969608,0.14523853379996315,0.5041217501585289,-0.0315,-0.03297699757869249,sl,0,A2a
2026-02-11,KRW-TRX,bear_volatile,5,0.0024866457911217536,0.022840302081414625,0.10887096774193548,-0.003927184466019416,-0.003927184466019416,eod,0,A2a
2026-02-11,KRW-XAUT,bear_volatile,5,0.010130779149014552,0.06806041628292503,0.14884979702300408,-0.0025736813850490412,-0.0025736813850490412,eod,0,A2a
2026-02-11,KRW-TRUMP,bear_volatile,5,0.035273531037023395,0.14523853379996315,0.2428662016487001,-0.0315,-0.010250000000000035,sl,0,A2a
2026-02-12,KRW-TRX,bear_volatile,5,0.0024866457911217536,0.022840302081414625,0.10887096774193548,0.0009330900243310083,0.0009330900243310083,eod,0,A2a
2026-02-12,KRW-XAUT,bear_volatile,5,0.0024866457911217536,0.06806041628292503,0.036535859269282815,-0.0315,-0.03546429050879313,sl,0,A2a
2026-02-12,KRW-BTT,bear_volatile,5,0.04946117712075159,0.14523853379996315,0.3405513387299434,0.0485,0.031020325203251986,tp,0,A2a
2026-02-13,KRW-TRX,bear_volatile,5,0.0024866457911217536,0.022840302081414625,0.10887096774193548,0.0033661800486617945,0.0033661800486617945,eod,0,A2a
2026-02-13,KRW-TRUMP,bear_volatile,5,0.035273531037023395,0.06806041628292503,0.5182679296346414,0.03830924735641711,0.03830924735641711,eod,0,A2a
2026-02-13,KRW-XAUT,bear_volatile,5,0.0024866457911217536,0.06806041628292503,0.036535859269282815,0.017955252918287867,0.017955252918287867,eod,0,A2a
2026-02-14,KRW-TRUMP,bear_volatile,5,0.035273531037023395,0.022840302081414625,1.5443548387096775,0.0485,0.05144705294705304,tp,0,A2a
2026-02-14,KRW-TRX,bear_volatile,5,0.0024866457911217536,0.022840302081414625,0.10887096774193548,0.008185230024213177,0.008185230024213177,eod,0,A2a
2026-02-14,KRW-XAUT,bear_volatile,5,0.0024866457911217536,0.022840302081414625,0.10887096774193548,0.0002711171662124769,0.0002711171662124769,eod,0,A2a
2026-02-15,KRW-TRX,bear_volatile,5,0.0024866457911217536,0.022840302081414625,0.10887096774193548,-0.0038980815347721674,-0.0038980815347721674,eod,0,A2a
2026-02-15,KRW-XAUT,bear_volatile,5,0.0024866457911217536,0.022840302081414625,0.10887096774193548,0.0055719434244526096,0.0055719434244526096,eod,0,A2a
2026-02-15,KRW-TRUMP,bear_volatile,5,0.07321790384969608,0.1161462650824353,0.6303939588391358,-0.0315,-0.03846682464454981,sl,0,A2a
2026-02-16,KRW-TRX,bear_volatile,5,0.0024866457911217536,0.022840302081414625,0.10887096774193548,0.008115384615384582,0.008115384615384582,eod,0,A2a
2026-02-16,KRW-XAUT,bear_volatile,5,0.0024866457911217536,0.022840302081414625,0.10887096774193548,-0.00959388911371911,-0.00959388911371911,eod,0,A2a
2026-02-16,KRW-FF,bear_volatile,5,0.07321790384969608,0.06806041628292503,1.0757780784844384,0.0485,0.03239830508474567,tp,0,A2a
2026-02-17,KRW-TRX,bear_volatile,5,0.0024866457911217536,0.022840302081414625,0.10887096774193548,-0.008625890736342066,-0.008625890736342066,eod,0,A2a
2026-02-17,KRW-XAUT,bear_volatile,5,0.0024866457911217536,0.022840302081414625,0.10887096774193548,-0.02636750917244196,-0.02636750917244196,eod,0,A2a
2026-02-17,KRW-FF,bear_volatile,5,0.025511143857063916,0.06806041628292503,0.374830852503383,-0.0315,-0.03428688524590168,sl,0,A2a
2026-02-18,KRW-TRX,bear_volatile,5,0.0024866457911217536,0.022840302081414625,0.10887096774193548,-0.008694244604316502,-0.008694244604316502,eod,0,A2a
2026-02-18,KRW-ETC,bear_volatile,5,0.025511143857063916,0.06806041628292503,0.374830852503383,-0.0315,-0.029472027972028025,sl,0,A2a
2026-02-18,KRW-BTC,bear_volatile,5,0.010130779149014552,0.06806041628292503,0.14884979702300408,-0.015812271373458364,-0.015812271373458364,eod,0,A2a
2026-02-19,KRW-TRX,bear_volatile,5,0.0024866457911217536,0.022840302081414625,0.10887096774193548,0.015449152542372837,0.015449152542372837,eod,0,A2a
2026-02-19,KRW-XAUT,bear_volatile,5,0.0024866457911217536,0.022840302081414625,0.10887096774193548,-0.0034042437431990855,-0.0034042437431990855,eod,0,A2a
2026-02-19,KRW-BTC,bear_volatile,5,0.010130779149014552,0.1161462650824353,0.08722432134881125,0.0007712984932367064,0.0007712984932367064,eod,0,A2a
2026-02-20,KRW-TRX,bear_volatile,5,0.0024866457911217536,0.022840302081414625,0.10887096774193548,-0.0015,-0.0015,eod,0,A2a
2026-02-20,KRW-XAUT,bear_volatile,5,0.0024866457911217536,0.022840302081414625,0.10887096774193548,0.017026086364255566,0.017026086364255566,eod,0,A2a
2026-02-20,KRW-BTC,bear_volatile,5,0.0024866457911217536,0.06806041628292503,0.036535859269282815,0.010822073507541998,0.010822073507541998,eod,0,A2a
2026-02-21,KRW-TRX,bear_volatile,5,0.0024866457911217536,0.022840302081414625,0.10887096774193548,0.012785714285714235,0.012785714285714235,eod,0,A2a
2026-02-21,KRW-XAUT,bear_volatile,5,0.0024866457911217536,0.022840302081414625,0.10887096774193548,0.00023680694722788683,0.00023680694722788683,eod,0,A2a
2026-02-21,KRW-BTC,bear_volatile,5,0.0024866457911217536,0.022840302081414625,0.10887096774193548,-0.0022994723482501742,-0.0022994723482501742,eod,0,A2a
2026-02-22,KRW-BTC,bear_volatile,5,0.0024866457911217536,0.022840302081414625,0.10887096774193548,-0.006408380234522558,-0.006408380234522558,eod,0,A2a
2026-02-22,KRW-TRX,bear_volatile,5,0.0024866457911217536,0.022840302081414625,0.10887096774193548,0.0008474178403755097,0.0008474178403755097,eod,0,A2a
2026-02-22,KRW-XAUT,bear_volatile,5,0.0024866457911217536,0.022840302081414625,0.10887096774193548,0.010748701903874393,0.010748701903874393,eod,0,A2a
2026-02-23,KRW-BTC,bear_volatile,5,0.0024866457911217536,0.022840302081414625,0.10887096774193548,-0.0315,-0.04394870906516429,sl,0,A2a
2026-02-23,KRW-TRX,bear_volatile,5,0.0024866457911217536,0.022840302081414625,0.10887096774193548,-0.0315,-0.029537383177570098,sl,0,A2a
2026-02-23,KRW-XAUT,bear_volatile,5,0.0024866457911217536,0.022840302081414625,0.10887096774193548,0.011273242033184085,0.011273242033184085,eod,0,A2a
2026-02-24,KRW-TRX,bear_volatile,5,0.0024866457911217536,0.022840302081414625,0.10887096774193548,-0.0039038461538461453,-0.0039038461538461453,eod,0,A2a
2026-02-24,KRW-XAUT,bear_volatile,5,0.0024866457911217536,0.022840302081414625,0.10887096774193548,-0.0315,-0.02542406709140549,sl,0,A2a
2026-02-24,KRW-JST,bear_volatile,5,0.14173881009393996,0.14523853379996315,0.9759036144578315,0.01049400299850062,0.01049400299850062,eod,0,A2a
2026-02-25,KRW-TRX,bear_volatile,5,0.0024866457911217536,0.022840302081414625,0.10887096774193548,-0.013519230769230726,-0.013519230769230726,eod,0,A2a
2026-02-25,KRW-XAUT,bear_volatile,5,0.0024866457911217536,0.06806041628292503,0.036535859269282815,-0.01719357627344059,-0.01719357627344059,eod,0,A2a
2026-02-25,KRW-BTC,bear_volatile,5,0.0024866457911217536,0.06806041628292503,0.036535859269282815,0.0485,0.04252656518170289,tp,0,A2a
2026-02-26,KRW-BTC,bear_volatile,5,0.010130779149014552,0.022840302081414625,0.44354838709677424,-0.006462475111043085,-0.006462475111043085,eod,0,A2a
2026-02-26,KRW-TRX,bear_volatile,5,0.0024866457911217536,0.022840302081414625,0.10887096774193548,0.0009330900243310083,0.0009330900243310083,eod,0,A2a
2026-02-26,KRW-XAUT,bear_volatile,5,0.0024866457911217536,0.022840302081414625,0.10887096774193548,0.007281410429613557,0.007281410429613557,eod,0,A2a
2026-02-27,KRW-TRX,bear_volatile,5,0.0024866457911217536,0.022840302081414625,0.10887096774193548,-0.0015,-0.0015,eod,0,A2a
2026-02-27,KRW-XAUT,bear_volatile,5,0.0024866457911217536,0.022840302081414625,0.10887096774193548,0.027749966456460495,0.027749966456460495,eod,0,A2a
2026-02-27,KRW-BTC,bear_volatile,5,0.0024866457911217536,0.022840302081414625,0.10887096774193548,-0.015137762955361676,-0.015137762955361676,eod,0,A2a
2026-02-28,KRW-TRX,bear_volatile,5,0.0024866457911217536,0.022840302081414625,0.10887096774193548,-0.006330917874396156,-0.006330917874396156,eod,0,A2a
2026-02-28,KRW-XAUT,bear_volatile,5,0.0024866457911217536,0.022840302081414625,0.10887096774193548,0.006060943814365784,0.006060943814365784,eod,0,A2a
2026-02-28,KRW-BTC,bear_volatile,5,0.0024866457911217536,0.022840302081414625,0.10887096774193548,-0.0315,0.014167915106117425,sl,0,A2a
2026-03-01,KRW-TRX,bear_volatile,5,0.0024866457911217536,0.022840302081414625,0.10887096774193548,-0.006366180048661794,-0.006366180048661794,eod,0,A2a
2026-03-01,KRW-BTC,bear_volatile,5,0.0024866457911217536,0.022840302081414625,0.10887096774193548,-0.019138743777272482,-0.019138743777272482,eod,0,A2a
2026-03-01,KRW-XAUT,bear_volatile,5,0.0024866457911217536,0.022840302081414625,0.10887096774193548,0.011171321437807137,0.011171321437807137,eod,0,A2a
2026-03-02,KRW-TRX,bear_volatile,5,0.0024866457911217536,0.022840302081414625,0.10887096774193548,0.005817073170731714,0.005817073170731714,eod,0,A2a
2026-03-02,KRW-XAUT,bear_volatile,5,0.0024866457911217536,0.022840302081414625,0.10887096774193548,-0.01209213884635013,-0.01209213884635013,eod,0,A2a
2026-03-02,KRW-BTC,bear_volatile,5,0.0024866457911217536,0.06806041628292503,0.036535859269282815,0.0485,0.04660960732383784,tp,0,A2a
2026-03-03,KRW-BTC,bear_volatile,5,0.015473887814313346,0.022840302081414625,0.6774817495476384,-0.0315,-0.004522529777883864,sl,0,A2a
2026-03-03,KRW-TRX,bear_volatile,5,0.0024866457911217536,0.022840302081414625,0.10887096774193548,-0.003921307506053294,-0.003921307506053294,eod,0,A2a
2026-03-03,KRW-XAUT,bear_volatile,5,0.0024866457911217536,0.022840302081414625,0.10887096774193548,-0.0315,-0.033874564684638175,sl,0,A2a
2026-03-04,KRW-BTC,bear_volatile,5,0.010130779149014552,0.022840302081414625,0.44354838709677424,0.0485,0.04898350114644595,tp,0,A2a
2026-03-04,KRW-TRX,bear_volatile,5,0.0024866457911217536,0.022840302081414625,0.10887096774193548,0.010665450121654598,0.010665450121654598,eod,0,A2a
2026-03-04,KRW-XAUT,bear_volatile,5,0.0024866457911217536,0.022840302081414625,0.10887096774193548,-0.01202771855010659,-0.01202771855010659,eod,0,A2a
2026-03-05,KRW-ATOM,bear_volatile,5,0.015473887814313346,0.022840302081414625,0.6774817495476384,-0.012142201834862419,-0.012142201834862419,eod,0,A2a
2026-03-05,KRW-TRX,bear_volatile,5,0.0024866457911217536,0.022840302081414625,0.10887096774193548,0.0009038461538462563,0.0009038461538462563,eod,0,A2a
2026-03-05,KRW-XAUT,bear_volatile,5,0.0024866457911217536,0.022840302081414625,0.10887096774193548,-0.003248722087705157,-0.003248722087705157,eod,0,A2a
2026-03-06,KRW-BTC,bear_volatile,5,0.010130779149014552,0.022840302081414625,0.44354838709677424,-0.0315,-0.03147776216101733,sl,0,A2a
2026-03-06,KRW-TRX,bear_volatile,5,0.0024866457911217536,0.022840302081414625,0.10887096774193548,0.0032732696897375692,0.0032732696897375692,eod,0,A2a
2026-03-06,KRW-XAUT,bear_volatile,5,0.0024866457911217536,0.022840302081414625,0.10887096774193548,0.02016016413292082,0.02016016413292082,eod,0,A2a
2026-03-07,KRW-WAXP,bear_volatile,5,0.035273531037023395,0.022840302081414625,1.5443548387096775,-0.019918201516793077,-0.019918201516793077,eod,0,A2a
2026-03-07,KRW-TRX,bear_volatile,5,0.0024866457911217536,0.022840302081414625,0.10887096774193548,0.0032505938242280443,0.0032505938242280443,eod,0,A2a
2026-03-07,KRW-WAVES,bear_volatile,5,0.0024866457911217536,0.022840302081414625,0.10887096774193548,0.0485,-0.0029727540500736325,tp,0,A2a
2026-03-08,KRW-BCH,bear_volatile,5,0.010130779149014552,0.022840302081414625,0.44354838709677424,-0.015774981217130002,-0.015774981217130002,eod,0,A2a
2026-03-08,KRW-TRX,bear_volatile,5,0.0024866457911217536,0.022840302081414625,0.10887096774193548,0.007933962264151053,0.007933962264151053,eod,0,A2a
2026-03-08,KRW-XAUT,bear_volatile,5,0.0024866457911217536,0.022840302081414625,0.10887096774193548,-0.020278726198292796,-0.020278726198292796,eod,0,A2a
2026-03-09,KRW-TRX,bear_volatile,5,0.0024866457911217536,0.022840302081414625,0.10887096774193548,-0.02486448598130836,-0.02486448598130836,eod,0,A2a
2026-03-09,KRW-XAUT,bear_volatile,5,0.0024866457911217536,0.022840302081414625,0.10887096774193548,-0.0010989304812833432,-0.0010989304812833432,eod,0,A2a
2026-03-09,KRW-BCH,bear_volatile,5,0.0024866457911217536,0.06806041628292503,0.036535859269282815,-0.0075882800608828,-0.0075882800608828,eod,0,A2a
2026-03-10,KRW-TRX,bear_volatile,5,0.0024866457911217536,0.022840302081414625,0.10887096774193548,-0.0015,-0.0015,eod,0,A2a
2026-03-10,KRW-XAUT,bear_volatile,5,0.0024866457911217536,0.022840302081414625,0.10887096774193548,0.005704803202134791,0.005704803202134791,eod,0,A2a
2026-03-10,KRW-WLFI,bear_volatile,5,0.015473887814313346,0.06806041628292503,0.2273551744084091,0.018908163265306144,0.018908163265306144,eod,0,A2a
2026-03-11,KRW-ME,bear_volatile,5,0.010130779149014552,0.022840302081414625,0.44354838709677424,0.0106212121212122,0.0106212121212122,eod,0,A2a
2026-03-11,KRW-TRX,bear_volatile,5,0.0024866457911217536,0.022840302081414625,0.10887096774193548,0.017638755980861343,0.017638755980861343,eod,0,A2a
2026-03-11,KRW-XAUT,bear_volatile,5,0.0024866457911217536,0.022840302081414625,0.10887096774193548,-0.01209602649006619,-0.01209602649006619,eod,0,A2a
2026-03-12,KRW-ETC,bear_volatile,5,0.010130779149014552,0.022840302081414625,0.44354838709677424,-0.007261316872427979,-0.007261316872427979,eod,0,A2a
2026-03-12,KRW-TRX,bear_volatile,5,0.0024866457911217536,0.022840302081414625,0.10887096774193548,-0.00854225352112675,-0.00854225352112675,eod,0,A2a
2026-03-12,KRW-XAUT,bear_volatile,5,0.0024866457911217536,0.022840302081414625,0.10887096774193548,-0.007384713120235418,-0.007384713120235418,eod,0,A2a
2026-03-13,KRW-WLFI,bear_volatile,5,0.010130779149014552,0.022840302081414625,0.44354838709677424,0.0485,0.03228378378378377,tp,0,A2a
2026-03-13,KRW-BCH,bear_volatile,5,0.0024866457911217536,0.022840302081414625,0.10887096774193548,0.014991754122938574,0.014991754122938574,eod,0,A2a
2026-03-13,KRW-TRX,bear_volatile,5,0.0024866457911217536,0.022840302081414625,0.10887096774193548,0.01741252955082745,0.01741252955082745,eod,0,A2a
2026-03-14,KRW-ME,bear_volatile,5,0.015473887814313346,0.022840302081414625,0.6774817495476384,0.004452380952380932,0.004452380952380932,eod,0,A2a
2026-03-14,KRW-HBAR,bear_volatile,5,0.010130779149014552,0.022840302081414625,0.44354838709677424,-0.0315,-0.015785714285714236,sl,0,A2a
2026-03-14,KRW-TRX,bear_volatile,5,0.0024866457911217536,0.022840302081414625,0.10887096774193548,0.019333333333333258,0.019333333333333258,eod,0,A2a
2026-03-15,KRW-BTT,bear_volatile,5,0.025511143857063916,0.022840302081414625,1.1169354838709677,0.0485,0.0667730923694781,tp,0,A2a
2026-03-15,KRW-ATOM,bear_volatile,5,0.015473887814313346,0.022840302081414625,0.6774817495476384,-0.01020195794053663,-0.01020195794053663,eod,0,A2a
2026-03-15,KRW-XEC,bear_volatile,5,0.015473887814313346,0.022840302081414625,0.6774817495476384,0.01754761904761898,0.01754761904761898,eod,0,A2a
2026-03-16,KRW-MLK,bear_volatile,5,0.035273531037023395,0.022840302081414625,1.5443548387096775,0.019803258145363378,0.019803258145363378,eod,0,A2a
2026-03-16,KRW-TOKAMAK,bear_volatile,5,0.035273531037023395,0.022840302081414625,1.5443548387096775,0.028431972789115634,0.028431972789115634,eod,0,A2a
2026-03-16,KRW-CBK,bear_volatile,5,0.025511143857063916,0.022840302081414625,1.1169354838709677,0.0170185185185186,0.0170185185185186,eod,0,A2a
2026-03-17,KRW-ZKC,bear_volatile,5,0.04946117712075159,0.022840302081414625,2.165522020875487,0.006696721311475308,0.006696721311475308,eod,0,A2a
2026-03-17,KRW-0G,bear_volatile,5,0.035273531037023395,0.022840302081414625,1.5443548387096775,-0.02090639269406397,-0.02090639269406397,eod,0,A2a
2026-03-17,KRW-HBAR,bear_volatile,5,0.035273531037023395,0.022840302081414625,1.5443548387096775,-0.015105442176870763,-0.015105442176870763,eod,0,A2a
2026-03-18,KRW-ERA,bear_volatile,5,0.07321790384969608,0.022840302081414625,3.2056451612903225,-0.0315,-0.04336046511627906,sl,0,A2a
2026-03-18,KRW-AERGO,bear_volatile,5,0.04946117712075159,0.022840302081414625,2.165522020875487,-0.0315,-0.028880952380952396,sl,0,A2a
2026-03-18,KRW-BORA,bear_volatile,5,0.025511143857063916,0.022840302081414625,1.1169354838709677,-0.0315,-0.04156968641114983,sl,0,A2a
2026-03-19,KRW-HBAR,bear_volatile,5,0.010130779149014552,0.022840302081414625,0.44354838709677424,-0.0315,-0.022626760563380255,sl,0,A2a
2026-03-19,KRW-BTC,bear_volatile,5,0.0024866457911217536,0.022840302081414625,0.10887096774193548,-0.0315,-0.01963207547169815,sl,0,A2a
2026-03-19,KRW-TRX,bear_volatile,5,0.0024866457911217536,0.022840302081414625,0.10887096774193548,-0.0037123893805309214,-0.0037123893805309214,eod,0,A2a
2026-03-20,KRW-TRX,bear_volatile,5,0.0024866457911217536,0.022840302081414625,0.10887096774193548,0.02283628318584069,0.02283628318584069,eod,0,A2a
2026-03-20,KRW-BTC,bear_volatile,5,0.0024866457911217536,0.022840302081414625,0.10887096774193548,0.010375708603163116,0.010375708603163116,eod,0,A2a
2026-03-20,KRW-TFUEL,bear_volatile,5,0.0024866457911217536,0.022840302081414625,0.10887096774193548,0.014373015873015817,0.014373015873015817,eod,0,A2a
2026-03-21,KRW-ME,bear_volatile,5,0.015473887814313346,0.022840302081414625,0.6774817495476384,-0.0315,-0.0307397660818714,sl,0,A2a
2026-03-21,KRW-TRX,bear_volatile,5,0.015473887814313346,0.022840302081414625,0.6774817495476384,0.015816017316017394,0.015816017316017394,eod,0,A2a
2026-03-21,KRW-BCH,bear_volatile,5,0.015473887814313346,0.022840302081414625,0.6774817495476384,-0.020554340155257533,-0.020554340155257533,eod,0,A2a
2026-03-22,KRW-BTC,bear_volatile,5,0.0024866457911217536,0.022840302081414625,0.10887096774193548,-0.018932173435679156,-0.018932173435679156,eod,0,A2a
2026-03-22,KRW-ORBS,bear_volatile,5,0.0024866457911217536,0.022840302081414625,0.10887096774193548,-0.0315,-0.04345804195804209,sl,0,A2a
2026-03-22,KRW-TRX,bear_volatile,5,0.0024866457911217536,0.022840302081414625,0.10887096774193548,-0.010010638297872352,-0.010010638297872352,eod,0,A2a
2026-03-23,KRW-TRX,bear_volatile,5,0.0024866457911217536,0.022840302081414625,0.10887096774193548,-0.0315,-0.018667381974248942,sl,0,A2a
2026-03-23,KRW-BCH,bear_volatile,5,0.0024866457911217536,0.022840302081414625,0.10887096774193548,0.008471509971509862,0.008471509971509862,eod,0,A2a
2026-03-23,KRW-BTC,bear_volatile,5,0.0024866457911217536,0.06806041628292503,0.036535859269282815,0.030120940786700745,0.030120940786700745,eod,0,A2a
2026-03-24,KRW-BCH,bear_volatile,5,0.010130779149014552,0.022840302081414625,0.44354838709677424,0.0013188865398168783,0.0013188865398168783,eod,0,A2a
2026-03-24,KRW-TRX,bear_volatile,5,0.0024866457911217536,0.022840302081414625,0.10887096774193548,-0.005876367614879694,-0.005876367614879694,eod,0,A2a
2026-03-24,KRW-BTC,bear_volatile,5,0.0024866457911217536,0.022840302081414625,0.10887096774193548,-0.0028391585145787755,-0.0028391585145787755,eod,0,A2a
2026-03-25,KRW-XAUT,bear_volatile,5,0.010130779149014552,0.022840302081414625,0.44354838709677424,-0.009184350524604699,-0.009184350524604699,eod,0,A2a
2026-03-25,KRW-BCH,bear_volatile,5,0.010130779149014552,0.022840302081414625,0.44354838709677424,-0.007824666198172845,-0.007824666198172845,eod,0,A2a
2026-03-25,KRW-TRX,bear_volatile,5,0.0024866457911217536,0.022840302081414625,0.10887096774193548,0.027008771929824482,0.027008771929824482,eod,0,A2a
2026-03-26,KRW-STX,bear_volatile,5,0.010130779149014552,0.022840302081414625,0.44354838709677424,-0.0315,-0.02359944751381221,sl,0,A2a
2026-03-26,KRW-BCH,bear_volatile,5,0.0024866457911217536,0.022840302081414625,0.10887096774193548,-0.017036723163841805,-0.017036723163841805,eod,0,A2a
2026-03-26,KRW-BTC,bear_volatile,5,0.0024866457911217536,0.022840302081414625,0.10887096774193548,-0.0315,-0.026611711914685865,sl,0,A2a
2026-03-27,KRW-AWE,bear_volatile,5,0.025511143857063916,0.022840302081414625,1.1169354838709677,-0.0315,-0.043110738255033476,sl,0,A2a
2026-03-27,KRW-TRX,bear_volatile,5,0.0024866457911217536,0.022840302081414625,0.10887096774193548,0.004882978723404209,0.004882978723404209,eod,0,A2a
2026-03-27,KRW-XAUT,bear_volatile,5,0.0024866457911217536,0.022840302081414625,0.10887096774193548,0.02706283824413719,0.02706283824413719,eod,0,A2a
2026-03-28,KRW-TRX,bear_volatile,5,0.0024866457911217536,0.022840302081414625,0.10887096774193548,0.015413319238900604,0.015413319238900604,eod,0,A2a
2026-03-28,KRW-XAUT,bear_volatile,5,0.0024866457911217536,0.022840302081414625,0.10887096774193548,-0.00632244629548445,-0.00632244629548445,eod,0,A2a
2026-03-28,KRW-BCH,bear_volatile,5,0.0024866457911217536,0.022840302081414625,0.10887096774193548,0.01238888888888884,0.01238888888888884,eod,0,A2a
2026-03-29,KRW-TRX,bear_volatile,5,0.0024866457911217536,0.022840302081414625,0.10887096774193548,0.017211018711018655,0.017211018711018655,eod,0,A2a
2026-03-29,KRW-XAUT,bear_volatile,5,0.0024866457911217536,0.022840302081414625,0.10887096774193548,-0.010298944126704788,-0.010298944126704788,eod,0,A2a
2026-03-29,KRW-BCH,bear_volatile,5,0.0024866457911217536,0.022840302081414625,0.10887096774193548,-0.0315,-0.06032352941176472,sl,0,A2a
2026-03-30,KRW-TRX,bear_volatile,5,0.0024866457911217536,0.022840302081414625,0.10887096774193548,-0.007622448979591799,-0.007622448979591799,eod,0,A2a
2026-03-30,KRW-BTC,bear_volatile,5,0.0024866457911217536,0.022840302081414625,0.10887096774193548,0.009348882734436405,0.009348882734436405,eod,0,A2a
2026-03-30,KRW-AWE,bear_volatile,5,0.010130779149014552,0.06806041628292503,0.14884979702300408,0.017651846785225855,0.017651846785225855,eod,0,A2a
2026-03-31,KRW-BSV,bear_volatile,5,0.015473887814313346,0.022840302081414625,0.6774817495476384,0.012536786060019458,0.012536786060019458,eod,0,A2a
2026-03-31,KRW-STX,bear_volatile,5,0.010130779149014552,0.022840302081414625,0.44354838709677424,0.022524024024023925,0.022524024024023925,eod,0,A2a
2026-03-31,KRW-ME,bear_volatile,5,0.010130779149014552,0.022840302081414625,0.44354838709677424,-0.014745033112582738,-0.014745033112582738,eod,0,A2a
2026-04-01,KRW-NEAR,bear_volatile,5,0.010130779149014552,0.022840302081414625,0.44354838709677424,0.0007234574763757564,0.0007234574763757564,eod,0,A2a
2026-04-01,KRW-XAUT,bear_volatile,5,0.010130779149014552,0.022840302081414625,0.44354838709677424,0.0146267506012166,0.0146267506012166,eod,0,A2a
2026-04-01,KRW-HBAR,bear_volatile,5,0.010130779149014552,0.022840302081414625,0.44354838709677424,0.013537593984962517,0.013537593984962517,eod,0,A2a
2026-04-02,KRW-T,bear_volatile,5,0.035273531037023395,0.022840302081414625,1.5443548387096775,-0.0315,-0.017629032258064503,sl,0,A2a
2026-04-02,KRW-XAUT,bear_volatile,5,0.010130779149014552,0.022840302081414625,0.44354838709677424,-0.0315,-0.01957563959955505,sl,0,A2a
2026-04-02,KRW-ADA,bear_volatile,5,0.010130779149014552,0.022840302081414625,0.44354838709677424,-0.0315,-0.0307553191489362,sl,0,A2a
2026-04-03,KRW-BTC,bear_volatile,5,0.0024866457911217536,0.022840302081414625,0.10887096774193548,-0.0023748046433451062,-0.0023748046433451062,eod,0,A2a
2026-04-03,KRW-AERGO,bear_volatile,5,0.0024866457911217536,0.022840302081414625,0.10887096774193548,-0.0002531172069825658,-0.0002531172069825658,eod,0,A2a
2026-04-03,KRW-TRX,bear_volatile,5,0.0024866457911217536,0.022840302081414625,0.10887096774193548,-0.003583333333333326,-0.003583333333333326,eod,0,A2a
2026-04-04,KRW-BTC,bear_volatile,5,0.0024866457911217536,0.022840302081414625,0.10887096774193548,0.003409098063906825,0.003409098063906825,eod,0,A2a
2026-04-04,KRW-TRX,bear_volatile,5,0.0024866457911217536,0.022840302081414625,0.10887096774193548,0.0026753653444676075,0.0026753653444676075,eod,0,A2a
2026-04-04,KRW-XRP,bear_volatile,5,0.0024866457911217536,0.022840302081414625,0.10887096774193548,-0.003999999999999946,-0.003999999999999946,eod,0,A2a
2026-04-05,KRW-ARB,bear_volatile,5,0.015473887814313346,0.022840302081414625,0.6774817495476384,-0.0315,0.005592198581560183,sl,0,A2a
2026-04-05,KRW-AVAX,bear_volatile,5,0.010130779149014552,0.022840302081414625,0.44354838709677424,0.003635730007336692,0.003635730007336692,eod,0,A2a
2026-04-05,KRW-MOVE,bear_volatile,5,0.010130779149014552,0.022840302081414625,0.44354838709677424,-0.0015,-0.0015,eod,0,A2a
2026-04-06,KRW-FCT2,bear_volatile,5,0.035273531037023395,0.022840302081414625,1.5443548387096775,0.014983516483516425,0.014983516483516425,eod,0,A2a
2026-04-06,KRW-HBAR,bear_volatile,5,0.010130779149014552,0.022840302081414625,0.44354838709677424,-0.016425373134328403,-0.016425373134328403,eod,0,A2a
2026-04-06,KRW-XLM,bear_volatile,5,0.010130779149014552,0.022840302081414625,0.44354838709677424,-0.0315,-0.04215040650406504,sl,0,A2a
2026-04-07,KRW-SEI,bear_volatile,5,0.015473887814313346,0.022840302081414625,0.6774817495476384,0.04068362282878418,0.04068362282878418,eod,0,A2a
2026-04-07,KRW-BONK,bear_volatile,5,0.015473887814313346,0.022840302081414625,0.6774817495476384,0.0485,0.06540140845070425,tp,0,A2a
2026-04-07,KRW-SUI,bear_volatile,5,0.010130779149014552,0.022840302081414625,0.44354838709677424,0.0485,0.08588601823708203,tp,0,A2a
2026-04-08,KRW-SKR,bear_volatile,5,0.07321790384969608,0.022840302081414625,3.2056451612903225,-0.0315,-0.03853703703703709,sl,0,A2a
2026-04-08,KRW-AAVE,bear_volatile,5,0.04946117712075159,0.022840302081414625,2.165522020875487,-0.0315,-0.04482634521313772,sl,0,A2a
2026-04-08,KRW-ANIME,bear_volatile,5,0.035273531037023395,0.022840302081414625,1.5443548387096775,-0.0315,-0.03588395415472784,sl,0,A2a
2026-04-09,KRW-BTC,bear_volatile,5,0.0024866457911217536,0.022840302081414625,0.10887096774193548,0.005678750897343767,0.005678750897343767,eod,0,A2a
2026-04-09,KRW-TRX,bear_volatile,5,0.0024866457911217536,0.022840302081414625,0.10887096774193548,0.0006097046413502962,0.0006097046413502962,eod,0,A2a
2026-04-09,KRW-XRP,bear_volatile,5,0.0024866457911217536,0.022840302081414625,0.10887096774193548,-0.0025005002501251026,-0.0025005002501251026,eod,0,A2a
2026-04-10,KRW-ANIME,bear_volatile,5,0.010130779149014552,0.022840302081414625,0.44354838709677424,0.008718978102189747,0.008718978102189747,eod,0,A2a
2026-04-10,KRW-APT,bear_volatile,5,0.010130779149014552,0.022840302081414625,0.44354838709677424,0.022328435266084246,0.022328435266084246,eod,0,A2a
2026-04-10,KRW-BCH,bear_volatile,5,0.0024866457911217536,0.022840302081414625,0.10887096774193548,1.975683890581689e-05,1.975683890581689e-05,eod,0,A2a
2026-04-11,KRW-AUCTION,bear_volatile,5,0.025511143857063916,0.022840302081414625,1.1169354838709677,-0.013454992967651234,-0.013454992967651234,eod,0,A2a
2026-04-11,KRW-AAVE,bear_volatile,5,0.015473887814313346,0.022840302081414625,0.6774817495476384,-0.0315,0.007839080459770166,sl,0,A2a
2026-04-11,KRW-APT,bear_volatile,5,0.010130779149014552,0.022840302081414625,0.44354838709677424,-0.0061547711404189,-0.0061547711404189,eod,0,A2a
2026-04-12,KRW-AAVE,bear_volatile,5,0.015473887814313346,0.022840302081414625,0.6774817495476384,-0.0315,-0.04565954415954415,sl,0,A2a
2026-04-12,KRW-BCH,bear_volatile,5,0.0024866457911217536,0.022840302081414625,0.10887096774193548,-0.0315,-0.033733307751343033,sl,0,A2a
2026-04-12,KRW-BTC,bear_volatile,5,0.0024866457911217536,0.022840302081414625,0.10887096774193548,-0.0279076561017621,-0.0279076561017621,eod,0,A2a
2026-04-13,KRW-BTC,bear_volatile,5,0.0024866457911217536,0.022840302081414625,0.10887096774193548,0.03703138122801036,0.03703138122801036,eod,0,A2a
2026-04-13,KRW-TRX,bear_volatile,5,0.0024866457911217536,0.022840302081414625,0.10887096774193548,-0.018132016632016634,-0.018132016632016634,eod,0,A2a
2026-04-13,KRW-AWE,bear_volatile,5,0.0024866457911217536,0.022840302081414625,0.10887096774193548,0.006353403141361071,0.006353403141361071,eod,0,A2a
2026-04-14,KRW-AXS,bear_volatile,5,0.010130779149014552,0.022840302081414625,0.44354838709677424,-0.02081200965600488,-0.02081200965600488,eod,0,A2a
2026-04-14,KRW-BTC,bear_volatile,5,0.010130779149014552,0.022840302081414625,0.44354838709677424,-0.0008533933190048569,-0.0008533933190048569,eod,0,A2a
2026-04-14,KRW-HBAR,bear_volatile,5,0.010130779149014552,0.022840302081414625,0.44354838709677424,-0.0315,-0.03226923076923077,sl,0,A2a
2026-04-15,KRW-MED,bear_volatile,5,0.010130779149014552,0.022840302081414625,0.44354838709677424,0.007816770186335255,0.007816770186335255,eod,0,A2a
2026-04-15,KRW-BTC,bear_volatile,5,0.0024866457911217536,0.022840302081414625,0.10887096774193548,0.0038335760444161994,0.0038335760444161994,eod,0,A2a
2026-04-15,KRW-TRX,bear_volatile,5,0.0024866457911217536,0.022840302081414625,0.10887096774193548,0.0068507306889352155,0.0068507306889352155,eod,0,A2a
2026-04-16,KRW-ONDO,bear_volatile,5,0.010130779149014552,0.022840302081414625,0.44354838709677424,0.0485,0.03776701570680624,tp,0,A2a
2026-04-16,KRW-POL,bear_volatile,5,0.010130779149014552,0.022840302081414625,0.44354838709677424,0.0485,0.05405555555555558,tp,0,A2a
2026-04-16,KRW-ETC,bear_volatile,5,0.010130779149014552,0.022840302081414625,0.44354838709677424,0.03298275862068972,0.03298275862068972,eod,0,A2a
2026-04-17,KRW-HBAR,bear_volatile,5,0.035273531037023395,0.022840302081414625,1.5443548387096775,0.0060187969924812585,0.0060187969924812585,eod,0,A2a
2026-04-17,KRW-SONIC,bear_volatile,5,0.035273531037023395,0.022840302081414625,1.5443548387096775,0.0485,0.029521897810219022,tp,0,A2a
2026-04-17,KRW-POL,bear_volatile,5,0.025511143857063916,0.022840302081414625,1.1169354838709677,-0.0089626865671642,-0.0089626865671642,eod,0,A2a
2026-04-18,KRW-WLFI,bear_volatile,5,0.035273531037023395,0.022840302081414625,1.5443548387096775,-0.0315,-0.01816666666666672,sl,0,A2a
2026-04-18,KRW-BTC,bear_volatile,5,0.015473887814313346,0.022840302081414625,0.6774817495476384,-0.013509741430091147,-0.013509741430091147,eod,0,A2a
2026-04-18,KRW-DOGE,bear_volatile,5,0.015473887814313346,0.022840302081414625,0.6774817495476384,-0.0315,-0.04231632653061229,sl,0,A2a
2026-04-19,KRW-BCH,bear_volatile,5,0.0024866457911217536,0.022840302081414625,0.10887096774193548,-0.017445330296127548,-0.017445330296127548,eod,0,A2a
2026-04-19,KRW-BTC,bear_volatile,5,0.0024866457911217536,0.022840302081414625,0.10887096774193548,-0.022822397857975185,-0.022822397857975185,eod,0,A2a
2026-04-19,KRW-TRX,bear_volatile,5,0.0024866457911217536,0.022840302081414625,0.10887096774193548,-0.0015,-0.0015,eod,0,A2a
2026-04-20,KRW-BCH,bear_volatile,5,0.0024866457911217536,0.022840302081414625,0.10887096774193548,0.010845679012345734,0.010845679012345734,eod,0,A2a
2026-04-20,KRW-BTC,bear_volatile,5,0.0024866457911217536,0.022840302081414625,0.10887096774193548,0.020446564885496177,0.020446564885496177,eod,0,A2a
2026-04-20,KRW-TRX,bear_volatile,5,0.0024866457911217536,0.022840302081414625,0.10887096774193548,-0.007609979633401208,-0.007609979633401208,eod,0,A2a
2026-04-21,KRW-BTC,bear_volatile,5,0.0024866457911217536,0.022840302081414625,0.10887096774193548,0.0037821128451381316,0.0037821128451381316,eod,0,A2a
2026-04-21,KRW-ETC,bear_volatile,5,0.0024866457911217536,0.022840302081414625,0.10887096774193548,0.004122489959839383,0.004122489959839383,eod,0,A2a
2026-04-21,KRW-TRX,bear_volatile,5,0.0024866457911217536,0.022840302081414625,0.10887096774193548,0.008745901639344357,0.008745901639344357,eod,0,A2a
2026-04-22,KRW-AVAX,bear_volatile,5,0.010130779149014552,0.022840302081414625,0.44354838709677424,-0.005810344827586187,-0.005810344827586187,eod,0,A2a
2026-04-22,KRW-ZKP,bear_volatile,5,0.010130779149014552,0.022840302081414625,0.44354838709677424,-0.01102380952380949,-0.01102380952380949,eod,0,A2a
2026-04-22,KRW-BCH,bear_volatile,5,0.0024866457911217536,0.022840302081414625,0.10887096774193548,0.0485,0.024796018031555234,tp,0,A2a
2026-04-23,KRW-BCH,bear_volatile,5,0.015473887814313346,0.022840302081414625,0.6774817495476384,0.001428257686676483,0.001428257686676483,eod,0,A2a
2026-04-23,KRW-MANTRA,bear_volatile,5,0.010130779149014552,0.022840302081414625,0.44354838709677424,-0.0015,-0.0015,eod,0,A2a
2026-04-23,KRW-TRUMP,bear_volatile,5,0.010130779149014552,0.022840302081414625,0.44354838709677424,-0.0315,-0.014691390881740372,sl,0,A2a
2026-04-24,KRW-AVAX,bear_volatile,5,0.010130779149014552,0.022840302081414625,0.44354838709677424,0.002081661891117527,0.002081661891117527,eod,0,A2a
2026-04-24,KRW-RENDER,bear_volatile,5,0.010130779149014552,0.022840302081414625,0.44354838709677424,-0.007082433941198394,-0.007082433941198394,eod,0,A2a
2026-04-24,KRW-BCH,bear_volatile,5,0.0024866457911217536,0.022840302081414625,0.10887096774193548,-0.01243294460641403,-0.01243294460641403,eod,0,A2a
2026-04-25,KRW-AVAX,bear_volatile,5,0.010130779149014552,0.022840302081414625,0.44354838709677424,-0.0022147962830593713,-0.0022147962830593713,eod,0,A2a
2026-04-25,KRW-RENDER,bear_volatile,5,0.010130779149014552,0.022840302081414625,0.44354838709677424,0.007498875140607377,0.007498875140607377,eod,0,A2a
2026-04-25,KRW-AXS,bear_volatile,5,0.010130779149014552,0.022840302081414625,0.44354838709677424,0.0485,0.39577649496743633,tp,1,A2a
2026-04-26,KRW-AUCTION,bear_quiet,5,0.04946117712075159,0.022840302081414625,2.165522020875487,-0.011738907849829392,-0.011738907849829392,eod,0,A2a
2026-04-26,KRW-ADA,bear_quiet,5,0.010130779149014552,0.022840302081414625,0.44354838709677424,0.0011809651474530849,0.0011809651474530849,eod,0,A2a
2026-04-26,KRW-BTC,bear_quiet,5,0.0024866457911217536,0.022840302081414625,0.10887096774193548,0.006788964181994097,0.006788964181994097,eod,0,A2a
2026-04-27,KRW-XLM,bear_quiet,5,0.015473887814313346,0.022840302081414625,0.6774817495476384,-0.0315,-0.025122047244094448,sl,0,A2a
2026-04-27,KRW-ZORA,bear_quiet,5,0.015473887814313346,0.022840302081414625,0.6774817495476384,-0.0315,-0.05837203791469209,sl,0,A2a
2026-04-27,KRW-AUCTION,bear_quiet,5,0.010130779149014552,0.022840302081414625,0.44354838709677424,-0.016682884748102145,-0.016682884748102145,eod,0,A2a
2026-04-28,KRW-MLK,bear_quiet,5,0.010130779149014552,0.022840302081414625,0.44354838709677424,-0.014255102040816313,-0.014255102040816313,eod,0,A2a
2026-04-28,KRW-BTC,bear_quiet,5,0.0024866457911217536,0.022840302081414625,0.10887096774193548,-0.017691979462984786,-0.017691979462984786,eod,0,A2a
2026-04-28,KRW-ETC,bear_quiet,5,0.0024866457911217536,0.022840302081414625,0.10887096774193548,-0.004697442046362963,-0.004697442046362963,eod,0,A2a
2026-04-29,KRW-ADA,bear_quiet,5,0.0024866457911217536,0.022840302081414625,0.10887096774193548,-0.0015,-0.0015,eod,0,A2a
2026-04-29,KRW-AERGO,bear_quiet,5,0.0024866457911217536,0.022840302081414625,0.10887096774193548,0.016335909631391143,0.016335909631391143,eod,0,A2a
2026-04-29,KRW-BCH,bear_quiet,5,0.0024866457911217536,0.022840302081414625,0.10887096774193548,-0.008918397626112738,-0.008918397626112738,eod,0,A2a
2026-04-30,KRW-NEAR,bear_quiet,5,0.010130779149014552,0.022840302081414625,0.44354838709677424,-0.0315,-0.029669014084507006,sl,0,A2a
2026-04-30,KRW-AVAX,bear_quiet,5,0.0024866457911217536,0.022840302081414625,0.10887096774193548,-0.00736080586080584,-0.00736080586080584,eod,0,A2a
2026-04-30,KRW-BCH,bear_quiet,5,0.0024866457911217536,0.022840302081414625,0.10887096774193548,-0.019410447761193994,-0.019410447761193994,eod,0,A2a
2026-05-01,KRW-DOT,bear_quiet,5,0.010130779149014552,0.022840302081414625,0.44354838709677424,-0.005399721448467952,-0.005399721448467952,eod,0,A2a
2026-05-01,KRW-FIL,bear_quiet,5,0.010130779149014552,0.022840302081414625,0.44354838709677424,-0.009494186046511586,-0.009494186046511586,eod,0,A2a
2026-05-01,KRW-ADA,bear_quiet,5,0.0024866457911217536,0.022840302081414625,0.10887096774193548,0.006696721311475308,0.006696721311475308,eod,0,A2a
2026-05-02,KRW-DKA,bear_quiet,5,0.010130779149014552,0.022840302081414625,0.44354838709677424,-0.007313953488371992,-0.007313953488371992,eod,0,A2a
2026-05-02,KRW-ADA,bear_quiet,5,0.0024866457911217536,0.022840302081414625,0.10887096774193548,0.003920054200542035,0.003920054200542035,eod,0,A2a
2026-05-02,KRW-BCH,bear_quiet,5,0.0024866457911217536,0.022840302081414625,0.10887096774193548,-0.014952914798206316,-0.014952914798206316,eod,0,A2a
2026-05-03,KRW-0G,bear_quiet,5,0.010130779149014552,0.022840302081414625,0.44354838709677424,-0.018956359102244413,-0.018956359102244413,eod,0,A2a
2026-05-03,KRW-WLD,bear_quiet,5,0.010130779149014552,0.022840302081414625,0.44354838709677424,-0.029200831024930707,-0.029200831024930707,eod,0,A2a
2026-05-03,KRW-ZORA,bear_quiet,5,0.010130779149014552,0.022840302081414625,0.44354838709677424,-0.006791005291005124,-0.006791005291005124,eod,0,A2a
2026-05-04,KRW-AVAX,bear_quiet,5,0.0024866457911217536,0.022840302081414625,0.10887096774193548,0.009627596439169052,0.009627596439169052,eod,0,A2a
2026-05-04,KRW-BTC,bear_quiet,5,0.0024866457911217536,0.022840302081414625,0.10887096774193548,0.015911441804614512,0.015911441804614512,eod,0,A2a
2026-05-04,KRW-LINK,bear_quiet,5,0.0024866457911217536,0.022840302081414625,0.10887096774193548,0.0485,0.02584663710273466,tp,0,A2a
2026-05-05,KRW-BARD,bear_quiet,5,0.010130779149014552,0.022840302081414625,0.44354838709677424,-0.006330917874396156,-0.006330917874396156,eod,0,A2a
2026-05-05,KRW-ADA,bear_quiet,5,0.0024866457911217536,0.022840302081414625,0.10887096774193548,0.0485,0.041510752688172003,tp,0,A2a
2026-05-05,KRW-BCH,bear_quiet,5,0.0024866457911217536,0.022840302081414625,0.10887096774193548,0.03342786636294598,0.03342786636294598,eod,0,A2a
2026-05-06,KRW-ADA,bear_quiet,5,0.025511143857063916,0.022840302081414625,1.1169354838709677,0.0036546391752577136,0.0036546391752577136,eod,0,A2a
2026-05-06,KRW-ETC,bear_quiet,5,0.025511143857063916,0.022840302081414625,1.1169354838709677,0.03228378378378377,0.03228378378378377,eod,0,A2a
2026-05-06,KRW-LINK,bear_quiet,5,0.025511143857063916,0.022840302081414625,1.1169354838709677,0.01234083044982698,0.01234083044982698,eod,0,A2a
2026-05-07,KRW-ETC,bear_quiet,5,0.035273531037023395,0.022840302081414625,1.5443548387096775,-0.0315,-0.014571895424836554,sl,0,A2a
2026-05-07,KRW-APT,bear_quiet,5,0.025511143857063916,0.022840302081414625,1.1169354838709677,0.00515778961384822,0.00515778961384822,eod,0,A2a
2026-05-07,KRW-ZORA,bear_quiet,5,0.025511143857063916,0.022840302081414625,1.1169354838709677,0.008862694300518172,0.008862694300518172,eod,0,A2a
2026-05-08,KRW-0G,bear_quiet,5,0.025511143857063916,0.022840302081414625,1.1169354838709677,0.024172371638141732,0.024172371638141732,eod,0,A2a
2026-05-08,KRW-MANTRA,bear_quiet,5,0.025511143857063916,0.022840302081414625,1.1169354838709677,0.0485,0.044552631578947344,tp,0,A2a
2026-05-08,KRW-FF,bear_quiet,5,0.015473887814313346,0.022840302081414625,0.6774817495476384,0.015201461377870653,0.015201461377870653,eod,0,A2a
2026-05-09,KRW-ADA,bear_quiet,5,0.035273531037023395,0.022840302081414625,1.5443548387096775,-0.011425558312655069,-0.011425558312655069,eod,0,A2a
2026-05-09,KRW-ANKR,bear_quiet,5,0.035273531037023395,0.022840302081414625,1.5443548387096775,-0.011984927916120545,-0.011984927916120545,eod,0,A2a
2026-05-09,KRW-AVAX,bear_quiet,5,0.035273531037023395,0.022840302081414625,1.5443548387096775,0.0032912388774811187,0.0032912388774811187,eod,0,A2a
2026-05-10,KRW-ADA,bear_quiet,5,0.015473887814313346,0.022840302081414625,0.6774817495476384,0.0485,0.03349999999999992,tp,0,A2a
2026-05-10,KRW-ANIME,bear_quiet,5,0.015473887814313346,0.022840302081414625,0.6774817495476384,0.022890243902439045,0.022890243902439045,eod,0,A2a
2026-05-10,KRW-AVAX,bear_quiet,5,0.010130779149014552,0.022840302081414625,0.44354838709677424,0.018908163265306144,0.018908163265306144,eod,0,A2a
2026-05-11,KRW-AUCTION,bear_quiet,5,0.04946117712075159,0.022840302081414625,2.165522020875487,-0.025417259211376886,-0.025417259211376886,eod,0,A2a
2026-05-11,KRW-GAS,bear_quiet,5,0.035273531037023395,0.022840302081414625,1.5443548387096775,-0.00534911470361815,-0.00534911470361815,eod,0,A2a
2026-05-11,KRW-AVAX,bear_quiet,5,0.025511143857063916,0.022840302081414625,1.1169354838709677,-0.00816666666666671,-0.00816666666666671,eod,0,A2a
2026-05-12,KRW-META,bear_quiet,5,0.07321790384969608,0.022840302081414625,3.2056451612903225,-0.014833333333333308,-0.014833333333333308,eod,0,A2a
2026-05-12,KRW-HBAR,bear_quiet,5,0.015473887814313346,0.022840302081414625,0.6774817495476384,-0.0315,-0.029472027972028025,sl,0,A2a
2026-05-12,KRW-SIGN,bear_quiet,5,0.015473887814313346,0.022840302081414625,0.6774817495476384,0.006730452674897082,0.006730452674897082,eod,0,A2a
2026-05-13,KRW-SOL,bear_quiet,5,0.010130779149014552,0.022840302081414625,0.44354838709677424,-0.0315,-0.031542918454935676,sl,0,A2a
2026-05-13,KRW-AVAX,bear_quiet,5,0.010130779149014552,0.022840302081414625,0.44354838709677424,-0.0069869684499314615,-0.0069869684499314615,eod,0,A2a
2026-05-13,KRW-HBAR,bear_quiet,5,0.010130779149014552,0.022840302081414625,0.44354838709677424,-0.0015,-0.0015,eod,0,A2a
2026-05-14,KRW-BTC,bear_quiet,5,0.0024866457911217536,0.022840302081414625,0.10887096774193548,0.015419239058496017,0.015419239058496017,eod,0,A2a
2026-05-14,KRW-ETH,bear_quiet,5,0.0024866457911217536,0.022840302081414625,0.10887096774193548,0.003865126676602161,0.003865126676602161,eod,0,A2a
2026-05-14,KRW-TRX,bear_quiet,5,0.0024866457911217536,0.022840302081414625,0.10887096774193548,0.004269230769230749,0.004269230769230749,eod,0,A2a
2026-05-15,KRW-XRP,bear_quiet,5,0.010130779149014552,0.022840302081414625,0.44354838709677424,-0.0315,-0.02884731084776665,sl,0,A2a
2026-05-15,KRW-BTC,bear_quiet,5,0.0024866457911217536,0.022840302081414625,0.10887096774193548,-0.01876338976545483,-0.01876338976545483,eod,0,A2a
2026-05-15,KRW-ETH,bear_quiet,5,0.0024866457911217536,0.022840302081414625,0.10887096774193548,-0.02105555555555555,-0.02105555555555555,eod,0,A2a
2026-05-16,KRW-BTC,bear_quiet,5,0.0024866457911217536,0.022840302081414625,0.10887096774193548,-0.010720345890323722,-0.010720345890323722,eod,0,A2a
2026-05-16,KRW-ETH,bear_quiet,5,0.0024866457911217536,0.022840302081414625,0.10887096774193548,-0.017516923541855578,-0.017516923541855578,eod,0,A2a
2026-05-16,KRW-TRX,bear_quiet,5,0.0024866457911217536,0.022840302081414625,0.10887096774193548,0.009950381679389388,0.009950381679389388,eod,0,A2a
2026-05-17,KRW-BTC,bear_quiet,5,0.0024866457911217536,0.022840302081414625,0.10887096774193548,-0.011885070176340494,-0.011885070176340494,eod,0,A2a
2026-05-17,KRW-ETH,bear_quiet,5,0.0024866457911217536,0.022840302081414625,0.10887096774193548,-0.0315,-0.02575544980042982,sl,0,A2a
2026-05-17,KRW-TRX,bear_quiet,5,0.0024866457911217536,0.022840302081414625,0.10887096774193548,0.00038679245283029925,0.00038679245283029925,eod,0,A2a
2026-05-18,KRW-TRX,bear_quiet,5,0.0024866457911217536,0.022840302081414625,0.10887096774193548,-0.005273584905660376,-0.005273584905660376,eod,0,A2a
2026-05-18,KRW-BTC,bear_quiet,5,0.0024866457911217536,0.06806041628292503,0.036535859269282815,-0.011595762550435538,-0.011595762550435538,eod,0,A2a
2026-05-18,KRW-ETH,bear_quiet,5,0.0024866457911217536,0.06806041628292503,0.036535859269282815,-0.006849276274386416,-0.006849276274386416,eod,0,A2a
2026-05-19,KRW-BTC,bear_quiet,5,0.0024866457911217536,0.022840302081414625,0.10887096774193548,-0.0004243550502842073,-0.0004243550502842073,eod,0,A2a
2026-05-19,KRW-BTT,bear_quiet,5,0.0024866457911217536,0.022840302081414625,0.10887096774193548,-0.0056666666666666515,-0.0056666666666666515,eod,0,A2a
2026-05-19,KRW-TRX,bear_quiet,5,0.0024866457911217536,0.022840302081414625,0.10887096774193548,0.000390359168241984,0.000390359168241984,eod,0,A2a
2026-05-20,KRW-BTC,bear_quiet,5,0.0024866457911217536,0.022840302081414625,0.10887096774193548,0.002658185773064371,0.002658185773064371,eod,0,A2a
2026-05-20,KRW-ETH,bear_quiet,5,0.0024866457911217536,0.022840302081414625,0.10887096774193548,0.0016796502384737746,0.0016796502384737746,eod,0,A2a
2026-05-20,KRW-TRX,bear_quiet,5,0.0024866457911217536,0.022840302081414625,0.10887096774193548,0.000379699248120259,0.000379699248120259,eod,0,A2a
2026-05-21,KRW-BTC,bear_quiet,5,0.0024866457911217536,0.022840302081414625,0.10887096774193548,0.0003268971456907312,0.0003268971456907312,eod,0,A2a
2026-05-21,KRW-ETH,bear_quiet,5,0.0024866457911217536,0.022840302081414625,0.10887096774193548,0.0010348542458809575,0.0010348542458809575,eod,0,A2a
2026-05-21,KRW-TRX,bear_quiet,5,0.0024866457911217536,0.022840302081414625,0.10887096774193548,0.015385553470919357,0.015385553470919357,eod,0,A2a
2026-05-22,KRW-AXS,bear_quiet,5,0.025511143857063916,0.022840302081414625,1.1169354838709677,-0.0315,-0.035094624860022405,sl,0,A2a
2026-05-22,KRW-SAND,bear_quiet,5,0.015473887814313346,0.022840302081414625,0.6774817495476384,-0.0315,-0.03819724770642202,sl,0,A2a
2026-05-22,KRW-ENSO,bear_quiet,5,0.015473887814313346,0.022840302081414625,0.6774817495476384,-0.0315,-0.02811290322580645,sl,0,A2a
2026-05-23,KRW-TRX,bear_quiet,5,0.0024866457911217536,0.022840302081414625,0.10887096774193548,-0.0033382352941176406,-0.0033382352941176406,eod,0,A2a
2026-05-23,KRW-POL,bear_quiet,5,0.0024866457911217536,0.022840302081414625,0.10887096774193548,0.013314814814814837,0.013314814814814837,eod,0,A2a
2026-05-23,KRW-SHIB,bear_quiet,5,0.0024866457911217536,0.022840302081414625,0.10887096774193548,0.0008584905660378741,0.0008584905660378741,eod,0,A2a
2026-05-24,KRW-ENSO,bear_quiet,5,0.025511143857063916,0.022840302081414625,1.1169354838709677,-0.0315,-0.027141025641025662,sl,0,A2a
2026-05-24,KRW-ONG,bear_quiet,5,0.025511143857063916,0.022840302081414625,1.1169354838709677,-0.0315,-0.044637254901960854,sl,0,A2a
2026-05-24,KRW-WAVES,bear_quiet,5,0.025511143857063916,0.022840302081414625,1.1169354838709677,0.0485,0.07850000000000007,tp,0,A2a
2026-05-25,KRW-AAVE,bear_quiet,5,0.0024866457911217536,0.022840302081414625,0.10887096774193548,-0.0007205767731878741,-0.0007205767731878741,eod,0,A2a
2026-05-25,KRW-ADA,bear_quiet,5,0.0024866457911217536,0.022840302081414625,0.10887096774193548,-0.0015,-0.0015,eod,0,A2a
2026-05-25,KRW-BTC,bear_quiet,5,0.0024866457911217536,0.022840302081414625,0.10887096774193548,-0.005746799733058304,-0.005746799733058304,eod,0,A2a
2026-05-26,KRW-BCH,bear_quiet,5,0.010130779149014552,0.022840302081414625,0.44354838709677424,-0.02919818529130852,-0.02919818529130852,eod,0,A2a
2026-05-26,KRW-SAND,bear_quiet,5,0.010130779149014552,0.022840302081414625,0.44354838709677424,-0.020367924528301884,-0.020367924528301884,eod,0,A2a
2026-05-26,KRW-AAVE,bear_quiet,5,0.0024866457911217536,0.022840302081414625,0.10887096774193548,-0.013182242990654234,-0.013182242990654234,eod,0,A2a
2026-05-27,KRW-TRX,bear_quiet,5,0.0024866457911217536,0.022840302081414625,0.10887096774193548,-0.030225314183123853,-0.030225314183123853,eod,0,A2a
2026-05-27,KRW-AAVE,bear_quiet,5,0.0024866457911217536,0.022840302081414625,0.10887096774193548,-0.0315,-0.03459692671394804,sl,0,A2a
2026-05-27,KRW-POL,bear_quiet,5,0.010130779149014552,0.06806041628292503,0.14884979702300408,-0.0235588235294118,-0.0235588235294118,eod,0,A2a
2026-05-28,KRW-TRX,bear_quiet,5,0.0024866457911217536,0.022840302081414625,0.10887096774193548,-0.0315,-0.0384685767097967,sl,0,A2a
2026-05-28,KRW-BTC,bear_quiet,5,0.0024866457911217536,0.1161462650824353,0.02140960614925367,-0.011395115427799416,-0.011395115427799416,eod,0,A2a
2026-05-28,KRW-WLFI,bear_quiet,5,0.07321790384969608,0.14523853379996315,0.5041217501585289,-0.006118937644341736,-0.006118937644341736,eod,0,A2a
2026-05-29,KRW-BTT,bear_quiet,5,0.010130779149014552,0.022840302081414625,0.44354838709677424,-0.0015,-0.0015,eod,0,A2a
2026-05-29,KRW-BTC,bear_quiet,5,0.0024866457911217536,0.022840302081414625,0.10887096774193548,0.0014593708801594065,0.0014593708801594065,eod,0,A2a
2026-05-29,KRW-XRP,bear_quiet,5,0.0024866457911217536,0.022840302081414625,0.10887096774193548,0.015011867905056655,0.015011867905056655,eod,0,A2a
2026-05-30,KRW-AAVE,bear_quiet,5,0.010130779149014552,0.022840302081414625,0.44354838709677424,0.0009529844644316512,0.0009529844644316512,eod,0,A2a
2026-05-30,KRW-BTC,bear_quiet,5,0.0024866457911217536,0.022840302081414625,0.10887096774193548,0.004097940987223105,0.004097940987223105,eod,0,A2a
2026-05-30,KRW-XRP,bear_quiet,5,0.0024866457911217536,0.022840302081414625,0.10887096774193548,0.006621827411167404,0.006621827411167404,eod,0,A2a
2026-05-31,KRW-BTC,bear_quiet,5,0.0024866457911217536,0.022840302081414625,0.10887096774193548,-0.010220372215468175,-0.010220372215468175,eod,0,A2a
2026-05-31,KRW-TRX,bear_quiet,5,0.0024866457911217536,0.022840302081414625,0.10887096774193548,-0.0015,-0.0015,eod,0,A2a
2026-05-31,KRW-XRP,bear_quiet,5,0.0024866457911217536,0.022840302081414625,0.10887096774193548,-0.012583123425692731,-0.012583123425692731,eod,0,A2a
2026-06-01,KRW-LAYER,bear_quiet,5,0.015473887814313346,0.022840302081414625,0.6774817495476384,-0.0015,-0.0015,eod,0,A2a
2026-06-01,KRW-BTC,bear_quiet,5,0.0024866457911217536,0.022840302081414625,0.10887096774193548,-0.0010297155239983855,-0.0010297155239983855,eod,0,A2a
2026-06-01,KRW-DOGE,bear_quiet,5,0.0024866457911217536,0.022840302081414625,0.10887096774193548,-0.0015,-0.0015,eod,0,A2a
2024-04-03,KRW-BTC,bull_volatile,0,0.0,0.15482652820391787,0.0,0.0031745026183461213,0.0031745026183461213,eod,0,A2b
2024-04-04,KRW-BTC,bull_volatile,0,0.0,0.0066068900424728644,0.0,0.028126328988000326,0.028126328988000326,eod,0,A2b
2024-04-05,KRW-BTC,bull_volatile,0,0.0,0.0066068900424728644,0.0,-0.012068656041027746,-0.012068656041027746,eod,0,A2b
2024-04-06,KRW-BTC,bull_volatile,0,0.0,0.0219443133553563,0.0,0.004984728363063575,0.004984728363063575,eod,0,A2b
2024-04-07,KRW-BTC,bull_volatile,0,0.0,0.0066068900424728644,0.0,0.002227272727272801,0.002227272727272801,eod,0,A2b
2024-04-08,KRW-BTC,bull_volatile,0,0.0,0.0066068900424728644,0.0,0.025993483883303636,0.025993483883303636,eod,0,A2b
2024-04-09,KRW-BTC,bull_volatile,0,0.0,0.0066068900424728644,0.0,-0.0315,-0.02795761881430675,sl,0,A2b
2024-04-10,KRW-BTC,bull_volatile,0,0.0,0.0066068900424728644,0.0,0.010480806566809888,0.010480806566809888,eod,0,A2b
2024-04-11,KRW-BTC,bull_volatile,0,0.0,0.0066068900424728644,0.0,-0.002096415542589046,-0.002096415542589046,eod,0,A2b
2024-04-12,KRW-BTC,bull_volatile,0,0.0,0.0066068900424728644,0.0,-0.009118706610172831,-0.009118706610172831,eod,0,A2b
2024-04-13,KRW-BTC,bull_volatile,0,0.0,0.0066068900424728644,0.0,-0.0315,-0.026548923679060643,sl,0,A2b
2024-04-14,KRW-BTC,bull_volatile,0,0.0,0.0219443133553563,0.0,0.017162519440124424,0.017162519440124424,eod,0,A2b
2024-04-15,KRW-BTC,bull_volatile,0,0.0,0.0066068900424728644,0.0,-0.0315,-0.025799764482315968,sl,0,A2b
2024-04-16,KRW-BTC,bull_volatile,0,0.0,0.0370545197073401,0.0,-0.0315,-0.011165388998238877,sl,0,A2b
2024-04-17,KRW-BTC,bull_volatile,0,0.0,0.0219443133553563,0.0,-0.0315,-0.04520430034415307,sl,0,A2b
2024-04-18,KRW-BTC,bull_volatile,0,0.0,0.15482652820391787,0.0,0.01946479620293312,0.01946479620293312,eod,0,A2b
2024-04-19,KRW-BTC,bull_volatile,0,0.0,0.0219443133553563,0.0,-0.0315,-0.001521415110502021,sl,0,A2b
2024-04-20,KRW-BTC,bull_volatile,0,0.0,0.0370545197073401,0.0,0.013651515151515138,0.013651515151515138,eod,0,A2b
2024-04-21,KRW-BTC,bull_quiet,0,0.0,0.0066068900424728644,0.0,-0.0012047659215521076,-0.0012047659215521076,eod,0,A2b
2024-04-22,KRW-BTC,bull_quiet,0,0.0,0.0066068900424728644,0.0,0.02253304148096641,0.02253304148096641,eod,0,A2b
2024-04-23,KRW-BTC,bull_quiet,0,0.0,0.0066068900424728644,0.0,-0.013779023848455916,-0.013779023848455916,eod,0,A2b
2024-04-24,KRW-BTC,bull_quiet,0,0.0,0.0066068900424728644,0.0,-0.0315,-0.027907552747447217,sl,0,A2b
2024-04-25,KRW-BTC,bull_quiet,0,0.0,0.0066068900424728644,0.0,-0.00978699743370398,-0.00978699743370398,eod,0,A2b
2024-04-26,KRW-BTC,bull_quiet,0,0.0,0.0066068900424728644,0.0,-0.01023211802373841,-0.01023211802373841,eod,0,A2b
2024-04-27,KRW-BTC,bull_quiet,0,0.0,0.0066068900424728644,0.0,-0.006458947311184847,-0.006458947311184847,eod,0,A2b
2024-04-28,KRW-BTC,bull_quiet,0,0.0,0.0066068900424728644,0.0,-0.012090279675187663,-0.012090279675187663,eod,0,A2b
2024-04-29,KRW-BTC,bull_quiet,0,0.0,0.0370545197073401,0.0,0.008076618470612975,0.008076618470612975,eod,0,A2b
2024-04-30,KRW-BTC,bull_quiet,0,0.0,0.0219443133553563,0.0,-0.0315,-0.048141137855579885,sl,0,A2b
2024-05-01,KRW-BTC,bull_quiet,0,0.0,0.2846353552041539,0.0,-0.0315,-0.043415274463007136,sl,0,A2b
2024-05-02,KRW-BTC,bull_volatile,0,0.0011798017932987258,0.19395941481831053,0.006082725060827251,-0.0315,-0.006541976550617333,sl,0,A2b
2024-05-03,KRW-BTC,bull_quiet,0,0.0,0.06347333647947145,0.0,0.0485,0.07305232502166176,tp,0,A2b
2024-05-04,KRW-BTC,bull_volatile,0,0.0,0.0066068900424728644,0.0,0.009833729043240704,0.009833729043240704,eod,0,A2b
2024-05-05,KRW-BTC,bull_volatile,0,0.0,0.0066068900424728644,0.0,-0.004179866671096209,-0.004179866671096209,eod,0,A2b
2024-05-06,KRW-BTC,bull_volatile,0,0.0011798017932987258,0.0066068900424728644,0.17857142857142858,-0.015884017758046654,-0.015884017758046654,eod,0,A2b
2024-05-07,KRW-BTC,bull_volatile,0,0.0011798017932987258,0.0066068900424728644,0.17857142857142858,-0.01484760081099351,-0.01484760081099351,eod,0,A2b
2024-05-08,KRW-BTC,bull_volatile,0,0.0011798017932987258,0.0066068900424728644,0.17857142857142858,-0.021170072492722236,-0.021170072492722236,eod,0,A2b
2024-05-09,KRW-BTC,bull_volatile,0,0.0011798017932987258,0.0066068900424728644,0.17857142857142858,0.024631917272219195,0.024631917272219195,eod,0,A2b
2024-05-10,KRW-BTC,bull_volatile,0,0.003540240736370073,0.0066068900424728644,0.5358407228834418,-0.0315,-0.02730689091651911,sl,0,A2b
2024-05-11,KRW-BTC,bull_volatile,0,0.0,0.06347333647947145,0.0,-0.0020941147689941806,-0.0020941147689941806,eod,0,A2b
2024-05-12,KRW-BTC,bull_volatile,0,0.0,0.0370545197073401,0.0,0.00700905106596267,0.00700905106596267,eod,0,A2b
2024-05-13,KRW-BTC,bull_volatile,0,0.0,0.0370545197073401,0.0,0.01476194796638969,0.01476194796638969,eod,0,A2b
2024-05-14,KRW-BTC,bull_volatile,0,0.0011798017932987258,0.0219443133553563,0.053763440860215055,-0.017807685309436605,-0.017807685309436605,eod,0,A2b
2024-05-15,KRW-BTC,bull_volatile,0,0.0,0.0219443133553563,0.0,0.0485,0.06307167953400211,tp,0,A2b
2024-05-16,KRW-BTC,bull_volatile,0,0.03469435921642672,0.1149126946672959,0.3019192902653315,-0.015732827783869474,-0.015732827783869474,eod,0,A2b
2024-05-17,KRW-BTC,bull_volatile,0,0.003540240736370073,0.0370545197073401,0.09554140127388536,0.01839233699182069,0.01839233699182069,eod,0,A2b
2024-05-18,KRW-BTC,bull_volatile,0,0.0,0.0219443133553563,0.0,0.0031852059763364817,0.0031852059763364817,eod,0,A2b
2024-05-19,KRW-BTC,bull_volatile,0,0.0,0.0066068900424728644,0.0,-0.010966400189113155,-0.010966400189113155,eod,0,A2b
2024-05-20,KRW-BTC,bull_volatile,0,0.0,0.0066068900424728644,0.0,0.0485,0.05355234040245166,tp,0,A2b
2024-05-21,KRW-BTC,bull_volatile,0,0.003540240736370073,0.0370545197073401,0.09554140127388536,-0.007257762697923052,-0.007257762697923052,eod,0,A2b
2024-05-22,KRW-BTC,bull_volatile,0,0.0011798017932987258,0.0370545197073401,0.03183961909685797,-0.014899919352337197,-0.014899919352337197,eod,0,A2b
2024-05-23,KRW-BTC,bull_volatile,0,0.0011798017932987258,0.0066068900424728644,0.17857142857142858,-0.006960014043030314,-0.006960014043030314,eod,0,A2b
2024-05-24,KRW-BTC,bull_volatile,0,0.0011798017932987258,0.0066068900424728644,0.17857142857142858,0.001840463871355226,0.001840463871355226,eod,0,A2b
2024-05-25,KRW-BTC,bull_volatile,0,0.0,0.0066068900424728644,0.0,0.009275726258743568,0.009275726258743568,eod,0,A2b
2024-05-26,KRW-BTC,bull_volatile,0,0.0,0.0066068900424728644,0.0,-0.00804613466334164,-0.00804613466334164,eod,0,A2b
2024-05-27,KRW-BTC,bull_volatile,0,0.0,0.0066068900424728644,0.0,0.0028499173933956303,0.0028499173933956303,eod,0,A2b
2024-05-28,KRW-BTC,bull_volatile,0,0.0,0.0066068900424728644,0.0,-0.016596304008328955,-0.016596304008328955,eod,0,A2b
2024-05-29,KRW-BTC,bull_volatile,0,0.0,0.0219443133553563,0.0,-0.009360206647368306,-0.009360206647368306,eod,0,A2b
2024-05-30,KRW-BTC,bull_volatile,0,0.0,0.0219443133553563,0.0,0.009499893515067694,0.009499893515067694,eod,0,A2b
2024-05-31,KRW-BTC,bull_volatile,0,0.0,0.0219443133553563,0.0,-0.006710526315789443,-0.006710526315789443,eod,0,A2b
2024-06-01,KRW-BTC,bull_volatile,0,0.0,0.0219443133553563,0.0,0.0007856175399983414,0.0007856175399983414,eod,0,A2b
2024-06-02,KRW-BTC,bull_volatile,0,0.0,0.0219443133553563,0.0,0.001011555264768539,0.001011555264768539,eod,0,A2b
2024-06-03,KRW-BTC,bull_quiet,0,0.0,0.0219443133553563,0.0,0.008963157894736952,0.008963157894736952,eod,0,A2b
2024-06-04,KRW-BTC,bull_quiet,0,0.0,0.0066068900424728644,0.0,0.014188480530033023,0.014188480530033023,eod,0,A2b
2024-06-05,KRW-BTC,bull_quiet,0,0.0,0.0066068900424728644,0.0,0.007680428761924376,0.007680428761924376,eod,0,A2b
2024-06-06,KRW-BTC,bull_quiet,0,0.0,0.0066068900424728644,0.0,-0.0020183717030035062,-0.0020183717030035062,eod,0,A2b
2024-06-07,KRW-BTC,bull_quiet,0,0.0,0.0066068900424728644,0.0,-0.005588648406749273,-0.005588648406749273,eod,0,A2b
2024-06-08,KRW-BTC,bull_quiet,0,0.0,0.0066068900424728644,0.0,0.0006037796546123921,0.0006037796546123921,eod,0,A2b
2024-06-09,KRW-BTC,bull_quiet,0,0.0,0.0066068900424728644,0.0,-0.003069234845165468,-0.003069234845165468,eod,0,A2b
2024-06-10,KRW-BTC,bull_quiet,0,0.0,0.0066068900424728644,0.0,-0.008715537389138937,-0.008715537389138937,eod,0,A2b
2024-06-11,KRW-BTC,bull_quiet,0,0.0,0.0066068900424728644,0.0,-0.0315,-0.02154543632233058,sl,0,A2b
2024-06-12,KRW-BTC,bull_quiet,0,0.0,0.0066068900424728644,0.0,0.004846442320804835,0.004846442320804835,eod,0,A2b
2024-06-13,KRW-BTC,bull_quiet,0,0.0,0.0066068900424728644,0.0,-0.015259459628494563,-0.015259459628494563,eod,0,A2b
2024-06-14,KRW-BTC,bull_quiet,0,0.0,0.0219443133553563,0.0,-0.00822204959096967,-0.00822204959096967,eod,0,A2b
2024-06-15,KRW-BTC,bull_quiet,0,0.0,0.0066068900424728644,0.0,-0.002234206578065333,-0.002234206578065333,eod,0,A2b
2024-06-16,KRW-BTC,bull_quiet,0,0.0,0.0219443133553563,0.0,0.0017583348418215862,0.0017583348418215862,eod,0,A2b
2024-06-17,KRW-BTC,bull_quiet,0,0.0,0.0066068900424728644,0.0,-0.008197162992602368,-0.008197162992602368,eod,0,A2b
2024-06-18,KRW-BTC,bull_quiet,0,0.0,0.0066068900424728644,0.0,-0.0315,-0.022228931818910336,sl,0,A2b
2024-06-19,KRW-BTC,bull_quiet,0,0.0,0.0066068900424728644,0.0,-0.0025256522166089966,-0.0025256522166089966,eod,0,A2b
2024-06-20,KRW-BTC,bull_quiet,0,0.0,0.0219443133553563,0.0,0.001023238921233517,0.001023238921233517,eod,0,A2b
2024-06-21,KRW-BTC,bull_quiet,0,0.0,0.0066068900424728644,0.0,-0.01752763159328391,-0.01752763159328391,eod,0,A2b
2024-06-22,KRW-BTC,bull_quiet,0,0.0,0.0066068900424728644,0.0,0.004767440315365303,0.004767440315365303,eod,0,A2b
2024-06-23,KRW-BTC,bull_quiet,0,0.0,0.0066068900424728644,0.0,-0.021615764685168515,-0.021615764685168515,eod,0,A2b
2024-06-24,KRW-BTC,bull_quiet,0,0.0,0.40608777725342143,0.0,-0.0315,-0.041948933782267106,sl,0,A2b
2024-06-25,KRW-BTC,bull_quiet,0,0.0011798017932987258,0.06347333647947145,0.018587360594795536,0.021366834317796457,0.021366834317796457,eod,0,A2b
2024-06-26,KRW-BTC,bull_quiet,0,0.0,0.0066068900424728644,0.0,-0.017918371196963323,-0.017918371196963323,eod,0,A2b
2024-06-27,KRW-BTC,bull_quiet,0,0.0,0.0066068900424728644,0.0,0.007699461041676349,0.007699461041676349,eod,0,A2b
2024-06-28,KRW-BTC,bull_quiet,0,0.0,0.0066068900424728644,0.0,-0.021264028776978472,-0.021264028776978472,eod,0,A2b
2024-06-29,KRW-BTC,bull_quiet,0,0.0,0.0066068900424728644,0.0,0.005639753631527635,0.005639753631527635,eod,0,A2b
2024-06-30,KRW-BTC,bull_quiet,0,0.0,0.0066068900424728644,0.0,0.023626799976680435,0.023626799976680435,eod,0,A2b
2024-07-01,KRW-BTC,bull_quiet,0,0.0,0.0066068900424728644,0.0,0.0022875341219291147,0.0022875341219291147,eod,0,A2b
2024-07-02,KRW-BTC,bull_quiet,0,0.0,0.0066068900424728644,0.0,-0.012954922444170012,-0.012954922444170012,eod,0,A2b
2024-07-03,KRW-BTC,bull_quiet,0,0.0,0.0066068900424728644,0.0,-0.0315,-0.02371840265841646,sl,0,A2b
2024-07-04,KRW-BTC,bull_quiet,0,0.0,0.0219443133553563,0.0,-0.0315,-0.04428632618860667,sl,0,A2b
2024-07-05,KRW-BTC,bear_quiet,0,0.009910335063709298,0.40608777725342143,0.02440441603718768,-0.0315,-0.008380509304603377,sl,0,A2b
2024-07-06,KRW-BTC,bear_quiet,0,0.009910335063709298,0.06347333647947145,0.15613382899628253,0.019555745950343983,0.019555745950343983,eod,0,A2b
2024-07-07,KRW-BTC,bull_quiet,0,0.0,0.0066068900424728644,0.0,-0.0315,-0.04317773083886539,sl,0,A2b
2024-07-08,KRW-BTC,bear_quiet,0,0.0,0.0370545197073401,0.0,0.012820440318903671,0.012820440318903671,eod,0,A2b
2024-07-09,KRW-BTC,bear_quiet,0,0.0,0.0066068900424728644,0.0,0.017680362488975032,0.017680362488975032,eod,0,A2b
2024-07-10,KRW-BTC,bear_quiet,0,0.0,0.0066068900424728644,0.0,-0.0032917433540948214,-0.0032917433540948214,eod,0,A2b
2024-07-11,KRW-BTC,bear_quiet,0,0.0,0.0066068900424728644,0.0,-0.011948453482410968,-0.011948453482410968,eod,0,A2b
2024-07-12,KRW-BTC,bear_quiet,0,0.0,0.0066068900424728644,0.0,0.004297458986061433,0.004297458986061433,eod,0,A2b
2024-07-13,KRW-BTC,bear_quiet,0,0.0,0.0066068900424728644,0.0,0.015091455339186823,0.015091455339186823,eod,0,A2b
2024-07-14,KRW-BTC,bear_quiet,0,0.0,0.0066068900424728644,0.0,0.02900626651065724,0.02900626651065724,eod,0,A2b
2024-07-15,KRW-BTC,bull_quiet,0,0.0,0.0066068900424728644,0.0,0.0485,0.06559586796207412,tp,0,A2b
2024-07-16,KRW-BTC,bull_volatile,0,0.003540240736370073,0.0219443133553563,0.1613283896853373,-0.0315,-0.005394166428994538,sl,0,A2b
2024-07-17,KRW-BTC,bull_volatile,0,0.0011798017932987258,0.0219443133553563,0.053763440860215055,-0.016451830443159954,-0.016451830443159954,eod,0,A2b
2024-07-18,KRW-BTC,bull_volatile,0,0.003540240736370073,0.0066068900424728644,0.5358407228834418,0.0028145846373959795,0.0028145846373959795,eod,0,A2b
2024-07-19,KRW-BTC,bull_volatile,0,0.003540240736370073,0.0066068900424728644,0.5358407228834418,0.03360294936004454,0.03360294936004454,eod,0,A2b
2024-07-20,KRW-BTC,bull_volatile,0,0.022888154789995282,0.0066068900424728644,3.4642857142857144,0.009908111479076278,0.009908111479076278,eod,0,A2b
2024-07-21,KRW-BTC,bull_volatile,0,0.003540240736370073,0.0066068900424728644,0.5358407228834418,0.008354049514738561,0.008354049514738561,eod,0,A2b
2024-07-22,KRW-BTC,bull_volatile,0,0.0011798017932987258,0.0219443133553563,0.053763440860215055,-0.008268421052631534,-0.008268421052631534,eod,0,A2b
2024-07-23,KRW-BTC,bull_volatile,0,0.0011798017932987258,0.0066068900424728644,0.17857142857142858,-0.02328524458020448,-0.02328524458020448,eod,0,A2b
2024-07-24,KRW-BTC,bull_volatile,0,0.0,0.0066068900424728644,0.0,-0.009339607911172774,-0.009339607911172774,eod,0,A2b
2024-07-25,KRW-BTC,bull_quiet,0,0.0,0.0066068900424728644,0.0,0.009035403984655912,0.009035403984655912,eod,0,A2b
2024-07-26,KRW-BTC,bull_quiet,0,0.0011798017932987258,0.0066068900424728644,0.17857142857142858,0.022852527710191917,0.022852527710191917,eod,0,A2b
2024-07-27,KRW-BTC,bull_quiet,0,0.0011798017932987258,0.0066068900424728644,0.17857142857142858,-0.005166564524139048,-0.005166564524139048,eod,0,A2b
2024-07-28,KRW-BTC,bull_quiet,0,0.0011798017932987258,0.0066068900424728644,0.17857142857142858,0.009333041837589264,0.009333041837589264,eod,0,A2b
2024-07-29,KRW-BTC,bull_quiet,0,0.0011798017932987258,0.0066068900424728644,0.17857142857142858,-0.01979850151526269,-0.01979850151526269,eod,0,A2b
2024-07-30,KRW-BTC,bull_quiet,0,0.0,0.0066068900424728644,0.0,-0.010228166230436373,-0.010228166230436373,eod,0,A2b
2024-07-31,KRW-BTC,bull_quiet,0,0.0,0.0066068900424728644,0.0,-0.02784982217911408,-0.02784982217911408,eod,0,A2b
2024-08-01,KRW-BTC,bull_volatile,0,0.0,0.0066068900424728644,0.0,0.014471930135257884,0.014471930135257884,eod,0,A2b
2024-08-02,KRW-BTC,bull_volatile,0,0.0,0.0066068900424728644,0.0,-0.0315,-0.05704042423384065,sl,0,A2b
2024-08-03,KRW-BTC,bull_volatile,0,0.0,0.40608777725342143,0.0,-0.009966853537276053,-0.009966853537276053,eod,0,A2b
2024-08-04,KRW-BTC,bear_volatile,0,0.0,0.0370545197073401,0.0,-0.0315,-0.049002152314028435,sl,0,A2b
2024-08-05,KRW-BTC,bear_volatile,0,0.0,0.40608777725342143,0.0,-0.0315,-0.0508214935691515,sl,0,A2b
2024-08-06,KRW-BTC,bear_volatile,0,0.003540240736370073,0.19395941481831053,0.018252482044691445,0.0485,0.029842400946185788,tp,0,A2b
2024-08-07,KRW-BTC,bear_volatile,0,0.0,0.06347333647947145,0.0,-0.0236789786193648,-0.0236789786193648,eod,0,A2b
2024-08-13,KRW-BTC,bear_volatile,1,0.0003598416696653472,0.010255487585462396,0.03508771929824561,0.015241379931976886,0.015241379931976886,eod,0,A2b
2024-08-14,KRW-BTC,bear_volatile,1,0.0003598416696653472,0.010255487585462396,0.03508771929824561,-0.026681174412143738,-0.026681174412143738,eod,0,A2b
2024-08-15,KRW-BTC,bear_volatile,1,0.0003598416696653472,0.010255487585462396,0.03508771929824561,-0.0315,-0.01891872877244055,sl,0,A2b
2024-08-16,KRW-BTC,bear_volatile,1,0.0003598416696653472,0.1297229219143577,0.002773925104022191,0.012874907457677333,0.012874907457677333,eod,0,A2b
2024-08-17,KRW-BTC,bear_volatile,1,0.0021590500179920835,0.1297229219143577,0.016643550624133148,0.006579333211656659,0.006579333211656659,eod,0,A2b
2024-08-18,KRW-BTC,bear_volatile,1,0.0003598416696653472,0.05938456001439626,0.0060595156313040435,-0.017450060974873505,-0.017450060974873505,eod,0,A2b
2024-08-19,KRW-BTC,bear_volatile,1,0.0003598416696653472,0.05938456001439626,0.0060595156313040435,0.0007085889570551131,0.0007085889570551131,eod,0,A2b
2024-08-20,KRW-BTC,bear_volatile,1,0.0003598416696653472,0.0327455919395466,0.010989010989010988,-0.012849445383089684,-0.012849445383089684,eod,0,A2b
2024-08-21,KRW-BTC,bear_volatile,1,0.0003598416696653472,0.0327455919395466,0.010989010989010988,0.02511267352726293,0.02511267352726293,eod,0,A2b
2024-08-22,KRW-BTC,bear_volatile,1,0.0021590500179920835,0.05938456001439626,0.036357093787824264,-0.012320265379975824,-0.012320265379975824,eod,0,A2b
2024-08-23,KRW-BTC,bear_volatile,1,0.0003598416696653472,0.010255487585462396,0.03508771929824561,0.0485,0.04224969516656102,tp,0,A2b
2024-08-24,KRW-BTC,bear_volatile,1,0.005398596364945114,0.010255487585462396,0.5264105016906131,0.0004509345794392896,0.0004509345794392896,eod,0,A2b
2024-08-25,KRW-BTC,bear_volatile,1,0.0021590500179920835,0.010255487585462396,0.2105263157894737,0.003709365203305172,0.003709365203305172,eod,0,A2b
2024-08-26,KRW-BTC,bear_volatile,1,0.0003598416696653472,0.010255487585462396,0.03508771929824561,-0.022743042671614144,-0.022743042671614144,eod,0,A2b
2024-08-27,KRW-BTC,bear_volatile,1,0.0003598416696653472,0.010255487585462396,0.03508771929824561,-0.0315,-0.04246768078855084,sl,0,A2b
2024-08-28,KRW-BTC,bear_volatile,1,0.0003598416696653472,0.1297229219143577,0.002773925104022191,-0.006169722163885059,-0.006169722163885059,eod,0,A2b
2024-08-29,KRW-BTC,bear_volatile,1,0.0003598416696653472,0.0327455919395466,0.010989010989010988,0.0006335185690540825,0.0006335185690540825,eod,0,A2b
2024-08-30,KRW-BTC,bear_volatile,1,0.0003598416696653472,0.0327455919395466,0.010989010989010988,-0.005289708341073727,-0.005289708341073727,eod,0,A2b
2024-08-31,KRW-BTC,bear_volatile,1,0.0003598416696653472,0.010255487585462396,0.03508771929824561,-0.003700425166896669,-0.003700425166896669,eod,0,A2b
2024-09-01,KRW-BTC,bear_volatile,1,0.0003598416696653472,0.010255487585462396,0.03508771929824561,-0.026394146948941433,-0.026394146948941433,eod,0,A2b
2024-09-02,KRW-BTC,bear_volatile,1,0.0003598416696653472,0.4100395825836632,0.000877577885037297,0.022790257078272813,0.022790257078272813,eod,0,A2b
2024-09-03,KRW-BTC,bear_volatile,1,0.0003598416696653472,0.010255487585462396,0.03508771929824561,-0.02611151195683331,-0.02611151195683331,eod,0,A2b
2024-09-04,KRW-BTC,bear_volatile,1,0.0003598416696653472,0.28900485873672843,0.0012451059516378174,0.004492078701929194,0.004492078701929194,eod,0,A2b
2024-09-05,KRW-BTC,bear_volatile,1,0.0003598416696653472,0.010255487585462396,0.03508771929824561,-0.0315,-0.03209474974282117,sl,0,A2b
2024-09-06,KRW-BTC,bear_volatile,1,0.0003598416696653472,0.22741993522849946,0.0015822784810126582,-0.0315,-0.036689309576837414,sl,0,A2b
2024-09-07,KRW-BTC,bear_volatile,1,0.0003598416696653472,0.1297229219143577,0.002773925104022191,-0.001554315354950818,-0.001554315354950818,eod,0,A2b
2024-09-08,KRW-BTC,bear_quiet,1,0.0003598416696653472,0.010255487585462396,0.03508771929824561,0.009322922324823514,0.009322922324823514,eod,0,A2b
2024-09-09,KRW-BTC,bear_quiet,1,0.0003598416696653472,0.010255487585462396,0.03508771929824561,0.0485,0.036598308682276814,tp,0,A2b
2024-09-10,KRW-BTC,bear_quiet,1,0.0003598416696653472,0.010255487585462396,0.03508771929824561,0.009033807829181452,0.009033807829181452,eod,0,A2b
2024-09-11,KRW-BTC,bear_quiet,1,0.0003598416696653472,0.010255487585462396,0.03508771929824561,-0.0315,-0.01161640265843694,sl,0,A2b
2024-09-12,KRW-BTC,bear_quiet,1,0.0003598416696653472,0.010255487585462396,0.03508771929824561,0.010237180232933797,0.010237180232933797,eod,0,A2b
2024-09-13,KRW-BTC,bear_quiet,1,0.0003598416696653472,0.010255487585462396,0.03508771929824561,0.032498134638234755,0.032498134638234755,eod,0,A2b
2024-09-14,KRW-BTC,bear_quiet,1,0.0021590500179920835,0.010255487585462396,0.2105263157894737,-0.006516681082416929,-0.006516681082416929,eod,0,A2b
2024-09-15,KRW-BTC,bear_quiet,1,0.0003598416696653472,0.010255487585462396,0.03508771929824561,-0.01185716059808256,-0.01185716059808256,eod,0,A2b
2024-09-16,KRW-BTC,bear_quiet,1,0.0003598416696653472,0.010255487585462396,0.03508771929824561,-0.016834228457416722,-0.016834228457416722,eod,0,A2b
2024-09-17,KRW-BTC,bear_quiet,1,0.0003598416696653472,0.010255487585462396,0.03508771929824561,0.032246240505683865,0.032246240505683865,eod,0,A2b
2024-09-18,KRW-BTC,bear_quiet,1,0.0021590500179920835,0.0327455919395466,0.06593406593406594,0.016844099807682922,0.016844099807682922,eod,0,A2b
2024-09-19,KRW-BTC,bear_quiet,1,0.0021590500179920835,0.010255487585462396,0.2105263157894737,0.014104760117671202,0.014104760117671202,eod,0,A2b
2024-09-20,KRW-BTC,bear_quiet,1,0.0021590500179920835,0.010255487585462396,0.2105263157894737,0.004388593532083375,0.004388593532083375,eod,0,A2b
2024-09-21,KRW-BTC,bear_quiet,1,0.0021590500179920835,0.010255487585462396,0.2105263157894737,-0.00101412590064459,-0.00101412590064459,eod,0,A2b
2024-09-22,KRW-BTC,bear_quiet,1,0.0003598416696653472,0.010255487585462396,0.03508771929824561,0.003237708607232216,0.003237708607232216,eod,0,A2b
2024-09-23,KRW-BTC,bear_quiet,1,0.0003598416696653472,0.010255487585462396,0.03508771929824561,-0.003939944364553636,-0.003939944364553636,eod,0,A2b
2024-09-24,KRW-BTC,bear_quiet,1,0.0003598416696653472,0.010255487585462396,0.03508771929824561,0.005802375044310639,0.005802375044310639,eod,0,A2b
2024-09-25,KRW-BTC,bear_quiet,1,0.0003598416696653472,0.010255487585462396,0.03508771929824561,-0.011893205705705677,-0.011893205705705677,eod,0,A2b
2024-09-26,KRW-BTC,bear_quiet,1,0.0003598416696653472,0.010255487585462396,0.03508771929824561,0.017916324885612067,0.017916324885612067,eod,0,A2b
2024-09-27,KRW-BTC,bear_quiet,1,0.0003598416696653472,0.010255487585462396,0.03508771929824561,0.01025129147856846,0.01025129147856846,eod,0,A2b
2024-09-28,KRW-BTC,bear_quiet,1,0.0021590500179920835,0.010255487585462396,0.2105263157894737,-0.004098955817751047,-0.004098955817751047,eod,0,A2b
2024-09-29,KRW-BTC,bear_quiet,1,0.0003598416696653472,0.010255487585462396,0.03508771929824561,-0.01041261486665662,-0.01041261486665662,eod,0,A2b
2024-09-30,KRW-BTC,bear_quiet,1,0.0003598416696653472,0.010255487585462396,0.03508771929824561,-0.0315,-0.027419635170664758,sl,0,A2b
2024-10-01,KRW-BTC,bear_quiet,1,0.0003598416696653472,0.010255487585462396,0.03508771929824561,-0.0315,-0.02813322584497796,sl,0,A2b
2024-10-02,KRW-BTC,bear_quiet,1,0.0003598416696653472,0.0327455919395466,0.010989010989010988,0.0010398773006135577,0.0010398773006135577,eod,0,A2b
2024-10-03,KRW-BTC,bear_quiet,1,0.0003598416696653472,0.010255487585462396,0.03508771929824561,0.007275257933836711,0.007275257933836711,eod,0,A2b
2024-10-04,KRW-BTC,bear_quiet,1,0.0003598416696653472,0.010255487585462396,0.03508771929824561,0.015538628171988313,0.015538628171988313,eod,0,A2b
2024-10-05,KRW-BTC,bear_quiet,1,0.0003598416696653472,0.010255487585462396,0.03508771929824561,0.00031375590663934713,0.00031375590663934713,eod,0,A2b
2024-10-06,KRW-BTC,bear_quiet,1,0.0003598416696653472,0.010255487585462396,0.03508771929824561,0.004881180280248034,0.004881180280248034,eod,0,A2b
2024-10-07,KRW-BTC,bear_quiet,1,0.0003598416696653472,0.010255487585462396,0.03508771929824561,-0.007350585058505886,-0.007350585058505886,eod,0,A2b
2024-10-08,KRW-BTC,bear_quiet,1,0.0003598416696653472,0.010255487585462396,0.03508771929824561,0.0008468585451860146,0.0008468585451860146,eod,0,A2b
2024-10-09,KRW-BTC,bear_quiet,1,0.0003598416696653472,0.010255487585462396,0.03508771929824561,-0.022346456458954778,-0.022346456458954778,eod,0,A2b
2024-10-10,KRW-BTC,bear_quiet,1,0.0003598416696653472,0.010255487585462396,0.03508771929824561,-0.004558883507519705,-0.004558883507519705,eod,0,A2b
2024-10-11,KRW-BTC,bear_quiet,1,0.0003598416696653472,0.010255487585462396,0.03508771929824561,0.026747555734131956,0.026747555734131956,eod,0,A2b
2024-10-12,KRW-BTC,bear_quiet,1,0.0003598416696653472,0.010255487585462396,0.03508771929824561,0.004491711071640094,0.004491711071640094,eod,0,A2b
2024-10-13,KRW-BTC,bear_quiet,1,0.0003598416696653472,0.010255487585462396,0.03508771929824561,-0.003747138134287119,-0.003747138134287119,eod,0,A2b
2024-10-14,KRW-BTC,bear_quiet,1,0.0003598416696653472,0.010255487585462396,0.03508771929824561,0.0440049420867637,0.0440049420867637,eod,0,A2b
2024-10-15,KRW-BTC,bull_quiet,1,0.0003598416696653472,0.010255487585462396,0.03508771929824561,0.020611913357400813,0.020611913357400813,eod,0,A2b
2024-10-16,KRW-BTC,bull_quiet,1,0.0021590500179920835,0.010255487585462396,0.2105263157894737,0.010563898893037939,0.010563898893037939,eod,0,A2b
2024-10-17,KRW-BTC,bull_quiet,1,0.0021590500179920835,0.010255487585462396,0.2105263157894737,-0.00024467852854498243,-0.00024467852854498243,eod,0,A2b
2024-10-18,KRW-BTC,bull_quiet,1,0.0021590500179920835,0.010255487585462396,0.2105263157894737,0.015632021186163636,0.015632021186163636,eod,0,A2b
2024-10-19,KRW-BTC,bull_quiet,1,0.0003598416696653472,0.010255487585462396,0.03508771929824561,-0.0018856123738725792,-0.0018856123738725792,eod,0,A2b
2024-10-20,KRW-BTC,bull_quiet,1,0.0003598416696653472,0.010255487585462396,0.03508771929824561,0.004704324810869855,0.004704324810869855,eod,0,A2b
2024-10-21,KRW-BTC,bull_quiet,1,0.0021590500179920835,0.010255487585462396,0.2105263157894737,-0.02003015409846537,-0.02003015409846537,eod,0,A2b
2024-10-22,KRW-BTC,bull_quiet,1,0.0003598416696653472,0.010255487585462396,0.03508771929824561,0.006269012923036778,0.006269012923036778,eod,0,A2b
2024-10-23,KRW-BTC,bull_quiet,1,0.0003598416696653472,0.010255487585462396,0.03508771929824561,-0.006904998008118222,-0.006904998008118222,eod,0,A2b
2024-10-24,KRW-BTC,bull_quiet,1,0.0003598416696653472,0.010255487585462396,0.03508771929824561,0.016924898511502084,0.016924898511502084,eod,0,A2b
2024-10-25,KRW-BTC,bull_quiet,1,0.0003598416696653472,0.010255487585462396,0.03508771929824561,-0.004848321056156122,-0.004848321056156122,eod,0,A2b
2024-10-26,KRW-BTC,bull_quiet,1,0.0003598416696653472,0.010255487585462396,0.03508771929824561,0.0009636846483649943,0.0009636846483649943,eod,0,A2b
2024-10-27,KRW-BTC,bull_quiet,1,0.0003598416696653472,0.010255487585462396,0.03508771929824561,0.007287888459778959,0.007287888459778959,eod,0,A2b
2024-10-28,KRW-BTC,bull_quiet,1,0.0003598416696653472,0.010255487585462396,0.03508771929824561,0.025676664135661886,0.025676664135661886,eod,0,A2b
2024-10-29,KRW-BTC,bull_quiet,1,0.0003598416696653472,0.010255487585462396,0.03508771929824561,0.03858172400694043,0.03858172400694043,eod,0,A2b
2024-10-30,KRW-BTC,bull_quiet,1,0.0003598416696653472,0.010255487585462396,0.03508771929824561,-0.008696446199407735,-0.008696446199407735,eod,0,A2b
2024-10-31,KRW-BTC,bull_quiet,1,0.0003598416696653472,0.010255487585462396,0.03508771929824561,-0.0315,-0.02595038828290458,sl,0,A2b
2024-11-01,KRW-BTC,bull_quiet,1,0.0003598416696653472,0.010255487585462396,0.03508771929824561,-0.009929142204827155,-0.009929142204827155,eod,0,A2b
2024-11-02,KRW-BTC,bull_quiet,1,0.0003598416696653472,0.010255487585462396,0.03508771929824561,-0.002794551581715986,-0.002794551581715986,eod,0,A2b
2024-11-03,KRW-BTC,bull_quiet,1,0.0003598416696653472,0.010255487585462396,0.03508771929824561,-0.0315,-0.015100123450439816,sl,0,A2b
2024-11-04,KRW-BTC,bull_quiet,1,0.0003598416696653472,0.010255487585462396,0.03508771929824561,-0.0315,-0.019189895506683208,sl,0,A2b
2024-11-05,KRW-BTC,bull_quiet,1,0.0003598416696653472,0.010255487585462396,0.03508771929824561,0.018449304796954114,0.018449304796954114,eod,0,A2b
2024-11-06,KRW-BTC,bull_quiet,1,0.0003598416696653472,0.0327455919395466,0.010989010989010988,0.0485,0.08050964697076807,tp,0,A2b
2024-11-07,KRW-BTC,bull_quiet,1,0.02195034184958618,0.0327455919395466,0.6703296703296703,-0.0012117740308401057,-0.0012117740308401057,eod,0,A2b
2024-11-08,KRW-BTC,bull_quiet,1,0.005398596364945114,0.0327455919395466,0.16486482745255465,0.02409106136671252,0.02409106136671252,eod,0,A2b
2024-11-09,KRW-BTC,bull_quiet,1,0.013314141777617848,0.09103994242533285,0.14624505928853757,-0.006657003135383031,-0.006657003135383031,eod,0,A2b
2024-11-10,KRW-BTC,bull_quiet,1,0.005398596364945114,0.0327455919395466,0.16486482745255465,0.0485,0.04691289254332315,tp,0,A2b
2024-11-11,KRW-BTC,bull_quiet,1,0.02195034184958618,0.05938456001439626,0.3696304535095467,0.0485,0.11572002871500359,tp,0,A2b
2024-11-12,KRW-BTC,bull_volatile,1,0.07432067662407774,0.22741993522849946,0.3267993043327722,-0.0315,0.002444535492785839,sl,0,A2b
2024-11-13,KRW-BTC,bull_volatile,1,0.03491092315997841,0.4100395825836632,0.08514037337567354,0.023789913646149297,0.023789913646149297,eod,0,A2b
2024-11-14,KRW-BTC,bull_volatile,1,0.013314141777617848,0.17419470937556236,0.07643252671303966,-0.0315,-0.03693021286228354,sl,0,A2b
2024-11-15,KRW-BTC,bull_volatile,1,0.0021590500179920835,0.17419470937556236,0.012394463791303727,0.03648677383583038,0.03648677383583038,eod,0,A2b
2024-11-16,KRW-BTC,bull_volatile,1,0.013314141777617848,0.09103994242533285,0.14624505928853757,-0.009749562937062915,-0.009749562937062915,eod,0,A2b
2024-11-17,KRW-BTC,bull_volatile,1,0.0021590500179920835,0.09103994242533285,0.023715415019762848,-0.006675804294816344,-0.006675804294816344,eod,0,A2b
2024-11-18,KRW-BTC,bull_volatile,1,0.0021590500179920835,0.0327455919395466,0.06593406593406594,0.0038214621765016456,0.0038214621765016456,eod,0,A2b
2024-11-19,KRW-BTC,bull_volatile,1,0.0003598416696653472,0.0327455919395466,0.010989010989010988,0.018776541190165308,0.018776541190165308,eod,0,A2b
2024-11-20,KRW-BTC,bull_volatile,1,0.0003598416696653472,0.0327455919395466,0.010989010989010988,0.025244069508368494,0.025244069508368494,eod,0,A2b
2024-11-21,KRW-BTC,bull_volatile,1,0.0003598416696653472,0.05938456001439626,0.0060595156313040435,0.027558417179756767,0.027558417179756767,eod,0,A2b
2024-11-22,KRW-BTC,bull_volatile,1,0.005398596364945114,0.1297229219143577,0.04161636421132447,-0.0315,-0.0027477198102882614,sl,0,A2b
2024-11-23,KRW-BTC,bull_volatile,1,0.0003598416696653472,0.1297229219143577,0.002773925104022191,-0.007921730141219606,-0.007921730141219606,eod,0,A2b
2024-11-24,KRW-BTC,bull_volatile,1,0.0003598416696653472,0.09103994242533285,0.003952569169960474,-0.0315,-0.0007941176470588882,sl,0,A2b
2024-11-25,KRW-BTC,bull_volatile,1,0.0003598416696653472,0.1297229219143577,0.002773925104022191,-0.0315,-0.047925685107633564,sl,0,A2b
2024-11-26,KRW-BTC,bull_volatile,1,0.0003598416696653472,0.0327455919395466,0.010989010989010988,-0.00926633202610355,-0.00926633202610355,eod,0,A2b
2024-11-27,KRW-BTC,bull_volatile,1,0.0003598416696653472,0.0327455919395466,0.010989010989010988,0.031100931677018606,0.031100931677018606,eod,0,A2b
2024-11-28,KRW-BTC,bull_volatile,1,0.0003598416696653472,0.010255487585462396,0.03508771929824561,-0.00045487935999516263,-0.00045487935999516263,eod,0,A2b
2024-11-29,KRW-BTC,bull_volatile,1,0.0003598416696653472,0.010255487585462396,0.03508771929824561,0.00899990987201821,0.00899990987201821,eod,0,A2b
2024-11-30,KRW-BTC,bull_volatile,1,0.0003598416696653472,0.010255487585462396,0.03508771929824561,-0.007750836170117901,-0.007750836170117901,eod,0,A2b
2024-12-01,KRW-BTC,bull_volatile,1,0.0003598416696653472,0.010255487585462396,0.03508771929824561,-0.0009017439164835093,-0.0009017439164835093,eod,0,A2b
2024-12-02,KRW-BTC,bull_volatile,1,0.0003598416696653472,0.010255487585462396,0.03508771929824561,-0.003495485867176905,-0.003495485867176905,eod,0,A2b
2024-12-03,KRW-BTC,bull_volatile,1,0.0003598416696653472,0.010255487585462396,0.03508771929824561,-0.0315,-0.00017438568636113242,sl,0,A2b
2024-12-04,KRW-BTC,bull_volatile,1,0.02195034184958618,0.22741993522849946,0.09651898734177215,0.036190696978761594,0.036190696978761594,eod,0,A2b
2024-12-05,KRW-BTC,bull_volatile,1,0.02195034184958618,0.22741993522849946,0.09651898734177215,0.0485,-0.010608925161243841,tp,0,A2b
2024-12-06,KRW-BTC,bull_volatile,1,0.02195034184958618,0.22741993522849946,0.09651898734177215,0.011874448185831334,0.011874448185831334,eod,0,A2b
2024-12-07,KRW-BTC,bull_volatile,1,0.013314141777617848,0.1297229219143577,0.10263522884882108,-0.004670686216840468,-0.004670686216840468,eod,0,A2b
2024-12-08,KRW-BTC,bull_volatile,1,0.005398596364945114,0.0327455919395466,0.16486482745255465,0.013143448226235867,0.013143448226235867,eod,0,A2b
2024-12-09,KRW-BTC,bull_volatile,1,0.005398596364945114,0.0327455919395466,0.16486482745255465,-0.0315,-0.017039927404718658,sl,0,A2b
2024-12-10,KRW-BTC,bull_volatile,1,0.02195034184958618,0.22741993522849946,0.09651898734177215,-0.006747095743302621,-0.006747095743302621,eod,0,A2b
2024-12-11,KRW-BTC,bull_volatile,1,0.0003598416696653472,0.22741993522849946,0.0015822784810126582,0.03399799211316529,0.03399799211316529,eod,0,A2b
2024-12-12,KRW-BTC,bull_quiet,1,0.0021590500179920835,0.1297229219143577,0.016643550624133148,-0.003973604404972351,-0.003973604404972351,eod,0,A2b
2024-12-13,KRW-BTC,bull_quiet,1,0.0003598416696653472,0.1297229219143577,0.002773925104022191,0.009860134472615302,0.009860134472615302,eod,0,A2b
2024-12-14,KRW-BTC,bull_quiet,1,0.0003598416696653472,0.0327455919395466,0.010989010989010988,0.008850891769137061,0.008850891769137061,eod,0,A2b
2024-12-15,KRW-BTC,bull_quiet,1,0.0003598416696653472,0.09103994242533285,0.003952569169960474,0.021223690612429513,0.021223690612429513,eod,0,A2b
2024-12-16,KRW-BTC,bull_quiet,1,0.005398596364945114,0.09103994242533285,0.05929920671218369,0.0263740041408978,0.0263740041408978,eod,0,A2b
2024-12-17,KRW-BTC,bull_quiet,1,0.03491092315997841,0.09103994242533285,0.38346820340545457,0.010364174755382928,0.010364174755382928,eod,0,A2b
2024-12-18,KRW-BTC,bull_quiet,1,0.0003598416696653472,0.0327455919395466,0.010989010989010988,-0.0315,-0.0496117367383489,sl,0,A2b
2025-03-11,KRW-BTC,bear_volatile,2,0.007695658487004501,0.4160859465737515,0.018495357871070133,0.0485,0.04732760968551847,tp,0,A2b
2025-03-14,KRW-BTC,bear_volatile,2,0.004645760743321719,0.20095832728328736,0.023118030519694133,0.028961835363013277,0.028961835363013277,eod,0,A2b
2025-03-19,KRW-BTC,bear_volatile,2,0.00043554006968641115,0.011759581881533102,0.037037037037037035,0.0485,0.047332376805857834,tp,0,A2b
2025-03-30,KRW-BTC,bear_volatile,2,0.00043554006968641115,0.011759581881533102,0.037037037037037035,-0.0033495384265944104,-0.0033495384265944104,eod,0,A2b
2025-03-31,KRW-BTC,bear_volatile,2,0.00043554006968641115,0.011759581881533102,0.037037037037037035,-0.0001752921671568917,-0.0001752921671568917,eod,0,A2b
2025-04-01,KRW-BTC,bear_volatile,2,0.00043554006968641115,0.011759581881533102,0.037037037037037035,0.026282061375386523,0.026282061375386523,eod,0,A2b
2025-04-03,KRW-BTC,bear_volatile,2,0.00043554006968641115,0.0672281109336431,0.006478540950173463,0.0021646741697476947,0.0021646741697476947,eod,0,A2b
2025-04-04,KRW-BTC,bear_volatile,2,0.00043554006968641115,0.011759581881533102,0.037037037037037035,-0.00016119243127449149,-0.00016119243127449149,eod,0,A2b
2025-04-05,KRW-BTC,bear_volatile,2,0.00043554006968641115,0.011759581881533102,0.037037037037037035,-0.0023832419029406458,-0.0023832419029406458,eod,0,A2b
2025-04-06,KRW-BTC,bear_volatile,2,0.00043554006968641115,0.011759581881533102,0.037037037037037035,-0.0315,-0.048053892337024895,sl,0,A2b
2025-04-07,KRW-BTC,bear_volatile,2,0.00043554006968641115,0.13458188153310105,0.0032362459546925564,-0.0315,0.0031291174893844378,sl,0,A2b
2025-04-08,KRW-BTC,bear_volatile,2,0.004645760743321719,0.10060975609756098,0.046176046176046176,-0.0315,-0.031763759719469487,sl,0,A2b
2025-04-09,KRW-BTC,bear_volatile,2,0.00043554006968641115,0.0672281109336431,0.006478540950173463,0.0485,0.058257024201507523,tp,0,A2b
2025-04-10,KRW-BTC,bear_volatile,2,0.007695658487004501,0.011759581881533102,0.6544159957837902,-0.0315,-0.029545393484370186,sl,0,A2b
2025-04-11,KRW-BTC,bear_volatile,2,0.004645760743321719,0.011759581881533102,0.3950617283950617,0.028356947824538514,0.028356947824538514,eod,0,A2b
2025-04-12,KRW-BTC,bear_volatile,2,0.007695658487004501,0.011759581881533102,0.6544159957837902,0.015799300123507554,0.015799300123507554,eod,0,A2b
2025-04-13,KRW-BTC,bear_volatile,2,0.007695658487004501,0.011759581881533102,0.6544159957837902,-0.017684241404144763,-0.017684241404144763,eod,0,A2b
2025-04-14,KRW-BTC,bear_volatile,2,0.004645760743321719,0.011759581881533102,0.3950617283950617,0.007687593048027188,0.007687593048027188,eod,0,A2b
2025-04-15,KRW-BTC,bear_volatile,2,0.004645760743321719,0.011759581881533102,0.3950617283950617,-0.005868591781179209,-0.005868591781179209,eod,0,A2b
2025-04-16,KRW-BTC,bear_volatile,2,0.00043554006968641115,0.011759581881533102,0.037037037037037035,-0.003988661853070728,-0.003988661853070728,eod,0,A2b
2025-04-17,KRW-BTC,bear_volatile,2,0.00043554006968641115,0.011759581881533102,0.037037037037037035,0.005475789905621755,0.005475789905621755,eod,0,A2b
2025-04-18,KRW-BTC,bear_volatile,2,0.00043554006968641115,0.011759581881533102,0.037037037037037035,-0.004605919180885097,-0.004605919180885097,eod,0,A2b
2025-04-19,KRW-BTC,bear_volatile,2,0.00043554006968641115,0.011759581881533102,0.037037037037037035,0.002032644249640171,0.002032644249640171,eod,0,A2b
2025-04-20,KRW-BTC,bear_volatile,2,0.00043554006968641115,0.011759581881533102,0.037037037037037035,-0.0012881355932203285,-0.0012881355932203285,eod,0,A2b
2025-04-21,KRW-BTC,bear_volatile,2,0.00043554006968641115,0.011759581881533102,0.037037037037037035,0.02694084532286195,0.02694084532286195,eod,0,A2b
2025-04-22,KRW-BTC,bear_volatile,2,0.004645760743321719,0.011759581881533102,0.3950617283950617,0.0485,0.05915768621236134,tp,0,A2b
2025-11-05,KRW-ORDER,bear_volatile,4,0.26336758230236945,0.2179930795847751,1.2081465283394408,-0.0315,0.05091935483870974,sl,0,A2b
2025-11-05,KRW-GLM,bear_volatile,4,0.26336758230236945,0.2707066470958272,0.9728892331525949,-0.0315,0.013425373134328402,sl,0,A2b
2025-11-05,KRW-MEW,bear_volatile,4,0.26336758230236945,0.2707066470958272,0.9728892331525949,-0.0315,0.03090740740740744,sl,0,A2b
2025-11-07,KRW-TFUEL,bear_volatile,4,0.26336758230236945,0.18106521283287902,1.4545454545454544,0.0485,0.15405555555555545,tp,0,A2b
2025-11-07,KRW-GLM,bear_volatile,4,0.26336758230236945,0.3244206773618538,0.8118088663276334,-0.0315,0.09096575342465757,sl,0,A2b
2025-11-07,KRW-LPT,bear_volatile,4,0.26336758230236945,0.3244206773618538,0.8118088663276334,-0.0315,0.05962161310649022,sl,0,A2b
2025-11-08,KRW-SAHARA,bear_volatile,4,0.03396938561543301,0.020549381421681695,1.653061224489796,-0.0315,-0.018306722689075683,sl,0,A2b
2025-11-08,KRW-PROVE,bear_volatile,4,0.26336758230236945,0.18106521283287902,1.4545454545454544,0.0485,0.00751916572717032,tp,0,A2b
2025-11-08,KRW-IN,bear_volatile,4,0.26336758230236945,0.2179930795847751,1.2081465283394408,-0.0315,-0.05919230769230771,sl,0,A2b
2025-11-09,KRW-BARD,bear_volatile,4,0.26336758230236945,0.2707066470958272,0.9728892331525949,-0.0315,0.034675710594315234,sl,0,A2b
2025-11-09,KRW-ENSO,bear_volatile,4,0.26336758230236945,0.3244206773618538,0.8118088663276334,-0.0315,-0.005781345565749217,sl,0,A2b
2025-11-09,KRW-FLOCK,bear_volatile,4,0.26336758230236945,0.3244206773618538,0.8118088663276334,-0.0315,0.0018557046979866278,sl,0,A2b
2025-11-10,KRW-JUP,bear_volatile,4,0.06521283287901028,0.10401593792597252,0.6269503902894366,0.030942748091602967,0.030942748091602967,eod,0,A2b
2025-11-10,KRW-PENGU,bear_volatile,4,0.13514363598238624,0.2179930795847751,0.6199446158557083,0.0485,0.06457929515418509,tp,0,A2b
2025-11-10,KRW-F,bear_volatile,4,0.26336758230236945,0.4374082616900818,0.6021093000958773,0.0485,0.1430086705202312,tp,1,A2b
2025-11-12,KRW-KNC,bear_volatile,4,0.26336758230236945,0.2707066470958272,0.9728892331525949,-0.0315,-0.019082417582417632,sl,0,A2b
2025-11-12,KRW-ONG,bear_volatile,4,0.13514363598238624,0.2179930795847751,0.6199446158557083,0.0485,0.04144478527607359,tp,0,A2b
2025-11-12,KRW-AERGO,bear_volatile,4,0.13514363598238624,0.2179930795847751,0.6199446158557083,0.0485,0.026537383177569984,tp,0,A2b
2025-11-13,KRW-ANIME,bear_volatile,4,0.26336758230236945,0.3244206773618538,0.8118088663276334,-0.0315,-0.06987606837606825,sl,0,A2b
2025-11-13,KRW-MINA,bear_volatile,4,0.26336758230236945,0.3244206773618538,0.8118088663276334,-0.0315,-0.1215,sl,0,A2b
2025-11-13,KRW-IP,bear_volatile,4,0.26336758230236945,0.3244206773618538,0.8118088663276334,0.0485,-0.04493971631205679,tp,0,A2b
2025-11-14,KRW-CPOOL,bear_volatile,4,0.26336758230236945,0.4374082616900818,0.6021093000958773,-0.0315,-0.08724490889603426,sl,0,A2b
2025-11-14,KRW-NEAR,bear_volatile,4,0.26336758230236945,0.4374082616900818,0.6021093000958773,-0.0315,-0.038636706135629695,sl,0,A2b
2025-11-14,KRW-AERO,bear_volatile,4,0.26336758230236945,0.4374082616900818,0.6021093000958773,-0.0315,-0.11402653927813161,sl,0,A2b
2025-11-15,KRW-LA,bear_volatile,4,0.26336758230236945,0.3244206773618538,0.8118088663276334,0.0485,0.170965960665658,tp,1,A2b
2025-11-15,KRW-MMT,bear_volatile,4,0.26336758230236945,0.3244206773618538,0.8118088663276334,-0.0315,-0.005039823008849585,sl,0,A2b
2025-11-15,KRW-KITE,bear_volatile,4,0.26336758230236945,0.4374082616900818,0.6021093000958773,-0.0315,0.06806521739130439,sl,0,A2b
2025-11-16,KRW-MMT,bear_volatile,4,0.26336758230236945,0.3244206773618538,0.8118088663276334,-0.0315,-0.0974147424511545,sl,0,A2b
2025-11-16,KRW-API3,bear_volatile,4,0.13514363598238624,0.2179930795847751,0.6199446158557083,-0.0315,-0.022197167755991287,sl,0,A2b
2025-11-16,KRW-UNI,bear_volatile,4,0.26336758230236945,0.4374082616900818,0.6021093000958773,0.0485,-0.04016906474820142,tp,0,A2b
2025-11-17,KRW-SIGN,bear_volatile,4,0.26336758230236945,0.3244206773618538,0.8118088663276334,-0.0315,-0.02502941176470591,sl,0,A2b
2025-11-17,KRW-UNI,bear_volatile,4,0.26336758230236945,0.4374082616900818,0.6021093000958773,0.0485,0.0378258426966292,tp,0,A2b
2025-11-17,KRW-AWE,bear_volatile,4,0.26336758230236945,0.4374082616900818,0.6021093000958773,0.0485,-0.10117497291440952,tp,0,A2b
2025-11-18,KRW-ARDR,bear_volatile,4,0.26336758230236945,0.4374082616900818,0.6021093000958773,0.0485,-0.0015,tp,0,A2b
2025-11-18,KRW-ERA,bear_volatile,4,0.26336758230236945,0.4374082616900818,0.6021093000958773,-0.0315,-0.043058441558441574,sl,0,A2b
2025-11-18,KRW-MINA,bear_volatile,4,0.26336758230236945,0.4374082616900818,0.6021093000958773,-0.0315,-0.04844835680751175,sl,0,A2b
2025-11-19,KRW-IN,bear_volatile,4,0.26336758230236945,0.18106521283287902,1.4545454545454544,-0.0315,-0.04779629629629628,sl,0,A2b
2025-11-19,KRW-TRUST,bear_volatile,4,0.26336758230236945,0.3244206773618538,0.8118088663276334,-0.0315,-0.05930346820809246,sl,0,A2b
2025-11-19,KRW-ERA,bear_volatile,4,0.26336758230236945,0.3244206773618538,0.8118088663276334,-0.0315,-0.03131029810298108,sl,0,A2b
2025-11-20,KRW-ZORA,bear_volatile,4,0.26336758230236945,0.3244206773618538,0.8118088663276334,0.0485,0.01206350184956856,tp,0,A2b
2025-11-20,KRW-NEAR,bear_volatile,4,0.26336758230236945,0.3244206773618538,0.8118088663276334,-0.0315,-0.12378184128777187,sl,0,A2b
2025-11-20,KRW-CPOOL,bear_volatile,4,0.26336758230236945,0.3244206773618538,0.8118088663276334,0.0485,0.01801951951951969,tp,0,A2b
2025-11-21,KRW-CPOOL,bear_volatile,4,0.26336758230236945,0.3244206773618538,0.8118088663276334,-0.0315,0.03379411764705892,sl,0,A2b
2025-11-21,KRW-ALT,bear_volatile,4,0.26336758230236945,0.3244206773618538,0.8118088663276334,0.0485,-0.10319491525423735,tp,0,A2b
2025-11-21,KRW-MMT,bear_volatile,4,0.26336758230236945,0.4374082616900818,0.6021093000958773,-0.0315,0.23553703703703693,sl,1,A2b
2025-11-22,KRW-HOLO,bear_volatile,4,0.26336758230236945,0.2707066470958272,0.9728892331525949,0.0485,0.12988686131386867,tp,1,A2b
2025-11-22,KRW-SOMI,bear_volatile,4,0.26336758230236945,0.2707066470958272,0.9728892331525949,0.0485,-0.01840821256038644,tp,0,A2b
2025-11-22,KRW-SYRUP,bear_volatile,4,0.26336758230236945,0.2707066470958272,0.9728892331525949,-0.0315,-0.0015,sl,0,A2b
2025-11-23,KRW-SONIC,bear_volatile,4,0.26336758230236945,0.18106521283287902,1.4545454545454544,-0.0315,-0.016205882352941126,sl,0,A2b
2025-11-23,KRW-RED,bear_volatile,4,0.26336758230236945,0.2179930795847751,1.2081465283394408,-0.0015,-0.0015,eod,0,A2b
2025-11-23,KRW-1INCH,bear_volatile,4,0.26336758230236945,0.2707066470958272,0.9728892331525949,0.0485,-0.008642857142857117,tp,0,A2b
2025-11-24,KRW-BLAST,bear_volatile,4,0.26336758230236945,0.2179930795847751,1.2081465283394408,-0.0315,-0.014571895424836665,sl,0,A2b
2025-11-24,KRW-FIL,bear_volatile,4,0.26336758230236945,0.2179930795847751,1.2081465283394408,0.005038618716796174,0.005038618716796174,eod,0,A2b
2025-11-24,KRW-BTC,bear_volatile,4,0.023275319773537428,0.020549381421681695,1.1326530612244896,0.002863702480340681,0.002863702480340681,eod,0,A2b
2025-11-25,KRW-DEEP,bear_volatile,4,0.26336758230236945,0.2179930795847751,1.2081465283394408,0.0485,0.09941743119266039,tp,0,A2b
2025-11-25,KRW-BSV,bear_volatile,4,0.023275319773537428,0.020549381421681695,1.1326530612244896,0.002684100418409997,0.002684100418409997,eod,0,A2b
2025-11-25,KRW-CELO,bear_volatile,4,0.13514363598238624,0.13440972950304048,1.0054602184087362,0.0485,0.03866064257028118,tp,0,A2b
2025-11-26,KRW-ONG,bear_volatile,4,0.26336758230236945,0.13440972950304048,1.9594383775351012,-0.0315,-0.014745033112582738,sl,0,A2b
2025-11-26,KRW-MVL,bear_volatile,4,0.26336758230236945,0.2707066470958272,0.9728892331525949,-0.0315,-0.0015,sl,0,A2b
2025-11-26,KRW-LAYER,bear_volatile,4,0.26336758230236945,0.3244206773618538,0.8118088663276334,0.0485,0.06339675516224191,tp,0,A2b
2025-11-27,KRW-LPT,bear_volatile,4,0.26336758230236945,0.13440972950304048,1.9594383775351012,0.0485,0.02841107518189162,tp,1,A2b
2025-11-27,KRW-TRUMP,bear_volatile,4,0.03396938561543301,0.020549381421681695,1.653061224489796,0.0485,0.018191325172964234,tp,0,A2b
2025-11-27,KRW-TOKAMAK,bear_volatile,4,0.26336758230236945,0.3244206773618538,0.8118088663276334,0.0485,-0.0015,tp,0,A2b
2025-11-28,KRW-TAIKO,bear_volatile,4,0.26336758230236945,0.18106521283287902,1.4545454545454544,0.0485,0.023816455696202443,tp,0,A2b
2025-11-28,KRW-HYPER,bear_volatile,4,0.13514363598238624,0.13440972950304048,1.0054602184087362,0.0485,0.10909907834101379,tp,1,A2b
2025-11-28,KRW-W,bear_volatile,4,0.26336758230236945,0.2707066470958272,0.9728892331525949,0.0485,-0.021908163265306146,tp,0,A2b
2025-11-29,KRW-GMT,bear_volatile,4,0.26336758230236945,0.2179930795847751,1.2081465283394408,0.0485,-0.021107843137254945,tp,0,A2b
2025-11-29,KRW-XEC,bear_volatile,4,0.26336758230236945,0.2179930795847751,1.2081465283394408,-0.0315,-0.02233333333333326,sl,0,A2b
2025-11-29,KRW-BLAST,bear_volatile,4,0.13514363598238624,0.13440972950304048,1.0054602184087362,0.0485,0.01810784313725483,tp,0,A2b
2025-11-30,KRW-META,bear_volatile,4,0.26336758230236945,0.18106521283287902,1.4545454545454544,-0.0315,-0.064,sl,0,A2b
2025-11-30,KRW-TT,bear_volatile,4,0.26336758230236945,0.2179930795847751,1.2081465283394408,-0.0315,-0.057337563451776596,sl,0,A2b
2025-11-30,KRW-DKA,bear_volatile,4,0.13514363598238624,0.13440972950304048,1.0054602184087362,-0.0315,-0.028527027027026974,sl,0,A2b
2025-12-01,KRW-ASTR,bear_volatile,4,0.26336758230236945,0.2179930795847751,1.2081465283394408,-0.0315,-0.07080693069306926,sl,0,A2b
2025-12-01,KRW-THETA,bear_volatile,4,0.26336758230236945,0.3244206773618538,0.8118088663276334,-0.0315,-0.1537491349480969,sl,0,A2b
2025-12-01,KRW-IN,bear_volatile,4,0.26336758230236945,0.3244206773618538,0.8118088663276334,-0.0315,0.020082733812949727,sl,0,A2b
2025-12-02,KRW-FLOCK,bear_volatile,4,0.26336758230236945,0.3244206773618538,0.8118088663276334,-0.0315,0.01966402116402116,sl,0,A2b
2025-12-02,KRW-VANA,bear_volatile,4,0.13514363598238624,0.2179930795847751,0.6199446158557083,0.011270809578107168,0.011270809578107168,eod,0,A2b
2025-12-02,KRW-IOST,bear_volatile,4,0.26336758230236945,0.4374082616900818,0.6021093000958773,-0.0315,0.05597126436781613,sl,0,A2b
2025-12-03,KRW-WCT,bear_volatile,4,0.26336758230236945,0.18106521283287902,1.4545454545454544,0.0485,0.06324820143884896,tp,0,A2b
2025-12-03,KRW-PLUME,bear_volatile,4,0.26336758230236945,0.2179930795847751,1.2081465283394408,0.0485,0.037715686274509885,tp,0,A2b
2025-12-03,KRW-AXL,bear_volatile,4,0.26336758230236945,0.2707066470958272,0.9728892331525949,0.004086592178771,0.004086592178771,eod,0,A2b
2025-12-04,KRW-PLUME,bear_volatile,4,0.26336758230236945,0.2707066470958272,0.9728892331525949,0.011118296529968598,0.011118296529968598,eod,0,A2b
2025-12-04,KRW-WCT,bear_volatile,4,0.26336758230236945,0.2707066470958272,0.9728892331525949,-0.0315,-0.05555405405405406,sl,0,A2b
2025-12-04,KRW-SAHARA,bear_volatile,4,0.26336758230236945,0.3244206773618538,0.8118088663276334,0.0485,0.03262969283276457,tp,0,A2b
2025-12-05,KRW-LAYER,bear_volatile,4,0.26336758230236945,0.3244206773618538,0.8118088663276334,-0.0315,-0.03899999999999998,sl,0,A2b
2025-12-05,KRW-MMT,bear_volatile,4,0.26336758230236945,0.4374082616900818,0.6021093000958773,-0.0315,-0.07738075880758805,sl,0,A2b
2025-12-05,KRW-SUPER,bear_volatile,4,0.26336758230236945,0.4374082616900818,0.6021093000958773,0.0485,-0.03291361256544506,tp,0,A2b
2025-12-06,KRW-GMT,bear_volatile,4,0.26336758230236945,0.3244206773618538,0.8118088663276334,0.010357707509881355,0.010357707509881355,eod,0,A2b
2025-12-06,KRW-CELO,bear_volatile,4,0.13514363598238624,0.2179930795847751,0.6199446158557083,0.0485,0.02269354838709675,tp,0,A2b
2025-12-06,KRW-LSK,bear_volatile,4,0.26336758230236945,0.4374082616900818,0.6021093000958773,-0.0315,-0.019304154302670573,sl,0,A2b
2025-12-07,KRW-HIVE,bear_volatile,4,0.26336758230236945,0.2179930795847751,1.2081465283394408,-0.0315,-0.03334713375796178,sl,0,A2b
2025-12-07,KRW-ZIL,bear_volatile,4,0.26336758230236945,0.2179930795847751,1.2081465283394408,-0.0315,-0.055327751196172115,sl,0,A2b
2025-12-07,KRW-CHZ,bear_volatile,4,0.26336758230236945,0.2707066470958272,0.9728892331525949,-0.0315,-0.03713941299790363,sl,0,A2b
2025-12-08,KRW-CARV,bear_volatile,4,0.26336758230236945,0.2707066470958272,0.9728892331525949,-0.006354368932038832,-0.006354368932038832,eod,0,A2b
2025-12-08,KRW-2Z,bear_volatile,4,0.26336758230236945,0.3244206773618538,0.8118088663276334,-0.0315,-0.054131578947368475,sl,0,A2b
2025-12-08,KRW-SYRUP,bear_volatile,4,0.26336758230236945,0.3244206773618538,0.8118088663276334,-0.0315,-0.016351485148514866,sl,0,A2b
2025-12-09,KRW-BLAST,bear_volatile,4,0.06521283287901028,0.05871251834766198,1.1107142857142858,0.0485,0.03666793893129766,tp,0,A2b
2025-12-09,KRW-PEPE,bear_volatile,4,0.26336758230236945,0.2707066470958272,0.9728892331525949,-0.0315,0.033810734463276815,sl,0,A2b
2025-12-09,KRW-DRIFT,bear_volatile,4,0.13514363598238624,0.18106521283287902,0.7463810075275042,-0.0315,0.0013328611898016387,sl,0,A2b
2025-12-10,KRW-SOMI,bear_volatile,4,0.26336758230236945,0.2179930795847751,1.2081465283394408,-0.0315,-0.021330028328611916,sl,0,A2b
2025-12-10,KRW-ID,bear_volatile,4,0.13514363598238624,0.13440972950304048,1.0054602184087362,-0.0315,-0.051500000000000046,sl,0,A2b
2025-12-10,KRW-MTL,bear_volatile,4,0.13514363598238624,0.13440972950304048,1.0054602184087362,0.0485,0.03415640194489461,tp,0,A2b
2025-12-11,KRW-MTL,bear_volatile,4,0.26336758230236945,0.3244206773618538,0.8118088663276334,-0.0315,-0.029669014084507006,sl,0,A2b
2025-12-11,KRW-MNT,bear_volatile,4,0.13514363598238624,0.2179930795847751,0.6199446158557083,-0.0315,0.024466532025389454,sl,0,A2b
2025-12-11,KRW-COW,bear_volatile,4,0.13514363598238624,0.2179930795847751,0.6199446158557083,-0.0315,-0.02460231023102305,sl,0,A2b
2025-12-12,KRW-HUNT,bear_volatile,4,0.26336758230236945,0.3244206773618538,0.8118088663276334,-0.0315,-0.03331818181818186,sl,0,A2b
2025-12-12,KRW-BAT,bear_volatile,4,0.26336758230236945,0.3244206773618538,0.8118088663276334,0.0485,0.005728915662650604,tp,0,A2b
2025-12-12,KRW-ZORA,bear_volatile,4,0.09311104120792701,0.13440972950304048,0.6927403362255912,-0.0315,-0.05460880829015552,sl,0,A2b
2025-12-13,KRW-MNT,bear_volatile,4,0.26336758230236945,0.2707066470958272,0.9728892331525949,0.0485,0.058265208110992506,tp,0,A2b
2025-12-13,KRW-MMT,bear_volatile,4,0.26336758230236945,0.3244206773618538,0.8118088663276334,-0.0315,-0.023104938271604925,sl,0,A2b
2025-12-13,KRW-CPOOL,bear_volatile,4,0.26336758230236945,0.4374082616900818,0.6021093000958773,-0.0315,-0.060221934369602714,sl,0,A2b
2025-12-14,KRW-GAS,bear_volatile,4,0.014050540002097095,0.020549381421681695,0.6837451558163372,-0.0315,-0.03705268261150613,sl,0,A2b
2025-12-14,KRW-MNT,bear_volatile,4,0.13514363598238624,0.2179930795847751,0.6199446158557083,-0.0315,-0.06242648539778445,sl,0,A2b
2025-12-14,KRW-AXL,bear_volatile,4,0.26336758230236945,0.4374082616900818,0.6021093000958773,0.0485,0.03332587064676612,tp,1,A2b
2025-12-15,KRW-MNT,bear_volatile,4,0.13514363598238624,0.2707066470958272,0.4992254066615027,0.0485,0.028981283422459925,tp,0,A2b
2025-12-15,KRW-G,bear_volatile,4,0.06521283287901028,0.13440972950304048,0.48517940717628705,-0.0315,-0.09390506329113929,sl,0,A2b
2025-12-15,KRW-HYPER,bear_volatile,4,0.13514363598238624,0.3244206773618538,0.41656911970394883,-0.0315,-0.05705555555555558,sl,0,A2b
2025-12-16,KRW-AAVE,bear_volatile,4,0.13514363598238624,0.2179930795847751,0.6199446158557083,-0.0315,-0.04072249219021168,sl,0,A2b
2025-12-16,KRW-BARD,bear_volatile,4,0.13514363598238624,0.2179930795847751,0.6199446158557083,0.001993449781659441,0.001993449781659441,eod,0,A2b
2025-12-16,KRW-DOOD,bear_volatile,4,0.26336758230236945,0.4374082616900818,0.6021093000958773,-0.0315,0.010999999999999956,sl,0,A2b
2025-12-17,KRW-RAY,bear_volatile,4,0.26336758230236945,0.2707066470958272,0.9728892331525949,-0.0315,-0.07205630936227952,sl,0,A2b
2025-12-17,KRW-MON,bear_volatile,4,0.26336758230236945,0.3244206773618538,0.8118088663276334,-0.0315,-0.13234112149532723,sl,0,A2b
2025-12-17,KRW-WAVES,bear_volatile,4,0.26336758230236945,0.3244206773618538,0.8118088663276334,-0.0315,-0.07072357343311503,sl,0,A2b
2025-12-18,KRW-META,bear_volatile,4,0.26336758230236945,0.3244206773618538,0.8118088663276334,-0.0315,-0.051189440993788915,sl,0,A2b
2025-12-18,KRW-MANTRA,bear_volatile,4,0.26336758230236945,0.4374082616900818,0.6021093000958773,-0.0315,-0.04866981132075471,sl,0,A2b
2025-12-18,KRW-BARD,bear_volatile,4,0.13514363598238624,0.3244206773618538,0.41656911970394883,0.0485,0.034483263598326375,tp,1,A2b
2025-12-19,KRW-WCT,bear_volatile,4,0.26336758230236945,0.3244206773618538,0.8118088663276334,-0.0315,0.04354504504504503,sl,0,A2b
2025-12-19,KRW-DOOD,bear_volatile,4,0.26336758230236945,0.3244206773618538,0.8118088663276334,0.0485,0.1955260223048328,tp,1,A2b
2025-12-19,KRW-SOMI,bear_volatile,4,0.26336758230236945,0.4374082616900818,0.6021093000958773,-0.0315,0.06132722513089012,sl,0,A2b
2025-12-20,KRW-RED,bear_volatile,4,0.26336758230236945,0.13440972950304048,1.9594383775351012,0.0485,0.02707142857142847,tp,0,A2b
2025-12-20,KRW-BERA,bear_volatile,4,0.26336758230236945,0.18106521283287902,1.4545454545454544,0.0485,0.037490825688073326,tp,0,A2b
2025-12-20,KRW-ME,bear_volatile,4,0.13514363598238624,0.10401593792597252,1.299258927786308,0.0485,0.035309815950920254,tp,0,A2b
2025-12-21,KRW-OPEN,bear_volatile,4,0.26336758230236945,0.18106521283287902,1.4545454545454544,-0.0315,-0.0015,sl,1,A2b
2025-12-21,KRW-PENDLE,bear_volatile,4,0.26336758230236945,0.18106521283287902,1.4545454545454544,-0.0315,-0.02139528795811524,sl,0,A2b
2025-12-21,KRW-ZKC,bear_volatile,4,0.26336758230236945,0.18106521283287902,1.4545454545454544,-0.0315,-0.05846202531645567,sl,0,A2b
2025-12-22,KRW-POWR,bear_volatile,4,0.09311104120792701,0.10401593792597252,0.8951612903225806,0.0485,0.033282608695652194,tp,0,A2b
2025-12-22,KRW-HP,bear_volatile,4,0.09311104120792701,0.10401593792597252,0.8951612903225806,-0.0315,-0.014614754098360603,sl,0,A2b
2025-12-22,KRW-OPEN,bear_volatile,4,0.26336758230236945,0.3244206773618538,0.8118088663276334,-0.0315,-0.046954545454545416,sl,0,A2b
2025-12-23,KRW-HIVE,bear_volatile,4,0.26336758230236945,0.2179930795847751,1.2081465283394408,-0.00854225352112675,-0.00854225352112675,eod,0,A2b
2025-12-23,KRW-GRT,bear_volatile,4,0.26336758230236945,0.2179930795847751,1.2081465283394408,-0.0315,-0.035068904593639594,sl,0,A2b
2025-12-23,KRW-AERGO,bear_volatile,4,0.26336758230236945,0.3244206773618538,0.8118088663276334,-0.0315,-0.011683299389002087,sl,0,A2b
2025-12-24,KRW-META,bear_volatile,4,0.09311104120792701,0.13440972950304048,0.6927403362255912,-0.0315,-0.020133540372670844,sl,0,A2b
2025-12-24,KRW-COW,bear_volatile,4,0.26336758230236945,0.4374082616900818,0.6021093000958773,-0.0315,-0.040422155688622785,sl,0,A2b
2025-12-24,KRW-CARV,bear_volatile,4,0.26336758230236945,0.4374082616900818,0.6021093000958773,-0.0315,-0.06126095617529875,sl,0,A2b
2025-12-25,KRW-SONIC,bear_volatile,4,0.13514363598238624,0.13440972950304048,1.0054602184087362,-0.0015,-0.0015,eod,0,A2b
2025-12-25,KRW-ATH,bear_volatile,4,0.09311104120792701,0.10401593792597252,0.8951612903225806,0.0485,-0.03696099290780147,tp,0,A2b
2025-12-25,KRW-IMX,bear_volatile,4,0.09311104120792701,0.10401593792597252,0.8951612903225806,-0.0315,-0.03896397694524495,sl,0,A2b
2025-12-26,KRW-OPEN,bear_volatile,4,0.13514363598238624,0.13440972950304048,1.0054602184087362,-0.0315,-0.04497826086956519,sl,0,A2b
2025-12-26,KRW-SYRUP,bear_volatile,4,0.26336758230236945,0.3244206773618538,0.8118088663276334,-0.0315,0.008662601626016344,sl,0,A2b
2025-12-26,KRW-XTZ,bear_volatile,4,0.04445842508126245,0.05871251834766198,0.7572222471876452,0.0485,0.0675184049079754,tp,1,A2b
2025-12-27,KRW-OP,bear_volatile,4,0.13514363598238624,0.13440972950304048,1.0054602184087362,0.03412340966921118,0.03412340966921118,eod,0,A2b
2025-12-27,KRW-TOSHI,bear_volatile,4,0.26336758230236945,0.2707066470958272,0.9728892331525949,-0.0315,-0.01955869074492106,sl,0,A2b
2025-12-27,KRW-API3,bear_volatile,4,0.26336758230236945,0.3244206773618538,0.8118088663276334,-0.0315,0.0058529411764705625,sl,0,A2b
2025-12-28,KRW-ID,bear_volatile,4,0.26336758230236945,0.2179930795847751,1.2081465283394408,0.0485,0.01904054054054055,tp,0,A2b
2025-12-28,KRW-LPT,bear_volatile,4,0.26336758230236945,0.2179930795847751,1.2081465283394408,-0.0315,-0.04385937144158508,sl,0,A2b
2025-12-28,KRW-BIGTIME,bear_volatile,4,0.13514363598238624,0.13440972950304048,1.0054602184087362,0.0485,0.0018783783783782883,tp,0,A2b
2025-12-29,KRW-STRAX,bear_volatile,4,0.26336758230236945,0.2707066470958272,0.9728892331525949,-0.0315,0.09265584415584432,sl,1,A2b
2025-12-29,KRW-T,bear_volatile,4,0.26336758230236945,0.3244206773618538,0.8118088663276334,-0.0315,-0.05297058823529405,sl,0,A2b
2025-12-29,KRW-TOSHI,bear_volatile,4,0.26336758230236945,0.3244206773618538,0.8118088663276334,-0.0315,-0.04796017699115046,sl,0,A2b
2025-12-30,KRW-HIVE,bear_volatile,4,0.26336758230236945,0.2707066470958272,0.9728892331525949,-0.0315,-0.04071568627450978,sl,0,A2b
2025-12-30,KRW-ONG,bear_volatile,4,0.26336758230236945,0.2707066470958272,0.9728892331525949,-0.0315,-0.05493511450381677,sl,0,A2b
2025-12-30,KRW-MMT,bear_volatile,4,0.26336758230236945,0.2707066470958272,0.9728892331525949,-0.0315,-0.030318443804034534,sl,0,A2b
2025-12-31,KRW-PUNDIX,bear_volatile,4,0.03396938561543301,0.020549381421681695,1.653061224489796,-0.004432551319648091,-0.004432551319648091,eod,0,A2b
2025-12-31,KRW-SONIC,bear_volatile,4,0.13514363598238624,0.13440972950304048,1.0054602184087362,0.0485,0.04611904761904767,tp,0,A2b
2025-12-31,KRW-ZETA,bear_volatile,4,0.13514363598238624,0.13440972950304048,1.0054602184087362,-0.0315,-0.06340476190476191,sl,0,A2b
2026-01-01,KRW-BOUNTY,bear_volatile,4,0.26336758230236945,0.2707066470958272,0.9728892331525949,-0.0315,-0.01789344262295084,sl,0,A2b
2026-01-01,KRW-SONIC,bear_volatile,4,0.26336758230236945,0.2707066470958272,0.9728892331525949,-0.0315,0.016848623853210898,sl,0,A2b
2026-01-01,KRW-0G,bear_volatile,4,0.26336758230236945,0.3244206773618538,0.8118088663276334,-0.0315,-0.009885744234800873,sl,0,A2b
2026-01-14,KRW-DRIFT,bear_volatile,4,0.26336758230236945,0.2179930795847751,1.2081465283394408,0.0485,0.09808506224066399,tp,0,A2b
2026-01-14,KRW-ETH,bear_volatile,4,0.023275319773537428,0.020549381421681695,1.1326530612244896,0.007943646068569179,0.007943646068569179,eod,0,A2b
2026-01-14,KRW-ARK,bear_volatile,4,0.06521283287901028,0.05871251834766198,1.1107142857142858,-0.0037988505747126853,-0.0037988505747126853,eod,0,A2b
2026-01-02,KRW-TIA,bear_quiet,4,0.26336758230236945,0.2179930795847751,1.2081465283394408,0.0485,0.053748618784530466,tp,0,A2b
2026-01-02,KRW-TOSHI,bear_quiet,4,0.06521283287901028,0.05871251834766198,1.1107142857142858,0.0485,0.10699056603773577,tp,0,A2b
2026-01-02,KRW-AERO,bear_quiet,4,0.26336758230236945,0.2707066470958272,0.9728892331525949,0.0485,0.1990856515373352,tp,1,A2b
2026-01-03,KRW-WLFI,bear_quiet,4,0.04445842508126245,0.020549381421681695,2.163492134821843,-0.0315,0.11010714285714279,sl,0,A2b
2026-01-03,KRW-LINK,bear_quiet,4,0.03396938561543301,0.020549381421681695,1.653061224489796,-0.0035844189682126535,-0.0035844189682126535,eod,0,A2b
2026-01-03,KRW-MET2,bear_quiet,4,0.26336758230236945,0.2179930795847751,1.2081465283394408,0.008303921568627417,0.008303921568627417,eod,0,A2b
2026-01-04,KRW-AUCTION,bear_quiet,4,0.023275319773537428,0.020549381421681695,1.1326530612244896,0.006985639686684144,0.006985639686684144,eod,0,A2b
2026-01-04,KRW-BARD,bear_quiet,4,0.023275319773537428,0.020549381421681695,1.1326530612244896,0.002726542688081203,0.002726542688081203,eod,0,A2b
2026-01-04,KRW-CRO,bear_quiet,4,0.023275319773537428,0.020549381421681695,1.1326530612244896,0.0485,0.07436206896551717,tp,0,A2b
2026-01-05,KRW-QKC,bear_quiet,4,0.13514363598238624,0.10401593792597252,1.299258927786308,0.022732633279482883,0.022732633279482883,eod,0,A2b
2026-01-05,KRW-ENS,bear_quiet,4,0.023275319773537428,0.020549381421681695,1.1326530612244896,0.0485,0.054239880557398756,tp,0,A2b
2026-01-05,KRW-LINK,bear_quiet,4,0.023275319773537428,0.020549381421681695,1.1326530612244896,0.0485,0.03711997940267758,tp,0,A2b
2026-01-06,KRW-MLK,bear_quiet,4,0.04445842508126245,0.020549381421681695,2.163492134821843,0.0485,0.09109259259259256,tp,0,A2b
2026-01-06,KRW-SIGN,bear_quiet,4,0.09311104120792701,0.05871251834766198,1.5858805554307285,-0.0315,-0.013695121951219412,sl,0,A2b
2026-01-06,KRW-MINA,bear_quiet,4,0.26336758230236945,0.2707066470958272,0.9728892331525949,-0.0315,-0.024056390977443665,sl,0,A2b
2026-01-07,KRW-ERA,bear_quiet,4,0.06521283287901028,0.05871251834766198,1.1107142857142858,0.0485,-0.024080645161290326,tp,0,A2b
2026-01-07,KRW-ONG,bear_quiet,4,0.09311104120792701,0.10401593792597252,0.8951612903225806,-0.0315,-0.0235588235294118,sl,0,A2b
2026-01-07,KRW-ANIME,bear_quiet,4,0.09311104120792701,0.10401593792597252,0.8951612903225806,0.0485,0.03553703703703698,tp,0,A2b
2026-01-08,KRW-ERA,bear_quiet,4,0.06521283287901028,0.05871251834766198,1.1107142857142858,0.0485,-0.01133606557377048,tp,0,A2b
2026-01-08,KRW-HIVE,bear_quiet,4,0.26336758230236945,0.2707066470958272,0.9728892331525949,-0.0315,0.01736792452830188,sl,0,A2b
2026-01-08,KRW-ANIME,bear_quiet,4,0.26336758230236945,0.2707066470958272,0.9728892331525949,0.0485,0.07958108108108114,tp,0,A2b
2026-01-09,KRW-PUNDIX,bear_quiet,4,0.13514363598238624,0.10401593792597252,1.299258927786308,-0.01469261213720313,-0.01469261213720313,eod,0,A2b
2026-01-09,KRW-AGLD,bear_quiet,4,0.26336758230236945,0.2179930795847751,1.2081465283394408,0.02355694760820054,0.02355694760820054,eod,0,A2b
2026-01-09,KRW-SONIC,bear_quiet,4,0.26336758230236945,0.3244206773618538,0.8118088663276334,0.0485,-0.048744094488189005,tp,0,A2b
2026-01-10,KRW-GLM,bear_quiet,4,0.26336758230236945,0.2707066470958272,0.9728892331525949,0.022140661938534312,0.022140661938534312,eod,0,A2b
2026-01-10,KRW-BLAST,bear_quiet,4,0.26336758230236945,0.3244206773618538,0.8118088663276334,-0.0315,-0.03275,sl,0,A2b
2026-01-10,KRW-STORJ,bear_quiet,4,0.26336758230236945,0.3244206773618538,0.8118088663276334,-0.0315,-0.03483333333333333,sl,0,A2b
2026-01-11,KRW-ZETA,bear_quiet,4,0.26336758230236945,0.2179930795847751,1.2081465283394408,0.0485,-0.027586956521739092,tp,0,A2b
2026-01-11,KRW-AWE,bear_quiet,4,0.023275319773537428,0.020549381421681695,1.1326530612244896,-0.0315,-0.05185128805620626,sl,0,A2b
2026-01-11,KRW-DKA,bear_quiet,4,0.26336758230236945,0.2707066470958272,0.9728892331525949,-0.0315,-0.06073694779116484,sl,0,A2b
2026-01-12,KRW-POKT,bear_quiet,4,0.26336758230236945,0.2179930795847751,1.2081465283394408,-0.0315,-0.07575742574257421,sl,0,A2b
2026-01-12,KRW-MET2,bear_quiet,4,0.09311104120792701,0.10401593792597252,0.8951612903225806,-0.0315,-0.02740673575129532,sl,1,A2b
2026-01-12,KRW-PUMP,bear_quiet,4,0.26336758230236945,0.3244206773618538,0.8118088663276334,-0.0315,0.018330028328611914,sl,0,A2b
2026-01-13,KRW-GLM,bear_quiet,4,0.26336758230236945,0.2707066470958272,0.9728892331525949,0.0485,0.03892553191489362,tp,0,A2b
2026-01-13,KRW-RENDER,bear_quiet,4,0.26336758230236945,0.3244206773618538,0.8118088663276334,-0.0143571428571429,-0.0143571428571429,eod,0,A2b
2026-01-13,KRW-HP,bear_quiet,4,0.13514363598238624,0.2179930795847751,0.6199446158557083,-0.0315,0.010195906432748427,sl,0,A2b
2026-01-15,KRW-WAL,bear_quiet,4,0.26336758230236945,0.2707066470958272,0.9728892331525949,-0.0315,-0.053002145922746824,sl,0,A2b
2026-01-15,KRW-AERO,bear_quiet,4,0.26336758230236945,0.2707066470958272,0.9728892331525949,-0.0315,-0.07124128233970756,sl,0,A2b
2026-01-15,KRW-BIGTIME,bear_quiet,4,0.26336758230236945,0.2707066470958272,0.9728892331525949,-0.0315,-0.06968181818181834,sl,0,A2b
2026-01-16,KRW-GMT,bear_quiet,4,0.26336758230236945,0.2707066470958272,0.9728892331525949,0.0485,0.04830842911877392,tp,0,A2b
2026-01-16,KRW-LA,bear_quiet,4,0.26336758230236945,0.3244206773618538,0.8118088663276334,-0.0315,-0.007869426751592355,sl,0,A2b
2026-01-16,KRW-MOCA,bear_quiet,4,0.26336758230236945,0.3244206773618538,0.8118088663276334,-0.0315,0.019395522388059805,sl,0,A2b
2026-01-17,KRW-1INCH,bear_quiet,4,0.26336758230236945,0.2179930795847751,1.2081465283394408,-0.014052301255230102,-0.014052301255230102,eod,0,A2b
2026-01-17,KRW-XTZ,bear_quiet,4,0.26336758230236945,0.2179930795847751,1.2081465283394408,-0.0315,-0.031040481400437636,sl,0,A2b
2026-01-17,KRW-AGLD,bear_quiet,4,0.26336758230236945,0.2179930795847751,1.2081465283394408,0.0485,0.027197571743929283,tp,0,A2b
2026-01-18,KRW-TT,bear_quiet,4,0.26336758230236945,0.18106521283287902,1.4545454545454544,-0.0315,-0.04937234042553179,sl,0,A2b
2026-01-18,KRW-IMX,bear_quiet,4,0.26336758230236945,0.2179930795847751,1.2081465283394408,-0.0315,-0.06786155606407324,sl,0,A2b
2026-01-18,KRW-BIGTIME,bear_quiet,4,0.26336758230236945,0.2707066470958272,0.9728892331525949,0.0485,-0.015123978201634856,tp,0,A2b
2026-01-19,KRW-BIO,bear_quiet,4,0.26336758230236945,0.3244206773618538,0.8118088663276334,-0.0315,0.018789855072463946,sl,0,A2b
2026-01-19,KRW-BLAST,bear_quiet,4,0.26336758230236945,0.3244206773618538,0.8118088663276334,-0.0315,-0.06601612903225812,sl,0,A2b
2026-01-19,KRW-BLUR,bear_quiet,4,0.26336758230236945,0.3244206773618538,0.8118088663276334,-0.0315,-0.08467929759704246,sl,0,A2b
2026-04-26,KRW-AUCTION,bear_quiet,5,0.04946117712075159,0.022840302081414625,2.165522020875487,-0.011738907849829392,-0.011738907849829392,eod,0,A2b
2026-04-26,KRW-AWE,bear_quiet,5,0.27122858721679866,0.28218824829618716,0.9611618798955612,0.0485,0.008364364981504448,tp,0,A2b
2026-04-26,KRW-FLOCK,bear_quiet,5,0.27122858721679866,0.3481624758220503,0.7790287755060272,-0.0315,-0.024272277227722794,sl,0,A2b
2026-04-27,KRW-SKR,bear_quiet,5,0.27122858721679866,0.3481624758220503,0.7790287755060272,-0.0315,-0.0642450980392158,sl,0,A2b
2026-04-27,KRW-ZKP,bear_quiet,5,0.27122858721679866,0.3481624758220503,0.7790287755060272,-0.0315,-0.06256870229007633,sl,0,A2b
2026-04-27,KRW-ELSA,bear_quiet,5,0.27122858721679866,0.3481624758220503,0.7790287755060272,-0.0315,-0.04737155963302747,sl,0,A2b
2026-04-28,KRW-MANTRA,bear_quiet,5,0.07321790384969608,0.1161462650824353,0.6303939588391358,-0.0315,-0.013922360248447228,sl,0,A2b
2026-04-28,KRW-OPEN,bear_quiet,5,0.27122858721679866,0.44437281267268375,0.610362694300518,0.0485,0.014003875968992276,tp,0,A2b
2026-04-28,KRW-CHZ,bear_quiet,5,0.14173881009393996,0.23330570139080778,0.6075239878365204,-0.0315,-0.09386947791164663,sl,0,A2b
2026-04-29,KRW-WET,bear_quiet,5,0.09615915998894722,0.1161462650824353,0.8279143536875496,-0.0315,-0.015486013986013956,sl,0,A2b
2026-04-29,KRW-VANA,bear_quiet,5,0.27122858721679866,0.3481624758220503,0.7790287755060272,-0.0315,-0.04546092362344584,sl,0,A2b
2026-04-29,KRW-HYPER,bear_quiet,5,0.27122858721679866,0.3481624758220503,0.7790287755060272,0.0485,-0.01825977653631289,tp,0,A2b
2026-04-30,KRW-RAY,bear_quiet,5,0.27122858721679866,0.3481624758220503,0.7790287755060272,-0.0315,0.015377637130801704,sl,0,A2b
2026-04-30,KRW-HYPER,bear_quiet,5,0.27122858721679866,0.3481624758220503,0.7790287755060272,0.0485,0.049636363636363534,tp,0,A2b
2026-04-30,KRW-OPEN,bear_quiet,5,0.27122858721679866,0.44437281267268375,0.610362694300518,-0.0315,-0.03297699757869249,sl,0,A2b
2026-05-01,KRW-AWE,bear_quiet,5,0.27122858721679866,0.18649843433413152,1.4543209876543208,-0.0315,-0.055287047200878014,sl,0,A2b
2026-05-01,KRW-SOMI,bear_quiet,5,0.27122858721679866,0.23330570139080778,1.1625459026501315,-0.0315,-0.0372142857142857,sl,0,A2b
2026-05-01,KRW-ZKP,bear_quiet,5,0.27122858721679866,0.3481624758220503,0.7790287755060272,0.0485,0.04850000000000004,tp,0,A2b
2026-05-02,KRW-FLUID,bear_quiet,5,0.27122858721679866,0.3481624758220503,0.7790287755060272,-0.0315,-0.03757620591811922,sl,0,A2b
2026-05-02,KRW-HYPER,bear_quiet,5,0.27122858721679866,0.3481624758220503,0.7790287755060272,-0.0315,-0.03464917127071826,sl,0,A2b
2026-05-02,KRW-ZKP,bear_quiet,5,0.27122858721679866,0.3481624758220503,0.7790287755060272,-0.0315,0.030500000000000027,sl,0,A2b
2026-05-03,KRW-ARKM,bear_quiet,5,0.27122858721679866,0.28218824829618716,0.9611618798955612,-0.0315,-0.023478021978022012,sl,0,A2b
2026-05-03,KRW-AKT,bear_quiet,5,0.14173881009393996,0.18649843433413152,0.76,0.0485,0.09838109393579081,tp,1,A2b
2026-05-03,KRW-INJ,bear_quiet,5,0.14173881009393996,0.18649843433413152,0.76,-0.017443312666076183,-0.017443312666076183,eod,0,A2b
2026-05-04,KRW-BAT,bear_quiet,5,0.27122858721679866,0.23330570139080778,1.1625459026501315,-0.0315,-0.03923584905660377,sl,0,A2b
2026-05-04,KRW-ELSA,bear_quiet,5,0.27122858721679866,0.28218824829618716,0.9611618798955612,-0.0315,-0.0438728813559322,sl,0,A2b
2026-05-04,KRW-IN,bear_quiet,5,0.09615915998894722,0.14523853379996315,0.6620774630057,-0.0315,-0.0015,sl,0,A2b
2026-05-05,KRW-WLFI,bear_quiet,5,0.27122858721679866,0.44437281267268375,0.610362694300518,0.01970890774125139,0.01970890774125139,eod,0,A2b
2026-05-05,KRW-ELSA,bear_quiet,5,0.14173881009393996,0.23330570139080778,0.6075239878365204,-0.0315,-0.04574778761061943,sl,0,A2b
2026-05-05,KRW-HOLO,bear_quiet,5,0.09615915998894722,0.18649843433413152,0.5156030415604884,0.010935233160621895,0.010935233160621895,eod,0,A2b
2026-05-06,KRW-ADA,bear_quiet,5,0.025511143857063916,0.022840302081414625,1.1169354838709677,0.0036546391752577136,0.0036546391752577136,eod,0,A2b
2026-05-06,KRW-ETC,bear_quiet,5,0.025511143857063916,0.022840302081414625,1.1169354838709677,0.03228378378378377,0.03228378378378377,eod,0,A2b
2026-05-06,KRW-LINK,bear_quiet,5,0.025511143857063916,0.022840302081414625,1.1169354838709677,0.01234083044982698,0.01234083044982698,eod,0,A2b
2026-05-07,KRW-ETC,bear_quiet,5,0.035273531037023395,0.022840302081414625,1.5443548387096775,-0.0315,-0.014571895424836554,sl,0,A2b
2026-05-07,KRW-APT,bear_quiet,5,0.025511143857063916,0.022840302081414625,1.1169354838709677,0.00515778961384822,0.00515778961384822,eod,0,A2b
2026-05-07,KRW-ZORA,bear_quiet,5,0.025511143857063916,0.022840302081414625,1.1169354838709677,0.008862694300518172,0.008862694300518172,eod,0,A2b
2026-05-08,KRW-0G,bear_quiet,5,0.025511143857063916,0.022840302081414625,1.1169354838709677,0.024172371638141732,0.024172371638141732,eod,0,A2b
2026-05-08,KRW-MANTRA,bear_quiet,5,0.025511143857063916,0.022840302081414625,1.1169354838709677,0.0485,0.044552631578947344,tp,0,A2b
2026-05-08,KRW-JST,bear_quiet,5,0.14173881009393996,0.14523853379996315,0.9759036144578315,-0.0315,-0.04911904761904767,sl,0,A2b
2026-05-09,KRW-ADA,bear_quiet,5,0.035273531037023395,0.022840302081414625,1.5443548387096775,-0.011425558312655069,-0.011425558312655069,eod,0,A2b
2026-05-09,KRW-ANKR,bear_quiet,5,0.035273531037023395,0.022840302081414625,1.5443548387096775,-0.011984927916120545,-0.011984927916120545,eod,0,A2b
2026-05-09,KRW-AVAX,bear_quiet,5,0.035273531037023395,0.022840302081414625,1.5443548387096775,0.0032912388774811187,0.0032912388774811187,eod,0,A2b
2026-05-10,KRW-EDGE,bear_quiet,5,0.09615915998894722,0.1161462650824353,0.8279143536875496,-0.007488023952095855,-0.007488023952095855,eod,0,A2b
2026-05-10,KRW-LAYER,bear_quiet,5,0.27122858721679866,0.3481624758220503,0.7790287755060272,0.0485,0.24339795918367352,tp,1,A2b
2026-05-10,KRW-AERO,bear_quiet,5,0.27122858721679866,0.3481624758220503,0.7790287755060272,0.0485,0.03747849462365599,tp,0,A2b
2026-05-11,KRW-AUCTION,bear_quiet,5,0.04946117712075159,0.022840302081414625,2.165522020875487,-0.025417259211376886,-0.025417259211376886,eod,0,A2b
2026-05-11,KRW-GAS,bear_quiet,5,0.035273531037023395,0.022840302081414625,1.5443548387096775,-0.00534911470361815,-0.00534911470361815,eod,0,A2b
2026-05-11,KRW-ERA,bear_quiet,5,0.14173881009393996,0.1161462650824353,1.2203475505074592,0.012136363636363669,0.012136363636363669,eod,0,A2b
2026-05-12,KRW-META,bear_quiet,5,0.07321790384969608,0.022840302081414625,3.2056451612903225,-0.014833333333333308,-0.014833333333333308,eod,0,A2b
2026-05-12,KRW-AXS,bear_quiet,5,0.07321790384969608,0.06806041628292503,1.0757780784844384,-0.0315,-0.052500953288846575,sl,0,A2b
2026-05-12,KRW-TT,bear_quiet,5,0.07321790384969608,0.06806041628292503,1.0757780784844384,-0.0315,-0.03007142857142847,sl,0,A2b
2026-05-13,KRW-FF,bear_quiet,5,0.27122858721679866,0.28218824829618716,0.9611618798955612,-0.0315,0.07542307692307687,sl,0,A2b
2026-05-13,KRW-JTO,bear_quiet,5,0.27122858721679866,0.3481624758220503,0.7790287755060272,0.0485,0.046252808988763994,tp,0,A2b
2026-05-13,KRW-ATOM,bear_quiet,5,0.09615915998894722,0.14523853379996315,0.6620774630057,0.0485,-0.03158962868117793,tp,0,A2b
2026-05-14,KRW-TIA,bear_quiet,5,0.27122858721679866,0.44437281267268375,0.610362694300518,0.0485,0.017816493313521475,tp,0,A2b
2026-05-14,KRW-AKT,bear_quiet,5,0.27122858721679866,0.44437281267268375,0.610362694300518,-0.0315,-0.0774592795614722,sl,0,A2b
2026-05-14,KRW-FF,bear_quiet,5,0.27122858721679866,0.44437281267268375,0.610362694300518,-0.0315,-0.08086507936507942,sl,0,A2b
2026-05-15,KRW-IMX,bear_quiet,5,0.27122858721679866,0.44437281267268375,0.610362694300518,-0.0315,-0.07816666666666666,sl,0,A2b
2026-05-15,KRW-CPOOL,bear_quiet,5,0.27122858721679866,0.44437281267268375,0.610362694300518,-0.0315,-0.06318224299065417,sl,0,A2b
2026-05-15,KRW-SONIC,bear_quiet,5,0.14173881009393996,0.23330570139080778,0.6075239878365204,-0.0315,-0.06694901065449016,sl,0,A2b
2026-05-16,KRW-ORCA,bear_quiet,5,0.14173881009393996,0.28218824829618716,0.502284595300261,0.0485,0.023350437183617123,tp,0,A2b
2026-05-16,KRW-LAYER,bear_quiet,5,0.09615915998894722,0.23330570139080778,0.41215949467035135,-0.0315,-0.015486013986013956,sl,0,A2b
2026-05-16,KRW-FLOCK,bear_quiet,5,0.14173881009393996,0.3481624758220503,0.4071053601031498,-0.0315,-0.05402525252525253,sl,0,A2b
2026-05-17,KRW-DKA,bear_quiet,5,0.27122858721679866,0.3481624758220503,0.7790287755060272,-0.0315,-0.05309165751920958,sl,0,A2b
2026-05-17,KRW-KITE,bear_quiet,5,0.27122858721679866,0.3481624758220503,0.7790287755060272,0.004769592476489061,0.004769592476489061,eod,0,A2b
2026-05-17,KRW-ATOM,bear_quiet,5,0.14173881009393996,0.18649843433413152,0.76,-0.005767892317793786,-0.005767892317793786,eod,0,A2b
2026-05-18,KRW-KAITO,bear_quiet,5,0.27122858721679866,0.28218824829618716,0.9611618798955612,-0.0315,-0.01654787961696308,sl,0,A2b
2026-05-18,KRW-FF,bear_quiet,5,0.27122858721679866,0.3481624758220503,0.7790287755060272,0.0485,-0.0093125,tp,0,A2b
2026-05-18,KRW-META,bear_quiet,5,0.27122858721679866,0.44437281267268375,0.610362694300518,-0.0315,-0.09906097560975596,sl,0,A2b
2026-05-19,KRW-AKT,bear_quiet,5,0.27122858721679866,0.44437281267268375,0.610362694300518,-0.0315,-0.047614432109308324,sl,0,A2b
2026-05-19,KRW-BIO,bear_quiet,5,0.27122858721679866,0.44437281267268375,0.610362694300518,-0.0315,-0.1327607944732297,sl,0,A2b
2026-05-19,KRW-CFG,bear_quiet,5,0.27122858721679866,0.44437281267268375,0.610362694300518,-0.0315,-0.0750632183908046,sl,0,A2b
2026-05-20,KRW-STORJ,bear_quiet,5,0.27122858721679866,0.3481624758220503,0.7790287755060272,-0.0315,-0.024621387283236984,sl,0,A2b
2026-05-20,KRW-COMP,bear_quiet,5,0.14173881009393996,0.18649843433413152,0.76,-0.013264705882352899,-0.013264705882352899,eod,0,A2b
2026-05-20,KRW-OPEN,bear_quiet,5,0.27122858721679866,0.44437281267268375,0.610362694300518,-0.0315,-0.007730529595015577,sl,0,A2b
2026-05-21,KRW-KAITO,bear_quiet,5,0.14173881009393996,0.1161462650824353,1.2203475505074592,0.0485,0.10204609929078018,tp,0,A2b
2026-05-21,KRW-ORCA,bear_quiet,5,0.09615915998894722,0.1161462650824353,0.8279143536875496,-0.0315,0.01254494382022481,sl,0,A2b
2026-05-21,KRW-OPEN,bear_quiet,5,0.27122858721679866,0.3481624758220503,0.7790287755060272,0.0485,-0.07697169811320753,tp,0,A2b
2026-05-22,KRW-SOMI,bear_quiet,5,0.27122858721679866,0.23330570139080778,1.1625459026501315,-0.0315,-0.04515079365079361,sl,0,A2b
2026-05-22,KRW-ALT,bear_quiet,5,0.27122858721679866,0.23330570139080778,1.1625459026501315,0.0485,0.14664814814814814,tp,1,A2b
2026-05-22,KRW-AXS,bear_quiet,5,0.025511143857063916,0.022840302081414625,1.1169354838709677,-0.0315,-0.035094624860022405,sl,0,A2b
2026-05-23,KRW-2Z,bear_quiet,5,0.27122858721679866,0.3481624758220503,0.7790287755060272,-0.0015,-0.0015,eod,0,A2b
2026-05-23,KRW-MOCA,bear_quiet,5,0.07321790384969608,0.1161462650824353,0.6303939588391358,0.0485,0.05141005291005302,tp,0,A2b
2026-05-23,KRW-SAFE,bear_quiet,5,0.27122858721679866,0.44437281267268375,0.610362694300518,-0.0315,0.021435779816513734,sl,0,A2b
2026-05-24,KRW-ZORA,bear_quiet,5,0.27122858721679866,0.18649843433413152,1.4543209876543208,-0.0315,-0.04243567251462005,sl,0,A2b
2026-05-24,KRW-ENSO,bear_quiet,5,0.025511143857063916,0.022840302081414625,1.1169354838709677,-0.0315,-0.027141025641025662,sl,0,A2b
2026-05-24,KRW-ONG,bear_quiet,5,0.025511143857063916,0.022840302081414625,1.1169354838709677,-0.0315,-0.044637254901960854,sl,0,A2b
2026-05-25,KRW-RED,bear_quiet,5,0.14173881009393996,0.14523853379996315,0.9759036144578315,0.0485,0.03421428571428581,tp,0,A2b
2026-05-25,KRW-ALT,bear_quiet,5,0.27122858721679866,0.3481624758220503,0.7790287755060272,-0.0315,-0.0629035087719299,sl,0,A2b
2026-05-25,KRW-PROVE,bear_quiet,5,0.27122858721679866,0.3481624758220503,0.7790287755060272,-0.014158227848101222,-0.014158227848101222,eod,0,A2b
2026-05-26,KRW-LA,bear_quiet,5,0.27122858721679866,0.18649843433413152,1.4543209876543208,-0.0315,-0.05831818181818177,sl,0,A2b
2026-05-26,KRW-RENDER,bear_quiet,5,0.27122858721679866,0.3481624758220503,0.7790287755060272,0.0485,0.04223267631659994,tp,0,A2b
2026-05-26,KRW-INJ,bear_quiet,5,0.27122858721679866,0.3481624758220503,0.7790287755060272,-0.0315,-0.006828596802841922,sl,0,A2b
2026-05-27,KRW-JTO,bear_quiet,5,0.27122858721679866,0.3481624758220503,0.7790287755060272,-0.0315,0.04419190600522188,sl,0,A2b
2026-05-27,KRW-FF,bear_quiet,5,0.27122858721679866,0.3481624758220503,0.7790287755060272,-0.0315,0.07707142857142851,sl,0,A2b
2026-05-27,KRW-ARKM,bear_quiet,5,0.27122858721679866,0.44437281267268375,0.610362694300518,-0.0315,-0.06317400881057272,sl,0,A2b
2026-05-28,KRW-ALT,bear_quiet,5,0.27122858721679866,0.44437281267268375,0.610362694300518,-0.0315,-0.0907857142857143,sl,0,A2b
2026-05-28,KRW-ICP,bear_quiet,5,0.27122858721679866,0.44437281267268375,0.610362694300518,-0.0315,-0.035016878142207275,sl,0,A2b
2026-05-28,KRW-GRT,bear_quiet,5,0.14173881009393996,0.23330570139080778,0.6075239878365204,-0.0315,-0.026375621890547263,sl,0,A2b
2026-05-29,KRW-BAT,bear_quiet,5,0.27122858721679866,0.3481624758220503,0.7790287755060272,0.0485,0.09052453987730052,tp,0,A2b
2026-05-29,KRW-MON,bear_quiet,5,0.27122858721679866,0.3481624758220503,0.7790287755060272,-0.0315,-0.035113445378151364,sl,0,A2b
2026-05-29,KRW-XPL,bear_quiet,5,0.27122858721679866,0.3481624758220503,0.7790287755060272,0.0485,-0.06532978723404254,tp,0,A2b
2026-05-30,KRW-NEWT,bear_quiet,5,0.27122858721679866,0.23330570139080778,1.1625459026501315,-0.0315,-0.057574766355140194,sl,0,A2b
2026-05-30,KRW-BARD,bear_quiet,5,0.14173881009393996,0.14523853379996315,0.9759036144578315,-0.0315,-0.022189655172413836,sl,0,A2b
2026-05-30,KRW-IOTA,bear_quiet,5,0.27122858721679866,0.3481624758220503,0.7790287755060272,0.0485,-0.05103560371517041,tp,0,A2b
2026-05-31,KRW-RENDER,bear_quiet,5,0.27122858721679866,0.23330570139080778,1.1625459026501315,-0.0315,-0.018763427109974418,sl,0,A2b
2026-05-31,KRW-VET,bear_quiet,5,0.14173881009393996,0.14523853379996315,0.9759036144578315,-0.009234806629834278,-0.009234806629834278,eod,0,A2b
2026-05-31,KRW-ZK,bear_quiet,5,0.27122858721679866,0.28218824829618716,0.9611618798955612,-0.0315,-0.0015,sl,0,A2b
2026-06-01,KRW-INJ,bear_quiet,5,0.27122858721679866,0.3481624758220503,0.7790287755060272,-0.010322003113648113,-0.010322003113648113,eod,0,A2b
2026-06-01,KRW-MANTRA,bear_quiet,5,0.27122858721679866,0.3481624758220503,0.7790287755060272,0.02950775193798455,0.02950775193798455,eod,0,A2b
2026-06-01,KRW-LAYER,bear_quiet,5,0.015473887814313346,0.022840302081414625,0.6774817495476384,-0.0015,-0.0015,eod,0,A2b
2024-04-03,KRW-BTC,bull_volatile,0,0.0,0.15482652820391787,0.0,0.0031745026183461213,0.0031745026183461213,eod,0,A2c
2024-04-04,KRW-BTC,bull_volatile,0,0.0,0.0066068900424728644,0.0,0.028126328988000326,0.028126328988000326,eod,0,A2c
2024-04-05,KRW-BTC,bull_volatile,0,0.0,0.0066068900424728644,0.0,-0.012068656041027746,-0.012068656041027746,eod,0,A2c
2024-04-06,KRW-BTC,bull_volatile,0,0.0,0.0219443133553563,0.0,0.004984728363063575,0.004984728363063575,eod,0,A2c
2024-04-07,KRW-BTC,bull_volatile,0,0.0,0.0066068900424728644,0.0,0.002227272727272801,0.002227272727272801,eod,0,A2c
2024-04-08,KRW-BTC,bull_volatile,0,0.0,0.0066068900424728644,0.0,0.025993483883303636,0.025993483883303636,eod,0,A2c
2024-04-09,KRW-BTC,bull_volatile,0,0.0,0.0066068900424728644,0.0,-0.0315,-0.02795761881430675,sl,0,A2c
2024-04-10,KRW-BTC,bull_volatile,0,0.0,0.0066068900424728644,0.0,0.010480806566809888,0.010480806566809888,eod,0,A2c
2024-04-11,KRW-BTC,bull_volatile,0,0.0,0.0066068900424728644,0.0,-0.002096415542589046,-0.002096415542589046,eod,0,A2c
2024-04-12,KRW-BTC,bull_volatile,0,0.0,0.0066068900424728644,0.0,-0.009118706610172831,-0.009118706610172831,eod,0,A2c
2024-04-13,KRW-BTC,bull_volatile,0,0.0,0.0066068900424728644,0.0,-0.0315,-0.026548923679060643,sl,0,A2c
2024-04-14,KRW-BTC,bull_volatile,0,0.0,0.0219443133553563,0.0,0.017162519440124424,0.017162519440124424,eod,0,A2c
2024-04-15,KRW-BTC,bull_volatile,0,0.0,0.0066068900424728644,0.0,-0.0315,-0.025799764482315968,sl,0,A2c
2024-04-16,KRW-BTC,bull_volatile,0,0.0,0.0370545197073401,0.0,-0.0315,-0.011165388998238877,sl,0,A2c
2024-04-17,KRW-BTC,bull_volatile,0,0.0,0.0219443133553563,0.0,-0.0315,-0.04520430034415307,sl,0,A2c
2024-04-18,KRW-BTC,bull_volatile,0,0.0,0.15482652820391787,0.0,0.01946479620293312,0.01946479620293312,eod,0,A2c
2024-04-19,KRW-BTC,bull_volatile,0,0.0,0.0219443133553563,0.0,-0.0315,-0.001521415110502021,sl,0,A2c
2024-04-20,KRW-BTC,bull_volatile,0,0.0,0.0370545197073401,0.0,0.013651515151515138,0.013651515151515138,eod,0,A2c
2024-04-21,KRW-BTC,bull_quiet,0,0.0,0.0066068900424728644,0.0,-0.0012047659215521076,-0.0012047659215521076,eod,0,A2c
2024-04-22,KRW-BTC,bull_quiet,0,0.0,0.0066068900424728644,0.0,0.02253304148096641,0.02253304148096641,eod,0,A2c
2024-04-23,KRW-BTC,bull_quiet,0,0.0,0.0066068900424728644,0.0,-0.013779023848455916,-0.013779023848455916,eod,0,A2c
2024-04-24,KRW-BTC,bull_quiet,0,0.0,0.0066068900424728644,0.0,-0.0315,-0.027907552747447217,sl,0,A2c
2024-04-25,KRW-BTC,bull_quiet,0,0.0,0.0066068900424728644,0.0,-0.00978699743370398,-0.00978699743370398,eod,0,A2c
2024-04-26,KRW-BTC,bull_quiet,0,0.0,0.0066068900424728644,0.0,-0.01023211802373841,-0.01023211802373841,eod,0,A2c
2024-04-27,KRW-BTC,bull_quiet,0,0.0,0.0066068900424728644,0.0,-0.006458947311184847,-0.006458947311184847,eod,0,A2c
2024-04-28,KRW-BTC,bull_quiet,0,0.0,0.0066068900424728644,0.0,-0.012090279675187663,-0.012090279675187663,eod,0,A2c
2024-04-29,KRW-BTC,bull_quiet,0,0.0,0.0370545197073401,0.0,0.008076618470612975,0.008076618470612975,eod,0,A2c
2024-04-30,KRW-BTC,bull_quiet,0,0.0,0.0219443133553563,0.0,-0.0315,-0.048141137855579885,sl,0,A2c
2024-05-01,KRW-BTC,bull_quiet,0,0.0,0.2846353552041539,0.0,-0.0315,-0.043415274463007136,sl,0,A2c
2024-05-02,KRW-BTC,bull_volatile,0,0.0011798017932987258,0.19395941481831053,0.006082725060827251,-0.0315,-0.006541976550617333,sl,0,A2c
2024-05-03,KRW-BTC,bull_quiet,0,0.0,0.06347333647947145,0.0,0.0485,0.07305232502166176,tp,0,A2c
2024-05-04,KRW-BTC,bull_volatile,0,0.0,0.0066068900424728644,0.0,0.009833729043240704,0.009833729043240704,eod,0,A2c
2024-05-05,KRW-BTC,bull_volatile,0,0.0,0.0066068900424728644,0.0,-0.004179866671096209,-0.004179866671096209,eod,0,A2c
2024-05-06,KRW-BTC,bull_volatile,0,0.0011798017932987258,0.0066068900424728644,0.17857142857142858,-0.015884017758046654,-0.015884017758046654,eod,0,A2c
2024-05-07,KRW-BTC,bull_volatile,0,0.0011798017932987258,0.0066068900424728644,0.17857142857142858,-0.01484760081099351,-0.01484760081099351,eod,0,A2c
2024-05-08,KRW-BTC,bull_volatile,0,0.0011798017932987258,0.0066068900424728644,0.17857142857142858,-0.021170072492722236,-0.021170072492722236,eod,0,A2c
2024-05-09,KRW-BTC,bull_volatile,0,0.0011798017932987258,0.0066068900424728644,0.17857142857142858,0.024631917272219195,0.024631917272219195,eod,0,A2c
2024-05-10,KRW-BTC,bull_volatile,0,0.003540240736370073,0.0066068900424728644,0.5358407228834418,-0.0315,-0.02730689091651911,sl,0,A2c
2024-05-11,KRW-BTC,bull_volatile,0,0.0,0.06347333647947145,0.0,-0.0020941147689941806,-0.0020941147689941806,eod,0,A2c
2024-05-12,KRW-BTC,bull_volatile,0,0.0,0.0370545197073401,0.0,0.00700905106596267,0.00700905106596267,eod,0,A2c
2024-05-13,KRW-BTC,bull_volatile,0,0.0,0.0370545197073401,0.0,0.01476194796638969,0.01476194796638969,eod,0,A2c
2024-05-14,KRW-BTC,bull_volatile,0,0.0011798017932987258,0.0219443133553563,0.053763440860215055,-0.017807685309436605,-0.017807685309436605,eod,0,A2c
2024-05-15,KRW-BTC,bull_volatile,0,0.0,0.0219443133553563,0.0,0.0485,0.06307167953400211,tp,0,A2c
2024-05-16,KRW-BTC,bull_volatile,0,0.03469435921642672,0.1149126946672959,0.3019192902653315,-0.015732827783869474,-0.015732827783869474,eod,0,A2c
2024-05-17,KRW-BTC,bull_volatile,0,0.003540240736370073,0.0370545197073401,0.09554140127388536,0.01839233699182069,0.01839233699182069,eod,0,A2c
2024-05-18,KRW-BTC,bull_volatile,0,0.0,0.0219443133553563,0.0,0.0031852059763364817,0.0031852059763364817,eod,0,A2c
2024-05-19,KRW-BTC,bull_volatile,0,0.0,0.0066068900424728644,0.0,-0.010966400189113155,-0.010966400189113155,eod,0,A2c
2024-05-20,KRW-BTC,bull_volatile,0,0.0,0.0066068900424728644,0.0,0.0485,0.05355234040245166,tp,0,A2c
2024-05-21,KRW-BTC,bull_volatile,0,0.003540240736370073,0.0370545197073401,0.09554140127388536,-0.007257762697923052,-0.007257762697923052,eod,0,A2c
2024-05-22,KRW-BTC,bull_volatile,0,0.0011798017932987258,0.0370545197073401,0.03183961909685797,-0.014899919352337197,-0.014899919352337197,eod,0,A2c
2024-05-23,KRW-BTC,bull_volatile,0,0.0011798017932987258,0.0066068900424728644,0.17857142857142858,-0.006960014043030314,-0.006960014043030314,eod,0,A2c
2024-05-24,KRW-BTC,bull_volatile,0,0.0011798017932987258,0.0066068900424728644,0.17857142857142858,0.001840463871355226,0.001840463871355226,eod,0,A2c
2024-05-25,KRW-BTC,bull_volatile,0,0.0,0.0066068900424728644,0.0,0.009275726258743568,0.009275726258743568,eod,0,A2c
2024-05-26,KRW-BTC,bull_volatile,0,0.0,0.0066068900424728644,0.0,-0.00804613466334164,-0.00804613466334164,eod,0,A2c
2024-05-27,KRW-BTC,bull_volatile,0,0.0,0.0066068900424728644,0.0,0.0028499173933956303,0.0028499173933956303,eod,0,A2c
2024-05-28,KRW-BTC,bull_volatile,0,0.0,0.0066068900424728644,0.0,-0.016596304008328955,-0.016596304008328955,eod,0,A2c
2024-05-29,KRW-BTC,bull_volatile,0,0.0,0.0219443133553563,0.0,-0.009360206647368306,-0.009360206647368306,eod,0,A2c
2024-05-30,KRW-BTC,bull_volatile,0,0.0,0.0219443133553563,0.0,0.009499893515067694,0.009499893515067694,eod,0,A2c
2024-05-31,KRW-BTC,bull_volatile,0,0.0,0.0219443133553563,0.0,-0.006710526315789443,-0.006710526315789443,eod,0,A2c
2024-06-01,KRW-BTC,bull_volatile,0,0.0,0.0219443133553563,0.0,0.0007856175399983414,0.0007856175399983414,eod,0,A2c
2024-06-02,KRW-BTC,bull_volatile,0,0.0,0.0219443133553563,0.0,0.001011555264768539,0.001011555264768539,eod,0,A2c
2024-06-03,KRW-BTC,bull_quiet,0,0.0,0.0219443133553563,0.0,0.008963157894736952,0.008963157894736952,eod,0,A2c
2024-06-04,KRW-BTC,bull_quiet,0,0.0,0.0066068900424728644,0.0,0.014188480530033023,0.014188480530033023,eod,0,A2c
2024-06-05,KRW-BTC,bull_quiet,0,0.0,0.0066068900424728644,0.0,0.007680428761924376,0.007680428761924376,eod,0,A2c
2024-06-06,KRW-BTC,bull_quiet,0,0.0,0.0066068900424728644,0.0,-0.0020183717030035062,-0.0020183717030035062,eod,0,A2c
2024-06-07,KRW-BTC,bull_quiet,0,0.0,0.0066068900424728644,0.0,-0.005588648406749273,-0.005588648406749273,eod,0,A2c
2024-06-08,KRW-BTC,bull_quiet,0,0.0,0.0066068900424728644,0.0,0.0006037796546123921,0.0006037796546123921,eod,0,A2c
2024-06-09,KRW-BTC,bull_quiet,0,0.0,0.0066068900424728644,0.0,-0.003069234845165468,-0.003069234845165468,eod,0,A2c
2024-06-10,KRW-BTC,bull_quiet,0,0.0,0.0066068900424728644,0.0,-0.008715537389138937,-0.008715537389138937,eod,0,A2c
2024-06-11,KRW-BTC,bull_quiet,0,0.0,0.0066068900424728644,0.0,-0.0315,-0.02154543632233058,sl,0,A2c
2024-06-12,KRW-BTC,bull_quiet,0,0.0,0.0066068900424728644,0.0,0.004846442320804835,0.004846442320804835,eod,0,A2c
2024-06-13,KRW-BTC,bull_quiet,0,0.0,0.0066068900424728644,0.0,-0.015259459628494563,-0.015259459628494563,eod,0,A2c
2024-06-14,KRW-BTC,bull_quiet,0,0.0,0.0219443133553563,0.0,-0.00822204959096967,-0.00822204959096967,eod,0,A2c
2024-06-15,KRW-BTC,bull_quiet,0,0.0,0.0066068900424728644,0.0,-0.002234206578065333,-0.002234206578065333,eod,0,A2c
2024-06-16,KRW-BTC,bull_quiet,0,0.0,0.0219443133553563,0.0,0.0017583348418215862,0.0017583348418215862,eod,0,A2c
2024-06-17,KRW-BTC,bull_quiet,0,0.0,0.0066068900424728644,0.0,-0.008197162992602368,-0.008197162992602368,eod,0,A2c
2024-06-18,KRW-BTC,bull_quiet,0,0.0,0.0066068900424728644,0.0,-0.0315,-0.022228931818910336,sl,0,A2c
2024-06-19,KRW-BTC,bull_quiet,0,0.0,0.0066068900424728644,0.0,-0.0025256522166089966,-0.0025256522166089966,eod,0,A2c
2024-06-20,KRW-BTC,bull_quiet,0,0.0,0.0219443133553563,0.0,0.001023238921233517,0.001023238921233517,eod,0,A2c
2024-06-21,KRW-BTC,bull_quiet,0,0.0,0.0066068900424728644,0.0,-0.01752763159328391,-0.01752763159328391,eod,0,A2c
2024-06-22,KRW-BTC,bull_quiet,0,0.0,0.0066068900424728644,0.0,0.004767440315365303,0.004767440315365303,eod,0,A2c
2024-06-23,KRW-BTC,bull_quiet,0,0.0,0.0066068900424728644,0.0,-0.021615764685168515,-0.021615764685168515,eod,0,A2c
2024-06-24,KRW-BTC,bull_quiet,0,0.0,0.40608777725342143,0.0,-0.0315,-0.041948933782267106,sl,0,A2c
2024-06-25,KRW-BTC,bull_quiet,0,0.0011798017932987258,0.06347333647947145,0.018587360594795536,0.021366834317796457,0.021366834317796457,eod,0,A2c
2024-06-26,KRW-BTC,bull_quiet,0,0.0,0.0066068900424728644,0.0,-0.017918371196963323,-0.017918371196963323,eod,0,A2c
2024-06-27,KRW-BTC,bull_quiet,0,0.0,0.0066068900424728644,0.0,0.007699461041676349,0.007699461041676349,eod,0,A2c
2024-06-28,KRW-BTC,bull_quiet,0,0.0,0.0066068900424728644,0.0,-0.021264028776978472,-0.021264028776978472,eod,0,A2c
2024-06-29,KRW-BTC,bull_quiet,0,0.0,0.0066068900424728644,0.0,0.005639753631527635,0.005639753631527635,eod,0,A2c
2024-06-30,KRW-BTC,bull_quiet,0,0.0,0.0066068900424728644,0.0,0.023626799976680435,0.023626799976680435,eod,0,A2c
2024-07-01,KRW-BTC,bull_quiet,0,0.0,0.0066068900424728644,0.0,0.0022875341219291147,0.0022875341219291147,eod,0,A2c
2024-07-02,KRW-BTC,bull_quiet,0,0.0,0.0066068900424728644,0.0,-0.012954922444170012,-0.012954922444170012,eod,0,A2c
2024-07-03,KRW-BTC,bull_quiet,0,0.0,0.0066068900424728644,0.0,-0.0315,-0.02371840265841646,sl,0,A2c
2024-07-04,KRW-BTC,bull_quiet,0,0.0,0.0219443133553563,0.0,-0.0315,-0.04428632618860667,sl,0,A2c
2024-07-05,KRW-BTC,bear_quiet,0,0.009910335063709298,0.40608777725342143,0.02440441603718768,-0.0315,-0.008380509304603377,sl,0,A2c
2024-07-06,KRW-BTC,bear_quiet,0,0.009910335063709298,0.06347333647947145,0.15613382899628253,0.019555745950343983,0.019555745950343983,eod,0,A2c
2024-07-07,KRW-BTC,bull_quiet,0,0.0,0.0066068900424728644,0.0,-0.0315,-0.04317773083886539,sl,0,A2c
2024-07-08,KRW-BTC,bear_quiet,0,0.0,0.0370545197073401,0.0,0.012820440318903671,0.012820440318903671,eod,0,A2c
2024-07-09,KRW-BTC,bear_quiet,0,0.0,0.0066068900424728644,0.0,0.017680362488975032,0.017680362488975032,eod,0,A2c
2024-07-10,KRW-BTC,bear_quiet,0,0.0,0.0066068900424728644,0.0,-0.0032917433540948214,-0.0032917433540948214,eod,0,A2c
2024-07-11,KRW-BTC,bear_quiet,0,0.0,0.0066068900424728644,0.0,-0.011948453482410968,-0.011948453482410968,eod,0,A2c
2024-07-12,KRW-BTC,bear_quiet,0,0.0,0.0066068900424728644,0.0,0.004297458986061433,0.004297458986061433,eod,0,A2c
2024-07-13,KRW-BTC,bear_quiet,0,0.0,0.0066068900424728644,0.0,0.015091455339186823,0.015091455339186823,eod,0,A2c
2024-07-14,KRW-BTC,bear_quiet,0,0.0,0.0066068900424728644,0.0,0.02900626651065724,0.02900626651065724,eod,0,A2c
2024-07-15,KRW-BTC,bull_quiet,0,0.0,0.0066068900424728644,0.0,0.0485,0.06559586796207412,tp,0,A2c
2024-07-16,KRW-BTC,bull_volatile,0,0.003540240736370073,0.0219443133553563,0.1613283896853373,-0.0315,-0.005394166428994538,sl,0,A2c
2024-07-17,KRW-BTC,bull_volatile,0,0.0011798017932987258,0.0219443133553563,0.053763440860215055,-0.016451830443159954,-0.016451830443159954,eod,0,A2c
2024-07-18,KRW-BTC,bull_volatile,0,0.003540240736370073,0.0066068900424728644,0.5358407228834418,0.0028145846373959795,0.0028145846373959795,eod,0,A2c
2024-07-19,KRW-BTC,bull_volatile,0,0.003540240736370073,0.0066068900424728644,0.5358407228834418,0.03360294936004454,0.03360294936004454,eod,0,A2c
2024-07-20,KRW-BTC,bull_volatile,0,0.022888154789995282,0.0066068900424728644,3.4642857142857144,0.009908111479076278,0.009908111479076278,eod,0,A2c
2024-07-21,KRW-BTC,bull_volatile,0,0.003540240736370073,0.0066068900424728644,0.5358407228834418,0.008354049514738561,0.008354049514738561,eod,0,A2c
2024-07-22,KRW-BTC,bull_volatile,0,0.0011798017932987258,0.0219443133553563,0.053763440860215055,-0.008268421052631534,-0.008268421052631534,eod,0,A2c
2024-07-23,KRW-BTC,bull_volatile,0,0.0011798017932987258,0.0066068900424728644,0.17857142857142858,-0.02328524458020448,-0.02328524458020448,eod,0,A2c
2024-07-24,KRW-BTC,bull_volatile,0,0.0,0.0066068900424728644,0.0,-0.009339607911172774,-0.009339607911172774,eod,0,A2c
2024-07-25,KRW-BTC,bull_quiet,0,0.0,0.0066068900424728644,0.0,0.009035403984655912,0.009035403984655912,eod,0,A2c
2024-07-26,KRW-BTC,bull_quiet,0,0.0011798017932987258,0.0066068900424728644,0.17857142857142858,0.022852527710191917,0.022852527710191917,eod,0,A2c
2024-07-27,KRW-BTC,bull_quiet,0,0.0011798017932987258,0.0066068900424728644,0.17857142857142858,-0.005166564524139048,-0.005166564524139048,eod,0,A2c
2024-07-28,KRW-BTC,bull_quiet,0,0.0011798017932987258,0.0066068900424728644,0.17857142857142858,0.009333041837589264,0.009333041837589264,eod,0,A2c
2024-07-29,KRW-BTC,bull_quiet,0,0.0011798017932987258,0.0066068900424728644,0.17857142857142858,-0.01979850151526269,-0.01979850151526269,eod,0,A2c
2024-07-30,KRW-BTC,bull_quiet,0,0.0,0.0066068900424728644,0.0,-0.010228166230436373,-0.010228166230436373,eod,0,A2c
2024-07-31,KRW-BTC,bull_quiet,0,0.0,0.0066068900424728644,0.0,-0.02784982217911408,-0.02784982217911408,eod,0,A2c
2024-08-01,KRW-BTC,bull_volatile,0,0.0,0.0066068900424728644,0.0,0.014471930135257884,0.014471930135257884,eod,0,A2c
2024-08-02,KRW-BTC,bull_volatile,0,0.0,0.0066068900424728644,0.0,-0.0315,-0.05704042423384065,sl,0,A2c
2024-08-03,KRW-BTC,bull_volatile,0,0.0,0.40608777725342143,0.0,-0.009966853537276053,-0.009966853537276053,eod,0,A2c
2024-08-04,KRW-BTC,bear_volatile,0,0.0,0.0370545197073401,0.0,-0.0315,-0.049002152314028435,sl,0,A2c
2024-08-05,KRW-BTC,bear_volatile,0,0.0,0.40608777725342143,0.0,-0.0315,-0.0508214935691515,sl,0,A2c
2024-08-06,KRW-BTC,bear_volatile,0,0.003540240736370073,0.19395941481831053,0.018252482044691445,0.0485,0.029842400946185788,tp,0,A2c
2024-08-07,KRW-BTC,bear_volatile,0,0.0,0.06347333647947145,0.0,-0.0236789786193648,-0.0236789786193648,eod,0,A2c
2024-08-13,KRW-BTC,bear_volatile,1,0.0003598416696653472,0.010255487585462396,0.03508771929824561,0.015241379931976886,0.015241379931976886,eod,0,A2c
2024-08-14,KRW-BTC,bear_volatile,1,0.0003598416696653472,0.010255487585462396,0.03508771929824561,-0.026681174412143738,-0.026681174412143738,eod,0,A2c
2024-08-15,KRW-BTC,bear_volatile,1,0.0003598416696653472,0.010255487585462396,0.03508771929824561,-0.0315,-0.01891872877244055,sl,0,A2c
2024-08-16,KRW-BTC,bear_volatile,1,0.0003598416696653472,0.1297229219143577,0.002773925104022191,0.012874907457677333,0.012874907457677333,eod,0,A2c
2024-08-17,KRW-BTC,bear_volatile,1,0.0021590500179920835,0.1297229219143577,0.016643550624133148,0.006579333211656659,0.006579333211656659,eod,0,A2c
2024-08-18,KRW-BTC,bear_volatile,1,0.0003598416696653472,0.05938456001439626,0.0060595156313040435,-0.017450060974873505,-0.017450060974873505,eod,0,A2c
2024-08-19,KRW-BTC,bear_volatile,1,0.0003598416696653472,0.05938456001439626,0.0060595156313040435,0.0007085889570551131,0.0007085889570551131,eod,0,A2c
2024-08-20,KRW-BTC,bear_volatile,1,0.0003598416696653472,0.0327455919395466,0.010989010989010988,-0.012849445383089684,-0.012849445383089684,eod,0,A2c
2024-08-21,KRW-BTC,bear_volatile,1,0.0003598416696653472,0.0327455919395466,0.010989010989010988,0.02511267352726293,0.02511267352726293,eod,0,A2c
2024-08-22,KRW-BTC,bear_volatile,1,0.0021590500179920835,0.05938456001439626,0.036357093787824264,-0.012320265379975824,-0.012320265379975824,eod,0,A2c
2024-08-23,KRW-BTC,bear_volatile,1,0.0003598416696653472,0.010255487585462396,0.03508771929824561,0.0485,0.04224969516656102,tp,0,A2c
2024-08-24,KRW-BTC,bear_volatile,1,0.005398596364945114,0.010255487585462396,0.5264105016906131,0.0004509345794392896,0.0004509345794392896,eod,0,A2c
2024-08-25,KRW-BTC,bear_volatile,1,0.0021590500179920835,0.010255487585462396,0.2105263157894737,0.003709365203305172,0.003709365203305172,eod,0,A2c
2024-08-26,KRW-BTC,bear_volatile,1,0.0003598416696653472,0.010255487585462396,0.03508771929824561,-0.022743042671614144,-0.022743042671614144,eod,0,A2c
2024-08-27,KRW-BTC,bear_volatile,1,0.0003598416696653472,0.010255487585462396,0.03508771929824561,-0.0315,-0.04246768078855084,sl,0,A2c
2024-08-28,KRW-BTC,bear_volatile,1,0.0003598416696653472,0.1297229219143577,0.002773925104022191,-0.006169722163885059,-0.006169722163885059,eod,0,A2c
2024-08-29,KRW-BTC,bear_volatile,1,0.0003598416696653472,0.0327455919395466,0.010989010989010988,0.0006335185690540825,0.0006335185690540825,eod,0,A2c
2024-08-30,KRW-BTC,bear_volatile,1,0.0003598416696653472,0.0327455919395466,0.010989010989010988,-0.005289708341073727,-0.005289708341073727,eod,0,A2c
2024-08-31,KRW-BTC,bear_volatile,1,0.0003598416696653472,0.010255487585462396,0.03508771929824561,-0.003700425166896669,-0.003700425166896669,eod,0,A2c
2024-09-01,KRW-BTC,bear_volatile,1,0.0003598416696653472,0.010255487585462396,0.03508771929824561,-0.026394146948941433,-0.026394146948941433,eod,0,A2c
2024-09-02,KRW-BTC,bear_volatile,1,0.0003598416696653472,0.4100395825836632,0.000877577885037297,0.022790257078272813,0.022790257078272813,eod,0,A2c
2024-09-03,KRW-BTC,bear_volatile,1,0.0003598416696653472,0.010255487585462396,0.03508771929824561,-0.02611151195683331,-0.02611151195683331,eod,0,A2c
2024-09-04,KRW-BTC,bear_volatile,1,0.0003598416696653472,0.28900485873672843,0.0012451059516378174,0.004492078701929194,0.004492078701929194,eod,0,A2c
2024-09-05,KRW-BTC,bear_volatile,1,0.0003598416696653472,0.010255487585462396,0.03508771929824561,-0.0315,-0.03209474974282117,sl,0,A2c
2024-09-06,KRW-BTC,bear_volatile,1,0.0003598416696653472,0.22741993522849946,0.0015822784810126582,-0.0315,-0.036689309576837414,sl,0,A2c
2024-09-07,KRW-BTC,bear_volatile,1,0.0003598416696653472,0.1297229219143577,0.002773925104022191,-0.001554315354950818,-0.001554315354950818,eod,0,A2c
2024-09-08,KRW-BTC,bear_quiet,1,0.0003598416696653472,0.010255487585462396,0.03508771929824561,0.009322922324823514,0.009322922324823514,eod,0,A2c
2024-09-09,KRW-BTC,bear_quiet,1,0.0003598416696653472,0.010255487585462396,0.03508771929824561,0.0485,0.036598308682276814,tp,0,A2c
2024-09-10,KRW-BTC,bear_quiet,1,0.0003598416696653472,0.010255487585462396,0.03508771929824561,0.009033807829181452,0.009033807829181452,eod,0,A2c
2024-09-11,KRW-BTC,bear_quiet,1,0.0003598416696653472,0.010255487585462396,0.03508771929824561,-0.0315,-0.01161640265843694,sl,0,A2c
2024-09-12,KRW-BTC,bear_quiet,1,0.0003598416696653472,0.010255487585462396,0.03508771929824561,0.010237180232933797,0.010237180232933797,eod,0,A2c
2024-09-13,KRW-BTC,bear_quiet,1,0.0003598416696653472,0.010255487585462396,0.03508771929824561,0.032498134638234755,0.032498134638234755,eod,0,A2c
2024-09-14,KRW-BTC,bear_quiet,1,0.0021590500179920835,0.010255487585462396,0.2105263157894737,-0.006516681082416929,-0.006516681082416929,eod,0,A2c
2024-09-15,KRW-BTC,bear_quiet,1,0.0003598416696653472,0.010255487585462396,0.03508771929824561,-0.01185716059808256,-0.01185716059808256,eod,0,A2c
2024-09-16,KRW-BTC,bear_quiet,1,0.0003598416696653472,0.010255487585462396,0.03508771929824561,-0.016834228457416722,-0.016834228457416722,eod,0,A2c
2024-09-17,KRW-BTC,bear_quiet,1,0.0003598416696653472,0.010255487585462396,0.03508771929824561,0.032246240505683865,0.032246240505683865,eod,0,A2c
2024-09-18,KRW-BTC,bear_quiet,1,0.0021590500179920835,0.0327455919395466,0.06593406593406594,0.016844099807682922,0.016844099807682922,eod,0,A2c
2024-09-19,KRW-BTC,bear_quiet,1,0.0021590500179920835,0.010255487585462396,0.2105263157894737,0.014104760117671202,0.014104760117671202,eod,0,A2c
2024-09-20,KRW-BTC,bear_quiet,1,0.0021590500179920835,0.010255487585462396,0.2105263157894737,0.004388593532083375,0.004388593532083375,eod,0,A2c
2024-09-21,KRW-BTC,bear_quiet,1,0.0021590500179920835,0.010255487585462396,0.2105263157894737,-0.00101412590064459,-0.00101412590064459,eod,0,A2c
2024-09-22,KRW-BTC,bear_quiet,1,0.0003598416696653472,0.010255487585462396,0.03508771929824561,0.003237708607232216,0.003237708607232216,eod,0,A2c
2024-09-23,KRW-BTC,bear_quiet,1,0.0003598416696653472,0.010255487585462396,0.03508771929824561,-0.003939944364553636,-0.003939944364553636,eod,0,A2c
2024-09-24,KRW-BTC,bear_quiet,1,0.0003598416696653472,0.010255487585462396,0.03508771929824561,0.005802375044310639,0.005802375044310639,eod,0,A2c
2024-09-25,KRW-BTC,bear_quiet,1,0.0003598416696653472,0.010255487585462396,0.03508771929824561,-0.011893205705705677,-0.011893205705705677,eod,0,A2c
2024-09-26,KRW-BTC,bear_quiet,1,0.0003598416696653472,0.010255487585462396,0.03508771929824561,0.017916324885612067,0.017916324885612067,eod,0,A2c
2024-09-27,KRW-BTC,bear_quiet,1,0.0003598416696653472,0.010255487585462396,0.03508771929824561,0.01025129147856846,0.01025129147856846,eod,0,A2c
2024-09-28,KRW-BTC,bear_quiet,1,0.0021590500179920835,0.010255487585462396,0.2105263157894737,-0.004098955817751047,-0.004098955817751047,eod,0,A2c
2024-09-29,KRW-BTC,bear_quiet,1,0.0003598416696653472,0.010255487585462396,0.03508771929824561,-0.01041261486665662,-0.01041261486665662,eod,0,A2c
2024-09-30,KRW-BTC,bear_quiet,1,0.0003598416696653472,0.010255487585462396,0.03508771929824561,-0.0315,-0.027419635170664758,sl,0,A2c
2024-10-01,KRW-BTC,bear_quiet,1,0.0003598416696653472,0.010255487585462396,0.03508771929824561,-0.0315,-0.02813322584497796,sl,0,A2c
2024-10-02,KRW-BTC,bear_quiet,1,0.0003598416696653472,0.0327455919395466,0.010989010989010988,0.0010398773006135577,0.0010398773006135577,eod,0,A2c
2024-10-03,KRW-BTC,bear_quiet,1,0.0003598416696653472,0.010255487585462396,0.03508771929824561,0.007275257933836711,0.007275257933836711,eod,0,A2c
2024-10-04,KRW-BTC,bear_quiet,1,0.0003598416696653472,0.010255487585462396,0.03508771929824561,0.015538628171988313,0.015538628171988313,eod,0,A2c
2024-10-05,KRW-BTC,bear_quiet,1,0.0003598416696653472,0.010255487585462396,0.03508771929824561,0.00031375590663934713,0.00031375590663934713,eod,0,A2c
2024-10-06,KRW-BTC,bear_quiet,1,0.0003598416696653472,0.010255487585462396,0.03508771929824561,0.004881180280248034,0.004881180280248034,eod,0,A2c
2024-10-07,KRW-BTC,bear_quiet,1,0.0003598416696653472,0.010255487585462396,0.03508771929824561,-0.007350585058505886,-0.007350585058505886,eod,0,A2c
2024-10-08,KRW-BTC,bear_quiet,1,0.0003598416696653472,0.010255487585462396,0.03508771929824561,0.0008468585451860146,0.0008468585451860146,eod,0,A2c
2024-10-09,KRW-BTC,bear_quiet,1,0.0003598416696653472,0.010255487585462396,0.03508771929824561,-0.022346456458954778,-0.022346456458954778,eod,0,A2c
2024-10-10,KRW-BTC,bear_quiet,1,0.0003598416696653472,0.010255487585462396,0.03508771929824561,-0.004558883507519705,-0.004558883507519705,eod,0,A2c
2024-10-11,KRW-BTC,bear_quiet,1,0.0003598416696653472,0.010255487585462396,0.03508771929824561,0.026747555734131956,0.026747555734131956,eod,0,A2c
2024-10-12,KRW-BTC,bear_quiet,1,0.0003598416696653472,0.010255487585462396,0.03508771929824561,0.004491711071640094,0.004491711071640094,eod,0,A2c
2024-10-13,KRW-BTC,bear_quiet,1,0.0003598416696653472,0.010255487585462396,0.03508771929824561,-0.003747138134287119,-0.003747138134287119,eod,0,A2c
2024-10-14,KRW-BTC,bear_quiet,1,0.0003598416696653472,0.010255487585462396,0.03508771929824561,0.0440049420867637,0.0440049420867637,eod,0,A2c
2024-10-15,KRW-BTC,bull_quiet,1,0.0003598416696653472,0.010255487585462396,0.03508771929824561,0.020611913357400813,0.020611913357400813,eod,0,A2c
2024-10-16,KRW-BTC,bull_quiet,1,0.0021590500179920835,0.010255487585462396,0.2105263157894737,0.010563898893037939,0.010563898893037939,eod,0,A2c
2024-10-17,KRW-BTC,bull_quiet,1,0.0021590500179920835,0.010255487585462396,0.2105263157894737,-0.00024467852854498243,-0.00024467852854498243,eod,0,A2c
2024-10-18,KRW-BTC,bull_quiet,1,0.0021590500179920835,0.010255487585462396,0.2105263157894737,0.015632021186163636,0.015632021186163636,eod,0,A2c
2024-10-19,KRW-BTC,bull_quiet,1,0.0003598416696653472,0.010255487585462396,0.03508771929824561,-0.0018856123738725792,-0.0018856123738725792,eod,0,A2c
2024-10-20,KRW-BTC,bull_quiet,1,0.0003598416696653472,0.010255487585462396,0.03508771929824561,0.004704324810869855,0.004704324810869855,eod,0,A2c
2024-10-21,KRW-BTC,bull_quiet,1,0.0021590500179920835,0.010255487585462396,0.2105263157894737,-0.02003015409846537,-0.02003015409846537,eod,0,A2c
2024-10-22,KRW-BTC,bull_quiet,1,0.0003598416696653472,0.010255487585462396,0.03508771929824561,0.006269012923036778,0.006269012923036778,eod,0,A2c
2024-10-23,KRW-BTC,bull_quiet,1,0.0003598416696653472,0.010255487585462396,0.03508771929824561,-0.006904998008118222,-0.006904998008118222,eod,0,A2c
2024-10-24,KRW-BTC,bull_quiet,1,0.0003598416696653472,0.010255487585462396,0.03508771929824561,0.016924898511502084,0.016924898511502084,eod,0,A2c
2024-10-25,KRW-BTC,bull_quiet,1,0.0003598416696653472,0.010255487585462396,0.03508771929824561,-0.004848321056156122,-0.004848321056156122,eod,0,A2c
2024-10-26,KRW-BTC,bull_quiet,1,0.0003598416696653472,0.010255487585462396,0.03508771929824561,0.0009636846483649943,0.0009636846483649943,eod,0,A2c
2024-10-27,KRW-BTC,bull_quiet,1,0.0003598416696653472,0.010255487585462396,0.03508771929824561,0.007287888459778959,0.007287888459778959,eod,0,A2c
2024-10-28,KRW-BTC,bull_quiet,1,0.0003598416696653472,0.010255487585462396,0.03508771929824561,0.025676664135661886,0.025676664135661886,eod,0,A2c
2024-10-29,KRW-BTC,bull_quiet,1,0.0003598416696653472,0.010255487585462396,0.03508771929824561,0.03858172400694043,0.03858172400694043,eod,0,A2c
2024-10-30,KRW-BTC,bull_quiet,1,0.0003598416696653472,0.010255487585462396,0.03508771929824561,-0.008696446199407735,-0.008696446199407735,eod,0,A2c
2024-10-31,KRW-BTC,bull_quiet,1,0.0003598416696653472,0.010255487585462396,0.03508771929824561,-0.0315,-0.02595038828290458,sl,0,A2c
2024-11-01,KRW-BTC,bull_quiet,1,0.0003598416696653472,0.010255487585462396,0.03508771929824561,-0.009929142204827155,-0.009929142204827155,eod,0,A2c
2024-11-02,KRW-BTC,bull_quiet,1,0.0003598416696653472,0.010255487585462396,0.03508771929824561,-0.002794551581715986,-0.002794551581715986,eod,0,A2c
2024-11-03,KRW-BTC,bull_quiet,1,0.0003598416696653472,0.010255487585462396,0.03508771929824561,-0.0315,-0.015100123450439816,sl,0,A2c
2024-11-04,KRW-BTC,bull_quiet,1,0.0003598416696653472,0.010255487585462396,0.03508771929824561,-0.0315,-0.019189895506683208,sl,0,A2c
2024-11-05,KRW-BTC,bull_quiet,1,0.0003598416696653472,0.010255487585462396,0.03508771929824561,0.018449304796954114,0.018449304796954114,eod,0,A2c
2024-11-06,KRW-BTC,bull_quiet,1,0.0003598416696653472,0.0327455919395466,0.010989010989010988,0.0485,0.08050964697076807,tp,0,A2c
2024-11-07,KRW-BTC,bull_quiet,1,0.02195034184958618,0.0327455919395466,0.6703296703296703,-0.0012117740308401057,-0.0012117740308401057,eod,0,A2c
2024-11-08,KRW-BTC,bull_quiet,1,0.005398596364945114,0.0327455919395466,0.16486482745255465,0.02409106136671252,0.02409106136671252,eod,0,A2c
2024-11-09,KRW-BTC,bull_quiet,1,0.013314141777617848,0.09103994242533285,0.14624505928853757,-0.006657003135383031,-0.006657003135383031,eod,0,A2c
2024-11-10,KRW-BTC,bull_quiet,1,0.005398596364945114,0.0327455919395466,0.16486482745255465,0.0485,0.04691289254332315,tp,0,A2c
2024-11-11,KRW-BTC,bull_quiet,1,0.02195034184958618,0.05938456001439626,0.3696304535095467,0.0485,0.11572002871500359,tp,0,A2c
2024-11-12,KRW-BTC,bull_volatile,1,0.07432067662407774,0.22741993522849946,0.3267993043327722,-0.0315,0.002444535492785839,sl,0,A2c
2024-11-13,KRW-BTC,bull_volatile,1,0.03491092315997841,0.4100395825836632,0.08514037337567354,0.023789913646149297,0.023789913646149297,eod,0,A2c
2024-11-14,KRW-BTC,bull_volatile,1,0.013314141777617848,0.17419470937556236,0.07643252671303966,-0.0315,-0.03693021286228354,sl,0,A2c
2024-11-15,KRW-BTC,bull_volatile,1,0.0021590500179920835,0.17419470937556236,0.012394463791303727,0.03648677383583038,0.03648677383583038,eod,0,A2c
2024-11-16,KRW-BTC,bull_volatile,1,0.013314141777617848,0.09103994242533285,0.14624505928853757,-0.009749562937062915,-0.009749562937062915,eod,0,A2c
2024-11-17,KRW-BTC,bull_volatile,1,0.0021590500179920835,0.09103994242533285,0.023715415019762848,-0.006675804294816344,-0.006675804294816344,eod,0,A2c
2024-11-18,KRW-BTC,bull_volatile,1,0.0021590500179920835,0.0327455919395466,0.06593406593406594,0.0038214621765016456,0.0038214621765016456,eod,0,A2c
2024-11-19,KRW-BTC,bull_volatile,1,0.0003598416696653472,0.0327455919395466,0.010989010989010988,0.018776541190165308,0.018776541190165308,eod,0,A2c
2024-11-20,KRW-BTC,bull_volatile,1,0.0003598416696653472,0.0327455919395466,0.010989010989010988,0.025244069508368494,0.025244069508368494,eod,0,A2c
2024-11-21,KRW-BTC,bull_volatile,1,0.0003598416696653472,0.05938456001439626,0.0060595156313040435,0.027558417179756767,0.027558417179756767,eod,0,A2c
2024-11-22,KRW-BTC,bull_volatile,1,0.005398596364945114,0.1297229219143577,0.04161636421132447,-0.0315,-0.0027477198102882614,sl,0,A2c
2024-11-23,KRW-BTC,bull_volatile,1,0.0003598416696653472,0.1297229219143577,0.002773925104022191,-0.007921730141219606,-0.007921730141219606,eod,0,A2c
2024-11-24,KRW-BTC,bull_volatile,1,0.0003598416696653472,0.09103994242533285,0.003952569169960474,-0.0315,-0.0007941176470588882,sl,0,A2c
2024-11-25,KRW-BTC,bull_volatile,1,0.0003598416696653472,0.1297229219143577,0.002773925104022191,-0.0315,-0.047925685107633564,sl,0,A2c
2024-11-26,KRW-BTC,bull_volatile,1,0.0003598416696653472,0.0327455919395466,0.010989010989010988,-0.00926633202610355,-0.00926633202610355,eod,0,A2c
2024-11-27,KRW-BTC,bull_volatile,1,0.0003598416696653472,0.0327455919395466,0.010989010989010988,0.031100931677018606,0.031100931677018606,eod,0,A2c
2024-11-28,KRW-BTC,bull_volatile,1,0.0003598416696653472,0.010255487585462396,0.03508771929824561,-0.00045487935999516263,-0.00045487935999516263,eod,0,A2c
2024-11-29,KRW-BTC,bull_volatile,1,0.0003598416696653472,0.010255487585462396,0.03508771929824561,0.00899990987201821,0.00899990987201821,eod,0,A2c
2024-11-30,KRW-BTC,bull_volatile,1,0.0003598416696653472,0.010255487585462396,0.03508771929824561,-0.007750836170117901,-0.007750836170117901,eod,0,A2c
2024-12-01,KRW-BTC,bull_volatile,1,0.0003598416696653472,0.010255487585462396,0.03508771929824561,-0.0009017439164835093,-0.0009017439164835093,eod,0,A2c
2024-12-02,KRW-BTC,bull_volatile,1,0.0003598416696653472,0.010255487585462396,0.03508771929824561,-0.003495485867176905,-0.003495485867176905,eod,0,A2c
2024-12-03,KRW-BTC,bull_volatile,1,0.0003598416696653472,0.010255487585462396,0.03508771929824561,-0.0315,-0.00017438568636113242,sl,0,A2c
2024-12-04,KRW-BTC,bull_volatile,1,0.02195034184958618,0.22741993522849946,0.09651898734177215,0.036190696978761594,0.036190696978761594,eod,0,A2c
2024-12-05,KRW-BTC,bull_volatile,1,0.02195034184958618,0.22741993522849946,0.09651898734177215,0.0485,-0.010608925161243841,tp,0,A2c
2024-12-06,KRW-BTC,bull_volatile,1,0.02195034184958618,0.22741993522849946,0.09651898734177215,0.011874448185831334,0.011874448185831334,eod,0,A2c
2024-12-07,KRW-BTC,bull_volatile,1,0.013314141777617848,0.1297229219143577,0.10263522884882108,-0.004670686216840468,-0.004670686216840468,eod,0,A2c
2024-12-08,KRW-BTC,bull_volatile,1,0.005398596364945114,0.0327455919395466,0.16486482745255465,0.013143448226235867,0.013143448226235867,eod,0,A2c
2024-12-09,KRW-BTC,bull_volatile,1,0.005398596364945114,0.0327455919395466,0.16486482745255465,-0.0315,-0.017039927404718658,sl,0,A2c
2024-12-10,KRW-BTC,bull_volatile,1,0.02195034184958618,0.22741993522849946,0.09651898734177215,-0.006747095743302621,-0.006747095743302621,eod,0,A2c
2024-12-11,KRW-BTC,bull_volatile,1,0.0003598416696653472,0.22741993522849946,0.0015822784810126582,0.03399799211316529,0.03399799211316529,eod,0,A2c
2024-12-12,KRW-BTC,bull_quiet,1,0.0021590500179920835,0.1297229219143577,0.016643550624133148,-0.003973604404972351,-0.003973604404972351,eod,0,A2c
2024-12-13,KRW-BTC,bull_quiet,1,0.0003598416696653472,0.1297229219143577,0.002773925104022191,0.009860134472615302,0.009860134472615302,eod,0,A2c
2024-12-14,KRW-BTC,bull_quiet,1,0.0003598416696653472,0.0327455919395466,0.010989010989010988,0.008850891769137061,0.008850891769137061,eod,0,A2c
2024-12-15,KRW-BTC,bull_quiet,1,0.0003598416696653472,0.09103994242533285,0.003952569169960474,0.021223690612429513,0.021223690612429513,eod,0,A2c
2024-12-16,KRW-BTC,bull_quiet,1,0.005398596364945114,0.09103994242533285,0.05929920671218369,0.0263740041408978,0.0263740041408978,eod,0,A2c
2024-12-17,KRW-BTC,bull_quiet,1,0.03491092315997841,0.09103994242533285,0.38346820340545457,0.010364174755382928,0.010364174755382928,eod,0,A2c
2024-12-18,KRW-BTC,bull_quiet,1,0.0003598416696653472,0.0327455919395466,0.010989010989010988,-0.0315,-0.0496117367383489,sl,0,A2c
2025-03-11,KRW-BTC,bear_volatile,2,0.007695658487004501,0.4160859465737515,0.018495357871070133,0.0485,0.04732760968551847,tp,0,A2c
2025-03-14,KRW-BTC,bear_volatile,2,0.004645760743321719,0.20095832728328736,0.023118030519694133,0.028961835363013277,0.028961835363013277,eod,0,A2c
2025-03-19,KRW-BTC,bear_volatile,2,0.00043554006968641115,0.011759581881533102,0.037037037037037035,0.0485,0.047332376805857834,tp,0,A2c
2025-03-30,KRW-BTC,bear_volatile,2,0.00043554006968641115,0.011759581881533102,0.037037037037037035,-0.0033495384265944104,-0.0033495384265944104,eod,0,A2c
2025-03-31,KRW-BTC,bear_volatile,2,0.00043554006968641115,0.011759581881533102,0.037037037037037035,-0.0001752921671568917,-0.0001752921671568917,eod,0,A2c
2025-04-01,KRW-BTC,bear_volatile,2,0.00043554006968641115,0.011759581881533102,0.037037037037037035,0.026282061375386523,0.026282061375386523,eod,0,A2c
2025-04-03,KRW-BTC,bear_volatile,2,0.00043554006968641115,0.0672281109336431,0.006478540950173463,0.0021646741697476947,0.0021646741697476947,eod,0,A2c
2025-04-04,KRW-BTC,bear_volatile,2,0.00043554006968641115,0.011759581881533102,0.037037037037037035,-0.00016119243127449149,-0.00016119243127449149,eod,0,A2c
2025-04-05,KRW-BTC,bear_volatile,2,0.00043554006968641115,0.011759581881533102,0.037037037037037035,-0.0023832419029406458,-0.0023832419029406458,eod,0,A2c
2025-04-06,KRW-BTC,bear_volatile,2,0.00043554006968641115,0.011759581881533102,0.037037037037037035,-0.0315,-0.048053892337024895,sl,0,A2c
2025-04-07,KRW-BTC,bear_volatile,2,0.00043554006968641115,0.13458188153310105,0.0032362459546925564,-0.0315,0.0031291174893844378,sl,0,A2c
2025-04-08,KRW-BTC,bear_volatile,2,0.004645760743321719,0.10060975609756098,0.046176046176046176,-0.0315,-0.031763759719469487,sl,0,A2c
2025-04-09,KRW-BTC,bear_volatile,2,0.00043554006968641115,0.0672281109336431,0.006478540950173463,0.0485,0.058257024201507523,tp,0,A2c
2025-04-10,KRW-BTC,bear_volatile,2,0.007695658487004501,0.011759581881533102,0.6544159957837902,-0.0315,-0.029545393484370186,sl,0,A2c
2025-04-11,KRW-BTC,bear_volatile,2,0.004645760743321719,0.011759581881533102,0.3950617283950617,0.028356947824538514,0.028356947824538514,eod,0,A2c
2025-04-12,KRW-BTC,bear_volatile,2,0.007695658487004501,0.011759581881533102,0.6544159957837902,0.015799300123507554,0.015799300123507554,eod,0,A2c
2025-04-13,KRW-BTC,bear_volatile,2,0.007695658487004501,0.011759581881533102,0.6544159957837902,-0.017684241404144763,-0.017684241404144763,eod,0,A2c
2025-04-14,KRW-BTC,bear_volatile,2,0.004645760743321719,0.011759581881533102,0.3950617283950617,0.007687593048027188,0.007687593048027188,eod,0,A2c
2025-04-15,KRW-BTC,bear_volatile,2,0.004645760743321719,0.011759581881533102,0.3950617283950617,-0.005868591781179209,-0.005868591781179209,eod,0,A2c
2025-04-16,KRW-BTC,bear_volatile,2,0.00043554006968641115,0.011759581881533102,0.037037037037037035,-0.003988661853070728,-0.003988661853070728,eod,0,A2c
2025-04-17,KRW-BTC,bear_volatile,2,0.00043554006968641115,0.011759581881533102,0.037037037037037035,0.005475789905621755,0.005475789905621755,eod,0,A2c
2025-04-18,KRW-BTC,bear_volatile,2,0.00043554006968641115,0.011759581881533102,0.037037037037037035,-0.004605919180885097,-0.004605919180885097,eod,0,A2c
2025-04-19,KRW-BTC,bear_volatile,2,0.00043554006968641115,0.011759581881533102,0.037037037037037035,0.002032644249640171,0.002032644249640171,eod,0,A2c
2025-04-20,KRW-BTC,bear_volatile,2,0.00043554006968641115,0.011759581881533102,0.037037037037037035,-0.0012881355932203285,-0.0012881355932203285,eod,0,A2c
2025-04-21,KRW-BTC,bear_volatile,2,0.00043554006968641115,0.011759581881533102,0.037037037037037035,0.02694084532286195,0.02694084532286195,eod,0,A2c
2025-04-22,KRW-BTC,bear_volatile,2,0.004645760743321719,0.011759581881533102,0.3950617283950617,0.0485,0.05915768621236134,tp,0,A2c
2025-11-05,KRW-ORDER,bear_volatile,4,0.26336758230236945,0.2179930795847751,1.2081465283394408,-0.0315,0.05091935483870974,sl,0,A2c
2025-11-05,KRW-GLM,bear_volatile,4,0.26336758230236945,0.2707066470958272,0.9728892331525949,-0.0315,0.013425373134328402,sl,0,A2c
2025-11-05,KRW-MEW,bear_volatile,4,0.26336758230236945,0.2707066470958272,0.9728892331525949,-0.0315,0.03090740740740744,sl,0,A2c
2025-11-07,KRW-TFUEL,bear_volatile,4,0.26336758230236945,0.18106521283287902,1.4545454545454544,0.0485,0.15405555555555545,tp,0,A2c
2025-11-07,KRW-GLM,bear_volatile,4,0.26336758230236945,0.3244206773618538,0.8118088663276334,-0.0315,0.09096575342465757,sl,0,A2c
2025-11-07,KRW-LPT,bear_volatile,4,0.26336758230236945,0.3244206773618538,0.8118088663276334,-0.0315,0.05962161310649022,sl,0,A2c
2025-11-08,KRW-SAHARA,bear_volatile,4,0.03396938561543301,0.020549381421681695,1.653061224489796,-0.0315,-0.018306722689075683,sl,0,A2c
2025-11-08,KRW-PROVE,bear_volatile,4,0.26336758230236945,0.18106521283287902,1.4545454545454544,0.0485,0.00751916572717032,tp,0,A2c
2025-11-08,KRW-IN,bear_volatile,4,0.26336758230236945,0.2179930795847751,1.2081465283394408,-0.0315,-0.05919230769230771,sl,0,A2c
2025-11-09,KRW-BARD,bear_volatile,4,0.26336758230236945,0.2707066470958272,0.9728892331525949,-0.0315,0.034675710594315234,sl,0,A2c
2025-11-09,KRW-ENSO,bear_volatile,4,0.26336758230236945,0.3244206773618538,0.8118088663276334,-0.0315,-0.005781345565749217,sl,0,A2c
2025-11-09,KRW-FLOCK,bear_volatile,4,0.26336758230236945,0.3244206773618538,0.8118088663276334,-0.0315,0.0018557046979866278,sl,0,A2c
2025-11-10,KRW-JUP,bear_volatile,4,0.06521283287901028,0.10401593792597252,0.6269503902894366,0.030942748091602967,0.030942748091602967,eod,0,A2c
2025-11-10,KRW-PENGU,bear_volatile,4,0.13514363598238624,0.2179930795847751,0.6199446158557083,0.0485,0.06457929515418509,tp,0,A2c
2025-11-10,KRW-F,bear_volatile,4,0.26336758230236945,0.4374082616900818,0.6021093000958773,0.0485,0.1430086705202312,tp,1,A2c
2025-11-12,KRW-KNC,bear_volatile,4,0.26336758230236945,0.2707066470958272,0.9728892331525949,-0.0315,-0.019082417582417632,sl,0,A2c
2025-11-12,KRW-ONG,bear_volatile,4,0.13514363598238624,0.2179930795847751,0.6199446158557083,0.0485,0.04144478527607359,tp,0,A2c
2025-11-12,KRW-AERGO,bear_volatile,4,0.13514363598238624,0.2179930795847751,0.6199446158557083,0.0485,0.026537383177569984,tp,0,A2c
2025-11-13,KRW-ANIME,bear_volatile,4,0.26336758230236945,0.3244206773618538,0.8118088663276334,-0.0315,-0.06987606837606825,sl,0,A2c
2025-11-13,KRW-MINA,bear_volatile,4,0.26336758230236945,0.3244206773618538,0.8118088663276334,-0.0315,-0.1215,sl,0,A2c
2025-11-13,KRW-IP,bear_volatile,4,0.26336758230236945,0.3244206773618538,0.8118088663276334,0.0485,-0.04493971631205679,tp,0,A2c
2025-11-14,KRW-CPOOL,bear_volatile,4,0.26336758230236945,0.4374082616900818,0.6021093000958773,-0.0315,-0.08724490889603426,sl,0,A2c
2025-11-14,KRW-NEAR,bear_volatile,4,0.26336758230236945,0.4374082616900818,0.6021093000958773,-0.0315,-0.038636706135629695,sl,0,A2c
2025-11-14,KRW-AERO,bear_volatile,4,0.26336758230236945,0.4374082616900818,0.6021093000958773,-0.0315,-0.11402653927813161,sl,0,A2c
2025-11-15,KRW-LA,bear_volatile,4,0.26336758230236945,0.3244206773618538,0.8118088663276334,0.0485,0.170965960665658,tp,1,A2c
2025-11-15,KRW-MMT,bear_volatile,4,0.26336758230236945,0.3244206773618538,0.8118088663276334,-0.0315,-0.005039823008849585,sl,0,A2c
2025-11-15,KRW-KITE,bear_volatile,4,0.26336758230236945,0.4374082616900818,0.6021093000958773,-0.0315,0.06806521739130439,sl,0,A2c
2025-11-16,KRW-MMT,bear_volatile,4,0.26336758230236945,0.3244206773618538,0.8118088663276334,-0.0315,-0.0974147424511545,sl,0,A2c
2025-11-16,KRW-API3,bear_volatile,4,0.13514363598238624,0.2179930795847751,0.6199446158557083,-0.0315,-0.022197167755991287,sl,0,A2c
2025-11-16,KRW-UNI,bear_volatile,4,0.26336758230236945,0.4374082616900818,0.6021093000958773,0.0485,-0.04016906474820142,tp,0,A2c
2025-11-17,KRW-SIGN,bear_volatile,4,0.26336758230236945,0.3244206773618538,0.8118088663276334,-0.0315,-0.02502941176470591,sl,0,A2c
2025-11-17,KRW-UNI,bear_volatile,4,0.26336758230236945,0.4374082616900818,0.6021093000958773,0.0485,0.0378258426966292,tp,0,A2c
2025-11-17,KRW-AWE,bear_volatile,4,0.26336758230236945,0.4374082616900818,0.6021093000958773,0.0485,-0.10117497291440952,tp,0,A2c
2025-11-18,KRW-ARDR,bear_volatile,4,0.26336758230236945,0.4374082616900818,0.6021093000958773,0.0485,-0.0015,tp,0,A2c
2025-11-18,KRW-ERA,bear_volatile,4,0.26336758230236945,0.4374082616900818,0.6021093000958773,-0.0315,-0.043058441558441574,sl,0,A2c
2025-11-18,KRW-MINA,bear_volatile,4,0.26336758230236945,0.4374082616900818,0.6021093000958773,-0.0315,-0.04844835680751175,sl,0,A2c
2025-11-19,KRW-IN,bear_volatile,4,0.26336758230236945,0.18106521283287902,1.4545454545454544,-0.0315,-0.04779629629629628,sl,0,A2c
2025-11-19,KRW-TRUST,bear_volatile,4,0.26336758230236945,0.3244206773618538,0.8118088663276334,-0.0315,-0.05930346820809246,sl,0,A2c
2025-11-19,KRW-ERA,bear_volatile,4,0.26336758230236945,0.3244206773618538,0.8118088663276334,-0.0315,-0.03131029810298108,sl,0,A2c
2025-11-20,KRW-ZORA,bear_volatile,4,0.26336758230236945,0.3244206773618538,0.8118088663276334,0.0485,0.01206350184956856,tp,0,A2c
2025-11-20,KRW-NEAR,bear_volatile,4,0.26336758230236945,0.3244206773618538,0.8118088663276334,-0.0315,-0.12378184128777187,sl,0,A2c
2025-11-20,KRW-CPOOL,bear_volatile,4,0.26336758230236945,0.3244206773618538,0.8118088663276334,0.0485,0.01801951951951969,tp,0,A2c
2025-11-21,KRW-CPOOL,bear_volatile,4,0.26336758230236945,0.3244206773618538,0.8118088663276334,-0.0315,0.03379411764705892,sl,0,A2c
2025-11-21,KRW-ALT,bear_volatile,4,0.26336758230236945,0.3244206773618538,0.8118088663276334,0.0485,-0.10319491525423735,tp,0,A2c
2025-11-21,KRW-MMT,bear_volatile,4,0.26336758230236945,0.4374082616900818,0.6021093000958773,-0.0315,0.23553703703703693,sl,1,A2c
2025-11-22,KRW-HOLO,bear_volatile,4,0.26336758230236945,0.2707066470958272,0.9728892331525949,0.0485,0.12988686131386867,tp,1,A2c
2025-11-22,KRW-SOMI,bear_volatile,4,0.26336758230236945,0.2707066470958272,0.9728892331525949,0.0485,-0.01840821256038644,tp,0,A2c
2025-11-22,KRW-SYRUP,bear_volatile,4,0.26336758230236945,0.2707066470958272,0.9728892331525949,-0.0315,-0.0015,sl,0,A2c
2025-11-23,KRW-SONIC,bear_volatile,4,0.26336758230236945,0.18106521283287902,1.4545454545454544,-0.0315,-0.016205882352941126,sl,0,A2c
2025-11-23,KRW-RED,bear_volatile,4,0.26336758230236945,0.2179930795847751,1.2081465283394408,-0.0015,-0.0015,eod,0,A2c
2025-11-23,KRW-1INCH,bear_volatile,4,0.26336758230236945,0.2707066470958272,0.9728892331525949,0.0485,-0.008642857142857117,tp,0,A2c
2025-11-24,KRW-BLAST,bear_volatile,4,0.26336758230236945,0.2179930795847751,1.2081465283394408,-0.0315,-0.014571895424836665,sl,0,A2c
2025-11-24,KRW-FIL,bear_volatile,4,0.26336758230236945,0.2179930795847751,1.2081465283394408,0.005038618716796174,0.005038618716796174,eod,0,A2c
2025-11-24,KRW-BTC,bear_volatile,4,0.023275319773537428,0.020549381421681695,1.1326530612244896,0.002863702480340681,0.002863702480340681,eod,0,A2c
2025-11-25,KRW-DEEP,bear_volatile,4,0.26336758230236945,0.2179930795847751,1.2081465283394408,0.0485,0.09941743119266039,tp,0,A2c
2025-11-25,KRW-BSV,bear_volatile,4,0.023275319773537428,0.020549381421681695,1.1326530612244896,0.002684100418409997,0.002684100418409997,eod,0,A2c
2025-11-25,KRW-CELO,bear_volatile,4,0.13514363598238624,0.13440972950304048,1.0054602184087362,0.0485,0.03866064257028118,tp,0,A2c
2025-11-26,KRW-ONG,bear_volatile,4,0.26336758230236945,0.13440972950304048,1.9594383775351012,-0.0315,-0.014745033112582738,sl,0,A2c
2025-11-26,KRW-MVL,bear_volatile,4,0.26336758230236945,0.2707066470958272,0.9728892331525949,-0.0315,-0.0015,sl,0,A2c
2025-11-26,KRW-LAYER,bear_volatile,4,0.26336758230236945,0.3244206773618538,0.8118088663276334,0.0485,0.06339675516224191,tp,0,A2c
2025-11-27,KRW-LPT,bear_volatile,4,0.26336758230236945,0.13440972950304048,1.9594383775351012,0.0485,0.02841107518189162,tp,1,A2c
2025-11-27,KRW-TRUMP,bear_volatile,4,0.03396938561543301,0.020549381421681695,1.653061224489796,0.0485,0.018191325172964234,tp,0,A2c
2025-11-27,KRW-TOKAMAK,bear_volatile,4,0.26336758230236945,0.3244206773618538,0.8118088663276334,0.0485,-0.0015,tp,0,A2c
2025-11-28,KRW-TAIKO,bear_volatile,4,0.26336758230236945,0.18106521283287902,1.4545454545454544,0.0485,0.023816455696202443,tp,0,A2c
2025-11-28,KRW-HYPER,bear_volatile,4,0.13514363598238624,0.13440972950304048,1.0054602184087362,0.0485,0.10909907834101379,tp,1,A2c
2025-11-28,KRW-W,bear_volatile,4,0.26336758230236945,0.2707066470958272,0.9728892331525949,0.0485,-0.021908163265306146,tp,0,A2c
2025-11-29,KRW-GMT,bear_volatile,4,0.26336758230236945,0.2179930795847751,1.2081465283394408,0.0485,-0.021107843137254945,tp,0,A2c
2025-11-29,KRW-XEC,bear_volatile,4,0.26336758230236945,0.2179930795847751,1.2081465283394408,-0.0315,-0.02233333333333326,sl,0,A2c
2025-11-29,KRW-BLAST,bear_volatile,4,0.13514363598238624,0.13440972950304048,1.0054602184087362,0.0485,0.01810784313725483,tp,0,A2c
2025-11-30,KRW-META,bear_volatile,4,0.26336758230236945,0.18106521283287902,1.4545454545454544,-0.0315,-0.064,sl,0,A2c
2025-11-30,KRW-TT,bear_volatile,4,0.26336758230236945,0.2179930795847751,1.2081465283394408,-0.0315,-0.057337563451776596,sl,0,A2c
2025-11-30,KRW-DKA,bear_volatile,4,0.13514363598238624,0.13440972950304048,1.0054602184087362,-0.0315,-0.028527027027026974,sl,0,A2c
2025-12-01,KRW-ASTR,bear_volatile,4,0.26336758230236945,0.2179930795847751,1.2081465283394408,-0.0315,-0.07080693069306926,sl,0,A2c
2025-12-01,KRW-THETA,bear_volatile,4,0.26336758230236945,0.3244206773618538,0.8118088663276334,-0.0315,-0.1537491349480969,sl,0,A2c
2025-12-01,KRW-IN,bear_volatile,4,0.26336758230236945,0.3244206773618538,0.8118088663276334,-0.0315,0.020082733812949727,sl,0,A2c
2025-12-02,KRW-FLOCK,bear_volatile,4,0.26336758230236945,0.3244206773618538,0.8118088663276334,-0.0315,0.01966402116402116,sl,0,A2c
2025-12-02,KRW-VANA,bear_volatile,4,0.13514363598238624,0.2179930795847751,0.6199446158557083,0.011270809578107168,0.011270809578107168,eod,0,A2c
2025-12-02,KRW-IOST,bear_volatile,4,0.26336758230236945,0.4374082616900818,0.6021093000958773,-0.0315,0.05597126436781613,sl,0,A2c
2025-12-03,KRW-WCT,bear_volatile,4,0.26336758230236945,0.18106521283287902,1.4545454545454544,0.0485,0.06324820143884896,tp,0,A2c
2025-12-03,KRW-PLUME,bear_volatile,4,0.26336758230236945,0.2179930795847751,1.2081465283394408,0.0485,0.037715686274509885,tp,0,A2c
2025-12-03,KRW-AXL,bear_volatile,4,0.26336758230236945,0.2707066470958272,0.9728892331525949,0.004086592178771,0.004086592178771,eod,0,A2c
2025-12-04,KRW-PLUME,bear_volatile,4,0.26336758230236945,0.2707066470958272,0.9728892331525949,0.011118296529968598,0.011118296529968598,eod,0,A2c
2025-12-04,KRW-WCT,bear_volatile,4,0.26336758230236945,0.2707066470958272,0.9728892331525949,-0.0315,-0.05555405405405406,sl,0,A2c
2025-12-04,KRW-SAHARA,bear_volatile,4,0.26336758230236945,0.3244206773618538,0.8118088663276334,0.0485,0.03262969283276457,tp,0,A2c
2025-12-05,KRW-LAYER,bear_volatile,4,0.26336758230236945,0.3244206773618538,0.8118088663276334,-0.0315,-0.03899999999999998,sl,0,A2c
2025-12-05,KRW-MMT,bear_volatile,4,0.26336758230236945,0.4374082616900818,0.6021093000958773,-0.0315,-0.07738075880758805,sl,0,A2c
2025-12-05,KRW-SUPER,bear_volatile,4,0.26336758230236945,0.4374082616900818,0.6021093000958773,0.0485,-0.03291361256544506,tp,0,A2c
2025-12-06,KRW-GMT,bear_volatile,4,0.26336758230236945,0.3244206773618538,0.8118088663276334,0.010357707509881355,0.010357707509881355,eod,0,A2c
2025-12-06,KRW-CELO,bear_volatile,4,0.13514363598238624,0.2179930795847751,0.6199446158557083,0.0485,0.02269354838709675,tp,0,A2c
2025-12-06,KRW-LSK,bear_volatile,4,0.26336758230236945,0.4374082616900818,0.6021093000958773,-0.0315,-0.019304154302670573,sl,0,A2c
2025-12-07,KRW-HIVE,bear_volatile,4,0.26336758230236945,0.2179930795847751,1.2081465283394408,-0.0315,-0.03334713375796178,sl,0,A2c
2025-12-07,KRW-ZIL,bear_volatile,4,0.26336758230236945,0.2179930795847751,1.2081465283394408,-0.0315,-0.055327751196172115,sl,0,A2c
2025-12-07,KRW-CHZ,bear_volatile,4,0.26336758230236945,0.2707066470958272,0.9728892331525949,-0.0315,-0.03713941299790363,sl,0,A2c
2025-12-08,KRW-CARV,bear_volatile,4,0.26336758230236945,0.2707066470958272,0.9728892331525949,-0.006354368932038832,-0.006354368932038832,eod,0,A2c
2025-12-08,KRW-2Z,bear_volatile,4,0.26336758230236945,0.3244206773618538,0.8118088663276334,-0.0315,-0.054131578947368475,sl,0,A2c
2025-12-08,KRW-SYRUP,bear_volatile,4,0.26336758230236945,0.3244206773618538,0.8118088663276334,-0.0315,-0.016351485148514866,sl,0,A2c
2025-12-09,KRW-BLAST,bear_volatile,4,0.06521283287901028,0.05871251834766198,1.1107142857142858,0.0485,0.03666793893129766,tp,0,A2c
2025-12-09,KRW-PEPE,bear_volatile,4,0.26336758230236945,0.2707066470958272,0.9728892331525949,-0.0315,0.033810734463276815,sl,0,A2c
2025-12-09,KRW-DRIFT,bear_volatile,4,0.13514363598238624,0.18106521283287902,0.7463810075275042,-0.0315,0.0013328611898016387,sl,0,A2c
2025-12-10,KRW-SOMI,bear_volatile,4,0.26336758230236945,0.2179930795847751,1.2081465283394408,-0.0315,-0.021330028328611916,sl,0,A2c
2025-12-10,KRW-ID,bear_volatile,4,0.13514363598238624,0.13440972950304048,1.0054602184087362,-0.0315,-0.051500000000000046,sl,0,A2c
2025-12-10,KRW-MTL,bear_volatile,4,0.13514363598238624,0.13440972950304048,1.0054602184087362,0.0485,0.03415640194489461,tp,0,A2c
2025-12-11,KRW-MTL,bear_volatile,4,0.26336758230236945,0.3244206773618538,0.8118088663276334,-0.0315,-0.029669014084507006,sl,0,A2c
2025-12-11,KRW-MNT,bear_volatile,4,0.13514363598238624,0.2179930795847751,0.6199446158557083,-0.0315,0.024466532025389454,sl,0,A2c
2025-12-11,KRW-COW,bear_volatile,4,0.13514363598238624,0.2179930795847751,0.6199446158557083,-0.0315,-0.02460231023102305,sl,0,A2c
2025-12-12,KRW-HUNT,bear_volatile,4,0.26336758230236945,0.3244206773618538,0.8118088663276334,-0.0315,-0.03331818181818186,sl,0,A2c
2025-12-12,KRW-BAT,bear_volatile,4,0.26336758230236945,0.3244206773618538,0.8118088663276334,0.0485,0.005728915662650604,tp,0,A2c
2025-12-12,KRW-ZORA,bear_volatile,4,0.09311104120792701,0.13440972950304048,0.6927403362255912,-0.0315,-0.05460880829015552,sl,0,A2c
2025-12-13,KRW-MNT,bear_volatile,4,0.26336758230236945,0.2707066470958272,0.9728892331525949,0.0485,0.058265208110992506,tp,0,A2c
2025-12-13,KRW-MMT,bear_volatile,4,0.26336758230236945,0.3244206773618538,0.8118088663276334,-0.0315,-0.023104938271604925,sl,0,A2c
2025-12-13,KRW-CPOOL,bear_volatile,4,0.26336758230236945,0.4374082616900818,0.6021093000958773,-0.0315,-0.060221934369602714,sl,0,A2c
2025-12-14,KRW-GAS,bear_volatile,4,0.014050540002097095,0.020549381421681695,0.6837451558163372,-0.0315,-0.03705268261150613,sl,0,A2c
2025-12-14,KRW-MNT,bear_volatile,4,0.13514363598238624,0.2179930795847751,0.6199446158557083,-0.0315,-0.06242648539778445,sl,0,A2c
2025-12-14,KRW-AXL,bear_volatile,4,0.26336758230236945,0.4374082616900818,0.6021093000958773,0.0485,0.03332587064676612,tp,1,A2c
2025-12-15,KRW-MNT,bear_volatile,4,0.13514363598238624,0.2707066470958272,0.4992254066615027,0.0485,0.028981283422459925,tp,0,A2c
2025-12-15,KRW-G,bear_volatile,4,0.06521283287901028,0.13440972950304048,0.48517940717628705,-0.0315,-0.09390506329113929,sl,0,A2c
2025-12-15,KRW-HYPER,bear_volatile,4,0.13514363598238624,0.3244206773618538,0.41656911970394883,-0.0315,-0.05705555555555558,sl,0,A2c
2025-12-16,KRW-AAVE,bear_volatile,4,0.13514363598238624,0.2179930795847751,0.6199446158557083,-0.0315,-0.04072249219021168,sl,0,A2c
2025-12-16,KRW-BARD,bear_volatile,4,0.13514363598238624,0.2179930795847751,0.6199446158557083,0.001993449781659441,0.001993449781659441,eod,0,A2c
2025-12-16,KRW-DOOD,bear_volatile,4,0.26336758230236945,0.4374082616900818,0.6021093000958773,-0.0315,0.010999999999999956,sl,0,A2c
2025-12-17,KRW-RAY,bear_volatile,4,0.26336758230236945,0.2707066470958272,0.9728892331525949,-0.0315,-0.07205630936227952,sl,0,A2c
2025-12-17,KRW-MON,bear_volatile,4,0.26336758230236945,0.3244206773618538,0.8118088663276334,-0.0315,-0.13234112149532723,sl,0,A2c
2025-12-17,KRW-WAVES,bear_volatile,4,0.26336758230236945,0.3244206773618538,0.8118088663276334,-0.0315,-0.07072357343311503,sl,0,A2c
2025-12-18,KRW-META,bear_volatile,4,0.26336758230236945,0.3244206773618538,0.8118088663276334,-0.0315,-0.051189440993788915,sl,0,A2c
2025-12-18,KRW-MANTRA,bear_volatile,4,0.26336758230236945,0.4374082616900818,0.6021093000958773,-0.0315,-0.04866981132075471,sl,0,A2c
2025-12-18,KRW-BARD,bear_volatile,4,0.13514363598238624,0.3244206773618538,0.41656911970394883,0.0485,0.034483263598326375,tp,1,A2c
2025-12-19,KRW-WCT,bear_volatile,4,0.26336758230236945,0.3244206773618538,0.8118088663276334,-0.0315,0.04354504504504503,sl,0,A2c
2025-12-19,KRW-DOOD,bear_volatile,4,0.26336758230236945,0.3244206773618538,0.8118088663276334,0.0485,0.1955260223048328,tp,1,A2c
2025-12-19,KRW-SOMI,bear_volatile,4,0.26336758230236945,0.4374082616900818,0.6021093000958773,-0.0315,0.06132722513089012,sl,0,A2c
2025-12-20,KRW-RED,bear_volatile,4,0.26336758230236945,0.13440972950304048,1.9594383775351012,0.0485,0.02707142857142847,tp,0,A2c
2025-12-20,KRW-BERA,bear_volatile,4,0.26336758230236945,0.18106521283287902,1.4545454545454544,0.0485,0.037490825688073326,tp,0,A2c
2025-12-20,KRW-ME,bear_volatile,4,0.13514363598238624,0.10401593792597252,1.299258927786308,0.0485,0.035309815950920254,tp,0,A2c
2025-12-21,KRW-OPEN,bear_volatile,4,0.26336758230236945,0.18106521283287902,1.4545454545454544,-0.0315,-0.0015,sl,1,A2c
2025-12-21,KRW-PENDLE,bear_volatile,4,0.26336758230236945,0.18106521283287902,1.4545454545454544,-0.0315,-0.02139528795811524,sl,0,A2c
2025-12-21,KRW-ZKC,bear_volatile,4,0.26336758230236945,0.18106521283287902,1.4545454545454544,-0.0315,-0.05846202531645567,sl,0,A2c
2025-12-22,KRW-POWR,bear_volatile,4,0.09311104120792701,0.10401593792597252,0.8951612903225806,0.0485,0.033282608695652194,tp,0,A2c
2025-12-22,KRW-HP,bear_volatile,4,0.09311104120792701,0.10401593792597252,0.8951612903225806,-0.0315,-0.014614754098360603,sl,0,A2c
2025-12-22,KRW-OPEN,bear_volatile,4,0.26336758230236945,0.3244206773618538,0.8118088663276334,-0.0315,-0.046954545454545416,sl,0,A2c
2025-12-23,KRW-HIVE,bear_volatile,4,0.26336758230236945,0.2179930795847751,1.2081465283394408,-0.00854225352112675,-0.00854225352112675,eod,0,A2c
2025-12-23,KRW-GRT,bear_volatile,4,0.26336758230236945,0.2179930795847751,1.2081465283394408,-0.0315,-0.035068904593639594,sl,0,A2c
2025-12-23,KRW-AERGO,bear_volatile,4,0.26336758230236945,0.3244206773618538,0.8118088663276334,-0.0315,-0.011683299389002087,sl,0,A2c
2025-12-24,KRW-META,bear_volatile,4,0.09311104120792701,0.13440972950304048,0.6927403362255912,-0.0315,-0.020133540372670844,sl,0,A2c
2025-12-24,KRW-COW,bear_volatile,4,0.26336758230236945,0.4374082616900818,0.6021093000958773,-0.0315,-0.040422155688622785,sl,0,A2c
2025-12-24,KRW-CARV,bear_volatile,4,0.26336758230236945,0.4374082616900818,0.6021093000958773,-0.0315,-0.06126095617529875,sl,0,A2c
2025-12-25,KRW-SONIC,bear_volatile,4,0.13514363598238624,0.13440972950304048,1.0054602184087362,-0.0015,-0.0015,eod,0,A2c
2025-12-25,KRW-ATH,bear_volatile,4,0.09311104120792701,0.10401593792597252,0.8951612903225806,0.0485,-0.03696099290780147,tp,0,A2c
2025-12-25,KRW-IMX,bear_volatile,4,0.09311104120792701,0.10401593792597252,0.8951612903225806,-0.0315,-0.03896397694524495,sl,0,A2c
2025-12-26,KRW-OPEN,bear_volatile,4,0.13514363598238624,0.13440972950304048,1.0054602184087362,-0.0315,-0.04497826086956519,sl,0,A2c
2025-12-26,KRW-SYRUP,bear_volatile,4,0.26336758230236945,0.3244206773618538,0.8118088663276334,-0.0315,0.008662601626016344,sl,0,A2c
2025-12-26,KRW-XTZ,bear_volatile,4,0.04445842508126245,0.05871251834766198,0.7572222471876452,0.0485,0.0675184049079754,tp,1,A2c
2025-12-27,KRW-OP,bear_volatile,4,0.13514363598238624,0.13440972950304048,1.0054602184087362,0.03412340966921118,0.03412340966921118,eod,0,A2c
2025-12-27,KRW-TOSHI,bear_volatile,4,0.26336758230236945,0.2707066470958272,0.9728892331525949,-0.0315,-0.01955869074492106,sl,0,A2c
2025-12-27,KRW-API3,bear_volatile,4,0.26336758230236945,0.3244206773618538,0.8118088663276334,-0.0315,0.0058529411764705625,sl,0,A2c
2025-12-28,KRW-ID,bear_volatile,4,0.26336758230236945,0.2179930795847751,1.2081465283394408,0.0485,0.01904054054054055,tp,0,A2c
2025-12-28,KRW-LPT,bear_volatile,4,0.26336758230236945,0.2179930795847751,1.2081465283394408,-0.0315,-0.04385937144158508,sl,0,A2c
2025-12-28,KRW-BIGTIME,bear_volatile,4,0.13514363598238624,0.13440972950304048,1.0054602184087362,0.0485,0.0018783783783782883,tp,0,A2c
2025-12-29,KRW-STRAX,bear_volatile,4,0.26336758230236945,0.2707066470958272,0.9728892331525949,-0.0315,0.09265584415584432,sl,1,A2c
2025-12-29,KRW-T,bear_volatile,4,0.26336758230236945,0.3244206773618538,0.8118088663276334,-0.0315,-0.05297058823529405,sl,0,A2c
2025-12-29,KRW-TOSHI,bear_volatile,4,0.26336758230236945,0.3244206773618538,0.8118088663276334,-0.0315,-0.04796017699115046,sl,0,A2c
2025-12-30,KRW-HIVE,bear_volatile,4,0.26336758230236945,0.2707066470958272,0.9728892331525949,-0.0315,-0.04071568627450978,sl,0,A2c
2025-12-30,KRW-ONG,bear_volatile,4,0.26336758230236945,0.2707066470958272,0.9728892331525949,-0.0315,-0.05493511450381677,sl,0,A2c
2025-12-30,KRW-MMT,bear_volatile,4,0.26336758230236945,0.2707066470958272,0.9728892331525949,-0.0315,-0.030318443804034534,sl,0,A2c
2025-12-31,KRW-PUNDIX,bear_volatile,4,0.03396938561543301,0.020549381421681695,1.653061224489796,-0.004432551319648091,-0.004432551319648091,eod,0,A2c
2025-12-31,KRW-SONIC,bear_volatile,4,0.13514363598238624,0.13440972950304048,1.0054602184087362,0.0485,0.04611904761904767,tp,0,A2c
2025-12-31,KRW-ZETA,bear_volatile,4,0.13514363598238624,0.13440972950304048,1.0054602184087362,-0.0315,-0.06340476190476191,sl,0,A2c
2026-01-01,KRW-BOUNTY,bear_volatile,4,0.26336758230236945,0.2707066470958272,0.9728892331525949,-0.0315,-0.01789344262295084,sl,0,A2c
2026-01-01,KRW-SONIC,bear_volatile,4,0.26336758230236945,0.2707066470958272,0.9728892331525949,-0.0315,0.016848623853210898,sl,0,A2c
2026-01-01,KRW-0G,bear_volatile,4,0.26336758230236945,0.3244206773618538,0.8118088663276334,-0.0315,-0.009885744234800873,sl,0,A2c
2026-01-14,KRW-DRIFT,bear_volatile,4,0.26336758230236945,0.2179930795847751,1.2081465283394408,0.0485,0.09808506224066399,tp,0,A2c
2026-01-14,KRW-ETH,bear_volatile,4,0.023275319773537428,0.020549381421681695,1.1326530612244896,0.007943646068569179,0.007943646068569179,eod,0,A2c
2026-01-14,KRW-ARK,bear_volatile,4,0.06521283287901028,0.05871251834766198,1.1107142857142858,-0.0037988505747126853,-0.0037988505747126853,eod,0,A2c
2026-01-02,KRW-TIA,bear_quiet,4,0.26336758230236945,0.2179930795847751,1.2081465283394408,0.0485,0.053748618784530466,tp,0,A2c
2026-01-02,KRW-TOSHI,bear_quiet,4,0.06521283287901028,0.05871251834766198,1.1107142857142858,0.0485,0.10699056603773577,tp,0,A2c
2026-01-02,KRW-AERO,bear_quiet,4,0.26336758230236945,0.2707066470958272,0.9728892331525949,0.0485,0.1990856515373352,tp,1,A2c
2026-01-03,KRW-WLFI,bear_quiet,4,0.04445842508126245,0.020549381421681695,2.163492134821843,-0.0315,0.11010714285714279,sl,0,A2c
2026-01-03,KRW-LINK,bear_quiet,4,0.03396938561543301,0.020549381421681695,1.653061224489796,-0.0035844189682126535,-0.0035844189682126535,eod,0,A2c
2026-01-03,KRW-MET2,bear_quiet,4,0.26336758230236945,0.2179930795847751,1.2081465283394408,0.008303921568627417,0.008303921568627417,eod,0,A2c
2026-01-04,KRW-AUCTION,bear_quiet,4,0.023275319773537428,0.020549381421681695,1.1326530612244896,0.006985639686684144,0.006985639686684144,eod,0,A2c
2026-01-04,KRW-BARD,bear_quiet,4,0.023275319773537428,0.020549381421681695,1.1326530612244896,0.002726542688081203,0.002726542688081203,eod,0,A2c
2026-01-04,KRW-CRO,bear_quiet,4,0.023275319773537428,0.020549381421681695,1.1326530612244896,0.0485,0.07436206896551717,tp,0,A2c
2026-01-05,KRW-QKC,bear_quiet,4,0.13514363598238624,0.10401593792597252,1.299258927786308,0.022732633279482883,0.022732633279482883,eod,0,A2c
2026-01-05,KRW-ENS,bear_quiet,4,0.023275319773537428,0.020549381421681695,1.1326530612244896,0.0485,0.054239880557398756,tp,0,A2c
2026-01-05,KRW-LINK,bear_quiet,4,0.023275319773537428,0.020549381421681695,1.1326530612244896,0.0485,0.03711997940267758,tp,0,A2c
2026-01-06,KRW-MLK,bear_quiet,4,0.04445842508126245,0.020549381421681695,2.163492134821843,0.0485,0.09109259259259256,tp,0,A2c
2026-01-06,KRW-SIGN,bear_quiet,4,0.09311104120792701,0.05871251834766198,1.5858805554307285,-0.0315,-0.013695121951219412,sl,0,A2c
2026-01-06,KRW-MINA,bear_quiet,4,0.26336758230236945,0.2707066470958272,0.9728892331525949,-0.0315,-0.024056390977443665,sl,0,A2c
2026-01-07,KRW-ERA,bear_quiet,4,0.06521283287901028,0.05871251834766198,1.1107142857142858,0.0485,-0.024080645161290326,tp,0,A2c
2026-01-07,KRW-ONG,bear_quiet,4,0.09311104120792701,0.10401593792597252,0.8951612903225806,-0.0315,-0.0235588235294118,sl,0,A2c
2026-01-07,KRW-ANIME,bear_quiet,4,0.09311104120792701,0.10401593792597252,0.8951612903225806,0.0485,0.03553703703703698,tp,0,A2c
2026-01-08,KRW-ERA,bear_quiet,4,0.06521283287901028,0.05871251834766198,1.1107142857142858,0.0485,-0.01133606557377048,tp,0,A2c
2026-01-08,KRW-HIVE,bear_quiet,4,0.26336758230236945,0.2707066470958272,0.9728892331525949,-0.0315,0.01736792452830188,sl,0,A2c
2026-01-08,KRW-ANIME,bear_quiet,4,0.26336758230236945,0.2707066470958272,0.9728892331525949,0.0485,0.07958108108108114,tp,0,A2c
2026-01-09,KRW-PUNDIX,bear_quiet,4,0.13514363598238624,0.10401593792597252,1.299258927786308,-0.01469261213720313,-0.01469261213720313,eod,0,A2c
2026-01-09,KRW-AGLD,bear_quiet,4,0.26336758230236945,0.2179930795847751,1.2081465283394408,0.02355694760820054,0.02355694760820054,eod,0,A2c
2026-01-09,KRW-SONIC,bear_quiet,4,0.26336758230236945,0.3244206773618538,0.8118088663276334,0.0485,-0.048744094488189005,tp,0,A2c
2026-01-10,KRW-GLM,bear_quiet,4,0.26336758230236945,0.2707066470958272,0.9728892331525949,0.022140661938534312,0.022140661938534312,eod,0,A2c
2026-01-10,KRW-BLAST,bear_quiet,4,0.26336758230236945,0.3244206773618538,0.8118088663276334,-0.0315,-0.03275,sl,0,A2c
2026-01-10,KRW-STORJ,bear_quiet,4,0.26336758230236945,0.3244206773618538,0.8118088663276334,-0.0315,-0.03483333333333333,sl,0,A2c
2026-01-11,KRW-ZETA,bear_quiet,4,0.26336758230236945,0.2179930795847751,1.2081465283394408,0.0485,-0.027586956521739092,tp,0,A2c
2026-01-11,KRW-AWE,bear_quiet,4,0.023275319773537428,0.020549381421681695,1.1326530612244896,-0.0315,-0.05185128805620626,sl,0,A2c
2026-01-11,KRW-DKA,bear_quiet,4,0.26336758230236945,0.2707066470958272,0.9728892331525949,-0.0315,-0.06073694779116484,sl,0,A2c
2026-01-12,KRW-POKT,bear_quiet,4,0.26336758230236945,0.2179930795847751,1.2081465283394408,-0.0315,-0.07575742574257421,sl,0,A2c
2026-01-12,KRW-MET2,bear_quiet,4,0.09311104120792701,0.10401593792597252,0.8951612903225806,-0.0315,-0.02740673575129532,sl,1,A2c
2026-01-12,KRW-PUMP,bear_quiet,4,0.26336758230236945,0.3244206773618538,0.8118088663276334,-0.0315,0.018330028328611914,sl,0,A2c
2026-01-13,KRW-GLM,bear_quiet,4,0.26336758230236945,0.2707066470958272,0.9728892331525949,0.0485,0.03892553191489362,tp,0,A2c
2026-01-13,KRW-RENDER,bear_quiet,4,0.26336758230236945,0.3244206773618538,0.8118088663276334,-0.0143571428571429,-0.0143571428571429,eod,0,A2c
2026-01-13,KRW-HP,bear_quiet,4,0.13514363598238624,0.2179930795847751,0.6199446158557083,-0.0315,0.010195906432748427,sl,0,A2c
2026-01-15,KRW-WAL,bear_quiet,4,0.26336758230236945,0.2707066470958272,0.9728892331525949,-0.0315,-0.053002145922746824,sl,0,A2c
2026-01-15,KRW-AERO,bear_quiet,4,0.26336758230236945,0.2707066470958272,0.9728892331525949,-0.0315,-0.07124128233970756,sl,0,A2c
2026-01-15,KRW-BIGTIME,bear_quiet,4,0.26336758230236945,0.2707066470958272,0.9728892331525949,-0.0315,-0.06968181818181834,sl,0,A2c
2026-01-16,KRW-GMT,bear_quiet,4,0.26336758230236945,0.2707066470958272,0.9728892331525949,0.0485,0.04830842911877392,tp,0,A2c
2026-01-16,KRW-LA,bear_quiet,4,0.26336758230236945,0.3244206773618538,0.8118088663276334,-0.0315,-0.007869426751592355,sl,0,A2c
2026-01-16,KRW-MOCA,bear_quiet,4,0.26336758230236945,0.3244206773618538,0.8118088663276334,-0.0315,0.019395522388059805,sl,0,A2c
2026-01-17,KRW-1INCH,bear_quiet,4,0.26336758230236945,0.2179930795847751,1.2081465283394408,-0.014052301255230102,-0.014052301255230102,eod,0,A2c
2026-01-17,KRW-XTZ,bear_quiet,4,0.26336758230236945,0.2179930795847751,1.2081465283394408,-0.0315,-0.031040481400437636,sl,0,A2c
2026-01-17,KRW-AGLD,bear_quiet,4,0.26336758230236945,0.2179930795847751,1.2081465283394408,0.0485,0.027197571743929283,tp,0,A2c
2026-01-18,KRW-TT,bear_quiet,4,0.26336758230236945,0.18106521283287902,1.4545454545454544,-0.0315,-0.04937234042553179,sl,0,A2c
2026-01-18,KRW-IMX,bear_quiet,4,0.26336758230236945,0.2179930795847751,1.2081465283394408,-0.0315,-0.06786155606407324,sl,0,A2c
2026-01-18,KRW-BIGTIME,bear_quiet,4,0.26336758230236945,0.2707066470958272,0.9728892331525949,0.0485,-0.015123978201634856,tp,0,A2c
2026-01-19,KRW-BIO,bear_quiet,4,0.26336758230236945,0.3244206773618538,0.8118088663276334,-0.0315,0.018789855072463946,sl,0,A2c
2026-01-19,KRW-BLAST,bear_quiet,4,0.26336758230236945,0.3244206773618538,0.8118088663276334,-0.0315,-0.06601612903225812,sl,0,A2c
2026-01-19,KRW-BLUR,bear_quiet,4,0.26336758230236945,0.3244206773618538,0.8118088663276334,-0.0315,-0.08467929759704246,sl,0,A2c
2026-04-26,KRW-AUCTION,bear_quiet,5,0.04946117712075159,0.022840302081414625,2.165522020875487,-0.011738907849829392,-0.011738907849829392,eod,0,A2c
2026-04-26,KRW-ADA,bear_quiet,5,0.010130779149014552,0.022840302081414625,0.44354838709677424,0.0011809651474530849,0.0011809651474530849,eod,0,A2c
2026-04-26,KRW-BTC,bear_quiet,5,0.0024866457911217536,0.022840302081414625,0.10887096774193548,0.006788964181994097,0.006788964181994097,eod,0,A2c
2026-04-27,KRW-XLM,bear_quiet,5,0.015473887814313346,0.022840302081414625,0.6774817495476384,-0.0315,-0.025122047244094448,sl,0,A2c
2026-04-27,KRW-ZORA,bear_quiet,5,0.015473887814313346,0.022840302081414625,0.6774817495476384,-0.0315,-0.05837203791469209,sl,0,A2c
2026-04-27,KRW-AUCTION,bear_quiet,5,0.010130779149014552,0.022840302081414625,0.44354838709677424,-0.016682884748102145,-0.016682884748102145,eod,0,A2c
2026-04-28,KRW-MLK,bear_quiet,5,0.010130779149014552,0.022840302081414625,0.44354838709677424,-0.014255102040816313,-0.014255102040816313,eod,0,A2c
2026-04-28,KRW-BTC,bear_quiet,5,0.0024866457911217536,0.022840302081414625,0.10887096774193548,-0.017691979462984786,-0.017691979462984786,eod,0,A2c
2026-04-28,KRW-ETC,bear_quiet,5,0.0024866457911217536,0.022840302081414625,0.10887096774193548,-0.004697442046362963,-0.004697442046362963,eod,0,A2c
2026-04-29,KRW-ADA,bear_quiet,5,0.0024866457911217536,0.022840302081414625,0.10887096774193548,-0.0015,-0.0015,eod,0,A2c
2026-04-29,KRW-AERGO,bear_quiet,5,0.0024866457911217536,0.022840302081414625,0.10887096774193548,0.016335909631391143,0.016335909631391143,eod,0,A2c
2026-04-29,KRW-BCH,bear_quiet,5,0.0024866457911217536,0.022840302081414625,0.10887096774193548,-0.008918397626112738,-0.008918397626112738,eod,0,A2c
2026-04-30,KRW-NEAR,bear_quiet,5,0.010130779149014552,0.022840302081414625,0.44354838709677424,-0.0315,-0.029669014084507006,sl,0,A2c
2026-04-30,KRW-AVAX,bear_quiet,5,0.0024866457911217536,0.022840302081414625,0.10887096774193548,-0.00736080586080584,-0.00736080586080584,eod,0,A2c
2026-04-30,KRW-BCH,bear_quiet,5,0.0024866457911217536,0.022840302081414625,0.10887096774193548,-0.019410447761193994,-0.019410447761193994,eod,0,A2c
2026-05-01,KRW-DOT,bear_quiet,5,0.010130779149014552,0.022840302081414625,0.44354838709677424,-0.005399721448467952,-0.005399721448467952,eod,0,A2c
2026-05-01,KRW-FIL,bear_quiet,5,0.010130779149014552,0.022840302081414625,0.44354838709677424,-0.009494186046511586,-0.009494186046511586,eod,0,A2c
2026-05-01,KRW-ADA,bear_quiet,5,0.0024866457911217536,0.022840302081414625,0.10887096774193548,0.006696721311475308,0.006696721311475308,eod,0,A2c
2026-05-02,KRW-DKA,bear_quiet,5,0.010130779149014552,0.022840302081414625,0.44354838709677424,-0.007313953488371992,-0.007313953488371992,eod,0,A2c
2026-05-02,KRW-ADA,bear_quiet,5,0.0024866457911217536,0.022840302081414625,0.10887096774193548,0.003920054200542035,0.003920054200542035,eod,0,A2c
2026-05-02,KRW-BCH,bear_quiet,5,0.0024866457911217536,0.022840302081414625,0.10887096774193548,-0.014952914798206316,-0.014952914798206316,eod,0,A2c
2026-05-03,KRW-0G,bear_quiet,5,0.010130779149014552,0.022840302081414625,0.44354838709677424,-0.018956359102244413,-0.018956359102244413,eod,0,A2c
2026-05-03,KRW-WLD,bear_quiet,5,0.010130779149014552,0.022840302081414625,0.44354838709677424,-0.029200831024930707,-0.029200831024930707,eod,0,A2c
2026-05-03,KRW-ZORA,bear_quiet,5,0.010130779149014552,0.022840302081414625,0.44354838709677424,-0.006791005291005124,-0.006791005291005124,eod,0,A2c
2026-05-04,KRW-AVAX,bear_quiet,5,0.0024866457911217536,0.022840302081414625,0.10887096774193548,0.009627596439169052,0.009627596439169052,eod,0,A2c
2026-05-04,KRW-BTC,bear_quiet,5,0.0024866457911217536,0.022840302081414625,0.10887096774193548,0.015911441804614512,0.015911441804614512,eod,0,A2c
2026-05-04,KRW-LINK,bear_quiet,5,0.0024866457911217536,0.022840302081414625,0.10887096774193548,0.0485,0.02584663710273466,tp,0,A2c
2026-05-05,KRW-BARD,bear_quiet,5,0.010130779149014552,0.022840302081414625,0.44354838709677424,-0.006330917874396156,-0.006330917874396156,eod,0,A2c
2026-05-05,KRW-ADA,bear_quiet,5,0.0024866457911217536,0.022840302081414625,0.10887096774193548,0.0485,0.041510752688172003,tp,0,A2c
2026-05-05,KRW-BCH,bear_quiet,5,0.0024866457911217536,0.022840302081414625,0.10887096774193548,0.03342786636294598,0.03342786636294598,eod,0,A2c
2026-05-06,KRW-ADA,bear_quiet,5,0.025511143857063916,0.022840302081414625,1.1169354838709677,0.0036546391752577136,0.0036546391752577136,eod,0,A2c
2026-05-06,KRW-ETC,bear_quiet,5,0.025511143857063916,0.022840302081414625,1.1169354838709677,0.03228378378378377,0.03228378378378377,eod,0,A2c
2026-05-06,KRW-LINK,bear_quiet,5,0.025511143857063916,0.022840302081414625,1.1169354838709677,0.01234083044982698,0.01234083044982698,eod,0,A2c
2026-05-07,KRW-ETC,bear_quiet,5,0.035273531037023395,0.022840302081414625,1.5443548387096775,-0.0315,-0.014571895424836554,sl,0,A2c
2026-05-07,KRW-APT,bear_quiet,5,0.025511143857063916,0.022840302081414625,1.1169354838709677,0.00515778961384822,0.00515778961384822,eod,0,A2c
2026-05-07,KRW-ZORA,bear_quiet,5,0.025511143857063916,0.022840302081414625,1.1169354838709677,0.008862694300518172,0.008862694300518172,eod,0,A2c
2026-05-08,KRW-0G,bear_quiet,5,0.025511143857063916,0.022840302081414625,1.1169354838709677,0.024172371638141732,0.024172371638141732,eod,0,A2c
2026-05-08,KRW-MANTRA,bear_quiet,5,0.025511143857063916,0.022840302081414625,1.1169354838709677,0.0485,0.044552631578947344,tp,0,A2c
2026-05-08,KRW-FF,bear_quiet,5,0.015473887814313346,0.022840302081414625,0.6774817495476384,0.015201461377870653,0.015201461377870653,eod,0,A2c
2026-05-09,KRW-ADA,bear_quiet,5,0.035273531037023395,0.022840302081414625,1.5443548387096775,-0.011425558312655069,-0.011425558312655069,eod,0,A2c
2026-05-09,KRW-ANKR,bear_quiet,5,0.035273531037023395,0.022840302081414625,1.5443548387096775,-0.011984927916120545,-0.011984927916120545,eod,0,A2c
2026-05-09,KRW-AVAX,bear_quiet,5,0.035273531037023395,0.022840302081414625,1.5443548387096775,0.0032912388774811187,0.0032912388774811187,eod,0,A2c
2026-05-10,KRW-ADA,bear_quiet,5,0.015473887814313346,0.022840302081414625,0.6774817495476384,0.0485,0.03349999999999992,tp,0,A2c
2026-05-10,KRW-ANIME,bear_quiet,5,0.015473887814313346,0.022840302081414625,0.6774817495476384,0.022890243902439045,0.022890243902439045,eod,0,A2c
2026-05-10,KRW-AVAX,bear_quiet,5,0.010130779149014552,0.022840302081414625,0.44354838709677424,0.018908163265306144,0.018908163265306144,eod,0,A2c
2026-05-11,KRW-AUCTION,bear_quiet,5,0.04946117712075159,0.022840302081414625,2.165522020875487,-0.025417259211376886,-0.025417259211376886,eod,0,A2c
2026-05-11,KRW-GAS,bear_quiet,5,0.035273531037023395,0.022840302081414625,1.5443548387096775,-0.00534911470361815,-0.00534911470361815,eod,0,A2c
2026-05-11,KRW-AVAX,bear_quiet,5,0.025511143857063916,0.022840302081414625,1.1169354838709677,-0.00816666666666671,-0.00816666666666671,eod,0,A2c
2026-05-12,KRW-META,bear_quiet,5,0.07321790384969608,0.022840302081414625,3.2056451612903225,-0.014833333333333308,-0.014833333333333308,eod,0,A2c
2026-05-12,KRW-HBAR,bear_quiet,5,0.015473887814313346,0.022840302081414625,0.6774817495476384,-0.0315,-0.029472027972028025,sl,0,A2c
2026-05-12,KRW-SIGN,bear_quiet,5,0.015473887814313346,0.022840302081414625,0.6774817495476384,0.006730452674897082,0.006730452674897082,eod,0,A2c
2026-05-13,KRW-SOL,bear_quiet,5,0.010130779149014552,0.022840302081414625,0.44354838709677424,-0.0315,-0.031542918454935676,sl,0,A2c
2026-05-13,KRW-AVAX,bear_quiet,5,0.010130779149014552,0.022840302081414625,0.44354838709677424,-0.0069869684499314615,-0.0069869684499314615,eod,0,A2c
2026-05-13,KRW-HBAR,bear_quiet,5,0.010130779149014552,0.022840302081414625,0.44354838709677424,-0.0015,-0.0015,eod,0,A2c
2026-05-14,KRW-BTC,bear_quiet,5,0.0024866457911217536,0.022840302081414625,0.10887096774193548,0.015419239058496017,0.015419239058496017,eod,0,A2c
2026-05-14,KRW-ETH,bear_quiet,5,0.0024866457911217536,0.022840302081414625,0.10887096774193548,0.003865126676602161,0.003865126676602161,eod,0,A2c
2026-05-14,KRW-TRX,bear_quiet,5,0.0024866457911217536,0.022840302081414625,0.10887096774193548,0.004269230769230749,0.004269230769230749,eod,0,A2c
2026-05-15,KRW-XRP,bear_quiet,5,0.010130779149014552,0.022840302081414625,0.44354838709677424,-0.0315,-0.02884731084776665,sl,0,A2c
2026-05-15,KRW-BTC,bear_quiet,5,0.0024866457911217536,0.022840302081414625,0.10887096774193548,-0.01876338976545483,-0.01876338976545483,eod,0,A2c
2026-05-15,KRW-ETH,bear_quiet,5,0.0024866457911217536,0.022840302081414625,0.10887096774193548,-0.02105555555555555,-0.02105555555555555,eod,0,A2c
2026-05-16,KRW-BTC,bear_quiet,5,0.0024866457911217536,0.022840302081414625,0.10887096774193548,-0.010720345890323722,-0.010720345890323722,eod,0,A2c
2026-05-16,KRW-ETH,bear_quiet,5,0.0024866457911217536,0.022840302081414625,0.10887096774193548,-0.017516923541855578,-0.017516923541855578,eod,0,A2c
2026-05-16,KRW-TRX,bear_quiet,5,0.0024866457911217536,0.022840302081414625,0.10887096774193548,0.009950381679389388,0.009950381679389388,eod,0,A2c
2026-05-17,KRW-BTC,bear_quiet,5,0.0024866457911217536,0.022840302081414625,0.10887096774193548,-0.011885070176340494,-0.011885070176340494,eod,0,A2c
2026-05-17,KRW-ETH,bear_quiet,5,0.0024866457911217536,0.022840302081414625,0.10887096774193548,-0.0315,-0.02575544980042982,sl,0,A2c
2026-05-17,KRW-TRX,bear_quiet,5,0.0024866457911217536,0.022840302081414625,0.10887096774193548,0.00038679245283029925,0.00038679245283029925,eod,0,A2c
2026-05-18,KRW-TRX,bear_quiet,5,0.0024866457911217536,0.022840302081414625,0.10887096774193548,-0.005273584905660376,-0.005273584905660376,eod,0,A2c
2026-05-18,KRW-BTC,bear_quiet,5,0.0024866457911217536,0.06806041628292503,0.036535859269282815,-0.011595762550435538,-0.011595762550435538,eod,0,A2c
2026-05-18,KRW-ETH,bear_quiet,5,0.0024866457911217536,0.06806041628292503,0.036535859269282815,-0.006849276274386416,-0.006849276274386416,eod,0,A2c
2026-05-19,KRW-BTC,bear_quiet,5,0.0024866457911217536,0.022840302081414625,0.10887096774193548,-0.0004243550502842073,-0.0004243550502842073,eod,0,A2c
2026-05-19,KRW-BTT,bear_quiet,5,0.0024866457911217536,0.022840302081414625,0.10887096774193548,-0.0056666666666666515,-0.0056666666666666515,eod,0,A2c
2026-05-19,KRW-TRX,bear_quiet,5,0.0024866457911217536,0.022840302081414625,0.10887096774193548,0.000390359168241984,0.000390359168241984,eod,0,A2c
2026-05-20,KRW-BTC,bear_quiet,5,0.0024866457911217536,0.022840302081414625,0.10887096774193548,0.002658185773064371,0.002658185773064371,eod,0,A2c
2026-05-20,KRW-ETH,bear_quiet,5,0.0024866457911217536,0.022840302081414625,0.10887096774193548,0.0016796502384737746,0.0016796502384737746,eod,0,A2c
2026-05-20,KRW-TRX,bear_quiet,5,0.0024866457911217536,0.022840302081414625,0.10887096774193548,0.000379699248120259,0.000379699248120259,eod,0,A2c
2026-05-21,KRW-BTC,bear_quiet,5,0.0024866457911217536,0.022840302081414625,0.10887096774193548,0.0003268971456907312,0.0003268971456907312,eod,0,A2c
2026-05-21,KRW-ETH,bear_quiet,5,0.0024866457911217536,0.022840302081414625,0.10887096774193548,0.0010348542458809575,0.0010348542458809575,eod,0,A2c
2026-05-21,KRW-TRX,bear_quiet,5,0.0024866457911217536,0.022840302081414625,0.10887096774193548,0.015385553470919357,0.015385553470919357,eod,0,A2c
2026-05-22,KRW-AXS,bear_quiet,5,0.025511143857063916,0.022840302081414625,1.1169354838709677,-0.0315,-0.035094624860022405,sl,0,A2c
2026-05-22,KRW-SAND,bear_quiet,5,0.015473887814313346,0.022840302081414625,0.6774817495476384,-0.0315,-0.03819724770642202,sl,0,A2c
2026-05-22,KRW-ENSO,bear_quiet,5,0.015473887814313346,0.022840302081414625,0.6774817495476384,-0.0315,-0.02811290322580645,sl,0,A2c
2026-05-23,KRW-TRX,bear_quiet,5,0.0024866457911217536,0.022840302081414625,0.10887096774193548,-0.0033382352941176406,-0.0033382352941176406,eod,0,A2c
2026-05-23,KRW-POL,bear_quiet,5,0.0024866457911217536,0.022840302081414625,0.10887096774193548,0.013314814814814837,0.013314814814814837,eod,0,A2c
2026-05-23,KRW-SHIB,bear_quiet,5,0.0024866457911217536,0.022840302081414625,0.10887096774193548,0.0008584905660378741,0.0008584905660378741,eod,0,A2c
2026-05-24,KRW-ENSO,bear_quiet,5,0.025511143857063916,0.022840302081414625,1.1169354838709677,-0.0315,-0.027141025641025662,sl,0,A2c
2026-05-24,KRW-ONG,bear_quiet,5,0.025511143857063916,0.022840302081414625,1.1169354838709677,-0.0315,-0.044637254901960854,sl,0,A2c
2026-05-24,KRW-WAVES,bear_quiet,5,0.025511143857063916,0.022840302081414625,1.1169354838709677,0.0485,0.07850000000000007,tp,0,A2c
2026-05-25,KRW-AAVE,bear_quiet,5,0.0024866457911217536,0.022840302081414625,0.10887096774193548,-0.0007205767731878741,-0.0007205767731878741,eod,0,A2c
2026-05-25,KRW-ADA,bear_quiet,5,0.0024866457911217536,0.022840302081414625,0.10887096774193548,-0.0015,-0.0015,eod,0,A2c
2026-05-25,KRW-BTC,bear_quiet,5,0.0024866457911217536,0.022840302081414625,0.10887096774193548,-0.005746799733058304,-0.005746799733058304,eod,0,A2c
2026-05-26,KRW-BCH,bear_quiet,5,0.010130779149014552,0.022840302081414625,0.44354838709677424,-0.02919818529130852,-0.02919818529130852,eod,0,A2c
2026-05-26,KRW-SAND,bear_quiet,5,0.010130779149014552,0.022840302081414625,0.44354838709677424,-0.020367924528301884,-0.020367924528301884,eod,0,A2c
2026-05-26,KRW-AAVE,bear_quiet,5,0.0024866457911217536,0.022840302081414625,0.10887096774193548,-0.013182242990654234,-0.013182242990654234,eod,0,A2c
2026-05-27,KRW-TRX,bear_quiet,5,0.0024866457911217536,0.022840302081414625,0.10887096774193548,-0.030225314183123853,-0.030225314183123853,eod,0,A2c
2026-05-27,KRW-AAVE,bear_quiet,5,0.0024866457911217536,0.022840302081414625,0.10887096774193548,-0.0315,-0.03459692671394804,sl,0,A2c
2026-05-27,KRW-POL,bear_quiet,5,0.010130779149014552,0.06806041628292503,0.14884979702300408,-0.0235588235294118,-0.0235588235294118,eod,0,A2c
2026-05-28,KRW-TRX,bear_quiet,5,0.0024866457911217536,0.022840302081414625,0.10887096774193548,-0.0315,-0.0384685767097967,sl,0,A2c
2026-05-28,KRW-BTC,bear_quiet,5,0.0024866457911217536,0.1161462650824353,0.02140960614925367,-0.011395115427799416,-0.011395115427799416,eod,0,A2c
2026-05-28,KRW-WLFI,bear_quiet,5,0.07321790384969608,0.14523853379996315,0.5041217501585289,-0.006118937644341736,-0.006118937644341736,eod,0,A2c
2026-05-29,KRW-BTT,bear_quiet,5,0.010130779149014552,0.022840302081414625,0.44354838709677424,-0.0015,-0.0015,eod,0,A2c
2026-05-29,KRW-BTC,bear_quiet,5,0.0024866457911217536,0.022840302081414625,0.10887096774193548,0.0014593708801594065,0.0014593708801594065,eod,0,A2c
2026-05-29,KRW-XRP,bear_quiet,5,0.0024866457911217536,0.022840302081414625,0.10887096774193548,0.015011867905056655,0.015011867905056655,eod,0,A2c
2026-05-30,KRW-AAVE,bear_quiet,5,0.010130779149014552,0.022840302081414625,0.44354838709677424,0.0009529844644316512,0.0009529844644316512,eod,0,A2c
2026-05-30,KRW-BTC,bear_quiet,5,0.0024866457911217536,0.022840302081414625,0.10887096774193548,0.004097940987223105,0.004097940987223105,eod,0,A2c
2026-05-30,KRW-XRP,bear_quiet,5,0.0024866457911217536,0.022840302081414625,0.10887096774193548,0.006621827411167404,0.006621827411167404,eod,0,A2c
2026-05-31,KRW-BTC,bear_quiet,5,0.0024866457911217536,0.022840302081414625,0.10887096774193548,-0.010220372215468175,-0.010220372215468175,eod,0,A2c
2026-05-31,KRW-TRX,bear_quiet,5,0.0024866457911217536,0.022840302081414625,0.10887096774193548,-0.0015,-0.0015,eod,0,A2c
2026-05-31,KRW-XRP,bear_quiet,5,0.0024866457911217536,0.022840302081414625,0.10887096774193548,-0.012583123425692731,-0.012583123425692731,eod,0,A2c
2026-06-01,KRW-LAYER,bear_quiet,5,0.015473887814313346,0.022840302081414625,0.6774817495476384,-0.0015,-0.0015,eod,0,A2c
2026-06-01,KRW-BTC,bear_quiet,5,0.0024866457911217536,0.022840302081414625,0.10887096774193548,-0.0010297155239983855,-0.0010297155239983855,eod,0,A2c
2026-06-01,KRW-DOGE,bear_quiet,5,0.0024866457911217536,0.022840302081414625,0.10887096774193548,-0.0015,-0.0015,eod,0,A2c
