date,market,regime,fold,r1_rank,p_lab_up_10,p_lab_dn_05,p_lab_dn_10,p_lab_dump_B,exp_downside,R1,f_qv_rank,net,outcome,eod_net,pump20_hit,up_high_ret,down_low_ret,policy,a1_filled_from_demoted
2024-04-22,KRW-BTC,bull_quiet,0,1,0.0,0.006097560975609756,0.0,0.0,-0.015144420357606426,0.0,3.0,0.02135419799960042,eod,0.02135419799960042,0,0.028616282622667466,-0.0030449579079347977,R1_baseline,
2024-04-23,KRW-BTC,bull_quiet,0,1,0.0,0.006097560975609756,0.0,0.0,-0.015144420357606426,0.0,2.0,-0.012708341473948335,eod,-0.012708341473948335,0,0.003630230668764556,-0.020495891566141178,R1_baseline,
2024-04-24,KRW-BTC,bull_quiet,0,1,0.0,0.006097560975609756,0.0,0.0,-0.015144420357606426,0.0,5.0,-0.0315,sl,-0.029297710042741676,0,0.005787386412132722,-0.03473472744116335,R1_baseline,
2024-04-25,KRW-BTC,bull_quiet,0,1,0.0,0.006097560975609756,0.0,0.0,-0.015144420357606426,0.0,3.0,-0.009896979226836132,eod,-0.009896979226836132,0,0.008543627031651013,-0.02466852010265186,R1_baseline,
2024-04-26,KRW-BTC,bull_quiet,0,1,0.0,0.006097560975609756,0.0,0.0,-0.015144420357606426,0.0,1.0,-0.00850190961171232,eod,-0.00850190961171232,0,0.0025765138366338203,-0.013971388837981435,R1_baseline,
2024-04-27,KRW-BTC,bull_quiet,0,1,0.0,0.006097560975609756,0.0,0.0,-0.015144420357606426,0.0,2.0,-0.005987130735215783,eod,-0.005987130735215783,0,0.0023924745799575042,-0.018084932847588497,R1_baseline,
2024-04-28,KRW-BTC,bull_quiet,0,1,0.0,0.025067750677506776,0.0,0.0,-0.017029494668540184,0.0,2.0,-0.01080948301264911,eod,-0.01080948301264911,0,0.012360790828314983,-0.014710543284626065,R1_baseline,
2024-04-29,KRW-BTC,bull_quiet,0,1,0.0,0.12014453477868112,0.0,0.0,-0.027170517233735154,0.0,4.0,0.0010227765965649684,eod,0.0010227765965649684,0,0.016204036097334784,-0.022455900058542144,R1_baseline,
2024-04-30,KRW-BTC,bull_quiet,0,1,0.0,0.006097560975609756,0.0,0.0,-0.015144420357606426,0.0,1.0,-0.0315,sl,-0.04293910506477955,0,0.01247264770240708,-0.06339168490153169,R1_baseline,
2024-05-01,KRW-BTC,bull_quiet,0,1,0.0,0.294104359611475,0.0040659588886379034,0.0,-0.0401914157152023,0.0,1.0,-0.0315,sl,-0.05224000619060171,0,0.005427299430879273,-0.08200615017440793,R1_baseline,
2024-05-02,KRW-BTC,bull_volatile,0,1,0.0,0.2140921409214092,0.0015808491418247517,0.0,-0.03502480285844987,0.0,1.0,0.004211387758551956,eod,0.004211387758551956,0,0.006000071857148015,-0.03470700247907166,R1_baseline,
2024-05-03,KRW-BTC,bull_quiet,0,1,0.0,0.07791327913279132,0.0,0.0,-0.0234329370312677,0.0,1.0,0.0485,tp,0.07466577822600012,0,0.08093049003562136,-0.0034779050736497563,R1_baseline,
2024-05-04,KRW-BTC,bull_volatile,0,1,0.0,0.006097560975609756,0.0,0.0,-0.015144420357606426,0.0,1.0,0.005301204147619533,eod,0.005301204147619533,0,0.02051718538262537,-0.015466284395963759,R1_baseline,
2024-05-05,KRW-BTC,bull_volatile,0,1,0.0,0.025067750677506776,0.0,0.0,-0.017029494668540184,0.0,2.0,-0.00382545263274464,eod,-0.00382545263274464,0,0.0050496661240491125,-0.021837591220668195,R1_baseline,
2024-05-06,KRW-BTC,bull_volatile,0,1,0.0,0.006097560975609756,0.0,0.0,-0.015144420357606426,0.0,2.0,-0.016546437567270644,eod,-0.016546437567270644,0,0.017547169811320762,-0.017758046614872347,R1_baseline,
2024-05-07,KRW-BTC,bull_volatile,0,1,0.0,0.006097560975609756,0.0,0.0,-0.015144420357606426,0.0,1.0,-0.011098377738973651,eod,-0.011098377738973651,0,0.015510250056318897,-0.01441766163550351,R1_baseline,
2024-05-08,KRW-BTC,bull_volatile,0,1,0.0,0.006097560975609756,0.0015808491418247517,0.0,-0.015144420357606426,0.0,1.0,-0.0315,sl,-0.022600406083286895,0,0.011085107597465615,-0.028380615331925374,R1_baseline,
2024-05-09,KRW-BTC,bull_volatile,0,1,0.0,0.025067750677506776,0.0040659588886379034,0.0,-0.017029494668540184,0.0,1.0,0.021101036510260462,eod,0.021101036510260462,0,0.030603689211850194,-0.009921743991056498,R1_baseline,
2024-05-10,KRW-BTC,bull_volatile,0,1,0.0009033423667570009,0.025067750677506776,0.0,0.0,-0.017029494668540184,0.036036036036036036,1.0,-0.0315,sl,-0.02440830994397919,0,0.0041309183349220735,-0.034000635525897716,R1_baseline,
2024-05-11,KRW-BTC,bull_volatile,0,1,0.0,0.07791327913279132,0.0015808491418247517,0.0,-0.0234329370312677,0.0,2.0,-0.0021396241336000808,eod,-0.0021396241336000808,0,0.007665245450944713,-0.007374012721045653,R1_baseline,
2024-05-12,KRW-BTC,bull_volatile,0,1,0.0,0.04698441382426022,0.0015808491418247517,0.0,-0.020403399257999125,0.0,3.0,0.007856126284430833,eod,0.007856126284430833,0,0.013835950157941923,-0.002016528540289775,R1_baseline,
2024-05-13,KRW-BTC,bull_volatile,0,1,0.0,0.04698441382426022,0.0,0.0,-0.020403399257999125,0.0,2.0,0.01141304448082653,eod,0.01141304448082653,0,0.02269969140439887,-0.012840813212977142,R1_baseline,
2024-05-14,KRW-BTC,bull_volatile,0,1,0.0009033423667570009,0.04698441382426022,0.01084010840108401,0.0,-0.020403399257999125,0.01922642623862136,1.0,-0.01562586934993687,eod,-0.01562586934993687,0,0.0033093001569359792,-0.0242568289853754,R1_baseline,
2024-05-15,KRW-BTC,bull_volatile,0,1,0.0,0.025067750677506776,0.0040659588886379034,0.0,-0.017029494668540184,0.0,2.0,0.0485,tp,0.067162540987392,0,0.06842032268503528,-0.003744625768572929,R1_baseline,
2024-05-16,KRW-BTC,bull_volatile,0,1,0.011291779584462511,0.15721707702733229,0.0,0.00022588660492432798,-0.030561394774138537,0.07182285663852807,1.0,-0.019888271264814905,eod,-0.019888271264814905,0,0.008131493524117683,-0.02020388444376897,R1_baseline,
2024-05-17,KRW-BTC,bull_volatile,0,1,0.0009033423667570009,0.04698441382426022,0.0,0.0,-0.020403399257999125,0.01922642623862136,1.0,0.017785596345423482,eod,0.017785596345423482,0,0.02514338555025919,-0.0015301797686015917,R1_baseline,
2024-05-18,KRW-BTC,bull_volatile,0,1,0.0009033423667570009,0.025067750677506776,0.0,0.0,-0.017029494668540184,0.036036036036036036,1.0,0.005102122187884918,eod,0.005102122187884918,0,0.009370411952672963,-0.003184644615251697,R1_baseline,
2024-05-19,KRW-BTC,bull_volatile,0,1,0.0,0.025067750677506776,0.0,0.0,-0.017029494668540184,0.0,1.0,-0.011912641161063107,eod,-0.011912641161063107,0,0.009928437882792851,-0.013141211613263759,R1_baseline,
2024-05-20,KRW-BTC,bull_volatile,0,1,0.0,0.006097560975609756,0.0,0.0,-0.015144420357606426,0.0,1.0,0.0485,tp,0.051826390922798116,0,0.055095731409665394,-0.0027553289580733997,R1_baseline,
2024-05-21,KRW-BTC,bull_volatile,0,1,0.0056471651231082,0.12014453477868112,0.0,0.0,-0.027170517233735154,0.04700309617504344,2.0,-0.004539231847028811,eod,-0.004539231847028811,0,0.009150730002056351,-0.017365823565700156,R1_baseline,
2024-05-22,KRW-BTC,bull_volatile,0,1,0.0009033423667570009,0.04698441382426022,0.0,0.0,-0.020403399257999125,0.01922642623862136,2.0,-0.012818765375948447,eod,-0.012818765375948447,0,0.0029157231924066274,-0.021475025073151577,R1_baseline,
2024-05-23,KRW-BTC,bull_volatile,0,1,0.0,0.006097560975609756,0.0,0.0,-0.015144420357606426,0.0,1.0,-0.01498695215791229,eod,-0.01498695215791229,0,0.015300615168568843,-0.025371773508976014,R1_baseline,
2024-05-24,KRW-BTC,bull_volatile,0,1,0.0,0.006097560975609756,0.0,0.0,-0.015144420357606426,0.0,3.0,0.00960663642722387,eod,0.00960663642722387,0,0.01330916678082561,-0.016828772247805546,R1_baseline,
2024-05-25,KRW-BTC,bull_volatile,0,1,0.0,0.006097560975609756,0.0,0.0,-0.015144420357606426,0.0,3.0,0.0056066947580265,eod,0.0056066947580265,0,0.01453567752641427,-0.00023105845778981227,R1_baseline,
2024-05-26,KRW-BTC,bull_volatile,0,1,0.0,0.006097560975609756,0.0,0.0,-0.015144420357606426,0.0,1.0,-0.004955417824543838,eod,-0.004955417824543838,0,0.003636741479634331,-0.00872817955112215,R1_baseline,
2024-05-27,KRW-BTC,bull_volatile,0,1,0.0,0.006097560975609756,0.0,0.0,-0.015144420357606426,0.0,2.0,0.00039033942558736176,eod,0.00039033942558736176,0,0.018047974569713743,-0.00610661480226693,R1_baseline,
2024-05-28,KRW-BTC,bull_volatile,0,1,0.0,0.006097560975609756,0.0,0.0,-0.015144420357606426,0.0,1.0,-0.014759530287394016,eod,-0.014759530287394016,0,0.0007183758459134992,-0.024945340968245744,R1_baseline,
2024-05-29,KRW-BTC,bull_volatile,0,1,0.0,0.04698441382426022,0.0,0.0,-0.020403399257999125,0.0,1.0,-0.008430138708416522,eod,-0.008430138708416522,0,0.006106450863143653,-0.01282565977137784,R1_baseline,
2024-05-30,KRW-BTC,bull_volatile,0,1,0.0,0.04698441382426022,0.0,0.0,-0.020403399257999125,0.0,3.0,0.009318803655202603,eod,0.009318803655202603,0,0.02353317005643696,-0.0030880630390799357,R1_baseline,
2024-05-31,KRW-BTC,bull_volatile,0,1,0.0,0.025067750677506776,0.0,0.0,-0.017029494668540184,0.0,2.0,-0.005416572788241867,eod,-0.005416572788241867,0,0.010526315789473717,-0.013684210526315743,R1_baseline,
2024-06-01,KRW-BTC,bull_volatile,0,1,0.0,0.025067750677506776,0.0,0.0,-0.017029494668540184,0.0,1.0,-7.308952542012118e-05,eod,-7.308952542012118e-05,0,0.003661220689071376,-0.0015131634639803382,R1_baseline,
2024-06-02,KRW-BTC,bull_volatile,0,1,0.0,0.006097560975609756,0.0,0.0,-0.015144420357606426,0.0,3.0,0.000917039601452231,eod,0.000917039601452231,0,0.009117578776302704,-0.0027648213418880463,R1_baseline,
2024-06-03,KRW-BTC,bull_quiet,0,1,0.0,0.006097560975609756,0.0,0.0,-0.015144420357606426,0.0,1.0,0.007965648854961817,eod,0.007965648854961817,0,0.024821052631578855,-0.0018421052631578672,R1_baseline,
2024-06-04,KRW-BTC,bull_quiet,0,1,0.0,0.006097560975609756,0.0,0.0,-0.015144420357606426,0.0,1.0,0.013843054425600356,eod,0.013843054425600356,0,0.020136675208867194,-0.004937808613038275,R1_baseline,
2024-06-05,KRW-BTC,bull_quiet,0,1,0.0,0.006097560975609756,0.0,0.0,-0.015144420357606426,0.0,1.0,0.010712407559572647,eod,0.010712407559572647,0,0.01537593599343512,-0.0021540670838035014,R1_baseline,
2024-06-06,KRW-BTC,bull_quiet,0,1,0.0,0.006097560975609756,0.0,0.0,-0.015144420357606426,0.0,1.0,-0.003661229770179074,eod,-0.003661229770179074,0,0.010316613304873767,-0.0038217207907709216,R1_baseline,
2024-06-07,KRW-BTC,bull_quiet,0,1,0.0,0.006097560975609756,0.0,0.0,-0.015144420357606426,0.0,2.0,-0.007041828091475742,eod,-0.007041828091475742,0,0.01351694958350702,-0.011208185433427276,R1_baseline,
2024-06-08,KRW-BTC,bull_quiet,0,1,0.0,0.006097560975609756,0.0,0.0,-0.015144420357606426,0.0,1.0,0.0023344342420091326,eod,0.0023344342420091326,0,0.0036662956116790824,-0.0017259163185898707,R1_baseline,
2024-06-09,KRW-BTC,bull_quiet,0,1,0.0,0.006097560975609756,0.0,0.0,-0.015144420357606426,0.0,3.0,-0.0047188076151283825,eod,-0.0047188076151283825,0,0.0026799270407695808,-0.004351060252504202,R1_baseline,
2024-06-10,KRW-BTC,bull_quiet,0,1,0.0,0.006097560975609756,0.0,0.0,-0.015144420357606426,0.0,1.0,-0.007488329909970668,eod,-0.007488329909970668,0,0.0004898808977067404,-0.01023646959166391,R1_baseline,
2024-06-11,KRW-BTC,bull_quiet,0,1,0.0,0.006097560975609756,0.0,0.0,-0.015144420357606426,0.0,1.0,-0.0315,sl,-0.02028276961036296,0,0.0007298594763516242,-0.03554724041159962,R1_baseline,
2024-06-12,KRW-BTC,bull_quiet,0,1,0.0,0.006097560975609756,0.0,0.0,-0.015144420357606426,0.0,1.0,-0.00013814452429333638,eod,-0.00013814452429333638,0,0.030158713507956625,-0.008675219502984444,R1_baseline,
2024-06-13,KRW-BTC,bull_quiet,0,1,0.0,0.006097560975609756,0.0,0.0,-0.015144420357606426,0.0,1.0,-0.011971916224670252,eod,-0.011971916224670252,0,0.004398857547897483,-0.01904434298580271,R1_baseline,
2024-06-14,KRW-BTC,bull_quiet,0,1,0.0,0.006097560975609756,0.0,0.0,-0.015144420357606426,0.0,1.0,-0.008648144231786002,eod,-0.008648144231786002,0,0.006214725093538043,-0.01704821696577674,R1_baseline,
2024-06-15,KRW-BTC,bull_quiet,0,1,0.0,0.006097560975609756,0.0,0.0,-0.015144420357606426,0.0,1.0,-0.00165961861791558,eod,-0.00165961861791558,0,0.0030751550878387324,-0.004607412294235891,R1_baseline,
2024-06-16,KRW-BTC,bull_quiet,0,1,0.0,0.006097560975609756,0.0,0.0,-0.015144420357606426,0.0,1.0,0.0014161345253299053,eod,0.0014161345253299053,0,0.00846528169688976,-0.0032157422295102656,R1_baseline,
2024-06-17,KRW-BTC,bull_quiet,0,1,0.0,0.006097560975609756,0.0,0.0,-0.015144420357606426,0.0,1.0,-0.010498875140607376,eod,-0.010498875140607376,0,0.002366826224009966,-0.02823209755994016,R1_baseline,
2024-06-18,KRW-BTC,bull_quiet,0,1,0.0,0.006097560975609756,0.0,0.0,-0.015144420357606426,0.0,1.0,-0.022520506505327387,eod,-0.022520506505327387,0,0.001175351804165059,-0.03153148340082701,R1_baseline,
2024-06-19,KRW-BTC,bull_quiet,0,1,0.0,0.006097560975609756,0.0,0.0,-0.015144420357606426,0.0,1.0,0.0019455601496357069,eod,0.0019455601496357069,0,0.011762266909622676,-0.0052264618271885555,R1_baseline,
2024-06-20,KRW-BTC,bull_quiet,0,1,0.0,0.006097560975609756,0.0,0.0,-0.015144420357606426,0.0,1.0,-0.002884347067800329,eod,-0.002884347067800329,0,0.022195764017083786,-0.0005352324984434498,R1_baseline,
2024-06-21,KRW-BTC,bull_quiet,0,1,0.0,0.006097560975609756,0.0,0.0,-0.015144420357606426,0.0,1.0,-0.016268646371148165,eod,-0.016268646371148165,0,0.002745726146504035,-0.024820492705302954,R1_baseline,
2024-06-22,KRW-BTC,bull_quiet,0,1,0.0,0.006097560975609756,0.0,0.0,-0.015144420357606426,0.0,1.0,0.006377243518723765,eod,0.006377243518723765,0,0.008614962129601,-0.001849227089515848,R1_baseline,
2024-06-23,KRW-BTC,bull_quiet,0,1,0.0,0.006097560975609756,0.0,0.0,-0.015144420357606426,0.0,2.0,-0.021473398115883058,eod,-0.021473398115883058,0,0.005590157800911211,-0.020258819904483083,R1_baseline,
2024-06-24,KRW-BTC,bull_quiet,0,1,0.0,0.4159891598915989,0.0,0.0,-0.048933228298004734,0.0,1.0,-0.0315,sl,-0.045109933373712885,0,0.003827160493827142,-0.06732884399551065,R1_baseline,
2024-06-25,KRW-BTC,bull_quiet,0,1,0.0009033423667570009,0.04698441382426022,0.0,0.0,-0.020403399257999125,0.01922642623862136,1.0,0.02262478742743218,eod,0.02262478742743218,0,0.029077723843499603,-0.005415521375519039,R1_baseline,
2024-06-26,KRW-BTC,bull_quiet,0,1,0.0,0.006097560975609756,0.0,0.0,-0.015144420357606426,0.0,1.0,-0.017475355580495233,eod,-0.017475355580495233,0,0.010210031670534914,-0.017527411591187092,R1_baseline,
2024-06-27,KRW-BTC,bull_quiet,0,1,0.0,0.006097560975609756,0.0,0.0,-0.015144420357606426,0.0,2.0,0.010300851895817255,eod,0.010300851895817255,0,0.021662872276169587,-0.008084374854806509,R1_baseline,
2024-06-28,KRW-BTC,bull_quiet,0,1,0.0,0.006097560975609756,0.0,0.0,-0.015144420357606426,0.0,2.0,-0.020444317279931956,eod,-0.020444317279931956,0,0.007309352517985701,-0.02457553956834535,R1_baseline,
2024-06-29,KRW-BTC,bull_quiet,0,1,0.0,0.006097560975609756,0.0,0.0,-0.015144420357606426,0.0,1.0,0.004619936690310191,eod,0.004619936690310191,0,0.009899362354239827,-0.0006458658712730214,R1_baseline,
2024-07-01,KRW-BTC,bull_quiet,0,1,0.0,0.006097560975609756,0.0,0.0,-0.015144420357606426,0.0,1.0,0.005446424701440579,eod,0.005446424701440579,0,0.019608735213830775,-0.0035373066424021493,R1_baseline,
2024-07-02,KRW-BTC,bull_quiet,0,1,0.0,0.006097560975609756,0.0,0.0,-0.015144420357606426,0.0,1.0,-0.012057317625736306,eod,-0.012057317625736306,0,0.0066622100862234745,-0.014412127941626385,R1_baseline,
2024-07-03,KRW-BTC,bull_quiet,0,1,0.0,0.025067750677506776,0.0,0.0,-0.017029494668540184,0.0,2.0,-0.0315,sl,-0.02283992764573889,0,0.00404491807035634,-0.03164890569496959,R1_baseline,
2024-07-04,KRW-BTC,bull_quiet,0,1,0.0,0.025067750677506776,0.0,0.0,-0.017029494668540184,0.0,1.0,-0.0315,sl,-0.048919037813552946,0,0.0030586773857097516,-0.04832944650830295,R1_baseline,
2024-07-05,KRW-BTC,bear_quiet,0,1,0.0056471651231082,0.294104359611475,0.0015808491418247517,0.0,-0.0401914157152023,0.019201228878648235,1.0,-0.0315,sl,-0.00826388991186072,0,0.010577864838393625,-0.05319539666993145,R1_baseline,
2024-07-06,KRW-BTC,bear_quiet,0,1,0.0056471651231082,0.07791327913279132,0.0,0.0,-0.0234329370312677,0.07248013671050177,1.0,0.01823285885507403,eod,0.01823285885507403,0,0.02569096871224641,-0.014546709731502294,R1_baseline,
2024-07-07,KRW-BTC,bull_quiet,0,1,0.0,0.006097560975609756,0.0,0.0,-0.015144420357606426,0.0,2.0,-0.0315,sl,-0.04153489724699494,0,0.001086300543150287,-0.04308992154496072,R1_baseline,
2024-07-08,KRW-BTC,bear_quiet,0,1,0.0,0.07791327913279132,0.0,0.0,-0.0234329370312677,0.0,2.0,0.013621680298899376,eod,0.013621680298899376,0,0.04160106805043018,-0.019106515359522347,R1_baseline,
2024-07-09,KRW-BTC,bear_quiet,0,1,0.0,0.006097560975609756,0.0,0.0,-0.015144420357606426,0.0,1.0,0.017661900024869504,eod,0.017661900024869504,0,0.02237294873228235,-0.006198834768133765,R1_baseline,
2024-07-10,KRW-BTC,bear_quiet,0,1,0.0,0.006097560975609756,0.0,0.0,-0.015144420357606426,0.0,1.0,-0.005794725540195942,eod,-0.005794725540195942,0,0.02172031739453706,-0.011542727594066493,R1_baseline,
2024-07-11,KRW-BTC,bear_quiet,0,1,0.0,0.006097560975609756,0.0,0.0,-0.015144420357606426,0.0,1.0,-0.010307820462563675,eod,-0.010307820462563675,0,0.022813270512413553,-0.011302883089617466,R1_baseline,
2024-07-12,KRW-BTC,bear_quiet,0,1,0.0,0.006097560975609756,0.0,0.0,-0.015144420357606426,0.0,1.0,0.005592549116520353,eod,0.005592549116520353,0,0.01528308868878736,-0.012149993832490491,R1_baseline,
2024-07-13,KRW-BTC,bear_quiet,0,1,0.0,0.006097560975609756,0.0,0.0,-0.015144420357606426,0.0,1.0,0.021243164170316187,eod,0.021243164170316187,0,0.026389365772305773,-0.0030411536763623737,R1_baseline,
2024-07-14,KRW-BTC,bear_quiet,0,1,0.0,0.006097560975609756,0.0,0.0,-0.015144420357606426,0.0,2.0,0.02209276984155545,eod,0.02209276984155545,0,0.03738193749170704,-0.0004945658074088088,R1_baseline,
2024-07-15,KRW-BTC,bull_quiet,0,1,0.0,0.006097560975609756,0.0,0.0,-0.015144420357606426,0.0,1.0,0.0485,tp,0.06721338176704955,0,0.06864099262554135,-0.0018845838698349215,R1_baseline,
2024-07-16,KRW-BTC,bull_volatile,0,1,0.0056471651231082,0.025067750677506776,0.0,0.0,-0.017029494668540184,0.22527610058669467,1.0,-0.0315,sl,-0.0015548215558358045,0,0.004190342467256025,-0.04236414295430113,R1_baseline,
2024-07-17,KRW-BTC,bull_volatile,0,1,0.0056471651231082,0.025067750677506776,0.0,0.0,-0.017029494668540184,0.22527610058669467,1.0,-0.024405701754386,eod,-0.024405701754386,0,0.014687586017065879,-0.01590971648775119,R1_baseline,
2024-07-18,KRW-BTC,bull_volatile,0,1,0.0056471651231082,0.006097560975609756,0.0,0.0,-0.015144420357606426,0.9261350801897448,2.0,0.003314220466609065,eod,0.003314220466609065,0,0.019404453187874537,-0.0046387373692211575,R1_baseline,
2024-07-19,KRW-BTC,bull_volatile,0,1,0.0009033423667570009,0.006097560975609756,0.0,0.0,-0.015144420357606426,0.14814814814814814,3.0,0.0485,tp,0.04270321417004502,0,0.04700055648302737,-0.013077351140790228,R1_baseline,
2024-07-20,KRW-BTC,bull_volatile,0,1,0.011291779584462511,0.006097560975609756,0.0,0.0,-0.015144420357606426,1.8518518518518519,2.0,0.003858346078567777,eod,0.003858346078567777,0,0.01741860565136988,-0.0028815964904734814,R1_baseline,
2024-07-21,KRW-BTC,bull_volatile,0,1,0.0009033423667570009,0.006097560975609756,0.0,0.0,-0.015144420357606426,0.14814814814814814,3.0,0.009337050363541545,eod,0.009337050363541545,0,0.013032432260053461,-0.01764587075994173,R1_baseline,
2024-07-22,KRW-BTC,bull_volatile,0,1,0.0009033423667570009,0.025067750677506776,0.0,0.0,-0.017029494668540184,0.036036036036036036,1.0,-0.006081117371386445,eod,-0.006081117371386445,0,0.003715789473684117,-0.020526315789473726,R1_baseline,
2024-07-23,KRW-BTC,bull_volatile,0,1,0.0,0.006097560975609756,0.0,0.0,-0.015144420357606426,0.0,2.0,-0.022860784604153694,eod,-0.022860784604153694,0,0.004921301599422945,-0.02422468287302193,R1_baseline,
2024-07-24,KRW-BTC,bull_volatile,0,1,0.0,0.006097560975609756,0.0,0.0,-0.015144420357606426,0.0,1.0,-0.011510810810810788,eod,-0.011510810810810788,0,0.0137708188757808,-0.012719031922276192,R1_baseline,
2024-07-25,KRW-BTC,bull_quiet,0,1,0.0,0.006097560975609756,0.0,0.0,-0.015144420357606426,0.0,2.0,0.013176174148530841,eod,0.013176174148530841,0,0.017890514857761053,-0.02512540846548128,R1_baseline,
2024-07-26,KRW-BTC,bull_quiet,0,1,0.0,0.006097560975609756,0.0,0.0,-0.015144420357606426,0.0,1.0,0.017505391676800708,eod,0.017505391676800708,0,0.02730467693971339,-0.0020437956204379937,R1_baseline,
2024-07-27,KRW-BTC,bull_quiet,0,1,0.0,0.006097560975609756,0.0,0.0,-0.015144420357606426,0.0,1.0,-0.008006057181483115,eod,-0.008006057181483115,0,0.02297150223480804,-0.015733471401853327,R1_baseline,
2024-07-28,KRW-BTC,bull_quiet,0,1,0.0,0.006097560975609756,0.0,0.0,-0.015144420357606426,0.0,1.0,0.01591756430568997,eod,0.01591756430568997,0,0.011013239206707492,-0.007854485324514271,R1_baseline,
2024-07-29,KRW-BTC,bull_quiet,0,1,0.0,0.006097560975609756,0.0,0.0,-0.015144420357606426,0.0,1.0,-0.025649642092063274,eod,-0.025649642092063274,0,0.01821461153696924,-0.02265029413923636,R1_baseline,
2024-07-30,KRW-BTC,bull_quiet,0,1,0.0,0.006097560975609756,0.0,0.0,-0.015144420357606426,0.0,1.0,-0.012084785307590216,eod,-0.012084785307590216,0,0.002916510870145883,-0.01901607820095086,R1_baseline,
2024-07-31,KRW-BTC,bull_quiet,0,1,0.0,0.006097560975609756,0.0,0.0,-0.015144420357606426,0.0,2.0,-0.02146601989026803,eod,-0.02146601989026803,0,0.005474727880159458,-0.02634982217911408,R1_baseline,
2024-08-01,KRW-BTC,bull_volatile,0,1,0.0,0.006097560975609756,0.0,0.0,-0.015144420357606426,0.0,2.0,0.014588425608975055,eod,0.014588425608975055,0,0.02162796360657926,-0.02595577003962546,R1_baseline,
2024-08-02,KRW-BTC,bull_volatile,0,1,0.0,0.006097560975609756,0.0,0.0,-0.015144420357606426,0.0,1.0,-0.0315,sl,-0.05729282539475539,0,0.004477660721873056,-0.05896131344714506,R1_baseline,
2024-08-03,KRW-BTC,bull_volatile,0,1,0.0,0.294104359611475,0.0,0.0,-0.0401914157152023,0.0,1.0,-0.013067013868907127,eod,-0.013067013868907127,0,0.011523687580025532,-0.019506061759582916,R1_baseline,
2024-08-04,KRW-BTC,bear_volatile,0,1,0.0,0.04698441382426022,0.0,0.0,-0.020403399257999125,0.0,1.0,-0.0315,sl,-0.058799550546098145,0,0.004153384368383195,-0.04967773460222913,R1_baseline,
2024-08-05,KRW-BTC,bear_volatile,0,1,0.0,0.294104359611475,0.0,0.0,-0.0401914157152023,0.0,1.0,-0.0315,sl,-0.015234160017785268,0,0.004702519817762152,-0.11934628867364516,R1_baseline,
2024-08-06,KRW-BTC,bear_volatile,0,1,0.0009033423667570009,0.2140921409214092,0.0,0.0,-0.03502480285844987,0.004219409282700422,1.0,-0.004004664938447809,eod,-0.004004664938447809,0,0.05610264057799608,-5.14231352685135e-05,R1_baseline,
2024-08-07,KRW-BTC,bear_volatile,0,1,0.0,0.07791327913279132,0.0,0.0,-0.0234329370312677,0.0,1.0,-0.015975650023226373,eod,-0.015975650023226373,0,0.02225382331661807,-0.02973829304193798,R1_baseline,
2024-08-08,KRW-BTC,bear_volatile,0,1,0.0,0.07791327913279132,0.0,0.0,-0.0234329370312677,0.0,2.0,0.0485,tp,0.09506296975719125,0,0.12239430510550364,-0.0056770341642640165,R1_baseline,
2024-08-09,KRW-BTC,bear_volatile,0,1,0.0009033423667570009,0.07791327913279132,0.0,0.0,-0.0234329370312677,0.011594202898550725,2.0,-0.006296692256768264,eod,-0.006296692256768264,0,0.003553364121439362,-0.027744018889544808,R1_baseline,
2024-08-10,KRW-BTC,bear_volatile,0,1,0.0,0.025067750677506776,0.0,0.0,-0.017029494668540184,0.0,2.0,0.0018273790760393051,eod,0.0018273790760393051,0,0.009903768576874139,-0.008921576651894858,R1_baseline,
2024-08-11,KRW-BTC,bear_volatile,0,1,0.0,0.006097560975609756,0.0,0.0,-0.015144420357606426,0.0,3.0,-0.0315,sl,-0.03475653378016713,0,0.008812989529467963,-0.040399677829786707,R1_baseline,
2024-08-12,KRW-BTC,bear_volatile,0,1,0.0,0.025067750677506776,0.0015808491418247517,0.0,-0.017029494668540184,0.0,1.0,0.001184192154455367,eod,0.001184192154455367,0,0.026371715610510105,-0.0219281298299846,R1_baseline,
2024-08-13,KRW-BTC,bear_volatile,0,1,0.0,0.006097560975609756,0.0,0.0,-0.015144420357606426,0.0,1.0,0.0135820694951046,eod,0.0135820694951046,0,0.030802696888482917,-0.013905080101433764,R1_baseline,
2024-08-14,KRW-BTC,bear_volatile,0,1,0.0,0.006097560975609756,0.0015808491418247517,0.0,-0.015144420357606426,0.0,1.0,-0.02470303542511315,eod,-0.02470303542511315,0,0.016113587194249712,-0.028006667691252818,R1_baseline,
2024-08-15,KRW-BTC,bear_volatile,0,1,0.0009033423667570009,0.006097560975609756,0.0,0.0,-0.015144420357606426,0.14814814814814814,1.0,-0.0315,sl,-0.021601901269530044,0,0.013524987869966143,-0.03566229985443958,R1_baseline,
2024-08-16,KRW-BTC,bear_volatile,0,1,0.0009033423667570009,0.12014453477868112,0.01084010840108401,0.0,-0.027170517233735154,0.007518796992481203,1.0,0.0141647641637635,eod,0.0141647641637635,0,0.029070628300676082,-0.009229554316173894,R1_baseline,
2024-08-17,KRW-BTC,bear_volatile,0,1,0.0009033423667570009,0.07791327913279132,0.01084010840108401,0.0,-0.0234329370312677,0.011594202898550725,1.0,0.005470802919707975,eod,0.005470802919707975,0,0.00991665145707854,-0.0017399768814260197,R1_baseline,
2024-08-18,KRW-BTC,bear_volatile,0,1,0.0,0.04698441382426022,0.0015808491418247517,0.0,-0.020403399257999125,0.0,2.0,-0.013581234218887848,eod,-0.013581234218887848,0,0.010359691382620273,-0.015950060974873503,R1_baseline,
2024-08-19,KRW-BTC,bear_volatile,0,1,0.0,0.04698441382426022,0.0040659588886379034,0.0,-0.020403399257999125,0.0,1.0,-0.00600830187296114,eod,-0.00600830187296114,0,0.005092024539877338,-0.01717791411042946,R1_baseline,
2024-08-20,KRW-BTC,bear_volatile,0,1,0.0,0.04698441382426022,0.0015808491418247517,0.0,-0.020403399257999125,0.0,1.0,-0.007734658811978377,eod,-0.007734658811978377,0,0.02108278851098211,-0.014410245108842035,R1_baseline,
2024-08-21,KRW-BTC,bear_volatile,0,1,0.0,0.07791327913279132,0.0015808491418247517,0.0,-0.0234329370312677,0.0,1.0,0.02056908475664737,eod,0.02056908475664737,0,0.035281296826045416,-0.0022786095528228856,R1_baseline,
2024-08-22,KRW-BTC,bear_volatile,0,1,0.0009033423667570009,0.04698441382426022,0.0015808491418247517,0.0,-0.020403399257999125,0.01922642623862136,1.0,-0.007882361473745268,eod,-0.007882361473745268,0,0.0024246079613992055,-0.019541616405307605,R1_baseline,
2024-08-23,KRW-BTC,bear_volatile,0,1,0.0,0.006097560975609756,0.0,0.0,-0.015144420357606426,0.0,1.0,0.0485,tp,0.04053265286260005,0,0.05472369897088236,-0.00012193337560362227,R1_baseline,
2024-08-24,KRW-BTC,bear_volatile,0,1,0.0056471651231082,0.025067750677506776,0.0,0.0,-0.017029494668540184,0.22527610058669467,1.0,0.0012553033752465428,eod,0.0012553033752465428,0,0.00922897196261685,-0.0051985981308411144,R1_baseline,
2024-08-25,KRW-BTC,bear_volatile,0,1,0.0009033423667570009,0.006097560975609756,0.0,0.0,-0.015144420357606426,0.14814814814814814,1.0,0.0010498026522605688,eod,0.0010498026522605688,0,0.01365855932499671,-0.00462666216042984,R1_baseline,
2024-08-26,KRW-BTC,bear_volatile,0,1,0.0,0.006097560975609756,0.0,0.0,-0.015144420357606426,0.0,1.0,-0.02284528731360619,eod,-0.02284528731360619,0,0.0033511131725416643,-0.021243042671614143,R1_baseline,
2024-08-27,KRW-BTC,bear_volatile,0,1,0.0,0.006097560975609756,0.0,0.0,-0.015144420357606426,0.0,1.0,-0.0315,sl,-0.04169790467828621,0,0.004573026253435586,-0.05078902473699176,R1_baseline,
2024-08-28,KRW-BTC,bear_volatile,0,1,0.0,0.04698441382426022,0.0,0.0,-0.020403399257999125,0.0,1.0,-0.004157766240187875,eod,-0.004157766240187875,0,0.011711366696727454,-0.01725820598663319,R1_baseline,
2024-08-29,KRW-BTC,bear_volatile,0,1,0.0,0.006097560975609756,0.0,0.0,-0.015144420357606426,0.0,1.0,-0.003706274247325779,eod,-0.003706274247325779,0,0.025825498027735705,-0.005792750998536267,R1_baseline,
2024-08-30,KRW-BTC,bear_volatile,0,1,0.0,0.006097560975609756,0.0,0.0,-0.015144420357606426,0.0,1.0,-0.0019223550018012112,eod,-0.0019223550018012112,0,0.006254257229549864,-0.018824695027555904,R1_baseline,
2024-08-31,KRW-BTC,bear_volatile,0,1,0.0,0.025067750677506776,0.0,0.0,-0.017029494668540184,0.0,1.0,-0.003016243692674779,eod,-0.003016243692674779,0,0.004773803751911387,-0.005345665659692411,R1_baseline,
2024-09-01,KRW-BTC,bear_volatile,0,1,0.0,0.025067750677506776,0.0,0.0,-0.017029494668540184,0.0,1.0,-0.024220199190787384,eod,-0.024220199190787384,0,0.0008717310087174024,-0.02490660024906599,R1_baseline,
2024-09-07,KRW-BTC,bear_volatile,1,1,0.0025826446280991736,0.17633890132598587,0.0005166178749784743,0.0,-0.03118469146854943,0.014645915386105372,1.0,-0.004118724559023011,eod,-0.004118724559023011,0,0.01270979305849762,-0.007685622725544516,R1_baseline,
2024-09-08,KRW-BTC,bear_quiet,1,1,0.0003443526170798898,0.012396694214876033,0.0,0.0,-0.01524533327800921,0.027777777777777776,1.0,0.012754236827072165,eod,0.012754236827072165,0,0.016838674633351536,-0.008799565453557867,R1_baseline,
2024-09-09,KRW-BTC,bear_quiet,1,1,0.0003443526170798898,0.012396694214876033,0.0,0.0,-0.01524533327800921,0.027777777777777776,1.0,0.0485,tp,0.02841819766662207,0,0.05455473609263972,-0.004648101129784088,R1_baseline,
2024-09-10,KRW-BTC,bear_quiet,1,1,0.0003443526170798898,0.012396694214876033,0.0,0.0,-0.01524533327800921,0.027777777777777776,1.0,0.014901978651392924,eod,0.014901978651392924,0,0.015658362989323882,-0.010909090909090868,R1_baseline,
2024-09-11,KRW-BTC,bear_quiet,1,1,0.0025826446280991736,0.012396694214876033,0.0,0.0,-0.01524533327800921,0.20833333333333334,1.0,-0.0315,sl,-0.008147028688524625,0,0.001395807455404574,-0.034715908363319725,R1_baseline,
2024-09-12,KRW-BTC,bear_quiet,1,1,0.0003443526170798898,0.012396694214876033,0.0,0.0,-0.01524533327800921,0.027777777777777776,1.0,0.008844115977918733,eod,0.008844115977918733,0,0.018988896213854467,-0.0007885110068380774,R1_baseline,
2024-09-13,KRW-BTC,bear_quiet,1,1,0.0003443526170798898,0.012396694214876033,0.0,0.0,-0.01524533327800921,0.027777777777777776,2.0,0.03360653236822292,eod,0.03360653236822292,0,0.03617013121414603,-0.007269800304079532,R1_baseline,
2024-09-14,KRW-BTC,bear_quiet,1,1,0.0003443526170798898,0.012396694214876033,0.0,0.0,-0.01524533327800921,0.027777777777777776,2.0,-0.008640831000333025,eod,-0.008640831000333025,0,0.003014951192388482,-0.010997158037810428,R1_baseline,
2024-09-15,KRW-BTC,bear_quiet,1,1,0.0003443526170798898,0.012396694214876033,0.0,0.0,-0.01524533327800921,0.027777777777777776,4.0,-0.015387508695220152,eod,-0.015387508695220152,0,0.006023049028860861,-0.017808355272962095,R1_baseline,
2024-09-16,KRW-BTC,bear_quiet,1,1,0.0003443526170798898,0.012396694214876033,0.0,0.0,-0.01524533327800921,0.027777777777777776,4.0,-0.01209380747235028,eod,-0.01209380747235028,0,0.002120691169642752,-0.02448206196433722,R1_baseline,
2024-09-17,KRW-BTC,bear_quiet,1,1,0.0003443526170798898,0.012396694214876033,0.0,0.0,-0.01524533327800921,0.027777777777777776,3.0,0.028022972921361078,eod,0.028022972921361078,0,0.049650813070296174,-0.008844369679359754,R1_baseline,
2024-09-18,KRW-BTC,bear_quiet,1,1,0.0025826446280991736,0.012396694214876033,0.0,0.0,-0.01524533327800921,0.20833333333333334,1.0,0.024629000346243324,eod,0.024629000346243324,0,0.018516692144582958,-0.013659450663247696,R1_baseline,
2024-09-19,KRW-BTC,bear_quiet,1,1,0.0025826446280991736,0.012396694214876033,0.0,0.0,-0.01524533327800921,0.20833333333333334,3.0,0.009067156266191092,eod,0.009067156266191092,0,0.02901831652603426,-0.0038376330157500194,R1_baseline,
2024-09-20,KRW-BTC,bear_quiet,1,1,0.0025826446280991736,0.0371900826446281,0.0,0.0,-0.019038942705014075,0.06944444444444445,1.0,0.0039603765036900235,eod,0.0039603765036900235,0,0.018917404727563092,-0.006126998128523908,R1_baseline,
2024-09-21,KRW-BTC,bear_quiet,1,1,0.0075770621663509554,0.012396694214876033,0.0,0.0,-0.01524533327800921,0.6112163480856437,2.0,-0.0009901226077264056,eod,-0.0009901226077264056,0,0.004337315130830577,-0.004550625711035261,R1_baseline,
2024-09-22,KRW-BTC,bear_quiet,1,1,0.0003443526170798898,0.012396694214876033,0.0,0.0,-0.01524533327800921,0.027777777777777776,7.0,-0.002400719390355187,eod,-0.002400719390355187,0,0.012685214795864042,-0.01217591112058658,R1_baseline,
2024-09-23,KRW-BTC,bear_quiet,1,1,0.0075770621663509554,0.012396694214876033,0.0,0.0,-0.01524533327800921,0.6112163480856437,3.0,0.0020824011577560988,eod,0.0020824011577560988,0,0.016643485230674937,-0.011857893868313707,R1_baseline,
2024-09-24,KRW-BTC,bear_quiet,1,1,0.0003443526170798898,0.012396694214876033,0.0,0.0,-0.01524533327800921,0.027777777777777776,1.0,0.0051900700920771165,eod,0.0051900700920771165,0,0.013234077750206685,-0.007337823466855742,R1_baseline,
2024-09-25,KRW-BTC,bear_quiet,1,1,0.0003443526170798898,0.012396694214876033,0.0,0.0,-0.01524533327800921,0.027777777777777776,1.0,-0.008814868085805836,eod,-0.008814868085805836,0,0.00823479729729737,-0.01205893393393398,R1_baseline,
2024-09-26,KRW-BTC,bear_quiet,1,1,0.0003443526170798898,0.012396694214876033,0.0,0.0,-0.01524533327800921,0.027777777777777776,3.0,0.015295590566082375,eod,0.015295590566082375,0,0.026552239159811197,-0.006661767146345476,R1_baseline,
2024-09-27,KRW-BTC,bear_quiet,1,1,0.0003443526170798898,0.012396694214876033,0.0,0.0,-0.01524533327800921,0.027777777777777776,2.0,0.009395475528785115,eod,0.009395475528785115,0,0.017010285288779237,-0.000826080886117242,R1_baseline,
2024-09-28,KRW-BTC,bear_quiet,1,1,0.0003443526170798898,0.012396694214876033,0.0,0.0,-0.01524533327800921,0.027777777777777776,2.0,-0.005387917548541453,eod,-0.005387917548541453,0,0.00335794291497038,-0.010982313300673896,R1_baseline,
2024-09-29,KRW-BTC,bear_quiet,1,1,0.0025826446280991736,0.012396694214876033,0.0,0.0,-0.01524533327800921,0.20833333333333334,4.0,-0.01109606457423956,eod,-0.01109606457423956,0,0.0018447844484670295,-0.010734339509517965,R1_baseline,
2024-09-30,KRW-BTC,bear_quiet,1,1,0.0003443526170798898,0.012396694214876033,0.0,0.0,-0.01524533327800921,0.027777777777777776,5.0,-0.0315,sl,-0.027176605370864915,0,0.0,-0.03370250587496215,R1_baseline,
2024-10-01,KRW-BTC,bear_quiet,1,1,0.0003443526170798898,0.012396694214876033,0.0,0.0,-0.01524533327800921,0.027777777777777776,1.0,-0.0315,sl,-0.025675113994040044,0,0.013782395796011038,-0.03446793264063064,R1_baseline,
2024-10-02,KRW-BTC,bear_quiet,1,1,0.0003443526170798898,0.0371900826446281,0.0,0.0,-0.019038942705014075,0.009259259259259259,1.0,0.004486922010526197,eod,0.004486922010526197,0,0.022085889570552242,-0.006871165644171784,R1_baseline,
2024-10-03,KRW-BTC,bear_quiet,1,1,0.0003443526170798898,0.012396694214876033,0.0,0.0,-0.01524533327800921,0.027777777777777776,2.0,0.002939782401873593,eod,0.002939782401873593,0,0.012153181489958031,-0.00495673565300403,R1_baseline,
2024-10-04,KRW-BTC,bear_quiet,1,1,0.0003443526170798898,0.012396694214876033,0.0,0.0,-0.01524533327800921,0.027777777777777776,3.0,0.0184334337495749,eod,0.0184334337495749,0,0.023045836822368715,-0.004405286343612369,R1_baseline,
2024-10-05,KRW-BTC,bear_quiet,1,1,0.0003443526170798898,0.012396694214876033,0.0,0.0,-0.01524533327800921,0.027777777777777776,1.0,-0.002917172799809463,eod,-0.002917172799809463,0,0.004605985394491974,-0.003496253162140195,R1_baseline,
2024-10-06,KRW-BTC,bear_quiet,1,1,0.0003443526170798898,0.012396694214876033,0.0,0.0,-0.01524533327800921,0.027777777777777776,6.0,0.006120660457239526,eod,0.006120660457239526,0,0.008488398395180674,-0.0047263592747359695,R1_baseline,
2024-10-07,KRW-BTC,bear_quiet,1,1,0.0003443526170798898,0.012396694214876033,0.0,0.0,-0.01524533327800921,0.027777777777777776,5.0,-0.006624502935050179,eod,-0.006624502935050179,0,0.02208773508929851,-0.006537495854848641,R1_baseline,
2024-10-08,KRW-BTC,bear_quiet,1,1,0.0003443526170798898,0.012396694214876033,0.0,0.0,-0.01524533327800921,0.027777777777777776,2.0,7.025088326601111e-05,eod,7.025088326601111e-05,0,0.015820447451811992,-0.0011198208286674616,R1_baseline,
2024-10-09,KRW-BTC,bear_quiet,1,1,0.0003443526170798898,0.012396694214876033,0.0,0.0,-0.01524533327800921,0.027777777777777776,3.0,-0.025142908909455974,eod,-0.025142908909455974,0,0.004290519259796399,-0.02319970524964643,R1_baseline,
2024-10-10,KRW-BTC,bear_quiet,1,1,0.0003443526170798898,0.012396694214876033,0.0,0.0,-0.01524533327800921,0.027777777777777776,1.0,-0.0012931344990813596,eod,-0.0012931344990813596,0,0.0090309894031535,-0.02121796972676404,R1_baseline,
2024-10-11,KRW-BTC,bear_quiet,1,1,0.0003443526170798898,0.012396694214876033,0.0,0.0,-0.01524533327800921,0.027777777777777776,1.0,0.030058713319382868,eod,0.030058713319382868,0,0.0407032667324152,-0.004651106159671792,R1_baseline,
2024-10-12,KRW-BTC,bear_quiet,1,1,0.0003443526170798898,0.012396694214876033,0.0,0.0,-0.01524533327800921,0.027777777777777776,1.0,0.0010944008113398808,eod,0.0010944008113398808,0,0.009473060982830184,-0.001420959147424461,R1_baseline,
2024-10-14,KRW-BTC,bear_quiet,1,1,0.0003443526170798898,0.012396694214876033,0.0,0.0,-0.01524533327800921,0.027777777777777776,2.0,0.0485,tp,0.04142616086088574,0,0.04931471302870882,-0.005685169021726333,R1_baseline,
2024-10-15,KRW-BTC,bull_quiet,1,1,0.0025826446280991736,0.012396694214876033,0.0,0.0,-0.01524533327800921,0.20833333333333334,1.0,0.021163691656001238,eod,0.021163691656001238,0,0.032615072202166084,-0.012748194945848335,R1_baseline,
2024-10-16,KRW-BTC,bull_quiet,1,1,0.0075770621663509554,0.0371900826446281,0.0,0.0,-0.019038942705014075,0.2037387826952146,1.0,0.014182238232787693,eod,0.014182238232787693,0,0.020239068472569066,-0.0035793985726595423,R1_baseline,
2024-10-17,KRW-BTC,bull_quiet,1,1,0.0075770621663509554,0.012396694214876033,0.0,0.0,-0.01524533327800921,0.6112163480856437,1.0,-0.003090864515004231,eod,-0.003090864515004231,0,0.004257177164065151,-0.0050212858858202924,R1_baseline,
2024-10-18,KRW-BTC,bull_quiet,1,1,0.0075770621663509554,0.012396694214876033,0.0,0.0,-0.01524533327800921,0.6112163480856437,1.0,0.015918256428165967,eod,0.015918256428165967,0,0.021131672442729732,-0.0027027616120665066,R1_baseline,
2024-10-19,KRW-BTC,bull_quiet,1,1,0.0075770621663509554,0.012396694214876033,0.0,0.0,-0.01524533327800921,0.6112163480856437,1.0,0.00016266197545694713,eod,0.00016266197545694713,0,0.0025171918850017683,-0.006309046894749204,R1_baseline,
2024-10-20,KRW-BTC,bull_quiet,1,1,0.0025826446280991736,0.012396694214876033,0.0,0.0,-0.01524533327800921,0.20833333333333334,6.0,0.005245182012847906,eod,0.005245182012847906,0,0.010469128394162253,-0.003921904802726028,R1_baseline,
2024-10-21,KRW-BTC,bull_quiet,1,1,0.0075770621663509554,0.012396694214876033,0.0,0.0,-0.01524533327800921,0.6112163480856437,2.0,-0.020868013528892504,eod,-0.020868013528892504,0,0.00591048018657947,-0.02600611282094978,R1_baseline,
2024-10-22,KRW-BTC,bull_quiet,1,1,0.0003443526170798898,0.012396694214876033,0.0,0.0,-0.01524533327800921,0.027777777777777776,1.0,0.002454496208017355,eod,0.002454496208017355,0,0.01322685300723725,-0.01162096765443088,R1_baseline,
2024-10-23,KRW-BTC,bull_quiet,1,1,0.0003443526170798898,0.012396694214876033,0.0,0.0,-0.01524533327800921,0.027777777777777776,1.0,-0.006237802048370931,eod,-0.006237802048370931,0,0.0013243321812719255,-0.02171689438720026,R1_baseline,
2024-10-24,KRW-BTC,bull_quiet,1,1,0.0003443526170798898,0.012396694214876033,0.0,0.0,-0.01524533327800921,0.027777777777777776,2.0,0.017346237258729025,eod,0.017346237258729025,0,0.02515832205683366,-0.003193504736129893,R1_baseline,
2024-10-25,KRW-BTC,bull_quiet,1,1,0.0003443526170798898,0.012396694214876033,0.0,0.0,-0.01524533327800921,0.027777777777777776,2.0,-0.0045332701845505734,eod,-0.0045332701845505734,0,0.011331143637658414,-0.01748567662659306,R1_baseline,
2024-10-26,KRW-BTC,bull_quiet,1,1,0.0003443526170798898,0.012396694214876033,0.0,0.0,-0.01524533327800921,0.027777777777777776,1.0,0.0012756130368408183,eod,0.0012756130368408183,0,0.005716601608327432,-0.004959365201254284,R1_baseline,
2024-10-27,KRW-BTC,bull_quiet,1,1,0.0003443526170798898,0.012396694214876033,0.0,0.0,-0.01524533327800921,0.027777777777777776,4.0,0.010221494730118076,eod,0.010221494730118076,0,0.011990254593427174,-0.0009894353834860592,R1_baseline,
2024-10-28,KRW-BTC,bull_quiet,1,1,0.0003443526170798898,0.012396694214876033,0.0,0.0,-0.01524533327800921,0.027777777777777776,1.0,0.02219753027959298,eod,0.02219753027959298,0,0.030477516240614122,-0.0032059394246182205,R1_baseline,
2024-10-29,KRW-BTC,bull_quiet,1,1,0.0025826446280991736,0.012396694214876033,0.0,0.0,-0.01524533327800921,0.20833333333333334,1.0,0.035807988697662385,eod,0.035807988697662385,0,0.048839334298415915,-0.002063633843594981,R1_baseline,
2024-10-30,KRW-BTC,bull_quiet,1,1,0.012224517906336088,0.012396694214876033,0.0,0.0,-0.01524533327800921,0.9861111111111112,1.0,-0.004798237968364703,eod,-0.004798237968364703,0,4.9358341559724295e-05,-0.021372161895360287,R1_baseline,
2024-10-31,KRW-BTC,bull_quiet,1,1,0.0003443526170798898,0.012396694214876033,0.0,0.0,-0.01524533327800921,0.027777777777777776,1.0,-0.0315,sl,-0.024089104780069148,0,0.003201718189139946,-0.03252428632508375,R1_baseline,
2024-11-01,KRW-BTC,bull_quiet,1,1,0.0003443526170798898,0.012396694214876033,0.0,0.0,-0.01524533327800921,0.027777777777777776,1.0,-0.01153048780487803,eod,-0.01153048780487803,0,0.016776744944553057,-0.026418786692759322,R1_baseline,
2024-11-02,KRW-BTC,bull_quiet,1,1,0.0003443526170798898,0.012396694214876033,0.0,0.0,-0.01524533327800921,0.027777777777777776,1.0,-0.00364550419348547,eod,-0.00364550419348547,0,0.006863178226875322,-0.005198754764669022,R1_baseline,
2024-11-03,KRW-BTC,bull_quiet,1,1,0.0003443526170798898,0.012396694214876033,0.0,0.0,-0.01524533327800921,0.027777777777777776,2.0,-0.0315,sl,-0.01798063371225761,0,0.00027776348953234553,-0.033948870942852705,R1_baseline,
2024-11-04,KRW-BTC,bull_quiet,1,1,0.0003443526170798898,0.012396694214876033,0.0,0.0,-0.01524533327800921,0.027777777777777776,1.0,-0.012974535317929302,eod,-0.012974535317929302,0,0.008501151197557899,-0.030254096908956418,R1_baseline,
2024-11-05,KRW-BTC,bull_quiet,1,1,0.0003443526170798898,0.012396694214876033,0.0,0.0,-0.01524533327800921,0.027777777777777776,1.0,0.02373809523809528,eod,0.02373809523809528,0,0.04014254048722554,-0.0035104837255671706,R1_baseline,
2024-11-06,KRW-BTC,bull_quiet,1,1,0.0003443526170798898,0.0371900826446281,0.0005166178749784743,0.0,-0.019038942705014075,0.009259259259259259,2.0,0.0485,tp,0.06569098340351737,0,0.08523223418853165,-0.0009563807226912191,R1_baseline,
2024-11-07,KRW-BTC,bull_quiet,1,1,0.03564663337351472,0.0371900826446281,0.0,0.0,-0.019038942705014075,0.9584983640433958,2.0,0.009061132710497301,eod,0.009061132710497301,0,0.008781284527069166,-0.017245520488062605,R1_baseline,
2024-11-08,KRW-BTC,bull_quiet,1,1,0.012224517906336088,0.0371900826446281,0.0,0.0,-0.019038942705014075,0.3287037037037037,2.0,0.021545267489711917,eod,0.021545267489711917,0,0.03277114910200907,-0.0006527352486633831,R1_baseline,
2024-11-09,KRW-BTC,bull_quiet,1,1,0.02169421487603306,0.059755467539176856,0.0,0.0,-0.02180524920291147,0.36304987257960797,3.0,-0.004942534004377995,eod,-0.004942534004377995,0,0.001357106088258675,-0.00909729046749963,R1_baseline,
2024-11-10,KRW-BTC,bull_quiet,1,1,0.012224517906336088,0.0371900826446281,0.0,0.0,-0.019038942705014075,0.3287037037037037,3.0,0.0485,tp,0.04599880314280608,0,0.0581029973469811,-0.0022955199729053355,R1_baseline,
2024-11-11,KRW-BTC,bull_quiet,1,1,0.03564663337351472,0.059755467539176856,0.0,0.0,-0.02180524920291147,0.5965417867435159,4.0,0.0485,tp,0.09252360447714386,0,0.12233488872936116,-0.0014985642498205332,R1_baseline,
2024-11-12,KRW-BTC,bull_volatile,1,1,0.04924242424242424,0.21952479338842976,0.039262958498364045,0.004476584022038568,-0.03483780680644635,0.22431372549019607,2.0,0.024762758654586492,eod,0.024762758654586492,0,0.02839101513544784,-0.04508499630450846,R1_baseline,
2024-11-13,KRW-BTC,bull_volatile,1,1,0.04924242424242424,0.2915446874461856,0.039262958498364045,0.0,-0.03977903438984876,0.16890180601048882,3.0,0.022628022986670937,eod,0.022628022986670937,0,0.04873910572944595,-0.017446839160951133,R1_baseline,
2024-11-14,KRW-BTC,bull_volatile,1,1,0.04924242424242424,0.17633890132598587,0.06955922865013774,0.0003443526170798898,-0.03118469146854943,0.27924878669507575,2.0,-0.0315,sl,-0.02493524717288459,0,0.018647891281779128,-0.05024549023893343,R1_baseline,
2024-11-15,KRW-BTC,bull_volatile,1,1,0.012224517906336088,0.17633890132598587,0.0025826446280991736,0.0,-0.03118469146854943,0.0693239994942321,4.0,0.020031463229719437,eod,0.020031463229719437,0,0.0437661381057608,-0.0014003221550391576,R1_baseline,
2024-11-16,KRW-BTC,bull_volatile,1,1,0.04924242424242424,0.1234504132231405,0.0025826446280991736,0.0,-0.02745907357666148,0.398884239888424,3.0,-0.007929687499999947,eod,-0.007929687499999947,0,0.007609577922077948,-0.01590596903096908,R1_baseline,
2024-11-17,KRW-BTC,bull_volatile,1,1,0.012224517906336088,0.0981404958677686,0.0005166178749784743,0.0,-0.025553705126728034,0.12456140350877193,4.0,-0.006948841433210449,eod,-0.006948841433210449,0,0.0068433886572798475,-0.014772280342956079,R1_baseline,
2024-11-18,KRW-BTC,bull_volatile,1,1,0.0075770621663509554,0.059755467539176856,0.0,0.0,-0.02180524920291147,0.12680115273775217,6.0,0.004737647244841549,eod,0.004737647244841549,0,0.019182566478741725,-0.0026567775502297497,R1_baseline,
2024-11-19,KRW-BTC,bull_volatile,1,1,0.0075770621663509554,0.0371900826446281,0.0,0.0,-0.019038942705014075,0.2037387826952146,5.0,0.016289820923656884,eod,0.016289820923656884,0,0.030328294348051843,-0.0007236003838227978,R1_baseline,
2024-11-20,KRW-BTC,bull_volatile,1,1,0.0025826446280991736,0.059755467539176856,0.0005166178749784743,0.0,-0.02180524920291147,0.04322022292614381,4.0,0.028739897528492098,eod,0.028739897528492098,0,0.02788506757329756,-0.009737030783819378,R1_baseline,
2024-11-21,KRW-BTC,bull_volatile,1,1,0.0075770621663509554,0.0371900826446281,0.0006887052341597796,0.0,-0.019038942705014075,0.2037387826952146,3.0,0.027814838671020692,eod,0.027814838671020692,0,0.04150022525904795,-0.0013440456525003475,R1_baseline,
2024-11-22,KRW-BTC,bull_volatile,1,1,0.02169421487603306,0.0981404958677686,0.0025826446280991736,0.0,-0.025553705126728034,0.22105263157894736,2.0,-0.0315,sl,-0.011156527434143469,0,0.012550164173659173,-0.05508938343670189,R1_baseline,
2024-11-23,KRW-BTC,bull_volatile,1,1,0.012224517906336088,0.059755467539176856,0.0005166178749784743,0.0,-0.02180524920291147,0.20457572185041403,3.0,0.0015493853467850051,eod,0.0015493853467850051,0,0.0021844110491748836,-0.01960855938456596,R1_baseline,
2024-11-24,KRW-BTC,bull_volatile,1,1,0.0025826446280991736,0.0371900826446281,0.0005166178749784743,0.0,-0.019038942705014075,0.06944444444444445,5.0,-0.0315,sl,-0.009587497344458571,0,0.007352941176470562,-0.033080882352941154,R1_baseline,
2024-11-25,KRW-BTC,bull_volatile,1,1,0.0075770621663509554,0.059755467539176856,0.0,0.0,-0.02180524920291147,0.12680115273775217,5.0,-0.0315,sl,-0.03469551092734785,0,0.0004334729263095749,-0.047182425978987586,R1_baseline,
2024-11-26,KRW-BTC,bull_volatile,1,1,0.0003443526170798898,0.059755467539176856,0.0005166178749784743,0.0,-0.02180524920291147,0.005762696390152508,6.0,-0.015887829912023477,eod,-0.015887829912023477,0,0.02148068818331006,-0.018298649367059383,R1_baseline,
2024-11-27,KRW-BTC,bull_volatile,1,1,0.0003443526170798898,0.012396694214876033,0.0006887052341597796,0.0,-0.01524533327800921,0.027777777777777776,5.0,0.03200379668371306,eod,0.03200379668371306,0,0.04270186335403725,-0.006987577639751552,R1_baseline,
2024-11-28,KRW-BTC,bull_volatile,1,1,0.0003443526170798898,0.012396694214876033,0.0,0.0,-0.01524533327800921,0.027777777777777776,5.0,-0.004304165760686205,eod,-0.004304165760686205,0,0.011864750862788487,-0.011736930352859831,R1_baseline,
2024-11-29,KRW-BTC,bull_volatile,1,1,0.0003443526170798898,0.012396694214876033,0.0,0.0,-0.01524533327800921,0.027777777777777776,6.0,0.008823629222191322,eod,0.008823629222191322,0,0.0235083819023012,-0.002208135552484558,R1_baseline,
2024-11-30,KRW-BTC,bull_volatile,1,1,0.0003443526170798898,0.012396694214876033,0.0,0.0,-0.01524533327800921,0.027777777777777776,5.0,-0.0035480967595385425,eod,-0.0035480967595385425,0,0.0019845104131051006,-0.007001531120393589,R1_baseline,
2024-12-01,KRW-BTC,bull_volatile,1,1,0.0003443526170798898,0.012396694214876033,0.0,0.0,-0.01524533327800921,0.027777777777777776,9.0,0.0008358906236006227,eod,0.0008358906236006227,0,0.011045302941924184,-0.003178235443681676,R1_baseline,
2024-12-02,KRW-BTC,bull_volatile,1,1,0.0003443526170798898,0.012396694214876033,0.0,0.0,-0.01524533327800921,0.027777777777777776,9.0,-0.0036149048665152215,eod,-0.0036149048665152215,0,0.014932512219548277,-0.011524491412684412,R1_baseline,
2024-12-03,KRW-BTC,bull_volatile,1,1,0.0003443526170798898,0.012396694214876033,0.0,0.0,-0.01524533327800921,0.027777777777777776,7.0,-0.0315,sl,-0.000686573234528197,0,0.00866517379028342,-0.3389453502392846,R1_baseline,
2024-12-04,KRW-BTC,bull_volatile,1,1,0.04924242424242424,0.0981404958677686,0.0025826446280991736,0.0,-0.025553705126728034,0.5017543859649122,2.0,0.040033355707200624,eod,0.040033355707200624,0,0.0463655399341909,-0.0016527071492671297,R1_baseline,
2024-12-05,KRW-BTC,bull_volatile,1,1,0.03564663337351472,0.0981404958677686,0.0025826446280991736,0.0,-0.025553705126728034,0.36322043269012894,6.0,-0.0315,sl,-0.022754198205423848,0,0.052859150362122964,-0.03433863005801174,R1_baseline,
2024-12-06,KRW-BTC,bull_volatile,1,1,0.03564663337351472,0.1234504132231405,0.006716032374720166,0.0,-0.02745907357666148,0.2887526452348306,3.0,0.020281598683007218,eod,0.020281598683007218,0,0.029097970196580336,-0.010916284245205521,R1_baseline,
2024-12-07,KRW-BTC,bull_volatile,1,1,0.03564663337351472,0.059755467539176856,0.0025826446280991736,0.0,-0.02180524920291147,0.5965417867435159,3.0,-0.005023042992581548,eod,-0.005023042992581548,0,0.007238059712199263,-0.012223640980760675,R1_baseline,
2024-12-08,KRW-BTC,bull_volatile,1,1,0.02169421487603306,0.0371900826446281,0.006716032374720166,0.0,-0.019038942705014075,0.5833333333333334,5.0,0.010126820732820287,eod,0.010126820732820287,0,0.017485788299633098,-0.00251852917895945,R1_baseline,
2024-12-09,KRW-BTC,bull_volatile,1,1,0.012224517906336088,0.0371900826446281,0.0005166178749784743,0.0,-0.019038942705014075,0.3287037037037037,6.0,-0.0315,sl,-0.020294454747642743,0,0.0024316583484573773,-0.03655285843920142,R1_baseline,
2024-12-10,KRW-BTC,bull_volatile,1,1,0.04924242424242424,0.21952479338842976,0.015151515151515152,0.0,-0.03483780680644635,0.22431372549019607,4.0,0.003150051063644911,eod,0.003150051063644911,0,0.00767270790447272,-0.024788748614450018,R1_baseline,
2024-12-11,KRW-BTC,bull_volatile,1,1,0.0025826446280991736,0.1234504132231405,0.0005166178749784743,0.0,-0.02745907357666148,0.02092050209205021,4.0,0.03281743628564221,eod,0.03281743628564221,0,0.04392749900510107,-0.012336746137983412,R1_baseline,
2024-12-12,KRW-BTC,bull_quiet,1,1,0.0075770621663509554,0.0981404958677686,0.0005166178749784743,0.0,-0.025553705126728034,0.07720627554766026,4.0,-0.005173369811452276,eod,-0.005173369811452276,0,0.013199544409584263,-0.007763204785096844,R1_baseline,
2024-12-13,KRW-BTC,bull_quiet,1,1,0.0025826446280991736,0.059755467539176856,0.0005166178749784743,0.0,-0.02180524920291147,0.04322022292614381,2.0,0.010491800239276263,eod,0.010491800239276263,0,0.01460288555820144,-0.00545594621095391,R1_baseline,
2024-12-14,KRW-BTC,bull_quiet,1,1,0.0003443526170798898,0.012396694214876033,0.0,0.0,-0.01524533327800921,0.027777777777777776,4.0,0.008559110235403957,eod,0.008559110235403957,0,0.011209427273734418,-0.0031779661016949623,R1_baseline,
2024-12-15,KRW-BTC,bull_quiet,1,1,0.0075770621663509554,0.059755467539176856,0.0005166178749784743,0.0,-0.02180524920291147,0.12680115273775217,2.0,0.020067419575633016,eod,0.020067419575633016,0,0.027911215881913476,-0.0016652161697287005,R1_baseline,
2024-12-16,KRW-BTC,bull_quiet,1,1,0.012224517906336088,0.059755467539176856,0.0,0.0,-0.02180524920291147,0.20457572185041403,2.0,0.025538433968205043,eod,0.025538433968205043,0,0.038065436904913375,-0.001521009360572978,R1_baseline,
2024-12-17,KRW-BTC,bull_quiet,1,1,0.04924242424242424,0.1234504132231405,0.0005166178749784743,0.0,-0.02745907357666148,0.398884239888424,3.0,0.01562272919996094,eod,0.01562272919996094,0,0.024738759998174764,-0.003376726661147411,R1_baseline,
2024-12-18,KRW-BTC,bull_quiet,1,1,0.0025826446280991736,0.0371900826446281,0.0,0.0,-0.019038942705014075,0.06944444444444445,3.0,-0.0315,sl,-0.036246360546399015,0,0.004683614436097994,-0.051751684683872146,R1_baseline,
2024-12-19,KRW-BTC,bull_quiet,1,1,0.0003443526170798898,0.1234504132231405,0.0,0.0,-0.02745907357666148,0.002789400278940028,2.0,-0.0315,sl,-0.02725874348889129,0,0.03753561687410745,-0.01863244739531511,R1_baseline,
2024-12-20,KRW-BTC,bull_quiet,1,1,0.0003443526170798898,0.0371900826446281,0.0,0.0,-0.019038942705014075,0.009259259259259259,2.0,-0.0315,sl,0.0020326049892929756,0,0.00668592429852044,-0.05203629114284547,R1_baseline,
2024-12-21,KRW-BTC,bull_quiet,1,1,0.0025826446280991736,0.0371900826446281,0.0,0.0,-0.019038942705014075,0.06944444444444445,2.0,0.0034676524953790046,eod,0.0034676524953790046,0,0.010544222279226023,-0.019502085892883714,R1_baseline,
2024-12-22,KRW-BTC,bull_quiet,1,1,0.0003443526170798898,0.012396694214876033,0.0,0.0,-0.01524533327800921,0.027777777777777776,6.0,-0.024866414331040032,eod,-0.024866414331040032,0,0.0007711247598689575,-0.026962309586298305,R1_baseline,
2024-12-23,KRW-BTC,bull_quiet,1,1,0.0003443526170798898,0.012396694214876033,0.0,0.0,-0.01524533327800921,0.027777777777777776,7.0,-0.01657290548263085,eod,-0.01657290548263085,0,0.009654562782281939,-0.029799312164196623,R1_baseline,
2024-12-24,KRW-BTC,bull_quiet,1,1,0.0003443526170798898,0.012396694214876033,0.0,0.0,-0.01524533327800921,0.027777777777777776,2.0,0.031442070061678484,eod,0.031442070061678484,0,0.03671772765760917,-0.013302916004786502,R1_baseline,
2024-12-25,KRW-BTC,bull_quiet,1,1,0.0003443526170798898,0.012396694214876033,0.0,0.0,-0.01524533327800921,0.027777777777777776,2.0,0.011252514076787458,eod,0.011252514076787458,0,0.011809414841451371,-0.009786694998365486,R1_baseline,
2024-12-26,KRW-BTC,bull_quiet,1,1,0.0003443526170798898,0.012396694214876033,0.0,0.0,-0.01524533327800921,0.027777777777777776,5.0,-0.0315,sl,-0.034590557265140986,0,0.005289577373562837,-0.03401117288281963,R1_baseline,
2024-12-27,KRW-BTC,bull_quiet,1,1,0.0003443526170798898,0.0371900826446281,0.0,0.0,-0.019038942705014075,0.009259259259259259,6.0,-0.012208007032124045,eod,-0.012208007032124045,0,0.014588656815909262,-0.017706365959337833,R1_baseline,
2024-12-28,KRW-BTC,bull_quiet,1,1,0.0003443526170798898,0.059755467539176856,0.0,0.0,-0.02180524920291147,0.005762696390152508,4.0,-0.003993502844700401,eod,-0.003993502844700401,0,0.006283997269663111,-0.004362909638511825,R1_baseline,
2024-12-29,KRW-BTC,bull_quiet,1,1,0.0003443526170798898,0.012396694214876033,0.0,0.0,-0.01524533327800921,0.027777777777777776,7.0,-0.01901286364884175,eod,-0.01901286364884175,0,0.00052000618385728,-0.026042471856422056,R1_baseline,
2024-12-30,KRW-BTC,bull_quiet,1,1,0.0003443526170798898,0.012396694214876033,0.0,0.0,-0.01524533327800921,0.027777777777777776,5.0,-0.014818622428875381,eod,-0.014818622428875381,0,0.006071615020989629,-0.02760475144996455,R1_baseline,
2025-01-01,KRW-BTC,bull_quiet,1,1,0.0003443526170798898,0.0981404958677686,0.0025826446280991736,0.0,-0.025553705126728034,0.0035087719298245615,3.0,0.008805146848342606,eod,0.008805146848342606,0,0.016048036500853735,-0.0028265205102084856,R1_baseline,
2025-01-03,KRW-BTC,bull_quiet,1,1,0.0003443526170798898,0.012396694214876033,0.0,0.0,-0.01524533327800921,0.027777777777777776,4.0,0.0032895450279795692,eod,0.0032895450279795692,0,0.013257049107391117,-0.008543740615093665,R1_baseline,
2025-01-04,KRW-BTC,bull_quiet,1,1,0.0003443526170798898,0.012396694214876033,0.0,0.0,-0.01524533327800921,0.027777777777777776,5.0,0.0006168999176761627,eod,0.0006168999176761627,0,0.005855391868817117,-0.004009595376521791,R1_baseline,
2025-01-05,KRW-BTC,bull_quiet,1,1,0.0003443526170798898,0.012396694214876033,0.0,0.0,-0.01524533327800921,0.027777777777777776,7.0,0.00019822652685058803,eod,0.00019822652685058803,0,0.004075514447353434,-0.008662195113527282,R1_baseline,
2025-01-06,KRW-BTC,bull_quiet,1,1,0.0003443526170798898,0.012396694214876033,0.0,0.0,-0.01524533327800921,0.027777777777777776,10.0,0.03050093694885364,eod,0.03050093694885364,0,0.03847828039604506,-0.001727342449095226,R1_baseline,
2025-01-07,KRW-BTC,bull_quiet,1,1,0.0025826446280991736,0.012396694214876033,0.0,0.0,-0.01524533327800921,0.20833333333333334,4.0,-0.0315,sl,-0.0376224598787685,0,0.0049582376626402525,-0.0449569065921267,R1_baseline,
2025-01-08,KRW-BTC,bull_quiet,1,1,0.0003443526170798898,0.0981404958677686,0.0,0.0,-0.025553705126728034,0.0035087719298245615,2.0,-0.017879817848114377,eod,-0.017879817848114377,0,0.002569255951764271,-0.02672854982077366,R1_baseline,
2025-01-09,KRW-BTC,bull_quiet,1,1,0.0003443526170798898,0.0371900826446281,0.0,0.0,-0.019038942705014075,0.009259259259259259,3.0,-0.015758555133079832,eod,-0.015758555133079832,0,0.002816505706760397,-0.02503950834064972,R1_baseline,
2025-01-10,KRW-BTC,bull_quiet,1,1,0.0003443526170798898,0.059755467539176856,0.0005166178749784743,0.0,-0.02180524920291147,0.005762696390152508,7.0,0.014996436969744677,eod,0.014996436969744677,0,0.02961044165211657,-0.0004364999856885099,R1_baseline,
2025-01-11,KRW-BTC,bull_quiet,1,1,0.0003443526170798898,0.012396694214876033,0.0,0.0,-0.01524533327800921,0.027777777777777776,6.0,-0.007090594316697283,eod,-0.007090594316697283,0,2.1035802936664183e-05,-0.010090173475254871,R1_baseline,
2025-01-12,KRW-BTC,bull_quiet,1,1,0.0003443526170798898,0.012396694214876033,0.0,0.0,-0.01524533327800921,0.027777777777777776,7.0,0.001402829375785787,eod,0.001402829375785787,0,0.01041843011116761,-0.0054031939506800075,R1_baseline,
2025-01-13,KRW-BTC,bull_quiet,1,1,0.0003443526170798898,0.012396694214876033,0.0,0.0,-0.01524533327800921,0.027777777777777776,5.0,-0.0315,sl,-0.0026408691732923693,0,0.010037022959866082,-0.032194490195250336,R1_baseline,
2025-01-14,KRW-BTC,bull_quiet,1,1,0.0003443526170798898,0.0371900826446281,0.0,0.0,-0.019038942705014075,0.009259259259259259,2.0,0.01380011492713057,eod,0.01380011492713057,0,0.02034368226982286,-0.0029836462408872055,R1_baseline,
2025-01-15,KRW-BTC,bull_quiet,1,1,0.0003443526170798898,0.012396694214876033,0.0,0.0,-0.01524533327800921,0.027777777777777776,4.0,0.01741679803331958,eod,0.01741679803331958,0,0.029105652543435445,-0.0038245579814136788,R1_baseline,
2025-01-16,KRW-BTC,bull_quiet,1,1,0.0003443526170798898,0.012396694214876033,0.0,0.0,-0.01524533327800921,0.027777777777777776,3.0,0.0040078015828113895,eod,0.0040078015828113895,0,0.003360283485734028,-0.021770563916664987,R1_baseline,
2025-01-17,KRW-BTC,bull_quiet,1,1,0.0003443526170798898,0.012396694214876033,0.0,0.0,-0.01524533327800921,0.027777777777777776,5.0,0.0485,tp,0.04046354120765511,0,0.05968654173764909,-0.0006064735945485733,R1_baseline,
2025-01-18,KRW-BTC,bull_quiet,1,1,0.0025826446280991736,0.012396694214876033,0.0,0.0,-0.01524533327800921,0.20833333333333334,3.0,0.007764861840350358,eod,0.007764861840350358,0,0.026870645656480896,-0.005910754818478803,R1_baseline,
2025-01-24,KRW-BTC,bull_quiet,2,1,0.0004167824395665463,0.012225618227285358,0.0001389274798555154,0.0,-0.015413692896298877,0.03409090909090909,2.0,0.013960017975261309,eod,0.013960017975261309,0,0.0250657589354788,-0.007169013358089615,R1_baseline,
2025-01-25,KRW-BTC,bull_quiet,2,1,0.0004167824395665463,0.012225618227285358,0.0,0.0,-0.015413692896298877,0.03409090909090909,3.0,-0.0001055218786613619,eod,-0.0001055218786613619,0,0.004211999745498574,-0.001787873003753937,R1_baseline,
2025-01-26,KRW-BTC,bull_quiet,2,1,0.0004167824395665463,0.012225618227285358,0.0,0.0,-0.015413692896298877,0.03409090909090909,9.0,-0.00822105400370071,eod,-0.00822105400370071,0,0.0046628498727734335,-0.007633587786259555,R1_baseline,
2025-01-27,KRW-BTC,bull_quiet,2,1,0.0004167824395665463,0.012225618227285358,0.0,0.0,-0.015413692896298877,0.03409090909090909,9.0,-0.0315,sl,-0.0060131553677741905,0,0.006245996156310163,-0.03100576553491352,R1_baseline,
2025-01-28,KRW-BTC,bull_quiet,2,1,0.0004167824395665463,0.047513198110586276,0.0001389274798555154,0.0,-0.020043349565388106,0.008771929824561403,2.0,0.001683177389794567,eod,0.001683177389794567,0,0.011225220921901036,-0.007339319257160248,R1_baseline,
2025-01-29,KRW-BTC,bull_quiet,2,1,0.0004167824395665463,0.012225618227285358,0.0,0.0,-0.015413692896298877,0.03409090909090909,3.0,0.017506410256410254,eod,0.017506410256410254,0,0.02267844201155733,-0.0009876923274264593,R1_baseline,
2025-01-30,KRW-BTC,bull_quiet,2,1,0.0004167824395665463,0.012225618227285358,0.0,0.0,-0.015413692896298877,0.03409090909090909,2.0,-0.007734115900455417,eod,-0.007734115900455417,0,0.010701313743634255,-0.006288595546994458,R1_baseline,
2025-01-31,KRW-BTC,bull_quiet,2,1,0.0004167824395665463,0.012225618227285358,0.0001389274798555154,0.0,-0.015413692896298877,0.03409090909090909,2.0,-0.009760957638062449,eod,-0.009760957638062449,0,0.009400563907397741,-0.016322969743712945,R1_baseline,
2025-02-01,KRW-BTC,bull_quiet,2,1,0.0004167824395665463,0.012225618227285358,0.0020839121978327314,0.0,-0.015413692896298877,0.03409090909090909,5.0,0.004103456528537443,eod,0.004103456528537443,0,0.009643632647847733,-0.004419466087622892,R1_baseline,
2025-02-02,KRW-BTC,bull_quiet,2,1,0.0004167824395665463,0.012225618227285358,0.0,0.0,-0.015413692896298877,0.03409090909090909,4.0,-0.0315,sl,-0.025476949634443524,0,0.003341825551623545,-0.031270846701694444,R1_baseline,
2025-02-03,KRW-BTC,bull_quiet,2,1,0.0004167824395665463,0.012225618227285358,0.0001389274798555154,0.0,-0.015413692896298877,0.03409090909090909,2.0,-0.0315,sl,0.03451014370245137,0,0.040935064935064824,-0.058441558441558406,R1_baseline,
2025-02-04,KRW-BTC,bull_quiet,2,1,0.0004167824395665463,0.07072391274142004,0.0001389274798555154,0.00013894678338196472,-0.022852074321402373,0.005893090800708121,2.0,-0.0315,sl,-0.033082845343224976,0,0.0077235695279267436,-0.032973700676918405,R1_baseline,
2025-02-05,KRW-BTC,bull_quiet,2,1,0.0004167824395665463,0.012225618227285358,0.000972627483673753,0.0,-0.015413692896298877,0.03409090909090909,2.0,-0.01703517612365918,eod,-0.01703517612365918,0,0.009874140391851638,-0.020371091215777848,R1_baseline,
2025-02-06,KRW-BTC,bull_quiet,2,1,0.0004167824395665463,0.012225618227285358,0.0,0.0,-0.015413692896298877,0.03409090909090909,3.0,-0.005206434581100426,eod,-0.005206434581100426,0,0.016342027071640786,-0.009501485638824692,R1_baseline,
2025-02-07,KRW-BTC,bull_quiet,2,1,0.0004167824395665463,0.012225618227285358,0.0,0.0,-0.015413692896298877,0.03409090909090909,4.0,-0.01306374929791526,eod,-0.01306374929791526,0,0.017448582509133947,-0.017369300801405974,R1_baseline,
2025-02-08,KRW-BTC,bull_quiet,2,1,0.0004167824395665463,0.012225618227285358,0.0001389274798555154,0.0,-0.015413692896298877,0.03409090909090909,2.0,-0.007351081614229869,eod,-0.007351081614229869,0,0.0041309608160318145,-0.0107485194048208,R1_baseline,
2025-02-09,KRW-BTC,bull_quiet,2,1,0.0004167824395665463,0.012225618227285358,0.0,0.0,-0.015413692896298877,0.03409090909090909,5.0,-0.004473027510593917,eod,-0.004473027510593917,0,0.0063544094630993975,-0.017975052561579385,R1_baseline,
2025-02-10,KRW-BTC,bull_quiet,2,1,0.0004167824395665463,0.012225618227285358,0.0,0.0,-0.015413692896298877,0.03409090909090909,4.0,-0.0011829209056319332,eod,-0.0011829209056319332,0,0.008319670465169793,-0.010853511470034327,R1_baseline,
2025-02-11,KRW-BTC,bull_quiet,2,1,0.0004167824395665463,0.012225618227285358,0.0,0.0,-0.015413692896298877,0.03409090909090909,3.0,-0.015001938964761373,eod,-0.015001938964761373,0,0.006345898844478226,-0.018266446567261063,R1_baseline,
2025-02-12,KRW-BTC,bull_quiet,2,1,0.0004167824395665463,0.012225618227285358,0.0001389274798555154,0.0,-0.015413692896298877,0.03409090909090909,2.0,0.004502515860861868,eod,0.004502515860861868,0,0.01528411191914203,-0.017838311626059644,R1_baseline,
2025-02-13,KRW-BTC,bull_quiet,2,1,0.0004167824395665463,0.012225618227285358,0.0001389274798555154,0.0,-0.015413692896298877,0.03409090909090909,3.0,-0.012053856608902512,eod,-0.012053856608902512,0,0.002090012580658218,-0.022090553684238956,R1_baseline,
2025-02-14,KRW-BTC,bull_quiet,2,1,0.0004167824395665463,0.012225618227285358,0.0,0.0,-0.015413692896298877,0.03409090909090909,4.0,0.005903998708764626,eod,0.005903998708764626,0,0.015898273000370278,-0.0036487839672980638,R1_baseline,
2025-02-15,KRW-BTC,bull_quiet,2,1,0.0004167824395665463,0.012225618227285358,0.0,0.0,-0.015413692896298877,0.03409090909090909,4.0,0.003749701721493194,eod,0.003749701721493194,0,0.0079767452968591,-0.0023950706579961567,R1_baseline,
2025-02-16,KRW-BTC,bull_quiet,2,1,0.0004167824395665463,0.012225618227285358,0.0,0.0,-0.015413692896298877,0.03409090909090909,5.0,-0.013857150123774918,eod,-0.013857150123774918,0,0.000644054697192642,-0.013687857196124864,R1_baseline,
2025-02-17,KRW-BTC,bull_quiet,2,1,0.0004167824395665463,0.012225618227285358,0.0,0.0,-0.015413692896298877,0.03409090909090909,5.0,-0.008347762629211162,eod,-0.008347762629211162,0,0.002437768240343363,-0.01020429184549354,R1_baseline,
2025-02-18,KRW-BTC,bull_quiet,2,1,0.0004167824395665463,0.012225618227285358,0.0,0.0,-0.015413692896298877,0.03409090909090909,6.0,-0.006645299381734136,eod,-0.006645299381734136,0,0.006662511254241998,-0.02275780871251476,R1_baseline,
2025-02-19,KRW-BTC,bull_quiet,2,1,0.0004167824395665463,0.012225618227285358,0.0001389274798555154,0.0,-0.015413692896298877,0.03409090909090909,2.0,-0.00013750747285440216,eod,-0.00013750747285440216,0,0.006837785197551405,-0.01050361713967729,R1_baseline,
2025-02-20,KRW-BTC,bull_quiet,2,1,0.0004167824395665463,0.012225618227285358,0.0,0.0,-0.015413692896298877,0.03409090909090909,3.0,0.011550933349994187,eod,0.011550933349994187,0,0.011682858211954583,-0.004330834153304597,R1_baseline,
2025-02-21,KRW-BTC,bull_quiet,2,1,0.0004167824395665463,0.012225618227285358,0.0,0.0,-0.015413692896298877,0.03409090909090909,4.0,-0.0315,sl,-0.025826565294557013,0,0.004673378214234303,-0.03009216368490042,R1_baseline,
2025-02-22,KRW-BTC,bull_quiet,2,1,0.0004167824395665463,0.012225618227285358,0.0001389274798555154,0.0,-0.015413692896298877,0.03409090909090909,3.0,-0.003122418879056009,eod,-0.003122418879056009,0,0.0020995024179268906,-0.006319502277960076,R1_baseline,
2025-02-23,KRW-BTC,bull_quiet,2,1,0.0004167824395665463,0.012225618227285358,0.0,0.0,-0.015413692896298877,0.03409090909090909,4.0,-0.006058564896236405,eod,-0.006058564896236405,0,0.0009552976876177066,-0.01647186086370145,R1_baseline,
2025-02-24,KRW-BTC,bull_quiet,2,1,0.0004167824395665463,0.012225618227285358,0.0,0.0,-0.015413692896298877,0.03409090909090909,5.0,-0.0315,sl,-0.07699063257503486,0,0.0014217908906353216,-0.06770129658840918,R1_baseline,
2025-02-25,KRW-BTC,bull_quiet,2,1,0.0004167824395665463,0.6692136704640178,0.26868574604056683,0.0047241906349868,-0.07445040181156552,0.0006227942702927133,2.0,-0.0315,sl,-0.019746584976188475,0,0.020918000529761338,-0.053967533204677065,R1_baseline,
2025-02-26,KRW-BTC,bull_quiet,2,1,0.0004167824395665463,0.047513198110586276,0.011393636237321106,0.0,-0.020043349565388106,0.008771929824561403,2.0,-0.0315,sl,-0.04553891050583653,0,0.0021971244651737276,-0.06932120417839105,R1_baseline,
2025-02-27,KRW-BTC,bull_quiet,2,1,0.0004167824395665463,0.1467074187274243,0.035431429762401004,0.00013894678338196472,-0.02904371215711708,0.002840909090909091,2.0,0.008472240538582478,eod,0.008472240538582478,0,0.03842801873345558,-0.010384850335980467,R1_baseline,
2025-02-28,KRW-BTC,bull_quiet,2,1,0.0004167824395665463,0.012225618227285358,0.0,0.0,-0.015413692896298877,0.03409090909090909,2.0,-0.0315,sl,0.004206640014186082,0,0.008094595029098706,-0.06350278126105269,R1_baseline,
2025-03-01,KRW-BTC,bull_quiet,2,1,0.0004167824395665463,0.012225618227285358,0.0,0.0,-0.015413692896298877,0.03409090909090909,2.0,0.02531669912561202,eod,0.02531669912561202,0,0.035992256965919456,-0.009293247335319998,R1_baseline,
2025-03-02,KRW-BTC,bull_volatile,2,1,0.004445679355376493,0.012225618227285358,0.0,0.0,-0.015413692896298877,0.3636363636363636,2.0,0.0485,tp,0.09041948362120783,0,0.11991895261845387,-0.014463840399002503,R1_baseline,
2025-03-03,KRW-BTC,bull_volatile,2,1,0.03821036543004029,0.1467074187274243,0.000972627483673753,0.0,-0.02904371215711708,0.26045285072483904,3.0,-0.0315,sl,-0.07029815871109774,0,0.0031578947368420263,-0.10107368421052632,R1_baseline,
2025-03-04,KRW-BTC,bull_volatile,2,1,0.03056404556821339,0.20175072947061276,0.027507641011392053,0.0001389274798555154,-0.03303763705430245,0.15149410189699158,3.0,-0.0315,sl,-0.0008319306436503347,0,0.02828375989547305,-0.051010683268003953,R1_baseline,
2025-03-05,KRW-BTC,bull_volatile,2,1,0.018338427340928037,0.10891914420672409,0.027507641011392053,0.0001389274798555154,-0.026135601244684444,0.16836734693877553,3.0,0.03480937768503739,eod,0.03480937768503739,0,0.046721588119784,-0.010646784486990635,R1_baseline,
2025-03-06,KRW-BTC,bull_volatile,2,1,0.03056404556821339,0.20175072947061276,0.004584606835232009,0.0001389274798555154,-0.03303763705430245,0.15149410189699158,3.0,-0.0055493022911499695,eod,-0.0055493022911499695,0,0.024675901918660648,-0.027927994666271605,R1_baseline,
2025-03-07,KRW-BTC,bull_volatile,2,1,0.03821036543004029,0.1467074187274243,0.004584606835232009,0.00013894678338196472,-0.02904371215711708,0.26045285072483904,2.0,-0.0315,sl,-0.04365295181884238,0,0.015254971686413876,-0.047722213091485055,R1_baseline,
2025-03-08,KRW-BTC,bull_volatile,2,1,0.018338427340928037,0.20175072947061276,0.027507641011392053,0.00013894678338196472,-0.03303763705430245,0.09089646113819495,2.0,-0.004913814725075625,eod,-0.004913814725075625,0,0.003675051342629132,-0.01646052408085108,R1_baseline,
2025-03-09,KRW-BTC,bull_volatile,2,1,0.004445679355376493,0.20175072947061276,0.027507641011392053,0.0,-0.03303763705430245,0.022035505730471503,2.0,-0.0315,sl,-0.059543169267334106,0,0.002885385638401239,-0.06777934188320023,R1_baseline,
2025-03-10,KRW-BTC,bull_volatile,2,1,0.004445679355376493,0.4208113364823562,0.0730758544040011,0.000972492358988608,-0.051339985144734125,0.010564542753383956,2.0,-0.0315,sl,-0.03263559154325674,0,0.031981427473789514,-0.03869827080527766,R1_baseline,
2025-03-11,KRW-BTC,bear_volatile,2,1,0.009309434486591635,0.6692136704640178,0.26868574604056683,0.000972492358988608,-0.07445040181156552,0.013911004657356568,2.0,0.0485,tp,0.04684893617021274,0,0.0546661560066386,-0.023252053278862927,R1_baseline,
2025-03-12,KRW-BTC,bull_volatile,2,1,0.03821036543004029,0.4208113364823562,0.0730758544040011,0.0047241906349868,-0.051339985144734125,0.09080165413186861,2.0,0.004320702868137185,eod,0.004320702868137185,0,0.01678135549207993,-0.024985393404310607,R1_baseline,
2025-03-13,KRW-BTC,bull_volatile,2,1,0.03821036543004029,0.1467074187274243,0.027507641011392053,0.0,-0.02904371215711708,0.26045285072483904,2.0,-0.0315,sl,-0.03199115215706533,0,0.005885154717407692,-0.03932316684292525,R1_baseline,
2025-03-14,KRW-BTC,bear_volatile,2,1,0.018338427340928037,0.1467074187274243,0.011393636237321106,0.0,-0.02904371215711708,0.125,2.0,0.03195684666305848,eod,0.03195684666305848,0,0.043954215744992364,-0.003984494576429132,R1_baseline,
2025-03-15,KRW-BTC,bull_volatile,2,1,0.03821036543004029,0.10891914420672409,0.0020839121978327314,0.0,-0.026135601244684444,0.35081404383345666,2.0,-0.0027005188819865787,eod,-0.0027005188819865787,0,0.008404989705704358,-0.005288442129909976,R1_baseline,
2025-03-16,KRW-BTC,bull_volatile,2,1,0.009309434486591635,0.047513198110586276,0.011393636237321106,0.0,-0.020043349565388106,0.19593365331721224,3.0,-0.017842004436378345,eod,-0.017842004436378345,0,0.007958843024521656,-0.02413456653737911,R1_baseline,
2025-03-17,KRW-BTC,bull_volatile,2,1,0.004445679355376493,0.047513198110586276,0.004584606835232009,0.0,-0.020043349565388106,0.0935672514619883,3.0,0.004693042465405086,eod,0.004693042465405086,0,0.015938218862964204,-0.0037791652974038525,R1_baseline,
2025-03-18,KRW-BTC,bull_volatile,2,1,0.0004167824395665463,0.012225618227285358,0.0001389274798555154,0.0,-0.015413692896298877,0.03409090909090909,3.0,-0.012636202440833797,eod,-0.012636202440833797,0,0.0007084632861296125,-0.026473725783991986,R1_baseline,
2025-03-19,KRW-BTC,bear_volatile,2,1,0.0004167824395665463,0.047513198110586276,0.0020839121978327314,0.0,-0.020043349565388106,0.008771929824561403,3.0,0.0485,tp,0.056184856179460285,0,0.052386371132660425,-0.0027458935285968877,R1_baseline,
2025-03-20,KRW-BTC,bull_volatile,2,1,0.009309434486591635,0.047513198110586276,0.000972627483673753,0.0,-0.020043349565388106,0.19593365331721224,2.0,-0.0315,sl,-0.030682970364942996,0,0.010228469896378822,-0.02581882793213519,R1_baseline,
2025-03-21,KRW-BTC,bull_volatile,2,1,0.004445679355376493,0.047513198110586276,0.004584606835232009,0.0,-0.020043349565388106,0.0935672514619883,3.0,-0.0014116820553994867,eod,-0.0014116820553994867,0,0.006506929195923661,-0.008855536520039564,R1_baseline,
2025-03-22,KRW-BTC,bull_volatile,2,1,0.0004167824395665463,0.012225618227285358,0.000972627483673753,0.0,-0.015413692896298877,0.03409090909090909,7.0,-0.004486512524084772,eod,-0.004486512524084772,0,0.003132530120481869,-0.004016064257028162,R1_baseline,
2025-03-23,KRW-BTC,bull_volatile,2,1,0.0004167824395665463,0.012225618227285358,0.000972627483673753,0.0,-0.015413692896298877,0.03409090909090909,9.0,0.01938768641092531,eod,0.01938768641092531,0,0.022456705598066895,-0.0009987917841320915,R1_baseline,
2025-03-24,KRW-BTC,bull_volatile,2,1,0.0004167824395665463,0.012225618227285358,0.0,0.0,-0.015413692896298877,0.03409090909090909,7.0,0.014424973576690649,eod,0.014424973576690649,0,0.03212462178517406,-0.005641704488149268,R1_baseline,
2025-03-25,KRW-BTC,bull_volatile,2,1,0.0004167824395665463,0.012225618227285358,0.0001389274798555154,0.0,-0.015413692896298877,0.03409090909090909,3.0,-0.0012981382132126172,eod,-0.0012981382132126172,0,0.008611994724183392,-0.010768872682132002,R1_baseline,
2025-03-26,KRW-BTC,bull_volatile,2,1,0.0004167824395665463,0.012225618227285358,0.0001389274798555154,0.0,-0.015413692896298877,0.03409090909090909,4.0,-0.002478055842331238,eod,-0.002478055842331238,0,0.01075126919315017,-0.012591017062303034,R1_baseline,
2025-03-27,KRW-BTC,bull_volatile,2,1,0.0004167824395665463,0.012225618227285358,0.000972627483673753,0.0,-0.015413692896298877,0.03409090909090909,5.0,-0.0027509615309904687,eod,-0.0027509615309904687,0,0.007856498335355733,-0.012103674663181851,R1_baseline,
2025-03-28,KRW-BTC,bull_volatile,2,1,0.0004167824395665463,0.012225618227285358,0.0,0.0,-0.015413692896298877,0.03409090909090909,8.0,-0.0315,sl,-0.02261070475360466,0,0.002525232904173169,-0.031786854802993036,R1_baseline,
2025-03-29,KRW-BTC,bull_volatile,2,1,0.0004167824395665463,0.012225618227285358,0.0001389274798555154,0.0,-0.015413692896298877,0.03409090909090909,4.0,-0.0315,sl,-0.019655802861685168,0,0.0023847376788552754,-0.03015103338632752,R1_baseline,
2025-03-30,KRW-BTC,bear_volatile,2,1,0.0004167824395665463,0.012225618227285358,0.000972627483673753,0.0,-0.015413692896298877,0.03409090909090909,3.0,-0.006203844036400117,eod,-0.006203844036400117,0,0.013109009199020027,-0.008566283238963579,R1_baseline,
2025-04-01,KRW-BTC,bear_volatile,2,1,0.0004167824395665463,0.012225618227285358,0.0001389274798555154,0.0,-0.015413692896298877,0.03409090909090909,2.0,0.025145997013180932,eod,0.025145997013180932,0,0.030476669723802585,-0.0033195626942836842,R1_baseline,
2025-04-02,KRW-BTC,bull_volatile,2,1,0.0004167824395665463,0.012225618227285358,0.0001389274798555154,0.0,-0.015413692896298877,0.03409090909090909,2.0,-0.0315,sl,-0.02551037260746164,0,0.029297491945163845,-0.03262998294270014,R1_baseline,
2025-04-03,KRW-BTC,bear_volatile,2,1,0.0004167824395665463,0.047513198110586276,0.0020839121978327314,0.0,-0.020043349565388106,0.008771929824561403,2.0,-0.003963533225283587,eod,-0.003963533225283587,0,0.016214147271039314,-0.014593546915973143,R1_baseline,
2025-04-04,KRW-BTC,bear_volatile,2,1,0.0004167824395665463,0.012225618227285358,0.000972627483673753,0.0,-0.015413692896298877,0.03409090909090909,3.0,-0.00044391369337753875,eod,-0.00044391369337753875,0,0.011408263282593811,-0.017396384408165932,R1_baseline,
2025-04-05,KRW-BTC,bear_volatile,2,1,0.0004167824395665463,0.012225618227285358,0.000972627483673753,0.0,-0.015413692896298877,0.03409090909090909,2.0,-0.0012483030755740519,eod,-0.0012483030755740519,0,0.0046917161633268645,-0.01114991613253491,R1_baseline,
2025-04-06,KRW-BTC,bear_volatile,2,1,0.0004167824395665463,0.012225618227285358,0.0,0.0,-0.015413692896298877,0.03409090909090909,4.0,-0.0315,sl,-0.062346131367901514,0,0.001987748975700754,-0.06257758305951078,R1_baseline,
2025-04-07,KRW-BTC,bear_volatile,2,1,0.0004167824395665463,0.1467074187274243,0.011393636237321106,0.0,-0.02904371215711708,0.002840909090909091,2.0,-0.0315,sl,0.024411393061485598,0,0.030906166767361354,-0.04984810708237952,R1_baseline,
2025-04-08,KRW-BTC,bear_volatile,2,1,0.004445679355376493,0.07072391274142004,0.0020839121978327314,0.0,-0.022852074321402373,0.06285963520755328,2.0,-0.0315,sl,-0.032765792931505,0,0.01843946401043528,-0.03135640595619249,R1_baseline,
2025-04-09,KRW-BTC,bear_volatile,2,1,0.0004167824395665463,0.10891914420672409,0.011393636237321106,0.0,-0.026135601244684444,0.0038265306122448983,3.0,0.0485,tp,0.05553752651897198,0,0.07573124186659919,-0.01701354620645079,R1_baseline,
2025-04-10,KRW-BTC,bear_volatile,2,1,0.009309434486591635,0.012225618227285358,0.0001389274798555154,0.0,-0.015413692896298877,0.761469425391893,2.0,-0.0315,sl,-0.029039236008291336,0,0.00791995978209803,-0.03833886878909498,R1_baseline,
2025-04-11,KRW-BTC,bear_volatile,2,1,0.004445679355376493,0.012225618227285358,0.0001389274798555154,0.0,-0.015413692896298877,0.3636363636363636,4.0,0.024733392570026214,eod,0.024733392570026214,0,0.037344503896412196,-0.008640792341154446,R1_baseline,
2025-04-12,KRW-BTC,bear_volatile,2,1,0.009309434486591635,0.012225618227285358,0.0,0.0,-0.015413692896298877,0.761469425391893,4.0,0.019361172976985863,eod,0.019361172976985863,0,0.020773981062165436,-0.006867023466447075,R1_baseline,
2025-04-13,KRW-BTC,bear_volatile,2,1,0.004445679355376493,0.012225618227285358,0.0,0.0,-0.015413692896298877,0.3636363636363636,5.0,-0.013806175712473388,eod,-0.013806175712473388,0,0.007630869822054187,-0.02199438406823273,R1_baseline,
2025-04-14,KRW-BTC,bear_volatile,2,1,0.004445679355376493,0.012225618227285358,0.0,0.0,-0.015413692896298877,0.3636363636363636,3.0,0.0021327338776980244,eod,0.0021327338776980244,0,0.01992975645064443,-0.0006004425179104711,R1_baseline,
2025-04-15,KRW-BTC,bear_volatile,2,1,0.004445679355376493,0.012225618227285358,0.0,0.0,-0.015413692896298877,0.3636363636363636,5.0,-0.010768014346266673,eod,-0.010768014346266673,0,0.01977276802451633,-0.004710906808808923,R1_baseline,
2025-04-16,KRW-BTC,bear_volatile,2,1,0.0004167824395665463,0.047513198110586276,0.0001389274798555154,0.0,-0.020043349565388106,0.008771929824561403,4.0,0.00019339657539313567,eod,0.00019339657539313567,0,0.011591924947197851,-0.007809813841544333,R1_baseline,
2025-04-17,KRW-BTC,bear_volatile,2,1,0.0004167824395665463,0.012225618227285358,0.000972627483673753,0.0,-0.015413692896298877,0.03409090909090909,8.0,0.0061074022403676004,eod,0.0061074022403676004,0,0.0112433319655314,-0.0028559704554780296,R1_baseline,
2025-04-18,KRW-BTC,bear_volatile,2,1,0.0004167824395665463,0.012225618227285358,0.0,0.0,-0.015413692896298877,0.03409090909090909,9.0,-0.006548161085191793,eod,-0.006548161085191793,0,0.0020135486553245485,-0.003374935802851531,R1_baseline,
2025-04-19,KRW-BTC,bear_volatile,2,1,0.0004167824395665463,0.012225618227285358,0.0,0.0,-0.015413692896298877,0.03409090909090909,10.0,0.004318378219134335,eod,0.004318378219134335,0,0.009911029700379492,-0.0014555802695276343,R1_baseline,
2025-04-20,KRW-BTC,bear_volatile,2,1,0.0004167824395665463,0.012225618227285358,0.0,0.0,-0.015413692896298877,0.03409090909090909,8.0,-0.0013698096780229694,eod,-0.0013698096780229694,0,0.0033816818774445867,-0.009362777053455007,R1_baseline,
2025-04-21,KRW-BTC,bear_volatile,2,1,0.0004167824395665463,0.012225618227285358,0.0,0.0,-0.015413692896298877,0.03409090909090909,6.0,0.02345993231204796,eod,0.02345993231204796,0,0.031886986133967676,-0.0004562266794844172,R1_baseline,
2025-04-22,KRW-BTC,bear_volatile,2,1,0.0004167824395665463,0.012225618227285358,0.000972627483673753,0.0,-0.015413692896298877,0.03409090909090909,3.0,0.0485,tp,0.06307117910862409,0,0.06495245641838343,-0.005150554675118824,R1_baseline,
2025-04-23,KRW-BTC,bull_volatile,2,1,0.03821036543004029,0.047513198110586276,0.000972627483673753,0.0,-0.020043349565388106,0.8042052934661696,3.0,-0.004189674184343293,eod,-0.004189674184343293,0,0.011631902940473449,-0.01707805402820939,R1_baseline,
2025-04-24,KRW-BTC,bull_volatile,2,1,0.0004167824395665463,0.012225618227285358,0.0001389274798555154,0.0,-0.015413692896298877,0.03409090909090909,4.0,0.0033111403299067046,eod,0.0033111403299067046,0,0.0025079443042872462,-0.01745142253280052,R1_baseline,
2025-04-25,KRW-BTC,bull_volatile,2,1,0.0004167824395665463,0.012225618227285358,0.0,0.0,-0.015413692896298877,0.03409090909090909,5.0,0.014596654275092881,eod,0.014596654275092881,0,0.023974866496832226,-0.005822891986839052,R1_baseline,
2025-04-26,KRW-BTC,bull_volatile,2,1,0.0004167824395665463,0.012225618227285358,0.0,0.0,-0.015413692896298877,0.03409090909090909,5.0,-0.0005926054663202827,eod,-0.0005926054663202827,0,0.004269279495009437,-0.009204947384608642,R1_baseline,
2025-04-27,KRW-BTC,bull_volatile,2,1,0.0004167824395665463,0.012225618227285358,0.0,0.0,-0.015413692896298877,0.03409090909090909,7.0,-0.018005847953216414,eod,-0.018005847953216414,0,0.006409082585607129,-0.010071415491668234,R1_baseline,
2025-04-28,KRW-BTC,bull_volatile,2,1,0.0004167824395665463,0.012225618227285358,0.0,0.0,-0.015413692896298877,0.03409090909090909,8.0,0.015385539527175198,eod,0.015385539527175198,0,0.01774193548387104,-0.010654039656703196,R1_baseline,
2025-04-29,KRW-BTC,bull_volatile,2,1,0.0004167824395665463,0.012225618227285358,0.0,0.0,-0.015413692896298877,0.03409090909090909,4.0,-0.004620774712223606,eod,-0.004620774712223606,0,0.004955415874872138,-0.00818593772840226,R1_baseline,
2025-04-30,KRW-BTC,bull_volatile,2,1,0.0004167824395665463,0.012225618227285358,0.0,0.0,-0.015413692896298877,0.03409090909090909,5.0,-0.002804985337243436,eod,-0.002804985337243436,0,0.004130291247890883,-0.01593426747854154,R1_baseline,
2025-05-01,KRW-BTC,bull_volatile,2,1,0.0004167824395665463,0.012225618227285358,0.0,0.0,-0.015413692896298877,0.03409090909090909,6.0,0.022343432044750478,eod,0.022343432044750478,0,0.028564503334606473,-0.001072362429121232,R1_baseline,
2025-05-02,KRW-BTC,bull_volatile,2,1,0.0004167824395665463,0.012225618227285358,0.0,0.0,-0.015413692896298877,0.03409090909090909,2.0,-0.008361690686169041,eod,-0.008361690686169041,0,0.009853031010816027,-0.00967336231988214,R1_baseline,
2025-05-03,KRW-DRIFT,bull_volatile,2,1,0.26951931091969994,0.3108239544254551,0.027507641011392053,0.038899694359544316,-0.04178269970360598,0.8671124187255612,36.0,0.0485,tp,-0.005326974370868541,0,0.13292710449108425,-0.029451591062966576,R1_baseline,
2025-05-03,KRW-DEEP,bull_volatile,2,2,0.26951931091969994,0.4208113364823562,0.035431429762401004,0.038899694359544316,-0.051339985144734125,0.6404754044239024,29.0,-0.0315,sl,-0.010608159392789305,0,0.011878247958422516,-0.07201187824796185,R1_baseline,
2025-05-03,KRW-BEAM,bull_volatile,2,3,0.26951931091969994,0.4208113364823562,0.0730758544040011,0.12170047235343151,-0.051339985144734125,0.6404754044239024,22.0,-0.0315,sl,-0.03734229390681004,0,0.02543859649113811,-0.06578947368429244,R1_baseline,
2025-05-04,KRW-DEEP,bull_volatile,2,1,0.26951931091969994,0.3108239544254551,0.0730758544040011,0.012227316937612894,-0.04178269970360598,0.8671124187255612,29.0,-0.0315,sl,-0.001117004978935464,0,0.10115384615384193,-0.05846153846154212,R1_baseline,
2025-05-04,KRW-AKT,bull_volatile,2,2,0.26951931091969994,0.4208113364823562,0.035431429762401004,0.012227316937612894,-0.051339985144734125,0.6404754044239024,36.0,-0.0315,sl,-0.045018951801591045,0,0.006049325267565964,-0.06747324336900928,R1_baseline,
2025-05-04,KRW-AWE,bull_volatile,2,3,0.26951931091969994,0.4208113364823562,0.0730758544040011,0.12170047235343151,-0.051339985144734125,0.6404754044239024,18.0,0.0485,tp,0.1874818688981868,1,0.27236580516897124,-0.025494094257992983,R1_baseline,
2025-05-05,KRW-WAL,bull_volatile,2,1,0.26951931091969994,0.3108239544254551,0.027507641011392053,0.038899694359544316,-0.04178269970360598,0.8671124187255612,25.0,-0.0315,sl,-0.005190036900369064,0,0.04716757525479842,-0.036146006162599,R1_baseline,
2025-05-05,KRW-LAYER,bull_volatile,2,2,0.26951931091969994,0.4208113364823562,0.26868574604056683,0.12170047235343151,-0.051339985144734125,0.6404754044239024,9.0,-0.0315,sl,-0.11466348195329085,0,0.030399659863945327,-0.12500000000000022,R1_baseline,
2025-05-05,KRW-AGLD,bull_volatile,2,3,0.13100861350375104,0.3108239544254551,0.027507641011392053,0.038899694359544316,-0.04178269970360598,0.4214881499269093,38.0,-0.0315,sl,-0.027232666190135812,0,-6.661338147750939e-16,-0.07021276595744741,R1_baseline,
2025-05-06,KRW-DRIFT,bull_volatile,2,1,0.26951931091969994,0.4208113364823562,0.0730758544040011,0.12170047235343151,-0.051339985144734125,0.6404754044239024,21.0,-0.0315,sl,-0.11015968008825155,0,0.00983642793987527,-0.14124668435013354,R1_baseline,
2025-05-06,KRW-SONIC,bull_volatile,2,2,0.26951931091969994,0.4208113364823562,0.0730758544040011,0.012227316937612894,-0.051339985144734125,0.6404754044239024,23.0,0.0485,tp,-0.05894888023369044,0,0.05563583815028639,-0.15703275529865335,R1_baseline,
2025-05-06,KRW-ATH,bull_volatile,2,3,0.08767542031401973,0.20175072947061276,0.000972627483673753,0.0047241906349868,-0.03303763705430245,0.4345730027548209,52.0,-0.0315,sl,-0.0362096188747732,0,-2.2648549702353193e-14,-0.08147145113971832,R1_baseline,
2025-05-07,KRW-ORCA,bull_quiet,2,1,0.13100861350375104,0.2478466240622395,0.011393636237321106,0.008335648791330925,-0.03631144259637679,0.5285874439461883,53.0,-0.0315,sl,0.012428368391131319,0,0.04246223995440279,-0.03875748076375063,R1_baseline,
2025-05-07,KRW-BERA,bull_quiet,2,2,0.13100861350375104,0.3108239544254551,0.035431429762401004,0.000972492358988608,-0.04178269970360598,0.4214881499269093,24.0,-0.0315,sl,0.050170271569334235,0,0.04336240310077488,-0.02567829457364368,R1_baseline,
2025-05-07,KRW-SIGN,bull_quiet,2,3,0.13100861350375104,0.3108239544254551,0.035431429762401004,0.008335648791330925,-0.04178269970360598,0.4214881499269093,21.0,-0.0315,sl,-0.013448529411764719,0,0.027372262773713407,-0.08576642335767248,R1_baseline,
2025-05-08,KRW-SIGN,bull_quiet,2,1,0.26951931091969994,0.3108239544254551,0.035431429762401004,0.012227316937612894,-0.04178269970360598,0.8671124187255612,22.0,-0.0315,sl,0.07012790697674426,0,0.05293005671076534,-0.020793950850670817,R1_baseline,
2025-05-08,KRW-CARV,bull_quiet,2,2,0.26951931091969994,0.3108239544254551,0.0730758544040011,0.12170047235343151,-0.04178269970360598,0.8671124187255612,13.0,0.0485,tp,0.12958261033572233,0,0.05154447339039625,-0.03516933382955145,R1_baseline,
2025-05-08,KRW-ATH,bull_quiet,2,3,0.13100861350375104,0.20175072947061276,0.011393636237321106,0.012227316937612894,-0.03303763705430245,0.649358809494832,45.0,0.0485,tp,0.06541779304232215,0,0.10099667774083931,-0.020376522702125865,R1_baseline,
2025-05-09,KRW-HP,bull_volatile,2,1,0.08767542031401973,0.012225618227285358,0.0,0.000972492358988608,-0.015413692896298877,7.171450857049023,93.0,-0.0315,sl,-0.016526935072299465,0,0.00014144271568583555,-0.040594059405954175,R1_baseline,
2025-05-09,KRW-ARK,bull_volatile,2,2,0.05362600722422895,0.012225618227285358,0.0,0.0,-0.015413692896298877,4.386363636363636,87.0,0.03150550091681953,eod,0.03150550091681953,0,0.029563195482476212,-0.021757183192162466,R1_baseline,
2025-05-09,KRW-MASK,bull_volatile,2,3,0.03821036543004029,0.012225618227285358,0.0,0.0001389274798555154,-0.015413692896298877,3.125434208698068,95.0,0.0485,tp,0.09591431148526769,0,0.08828828828828761,-0.005405405405405905,R1_baseline,
2025-05-10,KRW-BTT,bull_quiet,2,1,0.13100861350375104,0.10891914420672409,0.0001389274798555154,0.012227316937612894,-0.026135601244684444,1.2028061224489794,81.0,0.011952914798206095,eod,0.011952914798206095,0,0.10516605064099083,-9.225091801567942e-10,R1_baseline,
2025-05-10,KRW-ARK,bull_quiet,2,2,0.05362600722422895,0.047513198110586276,0.0,0.00013894678338196472,-0.020043349565388106,1.1286549707602338,92.0,0.010602630304986262,eod,0.010602630304986262,0,0.026623376623374773,-0.01623376623376782,R1_baseline,
2025-05-10,KRW-TOKAMAK,bull_quiet,2,3,0.05362600722422895,0.047513198110586276,0.0,0.008335648791330925,-0.020043349565388106,1.1286549707602338,95.0,0.026969750889679622,eod,0.026969750889679622,0,0.03686087990487463,-0.004756242568371483,R1_baseline,
2025-05-11,KRW-ARDR,bull_quiet,2,1,0.26951931091969994,0.1467074187274243,0.0,0.008335648791330925,-0.02904371215711708,1.8371212121212122,71.0,0.0485,tp,0.10683333333333339,0,-6.772360450213455e-15,-0.03324287652646518,R1_baseline,
2025-05-11,KRW-TRX,bull_quiet,2,2,0.018338427340928037,0.012225618227285358,0.0,0.0,-0.015413692896298877,1.5,47.0,0.003920054200542035,eod,0.003920054200542035,0,0.013550135501352312,-0.018970189701899787,R1_baseline,
2025-05-11,KRW-EGLD,bull_quiet,2,3,0.26951931091969994,0.3108239544254551,0.004584606835232009,0.038899694359544316,-0.04178269970360598,0.8671124187255612,81.0,-0.0315,sl,-0.019550541516245523,0,0.009362621534029447,-0.04069139359020524,R1_baseline,
2025-05-12,KRW-GAME2,bull_quiet,2,1,0.03056404556821339,0.012225618227285358,0.0,0.0,-0.015413692896298877,2.4999999999999996,99.0,-0.005540404040404066,eod,-0.005540404040404066,0,0.05189028910284432,-0.014640474425682948,R1_baseline,
2025-05-12,KRW-MNT,bull_quiet,2,2,0.05362600722422895,0.047513198110586276,0.0,0.0001389274798555154,-0.020043349565388106,1.1286549707602338,70.0,0.00294049733570151,eod,0.00294049733570151,0,0.03713527851458798,-0.02475685234306002,R1_baseline,
2025-05-12,KRW-BSV,bull_quiet,2,3,0.13100861350375104,0.1467074187274243,0.0001389274798555154,0.0047241906349868,-0.02904371215711708,0.8929924242424242,87.0,-0.0315,sl,-0.02637046632124357,0,0.03668927143105538,-0.055468614154060125,R1_baseline,
2025-05-13,KRW-TRX,bull_quiet,2,1,0.03056404556821339,0.012225618227285358,0.0,0.0,-0.015413692896298877,2.4999999999999996,37.0,-0.0315,sl,-0.006749343832021025,0,-2.6645352591003757e-15,-0.04166666666666918,R1_baseline,
2025-05-13,KRW-MINA,bull_quiet,2,2,0.26951931091969994,0.20175072947061276,0.027507641011392053,0.12170047235343151,-0.03303763705430245,1.335902534909835,98.0,-0.0315,sl,0.030758064516129002,0,0.026960784313722952,-0.06372549019608076,R1_baseline,
2025-05-13,KRW-ICX,bull_quiet,2,3,0.13100861350375104,0.1467074187274243,0.0,0.012227316937612894,-0.02904371215711708,0.8929924242424242,99.0,-0.0315,sl,0.02397770700636942,0,0.03184713375795534,-0.04458598726115259,R1_baseline,
2025-05-14,KRW-TT,bull_quiet,2,1,0.03056404556821339,0.012225618227285358,0.0,0.0,-0.015413692896298877,2.4999999999999996,69.0,0.0007609088853717818,eod,0.0007609088853717818,0,0.008577878103609882,-0.01399548532753625,R1_baseline,
2025-05-14,KRW-CBK,bull_quiet,2,2,0.03056404556821339,0.012225618227285358,0.0001389274798555154,0.00013894678338196472,-0.015413692896298877,2.4999999999999996,62.0,-0.012991412331644523,eod,-0.012991412331644523,0,0.0006142506142494675,-0.029484029484030727,R1_baseline,
2025-05-14,KRW-HP,bull_quiet,2,3,0.26951931091969994,0.20175072947061276,0.011393636237321106,0.038899694359544316,-0.03303763705430245,1.335902534909835,22.0,-0.02219444444444435,eod,-0.02219444444444435,0,-1.3655743202889425e-14,-0.03565551289085256,R1_baseline,
2025-05-15,KRW-AAVE,bull_quiet,2,1,0.26951931091969994,0.2478466240622395,0.011393636237321106,0.038899694359544316,-0.03631144259637679,1.087443946188341,85.0,-0.0315,sl,-0.025679886031110433,0,0.02393822393822398,-0.05003861003860999,R1_baseline,
2025-05-15,KRW-GRT,bull_quiet,2,2,0.26951931091969994,0.2478466240622395,0.027507641011392053,0.038899694359544316,-0.03631144259637679,1.087443946188341,77.0,-0.0315,sl,-0.07086416184971095,0,0.017543859649116866,-0.08187134502924509,R1_baseline,
2025-05-15,KRW-UNI,bull_quiet,2,3,0.26951931091969994,0.3108239544254551,0.027507641011392053,0.12170047235343151,-0.04178269970360598,0.8671124187255612,87.0,-0.0315,sl,-0.07002361787756833,0,0.02482536270822111,-0.07576571735626025,R1_baseline,
2025-05-16,KRW-SNT,bull_quiet,2,1,0.26951931091969994,0.4208113364823562,0.0730758544040011,0.12170047235343151,-0.051339985144734125,0.6404754044239024,29.0,-0.0315,sl,0.10183333333333328,1,0.20861372812917334,-0.030955585464359836,R1_baseline,
2025-05-16,KRW-MASK,bull_quiet,2,2,0.26951931091969994,0.4208113364823562,0.26868574604056683,0.12170047235343151,-0.051339985144734125,0.6404754044239024,19.0,-0.0315,sl,-0.001028079282680615,0,0.06580211335254527,-0.02593659942363158,R1_baseline,
2025-05-16,KRW-PENDLE,bull_quiet,2,3,0.13100861350375104,0.2478466240622395,0.035431429762401004,0.038899694359544316,-0.03631144259637679,0.5285874439461883,67.0,0.0485,tp,-0.01736471408647139,0,0.05972488246561003,-0.03360612920076633,R1_baseline,
2025-05-17,KRW-PUNDIX,bull_quiet,2,1,0.26951931091969994,0.4208113364823562,0.0730758544040011,0.12170047235343151,-0.051339985144734125,0.6404754044239024,9.0,0.0485,tp,-0.08680444071417664,0,0.08147235484367621,-0.09533343600801003,R1_baseline,
2025-05-17,KRW-WAVES,bull_quiet,2,2,0.26951931091969994,0.4208113364823562,0.0730758544040011,0.12170047235343151,-0.051339985144734125,0.6404754044239024,7.0,-0.0315,sl,-0.024095901208617987,0,0.03518907563025153,-0.06250000000000044,R1_baseline,
2025-05-17,KRW-WCT,bull_quiet,2,3,0.26951931091969994,0.4208113364823562,0.0730758544040011,0.12170047235343151,-0.051339985144734125,0.6404754044239024,15.0,-0.0315,sl,-0.08151592356687903,0,0.03420496566296749,-0.11027469624934083,R1_baseline,
2025-05-18,KRW-ANIME,bull_quiet,2,1,0.26951931091969994,0.4208113364823562,0.0730758544040011,0.12170047235343151,-0.051339985144734125,0.6404754044239024,14.0,-0.0315,sl,0.10642885137172137,0,0.09027355623096978,-0.024012158054740995,R1_baseline,
2025-05-18,KRW-ATH,bull_quiet,2,2,0.26951931091969994,0.4208113364823562,0.0730758544040011,0.038899694359544316,-0.051339985144734125,0.6404754044239024,21.0,-0.0315,sl,0.027187927770496556,0,0.15824110080764053,-0.005384385282695026,R1_baseline,
2025-05-18,KRW-MASK,bull_quiet,2,3,0.26951931091969994,0.6692136704640178,0.0730758544040011,0.12170047235343151,-0.07445040181156552,0.40274029478928797,9.0,-0.0315,sl,-0.02363541666666663,0,0.061777777777777265,-0.03466666666666707,R1_baseline,
2025-05-19,KRW-CVC,bull_quiet,2,1,0.26951931091969994,0.2478466240622395,0.011393636237321106,0.012227316937612894,-0.03631144259637679,1.087443946188341,34.0,-0.0315,sl,0.016548505358150056,0,0.02696629213482571,-0.07359550561798267,R1_baseline,
2025-05-19,KRW-PENGU,bull_quiet,2,2,0.26951931091969994,0.3108239544254551,0.004584606835232009,0.008335648791330925,-0.04178269970360598,0.8671124187255612,25.0,-0.0315,sl,-0.013959371614301217,0,0.008094981111656407,-0.08634646519163047,R1_baseline,
2025-05-19,KRW-MEW,bull_quiet,2,3,0.26951931091969994,0.3108239544254551,0.027507641011392053,0.038899694359544316,-0.04178269970360598,0.8671124187255612,28.0,-0.0315,sl,-0.031158416854162485,0,0.011907205912335739,-0.08848285772960618,R1_baseline,
2025-05-20,KRW-ATH,bull_quiet,2,1,0.26951931091969994,0.3108239544254551,0.0730758544040011,0.038899694359544316,-0.04178269970360598,0.8671124187255612,30.0,-0.0315,sl,-0.008203751248038791,0,0.01909103860947403,-0.033765493660079304,R1_baseline,
2025-05-20,KRW-SONIC,bull_quiet,2,2,0.26951931091969994,0.3108239544254551,0.0730758544040011,0.12170047235343151,-0.04178269970360598,0.8671124187255612,15.0,-0.0315,sl,-0.0008465475931171405,0,0.040053109094930095,-0.04779818543925851,R1_baseline,
2025-05-20,KRW-AAVE,bull_quiet,2,3,0.26951931091969994,0.4208113364823562,0.035431429762401004,0.12170047235343151,-0.051339985144734125,0.6404754044239024,25.0,0.0485,tp,0.024645628338487546,0,0.09197876309370057,-0.0035873152532645003,R1_baseline,
2025-05-21,KRW-CVC,bull_quiet,2,1,0.26951931091969994,0.3108239544254551,0.011393636237321106,0.038899694359544316,-0.04178269970360598,0.8671124187255612,43.0,0.0485,tp,0.1078011035207565,0,0.08623376623376067,-0.033766233766238773,R1_baseline,
2025-05-21,KRW-PENDLE,bull_quiet,2,2,0.26951931091969994,0.3108239544254551,0.027507641011392053,0.12170047235343151,-0.04178269970360598,0.8671124187255612,33.0,-0.0315,sl,-0.017324317778136644,0,0.021963824289405576,-0.03795219638242908,R1_baseline,
2025-05-21,KRW-TAIKO,bull_quiet,2,3,0.26951931091969994,0.3108239544254551,0.027507641011392053,0.12170047235343151,-0.04178269970360598,0.8671124187255612,24.0,-0.0315,sl,-0.009772058823529437,0,0.0036798528058870072,-0.06531738730450865,R1_baseline,
2025-05-22,KRW-CVC,bull_quiet,2,1,0.26951931091969994,0.3108239544254551,0.027507641011392053,0.038899694359544316,-0.04178269970360598,0.8671124187255612,39.0,-0.0315,sl,0.0003948365703457259,0,0.0658021133525406,-0.03073967339097472,R1_baseline,
2025-05-22,KRW-MASK,bull_quiet,2,2,0.26951931091969994,0.3108239544254551,0.035431429762401004,0.012227316937612894,-0.04178269970360598,0.8671124187255612,41.0,0.0485,tp,0.11221379897785339,0,0.1251049538203186,-0.02770780856423216,R1_baseline,
2025-05-22,KRW-PENGU,bull_quiet,2,3,0.26951931091969994,0.3108239544254551,0.035431429762401004,0.12170047235343151,-0.04178269970360598,0.8671124187255612,21.0,-0.0315,sl,0.058965116279069696,0,0.05124223602479039,-0.03674948240170617,R1_baseline,
2025-05-23,KRW-AGLD,bull_quiet,2,1,0.08767542031401973,0.07072391274142004,0.0,0.0001389274798555154,-0.022852074321402373,1.2396856581532416,95.0,-0.0315,sl,-0.1041372059871703,0,0.030523255813952765,-0.09229651162790753,R1_baseline,
2025-05-23,KRW-MOCA,bull_quiet,2,2,0.13100861350375104,0.1467074187274243,0.0001389274798555154,0.000972492358988608,-0.02904371215711708,0.8929924242424242,84.0,-0.0315,sl,-0.06993267108167783,0,0.02656826568264914,-0.07527675276753454,R1_baseline,
2025-05-23,KRW-CVC,bull_quiet,2,3,0.26951931091969994,0.3108239544254551,0.011393636237321106,0.038899694359544316,-0.04178269970360598,0.8671124187255612,60.0,-0.0315,sl,0.00038501413760611133,0,0.04087452471482389,-0.04230038022814142,R1_baseline,
2025-05-24,KRW-INJ,bull_quiet,2,1,0.26951931091969994,0.4208113364823562,0.035431429762401004,0.12170047235343151,-0.051339985144734125,0.6404754044239024,59.0,0.0485,tp,0.015486301369863011,0,0.09418282548476453,-0.004432132963988922,R1_baseline,
2025-05-24,KRW-JUP,bull_quiet,2,2,0.26951931091969994,0.4208113364823562,0.035431429762401004,0.12170047235343151,-0.051339985144734125,0.6404754044239024,23.0,-0.0315,sl,-0.028441161519888125,0,0.04309349749903668,-0.02526612799794925,R1_baseline,
2025-05-24,KRW-NXPC,bull_quiet,2,3,0.26951931091969994,0.4208113364823562,0.035431429762401004,0.038899694359544316,-0.051339985144734125,0.6404754044239024,6.0,0.0485,tp,0.06504804270462633,0,0.14477503628446997,-0.002902757619739127,R1_baseline,
2025-05-25,KRW-ANIME,bull_quiet,2,1,0.26951931091969994,0.4208113364823562,0.0730758544040011,0.038899694359544316,-0.051339985144734125,0.6404754044239024,15.0,0.0485,tp,0.038577390823659574,0,0.07523085279736352,-0.03585008147748414,R1_baseline,
2025-05-25,KRW-COW,bull_quiet,2,2,0.13100861350375104,0.2478466240622395,0.011393636237321106,0.008335648791330925,-0.03631144259637679,0.5285874439461883,52.0,-0.0315,sl,-0.037704529855868085,0,0.0063301967493567535,-0.09136013686912048,R1_baseline,
2025-05-25,KRW-INJ,bull_quiet,2,3,0.13100861350375104,0.2478466240622395,0.011393636237321106,0.038899694359544316,-0.03631144259637679,0.5285874439461883,38.0,-0.0315,sl,-0.01175917926565878,0,0.006993006993007089,-0.06562668101129643,R1_baseline,
2025-05-26,KRW-COW,bull_quiet,2,1,0.26951931091969994,0.2478466240622395,0.035431429762401004,0.038899694359544316,-0.03631144259637679,1.087443946188341,52.0,0.0485,tp,-0.013966607301869991,0,0.061713069693206224,-0.028905834367797367,R1_baseline,
2025-05-26,KRW-ANIME,bull_quiet,2,2,0.26951931091969994,0.4208113364823562,0.0730758544040011,0.12170047235343151,-0.051339985144734125,0.6404754044239024,16.0,0.0485,tp,0.008595642933050098,0,0.018689196108524708,-0.07040450588840075,R1_baseline,
2025-05-26,KRW-ARKM,bull_quiet,2,3,0.08767542031401973,0.20175072947061276,0.027507641011392053,0.012227316937612894,-0.03303763705430245,0.4345730027548209,91.0,-0.015220316622691242,eod,-0.015220316622691242,0,0.027684563758388236,-0.03345218120805471,R1_baseline,
2025-05-27,KRW-JUP,bull_quiet,2,1,0.26951931091969994,0.4208113364823562,0.035431429762401004,0.12170047235343151,-0.051339985144734125,0.6404754044239024,12.0,-0.0315,sl,0.012793948126801182,0,0.07326007326007189,-0.033794162826422,R1_baseline,
2025-05-27,KRW-MASK,bull_quiet,2,2,0.26951931091969994,0.4208113364823562,0.035431429762401004,0.038899694359544316,-0.051339985144734125,0.6404754044239024,15.0,-0.0315,sl,0.05358145849495727,0,0.05210343496719383,-0.04515631030490197,R1_baseline,
2025-05-27,KRW-SNT,bull_quiet,2,3,0.26951931091969994,0.4208113364823562,0.035431429762401004,0.12170047235343151,-0.051339985144734125,0.6404754044239024,27.0,0.0485,tp,0.14853521953510201,0,0.17132386623909368,-0.03183692166745222,R1_baseline,
2025-05-28,KRW-WAL,bull_quiet,2,1,0.26951931091969994,0.20175072947061276,0.0001389274798555154,0.0047241906349868,-0.03303763705430245,1.335902534909835,51.0,0.0485,tp,-0.035378655159087946,0,0.05456412889972895,-0.04211066889202841,R1_baseline,
2025-05-28,KRW-AGLD,bull_quiet,2,2,0.08767542031401973,0.07072391274142004,0.0001389274798555154,0.0047241906349868,-0.022852074321402373,1.2396856581532416,96.0,0.0485,tp,-0.010993670886076,0,0.043921568627450336,-0.03843137254902029,R1_baseline,
2025-05-28,KRW-INJ,bull_quiet,2,3,0.26951931091969994,0.3108239544254551,0.011393636237321106,0.12170047235343151,-0.04178269970360598,0.8671124187255612,30.0,0.0485,tp,0.030980314960629862,0,0.054982817869415834,-0.010800196367206638,R1_baseline,
2025-05-29,KRW-UNI,bull_quiet,2,1,0.26951931091969994,0.3108239544254551,0.035431429762401004,0.12170047235343151,-0.04178269970360598,0.8671124187255612,16.0,0.0485,tp,-0.04023493355310598,0,0.11785639522712987,-0.04751936361733322,R1_baseline,
2025-05-29,KRW-DRIFT,bull_quiet,2,2,0.13100861350375104,0.2478466240622395,0.0020839121978327314,0.038899694359544316,-0.03631144259637679,0.5285874439461883,33.0,-0.0315,sl,-0.010537051912842653,0,0.07183818162860889,-0.010634970284642997,R1_baseline,
2025-05-29,KRW-ICX,bull_quiet,2,3,0.13100861350375104,0.2478466240622395,0.027507641011392053,0.038899694359544316,-0.03631144259637679,0.5285874439461883,27.0,0.0485,tp,0.08996341463414642,0,0.08433734939758386,-0.030120481927716658,R1_baseline,
2025-05-30,KRW-SAFE,bull_quiet,2,1,0.26951931091969994,0.3108239544254551,0.035431429762401004,0.12170047235343151,-0.04178269970360598,0.8671124187255612,23.0,0.0485,tp,-0.1908300798580302,1,0.2823212823212806,-0.11781911781911891,R1_baseline,
2025-05-30,KRW-WAL,bull_quiet,2,2,0.08767542031401973,0.10891914420672409,0.0001389274798555154,0.012227316937612894,-0.026135601244684444,0.8049587696687679,56.0,-0.0315,sl,-0.08538917393535145,0,0.017905102954340668,-0.1350556337127522,R1_baseline,
2025-05-30,KRW-SIGN,bull_quiet,2,3,0.13100861350375104,0.20175072947061276,0.011393636237321106,0.038899694359544316,-0.03303763705430245,0.649358809494832,28.0,-0.0315,sl,-0.13904045307443363,0,0.07113316790735258,-0.14557485525228175,R1_baseline,
2025-05-31,KRW-CVC,bull_quiet,2,1,0.13100861350375104,0.3108239544254551,0.035431429762401004,0.038899694359544316,-0.04178269970360598,0.4214881499269093,60.0,-0.0315,sl,-0.07657987220447299,0,0.09219858156027816,-0.13019250253293257,R1_baseline,
2025-05-31,KRW-ICX,bull_quiet,2,2,0.13100861350375104,0.3108239544254551,0.035431429762401004,0.12170047235343151,-0.04178269970360598,0.4214881499269093,48.0,0.0485,tp,-0.02435714285714291,0,0.044943820224713216,-0.0955056179775331,R1_baseline,
2025-05-31,KRW-SOPH,bull_quiet,2,3,0.13100861350375104,0.3108239544254551,0.0730758544040011,0.12170047235343151,-0.04178269970360598,0.4214881499269093,7.0,-0.0315,sl,-0.14409213455354936,0,0.03656091520225213,-0.19330109682746555,R1_baseline,
2025-06-01,KRW-PYTH,bull_quiet,2,1,0.13100861350375104,0.20175072947061276,0.004584606835232009,0.038899694359544316,-0.03303763705430245,0.649358809494832,60.0,0.02017369054786272,eod,0.02017369054786272,0,0.020214030915570724,-0.0332936979786026,R1_baseline,
2025-06-01,KRW-CRO,bull_quiet,2,2,0.26951931091969994,0.4208113364823562,0.027507641011392053,0.12170047235343151,-0.051339985144734125,0.6404754044239024,27.0,-0.0315,sl,-0.02331097157964318,0,0.04411764705881649,-0.04411764705882981,R1_baseline,
2025-06-01,KRW-VANA,bull_quiet,2,3,0.26951931091969994,0.4208113364823562,0.0730758544040011,0.12170047235343151,-0.051339985144734125,0.6404754044239024,22.0,0.0485,tp,0.0690258406680207,0,0.08249452954048109,-0.05809628008752754,R1_baseline,
2025-06-02,KRW-DEEP,bull_quiet,2,1,0.13100861350375104,0.10891914420672409,0.0001389274798555154,0.0047241906349868,-0.026135601244684444,1.2028061224489794,85.0,-0.0315,sl,-0.008499533364442367,0,0.00046382189238869387,-0.051948051948056295,R1_baseline,
2025-06-02,KRW-PENGU,bull_quiet,2,2,0.13100861350375104,0.20175072947061276,0.000972627483673753,0.012227316937612894,-0.03303763705430245,0.649358809494832,46.0,-0.0315,sl,0.011606159895150738,0,0.010484927916054376,-0.056356487549209855,R1_baseline,
2025-06-02,KRW-VANA,bull_quiet,2,3,0.26951931091969994,0.4208113364823562,0.035431429762401004,0.038899694359544316,-0.051339985144734125,0.6404754044239024,18.0,0.0485,tp,0.01696186306572428,0,0.04806687565308243,-0.0363636363636366,R1_baseline,
2025-06-03,KRW-AUCTION,bull_quiet,2,1,0.018338427340928037,0.012225618227285358,0.0,0.0001389274798555154,-0.015413692896298877,1.5,97.0,-0.0067735662491759645,eod,-0.0067735662491759645,0,0.012549537648612885,-0.011228533685601172,R1_baseline,
2025-06-03,KRW-WAVES,bull_quiet,2,2,0.018338427340928037,0.012225618227285358,0.000972627483673753,0.00013894678338196472,-0.015413692896298877,1.5,67.0,-0.00910456273764254,eod,-0.00910456273764254,0,0.002512562814069863,-0.02952261306532722,R1_baseline,
2025-06-03,KRW-DKA,bull_quiet,2,3,0.018338427340928037,0.012225618227285358,0.0020839121978327314,0.00013894678338196472,-0.015413692896298877,1.5,99.0,-0.0010682210708116689,eod,-0.0010682210708116689,0,0.018150388936861717,-0.009075194468495695,R1_baseline,
2025-06-04,KRW-COW,bull_quiet,2,1,0.26951931091969994,0.2478466240622395,0.027507641011392053,0.038899694359544316,-0.03631144259637679,1.087443946188341,48.0,-0.0315,sl,-0.05177359781121743,0,0.048872180451125846,-0.04665071770335105,R1_baseline,
2025-06-04,KRW-AGLD,bull_quiet,2,2,0.03821036543004029,0.047513198110586276,0.0,0.0001389274798555154,-0.020043349565388106,0.8042052934661696,86.0,0.015377637130801704,eod,0.015377637130801704,0,0.07725694444444353,-0.0008680555555563574,R1_baseline,
2025-06-04,KRW-AKT,bull_quiet,2,3,0.13100861350375104,0.20175072947061276,0.000972627483673753,0.012227316937612894,-0.03303763705430245,0.649358809494832,25.0,-0.0315,sl,-0.05333246073298431,0,0.0020586721564586075,-0.06690684508492062,R1_baseline,
2025-06-05,KRW-POKT,bull_quiet,2,1,0.26951931091969994,0.3108239544254551,0.26868574604056683,0.038899694359544316,-0.04178269970360598,0.8671124187255612,4.0,-0.0315,sl,-0.21780779320144267,0,0.15076660988073542,-0.136042832806046,R1_baseline,
2025-06-05,KRW-AGLD,bull_quiet,2,2,0.13100861350375104,0.20175072947061276,0.0020839121978327314,0.038899694359544316,-0.03303763705430245,0.649358809494832,32.0,0.0485,tp,-0.032983015741507915,0,0.08429752066115626,-0.050413223140496566,R1_baseline,
2025-06-05,KRW-LPT,bull_quiet,2,3,0.26951931091969994,0.4208113364823562,0.26868574604056683,0.12170047235343151,-0.051339985144734125,0.6404754044239024,8.0,-0.0315,sl,-0.2619306864064603,0,0.02549965541006194,-0.2529290144727775,R1_baseline,
2025-06-11,KRW-PUNDIX,bull_quiet,3,1,0.06458381907204476,0.0186523665190021,0.0009326183259501049,0.003031009559337841,-0.015779826600972623,3.4625,92.0,-0.0315,sl,-0.04731323980710206,0,0.0008745080891976453,-0.05159597726279175,R1_baseline,
2025-06-11,KRW-GAS,bull_quiet,3,2,0.022615994404290043,0.0186523665190021,0.00011657729074376311,0.0003497726477789437,-0.015779826600972623,1.2125,84.0,-0.013537037037037068,eod,-0.013537037037037068,0,0.005293440736478416,-0.02991944764096688,R1_baseline,
2025-06-11,KRW-CBK,bull_quiet,3,3,0.022615994404290043,0.0186523665190021,0.0031479538300104933,0.00023315458148752622,-0.015779826600972623,1.2125,61.0,-0.007456601900439673,eod,-0.007456601900439673,0,0.0043637387387374105,-0.02167792792792933,R1_baseline,
2025-06-12,KRW-GAME2,bull_quiet,3,1,0.033457682443460014,0.0186523665190021,0.0009326183259501049,0.0003497726477789437,-0.015779826600972623,1.79375,63.0,-0.0315,sl,-0.04979059829059834,0,-2.1105339698124226e-13,-0.04557923612596637,R1_baseline,
2025-06-12,KRW-MLK,bull_quiet,3,2,0.27197481930519934,0.2683609232921427,0.007227792026113313,0.04325017486593612,-0.03797652396585388,1.0134665508253693,31.0,-0.0315,sl,-0.0651400486420754,0,0.0008006405124059146,-0.07125700560448733,R1_baseline,
2025-06-12,KRW-ZETA,bull_quiet,3,3,0.08837588900547977,0.09245656989623412,0.0031479538300104933,0.0011657729074376311,-0.025007406332421222,0.9558638083228247,88.0,-0.0315,sl,-0.09042617449664431,0,0.0006691201070558872,-0.07561057209769462,R1_baseline,
2025-06-13,KRW-COMP,bull_quiet,3,1,0.27197481930519934,0.4397295406854745,0.08871531825600373,0.1318489158311961,-0.05326459815786506,0.6185047720042418,33.0,-0.0315,sl,0.04016666666666674,0,0.0570321891278216,-0.0690530252437559,R1_baseline,
2025-06-13,KRW-ORBS,bull_quiet,3,2,0.06458381907204476,0.1327815341571462,0.0031479538300104933,0.1318489158311961,-0.027979605456093983,0.48639157155399465,41.0,0.0485,tp,0.08429980046558022,1,0.22058306989809573,-0.004917456972286405,R1_baseline,
2025-06-13,KRW-ANIME,bull_quiet,3,3,0.27197481930519934,0.6774306365120074,0.2853812077407321,0.1318489158311961,-0.07631394352628397,0.4014799518155223,5.0,-0.0315,sl,-0.09053153781747131,0,-2.6978419498391304e-14,-0.13616792249733212,R1_baseline,
2025-06-14,KRW-COMP,bull_quiet,3,1,0.27197481930519934,0.4397295406854745,0.048035443628308264,0.1318489158311961,-0.05326459815786506,0.6185047720042418,38.0,-0.0315,sl,-0.040584967320261456,0,0.006548536209553202,-0.08166409861325119,R1_baseline,
2025-06-14,KRW-MASK,bull_quiet,3,2,0.27197481930519934,0.4397295406854745,0.048035443628308264,0.01119141991140126,-0.05326459815786506,0.6185047720042418,44.0,-0.012363942058975673,eod,-0.012363942058975673,0,0.021068859198355216,-0.024665981500514356,R1_baseline,
2025-06-14,KRW-AWE,bull_quiet,3,3,0.13767778036838424,0.2683609232921427,0.048035443628308264,0.1318489158311961,-0.03797652396585388,0.5130321459600348,53.0,-0.0315,sl,-0.020401278215936902,0,0.0019032082653480664,-0.04119086460033927,R1_baseline,
2025-06-15,KRW-ARDR,bull_quiet,3,1,0.27197481930519934,0.33321674245074034,0.048035443628308264,0.1318489158311961,-0.043675717077809977,0.8162099458294944,16.0,0.0485,tp,-0.028863184079601922,0,0.035859820700888,-0.06275468622657654,R1_baseline,
2025-06-15,KRW-STRAX,bull_quiet,3,2,0.13767778036838424,0.2683609232921427,0.032058754954534856,0.1318489158311961,-0.03797652396585388,0.5130321459600348,20.0,-0.0315,sl,-0.07044419539341479,0,0.06518946692355376,-0.02472703917792185,R1_baseline,
2025-06-15,KRW-COMP,bull_quiet,3,3,0.13767778036838424,0.33321674245074034,0.08871531825600373,0.1318489158311961,-0.043675717077809977,0.4131778594190454,37.0,-0.0315,sl,-0.01903670473083202,0,0.024306509200769044,-0.02897555616588854,R1_baseline,
2025-06-16,KRW-BORA,bull_quiet,3,1,0.27197481930519934,0.33321674245074034,0.048035443628308264,0.1318489158311961,-0.043675717077809977,0.8162099458294944,26.0,-0.0315,sl,-0.05467220543806656,0,0.075689544579852,-0.03720333547146226,R1_baseline,
2025-06-16,KRW-SNT,bull_quiet,3,2,0.27197481930519934,0.4397295406854745,0.08871531825600373,0.1318489158311961,-0.05326459815786506,0.6185047720042418,10.0,0.0485,tp,0.25503104925053527,1,0.2656881514571099,-0.03126994256543225,R1_baseline,
2025-06-16,KRW-COMP,bull_quiet,3,3,0.13767778036838424,0.33321674245074034,0.032058754954534856,0.01877113209746998,-0.043675717077809977,0.4131778594190454,57.0,0.0485,tp,0.04230978788298906,0,0.07904866648336539,-0.018146824305746545,R1_baseline,
2025-06-17,KRW-AWE,bull_quiet,3,1,0.06458381907204476,0.09245656989623412,0.032058754954534856,0.008277952664101668,-0.025007406332421222,0.6985314201524941,75.0,0.0035883392226148682,eod,0.0035883392226148682,0,0.03521126760561932,-0.006619718309873068,R1_baseline,
2025-06-17,KRW-ORBS,bull_quiet,3,2,0.13767778036838424,0.21919085927480472,0.007227792026113313,0.01119141991140126,-0.034545858061190766,0.628118256499804,26.0,-0.0315,sl,-0.03388469087340534,0,0.00583657587545372,-0.06939040207525715,R1_baseline,
2025-06-17,KRW-BORA,bull_quiet,3,3,0.27197481930519934,0.4397295406854745,0.08871531825600373,0.1318489158311961,-0.05326459815786506,0.6185047720042418,11.0,-0.0315,sl,-0.021908163265306257,0,-6.106226635438361e-15,-0.07598039215686825,R1_baseline,
2025-06-18,KRW-AXL,bull_quiet,3,1,0.27197481930519934,0.2683609232921427,0.048035443628308264,0.01119141991140126,-0.03797652396585388,1.0134665508253693,47.0,0.0024215686274509664,eod,0.0024215686274509664,0,0.028219024481403343,-0.023547000560644737,R1_baseline,
2025-06-18,KRW-SOPH,bull_quiet,3,2,0.27197481930519934,0.4397295406854745,0.048035443628308264,0.04325017486593612,-0.05326459815786506,0.6185047720042418,11.0,-0.0315,sl,-0.06162290317223046,0,0.01762928139689346,-0.08999328408329266,R1_baseline,
2025-06-18,KRW-BORA,bull_quiet,3,3,0.27197481930519934,0.4397295406854745,0.08871531825600373,0.04325017486593612,-0.05326459815786506,0.6185047720042418,31.0,0.0485,tp,0.05140659699542788,0,0.08023483365948403,-0.013698630136992795,R1_baseline,
2025-06-19,KRW-MASK,bull_quiet,3,1,0.27197481930519934,0.33321674245074034,0.048035443628308264,0.003031009559337841,-0.043675717077809977,0.8162099458294944,44.0,0.0012487630566245258,eod,0.0012487630566245258,0,0.030186608122941383,-0.0049396267837545915,R1_baseline,
2025-06-19,KRW-AXL,bull_quiet,3,2,0.13767778036838424,0.1750990906971322,0.02168590416229451,0.008277952664101668,-0.031282977055829594,0.7862849533954727,47.0,-0.0315,sl,-0.04205813953488363,0,0.00462534690101557,-0.06475485661424785,R1_baseline,
2025-06-19,KRW-JTO,bull_quiet,3,3,0.27197481930519934,0.4397295406854745,0.032058754954534856,0.1318489158311961,-0.05326459815786506,0.6185047720042418,52.0,0.0016269543464664817,eod,0.0016269543464664817,0,0.03265306122448952,-0.022605965463108557,R1_baseline,
2025-06-20,KRW-T,bull_quiet,3,1,0.27197481930519934,0.33321674245074034,0.048035443628308264,0.1318489158311961,-0.043675717077809977,0.8162099458294944,18.0,0.0485,tp,-0.004879805661174573,0,0.197602131438668,-0.003996447602175546,R1_baseline,
2025-06-20,KRW-BCH,bull_quiet,3,2,0.27197481930519934,0.33321674245074034,0.08871531825600373,0.04325017486593612,-0.043675717077809977,0.8162099458294944,11.0,-0.0315,sl,-0.04654504504504503,0,0.003772489843296478,-0.04468949506674402,R1_baseline,
2025-06-20,KRW-ORBS,bull_quiet,3,3,0.27197481930519934,0.4397295406854745,0.08871531825600373,0.1318489158311961,-0.05326459815786506,0.6185047720042418,6.0,-0.0315,sl,-0.12556662837449745,0,0.044828596542600296,-0.09405215353064489,R1_baseline,
2025-06-21,KRW-ARDR,bull_quiet,3,1,0.27197481930519934,0.2683609232921427,0.032058754954534856,0.1318489158311961,-0.03797652396585388,1.0134665508253693,31.0,-0.0315,sl,-0.04260738255033564,0,0.004025764895322137,-0.07809983896941164,R1_baseline,
2025-06-21,KRW-ATH,bull_quiet,3,2,0.13767778036838424,0.21919085927480472,0.007227792026113313,0.04325017486593612,-0.034545858061190766,0.628118256499804,56.0,0.0485,tp,-0.03185448949267672,0,0.056563951034169335,-0.05318699873366295,R1_baseline,
2025-06-21,KRW-SEI,bull_quiet,3,3,0.27197481930519934,0.4397295406854745,0.048035443628308264,0.1318489158311961,-0.05326459815786506,0.6185047720042418,11.0,0.0485,tp,0.06540140845070425,0,0.1443661971830945,-0.014084507042257055,R1_baseline,
2025-06-22,KRW-ANIME,bull_quiet,3,1,0.27197481930519934,0.4397295406854745,0.08871531825600373,0.008277952664101668,-0.05326459815786506,0.6185047720042418,29.0,-0.0315,sl,-0.027523727516264807,0,0.02513328255898606,-0.08339680121861826,R1_baseline,
2025-06-22,KRW-LAYER,bull_quiet,3,2,0.27197481930519934,0.4397295406854745,0.2853812077407321,0.1318489158311961,-0.05326459815786506,0.6185047720042418,6.0,-0.0315,sl,0.025554619703930526,0,0.08125065356059702,-0.06671546585799526,R1_baseline,
2025-06-22,KRW-AXL,bull_quiet,3,3,0.13767778036838424,0.2683609232921427,0.048035443628308264,0.01119141991140126,-0.03797652396585388,0.5130321459600348,74.0,-0.0315,sl,-0.05796776131357623,0,0.03838383838383619,-0.10000000000000187,R1_baseline,
2025-06-23,KRW-AXL,bull_quiet,3,1,0.27197481930519934,0.33321674245074034,0.08871531825600373,0.01877113209746998,-0.043675717077809977,0.8162099458294944,54.0,0.0485,tp,0.040078277471362,0,0.06340425531914673,-0.019148936170214848,R1_baseline,
2025-06-23,KRW-BEAM,bull_quiet,3,2,0.13767778036838424,0.21919085927480472,0.048035443628308264,0.008277952664101668,-0.034545858061190766,0.628118256499804,80.0,0.0485,tp,0.11387856130961765,0,0.11832543443900168,-0.010742496050709316,R1_baseline,
2025-06-23,KRW-ANIME,bull_quiet,3,3,0.27197481930519934,0.4397295406854745,0.08871531825600373,0.003031009559337841,-0.05326459815786506,0.6185047720042418,32.0,0.0485,tp,0.04649370574350892,0,0.0854291417165236,-0.010379241517005533,R1_baseline,
2025-06-24,KRW-CKB,bull_quiet,3,1,0.27197481930519934,0.1327815341571462,0.01235719281883889,0.01877113209746998,-0.027979605456093983,2.04828797190518,53.0,0.0485,tp,0.009977151965993749,0,0.08067940551994046,-0.007643312102121436,R1_baseline,
2025-06-24,KRW-XRP,bull_quiet,3,2,0.033457682443460014,0.0186523665190021,0.0031479538300104933,0.0003497726477789437,-0.015779826600972623,1.79375,1.0,0.011255958375293642,eod,0.011255958375293642,0,0.02139752591106614,-0.013373453694416892,R1_baseline,
2025-06-24,KRW-CVC,bull_quiet,3,3,0.08837588900547977,0.05619025413849382,0.0031479538300104933,0.01119141991140126,-0.021121146208714376,1.5727974603506336,99.0,0.01048083067092659,eod,0.01048083067092659,0,0.027113237639545318,-0.0047846889952232186,R1_baseline,
2025-06-25,KRW-GAME2,bull_quiet,3,1,0.022615994404290043,0.0186523665190021,0.00011657729074376311,0.008277952664101668,-0.015779826600972623,1.2125,84.0,0.0485,tp,-0.003768145161290258,0,0.08212927756626565,-0.03092522179999213,R1_baseline,
2025-06-25,KRW-SAFE,bull_quiet,3,2,0.06458381907204476,0.05619025413849382,0.00011657729074376311,0.008277952664101668,-0.021121146208714376,1.1493775933609958,100.0,-0.0315,sl,-0.026661754133716797,0,0.028392857142855332,-0.04250000000000165,R1_baseline,
2025-06-25,KRW-BIGTIME,bull_quiet,3,3,0.27197481930519934,0.2683609232921427,0.032058754954534856,0.04325017486593612,-0.03797652396585388,1.0134665508253693,21.0,-0.0315,sl,-0.02798542600896864,0,0.0016759776536174886,-0.040083798882694754,R1_baseline,
2025-06-26,KRW-DOT,bull_quiet,3,1,0.033457682443460014,0.0186523665190021,0.00011657729074376311,0.00023315458148752622,-0.015779826600972623,1.79375,71.0,-0.020335245724182716,eod,-0.020335245724182716,0,0.019743979171186643,-0.026036016489477287,R1_baseline,
2025-06-26,KRW-FCT2,bull_quiet,3,2,0.06458381907204476,0.05619025413849382,0.0009326183259501049,0.01877113209746998,-0.021121146208714376,1.1493775933609958,69.0,-0.0315,sl,-0.06375165562913915,0,0.020370370370343505,-0.0740740740740985,R1_baseline,
2025-06-26,KRW-A,bull_quiet,3,3,0.06458381907204476,0.05619025413849382,0.0031479538300104933,0.003031009559337841,-0.021121146208714376,1.1493775933609958,55.0,-0.0315,sl,-0.032068312284730116,0,0.015508328546810723,-0.03532452613440695,R1_baseline,
2025-06-27,KRW-RAY,bull_quiet,3,1,0.13767778036838424,0.21919085927480472,0.02168590416229451,0.008277952664101668,-0.034545858061190766,0.628118256499804,95.0,0.0485,tp,0.04353816793893134,0,0.05799313239221626,-0.015642884395269285,R1_baseline,
2025-06-27,KRW-MASK,bull_quiet,3,2,0.08837588900547977,0.1750990906971322,0.02168590416229451,0.0011657729074376311,-0.031282977055829594,0.5047192915372872,75.0,0.009966505733252808,eod,0.009966505733252808,0,0.015042117930204046,-0.013237063778580582,R1_baseline,
2025-06-27,KRW-ORBS,bull_quiet,3,3,0.08837588900547977,0.1750990906971322,0.032058754954534856,0.01119141991140126,-0.031282977055829594,0.5047192915372872,53.0,-0.006300590841949725,eod,-0.006300590841949725,0,-3.6415315207705135e-14,-0.03390448414148617,R1_baseline,
2025-06-28,KRW-MASK,bull_quiet,3,1,0.06458381907204476,0.09245656989623412,0.0009326183259501049,0.0003497726477789437,-0.025007406332421222,0.6985314201524941,90.0,0.012190476190476142,eod,0.012190476190476142,0,0.017282479141834894,-0.017282479141836005,R1_baseline,
2025-06-28,KRW-LPT,bull_quiet,3,2,0.27197481930519934,0.4397295406854745,0.048035443628308264,0.1318489158311961,-0.05326459815786506,0.6185047720042418,16.0,-0.0315,sl,0.13955855029947434,0,-2.220446049250313e-16,-0.04784861998312662,R1_baseline,
2025-06-28,KRW-WCT,bull_quiet,3,3,0.13767778036838424,0.2683609232921427,0.02168590416229451,0.04325017486593612,-0.03797652396585388,0.5130321459600348,26.0,-0.0038025558369790256,eod,-0.0038025558369790256,0,0.018941122774986274,-0.03491556366955961,R1_baseline,
2025-06-29,KRW-MASK,bull_quiet,3,1,0.033457682443460014,0.0186523665190021,0.00011657729074376311,0.0003497726477789437,-0.015779826600972623,1.79375,80.0,0.027255868544600992,eod,0.027255868544600992,0,0.039434961742200736,-0.009417304296645668,R1_baseline,
2025-06-29,KRW-JUP,bull_quiet,3,2,0.27197481930519934,0.33321674245074034,0.048035443628308264,0.1318489158311961,-0.043675717077809977,0.8162099458294944,29.0,0.03732544861337678,eod,0.03732544861337678,0,0.03896103896103731,-0.02337662337662494,R1_baseline,
2025-06-29,KRW-ARDR,bull_quiet,3,3,0.04488748979829777,0.05619025413849382,0.0009326183259501049,0.0003497726477789437,-0.021121146208714376,0.7988483142941872,87.0,0.0038763440860215006,eod,0.0038763440860215006,0,0.009751773049636592,-0.023049645390079476,R1_baseline,
2025-07-01,KRW-QKC,bull_quiet,3,1,0.033457682443460014,0.0186523665190021,0.007227792026113313,0.003031009559337841,-0.015779826600972623,1.79375,70.0,-0.0315,sl,-0.03849885452462781,0,0.04207268141682419,-0.03232832741040559,R1_baseline,
2025-07-01,KRW-GAME2,bull_quiet,3,2,0.13767778036838424,0.1750990906971322,0.01235719281883889,0.04325017486593612,-0.031282977055829594,0.7862849533954727,20.0,0.0485,tp,0.09233753501400571,1,0.23564653020438442,-0.0037443834251114083,R1_baseline,
2025-07-01,KRW-JUP,bull_quiet,3,3,0.13767778036838424,0.21919085927480472,0.01235719281883889,0.04325017486593612,-0.034545858061190766,0.628118256499804,52.0,-0.0315,sl,-0.07217476814838492,0,0.00463406839245617,-0.0731863215084706,R1_baseline,
2025-07-02,KRW-MOVE,bull_quiet,3,1,0.27197481930519934,0.4397295406854745,0.048035443628308264,0.04325017486593612,-0.05326459815786506,0.6185047720042418,6.0,-0.0315,sl,-0.025069023569023574,0,0.019932145886339958,-0.05725190839695049,R1_baseline,
2025-07-02,KRW-W,bull_quiet,3,2,0.13767778036838424,0.33321674245074034,0.048035443628308264,0.04325017486593612,-0.043675717077809977,0.4131778594190454,16.0,-0.0315,sl,0.022329087921117596,0,0.056193601312540586,-0.043068088597220666,R1_baseline,
2025-07-02,KRW-ARB,bull_quiet,3,3,0.13767778036838424,0.33321674245074034,0.08871531825600373,0.04325017486593612,-0.043675717077809977,0.4131778594190454,24.0,0.0485,tp,0.052716867469879525,0,0.07997326798841375,-0.016484740476723103,R1_baseline,
2025-07-03,KRW-MBL,bull_quiet,3,1,0.06458381907204476,0.05619025413849382,0.0009326183259501049,0.0011657729074376311,-0.021121146208714376,1.1493775933609958,82.0,0.020537687639731905,eod,0.020537687639731905,0,0.02707006369394027,-0.00636942675190888,R1_baseline,
2025-07-03,KRW-AHT,bull_quiet,3,2,0.27197481930519934,0.2683609232921427,0.02168590416229451,0.1318489158311961,-0.03797652396585388,1.0134665508253693,32.0,0.0485,tp,-0.015574074074074127,0,0.06359567325604942,-0.07310704960852799,R1_baseline,
2025-07-03,KRW-BOUNTY,bull_quiet,3,3,0.27197481930519934,0.2683609232921427,0.032058754954534856,0.1318489158311961,-0.03797652396585388,1.0134665508253693,28.0,-0.0315,sl,-0.04635570890840651,0,0.06249999999998268,-0.04226501305484598,R1_baseline,
2025-07-04,KRW-ARDR,bull_quiet,3,1,0.04488748979829777,0.0186523665190021,0.0009326183259501049,0.0003497726477789437,-0.015779826600972623,2.4065305468112395,94.0,-0.007060704355885182,eod,-0.007060704355885182,0,0.018416206261500756,-0.02302025782689665,R1_baseline,
2025-07-04,KRW-MANTRA,bull_quiet,3,2,0.27197481930519934,0.21919085927480472,0.007227792026113313,0.01877113209746998,-0.034545858061190766,1.2408127793514334,32.0,-0.0315,sl,-0.029944139821795834,0,0.0027229407760245294,-0.050034036759713296,R1_baseline,
2025-07-04,KRW-MLK,bull_quiet,3,3,0.022615994404290043,0.0186523665190021,0.00011657729074376311,0.00023315458148752622,-0.015779826600972623,1.2125,88.0,-0.0315,sl,-0.02326999526739243,0,0.04564907275320462,-0.029957203994298465,R1_baseline,
2025-07-05,KRW-AKT,bull_quiet,3,1,0.27197481930519934,0.1750990906971322,0.01235719281883889,0.01877113209746998,-0.031282977055829594,1.5532623169107855,38.0,-0.014066137566137558,eod,-0.014066137566137558,0,0.05521885521885461,-0.0040404040404046215,R1_baseline,
2025-07-05,KRW-CARV,bull_quiet,3,2,0.27197481930519934,0.2683609232921427,0.02168590416229451,0.1318489158311961,-0.03797652396585388,1.0134665508253693,34.0,0.0485,tp,-0.06178801562118624,1,0.24817927170867993,-2.886579864025407e-15,R1_baseline,
2025-07-05,KRW-TAIKO,bull_quiet,3,3,0.27197481930519934,0.2683609232921427,0.02168590416229451,0.1318489158311961,-0.03797652396585388,1.0134665508253693,17.0,-0.0315,sl,-0.06390084611316765,0,0.033561891014072254,-0.045651389390113706,R1_baseline,
2025-07-06,KRW-SAFE,bull_quiet,3,1,0.27197481930519934,0.33321674245074034,0.048035443628308264,0.1318489158311961,-0.043675717077809977,0.8162099458294944,7.0,-0.0315,sl,-0.06825082846772929,0,0.12575888985255657,-0.0010407632263678135,R1_baseline,
2025-07-06,KRW-AKT,bull_quiet,3,2,0.13767778036838424,0.21919085927480472,0.02168590416229451,0.01877113209746998,-0.034545858061190766,0.628118256499804,30.0,-0.0315,sl,-0.02832763246143527,0,0.0013342228152095625,-0.0426951300867251,R1_baseline,
2025-07-06,KRW-PENGU,bull_quiet,3,3,0.27197481930519934,0.4397295406854745,0.08871531825600373,0.04325017486593612,-0.05326459815786506,0.6185047720042418,8.0,-0.0315,sl,-0.03217207938655858,0,0.038601271571251816,-0.03405994550413094,R1_baseline,
2025-07-07,KRW-PENGU,bull_quiet,3,1,0.27197481930519934,0.4397295406854745,0.08871531825600373,0.01877113209746998,-0.05326459815786506,0.6185047720042418,12.0,-0.0315,sl,-0.07046551724137934,0,0.0013837638375924222,-0.10101476014764288,R1_baseline,
2025-07-07,KRW-BEAM,bull_quiet,3,2,0.13767778036838424,0.2683609232921427,0.02168590416229451,0.1318489158311961,-0.03797652396585388,0.5130321459600348,63.0,-0.0315,sl,-0.02333249821045097,0,0.011036750029234543,-0.04896090172607148,R1_baseline,
2025-07-07,KRW-TOKAMAK,bull_quiet,3,3,0.13767778036838424,0.2683609232921427,0.032058754954534856,0.04325017486593612,-0.03797652396585388,0.5130321459600348,25.0,0.0485,tp,0.033437376400790975,0,0.07971014492753548,-0.01712779973649603,R1_baseline,
2025-07-08,KRW-ELF,bull_quiet,3,1,0.06458381907204476,0.05619025413849382,0.0009326183259501049,0.003031009559337841,-0.021121146208714376,1.1493775933609958,47.0,0.0485,tp,-0.0015,0,0.09890109890109477,-0.0036630036630074247,R1_baseline,
2025-07-08,KRW-BOUNTY,bull_quiet,3,2,0.13767778036838424,0.1750990906971322,0.007227792026113313,0.04325017486593612,-0.031282977055829594,0.7862849533954727,40.0,0.0485,tp,0.020056689155833418,0,0.039037085230952506,-0.017566688353952253,R1_baseline,
2025-07-08,KRW-QKC,bull_quiet,3,3,0.13767778036838424,0.1750990906971322,0.007227792026113313,0.01877113209746998,-0.031282977055829594,0.7862849533954727,43.0,0.0485,tp,0.02566395386439596,0,0.08882214117130571,-0.007616391332438521,R1_baseline,
2025-07-09,KRW-QKC,bull_quiet,3,1,0.13767778036838424,0.1750990906971322,0.01235719281883889,0.01877113209746998,-0.031282977055829594,0.7862849533954727,56.0,-0.002444584382871594,eod,-0.002444584382871594,0,0.019291587602675575,-0.011912291798544139,R1_baseline,
2025-07-09,KRW-TAIKO,bull_quiet,3,2,0.06458381907204476,0.09245656989623412,0.00011657729074376311,0.01119141991140126,-0.025007406332421222,0.6985314201524941,64.0,0.018365067466266816,eod,0.018365067466266816,0,0.016209246638421604,-0.027629397679132417,R1_baseline,
2025-07-09,KRW-SAFE,bull_quiet,3,3,0.06458381907204476,0.09245656989623412,0.0009326183259501049,0.008277952664101668,-0.025007406332421222,0.6985314201524941,92.0,0.01630466724286933,eod,0.01630466724286933,0,0.028945554789798544,-0.009131633356307622,R1_baseline,
2025-07-10,KRW-RVN,bull_quiet,3,1,0.033457682443460014,0.0186523665190021,0.00011657729074376311,0.00023315458148752622,-0.015779826600972623,1.79375,89.0,0.03279203539823011,eod,0.03279203539823011,0,0.03801652892556273,-0.01763085399454445,R1_baseline,
2025-07-10,KRW-BCH,bull_quiet,3,2,0.022615994404290043,0.0186523665190021,0.00011657729074376311,0.0,-0.015779826600972623,1.2125,34.0,-0.0036465369204349827,eod,-0.0036465369204349827,0,0.012329749103942689,-0.02107526881720434,R1_baseline,
2025-07-10,KRW-BSV,bull_quiet,3,3,0.022615994404290043,0.0186523665190021,0.00011657729074376311,0.0011657729074376311,-0.015779826600972623,1.2125,67.0,0.02494580063934909,eod,0.02494580063934909,0,0.03947750362844693,-0.01944847605224964,R1_baseline,
2025-07-11,KRW-BTT,bull_quiet,3,1,0.04488748979829777,0.0186523665190021,0.00011657729074376311,0.00023315458148752622,-0.015779826600972623,2.4065305468112395,78.0,0.011535172491291159,eod,0.011535172491291159,0,0.030812323775000205,-0.01725490306189925,R1_baseline,
2025-07-11,KRW-SIGN,bull_quiet,3,2,0.04488748979829777,0.0186523665190021,0.00011657729074376311,0.0003497726477789437,-0.015779826600972623,2.4065305468112395,84.0,0.0485,tp,0.019228643216080477,0,0.08394199216681408,-0.0037048798560493923,R1_baseline,
2025-07-11,KRW-GAS,bull_quiet,3,3,0.033457682443460014,0.0186523665190021,0.00011657729074376311,0.00023315458148752622,-0.015779826600972623,1.79375,88.0,0.013256517461878893,eod,0.013256517461878893,0,0.030450669914737993,-0.020706455542022106,R1_baseline,
2025-07-12,KRW-BTT,bull_quiet,3,1,0.033457682443460014,0.0186523665190021,0.00011657729074376311,0.0003497726477789437,-0.015779826600972623,1.79375,88.0,0.0485,tp,0.018203342926721267,0,0.04660129883595765,-0.012889722361033695,R1_baseline,
2025-07-12,KRW-T,bull_quiet,3,2,0.033457682443460014,0.0186523665190021,0.00011657729074376311,0.00023315458148752622,-0.015779826600972623,1.79375,89.0,0.0485,tp,0.03146213808463255,0,0.08381374722833335,-0.015964523281639997,R1_baseline,
2025-07-12,KRW-CARV,bull_quiet,3,3,0.27197481930519934,0.1750990906971322,0.007227792026113313,0.01877113209746998,-0.031282977055829594,1.5532623169107855,66.0,0.020181649920676892,eod,0.020181649920676892,0,0.016410256410253732,-0.05230769230769472,R1_baseline,
2025-07-13,KRW-KAVA,bull_quiet,3,1,0.06458381907204476,0.0186523665190021,0.00011657729074376311,0.0,-0.015779826600972623,3.4625,83.0,-0.0315,sl,0.00555801342744028,0,0.0224353485185802,-0.04093166638123136,R1_baseline,
2025-07-13,KRW-AHT,bull_quiet,3,2,0.27197481930519934,0.1327815341571462,0.0031479538300104933,0.01877113209746998,-0.027979605456093983,2.04828797190518,78.0,0.007216179408026159,eod,0.007216179408026159,0,0.004284184219742082,-0.03409496608371421,R1_baseline,
2025-07-13,KRW-ETC,bull_quiet,3,3,0.033457682443460014,0.0186523665190021,0.00011657729074376311,0.0,-0.015779826600972623,1.79375,85.0,0.0146943319838056,eod,0.0146943319838056,0,0.02269963518443463,-0.0032428050263477726,R1_baseline,
2025-07-14,KRW-ETC,bull_quiet,3,1,0.022615994404290043,0.0186523665190021,0.00011657729074376311,0.0,-0.015779826600972623,1.2125,78.0,0.0016872509960160222,eod,0.0016872509960160222,0,0.04033546325878601,-0.0023961661341852514,R1_baseline,
2025-07-14,KRW-SOL,bull_quiet,3,2,0.022615994404290043,0.0186523665190021,0.00011657729074376311,0.0,-0.015779826600972623,1.2125,15.0,0.005571167883211605,eod,0.005571167883211605,0,0.0443327239488116,-0.0022851919561243106,R1_baseline,
2025-07-14,KRW-BSV,bull_quiet,3,3,0.06458381907204476,0.05619025413849382,0.00011657729074376311,0.0011657729074376311,-0.021121146208714376,1.1493775933609958,83.0,0.0018519553072625108,eod,0.0018519553072625108,0,0.031781432952327826,-0.006969612489545529,R1_baseline,
2025-07-15,KRW-WAL,bull_quiet,3,1,0.27197481930519934,0.21919085927480472,0.02168590416229451,0.1318489158311961,-0.034545858061190766,1.2408127793514334,59.0,0.0485,tp,0.10041412312467674,0,0.132896505376342,-0.052251344086023166,R1_baseline,
2025-07-15,KRW-SOL,bull_quiet,3,2,0.022615994404290043,0.0186523665190021,0.00011657729074376311,0.0,-0.015779826600972623,1.2125,10.0,0.00914552661381657,eod,0.00914552661381657,0,0.011041009463722329,-0.02726453357368186,R1_baseline,
2025-07-15,KRW-LPT,bull_quiet,3,3,0.27197481930519934,0.2683609232921427,0.02168590416229451,0.04325017486593612,-0.03797652396585388,1.0134665508253693,42.0,-0.0315,sl,0.02426036367572243,0,0.03971157985363738,-0.05251829530779184,R1_baseline,
2025-07-16,KRW-AERGO,bull_quiet,3,1,0.13767778036838424,0.1327815341571462,0.0009326183259501049,0.008277952664101668,-0.027979605456093983,1.0368744512730466,24.0,0.014893442622950616,eod,0.014893442622950616,0,0.011507479861904368,-0.029344073647876834,R1_baseline,
2025-07-16,KRW-AKT,bull_quiet,3,2,0.27197481930519934,0.2683609232921427,0.01235719281883889,0.01877113209746998,-0.03797652396585388,1.0134665508253693,85.0,0.011861838588989761,eod,0.011861838588989761,0,0.021063717746181654,-0.03212216956292835,R1_baseline,
2025-07-16,KRW-ALT,bull_quiet,3,3,0.27197481930519934,0.2683609232921427,0.02168590416229451,0.01877113209746998,-0.03797652396585388,1.0134665508253693,80.0,-0.006906529423996775,eod,-0.006906529423996775,0,0.02218536180798214,-0.02633215840765024,R1_baseline,
2025-07-17,KRW-BTT,bull_quiet,3,1,0.022615994404290043,0.0186523665190021,0.00011657729074376311,0.0,-0.015779826600972623,1.2125,96.0,0.003949020224248092,eod,0.003949020224248092,0,0.010310361903934417,-0.008416623873312323,R1_baseline,
2025-07-17,KRW-T,bull_quiet,3,2,0.022615994404290043,0.0186523665190021,0.00011657729074376311,0.0,-0.015779826600972623,1.2125,97.0,0.004355290673358438,eod,0.004355290673358438,0,0.018440905280762143,-0.021793797150082783,R1_baseline,
2025-07-17,KRW-SOL,bull_quiet,3,3,0.06458381907204476,0.05619025413849382,0.00011657729074376311,0.00023315458148752622,-0.021121146208714376,1.1493775933609958,9.0,0.006505055824731322,eod,0.006505055824731322,0,0.029031574486120038,-0.020979020979020935,R1_baseline,
2025-07-18,KRW-MVL,bull_quiet,3,1,0.04488748979829777,0.0186523665190021,0.00011657729074376311,0.0003497726477789437,-0.015779826600972623,2.4065305468112395,78.0,0.0061872391829563295,eod,0.0061872391829563295,0,0.020550940095972914,-0.015303891561212257,R1_baseline,
2025-07-18,KRW-CKB,bull_quiet,3,2,0.27197481930519934,0.21919085927480472,0.007227792026113313,0.04325017486593612,-0.034545858061190766,1.2408127793514334,91.0,0.0485,tp,-0.010622006841505103,0,0.054578038448834354,-0.0289996741611227,R1_baseline,
2025-07-18,KRW-MOC,bull_quiet,3,3,0.27197481930519934,0.2683609232921427,0.032058754954534856,0.04325017486593612,-0.03797652396585388,1.0134665508253693,27.0,0.017812636278683514,eod,0.017812636278683514,0,0.029411764705871812,-0.0269436445907133,R1_baseline,
2025-07-19,KRW-BCH,bull_quiet,3,1,0.033457682443460014,0.0186523665190021,0.00011657729074376311,0.00023315458148752622,-0.015779826600972623,1.79375,26.0,-0.01336775925402661,eod,-0.01336775925402661,0,0.016621679215797602,-0.02216223895439695,R1_baseline,
2025-07-19,KRW-PENDLE,bull_quiet,3,2,0.27197481930519934,0.33321674245074034,0.02168590416229451,0.1318489158311961,-0.043675717077809977,0.8162099458294944,78.0,-0.0315,sl,-0.007035656138065725,0,0.02549436182382725,-0.028599444353652692,R1_baseline,
2025-07-19,KRW-HYPER,bull_quiet,3,3,0.27197481930519934,0.33321674245074034,0.08871531825600373,0.01877113209746998,-0.043675717077809977,0.8162099458294944,35.0,-0.0315,sl,-0.004824329939746517,0,0.013204043738392901,-0.045388900350734396,R1_baseline,
2025-07-20,KRW-HYPER,bull_quiet,3,1,0.27197481930519934,0.2683609232921427,0.032058754954534856,0.0011657729074376311,-0.03797652396585388,1.0134665508253693,41.0,-0.007128517823639711,eod,-0.007128517823639711,0,0.03267838676318302,-0.025853154084800378,R1_baseline,
2025-07-20,KRW-MOCA,bull_quiet,3,2,0.08837588900547977,0.09245656989623412,0.0009326183259501049,0.008277952664101668,-0.025007406332421222,0.9558638083228247,81.0,0.0485,tp,0.031629904097646044,0,0.07841409691629009,-0.008810572687233398,R1_baseline,
2025-07-20,KRW-XEC,bull_quiet,3,3,0.27197481930519934,0.33321674245074034,0.02168590416229451,0.1318489158311961,-0.043675717077809977,0.8162099458294944,28.0,0.0485,tp,0.010459521619135272,0,0.041091781612444755,-0.032993401348740514,R1_baseline,
2025-07-21,KRW-BCH,bull_quiet,3,1,0.08837588900547977,0.05619025413849382,0.0009326183259501049,0.0011657729074376311,-0.021121146208714376,1.5727974603506336,35.0,-0.0315,sl,-0.04071832884097032,0,0.0026745119015778585,-0.052554158866007006,R1_baseline,
2025-07-21,KRW-BERA,bull_quiet,3,2,0.27197481930519934,0.21919085927480472,0.007227792026113313,0.04325017486593612,-0.034545858061190766,1.2408127793514334,93.0,0.0485,tp,0.07245498392282951,0,0.08193609617209718,-0.021195824106295724,R1_baseline,
2025-07-21,KRW-LSK,bull_quiet,3,3,0.27197481930519934,0.2683609232921427,0.01235719281883889,0.01877113209746998,-0.03797652396585388,1.0134665508253693,81.0,0.0224819004524886,eod,0.0224819004524886,0,0.022798390701831206,-0.018179108925646004,R1_baseline,
2025-07-22,KRW-JTO,bull_quiet,3,1,0.27197481930519934,0.2683609232921427,0.02168590416229451,0.1318489158311961,-0.03797652396585388,1.0134665508253693,86.0,-0.0315,sl,-0.016113085353703094,0,0.07559905501181197,-0.03712453594330101,R1_baseline,
2025-07-22,KRW-NXPC,bull_quiet,3,2,0.27197481930519934,0.33321674245074034,0.02168590416229451,0.1318489158311961,-0.043675717077809977,0.8162099458294944,42.0,-0.0315,sl,-0.051597592713077456,0,0.029294274300931455,-0.057256990679095066,R1_baseline,
2025-07-22,KRW-SONIC,bull_quiet,3,3,0.27197481930519934,0.33321674245074034,0.02168590416229451,0.1318489158311961,-0.043675717077809977,0.8162099458294944,66.0,-0.0315,sl,-0.009292930698580558,0,0.0622876557191363,-0.030011325028315272,R1_baseline,
2025-07-23,KRW-AWE,bull_quiet,3,1,0.022615994404290043,0.0186523665190021,0.0031479538300104933,0.0,-0.015779826600972623,1.2125,86.0,0.0485,tp,-0.0351544323862944,0,0.15673449612401713,-0.0431201550387712,R1_baseline,
2025-07-23,KRW-SAFE,bull_quiet,3,2,0.27197481930519934,0.2683609232921427,0.032058754954534856,0.01877113209746998,-0.03797652396585388,1.0134665508253693,70.0,-0.0315,sl,-0.05710189046427577,0,-1.4432899320127035e-15,-0.08694467157263686,R1_baseline,
2025-07-23,KRW-GLM,bull_quiet,3,3,0.27197481930519934,0.33321674245074034,0.02168590416229451,0.01119141991140126,-0.043675717077809977,0.8162099458294944,29.0,-0.0315,sl,-0.07030375293197805,0,-2.6645352591003757e-15,-0.10276781137878244,R1_baseline,
2025-07-24,KRW-BLUR,bull_quiet,3,1,0.27197481930519934,0.4397295406854745,0.048035443628308264,0.04325017486593612,-0.05326459815786506,0.6185047720042418,64.0,-0.0315,sl,-0.05947101449275366,0,0.021428571428564247,-0.08571428571429218,R1_baseline,
2025-07-24,KRW-SIGN,bull_quiet,3,2,0.27197481930519934,0.4397295406854745,0.048035443628308264,0.1318489158311961,-0.05326459815786506,0.6185047720042418,44.0,0.0485,tp,0.028830062444246185,0,0.11063464837048809,-0.07375643224700612,R1_baseline,
2025-07-24,KRW-AERGO,bull_quiet,3,3,0.27197481930519934,0.4397295406854745,0.08871531825600373,0.1318489158311961,-0.05326459815786506,0.6185047720042418,12.0,0.0485,tp,-0.0052715517241379,0,0.020238713025422905,-0.10482615464452971,R1_baseline,
2025-07-25,KRW-RVN,bull_quiet,3,1,0.27197481930519934,0.33321674245074034,0.032058754954534856,0.1318489158311961,-0.043675717077809977,0.8162099458294944,63.0,0.0485,tp,-0.01565929203539823,1,0.235508900045585,-0.06435417617530503,R1_baseline,
2025-07-25,KRW-CRO,bull_quiet,3,2,0.27197481930519934,0.33321674245074034,0.048035443628308264,0.04325017486593612,-0.043675717077809977,0.8162099458294944,60.0,0.02728526194588371,eod,0.02728526194588371,0,0.055072463768109925,-0.014492753623194132,R1_baseline,
2025-07-25,KRW-MOCA,bull_quiet,3,3,0.27197481930519934,0.33321674245074034,0.048035443628308264,0.1318489158311961,-0.043675717077809977,0.8162099458294944,27.0,-0.0315,sl,-0.032410609857978334,0,0.004115226337440436,-0.06337448559671555,R1_baseline,
2025-07-26,KRW-SONIC,bull_quiet,3,1,0.27197481930519934,0.33321674245074034,0.048035443628308264,0.1318489158311961,-0.043675717077809977,0.8162099458294944,35.0,-0.02466933638443941,eod,-0.02466933638443941,0,0.05415367167564211,-0.03770910121916926,R1_baseline,
2025-07-26,KRW-DRIFT,bull_quiet,3,2,0.27197481930519934,0.4397295406854745,0.02168590416229451,0.01877113209746998,-0.05326459815786506,0.6185047720042418,75.0,0.0485,tp,0.040718336247814124,0,0.0644288700356559,-0.021886142874709136,R1_baseline,
2025-07-26,KRW-BLUR,bull_quiet,3,3,0.27197481930519934,0.4397295406854745,0.048035443628308264,0.1318489158311961,-0.05326459815786506,0.6185047720042418,54.0,0.005542253521126752,eod,0.005542253521126752,0,0.013986013986006851,-0.020979020979027818,R1_baseline,
2025-07-27,KRW-TAIKO,bull_quiet,3,1,0.27197481930519934,0.33321674245074034,0.032058754954534856,0.04325017486593612,-0.043675717077809977,0.8162099458294944,24.0,-0.0315,sl,-0.027137433454749116,0,0.07612959465349256,-0.00784541624291879,R1_baseline,
2025-07-27,KRW-WAL,bull_quiet,3,2,0.27197481930519934,0.33321674245074034,0.032058754954534856,0.1318489158311961,-0.043675717077809977,0.8162099458294944,46.0,0.0056591774562072,eod,0.0056591774562072,0,0.01733232856066169,-0.03391107761869028,R1_baseline,
2025-07-27,KRW-BEAM,bull_quiet,3,3,0.27197481930519934,0.33321674245074034,0.048035443628308264,0.1318489158311961,-0.043675717077809977,0.8162099458294944,31.0,-0.003186340640809414,eod,-0.003186340640809414,0,0.05872193436951134,-0.006044905008721457,R1_baseline,
2025-07-28,KRW-GAS,bull_quiet,3,1,0.033457682443460014,0.0186523665190021,0.0009326183259501049,0.0011657729074376311,-0.015779826600972623,1.79375,93.0,-0.0315,sl,-0.056456668780384744,0,0.0089247768805778,-0.058011049723757036,R1_baseline,
2025-07-28,KRW-EGLD,bull_quiet,3,2,0.13767778036838424,0.1327815341571462,0.02168590416229451,0.008277952664101668,-0.027979605456093983,1.0368744512730466,80.0,-0.0315,sl,-0.06621095772217428,0,0.015144958892254534,-0.06750324534833407,R1_baseline,
2025-07-28,KRW-STRAX,bull_quiet,3,3,0.08837588900547977,0.09245656989623412,0.0031479538300104933,0.01119141991140126,-0.025007406332421222,0.9558638083228247,87.0,-0.0315,sl,-0.0347498608792432,0,0.009572697003315644,-0.036903440621544825,R1_baseline,
2025-07-29,KRW-CBK,bull_quiet,3,1,0.27197481930519934,0.33321674245074034,0.048035443628308264,0.1318489158311961,-0.043675717077809977,0.8162099458294944,30.0,-0.0315,sl,-0.03459897241752302,0,0.02728731942214968,-0.04815409309791441,R1_baseline,
2025-07-29,KRW-RAY,bull_quiet,3,2,0.27197481930519934,0.33321674245074034,0.08871531825600373,0.04325017486593612,-0.043675717077809977,0.8162099458294944,23.0,-0.0315,sl,-0.035831797235023,0,0.02929551267147157,-0.04208323645663814,R1_baseline,
2025-07-29,KRW-COW,bull_quiet,3,3,0.27197481930519934,0.4397295406854745,0.048035443628308264,0.01119141991140126,-0.05326459815786506,0.6185047720042418,39.0,-0.004194449434165635,eod,-0.004194449434165635,0,0.02698327037236714,-0.02860226659471299,R1_baseline,
2025-07-30,KRW-ATH,bull_quiet,3,1,0.27197481930519934,0.4397295406854745,0.032058754954534856,0.04325017486593612,-0.05326459815786506,0.6185047720042418,42.0,-0.0315,sl,-0.06673468575974545,0,0.004542761208749635,-0.09539798538417754,R1_baseline,
2025-07-30,KRW-BAT,bull_quiet,3,2,0.27197481930519934,0.4397295406854745,0.08871531825600373,0.1318489158311961,-0.05326459815786506,0.6185047720042418,56.0,-0.0315,sl,0.005007592190889478,0,0.005084745762707676,-0.0588983050847498,R1_baseline,
2025-07-30,KRW-T,bull_quiet,3,3,0.08837588900547977,0.1750990906971322,0.01235719281883889,0.01877113209746998,-0.031282977055829594,0.5047192915372872,78.0,-0.0315,sl,-0.003544989775051187,0,-4.04121180963557e-14,-0.05145867098869317,R1_baseline,
2025-07-31,KRW-TRX,bull_quiet,3,1,0.022615994404290043,0.0186523665190021,0.0009326183259501049,0.00023315458148752622,-0.015779826600972623,1.2125,41.0,-0.0015,eod,-0.0015,0,0.008810572687222296,-0.015418502202645401,R1_baseline,
2025-07-31,KRW-GAME2,bull_quiet,3,2,0.27197481930519934,0.33321674245074034,0.048035443628308264,0.04325017486593612,-0.043675717077809977,0.8162099458294944,28.0,0.006327788649706458,eod,0.006327788649706458,0,0.012162162161966972,-0.02509652509671334,R1_baseline,
2025-07-31,KRW-MVL,bull_quiet,3,3,0.06458381907204476,0.09245656989623412,0.01235719281883889,0.0003497726477789437,-0.025007406332421222,0.6985314201524941,73.0,-0.0315,sl,-0.012115711252653925,0,0.01273885350296955,-0.044585987261349325,R1_baseline,
2025-08-01,KRW-ALT,bull_quiet,3,1,0.27197481930519934,0.33321674245074034,0.048035443628308264,0.04325017486593612,-0.043675717077809977,0.8162099458294944,62.0,-0.0315,sl,0.018411504424778624,0,0.01746724890827478,-0.04585152838430018,R1_baseline,
2025-08-01,KRW-ERA,bull_quiet,3,2,0.27197481930519934,0.4397295406854745,0.08871531825600373,0.01119141991140126,-0.05326459815786506,0.6185047720042418,30.0,-0.0315,sl,-0.042217736369910275,0,0.0033400133600527404,-0.09084836339345415,R1_baseline,
2025-08-01,KRW-KNC,bull_quiet,3,3,0.27197481930519934,0.4397295406854745,0.08871531825600373,0.04325017486593612,-0.05326459815786506,0.6185047720042418,28.0,-0.004930531732418473,eod,-0.004930531732418473,0,0.02693602693602526,-0.035353535353537024,R1_baseline,
2025-08-02,KRW-KNC,bull_quiet,3,1,0.27197481930519934,0.33321674245074034,0.048035443628308264,0.01119141991140126,-0.043675717077809977,0.8162099458294944,46.0,-0.02040034364261173,eod,-0.02040034364261173,0,0.010238907849827505,-0.03395904436860231,R1_baseline,
2025-08-02,KRW-SYRUP,bull_quiet,3,2,0.27197481930519934,0.33321674245074034,0.048035443628308264,0.01877113209746998,-0.043675717077809977,0.8162099458294944,24.0,-0.0315,sl,-0.05705555555555558,0,0.010084033613443566,-0.08739495798319485,R1_baseline,
2025-08-02,KRW-HYPER,bull_quiet,3,3,0.27197481930519934,0.4397295406854745,0.048035443628308264,0.01877113209746998,-0.05326459815786506,0.6185047720042418,30.0,0.0485,tp,0.0059074074074073075,0,0.09706959706959495,-0.04029304029304204,R1_baseline,
2025-08-03,KRW-QKC,bull_quiet,3,1,0.27197481930519934,0.2683609232921427,0.048035443628308264,0.008277952664101668,-0.03797652396585388,1.0134665508253693,40.0,0.008208737864077666,eod,0.008208737864077666,0,0.02970297029692781,-9.903189379656396e-14,R1_baseline,
2025-08-03,KRW-SYRUP,bull_quiet,3,2,0.27197481930519934,0.33321674245074034,0.048035443628308264,0.01119141991140126,-0.043675717077809977,0.8162099458294944,27.0,0.0485,tp,0.06267112299465244,0,0.06371681415929009,-0.010619469026550421,R1_baseline,
2025-08-03,KRW-SAHARA,bull_quiet,3,3,0.27197481930519934,0.4397295406854745,0.08871531825600373,0.1318489158311961,-0.05326459815786506,0.6185047720042418,8.0,-0.0315,sl,-0.009436507936507908,0,0.03225806451612079,-0.024193548387104635,R1_baseline,
2025-08-04,KRW-SYRUP,bull_quiet,3,1,0.27197481930519934,0.2683609232921427,0.02168590416229451,0.04325017486593612,-0.03797652396585388,1.0134665508253693,34.0,0.0485,tp,0.02530067001675046,0,0.07876712328766944,-1.7763568394002505e-15,R1_baseline,
2025-08-04,KRW-VIRTUAL,bull_quiet,3,2,0.27197481930519934,0.33321674245074034,0.032058754954534856,0.04325017486593612,-0.043675717077809977,0.8162099458294944,16.0,0.019515761821365996,eod,0.019515761821365996,0,0.0315420560747659,-0.020443925233645355,R1_baseline,
2025-08-04,KRW-ATH,bull_quiet,3,3,0.13767778036838424,0.21919085927480472,0.01235719281883889,0.04325017486593612,-0.034545858061190766,0.628118256499804,25.0,0.0485,tp,0.12873255813953494,0,0.1299303944315282,-0.009280742459419788,R1_baseline,
2025-08-05,KRW-XTZ,bull_quiet,3,1,0.13767778036838424,0.05619025413849382,0.00011657729074376311,0.008277952664101668,-0.021121146208714376,2.4502074688796682,90.0,0.0485,tp,-0.029656221616712053,0,0.06102003642987164,-0.03278688524590245,R1_baseline,
2025-08-05,KRW-AERGO,bull_quiet,3,2,0.04488748979829777,0.0186523665190021,0.0031479538300104933,0.0011657729074376311,-0.015779826600972623,2.4065305468112395,95.0,-0.0315,sl,-0.04392424242424248,0,0.02469135802468503,-0.037037037037042975,R1_baseline,
2025-08-05,KRW-TAIKO,bull_quiet,3,3,0.27197481930519934,0.21919085927480472,0.032058754954534856,0.01877113209746998,-0.034545858061190766,1.2408127793514334,21.0,-0.0315,sl,-0.037098705501618146,0,-1.6653345369377348e-15,-0.057233704292529386,R1_baseline,
2025-08-06,KRW-ONG,bull_quiet,3,1,0.08837588900547977,0.09245656989623412,0.01235719281883889,0.008277952664101668,-0.025007406332421222,0.9558638083228247,42.0,-0.0315,sl,-0.013795081967213072,0,0.03292181069958433,-0.0493827160493866,R1_baseline,
2025-08-06,KRW-ARK,bull_quiet,3,2,0.06458381907204476,0.09245656989623412,0.02168590416229451,0.003031009559337841,-0.025007406332421222,0.6985314201524941,57.0,0.013575376884422065,eod,0.013575376884422065,0,0.01497504159733598,-0.02995008319467718,R1_baseline,
2025-08-06,KRW-GAME2,bull_quiet,3,3,0.08837588900547977,0.1327815341571462,0.007227792026113313,0.01119141991140126,-0.027979605456093983,0.6655736399376694,55.0,-0.0315,sl,-0.009133587786259554,0,0.0615671641789064,-0.05223880597032615,R1_baseline,
2025-08-07,KRW-ATH,bull_quiet,3,1,0.27197481930519934,0.33321674245074034,0.032058754954534856,0.1318489158311961,-0.043675717077809977,0.8162099458294944,37.0,0.008621457489878472,eod,0.008621457489878472,0,0.03225806451610813,-0.022177419354858507,R1_baseline,
2025-08-07,KRW-ALT,bull_quiet,3,2,0.13767778036838424,0.21919085927480472,0.02168590416229451,0.01877113209746998,-0.034545858061190766,0.628118256499804,48.0,0.0485,tp,0.057447368421052636,0,0.0656779661016722,-0.008474576271207623,R1_baseline,
2025-08-07,KRW-GAME2,bull_quiet,3,3,0.13767778036838424,0.21919085927480472,0.048035443628308264,0.01119141991140126,-0.034545858061190766,0.628118256499804,31.0,0.002331417624521105,eod,0.002331417624521105,0,0.009487666033964226,-0.022770398482158782,R1_baseline,
2025-08-08,KRW-NXPC,bull_quiet,3,1,0.033457682443460014,0.0186523665190021,0.00011657729074376311,0.0011657729074376311,-0.015779826600972623,1.79375,78.0,0.006282101167315148,eod,0.006282101167315148,0,0.0132192846034207,-0.010886469673406562,R1_baseline,
2025-08-08,KRW-BSV,bull_quiet,3,2,0.022615994404290043,0.0186523665190021,0.00011657729074376311,0.0,-0.015779826600972623,1.2125,92.0,0.0023503850385038784,eod,0.0023503850385038784,0,0.004385964912280604,-0.014528508771929793,R1_baseline,
2025-08-08,KRW-KAITO,bull_quiet,3,3,0.022615994404290043,0.0186523665190021,0.0031479538300104933,0.0011657729074376311,-0.015779826600972623,1.2125,84.0,0.0485,tp,0.03434905660377369,0,0.04833647206528502,-0.01569365976145698,R1_baseline,
2025-08-09,KRW-AUCTION,bull_quiet,3,1,0.04488748979829777,0.0186523665190021,0.00011657729074376311,0.00023315458148752622,-0.015779826600972623,2.4065305468112395,97.0,0.03569298245614033,eod,0.03569298245614033,0,0.03935347856640892,-0.0028109627547435734,R1_baseline,
2025-08-09,KRW-XTZ,bull_quiet,3,2,0.04488748979829777,0.0186523665190021,0.00011657729074376311,0.0003497726477789437,-0.015779826600972623,2.4065305468112395,78.0,0.0485,tp,0.09700483729111703,1,0.21789193976970678,-0.0008857395925605527,R1_baseline,
2025-08-09,KRW-ARK,bull_quiet,3,3,0.033457682443460014,0.0186523665190021,0.00011657729074376311,0.00023315458148752622,-0.015779826600972623,1.79375,79.0,0.0485,tp,0.04049066874028001,0,0.058451816745653806,-1.6653345369377348e-15,R1_baseline,
2025-08-10,KRW-MOCA,bull_quiet,3,1,0.04488748979829777,0.0186523665190021,0.00011657729074376311,0.0003497726477789437,-0.015779826600972623,2.4065305468112395,100.0,-0.0315,sl,-0.0015,0,0.018518518518509053,-0.03703703703704586,R1_baseline,
2025-08-10,KRW-AERGO,bull_quiet,3,2,0.033457682443460014,0.0186523665190021,0.00011657729074376311,0.00023315458148752622,-0.015779826600972623,1.79375,91.0,-0.0315,sl,-0.03108579881656809,0,0.011976047904185494,-0.035928143712580574,R1_baseline,
2025-08-10,KRW-SNT,bull_quiet,3,3,0.033457682443460014,0.0186523665190021,0.00011657729074376311,0.00023315458148752622,-0.015779826600972623,1.79375,84.0,-0.0315,sl,-0.026500000000000024,0,0.010050251256256137,-0.030150753768868555,R1_baseline,
2025-08-11,KRW-ELF,bull_quiet,3,1,0.04488748979829777,0.0186523665190021,0.00011657729074376311,0.0003497726477789437,-0.015779826600972623,2.4065305468112395,87.0,0.008567114093959662,eod,0.008567114093959662,0,0.016666666666663277,-0.01000000000000334,R1_baseline,
2025-08-11,KRW-JST,bull_quiet,3,2,0.033457682443460014,0.0186523665190021,0.00011657729074376311,0.0011657729074376311,-0.015779826600972623,1.79375,97.0,0.0006367521367521291,eod,0.0006367521367521291,0,0.004246284501040032,-0.019108280254797938,R1_baseline,
2025-08-11,KRW-SNT,bull_quiet,3,3,0.033457682443460014,0.0186523665190021,0.00011657729074376311,0.00023315458148752622,-0.015779826600972623,1.79375,95.0,-0.011730179028132946,eod,-0.011730179028132946,0,0.007614213197943975,-0.02791878172591311,R1_baseline,
2025-08-12,KRW-CTC,bull_quiet,3,1,0.27197481930519934,0.21919085927480472,0.02168590416229451,0.04325017486593612,-0.034545858061190766,1.2408127793514334,34.0,0.0485,tp,0.04298938321536899,0,0.07078763708873281,-0.04087736789631202,R1_baseline,
2025-08-12,KRW-MOC,bull_quiet,3,2,0.033457682443460014,0.05619025413849382,0.007227792026113313,0.0011657729074376311,-0.021121146208714376,0.5954356846473029,96.0,0.02800819672131155,eod,0.02800819672131155,0,0.019565217391293244,-0.02608695652174975,R1_baseline,
2025-08-12,KRW-MNT,bull_quiet,3,3,0.13767778036838424,0.2683609232921427,0.048035443628308264,0.04325017486593612,-0.03797652396585388,0.5130321459600348,57.0,-0.0315,sl,0.0538892215568863,0,0.1144130757800883,-0.04383358098068413,R1_baseline,
2025-08-13,KRW-ID,bull_quiet,3,1,0.27197481930519934,0.21919085927480472,0.007227792026113313,0.04325017486593612,-0.034545858061190766,1.2408127793514334,50.0,0.031020325203251986,eod,0.031020325203251986,0,0.03688524590163511,-0.02049180327869249,R1_baseline,
2025-08-13,KRW-NXPC,bull_quiet,3,2,0.022615994404290043,0.0186523665190021,0.00011657729074376311,0.0,-0.015779826600972623,1.2125,81.0,-0.0015,eod,-0.0015,0,0.017227877838683625,-0.00783085356303903,R1_baseline,
2025-08-13,KRW-MNT,bull_quiet,3,3,0.27197481930519934,0.33321674245074034,0.032058754954534856,0.04325017486593612,-0.043675717077809977,0.8162099458294944,30.0,0.0485,tp,0.09708156028368792,0,0.10747330960854029,-0.006405693950178537,R1_baseline,
2025-08-14,KRW-BTT,bull_quiet,3,1,0.022615994404290043,0.0186523665190021,0.00011657729074376311,0.0,-0.015779826600972623,1.2125,82.0,-0.0315,sl,-0.03418641470888667,0,0.00408163162848818,-0.044897960158267414,R1_baseline,
2025-08-14,KRW-MOCA,bull_quiet,3,2,0.022615994404290043,0.0186523665190021,0.00011657729074376311,0.0003497726477789437,-0.015779826600972623,1.2125,96.0,-0.0315,sl,-0.057574766355140194,0,0.009345794392513929,-0.07757009345795252,R1_baseline,
2025-08-14,KRW-SNT,bull_quiet,3,3,0.022615994404290043,0.0186523665190021,0.00011657729074376311,0.0,-0.015779826600972623,1.2125,92.0,-0.0315,sl,-0.02927777777777779,0,0.03535353535350905,-0.040404040404064756,R1_baseline,
2025-08-15,KRW-ARKM,bull_quiet,3,1,0.27197481930519934,0.4397295406854745,0.08871531825600373,0.1318489158311961,-0.05326459815786506,0.6185047720042418,57.0,-0.0315,sl,-0.023128498727735425,0,0.07692307692307554,-0.046936114732726186,R1_baseline,
2025-08-15,KRW-ENA,bull_quiet,3,2,0.27197481930519934,0.4397295406854745,0.08871531825600373,0.04325017486593612,-0.05326459815786506,0.6185047720042418,7.0,0.0485,tp,0.02588336713995948,0,0.041041041041040005,-0.04404404404404505,R1_baseline,
2025-08-15,KRW-LINK,bull_quiet,3,3,0.27197481930519934,0.4397295406854745,0.08871531825600373,0.1318489158311961,-0.05326459815786506,0.6185047720042418,15.0,-0.0315,sl,-0.023516592214422427,0,0.02207293666026877,-0.04510556621881001,R1_baseline,
2025-08-16,KRW-KAVA,bull_quiet,3,1,0.04488748979829777,0.05619025413849382,0.0009326183259501049,0.0003497726477789437,-0.021121146208714376,0.7988483142941872,66.0,0.0003975332068311701,eod,0.0003975332068311701,0,0.01707779886147809,-0.009487666034157516,R1_baseline,
2025-08-16,KRW-DEEP,bull_quiet,3,2,0.27197481930519934,0.4397295406854745,0.048035443628308264,0.1318489158311961,-0.05326459815786506,0.6185047720042418,51.0,-0.0315,sl,-0.026396265560166,0,0.012499999999995737,-0.05000000000000393,R1_baseline,
2025-08-16,KRW-BERA,bull_quiet,3,3,0.13767778036838424,0.33321674245074034,0.032058754954534856,0.04325017486593612,-0.043675717077809977,0.4131778594190454,20.0,-0.0315,sl,0.06964882506527409,0,0.11140495867768552,-0.018842975206611823,R1_baseline,
2025-08-17,KRW-BAT,bull_quiet,3,1,0.27197481930519934,0.4397295406854745,0.048035443628308264,0.1318489158311961,-0.05326459815786506,0.6185047720042418,15.0,-0.0315,sl,-0.035982758620689614,0,0.008547008547004298,-0.05128205128205532,R1_baseline,
2025-08-17,KRW-BERA,bull_quiet,3,2,0.27197481930519934,0.4397295406854745,0.08871531825600373,0.1318489158311961,-0.05326459815786506,0.6185047720042418,14.0,0.0167648401826484,eod,0.0167648401826484,0,0.04704097116843675,-0.02943854324734474,R1_baseline,
2025-08-17,KRW-LINK,bull_quiet,3,3,0.13767778036838424,0.2683609232921427,0.032058754954534856,0.01119141991140126,-0.03797652396585388,0.5130321459600348,12.0,0.0485,tp,0.1299703080342967,0,0.15633937082936122,-0.014617095646647593,R1_baseline,
2025-08-18,KRW-SEI,bull_quiet,3,1,0.27197481930519934,0.2683609232921427,0.048035443628308264,0.1318489158311961,-0.03797652396585388,1.0134665508253693,14.0,-0.0315,sl,-0.05170920502092052,0,0.0063025210084011185,-0.05672268907563227,R1_baseline,
2025-08-18,KRW-ARB,bull_quiet,3,2,0.27197481930519934,0.4397295406854745,0.08871531825600373,0.1318489158311961,-0.05326459815786506,0.6185047720042418,11.0,-0.0315,sl,-0.03764457831325302,0,0.014745308310990524,-0.05495978552278946,R1_baseline,
2025-08-18,KRW-INJ,bull_quiet,3,3,0.13767778036838424,0.2683609232921427,0.02168590416229451,0.04325017486593612,-0.03797652396585388,0.5130321459600348,53.0,-0.0315,sl,-0.08066666666666672,0,0.01766620176662026,-0.0850767085076709,R1_baseline,
2025-08-19,KRW-CARV,bull_quiet,3,1,0.27197481930519934,0.33321674245074034,0.032058754954534856,0.1318489158311961,-0.043675717077809977,0.8162099458294944,44.0,0.0485,tp,0.03153964757709243,0,0.0543478260869541,-0.032608695652176056,R1_baseline,
2025-08-19,KRW-MNT,bull_quiet,3,2,0.27197481930519934,0.4397295406854745,0.2853812077407321,0.1318489158311961,-0.05326459815786506,0.6185047720042418,25.0,-0.0315,sl,0.048859712230215735,0,0.09111111111111048,-0.03722222222222271,R1_baseline,
2025-08-19,KRW-POL,bull_quiet,3,3,0.13767778036838424,0.33321674245074034,0.032058754954534856,0.1318489158311961,-0.043675717077809977,0.4131778594190454,20.0,-0.0315,sl,-0.09594444444444444,0,0.033240997229913916,-0.10803324099723244,R1_baseline,
2025-08-20,KRW-CTC,bull_quiet,3,1,0.27197481930519934,0.4397295406854745,0.048035443628308264,0.1318489158311961,-0.05326459815786506,0.6185047720042418,11.0,-0.0315,sl,0.004236137667303965,0,0.019047619047618092,-0.03809523809523896,R1_baseline,
2025-08-20,KRW-CARV,bull_quiet,3,2,0.13767778036838424,0.33321674245074034,0.048035443628308264,0.1318489158311961,-0.043675717077809977,0.4131778594190454,31.0,-0.0315,sl,-0.018557569296375254,0,0.023758099352049644,-0.049676025917928635,R1_baseline,
2025-08-20,KRW-CYBER,bull_quiet,3,3,0.27197481930519934,0.6774306365120074,0.2853812077407321,0.1318489158311961,-0.07631394352628397,0.4014799518155223,18.0,-0.0315,sl,-0.014924914142990962,0,0.03910256410256374,-0.02243589743589769,R1_baseline,
2025-08-21,KRW-ARB,bull_quiet,3,1,0.27197481930519934,0.33321674245074034,0.048035443628308264,0.01119141991140126,-0.043675717077809977,0.8162099458294944,15.0,-0.0315,sl,-0.014193935119887145,0,0.015363128491618694,-0.04888268156424713,R1_baseline,
2025-08-21,KRW-BERA,bull_quiet,3,2,0.27197481930519934,0.33321674245074034,0.048035443628308264,0.04325017486593612,-0.043675717077809977,0.8162099458294944,35.0,-0.0315,sl,-0.08356049715483677,0,0.02837307576214876,-0.0811952912767887,R1_baseline,
2025-08-21,KRW-KAITO,bull_quiet,3,3,0.27197481930519934,0.33321674245074034,0.08871531825600373,0.1318489158311961,-0.043675717077809977,0.8162099458294944,38.0,-0.0315,sl,-0.0550601764335224,0,0.003783102143757322,-0.059899117276167035,R1_baseline,
2025-08-22,KRW-CYBER,bull_quiet,3,1,0.27197481930519934,0.4397295406854745,0.08871531825600373,0.04325017486593612,-0.05326459815786506,0.6185047720042418,30.0,-0.0315,sl,0.06805380577427816,0,0.07250250584697593,-0.01403274306715696,R1_baseline,
2025-08-22,KRW-BERA,bull_quiet,3,2,0.13767778036838424,0.33321674245074034,0.048035443628308264,0.01877113209746998,-0.043675717077809977,0.4131778594190454,27.0,0.0485,tp,0.08561256117455135,0,0.09974176888315012,-0.037120723047127435,R1_baseline,
2025-08-22,KRW-MNT,bull_quiet,3,3,0.13767778036838424,0.33321674245074034,0.048035443628308264,0.01877113209746998,-0.043675717077809977,0.4131778594190454,20.0,0.0485,tp,0.0410043078690408,0,0.05223880597014863,-0.01205510907003493,R1_baseline,
2025-08-23,KRW-BTT,bull_quiet,3,1,0.033457682443460014,0.0186523665190021,0.00011657729074376311,0.00023315458148752622,-0.015779826600972623,1.79375,52.0,0.0485,tp,-0.0015,0,0.09341825786261349,-0.0010615721857095695,R1_baseline,
2025-08-23,KRW-GMT,bull_quiet,3,2,0.06458381907204476,0.05619025413849382,0.0009326183259501049,0.008277952664101668,-0.021121146208714376,1.1493775933609958,97.0,-0.016205882352941237,eod,-0.016205882352941237,0,0.00488599348532559,-0.030944625407181903,R1_baseline,
2025-08-23,KRW-MOVE,bull_quiet,3,3,0.06458381907204476,0.05619025413849382,0.0009326183259501049,0.0011657729074376311,-0.021121146208714376,1.1493775933609958,56.0,-0.0315,sl,-0.012252688172043,0,0.010752688172037672,-0.03225806451613422,R1_baseline,
2025-08-24,KRW-DRIFT,bull_quiet,3,1,0.27197481930519934,0.21919085927480472,0.01235719281883889,0.04325017486593612,-0.034545858061190766,1.2408127793514334,36.0,0.0485,tp,0.015124040920716121,0,0.058449809402794095,-0.017789072426939057,R1_baseline,
2025-08-24,KRW-LAYER,bull_quiet,3,2,0.022615994404290043,0.0186523665190021,0.0009326183259501049,0.00023315458148752622,-0.015779826600972623,1.2125,61.0,-0.0315,sl,-0.02253960396039606,0,0.038605230386050904,-0.031133250311333738,R1_baseline,
2025-08-24,KRW-BLAST,bull_quiet,3,3,0.04488748979829777,0.05619025413849382,0.0009326183259501049,0.0011657729074376311,-0.021121146208714376,0.7988483142941872,87.0,-0.0315,sl,-0.03805352480417762,0,0.007853403141097504,-0.04450261780129727,R1_baseline,
2025-08-25,KRW-W,bull_quiet,3,1,0.06458381907204476,0.09245656989623412,0.01235719281883889,0.003031009559337841,-0.025007406332421222,0.6985314201524941,91.0,-0.0315,sl,-0.1243070175438597,0,0.01754385964911398,-0.13070175438597254,R1_baseline,
2025-08-25,KRW-EGLD,bull_quiet,3,2,0.08837588900547977,0.1327815341571462,0.01235719281883889,0.01119141991140126,-0.027979605456093983,0.6655736399376694,87.0,-0.0315,sl,-0.0859424047728316,0,0.011959521619135272,-0.08279668813247465,R1_baseline,
2025-08-25,KRW-BTT,bull_quiet,3,3,0.011892270024484085,0.0186523665190021,0.0031479538300104933,0.00023315458148752622,-0.015779826600972623,0.637574326687653,61.0,-0.0315,sl,-0.04863114754098358,0,0.061394379748809236,-0.040582727325096046,R1_baseline,
2025-08-26,KRW-ONG,bull_quiet,3,1,0.27197481930519934,0.6774306365120074,0.08871531825600373,0.1318489158311961,-0.07631394352628397,0.4014799518155223,12.0,-0.0315,sl,-0.04661278195488722,0,-3.6637359812630166e-15,-0.08992805755396016,R1_baseline,
2025-08-26,KRW-API3,bull_quiet,3,2,0.27197481930519934,0.6774306365120074,0.2853812077407321,0.04325017486593612,-0.07631394352628397,0.4014799518155223,22.0,-0.0315,sl,-0.022463172804532527,0,0.0011254924029258095,-0.04445694991558857,R1_baseline,
2025-08-26,KRW-ARB,bull_quiet,3,3,0.27197481930519934,0.6774306365120074,0.2853812077407321,0.1318489158311961,-0.07631394352628397,0.4014799518155223,15.0,0.0485,tp,0.009458904109588996,0,0.05327868852458861,-0.009562841530056043,R1_baseline,
2025-08-27,KRW-ID,bull_quiet,3,1,0.27197481930519934,0.2683609232921427,0.02168590416229451,0.1318489158311961,-0.03797652396585388,1.0134665508253693,35.0,-0.018967248908296985,eod,-0.018967248908296985,0,-4.218847493575595e-15,-0.04700854700855106,R1_baseline,
2025-08-27,KRW-ARB,bull_quiet,3,2,0.27197481930519934,0.33321674245074034,0.048035443628308264,0.01877113209746998,-0.043675717077809977,0.8162099458294944,14.0,-0.0315,sl,-0.03808536585365857,0,0.0013440860215039319,-0.06586021505376471,R1_baseline,
2025-08-27,KRW-LPT,bull_quiet,3,3,0.27197481930519934,0.33321674245074034,0.048035443628308264,0.1318489158311961,-0.043675717077809977,0.8162099458294944,47.0,0.0485,tp,0.206410208444682,1,0.30148619957537126,-0.02494692144373689,R1_baseline,
2025-08-28,KRW-API3,bull_quiet,3,1,0.27197481930519934,0.33321674245074034,0.08871531825600373,0.01119141991140126,-0.043675717077809977,0.8162099458294944,27.0,-0.0315,sl,-0.011103841536614643,0,0.006551518761166886,-0.0452650387135205,R1_baseline,
2025-08-28,KRW-SYRUP,bull_quiet,3,2,0.27197481930519934,0.4397295406854745,0.08871531825600373,0.1318489158311961,-0.05326459815786506,0.6185047720042418,14.0,-0.0315,sl,-0.014300000000000033,0,0.06158833063208902,-0.025931928687197736,R1_baseline,
2025-08-28,KRW-RAY,bull_quiet,3,3,0.13767778036838424,0.2683609232921427,0.048035443628308264,0.1318489158311961,-0.03797652396585388,0.5130321459600348,16.0,0.0485,tp,0.02560551790900295,0,0.12027833001988042,-0.001988071570576677,R1_baseline,
2025-08-29,KRW-CARV,bull_quiet,3,1,0.27197481930519934,0.21919085927480472,0.01235719281883889,0.01877113209746998,-0.034545858061190766,1.2408127793514334,36.0,-0.0315,sl,-0.0336100917431193,0,0.015837104072395913,-0.05882352941176694,R1_baseline,
2025-08-29,KRW-ZETA,bull_quiet,3,2,0.27197481930519934,0.33321674245074034,0.032058754954534856,0.1318489158311961,-0.043675717077809977,0.8162099458294944,59.0,0.0485,tp,-0.057640350877192936,0,0.06993006993006601,-0.06993006993007322,R1_baseline,
2025-08-29,KRW-W,bull_quiet,3,3,0.27197481930519934,0.33321674245074034,0.048035443628308264,0.1318489158311961,-0.043675717077809977,0.8162099458294944,20.0,0.0485,tp,0.03389823008849563,1,0.29473684210525186,-0.03508771929825405,R1_baseline,
2025-08-30,KRW-SYRUP,bull_quiet,3,1,0.27197481930519934,0.33321674245074034,0.048035443628308264,0.1318489158311961,-0.043675717077809977,0.8162099458294944,26.0,0.0485,tp,0.03653486529318545,0,0.040498442367599585,-0.03271028037383328,R1_baseline,
2025-08-30,KRW-ZETA,bull_quiet,3,2,0.27197481930519934,0.33321674245074034,0.08871531825600373,0.04325017486593612,-0.043675717077809977,0.8162099458294944,43.0,-0.00893494423791824,eod,-0.00893494423791824,0,0.018587360594791713,-0.02973977695167651,R1_baseline,
2025-08-30,KRW-API3,bull_quiet,3,3,0.27197481930519934,0.4397295406854745,0.048035443628308264,0.01877113209746998,-0.05326459815786506,0.6185047720042418,41.0,-0.0015,eod,-0.0015,0,0.008269720101780509,-0.02798982188295218,R1_baseline,
2025-08-31,KRW-POL,bull_quiet,3,1,0.13767778036838424,0.21919085927480472,0.032058754954534856,0.1318489158311961,-0.034545858061190766,0.628118256499804,27.0,0.0485,tp,0.0657268907563025,0,0.15598885793871542,-0.022284122562676867,R1_baseline,
2025-08-31,KRW-W,bull_quiet,3,2,0.27197481930519934,0.4397295406854745,0.08871531825600373,0.1318489158311961,-0.05326459815786506,0.6185047720042418,15.0,-0.0315,sl,-0.05028048780487809,0,-7.993605777301127e-15,-0.07258064516129781,R1_baseline,
2025-08-31,KRW-AGLD,bull_quiet,3,3,0.13767778036838424,0.2683609232921427,0.032058754954534856,0.1318489158311961,-0.03797652396585388,0.5130321459600348,33.0,-0.0315,sl,-0.05205611729019216,0,0.0070493454179243464,-0.04733131923464351,R1_baseline,
2025-09-01,KRW-ZRX,bull_quiet,3,1,0.13767778036838424,0.2683609232921427,0.02168590416229451,0.1318489158311961,-0.03797652396585388,0.5130321459600348,31.0,0.0485,tp,-0.04533561643835621,0,0.10569105691056602,-0.05420054200542268,R1_baseline,
2025-09-01,KRW-ID,bull_quiet,3,2,0.13767778036838424,0.2683609232921427,0.032058754954534856,0.01877113209746998,-0.03797652396585388,0.5130321459600348,59.0,-0.0315,sl,-0.028166666666666618,0,0.013215859030832666,-0.0528634361233522,R1_baseline,
2025-09-01,KRW-LPT,bull_quiet,3,3,0.13767778036838424,0.33321674245074034,0.032058754954534856,0.04325017486593612,-0.043675717077809977,0.4131778594190454,37.0,-0.0315,sl,-0.02795502645502651,0,0.004181913225300482,-0.05175117616309477,R1_baseline,
2025-09-02,KRW-LPT,bull_quiet,3,1,0.13767778036838424,0.2683609232921427,0.01235719281883889,0.008277952664101668,-0.03797652396585388,0.5130321459600348,90.0,0.014786644951140073,eod,0.014786644951140073,0,0.029252437703141787,-0.010834236186349044,R1_baseline,
2025-09-02,KRW-SYRUP,bull_quiet,3,2,0.13767778036838424,0.33321674245074034,0.048035443628308264,0.04325017486593612,-0.043675717077809977,0.4131778594190454,19.0,0.01950161550888524,eod,0.01950161550888524,0,0.028662420382163933,-0.030254777070065297,R1_baseline,
2025-09-02,KRW-ONT,bull_quiet,3,3,0.13767778036838424,0.33321674245074034,0.08871531825600373,0.04325017486593612,-0.043675717077809977,0.4131778594190454,68.0,-0.0015,eod,-0.0015,0,0.010256410256405113,-0.025641025641030657,R1_baseline,
2025-09-03,KRW-BEAM,bull_quiet,3,1,0.27197481930519934,0.2683609232921427,0.032058754954534856,0.04325017486593612,-0.03797652396585388,1.0134665508253693,24.0,-0.021107843137254834,eod,-0.021107843137254834,0,0.009900990098909768,-0.018811881188215973,R1_baseline,
2025-09-03,KRW-POL,bull_quiet,3,2,0.27197481930519934,0.33321674245074034,0.048035443628308264,0.1318489158311961,-0.043675717077809977,0.8162099458294944,9.0,-0.0315,sl,-0.03383830845771146,0,0.027363184079599367,-0.032338308457713905,R1_baseline,
2025-09-03,KRW-AERGO,bull_quiet,3,3,0.27197481930519934,0.4397295406854745,0.048035443628308264,0.04325017486593612,-0.05326459815786506,0.6185047720042418,10.0,-0.0315,sl,-0.062475609756097616,0,0.005952380952374936,-0.07738095238095788,R1_baseline,
2025-09-04,KRW-SYRUP,bull_quiet,3,1,0.27197481930519934,0.33321674245074034,0.048035443628308264,0.1318489158311961,-0.043675717077809977,0.8162099458294944,22.0,-0.0315,sl,-0.02050584795321636,0,0.027616279069765826,-0.04215116279069908,R1_baseline,
2025-09-04,KRW-AERO,bull_quiet,3,2,0.08837588900547977,0.1327815341571462,0.01235719281883889,0.01119141991140126,-0.027979605456093983,0.6655736399376694,88.0,-0.0315,sl,-0.006512531328320801,0,0.021303258145362935,-0.04824561403508831,R1_baseline,
2025-09-04,KRW-LPT,bull_quiet,3,3,0.13767778036838424,0.21919085927480472,0.01235719281883889,0.04325017486593612,-0.034545858061190766,0.628118256499804,54.0,-0.0315,sl,-0.04600127877237853,0,-2.220446049250313e-16,-0.07502517623363558,R1_baseline,
2025-09-05,KRW-PYTH,bull_quiet,3,1,0.27197481930519934,0.4397295406854745,0.08871531825600373,0.04325017486593612,-0.05326459815786506,0.6185047720042418,19.0,0.003284688995215225,eod,0.003284688995215225,0,0.03365384615384115,-0.024038461538466227,R1_baseline,
2025-09-05,KRW-QTUM,bull_quiet,3,2,0.27197481930519934,0.4397295406854745,0.2853812077407321,0.1318489158311961,-0.05326459815786506,0.6185047720042418,7.0,-0.01119855832241151,eod,-0.01119855832241151,0,0.01841286307053913,-0.03215767634854794,R1_baseline,
2025-09-05,KRW-PUNDIX,bull_quiet,3,3,0.13767778036838424,0.33321674245074034,0.032058754954534856,0.1318489158311961,-0.043675717077809977,0.4131778594190454,14.0,-0.0015,eod,-0.0015,0,0.013667425968106883,-0.034168564920275646,R1_baseline,
2025-09-06,KRW-SYRUP,bull_quiet,3,1,0.27197481930519934,0.2683609232921427,0.048035443628308264,0.1318489158311961,-0.03797652396585388,1.0134665508253693,13.0,-0.0315,sl,-0.03612603878116344,0,0.058321479374109364,-0.018492176386914694,R1_baseline,
2025-09-06,KRW-ZRX,bull_quiet,3,2,0.13767778036838424,0.1750990906971322,0.01235719281883889,0.04325017486593612,-0.031282977055829594,0.7862849533954727,50.0,-0.0015,eod,-0.0015,0,0.036939313984166056,-0.010554089709765235,R1_baseline,
2025-09-06,KRW-AXL,bull_quiet,3,3,0.08837588900547977,0.1327815341571462,0.02168590416229451,0.008277952664101668,-0.027979605456093983,0.6655736399376694,41.0,-0.011069377990430672,eod,-0.011069377990430672,0,0.0023752969121115797,-0.02137767220902853,R1_baseline,
2025-09-07,KRW-LPT,bull_quiet,3,1,0.13767778036838424,0.21919085927480472,0.032058754954534856,0.01119141991140126,-0.034545858061190766,0.628118256499804,20.0,-0.0315,sl,-0.03150000000000003,0,0.03901437371663219,-0.0071868583162219,R1_baseline,
2025-09-07,KRW-WLFI,bull_quiet,3,2,0.27197481930519934,0.4397295406854745,0.2853812077407321,0.1318489158311961,-0.05326459815786506,0.6185047720042418,1.0,0.0485,tp,0.038235099337748324,0,0.12871287128712483,-0.00990099009901324,R1_baseline,
2025-09-07,KRW-SYRUP,bull_quiet,3,3,0.13767778036838424,0.2683609232921427,0.048035443628308264,0.01877113209746998,-0.03797652396585388,0.5130321459600348,12.0,-0.0315,sl,-0.021586083213773366,0,0.02014388489208474,-0.030215827338130885,R1_baseline,
2025-09-08,KRW-FIL,bull_quiet,3,1,0.08837588900547977,0.1327815341571462,0.0031479538300104933,0.008277952664101668,-0.027979605456093983,0.6655736399376694,49.0,0.021916391474031738,eod,0.021916391474031738,0,0.02933253516911072,-0.006285543250524106,R1_baseline,
2025-09-08,KRW-TRX,bull_quiet,3,2,0.011892270024484085,0.0186523665190021,0.00011657729074376311,0.0,-0.015779826600972623,0.637574326687653,21.0,-0.0015,eod,-0.0015,0,0.008658008658006366,-0.006493506493508661,R1_baseline,
2025-09-08,KRW-TREE,bull_quiet,3,3,0.27197481930519934,0.4397295406854745,0.08871531825600373,0.1318489158311961,-0.05326459815786506,0.6185047720042418,10.0,-0.0315,sl,-0.041165970772442606,0,0.020746887966802907,-0.056016597510375465,R1_baseline,
2025-09-09,KRW-BLAST,bull_quiet,3,1,0.033457682443460014,0.0186523665190021,0.00011657729074376311,0.00023315458148752622,-0.015779826600972623,1.79375,87.0,0.013162756598240457,eod,0.013162756598240457,0,0.03235294117616694,-0.011764705882643667,R1_baseline,
2025-09-09,KRW-ANIME,bull_quiet,3,2,0.022615994404290043,0.0186523665190021,0.00011657729074376311,0.00023315458148752622,-0.015779826600972623,1.2125,90.0,0.0030871559633026137,eod,0.0030871559633026137,0,0.03686635944695693,-0.004608294930921297,R1_baseline,
2025-09-09,KRW-WAVES,bull_quiet,3,3,0.022615994404290043,0.0186523665190021,0.00011657729074376311,0.0,-0.015779826600972623,1.2125,63.0,-0.006595541401273884,eod,-0.006595541401273884,0,0.011479591836734082,-0.01084183673469441,R1_baseline,
2025-09-10,KRW-GRT,bull_quiet,3,1,0.27197481930519934,0.33321674245074034,0.007227792026113313,0.1318489158311961,-0.043675717077809977,0.8162099458294944,53.0,-0.0315,sl,-0.02308273381294962,0,0.007194244604309397,-0.035971223021589616,R1_baseline,
2025-09-10,KRW-AXL,bull_quiet,3,2,0.27197481930519934,0.33321674245074034,0.01235719281883889,0.1318489158311961,-0.043675717077809977,0.8162099458294944,20.0,0.020722222222222142,eod,0.020722222222222142,0,0.044247787610617095,-0.017699115044250036,R1_baseline,
2025-09-10,KRW-TIA,bull_quiet,3,3,0.27197481930519934,0.33321674245074034,0.02168590416229451,0.1318489158311961,-0.043675717077809977,0.8162099458294944,47.0,-0.0315,sl,-0.018748295226634626,0,0.007936507936507464,-0.04365079365079405,R1_baseline,
2025-09-11,KRW-WAVES,bull_quiet,3,1,0.022615994404290043,0.0186523665190021,0.00011657729074376311,0.0,-0.015779826600972623,1.2125,93.0,0.0010542784163474774,eod,0.0010542784163474774,0,0.0057288351368549595,-0.008274984086569681,R1_baseline,
2025-09-11,KRW-CTC,bull_quiet,3,2,0.022615994404290043,0.0186523665190021,0.0009326183259501049,0.0003497726477789437,-0.015779826600972623,1.2125,57.0,0.02067036172695441,eod,0.02067036172695441,0,0.035005834305716466,-0.008168028004668648,R1_baseline,
2025-09-11,KRW-PENDLE,bull_quiet,3,3,0.022615994404290043,0.0186523665190021,0.0009326183259501049,0.0003497726477789437,-0.015779826600972623,1.2125,85.0,0.0485,tp,0.10083258088788566,0,0.11601796407185616,-0.006736526946107935,R1_baseline,
2025-09-12,KRW-CYBER,bull_quiet,3,1,0.022615994404290043,0.0186523665190021,0.00011657729074376311,0.0003497726477789437,-0.015779826600972623,1.2125,81.0,0.005107073455110691,eod,0.005107073455110691,0,0.012470771628994237,-0.021044427123928622,R1_baseline,
2025-09-12,KRW-ID,bull_quiet,3,2,0.022615994404290043,0.0186523665190021,0.00011657729074376311,0.003031009559337841,-0.015779826600972623,1.2125,100.0,0.015816017316017394,eod,0.015816017316017394,0,0.017316017316012955,-0.01298701298701721,R1_baseline,
2025-09-12,KRW-JTO,bull_quiet,3,3,0.022615994404290043,0.0186523665190021,0.00011657729074376311,0.00023315458148752622,-0.015779826600972623,1.2125,97.0,-0.0315,sl,0.07680151928320994,0,0.10440202571094614,-0.030775223996883816,R1_baseline,
2025-09-13,KRW-A,bull_quiet,3,1,0.033457682443460014,0.0186523665190021,0.00011657729074376311,0.0011657729074376311,-0.015779826600972623,1.79375,39.0,0.022133677991137468,eod,0.022133677991137468,0,0.01769911504424626,-0.00737463126843807,R1_baseline,
2025-09-13,KRW-GMT,bull_quiet,3,2,0.022615994404290043,0.0186523665190021,0.00011657729074376311,0.00023315458148752622,-0.015779826600972623,1.2125,93.0,0.014525641025640969,eod,0.014525641025640969,0,0.0207999999999835,-0.012800000000015799,R1_baseline,
2025-09-13,KRW-ME,bull_quiet,3,3,0.022615994404290043,0.0186523665190021,0.00011657729074376311,0.0,-0.015779826600972623,1.2125,76.0,0.021993360572012233,eod,0.021993360572012233,0,0.026476578411404272,-0.009164969450102811,R1_baseline,
2025-09-14,KRW-ERA,bull_quiet,3,1,0.022615994404290043,0.0186523665190021,0.00011657729074376311,0.00023315458148752622,-0.015779826600972623,1.2125,86.0,-0.0315,sl,-0.015453488372092981,0,0.016713091922004653,-0.03435468895079008,R1_baseline,
2025-09-14,KRW-NEO,bull_quiet,3,2,0.022615994404290043,0.0186523665190021,0.00011657729074376311,0.0,-0.015779826600972623,1.2125,75.0,-0.0315,sl,-0.027501040041601643,0,0.0010395010395007898,-0.03586278586278602,R1_baseline,
2025-09-14,KRW-POKT,bull_quiet,3,3,0.022615994404290043,0.0186523665190021,0.00011657729074376311,0.0003497726477789437,-0.015779826600972623,1.2125,73.0,-0.003596436058700246,eod,-0.003596436058700246,0,-2.0761170560490427e-14,-0.022821576763505824,R1_baseline,
2025-09-15,KRW-ARKM,bull_quiet,3,1,0.13767778036838424,0.21919085927480472,0.02168590416229451,0.008277952664101668,-0.034545858061190766,0.628118256499804,85.0,-0.0315,sl,-0.05365419501133789,0,0.042093287827075,-0.07053469852104777,R1_baseline,
2025-09-15,KRW-KAITO,bull_quiet,3,2,0.13767778036838424,0.2683609232921427,0.01235719281883889,0.008277952664101668,-0.03797652396585388,0.5130321459600348,72.0,-0.0315,sl,-0.06043074119076547,0,0.019536019536019023,-0.0671550671550677,R1_baseline,
2025-09-15,KRW-IMX,bull_quiet,3,3,0.13767778036838424,0.33321674245074034,0.02168590416229451,0.04325017486593612,-0.043675717077809977,0.4131778594190454,65.0,-0.0315,sl,-0.025702420242024238,0,0.057906458797326144,-0.05122494432071378,R1_baseline,
2025-09-16,KRW-WLD,bull_quiet,3,1,0.27197481930519934,0.33321674245074034,0.048035443628308264,0.01877113209746998,-0.043675717077809977,0.8162099458294944,17.0,0.0485,tp,-0.004361230329041508,0,0.06211474632527225,-0.01612138454243761,R1_baseline,
2025-09-16,KRW-AERO,bull_quiet,3,2,0.27197481930519934,0.4397295406854745,0.08871531825600373,0.1318489158311961,-0.05326459815786506,0.6185047720042418,20.0,-0.0315,sl,-0.030534059184812945,0,0.0038631346578361647,-0.08940397350993423,R1_baseline,
2025-09-16,KRW-MNT,bull_quiet,3,3,0.27197481930519934,0.4397295406854745,0.08871531825600373,0.04325017486593612,-0.05326459815786506,0.6185047720042418,37.0,0.0485,tp,0.06044690265486735,0,0.08472344161545164,-0.022827041264267267,R1_baseline,
2025-09-17,KRW-DRIFT,bull_quiet,3,1,0.27197481930519934,0.33321674245074034,0.032058754954534856,0.1318489158311961,-0.043675717077809977,0.8162099458294944,38.0,0.0485,tp,0.2439642475987192,1,0.28571428571428426,-0.04201680672269015,R1_baseline,
2025-09-17,KRW-OPEN,bull_quiet,3,2,0.27197481930519934,0.33321674245074034,0.048035443628308264,0.01877113209746998,-0.043675717077809977,0.8162099458294944,32.0,-0.0315,sl,-0.01231530782029949,0,0.013245033112581961,-0.05132450331125904,R1_baseline,
2025-09-17,KRW-WLD,bull_quiet,3,3,0.27197481930519934,0.33321674245074034,0.048035443628308264,0.008277952664101668,-0.043675717077809977,0.8162099458294944,20.0,0.0485,tp,0.052489488772097526,0,0.06377915278438784,-0.02189433603046209,R1_baseline,
2025-09-18,KRW-BONK,bull_quiet,3,1,0.27197481930519934,0.21919085927480472,0.02168590416229451,0.04325017486593612,-0.034545858061190766,1.2408127793514334,41.0,-0.0315,sl,-0.007165722379603388,0,0.01699716711000021,-0.036827195494707254,R1_baseline,
2025-09-18,KRW-QTUM,bull_quiet,3,2,0.022615994404290043,0.0186523665190021,0.00011657729074376311,0.0,-0.015779826600972623,1.2125,76.0,0.0016939605110336,eod,0.0016939605110336,0,0.007267441860464796,-0.010174418604651403,R1_baseline,
2025-09-18,KRW-WLD,bull_quiet,3,3,0.27197481930519934,0.2683609232921427,0.032058754954534856,0.01119141991140126,-0.03797652396585388,1.0134665508253693,22.0,0.0485,tp,0.0007634676324129188,0,0.061795218764095106,-0.02300405953991924,R1_baseline,
2025-09-19,KRW-API3,bull_quiet,3,1,0.033457682443460014,0.0186523665190021,0.00011657729074376311,0.0003497726477789437,-0.015779826600972623,1.79375,88.0,-0.0315,sl,-0.03600862715678915,0,0.007535795026374581,-0.03843255463451456,R1_baseline,
2025-09-19,KRW-QTUM,bull_quiet,3,2,0.022615994404290043,0.0186523665190021,0.0009326183259501049,0.0,-0.015779826600972623,1.2125,82.0,-0.0315,sl,-0.02783101851851849,0,0.005797101449275033,-0.032463768115942315,R1_baseline,
2025-09-19,KRW-SYRUP,bull_quiet,3,3,0.022615994404290043,0.0186523665190021,0.0009326183259501049,0.00023315458148752622,-0.015779826600972623,1.2125,83.0,-0.0315,sl,-0.03537096774193543,0,0.008064516129030697,-0.04193548387096935,R1_baseline,
2025-09-20,KRW-BEAM,bull_quiet,3,1,0.27197481930519934,0.33321674245074034,0.032058754954534856,0.1318489158311961,-0.043675717077809977,0.8162099458294944,26.0,-0.0315,sl,-0.019043859649122863,0,-8.693046282814976e-14,-0.043478260869648455,R1_baseline,
2025-09-20,KRW-ATH,bull_quiet,3,2,0.27197481930519934,0.4397295406854745,0.08871531825600373,0.01877113209746998,-0.05326459815786506,0.6185047720042418,24.0,-0.00846864111498252,eod,-0.00846864111498252,0,0.03456221198155496,-0.02073732718895127,R1_baseline,
2025-09-20,KRW-FLOCK,bull_quiet,3,3,0.27197481930519934,0.4397295406854745,0.08871531825600373,0.04325017486593612,-0.05326459815786506,0.6185047720042418,65.0,0.0485,tp,0.022517467248908185,0,0.0498915401301494,-0.030368763557485856,R1_baseline,
2025-09-21,KRW-SIGN,bull_quiet,3,1,0.27197481930519934,0.33321674245074034,0.01235719281883889,0.1318489158311961,-0.043675717077809977,0.8162099458294944,36.0,0.007047008547008517,eod,0.007047008547008517,0,0.025210084033604918,-0.03361344537815936,R1_baseline,
2025-09-21,KRW-IMX,bull_quiet,3,2,0.27197481930519934,0.33321674245074034,0.032058754954534856,0.04325017486593612,-0.043675717077809977,0.8162099458294944,39.0,-0.0315,sl,-0.047517699115044276,0,0.003542958370238436,-0.051372896368468424,R1_baseline,
2025-09-21,KRW-ATH,bull_quiet,3,3,0.27197481930519934,0.4397295406854745,0.048035443628308264,0.01877113209746998,-0.05326459815786506,0.6185047720042418,25.0,-0.0315,sl,-0.037757309941520434,0,0.0011655011654896352,-0.045454545454556405,R1_baseline,
2025-09-22,KRW-IMX,bull_quiet,3,1,0.27197481930519934,0.2683609232921427,0.032058754954534856,0.01877113209746998,-0.03797652396585388,1.0134665508253693,58.0,-0.0315,sl,-0.0917325581395349,0,0.011080332409971527,-0.10249307479224457,R1_baseline,
2025-09-22,KRW-DRIFT,bull_quiet,3,2,0.27197481930519934,0.33321674245074034,0.08871531825600373,0.04325017486593612,-0.043675717077809977,0.8162099458294944,33.0,0.0485,tp,-0.0718389830508474,0,0.09306409130816418,-0.1299385425812123,R1_baseline,
2025-09-22,KRW-CYBER,bull_quiet,3,3,0.13767778036838424,0.21919085927480472,0.01235719281883889,0.04325017486593612,-0.034545858061190766,0.628118256499804,23.0,-0.0315,sl,-0.08595815657539535,0,0.0022857142857140023,-0.14095238095238127,R1_baseline,
2025-09-23,KRW-AVAX,bull_quiet,3,1,0.27197481930519934,0.33321674245074034,0.032058754954534856,0.1318489158311961,-0.043675717077809977,0.8162099458294944,19.0,-0.0315,sl,-0.01645288816058993,0,0.06323620582765033,-0.03719776813391196,R1_baseline,
2025-09-23,KRW-IMX,bull_quiet,3,2,0.27197481930519934,0.33321674245074034,0.08871531825600373,0.04325017486593612,-0.043675717077809977,0.8162099458294944,81.0,-0.0315,sl,-0.011724948875255601,0,0.013306038894574268,-0.04503582395087102,R1_baseline,
2025-09-23,KRW-CRO,bull_quiet,3,3,0.13767778036838424,0.21919085927480472,0.02168590416229451,0.01119141991140126,-0.034545858061190766,0.628118256499804,64.0,-0.0315,sl,-0.024755813953488415,0,0.013114754098357162,-0.0459016393442655,R1_baseline,
2025-09-24,KRW-W,bull_quiet,3,1,0.27197481930519934,0.33321674245074034,0.048035443628308264,0.04325017486593612,-0.043675717077809977,0.8162099458294944,37.0,-0.0315,sl,0.04745104895104896,0,0.11267605633802047,-0.028169014084513888,R1_baseline,
2025-09-24,KRW-DRIFT,bull_quiet,3,2,0.27197481930519934,0.33321674245074034,0.08871531825600373,0.04325017486593612,-0.043675717077809977,0.8162099458294944,38.0,-0.0315,sl,0.1270296981499513,0,0.182261208576997,-0.03313840155945502,R1_baseline,
2025-09-24,KRW-GAME2,bull_quiet,3,3,0.27197481930519934,0.4397295406854745,0.048035443628308264,0.1318489158311961,-0.05326459815786506,0.6185047720042418,14.0,-0.0315,sl,-0.03159259259259256,0,0.0022624434386873116,-0.05882352941197766,R1_baseline,
2025-09-25,KRW-W,bull_quiet,3,1,0.27197481930519934,0.33321674245074034,0.032058754954534856,0.04325017486593612,-0.043675717077809977,0.8162099458294944,36.0,-0.0315,sl,-0.0015,0,0.03973509933774144,-0.0927152317880855,R1_baseline,
2025-09-25,KRW-BERA,bull_quiet,3,2,0.27197481930519934,0.33321674245074034,0.048035443628308264,0.1318489158311961,-0.043675717077809977,0.8162099458294944,24.0,-0.0315,sl,-0.07508294331773274,0,0.011600928074245731,-0.08894044856921912,R1_baseline,
2025-09-25,KRW-IMX,bull_quiet,3,3,0.27197481930519934,0.4397295406854745,0.048035443628308264,0.04325017486593612,-0.05326459815786506,0.6185047720042418,28.0,0.0485,tp,-0.031538759689922535,0,0.07246376811594102,-0.04057971014492834,R1_baseline,
2025-09-26,KRW-GAME2,bull_quiet,3,1,0.13767778036838424,0.21919085927480472,0.032058754954534856,0.04325017486593612,-0.034545858061190766,0.628118256499804,71.0,-0.011001187648456088,eod,-0.011001187648456088,0,0.004672897196026815,-0.044392523364709335,R1_baseline,
2025-09-26,KRW-ATH,bull_quiet,3,2,0.27197481930519934,0.6774306365120074,0.2853812077407321,0.04325017486593612,-0.07631394352628397,0.4014799518155223,22.0,-0.0315,sl,0.029378859857482065,0,0.07913669064746909,-0.051558752997613366,R1_baseline,
2025-09-26,KRW-AVNT,bull_quiet,3,3,0.27197481930519934,0.6774306365120074,0.2853812077407321,0.1318489158311961,-0.07631394352628397,0.4014799518155223,4.0,-0.0315,sl,0.07029930795847755,0,0.10610653962754402,-0.09051537462104842,R1_baseline,
2025-09-27,KRW-BERA,bull_quiet,3,1,0.27197481930519934,0.2683609232921427,0.032058754954534856,0.1318489158311961,-0.03797652396585388,1.0134665508253693,37.0,-0.0056666666666666515,eod,-0.0056666666666666515,0,0.034635416666666474,-0.02682291666666692,R1_baseline,
2025-09-27,KRW-PUMP,bull_quiet,3,2,0.27197481930519934,0.33321674245074034,0.02168590416229451,0.04325017486593612,-0.043675717077809977,0.8162099458294944,32.0,-0.0315,sl,-0.017394039735099398,0,0.009210526315656775,-0.0684210526317015,R1_baseline,
2025-09-27,KRW-HOLO,bull_quiet,3,3,0.27197481930519934,0.33321674245074034,0.048035443628308264,0.01119141991140126,-0.043675717077809977,0.8162099458294944,27.0,-0.0315,sl,-0.017165796344647488,0,0.0025906735751268783,-0.04145077720207513,R1_baseline,
2025-09-28,KRW-IMX,bull_quiet,3,1,0.27197481930519934,0.4397295406854745,0.08871531825600373,0.1318489158311961,-0.05326459815786506,0.6185047720042418,19.0,-0.0315,sl,0.00473885918003575,0,0.013157894736841369,-0.06315789473684286,R1_baseline,
2025-09-28,KRW-OPEN,bull_quiet,3,2,0.27197481930519934,0.4397295406854745,0.08871531825600373,0.1318489158311961,-0.05326459815786506,0.6185047720042418,39.0,-0.0315,sl,-0.012950381679389276,0,-1.3322676295501878e-15,-0.05276381909547856,R1_baseline,
2025-09-28,KRW-XPL,bull_quiet,3,3,0.27197481930519934,0.4397295406854745,0.2853812077407321,0.1318489158311961,-0.05326459815786506,0.6185047720042418,1.0,0.0485,tp,-0.09272203098106707,0,0.04353393085787416,-0.16559965855740533,R1_baseline,
2025-09-29,KRW-BERA,bull_quiet,3,1,0.27197481930519934,0.33321674245074034,0.032058754954534856,0.1318489158311961,-0.043675717077809977,0.8162099458294944,23.0,-0.0315,sl,-0.028480623007113126,0,0.03684724255734473,-0.03928745729624228,R1_baseline,
2025-09-29,KRW-LA,bull_quiet,3,2,0.27197481930519934,0.33321674245074034,0.032058754954534856,0.01119141991140126,-0.043675717077809977,0.8162099458294944,43.0,-0.0315,sl,-0.09047485493230173,0,0.0019083969465629735,-0.1030534351145056,R1_baseline,
2025-09-29,KRW-OPEN,bull_quiet,3,3,0.27197481930519934,0.33321674245074034,0.032058754954534856,0.01119141991140126,-0.043675717077809977,0.8162099458294944,42.0,-0.0315,sl,-0.1563387096774193,0,-1.3322676295501878e-15,-0.17572692793931843,R1_baseline,
2025-09-30,KRW-FLOCK,bull_quiet,3,1,0.27197481930519934,0.33321674245074034,0.048035443628308264,0.04325017486593612,-0.043675717077809977,0.8162099458294944,58.0,-0.0315,sl,-0.04911904761904767,0,-2.55351295663786e-15,-0.06483790523691013,R1_baseline,
2025-09-30,KRW-PUMP,bull_quiet,3,2,0.27197481930519934,0.33321674245074034,0.048035443628308264,0.04325017486593612,-0.043675717077809977,0.8162099458294944,35.0,-0.0315,sl,0.04395454545454541,0,0.0914634146340132,-0.09024390243913527,R1_baseline,
2025-09-30,KRW-SUN,bull_quiet,3,3,0.27197481930519934,0.33321674245074034,0.048035443628308264,0.01877113209746998,-0.043675717077809977,0.8162099458294944,46.0,-0.007040166204986207,eod,-0.007040166204986207,0,0.030640668523648218,-0.005571030640696195,R1_baseline,
2025-10-01,KRW-PUMP,bull_quiet,3,1,0.27197481930519934,0.33321674245074034,0.048035443628308264,0.04325017486593612,-0.043675717077809977,0.8162099458294944,35.0,0.0485,tp,0.16653760282021152,0,0.19999999999985874,-0.016470588235409922,R1_baseline,
2025-10-01,KRW-STRAX,bull_quiet,3,2,0.011892270024484085,0.0186523665190021,0.01235719281883889,0.0003497726477789437,-0.015779826600972623,0.637574326687653,85.0,0.0485,tp,0.04514179104477606,0,0.04629629629627696,-0.025925925925944004,R1_baseline,
2025-10-01,KRW-BARD,bull_quiet,3,3,0.27197481930519934,0.4397295406854745,0.032058754954534856,0.04325017486593612,-0.05326459815786506,0.6185047720042418,22.0,-0.0315,sl,-0.009070022710068125,1,0.2045454545454537,-0.06515151515151585,R1_baseline,
2025-10-02,KRW-CBK,bull_quiet,3,1,0.022615994404290043,0.0186523665190021,0.00011657729074376311,0.0,-0.015779826600972623,1.2125,87.0,0.0013735632183907178,eod,0.0013735632183907178,0,0.01293103448275712,-0.022988505747127852,R1_baseline,
2025-10-02,KRW-BIGTIME,bull_quiet,3,2,0.022615994404290043,0.0186523665190021,0.0009326183259501049,0.0003497726477789437,-0.015779826600972623,1.2125,97.0,-7.34664764620572e-05,eod,-7.34664764620572e-05,0,0.022824536376590432,-0.015691868758929695,R1_baseline,
2025-10-02,KRW-QTUM,bull_quiet,3,3,0.022615994404290043,0.0186523665190021,0.0009326183259501049,0.00023315458148752622,-0.015779826600972623,1.2125,98.0,-0.00585458786936238,eod,-0.00585458786936238,0,0.020670216097713467,-0.010961478233636357,R1_baseline,
2025-10-03,KRW-API3,bull_quiet,3,1,0.022615994404290043,0.0186523665190021,0.00011657729074376311,0.008277952664101668,-0.015779826600972623,1.2125,99.0,0.02128702892199824,eod,0.02128702892199824,0,0.019097222222221433,-0.020833333333334147,R1_baseline,
2025-10-03,KRW-HBAR,bull_quiet,3,2,0.022615994404290043,0.0186523665190021,0.00011657729074376311,0.0,-0.015779826600972623,1.2125,39.0,-0.0015,eod,-0.0015,0,0.006191950464393026,-0.030959752321984446,R1_baseline,
2025-10-03,KRW-LAYER,bull_quiet,3,3,0.022615994404290043,0.0186523665190021,0.00011657729074376311,0.0011657729074376311,-0.015779826600972623,1.2125,96.0,0.006805647840531672,eod,0.006805647840531672,0,0.004926108374382565,-0.029556650246307048,R1_baseline,
2025-10-04,KRW-ASTR,bull_quiet,3,1,0.27197481930519934,0.21919085927480472,0.007227792026113313,0.04325017486593612,-0.034545858061190766,1.2408127793514334,69.0,-0.025238872403560986,eod,-0.025238872403560986,0,-2.930988785010413e-14,-0.04385964912283502,R1_baseline,
2025-10-04,KRW-BIGTIME,bull_quiet,3,2,0.022615994404290043,0.0186523665190021,0.00011657729074376311,0.003031009559337841,-0.015779826600972623,1.2125,68.0,-0.0315,sl,-0.0323988764044944,0,0.0028089887640310174,-0.040730337078665135,R1_baseline,
2025-10-04,KRW-BLUR,bull_quiet,3,3,0.022615994404290043,0.0186523665190021,0.00011657729074376311,0.0011657729074376311,-0.015779826600972623,1.2125,94.0,-0.0315,sl,-0.0372142857142857,0,0.008928571428562515,-0.05357142857143693,R1_baseline,
2025-10-05,KRW-BLUR,bull_quiet,3,1,0.011892270024484085,0.0186523665190021,0.0009326183259501049,0.0003497726477789437,-0.015779826600972623,0.637574326687653,94.0,-0.0107592592592593,eod,-0.0107592592592593,0,0.027777777777768353,-0.018518518518527594,R1_baseline,
2025-10-05,KRW-ZRO,bull_quiet,3,2,0.13767778036838424,0.21919085927480472,0.01235719281883889,0.01119141991140126,-0.034545858061190766,0.628118256499804,67.0,-0.001802023557837483,eod,-0.001802023557837483,0,0.01209555488357994,-0.027819776232234972,R1_baseline,
2025-10-05,KRW-AWE,bull_quiet,3,3,0.27197481930519934,0.4397295406854745,0.08871531825600373,0.1318489158311961,-0.05326459815786506,0.6185047720042418,17.0,-0.0315,sl,-0.020730769230769275,0,0.012658227848094894,-0.06329113924051222,R1_baseline,
2025-10-06,KRW-ZETA,bull_quiet,3,1,0.022615994404290043,0.0186523665190021,0.00011657729074376311,0.0011657729074376311,-0.015779826600972623,1.2125,85.0,0.0485,tp,0.11420247933884303,0,0.1111111111111065,-0.00823045267490119,R1_baseline,
2025-10-06,KRW-BLUR,bull_quiet,3,2,0.022615994404290043,0.0186523665190021,0.0009326183259501049,0.0003497726477789437,-0.015779826600972623,1.2125,81.0,0.01719158878504673,eod,0.01719158878504673,0,0.037383177570083914,-0.00934579439253258,R1_baseline,
2025-10-06,KRW-MIRA,bull_quiet,3,3,0.27197481930519934,0.33321674245074034,0.048035443628308264,0.01877113209746998,-0.043675717077809977,0.8162099458294944,14.0,-0.0315,sl,0.012404982618771822,0,0.022196261682241758,-0.04088785046729082,R1_baseline,
2025-10-07,KRW-BEAM,bull_quiet,3,1,0.27197481930519934,0.2683609232921427,0.032058754954534856,0.1318489158311961,-0.03797652396585388,1.0134665508253693,52.0,0.0485,tp,0.05276356589147274,0,0.10077519379836408,-0.007751937984573076,R1_baseline,
2025-10-07,KRW-FF,bull_quiet,3,2,0.27197481930519934,0.2683609232921427,0.032058754954534856,0.01877113209746998,-0.03797652396585388,1.0134665508253693,25.0,-0.0315,sl,-0.12317300380228141,0,0.026315789473680296,-0.15789473684210853,R1_baseline,
2025-10-07,KRW-ME,bull_quiet,3,3,0.04488748979829777,0.05619025413849382,0.0009326183259501049,0.003031009559337841,-0.021121146208714376,0.7988483142941872,95.0,-0.0315,sl,-0.03983145434047347,0,0.004524886877826928,-0.040723981900453565,R1_baseline,
2025-10-08,KRW-BEAM,bull_quiet,3,1,0.27197481930519934,0.33321674245074034,0.048035443628308264,0.1318489158311961,-0.043675717077809977,0.8162099458294944,38.0,-0.0315,sl,-0.023558823529411688,0,0.0681818181817373,-0.015151515151589745,R1_baseline,
2025-10-08,KRW-FLUID,bull_quiet,3,2,0.27197481930519934,0.33321674245074034,0.048035443628308264,0.01877113209746998,-0.043675717077809977,0.8162099458294944,86.0,0.024549973418394544,eod,0.024549973418394544,0,0.026743576297849847,-0.03565810173046691,R1_baseline,
2025-10-08,KRW-PUMP,bull_quiet,3,3,0.27197481930519934,0.33321674245074034,0.048035443628308264,0.04325017486593612,-0.043675717077809977,0.8162099458294944,28.0,-0.0315,sl,-0.022634593993325847,0,0.0075187969923729,-0.09237379162200954,R1_baseline,
2025-10-09,KRW-GAS,bull_quiet,3,1,0.022615994404290043,0.0186523665190021,0.0009326183259501049,0.0011657729074376311,-0.015779826600972623,1.2125,40.0,-0.0315,sl,-0.02914771460423632,0,0.026805997273966264,-0.021126760563380476,R1_baseline,
2025-10-09,KRW-0G,bull_quiet,3,2,0.27197481930519934,0.33321674245074034,0.048035443628308264,0.04325017486593612,-0.043675717077809977,0.8162099458294944,39.0,-0.0315,sl,-0.055817897371714664,0,0.006696428571428381,-0.07911706349206371,R1_baseline,
2025-10-09,KRW-FF,bull_quiet,3,3,0.27197481930519934,0.33321674245074034,0.048035443628308264,0.008277952664101668,-0.043675717077809977,0.8162099458294944,15.0,-0.0315,sl,-0.10106709956709953,0,-4.218847493575595e-15,-0.12340425531915267,R1_baseline,
2025-10-10,KRW-BARD,bull_quiet,3,1,0.27197481930519934,0.4397295406854745,0.08871531825600373,0.04325017486593612,-0.05326459815786506,0.6185047720042418,53.0,-0.0315,sl,-0.0768488372093023,0,0.04553903345724808,-0.45074349442379225,R1_baseline,
2025-10-10,KRW-CELO,bull_quiet,3,2,0.27197481930519934,0.4397295406854745,0.08871531825600373,0.04325017486593612,-0.05326459815786506,0.6185047720042418,40.0,0.0485,tp,-0.2164712092130518,0,0.13142857142856923,-0.39428571428571546,R1_baseline,
2025-10-10,KRW-SOMI,bull_quiet,3,3,0.27197481930519934,0.4397295406854745,0.08871531825600373,0.01877113209746998,-0.05326459815786506,0.6185047720042418,49.0,0.0485,tp,-0.24576078971533516,0,0.05925925925925846,-0.5370370370370374,R1_baseline,
2025-10-11,KRW-BLUR,bull_quiet,3,1,0.27197481930519934,0.2683609232921427,0.08871531825600373,0.01119141991140126,-0.03797652396585388,1.0134665508253693,93.0,-0.0315,sl,-0.03355128205128205,0,0.07820512820511438,-0.06666666666667864,R1_baseline,
2025-10-11,KRW-ME,bull_quiet,3,2,0.27197481930519934,0.2683609232921427,0.08871531825600373,0.01119141991140126,-0.03797652396585388,1.0134665508253693,99.0,0.0485,tp,0.0015911901081915882,0,0.08976377952755721,-0.034645669291340164,R1_baseline,
2025-10-11,KRW-MOVE,bull_quiet,3,3,0.27197481930519934,0.33321674245074034,0.08871531825600373,0.01877113209746998,-0.043675717077809977,0.8162099458294944,72.0,-0.0315,sl,0.023923728813559253,0,0.1391304347825988,-0.017391304347834535,R1_baseline,
2025-10-12,KRW-SONIC,bull_quiet,3,1,0.27197481930519934,0.21919085927480472,0.01235719281883889,0.008277952664101668,-0.034545858061190766,1.2408127793514334,87.0,-0.0315,sl,0.08137292817679548,0,0.10989010989010373,-0.038461538461543765,R1_baseline,
2025-10-12,KRW-IMX,bull_quiet,3,2,0.27197481930519934,0.2683609232921427,0.048035443628308264,0.003031009559337841,-0.03797652396585388,1.0134665508253693,94.0,-0.0315,sl,0.13866172506738544,1,0.20652173913043304,-0.025815217391305656,R1_baseline,
2025-10-12,KRW-WCT,bull_quiet,3,3,0.27197481930519934,0.33321674245074034,0.2853812077407321,0.008277952664101668,-0.043675717077809977,0.8162099458294944,98.0,0.0485,tp,0.12138135593220328,0,0.13135593220338504,-0.025423728813563473,R1_baseline,
2025-10-13,KRW-BARD,bull_quiet,3,1,0.27197481930519934,0.4397295406854745,0.08871531825600373,0.04325017486593612,-0.05326459815786506,0.6185047720042418,76.0,0.02272480620155043,eod,0.02272480620155043,0,0.030828516377648496,-0.02890173410404706,R1_baseline,
2025-10-13,KRW-BAT,bull_quiet,3,2,0.27197481930519934,0.4397295406854745,0.2853812077407321,0.1318489158311961,-0.05326459815786506,0.6185047720042418,63.0,-0.0315,sl,0.20227358490566033,1,0.38867924528301345,-0.03396226415094716,R1_baseline,
2025-10-13,KRW-BCH,bull_quiet,3,3,0.06458381907204476,0.1327815341571462,0.007227792026113313,0.003031009559337841,-0.027979605456093983,0.48639157155399465,56.0,-0.008821537522879784,eod,-0.008821537522879784,0,0.013472137170851273,-0.020208205756276798,R1_baseline,
2025-10-14,KRW-NEO,bull_quiet,3,1,0.27197481930519934,0.33321674245074034,0.032058754954534856,0.04325017486593612,-0.043675717077809977,0.8162099458294944,64.0,-0.0315,sl,-0.019001508750754403,0,0.010247136829415027,-0.06208559373116351,R1_baseline,
2025-10-14,KRW-LA,bull_quiet,3,2,0.27197481930519934,0.33321674245074034,0.048035443628308264,0.1318489158311961,-0.043675717077809977,0.8162099458294944,61.0,0.0485,tp,0.05964398422090739,0,0.10629921259842301,-0.08858267716535617,R1_baseline,
2025-10-14,KRW-GAS,bull_quiet,3,3,0.08837588900547977,0.1327815341571462,0.007227792026113313,0.01119141991140126,-0.027979605456093983,0.6655736399376694,86.0,-0.0315,sl,-0.027329383886255887,0,0.005212035062781117,-0.06870409855484505,R1_baseline,
2025-10-15,KRW-JST,bull_quiet,3,1,0.033457682443460014,0.0186523665190021,0.00011657729074376311,0.0003497726477789437,-0.015779826600972623,1.79375,66.0,0.0005449897750511869,eod,0.0005449897750511869,0,0.0040650406503859315,-0.014227642276442909,R1_baseline,
2025-10-15,KRW-WAL,bull_quiet,3,2,0.27197481930519934,0.1750990906971322,0.032058754954534856,0.01877113209746998,-0.031282977055829594,1.5532623169107855,81.0,0.0485,tp,-0.004381844380403508,0,0.09482758620689324,-0.020114942528738466,R1_baseline,
2025-10-15,KRW-MOC,bull_quiet,3,3,0.08837588900547977,0.09245656989623412,0.0031479538300104933,0.01877113209746998,-0.025007406332421222,0.9558638083228247,70.0,-0.016364864864864825,eod,-0.016364864864864825,0,0.00667556742321751,-0.026702269692936875,R1_baseline,
2025-10-16,KRW-WAL,bull_quiet,3,1,0.27197481930519934,0.2683609232921427,0.032058754954534856,0.01877113209746998,-0.03797652396585388,1.0134665508253693,47.0,0.0485,tp,-0.021789855072463726,0,0.0922190201729074,-0.02881844380403742,R1_baseline,
2025-10-16,KRW-WCT,bull_quiet,3,2,0.27197481930519934,0.33321674245074034,0.032058754954534856,0.04325017486593612,-0.043675717077809977,0.8162099458294944,49.0,-0.0315,sl,-0.02521541501976282,0,0.043307086614169155,-0.05118110236220841,R1_baseline,
2025-10-16,KRW-DRIFT,bull_quiet,3,3,0.27197481930519934,0.4397295406854745,0.02168590416229451,0.04325017486593612,-0.05326459815786506,0.6185047720042418,83.0,0.0485,tp,-0.05983333333333335,0,0.06413301662707704,-0.0878859857482196,R1_baseline,
2025-10-17,KRW-0G,bull_quiet,3,1,0.27197481930519934,0.2683609232921427,0.02168590416229451,0.01877113209746998,-0.03797652396585388,1.0134665508253693,63.0,-0.0315,sl,-0.05616666666666664,0,0.019692923898531056,-0.09379172229639543,R1_baseline,
2025-10-17,KRW-FIL,bull_quiet,3,2,0.27197481930519934,0.2683609232921427,0.08871531825600373,0.04325017486593612,-0.03797652396585388,1.0134665508253693,86.0,-0.0315,sl,-0.017671328671328645,0,0.012248468941381985,-0.07480314960629963,R1_baseline,
2025-10-17,KRW-TREE,bull_quiet,3,3,0.27197481930519934,0.4397295406854745,0.032058754954534856,0.04325017486593612,-0.05326459815786506,0.6185047720042418,69.0,-0.0315,sl,-0.03823469387755102,0,0.012244897959179601,-0.08979591836735068,R1_baseline,
2025-10-18,KRW-COMP,bull_quiet,3,1,0.27197481930519934,0.33321674245074034,0.032058754954534856,0.01877113209746998,-0.043675717077809977,0.8162099458294944,44.0,0.0485,tp,0.05898780487804883,0,0.07699805068226118,-0.00877192982456143,R1_baseline,
2025-10-18,KRW-JTO,bull_quiet,3,2,0.27197481930519934,0.33321674245074034,0.048035443628308264,0.04325017486593612,-0.043675717077809977,0.8162099458294944,66.0,-0.0315,sl,-0.06923823191733641,0,0.004589787722317329,-0.08433734939759086,R1_baseline,
2025-10-18,KRW-0G,bull_quiet,3,3,0.27197481930519934,0.33321674245074034,0.2853812077407321,0.01877113209746998,-0.043675717077809977,0.8162099458294944,68.0,-0.024443875750088273,eod,-0.024443875750088273,0,0.022727272727272485,-0.03741258741258768,R1_baseline,
2025-10-19,KRW-AXL,bull_quiet,3,1,0.27197481930519934,0.33321674245074034,0.048035443628308264,0.04325017486593612,-0.043675717077809977,0.8162099458294944,21.0,-0.0315,sl,0.008240259740259827,0,0.022435897435894026,-0.054487179487182624,R1_baseline,
2025-10-19,KRW-PROVE,bull_quiet,3,2,0.27197481930519934,0.4397295406854745,0.048035443628308264,0.04325017486593612,-0.05326459815786506,0.6185047720042418,20.0,-0.0315,sl,-0.06816666666666665,0,0.07067424857839066,-0.0641754670999195,R1_baseline,
2025-10-19,KRW-PUMP,bull_quiet,3,3,0.27197481930519934,0.4397295406854745,0.048035443628308264,0.1318489158311961,-0.05326459815786506,0.6185047720042418,24.0,-0.0315,sl,-0.006533557046979941,0,0.034768211920358505,-0.04966887417234278,R1_baseline,
2025-10-20,KRW-KAVA,bull_quiet,3,1,0.27197481930519934,0.21919085927480472,0.02168590416229451,0.01119141991140126,-0.034545858061190766,1.2408127793514334,66.0,-0.014600436681222738,eod,-0.014600436681222738,0,0.021739130434778264,-0.021739130434786813,R1_baseline,
2025-10-20,KRW-OPEN,bull_quiet,3,2,0.27197481930519934,0.2683609232921427,0.032058754954534856,0.008277952664101668,-0.03797652396585388,1.0134665508253693,38.0,0.0485,tp,0.06619825918762096,0,0.09404990403070812,-0.028790786948178493,R1_baseline,
2025-10-20,KRW-POKT,bull_quiet,3,3,0.27197481930519934,0.2683609232921427,0.08871531825600373,0.003031009559337841,-0.03797652396585388,1.0134665508253693,100.0,-0.0315,sl,-0.029969750889679736,0,0.04301075268813492,-0.021505376344120974,R1_baseline,
2025-10-21,KRW-0G,bull_quiet,3,1,0.27197481930519934,0.21919085927480472,0.01235719281883889,0.04325017486593612,-0.034545858061190766,1.2408127793514334,40.0,-0.0315,sl,-0.17831671079729333,0,0.19725557461406473,-0.034305317324185514,R1_baseline,
2025-10-21,KRW-BARD,bull_quiet,3,2,0.13767778036838424,0.1327815341571462,0.007227792026113313,0.01119141991140126,-0.027979605456093983,1.0368744512730466,77.0,-0.0315,sl,-0.04450000000000004,0,0.026612077789149424,-0.03582395087001122,R1_baseline,
2025-10-21,KRW-OPEN,bull_quiet,3,3,0.27197481930519934,0.33321674245074034,0.02168590416229451,0.1318489158311961,-0.043675717077809977,0.8162099458294944,49.0,0.0485,tp,0.060094202898550775,1,0.2014260249554345,-0.01960784313725672,R1_baseline,
2025-10-22,KRW-2Z,bull_quiet,3,1,0.27197481930519934,0.33321674245074034,0.08871531825600373,0.1318489158311961,-0.043675717077809977,0.8162099458294944,34.0,-0.0315,sl,-0.12201282051282053,0,0.017994858611822595,-0.13110539845758584,R1_baseline,
2025-10-22,KRW-WCT,bull_quiet,3,2,0.13767778036838424,0.21919085927480472,0.048035443628308264,0.01877113209746998,-0.034545858061190766,0.628118256499804,92.0,-0.0315,sl,-0.033120553359683835,0,0.023904382470115504,-0.05179282868526269,R1_baseline,
2025-10-22,KRW-PROVE,bull_quiet,3,3,0.27197481930519934,0.4397295406854745,0.048035443628308264,0.04325017486593612,-0.05326459815786506,0.6185047720042418,31.0,-0.0315,sl,-0.04827419354838708,0,0.05867970660146615,-0.06275468622656954,R1_baseline,
2025-10-28,KRW-CELO,bull_volatile,4,1,0.14135232744783308,0.17586276083467095,0.012439807383627608,0.011036420186615832,-0.03136711177092888,0.8037649743297205,85.0,-0.0315,sl,-0.006819148936170248,0,0.007936507936505244,-0.03968253968254232,R1_baseline,
2025-10-28,KRW-SONIC,bull_volatile,4,2,0.2618378812199037,0.3267783686164342,0.02377846894752684,0.1327247191011236,-0.043157090789848855,0.8012705440954192,44.0,-0.0315,sl,-0.04822897196261683,0,0.033492822966502356,-0.05741626794258825,R1_baseline,
2025-10-28,KRW-HP,bull_volatile,4,3,0.014548008427811778,0.021067415730337078,0.012439807383627608,0.0016051364365971107,-0.015887629544782792,0.6905454667067991,68.0,-0.0315,sl,-0.04957692307692313,0,0.04780876494021813,-0.021912350597629082,R1_baseline,
2025-10-29,KRW-AERO,bull_quiet,4,1,0.2618378812199037,0.3267783686164342,0.03651685393258427,0.1327247191011236,-0.043157090789848855,0.8012705440954192,86.0,0.0485,tp,0.0005646937370956131,0,0.04866346812885469,-0.04043865661411983,R1_baseline,
2025-10-29,KRW-EGLD,bull_quiet,4,2,0.0463529647837865,0.05949036918138042,0.012439807383627608,0.011036420186615832,-0.02145057568734158,0.7791675429422998,98.0,0.0485,tp,0.02081520223152028,0,0.040028089887640395,-0.002808988764045117,R1_baseline,
2025-10-29,KRW-CKB,bull_quiet,4,3,0.06811797752808989,0.10735426908799037,0.03651685393258427,0.0032102728731942215,-0.026170050657352464,0.6345157775910952,64.0,0.01492710472279263,eod,0.01492710472279263,0,0.034979423868099824,-0.014403292181272787,R1_baseline,
2025-10-30,KRW-FLOCK,bull_volatile,4,1,0.2618378812199037,0.3267783686164342,0.047657268987659276,0.1327247191011236,-0.043157090789848855,0.8012705440954192,50.0,-0.0315,sl,-0.11849164345403901,0,0.02513966480446639,-0.12011173184357793,R1_baseline,
2025-10-30,KRW-WLFI,bull_volatile,4,2,0.2618378812199037,0.3267783686164342,0.047657268987659276,0.042736757624398075,-0.043157090789848855,0.8012705440954192,10.0,-0.0315,sl,-0.04316666666666663,0,0.03225806451612434,-0.07373271889401345,R1_baseline,
2025-10-30,KRW-FF,bull_volatile,4,3,0.2618378812199037,0.4380016051364366,0.047657268987659276,0.1327247191011236,-0.052756825642354566,0.5978011910215301,22.0,-0.0315,sl,-0.18734070796460173,0,0.013215859030832666,-0.19383259911894624,R1_baseline,
2025-10-31,KRW-ZKC,bull_volatile,4,1,0.2618378812199037,0.4380016051364366,0.09058988764044944,0.1327247191011236,-0.052756825642354566,0.5978011910215301,73.0,0.0485,tp,0.08767197452229297,0,0.10191082802547413,-0.006369426751595575,R1_baseline,
2025-10-31,KRW-CPOOL,bull_volatile,4,2,0.2618378812199037,0.4380016051364366,0.27036516853932585,0.1327247191011236,-0.052756825642354566,0.5978011910215301,72.0,-0.0315,sl,-0.02927777777777779,0,0.009174311926596346,-0.05504587155964169,R1_baseline,
2025-10-31,KRW-HOLO,bull_volatile,4,3,0.2618378812199037,0.4380016051364366,0.27036516853932585,0.1327247191011236,-0.052756825642354566,0.5978011910215301,75.0,0.02567391304347827,eod,0.02567391304347827,0,0.0489130434782552,-0.010869565217396682,R1_baseline,
2025-11-01,KRW-SOMI,bull_quiet,4,1,0.2618378812199037,0.17586276083467095,0.006420545746388443,0.011637239165329053,-0.03136711177092888,1.488876212207644,64.0,-0.0315,sl,-0.022987603305785143,0,0.009900990099008133,-0.04125412541254292,R1_baseline,
2025-11-01,KRW-CPOOL,bull_quiet,4,2,0.2618378812199037,0.22253436339921742,0.09058988764044944,0.011637239165329053,-0.03473936804959419,1.1766177466721282,93.0,-0.0315,sl,-0.030071428571428582,0,0.009523809523799942,-0.053333333333342225,R1_baseline,
2025-11-01,KRW-ORDER,bull_quiet,4,3,0.14135232744783308,0.14285714285714285,0.047657268987659276,0.011036420186615832,-0.028867188762522557,0.9894662921348316,94.0,-0.0315,sl,-0.013807692307692352,0,0.006191950464393026,-0.02786377708978638,R1_baseline,
2025-11-02,KRW-ARKM,bull_quiet,4,1,0.14135232744783308,0.17586276083467095,0.03651685393258427,0.042736757624398075,-0.03136711177092888,0.8037649743297205,84.0,-0.0315,sl,-0.009004690431519689,0,0.013011152416354976,-0.03903345724907248,R1_baseline,
2025-11-02,KRW-FIL,bull_quiet,4,2,0.2618378812199037,0.3267783686164342,0.012439807383627608,0.1327247191011236,-0.043157090789848855,0.8012705440954192,31.0,0.0485,tp,-0.014763665594855256,0,0.157746478873239,-0.0329979879275657,R1_baseline,
2025-11-02,KRW-ZBT,bull_quiet,4,3,0.2618378812199037,0.3267783686164342,0.02377846894752684,0.042736757624398075,-0.043157090789848855,0.8012705440954192,29.0,-0.0315,sl,-0.08377848101265822,0,0.029126213592229666,-0.07766990291262443,R1_baseline,
2025-11-03,KRW-T,bull_quiet,4,1,0.2618378812199037,0.3267783686164342,0.012439807383627608,0.1327247191011236,-0.043157090789848855,0.8012705440954192,50.0,-0.0315,sl,-0.14982535885167453,0,0.06435643564351179,-0.15346534653469524,R1_baseline,
2025-11-03,KRW-FIL,bull_quiet,4,2,0.2618378812199037,0.3267783686164342,0.047657268987659276,0.042736757624398075,-0.043157090789848855,0.8012705440954192,18.0,-0.0315,sl,-0.1280771265771266,0,-3.3306690738754696e-16,-0.15082895268904195,R1_baseline,
2025-11-03,KRW-CARV,bull_quiet,4,3,0.2618378812199037,0.4380016051364366,0.09058988764044944,0.1327247191011236,-0.052756825642354566,0.5978011910215301,25.0,-0.0315,sl,-0.11483333333333329,0,0.030821917808215638,-0.18150684931507133,R1_baseline,
2025-11-04,KRW-2Z,bull_quiet,4,1,0.2618378812199037,0.3267783686164342,0.27036516853932585,0.042736757624398075,-0.043157090789848855,0.8012705440954192,75.0,-0.0315,sl,0.002737288135593209,0,0.025210084033609137,-0.0630252100840375,R1_baseline,
2025-11-04,KRW-CARV,bull_quiet,4,2,0.2618378812199037,0.4380016051364366,0.09058988764044944,0.1327247191011236,-0.052756825642354566,0.5978011910215301,73.0,0.0485,tp,0.11504135338345872,0,0.1872659176029916,-0.018726591760303335,R1_baseline,
2025-11-04,KRW-XPL,bull_quiet,4,3,0.2618378812199037,0.4380016051364366,0.09058988764044944,0.1327247191011236,-0.052756825642354566,0.5978011910215301,9.0,-0.0315,sl,-0.099299511002445,0,0.022113022113019465,-0.1744471744471765,R1_baseline,
2025-11-05,KRW-MEW,bear_volatile,4,1,0.2618378812199037,0.27237158908507225,0.02377846894752684,0.011637239165329053,-0.038217071183246715,0.9613259668508287,90.0,-0.0315,sl,0.031210280373831722,0,0.03703703703655692,-0.07407407407450284,R1_baseline,
2025-11-05,KRW-HOLO,bear_volatile,4,2,0.2618378812199037,0.27237158908507225,0.03651685393258427,0.042736757624398075,-0.038217071183246715,0.9613259668508287,75.0,-0.0315,sl,0.05732352941176472,0,0.08974358974358276,-0.08333333333333914,R1_baseline,
2025-11-05,KRW-MOVE,bear_volatile,4,3,0.2618378812199037,0.27237158908507225,0.047657268987659276,0.011637239165329053,-0.038217071183246715,0.9613259668508287,45.0,-0.0315,sl,0.04465384615384599,0,0.050505050505037286,-0.07449494949496116,R1_baseline,
2025-11-06,KRW-WCT,bull_volatile,4,1,0.2618378812199037,0.22253436339921742,0.006420545746388443,0.011637239165329053,-0.03473936804959419,1.1766177466721282,92.0,-0.0315,sl,-0.05930346820809246,0,-5.662137425588298e-15,-0.11428571428571932,R1_baseline,
2025-11-06,KRW-NEWT,bull_volatile,4,2,0.2618378812199037,0.27237158908507225,0.012439807383627608,0.021370522724992475,-0.038217071183246715,0.9613259668508287,56.0,0.0485,tp,0.03239830508474567,0,0.044943820224713216,-0.022471910112365046,R1_baseline,
2025-11-06,KRW-OPEN,bull_volatile,4,3,0.2618378812199037,0.27237158908507225,0.02377846894752684,0.021370522724992475,-0.038217071183246715,0.9613259668508287,98.0,-0.0315,sl,-0.06894186046511624,0,-2.3314683517128287e-15,-0.10526315789473895,R1_baseline,
2025-11-07,KRW-TFUEL,bear_volatile,4,1,0.2618378812199037,0.17586276083467095,0.02377846894752684,0.011637239165329053,-0.03136711177092888,1.488876212207644,55.0,0.0485,tp,0.1503987341772151,0,0.17460317460313735,-0.031746031746062386,R1_baseline,
2025-11-07,KRW-GLM,bear_volatile,4,2,0.2618378812199037,0.3267783686164342,0.012439807383627608,0.1327247191011236,-0.043157090789848855,0.8012705440954192,52.0,0.0485,tp,0.09471993127147776,0,0.09589041095890027,-0.03082191780822252,R1_baseline,
2025-11-07,KRW-LPT,bear_volatile,4,3,0.2618378812199037,0.3267783686164342,0.02377846894752684,0.042736757624398075,-0.043157090789848855,0.8012705440954192,40.0,-0.0315,sl,0.04065027489309708,0,0.09199747952110893,-0.035916824196597474,R1_baseline,
2025-11-08,KRW-SAHARA,bear_volatile,4,1,0.0463529647837865,0.021067415730337078,0.00030096308186195825,0.0004012841091492777,-0.015887629544782792,2.2002207284037323,76.0,-0.0315,sl,-0.018306722689075683,0,0.008403361344529348,-0.050420168067234816,R1_baseline,
2025-11-08,KRW-PROVE,bear_volatile,4,2,0.2618378812199037,0.17586276083467095,0.006420545746388443,0.021370522724992475,-0.03136711177092888,1.488876212207644,96.0,-0.022517699115044254,eod,-0.022517699115044254,0,0.06538895152198299,-0.011273957158963954,R1_baseline,
2025-11-08,KRW-DEEP,bear_volatile,4,3,0.2618378812199037,0.27237158908507225,0.03651685393258427,0.042736757624398075,-0.038217071183246715,0.9613259668508287,80.0,-0.0315,sl,-0.020917475728155333,0,0.08108108108107026,-0.012012012012021844,R1_baseline,
2025-11-09,KRW-BARD,bear_volatile,4,1,0.2618378812199037,0.27237158908507225,0.012439807383627608,0.042736757624398075,-0.038217071183246715,0.9613259668508287,42.0,-0.0315,sl,0.060835381913959596,0,0.04737295434969768,-0.06287683031869151,R1_baseline,
2025-11-09,KRW-ENSO,bear_volatile,4,2,0.2618378812199037,0.3267783686164342,0.047657268987659276,0.011036420186615832,-0.043157090789848855,0.8012705440954192,65.0,-0.0315,sl,0.0009706609017912662,0,0.02446483180428083,-0.0519877675840984,R1_baseline,
2025-11-09,KRW-MBL,bear_volatile,4,3,0.14135232744783308,0.22253436339921742,0.02377846894752684,0.021370522724992475,-0.03473936804959419,0.6351932586440723,89.0,0.0485,tp,0.04850000000000004,1,0.2727272727266299,-0.015151515152012629,R1_baseline,
2025-11-10,KRW-FF,bear_volatile,4,1,0.14135232744783308,0.22253436339921742,0.02377846894752684,0.021370522724992475,-0.03473936804959419,0.6351932586440723,45.0,0.0485,tp,0.044185279187817283,0,0.08717948717948154,-0.041025641025645876,R1_baseline,
2025-11-10,KRW-F,bear_volatile,4,2,0.2618378812199037,0.4380016051364366,0.047657268987659276,0.1327247191011236,-0.052756825642354566,0.5978011910215301,20.0,0.0485,tp,0.09733720930232553,1,0.2543352601155344,-0.017341040462484525,R1_baseline,
2025-11-10,KRW-MBL,bear_volatile,4,3,0.2618378812199037,0.4380016051364366,0.047657268987659276,0.1327247191011236,-0.052756825642354566,0.5978011910215301,24.0,-0.0315,sl,-0.030071428571428582,0,0.01435406698516073,-0.03349282296696954,R1_baseline,
2025-11-11,KRW-SUPER,bull_volatile,4,1,0.2618378812199037,0.17586276083467095,0.0032105949633791514,0.021370522724992475,-0.03136711177092888,1.488876212207644,92.0,-0.0315,sl,-0.08207851239669423,0,0.014522821576761435,-0.07676348547718037,R1_baseline,
2025-11-11,KRW-TOSHI,bull_volatile,4,2,0.14135232744783308,0.17586276083467095,0.0032105949633791514,0.021370522724992475,-0.03136711177092888,0.8037649743297205,87.0,-0.0315,sl,-0.07427289836888334,0,0.004968944098130423,-0.08198757764089193,R1_baseline,
2025-11-11,KRW-RAY,bull_volatile,4,3,0.2618378812199037,0.3267783686164342,0.02377846894752684,0.1327247191011236,-0.043157090789848855,0.8012705440954192,82.0,0.0485,tp,-0.09011283643892337,0,0.06391752577319543,-0.09278350515463951,R1_baseline,
2025-11-12,KRW-AERGO,bear_volatile,4,1,0.14135232744783308,0.22253436339921742,0.012439807383627608,0.021370522724992475,-0.03473936804959419,0.6351932586440723,42.0,0.0485,tp,0.03659523809523818,0,0.1028037383177467,-0.018691588785055835,R1_baseline,
2025-11-12,KRW-GLM,bear_volatile,4,2,0.2618378812199037,0.4380016051364366,0.047657268987659276,0.1327247191011236,-0.052756825642354566,0.5978011910215301,55.0,0.0485,tp,0.06397619047619046,0,0.18749999999999645,-0.005952380952383929,R1_baseline,
2025-11-12,KRW-NXPC,bear_volatile,4,3,0.2618378812199037,0.4380016051364366,0.047657268987659276,0.1327247191011236,-0.052756825642354566,0.5978011910215301,41.0,0.0485,tp,0.07696410684474114,0,0.15259740259740062,-0.04383116883117044,R1_baseline,
2025-11-13,KRW-AGLD,bear_volatile,4,1,0.09100030099327781,0.14285714285714285,0.0032105949633791514,0.011637239165329053,-0.028867188762522557,0.6370021069529447,78.0,-0.0315,sl,-0.030682879377431915,0,0.023255813953486415,-0.05426356589147474,R1_baseline,
2025-11-13,KRW-COMP,bear_volatile,4,2,0.09100030099327781,0.14285714285714285,0.012439807383627608,0.011637239165329053,-0.028867188762522557,0.6370021069529447,72.0,0.0485,tp,0.016403842285254433,0,0.033132530120481896,-0.02148594377510038,R1_baseline,
2025-11-13,KRW-ICX,bear_volatile,4,3,0.14135232744783308,0.22253436339921742,0.006420545746388443,0.021370522724992475,-0.03473936804959419,0.6351932586440723,85.0,-0.0315,sl,-0.05108677685950408,0,0.049999999999991385,-0.08333333333334092,R1_baseline,
2025-11-14,KRW-VTHO,bear_volatile,4,1,0.14135232744783308,0.22253436339921742,0.02377846894752684,0.042736757624398075,-0.03473936804959419,0.6351932586440723,68.0,-0.0315,sl,-0.02502941176470591,0,-5.848654893725325e-13,-0.052631578947922364,R1_baseline,
2025-11-14,KRW-CPOOL,bear_volatile,4,2,0.2618378812199037,0.4380016051364366,0.047657268987659276,0.1327247191011236,-0.052756825642354566,0.5978011910215301,20.0,-0.0315,sl,-0.050755441008018265,0,0.011789924973194088,-0.13397642015006284,R1_baseline,
2025-11-14,KRW-AERO,bear_volatile,4,3,0.2618378812199037,0.4380016051364366,0.09058988764044944,0.042736757624398075,-0.052756825642354566,0.5978011910215301,34.0,-0.0315,sl,-0.10271168923734858,0,0.00495399858457124,-0.14012738853503237,R1_baseline,
2025-11-15,KRW-LA,bear_volatile,4,1,0.2618378812199037,0.3267783686164342,0.09058988764044944,0.1327247191011236,-0.043157090789848855,0.8012705440954192,43.0,0.0485,tp,0.16442592592592603,1,0.30105900151285736,-1.5543122344752192e-15,R1_baseline,
2025-11-15,KRW-BAT,bear_volatile,4,2,0.2618378812199037,0.4380016051364366,0.09058988764044944,0.1327247191011236,-0.052756825642354566,0.5978011910215301,77.0,0.0485,tp,0.057788537549407215,0,0.12449799196786704,-3.9968028886505635e-15,R1_baseline,
2025-11-15,KRW-KITE,bear_volatile,4,3,0.2618378812199037,0.4380016051364366,0.09058988764044944,0.042736757624398075,-0.052756825642354566,0.5978011910215301,28.0,-0.0315,sl,0.07676086956521738,0,0.1217391304347728,-0.03478260869566052,R1_baseline,
2025-11-16,KRW-BAT,bear_volatile,4,1,0.2618378812199037,0.27237158908507225,0.03651685393258427,0.1327247191011236,-0.038217071183246715,0.9613259668508287,29.0,-0.0315,sl,-0.012652416356877359,0,0.029629629629625676,-0.0666666666666702,R1_baseline,
2025-11-16,KRW-MMT,bear_volatile,4,2,0.2618378812199037,0.3267783686164342,0.047657268987659276,0.021370522724992475,-0.043157090789848855,0.8012705440954192,25.0,-0.0315,sl,-0.09988998211091232,0,-1.7763568394002505e-15,-0.13321492007104951,R1_baseline,
2025-11-16,KRW-UNI,bear_volatile,4,3,0.2618378812199037,0.4380016051364366,0.09058988764044944,0.1327247191011236,-0.052756825642354566,0.5978011910215301,21.0,0.0485,tp,-0.031364253393665165,0,0.06834532374100699,-0.06115107913669082,R1_baseline,
2025-11-17,KRW-ZBT,bear_volatile,4,1,0.2618378812199037,0.4380016051364366,0.09058988764044944,0.042736757624398075,-0.052756825642354566,0.5978011910215301,79.0,-0.0315,sl,-0.03758247422680411,0,0.015463917525768034,-0.05154639175258213,R1_baseline,
2025-11-17,KRW-SIGN,bear_volatile,4,2,0.14135232744783308,0.27237158908507225,0.047657268987659276,0.042736757624398075,-0.038217071183246715,0.5189686924493554,50.0,-0.0315,sl,-0.026667785234899377,0,0.04873949579830161,-0.06218487394959571,R1_baseline,
2025-11-17,KRW-PENDLE,bear_volatile,4,3,0.14135232744783308,0.3267783686164342,0.03651685393258427,0.042736757624398075,-0.043157090789848855,0.4325632937281401,66.0,-0.0315,sl,-0.05941077860903293,0,0.039623164311443304,-0.07813798836242747,R1_baseline,
2025-11-18,KRW-ARDR,bear_volatile,4,1,0.2618378812199037,0.4380016051364366,0.09058988764044944,0.1327247191011236,-0.052756825642354566,0.5978011910215301,15.0,-0.0315,sl,-0.026257804090419945,0,0.07790821771610368,-0.05016008537887884,R1_baseline,
2025-11-18,KRW-MINA,bear_volatile,4,2,0.2618378812199037,0.4380016051364366,0.09058988764044944,0.1327247191011236,-0.052756825642354566,0.5978011910215301,41.0,-0.0315,sl,-0.05731395348837215,0,0.046948356807506864,-0.07981220657277421,R1_baseline,
2025-11-18,KRW-ERA,bear_volatile,4,3,0.2618378812199037,0.4380016051364366,0.27036516853932585,0.1327247191011236,-0.052756825642354566,0.5978011910215301,9.0,-0.0315,sl,-0.035982758620689614,0,0.015584415584412925,-0.08831168831169078,R1_baseline,
2025-11-19,KRW-BCH,bear_volatile,4,1,0.14135232744783308,0.17586276083467095,0.006420545746388443,0.011036420186615832,-0.03136711177092888,0.8037649743297205,25.0,-0.0315,sl,-0.06549482870071105,0,0.0019342359767891004,-0.08961960025789817,R1_baseline,
2025-11-19,KRW-CPOOL,bear_volatile,4,2,0.2618378812199037,0.3267783686164342,0.03651685393258427,0.021370522724992475,-0.043157090789848855,0.8012705440954192,53.0,-0.0315,sl,0.03673529411764692,0,0.00705218617770087,-0.12411847672779797,R1_baseline,
2025-11-19,KRW-GLM,bear_volatile,4,3,0.2618378812199037,0.3267783686164342,0.047657268987659276,0.1327247191011236,-0.043157090789848855,0.8012705440954192,32.0,0.0485,tp,-0.04814723032069973,0,0.0914454277286103,-0.058997050147495456,R1_baseline,
2025-11-20,KRW-ZORA,bear_volatile,4,1,0.2618378812199037,0.3267783686164342,0.047657268987659276,0.1327247191011236,-0.043157090789848855,0.8012705440954192,38.0,0.0485,tp,0.004829113924050667,0,0.1812577065351273,-0.028360049321836778,R1_baseline,
2025-11-20,KRW-CPOOL,bear_volatile,4,2,0.2618378812199037,0.3267783686164342,0.09058988764044944,0.042736757624398075,-0.043157090789848855,0.8012705440954192,66.0,-0.0315,sl,-0.09073512747875351,0,0.14714714714713018,-0.01801801801803249,R1_baseline,
2025-11-20,KRW-API3,bear_volatile,4,3,0.2618378812199037,0.4380016051364366,0.047657268987659276,0.042736757624398075,-0.052756825642354566,0.5978011910215301,13.0,-0.0315,sl,-0.04159163802978233,0,0.038548752834465905,-0.07029478458049998,R1_baseline,
2025-11-21,KRW-ALT,bear_volatile,4,1,0.2618378812199037,0.3267783686164342,0.09058988764044944,0.042736757624398075,-0.043157090789848855,0.8012705440954192,54.0,0.0485,tp,-0.09937234042553195,0,0.07203389830503926,-0.13559322033901977,R1_baseline,
2025-11-21,KRW-CPOOL,bear_volatile,4,2,0.2618378812199037,0.4380016051364366,0.047657268987659276,0.042736757624398075,-0.052756825642354566,0.5978011910215301,25.0,-0.0315,sl,0.0823509316770184,0,0.044117647058808274,-0.13676470588236556,R1_baseline,
2025-11-21,KRW-MMT,bear_volatile,4,3,0.2618378812199037,0.4380016051364366,0.09058988764044944,0.042736757624398075,-0.052756825642354566,0.5978011910215301,21.0,-0.0315,sl,0.18053883495145634,1,0.7086419753086377,-0.1654320987654342,R1_baseline,
2025-11-22,KRW-SOMI,bear_volatile,4,1,0.2618378812199037,0.27237158908507225,0.03651685393258427,0.042736757624398075,-0.038217071183246715,0.9613259668508287,78.0,-0.0315,sl,-0.060048009367681454,0,0.06038647342994907,-0.06280193236715204,R1_baseline,
2025-11-22,KRW-F,bear_volatile,4,2,0.2618378812199037,0.3267783686164342,0.03651685393258427,0.1327247191011236,-0.043157090789848855,0.8012705440954192,62.0,0.0485,tp,-0.024056390977443665,0,0.044444444444367015,-0.05185185185192209,R1_baseline,
2025-11-22,KRW-BCH,bear_volatile,4,3,0.2618378812199037,0.3267783686164342,0.047657268987659276,0.1327247191011236,-0.043157090789848855,0.8012705440954192,24.0,0.0485,tp,0.03396981953951467,0,0.061720698254364104,-0.023067331670822977,R1_baseline,
2025-11-23,KRW-GAME2,bear_volatile,4,1,0.2618378812199037,0.27237158908507225,0.012439807383627608,0.042736757624398075,-0.038217071183246715,0.9613259668508287,31.0,-0.0315,sl,-0.20690540540540542,1,0.39492753623137866,-3.623767952376511e-13,R1_baseline,
2025-11-23,KRW-WAVES,bear_volatile,4,2,0.2618378812199037,0.27237158908507225,0.03651685393258427,0.042736757624398075,-0.038217071183246715,0.9613259668508287,24.0,-0.00046373056994813847,eod,-0.00046373056994813847,0,0.03292181069958744,-0.024691358024692356,R1_baseline,
2025-11-23,KRW-ATH,bear_volatile,4,3,0.2618378812199037,0.27237158908507225,0.047657268987659276,0.021370522724992475,-0.038217071183246715,0.9613259668508287,48.0,0.015377637130801704,eod,0.015377637130801704,0,0.046413502109660554,-0.012658227848142856,R1_baseline,
2025-11-24,KRW-ATH,bear_volatile,4,1,0.2618378812199037,0.22253436339921742,0.012439807383627608,0.021370522724992475,-0.03473936804959419,1.1766177466721282,100.0,-0.0315,sl,0.010999999999999956,0,0.01646090534975242,-0.05349794238687022,R1_baseline,
2025-11-24,KRW-ARK,bear_volatile,4,2,0.2618378812199037,0.22253436339921742,0.03651685393258427,0.042736757624398075,-0.03473936804959419,1.1766177466721282,35.0,0.013205882352941125,eod,0.013205882352941125,0,0.01941747572815289,-0.02912621359223544,R1_baseline,
2025-11-24,KRW-SNT,bear_volatile,4,3,0.14135232744783308,0.14285714285714285,0.012439807383627608,0.021370522724992475,-0.028867188762522557,0.9894662921348316,65.0,0.0485,tp,0.024362068965517347,0,0.04721030042913954,-0.01716738197429113,R1_baseline,
2025-11-25,KRW-BSV,bear_volatile,4,1,0.031902086677367575,0.021067415730337078,0.0032105949633791514,0.0011036420186615833,-0.015887629544782792,1.5142857142857142,99.0,0.00430457916801036,eod,0.00430457916801036,0,0.015127132281943956,-0.02124235597038948,R1_baseline,
2025-11-25,KRW-FLOCK,bear_volatile,4,2,0.14135232744783308,0.17586276083467095,0.006420545746388443,0.011637239165329053,-0.03136711177092888,0.8037649743297205,97.0,-0.0315,sl,-0.01145024875621886,0,0.02512562814069841,-0.040201005025130465,R1_baseline,
2025-11-25,KRW-IMX,bear_volatile,4,3,0.14135232744783308,0.17586276083467095,0.006420545746388443,0.042736757624398075,-0.03136711177092888,0.8037649743297205,95.0,-0.0315,sl,-0.009713552361396314,0,0.004106776180696103,-0.049281314168379775,R1_baseline,
2025-11-26,KRW-ONG,bear_volatile,4,1,0.14135232744783308,0.14285714285714285,0.02377846894752684,0.021370522724992475,-0.028867188762522557,0.9894662921348316,76.0,-0.014922818791946289,eod,-0.014922818791946289,0,-6.5503158452884236e-15,-0.039735099337754654,R1_baseline,
2025-11-26,KRW-FIL,bear_volatile,4,2,0.14135232744783308,0.17586276083467095,0.006420545746388443,0.011036420186615832,-0.03136711177092888,0.8037649743297205,36.0,-0.0315,sl,-0.0010983935742971394,0,0.011173184357541555,-0.04229848363926614,R1_baseline,
2025-11-26,KRW-LAYER,bear_volatile,4,3,0.2618378812199037,0.3267783686164342,0.047657268987659276,0.042736757624398075,-0.043157090789848855,0.8012705440954192,41.0,0.0485,tp,0.06908823529411762,0,0.18584070796459828,-2.9976021664879227e-15,R1_baseline,
2025-11-27,KRW-TRUMP,bear_volatile,4,1,0.0242776886035313,0.021067415730337078,0.00030096308186195825,0.0,-0.015887629544782792,1.1523809523809525,56.0,0.0485,tp,0.004369797225186657,0,0.0878126663118679,-0.006918573709420062,R1_baseline,
2025-11-27,KRW-AWE,bear_volatile,4,2,0.09100030099327781,0.10735426908799037,0.006420545746388443,0.011036420186615832,-0.026170050657352464,0.8476635514018691,68.0,0.0485,tp,0.12100332889480697,0,0.18915343915342375,-0.007936507936520898,R1_baseline,
2025-11-27,KRW-ORDER,bear_volatile,4,3,0.14135232744783308,0.17586276083467095,0.02377846894752684,0.042736757624398075,-0.03136711177092888,0.8037649743297205,70.0,0.0485,tp,0.12279378531073443,1,0.2471910112359481,-0.0056179775280954525,R1_baseline,
2025-11-28,KRW-TAIKO,bear_volatile,4,1,0.2618378812199037,0.17586276083467095,0.0032105949633791514,0.042736757624398075,-0.03136711177092888,1.488876212207644,97.0,0.0485,tp,0.01730877742946718,0,0.17088607594936334,-0.006329113924053886,R1_baseline,
2025-11-28,KRW-HYPER,bear_volatile,4,2,0.14135232744783308,0.14285714285714285,0.0016051364365971107,0.021370522724992475,-0.028867188762522557,0.9894662921348316,99.0,0.0485,tp,0.13674884792626735,1,0.3686635944700398,-0.004608294930880108,R1_baseline,
2025-11-28,KRW-W,bear_volatile,4,3,0.2618378812199037,0.27237158908507225,0.006420545746388443,0.042736757624398075,-0.038217071183246715,0.9613259668508287,41.0,0.0485,tp,-0.02338782489740071,0,0.08843537414964509,-0.04217687074831222,R1_baseline,
2025-11-29,KRW-GMT,bear_volatile,4,1,0.2618378812199037,0.22253436339921742,0.006420545746388443,0.042736757624398075,-0.03473936804959419,1.1766177466721282,58.0,-0.0315,sl,-0.0667173913043479,0,0.14379084967316524,-0.04248366013075022,R1_baseline,
2025-11-29,KRW-XEC,bear_volatile,4,2,0.2618378812199037,0.22253436339921742,0.006420545746388443,0.042736757624398075,-0.03473936804959419,1.1766177466721282,45.0,0.0485,tp,-0.006763157894736858,0,0.04687499994547539,-0.03645833338351767,R1_baseline,
2025-11-29,KRW-PENDLE,bear_volatile,4,3,0.2618378812199037,0.3267783686164342,0.03651685393258427,0.1327247191011236,-0.043157090789848855,0.8012705440954192,85.0,-0.0315,sl,-0.03711973525872442,0,0.004813477737665162,-0.03922984356197379,R1_baseline,
2025-11-30,KRW-QKC,bear_volatile,4,1,0.14135232744783308,0.14285714285714285,0.0016051364365971107,0.011637239165329053,-0.028867188762522557,0.9894662921348316,37.0,-0.0315,sl,-0.044526706231453994,0,0.001449275362173763,-0.05072463768129709,R1_baseline,
2025-11-30,KRW-ARK,bear_volatile,4,2,0.2618378812199037,0.27237158908507225,0.02377846894752684,0.1327247191011236,-0.038217071183246715,0.9613259668508287,26.0,0.0485,tp,-0.023722222222222256,0,0.03448275862068728,-0.04310344827586421,R1_baseline,
2025-11-30,KRW-DKA,bear_volatile,4,3,0.09100030099327781,0.10735426908799037,0.00030096308186195825,0.021370522724992475,-0.026170050657352464,0.8476635514018691,90.0,-0.0315,sl,-0.046954545454545416,0,-9.015010959956271e-14,-0.05405405405413921,R1_baseline,
2025-12-01,KRW-THETA,bear_volatile,4,1,0.2618378812199037,0.27237158908507225,0.03651685393258427,0.1327247191011236,-0.038217071183246715,0.9613259668508287,26.0,-0.0315,sl,-0.11301736745886654,0,0.020761245674738582,-0.1833910034602091,R1_baseline,
2025-12-01,KRW-BSV,bear_volatile,4,2,0.014548008427811778,0.021067415730337078,0.00030096308186195825,0.0004012841091492777,-0.015887629544782792,0.6905454667067991,84.0,-0.0315,sl,-0.013667050312397287,0,0.002260981912144633,-0.056847545219638196,R1_baseline,
2025-12-01,KRW-COW,bear_volatile,4,3,0.14135232744783308,0.22253436339921742,0.012439807383627608,0.042736757624398075,-0.03473936804959419,0.6351932586440723,97.0,-0.0315,sl,-0.04420462633451955,0,0.007017543859645592,-0.07368421052631913,R1_baseline,
2025-12-02,KRW-IOST,bear_volatile,4,1,0.2618378812199037,0.3267783686164342,0.03651685393258427,0.1327247191011236,-0.043157090789848855,0.8012705440954192,57.0,-0.0315,sl,-0.013060693641618491,0,0.060344827585902205,-0.06896551724164679,R1_baseline,
2025-12-02,KRW-CYBER,bear_volatile,4,2,0.2618378812199037,0.4380016051364366,0.047657268987659276,0.1327247191011236,-0.052756825642354566,0.5978011910215301,30.0,-0.0315,sl,0.007590909090909039,0,0.0292184075967854,-0.07962016070124245,R1_baseline,
2025-12-02,KRW-HOLO,bear_volatile,4,3,0.2618378812199037,0.4380016051364366,0.27036516853932585,0.042736757624398075,-0.052756825642354566,0.5978011910215301,100.0,0.0485,tp,0.03211344537815136,0,0.11016949152541433,-8.43769498715119e-15,R1_baseline,
2025-12-03,KRW-WCT,bear_volatile,4,1,0.2618378812199037,0.22253436339921742,0.02377846894752684,0.021370522724992475,-0.03473936804959419,1.1766177466721282,96.0,0.0485,tp,0.04850000000000004,0,0.1079136690647402,-0.02158273381295661,R1_baseline,
2025-12-03,KRW-DRIFT,bear_volatile,4,2,0.14135232744783308,0.14285714285714285,0.006420545746388443,0.021370522724992475,-0.028867188762522557,0.9894662921348316,90.0,-0.0315,sl,0.004149717514124353,0,0.0549132947976847,-0.02601156069364452,R1_baseline,
2025-12-03,KRW-ARKM,bear_volatile,4,3,0.2618378812199037,0.27237158908507225,0.03651685393258427,0.042736757624398075,-0.038217071183246715,0.9613259668508287,78.0,0.030291907514450822,eod,0.030291907514450822,0,0.040462427745661556,-0.014450867052026029,R1_baseline,
2025-12-04,KRW-BSV,bear_volatile,4,1,0.0242776886035313,0.021067415730337078,0.0016051364365971107,0.0011036420186615833,-0.015887629544782792,1.1523809523809525,72.0,-0.0315,sl,-0.014837567481740198,0,0.00568900126422256,-0.03887484197218716,R1_baseline,
2025-12-04,KRW-WCT,bear_volatile,4,2,0.2618378812199037,0.27237158908507225,0.012439807383627608,0.042736757624398075,-0.038217071183246715,0.9613259668508287,79.0,-0.0315,sl,-0.04879729729729726,0,0.02702702702702009,-0.06081081081081707,R1_baseline,
2025-12-04,KRW-PLUME,bear_volatile,4,3,0.2618378812199037,0.3267783686164342,0.03651685393258427,0.042736757624398075,-0.043157090789848855,0.8012705440954192,38.0,0.017608280254777064,eod,0.017608280254777064,0,0.02839116719239665,-0.025236593059967616,R1_baseline,
2025-12-05,KRW-WCT,bear_volatile,4,1,0.2618378812199037,0.3267783686164342,0.03651685393258427,0.042736757624398075,-0.043157090789848855,0.8012705440954192,86.0,-0.0315,sl,-0.044053191489361654,0,0.007142857142850012,-0.07142857142857806,R1_baseline,
2025-12-05,KRW-IN,bear_volatile,4,2,0.14135232744783308,0.22253436339921742,0.03651685393258427,0.011637239165329053,-0.03473936804959419,0.6351932586440723,68.0,0.01299275362318847,eod,0.01299275362318847,0,0.01428571428570713,-0.0428571428571497,R1_baseline,
2025-12-05,KRW-FLUID,bear_volatile,4,3,0.2618378812199037,0.4380016051364366,0.09058988764044944,0.1327247191011236,-0.052756825642354566,0.5978011910215301,32.0,-0.0315,sl,-0.08601801363193767,0,0.07178464606181434,-0.06400797607178477,R1_baseline,
2025-12-06,KRW-GMT,bear_volatile,4,1,0.2618378812199037,0.3267783686164342,0.03651685393258427,0.021370522724992475,-0.043157090789848855,0.8012705440954192,30.0,0.026500000000000024,eod,0.026500000000000024,0,0.0316205533596432,-0.019762845849841004,R1_baseline,
2025-12-06,KRW-CTC,bear_volatile,4,2,0.2618378812199037,0.4380016051364366,0.09058988764044944,0.1327247191011236,-0.052756825642354566,0.5978011910215301,13.0,-0.0315,sl,-0.07192253521126762,0,0.15470852017936965,-2.3314683517128287e-15,R1_baseline,
2025-12-06,KRW-DEEP,bear_volatile,4,3,0.2618378812199037,0.4380016051364366,0.09058988764044944,0.042736757624398075,-0.052756825642354566,0.5978011910215301,19.0,0.0001863406408094139,eod,0.0001863406408094139,0,0.009999999999983133,-0.028333333333349642,R1_baseline,
2025-12-07,KRW-ZIL,bear_volatile,4,1,0.2618378812199037,0.22253436339921742,0.012439807383627608,0.021370522724992475,-0.03473936804959419,1.1766177466721282,40.0,-0.0315,sl,-0.06437069988137595,0,0.04425837320561676,-0.06220095693791117,R1_baseline,
2025-12-07,KRW-IN,bear_volatile,4,2,0.2618378812199037,0.27237158908507225,0.047657268987659276,0.042736757624398075,-0.038217071183246715,0.9613259668508287,37.0,0.0485,tp,-0.08993537414965985,0,0.05405405405404706,-0.09459459459460073,R1_baseline,
2025-12-07,KRW-MMT,bear_volatile,4,3,0.2618378812199037,0.3267783686164342,0.047657268987659276,0.011036420186615832,-0.043157090789848855,0.8012705440954192,52.0,-0.0315,sl,-0.028285714285714303,0,0.008823529411761566,-0.06470588235294394,R1_baseline,
2025-12-08,KRW-2Z,bear_volatile,4,1,0.2618378812199037,0.3267783686164342,0.03651685393258427,0.1327247191011236,-0.043157090789848855,0.8012705440954192,41.0,0.0485,tp,-0.05947101449275366,0,0.043062200956932806,-0.06698564593301881,R1_baseline,
2025-12-08,KRW-SYRUP,bear_volatile,4,2,0.2618378812199037,0.3267783686164342,0.047657268987659276,0.042736757624398075,-0.043157090789848855,0.8012705440954192,18.0,-0.0315,sl,-0.01393781094527363,0,0.022277227722769632,-0.0470297029702994,R1_baseline,
2025-12-08,KRW-SIGN,bear_volatile,4,3,0.14135232744783308,0.22253436339921742,0.047657268987659276,0.042736757624398075,-0.03473936804959419,0.6351932586440723,72.0,0.02247260273972601,eod,0.02247260273972601,0,0.030560271646841608,-0.02376910016979583,R1_baseline,
2025-12-09,KRW-DRIFT,bear_volatile,4,1,0.14135232744783308,0.17586276083467095,0.006420545746388443,0.021370522724992475,-0.03136711177092888,0.8037649743297205,55.0,-0.0315,sl,0.007047008547008517,0,0.033994334277617444,-0.045325779036829994,R1_baseline,
2025-12-09,KRW-PLUME,bear_volatile,4,2,0.14135232744783308,0.17586276083467095,0.006420545746388443,0.011637239165329053,-0.03136711177092888,0.8037649743297205,44.0,-0.004595975232197956,eod,-0.004595975232197956,0,0.05345911949682236,-0.012578616352232341,R1_baseline,
2025-12-09,KRW-BLAST,bear_volatile,4,3,0.0463529647837865,0.05949036918138042,0.0032105949633791514,0.011036420186615832,-0.02145057568734158,0.7791675429422998,71.0,-0.0315,sl,0.013651515151515138,0,0.053435114503012526,-0.022900763359524623,R1_baseline,
2025-12-10,KRW-SOMI,bear_volatile,4,1,0.2618378812199037,0.22253436339921742,0.012439807383627608,0.042736757624398075,-0.03473936804959419,1.1766177466721282,39.0,-0.0315,sl,-0.026923728813559367,0,0.01983002832860903,-0.04815864022663163,R1_baseline,
2025-12-10,KRW-ANIME,bear_volatile,4,2,0.14135232744783308,0.17586276083467095,0.0032105949633791514,0.021370522724992475,-0.03136711177092888,0.8037649743297205,53.0,-0.0315,sl,-0.03996153846153855,0,-9.614531393253856e-14,-0.056730769230859956,R1_baseline,
2025-12-10,KRW-ZRO,bear_volatile,4,3,0.14135232744783308,0.17586276083467095,0.02377846894752684,0.021370522724992475,-0.03136711177092888,0.8037649743297205,71.0,0.0485,tp,0.01232488479262678,0,0.08645399907535789,-0.0013869625520115392,R1_baseline,
2025-12-11,KRW-MNT,bear_volatile,4,1,0.14135232744783308,0.22253436339921742,0.012439807383627608,0.042736757624398075,-0.03473936804959419,0.6351932586440723,23.0,-0.0315,sl,0.013459723820483273,0,0.02712060011540629,-0.04039238315060634,R1_baseline,
2025-12-11,KRW-DOOD,bear_volatile,4,2,0.2618378812199037,0.4380016051364366,0.09058988764044944,0.1327247191011236,-0.052756825642354566,0.5978011910215301,13.0,-0.0315,sl,0.08646895213454081,0,0.12213740458000988,-0.07633587786271301,R1_baseline,
2025-12-11,KRW-HYPER,bear_volatile,4,3,0.2618378812199037,0.4380016051364366,0.09058988764044944,0.1327247191011236,-0.052756825642354566,0.5978011910215301,16.0,-0.0315,sl,0.01183333333333342,0,0.09913793103447799,-0.07758620689655571,R1_baseline,
2025-12-12,KRW-ZORA,bear_volatile,4,1,0.09100030099327781,0.14285714285714285,0.006420545746388443,0.042736757624398075,-0.028867188762522557,0.6370021069529447,90.0,-0.0315,sl,-0.05085064935064937,0,0.006476683937810757,-0.07383419689120363,R1_baseline,
2025-12-12,KRW-DOOD,bear_volatile,4,2,0.2618378812199037,0.4380016051364366,0.047657268987659276,0.1327247191011236,-0.052756825642354566,0.5978011910215301,25.0,-0.0315,sl,-0.05025148632580262,0,0.05903614457818551,-0.03734939759047751,R1_baseline,
2025-12-12,KRW-SOMI,bear_volatile,4,3,0.2618378812199037,0.4380016051364366,0.047657268987659276,0.1327247191011236,-0.052756825642354566,0.5978011910215301,35.0,-0.0315,sl,0.07191772151898729,0,0.11793611793611514,-0.09828009828010054,R1_baseline,
2025-12-13,KRW-CPOOL,bear_volatile,4,1,0.2618378812199037,0.4380016051364366,0.047657268987659276,0.1327247191011236,-0.052756825642354566,0.5978011910215301,7.0,-0.0315,sl,-0.07551032702237531,0,0.04145077720205448,-0.07253886010364297,R1_baseline,
2025-12-13,KRW-MNT,bear_volatile,4,2,0.14135232744783308,0.27237158908507225,0.02377846894752684,0.1327247191011236,-0.038217071183246715,0.5189686924493554,22.0,0.0485,tp,0.0678548387096774,0,0.06403415154749137,-0.01494130202774857,R1_baseline,
2025-12-13,KRW-ORDER,bear_volatile,4,3,0.06811797752808989,0.14285714285714285,0.03651685393258427,0.011637239165329053,-0.028867188762522557,0.47682584269662925,58.0,-0.02048734177215189,eod,-0.02048734177215189,0,0.006329113924044227,-0.025316455696208662,R1_baseline,
2025-12-14,KRW-GAS,bear_volatile,4,1,0.014548008427811778,0.021067415730337078,0.006420545746388443,0.0004012841091492777,-0.015887629544782792,0.6905454667067991,48.0,-0.0315,sl,-0.03483333333333333,0,0.010019392372333291,-0.0400775694893345,R1_baseline,
2025-12-14,KRW-SUPER,bear_volatile,4,2,0.09100030099327781,0.14285714285714285,0.012439807383627608,0.0032102728731942215,-0.028867188762522557,0.6370021069529447,42.0,-0.0315,sl,-0.057196202531645535,0,0.005025125628138172,-0.057788944723620506,R1_baseline,
2025-12-14,KRW-BIO,bear_volatile,4,3,0.14135232744783308,0.22253436339921742,0.03651685393258427,0.021370522724992475,-0.03473936804959419,0.6351932586440723,17.0,0.0485,tp,-0.060243169398907115,0,0.07240437158468493,-0.06420765027323683,R1_baseline,
2025-12-15,KRW-MOVE,bear_volatile,4,1,0.2618378812199037,0.4380016051364366,0.09058988764044944,0.1327247191011236,-0.052756825642354566,0.5978011910215301,4.0,-0.0315,sl,-0.08431249999999996,0,0.024691358024675703,-0.12500000000001332,R1_baseline,
2025-12-15,KRW-HYPER,bear_volatile,4,2,0.14135232744783308,0.27237158908507225,0.03651685393258427,0.042736757624398075,-0.038217071183246715,0.5189686924493554,28.0,-0.0315,sl,-0.06196511627906981,0,0.023148148148143477,-0.10185185185185597,R1_baseline,
2025-12-15,KRW-LSK,bear_volatile,4,3,0.09100030099327781,0.17586276083467095,0.03651685393258427,0.011036420186615832,-0.03136711177092888,0.5174506561899562,50.0,-0.0315,sl,-0.028166666666666618,0,0.03999999999999648,-0.036666666666669956,R1_baseline,
2025-12-16,KRW-BARD,bear_volatile,4,1,0.14135232744783308,0.22253436339921742,0.047657268987659276,0.0032102728731942215,-0.03473936804959419,0.6351932586440723,44.0,0.0011178010471205048,eod,0.0011178010471205048,0,0.015720524017466486,-0.018340611353712566,R1_baseline,
2025-12-16,KRW-MNT,bear_volatile,4,2,0.14135232744783308,0.27237158908507225,0.03651685393258427,0.042736757624398075,-0.038217071183246715,0.5189686924493554,30.0,-0.0315,sl,-0.043534250129735386,0,0.0062272963155158845,-0.04826154644525216,R1_baseline,
2025-12-16,KRW-AAVE,bear_volatile,4,3,0.09100030099327781,0.22253436339921742,0.03651685393258427,0.021370522724992475,-0.03473936804959419,0.40892696122633,40.0,-0.0315,sl,-0.039130662020905926,0,0.0020826102047899475,-0.051023950017355046,R1_baseline,
2025-12-17,KRW-NXPC,bear_volatile,4,1,0.2618378812199037,0.27237158908507225,0.02377846894752684,0.021370522724992475,-0.038217071183246715,0.9613259668508287,25.0,-0.0315,sl,-0.03264186851211076,0,0.035897435897433994,-0.054700854700856394,R1_baseline,
2025-12-17,KRW-PLUME,bear_volatile,4,2,0.14135232744783308,0.17586276083467095,0.03651685393258427,0.011637239165329053,-0.03136711177092888,0.8037649743297205,74.0,0.0485,tp,-0.051499999999999935,0,0.04098360655733435,-0.07377049180331652,R1_baseline,
2025-12-17,KRW-MON,bear_volatile,4,3,0.2618378812199037,0.3267783686164342,0.047657268987659276,0.1327247191011236,-0.043157090789848855,0.8012705440954192,21.0,-0.0315,sl,-0.12728616352201255,0,0.006230529594984047,-0.14641744548289282,R1_baseline,
2025-12-18,KRW-META,bear_volatile,4,1,0.2618378812199037,0.3267783686164342,0.047657268987659276,0.1327247191011236,-0.043157090789848855,0.8012705440954192,19.0,-0.027643790849673222,eod,-0.027643790849673222,0,-6.206146707654625e-14,-0.07453416149074066,R1_baseline,
2025-12-18,KRW-MANTRA,bear_volatile,4,2,0.2618378812199037,0.4380016051364366,0.047657268987659276,0.042736757624398075,-0.052756825642354566,0.5978011910215301,21.0,-0.0315,sl,-0.03959523809523807,0,0.00943396226411286,-0.06132075471701648,R1_baseline,
2025-12-18,KRW-AERGO,bear_volatile,4,3,0.14135232744783308,0.3267783686164342,0.047657268987659276,0.1327247191011236,-0.043157090789848855,0.4325632937281401,9.0,0.0485,tp,0.13974293785310726,1,0.2121212121211986,-0.012345679012356614,R1_baseline,
2025-12-19,KRW-CARV,bear_volatile,4,1,0.14135232744783308,0.22253436339921742,0.047657268987659276,0.021370522724992475,-0.03473936804959419,0.6351932586440723,58.0,0.0485,tp,0.19120833333333326,1,0.2864583333333266,-0.026041666666671737,R1_baseline,
2025-12-19,KRW-KITE,bear_volatile,4,2,0.06811797752808989,0.10735426908799037,0.0016051364365971107,0.011637239165329053,-0.026170050657352464,0.6345157775910952,68.0,0.0485,tp,0.05405555555555558,0,0.05555555555554714,-0.023809523809531496,R1_baseline,
2025-12-19,KRW-DOOD,bear_volatile,4,3,0.2618378812199037,0.4380016051364366,0.09058988764044944,0.1327247191011236,-0.052756825642354566,0.5978011910215301,16.0,0.0485,tp,0.1465582524271845,1,0.25154894671607786,-0.012391573729986116,R1_baseline,
2025-12-20,KRW-RED,bear_volatile,4,1,0.2618378812199037,0.14285714285714285,0.012439807383627608,0.021370522724992475,-0.028867188762522557,1.832865168539326,72.0,0.0485,tp,0.03990127388535042,0,0.06031746031745677,-0.003174603174606383,R1_baseline,
2025-12-20,KRW-BERA,bear_volatile,4,2,0.2618378812199037,0.17586276083467095,0.012439807383627608,0.0032102728731942215,-0.03136711177092888,1.488876212207644,56.0,0.0485,tp,0.03290366972477071,0,0.053899082568806156,-0.01834862385321212,R1_baseline,
2025-12-20,KRW-TOSHI,bear_volatile,4,3,0.14135232744783308,0.14285714285714285,0.0032105949633791514,0.042736757624398075,-0.028867188762522557,0.9894662921348316,75.0,0.0485,tp,0.004524096385542244,0,0.005988023950087795,-0.02594810379435941,R1_baseline,
2025-12-21,KRW-PENDLE,bear_volatile,4,1,0.2618378812199037,0.17586276083467095,0.0032105949633791514,0.021370522724992475,-0.03136711177092888,1.488876212207644,34.0,-0.0315,sl,-0.007452380952380931,0,0.00872600349040109,-0.0397905759162307,R1_baseline,
2025-12-21,KRW-ORDER,bear_volatile,4,2,0.2618378812199037,0.17586276083467095,0.02377846894752684,0.042736757624398075,-0.03136711177092888,1.488876212207644,69.0,0.0485,tp,-0.008694244604316502,0,0.13571428571427768,-0.05714285714286382,R1_baseline,
2025-12-21,KRW-ZKC,bear_volatile,4,3,0.2618378812199037,0.22253436339921742,0.0032105949633791514,0.021370522724992475,-0.03473936804959419,1.1766177466721282,36.0,-0.0315,sl,-0.03355128205128205,0,0.006329113924044227,-0.06962025316456277,R1_baseline,
2025-12-22,KRW-POWR,bear_volatile,4,1,0.09100030099327781,0.10735426908799037,0.006420545746388443,0.011036420186615832,-0.026170050657352464,0.8476635514018691,61.0,0.0485,tp,0.015306722689075571,0,0.09565217391303404,-8.659739592076221e-15,R1_baseline,
2025-12-22,KRW-SYRUP,bear_volatile,4,2,0.2618378812199037,0.3267783686164342,0.03651685393258427,0.1327247191011236,-0.043157090789848855,0.8012705440954192,64.0,-0.0315,sl,-0.0442184466019418,0,0.027184466019415376,-0.09320388349514741,R1_baseline,
2025-12-22,KRW-HP,bear_volatile,4,3,0.09100030099327781,0.14285714285714285,0.012439807383627608,0.011036420186615832,-0.028867188762522557,0.6370021069529447,84.0,-0.0315,sl,-0.014614754098360603,0,0.019672131147507654,-0.03606557377052344,R1_baseline,
2025-12-23,KRW-AKT,bear_volatile,4,1,0.09100030099327781,0.10735426908799037,0.0032105949633791514,0.011036420186615832,-0.026170050657352464,0.8476635514018691,56.0,-0.012252688172043,eod,-0.012252688172043,0,0.0017793594306032556,-0.033807829181496385,R1_baseline,
2025-12-23,KRW-AVNT,bear_volatile,4,2,0.2618378812199037,0.3267783686164342,0.03651685393258427,0.1327247191011236,-0.043157090789848855,0.8012705440954192,8.0,0.0485,tp,0.24076804123711343,1,0.21212121212120905,-0.025252525252527747,R1_baseline,
2025-12-23,KRW-SOPH,bear_volatile,4,3,0.2618378812199037,0.3267783686164342,0.047657268987659276,0.021370522724992475,-0.043157090789848855,0.8012705440954192,52.0,-0.0315,sl,-0.029801886792452714,0,0.03755868544596086,-0.03755868544605456,R1_baseline,
2025-12-24,KRW-META,bear_volatile,4,1,0.09100030099327781,0.14285714285714285,0.0032105949633791514,0.021370522724992475,-0.028867188762522557,0.6370021069529447,75.0,-0.0315,sl,-0.013999999999999955,0,0.006211180124161109,-0.043478260869624585,R1_baseline,
2025-12-24,KRW-API3,bear_volatile,4,2,0.14135232744783308,0.22253436339921742,0.006420545746388443,0.042736757624398075,-0.03473936804959419,0.6351932586440723,66.0,0.0485,tp,0.009352713178294505,0,0.01622418879055898,-0.06637168141593064,R1_baseline,
2025-12-24,KRW-COW,bear_volatile,4,3,0.2618378812199037,0.4380016051364366,0.012439807383627608,0.1327247191011236,-0.052756825642354566,0.5978011910215301,39.0,-0.0315,sl,-0.02271212121212124,0,0.005988023952092636,-0.06586826347305674,R1_baseline,
2025-12-25,KRW-FLOCK,bear_volatile,4,1,0.2618378812199037,0.27237158908507225,0.006420545746388443,0.1327247191011236,-0.038217071183246715,0.9613259668508287,30.0,0.0485,tp,0.07763669064748197,0,0.17857142857142017,-0.028571428571435464,R1_baseline,
2025-12-25,KRW-ATH,bear_volatile,4,2,0.09100030099327781,0.10735426908799037,0.0016051364365971107,0.011637239165329053,-0.026170050657352464,0.8476635514018691,75.0,0.0485,tp,-0.03027697841726623,0,0.07801418439708674,-0.0425531914894296,R1_baseline,
2025-12-25,KRW-WAVES,bear_volatile,4,3,0.014548008427811778,0.021067415730337078,0.0032105949633791514,0.0004012841091492777,-0.015887629544782792,0.6905454667067991,96.0,-0.0315,sl,-0.03560230692076233,0,0.010030090270811476,-0.03711133400200706,R1_baseline,
2025-12-26,KRW-SYRUP,bear_volatile,4,1,0.2618378812199037,0.3267783686164342,0.03651685393258427,0.042736757624398075,-0.043157090789848855,0.8012705440954192,99.0,-0.0315,sl,0.020903258655804502,0,0.022357723577233646,-0.0325203252032541,R1_baseline,
2025-12-26,KRW-BORA,bear_volatile,4,2,0.0463529647837865,0.05949036918138042,0.0016051364365971107,0.0032102728731942215,-0.02145057568734158,0.7791675429422998,98.0,-0.006944646098003658,eod,-0.006944646098003658,0,0.012589928057535671,-0.023381294964046506,R1_baseline,
2025-12-26,KRW-XTZ,bear_volatile,4,3,0.0463529647837865,0.05949036918138042,0.0032105949633791514,0.011637239165329053,-0.02145057568734158,0.7791675429422998,83.0,0.0485,tp,0.06916052227342556,1,0.2070552147239244,-0.006134969325154893,R1_baseline,
2025-12-27,KRW-API3,bear_volatile,4,1,0.2618378812199037,0.27237158908507225,0.02377846894752684,0.042736757624398075,-0.038217071183246715,0.9613259668508287,17.0,0.01796107784431139,eod,0.01796107784431139,0,0.00882352941176312,-0.03970588235294259,R1_baseline,
2025-12-27,KRW-TOSHI,bear_volatile,4,2,0.2618378812199037,0.27237158908507225,0.02377846894752684,0.042736757624398075,-0.038217071183246715,0.9613259668508287,24.0,-0.0315,sl,-0.003777904328018221,0,0.006772009027072867,-0.04288939052134788,R1_baseline,
2025-12-27,KRW-BERA,bear_volatile,4,3,0.09100030099327781,0.14285714285714285,0.0016051364365971107,0.021370522724992475,-0.028867188762522557,0.6370021069529447,70.0,-0.0315,sl,-0.018097510373444037,0,0.0597652081109914,-0.025613660618997836,R1_baseline,
2025-12-28,KRW-LPT,bear_volatile,4,1,0.2618378812199037,0.22253436339921742,0.03651685393258427,0.021370522724992475,-0.03473936804959419,1.1766177466721282,11.0,-0.02542011147236417,eod,-0.02542011147236417,0,0.0027328626736504713,-0.048052835345024136,R1_baseline,
2025-12-28,KRW-BAT,bear_volatile,4,2,0.0463529647837865,0.05949036918138042,0.0016051364365971107,0.011637239165329053,-0.02145057568734158,0.7791675429422998,69.0,-0.0315,sl,-0.01996153846153842,0,0.006153846153843068,-0.03384615384615686,R1_baseline,
2025-12-28,KRW-LINEA,bear_volatile,4,3,0.0463529647837865,0.05949036918138042,0.0032105949633791514,0.011036420186615832,-0.02145057568734158,0.7791675429422998,76.0,-0.0315,sl,-0.038133663366336557,0,0.009999999999898979,-0.03800000000009629,R1_baseline,
2025-12-29,KRW-STRAX,bear_volatile,4,1,0.2618378812199037,0.27237158908507225,0.02377846894752684,0.1327247191011236,-0.038217071183246715,0.9613259668508287,26.0,0.0485,tp,0.08516666666666667,1,0.27272727272723163,-0.0454545454545765,R1_baseline,
2025-12-29,KRW-T,bear_volatile,4,2,0.2618378812199037,0.3267783686164342,0.03651685393258427,0.1327247191011236,-0.043157090789848855,0.8012705440954192,10.0,0.0060757575757577915,eod,0.0060757575757577915,0,-7.349676423018536e-14,-0.05147058823536377,R1_baseline,
2025-12-29,KRW-TOSHI,bear_volatile,4,3,0.2618378812199037,0.3267783686164342,0.047657268987659276,0.042736757624398075,-0.043157090789848855,0.8012705440954192,12.0,-0.01529310344827589,eod,-0.01529310344827589,0,-2.2123414211705494e-12,-0.053097345134838325,R1_baseline,
2025-12-30,KRW-HIVE,bear_volatile,4,1,0.2618378812199037,0.27237158908507225,0.02377846894752684,0.1327247191011236,-0.038217071183246715,0.9613259668508287,45.0,0.0485,tp,-0.02150000000000002,0,0.06535947712417611,-0.05228758169935255,R1_baseline,
2025-12-30,KRW-MMT,bear_volatile,4,2,0.2618378812199037,0.27237158908507225,0.047657268987659276,0.042736757624398075,-0.038217071183246715,0.9613259668508287,22.0,-0.0315,sl,-0.016205882352941126,0,-2.9976021664879227e-15,-0.051873198847265045,R1_baseline,
2025-12-30,KRW-WET,bear_volatile,4,3,0.2618378812199037,0.27237158908507225,0.047657268987659276,0.042736757624398075,-0.038217071183246715,0.9613259668508287,39.0,-0.0315,sl,-0.03981417624521072,0,0.030418250950566383,-0.0760456273764295,R1_baseline,
2026-01-01,KRW-BOUNTY,bear_volatile,4,1,0.2618378812199037,0.22253436339921742,0.012439807383627608,0.1327247191011236,-0.03473936804959419,1.1766177466721282,38.0,0.0018670033670034627,eod,0.0018670033670034627,0,0.0032786885245574826,-0.03934426229511334,R1_baseline,
2026-01-01,KRW-0G,bear_volatile,4,2,0.2618378812199037,0.3267783686164342,0.03651685393258427,0.011637239165329053,-0.043157090789848855,0.8012705440954192,31.0,0.0034610205527994555,eod,0.0034610205527994555,0,0.017470300489167867,-0.035639412997904185,R1_baseline,
2026-01-01,KRW-ID,bear_volatile,4,3,0.2618378812199037,0.3267783686164342,0.03651685393258427,0.1327247191011236,-0.043157090789848855,0.8012705440954192,26.0,-0.0315,sl,-0.045189320388349496,0,0.009708737864067896,-0.055339805825251887,R1_baseline,
2026-01-02,KRW-TIA,bear_quiet,4,1,0.2618378812199037,0.17586276083467095,0.012439807383627608,0.042736757624398075,-0.03136711177092888,1.488876212207644,30.0,0.0485,tp,0.06074066390041494,0,0.05801104972375537,-0.01381215469613395,R1_baseline,
2026-01-02,KRW-POL,bear_quiet,4,2,0.0242776886035313,0.021067415730337078,0.00030096308186195825,0.0004012841091492777,-0.015887629544782792,1.1523809523809525,62.0,0.0485,tp,0.0699285714285714,0,0.06451612903225112,-0.012903225806457974,R1_baseline,
2026-01-02,KRW-TOSHI,bear_quiet,4,3,0.06811797752808989,0.05949036918138042,0.00030096308186195825,0.011637239165329053,-0.02145057568734158,1.145025295109612,75.0,0.0485,tp,0.10857025761124112,0,0.12499999999734679,-0.009433962266487184,R1_baseline,
2026-01-03,KRW-WLFI,bear_quiet,4,1,0.0463529647837865,0.021067415730337078,0.00030096308186195825,0.0011036420186615833,-0.015887629544782792,2.2002207284037323,53.0,-0.0315,sl,0.1368928571428572,0,0.1741071428571377,-0.03125000000000433,R1_baseline,
2026-01-03,KRW-AQT,bear_quiet,4,2,0.031902086677367575,0.021067415730337078,0.00030096308186195825,0.0004012841091492777,-0.015887629544782792,1.5142857142857142,67.0,-0.0003492520138090303,eod,-0.0003492520138090303,0,0.00806451612903114,-0.019585253456222307,R1_baseline,
2026-01-03,KRW-LINK,bear_quiet,4,3,0.031902086677367575,0.021067415730337078,0.00030096308186195825,0.0004012841091492777,-0.015887629544782792,1.5142857142857142,27.0,-0.004087991718426496,eod,-0.004087991718426496,0,0.009379885356956663,-0.022928608650338744,R1_baseline,
2026-01-04,KRW-AUCTION,bear_quiet,4,1,0.0242776886035313,0.021067415730337078,0.00030096308186195825,0.0016051364365971107,-0.015887629544782792,1.1523809523809525,100.0,0.008964355788096791,eod,0.008964355788096791,0,0.025456919060052208,-0.013054830287206332,R1_baseline,
2026-01-04,KRW-MNT,bear_quiet,4,2,0.0242776886035313,0.021067415730337078,0.00030096308186195825,0.0011036420186615833,-0.015887629544782792,1.1523809523809525,91.0,0.001815649867374093,eod,0.001815649867374093,0,0.06381534283774548,-6.661338147750939e-16,R1_baseline,
2026-01-04,KRW-XLM,bear_quiet,4,3,0.0242776886035313,0.021067415730337078,0.00030096308186195825,0.0011036420186615833,-0.015887629544782792,1.1523809523809525,21.0,0.038500000000000034,eod,0.038500000000000034,0,0.05900621118012084,-0.006211180124226723,R1_baseline,
2026-01-05,KRW-QKC,bear_quiet,4,1,0.14135232744783308,0.10735426908799037,0.00030096308186195825,0.021370522724992475,-0.026170050657352464,1.316690324927619,49.0,0.017886106623586306,eod,0.017886106623586306,0,0.04361873990290088,-0.014539579967849159,R1_baseline,
2026-01-05,KRW-BTT,bear_quiet,4,2,0.0242776886035313,0.021067415730337078,0.00030096308186195825,0.0004012841091492777,-0.015887629544782792,1.1523809523809525,78.0,0.0485,tp,0.1148934426229507,0,0.1924342085650752,-0.008223685841737383,R1_baseline,
2026-01-05,KRW-ENS,bear_quiet,4,3,0.0242776886035313,0.021067415730337078,0.00030096308186195825,0.0004012841091492777,-0.015887629544782792,1.1523809523809525,56.0,0.0485,tp,0.04757161803713533,0,0.0743198407431982,-0.005972130059721414,R1_baseline,
2026-01-06,KRW-MLK,bear_quiet,4,1,0.0463529647837865,0.021067415730337078,0.00030096308186195825,0.0011036420186615833,-0.015887629544782792,2.2002207284037323,99.0,0.0485,tp,0.03389823008849563,0,0.19444444444443354,-9.2148511043888e-15,R1_baseline,
2026-01-06,KRW-SOL,bear_quiet,4,2,0.0242776886035313,0.021067415730337078,0.00030096308186195825,0.0,-0.015887629544782792,1.1523809523809525,5.0,0.030222054380664665,eod,0.030222054380664665,0,0.03849999999999998,-0.010000000000000009,R1_baseline,
2026-01-06,KRW-SIGN,bear_quiet,4,3,0.06811797752808989,0.05949036918138042,0.0016051364365971107,0.0032102728731942215,-0.02145057568734158,1.145025295109612,40.0,-0.0315,sl,-0.005039823008849585,0,-1.7430501486614958e-14,-0.045296167247403485,R1_baseline,
2026-01-07,KRW-WET,bear_quiet,4,1,0.09100030099327781,0.10735426908799037,0.0032105949633791514,0.0011036420186615833,-0.026170050657352464,0.8476635514018691,59.0,-0.0315,sl,-0.023971910112359607,0,0.018726591760295674,-0.05992509363296239,R1_baseline,
2026-01-07,KRW-DEEP,bear_quiet,4,2,0.2618378812199037,0.3267783686164342,0.02377846894752684,0.1327247191011236,-0.043157090789848855,0.8012705440954192,58.0,-0.0315,sl,-0.06165037593984962,0,0.01639344262293596,-0.07153502235470821,R1_baseline,
2026-01-07,KRW-QTUM,bear_quiet,4,3,0.2618378812199037,0.3267783686164342,0.03651685393258427,0.1327247191011236,-0.043157090789848855,0.8012705440954192,13.0,-0.0315,sl,-0.04266331096196868,0,0.053587647593096754,-0.03814713896457811,R1_baseline,
2026-01-08,KRW-LINK,bear_quiet,4,1,0.0242776886035313,0.021067415730337078,0.00030096308186195825,0.0,-0.015887629544782792,1.1523809523809525,35.0,-0.008668458781361963,eod,-0.008668458781361963,0,0.010209290454313402,-0.02654415518121489,R1_baseline,
2026-01-08,KRW-ELF,bear_quiet,4,2,0.09100030099327781,0.10735426908799037,0.00030096308186195825,0.011036420186615832,-0.026170050657352464,0.8476635514018691,98.0,0.0485,tp,0.13519064748201443,1,0.7426470588235166,-0.00735294117647789,R1_baseline,
2026-01-08,KRW-GMT,bear_quiet,4,3,0.14135232744783308,0.17586276083467095,0.006420545746388443,0.011637239165329053,-0.03136711177092888,0.8037649743297205,74.0,0.0485,tp,0.011211864406779628,0,0.08860759493666315,-0.029535864978943782,R1_baseline,
2026-01-09,KRW-PUNDIX,bear_quiet,4,1,0.14135232744783308,0.05949036918138042,0.0016051364365971107,0.011637239165329053,-0.02145057568734158,2.376053962900506,79.0,-0.02001851851851849,eod,-0.02001851851851849,0,0.002638522427437895,-0.029023746701849595,R1_baseline,
2026-01-09,KRW-ICX,bear_quiet,4,2,0.14135232744783308,0.17586276083467095,0.006420545746388443,0.021370522724992475,-0.03136711177092888,0.8037649743297205,94.0,0.007716589861751113,eod,0.007716589861751113,0,0.04018369690010304,-0.01377726750862196,R1_baseline,
2026-01-09,KRW-SONIC,bear_quiet,4,3,0.2618378812199037,0.3267783686164342,0.03651685393258427,0.1327247191011236,-0.043157090789848855,0.8012705440954192,29.0,-0.0315,sl,-0.05534615384615388,0,0.05511811023621216,-0.055118110236227924,R1_baseline,
2026-01-10,KRW-GLM,bear_quiet,4,1,0.2618378812199037,0.27237158908507225,0.012439807383627608,0.1327247191011236,-0.038217071183246715,0.9613259668508287,46.0,0.0485,tp,0.024690476190476096,0,0.048226950354607334,-0.021276595744683213,R1_baseline,
2026-01-10,KRW-TAIKO,bear_quiet,4,2,0.14135232744783308,0.17586276083467095,0.0032105949633791514,0.042736757624398075,-0.03136711177092888,0.8037649743297205,14.0,-0.019882352941176518,eod,-0.019882352941176518,0,0.061818181818177775,-0.03636363636363993,R1_baseline,
2026-01-10,KRW-BLAST,bear_quiet,4,3,0.2618378812199037,0.3267783686164342,0.012439807383627608,0.1327247191011236,-0.043157090789848855,0.8012705440954192,37.0,-0.0315,sl,-0.025309523809523837,0,0.00781249999921263,-0.04687500000074474,R1_baseline,
2026-01-11,KRW-AWE,bear_quiet,4,1,0.0242776886035313,0.021067415730337078,0.0032105949633791514,0.0004012841091492777,-0.015887629544782792,1.1523809523809525,32.0,-0.0315,sl,-0.03945966785290628,0,-1.1657341758564144e-14,-0.0526932084309244,R1_baseline,
2026-01-11,KRW-DKA,bear_quiet,4,2,0.2618378812199037,0.27237158908507225,0.02377846894752684,0.1327247191011236,-0.038217071183246715,0.9613259668508287,39.0,-0.0315,sl,-0.051500000000000046,0,0.0030120481926703135,-0.07730923694788394,R1_baseline,
2026-01-11,KRW-MOC,bear_quiet,4,3,0.2618378812199037,0.27237158908507225,0.02377846894752684,0.042736757624398075,-0.038217071183246715,0.9613259668508287,19.0,-0.029868794326241177,eod,-0.029868794326241177,0,0.03812824956670635,-0.0363951473137083,R1_baseline,
2026-01-12,KRW-MET2,bear_quiet,4,1,0.09100030099327781,0.10735426908799037,0.006420545746388443,0.011036420186615832,-0.026170050657352464,0.8476635514018691,75.0,-0.0315,sl,-0.009436507936507908,1,0.2046632124352299,-0.08290155440414748,R1_baseline,
2026-01-12,KRW-POKT,bear_quiet,4,2,0.14135232744783308,0.22253436339921742,0.03651685393258427,0.042736757624398075,-0.03473936804959419,0.6351932586440723,35.0,-0.0315,sl,-0.047185279187817175,0,0.004950495049455439,-0.09405940594063877,R1_baseline,
2026-01-12,KRW-PUMP,bear_quiet,4,3,0.2618378812199037,0.4380016051364366,0.09058988764044944,0.1327247191011236,-0.052756825642354566,0.5978011910215301,31.0,0.0485,tp,0.024214285714285577,0,0.10481586402234999,-0.033994334277894,R1_baseline,
2026-01-13,KRW-GLM,bear_quiet,4,1,0.2618378812199037,0.27237158908507225,0.02377846894752684,0.042736757624398075,-0.038217071183246715,0.9613259668508287,48.0,0.0485,tp,0.03290860215053765,0,0.1723404255319123,-0.012765957446810638,R1_baseline,
2026-01-13,KRW-CHZ,bear_quiet,4,2,0.2618378812199037,0.3267783686164342,0.047657268987659276,0.1327247191011236,-0.043157090789848855,0.8012705440954192,37.0,0.0485,tp,0.0653449197860963,0,0.09838274932613089,-1.3433698597964394e-14,R1_baseline,
2026-01-13,KRW-ORBS,bear_quiet,4,3,0.09100030099327781,0.14285714285714285,0.0032105949633791514,0.1327247191011236,-0.028867188762522557,0.6370021069529447,55.0,0.0485,tp,0.016792682926829283,0,0.04819277108427422,-0.018072289156685573,R1_baseline,
2026-01-14,KRW-LINK,bear_volatile,4,1,0.031902086677367575,0.021067415730337078,0.0016051364365971107,0.0,-0.015887629544782792,1.5142857142857142,38.0,-0.0024675858732463017,eod,-0.0024675858732463017,0,0.02284880894506558,-0.011667476908118646,R1_baseline,
2026-01-14,KRW-MANA,bear_volatile,4,2,0.2618378812199037,0.17586276083467095,0.006420545746388443,0.021370522724992475,-0.03136711177092888,1.488876212207644,59.0,-0.0315,sl,-0.028048672566371724,0,0.05963302752293087,-0.004587155963307277,R1_baseline,
2026-01-14,KRW-DRIFT,bear_volatile,4,3,0.2618378812199037,0.22253436339921742,0.012439807383627608,0.021370522724992475,-0.03473936804959419,1.1766177466721282,25.0,0.0485,tp,0.03931632653061229,0,0.16182572614107404,-0.00829875518672607,R1_baseline,
2026-01-15,KRW-BIGTIME,bear_quiet,4,1,0.2618378812199037,0.27237158908507225,0.03651685393258427,0.042736757624398075,-0.038217071183246715,0.9613259668508287,37.0,-0.0315,sl,-0.05625504322766589,0,-2.842170943040401e-14,-0.0852272727272988,R1_baseline,
2026-01-15,KRW-AXL,bear_quiet,4,2,0.2618378812199037,0.3267783686164342,0.02377846894752684,0.1327247191011236,-0.043157090789848855,0.8012705440954192,33.0,-0.0315,sl,-0.03658771929824561,0,-8.548717289613705e-15,-0.06896551724138733,R1_baseline,
2026-01-15,KRW-COW,bear_quiet,4,3,0.2618378812199037,0.3267783686164342,0.02377846894752684,0.1327247191011236,-0.043157090789848855,0.8012705440954192,57.0,-0.0315,sl,-0.09033248730964466,0,0.025706940874033357,-0.08483290488432116,R1_baseline,
2026-01-16,KRW-MOCA,bear_quiet,4,1,0.2618378812199037,0.3267783686164342,0.047657268987659276,0.021370522724992475,-0.043157090789848855,0.8012705440954192,18.0,-0.0315,sl,0.019712121212121236,0,0.026865671641760347,-0.044776119403013626,R1_baseline,
2026-01-16,KRW-BOUNTY,bear_quiet,4,2,0.2618378812199037,0.4380016051364366,0.09058988764044944,0.042736757624398075,-0.052756825642354566,0.5978011910215301,55.0,0.0485,tp,-0.051189440993788804,0,0.18706697459581556,-2.3092638912203256e-14,R1_baseline,
2026-01-16,KRW-CHZ,bear_quiet,4,3,0.2618378812199037,0.4380016051364366,0.09058988764044944,0.1327247191011236,-0.052756825642354566,0.5978011910215301,20.0,-0.0026723329425555873,eod,-0.0026723329425555873,0,0.03962703962702774,-0.01981351981353119,R1_baseline,
2026-01-17,KRW-1INCH,bear_quiet,4,1,0.2618378812199037,0.22253436339921742,0.006420545746388443,0.042736757624398075,-0.03473936804959419,1.1766177466721282,34.0,-0.014052301255230102,eod,-0.014052301255230102,0,0.008368200836815998,-0.016736401673644208,R1_baseline,
2026-01-17,KRW-META,bear_quiet,4,2,0.14135232744783308,0.14285714285714285,0.02377846894752684,0.011637239165329053,-0.028867188762522557,0.9894662921348316,74.0,0.0042803468208090795,eod,0.0042803468208090795,0,0.04022988505741165,-0.022988505747182364,R1_baseline,
2026-01-17,KRW-XTZ,bear_quiet,4,3,0.2618378812199037,0.27237158908507225,0.006420545746388443,0.021370522724992475,-0.038217071183246715,0.9613259668508287,40.0,-0.0315,sl,-0.02761534276387373,0,0.01641137855579755,-0.03391684901531833,R1_baseline,
2026-01-18,KRW-TT,bear_quiet,4,1,0.2618378812199037,0.17586276083467095,0.012439807383627608,0.021370522724992475,-0.03136711177092888,1.488876212207644,51.0,-0.0315,sl,-0.04451075268817212,0,-5.319078510979125e-13,-0.047872340426038384,R1_baseline,
2026-01-18,KRW-MOCA,bear_quiet,4,2,0.2618378812199037,0.22253436339921742,0.02377846894752684,0.1327247191011236,-0.03473936804959419,1.1766177466721282,72.0,0.0485,tp,-0.06193956043956034,0,0.0641711229946238,-0.05080213903745856,R1_baseline,
2026-01-18,KRW-IMX,bear_quiet,4,3,0.2618378812199037,0.27237158908507225,0.012439807383627608,0.042736757624398075,-0.038217071183246715,0.9613259668508287,31.0,-0.0315,sl,-0.1366351351351351,0,0.036613272311210476,-0.07093821510297704,R1_baseline,
2026-01-19,KRW-BIO,bear_quiet,4,1,0.2618378812199037,0.3267783686164342,0.03651685393258427,0.1327247191011236,-0.043157090789848855,0.8012705440954192,29.0,0.0485,tp,0.07862326656394442,0,0.037681159420274835,-0.10144927536233184,R1_baseline,
2026-01-19,KRW-BLAST,bear_quiet,4,2,0.2618378812199037,0.3267783686164342,0.03651685393258427,0.042736757624398075,-0.043157090789848855,0.8012705440954192,25.0,-0.010047008547008516,eod,-0.010047008547008516,0,0.008064516128219346,-0.08870967742008995,R1_baseline,
2026-01-19,KRW-MOVE,bear_quiet,4,3,0.2618378812199037,0.4380016051364366,0.047657268987659276,0.1327247191011236,-0.052756825642354566,0.5978011910215301,10.0,-0.0315,sl,-0.0449782608695653,0,-1.6986412276764895e-14,-0.11224489795919868,R1_baseline,
2026-01-20,KRW-ZBT,bear_quiet,4,1,0.2618378812199037,0.14285714285714285,0.006420545746388443,0.0016051364365971107,-0.028867188762522557,1.832865168539326,50.0,-0.0315,sl,-0.048166666666666635,0,0.06802721088434649,-0.061224489795924764,R1_baseline,
2026-01-20,KRW-KITE,bear_quiet,4,2,0.2618378812199037,0.3267783686164342,0.02377846894752684,0.1327247191011236,-0.043157090789848855,0.8012705440954192,27.0,-0.0315,sl,0.005302721088435382,0,-6.661338147750939e-15,-0.04697986577181845,R1_baseline,
2026-01-20,KRW-XTZ,bear_quiet,4,3,0.14135232744783308,0.22253436339921742,0.02377846894752684,0.042736757624398075,-0.03473936804959419,0.6351932586440723,65.0,-0.0315,sl,-0.07842307692307687,0,-1.1102230246251565e-15,-0.09350935093509449,R1_baseline,
2026-01-21,KRW-META,bear_volatile,4,1,0.14135232744783308,0.17586276083467095,0.09058988764044944,0.042736757624398075,-0.03136711177092888,0.8037649743297205,69.0,0.009994252873563316,eod,0.009994252873563316,0,0.017142857142799173,-0.03428571428576943,R1_baseline,
2026-01-21,KRW-HP,bear_volatile,4,2,0.2618378812199037,0.4380016051364366,0.047657268987659276,0.1327247191011236,-0.052756825642354566,0.5978011910215301,23.0,0.01662688821752273,eod,0.01662688821752273,0,-2.90878432451791e-14,-0.055232558139562404,R1_baseline,
2026-01-21,KRW-MED,bear_volatile,4,3,0.2618378812199037,0.4380016051364366,0.09058988764044944,0.1327247191011236,-0.052756825642354566,0.5978011910215301,11.0,0.0485,tp,0.025226057906458765,0,0.0652173913041163,-0.05217391304368424,R1_baseline,
2026-01-22,KRW-ZBT,bear_volatile,4,1,0.2618378812199037,0.17586276083467095,0.0016051364365971107,0.021370522724992475,-0.03136711177092888,1.488876212207644,48.0,0.026669014084507003,eod,0.026669014084507003,0,0.006944444444437536,-0.04166666666667329,R1_baseline,
2026-01-22,KRW-KITE,bear_volatile,4,2,0.2618378812199037,0.27237158908507225,0.02377846894752684,0.042736757624398075,-0.038217071183246715,0.9613259668508287,39.0,0.0485,tp,0.036474683544303776,0,0.06249999999999334,-0.01875000000000615,R1_baseline,
2026-01-22,KRW-DEEP,bear_volatile,4,3,0.2618378812199037,0.27237158908507225,0.03651685393258427,0.1327247191011236,-0.038217071183246715,0.9613259668508287,51.0,-0.009791873963515716,eod,-0.009791873963515716,0,0.03678929765884553,-0.010033444816070047,R1_baseline,
2026-01-23,KRW-BORA,bear_volatile,4,1,0.2618378812199037,0.3267783686164342,0.03651685393258427,0.1327247191011236,-0.043157090789848855,0.8012705440954192,10.0,-0.0315,sl,0.01658066759388027,0,0.023287671232862905,-0.05068493150686226,R1_baseline,
2026-01-23,KRW-0G,bear_volatile,4,2,0.2618378812199037,0.3267783686164342,0.09058988764044944,0.1327247191011236,-0.043157090789848855,0.8012705440954192,9.0,-0.0315,sl,0.1808529411764706,1,0.2917685411572932,-0.008964955175224887,R1_baseline,
2026-01-23,KRW-ENSO,bear_volatile,4,3,0.2618378812199037,0.3267783686164342,0.09058988764044944,0.042736757624398075,-0.043157090789848855,0.8012705440954192,14.0,0.0485,tp,0.21446724667349032,1,0.45268817204300915,-0.008602150537635467,R1_baseline,
2026-01-24,KRW-ORDER,bear_volatile,4,1,0.2618378812199037,0.17586276083467095,0.012439807383627608,0.021370522724992475,-0.03136711177092888,1.488876212207644,61.0,-0.0315,sl,0.20188983050847448,1,0.3247863247863134,-0.025641025641033877,R1_baseline,
2026-01-24,KRW-SOMI,bear_volatile,4,2,0.2618378812199037,0.22253436339921742,0.02377846894752684,0.042736757624398075,-0.03473936804959419,1.1766177466721282,44.0,0.0485,tp,0.6978243243243244,1,0.7759197324414655,-0.026755852842812677,R1_baseline,
2026-01-24,KRW-KITE,bear_volatile,4,3,0.2618378812199037,0.27237158908507225,0.012439807383627608,0.042736757624398075,-0.038217071183246715,0.9613259668508287,64.0,-0.0315,sl,0.004313953488372104,0,0.011560693641612607,-0.0578034682080979,R1_baseline,
2026-01-25,KRW-NEWT,bear_volatile,4,1,0.2618378812199037,0.27237158908507225,0.047657268987659276,0.1327247191011236,-0.038217071183246715,0.9613259668508287,55.0,0.0485,tp,-0.1008788819875776,0,0.17088607594935978,-0.07594936708861344,R1_baseline,
2026-01-25,KRW-FLUID,bear_volatile,4,2,0.14135232744783308,0.17586276083467095,0.012439807383627608,0.021370522724992475,-0.03136711177092888,0.8037649743297205,76.0,-0.0315,sl,-0.2949343434343434,1,0.7494850669412971,-2.220446049250313e-16,R1_baseline,
2026-01-25,KRW-HYPER,bear_volatile,4,3,0.14135232744783308,0.17586276083467095,0.012439807383627608,0.021370522724992475,-0.03136711177092888,0.8037649743297205,92.0,0.0485,tp,-0.028527027027026974,0,0.09729729729729142,-0.054054054054059164,R1_baseline,
2026-01-26,KRW-ASTR,bear_volatile,4,1,0.2618378812199037,0.22253436339921742,0.03651685393258427,0.1327247191011236,-0.03473936804959419,1.1766177466721282,98.0,0.0485,tp,-0.013922360248447228,1,0.26543209876535423,-0.02469135802475142,R1_baseline,
2026-01-26,KRW-HOLO,bear_volatile,4,2,0.2618378812199037,0.3267783686164342,0.047657268987659276,0.042736757624398075,-0.043157090789848855,0.8012705440954192,35.0,-0.0315,sl,-0.030071428571428582,0,-9.43689570931383e-15,-0.06603773584906536,R1_baseline,
2026-01-26,KRW-NEWT,bear_volatile,4,3,0.2618378812199037,0.3267783686164342,0.047657268987659276,0.042736757624398075,-0.043157090789848855,0.8012705440954192,47.0,-0.0315,sl,-0.008396551724137944,0,0.08163265306121725,-0.04761904761905411,R1_baseline,
2026-01-27,KRW-ZRX,bear_volatile,4,1,0.2618378812199037,0.22253436339921742,0.03651685393258427,0.042736757624398075,-0.03473936804959419,1.1766177466721282,48.0,-0.0315,sl,-0.00670833333333337,0,0.010204081632647855,-0.05102040816327014,R1_baseline,
2026-01-27,KRW-F,bear_volatile,4,2,0.2618378812199037,0.27237158908507225,0.03651685393258427,0.042736757624398075,-0.038217071183246715,0.9613259668508287,25.0,0.0015832476875641834,eod,0.0015832476875641834,0,0.013039117351954399,-0.044132397191670725,R1_baseline,
2026-01-27,KRW-RVN,bear_volatile,4,3,0.2618378812199037,0.27237158908507225,0.03651685393258427,0.042736757624398075,-0.038217071183246715,0.9613259668508287,33.0,0.0485,tp,0.008303921568627639,0,0.03846153846143863,-0.028846153846247335,R1_baseline,
2026-01-28,KRW-PYTH,bear_volatile,4,1,0.2618378812199037,0.22253436339921742,0.006420545746388443,0.1327247191011236,-0.03473936804959419,1.1766177466721282,32.0,0.0485,tp,0.03198214285714279,0,0.08738938053096135,-0.02986725663717882,R1_baseline,
2026-01-28,KRW-MET2,bear_volatile,4,2,0.2618378812199037,0.22253436339921742,0.03651685393258427,0.042736757624398075,-0.03473936804959419,1.1766177466721282,72.0,-0.014287723785166238,eod,-0.014287723785166238,0,0.025380710659895778,-0.027918781725890796,R1_baseline,
2026-01-28,KRW-BEAM,bear_volatile,4,3,0.2618378812199037,0.27237158908507225,0.012439807383627608,0.1327247191011236,-0.038217071183246715,0.9613259668508287,50.0,-0.0315,sl,-0.0785833333333334,0,0.006211180124015225,-0.07867494824035637,R1_baseline,
2026-01-29,KRW-ARKM,bear_volatile,4,1,0.2618378812199037,0.17586276083467095,0.012439807383627608,0.042736757624398075,-0.03136711177092888,1.488876212207644,43.0,-0.0315,sl,-0.10467460317460314,0,0.0038461538461498357,-0.14615384615384952,R1_baseline,
2026-01-29,KRW-JST,bear_volatile,4,2,0.14135232744783308,0.17586276083467095,0.03651685393258427,0.011637239165329053,-0.03136711177092888,0.8037649743297205,74.0,0.0031728971962617382,eod,0.0031728971962617382,0,0.018489984591663733,-0.03697996918337387,R1_baseline,
2026-01-29,KRW-FLUID,bear_volatile,4,3,0.2618378812199037,0.4380016051364366,0.047657268987659276,0.1327247191011236,-0.052756825642354566,0.5978011910215301,14.0,-0.0315,sl,-0.10657163975437794,0,-2.220446049250313e-16,-0.12654529107664658,R1_baseline,
2026-01-30,KRW-ZKC,bear_volatile,4,1,0.2618378812199037,0.3267783686164342,0.047657268987659276,0.011637239165329053,-0.043157090789848855,0.8012705440954192,80.0,-0.0315,sl,0.0699285714285714,1,0.21428571428570709,-0.04761904761905322,R1_baseline,
2026-01-30,KRW-ZRO,bear_volatile,4,2,0.2618378812199037,0.3267783686164342,0.09058988764044944,0.1327247191011236,-0.043157090789848855,0.8012705440954192,39.0,-0.0315,sl,-0.10711370123691727,0,0.017583120204603286,-0.10070332480818445,R1_baseline,
2026-01-30,KRW-FCT2,bear_volatile,4,3,0.2618378812199037,0.4380016051364366,0.047657268987659276,0.1327247191011236,-0.052756825642354566,0.5978011910215301,22.0,-0.0315,sl,-0.06224766355140171,0,-4.440892098500626e-14,-0.12888888888892747,R1_baseline,
2026-01-31,KRW-DRIFT,bear_volatile,4,1,0.2618378812199037,0.27237158908507225,0.047657268987659276,0.021370522724992475,-0.038217071183246715,0.9613259668508287,47.0,-0.0315,sl,-0.11199723756906083,0,0.005494505494499924,-0.1978021978022022,R1_baseline,
2026-01-31,KRW-NXPC,bear_volatile,4,2,0.14135232744783308,0.17586276083467095,0.012439807383627608,0.042736757624398075,-0.03136711177092888,0.8037649743297205,73.0,-0.0315,sl,-0.0067816901408451185,0,-1.7763568394002505e-15,-0.08551483420593531,R1_baseline,
2026-01-31,KRW-BREV,bear_volatile,4,3,0.2618378812199037,0.3267783686164342,0.047657268987659276,0.042736757624398075,-0.043157090789848855,0.8012705440954192,24.0,-0.0315,sl,-0.1634718309859155,0,0.02439024390243527,-0.2160278745644627,R1_baseline,
2026-02-01,KRW-LAYER,bear_volatile,4,1,0.2618378812199037,0.3267783686164342,0.09058988764044944,0.021370522724992475,-0.043157090789848855,0.8012705440954192,65.0,-0.0315,sl,-0.045803797468354446,0,0.056962025316449116,-0.06962025316456277,R1_baseline,
2026-02-01,KRW-META,bear_volatile,4,2,0.2618378812199037,0.4380016051364366,0.03651685393258427,0.042736757624398075,-0.052756825642354566,0.5978011910215301,25.0,-0.0315,sl,-0.03334713375796178,0,0.03797468354423805,-0.10126582278486707,R1_baseline,
2026-02-01,KRW-JTO,bear_volatile,4,3,0.2618378812199037,0.4380016051364366,0.047657268987659276,0.011637239165329053,-0.052756825642354566,0.5978011910215301,74.0,-0.0315,sl,-0.08845652173913049,0,0.02386117136659216,-0.11279826464208442,R1_baseline,
2026-02-02,KRW-SUPER,bear_volatile,4,1,0.2618378812199037,0.22253436339921742,0.03651685393258427,0.011637239165329053,-0.03473936804959419,1.1766177466721282,92.0,-0.0315,sl,0.012198630136986357,0,0.05529953917050201,-0.032258064516133444,R1_baseline,
2026-02-02,KRW-AHT,bear_volatile,4,2,0.2618378812199037,0.3267783686164342,0.047657268987659276,0.1327247191011236,-0.043157090789848855,0.8012705440954192,60.0,-0.0315,sl,-0.08800519031141868,0,0.08614232209697148,-0.0561797752812524,R1_baseline,
2026-02-02,KRW-DRIFT,bear_volatile,4,3,0.2618378812199037,0.3267783686164342,0.047657268987659276,0.021370522724992475,-0.043157090789848855,0.8012705440954192,63.0,0.0485,tp,-0.007634969325153338,0,0.09374999999999312,-0.04375000000000595,R1_baseline,
2026-02-03,KRW-AERO,bear_volatile,4,1,0.2618378812199037,0.22253436339921742,0.03651685393258427,0.021370522724992475,-0.03473936804959419,1.1766177466721282,88.0,-0.0315,sl,-0.07040756302521006,0,0.006666666666665044,-0.08500000000000152,R1_baseline,
2026-02-03,KRW-JUP,bear_volatile,4,2,0.2618378812199037,0.27237158908507225,0.03651685393258427,0.1327247191011236,-0.038217071183246715,0.9613259668508287,36.0,0.0485,tp,0.02727697841726623,0,0.11071428571428155,-0.014285714285717899,R1_baseline,
2026-02-03,KRW-SAHARA,bear_volatile,4,3,0.14135232744783308,0.17586276083467095,0.012439807383627608,0.011036420186615832,-0.03136711177092888,0.8037649743297205,99.0,-0.0315,sl,-0.04529562043795615,0,0.02166064981945781,-0.0722021660650154,R1_baseline,
2026-02-04,KRW-COMP,bear_volatile,4,1,0.2618378812199037,0.17586276083467095,0.006420545746388443,0.021370522724992475,-0.03136711177092888,1.488876212207644,48.0,-0.011175190048375914,eod,-0.011175190048375914,0,0.02042205582028589,-0.03880190605854328,R1_baseline,
2026-02-04,KRW-WAL,bear_volatile,4,2,0.2618378812199037,0.27237158908507225,0.047657268987659276,0.021370522724992475,-0.038217071183246715,0.9613259668508287,90.0,-0.0315,sl,-0.037731884057971066,0,0.021739130434775156,-0.05072463768116631,R1_baseline,
2026-02-04,KRW-ASTR,bear_volatile,4,3,0.2618378812199037,0.3267783686164342,0.047657268987659276,0.1327247191011236,-0.043157090789848855,0.8012705440954192,33.0,-0.0315,sl,-0.009500000000000007,0,-7.749356711883593e-14,-0.06201550387604171,R1_baseline,
2026-02-05,KRW-OP,bear_volatile,4,1,0.2618378812199037,0.14285714285714285,0.03651685393258427,0.011036420186615832,-0.028867188762522557,1.832865168539326,67.0,-0.0315,sl,-0.23060216718266252,0,0.00925925925925597,-0.17901234567901492,R1_baseline,
2026-02-05,KRW-KITE,bear_volatile,4,2,0.2618378812199037,0.27237158908507225,0.02377846894752684,0.042736757624398075,-0.038217071183246715,0.9613259668508287,46.0,-0.0315,sl,-0.16059090909090906,0,-4.440892098500626e-15,-0.17117117117117486,R1_baseline,
2026-02-05,KRW-MON,bear_volatile,4,3,0.2618378812199037,0.3267783686164342,0.047657268987659276,0.042736757624398075,-0.043157090789848855,0.8012705440954192,50.0,-0.0315,sl,-0.16356896551724137,0,0.006849315068458761,-0.14726027397263197,R1_baseline,
2026-02-06,KRW-SENT,bear_volatile,4,1,0.2618378812199037,0.4380016051364366,0.09058988764044944,0.042736757624398075,-0.052756825642354566,0.5978011910215301,12.0,-0.0315,sl,0.12914133016627077,0,0.055674518201262124,-0.14346895074948307,R1_baseline,
2026-02-06,KRW-XRP,bear_volatile,4,2,0.2618378812199037,0.4380016051364366,0.27036516853932585,0.042736757624398075,-0.052756825642354566,0.5978011910215301,1.0,0.0485,tp,0.29331132075471694,1,0.2798216276477139,-0.07580824972129363,R1_baseline,
2026-02-06,KRW-BERA,bear_volatile,4,3,0.2618378812199037,0.6690409309791332,0.09058988764044944,0.1327247191011236,-0.07574217714269121,0.39136302294197034,60.0,-0.0315,sl,0.4320260115606936,1,0.6889692585895086,-0.09764918625678287,R1_baseline,
2026-02-07,KRW-XAUT,bear_volatile,4,1,0.0242776886035313,0.021067415730337078,0.0016051364365971107,0.0016051364365971107,-0.015887629544782792,1.1523809523809525,40.0,0.008963995594107045,eod,0.008963995594107045,0,0.0067123287671233545,-0.018493150684931514,R1_baseline,
2026-02-07,KRW-BTT,bear_volatile,4,2,0.2618378812199037,0.27237158908507225,0.0032105949633791514,0.042736757624398075,-0.038217071183246715,0.9613259668508287,39.0,-0.0315,sl,-0.019608651911468933,0,0.0019762826047897697,-0.06324110857066989,R1_baseline,
2026-02-07,KRW-XEC,bear_volatile,4,3,0.2618378812199037,0.3267783686164342,0.047657268987659276,0.042736757624398075,-0.043157090789848855,0.8012705440954192,92.0,-0.0315,sl,-0.04150000000000004,0,-7.936507007144655e-11,-0.07936507943814575,R1_baseline,
2026-02-08,KRW-COW,bear_volatile,4,1,0.2618378812199037,0.3267783686164342,0.047657268987659276,0.1327247191011236,-0.043157090789848855,0.8012705440954192,85.0,0.0025000000000000035,eod,0.0025000000000000035,0,0.00392156862744697,-0.04313725490196452,R1_baseline,
2026-02-08,KRW-XAUT,bear_volatile,4,2,0.014548008427811778,0.021067415730337078,0.00030096308186195825,0.0,-0.015887629544782792,0.6905454667067991,52.0,0.012122122326658604,eod,0.012122122326658604,0,0.02085320975875704,-0.003816273681341187,R1_baseline,
2026-02-08,KRW-AWE,bear_volatile,4,3,0.2618378812199037,0.4380016051364366,0.03651685393258427,0.021370522724992475,-0.052756825642354566,0.5978011910215301,50.0,0.0485,tp,0.007590909090909039,0,0.07207207207206245,-0.03603603603604466,R1_baseline,
2026-02-09,KRW-XAUT,bear_volatile,4,1,0.014548008427811778,0.021067415730337078,0.00030096308186195825,0.0,-0.015887629544782792,0.6905454667067991,30.0,-0.006069892473118231,eod,-0.006069892473118231,0,0.0012041744715012292,-0.01739363125501736,R1_baseline,
2026-02-09,KRW-HP,bear_volatile,4,2,0.09100030099327781,0.14285714285714285,0.006420545746388443,0.042736757624398075,-0.028867188762522557,0.6370021069529447,79.0,-0.0315,sl,-0.04135507246376818,0,0.047101449275324336,-0.08333333333336657,R1_baseline,
2026-02-09,KRW-JST,bear_volatile,4,3,0.06811797752808989,0.10735426908799037,0.0016051364365971107,0.0016051364365971107,-0.026170050657352464,0.6345157775910952,92.0,0.019233652312599603,eod,0.019233652312599603,0,0.022292993630556923,-0.030254777070079175,R1_baseline,
2026-02-10,KRW-AWE,bear_volatile,4,1,0.2618378812199037,0.3267783686164342,0.02377846894752684,0.042736757624398075,-0.043157090789848855,0.8012705440954192,58.0,0.0485,tp,-0.0015,0,0.049999999999991385,-0.025000000000008127,R1_baseline,
2026-02-10,KRW-PUNDIX,bear_volatile,4,2,0.14135232744783308,0.22253436339921742,0.02377846894752684,0.011637239165329053,-0.03473936804959419,0.6351932586440723,55.0,-0.017826530612244873,eod,-0.017826530612244873,0,-3.9968028886505635e-15,-0.03643724696356665,R1_baseline,
2026-02-10,KRW-G,bear_volatile,4,3,0.2618378812199037,0.4380016051364366,0.047657268987659276,0.042736757624398075,-0.052756825642354566,0.5978011910215301,60.0,0.0485,tp,0.021450819672131305,0,0.057722308892190766,-0.11076443057736185,R1_baseline,
2026-02-11,KRW-F,bear_volatile,4,1,0.2618378812199037,0.3267783686164342,0.047657268987659276,0.042736757624398075,-0.043157090789848855,0.8012705440954192,67.0,0.0485,tp,0.050301801801801604,0,0.08916478555292451,-0.004514672686342536,R1_baseline,
2026-02-11,KRW-KAITO,bear_volatile,4,2,0.2618378812199037,0.4380016051364366,0.047657268987659276,0.042736757624398075,-0.052756825642354566,0.5978011910215301,27.0,-0.0315,sl,0.02464379084967311,0,0.13566739606126665,-0.05689277899343759,R1_baseline,
2026-02-11,KRW-MOCA,bear_volatile,4,3,0.2618378812199037,0.4380016051364366,0.047657268987659276,0.1327247191011236,-0.052756825642354566,0.5978011910215301,24.0,-0.0315,sl,0.037801310043668324,0,0.030172413793059016,-0.06034482758624726,R1_baseline,
2026-02-12,KRW-CYBER,bear_volatile,4,1,0.2618378812199037,0.4380016051364366,0.047657268987659276,0.1327247191011236,-0.052756825642354566,0.5978011910215301,88.0,-0.02500176263219739,eod,-0.02500176263219739,0,0.031286210892235156,-0.0451911935110092,R1_baseline,
2026-02-12,KRW-FLOCK,bear_volatile,4,2,0.2618378812199037,0.4380016051364366,0.09058988764044944,0.1327247191011236,-0.052756825642354566,0.5978011910215301,28.0,0.0485,tp,-0.03081937172774868,0,0.08858057630735239,-0.03521878335113082,R1_baseline,
2026-02-12,KRW-OPEN,bear_volatile,4,3,0.2618378812199037,0.4380016051364366,0.09058988764044944,0.1327247191011236,-0.052756825642354566,0.5978011910215301,27.0,-0.0315,sl,-0.1039734982332155,0,0.035842293906806155,-0.10035842293907138,R1_baseline,
2026-02-13,KRW-AERO,bear_volatile,4,1,0.2618378812199037,0.22253436339921742,0.012439807383627608,0.042736757624398075,-0.03473936804959419,1.1766177466721282,52.0,-0.0315,sl,0.02602293577981657,0,0.03432494279175957,-0.0457665903890182,R1_baseline,
2026-02-13,KRW-CKB,bear_volatile,4,2,0.14135232744783308,0.14285714285714285,0.012439807383627608,0.021370522724992475,-0.028867188762522557,0.9894662921348316,99.0,0.027666666666666784,eod,0.027666666666666784,0,0.046025104602072764,-0.025104602510868212,R1_baseline,
2026-02-13,KRW-BLAST,bear_volatile,4,3,0.2618378812199037,0.3267783686164342,0.012439807383627608,0.1327247191011236,-0.043157090789848855,0.8012705440954192,55.0,0.0485,tp,0.06220192307692313,0,0.04240282685389585,-0.028268551237893624,R1_baseline,
2026-02-14,KRW-FCT2,bear_volatile,4,1,0.2618378812199037,0.17586276083467095,0.02377846894752684,0.042736757624398075,-0.03136711177092888,1.488876212207644,70.0,0.0485,tp,0.039109137055837684,0,0.07960199004969759,-0.034825870646814194,R1_baseline,
2026-02-14,KRW-ERA,bear_volatile,4,2,0.2618378812199037,0.22253436339921742,0.006420545746388443,0.021370522724992475,-0.03473936804959419,1.1766177466721282,58.0,-0.0056322314049586635,eod,-0.0056322314049586635,0,0.02880658436213568,-0.01646090534979827,R1_baseline,
2026-02-14,KRW-WAL,bear_volatile,4,3,0.14135232744783308,0.14285714285714285,0.012439807383627608,0.021370522724992475,-0.028867188762522557,0.9894662921348316,91.0,-0.0315,sl,0.03818253968253976,0,0.047619047619039456,-0.03968253968254731,R1_baseline,
2026-02-15,KRW-ARKM,bear_volatile,4,1,0.2618378812199037,0.14285714285714285,0.012439807383627608,0.042736757624398075,-0.028867188762522557,1.832865168539326,77.0,-0.0315,sl,-0.03954347826086951,0,0.005405405405400021,-0.07027027027027521,R1_baseline,
2026-02-15,KRW-SUPER,bear_volatile,4,2,0.14135232744783308,0.14285714285714285,0.0032105949633791514,0.021370522724992475,-0.028867188762522557,0.9894662921348316,96.0,-0.0315,sl,-0.037032994923857865,0,-4.9960036108132044e-15,-0.08542713567839655,R1_baseline,
2026-02-15,KRW-LINEA,bear_volatile,4,3,0.2618378812199037,0.27237158908507225,0.02377846894752684,0.042736757624398075,-0.038217071183246715,0.9613259668508287,54.0,-0.0315,sl,-0.038213286713286665,0,0.008620689654998515,-0.07586206896567649,R1_baseline,
2026-02-16,KRW-AWE,bear_volatile,4,1,0.2618378812199037,0.3267783686164342,0.03651685393258427,0.042736757624398075,-0.043157090789848855,0.8012705440954192,62.0,-0.0315,sl,0.02727697841726623,0,0.050724637681151874,-0.06521739130435456,R1_baseline,
2026-02-16,KRW-COW,bear_volatile,4,2,0.2618378812199037,0.3267783686164342,0.047657268987659276,0.042736757624398075,-0.043157090789848855,0.8012705440954192,71.0,0.0485,tp,-0.0015,0,0.08496732026143428,-0.03267973856209472,R1_baseline,
2026-02-16,KRW-FF,bear_volatile,4,3,0.0463529647837865,0.05949036918138042,0.0016051364365971107,0.0004012841091492777,-0.02145057568734158,0.7791675429422998,73.0,0.0485,tp,0.04087288135593231,0,0.059322033898296045,-0.008474576271194745,R1_baseline,
2026-02-17,KRW-SUPER,bear_volatile,4,1,0.2618378812199037,0.3267783686164342,0.03651685393258427,0.1327247191011236,-0.043157090789848855,0.8012705440954192,15.0,-0.0315,sl,-0.011704081632653072,0,0.005050505050500087,-0.040404040404045216,R1_baseline,
2026-02-17,KRW-AQT,bear_volatile,4,2,0.2618378812199037,0.3267783686164342,0.047657268987659276,0.1327247191011236,-0.043157090789848855,0.8012705440954192,41.0,-0.0315,sl,-0.04433965728274175,0,0.0342717258261922,-0.052631578947369584,R1_baseline,
2026-02-17,KRW-BOUNTY,bear_volatile,4,3,0.2618378812199037,0.3267783686164342,0.047657268987659276,0.021370522724992475,-0.043157090789848855,0.8012705440954192,57.0,0.0485,tp,-0.041048022598870026,0,0.18694362017800614,-0.014836795252254786,R1_baseline,
2026-02-18,KRW-CTC,bear_volatile,4,1,0.2618378812199037,0.3267783686164342,0.03651685393258427,0.021370522724992475,-0.043157090789848855,0.8012705440954192,85.0,-0.0315,sl,-0.04497826086956519,0,0.003906249999996003,-0.058593750000003775,R1_baseline,
2026-02-18,KRW-WET,bear_volatile,4,2,0.2618378812199037,0.3267783686164342,0.03651685393258427,0.042736757624398075,-0.043157090789848855,0.8012705440954192,45.0,0.0485,tp,-0.048744094488189005,0,0.10077519379844113,-0.05426356589148018,R1_baseline,
2026-02-18,KRW-ALT,bear_volatile,4,3,0.09100030099327781,0.14285714285714285,0.0016051364365971107,0.011637239165329053,-0.028867188762522557,0.6370021069529447,75.0,0.0485,tp,-0.07073076923076921,0,0.10077519379836408,-0.06201550387604171,R1_baseline,
2026-02-19,KRW-ORBS,bear_volatile,4,1,0.2618378812199037,0.27237158908507225,0.02377846894752684,0.042736757624398075,-0.038217071183246715,0.9613259668508287,52.0,0.0485,tp,0.2280081967213115,1,0.3039999999998957,-0.03200000000007752,R1_baseline,
2026-02-19,KRW-SOMI,bear_volatile,4,2,0.14135232744783308,0.22253436339921742,0.012439807383627608,0.1327247191011236,-0.03473936804959419,0.6351932586440723,81.0,0.0485,tp,0.0746245674740485,0,0.078231292517003,-0.04081632653061562,R1_baseline,
2026-02-19,KRW-ATOM,bear_volatile,4,3,0.2618378812199037,0.4380016051364366,0.03651685393258427,0.1327247191011236,-0.052756825642354566,0.5978011910215301,19.0,-0.0315,sl,-0.019232558139534894,0,0.007758620689654938,-0.04137931034482789,R1_baseline,
2026-02-20,KRW-DEEP,bear_volatile,4,1,0.14135232744783308,0.17586276083467095,0.012439807383627608,0.011036420186615832,-0.03136711177092888,0.8037649743297205,74.0,0.0485,tp,0.07331296758104738,0,0.12030075187967126,-0.010025062656666472,R1_baseline,
2026-02-20,KRW-MED,bear_volatile,4,2,0.14135232744783308,0.17586276083467095,0.012439807383627608,0.021370522724992475,-0.03136711177092888,0.8037649743297205,66.0,0.0013571428571428914,eod,0.0013571428571428914,0,0.008379888267874724,-0.04748603351981917,R1_baseline,
2026-02-20,KRW-LSK,bear_volatile,4,3,0.2618378812199037,0.3267783686164342,0.03651685393258427,0.1327247191011236,-0.043157090789848855,0.8012705440954192,26.0,-0.0315,sl,-0.042223981900452456,0,-4.440892098500626e-15,-0.054054054054058276,R1_baseline,
2026-02-21,KRW-AKT,bear_volatile,4,1,0.2618378812199037,0.3267783686164342,0.03651685393258427,0.042736757624398075,-0.043157090789848855,0.8012705440954192,13.0,-0.024755813953488415,eod,-0.024755813953488415,0,-2.1094237467877974e-15,-0.03941908713693154,R1_baseline,
2026-02-21,KRW-RENDER,bear_volatile,4,2,0.14135232744783308,0.22253436339921742,0.006420545746388443,0.042736757624398075,-0.03473936804959419,0.6351932586440723,44.0,-0.0315,sl,-0.06419315673289189,0,0.029358626919602004,-0.030713640469738457,R1_baseline,
2026-02-21,KRW-DEEP,bear_volatile,4,3,0.14135232744783308,0.22253436339921742,0.012439807383627608,0.021370522724992475,-0.03473936804959419,0.6351932586440723,37.0,-0.0315,sl,-0.05022389791183296,0,-2.3203661214665772e-14,-0.046403712297005906,R1_baseline,
2026-02-22,KRW-SIGN,bear_volatile,4,1,0.14135232744783308,0.17586276083467095,0.006420545746388443,0.021370522724992475,-0.03136711177092888,0.8037649743297205,33.0,-0.0315,sl,-0.0837622107969151,0,-2.55351295663786e-14,-0.10941475826974278,R1_baseline,
2026-02-22,KRW-AERO,bear_volatile,4,2,0.2618378812199037,0.3267783686164342,0.047657268987659276,0.042736757624398075,-0.043157090789848855,0.8012705440954192,25.0,0.0485,tp,-0.026710084033613468,0,0.05175983436852771,-0.06832298136646164,R1_baseline,
2026-02-22,KRW-MANTRA,bear_volatile,4,3,0.2618378812199037,0.3267783686164342,0.047657268987659276,0.042736757624398075,-0.043157090789848855,0.8012705440954192,37.0,0.0485,tp,0.06544560669456062,0,0.11685625646324227,-0.020682523267879116,R1_baseline,
2026-02-23,KRW-CYBER,bear_volatile,4,1,0.2618378812199037,0.4380016051364366,0.09058988764044944,0.1327247191011236,-0.052756825642354566,0.5978011910215301,7.0,-0.0315,sl,-0.03941469194312791,0,0.00114416475972412,-0.08924485125858228,R1_baseline,
2026-02-23,KRW-FLOCK,bear_volatile,4,2,0.2618378812199037,0.4380016051364366,0.09058988764044944,0.1327247191011236,-0.052756825642354566,0.5978011910215301,12.0,0.0485,tp,-0.00044957983193277687,1,0.3434452871072444,-0.0075839653304549115,R1_baseline,
2026-02-23,KRW-ORCA,bear_volatile,4,3,0.2618378812199037,0.4380016051364366,0.09058988764044944,0.1327247191011236,-0.052756825642354566,0.5978011910215301,23.0,-0.0315,sl,-0.03956934058463629,0,0.0026809651474524188,-0.0743967828418236,R1_baseline,
2026-02-24,KRW-JST,bear_volatile,4,1,0.09100030099327781,0.10735426908799037,0.006420545746388443,0.1327247191011236,-0.026170050657352464,0.8476635514018691,78.0,0.004479073243647104,eod,0.004479073243647104,0,0.01799100449773605,-0.01649175412295334,R1_baseline,
2026-02-24,KRW-ORCA,bear_volatile,4,2,0.2618378812199037,0.3267783686164342,0.047657268987659276,0.011637239165329053,-0.043157090789848855,0.8012705440954192,44.0,0.0485,tp,-0.0764116607773852,0,0.06816584680252924,-0.06324666198172935,R1_baseline,
2026-02-24,KRW-BIO,bear_volatile,4,3,0.2618378812199037,0.3267783686164342,0.09058988764044944,0.042736757624398075,-0.043157090789848855,0.8012705440954192,27.0,-0.0315,sl,-0.041393617021276585,0,0.010638297872313407,-0.06648936170215258,R1_baseline,
2026-02-25,KRW-SOMI,bear_volatile,4,1,0.2618378812199037,0.3267783686164342,0.047657268987659276,0.1327247191011236,-0.043157090789848855,0.8012705440954192,25.0,0.0485,tp,-0.0651363636363636,0,0.09374999999999645,-0.07187500000000302,R1_baseline,
2026-02-25,KRW-0G,bear_volatile,4,2,0.14135232744783308,0.22253436339921742,0.012439807383627608,0.011637239165329053,-0.03473936804959419,0.6351932586440723,47.0,-0.0025482180293500676,eod,-0.0025482180293500676,0,0.03167898627243826,-0.014783526927139357,R1_baseline,
2026-02-25,KRW-STORJ,bear_volatile,4,3,0.14135232744783308,0.22253436339921742,0.02377846894752684,0.021370522724992475,-0.03473936804959419,0.6351932586440723,44.0,0.020239130434782704,eod,0.020239130434782704,0,0.04347826086955764,-0.014492753623195465,R1_baseline,
2026-02-26,KRW-SAHARA,bear_volatile,4,1,0.14135232744783308,0.17586276083467095,0.02377846894752684,0.021370522724992475,-0.03136711177092888,0.8037649743297205,33.0,-0.0315,sl,-0.037055555555555564,0,0.01339285714281191,-0.06696428571432733,R1_baseline,
2026-02-26,KRW-KERNEL,bear_volatile,4,2,0.2618378812199037,0.3267783686164342,0.03651685393258427,0.1327247191011236,-0.043157090789848855,0.8012705440954192,79.0,0.0485,tp,0.09415217391304337,0,0.17948717948716952,-0.025641025641033877,R1_baseline,
2026-02-26,KRW-MANTRA,bear_volatile,4,3,0.2618378812199037,0.3267783686164342,0.047657268987659276,0.1327247191011236,-0.043157090789848855,0.8012705440954192,35.0,-0.0315,sl,-0.048423879040667306,0,0.026748971193373494,-0.09567901234571619,R1_baseline,
2026-02-27,KRW-BTT,bear_volatile,4,1,0.0242776886035313,0.021067415730337078,0.0032105949633791514,0.0004012841091492777,-0.015887629544782792,1.1523809523809525,71.0,0.0485,tp,-0.017279092702169596,0,0.10958903892448335,-0.023483367860110738,R1_baseline,
2026-02-27,KRW-SENT,bear_volatile,4,2,0.2618378812199037,0.27237158908507225,0.03651685393258427,0.042736757624398075,-0.038217071183246715,0.9613259668508287,36.0,-0.0315,sl,-0.06987606837606836,0,0.019662921348285733,-0.09269662921350874,R1_baseline,
2026-02-27,KRW-AQT,bear_volatile,4,3,0.14135232744783308,0.17586276083467095,0.02377846894752684,0.021370522724992475,-0.03136711177092888,0.8037649743297205,50.0,-0.0315,sl,-0.013008951406649647,0,0.02162849872773398,-0.04834605597964503,R1_baseline,
2026-02-28,KRW-HOLO,bear_volatile,4,1,0.2618378812199037,0.3267783686164342,0.047657268987659276,0.1327247191011236,-0.043157090789848855,0.8012705440954192,13.0,0.0485,tp,-0.00040109890109890503,0,0.14253393665157077,-0.06447963800906031,R1_baseline,
2026-02-28,KRW-LAYER,bear_volatile,4,2,0.2618378812199037,0.3267783686164342,0.047657268987659276,0.042736757624398075,-0.043157090789848855,0.8012705440954192,17.0,0.0485,tp,0.1070271317829457,1,0.2538461538461443,-0.01538461538462288,R1_baseline,
2026-02-28,KRW-CHZ,bear_volatile,4,3,0.09100030099327781,0.14285714285714285,0.0016051364365971107,0.011036420186615832,-0.028867188762522557,0.6370021069529447,58.0,-0.0315,sl,0.018783975659229235,0,0.03448275862066863,-0.07302231237324386,R1_baseline,
2026-03-01,KRW-ALT,bear_volatile,4,1,0.2618378812199037,0.14285714285714285,0.006420545746388443,0.011637239165329053,-0.028867188762522557,1.832865168539326,56.0,-0.0315,sl,-0.03853703703703709,0,0.01834862385311742,-0.07339449541292908,R1_baseline,
2026-03-01,KRW-PENDLE,bear_volatile,4,2,0.2618378812199037,0.27237158908507225,0.02377846894752684,0.042736757624398075,-0.038217071183246715,0.9613259668508287,32.0,0.0485,tp,-0.02120181043663477,0,0.09047365620010583,-0.04044704630122453,R1_baseline,
2026-03-01,KRW-AZTEC,bear_volatile,4,3,0.2618378812199037,0.27237158908507225,0.047657268987659276,0.011637239165329053,-0.038217071183246715,0.9613259668508287,44.0,0.0485,tp,0.03810396039603964,0,0.09803921568623863,-0.029411764705914112,R1_baseline,
2026-03-02,KRW-OP,bear_volatile,4,1,0.09100030099327781,0.10735426908799037,0.012439807383627608,0.0032102728731942215,-0.026170050657352464,0.8476635514018691,68.0,0.0485,tp,0.020971910112359604,0,0.0734463276836097,-0.011299435028254146,R1_baseline,
2026-03-02,KRW-AZTEC,bear_volatile,4,2,0.2618378812199037,0.3267783686164342,0.047657268987659276,0.021370522724992475,-0.043157090789848855,0.8012705440954192,26.0,0.0485,tp,-0.011054140127388421,0,0.08917197452225856,-0.019108280254808152,R1_baseline,
2026-03-02,KRW-ELF,bear_volatile,4,3,0.14135232744783308,0.22253436339921742,0.012439807383627608,0.1327247191011236,-0.03473936804959419,0.6351932586440723,31.0,-0.0315,sl,-0.018594017094017146,0,0.025210084033604918,-0.06722689075631028,R1_baseline,
2026-03-03,KRW-EGLD,bear_volatile,4,1,0.06811797752808989,0.05949036918138042,0.006420545746388443,0.011637239165329053,-0.02145057568734158,1.145025295109612,69.0,-0.0315,sl,0.02399800796812751,0,-1.1102230246251565e-16,-0.05689789555728775,R1_baseline,
2026-03-03,KRW-YGG,bear_volatile,4,2,0.2618378812199037,0.27237158908507225,0.03651685393258427,0.042736757624398075,-0.038217071183246715,0.9613259668508287,31.0,-0.013673913043478257,eod,-0.013673913043478257,0,0.006920415224896059,-0.03460207612458421,R1_baseline,
2026-03-03,KRW-OP,bear_volatile,4,3,0.09100030099327781,0.10735426908799037,0.0016051364365971107,0.011036420186615832,-0.026170050657352464,0.8476635514018691,89.0,0.014983516483516425,eod,0.014983516483516425,0,0.04972375690607156,-0.01104972375691149,R1_baseline,
2026-03-04,KRW-LSK,bear_volatile,4,1,0.2618378812199037,0.22253436339921742,0.02377846894752684,0.042736757624398075,-0.03473936804959419,1.1766177466721282,20.0,-0.0315,sl,-0.0015,0,-4.9960036108132044e-15,-0.05076142131980177,R1_baseline,
2026-03-04,KRW-KAITO,bear_volatile,4,2,0.2618378812199037,0.27237158908507225,0.012439807383627608,0.1327247191011236,-0.038217071183246715,0.9613259668508287,42.0,-0.0315,sl,-0.049382136279926325,0,0.0556586270871966,-0.04823747680890722,R1_baseline,
2026-03-04,KRW-NEWT,bear_volatile,4,3,0.09100030099327781,0.14285714285714285,0.006420545746388443,0.011036420186615832,-0.028867188762522557,0.6370021069529447,81.0,-0.0315,sl,-0.01350000000000001,0,-9.769962616701378e-15,-0.06764705882353861,R1_baseline,
2026-03-05,KRW-MOODENG,bear_volatile,4,1,0.2618378812199037,0.22253436339921742,0.02377846894752684,0.042736757624398075,-0.03473936804959419,1.1766177466721282,30.0,-0.0315,sl,-0.03452509907529727,0,0.017310252995992093,-0.04527296937418035,R1_baseline,
2026-03-05,KRW-IN,bear_volatile,4,2,0.2618378812199037,0.27237158908507225,0.02377846894752684,0.042736757624398075,-0.038217071183246715,0.9613259668508287,42.0,-0.020917475728155333,eod,-0.020917475728155333,0,0.019047619047609432,-0.047619047619056665,R1_baseline,
2026-03-05,KRW-ZRO,bear_volatile,4,3,0.2618378812199037,0.27237158908507225,0.02377846894752684,0.042736757624398075,-0.038217071183246715,0.9613259668508287,72.0,-0.0315,sl,-0.030111797951254016,0,0.01339443073669333,-0.06027493831512187,R1_baseline,
2026-03-06,KRW-THETA,bear_volatile,4,1,0.14135232744783308,0.14285714285714285,0.012439807383627608,0.011637239165329053,-0.028867188762522557,0.9894662921348316,56.0,-0.0315,sl,-0.026061403508771896,0,0.01408450704224995,-0.038732394366200684,R1_baseline,
2026-03-06,KRW-PLUME,bear_volatile,4,2,0.2618378812199037,0.27237158908507225,0.012439807383627608,0.1327247191011236,-0.038217071183246715,0.9613259668508287,35.0,0.0485,tp,0.08693537414965996,1,0.24324324324315905,-0.020270270270336566,R1_baseline,
2026-03-06,KRW-COW,bear_volatile,4,3,0.2618378812199037,0.3267783686164342,0.03651685393258427,0.1327247191011236,-0.043157090789848855,0.8012705440954192,39.0,-0.0315,sl,-0.037411602209944717,0,0.02472527472527175,-0.046703296703299424,R1_baseline,
2026-03-07,KRW-ASTR,bear_volatile,4,1,0.2618378812199037,0.22253436339921742,0.012439807383627608,0.1327247191011236,-0.03473936804959419,1.1766177466721282,46.0,0.0485,tp,0.034863636363636374,0,0.09821428571418789,-0.02678571428580112,R1_baseline,
2026-03-07,KRW-WAXP,bear_volatile,4,2,0.0242776886035313,0.021067415730337078,0.006420545746388443,0.011637239165329053,-0.015887629544782792,1.1523809523809525,83.0,-0.0188913043478261,eod,-0.0188913043478261,0,-1.0835776720341528e-13,-0.0260021668473428,R1_baseline,
2026-03-07,KRW-BREV,bear_volatile,4,3,0.2618378812199037,0.3267783686164342,0.03651685393258427,0.1327247191011236,-0.043157090789848855,0.8012705440954192,26.0,-0.0315,sl,-0.11720247933884292,0,0.041841004184095976,-0.09205020920502471,R1_baseline,
2026-03-08,KRW-BEAM,bear_volatile,4,1,0.09100030099327781,0.14285714285714285,0.006420545746388443,0.042736757624398075,-0.028867188762522557,0.6370021069529447,78.0,-0.0315,sl,-0.011844827586206806,0,0.003424657533902975,-0.04109589041128736,R1_baseline,
2026-03-08,KRW-ASTR,bear_volatile,4,2,0.14135232744783308,0.22253436339921742,0.006420545746388443,0.1327247191011236,-0.03473936804959419,0.6351932586440723,44.0,0.0485,tp,0.05113157894736836,0,0.06140350877183676,-0.02631578947376967,R1_baseline,
2026-03-08,KRW-BIO,bear_volatile,4,3,0.14135232744783308,0.22253436339921742,0.047657268987659276,0.021370522724992475,-0.03473936804959419,0.6351932586440723,31.0,-0.0315,sl,-0.00799350649350644,0,0.006410256410224191,-0.044871794871825355,R1_baseline,
2026-03-09,KRW-ASTR,bear_volatile,4,1,0.14135232744783308,0.17586276083467095,0.02377846894752684,0.011637239165329053,-0.03136711177092888,0.8037649743297205,71.0,-0.0315,sl,-0.06816666666666676,0,0.016806722688990083,-0.067226890756381,R1_baseline,
2026-03-09,KRW-KERNEL,bear_volatile,4,2,0.2618378812199037,0.3267783686164342,0.03651685393258427,0.042736757624398075,-0.043157090789848855,0.8012705440954192,30.0,0.0485,tp,0.1318333333333333,1,0.24166666666665648,-0.025000000000008127,R1_baseline,
2026-03-09,KRW-KAVA,bear_volatile,4,3,0.2618378812199037,0.4380016051364366,0.047657268987659276,0.1327247191011236,-0.052756825642354566,0.5978011910215301,16.0,-0.0315,sl,-0.007622448979591799,0,0.04123711340205127,-0.03608247422681399,R1_baseline,
2026-03-15,KRW-BTT,bear_volatile,5,1,0.026524497708847374,0.026612618963694042,0.0019386676066267183,0.001762580417731559,-0.016404688941725684,0.9966887417218543,35.0,0.0485,tp,0.06314646464646462,0,0.12449798970984349,-0.010040162630441496,R1_baseline,
2026-03-15,KRW-MOC,bear_volatile,5,2,0.05287741253194677,0.07076136764187523,0.006080902441173879,0.015597462107860416,-0.022639280670088857,0.7472638573007869,56.0,0.0485,tp,0.028202970297029728,0,0.08395061728392372,-0.004938271604962963,R1_baseline,
2026-03-15,KRW-ORCA,bear_volatile,5,3,0.10778179254428483,0.15024673951357068,0.010398308071906944,0.004934790271413465,-0.02950800213827928,0.7173652679135156,60.0,0.00863024602026058,eod,0.00863024602026058,0,0.026011560693640856,-0.006502890173411102,R1_baseline,
2026-03-16,KRW-AHT,bear_volatile,5,1,0.10778179254428483,0.026612618963694042,0.0019386676066267183,0.011280514673481977,-0.016404688941725684,4.050025767524981,86.0,0.0485,tp,0.04255286343612347,0,0.025974025973581893,-0.02164502164544535,R1_baseline,
2026-03-16,KRW-IMX,bear_volatile,5,2,0.27978498413817415,0.18954881917518507,0.010398308071906944,0.050581600281988014,-0.03209031504919673,1.4760576476057647,73.0,0.0485,tp,0.091241935483871,0,0.09599999999999564,-0.020000000000003904,R1_baseline,
2026-03-16,KRW-MLK,bear_volatile,5,3,0.037539654564681,0.026612618963694042,0.00035248501938667606,0.004934790271413465,-0.016404688941725684,1.4105960264900663,74.0,0.0485,tp,0.050072327044025144,0,0.026315789473671414,-0.013784461152894445,R1_baseline,
2026-03-17,KRW-ZKC,bear_volatile,5,1,0.05287741253194677,0.026612618963694042,0.00035248501938667606,0.003172365174480085,-0.016404688941725684,1.9869300576573905,96.0,0.014893442622950838,eod,0.014893442622950838,0,0.016393442622942622,-0.02459016393443414,R1_baseline,
2026-03-17,KRW-ASTR,bear_volatile,5,2,0.27978498413817415,0.15024673951357068,0.0019386676066267183,0.14495946422277053,-0.02950800213827928,1.8621700879765397,92.0,0.0485,tp,0.024362068965517347,0,0.12820512820503183,-0.017094017094101077,R1_baseline,
2026-03-17,KRW-0G,bear_volatile,5,3,0.037539654564681,0.026612618963694042,0.00035248501938667606,0.0,-0.016404688941725684,1.4105960264900663,94.0,-0.0315,sl,-0.030945073612684004,0,0.010273972602738546,-0.029680365296804734,R1_baseline,
2026-03-18,KRW-ERA,bear_volatile,5,1,0.07243567148396193,0.026612618963694042,0.00035248501938667606,0.015597462107860416,-0.016404688941725684,2.7218543046357615,96.0,-0.0315,sl,-0.03436384976525825,0,0.009302325581390658,-0.05581395348837648,R1_baseline,
2026-03-18,KRW-SNT,bear_volatile,5,2,0.10778179254428483,0.07076136764187523,0.00035248501938667606,0.025998061161540496,-0.022639280670088857,1.5231728291314373,84.0,-0.0315,sl,0.10961111111111116,0,0.013071895424770386,-0.06535947712424406,R1_baseline,
2026-03-18,KRW-ORDER,bear_volatile,5,3,0.07243567148396193,0.07076136764187523,0.0019386676066267183,0.015597462107860416,-0.022639280670088857,1.0236612702366126,68.0,0.0485,tp,-0.024642509135200885,0,0.18961352657003405,-0.030193236714987526,R1_baseline,
2026-03-19,KRW-T,bear_volatile,5,1,0.14363764540007048,0.18954881917518507,0.010398308071906944,0.025998061161540496,-0.03209031504919673,0.7577870757787074,87.0,-0.016697568389057615,eod,-0.016697568389057615,0,-1.0058620603103918e-13,-0.03219315895381969,R1_baseline,
2026-03-19,KRW-DKA,bear_volatile,5,2,0.27978498413817415,0.4523264011279521,0.10116320056397603,0.14495946422277053,-0.053728851077473765,0.6185466588739529,14.0,-0.0315,sl,-0.02902293577981646,0,0.040942928039573,-0.08436724565768194,R1_baseline,
2026-03-19,KRW-JST,bear_volatile,5,3,0.14363764540007048,0.28542474444836097,0.030228254164096236,0.050581600281988014,-0.03965330179153474,0.5032417412781722,51.0,-0.010759259259259411,eod,-0.010759259259259411,0,0.042873696407867534,-0.016222479721911598,R1_baseline,
2026-03-20,KRW-G,bear_volatile,5,1,0.27978498413817415,0.356658147527981,0.10116320056397603,0.050581600281988014,-0.04534655999128469,0.784462617992553,48.0,0.020312080536912636,eod,0.020312080536912636,0,0.03600654664467484,-0.03109656301161523,R1_baseline,
2026-03-20,KRW-SIGN,bear_volatile,5,2,0.27978498413817415,0.4523264011279521,0.10116320056397603,0.14495946422277053,-0.053728851077473765,0.6185466588739529,17.0,0.0485,tp,0.03837730061349692,0,0.09516616314197734,-0.024169184290044998,R1_baseline,
2026-03-20,KRW-STORJ,bear_volatile,5,3,0.10778179254428483,0.18954881917518507,0.006080902441173879,0.050581600281988014,-0.03209031504919673,0.5686228646176402,78.0,-0.0315,sl,-0.020980519480519433,0,0.006410256410249948,-0.04487179487180093,R1_baseline,
2026-03-21,KRW-ASTR,bear_volatile,5,1,0.27978498413817415,0.2446461619811404,0.030228254164096236,0.14495946422277053,-0.03627272503740334,1.1436312013745902,52.0,-0.0315,sl,-0.050280487804878204,0,0.03278688524581708,-0.04918032786893034,R1_baseline,
2026-03-21,KRW-KERNEL,bear_volatile,5,2,0.27978498413817415,0.28542474444836097,0.03798026083891435,0.14495946422277053,-0.03965330179153474,0.9802408150663785,41.0,-0.0315,sl,-0.022479020979020936,0,-6.8833827526759706e-15,-0.04827586206897205,R1_baseline,
2026-03-21,KRW-G,bear_volatile,5,3,0.27978498413817415,0.28542474444836097,0.053582444699039396,0.050581600281988014,-0.03965330179153474,0.9802408150663785,35.0,-0.0315,sl,-0.031056650246305384,0,0.02597402597385945,-0.034090909091065935,R1_baseline,
2026-03-22,KRW-G,bear_volatile,5,1,0.27978498413817415,0.28542474444836097,0.03798026083891435,0.050581600281988014,-0.03965330179153474,0.9802408150663785,59.0,-0.0315,sl,-0.05252040816326525,0,0.0016750418758793018,-0.07035175879412559,R1_baseline,
2026-03-22,KRW-SIGN,bear_volatile,5,2,0.27978498413817415,0.4523264011279521,0.053582444699039396,0.14495946422277053,-0.053728851077473765,0.6185466588739529,36.0,0.0485,tp,0.1046452513966481,0,0.12569060773479102,-0.01795580110498607,R1_baseline,
2026-03-22,KRW-ANIME,bear_volatile,5,3,0.27978498413817415,0.4523264011279521,0.10116320056397603,0.14495946422277053,-0.053728851077473765,0.6185466588739529,8.0,-0.0315,sl,-0.09673809523809512,0,0.07369758576860552,-0.05082592121994278,R1_baseline,
2026-03-23,KRW-G,bear_volatile,5,1,0.27978498413817415,0.356658147527981,0.053582444699039396,0.025998061161540496,-0.04534655999128469,0.784462617992553,78.0,0.0485,tp,0.10065053763440873,0,0.17921146953383893,-0.012544802867560545,R1_baseline,
2026-03-23,KRW-CFG,bear_volatile,5,2,0.27978498413817415,0.4523264011279521,0.10116320056397603,0.050581600281988014,-0.053728851077473765,0.6185466588739529,41.0,-0.011704081632653072,eod,-0.011704081632653072,0,0.03535353535353014,-0.035353535353540244,R1_baseline,
2026-03-23,KRW-ORDER,bear_volatile,5,3,0.27978498413817415,0.6768593584772647,0.10116320056397603,0.14495946422277053,-0.07647910559151942,0.41335763572451506,6.0,-0.0315,sl,-0.024576923076922996,0,0.032402234636860205,-0.06033519553073674,R1_baseline,
2026-03-24,KRW-ZETA,bear_volatile,5,1,0.27978498413817415,0.356658147527981,0.053582444699039396,0.050581600281988014,-0.04534655999128469,0.784462617992553,9.0,-0.0315,sl,-0.07251280558789303,0,0.05783132530119217,-0.04819277108434872,R1_baseline,
2026-03-24,KRW-ZRO,bear_volatile,5,2,0.27978498413817415,0.356658147527981,0.053582444699039396,0.14495946422277053,-0.04534655999128469,0.784462617992553,49.0,-0.0315,sl,0.03354457423916385,0,0.041781030802073404,-0.04239097285757876,R1_baseline,
2026-03-24,KRW-WAXP,bear_volatile,5,3,0.27978498413817415,0.4523264011279521,0.053582444699039396,0.14495946422277053,-0.053728851077473765,0.6185466588739529,14.0,-0.0315,sl,-0.06399999999999989,0,-8.926193117986259e-14,-0.08928571428579557,R1_baseline,
2026-03-25,KRW-APT,bear_volatile,5,1,0.27978498413817415,0.28542474444836097,0.03798026083891435,0.050581600281988014,-0.03965330179153474,0.9802408150663785,32.0,-0.0315,sl,-0.033226662599145806,0,0.0024052916416110737,-0.058929645219483406,R1_baseline,
2026-03-25,KRW-CVC,bear_volatile,5,2,0.27978498413817415,0.356658147527981,0.03798026083891435,0.14495946422277053,-0.04534655999128469,0.784462617992553,19.0,0.0485,tp,-0.07167543859649111,0,0.11065573770489534,-0.028688524590183895,R1_baseline,
2026-03-25,KRW-ICX,bear_volatile,5,3,0.27978498413817415,0.356658147527981,0.053582444699039396,0.050581600281988014,-0.04534655999128469,0.784462617992553,30.0,-0.0015,eod,-0.0015,0,0.016187050359693922,-0.026978417266204535,R1_baseline,
2026-03-26,KRW-SONIC,bear_volatile,5,1,0.27978498413817415,0.18954881917518507,0.02000352485019387,0.025998061161540496,-0.03209031504919673,1.4760576476057647,24.0,-0.0315,sl,-0.03658771929824561,0,0.0015723270440093362,-0.06761006289309657,R1_baseline,
2026-03-26,KRW-FCT2,bear_volatile,5,2,0.07243567148396193,0.07076136764187523,0.0019386676066267183,0.011280514673481977,-0.022639280670088857,1.0236612702366126,84.0,0.0485,tp,-0.03776943005181338,0,0.0979381443298406,-0.06185567010314108,R1_baseline,
2026-03-26,KRW-RENDER,bear_volatile,5,3,0.27978498413817415,0.356658147527981,0.053582444699039396,0.14495946422277053,-0.04534655999128469,0.784462617992553,25.0,-0.0315,sl,-0.038256756756756716,0,0.012230215827337743,-0.06043165467625933,R1_baseline,
2026-03-27,KRW-CFG,bear_volatile,5,1,0.27978498413817415,0.356658147527981,0.10116320056397603,0.14495946422277053,-0.04534655999128469,0.784462617992553,30.0,0.0485,tp,0.05279864253393668,0,0.04464285714285254,-0.05357142857143282,R1_baseline,
2026-03-27,KRW-WAXP,bear_volatile,5,2,0.10778179254428483,0.18954881917518507,0.030228254164096236,0.015597462107860416,-0.03209031504919673,0.5686228646176402,72.0,-0.0315,sl,-0.04659803921568623,0,0.019607843137155134,-0.04705882352950508,R1_baseline,
2026-03-27,KRW-OPEN,bear_volatile,5,3,0.14363764540007048,0.28542474444836097,0.03798026083891435,0.14495946422277053,-0.03965330179153474,0.5032417412781722,28.0,-0.0315,sl,-0.05810377358490565,0,0.053030303030298986,-0.060606060606064216,R1_baseline,
2026-03-28,KRW-MET2,bear_volatile,5,1,0.27978498413817415,0.356658147527981,0.053582444699039396,0.14495946422277053,-0.04534655999128469,0.784462617992553,30.0,-0.0315,sl,-0.050607142857142906,0,0.004366812227069916,-0.06986899563319182,R1_baseline,
2026-03-28,KRW-ANKR,bear_volatile,5,2,0.27978498413817415,0.4523264011279521,0.10116320056397603,0.14495946422277053,-0.053728851077473765,0.6185466588739529,8.0,-0.0315,sl,-0.04285338345864659,0,0.07115628970761478,-0.07623888182985061,R1_baseline,
2026-03-28,KRW-CPOOL,bear_volatile,5,3,0.27978498413817415,0.4523264011279521,0.10116320056397603,0.14495946422277053,-0.053728851077473765,0.6185466588739529,13.0,-0.0315,sl,-0.11961023622047245,0,0.023136246786606085,-0.09768637532135993,R1_baseline,
2026-03-29,KRW-ONG,bear_volatile,5,1,0.27978498413817415,0.356658147527981,0.03798026083891435,0.14495946422277053,-0.04534655999128469,0.784462617992553,16.0,-0.0315,sl,-0.023846368715083777,0,0.021668472372686765,-0.0715059588299124,R1_baseline,
2026-03-29,KRW-KNC,bear_volatile,5,2,0.27978498413817415,0.4523264011279521,0.053582444699039396,0.14495946422277053,-0.053728851077473765,0.6185466588739529,20.0,-0.0315,sl,-0.04114757709251099,0,-4.218847493575595e-15,-0.09829059829060216,R1_baseline,
2026-03-29,KRW-SIGN,bear_volatile,5,3,0.27978498413817415,0.4523264011279521,0.27396898131829395,0.025998061161540496,-0.053728851077473765,0.6185466588739529,33.0,0.0333360655737705,eod,0.0333360655737705,0,0.03042596348882287,-0.03651115618663214,R1_baseline,
2026-03-30,KRW-DKA,bear_volatile,5,1,0.27978498413817415,0.356658147527981,0.053582444699039396,0.025998061161540496,-0.04534655999128469,0.784462617992553,48.0,0.015231016731016846,eod,0.015231016731016846,0,0.021573604060784124,-0.026649746193016965,R1_baseline,
2026-03-30,KRW-KERNEL,bear_volatile,5,2,0.27978498413817415,0.4523264011279521,0.27396898131829395,0.050581600281988014,-0.053728851077473765,0.6185466588739529,35.0,0.0485,tp,0.05405555555555558,0,0.07476635514017693,-0.00934579439253258,R1_baseline,
2026-03-30,KRW-KITE,bear_volatile,5,3,0.27978498413817415,0.4523264011279521,0.27396898131829395,0.050581600281988014,-0.053728851077473765,0.6185466588739529,13.0,0.0485,tp,0.03538524590163933,0,0.11934156378600358,-0.024691358024695353,R1_baseline,
2026-03-31,KRW-ONG,bear_volatile,5,1,0.27978498413817415,0.4523264011279521,0.10116320056397603,0.14495946422277053,-0.053728851077473765,0.6185466588739529,9.0,-0.0315,sl,-0.09159009009009006,0,0.019999999999989804,-0.08900000000000907,R1_baseline,
2026-03-31,KRW-KNC,bear_volatile,5,2,0.14363764540007048,0.2446461619811404,0.030228254164096236,0.050581600281988014,-0.03627272503740334,0.5871240498395532,36.0,-0.0315,sl,-0.04634304932735428,0,0.008849557522119467,-0.0663716814159333,R1_baseline,
2026-03-31,KRW-ZBT,bear_volatile,5,3,0.14363764540007048,0.28542474444836097,0.02000352485019387,0.14495946422277053,-0.03965330179153474,0.5032417412781722,43.0,0.0485,tp,0.19016666666666665,1,0.2809917355371796,-0.033057851239677416,R1_baseline,
2026-04-01,KRW-MON,bear_volatile,5,1,0.27978498413817415,0.28542474444836097,0.03798026083891435,0.14495946422277053,-0.03965330179153474,0.9802408150663785,58.0,-0.0315,sl,-0.025693548387096976,0,0.026525198938964767,-0.047745358090211076,R1_baseline,
2026-04-01,KRW-WCT,bear_volatile,5,2,0.27978498413817415,0.28542474444836097,0.03798026083891435,0.050581600281988014,-0.03965330179153474,0.9802408150663785,17.0,-0.002679245283018826,eod,-0.002679245283018826,0,0.036951501154722566,-0.030023094688232832,R1_baseline,
2026-04-01,KRW-TREE,bear_volatile,5,3,0.10778179254428483,0.1218824358861373,0.02000352485019387,0.015597462107860416,-0.027356059894664636,0.8843094721619668,25.0,-0.0037296544035674826,eod,-0.0037296544035674826,0,0.006607929515407562,-0.03524229074890928,R1_baseline,
2026-04-02,KRW-T,bear_volatile,5,1,0.037539654564681,0.026612618963694042,0.030228254164096236,0.015597462107860416,-0.016404688941725684,1.4105960264900663,67.0,-0.0315,sl,-0.03645762711864403,0,0.024731182795588502,-0.03010752688182483,R1_baseline,
2026-04-02,KRW-SEI,bear_volatile,5,2,0.14363764540007048,0.18954881917518507,0.010398308071906944,0.025998061161540496,-0.03209031504919673,0.7577870757787074,8.0,-0.0315,sl,-0.04673227383863082,0,0.004866180048649582,-0.06082725060828387,R1_baseline,
2026-04-02,KRW-ALGO,bear_volatile,5,3,0.27978498413817415,0.4523264011279521,0.03798026083891435,0.14495946422277053,-0.053728851077473765,0.6185466588739529,19.0,-0.0315,sl,0.04366129032258065,0,0.07692307692306999,-0.04487179487180093,R1_baseline,
2026-04-03,KRW-ORBS,bear_volatile,5,1,0.27978498413817415,0.2446461619811404,0.030228254164096236,0.050581600281988014,-0.03627272503740334,1.1436312013745902,12.0,-0.0315,sl,-0.017003875968992277,0,0.03875968992240009,-0.038759689922555185,R1_baseline,
2026-04-03,KRW-SAFE,bear_volatile,5,2,0.27978498413817415,0.356658147527981,0.03798026083891435,0.14495946422277053,-0.04534655999128469,0.784462617992553,49.0,0.0485,tp,0.04118292682926833,0,0.05421686746987331,-0.03614457831325879,R1_baseline,
2026-04-03,KRW-DRIFT,bear_volatile,5,3,0.27978498413817415,0.4523264011279521,0.053582444699039396,0.025998061161540496,-0.053728851077473765,0.6185466588739529,8.0,0.0485,tp,-0.033573310423825886,0,0.06758304696447825,-0.03894616265751372,R1_baseline,
2026-04-04,KRW-ALT,bear_volatile,5,1,0.27978498413817415,0.28542474444836097,0.030228254164096236,0.14495946422277053,-0.03965330179153474,0.9802408150663785,36.0,-0.026727043390514627,eod,-0.026727043390514627,0,-9.903189379656396e-14,-0.047524752475341936,R1_baseline,
2026-04-04,KRW-BIO,bear_volatile,5,2,0.14363764540007048,0.15024673951357068,0.006080902441173879,0.050581600281988014,-0.02950800213827928,0.9560117302052785,48.0,0.0485,tp,0.02950775193798455,0,0.057692307692267075,-0.011538461538499467,R1_baseline,
2026-04-04,KRW-QTUM,bear_volatile,5,3,0.27978498413817415,0.356658147527981,0.03798026083891435,0.14495946422277053,-0.04534655999128469,0.784462617992553,16.0,-0.0315,sl,-0.038463696369636924,0,0.051089918256130185,-0.0326975476839243,R1_baseline,
2026-04-05,KRW-BERA,bear_volatile,5,1,0.27978498413817415,0.356658147527981,0.03798026083891435,0.14495946422277053,-0.04534655999128469,0.784462617992553,3.0,-0.0315,sl,0.013743902439024293,0,0.127692307692306,-0.046153846153847655,R1_baseline,
2026-04-05,KRW-JTO,bear_volatile,5,2,0.27978498413817415,0.356658147527981,0.053582444699039396,0.14495946422277053,-0.04534655999128469,0.784462617992553,15.0,-0.0315,sl,0.0008923444976077235,0,0.004750593824225602,-0.0522565320665106,R1_baseline,
2026-04-05,KRW-ZK,bear_volatile,5,3,0.14363764540007048,0.18954881917518507,0.010398308071906944,0.015597462107860416,-0.03209031504919673,0.7577870757787074,32.0,0.0485,tp,-0.02714102564102555,0,0.1845493562231253,-0.03433476394853929,R1_baseline,
2026-04-06,KRW-FCT2,bear_volatile,5,1,0.05287741253194677,0.026612618963694042,0.0019386676066267183,0.011280514673481977,-0.016404688941725684,1.9869300576573905,94.0,0.014983516483516425,eod,0.014983516483516425,0,0.027472527472471198,-0.01098901098906524,R1_baseline,
2026-04-06,KRW-1INCH,bear_volatile,5,2,0.07243567148396193,0.07076136764187523,0.010398308071906944,0.015597462107860416,-0.022639280670088857,1.0236612702366126,46.0,-0.0015,eod,-0.0015,0,0.022222222222214594,-0.007407407407414746,R1_baseline,
2026-04-06,KRW-SOMI,bear_volatile,5,3,0.10778179254428483,0.1218824358861373,0.006080902441173879,0.050581600281988014,-0.027356059894664636,0.8843094721619668,72.0,0.0485,tp,-0.02166129032258063,0,0.01976284584979826,-0.03162055335968761,R1_baseline,
2026-04-07,KRW-NEWT,bear_volatile,5,1,0.27978498413817415,0.2446461619811404,0.030228254164096236,0.14495946422277053,-0.03627272503740334,1.1436312013745902,93.0,-0.0315,sl,0.00840099009900991,0,0.029411764705872256,-0.054901960784322856,R1_baseline,
2026-04-07,KRW-FLUID,bear_volatile,5,2,0.27978498413817415,0.2446461619811404,0.03798026083891435,0.050581600281988014,-0.03627272503740334,1.1436312013745902,18.0,0.0485,tp,0.046799034019319674,0,0.053046000828843365,-0.035640281806879726,R1_baseline,
2026-04-07,KRW-ZKC,bear_volatile,5,3,0.27978498413817415,0.28542474444836097,0.03798026083891435,0.14495946422277053,-0.03965330179153474,0.9802408150663785,32.0,0.01736792452830188,eod,0.01736792452830188,0,0.009259259259249975,-0.03703703703704586,R1_baseline,
2026-04-08,KRW-SKR,bear_volatile,5,1,0.10778179254428483,0.026612618963694042,0.0019386676066267183,0.050581600281988014,-0.016404688941725684,4.050025767524981,92.0,-0.0315,sl,-0.027815789473684294,0,-3.697042672001771e-14,-0.0444444444444797,R1_baseline,
2026-04-08,KRW-ENSO,bear_volatile,5,2,0.27978498413817415,0.2446461619811404,0.03798026083891435,0.050581600281988014,-0.03627272503740334,1.1436312013745902,11.0,-0.0315,sl,-0.055182037164487274,0,0.03867791842475321,-0.037974683544304444,R1_baseline,
2026-04-08,KRW-DOT,bear_volatile,5,3,0.026524497708847374,0.026612618963694042,0.0019386676066267183,0.003172365174480085,-0.016404688941725684,0.9966887417218543,81.0,-0.0315,sl,-0.034765097236438114,0,0.00816326530612188,-0.037244897959184176,R1_baseline,
2026-04-09,KRW-SAFE,bear_volatile,5,1,0.27978498413817415,0.356658147527981,0.03798026083891435,0.14495946422277053,-0.04534655999128469,0.784462617992553,77.0,0.0485,tp,0.036337837837837894,0,0.06951871657753439,-0.03743315508021905,R1_baseline,
2026-04-09,KRW-DRIFT,bear_volatile,5,2,0.27978498413817415,0.4523264011279521,0.053582444699039396,0.14495946422277053,-0.053728851077473765,0.6185466588739529,7.0,0.0485,tp,0.031833333333333436,0,0.07368421052630159,-0.032894736842117966,R1_baseline,
2026-04-09,KRW-CFG,bear_volatile,5,3,0.27978498413817415,0.4523264011279521,0.10116320056397603,0.14495946422277053,-0.053728851077473765,0.6185466588739529,18.0,-0.0315,sl,0.06443406593406592,0,0.12546125461254198,-0.05166051660516968,R1_baseline,
2026-04-10,KRW-PYTH,bear_volatile,5,1,0.27978498413817415,0.28542474444836097,0.030228254164096236,0.14495946422277053,-0.03965330179153474,0.9802408150663785,42.0,-0.0315,sl,-0.007214285714285782,0,0.012676056338014163,-0.04507042253522464,R1_baseline,
2026-04-10,KRW-OPEN,bear_volatile,5,2,0.27978498413817415,0.356658147527981,0.03798026083891435,0.14495946422277053,-0.04534655999128469,0.784462617992553,13.0,0.0021496350364962904,eod,0.0021496350364962904,0,0.03260869565217006,-0.03623188405797462,R1_baseline,
2026-04-10,KRW-ZBT,bear_volatile,5,3,0.27978498413817415,0.356658147527981,0.053582444699039396,0.14495946422277053,-0.04534655999128469,0.784462617992553,30.0,0.0485,tp,-0.01925147928994081,0,0.0722891566264996,-0.030120481927716658,R1_baseline,
2026-04-11,KRW-WAL,bear_volatile,5,1,0.27978498413817415,0.2446461619811404,0.0019386676066267183,0.025998061161540496,-0.03627272503740334,1.1436312013745902,34.0,-0.0315,sl,-0.019518018018018057,0,0.008849557522115026,-0.05309734513275166,R1_baseline,
2026-04-11,KRW-AUCTION,bear_volatile,5,2,0.026524497708847374,0.026612618963694042,0.0019386676066267183,0.003172365174480085,-0.016404688941725684,0.9966887417218543,63.0,-0.0015,eod,-0.0015,0,-1.1102230246251565e-16,-0.018987341772152,R1_baseline,
2026-04-11,KRW-RAY,bear_volatile,5,3,0.27978498413817415,0.28542474444836097,0.03798026083891435,0.050581600281988014,-0.03965330179153474,0.9802408150663785,21.0,0.009910788381742698,eod,0.009910788381742698,0,0.01634320735444228,-0.019407558733402497,R1_baseline,
2026-04-13,KRW-EDGE,bear_volatile,5,1,0.27978498413817415,0.356658147527981,0.053582444699039396,0.050581600281988014,-0.04534655999128469,0.784462617992553,68.0,-0.0315,sl,-0.007214285714285671,0,0.011299435028242932,-0.05084745762712395,R1_baseline,
2026-04-13,KRW-JST,bear_volatile,5,2,0.27978498413817415,0.356658147527981,0.053582444699039396,0.14495946422277053,-0.04534655999128469,0.784462617992553,31.0,-0.0315,sl,-0.07649999999999996,0,0.03389830508473701,-0.08474576271187217,R1_baseline,
2026-04-13,KRW-WET,bear_volatile,5,3,0.27978498413817415,0.356658147527981,0.053582444699039396,0.14495946422277053,-0.04534655999128469,0.784462617992553,26.0,0.0485,tp,0.5855967741935485,1,0.6451612903225701,-0.03225806451613522,R1_baseline,
2026-04-14,KRW-WCT,bear_volatile,5,1,0.27978498413817415,0.28542474444836097,0.030228254164096236,0.14495946422277053,-0.03965330179153474,0.9802408150663785,17.0,-0.0315,sl,-0.05912711864406778,0,0.035469107551475476,-0.06407322654463321,R1_baseline,
2026-04-14,KRW-EDGE,bear_volatile,5,2,0.27978498413817415,0.28542474444836097,0.03798026083891435,0.025998061161540496,-0.03965330179153474,0.9802408150663785,79.0,-0.0315,sl,-0.018741379310344863,0,0.00564971751411858,-0.05084745762712395,R1_baseline,
2026-04-14,KRW-IMX,bear_volatile,5,3,0.14363764540007048,0.15024673951357068,0.006080902441173879,0.025998061161540496,-0.02950800213827928,0.9560117302052785,36.0,-0.015198630136986356,eod,-0.015198630136986356,0,0.018264840182643738,-0.027397260273977042,R1_baseline,
2026-04-15,KRW-DKA,bear_volatile,5,1,0.27978498413817415,0.356658147527981,0.053582444699039396,0.14495946422277053,-0.04534655999128469,0.784462617992553,22.0,-0.0315,sl,-0.023282178217821692,0,0.009708737863979522,-0.0873786407767877,R1_baseline,
2026-04-15,KRW-OPEN,bear_volatile,5,2,0.27978498413817415,0.4523264011279521,0.053582444699039396,0.14495946422277053,-0.053728851077473765,0.6185466588739529,14.0,0.0485,tp,0.021602310231023047,0,0.14983713355048467,-0.016286644951143292,R1_baseline,
2026-04-15,KRW-MMT,bear_volatile,5,3,0.27978498413817415,0.4523264011279521,0.10116320056397603,0.14495946422277053,-0.053728851077473765,0.6185466588739529,16.0,-0.0315,sl,-0.02160050251256279,0,0.02999999999999492,-0.04000000000000481,R1_baseline,
2026-04-16,KRW-ERA,bear_volatile,5,1,0.14363764540007048,0.1218824358861373,0.006080902441173879,0.025998061161540496,-0.027356059894664636,1.1784933928811279,64.0,0.0485,tp,0.03973711340206193,0,0.14432989690721065,-0.005154639175262821,R1_baseline,
2026-04-16,KRW-INJ,bear_volatile,5,2,0.27978498413817415,0.2446461619811404,0.006080902441173879,0.14495946422277053,-0.03627272503740334,1.1436312013745902,80.0,0.0485,tp,0.05240608549168241,0,0.06762680025046941,-0.009810060530160869,R1_baseline,
2026-04-16,KRW-NEWT,bear_volatile,5,3,0.27978498413817415,0.28542474444836097,0.030228254164096236,0.14495946422277053,-0.03965330179153474,0.9802408150663785,59.0,-0.0315,sl,0.016357142857142792,0,0.02631578947367519,-0.06140350877193801,R1_baseline,
2026-04-17,KRW-SONIC,bear_volatile,5,1,0.037539654564681,0.026612618963694042,0.00035248501938667606,0.001762580417731559,-0.016404688941725684,1.4105960264900663,98.0,0.0485,tp,0.026073529411764718,0,0.05656934306567418,-0.010948905109507079,R1_baseline,
2026-04-17,KRW-ASTR,bear_volatile,5,2,0.14363764540007048,0.1218824358861373,0.00035248501938667606,0.050581600281988014,-0.027356059894664636,1.1784933928811279,94.0,0.006833333333333304,eod,0.006833333333333304,0,0.05882352941167568,-0.016806722689158393,R1_baseline,
2026-04-17,KRW-ERA,bear_volatile,5,3,0.27978498413817415,0.2446461619811404,0.0019386676066267183,0.050581600281988014,-0.03627272503740334,1.1436312013745902,65.0,0.00840099009900991,eod,0.00840099009900991,0,0.024509803921563655,-0.029411764705887133,R1_baseline,
2026-04-18,KRW-WLFI,bear_volatile,5,1,0.026524497708847374,0.026612618963694042,0.00035248501938667606,0.00035248501938667606,-0.016404688941725684,0.9966887417218543,72.0,-0.026710084033613468,eod,-0.026710084033613468,0,0.008333333333324866,-0.03333333333334132,R1_baseline,
2026-04-18,KRW-SAFE,bear_volatile,5,2,0.27978498413817415,0.356658147527981,0.030228254164096236,0.050581600281988014,-0.04534655999128469,0.784462617992553,58.0,-0.0315,sl,-0.07414957264957261,0,0.01716738197424461,-0.06866952789699965,R1_baseline,
2026-04-18,KRW-AERO,bear_volatile,5,3,0.27978498413817415,0.356658147527981,0.03798026083891435,0.14495946422277053,-0.04534655999128469,0.784462617992553,62.0,-0.0315,sl,-0.06576332288401249,0,0.018720748829951672,-0.07488299531981424,R1_baseline,
2026-04-19,KRW-IN,bear_volatile,5,1,0.27978498413817415,0.28542474444836097,0.053582444699039396,0.050581600281988014,-0.03965330179153474,0.9802408150663785,47.0,-0.0315,sl,-0.01856827309236936,0,0.10752688172041824,-0.00645161290323637,R1_baseline,
2026-04-19,KRW-MOVE,bear_volatile,5,2,0.27978498413817415,0.356658147527981,0.03798026083891435,0.14495946422277053,-0.04534655999128469,0.784462617992553,21.0,0.0485,tp,-0.015151877133105894,1,0.2567567567567144,-0.05405405405408603,R1_baseline,
2026-04-19,KRW-OPEN,bear_volatile,5,3,0.27978498413817415,0.356658147527981,0.053582444699039396,0.025998061161540496,-0.04534655999128469,0.784462617992553,80.0,-0.0315,sl,-0.028772727272727228,0,0.045317220543803494,-0.04833836858006335,R1_baseline,
2026-04-20,KRW-CPOOL,bear_volatile,5,1,0.27978498413817415,0.4523264011279521,0.053582444699039396,0.14495946422277053,-0.053728851077473765,0.6185466588739529,14.0,-0.0315,sl,0.0034261083743841194,0,0.03649635036493826,-0.04866180048664115,R1_baseline,
2026-04-20,KRW-ZBT,bear_volatile,5,2,0.27978498413817415,0.4523264011279521,0.10116320056397603,0.14495946422277053,-0.053728851077473765,0.6185466588739529,21.0,0.0485,tp,-0.04774277456647397,0,0.09883720930231932,-0.03488372093023817,R1_baseline,
2026-04-20,KRW-IN,bear_volatile,5,3,0.27978498413817415,0.4523264011279521,0.27396898131829395,0.14495946422277053,-0.053728851077473765,0.6185466588739529,11.0,-0.0315,sl,-0.054615423901940796,0,0.08050847457625965,-0.0296610169491629,R1_baseline,
2026-04-21,KRW-FLUID,bear_volatile,5,1,0.27978498413817415,0.2446461619811404,0.010398308071906944,0.050581600281988014,-0.03627272503740334,1.1436312013745902,27.0,-0.0315,sl,-0.02618636179684336,0,0.01286690792118983,-0.03900281463610811,R1_baseline,
2026-04-21,KRW-MOODENG,bear_volatile,5,2,0.27978498413817415,0.28542474444836097,0.03798026083891435,0.14495946422277053,-0.03965330179153474,0.9802408150663785,28.0,-0.0315,sl,-0.01914705882352946,0,0.01286549707601159,-0.05029239766082971,R1_baseline,
2026-04-21,KRW-CC,bear_volatile,5,3,0.27978498413817415,0.356658147527981,0.10116320056397603,0.14495946422277053,-0.04534655999128469,0.784462617992553,58.0,-0.0315,sl,-0.06532978723404254,0,-4.218847493575595e-15,-0.07627118644068187,R1_baseline,
2026-04-22,KRW-OPEN,bear_volatile,5,1,0.27978498413817415,0.356658147527981,0.03798026083891435,0.050581600281988014,-0.04534655999128469,0.784462617992553,33.0,0.0485,tp,-0.02245808383233533,0,0.0563798219584537,-0.026706231454008855,R1_baseline,
2026-04-22,KRW-FLOCK,bear_volatile,5,2,0.27978498413817415,0.356658147527981,0.053582444699039396,0.14495946422277053,-0.04534655999128469,0.784462617992553,14.0,0.014681229773462702,eod,0.014681229773462702,0,0.00948366701790282,-0.03898840885143262,R1_baseline,
2026-04-22,KRW-BIRB,bear_volatile,5,3,0.14363764540007048,0.18954881917518507,0.010398308071906944,0.025998061161540496,-0.03209031504919673,0.7577870757787074,47.0,0.0485,tp,-0.006401960784313708,0,0.07920792079207395,-0.00495049504950984,R1_baseline,
2026-04-23,KRW-SOON,bear_volatile,5,1,0.27978498413817415,0.356658147527981,0.10116320056397603,0.050581600281988014,-0.04534655999128469,0.784462617992553,12.0,0.0485,tp,0.10274710424710426,0,0.1488549618320565,-0.015267175572522884,R1_baseline,
2026-04-23,KRW-BCH,bear_volatile,5,2,0.0179783202608619,0.026612618963694042,0.0019386676066267183,0.003172365174480085,-0.016404688941725684,0.6755562196035128,43.0,0.006588235294117619,eod,0.006588235294117619,0,0.002928257686676483,-0.013177159590043952,R1_baseline,
2026-04-23,KRW-AVNT,bear_volatile,5,3,0.27978498413817415,0.4523264011279521,0.053582444699039396,0.14495946422277053,-0.053728851077473765,0.6185466588739529,11.0,0.01719158878504673,eod,0.01719158878504673,0,-4.551914400963142e-15,-0.04147465437788456,R1_baseline,
2026-04-24,KRW-PYTH,bear_volatile,5,1,0.27978498413817415,0.28542474444836097,0.02000352485019387,0.14495946422277053,-0.03965330179153474,0.9802408150663785,63.0,-0.0315,sl,-0.05705555555555558,0,0.05706874189363109,-0.02464332036317718,R1_baseline,
2026-04-24,KRW-PLUME,bear_volatile,5,2,0.27978498413817415,0.356658147527981,0.03798026083891435,0.14495946422277053,-0.04534655999128469,0.784462617992553,48.0,-0.0315,sl,-0.06522549019607832,0,0.04433497536940667,-0.05911330049265706,R1_baseline,
2026-04-24,KRW-ZRO,bear_volatile,5,3,0.10778179254428483,0.15024673951357068,0.0019386676066267183,0.011280514673481977,-0.02950800213827928,0.7173652679135156,84.0,-0.025319473464270825,eod,-0.025319473464270825,0,0.01837928153717594,-0.02798663324979156,R1_baseline,
2026-04-25,KRW-AZTEC,bear_volatile,5,1,0.27978498413817415,0.2446461619811404,0.02000352485019387,0.050581600281988014,-0.03627272503740334,1.1436312013745902,37.0,-0.0315,sl,-0.04787681159420293,0,0.014492753623158938,-0.06956521739133137,R1_baseline,
2026-04-25,KRW-AXL,bear_volatile,5,2,0.27978498413817415,0.356658147527981,0.053582444699039396,0.050581600281988014,-0.04534655999128469,0.784462617992553,30.0,-0.0315,sl,-0.07228651685393256,0,0.0021762785636452175,-0.0957562568008804,R1_baseline,
2026-04-25,KRW-AXS,bear_volatile,5,3,0.0179783202608619,0.026612618963694042,0.0019386676066267183,0.00035248501938667606,-0.016404688941725684,0.6755562196035128,88.0,0.0485,tp,0.36663842482100245,1,0.5630550621669619,-0.008288928359976855,R1_baseline,
2026-04-26,KRW-AUCTION,bear_quiet,5,1,0.05287741253194677,0.026612618963694042,0.006080902441173879,0.011280514673481977,-0.016404688941725684,1.9869300576573905,71.0,-0.00769408121128695,eod,-0.00769408121128695,0,0.03003412969283259,-0.029351535836177556,R1_baseline,
2026-04-26,KRW-AWE,bear_quiet,5,2,0.27978498413817415,0.28542474444836097,0.02000352485019387,0.050581600281988014,-0.03965330179153474,0.9802408150663785,30.0,0.0485,tp,0.005953416149068249,0,0.15782983970405495,-0.023427866831084665,R1_baseline,
2026-04-26,KRW-BIGTIME,bear_quiet,5,3,0.27978498413817415,0.28542474444836097,0.030228254164096236,0.050581600281988014,-0.03965330179153474,0.9802408150663785,34.0,-0.020638755980861123,eod,-0.020638755980861123,0,-4.707345624410664e-14,-0.042452830188724255,R1_baseline,
2026-04-27,KRW-SYRUP,bear_quiet,5,1,0.27978498413817415,0.2446461619811404,0.02000352485019387,0.050581600281988014,-0.03627272503740334,1.1436312013745902,50.0,-0.0315,sl,-0.020317204301075253,0,0.008021390374328696,-0.037433155080216496,R1_baseline,
2026-04-27,KRW-ERA,bear_quiet,5,2,0.27978498413817415,0.2446461619811404,0.030228254164096236,0.050581600281988014,-0.03627272503740334,1.1436312013745902,37.0,0.0485,tp,0.022196682464454887,0,0.04225352112675562,-0.03286384976526269,R1_baseline,
2026-04-27,KRW-ELSA,bear_quiet,5,3,0.27978498413817415,0.356658147527981,0.03798026083891435,0.050581600281988014,-0.04534655999128469,0.784462617992553,23.0,-0.0315,sl,-0.029537383177570098,0,-9.103828801926284e-15,-0.08256880733945793,R1_baseline,
2026-04-28,KRW-JUP,bear_quiet,5,1,0.27978498413817415,0.356658147527981,0.02000352485019387,0.050581600281988014,-0.04534655999128469,0.784462617992553,46.0,-0.0315,sl,-0.029374564459930308,0,-3.552713678800501e-15,-0.04123711340206526,R1_baseline,
2026-04-28,KRW-ZAMA,bear_quiet,5,2,0.27978498413817415,0.356658147527981,0.10116320056397603,0.025998061161540496,-0.04534655999128469,0.784462617992553,68.0,0.0485,tp,0.07481578947368411,0,0.08157894736839255,-0.0026315789473947415,R1_baseline,
2026-04-28,KRW-OPEN,bear_quiet,5,3,0.27978498413817415,0.4523264011279521,0.053582444699039396,0.050581600281988014,-0.053728851077473765,0.6185466588739529,43.0,0.0485,tp,0.022060209424083876,0,0.09302325581395054,-0.07751937984496371,R1_baseline,
2026-04-29,KRW-WET,bear_quiet,5,1,0.14363764540007048,0.15024673951357068,0.02000352485019387,0.025998061161540496,-0.02950800213827928,0.9560117302052785,58.0,0.005642857142857118,eod,0.005642857142857118,0,0.006993006992999984,-0.034965034965041664,R1_baseline,
2026-04-29,KRW-ARK,bear_quiet,5,2,0.10778179254428483,0.1218824358861373,0.010398308071906944,0.14495946422277053,-0.027356059894664636,0.8843094721619668,44.0,-0.0315,sl,-0.03123977695167285,0,0.029629629629625676,-0.05555555555555913,R1_baseline,
2026-04-29,KRW-VANA,bear_quiet,5,3,0.27978498413817415,0.356658147527981,0.03798026083891435,0.14495946422277053,-0.04534655999128469,0.784462617992553,20.0,-0.0315,sl,-0.03772540250447226,0,0.0013321492007101199,-0.05728241563055103,R1_baseline,
2026-04-30,KRW-RAY,bear_quiet,5,1,0.27978498413817415,0.356658147527981,0.053582444699039396,0.14495946422277053,-0.04534655999128469,0.784462617992553,20.0,-0.0315,sl,0.059706896551724065,0,0.016877637130800816,-0.054008438818566096,R1_baseline,
2026-04-30,KRW-HYPER,bear_quiet,5,2,0.27978498413817415,0.356658147527981,0.10116320056397603,0.14495946422277053,-0.04534655999128469,0.784462617992553,44.0,0.0485,tp,0.05564285714285716,0,0.09659090909090295,-0.017045454545460137,R1_baseline,
2026-04-30,KRW-OPEN,bear_quiet,5,3,0.27978498413817415,0.4523264011279521,0.053582444699039396,0.14495946422277053,-0.053728851077473765,0.6185466588739529,22.0,-0.0315,sl,-0.023397810218978077,0,0.043583535108956184,-0.06779661016949379,R1_baseline,
2026-05-01,KRW-AWE,bear_quiet,5,1,0.14363764540007048,0.18954881917518507,0.02000352485019387,0.050581600281988014,-0.03209031504919673,0.7577870757787074,44.0,-0.0315,sl,-0.06448342541436464,0,0.01207464324916585,-0.0570801317233911,R1_baseline,
2026-05-01,KRW-HYPER,bear_quiet,5,2,0.27978498413817415,0.4523264011279521,0.27396898131829395,0.14495946422277053,-0.053728851077473765,0.6185466588739529,27.0,-0.0315,sl,-0.03410869565217395,0,0.01621621621621072,-0.037837837837843,R1_baseline,
2026-05-01,KRW-AXS,bear_quiet,5,3,0.14363764540007048,0.28542474444836097,0.030228254164096236,0.025998061161540496,-0.03965330179153474,0.5032417412781722,43.0,0.0485,tp,0.049505394801373115,0,0.04458598726114604,-0.007839294463498736,R1_baseline,
2026-05-02,KRW-HYPER,bear_quiet,5,1,0.27978498413817415,0.356658147527981,0.053582444699039396,0.050581600281988014,-0.04534655999128469,0.784462617992553,55.0,0.0485,tp,-0.012799435028248594,0,0.033149171270712596,-0.0386740331491765,R1_baseline,
2026-05-02,KRW-SOON,bear_quiet,5,2,0.27978498413817415,0.356658147527981,0.053582444699039396,0.050581600281988014,-0.04534655999128469,0.784462617992553,47.0,0.014248031496062965,eod,0.014248031496062965,0,0.03124999999999578,-0.027343750000003886,R1_baseline,
2026-05-02,KRW-FLUID,bear_quiet,5,3,0.27978498413817415,0.4523264011279521,0.053582444699039396,0.050581600281988014,-0.053728851077473765,0.6185466588739529,13.0,-0.0315,sl,-0.02917451466336224,0,0.0032428050263473285,-0.05066882853668453,R1_baseline,
2026-05-03,KRW-AKT,bear_quiet,5,1,0.27978498413817415,0.2446461619811404,0.030228254164096236,0.050581600281988014,-0.03627272503740334,1.1436312013745902,43.0,0.0485,tp,0.13507957244655572,1,0.20808561236622913,-0.013079667063021438,R1_baseline,
2026-05-03,KRW-ONDO,bear_quiet,5,2,0.07243567148396193,0.07076136764187523,0.0019386676066267183,0.015597462107860416,-0.022639280670088857,1.0236612702366126,22.0,0.012819809069212486,eod,0.012819809069212486,0,0.045346062052503466,-0.023866348448689734,R1_baseline,
2026-05-03,KRW-ARKM,bear_quiet,5,3,0.27978498413817415,0.356658147527981,0.03798026083891435,0.14495946422277053,-0.04534655999128469,0.784462617992553,28.0,-0.0315,sl,-0.02927777777777779,0,0.005494505494499924,-0.049450549450554604,R1_baseline,
2026-05-04,KRW-BAT,bear_quiet,5,1,0.27978498413817415,0.2446461619811404,0.02000352485019387,0.14495946422277053,-0.03627272503740334,1.1436312013745902,66.0,-0.007951612903225823,eod,-0.007951612903225823,0,0.018867924528295443,-0.04402515723271039,R1_baseline,
2026-05-04,KRW-ELSA,bear_quiet,5,2,0.27978498413817415,0.28542474444836097,0.03798026083891435,0.14495946422277053,-0.03965330179153474,0.9802408150663785,25.0,-0.0315,sl,-0.01027192982456143,0,0.00847457627117798,-0.06779661016949934,R1_baseline,
2026-05-04,KRW-TOKAMAK,bear_quiet,5,3,0.27978498413817415,0.4523264011279521,0.053582444699039396,0.14495946422277053,-0.053728851077473765,0.6185466588739529,11.0,-0.0315,sl,-0.018306722689075683,0,0.036773428232501626,-0.0450771055753274,R1_baseline,
2026-05-05,KRW-PRL,bear_quiet,5,1,0.27978498413817415,0.4523264011279521,0.10116320056397603,0.14495946422277053,-0.053728851077473765,0.6185466588739529,35.0,0.0485,tp,0.07860335917312661,1,0.25634517766497145,-0.022842639593911196,R1_baseline,
2026-05-05,KRW-ELSA,bear_quiet,5,2,0.14363764540007048,0.2446461619811404,0.03798026083891435,0.025998061161540496,-0.03627272503740334,0.5871240498395532,61.0,-0.0315,sl,-0.028285714285714303,0,-8.770761894538737e-15,-0.05309734513275166,R1_baseline,
2026-05-05,KRW-SPK,bear_quiet,5,3,0.14363764540007048,0.2446461619811404,0.03798026083891435,0.050581600281988014,-0.03627272503740334,0.5871240498395532,33.0,-0.0315,sl,-0.03434671532846706,0,0.02003642987247689,-0.03278688524591922,R1_baseline,
2026-05-06,KRW-ANKR,bear_quiet,5,1,0.037539654564681,0.026612618963694042,0.0019386676066267183,0.004934790271413465,-0.016404688941725684,1.4105960264900663,75.0,0.0485,tp,-0.042957286432160846,0,0.14693877551004797,-0.006802721088570496,R1_baseline,
2026-05-06,KRW-POWR,bear_quiet,5,2,0.07243567148396193,0.07076136764187523,0.030228254164096236,0.011280514673481977,-0.022639280670088857,1.0236612702366126,60.0,0.0005533880903490509,eod,0.0005533880903490509,0,0.04554865424429577,-0.001035196687380835,R1_baseline,
2026-05-06,KRW-ADA,bear_quiet,5,3,0.026524497708847374,0.026612618963694042,0.00035248501938667606,0.001762580417731559,-0.016404688941725684,0.9966887417218543,25.0,0.011419896640826823,eod,0.011419896640826823,0,0.030927835051543617,-0.015463917525775805,R1_baseline,
2026-05-07,KRW-GLM,bear_quiet,5,1,0.037539654564681,0.026612618963694042,0.006080902441173879,0.003172365174480085,-0.016404688941725684,1.4105960264900663,35.0,0.03298275862068972,eod,0.03298275862068972,0,0.03414634146340956,-0.014634146341468202,R1_baseline,
2026-05-07,KRW-ENA,bear_quiet,5,2,0.27978498413817415,0.28542474444836097,0.030228254164096236,0.14495946422277053,-0.03965330179153474,0.9802408150663785,25.0,-0.0315,sl,-0.0015,0,0.06214689265536122,-0.05084745762712395,R1_baseline,
2026-05-07,KRW-VIRTUAL,bear_quiet,5,3,0.27978498413817415,0.356658147527981,0.053582444699039396,0.050581600281988014,-0.04534655999128469,0.784462617992553,14.0,0.0485,tp,0.07401669316375209,0,0.12382445141065745,-0.035266457680251495,R1_baseline,
2026-05-08,KRW-LINEA,bear_quiet,5,1,0.27978498413817415,0.28542474444836097,0.030228254164096236,0.14495946422277053,-0.03965330179153474,0.9802408150663785,78.0,-0.0315,sl,0.0581026490066226,0,0.06322795341080467,-0.03826955074891203,R1_baseline,
2026-05-08,KRW-SONIC,bear_quiet,5,2,0.27978498413817415,0.28542474444836097,0.03798026083891435,0.050581600281988014,-0.03965330179153474,0.9802408150663785,15.0,0.006945945945946054,eod,0.006945945945946054,0,0.021922428330505506,-0.016863406408111015,R1_baseline,
2026-05-08,KRW-JST,bear_quiet,5,3,0.14363764540007048,0.15024673951357068,0.0019386676066267183,0.015597462107860416,-0.02950800213827928,0.9560117302052785,88.0,-0.0315,sl,-0.033246031746031746,0,0.007936507936499915,-0.04761904761905511,R1_baseline,
2026-05-09,KRW-BERA,bear_quiet,5,1,0.037539654564681,0.026612618963694042,0.00035248501938667606,0.00035248501938667606,-0.016404688941725684,1.4105960264900663,93.0,-0.02008108108108103,eod,-0.02008108108108103,0,0.03547297297297125,-0.025337837837839494,R1_baseline,
2026-05-09,KRW-G,bear_quiet,5,2,0.07243567148396193,0.07076136764187523,0.0019386676066267183,0.015597462107860416,-0.022639280670088857,1.0236612702366126,79.0,-0.008349315068493178,eod,-0.008349315068493178,0,0.01374570446717982,-0.00859106529226672,R1_baseline,
2026-05-09,KRW-ADA,bear_quiet,5,3,0.026524497708847374,0.026612618963694042,0.00035248501938667606,0.00035248501938667606,-0.016404688941725684,0.9966887417218543,28.0,-0.01137654320987652,eod,-0.01137654320987652,0,0.019851116625307474,-0.014888337468985102,R1_baseline,
2026-05-10,KRW-AERO,bear_quiet,5,1,0.27978498413817415,0.356658147527981,0.030228254164096236,0.14495946422277053,-0.04534655999128469,0.784462617992553,20.0,0.0485,tp,0.04870352781546822,0,0.07123655913978344,-0.02553763440860346,R1_baseline,
2026-05-10,KRW-LAYER,bear_quiet,5,2,0.27978498413817415,0.356658147527981,0.030228254164096236,0.14495946422277053,-0.04534655999128469,0.784462617992553,31.0,0.0485,tp,0.22979251700680275,1,0.6054421768707374,-0.027210884353748077,R1_baseline,
2026-05-10,KRW-KITE,bear_quiet,5,3,0.27978498413817415,0.356658147527981,0.03798026083891435,0.14495946422277053,-0.04534655999128469,0.784462617992553,28.0,-0.0315,sl,-0.012950381679389276,0,0.06513409961685412,-0.0498084291187777,R1_baseline,
2026-05-11,KRW-ERA,bear_quiet,5,1,0.14363764540007048,0.1218824358861373,0.0019386676066267183,0.025998061161540496,-0.027356059894664636,1.1784933928811279,43.0,0.012136363636363669,eod,0.012136363636363669,0,0.03181818181817708,-0.01818181818182263,R1_baseline,
2026-05-11,KRW-CTC,bear_quiet,5,2,0.07243567148396193,0.07076136764187523,0.00035248501938667606,0.011280514673481977,-0.022639280670088857,1.0236612702366126,85.0,0.0485,tp,0.05335232067510548,0,0.08786610878660639,-0.01255230125523421,R1_baseline,
2026-05-11,KRW-VET,bear_quiet,5,3,0.07243567148396193,0.07076136764187523,0.00035248501938667606,0.011280514673481977,-0.022639280670088857,1.0236612702366126,80.0,-0.0315,sl,-0.018741379310344752,0,0.008620689655085334,-0.03448275862077288,R1_baseline,
2026-05-12,KRW-AXS,bear_quiet,5,1,0.05287741253194677,0.026612618963694042,0.00035248501938667606,0.00035248501938667606,-0.016404688941725684,1.9869300576573905,100.0,-0.0315,sl,-0.051189440993788804,0,0.005243088655862316,-0.0581506196377507,R1_baseline,
2026-05-12,KRW-GMT,bear_quiet,5,2,0.27978498413817415,0.28542474444836097,0.010398308071906944,0.050581600281988014,-0.03965330179153474,0.9802408150663785,89.0,-0.0315,sl,0.02454166666666674,0,0.030612244897906482,-0.05102040816331366,R1_baseline,
2026-05-12,KRW-JTO,bear_quiet,5,3,0.27978498413817415,0.356658147527981,0.053582444699039396,0.050581600281988014,-0.04534655999128469,0.784462617992553,51.0,-0.0315,sl,-0.06834141546526867,0,0.027559055118108855,-0.07217847769028995,R1_baseline,
2026-05-13,KRW-INJ,bear_quiet,5,1,0.27978498413817415,0.356658147527981,0.02000352485019387,0.050581600281988014,-0.04534655999128469,0.784462617992553,56.0,0.0485,tp,0.06139752650176683,1,0.2764456981664314,-0.011988716502115748,R1_baseline,
2026-05-13,KRW-FF,bear_quiet,5,2,0.27978498413817415,0.356658147527981,0.03798026083891435,0.14495946422277053,-0.04534655999128469,0.784462617992553,24.0,-0.0315,sl,0.10284782608695658,0,0.13675213675212716,-0.051282051282059316,R1_baseline,
2026-05-13,KRW-JTO,bear_quiet,5,3,0.27978498413817415,0.356658147527981,0.10116320056397603,0.050581600281988014,-0.04534655999128469,0.784462617992553,65.0,0.0485,tp,0.05039340813464227,0,0.10252808988763884,-0.007022471910113737,R1_baseline,
2026-05-14,KRW-PIEVERSE,bear_quiet,5,1,0.27978498413817415,0.4523264011279521,0.053582444699039396,0.14495946422277053,-0.053728851077473765,0.6185466588739529,20.0,0.0485,tp,0.0238623188405796,0,0.16727538349159898,-0.006574141709277503,R1_baseline,
2026-05-14,KRW-TIA,bear_quiet,5,2,0.27978498413817415,0.4523264011279521,0.053582444699039396,0.14495946422277053,-0.053728851077473765,0.6185466588739529,22.0,0.0485,tp,0.020689349112426092,0,0.05497771173848287,-0.01931649331352303,R1_baseline,
2026-05-14,KRW-AKT,bear_quiet,5,3,0.27978498413817415,0.4523264011279521,0.10116320056397603,0.14495946422277053,-0.053728851077473765,0.6185466588739529,36.0,-0.0315,sl,-0.07133883346124331,0,0.03445575567736814,-0.11276429130775323,R1_baseline,
2026-05-15,KRW-IMX,bear_quiet,5,1,0.27978498413817415,0.4523264011279521,0.030228254164096236,0.14495946422277053,-0.053728851077473765,0.6185466588739529,20.0,-0.0315,sl,-0.06231081081081086,0,0.016666666666663277,-0.08000000000000318,R1_baseline,
2026-05-15,KRW-AZTEC,bear_quiet,5,2,0.14363764540007048,0.28542474444836097,0.02000352485019387,0.050581600281988014,-0.03965330179153474,0.5032417412781722,33.0,-0.0315,sl,-0.13557821229050276,0,0.06976744186043393,-0.09302325581397985,R1_baseline,
2026-05-15,KRW-SOON,bear_quiet,5,3,0.14363764540007048,0.28542474444836097,0.030228254164096236,0.050581600281988014,-0.03965330179153474,0.5032417412781722,72.0,-0.0315,sl,-0.020583969465648833,0,0.015151515151511141,-0.08712121212121571,R1_baseline,
2026-05-16,KRW-DRIFT,bear_quiet,5,1,0.27978498413817415,0.4523264011279521,0.10116320056397603,0.14495946422277053,-0.053728851077473765,0.6185466588739529,6.0,-0.0315,sl,-0.04474324324324325,0,0.01214574898784071,-0.06072874493928382,R1_baseline,
2026-05-16,KRW-B3,bear_quiet,5,2,0.27978498413817415,0.4523264011279521,0.27396898131829395,0.050581600281988014,-0.053728851077473765,0.6185466588739529,28.0,-0.0315,sl,-0.056045454545454454,0,0.04999999999934368,-0.056250000000589995,R1_baseline,
2026-05-16,KRW-ORCA,bear_quiet,5,3,0.14363764540007048,0.28542474444836097,0.030228254164096236,0.050581600281988014,-0.03965330179153474,0.5032417412781722,56.0,0.0485,tp,0.06590027510316371,0,0.14726184997698977,-0.012425218591809006,R1_baseline,
2026-05-17,KRW-DKA,bear_quiet,5,1,0.27978498413817415,0.28542474444836097,0.03798026083891435,0.050581600281988014,-0.03965330179153474,0.9802408150663785,12.0,-0.0315,sl,-0.04440429042904298,0,0.020856201975738786,-0.05708013172348436,R1_baseline,
2026-05-17,KRW-BIO,bear_quiet,5,2,0.27978498413817415,0.356658147527981,0.03798026083891435,0.050581600281988014,-0.04534655999128469,0.784462617992553,51.0,-0.0315,sl,-0.09483333333333338,0,0.00665557404324435,-0.1098169717138252,R1_baseline,
2026-05-17,KRW-ATOM,bear_quiet,5,3,0.14363764540007048,0.18954881917518507,0.006080902441173879,0.025998061161540496,-0.03209031504919673,0.7577870757787074,72.0,-0.0191643768400393,eod,-0.0191643768400393,0,0.04432042022324323,-0.021667760998030472,R1_baseline,
2026-05-18,KRW-KAITO,bear_quiet,5,1,0.27978498413817415,0.356658147527981,0.053582444699039396,0.14495946422277053,-0.04534655999128469,0.784462617992553,17.0,-0.0315,sl,-0.0015,0,-1.4432899320127035e-15,-0.06976744186046646,R1_baseline,
2026-05-18,KRW-META,bear_quiet,5,2,0.27978498413817415,0.4523264011279521,0.03798026083891435,0.14495946422277053,-0.053728851077473765,0.6185466588739529,9.0,-0.0315,sl,-0.10643827160493818,0,0.03048780487798597,-0.11585365853663909,R1_baseline,
2026-05-18,KRW-VVV,bear_quiet,5,3,0.27978498413817415,0.4523264011279521,0.10116320056397603,0.14495946422277053,-0.053728851077473765,0.6185466588739529,11.0,-0.0315,sl,0.05025688509021836,0,0.09169054441260749,-0.038204393505253065,R1_baseline,
2026-05-19,KRW-SAFE,bear_quiet,5,1,0.27978498413817415,0.28542474444836097,0.03798026083891435,0.050581600281988014,-0.03965330179153474,0.9802408150663785,71.0,-0.0315,sl,-0.03996153846153844,0,0.028985507246371833,-0.038647342995173695,R1_baseline,
2026-05-19,KRW-BIO,bear_quiet,5,2,0.27978498413817415,0.4523264011279521,0.053582444699039396,0.14495946422277053,-0.053728851077473765,0.6185466588739529,10.0,-0.0315,sl,-0.10488680926916233,0,0.0017271157167357831,-0.14680483592402171,R1_baseline,
2026-05-19,KRW-AKT,bear_quiet,5,3,0.27978498413817415,0.4523264011279521,0.10116320056397603,0.14495946422277053,-0.053728851077473765,0.6185466588739529,32.0,-0.0315,sl,-0.048750859106529265,0,0.0426985482493587,-0.050384286934245015,R1_baseline,
2026-05-20,KRW-UP2,bear_quiet,5,1,0.27978498413817415,0.28542474444836097,0.10116320056397603,0.025998061161540496,-0.03965330179153474,0.9802408150663785,50.0,-0.0315,sl,0.05795945945945952,0,0.19444444444443776,-0.005555555555561087,R1_baseline,
2026-05-20,KRW-OPEN,bear_quiet,5,2,0.27978498413817415,0.4523264011279521,0.10116320056397603,0.14495946422277053,-0.053728851077473765,0.6185466588739529,17.0,-0.0315,sl,-0.0015,0,0.04049844236759803,-0.049844236760127614,R1_baseline,
2026-05-20,KRW-STORJ,bear_quiet,5,3,0.27978498413817415,0.4523264011279521,0.10116320056397603,0.14495946422277053,-0.053728851077473765,0.6185466588739529,12.0,-0.013264705882352899,eod,-0.013264705882352899,0,0.005780346820803528,-0.046242774566479516,R1_baseline,
2026-05-21,KRW-B3,bear_quiet,5,1,0.27978498413817415,0.356658147527981,0.053582444699039396,0.050581600281988014,-0.04534655999128469,0.784462617992553,17.0,-0.0315,sl,-0.02927777777777779,0,0.006896551723443389,-0.04827586206962198,R1_baseline,
2026-05-21,KRW-PROVE,bear_quiet,5,2,0.10778179254428483,0.15024673951357068,0.0019386676066267183,0.025998061161540496,-0.02950800213827928,0.7173652679135156,27.0,0.0485,tp,0.4636162790697674,1,0.6588921282798785,-2.9976021664879227e-15,R1_baseline,
2026-05-21,KRW-KAITO,bear_quiet,5,3,0.10778179254428483,0.15024673951357068,0.006080902441173879,0.015597462107860416,-0.02950800213827928,0.7173652679135156,85.0,0.0485,tp,0.07160344827586212,0,0.11773049645389899,-1.4432899320127035e-15,R1_baseline,
2026-05-22,KRW-SOON,bear_quiet,5,1,0.27978498413817415,0.2446461619811404,0.02000352485019387,0.050581600281988014,-0.03627272503740334,1.1436312013745902,26.0,-0.0315,sl,-0.05028048780487809,0,0.05327868852458595,-0.04098360655738098,R1_baseline,
2026-05-22,KRW-SOMI,bear_quiet,5,2,0.27978498413817415,0.2446461619811404,0.030228254164096236,0.050581600281988014,-0.03627272503740334,1.1436312013745902,36.0,-0.0315,sl,-0.04134063745019917,0,0.011904761904757866,-0.047619047619051336,R1_baseline,
2026-05-22,KRW-ALT,bear_quiet,5,3,0.27978498413817415,0.28542474444836097,0.030228254164096236,0.025998061161540496,-0.03965330179153474,0.9802408150663785,46.0,0.0485,tp,0.09941743119266061,1,0.5092592592591194,-0.009259259259351116,R1_baseline,
2026-05-23,KRW-INJ,bear_quiet,5,1,0.27978498413817415,0.356658147527981,0.053582444699039396,0.050581600281988014,-0.04534655999128469,0.784462617992553,43.0,-0.0315,sl,0.02942783505154628,0,0.06113256113256105,-0.08301158301158307,R1_baseline,
2026-05-23,KRW-SAFE,bear_quiet,5,2,0.27978498413817415,0.4523264011279521,0.053582444699039396,0.050581600281988014,-0.053728851077473765,0.6185466588739529,27.0,-0.0315,sl,0.03536635944700467,0,0.05045871559632542,-0.05504587155963736,R1_baseline,
2026-05-23,KRW-JTO,bear_quiet,5,3,0.27978498413817415,0.4523264011279521,0.10116320056397603,0.14495946422277053,-0.053728851077473765,0.6185466588739529,36.0,-0.0315,sl,-0.009542895442359254,0,0.03373819163292713,-0.04858299595141835,R1_baseline,
2026-05-24,KRW-ZORA,bear_quiet,5,1,0.27978498413817415,0.18954881917518507,0.02000352485019387,0.050581600281988014,-0.03209031504919673,1.4760576476057647,25.0,-0.0315,sl,-0.037002958579881506,0,0.029239766081811336,-0.07017543859654551,R1_baseline,
2026-05-24,KRW-T,bear_quiet,5,2,0.07243567148396193,0.07076136764187523,0.0019386676066267183,0.015597462107860416,-0.022639280670088857,1.0236612702366126,56.0,-0.0315,sl,-0.022591811414392204,0,0.006180469715574066,-0.050679851668844145,R1_baseline,
2026-05-24,KRW-HP,bear_quiet,5,3,0.27978498413817415,0.28542474444836097,0.03798026083891435,0.050581600281988014,-0.03965330179153474,0.9802408150663785,21.0,-0.0315,sl,-0.040801310043668104,0,0.004329004328960773,-0.04761904761908886,R1_baseline,
2026-05-25,KRW-RED,bear_quiet,5,1,0.14363764540007048,0.18954881917518507,0.030228254164096236,0.050581600281988014,-0.03209031504919673,0.7577870757787074,29.0,0.0485,tp,0.03421428571428581,0,0.10204081632652495,-0.010204081632658069,R1_baseline,
2026-05-25,KRW-ALGO,bear_quiet,5,2,0.0179783202608619,0.026612618963694042,0.006080902441173879,0.001762580417731559,-0.016404688941725684,0.6755562196035128,93.0,-0.013334319526627168,eod,-0.013334319526627168,0,0.04191616766466444,-0.00598802395210174,R1_baseline,
2026-05-25,KRW-AKT,bear_quiet,5,3,0.27978498413817415,0.4523264011279521,0.053582444699039396,0.14495946422277053,-0.053728851077473765,0.6185466588739529,17.0,0.0485,tp,0.09985674381484438,0,0.1274742676167846,-0.015043547110056177,R1_baseline,
2026-05-26,KRW-LA,bear_quiet,5,1,0.27978498413817415,0.2446461619811404,0.02000352485019387,0.050581600281988014,-0.03627272503740334,1.1436312013745902,28.0,-0.0315,sl,-0.04721428571428571,0,0.00568181818181257,-0.06250000000000533,R1_baseline,
2026-05-26,KRW-RENDER,bear_quiet,5,2,0.27978498413817415,0.356658147527981,0.03798026083891435,0.14495946422277053,-0.04534655999128469,0.784462617992553,18.0,0.0485,tp,0.0611939788950962,0,0.1084077610101628,-0.020634431783184803,R1_baseline,
2026-05-26,KRW-INJ,bear_quiet,5,3,0.27978498413817415,0.356658147527981,0.053582444699039396,0.14495946422277053,-0.04534655999128469,0.784462617992553,24.0,-0.0315,sl,-0.013237089201877881,0,0.06927175843694466,-0.04085257548845489,R1_baseline,
2026-05-27,KRW-ARKM,bear_quiet,5,1,0.27978498413817415,0.4523264011279521,0.053582444699039396,0.14495946422277053,-0.053728851077473765,0.6185466588739529,27.0,-0.0315,sl,-0.06757929515418498,0,0.017621145374444813,-0.07488986784141372,R1_baseline,
2026-05-27,KRW-JTO,bear_quiet,5,2,0.27978498413817415,0.4523264011279521,0.053582444699039396,0.050581600281988014,-0.053728851077473765,0.6185466588739529,42.0,-0.0315,sl,0.028408972691807588,0,0.14099216710182616,-0.03524804177545826,R1_baseline,
2026-05-27,KRW-ERA,bear_quiet,5,3,0.27978498413817415,0.4523264011279521,0.10116320056397603,0.14495946422277053,-0.053728851077473765,0.6185466588739529,17.0,-0.0315,sl,-0.046276119402985094,0,0.009900990099005025,-0.06435643564356897,R1_baseline,
2026-05-28,KRW-ALT,bear_quiet,5,1,0.27978498413817415,0.4523264011279521,0.10116320056397603,0.14495946422277053,-0.053728851077473765,0.6185466588739529,9.0,-0.0315,sl,-0.07292857142857129,0,0.008928571428481469,-0.09821428571436619,R1_baseline,
2026-05-28,KRW-ARKM,bear_quiet,5,2,0.27978498413817415,0.4523264011279521,0.10116320056397603,0.050581600281988014,-0.053728851077473765,0.6185466588739529,62.0,-0.0315,sl,-0.03451886792452835,0,0.0046948356807465785,-0.09859154929577885,R1_baseline,
2026-05-28,KRW-ICP,bear_quiet,5,3,0.27978498413817415,0.4523264011279521,0.10116320056397603,0.14495946422277053,-0.053728851077473765,0.6185466588739529,10.0,-0.0315,sl,-0.03654560729716755,0,0.008139813263107198,-0.08905913334929394,R1_baseline,
2026-05-29,KRW-FF,bear_quiet,5,1,0.27978498413817415,0.356658147527981,0.053582444699039396,0.14495946422277053,-0.04534655999128469,0.784462617992553,50.0,0.0485,tp,-0.0015,0,0.10596026490065502,-0.019867549668880602,R1_baseline,
2026-05-29,KRW-MON,bear_quiet,5,2,0.27978498413817415,0.356658147527981,0.053582444699039396,0.050581600281988014,-0.04534655999128469,0.784462617992553,21.0,-0.0315,sl,-0.029669014084507006,0,0.01960784313722619,-0.04481792717089517,R1_baseline,
2026-05-29,KRW-XPL,bear_quiet,5,3,0.27978498413817415,0.356658147527981,0.053582444699039396,0.14495946422277053,-0.04534655999128469,0.784462617992553,35.0,0.0485,tp,-0.06532978723404254,0,0.0567375886524748,-0.07092198581560938,R1_baseline,
2026-05-30,KRW-NEWT,bear_quiet,5,1,0.27978498413817415,0.2446461619811404,0.010398308071906944,0.050581600281988014,-0.03627272503740334,1.1436312013745902,56.0,-0.0315,sl,-0.07489449541284404,0,0.04672897196260717,-0.06542056074767222,R1_baseline,
2026-05-30,KRW-PYTH,bear_quiet,5,2,0.27978498413817415,0.28542474444836097,0.03798026083891435,0.050581600281988014,-0.03965330179153474,0.9802408150663785,23.0,0.0485,tp,0.038500000000000034,0,0.05324459234607226,-0.00998336106490838,R1_baseline,
2026-05-30,KRW-UP2,bear_quiet,5,3,0.27978498413817415,0.28542474444836097,0.053582444699039396,0.025998061161540496,-0.03965330179153474,0.9802408150663785,66.0,-0.0315,sl,-0.022626760563380255,0,-6.8833827526759706e-15,-0.04861111111111771,R1_baseline,
2026-05-31,KRW-ZK,bear_quiet,5,1,0.27978498413817415,0.28542474444836097,0.02000352485019387,0.050581600281988014,-0.03965330179153474,0.9802408150663785,26.0,-0.0315,sl,-0.0015,0,0.014018691588737697,-0.04672897196266135,R1_baseline,
2026-05-31,KRW-VET,bear_quiet,5,2,0.14363764540007048,0.15024673951357068,0.010398308071906944,0.025998061161540496,-0.02950800213827928,0.9560117302052785,24.0,-0.008129834254143651,eod,-0.008129834254143651,0,0.009944751381103956,-0.02872928176806333,R1_baseline,
2026-05-31,KRW-DRIFT,bear_quiet,5,3,0.27978498413817415,0.4523264011279521,0.10116320056397603,0.050581600281988014,-0.053728851077473765,0.6185466588739529,27.0,0.0485,tp,-0.20544736842105277,0,0.026369168356977113,-0.2657200811359175,R1_baseline,
2026-06-01,KRW-INJ,bear_quiet,5,1,0.27978498413817415,0.356658147527981,0.053582444699039396,0.14495946422277053,-0.04534655999128469,0.784462617992553,55.0,0.0485,tp,0.05891666666666656,0,0.11572392319667846,-0.020238713025428345,R1_baseline,
2026-06-01,KRW-MANTRA,bear_quiet,5,2,0.27978498413817415,0.356658147527981,0.053582444699039396,0.050581600281988014,-0.04534655999128469,0.784462617992553,20.0,-0.0315,sl,-0.07073076923076921,0,0.05426356589139103,-0.08527131782952824,R1_baseline,
2026-06-01,KRW-LSK,bear_quiet,5,3,0.10778179254428483,0.15024673951357068,0.02000352485019387,0.050581600281988014,-0.02950800213827928,0.7173652679135156,42.0,-0.0315,sl,-0.03144011976047906,0,0.011976047904185494,-0.047904191616772174,R1_baseline,
2026-06-02,KRW-INJ,bear_quiet,5,1,0.27978498413817415,0.356658147527981,0.053582444699039396,0.14495946422277053,-0.04534655999128469,0.784462617992553,36.0,0.0485,tp,-0.032965093411996105,0,0.05283757338551842,-0.06702544031311175,R1_baseline,
2026-06-02,KRW-PRL,bear_quiet,5,2,0.27978498413817415,0.356658147527981,0.053582444699039396,0.050581600281988014,-0.04534655999128469,0.784462617992553,82.0,-0.0315,sl,-0.03472259136212624,0,0.12110726643598224,-0.03806228373702758,R1_baseline,
2026-06-02,KRW-W,bear_quiet,5,3,0.27978498413817415,0.356658147527981,0.053582444699039396,0.14495946422277053,-0.04534655999128469,0.784462617992553,25.0,-0.0315,sl,-0.04360526315789476,0,-5.1514348342607263e-14,-0.0979381443299433,R1_baseline,
2026-06-03,KRW-VVV,bear_quiet,5,1,0.27978498413817415,0.356658147527981,0.053582444699039396,0.14495946422277053,-0.04534655999128469,0.784462617992553,70.0,0.0485,tp,0.12863698630136994,0,0.16270566727605118,-0.010237659963436951,R1_baseline,
2026-06-03,KRW-BIO,bear_quiet,5,2,0.27978498413817415,0.4523264011279521,0.10116320056397603,0.14495946422277053,-0.053728851077473765,0.6185466588739529,21.0,-0.0315,sl,0.036961538461538324,0,0.05050505050502929,-0.06868686868688756,R1_baseline,
2026-06-03,KRW-ID,bear_quiet,5,3,0.27978498413817415,0.4523264011279521,0.10116320056397603,0.14495946422277053,-0.053728851077473765,0.6185466588739529,37.0,-0.0315,sl,-0.13990155945419097,0,0.11228813559319661,-0.05932203389832513,R1_baseline,
2026-06-04,KRW-OP,bear_quiet,5,1,0.27978498413817415,0.2446461619811404,0.03798026083891435,0.050581600281988014,-0.03627272503740334,1.1436312013745902,52.0,-0.0315,sl,-0.09932608695652173,0,0.010989010989005399,-0.14285714285714757,R1_baseline,
2026-06-04,KRW-ZRO,bear_quiet,5,2,0.27978498413817415,0.28542474444836097,0.03798026083891435,0.14495946422277053,-0.03965330179153474,0.9802408150663785,63.0,-0.0315,sl,-0.1363737238044062,0,0.010253642741499869,-0.14678899082568853,R1_baseline,
2026-06-04,KRW-ICP,bear_quiet,5,3,0.27978498413817415,0.356658147527981,0.053582444699039396,0.14495946422277053,-0.04534655999128469,0.784462617992553,31.0,-0.0315,sl,-0.13868411552346566,0,0.029335071707952798,-0.1505867014341592,R1_baseline,
2026-06-05,KRW-EDGE,bear_quiet,5,1,0.27978498413817415,0.356658147527981,0.053582444699039396,0.14495946422277053,-0.04534655999128469,0.784462617992553,34.0,-0.0315,sl,-0.05705555555555558,0,-8.992806499463768e-15,-0.09009009009009827,R1_baseline,
2026-06-05,KRW-ZBT,bear_quiet,5,2,0.27978498413817415,0.356658147527981,0.053582444699039396,0.14495946422277053,-0.04534655999128469,0.784462617992553,21.0,-0.0315,sl,-0.07028306878306884,0,0.005208333333328152,-0.11458333333333792,R1_baseline,
2026-06-05,KRW-ESP,bear_quiet,5,3,0.27978498413817415,0.4523264011279521,0.10116320056397603,0.14495946422277053,-0.053728851077473765,0.6185466588739529,90.0,-0.0315,sl,-0.01140099009900991,0,0.019230769230759392,-0.13076923076923908,R1_baseline,
2026-06-06,KRW-ELSA,bear_quiet,5,1,0.27978498413817415,0.28542474444836097,0.10116320056397603,0.004934790271413465,-0.03965330179153474,0.9802408150663785,31.0,-0.0315,sl,-0.01597178002894356,0,0.015918958031823305,-0.08683068017367446,R1_baseline,
2026-06-06,KRW-PROS,bear_quiet,5,2,0.27978498413817415,0.356658147527981,0.03798026083891435,0.14495946422277053,-0.04534655999128469,0.784462617992553,28.0,-0.0315,sl,-0.015670040485829928,0,0.022335025380709528,-0.08020304568528014,R1_baseline,
2026-06-06,KRW-UP2,bear_quiet,5,3,0.27978498413817415,0.356658147527981,0.10116320056397603,0.050581600281988014,-0.04534655999128469,0.784462617992553,82.0,-0.0315,sl,-0.011208737864077665,0,-9.43689570931383e-15,-0.08113207547170664,R1_baseline,
2026-06-07,KRW-MASK,bear_quiet,5,1,0.27978498413817415,0.28542474444836097,0.03798026083891435,0.025998061161540496,-0.03965330179153474,0.9802408150663785,41.0,0.0485,tp,0.015385553470919357,0,0.04672897196261472,-0.011214953271029948,R1_baseline,
2026-06-07,KRW-JTO,bear_quiet,5,2,0.27978498413817415,0.28542474444836097,0.10116320056397603,0.050581600281988014,-0.03965330179153474,0.9802408150663785,49.0,0.0485,tp,0.2224789196310935,1,0.3289646133682813,-0.006553079947576701,R1_baseline,
2026-06-07,KRW-AQT,bear_quiet,5,3,0.27978498413817415,0.356658147527981,0.03798026083891435,0.14495946422277053,-0.04534655999128469,0.784462617992553,69.0,-0.0315,sl,-0.028405829596412524,0,0.020802377414560036,-0.049034175334325414,R1_baseline,
2026-06-08,KRW-TREE,bear_volatile,5,1,0.27978498413817415,0.2446461619811404,0.030228254164096236,0.025998061161540496,-0.03627272503740334,1.1436312013745902,38.0,-0.0315,sl,-0.02530952380952395,0,0.016344725111426373,-0.03268945022289693,R1_baseline,
2026-06-08,KRW-TRAC,bear_volatile,5,2,0.27978498413817415,0.28542474444836097,0.030228254164096236,0.050581600281988014,-0.03965330179153474,0.9802408150663785,93.0,-0.0315,sl,-0.061226962457337886,0,0.14963503649634813,-0.016423357664235416,R1_baseline,
2026-06-08,KRW-MEGA,bear_volatile,5,3,0.27978498413817415,0.356658147527981,0.03798026083891435,0.050581600281988014,-0.04534655999128469,0.784462617992553,36.0,0.0485,tp,0.028803030303030275,0,0.0849315068493004,-0.03424657534247888,R1_baseline,
2026-06-09,KRW-BERA,bear_volatile,5,1,0.27978498413817415,0.4523264011279521,0.053582444699039396,0.14495946422277053,-0.053728851077473765,0.6185466588739529,20.0,-0.0315,sl,-0.05097916666666663,0,-2.6645352591003757e-15,-0.06185567010309523,R1_baseline,
2026-06-09,KRW-HYPER,bear_volatile,5,2,0.27978498413817415,0.4523264011279521,0.053582444699039396,0.050581600281988014,-0.053728851077473765,0.6185466588739529,46.0,-0.0315,sl,-0.020917475728155333,0,0.009708737864067896,-0.0582524271844751,R1_baseline,
2026-06-09,KRW-TRAC,bear_volatile,5,3,0.27978498413817415,0.4523264011279521,0.10116320056397603,0.14495946422277053,-0.053728851077473765,0.6185466588739529,14.0,-0.0315,sl,-0.06331818181818177,0,0.015384615384613554,-0.14529914529914678,R1_baseline,
2026-06-10,KRW-ALT,bear_volatile,5,1,0.27978498413817415,0.28542474444836097,0.053582444699039396,0.14495946422277053,-0.03965330179153474,0.9802408150663785,95.0,-0.0315,sl,-0.018377637130801705,0,0.06652587117200981,-0.07074973600854584,R1_baseline,
2026-06-10,KRW-MOCA,bear_volatile,5,2,0.27978498413817415,0.28542474444836097,0.053582444699039396,0.015597462107860416,-0.03965330179153474,0.9802408150663785,30.0,0.0485,tp,0.06616917293233066,0,0.07462686567156163,-0.02985074626872919,R1_baseline,
2026-06-10,KRW-POKT,bear_volatile,5,3,0.27978498413817415,0.356658147527981,0.053582444699039396,0.14495946422277053,-0.04534655999128469,0.784462617992553,27.0,-0.0315,sl,-0.0866063829787233,0,0.1417322834644772,-0.047244094488263944,R1_baseline,
2026-06-11,KRW-ORBS,bear_volatile,5,1,0.27978498413817415,0.28542474444836097,0.03798026083891435,0.14495946422277053,-0.03965330179153474,0.9802408150663785,51.0,-0.0315,sl,-0.010214596949891073,0,0.0021459227466735786,-0.05686695278980092,R1_baseline,
2026-06-11,KRW-TREE,bear_volatile,5,2,0.27978498413817415,0.28542474444836097,0.03798026083891435,0.14495946422277053,-0.03965330179153474,0.9802408150663785,45.0,0.03277719821162456,eod,0.03277719821162456,0,0.025073746312669343,-0.028023598820073103,R1_baseline,
2026-06-11,KRW-DOOD,bear_volatile,5,3,0.27978498413817415,0.356658147527981,0.030228254164096236,0.14495946422277053,-0.04534655999128469,0.784462617992553,47.0,0.0485,tp,0.06898458149779746,0,0.07792207792161121,-0.025974025974447645,R1_baseline,
2026-06-12,KRW-FCT2,bear_volatile,5,1,0.27978498413817415,0.18954881917518507,0.02000352485019387,0.050581600281988014,-0.03209031504919673,1.4760576476057647,41.0,0.0485,tp,-0.061201492537313495,0,0.15267175572510294,-0.06870229007640705,R1_baseline,
2026-06-12,KRW-ZETA,bear_volatile,5,2,0.27978498413817415,0.2446461619811404,0.03798026083891435,0.050581600281988014,-0.03627272503740334,1.1436312013745902,20.0,-0.0315,sl,-0.07641856677524433,0,0.09507042253519216,-0.003521126760580917,R1_baseline,
2026-06-12,KRW-FLUID,bear_volatile,5,3,0.10778179254428483,0.1218824358861373,0.030228254164096236,0.011280514673481977,-0.027356059894664636,0.8843094721619668,93.0,-0.0315,sl,-0.04348698994677708,0,0.017344497607654885,-0.03887559808612495,R1_baseline,
2026-06-13,KRW-TOKAMAK,bear_volatile,5,1,0.27978498413817415,0.18954881917518507,0.006080902441173879,0.050581600281988014,-0.03209031504919673,1.4760576476057647,42.0,0.017663763066202043,eod,0.017663763066202043,0,0.013745704467352127,-0.018900343642613393,R1_baseline,
2026-06-13,KRW-MED,bear_volatile,5,2,0.27978498413817415,0.2446461619811404,0.02000352485019387,0.14495946422277053,-0.03627272503740334,1.1436312013745902,48.0,-0.009696721311475419,eod,-0.009696721311475419,0,0.012195121950808074,-0.036585365854050145,R1_baseline,
2026-06-13,KRW-TOSHI,bear_volatile,5,3,0.14363764540007048,0.15024673951357068,0.006080902441173879,0.050581600281988014,-0.02950800213827928,0.9560117302052785,79.0,0.0485,tp,0.07744736842105265,0,0.1052631578889196,-0.005263157899972337,R1_baseline,
2026-06-14,KRW-STX,bear_volatile,5,1,0.026524497708847374,0.026612618963694042,0.00035248501938667606,0.001762580417731559,-0.016404688941725684,0.9966887417218543,97.0,0.0485,tp,0.04850000000000004,0,0.05714285714285339,-0.01071428571428934,R1_baseline,
2026-06-14,KRW-T,bear_volatile,5,2,0.14363764540007048,0.15024673951357068,0.0019386676066267183,0.050581600281988014,-0.02950800213827928,0.9560117302052785,36.0,-0.0315,sl,0.00544444444444442,0,-1.7064127888488656e-13,-0.05290102389094675,R1_baseline,
2026-06-14,KRW-BORA,bear_volatile,5,3,0.10778179254428483,0.1218824358861373,0.010398308071906944,0.025998061161540496,-0.027356059894664636,0.8843094721619668,79.0,0.016921052631579114,eod,0.016921052631579114,0,0.03394255874670926,-0.015665796344673133,R1_baseline,
2026-06-15,KRW-RED,bear_volatile,5,1,0.27978498413817415,0.1218824358861373,0.0019386676066267183,0.025998061161540496,-0.027356059894664636,2.295531608832872,40.0,-0.008396551724137944,eod,-0.008396551724137944,0,0.006802721088428498,-0.027210884353748077,R1_baseline,
2026-06-15,KRW-BIGTIME,bear_volatile,5,2,0.14363764540007048,0.1218824358861373,0.006080902441173879,0.050581600281988014,-0.027356059894664636,1.1784933928811279,56.0,-0.0015,eod,-0.0015,0,0.0362318840578959,-0.021739130434853537,R1_baseline,
2026-06-15,KRW-G,bear_volatile,5,3,0.14363764540007048,0.1218824358861373,0.010398308071906944,0.050581600281988014,-0.027356059894664636,1.1784933928811279,31.0,0.0008474178403755097,eod,0.0008474178403755097,0,0.020979020978783014,-0.025641025641252813,R1_baseline,
2026-06-16,KRW-FLOCK,bear_volatile,5,1,0.10778179254428483,0.1218824358861373,0.010398308071906944,0.015597462107860416,-0.027356059894664636,0.8843094721619668,97.0,-0.0315,sl,-0.030253993610223684,0,0.01618122977344627,-0.04854368932040376,R1_baseline,
2026-06-16,KRW-DOOD,bear_volatile,5,2,0.10778179254428483,0.15024673951357068,0.02000352485019387,0.050581600281988014,-0.02950800213827928,0.7173652679135156,65.0,-0.0315,sl,-0.03483333333333333,0,0.00416666666624832,-0.07916666666705041,R1_baseline,
2026-06-16,KRW-AERO,bear_volatile,5,3,0.27978498413817415,0.4523264011279521,0.030228254164096236,0.14495946422277053,-0.053728851077473765,0.6185466588739529,95.0,-0.0315,sl,0.09803343701399686,0,0.19656786271450666,-0.034321372854915766,R1_baseline,
2026-06-17,KRW-IN,bear_volatile,5,1,0.14363764540007048,0.18954881917518507,0.02000352485019387,0.025998061161540496,-0.03209031504919673,0.7577870757787074,67.0,-0.0315,sl,-0.045359649122807044,0,-8.659739592076221e-15,-0.06956521739131238,R1_baseline,
2026-06-17,KRW-WCT,bear_volatile,5,2,0.14363764540007048,0.18954881917518507,0.02000352485019387,0.025998061161540496,-0.03209031504919673,0.7577870757787074,31.0,0.00549300699300709,eod,0.00549300699300709,0,0.0376044568244982,-0.016713091922019196,R1_baseline,
2026-06-17,KRW-0G,bear_volatile,5,3,0.05287741253194677,0.07076136764187523,0.0019386676066267183,0.003172365174480085,-0.022639280670088857,0.7472638573007869,89.0,-0.0315,sl,-0.032405077262693205,0,0.02654867256636928,-0.05088495575221452,R1_baseline,
2026-06-18,KRW-MINA,bear_volatile,5,1,0.10778179254428483,0.07076136764187523,0.0019386676066267183,0.050581600281988014,-0.022639280670088857,1.5231728291314373,98.0,-0.0315,sl,-0.048116541353383446,0,0.003007518796977582,-0.06917293233084099,R1_baseline,
2026-06-18,KRW-ZAMA,bear_volatile,5,2,0.27978498413817415,0.28542474444836097,0.03798026083891435,0.14495946422277053,-0.03965330179153474,0.9802408150663785,24.0,0.0485,tp,-0.009251937984496137,0,0.05029013539649796,-0.03481624758222379,R1_baseline,
2026-06-18,KRW-ZBT,bear_volatile,5,3,0.27978498413817415,0.356658147527981,0.10116320056397603,0.14495946422277053,-0.04534655999128469,0.784462617992553,46.0,0.0485,tp,-0.017206806282722475,0,0.09374999999999423,-0.057291666666671515,R1_baseline,
2026-06-19,KRW-PROS,bear_volatile,5,1,0.27978498413817415,0.356658147527981,0.03798026083891435,0.14495946422277053,-0.04534655999128469,0.784462617992553,19.0,-0.0315,sl,-0.036727272727272775,0,0.003300330033002119,-0.07920792079208028,R1_baseline,
2026-06-19,KRW-TRUST,bear_volatile,5,2,0.27978498413817415,0.356658147527981,0.053582444699039396,0.14495946422277053,-0.04534655999128469,0.784462617992553,12.0,0.0485,tp,0.062460639606396084,1,0.2265122265122108,-0.012870012870025538,R1_baseline,
2026-06-19,KRW-AERO,bear_volatile,5,3,0.27978498413817415,0.4523264011279521,0.03798026083891435,0.14495946422277053,-0.053728851077473765,0.6185466588739529,46.0,0.0485,tp,0.08886144578313254,0,0.1283582089552222,-0.037313432835822335,R1_baseline,
2026-06-20,KRW-HYPER,bear_volatile,5,1,0.27978498413817415,0.356658147527981,0.03798026083891435,0.14495946422277053,-0.04534655999128469,0.784462617992553,30.0,-0.0315,sl,-0.0015,0,0.024793388429743546,-0.033057851239677416,R1_baseline,
2026-06-20,KRW-BIO,bear_volatile,5,2,0.27978498413817415,0.356658147527981,0.053582444699039396,0.050581600281988014,-0.04534655999128469,0.784462617992553,28.0,-0.0315,sl,-0.03974091778202676,0,0.0019011406843916223,-0.09125475285172846,R1_baseline,
2026-06-20,KRW-MOVE,bear_volatile,5,3,0.14363764540007048,0.18954881917518507,0.03798026083891435,0.050581600281988014,-0.03209031504919673,0.7577870757787074,37.0,-0.0015,eod,-0.0015,0,0.038674033149113995,-0.016574585635413364,R1_baseline,
2026-06-21,KRW-WAXP,bear_volatile,5,1,0.14363764540007048,0.1218824358861373,0.02000352485019387,0.050581600281988014,-0.027356059894664636,1.1784933928811279,90.0,-0.0315,sl,-0.040363976083707176,0,0.011958146487142995,-0.04035874439476239,R1_baseline,
2026-06-21,KRW-SC,bear_volatile,5,2,0.27978498413817415,0.2446461619811404,0.010398308071906944,0.050581600281988014,-0.03627272503740334,1.1436312013745902,74.0,-0.01067431192660556,eod,-0.01067431192660556,0,-9.091616348655407e-13,-0.03636363636451245,R1_baseline,
2026-06-21,KRW-RED,bear_volatile,5,3,0.27978498413817415,0.356658147527981,0.03798026083891435,0.14495946422277053,-0.04534655999128469,0.784462617992553,55.0,-0.0315,sl,-0.055071428571428604,0,0.0059171597633076445,-0.06508875739645525,R1_baseline,
2026-06-22,KRW-2Z,bear_volatile,5,1,0.27978498413817415,0.28542474444836097,0.03798026083891435,0.14495946422277053,-0.03965330179153474,0.9802408150663785,33.0,-0.0315,sl,-0.07167543859649123,0,0.02631578947367519,-0.07017543859649933,R1_baseline,
2026-06-22,KRW-JUP,bear_volatile,5,2,0.27978498413817415,0.356658147527981,0.03798026083891435,0.14495946422277053,-0.04534655999128469,0.784462617992553,37.0,-0.0315,sl,-0.01697987616099067,0,0.01547987616098756,-0.046439628482975115,R1_baseline,
2026-06-22,KRW-SOON,bear_volatile,5,3,0.27978498413817415,0.356658147527981,0.053582444699039396,0.14495946422277053,-0.04534655999128469,0.784462617992553,26.0,-0.0315,sl,-0.05919230769230771,0,0.011583011583007563,-0.06177606177606543,R1_baseline,
2026-06-23,KRW-HYPER,bear_volatile,5,1,0.27978498413817415,0.2446461619811404,0.02000352485019387,0.050581600281988014,-0.03627272503740334,1.1436312013745902,40.0,-0.0315,sl,-0.026923728813559367,0,0.024999999999991473,-0.05000000000000793,R1_baseline,
2026-06-23,KRW-BREV,bear_volatile,5,2,0.27978498413817415,0.28542474444836097,0.03798026083891435,0.14495946422277053,-0.03965330179153474,0.9802408150663785,63.0,-0.0315,sl,-0.07126744186046513,0,0.045801526717549335,-0.09160305343512143,R1_baseline,
2026-06-23,KRW-RED,bear_volatile,5,3,0.27978498413817415,0.356658147527981,0.03798026083891435,0.14495946422277053,-0.04534655999128469,0.784462617992553,61.0,-0.0315,sl,-0.07422727272727275,0,0.042424242424236036,-0.09090909090909638,R1_baseline,
2026-06-24,KRW-IN,bear_volatile,5,1,0.27978498413817415,0.356658147527981,0.03798026083891435,0.14495946422277053,-0.04534655999128469,0.784462617992553,32.0,-0.0315,sl,-0.0093125,0,0.023622047244086453,-0.04724409448819644,R1_baseline,
2026-06-24,KRW-XPL,bear_volatile,5,2,0.27978498413817415,0.356658147527981,0.053582444699039396,0.050581600281988014,-0.04534655999128469,0.784462617992553,49.0,-0.0315,sl,0.04294444444444451,0,0.0671641791044697,-0.05223880597015629,R1_baseline,
2026-06-24,KRW-AERO,bear_volatile,5,3,0.27978498413817415,0.4523264011279521,0.10116320056397603,0.050581600281988014,-0.053728851077473765,0.6185466588739529,75.0,-0.0315,sl,-0.0040740025740025314,0,0.04669260700388955,-0.05706874189364586,R1_baseline,
2026-06-25,KRW-JUP,bear_volatile,5,1,0.27978498413817415,0.356658147527981,0.03798026083891435,0.14495946422277053,-0.04534655999128469,0.784462617992553,43.0,0.0485,tp,0.013380952380952328,0,0.07854984894259487,-0.033232628398794484,R1_baseline,
2026-06-25,KRW-OPEN,bear_volatile,5,2,0.27978498413817415,0.356658147527981,0.10116320056397603,0.050581600281988014,-0.04534655999128469,0.784462617992553,93.0,0.0485,tp,-0.05393445692883897,0,0.0714285714285674,-0.07518796992481558,R1_baseline,
2026-06-25,KRW-QKC,bear_volatile,5,3,0.27978498413817415,0.4523264011279521,0.030228254164096236,0.050581600281988014,-0.053728851077473765,0.6185466588739529,11.0,-0.0315,sl,-0.08787873754152814,0,0.016077170417679865,-0.1350482315115321,R1_baseline,
2026-06-26,KRW-WET,bear_volatile,5,1,0.27978498413817415,0.2446461619811404,0.030228254164096236,0.050581600281988014,-0.03627272503740334,1.1436312013745902,77.0,-0.0315,sl,-0.0015,0,0.02323008849556385,-0.051991150442488365,R1_baseline,
2026-06-26,KRW-AWE,bear_volatile,5,2,0.27978498413817415,0.356658147527981,0.02000352485019387,0.050581600281988014,-0.04534655999128469,0.784462617992553,64.0,0.0485,tp,-0.022088235294117575,0,0.0686274509803817,-0.028431372549029166,R1_baseline,
2026-06-26,KRW-IN,bear_volatile,5,3,0.27978498413817415,0.356658147527981,0.053582444699039396,0.050581600281988014,-0.04534655999128469,0.784462617992553,32.0,-0.0315,sl,0.10144117647058831,0,0.12408759124086766,-0.05109489051095584,R1_baseline,
2026-06-27,KRW-FCT2,bear_volatile,5,1,0.27978498413817415,0.2446461619811404,0.02000352485019387,0.050581600281988014,-0.03627272503740334,1.1436312013745902,44.0,0.0485,tp,0.09584513274336276,0,0.14912280701744307,-0.017543859649209126,R1_baseline,
2026-06-27,KRW-DOOD,bear_volatile,5,2,0.27978498413817415,0.2446461619811404,0.030228254164096236,0.14495946422277053,-0.03627272503740334,1.1436312013745902,34.0,-0.0015,eod,-0.0015,0,0.02678571428525567,-0.040178571429000054,R1_baseline,
2026-06-27,KRW-BREV,bear_volatile,5,3,0.27978498413817415,0.28542474444836097,0.030228254164096236,0.050581600281988014,-0.03965330179153474,0.9802408150663785,84.0,-0.0315,sl,-0.035982758620689614,0,0.008547008547000079,-0.04273504273505091,R1_baseline,
2026-06-28,KRW-CTC,bear_volatile,5,1,0.27978498413817415,0.2446461619811404,0.02000352485019387,0.050581600281988014,-0.03627272503740334,1.1436312013745902,46.0,0.0485,tp,0.029996062992125927,0,0.11023622047243231,-0.007874015748039254,R1_baseline,
2026-06-28,KRW-FCT2,bear_volatile,5,2,0.27978498413817415,0.2446461619811404,0.02000352485019387,0.14495946422277053,-0.03627272503740334,1.1436312013745902,51.0,0.0485,tp,-0.07467073170731714,0,0.12396694214866755,-0.07438016528933278,R1_baseline,
2026-06-28,KRW-0G,bear_volatile,5,3,0.27978498413817415,0.28542474444836097,0.02000352485019387,0.14495946422277053,-0.03965330179153474,0.9802408150663785,40.0,-0.0315,sl,-0.09240909090909094,0,-2.7755575615628914e-15,-0.12195121951219756,R1_baseline,
2026-06-29,KRW-BIRB,bear_volatile,5,1,0.27978498413817415,0.2446461619811404,0.030228254164096236,0.025998061161540496,-0.03627272503740334,1.1436312013745902,37.0,-0.0315,sl,-0.02340580503833517,0,-1.0658141036401503e-14,-0.06008583690988134,R1_baseline,
2026-06-29,KRW-T,bear_volatile,5,2,0.27978498413817415,0.28542474444836097,0.03798026083891435,0.14495946422277053,-0.03965330179153474,0.9802408150663785,32.0,-0.00910456273764254,eod,-0.00910456273764254,0,0.04104477611920876,-0.041044776119582016,R1_baseline,
2026-06-29,KRW-ARDR,bear_volatile,5,3,0.14363764540007048,0.18954881917518507,0.010398308071906944,0.025998061161540496,-0.03209031504919673,0.7577870757787074,35.0,-0.0315,sl,-0.01248901098901095,0,-2.708944180085382e-14,-0.0459459459459719,R1_baseline,
2026-06-30,KRW-BEAM,bear_volatile,5,1,0.27978498413817415,0.2446461619811404,0.030228254164096236,0.050581600281988014,-0.03627272503740334,1.1436312013745902,49.0,-0.0315,sl,0.04197826086956541,0,0.07766990291209819,-0.029126213592704397,R1_baseline,
2026-06-30,KRW-PYTH,bear_volatile,5,2,0.27978498413817415,0.28542474444836097,0.030228254164096236,0.14495946422277053,-0.03965330179153474,0.9802408150663785,32.0,0.0485,tp,0.06809706959706957,1,0.2275229357797941,-0.01651376146790795,R1_baseline,
2026-06-30,KRW-MET2,bear_volatile,5,3,0.27978498413817415,0.356658147527981,0.03798026083891435,0.14495946422277053,-0.04534655999128469,0.784462617992553,65.0,0.0485,tp,-0.021341269841269883,0,0.14624505928853315,-0.047430830039529415,R1_baseline,
2026-07-01,KRW-ESP,bear_volatile,5,1,0.27978498413817415,0.356658147527981,0.030228254164096236,0.050581600281988014,-0.04534655999128469,0.784462617992553,39.0,-0.0315,sl,-0.0015,0,0.0686274509803817,-0.050980392156872,R1_baseline,
2026-07-01,KRW-GLM,bear_volatile,5,2,0.27978498413817415,0.356658147527981,0.03798026083891435,0.14495946422277053,-0.04534655999128469,0.784462617992553,31.0,-0.0315,sl,-0.03923584905660377,0,-6.106226635438361e-15,-0.05555555555556135,R1_baseline,
2026-07-01,KRW-AHT,bear_volatile,5,3,0.27978498413817415,0.356658147527981,0.053582444699039396,0.14495946422277053,-0.04534655999128469,0.784462617992553,20.0,0.0485,tp,0.005302721088435382,0,0.061224489795196346,-0.020408163265972612,R1_baseline,
2026-07-02,KRW-WET,bear_volatile,5,1,0.27978498413817415,0.28542474444836097,0.03798026083891435,0.14495946422277053,-0.03965330179153474,0.9802408150663785,34.0,-0.0315,sl,-0.030071428571428582,0,0.06930693069305871,-0.05544554455446471,R1_baseline,
2026-07-02,KRW-VVV,bear_volatile,5,2,0.27978498413817415,0.28542474444836097,0.053582444699039396,0.14495946422277053,-0.03965330179153474,0.9802408150663785,14.0,-0.0315,sl,0.004440594059405946,0,0.025210084033613356,-0.05091448344043503,R1_baseline,
2026-07-02,KRW-BSV,bear_volatile,5,3,0.27978498413817415,0.356658147527981,0.010398308071906944,0.14495946422277053,-0.04534655999128469,0.784462617992553,26.0,0.010049566891241537,eod,0.010049566891241537,0,0.023809523809523725,-0.036666666666666625,R1_baseline,
2026-07-03,KRW-ERA,bear_quiet,5,1,0.27978498413817415,0.18954881917518507,0.010398308071906944,0.050581600281988014,-0.03209031504919673,1.4760576476057647,70.0,0.0485,tp,0.0219375,0,0.04651162790696861,-0.023255813953495852,R1_baseline,
2026-07-03,KRW-BERA,bear_quiet,5,2,0.27978498413817415,0.18954881917518507,0.02000352485019387,0.050581600281988014,-0.03209031504919673,1.4760576476057647,22.0,0.013743902439024293,eod,0.013743902439024293,0,0.024316109422489296,-0.018237082066872357,R1_baseline,
2026-07-03,KRW-BARD,bear_quiet,5,3,0.27978498413817415,0.2446461619811404,0.02000352485019387,0.050581600281988014,-0.03627272503740334,1.1436312013745902,52.0,-0.0315,sl,-0.006261904761904745,0,0.009433962264146167,-0.04716981132075915,R1_baseline,
2026-07-04,KRW-ARKM,bear_quiet,5,1,0.27978498413817415,0.15024673951357068,0.0019386676066267183,0.050581600281988014,-0.02950800213827928,1.8621700879765397,65.0,-0.023478021978022012,eod,-0.023478021978022012,0,0.005494505494499924,-0.027472527472532815,R1_baseline,
2026-07-04,KRW-KERNEL,bear_quiet,5,2,0.27978498413817415,0.18954881917518507,0.010398308071906944,0.050581600281988014,-0.03209031504919673,1.4760576476057647,34.0,-0.0315,sl,-0.025047880690737878,0,0.0015673981191064446,-0.03448275862070471,R1_baseline,
2026-07-04,KRW-ZKC,bear_quiet,5,3,0.27978498413817415,0.2446461619811404,0.030228254164096236,0.14495946422277053,-0.03627272503740334,1.1436312013745902,29.0,-0.0315,sl,-0.04866981132075471,0,0.05710306406683774,-0.041782729805027174,R1_baseline,
2026-07-06,KRW-IOTA,bear_quiet,5,1,0.037539654564681,0.026612618963694042,0.006080902441173879,0.003172365174480085,-0.016404688941725684,1.4105960264900663,97.0,-0.0315,sl,-0.00846864111498252,0,0.01043478260867814,-0.052173913043494724,R1_baseline,
2026-07-06,KRW-WLFI,bear_quiet,5,2,0.026524497708847374,0.026612618963694042,0.00035248501938667606,0.001762580417731559,-0.016404688941725684,0.9966887417218543,27.0,-0.0315,sl,-0.018316143497757842,0,0.005630630630619304,-0.030405405405416253,R1_baseline,
2026-07-06,KRW-GAME2,bear_quiet,5,3,0.27978498413817415,0.28542474444836097,0.030228254164096236,0.050581600281988014,-0.03965330179153474,0.9802408150663785,25.0,-0.0015,eod,-0.0015,0,0.014598540145244643,-0.04379562043865426,R1_baseline,
2026-07-07,KRW-ZRO,bear_quiet,5,1,0.27978498413817415,0.356658147527981,0.030228254164096236,0.14495946422277053,-0.04534655999128469,0.784462617992553,37.0,-0.0315,sl,-0.07589104674127717,0,0.02362204724409378,-0.08398950131233651,R1_baseline,
2026-07-07,KRW-MINA,bear_quiet,5,2,0.27978498413817415,0.356658147527981,0.03798026083891435,0.14495946422277053,-0.04534655999128469,0.784462617992553,38.0,-0.0315,sl,-0.08526963350785349,0,0.0491591203104651,-0.09573091849936466,R1_baseline,
2026-07-07,KRW-SOMI,bear_quiet,5,3,0.27978498413817415,0.356658147527981,0.03798026083891435,0.14495946422277053,-0.04534655999128469,0.784462617992553,92.0,-0.0315,sl,-0.02990909090909094,0,0.039325842696623425,-0.07865168539326362,R1_baseline,
2026-07-08,KRW-ZKP,bear_quiet,5,1,0.27978498413817415,0.28542474444836097,0.053582444699039396,0.050581600281988014,-0.03965330179153474,0.9802408150663785,73.0,-0.0315,sl,-0.056740793201133066,0,0.08203677510606666,-0.08486562942009779,R1_baseline,
2026-07-08,KRW-MINA,bear_quiet,5,2,0.27978498413817415,0.4523264011279521,0.053582444699039396,0.050581600281988014,-0.053728851077473765,0.6185466588739529,41.0,-0.014375536480686733,eod,-0.014375536480686733,0,0.02995720399427948,-0.018544935806005358,R1_baseline,
2026-07-08,KRW-TAIKO,bear_quiet,5,3,0.27978498413817415,0.4523264011279521,0.053582444699039396,0.025998061161540496,-0.053728851077473765,0.6185466588739529,69.0,-0.0315,sl,-0.01665151515151514,0,0.03846153846153055,-0.07692307692308398,R1_baseline,
2026-07-09,KRW-ELSA,bear_quiet,5,1,0.27978498413817415,0.28542474444836097,0.030228254164096236,0.050581600281988014,-0.03965330179153474,0.9802408150663785,36.0,0.0485,tp,0.030224137931034456,0,0.04336043360432207,-0.02981029810299418,R1_baseline,
2026-07-09,KRW-META,bear_quiet,5,2,0.14363764540007048,0.18954881917518507,0.030228254164096236,0.050581600281988014,-0.03209031504919673,0.7577870757787074,71.0,-0.0015,eod,-0.0015,0,-8.471001677889944e-14,-0.03389830508482772,R1_baseline,
2026-07-09,KRW-BOUNTY,bear_quiet,5,3,0.27978498413817415,0.4523264011279521,0.053582444699039396,0.050581600281988014,-0.053728851077473765,0.6185466588739529,13.0,-0.0315,sl,-0.0556666666666667,0,0.08482142857138042,-0.013392857142900949,R1_baseline,
2026-07-10,KRW-MOCA,bear_quiet,5,1,0.27978498413817415,0.28542474444836097,0.02000352485019387,0.14495946422277053,-0.03965330179153474,0.9802408150663785,33.0,-0.023558823529411688,eod,-0.023558823529411688,0,0.014285714285641848,-0.05714285714292455,R1_baseline,
2026-07-10,KRW-BLAST,bear_quiet,5,2,0.27978498413817415,0.356658147527981,0.053582444699039396,0.14495946422277053,-0.04534655999128469,0.784462617992553,9.0,0.008138554216867546,eod,0.008138554216867546,0,0.0046838407470617405,-0.03747072599757029,R1_baseline,
2026-07-10,KRW-BLUR,bear_quiet,5,3,0.27978498413817415,0.356658147527981,0.053582444699039396,0.14495946422277053,-0.04534655999128469,0.784462617992553,28.0,-0.0315,sl,0.00577272727272732,0,0.05474452554740683,-0.04379562043799101,R1_baseline,
2026-07-11,KRW-ALT,bear_quiet,5,1,0.27978498413817415,0.18954881917518507,0.010398308071906944,0.050581600281988014,-0.03209031504919673,1.4760576476057647,39.0,-0.0087090628218332,eod,-0.0087090628218332,0,0.01836734693867159,-0.021428571428671384,R1_baseline,
2026-07-11,KRW-VANA,bear_quiet,5,2,0.27978498413817415,0.2446461619811404,0.02000352485019387,0.14495946422277053,-0.03627272503740334,1.1436312013745902,58.0,-0.0315,sl,-0.02780136986301368,0,-4.440892098500626e-16,-0.04885993485342066,R1_baseline,
2026-07-11,KRW-ARB,bear_quiet,5,3,0.27978498413817415,0.356658147527981,0.03798026083891435,0.14495946422277053,-0.04534655999128469,0.784462617992553,16.0,-0.0315,sl,0.020082733812949727,0,0.07194244604315769,-0.035971223021589616,R1_baseline,
2026-07-12,KRW-ZIL,bear_quiet,5,1,0.037539654564681,0.026612618963694042,0.02000352485019387,0.011280514673481977,-0.016404688941725684,1.4105960264900663,57.0,-0.01695253863134666,eod,-0.01695253863134666,0,0.04666666666643415,-0.020000000000217732,R1_baseline,
2026-07-12,KRW-TFUEL,bear_quiet,5,2,0.10778179254428483,0.1218824358861373,0.030228254164096236,0.025998061161540496,-0.027356059894664636,0.8843094721619668,59.0,-0.009903361344537785,eod,-0.009903361344537785,0,0.016666666666581786,-0.02500000000008129,R1_baseline,
2026-07-12,KRW-BLUR,bear_quiet,5,3,0.27978498413817415,0.356658147527981,0.10116320056397603,0.050581600281988014,-0.04534655999128469,0.784462617992553,72.0,0.0485,tp,0.002437007874015741,0,0.08661417322830389,-0.02362204724413275,R1_baseline,
2026-07-13,KRW-ARDR,bear_quiet,5,1,0.27978498413817415,0.4523264011279521,0.10116320056397603,0.14495946422277053,-0.053728851077473765,0.6185466588739529,9.0,0.0485,tp,-0.05754719764011801,0,0.05523255813950412,-0.08139534883723598,R1_baseline,
2026-07-13,KRW-ATH,bear_quiet,5,2,0.14363764540007048,0.2446461619811404,0.030228254164096236,0.050581600281988014,-0.03627272503740334,0.5871240498395532,34.0,-0.0315,sl,-0.06242124814264488,0,0.019696969696815225,-0.059090909091051635,R1_baseline,
2026-07-13,KRW-FCT2,bear_quiet,5,3,0.10778179254428483,0.18954881917518507,0.030228254164096236,0.025998061161540496,-0.03209031504919673,0.5686228646176402,58.0,-0.0315,sl,-0.04282231404958675,0,0.00833333333324937,-0.041666666666746566,R1_baseline,
2026-07-14,KRW-VANA,bear_quiet,5,1,0.27978498413817415,0.356658147527981,0.03798026083891435,0.14495946422277053,-0.04534655999128469,0.784462617992553,52.0,-0.0315,sl,0.013995867768595018,1,0.4776808619805022,-0.08517188301693224,R1_baseline,
2026-07-14,KRW-MMT,bear_quiet,5,2,0.27978498413817415,0.356658147527981,0.053582444699039396,0.050581600281988014,-0.04534655999128469,0.784462617992553,68.0,-0.0315,sl,-0.05456122448979589,0,0.03292181069958433,-0.05349794238683514,R1_baseline,
2026-07-14,KRW-ORBS,bear_quiet,5,3,0.10778179254428483,0.15024673951357068,0.02000352485019387,0.011280514673481977,-0.02950800213827928,0.7173652679135156,87.0,-0.026774725274725297,eod,-0.026774725274725297,0,-1.099120794378905e-13,-0.029670329670436257,R1_baseline,
2026-07-15,KRW-ENA,bear_quiet,5,1,0.14363764540007048,0.18954881917518507,0.010398308071906944,0.050581600281988014,-0.03209031504919673,0.7577870757787074,29.0,-0.0015,eod,-0.0015,0,0.02439024390243083,-0.016260162601633987,R1_baseline,
2026-07-15,KRW-TREE,bear_quiet,5,2,0.14363764540007048,0.18954881917518507,0.010398308071906944,0.050581600281988014,-0.03209031504919673,0.7577870757787074,49.0,-0.0315,sl,-0.0316659125188537,0,0.01981707317071635,-0.0381097560975755,R1_baseline,
2026-07-15,KRW-VIRTUAL,bear_quiet,5,3,0.10778179254428483,0.18954881917518507,0.006080902441173879,0.015597462107860416,-0.03209031504919673,0.5686228646176402,34.0,0.0485,tp,0.031718785796105486,0,0.0711009174311914,-0.02064220183486354,R1_baseline,
2026-07-16,KRW-TAIKO,bear_quiet,5,1,0.27978498413817415,0.2446461619811404,0.02000352485019387,0.025998061161540496,-0.03627272503740334,1.1436312013745902,49.0,0.0485,tp,-0.01789344262295084,0,0.0887096774193461,-0.040322580645169026,R1_baseline,
2026-07-16,KRW-ETHFI,bear_quiet,5,2,0.27978498413817415,0.28542474444836097,0.03798026083891435,0.050581600281988014,-0.03965330179153474,0.9802408150663785,61.0,-0.0315,sl,-0.05380769230769228,0,0.027950310559004654,-0.04347826086956674,R1_baseline,
2026-07-16,KRW-MET2,bear_quiet,5,3,0.27978498413817415,0.28542474444836097,0.03798026083891435,0.14495946422277053,-0.03965330179153474,0.9802408150663785,21.0,-0.0315,sl,-0.09201724137931039,0,0.025751072961369026,-0.09871244635193521,R1_baseline,
2026-07-17,KRW-MNT,bear_quiet,5,1,0.07243567148396193,0.07076136764187523,0.010398308071906944,0.050581600281988014,-0.022639280670088857,1.0236612702366126,72.0,-0.0315,sl,-0.02927777777777779,0,0.006153846153844622,-0.03846153846153999,R1_baseline,
2026-07-17,KRW-PYTH,bear_quiet,5,2,0.27978498413817415,0.28542474444836097,0.03798026083891435,0.050581600281988014,-0.03965330179153474,0.9802408150663785,22.0,-0.0315,sl,-0.04433801874163329,0,0.017496635262435944,-0.041722745625853985,R1_baseline,
2026-07-17,KRW-CRO,bear_quiet,5,3,0.27978498413817415,0.356658147527981,0.030228254164096236,0.14495946422277053,-0.04534655999128469,0.784462617992553,26.0,-0.0315,sl,0.03368728717366648,0,0.014412416851430132,-0.07538802660754895,R1_baseline,
2026-07-18,KRW-TAIKO,bear_quiet,5,1,0.14363764540007048,0.15024673951357068,0.0019386676066267183,0.011280514673481977,-0.02950800213827928,0.9560117302052785,95.0,0.0485,tp,-0.0015,0,0.09090909090908195,-0.033057851239677416,R1_baseline,
2026-07-18,KRW-AERGO,bear_quiet,5,2,0.27978498413817415,0.4523264011279521,0.053582444699039396,0.14495946422277053,-0.053728851077473765,0.6185466588739529,18.0,-0.0315,sl,-0.0857696629213483,0,0.0868347338935267,-0.08963585434176236,R1_baseline,
2026-07-18,KRW-B3,bear_quiet,5,3,0.27978498413817415,0.4523264011279521,0.27396898131829395,0.14495946422277053,-0.053728851077473765,0.6185466588739529,14.0,-0.0315,sl,-0.13513533408833517,0,0.01783723522740499,-0.12040133779362272,R1_baseline,
2026-07-19,KRW-ONT,bear_quiet,5,1,0.0179783202608619,0.026612618963694042,0.006080902441173879,0.003172365174480085,-0.016404688941725684,0.6755562196035128,97.0,-0.0315,sl,-0.03955175038051756,0,0.02603369065848371,-0.04287901990813092,R1_baseline,
2026-07-19,KRW-GLM,bear_quiet,5,2,0.0179783202608619,0.026612618963694042,0.02000352485019387,0.003172365174480085,-0.016404688941725684,0.6755562196035128,88.0,-0.008349315068493178,eod,-0.008349315068493178,0,0.027397260273965607,-0.00684931506849995,R1_baseline,
2026-07-19,KRW-KAITO,bear_quiet,5,3,0.27978498413817415,0.4523264011279521,0.10116320056397603,0.14495946422277053,-0.053728851077473765,0.6185466588739529,50.0,0.0485,tp,0.13856514657980462,1,0.2182274247491629,-0.0016722408026763613,R1_baseline,
2026-07-20,KRW-ATH,bear_quiet,5,1,0.27978498413817415,0.28542474444836097,0.03798026083891435,0.14495946422277053,-0.03965330179153474,0.9802408150663785,21.0,0.0485,tp,-0.014562409288824405,0,0.06986899563303206,-0.02765647743827848,R1_baseline,
2026-07-20,KRW-EDGE,bear_quiet,5,2,0.27978498413817415,0.356658147527981,0.053582444699039396,0.14495946422277053,-0.04534655999128469,0.784462617992553,16.0,-0.0315,sl,-0.03456613226452904,0,0.009999999999990017,-0.06100000000000927,R1_baseline,
2026-07-20,KRW-PUMP,bear_quiet,5,3,0.27978498413817415,0.4523264011279521,0.10116320056397603,0.14495946422277053,-0.053728851077473765,0.6185466588739529,47.0,-0.0315,sl,-0.024678807947019765,0,0.04436860068223725,-0.044368600682920145,R1_baseline,
2026-07-21,KRW-CFG,bear_quiet,5,1,0.14363764540007048,0.1218824358861373,0.02000352485019387,0.015597462107860416,-0.027356059894664636,1.1784933928811279,96.0,0.0485,tp,0.05826095617529875,0,0.09055118110235783,-0.01968503937008259,R1_baseline,
2026-07-21,KRW-MANTRA,bear_quiet,5,2,0.27978498413817415,0.28542474444836097,0.030228254164096236,0.14495946422277053,-0.03965330179153474,0.9802408150663785,14.0,-0.009721993833504637,eod,-0.009721993833504637,0,0.011258955987614172,-0.03377686796325141,R1_baseline,
2026-07-21,KRW-TREE,bear_quiet,5,3,0.14363764540007048,0.18954881917518507,0.010398308071906944,0.015597462107860416,-0.03209031504919673,0.7577870757787074,50.0,0.0485,tp,0.04611904761904767,1,0.2687385740401962,-0.01828153564901247,R1_baseline,
2026-07-22,KRW-PROVE,bear_quiet,5,1,0.037539654564681,0.026612618963694042,0.006080902441173879,0.004934790271413465,-0.016404688941725684,1.4105960264900663,75.0,-0.0015,eod,-0.0015,0,0.010563380281686463,-0.021126760563383806,R1_baseline,
2026-07-22,KRW-SOPH,bear_quiet,5,2,0.037539654564681,0.026612618963694042,0.006080902441173879,0.025998061161540496,-0.016404688941725684,1.4105960264900663,61.0,0.0485,tp,-0.020205035971222973,0,0.12191582002886481,-0.023222060958051682,R1_baseline,
2026-07-22,KRW-KERNEL,bear_quiet,5,3,0.27978498413817415,0.2446461619811404,0.02000352485019387,0.050581600281988014,-0.03627272503740334,1.1436312013745902,13.0,-0.0315,sl,-0.011189922480620172,0,0.031067961165028413,-0.040776699029144936,R1_baseline,
2026-07-23,KRW-SAFE,bear_quiet,5,1,0.27978498413817415,0.28542474444836097,0.030228254164096236,0.14495946422277053,-0.03965330179153474,0.9802408150663785,68.0,-0.0315,sl,-0.017248031496062965,0,-7.66053886991358e-15,-0.04651162790698404,R1_baseline,
2026-07-23,KRW-ZBT,bear_quiet,5,2,0.27978498413817415,0.28542474444836097,0.053582444699039396,0.14495946422277053,-0.03965330179153474,0.9802408150663785,43.0,0.0485,tp,0.09917114093959728,0,0.11999999999999256,-0.026666666666673167,R1_baseline,
2026-07-23,KRW-CHIP,bear_quiet,5,3,0.0179783202608619,0.026612618963694042,0.02000352485019387,0.001762580417731559,-0.016404688941725684,0.6755562196035128,98.0,-0.0315,sl,-0.04584589800443456,0,0.0044444444444220466,-0.06222222222224305,R1_baseline,
2026-07-24,KRW-XEC,bear_quiet,5,1,0.27978498413817415,0.356658147527981,0.10116320056397603,0.050581600281988014,-0.04534655999128469,0.784462617992553,28.0,0.0485,tp,-0.010845794392523254,0,0.0747663550397415,-0.028037383268407767,R1_baseline,
2026-07-24,KRW-KAITO,bear_quiet,5,2,0.27978498413817415,0.4523264011279521,0.053582444699039396,0.050581600281988014,-0.053728851077473765,0.6185466588739529,15.0,-0.0315,sl,-0.05233612040133778,0,0.027516778523489327,-0.08724832214765155,R1_baseline,
2026-07-24,KRW-ZKC,bear_quiet,5,3,0.27978498413817415,0.4523264011279521,0.053582444699039396,0.14495946422277053,-0.053728851077473765,0.6185466588739529,11.0,-0.0315,sl,-0.0015,0,0.010654490106529746,-0.060882800608842214,R1_baseline,
2026-07-25,KRW-BEAM,bear_quiet,5,1,0.27978498413817415,0.356658147527981,0.03798026083891435,0.14495946422277053,-0.04534655999128469,0.784462617992553,56.0,-0.0315,sl,-0.03884439834024905,0,0.020576131686822707,-0.05349794238722094,R1_baseline,
2026-07-25,KRW-ZBT,bear_quiet,5,2,0.27978498413817415,0.356658147527981,0.10116320056397603,0.14495946422277053,-0.04534655999128469,0.784462617992553,50.0,-0.007711180124223614,eod,-0.007711180124223614,0,0.03749999999999365,-0.01875000000000615,R1_baseline,
2026-07-25,KRW-KERNEL,bear_quiet,5,3,0.14363764540007048,0.2446461619811404,0.02000352485019387,0.050581600281988014,-0.03627272503740334,0.5871240498395532,28.0,-0.009266990291262154,eod,-0.009266990291262154,0,0.02702702702700721,-0.02509652509654392,R1_baseline,
2024-04-22,KRW-BTC,bull_quiet,0,1,0.0,0.006097560975609756,0.0,0.0,-0.015144420357606426,0.0,3.0,0.02135419799960042,eod,0.02135419799960042,0,0.028616282622667466,-0.0030449579079347977,A1_sustain,False
2024-04-23,KRW-BTC,bull_quiet,0,1,0.0,0.006097560975609756,0.0,0.0,-0.015144420357606426,0.0,2.0,-0.012708341473948335,eod,-0.012708341473948335,0,0.003630230668764556,-0.020495891566141178,A1_sustain,False
2024-04-24,KRW-BTC,bull_quiet,0,1,0.0,0.006097560975609756,0.0,0.0,-0.015144420357606426,0.0,5.0,-0.0315,sl,-0.029297710042741676,0,0.005787386412132722,-0.03473472744116335,A1_sustain,False
2024-04-25,KRW-BTC,bull_quiet,0,1,0.0,0.006097560975609756,0.0,0.0,-0.015144420357606426,0.0,3.0,-0.009896979226836132,eod,-0.009896979226836132,0,0.008543627031651013,-0.02466852010265186,A1_sustain,False
2024-04-26,KRW-BTC,bull_quiet,0,1,0.0,0.006097560975609756,0.0,0.0,-0.015144420357606426,0.0,1.0,-0.00850190961171232,eod,-0.00850190961171232,0,0.0025765138366338203,-0.013971388837981435,A1_sustain,False
2024-04-27,KRW-BTC,bull_quiet,0,1,0.0,0.006097560975609756,0.0,0.0,-0.015144420357606426,0.0,2.0,-0.005987130735215783,eod,-0.005987130735215783,0,0.0023924745799575042,-0.018084932847588497,A1_sustain,False
2024-04-28,KRW-BTC,bull_quiet,0,1,0.0,0.025067750677506776,0.0,0.0,-0.017029494668540184,0.0,2.0,-0.01080948301264911,eod,-0.01080948301264911,0,0.012360790828314983,-0.014710543284626065,A1_sustain,False
2024-04-29,KRW-BTC,bull_quiet,0,1,0.0,0.12014453477868112,0.0,0.0,-0.027170517233735154,0.0,4.0,0.0010227765965649684,eod,0.0010227765965649684,0,0.016204036097334784,-0.022455900058542144,A1_sustain,False
2024-04-30,KRW-BTC,bull_quiet,0,1,0.0,0.006097560975609756,0.0,0.0,-0.015144420357606426,0.0,1.0,-0.0315,sl,-0.04293910506477955,0,0.01247264770240708,-0.06339168490153169,A1_sustain,False
2024-05-01,KRW-BTC,bull_quiet,0,1,0.0,0.294104359611475,0.0040659588886379034,0.0,-0.0401914157152023,0.0,1.0,-0.0315,sl,-0.05224000619060171,0,0.005427299430879273,-0.08200615017440793,A1_sustain,False
2024-05-02,KRW-BTC,bull_volatile,0,1,0.0,0.2140921409214092,0.0015808491418247517,0.0,-0.03502480285844987,0.0,1.0,0.004211387758551956,eod,0.004211387758551956,0,0.006000071857148015,-0.03470700247907166,A1_sustain,False
2024-05-03,KRW-BTC,bull_quiet,0,1,0.0,0.07791327913279132,0.0,0.0,-0.0234329370312677,0.0,1.0,0.0485,tp,0.07466577822600012,0,0.08093049003562136,-0.0034779050736497563,A1_sustain,False
2024-05-04,KRW-BTC,bull_volatile,0,1,0.0,0.006097560975609756,0.0,0.0,-0.015144420357606426,0.0,1.0,0.005301204147619533,eod,0.005301204147619533,0,0.02051718538262537,-0.015466284395963759,A1_sustain,False
2024-05-05,KRW-BTC,bull_volatile,0,1,0.0,0.025067750677506776,0.0,0.0,-0.017029494668540184,0.0,2.0,-0.00382545263274464,eod,-0.00382545263274464,0,0.0050496661240491125,-0.021837591220668195,A1_sustain,False
2024-05-06,KRW-BTC,bull_volatile,0,1,0.0,0.006097560975609756,0.0,0.0,-0.015144420357606426,0.0,2.0,-0.016546437567270644,eod,-0.016546437567270644,0,0.017547169811320762,-0.017758046614872347,A1_sustain,False
2024-05-07,KRW-BTC,bull_volatile,0,1,0.0,0.006097560975609756,0.0,0.0,-0.015144420357606426,0.0,1.0,-0.011098377738973651,eod,-0.011098377738973651,0,0.015510250056318897,-0.01441766163550351,A1_sustain,False
2024-05-08,KRW-BTC,bull_volatile,0,1,0.0,0.006097560975609756,0.0015808491418247517,0.0,-0.015144420357606426,0.0,1.0,-0.0315,sl,-0.022600406083286895,0,0.011085107597465615,-0.028380615331925374,A1_sustain,False
2024-05-09,KRW-BTC,bull_volatile,0,1,0.0,0.025067750677506776,0.0040659588886379034,0.0,-0.017029494668540184,0.0,1.0,0.021101036510260462,eod,0.021101036510260462,0,0.030603689211850194,-0.009921743991056498,A1_sustain,False
2024-05-10,KRW-BTC,bull_volatile,0,1,0.0009033423667570009,0.025067750677506776,0.0,0.0,-0.017029494668540184,0.036036036036036036,1.0,-0.0315,sl,-0.02440830994397919,0,0.0041309183349220735,-0.034000635525897716,A1_sustain,False
2024-05-11,KRW-BTC,bull_volatile,0,1,0.0,0.07791327913279132,0.0015808491418247517,0.0,-0.0234329370312677,0.0,2.0,-0.0021396241336000808,eod,-0.0021396241336000808,0,0.007665245450944713,-0.007374012721045653,A1_sustain,False
2024-05-12,KRW-BTC,bull_volatile,0,1,0.0,0.04698441382426022,0.0015808491418247517,0.0,-0.020403399257999125,0.0,3.0,0.007856126284430833,eod,0.007856126284430833,0,0.013835950157941923,-0.002016528540289775,A1_sustain,False
2024-05-13,KRW-BTC,bull_volatile,0,1,0.0,0.04698441382426022,0.0,0.0,-0.020403399257999125,0.0,2.0,0.01141304448082653,eod,0.01141304448082653,0,0.02269969140439887,-0.012840813212977142,A1_sustain,False
2024-05-14,KRW-BTC,bull_volatile,0,1,0.0009033423667570009,0.04698441382426022,0.01084010840108401,0.0,-0.020403399257999125,0.01922642623862136,1.0,-0.01562586934993687,eod,-0.01562586934993687,0,0.0033093001569359792,-0.0242568289853754,A1_sustain,False
2024-05-15,KRW-BTC,bull_volatile,0,1,0.0,0.025067750677506776,0.0040659588886379034,0.0,-0.017029494668540184,0.0,2.0,0.0485,tp,0.067162540987392,0,0.06842032268503528,-0.003744625768572929,A1_sustain,False
2024-05-16,KRW-BTC,bull_volatile,0,1,0.011291779584462511,0.15721707702733229,0.0,0.00022588660492432798,-0.030561394774138537,0.07182285663852807,1.0,-0.019888271264814905,eod,-0.019888271264814905,0,0.008131493524117683,-0.02020388444376897,A1_sustain,False
2024-05-17,KRW-BTC,bull_volatile,0,1,0.0009033423667570009,0.04698441382426022,0.0,0.0,-0.020403399257999125,0.01922642623862136,1.0,0.017785596345423482,eod,0.017785596345423482,0,0.02514338555025919,-0.0015301797686015917,A1_sustain,False
2024-05-18,KRW-BTC,bull_volatile,0,1,0.0009033423667570009,0.025067750677506776,0.0,0.0,-0.017029494668540184,0.036036036036036036,1.0,0.005102122187884918,eod,0.005102122187884918,0,0.009370411952672963,-0.003184644615251697,A1_sustain,False
2024-05-19,KRW-BTC,bull_volatile,0,1,0.0,0.025067750677506776,0.0,0.0,-0.017029494668540184,0.0,1.0,-0.011912641161063107,eod,-0.011912641161063107,0,0.009928437882792851,-0.013141211613263759,A1_sustain,False
2024-05-20,KRW-BTC,bull_volatile,0,1,0.0,0.006097560975609756,0.0,0.0,-0.015144420357606426,0.0,1.0,0.0485,tp,0.051826390922798116,0,0.055095731409665394,-0.0027553289580733997,A1_sustain,False
2024-05-21,KRW-BTC,bull_volatile,0,1,0.0056471651231082,0.12014453477868112,0.0,0.0,-0.027170517233735154,0.04700309617504344,2.0,-0.004539231847028811,eod,-0.004539231847028811,0,0.009150730002056351,-0.017365823565700156,A1_sustain,False
2024-05-22,KRW-BTC,bull_volatile,0,1,0.0009033423667570009,0.04698441382426022,0.0,0.0,-0.020403399257999125,0.01922642623862136,2.0,-0.012818765375948447,eod,-0.012818765375948447,0,0.0029157231924066274,-0.021475025073151577,A1_sustain,False
2024-05-23,KRW-BTC,bull_volatile,0,1,0.0,0.006097560975609756,0.0,0.0,-0.015144420357606426,0.0,1.0,-0.01498695215791229,eod,-0.01498695215791229,0,0.015300615168568843,-0.025371773508976014,A1_sustain,False
2024-05-24,KRW-BTC,bull_volatile,0,1,0.0,0.006097560975609756,0.0,0.0,-0.015144420357606426,0.0,3.0,0.00960663642722387,eod,0.00960663642722387,0,0.01330916678082561,-0.016828772247805546,A1_sustain,False
2024-05-25,KRW-BTC,bull_volatile,0,1,0.0,0.006097560975609756,0.0,0.0,-0.015144420357606426,0.0,3.0,0.0056066947580265,eod,0.0056066947580265,0,0.01453567752641427,-0.00023105845778981227,A1_sustain,False
2024-05-26,KRW-BTC,bull_volatile,0,1,0.0,0.006097560975609756,0.0,0.0,-0.015144420357606426,0.0,1.0,-0.004955417824543838,eod,-0.004955417824543838,0,0.003636741479634331,-0.00872817955112215,A1_sustain,False
2024-05-27,KRW-BTC,bull_volatile,0,1,0.0,0.006097560975609756,0.0,0.0,-0.015144420357606426,0.0,2.0,0.00039033942558736176,eod,0.00039033942558736176,0,0.018047974569713743,-0.00610661480226693,A1_sustain,False
2024-05-28,KRW-BTC,bull_volatile,0,1,0.0,0.006097560975609756,0.0,0.0,-0.015144420357606426,0.0,1.0,-0.014759530287394016,eod,-0.014759530287394016,0,0.0007183758459134992,-0.024945340968245744,A1_sustain,False
2024-05-29,KRW-BTC,bull_volatile,0,1,0.0,0.04698441382426022,0.0,0.0,-0.020403399257999125,0.0,1.0,-0.008430138708416522,eod,-0.008430138708416522,0,0.006106450863143653,-0.01282565977137784,A1_sustain,False
2024-05-30,KRW-BTC,bull_volatile,0,1,0.0,0.04698441382426022,0.0,0.0,-0.020403399257999125,0.0,3.0,0.009318803655202603,eod,0.009318803655202603,0,0.02353317005643696,-0.0030880630390799357,A1_sustain,False
2024-05-31,KRW-BTC,bull_volatile,0,1,0.0,0.025067750677506776,0.0,0.0,-0.017029494668540184,0.0,2.0,-0.005416572788241867,eod,-0.005416572788241867,0,0.010526315789473717,-0.013684210526315743,A1_sustain,False
2024-06-01,KRW-BTC,bull_volatile,0,1,0.0,0.025067750677506776,0.0,0.0,-0.017029494668540184,0.0,1.0,-7.308952542012118e-05,eod,-7.308952542012118e-05,0,0.003661220689071376,-0.0015131634639803382,A1_sustain,False
2024-06-02,KRW-BTC,bull_volatile,0,1,0.0,0.006097560975609756,0.0,0.0,-0.015144420357606426,0.0,3.0,0.000917039601452231,eod,0.000917039601452231,0,0.009117578776302704,-0.0027648213418880463,A1_sustain,False
2024-06-03,KRW-BTC,bull_quiet,0,1,0.0,0.006097560975609756,0.0,0.0,-0.015144420357606426,0.0,1.0,0.007965648854961817,eod,0.007965648854961817,0,0.024821052631578855,-0.0018421052631578672,A1_sustain,False
2024-06-04,KRW-BTC,bull_quiet,0,1,0.0,0.006097560975609756,0.0,0.0,-0.015144420357606426,0.0,1.0,0.013843054425600356,eod,0.013843054425600356,0,0.020136675208867194,-0.004937808613038275,A1_sustain,False
2024-06-05,KRW-BTC,bull_quiet,0,1,0.0,0.006097560975609756,0.0,0.0,-0.015144420357606426,0.0,1.0,0.010712407559572647,eod,0.010712407559572647,0,0.01537593599343512,-0.0021540670838035014,A1_sustain,False
2024-06-06,KRW-BTC,bull_quiet,0,1,0.0,0.006097560975609756,0.0,0.0,-0.015144420357606426,0.0,1.0,-0.003661229770179074,eod,-0.003661229770179074,0,0.010316613304873767,-0.0038217207907709216,A1_sustain,False
2024-06-07,KRW-BTC,bull_quiet,0,1,0.0,0.006097560975609756,0.0,0.0,-0.015144420357606426,0.0,2.0,-0.007041828091475742,eod,-0.007041828091475742,0,0.01351694958350702,-0.011208185433427276,A1_sustain,False
2024-06-08,KRW-BTC,bull_quiet,0,1,0.0,0.006097560975609756,0.0,0.0,-0.015144420357606426,0.0,1.0,0.0023344342420091326,eod,0.0023344342420091326,0,0.0036662956116790824,-0.0017259163185898707,A1_sustain,False
2024-06-09,KRW-BTC,bull_quiet,0,1,0.0,0.006097560975609756,0.0,0.0,-0.015144420357606426,0.0,3.0,-0.0047188076151283825,eod,-0.0047188076151283825,0,0.0026799270407695808,-0.004351060252504202,A1_sustain,False
2024-06-10,KRW-BTC,bull_quiet,0,1,0.0,0.006097560975609756,0.0,0.0,-0.015144420357606426,0.0,1.0,-0.007488329909970668,eod,-0.007488329909970668,0,0.0004898808977067404,-0.01023646959166391,A1_sustain,False
2024-06-11,KRW-BTC,bull_quiet,0,1,0.0,0.006097560975609756,0.0,0.0,-0.015144420357606426,0.0,1.0,-0.0315,sl,-0.02028276961036296,0,0.0007298594763516242,-0.03554724041159962,A1_sustain,False
2024-06-12,KRW-BTC,bull_quiet,0,1,0.0,0.006097560975609756,0.0,0.0,-0.015144420357606426,0.0,1.0,-0.00013814452429333638,eod,-0.00013814452429333638,0,0.030158713507956625,-0.008675219502984444,A1_sustain,False
2024-06-13,KRW-BTC,bull_quiet,0,1,0.0,0.006097560975609756,0.0,0.0,-0.015144420357606426,0.0,1.0,-0.011971916224670252,eod,-0.011971916224670252,0,0.004398857547897483,-0.01904434298580271,A1_sustain,False
2024-06-14,KRW-BTC,bull_quiet,0,1,0.0,0.006097560975609756,0.0,0.0,-0.015144420357606426,0.0,1.0,-0.008648144231786002,eod,-0.008648144231786002,0,0.006214725093538043,-0.01704821696577674,A1_sustain,False
2024-06-15,KRW-BTC,bull_quiet,0,1,0.0,0.006097560975609756,0.0,0.0,-0.015144420357606426,0.0,1.0,-0.00165961861791558,eod,-0.00165961861791558,0,0.0030751550878387324,-0.004607412294235891,A1_sustain,False
2024-06-16,KRW-BTC,bull_quiet,0,1,0.0,0.006097560975609756,0.0,0.0,-0.015144420357606426,0.0,1.0,0.0014161345253299053,eod,0.0014161345253299053,0,0.00846528169688976,-0.0032157422295102656,A1_sustain,False
2024-06-17,KRW-BTC,bull_quiet,0,1,0.0,0.006097560975609756,0.0,0.0,-0.015144420357606426,0.0,1.0,-0.010498875140607376,eod,-0.010498875140607376,0,0.002366826224009966,-0.02823209755994016,A1_sustain,False
2024-06-18,KRW-BTC,bull_quiet,0,1,0.0,0.006097560975609756,0.0,0.0,-0.015144420357606426,0.0,1.0,-0.022520506505327387,eod,-0.022520506505327387,0,0.001175351804165059,-0.03153148340082701,A1_sustain,False
2024-06-19,KRW-BTC,bull_quiet,0,1,0.0,0.006097560975609756,0.0,0.0,-0.015144420357606426,0.0,1.0,0.0019455601496357069,eod,0.0019455601496357069,0,0.011762266909622676,-0.0052264618271885555,A1_sustain,False
2024-06-20,KRW-BTC,bull_quiet,0,1,0.0,0.006097560975609756,0.0,0.0,-0.015144420357606426,0.0,1.0,-0.002884347067800329,eod,-0.002884347067800329,0,0.022195764017083786,-0.0005352324984434498,A1_sustain,False
2024-06-21,KRW-BTC,bull_quiet,0,1,0.0,0.006097560975609756,0.0,0.0,-0.015144420357606426,0.0,1.0,-0.016268646371148165,eod,-0.016268646371148165,0,0.002745726146504035,-0.024820492705302954,A1_sustain,False
2024-06-22,KRW-BTC,bull_quiet,0,1,0.0,0.006097560975609756,0.0,0.0,-0.015144420357606426,0.0,1.0,0.006377243518723765,eod,0.006377243518723765,0,0.008614962129601,-0.001849227089515848,A1_sustain,False
2024-06-23,KRW-BTC,bull_quiet,0,1,0.0,0.006097560975609756,0.0,0.0,-0.015144420357606426,0.0,2.0,-0.021473398115883058,eod,-0.021473398115883058,0,0.005590157800911211,-0.020258819904483083,A1_sustain,False
2024-06-24,KRW-BTC,bull_quiet,0,1,0.0,0.4159891598915989,0.0,0.0,-0.048933228298004734,0.0,1.0,-0.0315,sl,-0.045109933373712885,0,0.003827160493827142,-0.06732884399551065,A1_sustain,False
2024-06-25,KRW-BTC,bull_quiet,0,1,0.0009033423667570009,0.04698441382426022,0.0,0.0,-0.020403399257999125,0.01922642623862136,1.0,0.02262478742743218,eod,0.02262478742743218,0,0.029077723843499603,-0.005415521375519039,A1_sustain,False
2024-06-26,KRW-BTC,bull_quiet,0,1,0.0,0.006097560975609756,0.0,0.0,-0.015144420357606426,0.0,1.0,-0.017475355580495233,eod,-0.017475355580495233,0,0.010210031670534914,-0.017527411591187092,A1_sustain,False
2024-06-27,KRW-BTC,bull_quiet,0,1,0.0,0.006097560975609756,0.0,0.0,-0.015144420357606426,0.0,2.0,0.010300851895817255,eod,0.010300851895817255,0,0.021662872276169587,-0.008084374854806509,A1_sustain,False
2024-06-28,KRW-BTC,bull_quiet,0,1,0.0,0.006097560975609756,0.0,0.0,-0.015144420357606426,0.0,2.0,-0.020444317279931956,eod,-0.020444317279931956,0,0.007309352517985701,-0.02457553956834535,A1_sustain,False
2024-06-29,KRW-BTC,bull_quiet,0,1,0.0,0.006097560975609756,0.0,0.0,-0.015144420357606426,0.0,1.0,0.004619936690310191,eod,0.004619936690310191,0,0.009899362354239827,-0.0006458658712730214,A1_sustain,False
2024-07-01,KRW-BTC,bull_quiet,0,1,0.0,0.006097560975609756,0.0,0.0,-0.015144420357606426,0.0,1.0,0.005446424701440579,eod,0.005446424701440579,0,0.019608735213830775,-0.0035373066424021493,A1_sustain,False
2024-07-02,KRW-BTC,bull_quiet,0,1,0.0,0.006097560975609756,0.0,0.0,-0.015144420357606426,0.0,1.0,-0.012057317625736306,eod,-0.012057317625736306,0,0.0066622100862234745,-0.014412127941626385,A1_sustain,False
2024-07-03,KRW-BTC,bull_quiet,0,1,0.0,0.025067750677506776,0.0,0.0,-0.017029494668540184,0.0,2.0,-0.0315,sl,-0.02283992764573889,0,0.00404491807035634,-0.03164890569496959,A1_sustain,False
2024-07-04,KRW-BTC,bull_quiet,0,1,0.0,0.025067750677506776,0.0,0.0,-0.017029494668540184,0.0,1.0,-0.0315,sl,-0.048919037813552946,0,0.0030586773857097516,-0.04832944650830295,A1_sustain,False
2024-07-05,KRW-BTC,bear_quiet,0,1,0.0056471651231082,0.294104359611475,0.0015808491418247517,0.0,-0.0401914157152023,0.019201228878648235,1.0,-0.0315,sl,-0.00826388991186072,0,0.010577864838393625,-0.05319539666993145,A1_sustain,False
2024-07-06,KRW-BTC,bear_quiet,0,1,0.0056471651231082,0.07791327913279132,0.0,0.0,-0.0234329370312677,0.07248013671050177,1.0,0.01823285885507403,eod,0.01823285885507403,0,0.02569096871224641,-0.014546709731502294,A1_sustain,False
2024-07-07,KRW-BTC,bull_quiet,0,1,0.0,0.006097560975609756,0.0,0.0,-0.015144420357606426,0.0,2.0,-0.0315,sl,-0.04153489724699494,0,0.001086300543150287,-0.04308992154496072,A1_sustain,False
2024-07-08,KRW-BTC,bear_quiet,0,1,0.0,0.07791327913279132,0.0,0.0,-0.0234329370312677,0.0,2.0,0.013621680298899376,eod,0.013621680298899376,0,0.04160106805043018,-0.019106515359522347,A1_sustain,False
2024-07-09,KRW-BTC,bear_quiet,0,1,0.0,0.006097560975609756,0.0,0.0,-0.015144420357606426,0.0,1.0,0.017661900024869504,eod,0.017661900024869504,0,0.02237294873228235,-0.006198834768133765,A1_sustain,False
2024-07-10,KRW-BTC,bear_quiet,0,1,0.0,0.006097560975609756,0.0,0.0,-0.015144420357606426,0.0,1.0,-0.005794725540195942,eod,-0.005794725540195942,0,0.02172031739453706,-0.011542727594066493,A1_sustain,False
2024-07-11,KRW-BTC,bear_quiet,0,1,0.0,0.006097560975609756,0.0,0.0,-0.015144420357606426,0.0,1.0,-0.010307820462563675,eod,-0.010307820462563675,0,0.022813270512413553,-0.011302883089617466,A1_sustain,False
2024-07-12,KRW-BTC,bear_quiet,0,1,0.0,0.006097560975609756,0.0,0.0,-0.015144420357606426,0.0,1.0,0.005592549116520353,eod,0.005592549116520353,0,0.01528308868878736,-0.012149993832490491,A1_sustain,False
2024-07-13,KRW-BTC,bear_quiet,0,1,0.0,0.006097560975609756,0.0,0.0,-0.015144420357606426,0.0,1.0,0.021243164170316187,eod,0.021243164170316187,0,0.026389365772305773,-0.0030411536763623737,A1_sustain,False
2024-07-14,KRW-BTC,bear_quiet,0,1,0.0,0.006097560975609756,0.0,0.0,-0.015144420357606426,0.0,2.0,0.02209276984155545,eod,0.02209276984155545,0,0.03738193749170704,-0.0004945658074088088,A1_sustain,False
2024-07-15,KRW-BTC,bull_quiet,0,1,0.0,0.006097560975609756,0.0,0.0,-0.015144420357606426,0.0,1.0,0.0485,tp,0.06721338176704955,0,0.06864099262554135,-0.0018845838698349215,A1_sustain,False
2024-07-16,KRW-BTC,bull_volatile,0,1,0.0056471651231082,0.025067750677506776,0.0,0.0,-0.017029494668540184,0.22527610058669467,1.0,-0.0315,sl,-0.0015548215558358045,0,0.004190342467256025,-0.04236414295430113,A1_sustain,False
2024-07-17,KRW-BTC,bull_volatile,0,1,0.0056471651231082,0.025067750677506776,0.0,0.0,-0.017029494668540184,0.22527610058669467,1.0,-0.024405701754386,eod,-0.024405701754386,0,0.014687586017065879,-0.01590971648775119,A1_sustain,False
2024-07-18,KRW-BTC,bull_volatile,0,1,0.0056471651231082,0.006097560975609756,0.0,0.0,-0.015144420357606426,0.9261350801897448,2.0,0.003314220466609065,eod,0.003314220466609065,0,0.019404453187874537,-0.0046387373692211575,A1_sustain,False
2024-07-19,KRW-BTC,bull_volatile,0,1,0.0009033423667570009,0.006097560975609756,0.0,0.0,-0.015144420357606426,0.14814814814814814,3.0,0.0485,tp,0.04270321417004502,0,0.04700055648302737,-0.013077351140790228,A1_sustain,False
2024-07-20,KRW-BTC,bull_volatile,0,1,0.011291779584462511,0.006097560975609756,0.0,0.0,-0.015144420357606426,1.8518518518518519,2.0,0.003858346078567777,eod,0.003858346078567777,0,0.01741860565136988,-0.0028815964904734814,A1_sustain,False
2024-07-21,KRW-BTC,bull_volatile,0,1,0.0009033423667570009,0.006097560975609756,0.0,0.0,-0.015144420357606426,0.14814814814814814,3.0,0.009337050363541545,eod,0.009337050363541545,0,0.013032432260053461,-0.01764587075994173,A1_sustain,False
2024-07-22,KRW-BTC,bull_volatile,0,1,0.0009033423667570009,0.025067750677506776,0.0,0.0,-0.017029494668540184,0.036036036036036036,1.0,-0.006081117371386445,eod,-0.006081117371386445,0,0.003715789473684117,-0.020526315789473726,A1_sustain,False
2024-07-23,KRW-BTC,bull_volatile,0,1,0.0,0.006097560975609756,0.0,0.0,-0.015144420357606426,0.0,2.0,-0.022860784604153694,eod,-0.022860784604153694,0,0.004921301599422945,-0.02422468287302193,A1_sustain,False
2024-07-24,KRW-BTC,bull_volatile,0,1,0.0,0.006097560975609756,0.0,0.0,-0.015144420357606426,0.0,1.0,-0.011510810810810788,eod,-0.011510810810810788,0,0.0137708188757808,-0.012719031922276192,A1_sustain,False
2024-07-25,KRW-BTC,bull_quiet,0,1,0.0,0.006097560975609756,0.0,0.0,-0.015144420357606426,0.0,2.0,0.013176174148530841,eod,0.013176174148530841,0,0.017890514857761053,-0.02512540846548128,A1_sustain,False
2024-07-26,KRW-BTC,bull_quiet,0,1,0.0,0.006097560975609756,0.0,0.0,-0.015144420357606426,0.0,1.0,0.017505391676800708,eod,0.017505391676800708,0,0.02730467693971339,-0.0020437956204379937,A1_sustain,False
2024-07-27,KRW-BTC,bull_quiet,0,1,0.0,0.006097560975609756,0.0,0.0,-0.015144420357606426,0.0,1.0,-0.008006057181483115,eod,-0.008006057181483115,0,0.02297150223480804,-0.015733471401853327,A1_sustain,False
2024-07-28,KRW-BTC,bull_quiet,0,1,0.0,0.006097560975609756,0.0,0.0,-0.015144420357606426,0.0,1.0,0.01591756430568997,eod,0.01591756430568997,0,0.011013239206707492,-0.007854485324514271,A1_sustain,False
2024-07-29,KRW-BTC,bull_quiet,0,1,0.0,0.006097560975609756,0.0,0.0,-0.015144420357606426,0.0,1.0,-0.025649642092063274,eod,-0.025649642092063274,0,0.01821461153696924,-0.02265029413923636,A1_sustain,False
2024-07-30,KRW-BTC,bull_quiet,0,1,0.0,0.006097560975609756,0.0,0.0,-0.015144420357606426,0.0,1.0,-0.012084785307590216,eod,-0.012084785307590216,0,0.002916510870145883,-0.01901607820095086,A1_sustain,False
2024-07-31,KRW-BTC,bull_quiet,0,1,0.0,0.006097560975609756,0.0,0.0,-0.015144420357606426,0.0,2.0,-0.02146601989026803,eod,-0.02146601989026803,0,0.005474727880159458,-0.02634982217911408,A1_sustain,False
2024-08-01,KRW-BTC,bull_volatile,0,1,0.0,0.006097560975609756,0.0,0.0,-0.015144420357606426,0.0,2.0,0.014588425608975055,eod,0.014588425608975055,0,0.02162796360657926,-0.02595577003962546,A1_sustain,False
2024-08-02,KRW-BTC,bull_volatile,0,1,0.0,0.006097560975609756,0.0,0.0,-0.015144420357606426,0.0,1.0,-0.0315,sl,-0.05729282539475539,0,0.004477660721873056,-0.05896131344714506,A1_sustain,False
2024-08-03,KRW-BTC,bull_volatile,0,1,0.0,0.294104359611475,0.0,0.0,-0.0401914157152023,0.0,1.0,-0.013067013868907127,eod,-0.013067013868907127,0,0.011523687580025532,-0.019506061759582916,A1_sustain,False
2024-08-04,KRW-BTC,bear_volatile,0,1,0.0,0.04698441382426022,0.0,0.0,-0.020403399257999125,0.0,1.0,-0.0315,sl,-0.058799550546098145,0,0.004153384368383195,-0.04967773460222913,A1_sustain,False
2024-08-05,KRW-BTC,bear_volatile,0,1,0.0,0.294104359611475,0.0,0.0,-0.0401914157152023,0.0,1.0,-0.0315,sl,-0.015234160017785268,0,0.004702519817762152,-0.11934628867364516,A1_sustain,False
2024-08-06,KRW-BTC,bear_volatile,0,1,0.0009033423667570009,0.2140921409214092,0.0,0.0,-0.03502480285844987,0.004219409282700422,1.0,-0.004004664938447809,eod,-0.004004664938447809,0,0.05610264057799608,-5.14231352685135e-05,A1_sustain,False
2024-08-07,KRW-BTC,bear_volatile,0,1,0.0,0.07791327913279132,0.0,0.0,-0.0234329370312677,0.0,1.0,-0.015975650023226373,eod,-0.015975650023226373,0,0.02225382331661807,-0.02973829304193798,A1_sustain,False
2024-08-08,KRW-BTC,bear_volatile,0,1,0.0,0.07791327913279132,0.0,0.0,-0.0234329370312677,0.0,2.0,0.0485,tp,0.09506296975719125,0,0.12239430510550364,-0.0056770341642640165,A1_sustain,False
2024-08-09,KRW-BTC,bear_volatile,0,1,0.0009033423667570009,0.07791327913279132,0.0,0.0,-0.0234329370312677,0.011594202898550725,2.0,-0.006296692256768264,eod,-0.006296692256768264,0,0.003553364121439362,-0.027744018889544808,A1_sustain,False
2024-08-10,KRW-BTC,bear_volatile,0,1,0.0,0.025067750677506776,0.0,0.0,-0.017029494668540184,0.0,2.0,0.0018273790760393051,eod,0.0018273790760393051,0,0.009903768576874139,-0.008921576651894858,A1_sustain,False
2024-08-11,KRW-BTC,bear_volatile,0,1,0.0,0.006097560975609756,0.0,0.0,-0.015144420357606426,0.0,3.0,-0.0315,sl,-0.03475653378016713,0,0.008812989529467963,-0.040399677829786707,A1_sustain,False
2024-08-12,KRW-BTC,bear_volatile,0,1,0.0,0.025067750677506776,0.0015808491418247517,0.0,-0.017029494668540184,0.0,1.0,0.001184192154455367,eod,0.001184192154455367,0,0.026371715610510105,-0.0219281298299846,A1_sustain,False
2024-08-13,KRW-BTC,bear_volatile,0,1,0.0,0.006097560975609756,0.0,0.0,-0.015144420357606426,0.0,1.0,0.0135820694951046,eod,0.0135820694951046,0,0.030802696888482917,-0.013905080101433764,A1_sustain,False
2024-08-14,KRW-BTC,bear_volatile,0,1,0.0,0.006097560975609756,0.0015808491418247517,0.0,-0.015144420357606426,0.0,1.0,-0.02470303542511315,eod,-0.02470303542511315,0,0.016113587194249712,-0.028006667691252818,A1_sustain,False
2024-08-15,KRW-BTC,bear_volatile,0,1,0.0009033423667570009,0.006097560975609756,0.0,0.0,-0.015144420357606426,0.14814814814814814,1.0,-0.0315,sl,-0.021601901269530044,0,0.013524987869966143,-0.03566229985443958,A1_sustain,False
2024-08-16,KRW-BTC,bear_volatile,0,1,0.0009033423667570009,0.12014453477868112,0.01084010840108401,0.0,-0.027170517233735154,0.007518796992481203,1.0,0.0141647641637635,eod,0.0141647641637635,0,0.029070628300676082,-0.009229554316173894,A1_sustain,False
2024-08-17,KRW-BTC,bear_volatile,0,1,0.0009033423667570009,0.07791327913279132,0.01084010840108401,0.0,-0.0234329370312677,0.011594202898550725,1.0,0.005470802919707975,eod,0.005470802919707975,0,0.00991665145707854,-0.0017399768814260197,A1_sustain,False
2024-08-18,KRW-BTC,bear_volatile,0,1,0.0,0.04698441382426022,0.0015808491418247517,0.0,-0.020403399257999125,0.0,2.0,-0.013581234218887848,eod,-0.013581234218887848,0,0.010359691382620273,-0.015950060974873503,A1_sustain,False
2024-08-19,KRW-BTC,bear_volatile,0,1,0.0,0.04698441382426022,0.0040659588886379034,0.0,-0.020403399257999125,0.0,1.0,-0.00600830187296114,eod,-0.00600830187296114,0,0.005092024539877338,-0.01717791411042946,A1_sustain,False
2024-08-20,KRW-BTC,bear_volatile,0,1,0.0,0.04698441382426022,0.0015808491418247517,0.0,-0.020403399257999125,0.0,1.0,-0.007734658811978377,eod,-0.007734658811978377,0,0.02108278851098211,-0.014410245108842035,A1_sustain,False
2024-08-21,KRW-BTC,bear_volatile,0,1,0.0,0.07791327913279132,0.0015808491418247517,0.0,-0.0234329370312677,0.0,1.0,0.02056908475664737,eod,0.02056908475664737,0,0.035281296826045416,-0.0022786095528228856,A1_sustain,False
2024-08-22,KRW-BTC,bear_volatile,0,1,0.0009033423667570009,0.04698441382426022,0.0015808491418247517,0.0,-0.020403399257999125,0.01922642623862136,1.0,-0.007882361473745268,eod,-0.007882361473745268,0,0.0024246079613992055,-0.019541616405307605,A1_sustain,False
2024-08-23,KRW-BTC,bear_volatile,0,1,0.0,0.006097560975609756,0.0,0.0,-0.015144420357606426,0.0,1.0,0.0485,tp,0.04053265286260005,0,0.05472369897088236,-0.00012193337560362227,A1_sustain,False
2024-08-24,KRW-BTC,bear_volatile,0,1,0.0056471651231082,0.025067750677506776,0.0,0.0,-0.017029494668540184,0.22527610058669467,1.0,0.0012553033752465428,eod,0.0012553033752465428,0,0.00922897196261685,-0.0051985981308411144,A1_sustain,False
2024-08-25,KRW-BTC,bear_volatile,0,1,0.0009033423667570009,0.006097560975609756,0.0,0.0,-0.015144420357606426,0.14814814814814814,1.0,0.0010498026522605688,eod,0.0010498026522605688,0,0.01365855932499671,-0.00462666216042984,A1_sustain,False
2024-08-26,KRW-BTC,bear_volatile,0,1,0.0,0.006097560975609756,0.0,0.0,-0.015144420357606426,0.0,1.0,-0.02284528731360619,eod,-0.02284528731360619,0,0.0033511131725416643,-0.021243042671614143,A1_sustain,False
2024-08-27,KRW-BTC,bear_volatile,0,1,0.0,0.006097560975609756,0.0,0.0,-0.015144420357606426,0.0,1.0,-0.0315,sl,-0.04169790467828621,0,0.004573026253435586,-0.05078902473699176,A1_sustain,False
2024-08-28,KRW-BTC,bear_volatile,0,1,0.0,0.04698441382426022,0.0,0.0,-0.020403399257999125,0.0,1.0,-0.004157766240187875,eod,-0.004157766240187875,0,0.011711366696727454,-0.01725820598663319,A1_sustain,False
2024-08-29,KRW-BTC,bear_volatile,0,1,0.0,0.006097560975609756,0.0,0.0,-0.015144420357606426,0.0,1.0,-0.003706274247325779,eod,-0.003706274247325779,0,0.025825498027735705,-0.005792750998536267,A1_sustain,False
2024-08-30,KRW-BTC,bear_volatile,0,1,0.0,0.006097560975609756,0.0,0.0,-0.015144420357606426,0.0,1.0,-0.0019223550018012112,eod,-0.0019223550018012112,0,0.006254257229549864,-0.018824695027555904,A1_sustain,False
2024-08-31,KRW-BTC,bear_volatile,0,1,0.0,0.025067750677506776,0.0,0.0,-0.017029494668540184,0.0,1.0,-0.003016243692674779,eod,-0.003016243692674779,0,0.004773803751911387,-0.005345665659692411,A1_sustain,False
2024-09-01,KRW-BTC,bear_volatile,0,1,0.0,0.025067750677506776,0.0,0.0,-0.017029494668540184,0.0,1.0,-0.024220199190787384,eod,-0.024220199190787384,0,0.0008717310087174024,-0.02490660024906599,A1_sustain,False
2024-09-07,KRW-BTC,bear_volatile,1,1,0.0025826446280991736,0.17633890132598587,0.0005166178749784743,0.0,-0.03118469146854943,0.014645915386105372,1.0,-0.004118724559023011,eod,-0.004118724559023011,0,0.01270979305849762,-0.007685622725544516,A1_sustain,False
2024-09-08,KRW-BTC,bear_quiet,1,1,0.0003443526170798898,0.012396694214876033,0.0,0.0,-0.01524533327800921,0.027777777777777776,1.0,0.012754236827072165,eod,0.012754236827072165,0,0.016838674633351536,-0.008799565453557867,A1_sustain,False
2024-09-09,KRW-BTC,bear_quiet,1,1,0.0003443526170798898,0.012396694214876033,0.0,0.0,-0.01524533327800921,0.027777777777777776,1.0,0.0485,tp,0.02841819766662207,0,0.05455473609263972,-0.004648101129784088,A1_sustain,False
2024-09-10,KRW-BTC,bear_quiet,1,1,0.0003443526170798898,0.012396694214876033,0.0,0.0,-0.01524533327800921,0.027777777777777776,1.0,0.014901978651392924,eod,0.014901978651392924,0,0.015658362989323882,-0.010909090909090868,A1_sustain,False
2024-09-11,KRW-BTC,bear_quiet,1,1,0.0025826446280991736,0.012396694214876033,0.0,0.0,-0.01524533327800921,0.20833333333333334,1.0,-0.0315,sl,-0.008147028688524625,0,0.001395807455404574,-0.034715908363319725,A1_sustain,False
2024-09-12,KRW-BTC,bear_quiet,1,1,0.0003443526170798898,0.012396694214876033,0.0,0.0,-0.01524533327800921,0.027777777777777776,1.0,0.008844115977918733,eod,0.008844115977918733,0,0.018988896213854467,-0.0007885110068380774,A1_sustain,False
2024-09-13,KRW-BTC,bear_quiet,1,1,0.0003443526170798898,0.012396694214876033,0.0,0.0,-0.01524533327800921,0.027777777777777776,2.0,0.03360653236822292,eod,0.03360653236822292,0,0.03617013121414603,-0.007269800304079532,A1_sustain,False
2024-09-14,KRW-BTC,bear_quiet,1,1,0.0003443526170798898,0.012396694214876033,0.0,0.0,-0.01524533327800921,0.027777777777777776,2.0,-0.008640831000333025,eod,-0.008640831000333025,0,0.003014951192388482,-0.010997158037810428,A1_sustain,False
2024-09-15,KRW-BTC,bear_quiet,1,1,0.0003443526170798898,0.012396694214876033,0.0,0.0,-0.01524533327800921,0.027777777777777776,4.0,-0.015387508695220152,eod,-0.015387508695220152,0,0.006023049028860861,-0.017808355272962095,A1_sustain,False
2024-09-16,KRW-BTC,bear_quiet,1,1,0.0003443526170798898,0.012396694214876033,0.0,0.0,-0.01524533327800921,0.027777777777777776,4.0,-0.01209380747235028,eod,-0.01209380747235028,0,0.002120691169642752,-0.02448206196433722,A1_sustain,False
2024-09-17,KRW-BTC,bear_quiet,1,1,0.0003443526170798898,0.012396694214876033,0.0,0.0,-0.01524533327800921,0.027777777777777776,3.0,0.028022972921361078,eod,0.028022972921361078,0,0.049650813070296174,-0.008844369679359754,A1_sustain,False
2024-09-18,KRW-BTC,bear_quiet,1,1,0.0025826446280991736,0.012396694214876033,0.0,0.0,-0.01524533327800921,0.20833333333333334,1.0,0.024629000346243324,eod,0.024629000346243324,0,0.018516692144582958,-0.013659450663247696,A1_sustain,False
2024-09-19,KRW-BTC,bear_quiet,1,1,0.0025826446280991736,0.012396694214876033,0.0,0.0,-0.01524533327800921,0.20833333333333334,3.0,0.009067156266191092,eod,0.009067156266191092,0,0.02901831652603426,-0.0038376330157500194,A1_sustain,False
2024-09-20,KRW-BTC,bear_quiet,1,1,0.0025826446280991736,0.0371900826446281,0.0,0.0,-0.019038942705014075,0.06944444444444445,1.0,0.0039603765036900235,eod,0.0039603765036900235,0,0.018917404727563092,-0.006126998128523908,A1_sustain,False
2024-09-21,KRW-BTC,bear_quiet,1,1,0.0075770621663509554,0.012396694214876033,0.0,0.0,-0.01524533327800921,0.6112163480856437,2.0,-0.0009901226077264056,eod,-0.0009901226077264056,0,0.004337315130830577,-0.004550625711035261,A1_sustain,False
2024-09-22,KRW-BTC,bear_quiet,1,1,0.0003443526170798898,0.012396694214876033,0.0,0.0,-0.01524533327800921,0.027777777777777776,7.0,-0.002400719390355187,eod,-0.002400719390355187,0,0.012685214795864042,-0.01217591112058658,A1_sustain,False
2024-09-23,KRW-BTC,bear_quiet,1,1,0.0075770621663509554,0.012396694214876033,0.0,0.0,-0.01524533327800921,0.6112163480856437,3.0,0.0020824011577560988,eod,0.0020824011577560988,0,0.016643485230674937,-0.011857893868313707,A1_sustain,False
2024-09-24,KRW-BTC,bear_quiet,1,1,0.0003443526170798898,0.012396694214876033,0.0,0.0,-0.01524533327800921,0.027777777777777776,1.0,0.0051900700920771165,eod,0.0051900700920771165,0,0.013234077750206685,-0.007337823466855742,A1_sustain,False
2024-09-25,KRW-BTC,bear_quiet,1,1,0.0003443526170798898,0.012396694214876033,0.0,0.0,-0.01524533327800921,0.027777777777777776,1.0,-0.008814868085805836,eod,-0.008814868085805836,0,0.00823479729729737,-0.01205893393393398,A1_sustain,False
2024-09-26,KRW-BTC,bear_quiet,1,1,0.0003443526170798898,0.012396694214876033,0.0,0.0,-0.01524533327800921,0.027777777777777776,3.0,0.015295590566082375,eod,0.015295590566082375,0,0.026552239159811197,-0.006661767146345476,A1_sustain,False
2024-09-27,KRW-BTC,bear_quiet,1,1,0.0003443526170798898,0.012396694214876033,0.0,0.0,-0.01524533327800921,0.027777777777777776,2.0,0.009395475528785115,eod,0.009395475528785115,0,0.017010285288779237,-0.000826080886117242,A1_sustain,False
2024-09-28,KRW-BTC,bear_quiet,1,1,0.0003443526170798898,0.012396694214876033,0.0,0.0,-0.01524533327800921,0.027777777777777776,2.0,-0.005387917548541453,eod,-0.005387917548541453,0,0.00335794291497038,-0.010982313300673896,A1_sustain,False
2024-09-29,KRW-BTC,bear_quiet,1,1,0.0025826446280991736,0.012396694214876033,0.0,0.0,-0.01524533327800921,0.20833333333333334,4.0,-0.01109606457423956,eod,-0.01109606457423956,0,0.0018447844484670295,-0.010734339509517965,A1_sustain,False
2024-09-30,KRW-BTC,bear_quiet,1,1,0.0003443526170798898,0.012396694214876033,0.0,0.0,-0.01524533327800921,0.027777777777777776,5.0,-0.0315,sl,-0.027176605370864915,0,0.0,-0.03370250587496215,A1_sustain,False
2024-10-01,KRW-BTC,bear_quiet,1,1,0.0003443526170798898,0.012396694214876033,0.0,0.0,-0.01524533327800921,0.027777777777777776,1.0,-0.0315,sl,-0.025675113994040044,0,0.013782395796011038,-0.03446793264063064,A1_sustain,False
2024-10-02,KRW-BTC,bear_quiet,1,1,0.0003443526170798898,0.0371900826446281,0.0,0.0,-0.019038942705014075,0.009259259259259259,1.0,0.004486922010526197,eod,0.004486922010526197,0,0.022085889570552242,-0.006871165644171784,A1_sustain,False
2024-10-03,KRW-BTC,bear_quiet,1,1,0.0003443526170798898,0.012396694214876033,0.0,0.0,-0.01524533327800921,0.027777777777777776,2.0,0.002939782401873593,eod,0.002939782401873593,0,0.012153181489958031,-0.00495673565300403,A1_sustain,False
2024-10-04,KRW-BTC,bear_quiet,1,1,0.0003443526170798898,0.012396694214876033,0.0,0.0,-0.01524533327800921,0.027777777777777776,3.0,0.0184334337495749,eod,0.0184334337495749,0,0.023045836822368715,-0.004405286343612369,A1_sustain,False
2024-10-05,KRW-BTC,bear_quiet,1,1,0.0003443526170798898,0.012396694214876033,0.0,0.0,-0.01524533327800921,0.027777777777777776,1.0,-0.002917172799809463,eod,-0.002917172799809463,0,0.004605985394491974,-0.003496253162140195,A1_sustain,False
2024-10-06,KRW-BTC,bear_quiet,1,1,0.0003443526170798898,0.012396694214876033,0.0,0.0,-0.01524533327800921,0.027777777777777776,6.0,0.006120660457239526,eod,0.006120660457239526,0,0.008488398395180674,-0.0047263592747359695,A1_sustain,False
2024-10-07,KRW-BTC,bear_quiet,1,1,0.0003443526170798898,0.012396694214876033,0.0,0.0,-0.01524533327800921,0.027777777777777776,5.0,-0.006624502935050179,eod,-0.006624502935050179,0,0.02208773508929851,-0.006537495854848641,A1_sustain,False
2024-10-08,KRW-BTC,bear_quiet,1,1,0.0003443526170798898,0.012396694214876033,0.0,0.0,-0.01524533327800921,0.027777777777777776,2.0,7.025088326601111e-05,eod,7.025088326601111e-05,0,0.015820447451811992,-0.0011198208286674616,A1_sustain,False
2024-10-09,KRW-BTC,bear_quiet,1,1,0.0003443526170798898,0.012396694214876033,0.0,0.0,-0.01524533327800921,0.027777777777777776,3.0,-0.025142908909455974,eod,-0.025142908909455974,0,0.004290519259796399,-0.02319970524964643,A1_sustain,False
2024-10-10,KRW-BTC,bear_quiet,1,1,0.0003443526170798898,0.012396694214876033,0.0,0.0,-0.01524533327800921,0.027777777777777776,1.0,-0.0012931344990813596,eod,-0.0012931344990813596,0,0.0090309894031535,-0.02121796972676404,A1_sustain,False
2024-10-11,KRW-BTC,bear_quiet,1,1,0.0003443526170798898,0.012396694214876033,0.0,0.0,-0.01524533327800921,0.027777777777777776,1.0,0.030058713319382868,eod,0.030058713319382868,0,0.0407032667324152,-0.004651106159671792,A1_sustain,False
2024-10-12,KRW-BTC,bear_quiet,1,1,0.0003443526170798898,0.012396694214876033,0.0,0.0,-0.01524533327800921,0.027777777777777776,1.0,0.0010944008113398808,eod,0.0010944008113398808,0,0.009473060982830184,-0.001420959147424461,A1_sustain,False
2024-10-14,KRW-BTC,bear_quiet,1,1,0.0003443526170798898,0.012396694214876033,0.0,0.0,-0.01524533327800921,0.027777777777777776,2.0,0.0485,tp,0.04142616086088574,0,0.04931471302870882,-0.005685169021726333,A1_sustain,False
2024-10-15,KRW-BTC,bull_quiet,1,1,0.0025826446280991736,0.012396694214876033,0.0,0.0,-0.01524533327800921,0.20833333333333334,1.0,0.021163691656001238,eod,0.021163691656001238,0,0.032615072202166084,-0.012748194945848335,A1_sustain,False
2024-10-16,KRW-BTC,bull_quiet,1,1,0.0075770621663509554,0.0371900826446281,0.0,0.0,-0.019038942705014075,0.2037387826952146,1.0,0.014182238232787693,eod,0.014182238232787693,0,0.020239068472569066,-0.0035793985726595423,A1_sustain,False
2024-10-17,KRW-BTC,bull_quiet,1,1,0.0075770621663509554,0.012396694214876033,0.0,0.0,-0.01524533327800921,0.6112163480856437,1.0,-0.003090864515004231,eod,-0.003090864515004231,0,0.004257177164065151,-0.0050212858858202924,A1_sustain,False
2024-10-18,KRW-BTC,bull_quiet,1,1,0.0075770621663509554,0.012396694214876033,0.0,0.0,-0.01524533327800921,0.6112163480856437,1.0,0.015918256428165967,eod,0.015918256428165967,0,0.021131672442729732,-0.0027027616120665066,A1_sustain,False
2024-10-19,KRW-BTC,bull_quiet,1,1,0.0075770621663509554,0.012396694214876033,0.0,0.0,-0.01524533327800921,0.6112163480856437,1.0,0.00016266197545694713,eod,0.00016266197545694713,0,0.0025171918850017683,-0.006309046894749204,A1_sustain,False
2024-10-20,KRW-BTC,bull_quiet,1,1,0.0025826446280991736,0.012396694214876033,0.0,0.0,-0.01524533327800921,0.20833333333333334,6.0,0.005245182012847906,eod,0.005245182012847906,0,0.010469128394162253,-0.003921904802726028,A1_sustain,False
2024-10-21,KRW-BTC,bull_quiet,1,1,0.0075770621663509554,0.012396694214876033,0.0,0.0,-0.01524533327800921,0.6112163480856437,2.0,-0.020868013528892504,eod,-0.020868013528892504,0,0.00591048018657947,-0.02600611282094978,A1_sustain,False
2024-10-22,KRW-BTC,bull_quiet,1,1,0.0003443526170798898,0.012396694214876033,0.0,0.0,-0.01524533327800921,0.027777777777777776,1.0,0.002454496208017355,eod,0.002454496208017355,0,0.01322685300723725,-0.01162096765443088,A1_sustain,False
2024-10-23,KRW-BTC,bull_quiet,1,1,0.0003443526170798898,0.012396694214876033,0.0,0.0,-0.01524533327800921,0.027777777777777776,1.0,-0.006237802048370931,eod,-0.006237802048370931,0,0.0013243321812719255,-0.02171689438720026,A1_sustain,False
2024-10-24,KRW-BTC,bull_quiet,1,1,0.0003443526170798898,0.012396694214876033,0.0,0.0,-0.01524533327800921,0.027777777777777776,2.0,0.017346237258729025,eod,0.017346237258729025,0,0.02515832205683366,-0.003193504736129893,A1_sustain,False
2024-10-25,KRW-BTC,bull_quiet,1,1,0.0003443526170798898,0.012396694214876033,0.0,0.0,-0.01524533327800921,0.027777777777777776,2.0,-0.0045332701845505734,eod,-0.0045332701845505734,0,0.011331143637658414,-0.01748567662659306,A1_sustain,False
2024-10-26,KRW-BTC,bull_quiet,1,1,0.0003443526170798898,0.012396694214876033,0.0,0.0,-0.01524533327800921,0.027777777777777776,1.0,0.0012756130368408183,eod,0.0012756130368408183,0,0.005716601608327432,-0.004959365201254284,A1_sustain,False
2024-10-27,KRW-BTC,bull_quiet,1,1,0.0003443526170798898,0.012396694214876033,0.0,0.0,-0.01524533327800921,0.027777777777777776,4.0,0.010221494730118076,eod,0.010221494730118076,0,0.011990254593427174,-0.0009894353834860592,A1_sustain,False
2024-10-28,KRW-BTC,bull_quiet,1,1,0.0003443526170798898,0.012396694214876033,0.0,0.0,-0.01524533327800921,0.027777777777777776,1.0,0.02219753027959298,eod,0.02219753027959298,0,0.030477516240614122,-0.0032059394246182205,A1_sustain,False
2024-10-29,KRW-BTC,bull_quiet,1,1,0.0025826446280991736,0.012396694214876033,0.0,0.0,-0.01524533327800921,0.20833333333333334,1.0,0.035807988697662385,eod,0.035807988697662385,0,0.048839334298415915,-0.002063633843594981,A1_sustain,False
2024-10-30,KRW-BTC,bull_quiet,1,1,0.012224517906336088,0.012396694214876033,0.0,0.0,-0.01524533327800921,0.9861111111111112,1.0,-0.004798237968364703,eod,-0.004798237968364703,0,4.9358341559724295e-05,-0.021372161895360287,A1_sustain,False
2024-10-31,KRW-BTC,bull_quiet,1,1,0.0003443526170798898,0.012396694214876033,0.0,0.0,-0.01524533327800921,0.027777777777777776,1.0,-0.0315,sl,-0.024089104780069148,0,0.003201718189139946,-0.03252428632508375,A1_sustain,False
2024-11-01,KRW-BTC,bull_quiet,1,1,0.0003443526170798898,0.012396694214876033,0.0,0.0,-0.01524533327800921,0.027777777777777776,1.0,-0.01153048780487803,eod,-0.01153048780487803,0,0.016776744944553057,-0.026418786692759322,A1_sustain,False
2024-11-02,KRW-BTC,bull_quiet,1,1,0.0003443526170798898,0.012396694214876033,0.0,0.0,-0.01524533327800921,0.027777777777777776,1.0,-0.00364550419348547,eod,-0.00364550419348547,0,0.006863178226875322,-0.005198754764669022,A1_sustain,False
2024-11-03,KRW-BTC,bull_quiet,1,1,0.0003443526170798898,0.012396694214876033,0.0,0.0,-0.01524533327800921,0.027777777777777776,2.0,-0.0315,sl,-0.01798063371225761,0,0.00027776348953234553,-0.033948870942852705,A1_sustain,False
2024-11-04,KRW-BTC,bull_quiet,1,1,0.0003443526170798898,0.012396694214876033,0.0,0.0,-0.01524533327800921,0.027777777777777776,1.0,-0.012974535317929302,eod,-0.012974535317929302,0,0.008501151197557899,-0.030254096908956418,A1_sustain,False
2024-11-05,KRW-BTC,bull_quiet,1,1,0.0003443526170798898,0.012396694214876033,0.0,0.0,-0.01524533327800921,0.027777777777777776,1.0,0.02373809523809528,eod,0.02373809523809528,0,0.04014254048722554,-0.0035104837255671706,A1_sustain,False
2024-11-06,KRW-BTC,bull_quiet,1,1,0.0003443526170798898,0.0371900826446281,0.0005166178749784743,0.0,-0.019038942705014075,0.009259259259259259,2.0,0.0485,tp,0.06569098340351737,0,0.08523223418853165,-0.0009563807226912191,A1_sustain,False
2024-11-07,KRW-BTC,bull_quiet,1,1,0.03564663337351472,0.0371900826446281,0.0,0.0,-0.019038942705014075,0.9584983640433958,2.0,0.009061132710497301,eod,0.009061132710497301,0,0.008781284527069166,-0.017245520488062605,A1_sustain,False
2024-11-08,KRW-BTC,bull_quiet,1,1,0.012224517906336088,0.0371900826446281,0.0,0.0,-0.019038942705014075,0.3287037037037037,2.0,0.021545267489711917,eod,0.021545267489711917,0,0.03277114910200907,-0.0006527352486633831,A1_sustain,False
2024-11-09,KRW-BTC,bull_quiet,1,1,0.02169421487603306,0.059755467539176856,0.0,0.0,-0.02180524920291147,0.36304987257960797,3.0,-0.004942534004377995,eod,-0.004942534004377995,0,0.001357106088258675,-0.00909729046749963,A1_sustain,False
2024-11-10,KRW-BTC,bull_quiet,1,1,0.012224517906336088,0.0371900826446281,0.0,0.0,-0.019038942705014075,0.3287037037037037,3.0,0.0485,tp,0.04599880314280608,0,0.0581029973469811,-0.0022955199729053355,A1_sustain,False
2024-11-11,KRW-BTC,bull_quiet,1,1,0.03564663337351472,0.059755467539176856,0.0,0.0,-0.02180524920291147,0.5965417867435159,4.0,0.0485,tp,0.09252360447714386,0,0.12233488872936116,-0.0014985642498205332,A1_sustain,False
2024-11-12,KRW-BTC,bull_volatile,1,1,0.04924242424242424,0.21952479338842976,0.039262958498364045,0.004476584022038568,-0.03483780680644635,0.22431372549019607,2.0,0.024762758654586492,eod,0.024762758654586492,0,0.02839101513544784,-0.04508499630450846,A1_sustain,False
2024-11-13,KRW-BTC,bull_volatile,1,1,0.04924242424242424,0.2915446874461856,0.039262958498364045,0.0,-0.03977903438984876,0.16890180601048882,3.0,0.022628022986670937,eod,0.022628022986670937,0,0.04873910572944595,-0.017446839160951133,A1_sustain,False
2024-11-14,KRW-BTC,bull_volatile,1,1,0.04924242424242424,0.17633890132598587,0.06955922865013774,0.0003443526170798898,-0.03118469146854943,0.27924878669507575,2.0,-0.0315,sl,-0.02493524717288459,0,0.018647891281779128,-0.05024549023893343,A1_sustain,False
2024-11-15,KRW-BTC,bull_volatile,1,1,0.012224517906336088,0.17633890132598587,0.0025826446280991736,0.0,-0.03118469146854943,0.0693239994942321,4.0,0.020031463229719437,eod,0.020031463229719437,0,0.0437661381057608,-0.0014003221550391576,A1_sustain,False
2024-11-16,KRW-BTC,bull_volatile,1,1,0.04924242424242424,0.1234504132231405,0.0025826446280991736,0.0,-0.02745907357666148,0.398884239888424,3.0,-0.007929687499999947,eod,-0.007929687499999947,0,0.007609577922077948,-0.01590596903096908,A1_sustain,False
2024-11-17,KRW-BTC,bull_volatile,1,1,0.012224517906336088,0.0981404958677686,0.0005166178749784743,0.0,-0.025553705126728034,0.12456140350877193,4.0,-0.006948841433210449,eod,-0.006948841433210449,0,0.0068433886572798475,-0.014772280342956079,A1_sustain,False
2024-11-18,KRW-BTC,bull_volatile,1,1,0.0075770621663509554,0.059755467539176856,0.0,0.0,-0.02180524920291147,0.12680115273775217,6.0,0.004737647244841549,eod,0.004737647244841549,0,0.019182566478741725,-0.0026567775502297497,A1_sustain,False
2024-11-19,KRW-BTC,bull_volatile,1,1,0.0075770621663509554,0.0371900826446281,0.0,0.0,-0.019038942705014075,0.2037387826952146,5.0,0.016289820923656884,eod,0.016289820923656884,0,0.030328294348051843,-0.0007236003838227978,A1_sustain,False
2024-11-20,KRW-BTC,bull_volatile,1,1,0.0025826446280991736,0.059755467539176856,0.0005166178749784743,0.0,-0.02180524920291147,0.04322022292614381,4.0,0.028739897528492098,eod,0.028739897528492098,0,0.02788506757329756,-0.009737030783819378,A1_sustain,False
2024-11-21,KRW-BTC,bull_volatile,1,1,0.0075770621663509554,0.0371900826446281,0.0006887052341597796,0.0,-0.019038942705014075,0.2037387826952146,3.0,0.027814838671020692,eod,0.027814838671020692,0,0.04150022525904795,-0.0013440456525003475,A1_sustain,False
2024-11-22,KRW-BTC,bull_volatile,1,1,0.02169421487603306,0.0981404958677686,0.0025826446280991736,0.0,-0.025553705126728034,0.22105263157894736,2.0,-0.0315,sl,-0.011156527434143469,0,0.012550164173659173,-0.05508938343670189,A1_sustain,False
2024-11-23,KRW-BTC,bull_volatile,1,1,0.012224517906336088,0.059755467539176856,0.0005166178749784743,0.0,-0.02180524920291147,0.20457572185041403,3.0,0.0015493853467850051,eod,0.0015493853467850051,0,0.0021844110491748836,-0.01960855938456596,A1_sustain,False
2024-11-24,KRW-BTC,bull_volatile,1,1,0.0025826446280991736,0.0371900826446281,0.0005166178749784743,0.0,-0.019038942705014075,0.06944444444444445,5.0,-0.0315,sl,-0.009587497344458571,0,0.007352941176470562,-0.033080882352941154,A1_sustain,False
2024-11-25,KRW-BTC,bull_volatile,1,1,0.0075770621663509554,0.059755467539176856,0.0,0.0,-0.02180524920291147,0.12680115273775217,5.0,-0.0315,sl,-0.03469551092734785,0,0.0004334729263095749,-0.047182425978987586,A1_sustain,False
2024-11-26,KRW-BTC,bull_volatile,1,1,0.0003443526170798898,0.059755467539176856,0.0005166178749784743,0.0,-0.02180524920291147,0.005762696390152508,6.0,-0.015887829912023477,eod,-0.015887829912023477,0,0.02148068818331006,-0.018298649367059383,A1_sustain,False
2024-11-27,KRW-BTC,bull_volatile,1,1,0.0003443526170798898,0.012396694214876033,0.0006887052341597796,0.0,-0.01524533327800921,0.027777777777777776,5.0,0.03200379668371306,eod,0.03200379668371306,0,0.04270186335403725,-0.006987577639751552,A1_sustain,False
2024-11-28,KRW-BTC,bull_volatile,1,1,0.0003443526170798898,0.012396694214876033,0.0,0.0,-0.01524533327800921,0.027777777777777776,5.0,-0.004304165760686205,eod,-0.004304165760686205,0,0.011864750862788487,-0.011736930352859831,A1_sustain,False
2024-11-29,KRW-BTC,bull_volatile,1,1,0.0003443526170798898,0.012396694214876033,0.0,0.0,-0.01524533327800921,0.027777777777777776,6.0,0.008823629222191322,eod,0.008823629222191322,0,0.0235083819023012,-0.002208135552484558,A1_sustain,False
2024-11-30,KRW-BTC,bull_volatile,1,1,0.0003443526170798898,0.012396694214876033,0.0,0.0,-0.01524533327800921,0.027777777777777776,5.0,-0.0035480967595385425,eod,-0.0035480967595385425,0,0.0019845104131051006,-0.007001531120393589,A1_sustain,False
2024-12-01,KRW-BTC,bull_volatile,1,1,0.0003443526170798898,0.012396694214876033,0.0,0.0,-0.01524533327800921,0.027777777777777776,9.0,0.0008358906236006227,eod,0.0008358906236006227,0,0.011045302941924184,-0.003178235443681676,A1_sustain,False
2024-12-02,KRW-BTC,bull_volatile,1,1,0.0003443526170798898,0.012396694214876033,0.0,0.0,-0.01524533327800921,0.027777777777777776,9.0,-0.0036149048665152215,eod,-0.0036149048665152215,0,0.014932512219548277,-0.011524491412684412,A1_sustain,False
2024-12-03,KRW-BTC,bull_volatile,1,1,0.0003443526170798898,0.012396694214876033,0.0,0.0,-0.01524533327800921,0.027777777777777776,7.0,-0.0315,sl,-0.000686573234528197,0,0.00866517379028342,-0.3389453502392846,A1_sustain,False
2024-12-04,KRW-BTC,bull_volatile,1,1,0.04924242424242424,0.0981404958677686,0.0025826446280991736,0.0,-0.025553705126728034,0.5017543859649122,2.0,0.040033355707200624,eod,0.040033355707200624,0,0.0463655399341909,-0.0016527071492671297,A1_sustain,False
2024-12-05,KRW-BTC,bull_volatile,1,1,0.03564663337351472,0.0981404958677686,0.0025826446280991736,0.0,-0.025553705126728034,0.36322043269012894,6.0,-0.0315,sl,-0.022754198205423848,0,0.052859150362122964,-0.03433863005801174,A1_sustain,False
2024-12-06,KRW-BTC,bull_volatile,1,1,0.03564663337351472,0.1234504132231405,0.006716032374720166,0.0,-0.02745907357666148,0.2887526452348306,3.0,0.020281598683007218,eod,0.020281598683007218,0,0.029097970196580336,-0.010916284245205521,A1_sustain,False
2024-12-07,KRW-BTC,bull_volatile,1,1,0.03564663337351472,0.059755467539176856,0.0025826446280991736,0.0,-0.02180524920291147,0.5965417867435159,3.0,-0.005023042992581548,eod,-0.005023042992581548,0,0.007238059712199263,-0.012223640980760675,A1_sustain,False
2024-12-08,KRW-BTC,bull_volatile,1,1,0.02169421487603306,0.0371900826446281,0.006716032374720166,0.0,-0.019038942705014075,0.5833333333333334,5.0,0.010126820732820287,eod,0.010126820732820287,0,0.017485788299633098,-0.00251852917895945,A1_sustain,False
2024-12-09,KRW-BTC,bull_volatile,1,1,0.012224517906336088,0.0371900826446281,0.0005166178749784743,0.0,-0.019038942705014075,0.3287037037037037,6.0,-0.0315,sl,-0.020294454747642743,0,0.0024316583484573773,-0.03655285843920142,A1_sustain,False
2024-12-10,KRW-BTC,bull_volatile,1,1,0.04924242424242424,0.21952479338842976,0.015151515151515152,0.0,-0.03483780680644635,0.22431372549019607,4.0,0.003150051063644911,eod,0.003150051063644911,0,0.00767270790447272,-0.024788748614450018,A1_sustain,False
2024-12-11,KRW-BTC,bull_volatile,1,1,0.0025826446280991736,0.1234504132231405,0.0005166178749784743,0.0,-0.02745907357666148,0.02092050209205021,4.0,0.03281743628564221,eod,0.03281743628564221,0,0.04392749900510107,-0.012336746137983412,A1_sustain,False
2024-12-12,KRW-BTC,bull_quiet,1,1,0.0075770621663509554,0.0981404958677686,0.0005166178749784743,0.0,-0.025553705126728034,0.07720627554766026,4.0,-0.005173369811452276,eod,-0.005173369811452276,0,0.013199544409584263,-0.007763204785096844,A1_sustain,False
2024-12-13,KRW-BTC,bull_quiet,1,1,0.0025826446280991736,0.059755467539176856,0.0005166178749784743,0.0,-0.02180524920291147,0.04322022292614381,2.0,0.010491800239276263,eod,0.010491800239276263,0,0.01460288555820144,-0.00545594621095391,A1_sustain,False
2024-12-14,KRW-BTC,bull_quiet,1,1,0.0003443526170798898,0.012396694214876033,0.0,0.0,-0.01524533327800921,0.027777777777777776,4.0,0.008559110235403957,eod,0.008559110235403957,0,0.011209427273734418,-0.0031779661016949623,A1_sustain,False
2024-12-15,KRW-BTC,bull_quiet,1,1,0.0075770621663509554,0.059755467539176856,0.0005166178749784743,0.0,-0.02180524920291147,0.12680115273775217,2.0,0.020067419575633016,eod,0.020067419575633016,0,0.027911215881913476,-0.0016652161697287005,A1_sustain,False
2024-12-16,KRW-BTC,bull_quiet,1,1,0.012224517906336088,0.059755467539176856,0.0,0.0,-0.02180524920291147,0.20457572185041403,2.0,0.025538433968205043,eod,0.025538433968205043,0,0.038065436904913375,-0.001521009360572978,A1_sustain,False
2024-12-17,KRW-BTC,bull_quiet,1,1,0.04924242424242424,0.1234504132231405,0.0005166178749784743,0.0,-0.02745907357666148,0.398884239888424,3.0,0.01562272919996094,eod,0.01562272919996094,0,0.024738759998174764,-0.003376726661147411,A1_sustain,False
2024-12-18,KRW-BTC,bull_quiet,1,1,0.0025826446280991736,0.0371900826446281,0.0,0.0,-0.019038942705014075,0.06944444444444445,3.0,-0.0315,sl,-0.036246360546399015,0,0.004683614436097994,-0.051751684683872146,A1_sustain,False
2024-12-19,KRW-BTC,bull_quiet,1,1,0.0003443526170798898,0.1234504132231405,0.0,0.0,-0.02745907357666148,0.002789400278940028,2.0,-0.0315,sl,-0.02725874348889129,0,0.03753561687410745,-0.01863244739531511,A1_sustain,False
2024-12-20,KRW-BTC,bull_quiet,1,1,0.0003443526170798898,0.0371900826446281,0.0,0.0,-0.019038942705014075,0.009259259259259259,2.0,-0.0315,sl,0.0020326049892929756,0,0.00668592429852044,-0.05203629114284547,A1_sustain,False
2024-12-21,KRW-BTC,bull_quiet,1,1,0.0025826446280991736,0.0371900826446281,0.0,0.0,-0.019038942705014075,0.06944444444444445,2.0,0.0034676524953790046,eod,0.0034676524953790046,0,0.010544222279226023,-0.019502085892883714,A1_sustain,False
2024-12-22,KRW-BTC,bull_quiet,1,1,0.0003443526170798898,0.012396694214876033,0.0,0.0,-0.01524533327800921,0.027777777777777776,6.0,-0.024866414331040032,eod,-0.024866414331040032,0,0.0007711247598689575,-0.026962309586298305,A1_sustain,False
2024-12-23,KRW-BTC,bull_quiet,1,1,0.0003443526170798898,0.012396694214876033,0.0,0.0,-0.01524533327800921,0.027777777777777776,7.0,-0.01657290548263085,eod,-0.01657290548263085,0,0.009654562782281939,-0.029799312164196623,A1_sustain,False
2024-12-24,KRW-BTC,bull_quiet,1,1,0.0003443526170798898,0.012396694214876033,0.0,0.0,-0.01524533327800921,0.027777777777777776,2.0,0.031442070061678484,eod,0.031442070061678484,0,0.03671772765760917,-0.013302916004786502,A1_sustain,False
2024-12-25,KRW-BTC,bull_quiet,1,1,0.0003443526170798898,0.012396694214876033,0.0,0.0,-0.01524533327800921,0.027777777777777776,2.0,0.011252514076787458,eod,0.011252514076787458,0,0.011809414841451371,-0.009786694998365486,A1_sustain,False
2024-12-26,KRW-BTC,bull_quiet,1,1,0.0003443526170798898,0.012396694214876033,0.0,0.0,-0.01524533327800921,0.027777777777777776,5.0,-0.0315,sl,-0.034590557265140986,0,0.005289577373562837,-0.03401117288281963,A1_sustain,False
2024-12-27,KRW-BTC,bull_quiet,1,1,0.0003443526170798898,0.0371900826446281,0.0,0.0,-0.019038942705014075,0.009259259259259259,6.0,-0.012208007032124045,eod,-0.012208007032124045,0,0.014588656815909262,-0.017706365959337833,A1_sustain,False
2024-12-28,KRW-BTC,bull_quiet,1,1,0.0003443526170798898,0.059755467539176856,0.0,0.0,-0.02180524920291147,0.005762696390152508,4.0,-0.003993502844700401,eod,-0.003993502844700401,0,0.006283997269663111,-0.004362909638511825,A1_sustain,False
2024-12-29,KRW-BTC,bull_quiet,1,1,0.0003443526170798898,0.012396694214876033,0.0,0.0,-0.01524533327800921,0.027777777777777776,7.0,-0.01901286364884175,eod,-0.01901286364884175,0,0.00052000618385728,-0.026042471856422056,A1_sustain,False
2024-12-30,KRW-BTC,bull_quiet,1,1,0.0003443526170798898,0.012396694214876033,0.0,0.0,-0.01524533327800921,0.027777777777777776,5.0,-0.014818622428875381,eod,-0.014818622428875381,0,0.006071615020989629,-0.02760475144996455,A1_sustain,False
2025-01-01,KRW-BTC,bull_quiet,1,1,0.0003443526170798898,0.0981404958677686,0.0025826446280991736,0.0,-0.025553705126728034,0.0035087719298245615,3.0,0.008805146848342606,eod,0.008805146848342606,0,0.016048036500853735,-0.0028265205102084856,A1_sustain,False
2025-01-03,KRW-BTC,bull_quiet,1,1,0.0003443526170798898,0.012396694214876033,0.0,0.0,-0.01524533327800921,0.027777777777777776,4.0,0.0032895450279795692,eod,0.0032895450279795692,0,0.013257049107391117,-0.008543740615093665,A1_sustain,False
2025-01-04,KRW-BTC,bull_quiet,1,1,0.0003443526170798898,0.012396694214876033,0.0,0.0,-0.01524533327800921,0.027777777777777776,5.0,0.0006168999176761627,eod,0.0006168999176761627,0,0.005855391868817117,-0.004009595376521791,A1_sustain,False
2025-01-05,KRW-BTC,bull_quiet,1,1,0.0003443526170798898,0.012396694214876033,0.0,0.0,-0.01524533327800921,0.027777777777777776,7.0,0.00019822652685058803,eod,0.00019822652685058803,0,0.004075514447353434,-0.008662195113527282,A1_sustain,False
2025-01-06,KRW-BTC,bull_quiet,1,1,0.0003443526170798898,0.012396694214876033,0.0,0.0,-0.01524533327800921,0.027777777777777776,10.0,0.03050093694885364,eod,0.03050093694885364,0,0.03847828039604506,-0.001727342449095226,A1_sustain,False
2025-01-07,KRW-BTC,bull_quiet,1,1,0.0025826446280991736,0.012396694214876033,0.0,0.0,-0.01524533327800921,0.20833333333333334,4.0,-0.0315,sl,-0.0376224598787685,0,0.0049582376626402525,-0.0449569065921267,A1_sustain,False
2025-01-08,KRW-BTC,bull_quiet,1,1,0.0003443526170798898,0.0981404958677686,0.0,0.0,-0.025553705126728034,0.0035087719298245615,2.0,-0.017879817848114377,eod,-0.017879817848114377,0,0.002569255951764271,-0.02672854982077366,A1_sustain,False
2025-01-09,KRW-BTC,bull_quiet,1,1,0.0003443526170798898,0.0371900826446281,0.0,0.0,-0.019038942705014075,0.009259259259259259,3.0,-0.015758555133079832,eod,-0.015758555133079832,0,0.002816505706760397,-0.02503950834064972,A1_sustain,False
2025-01-10,KRW-BTC,bull_quiet,1,1,0.0003443526170798898,0.059755467539176856,0.0005166178749784743,0.0,-0.02180524920291147,0.005762696390152508,7.0,0.014996436969744677,eod,0.014996436969744677,0,0.02961044165211657,-0.0004364999856885099,A1_sustain,False
2025-01-11,KRW-BTC,bull_quiet,1,1,0.0003443526170798898,0.012396694214876033,0.0,0.0,-0.01524533327800921,0.027777777777777776,6.0,-0.007090594316697283,eod,-0.007090594316697283,0,2.1035802936664183e-05,-0.010090173475254871,A1_sustain,False
2025-01-12,KRW-BTC,bull_quiet,1,1,0.0003443526170798898,0.012396694214876033,0.0,0.0,-0.01524533327800921,0.027777777777777776,7.0,0.001402829375785787,eod,0.001402829375785787,0,0.01041843011116761,-0.0054031939506800075,A1_sustain,False
2025-01-13,KRW-BTC,bull_quiet,1,1,0.0003443526170798898,0.012396694214876033,0.0,0.0,-0.01524533327800921,0.027777777777777776,5.0,-0.0315,sl,-0.0026408691732923693,0,0.010037022959866082,-0.032194490195250336,A1_sustain,False
2025-01-14,KRW-BTC,bull_quiet,1,1,0.0003443526170798898,0.0371900826446281,0.0,0.0,-0.019038942705014075,0.009259259259259259,2.0,0.01380011492713057,eod,0.01380011492713057,0,0.02034368226982286,-0.0029836462408872055,A1_sustain,False
2025-01-15,KRW-BTC,bull_quiet,1,1,0.0003443526170798898,0.012396694214876033,0.0,0.0,-0.01524533327800921,0.027777777777777776,4.0,0.01741679803331958,eod,0.01741679803331958,0,0.029105652543435445,-0.0038245579814136788,A1_sustain,False
2025-01-16,KRW-BTC,bull_quiet,1,1,0.0003443526170798898,0.012396694214876033,0.0,0.0,-0.01524533327800921,0.027777777777777776,3.0,0.0040078015828113895,eod,0.0040078015828113895,0,0.003360283485734028,-0.021770563916664987,A1_sustain,False
2025-01-17,KRW-BTC,bull_quiet,1,1,0.0003443526170798898,0.012396694214876033,0.0,0.0,-0.01524533327800921,0.027777777777777776,5.0,0.0485,tp,0.04046354120765511,0,0.05968654173764909,-0.0006064735945485733,A1_sustain,False
2025-01-18,KRW-BTC,bull_quiet,1,1,0.0025826446280991736,0.012396694214876033,0.0,0.0,-0.01524533327800921,0.20833333333333334,3.0,0.007764861840350358,eod,0.007764861840350358,0,0.026870645656480896,-0.005910754818478803,A1_sustain,False
2025-01-24,KRW-BTC,bull_quiet,2,1,0.0004167824395665463,0.012225618227285358,0.0001389274798555154,0.0,-0.015413692896298877,0.03409090909090909,2.0,0.013960017975261309,eod,0.013960017975261309,0,0.0250657589354788,-0.007169013358089615,A1_sustain,False
2025-01-25,KRW-BTC,bull_quiet,2,1,0.0004167824395665463,0.012225618227285358,0.0,0.0,-0.015413692896298877,0.03409090909090909,3.0,-0.0001055218786613619,eod,-0.0001055218786613619,0,0.004211999745498574,-0.001787873003753937,A1_sustain,False
2025-01-26,KRW-BTC,bull_quiet,2,1,0.0004167824395665463,0.012225618227285358,0.0,0.0,-0.015413692896298877,0.03409090909090909,9.0,-0.00822105400370071,eod,-0.00822105400370071,0,0.0046628498727734335,-0.007633587786259555,A1_sustain,False
2025-01-27,KRW-BTC,bull_quiet,2,1,0.0004167824395665463,0.012225618227285358,0.0,0.0,-0.015413692896298877,0.03409090909090909,9.0,-0.0315,sl,-0.0060131553677741905,0,0.006245996156310163,-0.03100576553491352,A1_sustain,False
2025-01-28,KRW-BTC,bull_quiet,2,1,0.0004167824395665463,0.047513198110586276,0.0001389274798555154,0.0,-0.020043349565388106,0.008771929824561403,2.0,0.001683177389794567,eod,0.001683177389794567,0,0.011225220921901036,-0.007339319257160248,A1_sustain,False
2025-01-29,KRW-BTC,bull_quiet,2,1,0.0004167824395665463,0.012225618227285358,0.0,0.0,-0.015413692896298877,0.03409090909090909,3.0,0.017506410256410254,eod,0.017506410256410254,0,0.02267844201155733,-0.0009876923274264593,A1_sustain,False
2025-01-30,KRW-BTC,bull_quiet,2,1,0.0004167824395665463,0.012225618227285358,0.0,0.0,-0.015413692896298877,0.03409090909090909,2.0,-0.007734115900455417,eod,-0.007734115900455417,0,0.010701313743634255,-0.006288595546994458,A1_sustain,False
2025-01-31,KRW-BTC,bull_quiet,2,1,0.0004167824395665463,0.012225618227285358,0.0001389274798555154,0.0,-0.015413692896298877,0.03409090909090909,2.0,-0.009760957638062449,eod,-0.009760957638062449,0,0.009400563907397741,-0.016322969743712945,A1_sustain,False
2025-02-01,KRW-BTC,bull_quiet,2,1,0.0004167824395665463,0.012225618227285358,0.0020839121978327314,0.0,-0.015413692896298877,0.03409090909090909,5.0,0.004103456528537443,eod,0.004103456528537443,0,0.009643632647847733,-0.004419466087622892,A1_sustain,False
2025-02-02,KRW-BTC,bull_quiet,2,1,0.0004167824395665463,0.012225618227285358,0.0,0.0,-0.015413692896298877,0.03409090909090909,4.0,-0.0315,sl,-0.025476949634443524,0,0.003341825551623545,-0.031270846701694444,A1_sustain,False
2025-02-03,KRW-BTC,bull_quiet,2,1,0.0004167824395665463,0.012225618227285358,0.0001389274798555154,0.0,-0.015413692896298877,0.03409090909090909,2.0,-0.0315,sl,0.03451014370245137,0,0.040935064935064824,-0.058441558441558406,A1_sustain,False
2025-02-04,KRW-BTC,bull_quiet,2,1,0.0004167824395665463,0.07072391274142004,0.0001389274798555154,0.00013894678338196472,-0.022852074321402373,0.005893090800708121,2.0,-0.0315,sl,-0.033082845343224976,0,0.0077235695279267436,-0.032973700676918405,A1_sustain,True
2025-02-05,KRW-BTC,bull_quiet,2,1,0.0004167824395665463,0.012225618227285358,0.000972627483673753,0.0,-0.015413692896298877,0.03409090909090909,2.0,-0.01703517612365918,eod,-0.01703517612365918,0,0.009874140391851638,-0.020371091215777848,A1_sustain,False
2025-02-06,KRW-BTC,bull_quiet,2,1,0.0004167824395665463,0.012225618227285358,0.0,0.0,-0.015413692896298877,0.03409090909090909,3.0,-0.005206434581100426,eod,-0.005206434581100426,0,0.016342027071640786,-0.009501485638824692,A1_sustain,False
2025-02-07,KRW-BTC,bull_quiet,2,1,0.0004167824395665463,0.012225618227285358,0.0,0.0,-0.015413692896298877,0.03409090909090909,4.0,-0.01306374929791526,eod,-0.01306374929791526,0,0.017448582509133947,-0.017369300801405974,A1_sustain,False
2025-02-08,KRW-BTC,bull_quiet,2,1,0.0004167824395665463,0.012225618227285358,0.0001389274798555154,0.0,-0.015413692896298877,0.03409090909090909,2.0,-0.007351081614229869,eod,-0.007351081614229869,0,0.0041309608160318145,-0.0107485194048208,A1_sustain,False
2025-02-09,KRW-BTC,bull_quiet,2,1,0.0004167824395665463,0.012225618227285358,0.0,0.0,-0.015413692896298877,0.03409090909090909,5.0,-0.004473027510593917,eod,-0.004473027510593917,0,0.0063544094630993975,-0.017975052561579385,A1_sustain,False
2025-02-10,KRW-BTC,bull_quiet,2,1,0.0004167824395665463,0.012225618227285358,0.0,0.0,-0.015413692896298877,0.03409090909090909,4.0,-0.0011829209056319332,eod,-0.0011829209056319332,0,0.008319670465169793,-0.010853511470034327,A1_sustain,False
2025-02-11,KRW-BTC,bull_quiet,2,1,0.0004167824395665463,0.012225618227285358,0.0,0.0,-0.015413692896298877,0.03409090909090909,3.0,-0.015001938964761373,eod,-0.015001938964761373,0,0.006345898844478226,-0.018266446567261063,A1_sustain,False
2025-02-12,KRW-BTC,bull_quiet,2,1,0.0004167824395665463,0.012225618227285358,0.0001389274798555154,0.0,-0.015413692896298877,0.03409090909090909,2.0,0.004502515860861868,eod,0.004502515860861868,0,0.01528411191914203,-0.017838311626059644,A1_sustain,False
2025-02-13,KRW-BTC,bull_quiet,2,1,0.0004167824395665463,0.012225618227285358,0.0001389274798555154,0.0,-0.015413692896298877,0.03409090909090909,3.0,-0.012053856608902512,eod,-0.012053856608902512,0,0.002090012580658218,-0.022090553684238956,A1_sustain,False
2025-02-14,KRW-BTC,bull_quiet,2,1,0.0004167824395665463,0.012225618227285358,0.0,0.0,-0.015413692896298877,0.03409090909090909,4.0,0.005903998708764626,eod,0.005903998708764626,0,0.015898273000370278,-0.0036487839672980638,A1_sustain,False
2025-02-15,KRW-BTC,bull_quiet,2,1,0.0004167824395665463,0.012225618227285358,0.0,0.0,-0.015413692896298877,0.03409090909090909,4.0,0.003749701721493194,eod,0.003749701721493194,0,0.0079767452968591,-0.0023950706579961567,A1_sustain,False
2025-02-16,KRW-BTC,bull_quiet,2,1,0.0004167824395665463,0.012225618227285358,0.0,0.0,-0.015413692896298877,0.03409090909090909,5.0,-0.013857150123774918,eod,-0.013857150123774918,0,0.000644054697192642,-0.013687857196124864,A1_sustain,False
2025-02-17,KRW-BTC,bull_quiet,2,1,0.0004167824395665463,0.012225618227285358,0.0,0.0,-0.015413692896298877,0.03409090909090909,5.0,-0.008347762629211162,eod,-0.008347762629211162,0,0.002437768240343363,-0.01020429184549354,A1_sustain,False
2025-02-18,KRW-BTC,bull_quiet,2,1,0.0004167824395665463,0.012225618227285358,0.0,0.0,-0.015413692896298877,0.03409090909090909,6.0,-0.006645299381734136,eod,-0.006645299381734136,0,0.006662511254241998,-0.02275780871251476,A1_sustain,False
2025-02-19,KRW-BTC,bull_quiet,2,1,0.0004167824395665463,0.012225618227285358,0.0001389274798555154,0.0,-0.015413692896298877,0.03409090909090909,2.0,-0.00013750747285440216,eod,-0.00013750747285440216,0,0.006837785197551405,-0.01050361713967729,A1_sustain,False
2025-02-20,KRW-BTC,bull_quiet,2,1,0.0004167824395665463,0.012225618227285358,0.0,0.0,-0.015413692896298877,0.03409090909090909,3.0,0.011550933349994187,eod,0.011550933349994187,0,0.011682858211954583,-0.004330834153304597,A1_sustain,False
2025-02-21,KRW-BTC,bull_quiet,2,1,0.0004167824395665463,0.012225618227285358,0.0,0.0,-0.015413692896298877,0.03409090909090909,4.0,-0.0315,sl,-0.025826565294557013,0,0.004673378214234303,-0.03009216368490042,A1_sustain,False
2025-02-22,KRW-BTC,bull_quiet,2,1,0.0004167824395665463,0.012225618227285358,0.0001389274798555154,0.0,-0.015413692896298877,0.03409090909090909,3.0,-0.003122418879056009,eod,-0.003122418879056009,0,0.0020995024179268906,-0.006319502277960076,A1_sustain,False
2025-02-23,KRW-BTC,bull_quiet,2,1,0.0004167824395665463,0.012225618227285358,0.0,0.0,-0.015413692896298877,0.03409090909090909,4.0,-0.006058564896236405,eod,-0.006058564896236405,0,0.0009552976876177066,-0.01647186086370145,A1_sustain,False
2025-02-24,KRW-BTC,bull_quiet,2,1,0.0004167824395665463,0.012225618227285358,0.0,0.0,-0.015413692896298877,0.03409090909090909,5.0,-0.0315,sl,-0.07699063257503486,0,0.0014217908906353216,-0.06770129658840918,A1_sustain,False
2025-02-25,KRW-BTC,bull_quiet,2,1,0.0004167824395665463,0.6692136704640178,0.26868574604056683,0.0047241906349868,-0.07445040181156552,0.0006227942702927133,2.0,-0.0315,sl,-0.019746584976188475,0,0.020918000529761338,-0.053967533204677065,A1_sustain,True
2025-02-26,KRW-BTC,bull_quiet,2,1,0.0004167824395665463,0.047513198110586276,0.011393636237321106,0.0,-0.020043349565388106,0.008771929824561403,2.0,-0.0315,sl,-0.04553891050583653,0,0.0021971244651737276,-0.06932120417839105,A1_sustain,False
2025-02-27,KRW-BTC,bull_quiet,2,1,0.0004167824395665463,0.1467074187274243,0.035431429762401004,0.00013894678338196472,-0.02904371215711708,0.002840909090909091,2.0,0.008472240538582478,eod,0.008472240538582478,0,0.03842801873345558,-0.010384850335980467,A1_sustain,True
2025-02-28,KRW-BTC,bull_quiet,2,1,0.0004167824395665463,0.012225618227285358,0.0,0.0,-0.015413692896298877,0.03409090909090909,2.0,-0.0315,sl,0.004206640014186082,0,0.008094595029098706,-0.06350278126105269,A1_sustain,False
2025-03-01,KRW-BTC,bull_quiet,2,1,0.0004167824395665463,0.012225618227285358,0.0,0.0,-0.015413692896298877,0.03409090909090909,2.0,0.02531669912561202,eod,0.02531669912561202,0,0.035992256965919456,-0.009293247335319998,A1_sustain,False
2025-03-02,KRW-BTC,bull_volatile,2,1,0.004445679355376493,0.012225618227285358,0.0,0.0,-0.015413692896298877,0.3636363636363636,2.0,0.0485,tp,0.09041948362120783,0,0.11991895261845387,-0.014463840399002503,A1_sustain,False
2025-03-03,KRW-BTC,bull_volatile,2,1,0.03821036543004029,0.1467074187274243,0.000972627483673753,0.0,-0.02904371215711708,0.26045285072483904,3.0,-0.0315,sl,-0.07029815871109774,0,0.0031578947368420263,-0.10107368421052632,A1_sustain,False
2025-03-04,KRW-BTC,bull_volatile,2,1,0.03056404556821339,0.20175072947061276,0.027507641011392053,0.0001389274798555154,-0.03303763705430245,0.15149410189699158,3.0,-0.0315,sl,-0.0008319306436503347,0,0.02828375989547305,-0.051010683268003953,A1_sustain,True
2025-03-05,KRW-BTC,bull_volatile,2,1,0.018338427340928037,0.10891914420672409,0.027507641011392053,0.0001389274798555154,-0.026135601244684444,0.16836734693877553,3.0,0.03480937768503739,eod,0.03480937768503739,0,0.046721588119784,-0.010646784486990635,A1_sustain,True
2025-03-06,KRW-BTC,bull_volatile,2,1,0.03056404556821339,0.20175072947061276,0.004584606835232009,0.0001389274798555154,-0.03303763705430245,0.15149410189699158,3.0,-0.0055493022911499695,eod,-0.0055493022911499695,0,0.024675901918660648,-0.027927994666271605,A1_sustain,True
2025-03-07,KRW-BTC,bull_volatile,2,1,0.03821036543004029,0.1467074187274243,0.004584606835232009,0.00013894678338196472,-0.02904371215711708,0.26045285072483904,2.0,-0.0315,sl,-0.04365295181884238,0,0.015254971686413876,-0.047722213091485055,A1_sustain,True
2025-03-08,KRW-BTC,bull_volatile,2,1,0.018338427340928037,0.20175072947061276,0.027507641011392053,0.00013894678338196472,-0.03303763705430245,0.09089646113819495,2.0,-0.004913814725075625,eod,-0.004913814725075625,0,0.003675051342629132,-0.01646052408085108,A1_sustain,True
2025-03-09,KRW-BTC,bull_volatile,2,1,0.004445679355376493,0.20175072947061276,0.027507641011392053,0.0,-0.03303763705430245,0.022035505730471503,2.0,-0.0315,sl,-0.059543169267334106,0,0.002885385638401239,-0.06777934188320023,A1_sustain,False
2025-03-10,KRW-BTC,bull_volatile,2,1,0.004445679355376493,0.4208113364823562,0.0730758544040011,0.000972492358988608,-0.051339985144734125,0.010564542753383956,2.0,-0.0315,sl,-0.03263559154325674,0,0.031981427473789514,-0.03869827080527766,A1_sustain,True
2025-03-11,KRW-BTC,bear_volatile,2,1,0.009309434486591635,0.6692136704640178,0.26868574604056683,0.000972492358988608,-0.07445040181156552,0.013911004657356568,2.0,0.0485,tp,0.04684893617021274,0,0.0546661560066386,-0.023252053278862927,A1_sustain,True
2025-03-12,KRW-BTC,bull_volatile,2,1,0.03821036543004029,0.4208113364823562,0.0730758544040011,0.0047241906349868,-0.051339985144734125,0.09080165413186861,2.0,0.004320702868137185,eod,0.004320702868137185,0,0.01678135549207993,-0.024985393404310607,A1_sustain,True
2025-03-13,KRW-BTC,bull_volatile,2,1,0.03821036543004029,0.1467074187274243,0.027507641011392053,0.0,-0.02904371215711708,0.26045285072483904,2.0,-0.0315,sl,-0.03199115215706533,0,0.005885154717407692,-0.03932316684292525,A1_sustain,False
2025-03-14,KRW-BTC,bear_volatile,2,1,0.018338427340928037,0.1467074187274243,0.011393636237321106,0.0,-0.02904371215711708,0.125,2.0,0.03195684666305848,eod,0.03195684666305848,0,0.043954215744992364,-0.003984494576429132,A1_sustain,False
2025-03-15,KRW-BTC,bull_volatile,2,1,0.03821036543004029,0.10891914420672409,0.0020839121978327314,0.0,-0.026135601244684444,0.35081404383345666,2.0,-0.0027005188819865787,eod,-0.0027005188819865787,0,0.008404989705704358,-0.005288442129909976,A1_sustain,False
2025-03-16,KRW-BTC,bull_volatile,2,1,0.009309434486591635,0.047513198110586276,0.011393636237321106,0.0,-0.020043349565388106,0.19593365331721224,3.0,-0.017842004436378345,eod,-0.017842004436378345,0,0.007958843024521656,-0.02413456653737911,A1_sustain,False
2025-03-17,KRW-BTC,bull_volatile,2,1,0.004445679355376493,0.047513198110586276,0.004584606835232009,0.0,-0.020043349565388106,0.0935672514619883,3.0,0.004693042465405086,eod,0.004693042465405086,0,0.015938218862964204,-0.0037791652974038525,A1_sustain,False
2025-03-18,KRW-BTC,bull_volatile,2,1,0.0004167824395665463,0.012225618227285358,0.0001389274798555154,0.0,-0.015413692896298877,0.03409090909090909,3.0,-0.012636202440833797,eod,-0.012636202440833797,0,0.0007084632861296125,-0.026473725783991986,A1_sustain,False
2025-03-19,KRW-BTC,bear_volatile,2,1,0.0004167824395665463,0.047513198110586276,0.0020839121978327314,0.0,-0.020043349565388106,0.008771929824561403,3.0,0.0485,tp,0.056184856179460285,0,0.052386371132660425,-0.0027458935285968877,A1_sustain,False
2025-03-20,KRW-BTC,bull_volatile,2,1,0.009309434486591635,0.047513198110586276,0.000972627483673753,0.0,-0.020043349565388106,0.19593365331721224,2.0,-0.0315,sl,-0.030682970364942996,0,0.010228469896378822,-0.02581882793213519,A1_sustain,False
2025-03-21,KRW-BTC,bull_volatile,2,1,0.004445679355376493,0.047513198110586276,0.004584606835232009,0.0,-0.020043349565388106,0.0935672514619883,3.0,-0.0014116820553994867,eod,-0.0014116820553994867,0,0.006506929195923661,-0.008855536520039564,A1_sustain,False
2025-03-22,KRW-BTC,bull_volatile,2,1,0.0004167824395665463,0.012225618227285358,0.000972627483673753,0.0,-0.015413692896298877,0.03409090909090909,7.0,-0.004486512524084772,eod,-0.004486512524084772,0,0.003132530120481869,-0.004016064257028162,A1_sustain,False
2025-03-23,KRW-BTC,bull_volatile,2,1,0.0004167824395665463,0.012225618227285358,0.000972627483673753,0.0,-0.015413692896298877,0.03409090909090909,9.0,0.01938768641092531,eod,0.01938768641092531,0,0.022456705598066895,-0.0009987917841320915,A1_sustain,False
2025-03-24,KRW-BTC,bull_volatile,2,1,0.0004167824395665463,0.012225618227285358,0.0,0.0,-0.015413692896298877,0.03409090909090909,7.0,0.014424973576690649,eod,0.014424973576690649,0,0.03212462178517406,-0.005641704488149268,A1_sustain,False
2025-03-25,KRW-BTC,bull_volatile,2,1,0.0004167824395665463,0.012225618227285358,0.0001389274798555154,0.0,-0.015413692896298877,0.03409090909090909,3.0,-0.0012981382132126172,eod,-0.0012981382132126172,0,0.008611994724183392,-0.010768872682132002,A1_sustain,False
2025-03-26,KRW-BTC,bull_volatile,2,1,0.0004167824395665463,0.012225618227285358,0.0001389274798555154,0.0,-0.015413692896298877,0.03409090909090909,4.0,-0.002478055842331238,eod,-0.002478055842331238,0,0.01075126919315017,-0.012591017062303034,A1_sustain,False
2025-03-27,KRW-BTC,bull_volatile,2,1,0.0004167824395665463,0.012225618227285358,0.000972627483673753,0.0,-0.015413692896298877,0.03409090909090909,5.0,-0.0027509615309904687,eod,-0.0027509615309904687,0,0.007856498335355733,-0.012103674663181851,A1_sustain,False
2025-03-28,KRW-BTC,bull_volatile,2,1,0.0004167824395665463,0.012225618227285358,0.0,0.0,-0.015413692896298877,0.03409090909090909,8.0,-0.0315,sl,-0.02261070475360466,0,0.002525232904173169,-0.031786854802993036,A1_sustain,False
2025-03-29,KRW-BTC,bull_volatile,2,1,0.0004167824395665463,0.012225618227285358,0.0001389274798555154,0.0,-0.015413692896298877,0.03409090909090909,4.0,-0.0315,sl,-0.019655802861685168,0,0.0023847376788552754,-0.03015103338632752,A1_sustain,False
2025-03-30,KRW-BTC,bear_volatile,2,1,0.0004167824395665463,0.012225618227285358,0.000972627483673753,0.0,-0.015413692896298877,0.03409090909090909,3.0,-0.006203844036400117,eod,-0.006203844036400117,0,0.013109009199020027,-0.008566283238963579,A1_sustain,False
2025-04-01,KRW-BTC,bear_volatile,2,1,0.0004167824395665463,0.012225618227285358,0.0001389274798555154,0.0,-0.015413692896298877,0.03409090909090909,2.0,0.025145997013180932,eod,0.025145997013180932,0,0.030476669723802585,-0.0033195626942836842,A1_sustain,False
2025-04-02,KRW-BTC,bull_volatile,2,1,0.0004167824395665463,0.012225618227285358,0.0001389274798555154,0.0,-0.015413692896298877,0.03409090909090909,2.0,-0.0315,sl,-0.02551037260746164,0,0.029297491945163845,-0.03262998294270014,A1_sustain,False
2025-04-03,KRW-BTC,bear_volatile,2,1,0.0004167824395665463,0.047513198110586276,0.0020839121978327314,0.0,-0.020043349565388106,0.008771929824561403,2.0,-0.003963533225283587,eod,-0.003963533225283587,0,0.016214147271039314,-0.014593546915973143,A1_sustain,False
2025-04-04,KRW-BTC,bear_volatile,2,1,0.0004167824395665463,0.012225618227285358,0.000972627483673753,0.0,-0.015413692896298877,0.03409090909090909,3.0,-0.00044391369337753875,eod,-0.00044391369337753875,0,0.011408263282593811,-0.017396384408165932,A1_sustain,False
2025-04-05,KRW-BTC,bear_volatile,2,1,0.0004167824395665463,0.012225618227285358,0.000972627483673753,0.0,-0.015413692896298877,0.03409090909090909,2.0,-0.0012483030755740519,eod,-0.0012483030755740519,0,0.0046917161633268645,-0.01114991613253491,A1_sustain,False
2025-04-06,KRW-BTC,bear_volatile,2,1,0.0004167824395665463,0.012225618227285358,0.0,0.0,-0.015413692896298877,0.03409090909090909,4.0,-0.0315,sl,-0.062346131367901514,0,0.001987748975700754,-0.06257758305951078,A1_sustain,False
2025-04-07,KRW-BTC,bear_volatile,2,1,0.0004167824395665463,0.1467074187274243,0.011393636237321106,0.0,-0.02904371215711708,0.002840909090909091,2.0,-0.0315,sl,0.024411393061485598,0,0.030906166767361354,-0.04984810708237952,A1_sustain,False
2025-04-08,KRW-BTC,bear_volatile,2,1,0.004445679355376493,0.07072391274142004,0.0020839121978327314,0.0,-0.022852074321402373,0.06285963520755328,2.0,-0.0315,sl,-0.032765792931505,0,0.01843946401043528,-0.03135640595619249,A1_sustain,False
2025-04-09,KRW-BTC,bear_volatile,2,1,0.0004167824395665463,0.10891914420672409,0.011393636237321106,0.0,-0.026135601244684444,0.0038265306122448983,3.0,0.0485,tp,0.05553752651897198,0,0.07573124186659919,-0.01701354620645079,A1_sustain,False
2025-04-10,KRW-BTC,bear_volatile,2,1,0.009309434486591635,0.012225618227285358,0.0001389274798555154,0.0,-0.015413692896298877,0.761469425391893,2.0,-0.0315,sl,-0.029039236008291336,0,0.00791995978209803,-0.03833886878909498,A1_sustain,False
2025-04-11,KRW-BTC,bear_volatile,2,1,0.004445679355376493,0.012225618227285358,0.0001389274798555154,0.0,-0.015413692896298877,0.3636363636363636,4.0,0.024733392570026214,eod,0.024733392570026214,0,0.037344503896412196,-0.008640792341154446,A1_sustain,False
2025-04-12,KRW-BTC,bear_volatile,2,1,0.009309434486591635,0.012225618227285358,0.0,0.0,-0.015413692896298877,0.761469425391893,4.0,0.019361172976985863,eod,0.019361172976985863,0,0.020773981062165436,-0.006867023466447075,A1_sustain,False
2025-04-13,KRW-BTC,bear_volatile,2,1,0.004445679355376493,0.012225618227285358,0.0,0.0,-0.015413692896298877,0.3636363636363636,5.0,-0.013806175712473388,eod,-0.013806175712473388,0,0.007630869822054187,-0.02199438406823273,A1_sustain,False
2025-04-14,KRW-BTC,bear_volatile,2,1,0.004445679355376493,0.012225618227285358,0.0,0.0,-0.015413692896298877,0.3636363636363636,3.0,0.0021327338776980244,eod,0.0021327338776980244,0,0.01992975645064443,-0.0006004425179104711,A1_sustain,False
2025-04-15,KRW-BTC,bear_volatile,2,1,0.004445679355376493,0.012225618227285358,0.0,0.0,-0.015413692896298877,0.3636363636363636,5.0,-0.010768014346266673,eod,-0.010768014346266673,0,0.01977276802451633,-0.004710906808808923,A1_sustain,False
2025-04-16,KRW-BTC,bear_volatile,2,1,0.0004167824395665463,0.047513198110586276,0.0001389274798555154,0.0,-0.020043349565388106,0.008771929824561403,4.0,0.00019339657539313567,eod,0.00019339657539313567,0,0.011591924947197851,-0.007809813841544333,A1_sustain,False
2025-04-17,KRW-BTC,bear_volatile,2,1,0.0004167824395665463,0.012225618227285358,0.000972627483673753,0.0,-0.015413692896298877,0.03409090909090909,8.0,0.0061074022403676004,eod,0.0061074022403676004,0,0.0112433319655314,-0.0028559704554780296,A1_sustain,False
2025-04-18,KRW-BTC,bear_volatile,2,1,0.0004167824395665463,0.012225618227285358,0.0,0.0,-0.015413692896298877,0.03409090909090909,9.0,-0.006548161085191793,eod,-0.006548161085191793,0,0.0020135486553245485,-0.003374935802851531,A1_sustain,False
2025-04-19,KRW-BTC,bear_volatile,2,1,0.0004167824395665463,0.012225618227285358,0.0,0.0,-0.015413692896298877,0.03409090909090909,10.0,0.004318378219134335,eod,0.004318378219134335,0,0.009911029700379492,-0.0014555802695276343,A1_sustain,False
2025-04-20,KRW-BTC,bear_volatile,2,1,0.0004167824395665463,0.012225618227285358,0.0,0.0,-0.015413692896298877,0.03409090909090909,8.0,-0.0013698096780229694,eod,-0.0013698096780229694,0,0.0033816818774445867,-0.009362777053455007,A1_sustain,False
2025-04-21,KRW-BTC,bear_volatile,2,1,0.0004167824395665463,0.012225618227285358,0.0,0.0,-0.015413692896298877,0.03409090909090909,6.0,0.02345993231204796,eod,0.02345993231204796,0,0.031886986133967676,-0.0004562266794844172,A1_sustain,False
2025-04-22,KRW-BTC,bear_volatile,2,1,0.0004167824395665463,0.012225618227285358,0.000972627483673753,0.0,-0.015413692896298877,0.03409090909090909,3.0,0.0485,tp,0.06307117910862409,0,0.06495245641838343,-0.005150554675118824,A1_sustain,False
2025-04-23,KRW-BTC,bull_volatile,2,1,0.03821036543004029,0.047513198110586276,0.000972627483673753,0.0,-0.020043349565388106,0.8042052934661696,3.0,-0.004189674184343293,eod,-0.004189674184343293,0,0.011631902940473449,-0.01707805402820939,A1_sustain,False
2025-04-24,KRW-BTC,bull_volatile,2,1,0.0004167824395665463,0.012225618227285358,0.0001389274798555154,0.0,-0.015413692896298877,0.03409090909090909,4.0,0.0033111403299067046,eod,0.0033111403299067046,0,0.0025079443042872462,-0.01745142253280052,A1_sustain,False
2025-04-25,KRW-BTC,bull_volatile,2,1,0.0004167824395665463,0.012225618227285358,0.0,0.0,-0.015413692896298877,0.03409090909090909,5.0,0.014596654275092881,eod,0.014596654275092881,0,0.023974866496832226,-0.005822891986839052,A1_sustain,False
2025-04-26,KRW-BTC,bull_volatile,2,1,0.0004167824395665463,0.012225618227285358,0.0,0.0,-0.015413692896298877,0.03409090909090909,5.0,-0.0005926054663202827,eod,-0.0005926054663202827,0,0.004269279495009437,-0.009204947384608642,A1_sustain,False
2025-04-27,KRW-BTC,bull_volatile,2,1,0.0004167824395665463,0.012225618227285358,0.0,0.0,-0.015413692896298877,0.03409090909090909,7.0,-0.018005847953216414,eod,-0.018005847953216414,0,0.006409082585607129,-0.010071415491668234,A1_sustain,False
2025-04-28,KRW-BTC,bull_volatile,2,1,0.0004167824395665463,0.012225618227285358,0.0,0.0,-0.015413692896298877,0.03409090909090909,8.0,0.015385539527175198,eod,0.015385539527175198,0,0.01774193548387104,-0.010654039656703196,A1_sustain,False
2025-04-29,KRW-BTC,bull_volatile,2,1,0.0004167824395665463,0.012225618227285358,0.0,0.0,-0.015413692896298877,0.03409090909090909,4.0,-0.004620774712223606,eod,-0.004620774712223606,0,0.004955415874872138,-0.00818593772840226,A1_sustain,False
2025-04-30,KRW-BTC,bull_volatile,2,1,0.0004167824395665463,0.012225618227285358,0.0,0.0,-0.015413692896298877,0.03409090909090909,5.0,-0.002804985337243436,eod,-0.002804985337243436,0,0.004130291247890883,-0.01593426747854154,A1_sustain,False
2025-05-01,KRW-BTC,bull_volatile,2,1,0.0004167824395665463,0.012225618227285358,0.0,0.0,-0.015413692896298877,0.03409090909090909,6.0,0.022343432044750478,eod,0.022343432044750478,0,0.028564503334606473,-0.001072362429121232,A1_sustain,False
2025-05-02,KRW-BTC,bull_volatile,2,1,0.0004167824395665463,0.012225618227285358,0.0,0.0,-0.015413692896298877,0.03409090909090909,2.0,-0.008361690686169041,eod,-0.008361690686169041,0,0.009853031010816027,-0.00967336231988214,A1_sustain,False
2025-05-03,KRW-SHIB,bull_volatile,2,25,0.018338427340928037,0.10891914420672409,0.011393636237321106,0.0,-0.026135601244684444,0.16836734693877553,33.0,-0.0315,sl,-0.033741289651586015,0,0.001037882667304979,-0.03995848474105035,A1_sustain,False
2025-05-03,KRW-ONDO,bull_volatile,2,28,0.03056404556821339,0.20175072947061276,0.027507641011392053,0.0,-0.03303763705430245,0.15149410189699158,21.0,-0.0315,sl,-0.0411643783371472,0,-6.661338147750939e-16,-0.0560606060606067,A1_sustain,False
2025-05-03,KRW-XLM,bull_volatile,2,29,0.009309434486591635,0.07072391274142004,0.004584606835232009,0.0,-0.022852074321402373,0.13163064833005894,45.0,-0.017240035542015753,eod,-0.017240035542015753,0,0.004329004329001629,-0.023172905525849163,A1_sustain,False
2025-05-04,KRW-T,bull_volatile,2,27,0.03821036543004029,0.20175072947061276,0.0020839121978327314,0.0,-0.03303763705430245,0.18939393939393936,79.0,-0.0315,sl,-0.038980063795853226,0,0.031872509960118256,-0.050597609561790824,A1_sustain,False
2025-05-04,KRW-HUNT,bull_volatile,2,34,0.009309434486591635,0.07072391274142004,0.004584606835232009,0.0,-0.022852074321402373,0.13163064833005894,66.0,-0.018379934658317387,eod,-0.018379934658317387,0,0.005933117583600156,-0.026429341963325248,A1_sustain,False
2025-05-04,KRW-MTL,bull_volatile,2,38,0.018338427340928037,0.1467074187274243,0.0020839121978327314,0.0,-0.02904371215711708,0.125,80.0,-0.022904109589041044,eod,-0.022904109589041044,0,0.004273504273503592,-0.0316239316239324,A1_sustain,False
2025-05-05,KRW-GAS,bull_volatile,2,37,0.018338427340928037,0.20175072947061276,0.004584606835232009,0.0,-0.03303763705430245,0.09089646113819495,37.0,-0.002165631240292841,eod,-0.002165631240292841,0,0.02311111111111086,-0.017777777777778003,A1_sustain,False
2025-05-05,KRW-T,bull_volatile,2,45,0.018338427340928037,0.2478466240622395,0.011393636237321106,0.0,-0.03631144259637679,0.07399103139013453,75.0,0.008839123242349091,eod,0.008839123242349091,0,0.02949729954295699,-0.015787287079392698,A1_sustain,False
2025-05-05,KRW-BTC,bull_volatile,2,70,0.0004167824395665463,0.012225618227285358,0.0,0.0,-0.015413692896298877,0.03409090909090909,7.0,-0.008370678240400218,eod,-0.008370678240400218,0,0.005269868879765882,-0.020467728502251648,A1_sustain,False
2025-05-06,KRW-GAS,bull_volatile,2,35,0.03056404556821339,0.2478466240622395,0.004584606835232009,0.0,-0.03631144259637679,0.12331838565022421,67.0,-0.0315,sl,-0.0434626998223801,0,0.005091875138365953,-0.07814921408014186,A1_sustain,False
2025-05-06,KRW-ONDO,bull_volatile,2,55,0.018338427340928037,0.2478466240622395,0.035431429762401004,0.0,-0.03631144259637679,0.07399103139013453,19.0,-0.0315,sl,-0.004738866396761186,0,0.00647249190938437,-0.04692556634304279,A1_sustain,False
2025-05-06,KRW-BLUR,bull_volatile,2,56,0.009309434486591635,0.1467074187274243,0.004584606835232009,0.0,-0.02904371215711708,0.06345578544932441,71.0,-0.0315,sl,-0.0372142857142857,0,0.007142857142850012,-0.07142857142857806,A1_sustain,False
2025-05-07,KRW-AQT,bull_quiet,2,16,0.03821036543004029,0.1467074187274243,0.000972627483673753,0.0,-0.02904371215711708,0.26045285072483904,89.0,-0.007837135614702171,eod,-0.007837135614702171,0,0.03767560664112324,-0.009578544061303207,A1_sustain,False
2025-05-07,KRW-GAS,bull_quiet,2,22,0.03821036543004029,0.2478466240622395,0.0020839121978327314,0.0,-0.03631144259637679,0.1541694004290527,71.0,0.012636732329084634,eod,0.012636732329084634,0,0.02194502194502168,-0.01455301455301472,A1_sustain,False
2025-05-07,KRW-PYTH,bull_quiet,2,25,0.03056404556821339,0.20175072947061276,0.0020839121978327314,0.0,-0.03303763705430245,0.15149410189699158,93.0,0.01525392670157061,eod,0.01525392670157061,0,0.01676270298585103,-0.026715557883713825,A1_sustain,False
2025-05-08,KRW-GAS,bull_quiet,2,17,0.03056404556821339,0.07072391274142004,0.0001389274798555154,0.0,-0.022852074321402373,0.43215999205192884,75.0,0.0485,tp,0.07368281535648996,0,0.08023706405288333,-0.006838386140870956,A1_sustain,False
2025-05-08,KRW-AQT,bull_quiet,2,60,0.009309434486591635,0.07072391274142004,0.000972627483673753,0.0,-0.022852074321402373,0.13163064833005894,68.0,0.0485,tp,0.0520714285714286,0,0.05904761904761835,-0.005079365079365683,A1_sustain,False
2025-05-08,KRW-AHT,bull_quiet,2,68,0.004445679355376493,0.047513198110586276,0.0020839121978327314,0.0,-0.020043349565388106,0.0935672514619883,79.0,0.0485,tp,0.05589750445632796,0,0.04916873010239664,-0.012203749558009847,A1_sustain,False
2025-05-09,KRW-ARK,bull_volatile,2,2,0.05362600722422895,0.012225618227285358,0.0,0.0,-0.015413692896298877,4.386363636363636,87.0,0.03150550091681953,eod,0.03150550091681953,0,0.029563195482476212,-0.021757183192162466,A1_sustain,False
2025-05-09,KRW-BTC,bull_volatile,2,6,0.018338427340928037,0.012225618227285358,0.0,0.0,-0.015413692896298877,1.5,3.0,-0.004934998199396077,eod,-0.004934998199396077,0,0.010450071878801204,-0.008210770761915342,A1_sustain,False
2025-05-09,KRW-GAS,bull_volatile,2,10,0.05362600722422895,0.047513198110586276,0.0,0.0,-0.020043349565388106,1.1286549707602338,73.0,0.042821329639889216,eod,0.042821329639889216,0,0.03923647932131469,-0.005302226935313015,A1_sustain,False
2025-05-10,KRW-TRX,bull_quiet,2,55,0.004445679355376493,0.012225618227285358,0.0,0.0,-0.015413692896298877,0.3636363636363636,46.0,0.003949591280654032,eod,0.003949591280654032,0,0.02203856749311006,-0.008264462809920103,A1_sustain,False
2025-05-10,KRW-XRP,bull_quiet,2,91,0.009309434486591635,0.047513198110586276,0.0,0.0,-0.020043349565388106,0.19593365331721224,1.0,0.03342256301245056,eod,0.03342256301245056,0,0.04804161566707443,-0.00061199510403942,A1_sustain,False
2025-05-10,KRW-BTC,bull_quiet,2,100,0.0004167824395665463,0.012225618227285358,0.0,0.0,-0.015413692896298877,0.03409090909090909,4.0,0.0044001355154799655,eod,0.0044001355154799655,0,0.011055758874525035,-0.0015724364415624636,A1_sustain,False
2025-05-11,KRW-TRX,bull_quiet,2,2,0.018338427340928037,0.012225618227285358,0.0,0.0,-0.015413692896298877,1.5,47.0,0.003920054200542035,eod,0.003920054200542035,0,0.013550135501352312,-0.018970189701899787,A1_sustain,False
2025-05-11,KRW-XRP,bull_quiet,2,27,0.05362600722422895,0.10891914420672409,0.0001389274798555154,0.0,-0.026135601244684444,0.49234693877551017,1.0,-0.0315,sl,-0.02907406864183043,0,0.004975124378109097,-0.04389815627743665,A1_sustain,False
2025-05-11,KRW-BTC,bull_quiet,2,100,0.0004167824395665463,0.012225618227285358,0.0,0.0,-0.015413692896298877,0.03409090909090909,8.0,0.004481530470579255,eod,0.004481530470579255,0,0.01043577823453945,-0.006518050516615803,A1_sustain,False
2025-05-12,KRW-GAME2,bull_quiet,2,1,0.03056404556821339,0.012225618227285358,0.0,0.0,-0.015413692896298877,2.4999999999999996,99.0,-0.005540404040404066,eod,-0.005540404040404066,0,0.05189028910284432,-0.014640474425682948,A1_sustain,False
2025-05-12,KRW-TRX,bull_quiet,2,11,0.009309434486591635,0.012225618227285358,0.0,0.0,-0.015413692896298877,0.761469425391893,44.0,0.0485,tp,0.028229729729729647,0,0.05945945945945663,-0.005405405405408126,A1_sustain,False
2025-05-12,KRW-XRP,bull_quiet,2,92,0.009309434486591635,0.047513198110586276,0.0001389274798555154,0.0,-0.020043349565388106,0.19593365331721224,2.0,0.0485,tp,0.0663733031674208,0,0.1209555488358025,-0.002721499848805875,A1_sustain,False
2025-05-13,KRW-TRX,bull_quiet,2,1,0.03056404556821339,0.012225618227285358,0.0,0.0,-0.015413692896298877,2.4999999999999996,37.0,-0.0315,sl,-0.006749343832021025,0,-2.6645352591003757e-15,-0.04166666666666918,A1_sustain,False
2025-05-13,KRW-MINA,bull_quiet,2,2,0.26951931091969994,0.20175072947061276,0.027507641011392053,0.12170047235343151,-0.03303763705430245,1.335902534909835,98.0,-0.0315,sl,0.030758064516129002,0,0.026960784313722952,-0.06372549019608076,A1_sustain,True
2025-05-13,KRW-BTC,bull_quiet,2,100,0.0004167824395665463,0.012225618227285358,0.0,0.0,-0.015413692896298877,0.03409090909090909,3.0,0.010055087563733136,eod,0.010055087563733136,0,0.01221052631578945,-0.009490940465918918,A1_sustain,False
2025-05-14,KRW-TT,bull_quiet,2,1,0.03056404556821339,0.012225618227285358,0.0,0.0,-0.015413692896298877,2.4999999999999996,69.0,0.0007609088853717818,eod,0.0007609088853717818,0,0.008577878103609882,-0.01399548532753625,A1_sustain,False
2025-05-14,KRW-BTC,bull_quiet,2,12,0.009309434486591635,0.012225618227285358,0.0,0.0,-0.015413692896298877,0.761469425391893,5.0,-0.0016369675386933,eod,-0.0016369675386933,0,0.0031856952009043926,-0.011756242934950145,A1_sustain,False
2025-05-14,KRW-TRX,bull_quiet,2,13,0.009309434486591635,0.012225618227285358,0.0,0.0,-0.015413692896298877,0.761469425391893,44.0,0.019552631578947433,eod,0.019552631578947433,0,0.03421052631578658,-0.005263157894739523,A1_sustain,False
2025-05-15,KRW-BTC,bull_quiet,2,48,0.004445679355376493,0.012225618227285358,0.0,0.0,-0.015413692896298877,0.3636363636363636,5.0,1.3698630136950354e-05,eod,1.3698630136950354e-05,0,0.00580274773137246,-0.014808667082781724,A1_sustain,False
2025-05-15,KRW-TRX,bull_quiet,2,49,0.004445679355376493,0.012225618227285358,0.0,0.0,-0.015413692896298877,0.3636363636363636,41.0,-0.011809278350515427,eod,-0.011809278350515427,0,0.010362694300515507,-0.020725388601038897,A1_sustain,False
2025-05-15,KRW-AERGO,bull_quiet,2,59,0.03821036543004029,0.10891914420672409,0.000972627483673753,0.0,-0.026135601244684444,0.35081404383345666,60.0,-0.0315,sl,-0.06544557823129254,0,0.0018075011296836418,-0.09579755987347904,A1_sustain,False
2025-05-16,KRW-SNT,bull_quiet,2,1,0.26951931091969994,0.4208113364823562,0.0730758544040011,0.12170047235343151,-0.051339985144734125,0.6404754044239024,29.0,-0.0315,sl,0.10183333333333328,1,0.20861372812917334,-0.030955585464359836,A1_sustain,True
2025-05-16,KRW-BTC,bull_quiet,2,94,0.0004167824395665463,0.012225618227285358,0.0,0.0,-0.015413692896298877,0.03409090909090909,3.0,0.0005585278448375099,eod,0.0005585278448375099,0,0.007443675956995133,-0.0031500376634937544,A1_sustain,False
2025-05-16,KRW-TRX,bull_quiet,2,95,0.0004167824395665463,0.012225618227285358,0.0,0.0,-0.015413692896298877,0.03409090909090909,44.0,0.0010974025974024872,eod,0.0010974025974024872,0,0.020833333333330595,-0.007812500000002665,A1_sustain,False
2025-05-17,KRW-TRX,bull_quiet,2,8,0.004445679355376493,0.012225618227285358,0.0,0.0,-0.015413692896298877,0.3636363636363636,35.0,-0.0040906735751295425,eod,-0.0040906735751295425,0,0.007792207792205019,-0.015584415584418254,A1_sustain,False
2025-05-17,KRW-AERGO,bull_quiet,2,40,0.03821036543004029,0.3108239544254551,0.011393636237321106,0.0,-0.04178269970360598,0.12293249888243181,25.0,-0.0315,sl,-0.045186989918387044,0,0.0014409221901969804,-0.06195965417867877,A1_sustain,False
2025-05-17,KRW-AUCTION,bull_quiet,2,65,0.009309434486591635,0.1467074187274243,0.0001389274798555154,0.0,-0.02904371215711708,0.06345578544932441,74.0,-0.0315,sl,-0.022161157024793432,0,0.005931198102016699,-0.04448398576512458,A1_sustain,False
2025-05-18,KRW-SHIB,bull_quiet,2,66,0.009309434486591635,0.2478466240622395,0.035431429762401004,0.0,-0.03631144259637679,0.03756127210453284,22.0,0.0485,tp,0.04912034739454102,0,0.07277227717461532,-0.006435643613542652,A1_sustain,False
2025-05-18,KRW-BTC,bull_quiet,2,67,0.0004167824395665463,0.012225618227285358,0.0,0.0,-0.015413692896298877,0.03409090909090909,4.0,0.02508595443576428,eod,0.02508595443576428,0,0.027425296766270923,-0.00017055532814846952,A1_sustain,False
2025-05-18,KRW-TRX,bull_quiet,2,68,0.0004167824395665463,0.012225618227285358,0.0,0.0,-0.015413692896298877,0.03409090909090909,35.0,-0.022279220779220787,eod,-0.022279220779220787,0,0.01827676240208609,-0.018276762402091418,A1_sustain,False
2025-05-19,KRW-STRAX,bull_quiet,2,21,0.03056404556821339,0.07072391274142004,0.0,0.0,-0.022852074321402373,0.43215999205192884,79.0,-0.0315,sl,-0.030772898961284267,0,-1.3322676295501878e-14,-0.06552782597091877,A1_sustain,False
2025-05-19,KRW-BSV,bull_quiet,2,54,0.018338427340928037,0.07072391274142004,0.0,0.0,-0.022852074321402373,0.2592959952311573,89.0,-0.0315,sl,-0.027760302856047525,0,0.006504687201071446,-0.06064664243351825,A1_sustain,False
2025-05-19,KRW-APT,bull_quiet,2,73,0.018338427340928037,0.10891914420672409,0.0001389274798555154,0.0,-0.026135601244684444,0.16836734693877553,78.0,-0.0315,sl,0.0068321950553203465,0,0.006273012409654832,-0.05918450838674494,A1_sustain,False
2025-05-20,KRW-ARDR,bull_quiet,2,19,0.03821036543004029,0.1467074187274243,0.0001389274798555154,0.0,-0.02904371215711708,0.26045285072483904,66.0,-0.008045454545454632,eod,-0.008045454545454632,0,0.007215007214999902,-0.0252525252525323,A1_sustain,False
2025-05-20,KRW-STRAX,bull_quiet,2,28,0.03056404556821339,0.1467074187274243,0.0001389274798555154,0.0,-0.02904371215711708,0.20833333333333331,82.0,0.002946914952751735,eod,0.002946914952751735,0,0.014170602945248412,-0.016115587663253494,A1_sustain,False
2025-05-20,KRW-BSV,bull_quiet,2,44,0.018338427340928037,0.1467074187274243,0.000972627483673753,0.0,-0.02904371215711708,0.125,95.0,-0.0315,sl,-0.013493708218639431,0,0.013641755634638209,-0.03084223013048637,A1_sustain,False
2025-05-21,KRW-AKT,bull_quiet,2,33,0.03821036543004029,0.1467074187274243,0.000972627483673753,0.0,-0.02904371215711708,0.26045285072483904,78.0,-0.012282934833567736,eod,-0.012282934833567736,0,0.026773132926255938,-0.020666979802724694,A1_sustain,False
2025-05-21,KRW-BSV,bull_quiet,2,36,0.018338427340928037,0.07072391274142004,0.0001389274798555154,0.0,-0.022852074321402373,0.2592959952311573,86.0,0.0485,tp,0.09382338308457722,0,0.0359840954274353,-0.01988071570576544,A1_sustain,False
2025-05-21,KRW-STRAX,bull_quiet,2,46,0.009309434486591635,0.047513198110586276,0.0001389274798555154,0.0,-0.020043349565388106,0.19593365331721224,99.0,-0.008288584095317351,eod,-0.008288584095317351,0,0.004421110804075923,-0.01906604034264947,A1_sustain,False
2025-05-22,KRW-AKT,bull_quiet,2,34,0.03821036543004029,0.1467074187274243,0.000972627483673753,0.0,-0.02904371215711708,0.26045285072483904,70.0,0.0485,tp,0.10418720379146912,0,0.08831908831908786,-0.007122507122507504,A1_sustain,False
2025-05-22,KRW-ARDR,bull_quiet,2,44,0.03056404556821339,0.1467074187274243,0.0,0.0,-0.02904371215711708,0.20833333333333331,95.0,0.022291821561338188,eod,0.022291821561338188,0,0.026587887740021854,-0.017725258493360263,A1_sustain,False
2025-05-22,KRW-MOCA,bull_quiet,2,46,0.03056404556821339,0.1467074187274243,0.000972627483673753,0.0,-0.02904371215711708,0.20833333333333331,78.0,0.04325308641975317,eod,0.04325308641975317,0,0.05275407292473955,-0.0015515903801475162,A1_sustain,False
2025-05-23,KRW-ARDR,bull_quiet,2,11,0.03821036543004029,0.047513198110586276,0.0,0.0,-0.020043349565388106,0.8042052934661696,96.0,-0.0315,sl,0.05006136528685562,0,0.01081470800287665,-0.04109589041096573,A1_sustain,False
2025-05-23,KRW-STRAX,bull_quiet,2,12,0.009309434486591635,0.012225618227285358,0.0,0.0,-0.015413692896298877,0.761469425391893,97.0,0.0485,tp,0.01763352466857998,0,0.06019151846783788,-0.021203830369370347,A1_sustain,False
2025-05-23,KRW-TRX,bull_quiet,2,13,0.009309434486591635,0.012225618227285358,0.0,0.0,-0.015413692896298877,0.761469425391893,37.0,-0.0315,sl,-0.009374015748031482,0,-2.6645352591003757e-15,-0.039164490861621326,A1_sustain,False
2025-05-24,KRW-ARDR,bull_quiet,2,9,0.03056404556821339,0.07072391274142004,0.0001389274798555154,0.0,-0.022852074321402373,0.43215999205192884,93.0,0.0485,tp,0.02962033195020758,1,0.21118469462839418,-7.327471962526033e-15,A1_sustain,False
2025-05-24,KRW-TRX,bull_quiet,2,83,0.004445679355376493,0.047513198110586276,0.0020839121978327314,0.0,-0.020043349565388106,0.0935672514619883,38.0,0.001145502645502562,eod,0.001145502645502562,0,0.01595744680850797,-0.002659574468087844,A1_sustain,False
2025-05-24,KRW-BTC,bull_quiet,2,99,0.0004167824395665463,0.012225618227285358,0.0001389274798555154,0.0,-0.015413692896298877,0.03409090909090909,2.0,0.002657603091926365,eod,0.002657603091926365,0,0.018257958682866393,-0.0036009122310985964,A1_sustain,False
2025-05-25,KRW-MOCA,bull_quiet,2,25,0.03056404556821339,0.10891914420672409,0.0001389274798555154,0.0,-0.026135601244684444,0.28061224489795916,96.0,-0.0315,sl,-0.011728166797797033,0,0.004724409448811029,-0.0433070866141807,A1_sustain,False
2025-05-25,KRW-ALGO,bull_quiet,2,48,0.018338427340928037,0.10891914420672409,0.011393636237321106,0.0,-0.026135601244684444,0.16836734693877553,62.0,-0.0315,sl,0.0017467532467532756,0,0.0032362459546892985,-0.0420711974110064,A1_sustain,False
2025-05-25,KRW-ARK,bull_quiet,2,52,0.009309434486591635,0.07072391274142004,0.0020839121978327314,0.0,-0.022852074321402373,0.13163064833005894,48.0,-0.0315,sl,-0.016300626850078326,0,0.030823117338001804,-0.036777583187392215,A1_sustain,False
2025-05-26,KRW-AKT,bull_quiet,2,32,0.03056404556821339,0.1467074187274243,0.0020839121978327314,0.0,-0.02904371215711708,0.20833333333333331,82.0,-0.020649929939280665,eod,-0.020649929939280665,0,0.024253731343283125,-0.020522388059701857,A1_sustain,False
2025-05-26,KRW-WAVES,bull_quiet,2,55,0.018338427340928037,0.1467074187274243,0.011393636237321106,0.0,-0.02904371215711708,0.125,67.0,-0.016119883040935645,eod,-0.016119883040935645,0,0.001738122827345867,-0.03012746234067254,A1_sustain,False
2025-05-26,KRW-ADA,bull_quiet,2,62,0.018338427340928037,0.20175072947061276,0.011393636237321106,0.0,-0.03303763705430245,0.09089646113819495,25.0,-0.000554820415879119,eod,-0.000554820415879119,0,0.015094339622640618,-0.014150943396227245,A1_sustain,False
2025-05-27,KRW-AKT,bull_quiet,2,27,0.03056404556821339,0.1467074187274243,0.000972627483673753,0.0,-0.02904371215711708,0.20833333333333331,74.0,0.0485,tp,0.01800523311132257,0,0.048181388757675414,-0.02975909305621205,A1_sustain,False
2025-05-27,KRW-BCH,bull_quiet,2,39,0.009309434486591635,0.07072391274142004,0.000972627483673753,0.0,-0.022852074321402373,0.13163064833005894,58.0,-0.007904708326120833,eod,-0.007904708326120833,0,0.018521724078241375,-0.016098320927817156,A1_sustain,False
2025-05-27,KRW-PUNDIX,bull_quiet,2,54,0.018338427340928037,0.20175072947061276,0.0001389274798555154,0.0,-0.03303763705430245,0.09089646113819495,63.0,0.043632743362831905,eod,0.043632743362831905,0,0.08389639639639435,-1.887379141862766e-15,A1_sustain,False
2025-05-28,KRW-GAS,bull_quiet,2,28,0.004445679355376493,0.012225618227285358,0.0,0.0,-0.015413692896298877,0.3636363636363636,89.0,-0.008286339754816128,eod,-0.008286339754816128,0,0.004353504571179556,-0.026774053112755936,A1_sustain,False
2025-05-28,KRW-STRAX,bull_quiet,2,29,0.004445679355376493,0.012225618227285358,0.0,0.0,-0.015413692896298877,0.3636363636363636,94.0,0.009609568115539537,eod,0.009609568115539537,0,0.009250310644746351,-0.029545768328054223,A1_sustain,False
2025-05-28,KRW-AKT,bull_quiet,2,36,0.03056404556821339,0.10891914420672409,0.0001389274798555154,0.0,-0.026135601244684444,0.28061224489795916,69.0,-0.0315,sl,-0.04445051353874879,0,0.00046189376443384056,-0.0725173210161667,A1_sustain,False
2025-05-29,KRW-POLYX,bull_quiet,2,48,0.018338427340928037,0.10891914420672409,0.000972627483673753,0.0,-0.026135601244684444,0.16836734693877553,100.0,-0.0315,sl,-0.03990939900587437,0,0.013976555455360584,-0.048692515779986234,A1_sustain,False
2025-05-29,KRW-MANA,bull_quiet,2,53,0.018338427340928037,0.10891914420672409,0.011393636237321106,0.0,-0.026135601244684444,0.16836734693877553,94.0,-0.0315,sl,-0.045789044289044345,0,0.02325581395348597,-0.05348837209302548,A1_sustain,False
2025-05-29,KRW-STX,bull_quiet,2,60,0.018338427340928037,0.1467074187274243,0.004584606835232009,0.0,-0.02904371215711708,0.125,36.0,-0.0315,sl,-0.03419069572506289,0,0.017529215358930816,-0.04757929883138634,A1_sustain,False
2025-05-30,KRW-AWE,bull_quiet,2,38,0.018338427340928037,0.20175072947061276,0.000972627483673753,0.0,-0.03303763705430245,0.09089646113819495,79.0,-0.0315,sl,-0.08294161010999296,0,-1.1546319456101628e-14,-0.08139534883721988,A1_sustain,False
2025-05-30,KRW-ARDR,bull_quiet,2,42,0.009309434486591635,0.10891914420672409,0.000972627483673753,0.0,-0.026135601244684444,0.08547105795215126,75.0,-0.0315,sl,-0.14726033637000685,0,0.13755458515283014,-0.11062590975255371,A1_sustain,False
2025-05-30,KRW-CARV,bull_quiet,2,49,0.004445679355376493,0.07072391274142004,0.004584606835232009,0.0,-0.022852074321402373,0.06285963520755328,70.0,0.0485,tp,-0.1221896551724137,0,0.09741131351869381,-0.08379674017258087,A1_sustain,False
2025-05-31,KRW-CVC,bull_quiet,2,1,0.13100861350375104,0.3108239544254551,0.035431429762401004,0.038899694359544316,-0.04178269970360598,0.4214881499269093,60.0,-0.0315,sl,-0.07657987220447299,0,0.09219858156027816,-0.13019250253293257,A1_sustain,True
2025-05-31,KRW-BTC,bull_quiet,2,71,0.0004167824395665463,0.012225618227285358,0.0,0.0,-0.015413692896298877,0.03409090909090909,5.0,0.0025852394385344492,eod,0.0025852394385344492,0,0.011261935203068507,-0.006814286880117537,A1_sustain,False
2025-05-31,KRW-TRX,bull_quiet,2,72,0.0004167824395665463,0.012225618227285358,0.0001389274798555154,0.0,-0.015413692896298877,0.03409090909090909,47.0,-0.004159574468085068,eod,-0.004159574468085068,0,0.010554089709759795,-0.015831134564646465,A1_sustain,False
2025-06-01,KRW-AWE,bull_quiet,2,5,0.08767542031401973,0.20175072947061276,0.0,0.0,-0.03303763705430245,0.4345730027548209,67.0,0.0485,tp,0.12204169225101308,0,0.10231143552310096,-0.03284671532847894,A1_sustain,False
2025-06-01,KRW-BTC,bull_quiet,2,82,0.0004167824395665463,0.012225618227285358,0.0,0.0,-0.015413692896298877,0.03409090909090909,5.0,0.005763938909799928,eod,0.005763938909799928,0,0.010612984344158027,-0.0063001919800990125,A1_sustain,False
2025-06-01,KRW-ETH,bull_quiet,2,88,0.004445679355376493,0.20175072947061276,0.027507641011392053,0.0,-0.03303763705430245,0.022035505730471503,8.0,0.0015864197530864334,eod,0.0015864197530864334,0,0.005870841487279899,-0.02096729102599948,A1_sustain,False
2025-06-02,KRW-AUCTION,bull_quiet,2,53,0.009309434486591635,0.07072391274142004,0.0,0.0,-0.022852074321402373,0.13163064833005894,67.0,0.013186248331108099,eod,0.013186248331108099,0,0.01602136181575431,-0.028704939919893313,A1_sustain,False
2025-06-02,KRW-STRAX,bull_quiet,2,63,0.009309434486591635,0.10891914420672409,0.0,0.0,-0.026135601244684444,0.08547105795215126,88.0,0.0485,tp,0.08995474648554708,1,0.2004374316512858,-0.012966723949398351,A1_sustain,False
2025-06-02,KRW-NEO,bull_quiet,2,64,0.009309434486591635,0.10891914420672409,0.0020839121978327314,0.0,-0.026135601244684444,0.08547105795215126,65.0,0.02681202962609014,eod,0.02681202962609014,0,0.02158700035582939,-0.03273633020993971,A1_sustain,False
2025-06-03,KRW-MLK,bull_quiet,2,9,0.009309434486591635,0.012225618227285358,0.000972627483673753,0.0,-0.015413692896298877,0.761469425391893,95.0,0.0024823008849557695,eod,0.0024823008849557695,0,0.030891438658424475,-0.015004413062669864,A1_sustain,False
2025-06-03,KRW-BIGTIME,bull_quiet,2,11,0.03056404556821339,0.047513198110586276,0.0,0.0,-0.020043349565388106,0.6432748538011696,87.0,0.0485,tp,0.007949694274596965,0,0.0330992978936695,-0.0094728630335561,A1_sustain,False
2025-06-03,KRW-SEI,bull_quiet,2,23,0.03056404556821339,0.07072391274142004,0.000972627483673753,0.0,-0.022852074321402373,0.43215999205192884,40.0,-0.015734875444839813,eod,-0.015734875444839813,0,0.025089605734763376,-0.010752688172046665,A1_sustain,False
2025-06-04,KRW-CARV,bull_quiet,2,6,0.03056404556821339,0.047513198110586276,0.000972627483673753,0.0,-0.020043349565388106,0.6432748538011696,77.0,-0.0315,sl,-0.032951780878983594,0,0.006393070736232298,-0.041451845741391935,A1_sustain,False
2025-06-04,KRW-SEI,bull_quiet,2,55,0.018338427340928037,0.07072391274142004,0.0020839121978327314,0.0,-0.022852074321402373,0.2592959952311573,43.0,-0.0315,sl,-0.026862318840579713,0,0.014440433212992598,-0.036101083032494485,A1_sustain,False
2025-06-04,KRW-NEAR,bull_quiet,2,85,0.009309434486591635,0.10891914420672409,0.000972627483673753,0.0,-0.026135601244684444,0.08547105795215126,58.0,-0.0315,sl,-0.03972019395322307,0,0.023401826484017896,-0.037956621004566427,A1_sustain,False
2025-06-05,KRW-MANA,bull_quiet,2,66,0.009309434486591635,0.20175072947061276,0.035431429762401004,0.0,-0.03303763705430245,0.04614325068870523,84.0,-0.0315,sl,-0.05647382198952883,0,0.013089005235599416,-0.06282722513089256,A1_sustain,False
2025-06-05,KRW-SEI,bull_quiet,2,73,0.009309434486591635,0.2478466240622395,0.035431429762401004,0.0,-0.03631144259637679,0.03756127210453284,43.0,-0.0315,sl,-0.07584944237918217,0,0.003717472118955234,-0.07806691449814473,A1_sustain,False
2025-06-05,KRW-TRX,bull_quiet,2,74,0.0004167824395665463,0.012225618227285358,0.0,0.0,-0.015413692896298877,0.03409090909090909,45.0,0.01944240837696337,eod,0.01944240837696337,0,0.04736842105262884,-0.021052631578949987,A1_sustain,False
2025-06-11,KRW-PUNDIX,bull_quiet,3,1,0.06458381907204476,0.0186523665190021,0.0009326183259501049,0.003031009559337841,-0.015779826600972623,3.4625,92.0,-0.0315,sl,-0.04731323980710206,0,0.0008745080891976453,-0.05159597726279175,A1_sustain,False
2025-06-11,KRW-GAS,bull_quiet,3,2,0.022615994404290043,0.0186523665190021,0.00011657729074376311,0.0003497726477789437,-0.015779826600972623,1.2125,84.0,-0.013537037037037068,eod,-0.013537037037037068,0,0.005293440736478416,-0.02991944764096688,A1_sustain,False
2025-06-11,KRW-CBK,bull_quiet,3,3,0.022615994404290043,0.0186523665190021,0.0031479538300104933,0.00023315458148752622,-0.015779826600972623,1.2125,61.0,-0.007456601900439673,eod,-0.007456601900439673,0,0.0043637387387374105,-0.02167792792792933,A1_sustain,False
2025-06-12,KRW-GAME2,bull_quiet,3,1,0.033457682443460014,0.0186523665190021,0.0009326183259501049,0.0003497726477789437,-0.015779826600972623,1.79375,63.0,-0.0315,sl,-0.04979059829059834,0,-2.1105339698124226e-13,-0.04557923612596637,A1_sustain,False
2025-06-12,KRW-ZETA,bull_quiet,3,3,0.08837588900547977,0.09245656989623412,0.0031479538300104933,0.0011657729074376311,-0.025007406332421222,0.9558638083228247,88.0,-0.0315,sl,-0.09042617449664431,0,0.0006691201070558872,-0.07561057209769462,A1_sustain,False
2025-06-12,KRW-GRT,bull_quiet,3,6,0.06458381907204476,0.09245656989623412,0.0009326183259501049,0.008277952664101668,-0.025007406332421222,0.6985314201524941,81.0,-0.0315,sl,-0.09172556390977443,0,0.007462686567156762,-0.07462686567164867,A1_sustain,False
2025-06-13,KRW-BCH,bull_quiet,3,19,0.022615994404290043,0.09245656989623412,0.0031479538300104933,0.003031009559337841,-0.025007406332421222,0.24461208575737162,36.0,-0.0315,sl,0.08171702721563162,0,0.07929439972598051,-0.052920020551464275,A1_sustain,False
2025-06-13,KRW-CTC,bull_quiet,3,28,0.033457682443460014,0.1750990906971322,0.02168590416229451,0.008277952664101668,-0.031282977055829594,0.1910785619174434,87.0,0.004725240520656428,eod,0.004725240520656428,0,-1.1102230246251565e-15,-0.04579646017699224,A1_sustain,False
2025-06-13,KRW-WAVES,bull_quiet,3,29,0.022615994404290043,0.1327815341571462,0.02168590416229451,0.003031009559337841,-0.027979605456093983,0.170324846356453,89.0,0.02884580098800288,eod,0.02884580098800288,0,0.010309278350514761,-0.05017182130584252,A1_sustain,False
2025-06-14,KRW-PENDLE,bull_quiet,3,21,0.04488748979829777,0.1750990906971322,0.01235719281883889,0.008277952664101668,-0.031282977055829594,0.25635478527949285,69.0,-0.0315,sl,-0.021613851992409894,0,0.01844879518072262,-0.04160391566265076,A1_sustain,False
2025-06-14,KRW-IOST,bull_quiet,3,22,0.04488748979829777,0.1750990906971322,0.02168590416229451,0.008277952664101668,-0.031282977055829594,0.25635478527949285,80.0,-0.0315,sl,-0.030640160065668,0,0.002652519893694638,-0.04713323811486492,A1_sustain,False
2025-06-14,KRW-W,bull_quiet,3,24,0.04488748979829777,0.1750990906971322,0.02168590416229451,0.008277952664101668,-0.031282977055829594,0.25635478527949285,73.0,-0.0315,sl,-0.015663407673607466,0,0.010090393104887463,-0.05192348118563106,A1_sustain,False
2025-06-15,KRW-MASK,bull_quiet,3,8,0.13767778036838424,0.4397295406854745,0.048035443628308264,0.008277952664101668,-0.05326459815786506,0.3130965005302227,36.0,-0.0009769874476987504,eod,-0.0009769874476987504,0,0.035472091810119455,-0.02816901408450745,A1_sustain,False
2025-06-15,KRW-BCH,bull_quiet,3,22,0.033457682443460014,0.1750990906971322,0.007227792026113313,0.008277952664101668,-0.031282977055829594,0.1910785619174434,34.0,0.0485,tp,0.05882906764168189,0,0.08507437740264079,0.0,A1_sustain,False
2025-06-15,KRW-ONG,bull_quiet,3,23,0.033457682443460014,0.1750990906971322,0.02168590416229451,0.0011657729074376311,-0.031282977055829594,0.1910785619174434,49.0,0.021980083857442267,eod,0.021980083857442267,0,0.04300626304801236,-0.005845511482258869,A1_sustain,False
2025-06-16,KRW-AAVE,bull_quiet,3,9,0.06458381907204476,0.1750990906971322,0.01235719281883889,0.008277952664101668,-0.031282977055829594,0.3688415446071904,30.0,0.0485,tp,0.005225570354740862,0,0.061957379636937704,-0.013022888713496439,A1_sustain,False
2025-06-16,KRW-JUP,bull_quiet,3,12,0.06458381907204476,0.21919085927480472,0.007227792026113313,0.008277952664101668,-0.034545858061190766,0.29464649796857867,51.0,-0.0315,sl,-0.052522132116911535,0,0.025456372466921673,-0.045386032490371764,A1_sustain,False
2025-06-16,KRW-ARDR,bull_quiet,3,17,0.04488748979829777,0.1750990906971322,0.02168590416229451,0.003031009559337841,-0.031282977055829594,0.25635478527949285,32.0,-0.01769778346121048,eod,-0.01769778346121048,0,0.030910609857969673,-0.038429406850467585,A1_sustain,False
2025-06-17,KRW-AWE,bull_quiet,3,1,0.06458381907204476,0.09245656989623412,0.032058754954534856,0.008277952664101668,-0.025007406332421222,0.6985314201524941,75.0,0.0035883392226148682,eod,0.0035883392226148682,0,0.03521126760561932,-0.006619718309873068,A1_sustain,False
2025-06-17,KRW-BIGTIME,bull_quiet,3,15,0.06458381907204476,0.2683609232921427,0.048035443628308264,0.003031009559337841,-0.03797652396585388,0.24066029539530842,31.0,0.005059169171904689,eod,0.005059169171904689,0,0.0667630437639497,-0.056380601918792794,A1_sustain,False
2025-06-17,KRW-DEEP,bull_quiet,3,22,0.033457682443460014,0.1750990906971322,0.02168590416229451,0.008277952664101668,-0.031282977055829594,0.1910785619174434,90.0,-0.0315,sl,-0.020618428040361236,0,0.014575741801140074,-0.054138469547115764,A1_sustain,False
2025-06-18,KRW-AWE,bull_quiet,3,11,0.04488748979829777,0.1327815341571462,0.032058754954534856,0.008277952664101668,-0.027979605456093983,0.3380552128971012,91.0,-0.007699802733549364,eod,-0.007699802733549364,0,0.007907370799195235,-0.02146286359786742,A1_sustain,False
2025-06-18,KRW-NXPC,bull_quiet,3,13,0.13767778036838424,0.4397295406854745,0.08871531825600373,0.008277952664101668,-0.05326459815786506,0.3130965005302227,18.0,-0.0315,sl,-0.028527027027026974,0,0.0145110410094631,-0.060567823343849136,A1_sustain,False
2025-06-18,KRW-ORBS,bull_quiet,3,16,0.04488748979829777,0.1750990906971322,0.01235719281883889,0.003031009559337841,-0.031282977055829594,0.25635478527949285,34.0,0.0485,tp,0.12087998647734982,0,0.09970089730803933,-0.02791625124629349,A1_sustain,False
2025-06-19,KRW-MASK,bull_quiet,3,1,0.27197481930519934,0.33321674245074034,0.048035443628308264,0.003031009559337841,-0.043675717077809977,0.8162099458294944,44.0,0.0012487630566245258,eod,0.0012487630566245258,0,0.030186608122941383,-0.0049396267837545915,A1_sustain,False
2025-06-19,KRW-AXL,bull_quiet,3,2,0.13767778036838424,0.1750990906971322,0.02168590416229451,0.008277952664101668,-0.031282977055829594,0.7862849533954727,47.0,-0.0315,sl,-0.04205813953488363,0,0.00462534690101557,-0.06475485661424785,A1_sustain,False
2025-06-19,KRW-JUP,bull_quiet,3,5,0.06458381907204476,0.1327815341571462,0.0031479538300104933,0.008277952664101668,-0.027979605456093983,0.48639157155399465,81.0,-0.0069721977052074596,eod,-0.0069721977052074596,0,0.017787953504753373,-0.030116238112012916,A1_sustain,False
2025-06-20,KRW-PENDLE,bull_quiet,3,6,0.06458381907204476,0.1327815341571462,0.0031479538300104933,0.008277952664101668,-0.027979605456093983,0.48639157155399465,87.0,-0.0315,sl,-0.065044536271809,0,0.01410541945063093,-0.06922791388270244,A1_sustain,False
2025-06-20,KRW-AERGO,bull_quiet,3,7,0.04488748979829777,0.09245656989623412,0.0031479538300104933,0.003031009559337841,-0.025007406332421222,0.4854981084489281,56.0,0.0485,tp,0.2889593639575972,1,0.3439041578576367,-0.03030303030303716,A1_sustain,False
2025-06-20,KRW-MASK,bull_quiet,3,16,0.06458381907204476,0.21919085927480472,0.02168590416229451,0.0003497726477789437,-0.034545858061190766,0.29464649796857867,46.0,-0.0315,sl,-0.049197368421052656,0,0.009873834339001242,-0.061985737794844176,A1_sustain,False
2025-06-21,KRW-AHT,bull_quiet,3,7,0.022615994404290043,0.05619025413849382,0.0031479538300104933,0.0011657729074376311,-0.021121146208714376,0.40248962655601656,98.0,-0.0315,sl,-0.033663169248872415,0,-1.9484414082171497e-13,-0.04539255795849495,A1_sustain,False
2025-06-21,KRW-LSK,bull_quiet,3,14,0.033457682443460014,0.09245656989623412,0.01235719281883889,0.008277952664101668,-0.025007406332421222,0.36187458047611165,48.0,-0.0315,sl,-0.0680803587941558,0,0.07165281625115205,-0.0781163434903065,A1_sustain,False
2025-06-21,KRW-MOCA,bull_quiet,3,15,0.04488748979829777,0.1327815341571462,0.02168590416229451,0.003031009559337841,-0.027979605456093983,0.3380552128971012,57.0,-0.0315,sl,-0.062251879699248114,0,0.016555622854825147,-0.06319402382395456,A1_sustain,False
2025-06-22,KRW-ANIME,bull_quiet,3,1,0.27197481930519934,0.4397295406854745,0.08871531825600373,0.008277952664101668,-0.05326459815786506,0.6185047720042418,29.0,-0.0315,sl,-0.027523727516264807,0,0.02513328255898606,-0.08339680121861826,A1_sustain,False
2025-06-22,KRW-ATH,bull_quiet,3,4,0.08837588900547977,0.21919085927480472,0.048035443628308264,0.008277952664101668,-0.034545858061190766,0.40319148936170207,50.0,-0.0315,sl,-0.05995008756567427,0,0.005863192182388621,-0.08794788273617615,A1_sustain,False
2025-06-22,KRW-BCH,bull_quiet,3,13,0.04488748979829777,0.1750990906971322,0.01235719281883889,0.008277952664101668,-0.031282977055829594,0.25635478527949285,25.0,-0.0315,sl,-0.02709358618563057,0,0.009491733006736114,-0.06582976117575012,A1_sustain,False
2025-06-23,KRW-BEAM,bull_quiet,3,2,0.13767778036838424,0.21919085927480472,0.048035443628308264,0.008277952664101668,-0.034545858061190766,0.628118256499804,80.0,0.0485,tp,0.11387856130961765,0,0.11832543443900168,-0.010742496050709316,A1_sustain,False
2025-06-23,KRW-ANIME,bull_quiet,3,3,0.27197481930519934,0.4397295406854745,0.08871531825600373,0.003031009559337841,-0.05326459815786506,0.6185047720042418,32.0,0.0485,tp,0.04649370574350892,0,0.0854291417165236,-0.010379241517005533,A1_sustain,False
2025-06-23,KRW-RVN,bull_quiet,3,6,0.27197481930519934,0.4397295406854745,0.08871531825600373,0.008277952664101668,-0.05326459815786506,0.6185047720042418,30.0,0.0485,tp,0.06879702970297036,0,0.08386778490374525,-0.01973359644800088,A1_sustain,False
2025-06-24,KRW-XRP,bull_quiet,3,2,0.033457682443460014,0.0186523665190021,0.0031479538300104933,0.0003497726477789437,-0.015779826600972623,1.79375,1.0,0.011255958375293642,eod,0.011255958375293642,0,0.02139752591106614,-0.013373453694416892,A1_sustain,False
2025-06-24,KRW-BSV,bull_quiet,3,8,0.06458381907204476,0.05619025413849382,0.0009326183259501049,0.008277952664101668,-0.021121146208714376,1.1493775933609958,90.0,-0.013171335200746924,eod,-0.013171335200746924,0,0.001626016260162677,-0.028339140534262452,A1_sustain,False
2025-06-24,KRW-CARV,bull_quiet,3,9,0.13767778036838424,0.1327815341571462,0.0031479538300104933,0.003031009559337841,-0.027979605456093983,1.0368744512730466,52.0,-0.0315,sl,-0.055148687626189685,0,0.06544270062185054,-0.07699141249630126,A1_sustain,False
2025-06-25,KRW-GAME2,bull_quiet,3,1,0.022615994404290043,0.0186523665190021,0.00011657729074376311,0.008277952664101668,-0.015779826600972623,1.2125,84.0,0.0485,tp,-0.003768145161290258,0,0.08212927756626565,-0.03092522179999213,A1_sustain,False
2025-06-25,KRW-SAFE,bull_quiet,3,2,0.06458381907204476,0.05619025413849382,0.00011657729074376311,0.008277952664101668,-0.021121146208714376,1.1493775933609958,100.0,-0.0315,sl,-0.026661754133716797,0,0.028392857142855332,-0.04250000000000165,A1_sustain,False
2025-06-25,KRW-CKB,bull_quiet,3,5,0.08837588900547977,0.09245656989623412,0.007227792026113313,0.008277952664101668,-0.025007406332421222,0.9558638083228247,67.0,-0.0315,sl,-0.03385973944105908,0,0.0008375209378139736,-0.044179229480937,A1_sustain,False
2025-06-26,KRW-DOT,bull_quiet,3,1,0.033457682443460014,0.0186523665190021,0.00011657729074376311,0.00023315458148752622,-0.015779826600972623,1.79375,71.0,-0.020335245724182716,eod,-0.020335245724182716,0,0.019743979171186643,-0.026036016489477287,A1_sustain,False
2025-06-26,KRW-A,bull_quiet,3,3,0.06458381907204476,0.05619025413849382,0.0031479538300104933,0.003031009559337841,-0.021121146208714376,1.1493775933609958,55.0,-0.0315,sl,-0.032068312284730116,0,0.015508328546810723,-0.03532452613440695,A1_sustain,False
2025-06-26,KRW-CVC,bull_quiet,3,6,0.04488748979829777,0.05619025413849382,0.0009326183259501049,0.0011657729074376311,-0.021121146208714376,0.7988483142941872,95.0,-0.0315,sl,-0.02837296416938112,0,0.015472312703574964,-0.034201954397402035,A1_sustain,False
2025-06-27,KRW-RAY,bull_quiet,3,1,0.13767778036838424,0.21919085927480472,0.02168590416229451,0.008277952664101668,-0.034545858061190766,0.628118256499804,95.0,0.0485,tp,0.04353816793893134,0,0.05799313239221626,-0.015642884395269285,A1_sustain,False
2025-06-27,KRW-MASK,bull_quiet,3,2,0.08837588900547977,0.1750990906971322,0.02168590416229451,0.0011657729074376311,-0.031282977055829594,0.5047192915372872,75.0,0.009966505733252808,eod,0.009966505733252808,0,0.015042117930204046,-0.013237063778580582,A1_sustain,False
2025-06-27,KRW-IMX,bull_quiet,3,11,0.06458381907204476,0.1750990906971322,0.01235719281883889,0.008277952664101668,-0.031282977055829594,0.3688415446071904,94.0,0.0339943860919954,eod,0.0339943860919954,0,0.04739507959478839,-0.016280752532563336,A1_sustain,False
2025-06-28,KRW-MASK,bull_quiet,3,1,0.06458381907204476,0.09245656989623412,0.0009326183259501049,0.0003497726477789437,-0.025007406332421222,0.6985314201524941,90.0,0.012190476190476142,eod,0.012190476190476142,0,0.017282479141834894,-0.017282479141836005,A1_sustain,False
2025-06-28,KRW-BERA,bull_quiet,3,12,0.06458381907204476,0.1750990906971322,0.02168590416229451,0.003031009559337841,-0.031282977055829594,0.3688415446071904,47.0,0.0485,tp,0.04248045313194143,0,0.05026455026454979,-0.026014109347443082,A1_sustain,False
2025-06-28,KRW-MANTRA,bull_quiet,3,13,0.06458381907204476,0.1750990906971322,0.032058754954534856,0.003031009559337841,-0.031282977055829594,0.3688415446071904,86.0,0.01663655761024191,eod,0.01663655761024191,0,0.03023834934185654,-0.02027748132338647,A1_sustain,False
2025-06-29,KRW-MASK,bull_quiet,3,1,0.033457682443460014,0.0186523665190021,0.00011657729074376311,0.0003497726477789437,-0.015779826600972623,1.79375,80.0,0.027255868544600992,eod,0.027255868544600992,0,0.039434961742200736,-0.009417304296645668,A1_sustain,False
2025-06-29,KRW-ARDR,bull_quiet,3,3,0.04488748979829777,0.05619025413849382,0.0009326183259501049,0.0003497726477789437,-0.021121146208714376,0.7988483142941872,87.0,0.0038763440860215006,eod,0.0038763440860215006,0,0.009751773049636592,-0.023049645390079476,A1_sustain,False
2025-06-29,KRW-MOCA,bull_quiet,3,4,0.06458381907204476,0.09245656989623412,0.0009326183259501049,0.008277952664101668,-0.025007406332421222,0.6985314201524941,76.0,0.03101452451330139,eod,0.03101452451330139,0,0.04600385904335291,-0.0068041027724280445,A1_sustain,False
2025-07-01,KRW-QKC,bull_quiet,3,1,0.033457682443460014,0.0186523665190021,0.007227792026113313,0.003031009559337841,-0.015779826600972623,1.79375,70.0,-0.0315,sl,-0.03849885452462781,0,0.04207268141682419,-0.03232832741040559,A1_sustain,False
2025-07-01,KRW-IQ,bull_quiet,3,5,0.033457682443460014,0.05619025413849382,0.01235719281883889,0.003031009559337841,-0.021121146208714376,0.5954356846473029,60.0,-0.009661512027491269,eod,-0.009661512027491269,0,0.0213083315574214,-0.0287662476030196,A1_sustain,False
2025-07-01,KRW-WCT,bull_quiet,3,16,0.08837588900547977,0.21919085927480472,0.02168590416229451,0.008277952664101668,-0.034545858061190766,0.40319148936170207,23.0,-0.0315,sl,-0.02633174750522166,0,-2.3314683517128287e-15,-0.04516129032258298,A1_sustain,False
2025-07-02,KRW-IMX,bull_quiet,3,22,0.04488748979829777,0.21919085927480472,0.02168590416229451,0.008277952664101668,-0.034545858061190766,0.20478723404255317,67.0,0.0485,tp,0.06184763948497857,0,0.08293351610692068,-0.010281014393421883,A1_sustain,False
2025-07-02,KRW-BEAM,bull_quiet,3,23,0.04488748979829777,0.21919085927480472,0.048035443628308264,0.008277952664101668,-0.034545858061190766,0.20478723404255317,70.0,0.0485,tp,0.06697811170577733,0,0.10082304526733865,-0.02071330589862541,A1_sustain,False
2025-07-02,KRW-ALT,bull_quiet,3,24,0.04488748979829777,0.21919085927480472,0.08871531825600373,0.003031009559337841,-0.034545858061190766,0.20478723404255317,88.0,0.0485,tp,0.06397960941987374,0,0.07820108851328911,-0.01374964193643613,A1_sustain,False
2025-07-03,KRW-MBL,bull_quiet,3,1,0.06458381907204476,0.05619025413849382,0.0009326183259501049,0.0011657729074376311,-0.021121146208714376,1.1493775933609958,82.0,0.020537687639731905,eod,0.020537687639731905,0,0.02707006369394027,-0.00636942675190888,A1_sustain,False
2025-07-03,KRW-NEWT,bull_quiet,3,10,0.27197481930519934,0.33321674245074034,0.08871531825600373,0.008277952664101668,-0.043675717077809977,0.8162099458294944,14.0,0.00845762711864412,eod,0.00845762711864412,0,0.02253756260433848,-0.03046744574290683,A1_sustain,False
2025-07-03,KRW-GMT,bull_quiet,3,14,0.06458381907204476,0.09245656989623412,0.0009326183259501049,0.008277952664101668,-0.025007406332421222,0.6985314201524941,83.0,0.011391644908616274,eod,0.011391644908616274,0,0.0374216946917072,-0.001483679525238979,A1_sustain,False
2025-07-04,KRW-ARDR,bull_quiet,3,1,0.04488748979829777,0.0186523665190021,0.0009326183259501049,0.0003497726477789437,-0.015779826600972623,2.4065305468112395,94.0,-0.007060704355885182,eod,-0.007060704355885182,0,0.018416206261500756,-0.02302025782689665,A1_sustain,False
2025-07-04,KRW-MLK,bull_quiet,3,3,0.022615994404290043,0.0186523665190021,0.00011657729074376311,0.00023315458148752622,-0.015779826600972623,1.2125,88.0,-0.0315,sl,-0.02326999526739243,0,0.04564907275320462,-0.029957203994298465,A1_sustain,False
2025-07-04,KRW-MASK,bull_quiet,3,9,0.04488748979829777,0.05619025413849382,0.00011657729074376311,0.003031009559337841,-0.021121146208714376,0.7988483142941872,87.0,-0.0315,sl,-0.041429536112742193,0,0.0017574692442876572,-0.05448154657293547,A1_sustain,False
2025-07-05,KRW-ZETA,bull_quiet,3,15,0.06458381907204476,0.1327815341571462,0.01235719281883889,0.003031009559337841,-0.027979605456093983,0.48639157155399465,44.0,-0.0315,sl,-0.02471792260692457,0,0.03217718345172993,-0.009611366485587136,A1_sustain,False
2025-07-05,KRW-ARDR,bull_quiet,3,24,0.022615994404290043,0.05619025413849382,0.0009326183259501049,0.00023315458148752622,-0.021121146208714376,0.40248962655601656,91.0,-0.00895573159366264,eod,-0.00895573159366264,0,0.003669724770632987,-0.025688073394504296,A1_sustain,False
2025-07-05,KRW-A,bull_quiet,3,29,0.006994637444625787,0.0186523665190021,0.0031479538300104933,0.00023315458148752622,-0.015779826600972623,0.375,89.0,-0.003172240802675473,eod,-0.003172240802675473,0,0.006846188954813481,-0.01277955271565645,A1_sustain,False
2025-07-06,KRW-ZIL,bull_quiet,3,17,0.06458381907204476,0.1750990906971322,0.01235719281883889,0.008277952664101668,-0.031282977055829594,0.3688415446071904,89.0,-0.012124169986719778,eod,-0.012124169986719778,0,-6.583622536027178e-14,-0.025674786043513698,A1_sustain,False
2025-07-06,KRW-AWE,bull_quiet,3,18,0.06458381907204476,0.1750990906971322,0.02168590416229451,0.008277952664101668,-0.031282977055829594,0.3688415446071904,46.0,-0.014317193164163631,eod,-0.014317193164163631,0,-1.2656542480726785e-14,-0.038608077216166437,A1_sustain,False
2025-07-06,KRW-MANA,bull_quiet,3,20,0.04488748979829777,0.1327815341571462,0.007227792026113313,0.0011657729074376311,-0.027979605456093983,0.3380552128971012,79.0,0.026909090909090827,eod,0.026909090909090827,0,0.03672316384180485,-0.008474576271189305,A1_sustain,False
2025-07-07,KRW-NEWT,bull_quiet,3,7,0.13767778036838424,0.33321674245074034,0.048035443628308264,0.0011657729074376311,-0.043675717077809977,0.4131778594190454,22.0,-0.027523987327449706,eod,-0.027523987327449706,0,0.008988764044941533,-0.03550561797753038,A1_sustain,False
2025-07-07,KRW-COW,bull_quiet,3,17,0.06458381907204476,0.1750990906971322,0.007227792026113313,0.008277952664101668,-0.031282977055829594,0.3688415446071904,77.0,-0.010692546583850935,eod,-0.010692546583850935,0,0.009210853871045366,-0.020662185710731973,A1_sustain,False
2025-07-07,KRW-WAXP,bull_quiet,3,18,0.033457682443460014,0.09245656989623412,0.0031479538300104933,0.0011657729074376311,-0.025007406332421222,0.36187458047611165,100.0,0.011238853503184711,eod,0.011238853503184711,0,0.014930944382194333,-0.010824934677155174,A1_sustain,False
2025-07-08,KRW-ELF,bull_quiet,3,1,0.06458381907204476,0.05619025413849382,0.0009326183259501049,0.003031009559337841,-0.021121146208714376,1.1493775933609958,47.0,0.0485,tp,-0.0015,0,0.09890109890109477,-0.0036630036630074247,A1_sustain,False
2025-07-08,KRW-STRAX,bull_quiet,3,9,0.06458381907204476,0.1327815341571462,0.007227792026113313,0.008277952664101668,-0.027979605456093983,0.48639157155399465,45.0,0.004217008099094701,eod,0.004217008099094701,0,0.02112116881052839,-0.0236620612990468,A1_sustain,False
2025-07-08,KRW-AKT,bull_quiet,3,18,0.022615994404290043,0.05619025413849382,0.0031479538300104933,0.003031009559337841,-0.021121146208714376,0.40248962655601656,100.0,0.01916115702479343,eod,0.01916115702479343,0,0.01725327812284272,-0.012422360248447784,A1_sustain,False
2025-07-09,KRW-SAFE,bull_quiet,3,3,0.06458381907204476,0.09245656989623412,0.0009326183259501049,0.008277952664101668,-0.025007406332421222,0.6985314201524941,92.0,0.01630466724286933,eod,0.01630466724286933,0,0.028945554789798544,-0.009131633356307622,A1_sustain,False
2025-07-09,KRW-BCH,bull_quiet,3,4,0.011892270024484085,0.0186523665190021,0.00011657729074376311,0.0,-0.015779826600972623,0.637574326687653,44.0,0.02268291074307488,eod,0.02268291074307488,0,0.032844574780058755,-0.0014662756598240456,A1_sustain,False
2025-07-09,KRW-RVN,bull_quiet,3,5,0.011892270024484085,0.0186523665190021,0.00011657729074376311,0.0,-0.015779826600972623,0.637574326687653,87.0,0.03282494279176179,eod,0.03282494279176179,0,0.03826384922895265,-0.014277555682523313,A1_sustain,False
2025-07-10,KRW-RVN,bull_quiet,3,1,0.033457682443460014,0.0186523665190021,0.00011657729074376311,0.00023315458148752622,-0.015779826600972623,1.79375,89.0,0.03279203539823011,eod,0.03279203539823011,0,0.03801652892556273,-0.01763085399454445,A1_sustain,False
2025-07-10,KRW-BCH,bull_quiet,3,2,0.022615994404290043,0.0186523665190021,0.00011657729074376311,0.0,-0.015779826600972623,1.2125,34.0,-0.0036465369204349827,eod,-0.0036465369204349827,0,0.012329749103942689,-0.02107526881720434,A1_sustain,False
2025-07-10,KRW-BSV,bull_quiet,3,3,0.022615994404290043,0.0186523665190021,0.00011657729074376311,0.0011657729074376311,-0.015779826600972623,1.2125,67.0,0.02494580063934909,eod,0.02494580063934909,0,0.03947750362844693,-0.01944847605224964,A1_sustain,False
2025-07-11,KRW-BTT,bull_quiet,3,1,0.04488748979829777,0.0186523665190021,0.00011657729074376311,0.00023315458148752622,-0.015779826600972623,2.4065305468112395,78.0,0.011535172491291159,eod,0.011535172491291159,0,0.030812323775000205,-0.01725490306189925,A1_sustain,False
2025-07-11,KRW-SIGN,bull_quiet,3,2,0.04488748979829777,0.0186523665190021,0.00011657729074376311,0.0003497726477789437,-0.015779826600972623,2.4065305468112395,84.0,0.0485,tp,0.019228643216080477,0,0.08394199216681408,-0.0037048798560493923,A1_sustain,False
2025-07-11,KRW-GAS,bull_quiet,3,3,0.033457682443460014,0.0186523665190021,0.00011657729074376311,0.00023315458148752622,-0.015779826600972623,1.79375,88.0,0.013256517461878893,eod,0.013256517461878893,0,0.030450669914737993,-0.020706455542022106,A1_sustain,False
2025-07-12,KRW-BTT,bull_quiet,3,1,0.033457682443460014,0.0186523665190021,0.00011657729074376311,0.0003497726477789437,-0.015779826600972623,1.79375,88.0,0.0485,tp,0.018203342926721267,0,0.04660129883595765,-0.012889722361033695,A1_sustain,False
2025-07-12,KRW-T,bull_quiet,3,2,0.033457682443460014,0.0186523665190021,0.00011657729074376311,0.00023315458148752622,-0.015779826600972623,1.79375,89.0,0.0485,tp,0.03146213808463255,0,0.08381374722833335,-0.015964523281639997,A1_sustain,False
2025-07-12,KRW-BCH,bull_quiet,3,4,0.022615994404290043,0.0186523665190021,0.00011657729074376311,0.0,-0.015779826600972623,1.2125,39.0,-0.0315,sl,-0.035712002243410035,0,0.008245981830887539,-0.04360587002096439,A1_sustain,False
2025-07-13,KRW-KAVA,bull_quiet,3,1,0.06458381907204476,0.0186523665190021,0.00011657729074376311,0.0,-0.015779826600972623,3.4625,83.0,-0.0315,sl,0.00555801342744028,0,0.0224353485185802,-0.04093166638123136,A1_sustain,False
2025-07-13,KRW-ETC,bull_quiet,3,3,0.033457682443460014,0.0186523665190021,0.00011657729074376311,0.0,-0.015779826600972623,1.79375,85.0,0.0146943319838056,eod,0.0146943319838056,0,0.02269963518443463,-0.0032428050263477726,A1_sustain,False
2025-07-13,KRW-HUNT,bull_quiet,3,5,0.13767778036838424,0.09245656989623412,0.0009326183259501049,0.008277952664101668,-0.025007406332421222,1.4891075942239995,84.0,0.0030019696117052365,eod,0.0030019696117052365,0,0.014714047751246406,-0.033314825097170986,A1_sustain,False
2025-07-14,KRW-ETC,bull_quiet,3,1,0.022615994404290043,0.0186523665190021,0.00011657729074376311,0.0,-0.015779826600972623,1.2125,78.0,0.0016872509960160222,eod,0.0016872509960160222,0,0.04033546325878601,-0.0023961661341852514,A1_sustain,False
2025-07-14,KRW-SOL,bull_quiet,3,2,0.022615994404290043,0.0186523665190021,0.00011657729074376311,0.0,-0.015779826600972623,1.2125,15.0,0.005571167883211605,eod,0.005571167883211605,0,0.0443327239488116,-0.0022851919561243106,A1_sustain,False
2025-07-14,KRW-BSV,bull_quiet,3,3,0.06458381907204476,0.05619025413849382,0.00011657729074376311,0.0011657729074376311,-0.021121146208714376,1.1493775933609958,83.0,0.0018519553072625108,eod,0.0018519553072625108,0,0.031781432952327826,-0.006969612489545529,A1_sustain,False
2025-07-15,KRW-SOL,bull_quiet,3,2,0.022615994404290043,0.0186523665190021,0.00011657729074376311,0.0,-0.015779826600972623,1.2125,10.0,0.00914552661381657,eod,0.00914552661381657,0,0.011041009463722329,-0.02726453357368186,A1_sustain,False
2025-07-15,KRW-MASK,bull_quiet,3,6,0.06458381907204476,0.09245656989623412,0.007227792026113313,0.003031009559337841,-0.025007406332421222,0.6985314201524941,87.0,-0.0315,sl,0.027351388132825172,0,0.026997840172785725,-0.043736501079914114,A1_sustain,False
2025-07-15,KRW-SONIC,bull_quiet,3,7,0.08837588900547977,0.1327815341571462,0.0031479538300104933,0.003031009559337841,-0.027979605456093983,0.6655736399376694,88.0,-0.0315,sl,0.0075003214400513624,0,0.011171401212891618,-0.051707628471116984,A1_sustain,False
2025-07-16,KRW-AERGO,bull_quiet,3,1,0.13767778036838424,0.1327815341571462,0.0009326183259501049,0.008277952664101668,-0.027979605456093983,1.0368744512730466,24.0,0.014893442622950616,eod,0.014893442622950616,0,0.011507479861904368,-0.029344073647876834,A1_sustain,False
2025-07-16,KRW-SIGN,bull_quiet,3,10,0.08837588900547977,0.1327815341571462,0.00011657729074376311,0.008277952664101668,-0.027979605456093983,0.6655736399376694,93.0,-0.011420634920634885,eod,-0.011420634920634885,0,0.008858267716525647,-0.023622047244103994,A1_sustain,False
2025-07-16,KRW-SONIC,bull_quiet,3,12,0.08837588900547977,0.1327815341571462,0.0031479538300104933,0.003031009559337841,-0.027979605456093983,0.6655736399376694,100.0,0.021437241159605158,eod,0.021437241159605158,0,0.03509326588681283,-0.017072399620616574,A1_sustain,False
2025-07-17,KRW-BTT,bull_quiet,3,1,0.022615994404290043,0.0186523665190021,0.00011657729074376311,0.0,-0.015779826600972623,1.2125,96.0,0.003949020224248092,eod,0.003949020224248092,0,0.010310361903934417,-0.008416623873312323,A1_sustain,False
2025-07-17,KRW-T,bull_quiet,3,2,0.022615994404290043,0.0186523665190021,0.00011657729074376311,0.0,-0.015779826600972623,1.2125,97.0,0.004355290673358438,eod,0.004355290673358438,0,0.018440905280762143,-0.021793797150082783,A1_sustain,False
2025-07-17,KRW-SOL,bull_quiet,3,3,0.06458381907204476,0.05619025413849382,0.00011657729074376311,0.00023315458148752622,-0.021121146208714376,1.1493775933609958,9.0,0.006505055824731322,eod,0.006505055824731322,0,0.029031574486120038,-0.020979020979020935,A1_sustain,False
2025-07-18,KRW-MVL,bull_quiet,3,1,0.04488748979829777,0.0186523665190021,0.00011657729074376311,0.0003497726477789437,-0.015779826600972623,2.4065305468112395,78.0,0.0061872391829563295,eod,0.0061872391829563295,0,0.020550940095972914,-0.015303891561212257,A1_sustain,False
2025-07-18,KRW-ME,bull_quiet,3,7,0.04488748979829777,0.05619025413849382,0.00011657729074376311,0.0003497726477789437,-0.021121146208714376,0.7988483142941872,82.0,0.0485,tp,0.00022413793103443066,0,0.051590713671538335,-0.0206362854686164,A1_sustain,False
2025-07-18,KRW-VANA,bull_quiet,3,8,0.04488748979829777,0.05619025413849382,0.0009326183259501049,0.0011657729074376311,-0.021121146208714376,0.7988483142941872,84.0,-0.0315,sl,-0.018809667008948205,0,0.04516129032258043,-0.03445747800586518,A1_sustain,False
2025-07-19,KRW-BCH,bull_quiet,3,1,0.033457682443460014,0.0186523665190021,0.00011657729074376311,0.00023315458148752622,-0.015779826600972623,1.79375,26.0,-0.01336775925402661,eod,-0.01336775925402661,0,0.016621679215797602,-0.02216223895439695,A1_sustain,False
2025-07-19,KRW-TRX,bull_quiet,3,5,0.011892270024484085,0.0186523665190021,0.00011657729074376311,0.0,-0.015779826600972623,0.637574326687653,36.0,-0.026163677130044805,eod,-0.026163677130044805,0,0.008988764044941533,-0.022471910112361826,A1_sustain,False
2025-07-19,KRW-ZRO,bull_quiet,3,7,0.13767778036838424,0.21919085927480472,0.0031479538300104933,0.008277952664101668,-0.034545858061190766,0.628118256499804,89.0,-0.0315,sl,-0.03585980551053486,0,0.04196486662329191,-0.03090435914118439,A1_sustain,False
2025-07-20,KRW-HYPER,bull_quiet,3,1,0.27197481930519934,0.2683609232921427,0.032058754954534856,0.0011657729074376311,-0.03797652396585388,1.0134665508253693,41.0,-0.007128517823639711,eod,-0.007128517823639711,0,0.03267838676318302,-0.025853154084800378,A1_sustain,False
2025-07-20,KRW-MOCA,bull_quiet,3,2,0.08837588900547977,0.09245656989623412,0.0009326183259501049,0.008277952664101668,-0.025007406332421222,0.9558638083228247,81.0,0.0485,tp,0.031629904097646044,0,0.07841409691629009,-0.008810572687233398,A1_sustain,False
2025-07-20,KRW-ME,bull_quiet,3,6,0.04488748979829777,0.05619025413849382,0.00011657729074376311,0.003031009559337841,-0.021121146208714376,0.7988483142941872,96.0,0.0485,tp,0.029216723549488066,0,0.05008488964346269,-0.0067911714770805265,A1_sustain,False
2025-07-21,KRW-BCH,bull_quiet,3,1,0.08837588900547977,0.05619025413849382,0.0009326183259501049,0.0011657729074376311,-0.021121146208714376,1.5727974603506336,35.0,-0.0315,sl,-0.04071832884097032,0,0.0026745119015778585,-0.052554158866007006,A1_sustain,False
2025-07-21,KRW-ZRO,bull_quiet,3,10,0.13767778036838424,0.1750990906971322,0.007227792026113313,0.003031009559337841,-0.031282977055829594,0.7862849533954727,78.0,0.0485,tp,0.050668242582327994,0,0.07363344051446918,-0.020900321543408595,A1_sustain,False
2025-07-21,KRW-VTHO,bull_quiet,3,11,0.06458381907204476,0.09245656989623412,0.0009326183259501049,0.008277952664101668,-0.025007406332421222,0.6985314201524941,71.0,-0.008298316607316223,eod,-0.008298316607316223,0,0.07872973866983823,-0.0033079722133632083,A1_sustain,False
2025-07-22,KRW-IOTA,bull_quiet,3,5,0.13767778036838424,0.21919085927480472,0.007227792026113313,0.008277952664101668,-0.034545858061190766,0.628118256499804,91.0,-0.0315,sl,-0.03072885572139311,0,0.01051654809773872,-0.06248066811011732,A1_sustain,False
2025-07-22,KRW-STRAX,bull_quiet,3,27,0.033457682443460014,0.05619025413849382,0.00011657729074376311,0.0003497726477789437,-0.021121146208714376,0.5954356846473029,98.0,0.0485,tp,0.18408077436582088,1,0.3453178400546637,-0.001640464798373209,A1_sustain,False
2025-07-22,KRW-BCH,bull_quiet,3,28,0.033457682443460014,0.05619025413849382,0.0009326183259501049,0.00023315458148752622,-0.021121146208714376,0.5954356846473029,43.0,-0.005567891709917281,eod,-0.005567891709917281,0,0.016505805007693386,-0.026017624842635367,A1_sustain,False
2025-07-23,KRW-AWE,bull_quiet,3,1,0.022615994404290043,0.0186523665190021,0.0031479538300104933,0.0,-0.015779826600972623,1.2125,86.0,0.0485,tp,-0.0351544323862944,0,0.15673449612401713,-0.0431201550387712,A1_sustain,False
2025-07-23,KRW-HYPER,bull_quiet,3,4,0.27197481930519934,0.33321674245074034,0.048035443628308264,0.008277952664101668,-0.043675717077809977,0.8162099458294944,16.0,-0.0315,sl,0.044073178076691255,1,0.29173290937996565,-0.042527821939588595,A1_sustain,False
2025-07-23,KRW-MED,bull_quiet,3,6,0.04488748979829777,0.05619025413849382,0.0009326183259501049,0.0011657729074376311,-0.021121146208714376,0.7988483142941872,78.0,0.0485,tp,-0.015372068699768758,0,0.047411444141575165,-0.05711171662135628,A1_sustain,False
2025-07-24,KRW-AWE,bull_quiet,3,35,0.04488748979829777,0.1750990906971322,0.01235719281883889,0.0003497726477789437,-0.031282977055829594,0.25635478527949285,30.0,0.0485,tp,0.015029968454258804,0,0.1567265964042015,-0.019962802231878185,A1_sustain,False
2025-07-24,KRW-ETH,bull_quiet,3,36,0.022615994404290043,0.09245656989623412,0.007227792026113313,0.00023315458148752622,-0.025007406332421222,0.24461208575737162,5.0,-0.0315,sl,0.013491896272285255,0,0.035541195476575194,-0.04180129240710828,A1_sustain,False
2025-07-24,KRW-MOC,bull_quiet,3,52,0.033457682443460014,0.1750990906971322,0.01235719281883889,0.008277952664101668,-0.031282977055829594,0.1910785619174434,87.0,-0.0315,sl,-0.052357142857142935,0,0.02895752895751902,-0.07664092664093547,A1_sustain,False
2025-07-25,KRW-XLM,bull_quiet,3,24,0.13767778036838424,0.4397295406854745,0.08871531825600373,0.008277952664101668,-0.05326459815786506,0.3130965005302227,18.0,0.020299790722009103,eod,0.020299790722009103,0,0.020930634838261408,-0.035460992907803135,A1_sustain,False
2025-07-25,KRW-MANA,bull_quiet,3,29,0.04488748979829777,0.1750990906971322,0.01235719281883889,0.003031009559337841,-0.031282977055829594,0.25635478527949285,96.0,0.02945238095238084,eod,0.02945238095238084,0,0.030878859857479624,-0.023752969121142553,A1_sustain,False
2025-07-25,KRW-VET,bull_quiet,3,30,0.033457682443460014,0.1327815341571462,0.007227792026113313,0.0011657729074376311,-0.027979605456093983,0.2519754170324846,91.0,0.0485,tp,0.042745142002989456,0,0.04385185185182072,-0.02251851851854747,A1_sustain,False
2025-07-26,KRW-VET,bull_quiet,3,28,0.06458381907204476,0.1750990906971322,0.0009326183259501049,0.003031009559337841,-0.031282977055829594,0.3688415446071904,89.0,0.008806326939593547,eod,0.008806326939593547,0,0.018497438816134748,-0.013944223107597908,A1_sustain,False
2025-07-26,KRW-GRT,bull_quiet,3,30,0.06458381907204476,0.1750990906971322,0.007227792026113313,0.008277952664101668,-0.031282977055829594,0.3688415446071904,78.0,0.005542253521126752,eod,0.005542253521126752,0,0.013888888888881956,-0.013888888888895723,A1_sustain,False
2025-07-26,KRW-XEC,bull_quiet,3,31,0.06458381907204476,0.1750990906971322,0.007227792026113313,0.008277952664101668,-0.031282977055829594,0.3688415446071904,96.0,0.004666828951639003,eod,0.004666828951639003,0,0.0022587931267423755,-0.016134236882344832,A1_sustain,False
2025-07-27,KRW-AVAX,bull_quiet,3,16,0.08837588900547977,0.21919085927480472,0.01235719281883889,0.008277952664101668,-0.034545858061190766,0.40319148936170207,51.0,0.0485,tp,0.04639891272406699,0,0.05550660792951545,-0.007048458149779724,A1_sustain,False
2025-07-27,KRW-ANIME,bull_quiet,3,26,0.06458381907204476,0.1750990906971322,0.01235719281883889,0.008277952664101668,-0.031282977055829594,0.3688415446071904,65.0,0.01961613876319751,eod,0.01961613876319751,0,0.026126467247216123,-0.003407800075766576,A1_sustain,False
2025-07-27,KRW-POL,bull_quiet,3,27,0.033457682443460014,0.09245656989623412,0.007227792026113313,0.0011657729074376311,-0.025007406332421222,0.36187458047611165,78.0,0.01397987616099067,eod,0.01397987616099067,0,0.021739130434779375,-0.0031055900621149712,A1_sustain,False
2025-07-28,KRW-GAS,bull_quiet,3,1,0.033457682443460014,0.0186523665190021,0.0009326183259501049,0.0011657729074376311,-0.015779826600972623,1.79375,93.0,-0.0315,sl,-0.056456668780384744,0,0.0089247768805778,-0.058011049723757036,A1_sustain,False
2025-07-28,KRW-EGLD,bull_quiet,3,2,0.13767778036838424,0.1327815341571462,0.02168590416229451,0.008277952664101668,-0.027979605456093983,1.0368744512730466,80.0,-0.0315,sl,-0.06621095772217428,0,0.015144958892254534,-0.06750324534833407,A1_sustain,False
2025-07-28,KRW-NEO,bull_quiet,3,11,0.06458381907204476,0.09245656989623412,0.0009326183259501049,0.0003497726477789437,-0.025007406332421222,0.6985314201524941,88.0,-0.0315,sl,-0.052354746801419216,0,0.015029522275898932,-0.06054750402576503,A1_sustain,False
2025-07-29,KRW-ARDR,bull_quiet,3,12,0.13767778036838424,0.33321674245074034,0.032058754954534856,0.008277952664101668,-0.043675717077809977,0.4131778594190454,83.0,-0.0315,sl,-0.023850396539293384,0,0.00853485064010684,-0.04765291607397537,A1_sustain,False
2025-07-29,KRW-TAIKO,bull_quiet,3,27,0.06458381907204476,0.21919085927480472,0.02168590416229451,0.008277952664101668,-0.034545858061190766,0.29464649796857867,76.0,-0.020132607062359142,eod,-0.020132607062359142,0,0.014560192134492445,-0.029570699489644303,A1_sustain,False
2025-07-29,KRW-MOVE,bull_quiet,3,31,0.08837588900547977,0.33321674245074034,0.048035443628308264,0.008277952664101668,-0.043675717077809977,0.26522043386983907,38.0,-0.0315,sl,-0.01966347124117046,0,0.0186304128902266,-0.03675730110775899,A1_sustain,False
2025-07-30,KRW-TRX,bull_quiet,3,18,0.06458381907204476,0.1750990906971322,0.00011657729074376311,0.008277952664101668,-0.031282977055829594,0.3688415446071904,22.0,-0.0315,sl,-0.0336199143468951,0,0.0021321961620446306,-0.05330490405117483,A1_sustain,False
2025-07-30,KRW-AVAX,bull_quiet,3,19,0.08837588900547977,0.2683609232921427,0.032058754954534856,0.008277952664101668,-0.03797652396585388,0.329317278839707,47.0,-0.0315,sl,-0.04487492572786694,0,0.002669039145907437,-0.07147093712930008,A1_sustain,False
2025-07-30,KRW-ENS,bull_quiet,3,20,0.08837588900547977,0.2683609232921427,0.048035443628308264,0.008277952664101668,-0.03797652396585388,0.329317278839707,24.0,-0.0315,sl,-0.016202154626109022,0,0.00629881582262537,-0.0488788107835727,A1_sustain,False
2025-07-31,KRW-TRX,bull_quiet,3,1,0.022615994404290043,0.0186523665190021,0.0009326183259501049,0.00023315458148752622,-0.015779826600972623,1.2125,41.0,-0.0015,eod,-0.0015,0,0.008810572687222296,-0.015418502202645401,A1_sustain,False
2025-07-31,KRW-MVL,bull_quiet,3,3,0.06458381907204476,0.09245656989623412,0.01235719281883889,0.0003497726477789437,-0.025007406332421222,0.6985314201524941,73.0,-0.0315,sl,-0.012115711252653925,0,0.01273885350296955,-0.044585987261349325,A1_sustain,False
2025-07-31,KRW-TT,bull_quiet,3,12,0.04488748979829777,0.09245656989623412,0.02168590416229451,0.0003497726477789437,-0.025007406332421222,0.4854981084489281,72.0,-0.0315,sl,-0.03444117647058814,0,0.1095465393792101,-0.042482100238892206,A1_sustain,False
2025-08-01,KRW-CBK,bull_quiet,3,15,0.04488748979829777,0.1327815341571462,0.007227792026113313,0.008277952664101668,-0.027979605456093983,0.3380552128971012,87.0,-0.0315,sl,-0.024755813953488415,0,0.0011198208286662403,-0.07614781634938517,A1_sustain,False
2025-08-01,KRW-POKT,bull_quiet,3,24,0.04488748979829777,0.21919085927480472,0.032058754954534856,0.003031009559337841,-0.034545858061190766,0.20478723404255317,69.0,-0.017629032258064503,eod,-0.017629032258064503,0,0.0033500837520767934,-0.09212730318259477,A1_sustain,False
2025-08-01,KRW-SNT,bull_quiet,3,26,0.04488748979829777,0.21919085927480472,0.048035443628308264,0.003031009559337841,-0.034545858061190766,0.20478723404255317,21.0,-0.0315,sl,-0.051251243781094524,0,0.007211538461514122,-0.07211538461540701,A1_sustain,False
2025-08-02,KRW-OP,bull_quiet,3,15,0.06458381907204476,0.21919085927480472,0.048035443628308264,0.0011657729074376311,-0.034545858061190766,0.29464649796857867,44.0,-0.0315,sl,-0.023672949002217336,0,0.012168141592919124,-0.042035398230089616,A1_sustain,False
2025-08-02,KRW-NEWT,bull_quiet,3,18,0.08837588900547977,0.4397295406854745,0.048035443628308264,0.003031009559337841,-0.05326459815786506,0.20097783029931215,42.0,-0.0315,sl,-0.011960251046025104,0,0.03319502074688585,-0.04149377593361203,A1_sustain,False
2025-08-02,KRW-VIRTUAL,bull_quiet,3,21,0.06458381907204476,0.33321674245074034,0.08871531825600373,0.008277952664101668,-0.043675717077809977,0.19381924988835827,31.0,-0.0315,sl,-0.047572061429415224,0,0.00944510035419066,-0.05903187721369585,A1_sustain,False
2025-08-03,KRW-QKC,bull_quiet,3,1,0.27197481930519934,0.2683609232921427,0.048035443628308264,0.008277952664101668,-0.03797652396585388,1.0134665508253693,40.0,0.008208737864077666,eod,0.008208737864077666,0,0.02970297029692781,-9.903189379656396e-14,A1_sustain,False
2025-08-03,KRW-XTZ,bull_quiet,3,7,0.08837588900547977,0.21919085927480472,0.048035443628308264,0.008277952664101668,-0.034545858061190766,0.40319148936170207,99.0,0.03546498054474717,eod,0.03546498054474717,0,0.04073714839961107,-0.016488845780796235,A1_sustain,False
2025-08-03,KRW-OP,bull_quiet,3,12,0.06458381907204476,0.21919085927480472,0.032058754954534856,0.0011657729074376311,-0.034545858061190766,0.29464649796857867,46.0,0.04158390022675734,eod,0.04158390022675734,0,0.04411764705882226,-0.013574660633485336,A1_sustain,False
2025-08-04,KRW-QKC,bull_quiet,3,8,0.13767778036838424,0.2683609232921427,0.01235719281883889,0.0011657729074376311,-0.03797652396585388,0.5130321459600348,71.0,0.008208737864077666,eod,0.008208737864077666,0,0.01923076923067124,-0.019230769230863642,A1_sustain,False
2025-08-04,KRW-OP,bull_quiet,3,9,0.08837588900547977,0.1750990906971322,0.007227792026113313,0.008277952664101668,-0.031282977055829594,0.5047192915372872,63.0,0.0485,tp,0.06371739130434789,0,0.08242950108459746,-0.0043383947939273915,A1_sustain,False
2025-08-04,KRW-XTZ,bull_quiet,3,10,0.08837588900547977,0.1750990906971322,0.007227792026113313,0.003031009559337841,-0.031282977055829594,0.5047192915372872,97.0,0.03133302063789861,eod,0.03133302063789861,0,0.03364485981308318,-0.014953271028038229,A1_sustain,False
2025-08-05,KRW-XTZ,bull_quiet,3,1,0.13767778036838424,0.05619025413849382,0.00011657729074376311,0.008277952664101668,-0.021121146208714376,2.4502074688796682,90.0,0.0485,tp,-0.029656221616712053,0,0.06102003642987164,-0.03278688524590245,A1_sustain,False
2025-08-05,KRW-AERGO,bull_quiet,3,2,0.04488748979829777,0.0186523665190021,0.0031479538300104933,0.0011657729074376311,-0.015779826600972623,2.4065305468112395,95.0,-0.0315,sl,-0.04392424242424248,0,0.02469135802468503,-0.037037037037042975,A1_sustain,False
2025-08-05,KRW-ARK,bull_quiet,3,6,0.04488748979829777,0.05619025413849382,0.0031479538300104933,0.003031009559337841,-0.021121146208714376,0.7988483142941872,84.0,-0.0315,sl,-0.04622843450479236,0,0.03758169934640354,-0.03431372549019773,A1_sustain,False
2025-08-06,KRW-ONG,bull_quiet,3,1,0.08837588900547977,0.09245656989623412,0.01235719281883889,0.008277952664101668,-0.025007406332421222,0.9558638083228247,42.0,-0.0315,sl,-0.013795081967213072,0,0.03292181069958433,-0.0493827160493866,A1_sustain,False
2025-08-06,KRW-ARK,bull_quiet,3,2,0.06458381907204476,0.09245656989623412,0.02168590416229451,0.003031009559337841,-0.025007406332421222,0.6985314201524941,57.0,0.013575376884422065,eod,0.013575376884422065,0,0.01497504159733598,-0.02995008319467718,A1_sustain,False
2025-08-06,KRW-DKA,bull_quiet,3,4,0.011892270024484085,0.0186523665190021,0.02168590416229451,0.0011657729074376311,-0.015779826600972623,0.637574326687653,84.0,-0.010845794392523365,eod,-0.010845794392523365,0,0.004672897196214887,-0.02336448598135399,A1_sustain,False
2025-08-07,KRW-SAHARA,bull_quiet,3,4,0.13767778036838424,0.21919085927480472,0.048035443628308264,0.008277952664101668,-0.034545858061190766,0.628118256499804,19.0,0.0485,tp,0.015306722689075571,0,0.049999999999991385,-0.016666666666674823,A1_sustain,False
2025-08-07,KRW-WAVES,bull_quiet,3,8,0.06458381907204476,0.1327815341571462,0.01235719281883889,0.008277952664101668,-0.027979605456093983,0.48639157155399465,38.0,0.014156909462219204,eod,0.014156909462219204,0,0.02040816326530548,-0.012244897959184264,A1_sustain,False
2025-08-07,KRW-PYTH,bull_quiet,3,9,0.04488748979829777,0.09245656989623412,0.007227792026113313,0.008277952664101668,-0.025007406332421222,0.4854981084489281,94.0,0.0485,tp,0.04818944099378891,0,0.05590062111800598,-0.012422360248453335,A1_sustain,False
2025-08-08,KRW-NXPC,bull_quiet,3,1,0.033457682443460014,0.0186523665190021,0.00011657729074376311,0.0011657729074376311,-0.015779826600972623,1.79375,78.0,0.006282101167315148,eod,0.006282101167315148,0,0.0132192846034207,-0.010886469673406562,A1_sustain,False
2025-08-08,KRW-BSV,bull_quiet,3,2,0.022615994404290043,0.0186523665190021,0.00011657729074376311,0.0,-0.015779826600972623,1.2125,92.0,0.0023503850385038784,eod,0.0023503850385038784,0,0.004385964912280604,-0.014528508771929793,A1_sustain,False
2025-08-08,KRW-KAITO,bull_quiet,3,3,0.022615994404290043,0.0186523665190021,0.0031479538300104933,0.0011657729074376311,-0.015779826600972623,1.2125,84.0,0.0485,tp,0.03434905660377369,0,0.04833647206528502,-0.01569365976145698,A1_sustain,False
2025-08-09,KRW-AUCTION,bull_quiet,3,1,0.04488748979829777,0.0186523665190021,0.00011657729074376311,0.00023315458148752622,-0.015779826600972623,2.4065305468112395,97.0,0.03569298245614033,eod,0.03569298245614033,0,0.03935347856640892,-0.0028109627547435734,A1_sustain,False
2025-08-09,KRW-XTZ,bull_quiet,3,2,0.04488748979829777,0.0186523665190021,0.00011657729074376311,0.0003497726477789437,-0.015779826600972623,2.4065305468112395,78.0,0.0485,tp,0.09700483729111703,1,0.21789193976970678,-0.0008857395925605527,A1_sustain,False
2025-08-09,KRW-ARK,bull_quiet,3,3,0.033457682443460014,0.0186523665190021,0.00011657729074376311,0.00023315458148752622,-0.015779826600972623,1.79375,79.0,0.0485,tp,0.04049066874028001,0,0.058451816745653806,-1.6653345369377348e-15,A1_sustain,False
2025-08-10,KRW-MOCA,bull_quiet,3,1,0.04488748979829777,0.0186523665190021,0.00011657729074376311,0.0003497726477789437,-0.015779826600972623,2.4065305468112395,100.0,-0.0315,sl,-0.0015,0,0.018518518518509053,-0.03703703703704586,A1_sustain,False
2025-08-10,KRW-AERGO,bull_quiet,3,2,0.033457682443460014,0.0186523665190021,0.00011657729074376311,0.00023315458148752622,-0.015779826600972623,1.79375,91.0,-0.0315,sl,-0.03108579881656809,0,0.011976047904185494,-0.035928143712580574,A1_sustain,False
2025-08-10,KRW-SNT,bull_quiet,3,3,0.033457682443460014,0.0186523665190021,0.00011657729074376311,0.00023315458148752622,-0.015779826600972623,1.79375,84.0,-0.0315,sl,-0.026500000000000024,0,0.010050251256256137,-0.030150753768868555,A1_sustain,False
2025-08-11,KRW-ELF,bull_quiet,3,1,0.04488748979829777,0.0186523665190021,0.00011657729074376311,0.0003497726477789437,-0.015779826600972623,2.4065305468112395,87.0,0.008567114093959662,eod,0.008567114093959662,0,0.016666666666663277,-0.01000000000000334,A1_sustain,False
2025-08-11,KRW-JST,bull_quiet,3,2,0.033457682443460014,0.0186523665190021,0.00011657729074376311,0.0011657729074376311,-0.015779826600972623,1.79375,97.0,0.0006367521367521291,eod,0.0006367521367521291,0,0.004246284501040032,-0.019108280254797938,A1_sustain,False
2025-08-11,KRW-SNT,bull_quiet,3,3,0.033457682443460014,0.0186523665190021,0.00011657729074376311,0.00023315458148752622,-0.015779826600972623,1.79375,95.0,-0.011730179028132946,eod,-0.011730179028132946,0,0.007614213197943975,-0.02791878172591311,A1_sustain,False
2025-08-12,KRW-MOC,bull_quiet,3,2,0.033457682443460014,0.05619025413849382,0.007227792026113313,0.0011657729074376311,-0.021121146208714376,0.5954356846473029,96.0,0.02800819672131155,eod,0.02800819672131155,0,0.019565217391293244,-0.02608695652174975,A1_sustain,False
2025-08-12,KRW-BERA,bull_quiet,3,4,0.06458381907204476,0.1327815341571462,0.01235719281883889,0.008277952664101668,-0.027979605456093983,0.48639157155399465,93.0,-0.0315,sl,0.03615227021040984,0,0.04217536071032146,-0.03625601183869809,A1_sustain,False
2025-08-12,KRW-MOCA,bull_quiet,3,5,0.04488748979829777,0.09245656989623412,0.007227792026113313,0.008277952664101668,-0.025007406332421222,0.4854981084489281,83.0,0.027911764705882247,eod,0.027911764705882247,0,0.029126213592223005,-0.029126213592242434,A1_sustain,False
2025-08-13,KRW-NXPC,bull_quiet,3,2,0.022615994404290043,0.0186523665190021,0.00011657729074376311,0.0,-0.015779826600972623,1.2125,81.0,-0.0015,eod,-0.0015,0,0.017227877838683625,-0.00783085356303903,A1_sustain,False
2025-08-13,KRW-KAITO,bull_quiet,3,7,0.08837588900547977,0.1327815341571462,0.0009326183259501049,0.008277952664101668,-0.027979605456093983,0.6655736399376694,95.0,0.007514423076923129,eod,0.007514423076923129,0,0.02953586497890237,-0.009644364074744338,A1_sustain,False
2025-08-13,KRW-ME,bull_quiet,3,8,0.011892270024484085,0.0186523665190021,0.00011657729074376311,0.00023315458148752622,-0.015779826600972623,0.637574326687653,76.0,0.01404907677356665,eod,0.01404907677356665,0,0.024461839530331764,-0.013698630136987244,A1_sustain,False
2025-08-14,KRW-BTT,bull_quiet,3,1,0.022615994404290043,0.0186523665190021,0.00011657729074376311,0.0,-0.015779826600972623,1.2125,82.0,-0.0315,sl,-0.03418641470888667,0,0.00408163162848818,-0.044897960158267414,A1_sustain,False
2025-08-14,KRW-MOCA,bull_quiet,3,2,0.022615994404290043,0.0186523665190021,0.00011657729074376311,0.0003497726477789437,-0.015779826600972623,1.2125,96.0,-0.0315,sl,-0.057574766355140194,0,0.009345794392513929,-0.07757009345795252,A1_sustain,False
2025-08-14,KRW-SNT,bull_quiet,3,3,0.022615994404290043,0.0186523665190021,0.00011657729074376311,0.0,-0.015779826600972623,1.2125,92.0,-0.0315,sl,-0.02927777777777779,0,0.03535353535350905,-0.040404040404064756,A1_sustain,False
2025-08-15,KRW-CTC,bull_quiet,3,7,0.08837588900547977,0.1750990906971322,0.02168590416229451,0.008277952664101668,-0.031282977055829594,0.5047192915372872,83.0,0.004566734074823055,eod,0.004566734074823055,0,0.05081300813008016,-0.017276422764228694,A1_sustain,False
2025-08-15,KRW-CBK,bull_quiet,3,9,0.04488748979829777,0.09245656989623412,0.02168590416229451,0.0011657729074376311,-0.025007406332421222,0.4854981084489281,48.0,-0.005079952267303121,eod,-0.005079952267303121,0,0.027283511269275085,-0.027283511269277527,A1_sustain,False
2025-08-15,KRW-ATH,bull_quiet,3,12,0.08837588900547977,0.21919085927480472,0.01235719281883889,0.008277952664101668,-0.034545858061190766,0.40319148936170207,88.0,-0.0315,sl,-0.012048523206751037,0,0.01898734177213024,-0.033755274261623835,A1_sustain,False
2025-08-16,KRW-KAVA,bull_quiet,3,1,0.04488748979829777,0.05619025413849382,0.0009326183259501049,0.0003497726477789437,-0.021121146208714376,0.7988483142941872,66.0,0.0003975332068311701,eod,0.0003975332068311701,0,0.01707779886147809,-0.009487666034157516,A1_sustain,False
2025-08-16,KRW-ZRO,bull_quiet,3,7,0.08837588900547977,0.21919085927480472,0.007227792026113313,0.008277952664101668,-0.034545858061190766,0.40319148936170207,78.0,-0.012667512690355319,eod,-0.012667512690355319,0,0.0030477480528272594,-0.024381984422621406,A1_sustain,False
2025-08-16,KRW-MOC,bull_quiet,3,8,0.08837588900547977,0.21919085927480472,0.02168590416229451,0.003031009559337841,-0.034545858061190766,0.40319148936170207,22.0,-0.005819654427645702,eod,-0.005819654427645702,0,0.005296610169480909,-0.030720338983061146,A1_sustain,False
2025-08-17,KRW-CTC,bull_quiet,3,6,0.06458381907204476,0.1750990906971322,0.01235719281883889,0.008277952664101668,-0.031282977055829594,0.3688415446071904,47.0,0.005585020242914908,eod,0.005585020242914908,0,0.011077542799596163,-0.011077542799598161,A1_sustain,False
2025-08-17,KRW-IOTA,bull_quiet,3,13,0.06458381907204476,0.21919085927480472,0.007227792026113313,0.008277952664101668,-0.034545858061190766,0.29464649796857867,49.0,0.0019602076124568004,eod,0.0019602076124568004,0,0.034602076124563785,-0.010380622837373732,A1_sustain,False
2025-08-17,KRW-DRIFT,bull_quiet,3,16,0.04488748979829777,0.1750990906971322,0.0009326183259501049,0.003031009559337841,-0.031282977055829594,0.25635478527949285,92.0,-0.0249375,eod,-0.0249375,0,0.005208333333331927,-0.026041666666667962,A1_sustain,False
2025-08-18,KRW-CTC,bull_quiet,3,4,0.04488748979829777,0.09245656989623412,0.0031479538300104933,0.008277952664101668,-0.025007406332421222,0.4854981084489281,89.0,-0.0315,sl,-0.027630653266331684,0,-9.992007221626409e-16,-0.049098196392786564,A1_sustain,False
2025-08-18,KRW-XTZ,bull_quiet,3,15,0.06458381907204476,0.1750990906971322,0.02168590416229451,0.008277952664101668,-0.031282977055829594,0.3688415446071904,60.0,-0.0315,sl,-0.04183613445378148,0,0.0025167785234891937,-0.05536912751677925,A1_sustain,False
2025-08-18,KRW-AKT,bull_quiet,3,16,0.033457682443460014,0.09245656989623412,0.0009326183259501049,0.003031009559337841,-0.025007406332421222,0.36187458047611165,97.0,-0.0315,sl,-0.051472542559033496,0,0.001098901098900651,-0.05384615384615432,A1_sustain,False
2025-08-19,KRW-GLM,bull_quiet,3,12,0.04488748979829777,0.21919085927480472,0.02168590416229451,0.008277952664101668,-0.034545858061190766,0.20478723404255317,30.0,0.0485,tp,-0.03568803418803418,0,0.039106145251393665,-0.058659217877097714,A1_sustain,False
2025-08-19,KRW-ZIL,bull_quiet,3,15,0.033457682443460014,0.1750990906971322,0.01235719281883889,0.0003497726477789437,-0.031282977055829594,0.1910785619174434,96.0,-0.0315,sl,-0.027474025974025984,0,0.012987012986947155,-0.03246753246759526,A1_sustain,False
2025-08-19,KRW-POKT,bull_quiet,3,16,0.033457682443460014,0.1750990906971322,0.032058754954534856,0.008277952664101668,-0.031282977055829594,0.1910785619174434,67.0,-0.0315,sl,-0.05842599620493355,0,0.0056818181817992475,-0.07196969696971456,A1_sustain,False
2025-08-20,KRW-LPT,bull_quiet,3,11,0.033457682443460014,0.1750990906971322,0.01235719281883889,0.003031009559337841,-0.031282977055829594,0.1910785619174434,93.0,0.0485,tp,0.04762280701754379,0,0.06069534472598681,-0.0011785503830290534,A1_sustain,False
2025-08-20,KRW-1INCH,bull_quiet,3,12,0.033457682443460014,0.21919085927480472,0.08871531825600373,0.003031009559337841,-0.034545858061190766,0.1526417778284875,68.0,0.0485,tp,0.060083577712609915,0,0.07396449704141683,-0.005917159763316637,A1_sustain,False
2025-08-20,KRW-ORCA,bull_quiet,3,13,0.04488748979829777,0.33321674245074034,0.048035443628308264,0.003031009559337841,-0.043675717077809977,0.13470958712386283,25.0,0.020650882825040073,eod,0.020650882825040073,0,0.04741799285482262,-0.0022734654108479413,A1_sustain,False
2025-08-21,KRW-ARDR,bull_quiet,3,17,0.022615994404290043,0.05619025413849382,0.0009326183259501049,0.00023315458148752622,-0.021121146208714376,0.40248962655601656,92.0,-0.01737301587301593,eod,-0.01737301587301593,0,0.007936507936499915,-0.023809523809531496,A1_sustain,False
2025-08-21,KRW-NEWT,bull_quiet,3,19,0.06458381907204476,0.1750990906971322,0.0031479538300104933,0.003031009559337841,-0.031282977055829594,0.3688415446071904,45.0,-0.0315,sl,-0.022626760563380255,0,0.018735362997655658,-0.039812646370025684,A1_sustain,False
2025-08-21,KRW-UNI,bull_quiet,3,25,0.06458381907204476,0.21919085927480472,0.0031479538300104933,0.003031009559337841,-0.034545858061190766,0.29464649796857867,50.0,-0.0315,sl,-0.02527717391304346,0,0.007432432432432412,-0.035810810810810945,A1_sustain,False
2025-08-22,KRW-BLAST,bull_quiet,3,12,0.04488748979829777,0.1750990906971322,0.01235719281883889,0.003031009559337841,-0.031282977055829594,0.25635478527949285,48.0,-0.0315,sl,0.06973287671232892,0,0.05080213903715225,-0.06417112299490269,A1_sustain,False
2025-08-22,KRW-NEWT,bull_quiet,3,15,0.04488748979829777,0.1750990906971322,0.02168590416229451,0.0003497726477789437,-0.031282977055829594,0.25635478527949285,57.0,-0.0315,sl,0.02727697841726623,0,0.04830917874395868,-0.038647342995171474,A1_sustain,False
2025-08-22,KRW-ONT,bull_quiet,3,17,0.033457682443460014,0.1327815341571462,0.048035443628308264,0.008277952664101668,-0.027979605456093983,0.2519754170324846,69.0,-0.0315,sl,0.07376881720430101,0,0.05319148936169649,-0.05851063829787728,A1_sustain,False
2025-08-23,KRW-BTT,bull_quiet,3,1,0.033457682443460014,0.0186523665190021,0.00011657729074376311,0.00023315458148752622,-0.015779826600972623,1.79375,52.0,0.0485,tp,-0.0015,0,0.09341825786261349,-0.0010615721857095695,A1_sustain,False
2025-08-23,KRW-GMT,bull_quiet,3,2,0.06458381907204476,0.05619025413849382,0.0009326183259501049,0.008277952664101668,-0.021121146208714376,1.1493775933609958,97.0,-0.016205882352941237,eod,-0.016205882352941237,0,0.00488599348532559,-0.030944625407181903,A1_sustain,False
2025-08-23,KRW-MOVE,bull_quiet,3,3,0.06458381907204476,0.05619025413849382,0.0009326183259501049,0.0011657729074376311,-0.021121146208714376,1.1493775933609958,56.0,-0.0315,sl,-0.012252688172043,0,0.010752688172037672,-0.03225806451613422,A1_sustain,False
2025-08-24,KRW-LAYER,bull_quiet,3,2,0.022615994404290043,0.0186523665190021,0.0009326183259501049,0.00023315458148752622,-0.015779826600972623,1.2125,61.0,-0.0315,sl,-0.02253960396039606,0,0.038605230386050904,-0.031133250311333738,A1_sustain,False
2025-08-24,KRW-BLAST,bull_quiet,3,3,0.04488748979829777,0.05619025413849382,0.0009326183259501049,0.0011657729074376311,-0.021121146208714376,0.7988483142941872,87.0,-0.0315,sl,-0.03805352480417762,0,0.007853403141097504,-0.04450261780129727,A1_sustain,False
2025-08-24,KRW-BTT,bull_quiet,3,4,0.04488748979829777,0.05619025413849382,0.0009326183259501049,0.003031009559337841,-0.021121146208714376,0.7988483142941872,27.0,0.021560796645702374,eod,0.021560796645702374,0,0.013457555886690065,-0.023809524820072814,A1_sustain,False
2025-08-25,KRW-W,bull_quiet,3,1,0.06458381907204476,0.09245656989623412,0.01235719281883889,0.003031009559337841,-0.025007406332421222,0.6985314201524941,91.0,-0.0315,sl,-0.1243070175438597,0,0.01754385964911398,-0.13070175438597254,A1_sustain,False
2025-08-25,KRW-BTT,bull_quiet,3,3,0.011892270024484085,0.0186523665190021,0.0031479538300104933,0.00023315458148752622,-0.015779826600972623,0.637574326687653,61.0,-0.0315,sl,-0.04863114754098358,0,0.061394379748809236,-0.040582727325096046,A1_sustain,False
2025-08-25,KRW-INJ,bull_quiet,3,7,0.08837588900547977,0.1750990906971322,0.0031479538300104933,0.008277952664101668,-0.031282977055829594,0.5047192915372872,96.0,-0.0315,sl,-0.09549999999999997,0,0.01354062186559668,-0.09578736208625882,A1_sustain,False
2025-08-26,KRW-SC,bull_quiet,3,10,0.06458381907204476,0.21919085927480472,0.02168590416229451,0.008277952664101668,-0.034545858061190766,0.29464649796857867,47.0,0.024200934579439226,eod,0.024200934579439226,0,0.006849315068263362,-0.03652968036551685,A1_sustain,False
2025-08-26,KRW-STEEM,bull_quiet,3,12,0.06458381907204476,0.2683609232921427,0.032058754954534856,0.003031009559337841,-0.03797652396585388,0.24066029539530842,36.0,0.0485,tp,0.04319273743016755,0,0.0329670329670273,-0.027472527472532815,A1_sustain,False
2025-08-26,KRW-ZIL,bull_quiet,3,13,0.04488748979829777,0.21919085927480472,0.032058754954534856,0.008277952664101668,-0.034545858061190766,0.20478723404255317,98.0,0.036961538461538546,eod,0.036961538461538546,0,0.03184713375789605,-0.01273885350324755,A1_sustain,False
2025-08-27,KRW-API3,bull_quiet,3,5,0.13767778036838424,0.2683609232921427,0.048035443628308264,0.008277952664101668,-0.03797652396585388,0.5130321459600348,26.0,-0.0315,sl,-0.03740040532715688,0,0.0005727376861393019,-0.052691867124857295,A1_sustain,False
2025-08-27,KRW-FIL,bull_quiet,3,7,0.06458381907204476,0.1327815341571462,0.007227792026113313,0.008277952664101668,-0.027979605456093983,0.48639157155399465,61.0,-0.004274352651048084,eod,-0.004274352651048084,0,0.007368744243168246,-0.01473748848633738,A1_sustain,False
2025-08-27,KRW-AVAX,bull_quiet,3,9,0.08837588900547977,0.21919085927480472,0.007227792026113313,0.008277952664101668,-0.034545858061190766,0.40319148936170207,30.0,0.011180625184311456,eod,0.011180625184311456,0,0.043657817109144625,-0.01415929203539823,A1_sustain,False
2025-08-28,KRW-MANTRA,bull_quiet,3,4,0.08837588900547977,0.1750990906971322,0.048035443628308264,0.003031009559337841,-0.031282977055829594,0.5047192915372872,32.0,0.0485,tp,0.017075851393188846,0,0.02173913043477005,-0.018633540372682944,A1_sustain,False
2025-08-28,KRW-VANA,bull_quiet,3,12,0.04488748979829777,0.1327815341571462,0.0031479538300104933,0.008277952664101668,-0.027979605456093983,0.3380552128971012,79.0,0.014506739679865101,eod,0.014506739679865101,0,0.029535864978902815,-0.01097046413502123,A1_sustain,False
2025-08-28,KRW-AXL,bull_quiet,3,13,0.04488748979829777,0.1327815341571462,0.032058754954534856,0.008277952664101668,-0.027979605456093983,0.3380552128971012,75.0,0.019189655172413833,eod,0.019189655172413833,0,0.03720930232557884,-0.004651162790699992,A1_sustain,False
2025-08-29,KRW-ATH,bull_quiet,3,7,0.08837588900547977,0.1327815341571462,0.01235719281883889,0.003031009559337841,-0.027979605456093983,0.6655736399376694,30.0,-0.0315,sl,-0.04545604395604391,0,0.0021881838074178095,-0.06564551422321518,A1_sustain,False
2025-08-29,KRW-APT,bull_quiet,3,8,0.011892270024484085,0.0186523665190021,0.0009326183259501049,0.0,-0.015779826600972623,0.637574326687653,88.0,-0.0315,sl,-0.04008520900321538,0,0.0040128410914925805,-0.054574638844301915,A1_sustain,False
2025-08-29,KRW-NXPC,bull_quiet,3,9,0.011892270024484085,0.0186523665190021,0.0009326183259501049,0.0003497726477789437,-0.015779826600972623,0.637574326687653,92.0,0.0485,tp,-0.03419230769230769,0,0.08437200383509014,-0.04985618408437287,A1_sustain,False
2025-08-30,KRW-CYBER,bull_quiet,3,18,0.06458381907204476,0.21919085927480472,0.02168590416229451,0.008277952664101668,-0.034545858061190766,0.29464649796857867,78.0,0.0485,tp,0.018064414913252114,0,0.09719142645971868,-0.021064301552106812,A1_sustain,False
2025-08-30,KRW-BLAST,bull_quiet,3,21,0.06458381907204476,0.2683609232921427,0.032058754954534856,0.008277952664101668,-0.03797652396585388,0.24066029539530842,89.0,-0.004324858757062176,eod,-0.004324858757062176,0,0.008426966291851468,-0.03089887640476663,A1_sustain,False
2025-08-30,KRW-AAVE,bull_quiet,3,23,0.04488748979829777,0.21919085927480472,0.032058754954534856,0.008277952664101668,-0.034545858061190766,0.20478723404255317,46.0,-0.0315,sl,-0.004185765443151244,0,0.0,-0.034782608695652195,A1_sustain,False
2025-08-31,KRW-JTO,bull_quiet,3,4,0.08837588900547977,0.1750990906971322,0.02168590416229451,0.008277952664101668,-0.031282977055829594,0.5047192915372872,98.0,-0.0315,sl,-0.03464917127071826,0,0.018491124260354708,-0.029215976331361304,A1_sustain,False
2025-08-31,KRW-CKB,bull_quiet,3,5,0.04488748979829777,0.09245656989623412,0.007227792026113313,0.008277952664101668,-0.025007406332421222,0.4854981084489281,71.0,-0.0315,sl,-0.027739067055393696,0,0.015965166908415762,-0.03338171262713585,A1_sustain,False
2025-08-31,KRW-API3,bull_quiet,3,14,0.08837588900547977,0.2683609232921427,0.032058754954534856,0.003031009559337841,-0.03797652396585388,0.329317278839707,40.0,0.0485,tp,-0.044895022335673274,0,0.06525911708253296,-0.028150991682662108,A1_sustain,False
2025-09-01,KRW-MANA,bull_quiet,3,4,0.08837588900547977,0.21919085927480472,0.032058754954534856,0.008277952664101668,-0.034545858061190766,0.40319148936170207,25.0,0.0485,tp,0.001012562814070307,0,0.09499999999999731,-0.03250000000000253,A1_sustain,False
2025-09-01,KRW-ONT,bull_quiet,3,9,0.13767778036838424,0.4397295406854745,0.048035443628308264,0.008277952664101668,-0.05326459815786506,0.3130965005302227,48.0,-0.0315,sl,-0.045834975369458075,0,0.024509803921563655,-0.06372549019608298,A1_sustain,False
2025-09-01,KRW-ANKR,bull_quiet,3,16,0.04488748979829777,0.1750990906971322,0.032058754954534856,0.0011657729074376311,-0.031282977055829594,0.25635478527949285,55.0,-0.01106937799043056,eod,-0.01106937799043056,0,0.014150943396178617,-0.042452830188724255,A1_sustain,False
2025-09-02,KRW-LPT,bull_quiet,3,1,0.13767778036838424,0.2683609232921427,0.01235719281883889,0.008277952664101668,-0.03797652396585388,0.5130321459600348,90.0,0.014786644951140073,eod,0.014786644951140073,0,0.029252437703141787,-0.010834236186349044,A1_sustain,False
2025-09-02,KRW-AWE,bull_quiet,3,11,0.04488748979829777,0.1750990906971322,0.01235719281883889,0.003031009559337841,-0.031282977055829594,0.25635478527949285,70.0,0.0485,tp,0.039101503759398526,0,0.0584707646176752,-0.011994002998515496,A1_sustain,False
2025-09-02,KRW-TIA,bull_quiet,3,13,0.04488748979829777,0.1750990906971322,0.048035443628308264,0.003031009559337841,-0.031282977055829594,0.25635478527949285,89.0,0.03512494204914224,eod,0.03512494204914224,0,0.038870893105043436,-0.006015733456733452,A1_sustain,False
2025-09-03,KRW-SNT,bull_quiet,3,7,0.033457682443460014,0.05619025413849382,0.01235719281883889,0.0003497726477789437,-0.021121146208714376,0.5954356846473029,43.0,-0.00428551532033433,eod,-0.00428551532033433,0,0.008356545960974682,-0.016713091922033074,A1_sustain,False
2025-09-03,KRW-DRIFT,bull_quiet,3,12,0.08837588900547977,0.21919085927480472,0.007227792026113313,0.008277952664101668,-0.034545858061190766,0.40319148936170207,71.0,-0.0315,sl,-0.02307360406091369,0,0.027812895069530885,-0.048040455120102354,A1_sustain,False
2025-09-03,KRW-SYRUP,bull_quiet,3,16,0.06458381907204476,0.1750990906971322,0.007227792026113313,0.008277952664101668,-0.031282977055829594,0.3688415446071904,46.0,0.0485,tp,0.0756653543307087,0,0.09905660377358316,-0.007861635220127394,A1_sustain,False
2025-09-04,KRW-W,bull_quiet,3,7,0.08837588900547977,0.1750990906971322,0.007227792026113313,0.008277952664101668,-0.031282977055829594,0.5047192915372872,47.0,-0.0315,sl,-0.04654504504504503,0,0.009090909090899935,-0.045454545454554074,A1_sustain,False
2025-09-04,KRW-AXS,bull_quiet,3,10,0.04488748979829777,0.09245656989623412,0.0009326183259501049,0.003031009559337841,-0.025007406332421222,0.4854981084489281,65.0,-0.0315,sl,-0.0275713215462991,0,0.005714285714285339,-0.04330827067669196,A1_sustain,False
2025-09-04,KRW-GMT,bull_quiet,3,13,0.022615994404290043,0.05619025413849382,0.007227792026113313,0.003031009559337841,-0.021121146208714376,0.40248962655601656,99.0,-0.0315,sl,-0.023836769759450205,0,0.0017182130584019184,-0.03780068728524,A1_sustain,False
2025-09-05,KRW-MANA,bull_quiet,3,6,0.06458381907204476,0.1750990906971322,0.02168590416229451,0.008277952664101668,-0.031282977055829594,0.3688415446071904,54.0,0.0485,tp,0.06278571428571428,0,0.10791366906474553,-2.4424906541753444e-15,A1_sustain,False
2025-09-05,KRW-SAHARA,bull_quiet,3,12,0.033457682443460014,0.1327815341571462,0.007227792026113313,0.0003497726477789437,-0.027979605456093983,0.2519754170324846,26.0,-0.0015,eod,-0.0015,0,0.01574803149605497,-0.007874015748039254,A1_sustain,False
2025-09-05,KRW-NEWT,bull_quiet,3,13,0.06458381907204476,0.2683609232921427,0.048035443628308264,0.003031009559337841,-0.03797652396585388,0.24066029539530842,10.0,-0.0315,sl,-0.015198630136986356,0,0.04722222222221917,-0.019444444444447262,A1_sustain,False
2025-09-06,KRW-AXL,bull_quiet,3,3,0.08837588900547977,0.1327815341571462,0.02168590416229451,0.008277952664101668,-0.027979605456093983,0.6655736399376694,41.0,-0.011069377990430672,eod,-0.011069377990430672,0,0.0023752969121115797,-0.02137767220902853,A1_sustain,False
2025-09-06,KRW-A,bull_quiet,3,4,0.011892270024484085,0.0186523665190021,0.00011657729074376311,0.00023315458148752622,-0.015779826600972623,0.637574326687653,55.0,-0.0106324200913242,eod,-0.0106324200913242,0,0.00456621004566049,-0.018264840182649955,A1_sustain,False
2025-09-06,KRW-AXS,bull_quiet,3,8,0.06458381907204476,0.1327815341571462,0.0031479538300104933,0.008277952664101668,-0.027979605456093983,0.48639157155399465,69.0,-0.011969638049655949,eod,-0.011969638049655949,0,0.0005964807634950553,-0.01849090366835693,A1_sustain,False
2025-09-07,KRW-ZRX,bull_quiet,3,5,0.06458381907204476,0.1327815341571462,0.007227792026113313,0.008277952664101668,-0.027979605456093983,0.48639157155399465,44.0,0.01706763925729443,eod,0.01706763925729443,0,0.037037037037034315,-0.010582010582013246,A1_sustain,False
2025-09-07,KRW-MOVE,bull_quiet,3,8,0.006994637444625787,0.0186523665190021,0.0009326183259501049,0.00023315458148752622,-0.015779826600972623,0.375,47.0,-0.0015,eod,-0.0015,0,0.006024096385536248,-0.018072289156632393,A1_sustain,False
2025-09-07,KRW-POL,bull_quiet,3,9,0.06458381907204476,0.1750990906971322,0.02168590416229451,0.003031009559337841,-0.031282977055829594,0.3688415446071904,22.0,0.0037083333333332593,eod,0.0037083333333332593,0,0.031413612565442284,-2.6645352591003757e-15,A1_sustain,False
2025-09-08,KRW-FIL,bull_quiet,3,1,0.08837588900547977,0.1327815341571462,0.0031479538300104933,0.008277952664101668,-0.027979605456093983,0.6655736399376694,49.0,0.021916391474031738,eod,0.021916391474031738,0,0.02933253516911072,-0.006285543250524106,A1_sustain,False
2025-09-08,KRW-TRX,bull_quiet,3,2,0.011892270024484085,0.0186523665190021,0.00011657729074376311,0.0,-0.015779826600972623,0.637574326687653,21.0,-0.0015,eod,-0.0015,0,0.008658008658006366,-0.006493506493508661,A1_sustain,False
2025-09-08,KRW-PUNDIX,bull_quiet,3,5,0.033457682443460014,0.05619025413849382,0.0009326183259501049,0.003031009559337841,-0.021121146208714376,0.5954356846473029,92.0,0.014373015873015817,eod,0.014373015873015817,0,0.03628117913831952,-0.013605442176872984,A1_sustain,False
2025-09-09,KRW-BLAST,bull_quiet,3,1,0.033457682443460014,0.0186523665190021,0.00011657729074376311,0.00023315458148752622,-0.015779826600972623,1.79375,87.0,0.013162756598240457,eod,0.013162756598240457,0,0.03235294117616694,-0.011764705882643667,A1_sustain,False
2025-09-09,KRW-ANIME,bull_quiet,3,2,0.022615994404290043,0.0186523665190021,0.00011657729074376311,0.00023315458148752622,-0.015779826600972623,1.2125,90.0,0.0030871559633026137,eod,0.0030871559633026137,0,0.03686635944695693,-0.004608294930921297,A1_sustain,False
2025-09-09,KRW-WAVES,bull_quiet,3,3,0.022615994404290043,0.0186523665190021,0.00011657729074376311,0.0,-0.015779826600972623,1.2125,63.0,-0.006595541401273884,eod,-0.006595541401273884,0,0.011479591836734082,-0.01084183673469441,A1_sustain,False
2025-09-10,KRW-NXPC,bull_quiet,3,5,0.04488748979829777,0.05619025413849382,0.0031479538300104933,0.008277952664101668,-0.021121146208714376,0.7988483142941872,38.0,0.0068945435466945554,eod,0.0068945435466945554,0,0.007291666666665586,-0.014583333333334392,A1_sustain,False
2025-09-10,KRW-RAY,bull_quiet,3,6,0.04488748979829777,0.05619025413849382,0.0031479538300104933,0.0011657729074376311,-0.021121146208714376,0.7988483142941872,76.0,0.0485,tp,0.038362098685628176,0,0.05990088343029498,-0.007110536522301425,A1_sustain,False
2025-09-10,KRW-BERA,bull_quiet,3,7,0.06458381907204476,0.09245656989623412,0.007227792026113313,0.0003497726477789437,-0.025007406332421222,0.6985314201524941,65.0,0.02644840294840295,eod,0.02644840294840295,0,0.036296524146416154,-0.009535527529991095,A1_sustain,False
2025-09-11,KRW-WAVES,bull_quiet,3,1,0.022615994404290043,0.0186523665190021,0.00011657729074376311,0.0,-0.015779826600972623,1.2125,93.0,0.0010542784163474774,eod,0.0010542784163474774,0,0.0057288351368549595,-0.008274984086569681,A1_sustain,False
2025-09-11,KRW-CTC,bull_quiet,3,2,0.022615994404290043,0.0186523665190021,0.0009326183259501049,0.0003497726477789437,-0.015779826600972623,1.2125,57.0,0.02067036172695441,eod,0.02067036172695441,0,0.035005834305716466,-0.008168028004668648,A1_sustain,False
2025-09-11,KRW-PENDLE,bull_quiet,3,3,0.022615994404290043,0.0186523665190021,0.0009326183259501049,0.0003497726477789437,-0.015779826600972623,1.2125,85.0,0.0485,tp,0.10083258088788566,0,0.11601796407185616,-0.006736526946107935,A1_sustain,False
2025-09-12,KRW-CYBER,bull_quiet,3,1,0.022615994404290043,0.0186523665190021,0.00011657729074376311,0.0003497726477789437,-0.015779826600972623,1.2125,81.0,0.005107073455110691,eod,0.005107073455110691,0,0.012470771628994237,-0.021044427123928622,A1_sustain,False
2025-09-12,KRW-ID,bull_quiet,3,2,0.022615994404290043,0.0186523665190021,0.00011657729074376311,0.003031009559337841,-0.015779826600972623,1.2125,100.0,0.015816017316017394,eod,0.015816017316017394,0,0.017316017316012955,-0.01298701298701721,A1_sustain,False
2025-09-12,KRW-JTO,bull_quiet,3,3,0.022615994404290043,0.0186523665190021,0.00011657729074376311,0.00023315458148752622,-0.015779826600972623,1.2125,97.0,-0.0315,sl,0.07680151928320994,0,0.10440202571094614,-0.030775223996883816,A1_sustain,False
2025-09-13,KRW-A,bull_quiet,3,1,0.033457682443460014,0.0186523665190021,0.00011657729074376311,0.0011657729074376311,-0.015779826600972623,1.79375,39.0,0.022133677991137468,eod,0.022133677991137468,0,0.01769911504424626,-0.00737463126843807,A1_sustain,False
2025-09-13,KRW-GMT,bull_quiet,3,2,0.022615994404290043,0.0186523665190021,0.00011657729074376311,0.00023315458148752622,-0.015779826600972623,1.2125,93.0,0.014525641025640969,eod,0.014525641025640969,0,0.0207999999999835,-0.012800000000015799,A1_sustain,False
2025-09-13,KRW-ME,bull_quiet,3,3,0.022615994404290043,0.0186523665190021,0.00011657729074376311,0.0,-0.015779826600972623,1.2125,76.0,0.021993360572012233,eod,0.021993360572012233,0,0.026476578411404272,-0.009164969450102811,A1_sustain,False
2025-09-14,KRW-ERA,bull_quiet,3,1,0.022615994404290043,0.0186523665190021,0.00011657729074376311,0.00023315458148752622,-0.015779826600972623,1.2125,86.0,-0.0315,sl,-0.015453488372092981,0,0.016713091922004653,-0.03435468895079008,A1_sustain,False
2025-09-14,KRW-NEO,bull_quiet,3,2,0.022615994404290043,0.0186523665190021,0.00011657729074376311,0.0,-0.015779826600972623,1.2125,75.0,-0.0315,sl,-0.027501040041601643,0,0.0010395010395007898,-0.03586278586278602,A1_sustain,False
2025-09-14,KRW-POKT,bull_quiet,3,3,0.022615994404290043,0.0186523665190021,0.00011657729074376311,0.0003497726477789437,-0.015779826600972623,1.2125,73.0,-0.003596436058700246,eod,-0.003596436058700246,0,-2.0761170560490427e-14,-0.022821576763505824,A1_sustain,False
2025-09-15,KRW-ARKM,bull_quiet,3,1,0.13767778036838424,0.21919085927480472,0.02168590416229451,0.008277952664101668,-0.034545858061190766,0.628118256499804,85.0,-0.0315,sl,-0.05365419501133789,0,0.042093287827075,-0.07053469852104777,A1_sustain,False
2025-09-15,KRW-KAITO,bull_quiet,3,2,0.13767778036838424,0.2683609232921427,0.01235719281883889,0.008277952664101668,-0.03797652396585388,0.5130321459600348,72.0,-0.0315,sl,-0.06043074119076547,0,0.019536019536019023,-0.0671550671550677,A1_sustain,False
2025-09-15,KRW-PENGU,bull_quiet,3,6,0.13767778036838424,0.33321674245074034,0.048035443628308264,0.008277952664101668,-0.043675717077809977,0.4131778594190454,20.0,-0.0315,sl,-0.047143153526971016,0,0.012422360248426134,-0.06418219461699648,A1_sustain,False
2025-09-16,KRW-ONDO,bull_quiet,3,16,0.04488748979829777,0.1750990906971322,0.007227792026113313,0.0003497726477789437,-0.031282977055829594,0.25635478527949285,19.0,-0.017527874564459978,eod,-0.017527874564459978,0,0.009695290858725114,-0.02770083102493137,A1_sustain,False
2025-09-16,KRW-GAME2,bull_quiet,3,17,0.033457682443460014,0.1327815341571462,0.007227792026113313,0.003031009559337841,-0.027979605456093983,0.2519754170324846,34.0,-0.010911764705882341,eod,-0.010911764705882341,0,0.006928406466280235,-0.04618937644363841,A1_sustain,False
2025-09-16,KRW-KAITO,bull_quiet,3,20,0.04488748979829777,0.21919085927480472,0.032058754954534856,0.003031009559337841,-0.034545858061190766,0.20478723404255317,66.0,0.0485,tp,0.06564009038089097,0,0.0006389776357822452,-0.033226837060703396,A1_sustain,False
2025-09-17,KRW-WLD,bull_quiet,3,3,0.27197481930519934,0.33321674245074034,0.048035443628308264,0.008277952664101668,-0.043675717077809977,0.8162099458294944,20.0,0.0485,tp,0.052489488772097526,0,0.06377915278438784,-0.02189433603046209,A1_sustain,False
2025-09-17,KRW-MANA,bull_quiet,3,7,0.08837588900547977,0.1750990906971322,0.0009326183259501049,0.008277952664101668,-0.031282977055829594,0.5047192915372872,57.0,-0.0315,sl,0.013083333333333393,0,0.022869022869020705,-0.03950103950104156,A1_sustain,False
2025-09-17,KRW-RED,bull_quiet,3,13,0.06458381907204476,0.1750990906971322,0.032058754954534856,0.0003497726477789437,-0.031282977055829594,0.3688415446071904,46.0,0.00972194513715713,eod,0.00972194513715713,0,0.0024630541871908385,-0.039408866995075065,A1_sustain,False
2025-09-18,KRW-QTUM,bull_quiet,3,2,0.022615994404290043,0.0186523665190021,0.00011657729074376311,0.0,-0.015779826600972623,1.2125,76.0,0.0016939605110336,eod,0.0016939605110336,0,0.007267441860464796,-0.010174418604651403,A1_sustain,False
2025-09-18,KRW-API3,bull_quiet,3,7,0.04488748979829777,0.05619025413849382,0.0009326183259501049,0.0003497726477789437,-0.021121146208714376,0.7988483142941872,70.0,6.024096385560864e-06,eod,6.024096385560864e-06,0,0.01284958427815508,-0.012093726379441394,A1_sustain,False
2025-09-18,KRW-IOTA,bull_quiet,3,8,0.011892270024484085,0.0186523665190021,0.00011657729074376311,0.0,-0.015779826600972623,0.637574326687653,97.0,0.009652416356877249,eod,0.009652416356877249,0,0.014814814814811061,-0.011111111111114846,A1_sustain,False
2025-09-19,KRW-API3,bull_quiet,3,1,0.033457682443460014,0.0186523665190021,0.00011657729074376311,0.0003497726477789437,-0.015779826600972623,1.79375,88.0,-0.0315,sl,-0.03600862715678915,0,0.007535795026374581,-0.03843255463451456,A1_sustain,False
2025-09-19,KRW-QTUM,bull_quiet,3,2,0.022615994404290043,0.0186523665190021,0.0009326183259501049,0.0,-0.015779826600972623,1.2125,82.0,-0.0315,sl,-0.02783101851851849,0,0.005797101449275033,-0.032463768115942315,A1_sustain,False
2025-09-19,KRW-SYRUP,bull_quiet,3,3,0.022615994404290043,0.0186523665190021,0.0009326183259501049,0.00023315458148752622,-0.015779826600972623,1.2125,83.0,-0.0315,sl,-0.03537096774193543,0,0.008064516129030697,-0.04193548387096935,A1_sustain,False
2025-09-20,KRW-PYTH,bull_quiet,3,13,0.06458381907204476,0.1750990906971322,0.02168590416229451,0.008277952664101668,-0.031282977055829594,0.3688415446071904,56.0,0.0485,tp,0.024362068965517347,0,0.05128205128204688,-0.012820512820516994,A1_sustain,False
2025-09-20,KRW-CRO,bull_quiet,3,14,0.033457682443460014,0.09245656989623412,0.01235719281883889,0.0003497726477789437,-0.025007406332421222,0.36187458047611165,77.0,-0.01984862385321101,eod,-0.01984862385321101,0,0.0030581039755319672,-0.01834862385321412,A1_sustain,False
2025-09-20,KRW-MOODENG,bull_quiet,3,16,0.08837588900547977,0.2683609232921427,0.08871531825600373,0.008277952664101668,-0.03797652396585388,0.329317278839707,52.0,-0.0315,sl,-0.029612449799196805,0,0.012096774193544269,-0.028225806451616764,A1_sustain,False
2025-09-21,KRW-HOLO,bull_quiet,3,10,0.13767778036838424,0.33321674245074034,0.032058754954534856,0.008277952664101668,-0.043675717077809977,0.4131778594190454,12.0,0.0485,tp,0.025737354085603015,0,0.0757281553398037,-0.009708737864079664,A1_sustain,False
2025-09-21,KRW-MOODENG,bull_quiet,3,23,0.06458381907204476,0.21919085927480472,0.032058754954534856,0.003031009559337841,-0.034545858061190766,0.29464649796857867,62.0,-0.0315,sl,-0.04282231404958675,0,0.008264462809913109,-0.04545454545454941,A1_sustain,False
2025-09-21,KRW-ID,bull_quiet,3,24,0.033457682443460014,0.1327815341571462,0.0031479538300104933,0.008277952664101668,-0.027979605456093983,0.2519754170324846,100.0,0.0485,tp,0.0025650406504065817,0,0.08333333333332882,-4.107825191113079e-15,A1_sustain,False
2025-09-22,KRW-WLD,bull_quiet,3,25,0.08837588900547977,0.33321674245074034,0.048035443628308264,0.003031009559337841,-0.043675717077809977,0.26522043386983907,27.0,-0.0315,sl,-0.03906097560975613,0,0.005839416058393665,-0.10121654501216582,A1_sustain,False
2025-09-22,KRW-MOVE,bull_quiet,3,33,0.033457682443460014,0.1327815341571462,0.01235719281883889,0.003031009559337841,-0.027979605456093983,0.2519754170324846,47.0,0.0485,tp,-0.07412569832402233,0,0.07222222222221619,-0.10555555555556051,A1_sustain,False
2025-09-22,KRW-RED,bull_quiet,3,34,0.022615994404290043,0.09245656989623412,0.01235719281883889,0.0011657729074376311,-0.025007406332421222,0.24461208575737162,44.0,-0.0315,sl,-0.11852127659574468,0,0.04353083434099014,-0.11608222490931186,A1_sustain,False
2025-09-23,KRW-AERO,bull_quiet,3,7,0.08837588900547977,0.1750990906971322,0.01235719281883889,0.008277952664101668,-0.031282977055829594,0.5047192915372872,91.0,-0.006544136191677206,eod,-0.006544136191677206,0,0.011278195488721332,-0.03258145363408571,A1_sustain,False
2025-09-23,KRW-BEAM,bull_quiet,3,19,0.04488748979829777,0.1327815341571462,0.02168590416229451,0.008277952664101668,-0.027979605456093983,0.3380552128971012,92.0,0.01754761904761898,eod,0.01754761904761898,0,0.03809523809513915,-0.028571428571521174,A1_sustain,False
2025-09-23,KRW-HBAR,bull_quiet,3,29,0.022615994404290043,0.1327815341571462,0.02168590416229451,0.003031009559337841,-0.027979605456093983,0.170324846356453,37.0,-0.014118296529968486,eod,-0.014118296529968486,0,0.009433962264147722,-0.02515723270440562,A1_sustain,False
2025-09-24,KRW-IMX,bull_quiet,3,12,0.08837588900547977,0.21919085927480472,0.032058754954534856,0.008277952664101668,-0.034545858061190766,0.40319148936170207,75.0,0.0485,tp,0.06344845360824741,0,0.1471193415637848,-0.007201646090535974,A1_sustain,False
2025-09-24,KRW-CRO,bull_quiet,3,20,0.06458381907204476,0.1750990906971322,0.007227792026113313,0.00023315458148752622,-0.031282977055829594,0.3688415446071904,66.0,-0.0315,sl,-0.03211224489795922,0,0.01706484641637873,-0.04095563139932079,A1_sustain,False
2025-09-24,KRW-HYPER,bull_quiet,3,21,0.06458381907204476,0.1750990906971322,0.007227792026113313,0.008277952664101668,-0.031282977055829594,0.3688415446071904,81.0,0.0485,tp,0.08797368421052637,0,0.12962962962962665,-0.0026455026455053376,A1_sustain,False
2025-09-25,KRW-CRO,bull_quiet,3,20,0.06458381907204476,0.1750990906971322,0.032058754954534856,0.0011657729074376311,-0.031282977055829594,0.3688415446071904,66.0,-0.0315,sl,-0.04711403508771933,0,0.003521126760559712,-0.0774647887323977,A1_sustain,False
2025-09-25,KRW-WLD,bull_quiet,3,21,0.08837588900547977,0.2683609232921427,0.02168590416229451,0.003031009559337841,-0.03797652396585388,0.329317278839707,37.0,-0.0315,sl,-0.038015388628064695,0,0.0010416666666661634,-0.08593750000000044,A1_sustain,False
2025-09-25,KRW-PYTH,bull_quiet,3,34,0.033457682443460014,0.1750990906971322,0.007227792026113313,0.0011657729074376311,-0.031282977055829594,0.1910785619174434,62.0,-0.0315,sl,-0.04801162790697672,0,-4.551914400963142e-15,-0.07373271889401345,A1_sustain,False
2025-09-26,KRW-COMP,bull_quiet,3,20,0.04488748979829777,0.21919085927480472,0.048035443628308264,0.003031009559337841,-0.034545858061190766,0.20478723404255317,61.0,0.021856401384083013,eod,0.021856401384083013,0,0.031331592689294974,-0.005221932114882533,A1_sustain,False
2025-09-26,KRW-CRO,bull_quiet,3,23,0.08837588900547977,0.4397295406854745,0.08871531825600373,0.0011657729074376311,-0.05326459815786506,0.20097783029931215,77.0,0.0485,tp,0.002176470588235281,0,0.1710037174721144,-0.0037174721189628945,A1_sustain,False
2025-09-26,KRW-WLD,bull_quiet,3,28,0.04488748979829777,0.2683609232921427,0.048035443628308264,0.008277952664101668,-0.03797652396585388,0.16726537249774034,38.0,-0.0315,sl,-0.0009585814834866522,0,0.013631406761177356,-0.034351145038168385,A1_sustain,False
2025-09-27,KRW-SIGN,bull_quiet,3,5,0.27197481930519934,0.33321674245074034,0.08871531825600373,0.008277952664101668,-0.043675717077809977,0.8162099458294944,38.0,-0.019518018018018057,eod,-0.019518018018018057,0,0.008928571428562515,-0.03571428571429425,A1_sustain,False
2025-09-27,KRW-VANA,bull_quiet,3,13,0.13767778036838424,0.2683609232921427,0.02168590416229451,0.008277952664101668,-0.03797652396585388,0.5130321459600348,55.0,0.0485,tp,-0.01497935973041281,0,0.06951423785594613,-0.015075376884422287,A1_sustain,False
2025-09-27,KRW-ETH,bull_quiet,3,18,0.006994637444625787,0.0186523665190021,0.0031479538300104933,0.0,-0.015779826600972623,0.375,4.0,-0.0051219385995170934,eod,-0.0051219385995170934,0,0.000171909919202351,-0.017362901839436118,A1_sustain,False
2025-09-28,KRW-SIGN,bull_quiet,3,4,0.13767778036838424,0.2683609232921427,0.08871531825600373,0.008277952664101668,-0.03797652396585388,0.5130321459600348,47.0,-0.0315,sl,-0.028772727272727228,0,0.009090909090899935,-0.045454545454554074,A1_sustain,False
2025-09-28,KRW-MANTRA,bull_quiet,3,16,0.08837588900547977,0.2683609232921427,0.01235719281883889,0.008277952664101668,-0.03797652396585388,0.329317278839707,61.0,-0.0315,sl,-0.02927777777777779,0,-1.5432100042289676e-14,-0.08949416342413863,A1_sustain,False
2025-09-28,KRW-BERA,bull_quiet,3,18,0.08837588900547977,0.2683609232921427,0.02168590416229451,0.008277952664101668,-0.03797652396585388,0.329317278839707,23.0,-0.0315,sl,0.0644168192518964,0,0.0923276983094925,-0.045513654096229095,A1_sustain,False
2025-09-29,KRW-HOLO,bull_quiet,3,8,0.13767778036838424,0.2683609232921427,0.02168590416229451,0.008277952664101668,-0.03797652396585388,0.5130321459600348,37.0,-0.0315,sl,-0.18187135278514593,0,0.0026246719160079035,-0.1837270341207371,A1_sustain,False
2025-09-29,KRW-WLD,bull_quiet,3,14,0.06458381907204476,0.1327815341571462,0.01235719281883889,0.008277952664101668,-0.027979605456093983,0.48639157155399465,35.0,-0.0315,sl,-0.03581890179514252,0,0.006824146981626811,-0.0582677165354335,A1_sustain,False
2025-09-29,KRW-TT,bull_quiet,3,20,0.022615994404290043,0.05619025413849382,0.00011657729074376311,0.0003497726477789437,-0.021121146208714376,0.40248962655601656,74.0,-0.008057377049180357,eod,-0.008057377049180357,0,0.029315960911716843,-0.03583061889282224,A1_sustain,False
2025-09-30,KRW-LINEA,bull_quiet,3,8,0.13767778036838424,0.33321674245074034,0.048035443628308264,0.008277952664101668,-0.043675717077809977,0.4131778594190454,31.0,-0.0315,sl,-0.04801162790697683,0,0.002570694087377756,-0.07969151670953534,A1_sustain,False
2025-09-30,KRW-AVAX,bull_quiet,3,23,0.08837588900547977,0.2683609232921427,0.032058754954534856,0.008277952664101668,-0.03797652396585388,0.329317278839707,27.0,-0.0315,sl,-0.018250803120697545,0,0.011528706479132955,-0.04634540004611487,A1_sustain,False
2025-09-30,KRW-PUNDIX,bull_quiet,3,29,0.033457682443460014,0.1327815341571462,0.0031479538300104933,0.008277952664101668,-0.027979605456093983,0.2519754170324846,83.0,-0.0315,sl,-0.02362389380530977,0,-2.220446049250313e-15,-0.048458149779737836,A1_sustain,False
2025-10-01,KRW-STRAX,bull_quiet,3,2,0.011892270024484085,0.0186523665190021,0.01235719281883889,0.0003497726477789437,-0.015779826600972623,0.637574326687653,85.0,0.0485,tp,0.04514179104477606,0,0.04629629629627696,-0.025925925925944004,A1_sustain,False
2025-10-01,KRW-SUN,bull_quiet,3,15,0.08837588900547977,0.21919085927480472,0.032058754954534856,0.008277952664101668,-0.034545858061190766,0.40319148936170207,69.0,0.006856545961002882,eod,0.006856545961002882,0,0.01114206128130868,-0.005571030640696195,A1_sustain,False
2025-10-01,KRW-POLYX,bull_quiet,3,24,0.04488748979829777,0.1327815341571462,0.0009326183259501049,0.0011657729074376311,-0.027979605456093983,0.3380552128971012,93.0,0.0485,tp,0.04757975460122693,0,0.05521472392637383,-0.012269938650312784,A1_sustain,False
2025-10-02,KRW-CBK,bull_quiet,3,1,0.022615994404290043,0.0186523665190021,0.00011657729074376311,0.0,-0.015779826600972623,1.2125,87.0,0.0013735632183907178,eod,0.0013735632183907178,0,0.01293103448275712,-0.022988505747127852,A1_sustain,False
2025-10-02,KRW-BIGTIME,bull_quiet,3,2,0.022615994404290043,0.0186523665190021,0.0009326183259501049,0.0003497726477789437,-0.015779826600972623,1.2125,97.0,-7.34664764620572e-05,eod,-7.34664764620572e-05,0,0.022824536376590432,-0.015691868758929695,A1_sustain,False
2025-10-02,KRW-QTUM,bull_quiet,3,3,0.022615994404290043,0.0186523665190021,0.0009326183259501049,0.00023315458148752622,-0.015779826600972623,1.2125,98.0,-0.00585458786936238,eod,-0.00585458786936238,0,0.020670216097713467,-0.010961478233636357,A1_sustain,False
2025-10-03,KRW-API3,bull_quiet,3,1,0.022615994404290043,0.0186523665190021,0.00011657729074376311,0.008277952664101668,-0.015779826600972623,1.2125,99.0,0.02128702892199824,eod,0.02128702892199824,0,0.019097222222221433,-0.020833333333334147,A1_sustain,False
2025-10-03,KRW-HBAR,bull_quiet,3,2,0.022615994404290043,0.0186523665190021,0.00011657729074376311,0.0,-0.015779826600972623,1.2125,39.0,-0.0015,eod,-0.0015,0,0.006191950464393026,-0.030959752321984446,A1_sustain,False
2025-10-03,KRW-LAYER,bull_quiet,3,3,0.022615994404290043,0.0186523665190021,0.00011657729074376311,0.0011657729074376311,-0.015779826600972623,1.2125,96.0,0.006805647840531672,eod,0.006805647840531672,0,0.004926108374382565,-0.029556650246307048,A1_sustain,False
2025-10-04,KRW-BIGTIME,bull_quiet,3,2,0.022615994404290043,0.0186523665190021,0.00011657729074376311,0.003031009559337841,-0.015779826600972623,1.2125,68.0,-0.0315,sl,-0.0323988764044944,0,0.0028089887640310174,-0.040730337078665135,A1_sustain,False
2025-10-04,KRW-BLUR,bull_quiet,3,3,0.022615994404290043,0.0186523665190021,0.00011657729074376311,0.0011657729074376311,-0.015779826600972623,1.2125,94.0,-0.0315,sl,-0.0372142857142857,0,0.008928571428562515,-0.05357142857143693,A1_sustain,False
2025-10-04,KRW-QTUM,bull_quiet,3,4,0.022615994404290043,0.0186523665190021,0.00011657729074376311,0.00023315458148752622,-0.015779826600972623,1.2125,96.0,-0.0315,sl,-0.029465580823601678,0,0.004315659679407835,-0.0339087546239214,A1_sustain,False
2025-10-05,KRW-BLUR,bull_quiet,3,1,0.011892270024484085,0.0186523665190021,0.0009326183259501049,0.0003497726477789437,-0.015779826600972623,0.637574326687653,94.0,-0.0107592592592593,eod,-0.0107592592592593,0,0.027777777777768353,-0.018518518518527594,A1_sustain,False
2025-10-05,KRW-PYTH,bull_quiet,3,7,0.033457682443460014,0.05619025413849382,0.0009326183259501049,0.0011657729074376311,-0.021121146208714376,0.5954356846473029,83.0,0.0485,tp,0.039223981900452565,0,0.05405405405404928,-0.013513513513517927,A1_sustain,False
2025-10-05,KRW-COW,bull_quiet,3,9,0.08837588900547977,0.1750990906971322,0.01235719281883889,0.0011657729074376311,-0.031282977055829594,0.5047192915372872,100.0,0.0485,tp,0.043612781954887325,0,0.07960199004974844,-0.014925373134330844,A1_sustain,False
2025-10-06,KRW-ZETA,bull_quiet,3,1,0.022615994404290043,0.0186523665190021,0.00011657729074376311,0.0011657729074376311,-0.015779826600972623,1.2125,85.0,0.0485,tp,0.11420247933884303,0,0.1111111111111065,-0.00823045267490119,A1_sustain,False
2025-10-06,KRW-BLUR,bull_quiet,3,2,0.022615994404290043,0.0186523665190021,0.0009326183259501049,0.0003497726477789437,-0.015779826600972623,1.2125,81.0,0.01719158878504673,eod,0.01719158878504673,0,0.037383177570083914,-0.00934579439253258,A1_sustain,False
2025-10-06,KRW-MANTRA,bull_quiet,3,5,0.06458381907204476,0.09245656989623412,0.007227792026113313,0.003031009559337841,-0.025007406332421222,0.6985314201524941,71.0,0.0485,tp,0.051778688524590166,0,0.049180327868835194,-0.004098360655754085,A1_sustain,False
2025-10-07,KRW-ME,bull_quiet,3,3,0.04488748979829777,0.05619025413849382,0.0009326183259501049,0.003031009559337841,-0.021121146208714376,0.7988483142941872,95.0,-0.0315,sl,-0.03983145434047347,0,0.004524886877826928,-0.040723981900453565,A1_sustain,False
2025-10-07,KRW-VANA,bull_quiet,3,4,0.06458381907204476,0.09245656989623412,0.00011657729074376311,0.0011657729074376311,-0.025007406332421222,0.6985314201524941,89.0,-0.0315,sl,-0.03776943005181349,0,0.0034423407917383297,-0.044750430292599064,A1_sustain,False
2025-10-07,KRW-WAL,bull_quiet,3,5,0.06458381907204476,0.09245656989623412,0.0031479538300104933,0.003031009559337841,-0.025007406332421222,0.6985314201524941,36.0,-0.0315,sl,-0.03359459459459463,0,0.01011804384485493,-0.04553119730185662,A1_sustain,False
2025-10-08,KRW-RED,bull_quiet,3,6,0.08837588900547977,0.1750990906971322,0.0031479538300104933,0.008277952664101668,-0.031282977055829594,0.5047192915372872,77.0,0.027331562974203305,eod,0.027331562974203305,0,0.037936267071318586,-0.006069802731412777,A1_sustain,False
2025-10-08,KRW-MANA,bull_quiet,3,30,0.04488748979829777,0.1750990906971322,0.0031479538300104933,0.003031009559337841,-0.031282977055829594,0.25635478527949285,81.0,-0.0036413276231263545,eod,-0.0036413276231263545,0,0.025751072961371246,-0.008583690987126635,A1_sustain,False
2025-10-08,KRW-SIGN,bull_quiet,3,32,0.04488748979829777,0.1750990906971322,0.032058754954534856,0.003031009559337841,-0.031282977055829594,0.25635478527949285,66.0,0.0038937432578208266,eod,0.0038937432578208266,0,0.022629310344816744,-0.03017241379311386,A1_sustain,False
2025-10-09,KRW-GAS,bull_quiet,3,1,0.022615994404290043,0.0186523665190021,0.0009326183259501049,0.0011657729074376311,-0.015779826600972623,1.2125,40.0,-0.0315,sl,-0.02914771460423632,0,0.026805997273966264,-0.021126760563380476,A1_sustain,False
2025-10-09,KRW-FF,bull_quiet,3,3,0.27197481930519934,0.33321674245074034,0.048035443628308264,0.008277952664101668,-0.043675717077809977,0.8162099458294944,15.0,-0.0315,sl,-0.10106709956709953,0,-4.218847493575595e-15,-0.12340425531915267,A1_sustain,False
2025-10-09,KRW-RED,bull_quiet,3,5,0.08837588900547977,0.1327815341571462,0.0009326183259501049,0.008277952664101668,-0.027979605456093983,0.6655736399376694,78.0,0.005874631268436627,eod,0.005874631268436627,0,0.050370370370368844,-0.011851851851853334,A1_sustain,False
2025-10-10,KRW-SC,bull_quiet,3,10,0.022615994404290043,0.05619025413849382,0.01235719281883889,0.003031009559337841,-0.021121146208714376,0.40248962655601656,98.0,-0.0315,sl,-0.1409736842105263,0,0.007915567282055891,-0.2084432717680189,A1_sustain,False
2025-10-10,KRW-AHT,bull_quiet,3,23,0.033457682443460014,0.09245656989623412,0.032058754954534856,0.003031009559337841,-0.025007406332421222,0.36187458047611165,67.0,-0.0315,sl,-0.09559190371991261,0,0.008676789587633627,-0.11713665943620022,A1_sustain,False
2025-10-10,KRW-STRAX,bull_quiet,3,24,0.04488748979829777,0.1327815341571462,0.01235719281883889,0.003031009559337841,-0.027979605456093983,0.3380552128971012,44.0,-0.0315,sl,-0.08829927667269438,0,0.005366726296941016,-0.12164579606441639,A1_sustain,False
2025-10-11,KRW-SAHARA,bull_quiet,3,42,0.04488748979829777,0.21919085927480472,0.032058754954534856,0.008277952664101668,-0.034545858061190766,0.20478723404255317,54.0,-0.0315,sl,-0.044235042735042696,0,0.05263157894735926,-0.05263157894737669,A1_sustain,False
2025-10-11,KRW-STX,bull_quiet,3,57,0.08837588900547977,0.4397295406854745,0.08871531825600373,0.003031009559337841,-0.05326459815786506,0.20097783029931215,48.0,-0.0315,sl,-0.051500000000000046,0,0.0603829160530176,-0.06921944035346239,A1_sustain,False
2025-10-11,KRW-APT,bull_quiet,3,58,0.08837588900547977,0.4397295406854745,0.2853812077407321,0.008277952664101668,-0.05326459815786506,0.20097783029931215,51.0,-0.0315,sl,-0.033534632034632084,0,0.06849315068493134,-0.08647260273972612,A1_sustain,False
2025-10-12,KRW-SONIC,bull_quiet,3,1,0.27197481930519934,0.21919085927480472,0.01235719281883889,0.008277952664101668,-0.034545858061190766,1.2408127793514334,87.0,-0.0315,sl,0.08137292817679548,0,0.10989010989010373,-0.038461538461543765,A1_sustain,False
2025-10-12,KRW-IMX,bull_quiet,3,2,0.27197481930519934,0.2683609232921427,0.048035443628308264,0.003031009559337841,-0.03797652396585388,1.0134665508253693,94.0,-0.0315,sl,0.13866172506738544,1,0.20652173913043304,-0.025815217391305656,A1_sustain,False
2025-10-12,KRW-WCT,bull_quiet,3,3,0.27197481930519934,0.33321674245074034,0.2853812077407321,0.008277952664101668,-0.043675717077809977,0.8162099458294944,98.0,0.0485,tp,0.12138135593220328,0,0.13135593220338504,-0.025423728813563473,A1_sustain,False
2025-10-13,KRW-BCH,bull_quiet,3,3,0.06458381907204476,0.1327815341571462,0.007227792026113313,0.003031009559337841,-0.027979605456093983,0.48639157155399465,56.0,-0.008821537522879784,eod,-0.008821537522879784,0,0.013472137170851273,-0.020208205756276798,A1_sustain,False
2025-10-13,KRW-ETH,bull_quiet,3,21,0.06458381907204476,0.1750990906971322,0.01235719281883889,0.008277952664101668,-0.031282977055829594,0.3688415446071904,2.0,0.004718112244897878,eod,0.004718112244897878,0,0.015139442231075773,-0.030278884462151434,A1_sustain,False
2025-10-13,KRW-SHIB,bull_quiet,3,45,0.04488748979829777,0.21919085927480472,0.007227792026113313,0.008277952664101668,-0.034545858061190766,0.20478723404255317,27.0,0.023191358024691466,eod,0.023191358024691466,0,0.03703703697302241,-0.018518518579103582,A1_sustain,False
2025-10-14,KRW-BCH,bull_quiet,3,13,0.033457682443460014,0.05619025413849382,0.0009326183259501049,0.0,-0.021121146208714376,0.5954356846473029,52.0,-0.0315,sl,-0.00763873542050336,0,0.0030693677102517913,-0.054020871700429685,A1_sustain,False
2025-10-14,KRW-ETH,bull_quiet,3,14,0.033457682443460014,0.05619025413849382,0.0009326183259501049,0.00023315458148752622,-0.021121146208714376,0.5954356846473029,2.0,-0.0315,sl,-0.019088337822848966,0,0.0063341250989708,-0.06096595407759309,A1_sustain,False
2025-10-14,KRW-APT,bull_quiet,3,17,0.13767778036838424,0.2683609232921427,0.048035443628308264,0.008277952664101668,-0.03797652396585388,0.5130321459600348,25.0,-0.0315,sl,-0.06202855924978684,0,0.0068317677198974636,-0.07514944491887288,A1_sustain,False
2025-10-15,KRW-JST,bull_quiet,3,1,0.033457682443460014,0.0186523665190021,0.00011657729074376311,0.0003497726477789437,-0.015779826600972623,1.79375,66.0,0.0005449897750511869,eod,0.0005449897750511869,0,0.0040650406503859315,-0.014227642276442909,A1_sustain,False
2025-10-15,KRW-BCH,bull_quiet,3,19,0.033457682443460014,0.05619025413849382,0.0031479538300104933,0.00023315458148752622,-0.021121146208714376,0.5954356846473029,47.0,-0.02064762198888198,eod,-0.02064762198888198,0,0.009888751545117369,-0.021013597033374576,A1_sustain,False
2025-10-15,KRW-MEW,bull_quiet,3,23,0.08837588900547977,0.1750990906971322,0.007227792026113313,0.008277952664101668,-0.031282977055829594,0.5047192915372872,98.0,-0.0315,sl,-0.042125000000000135,0,0.028124999999678657,-0.05000000000029692,A1_sustain,False
2025-10-16,KRW-VET,bull_quiet,3,22,0.08837588900547977,0.2683609232921427,0.02168590416229451,0.008277952664101668,-0.03797652396585388,0.329317278839707,75.0,-0.0315,sl,-0.044665467625899236,0,0.010752688172006808,-0.06093189964161061,A1_sustain,False
2025-10-16,KRW-BLAST,bull_quiet,3,23,0.08837588900547977,0.2683609232921427,0.032058754954534856,0.008277952664101668,-0.03797652396585388,0.329317278839707,54.0,-0.0315,sl,-0.014431034482758563,0,0.00851063829744314,-0.042553191489769215,A1_sustain,False
2025-10-16,KRW-MANA,bull_quiet,3,37,0.08837588900547977,0.33321674245074034,0.032058754954534856,0.008277952664101668,-0.043675717077809977,0.26522043386983907,74.0,-0.0315,sl,-0.03203435114503822,0,0.027989821882949073,-0.04580152671755977,A1_sustain,False
2025-10-17,KRW-PEPE,bull_quiet,3,26,0.08837588900547977,0.2683609232921427,0.01235719281883889,0.008277952664101668,-0.03797652396585388,0.329317278839707,62.0,-0.0315,sl,-0.020547619047619092,0,0.019047618950566836,-0.08095238103990932,A1_sustain,False
2025-10-17,KRW-SEI,bull_quiet,3,27,0.08837588900547977,0.2683609232921427,0.01235719281883889,0.008277952664101668,-0.03797652396585388,0.329317278839707,52.0,-0.0315,sl,-0.07451587301587298,0,0.009554140127385313,-0.09235668789809215,A1_sustain,False
2025-10-17,KRW-MANA,bull_quiet,3,28,0.08837588900547977,0.2683609232921427,0.02168590416229451,0.008277952664101668,-0.03797652396585388,0.329317278839707,73.0,-0.0315,sl,-0.09312303664921467,0,0.007894736842102512,-0.13421052631579178,A1_sustain,False
2025-10-18,KRW-FIL,bull_quiet,3,4,0.13767778036838424,0.1750990906971322,0.048035443628308264,0.008277952664101668,-0.031282977055829594,0.7862849533954727,87.0,0.008717681030653126,eod,0.008717681030653126,0,0.02440106477373516,-0.0031055900621121957,A1_sustain,False
2025-10-18,KRW-A,bull_quiet,3,9,0.06458381907204476,0.1327815341571462,0.007227792026113313,0.003031009559337841,-0.027979605456093983,0.48639157155399465,96.0,0.007759259259259301,eod,0.007759259259259301,0,0.013761467889905843,-0.013761467889910617,A1_sustain,False
2025-10-18,KRW-GAS,bull_quiet,3,28,0.04488748979829777,0.1327815341571462,0.007227792026113313,0.008277952664101668,-0.027979605456093983,0.3380552128971012,91.0,-0.00866112531969304,eod,-0.00866112531969304,0,0.014052120592743744,-0.012008175779254171,A1_sustain,False
2025-10-19,KRW-KAVA,bull_quiet,3,9,0.13767778036838424,0.2683609232921427,0.08871531825600373,0.0011657729074376311,-0.03797652396585388,0.5130321459600348,93.0,0.0485,tp,0.03003153153153143,0,0.08108108108107626,-0.013513513513517927,A1_sustain,False
2025-10-19,KRW-2Z,bull_quiet,3,14,0.08837588900547977,0.21919085927480472,0.02168590416229451,0.008277952664101668,-0.034545858061190766,0.40319148936170207,54.0,0.018500000000000016,eod,0.018500000000000016,0,0.028169014084504118,-0.03380281690141118,A1_sustain,False
2025-10-19,KRW-WLFI,bull_quiet,3,15,0.08837588900547977,0.21919085927480472,0.02168590416229451,0.008277952664101668,-0.034545858061190766,0.40319148936170207,36.0,-0.0315,sl,-0.0015,0,0.014999999999995017,-0.035000000000004805,A1_sustain,False
2025-10-20,KRW-OPEN,bull_quiet,3,2,0.27197481930519934,0.2683609232921427,0.032058754954534856,0.008277952664101668,-0.03797652396585388,1.0134665508253693,38.0,0.0485,tp,0.06619825918762096,0,0.09404990403070812,-0.028790786948178493,A1_sustain,False
2025-10-20,KRW-POKT,bull_quiet,3,3,0.27197481930519934,0.2683609232921427,0.08871531825600373,0.003031009559337841,-0.03797652396585388,1.0134665508253693,100.0,-0.0315,sl,-0.029969750889679736,0,0.04301075268813492,-0.021505376344120974,A1_sustain,False
2025-10-20,KRW-AVNT,bull_quiet,3,4,0.27197481930519934,0.33321674245074034,0.032058754954534856,0.008277952664101668,-0.043675717077809977,0.8162099458294944,19.0,-0.0315,sl,0.2824673913043479,1,0.3499327052489887,-0.04576043068640778,A1_sustain,False
2025-10-21,KRW-VANA,bull_quiet,3,6,0.13767778036838424,0.1750990906971322,0.007227792026113313,0.008277952664101668,-0.031282977055829594,0.7862849533954727,76.0,-0.0315,sl,-0.052977597712106805,0,0.017014138509465315,-0.06302420321111935,A1_sustain,False
2025-10-21,KRW-ME,bull_quiet,3,9,0.06458381907204476,0.09245656989623412,0.0031479538300104933,0.008277952664101668,-0.025007406332421222,0.6985314201524941,99.0,-0.0315,sl,-0.01794245142002987,0,0.03288490284005818,-0.03736920777279673,A1_sustain,False
2025-10-21,KRW-BCH,bull_quiet,3,12,0.011892270024484085,0.0186523665190021,0.0031479538300104933,0.0,-0.015779826600972623,0.637574326687653,54.0,0.0485,tp,0.011758897418004123,0,0.06689895470383278,-0.022996515679442497,A1_sustain,False
2025-10-22,KRW-AGLD,bull_quiet,3,8,0.08837588900547977,0.1750990906971322,0.02168590416229451,0.008277952664101668,-0.031282977055829594,0.5047192915372872,86.0,-0.0315,sl,-0.041628410914927805,0,0.0032051282051266394,-0.06891025641025794,A1_sustain,False
2025-10-22,KRW-PEPE,bull_quiet,3,27,0.06458381907204476,0.1750990906971322,0.02168590416229451,0.003031009559337841,-0.031282977055829594,0.3688415446071904,68.0,-0.0315,sl,-0.030071428571428582,0,0.009615384518306236,-0.05192307701423804,A1_sustain,False
2025-10-22,KRW-APT,bull_quiet,3,28,0.06458381907204476,0.1750990906971322,0.048035443628308264,0.0003497726477789437,-0.031282977055829594,0.3688415446071904,50.0,-0.009905084050840505,eod,-0.009905084050840505,0,0.05420445177246469,-0.024113767518549212,A1_sustain,False
2025-10-28,KRW-CELO,bull_volatile,4,1,0.14135232744783308,0.17586276083467095,0.012439807383627608,0.011036420186615832,-0.03136711177092888,0.8037649743297205,85.0,-0.0315,sl,-0.006819148936170248,0,0.007936507936505244,-0.03968253968254232,A1_sustain,False
2025-10-28,KRW-HP,bull_volatile,4,3,0.014548008427811778,0.021067415730337078,0.012439807383627608,0.0016051364365971107,-0.015887629544782792,0.6905454667067991,68.0,-0.0315,sl,-0.04957692307692313,0,0.04780876494021813,-0.021912350597629082,A1_sustain,False
2025-10-28,KRW-AUCTION,bull_volatile,4,9,0.14135232744783308,0.27237158908507225,0.03651685393258427,0.011036420186615832,-0.038217071183246715,0.5189686924493554,65.0,-0.0315,sl,-0.021181349578256847,0,0.022450888681010195,-0.04864359214218916,A1_sustain,False
2025-10-29,KRW-EGLD,bull_quiet,4,2,0.0463529647837865,0.05949036918138042,0.012439807383627608,0.011036420186615832,-0.02145057568734158,0.7791675429422998,98.0,0.0485,tp,0.02081520223152028,0,0.040028089887640395,-0.002808988764045117,A1_sustain,False
2025-10-29,KRW-CKB,bull_quiet,4,3,0.06811797752808989,0.10735426908799037,0.03651685393258427,0.0032102728731942215,-0.026170050657352464,0.6345157775910952,64.0,0.01492710472279263,eod,0.01492710472279263,0,0.034979423868099824,-0.014403292181272787,A1_sustain,False
2025-10-29,KRW-IOTA,bull_quiet,4,7,0.0242776886035313,0.05949036918138042,0.02377846894752684,0.0016051364365971107,-0.02145057568734158,0.40809443507588533,71.0,-0.01080232558139532,eod,-0.01080232558139532,0,0.01860465116278598,-0.023255813953492854,A1_sustain,False
2025-10-30,KRW-NXPC,bull_volatile,4,7,0.09100030099327781,0.17586276083467095,0.006420545746388443,0.011036420186615832,-0.03136711177092888,0.5174506561899562,59.0,0.0485,tp,-0.04678985507246375,0,0.07374100719424259,-0.09352517985611675,A1_sustain,False
2025-10-30,KRW-LINEA,bull_volatile,4,8,0.06811797752808989,0.14285714285714285,0.02377846894752684,0.011036420186615832,-0.028867188762522557,0.47682584269662925,73.0,-0.0315,sl,-0.10999056603773588,0,0.028436018957297193,-0.13270142180098887,A1_sustain,False
2025-10-30,KRW-CELO,bull_volatile,4,15,0.0463529647837865,0.10735426908799037,0.0016051364365971107,0.0016051364365971107,-0.026170050657352464,0.43177570093457945,83.0,-0.0315,sl,-0.07616666666666666,0,0.05080213903743025,-0.09893048128342496,A1_sustain,False
2025-10-31,KRW-CRO,bull_volatile,4,35,0.031902086677367575,0.14285714285714285,0.012439807383627608,0.0016051364365971107,-0.028867188762522557,0.22331460674157302,91.0,-0.015074660633484114,eod,-0.015074660633484114,0,0.009049773755651636,-0.022624434389144632,A1_sustain,False
2025-10-31,KRW-WLFI,bull_volatile,4,40,0.06811797752808989,0.3267783686164342,0.09058988764044944,0.011036420186615832,-0.043157090789848855,0.20845314154819525,17.0,-0.0315,sl,-0.020730769230769275,0,0.019323671497579742,-0.03381642512077754,A1_sustain,False
2025-10-31,KRW-BAT,bull_volatile,4,46,0.0463529647837865,0.27237158908507225,0.03651685393258427,0.0032102728731942215,-0.038217071183246715,0.1701828187715594,81.0,0.006798755186721963,eod,0.006798755186721963,0,0.012448132780078724,-0.024896265560169994,A1_sustain,False
2025-11-01,KRW-ORDER,bull_quiet,4,3,0.14135232744783308,0.14285714285714285,0.047657268987659276,0.011036420186615832,-0.028867188762522557,0.9894662921348316,94.0,-0.0315,sl,-0.013807692307692352,0,0.006191950464393026,-0.02786377708978638,A1_sustain,False
2025-11-01,KRW-AKT,bull_quiet,4,28,0.09100030099327781,0.27237158908507225,0.02377846894752684,0.011036420186615832,-0.038217071183246715,0.3341034991900527,48.0,0.0485,tp,0.010787334593572786,0,0.06343283582089465,-0.01399253731343364,A1_sustain,False
2025-11-01,KRW-SHIB,bull_quiet,4,30,0.00692215088282504,0.021067415730337078,0.012439807383627608,0.0004012841091492777,-0.015887629544782792,0.32857142857142857,26.0,0.005122516556291425,eod,0.005122516556291425,0,0.013245033045480303,-0.01324503317793091,A1_sustain,False
2025-11-02,KRW-ALGO,bull_quiet,4,36,0.00692215088282504,0.021067415730337078,0.0016051364365971107,0.0,-0.015887629544782792,0.32857142857142857,65.0,-0.0315,sl,-0.008990636704119868,0,0.003731343283578159,-0.037313432835824556,A1_sustain,False
2025-11-02,KRW-MIRA,bull_quiet,4,40,0.06811797752808989,0.22253436339921742,0.047657268987659276,0.0032102728731942215,-0.03473936804959419,0.30610093869363025,49.0,-0.0315,sl,-0.04611942257217844,0,-2.6645352591003757e-15,-0.0783289817232401,A1_sustain,False
2025-11-02,KRW-W,bull_quiet,4,41,0.031902086677367575,0.10735426908799037,0.00030096308186195825,0.0011036420186615833,-0.026170050657352464,0.29716644664796504,74.0,-0.0315,sl,-0.02249999999999991,0,0.009999999999990017,-0.04100000000000947,A1_sustain,False
2025-11-03,KRW-BERA,bull_quiet,4,30,0.031902086677367575,0.10735426908799037,0.006420545746388443,0.0032102728731942215,-0.026170050657352464,0.29716644664796504,87.0,-0.0315,sl,-0.11910355029585801,0,0.0033296337402881626,-0.14539400665926772,A1_sustain,False
2025-11-03,KRW-BARD,bull_quiet,4,36,0.014548008427811778,0.05949036918138042,0.006420545746388443,0.0032102728731942215,-0.02145057568734158,0.24454392581522394,90.0,-0.012577542799597162,eod,-0.012577542799597162,0,0.03811434302908623,-0.02106318956870712,A1_sustain,False
2025-11-03,KRW-BIGTIME,bull_quiet,4,37,0.0242776886035313,0.10735426908799037,0.006420545746388443,0.0011036420186615833,-0.026170050657352464,0.226145534870464,100.0,-0.0315,sl,-0.13165184381778744,0,0.00435729847492361,-0.1437908496732213,A1_sustain,False
2025-11-04,KRW-BARD,bull_quiet,4,38,0.0242776886035313,0.17586276083467095,0.03651685393258427,0.0032102728731942215,-0.03136711177092888,0.13804905875641757,50.0,0.0485,tp,0.030068228105906203,0,0.05906313645621064,-0.02851323828920671,A1_sustain,False
2025-11-04,KRW-NEO,bull_quiet,4,50,0.031902086677367575,0.27237158908507225,0.09058988764044944,0.011036420186615832,-0.038217071183246715,0.1171270718232044,66.0,0.0485,tp,-0.024915977961432467,0,0.04951856946354871,-0.07496561210453934,A1_sustain,False
2025-11-04,KRW-MANA,bull_quiet,4,61,0.031902086677367575,0.4380016051364366,0.27036516853932585,0.011036420186615832,-0.052756825642354566,0.0728355474118186,89.0,-0.0315,sl,-0.03698387096774197,0,0.028938906752408178,-0.09646302250804151,A1_sustain,False
2025-11-05,KRW-SAHARA,bear_volatile,4,6,0.09100030099327781,0.10735426908799037,0.02377846894752684,0.011036420186615832,-0.026170050657352464,0.8476635514018691,87.0,0.007271929824561431,eod,0.007271929824561431,0,0.01724137931033609,-0.03448275862069794,A1_sustain,False
2025-11-05,KRW-AXS,bear_volatile,4,7,0.14135232744783308,0.17586276083467095,0.02377846894752684,0.011036420186615832,-0.03136711177092888,0.8037649743297205,98.0,-0.0315,sl,0.031927762039660135,0,0.03861219921656356,-0.06715165081141627,A1_sustain,False
2025-11-05,KRW-BONK,bear_volatile,4,9,0.2618378812199037,0.3267783686164342,0.047657268987659276,0.0032102728731942215,-0.043157090789848855,0.8012705440954192,51.0,-0.0315,sl,0.08037134502923965,0,0.06936416178789817,-0.06936416190350492,A1_sustain,False
2025-11-06,KRW-BARD,bull_volatile,4,22,0.09100030099327781,0.17586276083467095,0.006420545746388443,0.011036420186615832,-0.03136711177092888,0.5174506561899562,69.0,-0.0315,sl,-0.07550722021660655,0,0.0858725761772845,-0.05817174515235535,A1_sustain,False
2025-11-06,KRW-CTC,bull_volatile,4,24,0.06811797752808989,0.14285714285714285,0.006420545746388443,0.011036420186615832,-0.028867188762522557,0.47682584269662925,94.0,-0.0315,sl,-0.026130541871921154,0,-1.6653345369377348e-15,-0.052287581699347996,A1_sustain,False
2025-11-06,KRW-FIL,bull_volatile,4,32,0.09100030099327781,0.22253436339921742,0.006420545746388443,0.0032102728731942215,-0.03473936804959419,0.40892696122633,89.0,-0.0315,sl,0.43480268199233724,1,0.37708830548925953,-0.05918854415274499,A1_sustain,False
2025-11-07,KRW-SAHARA,bear_volatile,4,6,0.014548008427811778,0.021067415730337078,0.0016051364365971107,0.0032102728731942215,-0.015887629544782792,0.6905454667067991,97.0,0.015594017094017034,eod,0.015594017094017034,0,0.05172413793102537,-0.008620689655180924,A1_sustain,False
2025-11-07,KRW-BLUR,bear_volatile,4,20,0.09100030099327781,0.22253436339921742,0.012439807383627608,0.0032102728731942215,-0.03473936804959419,0.40892696122633,93.0,0.0485,tp,0.13648449612403107,0,0.14843749999998224,-0.010937500000015365,A1_sustain,False
2025-11-07,KRW-AQT,bear_volatile,4,32,0.06811797752808989,0.17586276083467095,0.006420545746388443,0.0032102728731942215,-0.03136711177092888,0.38733599543639474,57.0,0.0485,tp,0.08476198083067082,0,0.11752136752136622,-0.009615384615385691,A1_sustain,False
2025-11-08,KRW-SAHARA,bear_volatile,4,1,0.0463529647837865,0.021067415730337078,0.00030096308186195825,0.0004012841091492777,-0.015887629544782792,2.2002207284037323,76.0,-0.0315,sl,-0.018306722689075683,0,0.008403361344529348,-0.050420168067234816,A1_sustain,False
2025-11-08,KRW-ETH,bear_volatile,4,33,0.031902086677367575,0.05949036918138042,0.0016051364365971107,0.0011036420186615833,-0.02145057568734158,0.536256323777403,4.0,-0.012843633874437708,eod,-0.012843633874437708,0,0.01643513989434542,-0.019761299158677414,A1_sustain,False
2025-11-08,KRW-BCH,bear_volatile,4,67,0.06811797752808989,0.17586276083467095,0.006420545746388443,0.011036420186615832,-0.03136711177092888,0.38733599543639474,46.0,-0.0315,sl,-0.04313955757970073,0,0.010505581089954141,-0.04793171372291527,A1_sustain,False
2025-11-09,KRW-ENSO,bear_volatile,4,2,0.2618378812199037,0.3267783686164342,0.047657268987659276,0.011036420186615832,-0.043157090789848855,0.8012705440954192,65.0,-0.0315,sl,0.0009706609017912662,0,0.02446483180428083,-0.0519877675840984,A1_sustain,False
2025-11-09,KRW-SAHARA,bear_volatile,4,21,0.0242776886035313,0.05949036918138042,0.0016051364365971107,0.0004012841091492777,-0.02145057568734158,0.40809443507588533,70.0,-0.0015,eod,-0.0015,0,0.008547008547000079,-0.025641025641033877,A1_sustain,False
2025-11-09,KRW-JUP,bear_volatile,4,32,0.06811797752808989,0.17586276083467095,0.0032105949633791514,0.011036420186615832,-0.03136711177092888,0.38733599543639474,91.0,-0.0315,sl,0.013973887814313248,0,0.021113243761994083,-0.04222648752399416,A1_sustain,False
2025-11-10,KRW-PROVE,bear_volatile,4,25,0.06811797752808989,0.17586276083467095,0.012439807383627608,0.0032102728731942215,-0.03136711177092888,0.38733599543639474,59.0,-0.00036104783599094506,eod,-0.00036104783599094506,0,0.04581901489117857,-0.009163802978237157,A1_sustain,False
2025-11-10,KRW-JUP,bear_volatile,4,31,0.0463529647837865,0.14285714285714285,0.00030096308186195825,0.0016051364365971107,-0.028867188762522557,0.3244707534865055,82.0,0.02326190476190476,eod,0.02326190476190476,0,0.04961832061068505,-0.009541984732826414,A1_sustain,False
2025-11-10,KRW-TOKAMAK,bear_volatile,4,32,0.0463529647837865,0.14285714285714285,0.0032105949633791514,0.011036420186615832,-0.028867188762522557,0.3244707534865055,71.0,0.015423076923076819,eod,0.015423076923076819,0,0.04633204633204557,-0.006949806949807624,A1_sustain,False
2025-11-11,KRW-IN,bull_volatile,4,14,0.06811797752808989,0.14285714285714285,0.012439807383627608,0.011036420186615832,-0.028867188762522557,0.47682584269662925,88.0,-0.0315,sl,-0.07483333333333336,0,0.04666666666665975,-0.10666666666667257,A1_sustain,False
2025-11-11,KRW-JUP,bull_volatile,4,18,0.0463529647837865,0.10735426908799037,0.00030096308186195825,0.011036420186615832,-0.026170050657352464,0.43177570093457945,89.0,-0.0315,sl,-0.06841449814126394,0,0.022181146025876064,-0.07578558225508492,A1_sustain,False
2025-11-11,KRW-PROVE,bull_volatile,4,19,0.0463529647837865,0.10735426908799037,0.0016051364365971107,0.011036420186615832,-0.026170050657352464,0.43177570093457945,78.0,-0.0315,sl,-0.054969852104664374,0,0.007927519818798467,-0.060022650056626214,A1_sustain,False
2025-11-12,KRW-SAHARA,bear_volatile,4,37,0.00692215088282504,0.021067415730337078,0.00030096308186195825,0.0,-0.015887629544782792,0.32857142857142857,100.0,0.007120689655172376,eod,0.007120689655172376,0,0.008547008547000079,-0.01709401709402547,A1_sustain,False
2025-11-12,KRW-POL,bear_volatile,4,52,0.0463529647837865,0.17586276083467095,0.0032105949633791514,0.0032102728731942215,-0.03136711177092888,0.2635746451596028,92.0,0.00240625,eod,0.00240625,0,0.03891050583657174,-0.019455252918291865,A1_sustain,False
2025-11-12,KRW-PEPE,bear_volatile,4,53,0.0463529647837865,0.17586276083467095,0.006420545746388443,0.0016051364365971107,-0.03136711177092888,0.2635746451596028,94.0,-0.008380733944954253,eod,-0.008380733944954253,0,0.03885714273841634,-0.028571428682448996,A1_sustain,False
2025-11-13,KRW-GAS,bear_volatile,4,18,0.06811797752808989,0.14285714285714285,0.0032105949633791514,0.011036420186615832,-0.028867188762522557,0.47682584269662925,66.0,-0.0315,sl,-0.022085048754062864,0,0.01245262587980478,-0.041689225771521676,A1_sustain,False
2025-11-13,KRW-THETA,bear_volatile,4,23,0.09100030099327781,0.22253436339921742,0.02377846894752684,0.011036420186615832,-0.03473936804959419,0.40892696122633,65.0,-0.0315,sl,-0.050244460856720796,0,0.022354694485840376,-0.06557377049180468,A1_sustain,False
2025-11-13,KRW-BCH,bear_volatile,4,24,0.0242776886035313,0.05949036918138042,0.00030096308186195825,0.0011036420186615833,-0.02145057568734158,0.40809443507588533,59.0,0.007650326797385589,eod,0.007650326797385589,0,0.034595300261096584,-0.01436031331592691,A1_sustain,False
2025-11-14,KRW-DOT,bear_volatile,4,32,0.06811797752808989,0.22253436339921742,0.012439807383627608,0.011036420186615832,-0.03473936804959419,0.30610093869363025,70.0,-0.0315,sl,-0.006160918200885544,0,0.021425244527247145,-0.039357242664182834,A1_sustain,False
2025-11-14,KRW-ENS,bear_volatile,4,34,0.06811797752808989,0.22253436339921742,0.02377846894752684,0.0032102728731942215,-0.03473936804959419,0.30610093869363025,39.0,-0.0315,sl,-0.023260633036597478,0,0.005424063116370892,-0.05374753451676528,A1_sustain,False
2025-11-14,KRW-VET,bear_volatile,4,43,0.06811797752808989,0.27237158908507225,0.012439807383627608,0.011036420186615832,-0.038217071183246715,0.25009208103130753,85.0,-0.0315,sl,-0.013948132780083054,0,0.00411522633740713,-0.05349794238687022,A1_sustain,False
2025-11-15,KRW-SAFE,bear_volatile,4,6,0.2618378812199037,0.4380016051364366,0.09058988764044944,0.0032102728731942215,-0.052756825642354566,0.5978011910215301,22.0,-0.005421568627450966,eod,-0.005421568627450966,0,0.0076628352490382134,-0.0421455938697356,A1_sustain,False
2025-11-15,KRW-CVC,bear_volatile,4,14,0.14135232744783308,0.3267783686164342,0.09058988764044944,0.011036420186615832,-0.043157090789848855,0.4325632937281401,30.0,0.0485,tp,-0.03781961259079908,0,0.11823899371067781,-0.0050314465408930475,A1_sustain,False
2025-11-15,KRW-NEAR,bear_volatile,4,35,0.06811797752808989,0.3267783686164342,0.047657268987659276,0.0016051364365971107,-0.043157090789848855,0.20845314154819525,34.0,0.0485,tp,-0.0006680532445923469,0,0.1099300699300696,-0.00027972027972056335,A1_sustain,False
2025-11-16,KRW-BCH,bear_volatile,4,11,0.0242776886035313,0.05949036918138042,0.0016051364365971107,0.0011036420186615833,-0.02145057568734158,0.40809443507588533,40.0,-0.0315,sl,-0.04716512243547316,0,0.005273566249176076,-0.06789716545814106,A1_sustain,False
2025-11-16,KRW-DRIFT,bear_volatile,4,16,0.06811797752808989,0.17586276083467095,0.006420545746388443,0.011036420186615832,-0.03136711177092888,0.38733599543639474,68.0,-0.0315,sl,-0.09377467811158796,0,-2.1094237467877974e-15,-0.12842105263158088,A1_sustain,False
2025-11-16,KRW-VANA,bear_volatile,4,20,0.0463529647837865,0.14285714285714285,0.012439807383627608,0.0032102728731942215,-0.028867188762522557,0.3244707534865055,54.0,-0.0315,sl,-0.030165413533834562,0,0.002336448598130536,-0.06635514018691613,A1_sustain,False
2025-11-17,KRW-BAT,bear_volatile,4,21,0.09100030099327781,0.3267783686164342,0.047657268987659276,0.011036420186615832,-0.043157090789848855,0.2784771261897452,67.0,0.0485,tp,-0.027815789473684183,0,0.08846153846153415,-0.030769230769234546,A1_sustain,False
2025-11-17,KRW-BORA,bear_volatile,4,23,0.06811797752808989,0.27237158908507225,0.03651685393258427,0.0016051364365971107,-0.038217071183246715,0.25009208103130753,84.0,0.0485,tp,-0.03091176470588236,0,0.08322147651005274,-0.04026845637585175,A1_sustain,False
2025-11-17,KRW-FF,bear_volatile,4,24,0.06811797752808989,0.27237158908507225,0.047657268987659276,0.011036420186615832,-0.038217071183246715,0.25009208103130753,42.0,-0.0315,sl,-0.006735602094240787,0,0.047368421052626175,-0.02631578947368929,A1_sustain,False
2025-11-18,KRW-NXPC,bear_volatile,4,4,0.09100030099327781,0.22253436339921742,0.03651685393258427,0.011036420186615832,-0.03473936804959419,0.40892696122633,67.0,-0.0315,sl,0.21173529411764697,1,0.215722120658133,-0.040219378427789776,A1_sustain,False
2025-11-18,KRW-STRAX,bear_volatile,4,22,0.06811797752808989,0.27237158908507225,0.03651685393258427,0.011036420186615832,-0.038217071183246715,0.25009208103130753,50.0,-0.0315,sl,-0.014062814070351757,0,0.03499999999997394,-0.03500000000002412,A1_sustain,False
2025-11-18,KRW-CVC,bear_volatile,4,28,0.06811797752808989,0.3267783686164342,0.047657268987659276,0.011036420186615832,-0.043157090789848855,0.20845314154819525,80.0,0.0037424639580603838,eod,0.0037424639580603838,0,0.026315789473670748,-0.02105263157896009,A1_sustain,False
2025-11-19,KRW-BCH,bear_volatile,4,1,0.14135232744783308,0.17586276083467095,0.006420545746388443,0.011036420186615832,-0.03136711177092888,0.8037649743297205,25.0,-0.0315,sl,-0.06549482870071105,0,0.0019342359767891004,-0.08961960025789817,A1_sustain,False
2025-11-19,KRW-SYRUP,bear_volatile,4,16,0.09100030099327781,0.17586276083467095,0.03651685393258427,0.011036420186615832,-0.03136711177092888,0.5174506561899562,92.0,-0.0315,sl,-0.0503656195462478,0,0.020761245674738582,-0.09342560553633383,A1_sustain,False
2025-11-19,KRW-AWE,bear_volatile,4,17,0.14135232744783308,0.3267783686164342,0.047657268987659276,0.011036420186615832,-0.043157090789848855,0.4325632937281401,51.0,-0.0315,sl,-0.02604780361757114,0,0.003764115432860704,-0.07653701380176825,A1_sustain,False
2025-11-20,KRW-AWE,bear_volatile,4,12,0.14135232744783308,0.3267783686164342,0.09058988764044944,0.0032102728731942215,-0.043157090789848855,0.4325632937281401,93.0,-0.010747027741083213,eod,-0.010747027741083213,0,0.03679369250984199,-0.027595269382404197,A1_sustain,False
2025-11-20,KRW-CTC,bear_volatile,4,14,0.09100030099327781,0.22253436339921742,0.02377846894752684,0.011036420186615832,-0.03473936804959419,0.40892696122633,98.0,-0.0315,sl,-0.09201724137931039,0,0.02136752136751907,-0.09615384615384814,A1_sustain,False
2025-11-20,KRW-THETA,bear_volatile,4,16,0.09100030099327781,0.22253436339921742,0.03651685393258427,0.011036420186615832,-0.03473936804959419,0.40892696122633,41.0,-0.0315,sl,-0.040155462184873925,0,0.02516778523489749,-0.06543624161073991,A1_sustain,False
2025-11-21,KRW-HYPER,bear_volatile,4,13,0.09100030099327781,0.27237158908507225,0.09058988764044944,0.011036420186615832,-0.038217071183246715,0.3341034991900527,60.0,0.0485,tp,-0.029406976744186075,0,0.05581395348836726,-0.11627906976744595,A1_sustain,False
2025-11-21,KRW-ARDR,bear_volatile,4,14,0.0463529647837865,0.14285714285714285,0.006420545746388443,0.011036420186615832,-0.028867188762522557,0.3244707534865055,99.0,-0.0315,sl,-0.064,0,-1.0658141036401503e-14,-0.07395498392283939,A1_sustain,False
2025-11-21,KRW-BAT,bear_volatile,4,24,0.06811797752808989,0.27237158908507225,0.09058988764044944,0.011036420186615832,-0.038217071183246715,0.25009208103130753,68.0,-0.0315,sl,0.04130155642023353,0,0.05859374999999578,-0.058593750000003775,A1_sustain,False
2025-11-22,KRW-ME,bear_volatile,4,23,0.09100030099327781,0.17586276083467095,0.012439807383627608,0.0032102728731942215,-0.03136711177092888,0.5174506561899562,98.0,-0.0315,sl,0.013260147601476037,0,0.05390334572490496,-0.02788104089219512,A1_sustain,False
2025-11-22,KRW-ADA,bear_volatile,4,25,0.14135232744783308,0.3267783686164342,0.09058988764044944,0.0032102728731942215,-0.043157090789848855,0.4325632937281401,10.0,-0.0315,sl,-0.020823671497584517,0,0.008064516129030697,-0.0500000000000016,A1_sustain,False
2025-11-22,KRW-ENS,bear_volatile,4,51,0.09100030099327781,0.27237158908507225,0.03651685393258427,0.0032102728731942215,-0.038217071183246715,0.3341034991900527,43.0,-0.0315,sl,-0.014067324955116698,0,0.008998200359928044,-0.03419316136772643,A1_sustain,False
2025-11-23,KRW-OP,bear_volatile,4,11,0.14135232744783308,0.22253436339921742,0.03651685393258427,0.011036420186615832,-0.03473936804959419,0.6351932586440723,89.0,-0.008078947368421017,eod,-0.008078947368421017,0,0.028634361233477845,-0.006607929515420774,A1_sustain,False
2025-11-23,KRW-FIL,bear_volatile,4,19,0.14135232744783308,0.27237158908507225,0.03651685393258427,0.011036420186615832,-0.038217071183246715,0.5189686924493554,52.0,-0.002735584843492621,eod,-0.002735584843492621,0,0.04777594728171297,-0.00700164744645837,A1_sustain,False
2025-11-23,KRW-SOPH,bear_volatile,4,22,0.09100030099327781,0.17586276083467095,0.006420545746388443,0.011036420186615832,-0.03136711177092888,0.5174506561899562,73.0,-0.017373015873015818,eod,-0.017373015873015818,0,0.015936254980039255,-0.02390438247015836,A1_sustain,False
2025-11-24,KRW-FIL,bear_volatile,4,13,0.14135232744783308,0.22253436339921742,0.02377846894752684,0.011036420186615832,-0.03473936804959419,0.6351932586440723,54.0,0.016636850783182278,eod,0.016636850783182278,0,0.029832447895381753,-0.01879852881078914,A1_sustain,False
2025-11-24,KRW-ONDO,bear_volatile,4,24,0.09100030099327781,0.17586276083467095,0.0032105949633791514,0.0011036420186615833,-0.03136711177092888,0.5174506561899562,34.0,0.0485,tp,0.051721288515406194,0,0.056865464632453344,-0.01803051317614568,A1_sustain,False
2025-11-24,KRW-WLD,bear_volatile,4,28,0.06811797752808989,0.14285714285714285,0.006420545746388443,0.0016051364365971107,-0.028867188762522557,0.47682584269662925,88.0,0.0485,tp,0.04330874316939887,0,0.046486486486485346,-0.025945945945947013,A1_sustain,False
2025-11-25,KRW-BSV,bear_volatile,4,1,0.031902086677367575,0.021067415730337078,0.0032105949633791514,0.0011036420186615833,-0.015887629544782792,1.5142857142857142,99.0,0.00430457916801036,eod,0.00430457916801036,0,0.015127132281943956,-0.02124235597038948,A1_sustain,False
2025-11-25,KRW-WLD,bear_volatile,4,17,0.06811797752808989,0.10735426908799037,0.0016051364365971107,0.0032102728731942215,-0.026170050657352464,0.6345157775910952,81.0,-0.0315,sl,-0.0015,0,0.009424083769632441,-0.032460732984294194,A1_sustain,False
2025-11-25,KRW-AKT,bear_volatile,4,29,0.09100030099327781,0.17586276083467095,0.0032105949633791514,0.011036420186615832,-0.03136711177092888,0.5174506561899562,55.0,0.01736792452830188,eod,0.01736792452830188,0,0.03773584905660243,-0.024258760107818023,A1_sustain,False
2025-11-26,KRW-FIL,bear_volatile,4,2,0.14135232744783308,0.17586276083467095,0.006420545746388443,0.011036420186615832,-0.03136711177092888,0.8037649743297205,36.0,-0.0315,sl,-0.0010983935742971394,0,0.011173184357541555,-0.04229848363926614,A1_sustain,False
2025-11-26,KRW-QTUM,bear_volatile,4,10,0.031902086677367575,0.05949036918138042,0.00030096308186195825,0.0016051364365971107,-0.02145057568734158,0.536256323777403,79.0,-0.0315,sl,-0.01230182800166185,0,0.0008305647840527453,-0.032392026578073496,A1_sustain,False
2025-11-26,KRW-BERA,bear_volatile,4,13,0.09100030099327781,0.17586276083467095,0.012439807383627608,0.0032102728731942215,-0.03136711177092888,0.5174506561899562,87.0,-0.0315,sl,-0.026929116338207215,0,0.001897533206830504,-0.0518659076533845,A1_sustain,False
2025-11-27,KRW-TRUMP,bear_volatile,4,1,0.0242776886035313,0.021067415730337078,0.00030096308186195825,0.0,-0.015887629544782792,1.1523809523809525,56.0,0.0485,tp,0.004369797225186657,0,0.0878126663118679,-0.006918573709420062,A1_sustain,False
2025-11-27,KRW-AWE,bear_volatile,4,2,0.09100030099327781,0.10735426908799037,0.006420545746388443,0.011036420186615832,-0.026170050657352464,0.8476635514018691,68.0,0.0485,tp,0.12100332889480697,0,0.18915343915342375,-0.007936507936520898,A1_sustain,False
2025-11-27,KRW-SUN,bear_volatile,4,5,0.014548008427811778,0.021067415730337078,0.0016051364365971107,0.0,-0.015887629544782792,0.6905454667067991,89.0,0.024059105431310013,eod,0.024059105431310013,0,0.05128205128201757,-3.197442310920451e-14,A1_sustain,False
2025-11-28,KRW-ETC,bear_volatile,4,10,0.014548008427811778,0.021067415730337078,0.00030096308186195825,0.0004012841091492777,-0.015887629544782792,0.6905454667067991,72.0,-0.005344305622296984,eod,-0.005344305622296984,0,0.012949640287769792,-0.011990407673860948,A1_sustain,False
2025-11-28,KRW-TRUMP,bear_volatile,4,25,0.031902086677367575,0.05949036918138042,0.0016051364365971107,0.0011036420186615833,-0.02145057568734158,0.536256323777403,37.0,-0.024829798515376422,eod,-0.024829798515376422,0,-2.220446049250313e-16,-0.02950474183350915,A1_sustain,False
2025-11-28,KRW-FF,bear_volatile,4,33,0.09100030099327781,0.17586276083467095,0.02377846894752684,0.011036420186615832,-0.03136711177092888,0.5174506561899562,66.0,-0.0315,sl,-0.05677638190954776,0,0.0049999999999950084,-0.08000000000000462,A1_sustain,False
2025-11-29,KRW-BLAST,bear_volatile,4,4,0.09100030099327781,0.14285714285714285,0.0032105949633791514,0.0032102728731942215,-0.028867188762522557,0.6370021069529447,62.0,0.0485,tp,0.004993506493506552,0,0.07843137254831456,-0.006535947713067647,A1_sustain,False
2025-11-29,KRW-CYBER,bear_volatile,4,6,0.09100030099327781,0.14285714285714285,0.006420545746388443,0.011036420186615832,-0.028867188762522557,0.6370021069529447,93.0,0.0485,tp,-0.0015,1,0.29258353708231355,-7.771561172376096e-16,A1_sustain,False
2025-11-29,KRW-MOCA,bear_volatile,4,17,0.06811797752808989,0.14285714285714285,0.0032105949633791514,0.011036420186615832,-0.028867188762522557,0.47682584269662925,79.0,-0.0315,sl,-0.08298148148148138,0,0.032418952618427976,-0.09226932668331456,A1_sustain,False
2025-11-30,KRW-MVL,bear_volatile,4,19,0.06811797752808989,0.14285714285714285,0.00030096308186195825,0.0032102728731942215,-0.028867188762522557,0.47682584269662925,94.0,-0.0315,sl,-0.031020295202952075,0,0.025362318840208342,-0.054347826087299156,A1_sustain,False
2025-11-30,KRW-BLAST,bear_volatile,4,24,0.0463529647837865,0.10735426908799037,0.00030096308186195825,0.0011036420186615833,-0.026170050657352464,0.43177570093457945,87.0,-0.0315,sl,-0.0859155844155845,0,-6.370459715299148e-13,-0.08280254777128493,A1_sustain,False
2025-11-30,KRW-BORA,bear_volatile,4,25,0.0463529647837865,0.10735426908799037,0.0016051364365971107,0.0016051364365971107,-0.026170050657352464,0.43177570093457945,92.0,-0.0315,sl,-0.046414134742404356,0,0.003973509933761665,-0.026490066225178355,A1_sustain,False
2025-12-01,KRW-BSV,bear_volatile,4,2,0.014548008427811778,0.021067415730337078,0.00030096308186195825,0.0004012841091492777,-0.015887629544782792,0.6905454667067991,84.0,-0.0315,sl,-0.013667050312397287,0,0.002260981912144633,-0.056847545219638196,A1_sustain,False
2025-12-01,KRW-T,bear_volatile,4,20,0.0242776886035313,0.05949036918138042,0.0016051364365971107,0.0004012841091492777,-0.02145057568734158,0.40809443507588533,93.0,-0.0315,sl,-0.058971264367816134,0,-5.706546346573305e-14,-0.08571428571433792,A1_sustain,False
2025-12-01,KRW-ELF,bear_volatile,4,34,0.06811797752808989,0.17586276083467095,0.02377846894752684,0.011036420186615832,-0.03136711177092888,0.38733599543639474,67.0,-0.0315,sl,-0.04150000000000004,0,-6.439293542825908e-15,-0.09740259740260326,A1_sustain,False
2025-12-02,KRW-VANA,bear_volatile,4,5,0.14135232744783308,0.27237158908507225,0.02377846894752684,0.011036420186615832,-0.038217071183246715,0.5189686924493554,78.0,0.015975281673948072,eod,0.015975281673948072,0,0.035347776510832096,-0.026681870011402764,A1_sustain,False
2025-12-02,KRW-ATOM,bear_volatile,4,36,0.06811797752808989,0.22253436339921742,0.03651685393258427,0.011036420186615832,-0.03473936804959419,0.30610093869363025,85.0,0.0485,tp,0.03344860499265795,0,0.06501912327155024,-0.012650779641071197,A1_sustain,False
2025-12-02,KRW-AAVE,bear_volatile,4,44,0.0463529647837865,0.22253436339921742,0.03651685393258427,0.011036420186615832,-0.03473936804959419,0.20829576194770064,70.0,0.0485,tp,0.09966731517509736,0,0.10807647288333988,-0.02458056964494737,A1_sustain,False
2025-12-03,KRW-BTC,bear_volatile,4,17,0.014548008427811778,0.021067415730337078,0.006420545746388443,0.0,-0.015887629544782792,0.6905454667067991,2.0,0.014571874954048937,eod,0.014571874954048937,0,0.033379273748369354,-0.0035597679886205658,A1_sustain,False
2025-12-03,KRW-APT,bear_volatile,4,28,0.09100030099327781,0.17586276083467095,0.006420545746388443,0.0032102728731942215,-0.03136711177092888,0.5174506561899562,46.0,0.014848773841961873,eod,0.014848773841961873,0,0.03483606557377028,-0.006147540983606814,A1_sustain,False
2025-12-03,KRW-AUCTION,bear_volatile,4,32,0.06811797752808989,0.14285714285714285,0.0032105949633791514,0.011036420186615832,-0.028867188762522557,0.47682584269662925,86.0,0.006178676904902649,eod,0.006178676904902649,0,0.018856806128461745,-0.016499705362404415,A1_sustain,False
2025-12-04,KRW-BSV,bear_volatile,4,1,0.0242776886035313,0.021067415730337078,0.0016051364365971107,0.0011036420186615833,-0.015887629544782792,1.1523809523809525,72.0,-0.0315,sl,-0.014837567481740198,0,0.00568900126422256,-0.03887484197218716,A1_sustain,False
2025-12-04,KRW-SAHARA,bear_volatile,4,8,0.2618378812199037,0.4380016051364366,0.09058988764044944,0.011036420186615832,-0.052756825642354566,0.5978011910215301,25.0,0.0485,tp,0.04711111111111116,0,0.15699658703069685,-0.02218430034131369,A1_sustain,False
2025-12-04,KRW-W,bear_volatile,4,18,0.06811797752808989,0.14285714285714285,0.006420545746388443,0.011036420186615832,-0.028867188762522557,0.47682584269662925,100.0,-0.0315,sl,-0.023038461538461508,0,0.015267175572503566,-0.04274809160306792,A1_sustain,False
2025-12-05,KRW-MBL,bear_volatile,4,9,0.09100030099327781,0.17586276083467095,0.047657268987659276,0.0016051364365971107,-0.03136711177092888,0.5174506561899562,100.0,-0.0315,sl,-0.07467073170731703,0,0.035175879396464715,-0.0552763819100226,A1_sustain,False
2025-12-05,KRW-0G,bear_volatile,4,10,0.06811797752808989,0.14285714285714285,0.012439807383627608,0.0032102728731942215,-0.028867188762522557,0.47682584269662925,38.0,-0.0315,sl,-0.08110488088320739,0,0.0063805104408347635,-0.10034802784222785,A1_sustain,False
2025-12-05,KRW-ARK,bear_volatile,4,26,0.06811797752808989,0.17586276083467095,0.006420545746388443,0.0016051364365971107,-0.03136711177092888,0.38733599543639474,64.0,0.016518018018018055,eod,0.016518018018018055,0,0.06436781609195141,-0.004597701149427591,A1_sustain,False
2025-12-06,KRW-DRIFT,bear_volatile,4,20,0.09100030099327781,0.27237158908507225,0.02377846894752684,0.011036420186615832,-0.038217071183246715,0.3341034991900527,83.0,0.010094202898550732,eod,0.010094202898550732,0,0.014367816091951147,-0.025862068965520124,A1_sustain,False
2025-12-06,KRW-FF,bear_volatile,4,29,0.06811797752808989,0.22253436339921742,0.02377846894752684,0.011036420186615832,-0.03473936804959419,0.30610093869363025,72.0,-0.013195906432748537,eod,-0.013195906432748537,0,0.011627906976738434,-0.029069767441866068,A1_sustain,False
2025-12-06,KRW-JST,bear_volatile,4,31,0.031902086677367575,0.10735426908799037,0.006420545746388443,0.0016051364365971107,-0.026170050657352464,0.29716644664796504,45.0,0.0485,tp,-0.004838898163605885,0,0.055091819699481626,-0.013355592654440529,A1_sustain,False
2025-12-07,KRW-MMT,bear_volatile,4,3,0.2618378812199037,0.3267783686164342,0.047657268987659276,0.011036420186615832,-0.043157090789848855,0.8012705440954192,52.0,-0.0315,sl,-0.028285714285714303,0,0.008823529411761566,-0.06470588235294394,A1_sustain,False
2025-12-07,KRW-LAYER,bear_volatile,4,11,0.09100030099327781,0.17586276083467095,0.047657268987659276,0.011036420186615832,-0.03136711177092888,0.5174506561899562,96.0,-0.0315,sl,-0.027815789473684183,0,0.023026315789470342,-0.046052631578950565,A1_sustain,False
2025-12-07,KRW-ZBT,bear_volatile,4,20,0.06811797752808989,0.17586276083467095,0.012439807383627608,0.011036420186615832,-0.03136711177092888,0.38733599543639474,31.0,-0.0315,sl,0.016792682926829283,0,0.01818181818181208,-0.04848484848485424,A1_sustain,False
2025-12-08,KRW-PLUME,bear_volatile,4,7,0.14135232744783308,0.27237158908507225,0.047657268987659276,0.011036420186615832,-0.038217071183246715,0.5189686924493554,33.0,0.0485,tp,0.07876755852842804,0,0.07333333333329772,-0.02000000000003266,A1_sustain,False
2025-12-08,KRW-CVC,bear_volatile,4,12,0.09100030099327781,0.22253436339921742,0.03651685393258427,0.011036420186615832,-0.03473936804959419,0.40892696122633,67.0,0.0013328611898016387,eod,0.0013328611898016387,0,0.02974504249290355,-0.011331444759220655,A1_sustain,False
2025-12-08,KRW-BAT,bear_volatile,4,17,0.09100030099327781,0.27237158908507225,0.047657268987659276,0.011036420186615832,-0.038217071183246715,0.3341034991900527,54.0,0.0485,tp,0.009138297872340497,0,0.055408970976250416,-0.018469656992087136,A1_sustain,False
2025-12-09,KRW-BLAST,bear_volatile,4,3,0.0463529647837865,0.05949036918138042,0.0032105949633791514,0.011036420186615832,-0.02145057568734158,0.7791675429422998,71.0,-0.0315,sl,0.013651515151515138,0,0.053435114503012526,-0.022900763359524623,A1_sustain,False
2025-12-09,KRW-TAIKO,bear_volatile,4,6,0.031902086677367575,0.05949036918138042,0.006420545746388443,0.0016051364365971107,-0.02145057568734158,0.536256323777403,97.0,0.0485,tp,0.026969750889679622,0,0.04593639575971342,-0.017667844522971765,A1_sustain,False
2025-12-09,KRW-ANIME,bear_volatile,4,11,0.06811797752808989,0.14285714285714285,0.0032105949633791514,0.0032102728731942215,-0.028867188762522557,0.47682584269662925,47.0,0.0485,tp,0.038500000000000034,0,0.059999999999893916,-0.01200000000009871,A1_sustain,False
2025-12-10,KRW-LINEA,bear_volatile,4,14,0.06811797752808989,0.10735426908799037,0.012439807383627608,0.0032102728731942215,-0.026170050657352464,0.6345157775910952,70.0,-0.0315,sl,-0.018306722689075683,0,0.024999999999914646,-0.041666666666746566,A1_sustain,False
2025-12-10,KRW-POLYX,bear_volatile,4,25,0.0463529647837865,0.10735426908799037,0.0032105949633791514,0.011036420186615832,-0.026170050657352464,0.43177570093457945,99.0,-0.0315,sl,-0.033159388646288146,0,0.0032715376226717385,-0.039258451472202416,A1_sustain,False
2025-12-10,KRW-TOSHI,bear_volatile,4,26,0.0463529647837865,0.10735426908799037,0.006420545746388443,0.011036420186615832,-0.026170050657352464,0.43177570093457945,90.0,-0.013013157894736836,eod,-0.013013157894736836,0,0.04262295081796297,-0.011475409837686135,A1_sustain,False
2025-12-11,KRW-TOSHI,bear_volatile,4,7,0.06811797752808989,0.14285714285714285,0.012439807383627608,0.0032102728731942215,-0.028867188762522557,0.47682584269662925,58.0,-0.0315,sl,-0.011483361064891838,0,-1.6312506900817425e-12,-0.06688417618423026,A1_sustain,False
2025-12-11,KRW-ZORA,bear_volatile,4,8,0.06811797752808989,0.14285714285714285,0.02377846894752684,0.011036420186615832,-0.028867188762522557,0.47682584269662925,66.0,0.0485,tp,0.04191926729986434,0,0.05291723202169529,-0.027137042062428285,A1_sustain,False
2025-12-11,KRW-BARD,bear_volatile,4,13,0.09100030099327781,0.22253436339921742,0.0032105949633791514,0.011036420186615832,-0.03473936804959419,0.40892696122633,51.0,0.0485,tp,0.12015450121654508,1,0.4387672343876712,-0.021897810218978853,A1_sustain,False
2025-12-12,KRW-MMT,bear_volatile,4,14,0.09100030099327781,0.27237158908507225,0.047657268987659276,0.011036420186615832,-0.038217071183246715,0.3341034991900527,66.0,0.0485,tp,0.061,0,0.180327868852455,-0.01967213114754429,A1_sustain,False
2025-12-12,KRW-MON,bear_volatile,4,15,0.09100030099327781,0.27237158908507225,0.047657268987659276,0.011036420186615832,-0.038217071183246715,0.3341034991900527,23.0,-0.0315,sl,-0.08611538461538454,0,0.010230179028106967,-0.09462915601025346,A1_sustain,False
2025-12-12,KRW-TRUST,bear_volatile,4,16,0.14135232744783308,0.4380016051364366,0.012439807383627608,0.011036420186615832,-0.052756825642354566,0.3227210261108566,57.0,0.0485,tp,-0.006994505494505475,0,0.07734806629833657,-0.03314917127072359,A1_sustain,False
2025-12-13,KRW-THETA,bear_volatile,4,11,0.06811797752808989,0.17586276083467095,0.03651685393258427,0.011036420186615832,-0.03136711177092888,0.38733599543639474,81.0,0.029567961165048617,eod,0.029567961165048617,0,0.038834951456308664,-0.0038834951456330202,A1_sustain,False
2025-12-13,KRW-NEWT,bear_volatile,4,12,0.0463529647837865,0.14285714285714285,0.047657268987659276,0.011036420186615832,-0.028867188762522557,0.3244707534865055,99.0,-0.013404761904761862,eod,-0.013404761904761862,0,-5.88418203051333e-15,-0.02366863905326022,A1_sustain,False
2025-12-13,KRW-TRUST,bear_volatile,4,19,0.09100030099327781,0.3267783686164342,0.09058988764044944,0.011036420186615832,-0.043157090789848855,0.2784771261897452,25.0,-0.012611111111111071,eod,-0.012611111111111071,0,0.033333333333327664,-0.022222222222227583,A1_sustain,False
2025-12-14,KRW-GAS,bear_volatile,4,1,0.014548008427811778,0.021067415730337078,0.006420545746388443,0.0004012841091492777,-0.015887629544782792,0.6905454667067991,48.0,-0.0315,sl,-0.03483333333333333,0,0.010019392372333291,-0.0400775694893345,A1_sustain,False
2025-12-14,KRW-SUPER,bear_volatile,4,2,0.09100030099327781,0.14285714285714285,0.012439807383627608,0.0032102728731942215,-0.028867188762522557,0.6370021069529447,42.0,-0.0315,sl,-0.057196202531645535,0,0.005025125628138172,-0.057788944723620506,A1_sustain,False
2025-12-14,KRW-HOLO,bear_volatile,4,13,0.0242776886035313,0.05949036918138042,0.006420545746388443,0.0032102728731942215,-0.02145057568734158,0.40809443507588533,93.0,-0.0315,sl,-0.0729285714285714,0,0.008928571428562515,-0.07142857142857972,A1_sustain,False
2025-12-15,KRW-LSK,bear_volatile,4,3,0.09100030099327781,0.17586276083467095,0.03651685393258427,0.011036420186615832,-0.03136711177092888,0.5174506561899562,50.0,-0.0315,sl,-0.028166666666666618,0,0.03999999999999648,-0.036666666666669956,A1_sustain,False
2025-12-15,KRW-G,bear_volatile,4,11,0.06811797752808989,0.17586276083467095,0.006420545746388443,0.0032102728731942215,-0.03136711177092888,0.38733599543639474,73.0,-0.0315,sl,-0.09872222222222221,0,0.04556962025303202,-0.10253164556973393,A1_sustain,False
2025-12-15,KRW-HUNT,bear_volatile,4,12,0.0463529647837865,0.14285714285714285,0.02377846894752684,0.0032102728731942215,-0.028867188762522557,0.3244707534865055,64.0,-0.0315,sl,-0.04336046511627906,0,-4.551914400963142e-15,-0.0691244239631379,A1_sustain,False
2025-12-16,KRW-BARD,bear_volatile,4,1,0.14135232744783308,0.22253436339921742,0.047657268987659276,0.0032102728731942215,-0.03473936804959419,0.6351932586440723,44.0,0.0011178010471205048,eod,0.0011178010471205048,0,0.015720524017466486,-0.018340611353712566,A1_sustain,False
2025-12-16,KRW-LSK,bear_volatile,4,7,0.06811797752808989,0.17586276083467095,0.03651685393258427,0.011036420186615832,-0.03136711177092888,0.38733599543639474,69.0,0.015623287671232835,eod,0.015623287671232835,0,0.033670033670030186,-0.03703703703704031,A1_sustain,False
2025-12-16,KRW-LA,bear_volatile,4,13,0.06811797752808989,0.27237158908507225,0.03651685393258427,0.0016051364365971107,-0.038217071183246715,0.25009208103130753,75.0,-0.0315,sl,-0.016586206896551714,0,-2.220446049250313e-15,-0.05341880341880545,A1_sustain,False
2025-12-17,KRW-MEW,bear_volatile,4,11,0.09100030099327781,0.17586276083467095,0.03651685393258427,0.011036420186615832,-0.03136711177092888,0.5174506561899562,92.0,-0.0315,sl,-0.06165037593984962,0,0.029850746267887862,-0.06716417910517392,A1_sustain,False
2025-12-17,KRW-MNT,bear_volatile,4,13,0.09100030099327781,0.22253436339921742,0.006420545746388443,0.0032102728731942215,-0.03473936804959419,0.40892696122633,44.0,0.0485,tp,-0.02804387865655472,0,0.06950431034482696,-0.04364224137931083,A1_sustain,False
2025-12-17,KRW-BAT,bear_volatile,4,19,0.09100030099327781,0.27237158908507225,0.047657268987659276,0.011036420186615832,-0.038217071183246715,0.3341034991900527,45.0,-0.0315,sl,-0.06995238095238093,0,0.023598820058994052,-0.0825958702064924,A1_sustain,False
2025-12-18,KRW-JST,bear_volatile,4,14,0.0242776886035313,0.10735426908799037,0.012439807383627608,0.011036420186615832,-0.026170050657352464,0.226145534870464,83.0,-0.009875209380234505,eod,-0.009875209380234505,0,0.010050251256264353,-0.015075376884438718,A1_sustain,False
2025-12-18,KRW-NXPC,bear_volatile,4,16,0.06811797752808989,0.3267783686164342,0.03651685393258427,0.0032102728731942215,-0.043157090789848855,0.20845314154819525,58.0,-0.0315,sl,-0.040645907473309595,0,0.03921568627450789,-0.0641711229946541,A1_sustain,False
2025-12-18,KRW-MOC,bear_volatile,4,19,0.0242776886035313,0.14285714285714285,0.02377846894752684,0.0032102728731942215,-0.028867188762522557,0.1699438202247191,88.0,-0.0315,sl,-0.045412175648702646,0,0.00198019801978222,-0.04950495049506831,A1_sustain,False
2025-12-19,KRW-BCH,bear_volatile,4,14,0.031902086677367575,0.14285714285714285,0.02377846894752684,0.0032102728731942215,-0.028867188762522557,0.22331460674157302,12.0,0.0485,tp,0.09760979228486649,0,0.11401425178147262,-0.016627078384798155,A1_sustain,False
2025-12-19,KRW-ARDR,bear_volatile,4,15,0.031902086677367575,0.14285714285714285,0.03651685393258427,0.0032102728731942215,-0.028867188762522557,0.22331460674157302,70.0,0.0485,tp,0.052487730061349824,0,0.047044632086838956,-0.02171290711702034,A1_sustain,False
2025-12-19,KRW-ATH,bear_volatile,4,21,0.06811797752808989,0.3267783686164342,0.09058988764044944,0.011036420186615832,-0.043157090789848855,0.20845314154819525,72.0,0.0485,tp,0.10537022900763354,0,0.12213740458006694,-0.01526717557259416,A1_sustain,False
2025-12-20,KRW-BERA,bear_volatile,4,2,0.2618378812199037,0.17586276083467095,0.012439807383627608,0.0032102728731942215,-0.03136711177092888,1.488876212207644,56.0,0.0485,tp,0.03290366972477071,0,0.053899082568806156,-0.01834862385321212,A1_sustain,False
2025-12-20,KRW-BSV,bear_volatile,4,15,0.014548008427811778,0.021067415730337078,0.00030096308186195825,0.0011036420186615833,-0.015887629544782792,0.6905454667067991,96.0,0.019197167755991285,eod,0.019197167755991285,0,0.035234289865601065,-0.002905920813657814,A1_sustain,False
2025-12-20,KRW-ENSO,bear_volatile,4,17,0.09100030099327781,0.14285714285714285,0.0032105949633791514,0.0032102728731942215,-0.028867188762522557,0.6370021069529447,66.0,0.0485,tp,0.03965226337448563,0,0.15210688591983446,-0.012332990750257955,A1_sustain,False
2025-12-21,KRW-T,bear_volatile,4,13,0.0463529647837865,0.05949036918138042,0.00030096308186195825,0.0032102728731942215,-0.02145057568734158,0.7791675429422998,89.0,-0.0315,sl,-0.016098540145985385,0,0.007246376811521182,-0.04347826086963469,A1_sustain,False
2025-12-21,KRW-ORCA,bear_volatile,4,21,0.06811797752808989,0.10735426908799037,0.02377846894752684,0.0032102728731942215,-0.026170050657352464,0.6345157775910952,88.0,0.0485,tp,0.012164596273291974,0,0.07821229050279266,-0.031657355679702626,A1_sustain,False
2025-12-21,KRW-ALT,bear_volatile,4,34,0.06811797752808989,0.14285714285714285,0.012439807383627608,0.011036420186615832,-0.028867188762522557,0.47682584269662925,61.0,-0.0315,sl,-0.029748587570621432,0,0.05142857142851143,-0.0571428571429109,A1_sustain,False
2025-12-22,KRW-POWR,bear_volatile,4,1,0.09100030099327781,0.10735426908799037,0.006420545746388443,0.011036420186615832,-0.026170050657352464,0.8476635514018691,61.0,0.0485,tp,0.015306722689075571,0,0.09565217391303404,-8.659739592076221e-15,A1_sustain,False
2025-12-22,KRW-HP,bear_volatile,4,3,0.09100030099327781,0.14285714285714285,0.012439807383627608,0.011036420186615832,-0.028867188762522557,0.6370021069529447,84.0,-0.0315,sl,-0.014614754098360603,0,0.019672131147507654,-0.03606557377052344,A1_sustain,False
2025-12-22,KRW-IQ,bear_volatile,4,6,0.06811797752808989,0.10735426908799037,0.0032105949633791514,0.011036420186615832,-0.026170050657352464,0.6345157775910952,53.0,0.0485,tp,-0.005791845493562318,0,0.09691629955898828,-4.405364961712621e-13,A1_sustain,False
2025-12-23,KRW-AKT,bear_volatile,4,1,0.09100030099327781,0.10735426908799037,0.0032105949633791514,0.011036420186615832,-0.026170050657352464,0.8476635514018691,56.0,-0.012252688172043,eod,-0.012252688172043,0,0.0017793594306032556,-0.033807829181496385,A1_sustain,False
2025-12-23,KRW-ONT,bear_volatile,4,7,0.09100030099327781,0.14285714285714285,0.006420545746388443,0.011036420186615832,-0.028867188762522557,0.6370021069529447,49.0,-0.0315,sl,-0.015080246913580174,0,0.0036991368680519,-0.03575832305796489,A1_sustain,False
2025-12-23,KRW-ATH,bear_volatile,4,8,0.09100030099327781,0.14285714285714285,0.012439807383627608,0.011036420186615832,-0.028867188762522557,0.6370021069529447,92.0,-0.0315,sl,-0.0372142857142857,0,0.014388489208559951,-0.05035971223028424,A1_sustain,False
2025-12-24,KRW-MIRA,bear_volatile,4,5,0.031902086677367575,0.05949036918138042,0.0032105949633791514,0.011036420186615832,-0.02145057568734158,0.536256323777403,90.0,0.0485,tp,0.04611904761904767,0,0.0894736842105206,-0.03157894736842615,A1_sustain,False
2025-12-24,KRW-WCT,bear_volatile,4,6,0.031902086677367575,0.05949036918138042,0.006420545746388443,0.0016051364365971107,-0.02145057568734158,0.536256323777403,99.0,-0.0315,sl,0.034863636363636374,0,0.0450450450450357,-0.04504504504505358,A1_sustain,False
2025-12-24,KRW-SOMI,bear_volatile,4,8,0.14135232744783308,0.27237158908507225,0.02377846894752684,0.011036420186615832,-0.038217071183246715,0.5189686924493554,50.0,-0.0315,sl,-0.004195417789757459,0,-2.7755575615628914e-15,-0.0508021390374358,A1_sustain,False
2025-12-25,KRW-WAVES,bear_volatile,4,3,0.014548008427811778,0.021067415730337078,0.0032105949633791514,0.0004012841091492777,-0.015887629544782792,0.6905454667067991,96.0,-0.0315,sl,-0.03560230692076233,0,0.010030090270811476,-0.03711133400200706,A1_sustain,False
2025-12-25,KRW-0G,bear_volatile,4,6,0.06811797752808989,0.10735426908799037,0.0016051364365971107,0.0016051364365971107,-0.026170050657352464,0.6345157775910952,49.0,-0.0315,sl,0.24966279069767433,1,0.44688026981450135,-7.771561172376096e-16,A1_sustain,False
2025-12-25,KRW-DKA,bear_volatile,4,8,0.06811797752808989,0.10735426908799037,0.0016051364365971107,0.011036420186615832,-0.026170050657352464,0.6345157775910952,99.0,-0.022285219399538037,eod,-0.022285219399538037,0,0.016147635524681014,-0.024221453287309735,A1_sustain,False
2025-12-26,KRW-BORA,bear_volatile,4,2,0.0463529647837865,0.05949036918138042,0.0016051364365971107,0.0032102728731942215,-0.02145057568734158,0.7791675429422998,98.0,-0.006944646098003658,eod,-0.006944646098003658,0,0.012589928057535671,-0.023381294964046506,A1_sustain,False
2025-12-26,KRW-OPEN,bear_volatile,4,4,0.09100030099327781,0.14285714285714285,0.0016051364365971107,0.011036420186615832,-0.028867188762522557,0.6370021069529447,51.0,-0.0315,sl,-0.04134063745019917,0,0.007905138339916906,-0.16205533596838273,A1_sustain,False
2025-12-26,KRW-COMP,bear_volatile,4,11,0.031902086677367575,0.05949036918138042,0.0016051364365971107,0.0032102728731942215,-0.02145057568734158,0.536256323777403,69.0,0.01600663129973473,eod,0.01600663129973473,0,0.027814569536423805,-0.003973509933774877,A1_sustain,False
2025-12-27,KRW-MMT,bear_volatile,4,8,0.14135232744783308,0.22253436339921742,0.02377846894752684,0.011036420186615832,-0.03473936804959419,0.6351932586440723,39.0,-0.0315,sl,-0.0691470588235294,0,0.014836795252222368,-0.0652818991097951,A1_sustain,False
2025-12-27,KRW-OPEN,bear_volatile,4,13,0.09100030099327781,0.17586276083467095,0.012439807383627608,0.0032102728731942215,-0.03136711177092888,0.5174506561899562,65.0,-0.0315,sl,-0.009798755186721962,0,0.008264462809913109,-0.03719008264463208,A1_sustain,False
2025-12-27,KRW-TIA,bear_volatile,4,16,0.06811797752808989,0.14285714285714285,0.012439807383627608,0.011036420186615832,-0.028867188762522557,0.47682584269662925,58.0,0.0485,tp,0.052392215568862366,0,0.05970149253731183,-0.00895522388059855,A1_sustain,False
2025-12-28,KRW-LINEA,bear_volatile,4,3,0.0463529647837865,0.05949036918138042,0.0032105949633791514,0.011036420186615832,-0.02145057568734158,0.7791675429422998,76.0,-0.0315,sl,-0.038133663366336557,0,0.009999999999898979,-0.03800000000009629,A1_sustain,False
2025-12-28,KRW-ICX,bear_volatile,4,5,0.0463529647837865,0.05949036918138042,0.006420545746388443,0.011036420186615832,-0.02145057568734158,0.7791675429422998,63.0,0.0485,tp,-0.010141975308641969,0,0.05541871921180963,-0.018472906403952938,A1_sustain,False
2025-12-28,KRW-A,bear_volatile,4,11,0.06811797752808989,0.10735426908799037,0.006420545746388443,0.011036420186615832,-0.026170050657352464,0.6345157775910952,71.0,-0.0315,sl,-0.018667381974248942,0,0.017241379310340532,-0.025862068965521456,A1_sustain,False
2025-12-29,KRW-ARDR,bear_volatile,4,4,0.014548008427811778,0.021067415730337078,0.006420545746388443,0.0016051364365971107,-0.015887629544782792,0.6905454667067991,85.0,-0.0050587188612099526,eod,-0.0050587188612099526,0,0.04507710557531386,-0.009489916963238199,A1_sustain,False
2025-12-29,KRW-KAVA,bear_volatile,4,6,0.09100030099327781,0.14285714285714285,0.03651685393258427,0.011036420186615832,-0.028867188762522557,0.6370021069529447,46.0,-0.0315,sl,-0.03658771929824561,0,0.008695652173904334,-0.043478260869573515,A1_sustain,False
2025-12-29,KRW-DRIFT,bear_volatile,4,8,0.06811797752808989,0.10735426908799037,0.0032105949633791514,0.011036420186615832,-0.026170050657352464,0.6345157775910952,54.0,0.0485,tp,-0.026710084033613468,0,0.1129707112970666,-0.02928870292887431,A1_sustain,False
2025-12-30,KRW-MIRA,bear_volatile,4,13,0.09100030099327781,0.17586276083467095,0.006420545746388443,0.011036420186615832,-0.03136711177092888,0.5174506561899562,64.0,-0.0315,sl,0.022423444976076568,0,0.014354066985641012,-0.052631578947372915,A1_sustain,False
2025-12-30,KRW-BIO,bear_volatile,4,15,0.0463529647837865,0.10735426908799037,0.0032105949633791514,0.011036420186615832,-0.026170050657352464,0.43177570093457945,85.0,-0.0315,sl,-0.021561728395061708,0,0.0015408320492911187,-0.03389830508476066,A1_sustain,False
2025-12-30,KRW-TREE,bear_volatile,4,16,0.0463529647837865,0.10735426908799037,0.006420545746388443,0.011036420186615832,-0.026170050657352464,0.43177570093457945,72.0,-0.0315,sl,-0.0015,0,0.019108280254770627,-0.04458598726115259,A1_sustain,False
2026-01-01,KRW-XEC,bear_volatile,4,12,0.0463529647837865,0.10735426908799037,0.012439807383627608,0.011036420186615832,-0.026170050657352464,0.43177570093457945,66.0,0.02447402597402598,eod,0.02447402597402598,0,0.03921568620658733,-0.006535947777350559,A1_sustain,False
2026-01-01,KRW-GAS,bear_volatile,4,21,0.06811797752808989,0.17586276083467095,0.0032105949633791514,0.0032102728731942215,-0.03136711177092888,0.38733599543639474,49.0,-0.004554989816700604,eod,-0.004554989816700604,0,0.012863913337846755,-0.0159106296547058,A1_sustain,False
2026-01-01,KRW-RED,bear_volatile,4,25,0.0463529647837865,0.14285714285714285,0.03651685393258427,0.0016051364365971107,-0.028867188762522557,0.3244707534865055,37.0,0.0485,tp,0.0475196078431373,0,0.05161290322580303,-0.0258064516129064,A1_sustain,False
2026-01-02,KRW-POL,bear_quiet,4,2,0.0242776886035313,0.021067415730337078,0.00030096308186195825,0.0004012841091492777,-0.015887629544782792,1.1523809523809525,62.0,0.0485,tp,0.0699285714285714,0,0.06451612903225112,-0.012903225806457974,A1_sustain,False
2026-01-02,KRW-ERA,bear_quiet,4,8,0.0463529647837865,0.05949036918138042,0.0016051364365971107,0.0032102728731942215,-0.02145057568734158,0.7791675429422998,71.0,0.03931632653061229,eod,0.03931632653061229,0,0.05479452054794143,-0.020547945205482865,A1_sustain,False
2026-01-02,KRW-COMP,bear_quiet,4,9,0.014548008427811778,0.021067415730337078,0.0016051364365971107,0.0,-0.015887629544782792,0.6905454667067991,58.0,0.023792357900462247,eod,0.023792357900462247,0,0.027107617240444526,-0.013282732447817858,A1_sustain,False
2026-01-03,KRW-WLFI,bear_quiet,4,1,0.0463529647837865,0.021067415730337078,0.00030096308186195825,0.0011036420186615833,-0.015887629544782792,2.2002207284037323,53.0,-0.0315,sl,0.1368928571428572,0,0.1741071428571377,-0.03125000000000433,A1_sustain,False
2026-01-03,KRW-AQT,bear_quiet,4,2,0.031902086677367575,0.021067415730337078,0.00030096308186195825,0.0004012841091492777,-0.015887629544782792,1.5142857142857142,67.0,-0.0003492520138090303,eod,-0.0003492520138090303,0,0.00806451612903114,-0.019585253456222307,A1_sustain,False
2026-01-03,KRW-LINK,bear_quiet,4,3,0.031902086677367575,0.021067415730337078,0.00030096308186195825,0.0004012841091492777,-0.015887629544782792,1.5142857142857142,27.0,-0.004087991718426496,eod,-0.004087991718426496,0,0.009379885356956663,-0.022928608650338744,A1_sustain,False
2026-01-04,KRW-AUCTION,bear_quiet,4,1,0.0242776886035313,0.021067415730337078,0.00030096308186195825,0.0016051364365971107,-0.015887629544782792,1.1523809523809525,100.0,0.008964355788096791,eod,0.008964355788096791,0,0.025456919060052208,-0.013054830287206332,A1_sustain,False
2026-01-04,KRW-MNT,bear_quiet,4,2,0.0242776886035313,0.021067415730337078,0.00030096308186195825,0.0011036420186615833,-0.015887629544782792,1.1523809523809525,91.0,0.001815649867374093,eod,0.001815649867374093,0,0.06381534283774548,-6.661338147750939e-16,A1_sustain,False
2026-01-04,KRW-XLM,bear_quiet,4,3,0.0242776886035313,0.021067415730337078,0.00030096308186195825,0.0011036420186615833,-0.015887629544782792,1.1523809523809525,21.0,0.038500000000000034,eod,0.038500000000000034,0,0.05900621118012084,-0.006211180124226723,A1_sustain,False
2026-01-05,KRW-BTT,bear_quiet,4,2,0.0242776886035313,0.021067415730337078,0.00030096308186195825,0.0004012841091492777,-0.015887629544782792,1.1523809523809525,78.0,0.0485,tp,0.1148934426229507,0,0.1924342085650752,-0.008223685841737383,A1_sustain,False
2026-01-05,KRW-ENS,bear_quiet,4,3,0.0242776886035313,0.021067415730337078,0.00030096308186195825,0.0004012841091492777,-0.015887629544782792,1.1523809523809525,56.0,0.0485,tp,0.04757161803713533,0,0.0743198407431982,-0.005972130059721414,A1_sustain,False
2026-01-05,KRW-LINK,bear_quiet,4,4,0.0242776886035313,0.021067415730337078,0.00030096308186195825,0.0,-0.015887629544782792,1.1523809523809525,28.0,0.025693432529502236,eod,0.025693432529502236,0,0.053038105046343986,-0.001029866117404743,A1_sustain,False
2026-01-06,KRW-MLK,bear_quiet,4,1,0.0463529647837865,0.021067415730337078,0.00030096308186195825,0.0011036420186615833,-0.015887629544782792,2.2002207284037323,99.0,0.0485,tp,0.03389823008849563,0,0.19444444444443354,-9.2148511043888e-15,A1_sustain,False
2026-01-06,KRW-SOL,bear_quiet,4,2,0.0242776886035313,0.021067415730337078,0.00030096308186195825,0.0,-0.015887629544782792,1.1523809523809525,5.0,0.030222054380664665,eod,0.030222054380664665,0,0.03849999999999998,-0.010000000000000009,A1_sustain,False
2026-01-06,KRW-SIGN,bear_quiet,4,3,0.06811797752808989,0.05949036918138042,0.0016051364365971107,0.0032102728731942215,-0.02145057568734158,1.145025295109612,40.0,-0.0315,sl,-0.005039823008849585,0,-1.7430501486614958e-14,-0.045296167247403485,A1_sustain,False
2026-01-07,KRW-WET,bear_quiet,4,1,0.09100030099327781,0.10735426908799037,0.0032105949633791514,0.0011036420186615833,-0.026170050657352464,0.8476635514018691,59.0,-0.0315,sl,-0.023971910112359607,0,0.018726591760295674,-0.05992509363296239,A1_sustain,False
2026-01-07,KRW-ERA,bear_quiet,4,4,0.0463529647837865,0.05949036918138042,0.00030096308186195825,0.0016051364365971107,-0.02145057568734158,0.7791675429422998,90.0,0.0485,tp,0.004951612903225712,0,0.0612903225806416,-0.029032258064519367,A1_sustain,False
2026-01-07,KRW-ETH,bear_quiet,4,5,0.014548008427811778,0.021067415730337078,0.00030096308186195825,0.0,-0.015887629544782792,0.6905454667067991,3.0,-0.0315,sl,-0.03814921465968585,0,0.0002085505735140991,-0.04838373305526589,A1_sustain,False
2026-01-08,KRW-LINK,bear_quiet,4,1,0.0242776886035313,0.021067415730337078,0.00030096308186195825,0.0,-0.015887629544782792,1.1523809523809525,35.0,-0.008668458781361963,eod,-0.008668458781361963,0,0.010209290454313402,-0.02654415518121489,A1_sustain,False
2026-01-08,KRW-ELF,bear_quiet,4,2,0.09100030099327781,0.10735426908799037,0.00030096308186195825,0.011036420186615832,-0.026170050657352464,0.8476635514018691,98.0,0.0485,tp,0.13519064748201443,1,0.7426470588235166,-0.00735294117647789,A1_sustain,False
2026-01-08,KRW-TREE,bear_quiet,4,4,0.14135232744783308,0.17586276083467095,0.006420545746388443,0.011036420186615832,-0.03136711177092888,0.8037649743297205,46.0,0.0485,tp,-0.013769938650306788,0,0.06134969325152717,-0.018404907975466123,A1_sustain,False
2026-01-09,KRW-TOKAMAK,bear_quiet,4,18,0.031902086677367575,0.05949036918138042,0.00030096308186195825,0.0016051364365971107,-0.02145057568734158,0.536256323777403,90.0,0.0485,tp,-0.004183363148479389,0,0.07052441229656337,-0.010849909584087603,A1_sustain,False
2026-01-09,KRW-CHZ,bear_quiet,4,21,0.09100030099327781,0.17586276083467095,0.0016051364365971107,0.011036420186615832,-0.03136711177092888,0.5174506561899562,82.0,0.015449152542372837,eod,0.015449152542372837,0,0.04320987654319386,-0.007716049382731294,A1_sustain,False
2026-01-09,KRW-GMT,bear_quiet,4,22,0.09100030099327781,0.17586276083467095,0.0032105949633791514,0.011036420186615832,-0.03136711177092888,0.5174506561899562,75.0,0.0485,tp,0.1909686192468621,1,0.34599156118137797,-0.016877637130843004,A1_sustain,False
2026-01-10,KRW-EGLD,bear_quiet,4,17,0.06811797752808989,0.14285714285714285,0.0016051364365971107,0.0032102728731942215,-0.028867188762522557,0.47682584269662925,91.0,-0.004115062761506248,eod,-0.004115062761506248,0,0.1713665943600866,-2.220446049250313e-16,A1_sustain,False
2026-01-10,KRW-SHIB,bear_quiet,4,24,0.09100030099327781,0.22253436339921742,0.02377846894752684,0.011036420186615832,-0.03473936804959419,0.40892696122633,30.0,0.0063740157480314825,eod,0.0063740157480314825,0,0.007812499921264537,-0.015625000076904372,A1_sustain,False
2026-01-10,KRW-LSK,bear_quiet,4,26,0.0242776886035313,0.05949036918138042,0.00030096308186195825,0.0004012841091492777,-0.02145057568734158,0.40809443507588533,85.0,-0.0015,eod,-0.0015,0,0.003267973856205808,-0.016339869281049024,A1_sustain,False
2026-01-11,KRW-AWE,bear_quiet,4,1,0.0242776886035313,0.021067415730337078,0.0032105949633791514,0.0004012841091492777,-0.015887629544782792,1.1523809523809525,32.0,-0.0315,sl,-0.03945966785290628,0,-1.1657341758564144e-14,-0.0526932084309244,A1_sustain,False
2026-01-11,KRW-COMP,bear_quiet,4,12,0.031902086677367575,0.05949036918138042,0.0016051364365971107,0.0016051364365971107,-0.02145057568734158,0.536256323777403,43.0,-0.012565362840967596,eod,-0.012565362840967596,0,0.015163197121562666,-0.02004626060138781,A1_sustain,False
2026-01-11,KRW-AUCTION,bear_quiet,4,17,0.09100030099327781,0.17586276083467095,0.006420545746388443,0.011036420186615832,-0.03136711177092888,0.5174506561899562,25.0,-0.0315,sl,-0.03092979767014098,0,0.023809523809523725,-0.03724053724053733,A1_sustain,False
2026-01-12,KRW-MET2,bear_quiet,4,1,0.09100030099327781,0.10735426908799037,0.006420545746388443,0.011036420186615832,-0.026170050657352464,0.8476635514018691,75.0,-0.0315,sl,-0.009436507936507908,1,0.2046632124352299,-0.08290155440414748,A1_sustain,False
2026-01-12,KRW-NXPC,bear_quiet,4,4,0.031902086677367575,0.05949036918138042,0.02377846894752684,0.0011036420186615833,-0.02145057568734158,0.536256323777403,66.0,0.0485,tp,-0.012138297872340385,0,0.05840707964601588,-0.030088495575222973,A1_sustain,False
2026-01-12,KRW-STRAX,bear_quiet,4,11,0.09100030099327781,0.17586276083467095,0.012439807383627608,0.011036420186615832,-0.03136711177092888,0.5174506561899562,86.0,-0.0315,sl,-0.0347326283987916,0,0.009009009008978719,-0.06906906906909704,A1_sustain,False
2026-01-13,KRW-MED,bear_quiet,4,5,0.14135232744783308,0.22253436339921742,0.02377846894752684,0.011036420186615832,-0.03473936804959419,0.6351932586440723,87.0,0.04006479217603914,eod,0.04006479217603914,0,0.0339805825240207,-0.026699029126449947,A1_sustain,False
2026-01-13,KRW-BONK,bear_quiet,4,19,0.06811797752808989,0.17586276083467095,0.012439807383627608,0.0011036420186615833,-0.03136711177092888,0.38733599543639474,44.0,0.0485,tp,0.1243278145695364,0,0.15231788071838936,-0.01324503317793091,A1_sustain,False
2026-01-13,KRW-MMT,bear_quiet,4,20,0.06811797752808989,0.17586276083467095,0.02377846894752684,0.011036420186615832,-0.03136711177092888,0.38733599543639474,67.0,0.012161202185792254,eod,0.012161202185792254,0,0.018970189701894125,-0.01626016260162877,A1_sustain,False
2026-01-14,KRW-LINK,bear_volatile,4,1,0.031902086677367575,0.021067415730337078,0.0016051364365971107,0.0,-0.015887629544782792,1.5142857142857142,38.0,-0.0024675858732463017,eod,-0.0024675858732463017,0,0.02284880894506558,-0.011667476908118646,A1_sustain,False
2026-01-14,KRW-ETH,bear_volatile,4,5,0.0242776886035313,0.021067415730337078,0.00030096308186195825,0.0,-0.015887629544782792,1.1523809523809525,4.0,-0.0015,eod,-0.0015,0,0.020324368712790086,-0.011496612605214507,A1_sustain,False
2026-01-14,KRW-ARK,bear_volatile,4,6,0.06811797752808989,0.05949036918138042,0.0016051364365971107,0.0011036420186615833,-0.02145057568734158,1.145025295109612,57.0,0.0008148148148148806,eod,0.0008148148148148806,0,0.01609195402298602,-0.016091954022990795,A1_sustain,False
2026-01-15,KRW-CARV,bear_quiet,4,10,0.014548008427811778,0.021067415730337078,0.00030096308186195825,0.0004012841091492777,-0.015887629544782792,0.6905454667067991,80.0,-0.0315,sl,-0.0372142857142857,0,0.00584795321636844,-0.05847953216374813,A1_sustain,False
2026-01-15,KRW-LINK,bear_quiet,4,11,0.014548008427811778,0.021067415730337078,0.00030096308186195825,0.0004012841091492777,-0.015887629544782792,0.6905454667067991,43.0,-0.0315,sl,-0.01651210653753027,0,0.00822447992259323,-0.03144654088050314,A1_sustain,False
2026-01-15,KRW-NEO,bear_quiet,4,18,0.031902086677367575,0.05949036918138042,0.0016051364365971107,0.0016051364365971107,-0.02145057568734158,0.536256323777403,87.0,-0.0315,sl,-0.039010656436487656,0,0.006814310051107109,-0.04429301533219776,A1_sustain,False
2026-01-16,KRW-ORBS,bear_quiet,4,5,0.031902086677367575,0.05949036918138042,0.0016051364365971107,0.011036420186615832,-0.02145057568734158,0.536256323777403,88.0,-0.0134760479041916,eod,-0.0134760479041916,0,0.018072289156565002,-0.012048192771143884,A1_sustain,False
2026-01-16,KRW-HYPER,bear_quiet,4,14,0.09100030099327781,0.22253436339921742,0.02377846894752684,0.011036420186615832,-0.03473936804959419,0.40892696122633,49.0,0.013728426395939021,eod,0.013728426395939021,0,0.020202020202015003,-0.03030303030303516,A1_sustain,False
2026-01-16,KRW-ANIME,bear_quiet,4,22,0.06811797752808989,0.17586276083467095,0.02377846894752684,0.0032102728731942215,-0.03136711177092888,0.38733599543639474,59.0,-0.0315,sl,-0.010428571428571396,0,0.017857142857051977,-0.03571428571437174,A1_sustain,False
2026-01-17,KRW-KAITO,bear_quiet,4,14,0.14135232744783308,0.27237158908507225,0.047657268987659276,0.0032102728731942215,-0.038217071183246715,0.5189686924493554,21.0,-0.0315,sl,-0.02771722846441943,0,-1.2212453270876722e-15,-0.047970479704798286,A1_sustain,False
2026-01-17,KRW-MOCA,bear_quiet,4,15,0.06811797752808989,0.14285714285714285,0.0032105949633791514,0.011036420186615832,-0.028867188762522557,0.47682584269662925,77.0,0.0485,tp,0.08158605341246289,0,0.1081871345028913,-0.02339181286552583,A1_sustain,False
2026-01-17,KRW-STRAX,bear_quiet,4,26,0.06811797752808989,0.17586276083467095,0.0032105949633791514,0.011036420186615832,-0.03136711177092888,0.38733599543639474,57.0,-0.0015,eod,-0.0015,0,0.027190332326252786,-0.009063444108791452,A1_sustain,False
2026-01-18,KRW-ANIME,bear_quiet,4,16,0.09100030099327781,0.17586276083467095,0.0032105949633791514,0.0032102728731942215,-0.03136711177092888,0.5174506561899562,55.0,-0.0315,sl,-0.07229646017699126,0,0.03508771929815491,-0.03508771929833032,A1_sustain,False
2026-01-18,KRW-GRT,bear_quiet,4,18,0.06811797752808989,0.14285714285714285,0.006420545746388443,0.011036420186615832,-0.028867188762522557,0.47682584269662925,65.0,-0.0315,sl,-0.1223791208791209,0,0.015847860538811043,-0.05229793977814512,A1_sustain,False
2026-01-18,KRW-STRAX,bear_quiet,4,20,0.06811797752808989,0.14285714285714285,0.012439807383627608,0.011036420186615832,-0.028867188762522557,0.47682584269662925,78.0,-0.0315,sl,-0.04379607250755296,0,-2.9976021664879227e-14,-0.029940119760508144,A1_sustain,False
2026-01-19,KRW-WCT,bear_quiet,4,18,0.06811797752808989,0.17586276083467095,0.012439807383627608,0.011036420186615832,-0.03136711177092888,0.38733599543639474,47.0,-0.0015,eod,-0.0015,0,-8.43769498715119e-15,-0.12711864406780393,A1_sustain,False
2026-01-19,KRW-BOUNTY,bear_quiet,4,25,0.09100030099327781,0.3267783686164342,0.03651685393258427,0.011036420186615832,-0.043157090789848855,0.2784771261897452,60.0,0.0485,tp,0.08371303258145352,0,-2.3203661214665772e-14,-0.10208816705338508,A1_sustain,False
2026-01-19,KRW-GLM,bear_quiet,4,26,0.09100030099327781,0.3267783686164342,0.047657268987659276,0.011036420186615832,-0.043157090789848855,0.2784771261897452,34.0,-0.0315,sl,-0.07046551724137934,0,0.14929577464788402,-0.03661971830986188,A1_sustain,False
2026-01-20,KRW-ZBT,bear_quiet,4,1,0.2618378812199037,0.14285714285714285,0.006420545746388443,0.0016051364365971107,-0.028867188762522557,1.832865168539326,50.0,-0.0315,sl,-0.048166666666666635,0,0.06802721088434649,-0.061224489795924764,A1_sustain,False
2026-01-20,KRW-DOOD,bear_quiet,4,4,0.14135232744783308,0.22253436339921742,0.03651685393258427,0.0032102728731942215,-0.03473936804959419,0.6351932586440723,23.0,0.0485,tp,-0.08300064683053049,0,0.11021505376329155,-0.0551075268818475,A1_sustain,False
2026-01-20,KRW-WET,bear_quiet,4,15,0.09100030099327781,0.22253436339921742,0.02377846894752684,0.0016051364365971107,-0.03473936804959419,0.40892696122633,61.0,-0.0315,sl,-0.0857696629213483,0,0.022222222222216592,-0.11666666666667158,A1_sustain,False
2026-01-21,KRW-ZBT,bear_volatile,4,4,0.2618378812199037,0.4380016051364366,0.09058988764044944,0.0032102728731942215,-0.052756825642354566,0.5978011910215301,30.0,-0.0315,sl,-0.0015,0,0.06474820143884119,-0.02158273381295661,A1_sustain,False
2026-01-21,KRW-GAME2,bear_volatile,4,17,0.0463529647837865,0.17586276083467095,0.006420545746388443,0.0032102728731942215,-0.03136711177092888,0.2635746451596028,66.0,-0.0015,eod,-0.0015,0,0.023437499999600098,-0.04296875000037381,A1_sustain,False
2026-01-21,KRW-DOOD,bear_volatile,4,27,0.06811797752808989,0.3267783686164342,0.09058988764044944,0.011036420186615832,-0.043157090789848855,0.20845314154819525,14.0,-0.0315,sl,0.0027253521126760507,0,0.03059805285103878,-0.06119610570249501,A1_sustain,False
2026-01-22,KRW-FLUID,bear_volatile,4,19,0.09100030099327781,0.17586276083467095,0.012439807383627608,0.0016051364365971107,-0.03136711177092888,0.5174506561899562,94.0,-0.0315,sl,-0.05466129032258066,0,0.012697590049235208,-0.06504275719098229,A1_sustain,False
2026-01-22,KRW-DRIFT,bear_volatile,4,28,0.06811797752808989,0.17586276083467095,0.006420545746388443,0.0032102728731942215,-0.03136711177092888,0.38733599543639474,52.0,-0.0315,sl,-0.04911904761904767,0,0.012987012987008661,-0.06060606060606466,A1_sustain,False
2026-01-22,KRW-MOCA,bear_volatile,4,29,0.06811797752808989,0.17586276083467095,0.006420545746388443,0.011036420186615832,-0.03136711177092888,0.38733599543639474,91.0,0.0485,tp,0.010769938650306678,0,0.0861538461538125,-0.0030769230769538414,A1_sustain,False
2026-01-23,KRW-ZBT,bear_volatile,4,5,0.09100030099327781,0.14285714285714285,0.006420545746388443,0.0016051364365971107,-0.028867188762522557,0.6370021069529447,55.0,0.0485,tp,0.07436206896551717,0,0.1678321678321597,-0.01398601398602084,A1_sustain,False
2026-01-23,KRW-AGLD,bear_volatile,4,17,0.06811797752808989,0.14285714285714285,0.006420545746388443,0.011036420186615832,-0.028867188762522557,0.47682584269662925,92.0,0.0485,tp,0.007978672985782089,0,0.05188679245282768,-0.007075471698115621,A1_sustain,False
2026-01-23,KRW-MLK,bear_volatile,4,21,0.0463529647837865,0.10735426908799037,0.0016051364365971107,0.011036420186615832,-0.026170050657352464,0.43177570093457945,67.0,-0.0315,sl,-0.035398305084745785,0,0.00847457627117798,-0.05084745762712661,A1_sustain,False
2026-01-24,KRW-XAUT,bear_volatile,4,14,0.09100030099327781,0.17586276083467095,0.012439807383627608,0.011036420186615832,-0.03136711177092888,0.5174506561899562,32.0,0.007458870639337535,eod,0.007458870639337535,0,0.0187627464309994,-0.0006798096532970588,A1_sustain,False
2026-01-24,KRW-BREV,bear_volatile,4,39,0.09100030099327781,0.3267783686164342,0.047657268987659276,0.011036420186615832,-0.043157090789848855,0.2784771261897452,20.0,0.0485,tp,-0.012399182561307951,0,0.08659217877094672,-2.886579864025407e-15,A1_sustain,False
2026-01-24,KRW-SAHARA,bear_volatile,4,42,0.0463529647837865,0.17586276083467095,0.0016051364365971107,0.0032102728731942215,-0.03136711177092888,0.2635746451596028,91.0,0.0485,tp,0.05263105413105401,0,0.05949008498580577,-0.01699716713883792,A1_sustain,False
2026-01-25,KRW-A,bear_volatile,4,20,0.06811797752808989,0.14285714285714285,0.006420545746388443,0.011036420186615832,-0.028867188762522557,0.47682584269662925,78.0,-0.0315,sl,-0.04855882352941182,0,0.0058823529411706765,-0.09411764705882886,A1_sustain,False
2026-01-25,KRW-ATH,bear_volatile,4,21,0.06811797752808989,0.14285714285714285,0.006420545746388443,0.011036420186615832,-0.028867188762522557,0.47682584269662925,80.0,0.0485,tp,-0.024576923076923107,0,0.07633587786251317,-0.07633587786266594,A1_sustain,False
2026-01-25,KRW-ME,bear_volatile,4,29,0.09100030099327781,0.22253436339921742,0.03651685393258427,0.0032102728731942215,-0.03473936804959419,0.40892696122633,53.0,-0.0315,sl,-0.07248765432098764,0,-3.1086244689504383e-15,-0.08841463414634432,A1_sustain,False
2026-01-26,KRW-XAUT,bear_volatile,4,13,0.09100030099327781,0.22253436339921742,0.02377846894752684,0.011036420186615832,-0.03473936804959419,0.40892696122633,44.0,-0.009119302232321878,eod,-0.009119302232321878,0,0.0032072698115728215,-0.025925430976880937,A1_sustain,False
2026-01-26,KRW-BEAM,bear_volatile,4,35,0.06811797752808989,0.17586276083467095,0.03651685393258427,0.011036420186615832,-0.03136711177092888,0.38733599543639474,76.0,-0.0315,sl,-0.08269658119658113,1,0.44124700239773595,-2.398081733190338e-13,A1_sustain,False
2026-01-26,KRW-SONIC,bear_volatile,4,37,0.09100030099327781,0.27237158908507225,0.012439807383627608,0.011036420186615832,-0.038217071183246715,0.3341034991900527,72.0,-0.0315,sl,0.01973142250530785,0,0.024083769633497232,-0.05130890052357018,A1_sustain,False
2026-01-27,KRW-SONIC,bear_volatile,4,20,0.06811797752808989,0.14285714285714285,0.0032105949633791514,0.011036420186615832,-0.028867188762522557,0.47682584269662925,95.0,-0.0315,sl,-0.01605301455301461,0,-1.021405182655144e-14,-0.06088751289990646,A1_sustain,False
2026-01-27,KRW-T,bear_volatile,4,24,0.0463529647837865,0.10735426908799037,0.0032105949633791514,0.0032102728731942215,-0.026170050657352464,0.43177570093457945,79.0,-0.0315,sl,-0.023722222222222256,0,0.03787878787870924,-0.022727272727346648,A1_sustain,False
2026-01-27,KRW-MANA,bear_volatile,4,42,0.06811797752808989,0.17586276083467095,0.02377846894752684,0.011036420186615832,-0.03136711177092888,0.38733599543639474,97.0,-0.0315,sl,-0.030071428571428582,0,0.023696682464450225,-0.05213270142180537,A1_sustain,False
2026-01-28,KRW-MTL,bear_volatile,4,7,0.031902086677367575,0.05949036918138042,0.012439807383627608,0.011036420186615832,-0.02145057568734158,0.536256323777403,82.0,-0.005295066413662229,eod,-0.005295066413662229,0,0.0018903591682399856,-0.02079395085066349,A1_sustain,False
2026-01-28,KRW-ATH,bear_volatile,4,17,0.0463529647837865,0.10735426908799037,0.00030096308186195825,0.011036420186615832,-0.026170050657352464,0.43177570093457945,85.0,-0.0315,sl,0.021227272727272706,0,0.0451127819548085,-0.037593984962478344,A1_sustain,False
2026-01-28,KRW-CARV,bear_volatile,4,18,0.0463529647837865,0.10735426908799037,0.0016051364365971107,0.0016051364365971107,-0.026170050657352464,0.43177570093457945,98.0,-0.008746376811594235,eod,-0.008746376811594235,0,-7.105427357601002e-15,-0.035971223021589616,A1_sustain,False
2026-01-29,KRW-XAUT,bear_volatile,4,7,0.031902086677367575,0.05949036918138042,0.00030096308186195825,0.0004012841091492777,-0.02145057568734158,0.536256323777403,17.0,-0.0315,sl,0.0012562014532698242,0,0.0269528325430497,-0.05577738956825551,A1_sustain,False
2026-01-29,KRW-ATH,bear_volatile,4,14,0.06811797752808989,0.14285714285714285,0.0016051364365971107,0.0016051364365971107,-0.028867188762522557,0.47682584269662925,69.0,-0.0315,sl,-0.08298148148148149,0,-7.30526750203353e-14,-0.12408759124093982,A1_sustain,False
2026-01-29,KRW-KAITO,bear_volatile,4,16,0.06811797752808989,0.14285714285714285,0.006420545746388443,0.011036420186615832,-0.028867188762522557,0.47682584269662925,92.0,-0.0315,sl,-0.0651215334420881,0,0.014563106796114722,-0.09708737864077821,A1_sustain,False
2026-01-30,KRW-MED,bear_volatile,4,28,0.09100030099327781,0.3267783686164342,0.047657268987659276,0.011036420186615832,-0.043157090789848855,0.2784771261897452,34.0,-0.0315,sl,-0.04753580562659848,0,0.01763224181334566,-0.09068010075589661,A1_sustain,False
2026-01-30,KRW-TAIKO,bear_volatile,4,31,0.06811797752808989,0.27237158908507225,0.03651685393258427,0.011036420186615832,-0.038217071183246715,0.25009208103130753,97.0,0.014893442622950838,eod,0.014893442622950838,0,0.004032258064512018,-0.044354838709681266,A1_sustain,False
2026-01-30,KRW-ZETA,bear_volatile,4,32,0.06811797752808989,0.27237158908507225,0.03651685393258427,0.011036420186615832,-0.038217071183246715,0.25009208103130753,40.0,-0.0315,sl,0.008303921568627417,0,0.019801980198009828,-0.037623762376247094,A1_sustain,False
2026-01-31,KRW-MMT,bear_volatile,4,5,0.14135232744783308,0.22253436339921742,0.02377846894752684,0.011036420186615832,-0.03473936804959419,0.6351932586440723,59.0,-0.0315,sl,-0.12038111888111885,0,-3.552713678800501e-15,-0.21527777777778057,A1_sustain,False
2026-01-31,KRW-BLAST,bear_volatile,4,18,0.09100030099327781,0.17586276083467095,0.02377846894752684,0.011036420186615832,-0.03136711177092888,0.5174506561899562,100.0,-0.0315,sl,-0.09249999999999997,0,0.0478128179033086,-0.15971515768142452,A1_sustain,False
2026-01-31,KRW-LAYER,bear_volatile,4,19,0.06811797752808989,0.14285714285714285,0.02377846894752684,0.0011036420186615833,-0.028867188762522557,0.47682584269662925,61.0,-0.0315,sl,-0.12372222222222223,0,-5.551115123125783e-15,-0.19889502762431377,A1_sustain,False
2026-02-01,KRW-AAVE,bear_volatile,4,21,0.09100030099327781,0.22253436339921742,0.03651685393258427,0.011036420186615832,-0.03473936804959419,0.40892696122633,98.0,-0.0315,sl,-0.04690763673890613,0,0.012993762993763092,-0.06756756756756754,A1_sustain,False
2026-02-01,KRW-UNI,bear_volatile,4,44,0.09100030099327781,0.27237158908507225,0.02377846894752684,0.011036420186615832,-0.038217071183246715,0.3341034991900527,88.0,-0.0315,sl,-0.0376648444070648,0,0.011844331641285732,-0.06091370558375653,A1_sustain,False
2026-02-01,KRW-NEAR,bear_volatile,4,57,0.09100030099327781,0.3267783686164342,0.03651685393258427,0.011036420186615832,-0.043157090789848855,0.2784771261897452,35.0,-0.0315,sl,-0.038986218302094866,0,0.00832408435072085,-0.06215316315205377,A1_sustain,False
2026-02-02,KRW-MOVE,bear_volatile,4,5,0.2618378812199037,0.3267783686164342,0.09058988764044944,0.0032102728731942215,-0.043157090789848855,0.8012705440954192,49.0,-0.0315,sl,0.053618110236220595,1,0.25531914893613683,-0.034574468085132204,A1_sustain,False
2026-02-02,KRW-WLFI,bear_volatile,4,29,0.14135232744783308,0.3267783686164342,0.047657268987659276,0.011036420186615832,-0.043157090789848855,0.4325632937281401,35.0,-0.0315,sl,-0.00670833333333337,0,0.05235602094240299,-0.04712041884817253,A1_sustain,False
2026-02-02,KRW-ENA,bear_volatile,4,30,0.09100030099327781,0.22253436339921742,0.02377846894752684,0.0032102728731942215,-0.03473936804959419,0.40892696122633,87.0,-0.0315,sl,0.01820443349753692,0,0.05940594059405413,-0.03465346534653946,A1_sustain,False
2026-02-03,KRW-SAHARA,bear_volatile,4,3,0.14135232744783308,0.17586276083467095,0.012439807383627608,0.011036420186615832,-0.03136711177092888,0.8037649743297205,99.0,-0.0315,sl,-0.04529562043795615,0,0.02166064981945781,-0.0722021660650154,A1_sustain,False
2026-02-03,KRW-TOKAMAK,bear_volatile,4,7,0.09100030099327781,0.14285714285714285,0.012439807383627608,0.011036420186615832,-0.028867188762522557,0.6370021069529447,70.0,-0.0315,sl,-0.049437569676700155,0,0.0022321428571416835,-0.05468750000000111,A1_sustain,False
2026-02-03,KRW-NEAR,bear_volatile,4,32,0.06811797752808989,0.14285714285714285,0.0016051364365971107,0.0004012841091492777,-0.028867188762522557,0.47682584269662925,68.0,-0.0315,sl,-0.028481450252951068,0,0.023033707865168118,-0.06011235955056227,A1_sustain,False
2026-02-04,KRW-XAUT,bear_volatile,4,8,0.031902086677367575,0.05949036918138042,0.00030096308186195825,0.0,-0.02145057568734158,0.536256323777403,29.0,-0.0006854466467553486,eod,-0.0006854466467553486,0,0.029730100013700467,-0.016166598164132018,A1_sustain,False
2026-02-04,KRW-AWE,bear_volatile,4,10,0.09100030099327781,0.17586276083467095,0.0032105949633791514,0.011036420186615832,-0.03136711177092888,0.5174506561899562,85.0,0.0485,tp,0.0244009009009008,0,0.08482142857141661,-0.021205357142867864,A1_sustain,False
2026-02-04,KRW-BONK,bear_volatile,4,30,0.06811797752808989,0.17586276083467095,0.0032105949633791514,0.011036420186615832,-0.03136711177092888,0.38733599543639474,88.0,-0.0315,sl,-0.020730769230769164,0,0.019047618950566836,-0.04761904770975067,A1_sustain,False
2026-02-05,KRW-OP,bear_volatile,4,1,0.2618378812199037,0.14285714285714285,0.03651685393258427,0.011036420186615832,-0.028867188762522557,1.832865168539326,67.0,-0.0315,sl,-0.23060216718266252,0,0.00925925925925597,-0.17901234567901492,A1_sustain,False
2026-02-05,KRW-AWE,bear_volatile,4,9,0.09100030099327781,0.17586276083467095,0.006420545746388443,0.0032102728731942215,-0.03136711177092888,0.5174506561899562,41.0,0.0485,tp,-0.07394785949506028,0,0.10871905274487514,-0.061356297093659196,A1_sustain,False
2026-02-05,KRW-ARDR,bear_volatile,4,11,0.14135232744783308,0.3267783686164342,0.09058988764044944,0.011036420186615832,-0.043157090789848855,0.4325632937281401,56.0,-0.0315,sl,-0.205725352112676,0,0.004166666666652663,-0.16666666666667818,A1_sustain,False
2026-02-06,KRW-XAUT,bear_volatile,4,88,0.014548008427811778,0.17586276083467095,0.03651685393258427,0.0004012841091492777,-0.03136711177092888,0.08272364404359829,25.0,0.0485,tp,0.06165789473684208,0,0.06446928996660373,-0.014084507042253502,A1_sustain,False
2026-02-06,KRW-BTC,bear_volatile,4,92,0.0463529647837865,0.6690409309791332,0.27036516853932585,0.0011036420186615833,-0.07574217714269121,0.06928270399831817,2.0,0.0485,tp,0.1663879551820729,0,0.14970826964066575,-0.04191874609770274,A1_sustain,False
2026-02-06,KRW-TRUMP,bear_volatile,4,98,0.031902086677367575,0.6690409309791332,0.27036516853932585,0.011036420186615832,-0.07574217714269121,0.04768331084120558,73.0,-0.0315,sl,0.0653889351948323,0,0.04536489151873746,-0.1114398422090731,A1_sustain,False
2026-02-07,KRW-XAUT,bear_volatile,4,1,0.0242776886035313,0.021067415730337078,0.0016051364365971107,0.0016051364365971107,-0.015887629544782792,1.1523809523809525,40.0,0.008963995594107045,eod,0.008963995594107045,0,0.0067123287671233545,-0.018493150684931514,A1_sustain,False
2026-02-07,KRW-TRUMP,bear_volatile,4,9,0.14135232744783308,0.22253436339921742,0.012439807383627608,0.0032102728731942215,-0.03473936804959419,0.6351932586440723,34.0,-0.0315,sl,-0.014182926829268304,0,0.0009587727708531002,-0.07516778523489953,A1_sustain,False
2026-02-07,KRW-ALGO,bear_volatile,4,88,0.09100030099327781,0.3267783686164342,0.03651685393258427,0.0032102728731942215,-0.043157090789848855,0.2784771261897452,96.0,-0.0315,sl,-0.021770270270270287,0,0.01360544217686388,-0.04761904761905411,A1_sustain,False
2026-02-08,KRW-XAUT,bear_volatile,4,2,0.014548008427811778,0.021067415730337078,0.00030096308186195825,0.0,-0.015887629544782792,0.6905454667067991,52.0,0.012122122326658604,eod,0.012122122326658604,0,0.02085320975875704,-0.003816273681341187,A1_sustain,False
2026-02-08,KRW-TRUMP,bear_volatile,4,7,0.09100030099327781,0.17586276083467095,0.006420545746388443,0.0004012841091492777,-0.03136711177092888,0.5174506561899562,54.0,-0.0315,sl,-0.010393280632411015,0,0.004930966469427922,-0.03984220907297853,A1_sustain,False
2026-02-08,KRW-BTC,bear_volatile,4,50,0.06811797752808989,0.22253436339921742,0.02377846894752684,0.0004012841091492777,-0.03473936804959419,0.30610093869363025,2.0,0.0187094862044484,eod,0.0187094862044484,0,0.04332274224673993,-0.005253308902360532,A1_sustain,False
2026-02-09,KRW-XAUT,bear_volatile,4,1,0.014548008427811778,0.021067415730337078,0.00030096308186195825,0.0,-0.015887629544782792,0.6905454667067991,30.0,-0.006069892473118231,eod,-0.006069892473118231,0,0.0012041744715012292,-0.01739363125501736,A1_sustain,False
2026-02-09,KRW-JST,bear_volatile,4,3,0.06811797752808989,0.10735426908799037,0.0016051364365971107,0.0016051364365971107,-0.026170050657352464,0.6345157775910952,92.0,0.019233652312599603,eod,0.019233652312599603,0,0.022292993630556923,-0.030254777070079175,A1_sustain,False
2026-02-09,KRW-TRUMP,bear_volatile,4,46,0.031902086677367575,0.10735426908799037,0.0016051364365971107,0.0004012841091492777,-0.026170050657352464,0.29716644664796504,75.0,-0.0315,sl,-0.0043016810086051165,0,0.028056112224448704,-0.034068136272545235,A1_sustain,False
2026-02-10,KRW-BTT,bear_volatile,4,7,0.06811797752808989,0.14285714285714285,0.0016051364365971107,0.0016051364365971107,-0.028867188762522557,0.47682584269662925,52.0,-0.0315,sl,-0.057785178236397894,0,0.16330644926752735,-0.00604838910070904,A1_sustain,False
2026-02-10,KRW-XAUT,bear_volatile,4,27,0.00692215088282504,0.021067415730337078,0.00030096308186195825,0.0,-0.015887629544782792,0.32857142857142857,50.0,0.0020087719298245723,eod,0.0020087719298245723,0,0.013933982683982604,-0.0014880952380952328,A1_sustain,False
2026-02-10,KRW-TRUMP,bear_volatile,4,28,0.0463529647837865,0.14285714285714285,0.0016051364365971107,0.0,-0.028867188762522557,0.3244707534865055,57.0,-0.0315,sl,-0.03561599438089508,0,0.00827280064568181,-0.03531073446327704,A1_sustain,False
2026-02-11,KRW-API3,bear_volatile,4,18,0.14135232744783308,0.3267783686164342,0.09058988764044944,0.011036420186615832,-0.043157090789848855,0.4325632937281401,93.0,-0.0315,sl,-0.010047008547008516,0,0.0021367521367499087,-0.05128205128205332,A1_sustain,False
2026-02-11,KRW-AVAX,bear_volatile,4,34,0.06811797752808989,0.17586276083467095,0.012439807383627608,0.0011036420186615833,-0.03136711177092888,0.38733599543639474,99.0,-0.0315,sl,-0.009222007722007706,0,0.02230769230769214,-0.036153846153846314,A1_sustain,False
2026-02-11,KRW-XAUT,bear_volatile,4,36,0.00692215088282504,0.021067415730337078,0.00030096308186195825,0.0,-0.015887629544782792,0.32857142857142857,68.0,-0.0012307847624175015,eod,-0.0012307847624175015,0,0.011944705408669876,-0.006844718829687291,A1_sustain,False
2026-02-12,KRW-ATOM,bear_volatile,4,10,0.06811797752808989,0.14285714285714285,0.012439807383627608,0.0016051364365971107,-0.028867188762522557,0.47682584269662925,56.0,0.003695704883962593,eod,0.003695704883962593,0,0.03203342618384375,-0.01009749303621199,A1_sustain,False
2026-02-12,KRW-DOT,bear_volatile,4,31,0.06811797752808989,0.17586276083467095,0.012439807383627608,0.0016051364365971107,-0.03136711177092888,0.38733599543639474,91.0,0.007047008547008517,eod,0.007047008547008517,0,0.02577873254564933,-0.010741138560687924,A1_sustain,False
2026-02-12,KRW-BTT,bear_volatile,4,39,0.0463529647837865,0.14285714285714285,0.0016051364365971107,0.0032102728731942215,-0.028867188762522557,0.3244707534865055,87.0,0.004500000000000006,eod,0.004500000000000006,0,0.1280487781950228,-0.004065042674664676,A1_sustain,False
2026-02-13,KRW-SEI,bear_volatile,4,6,0.06811797752808989,0.10735426908799037,0.0016051364365971107,0.011036420186615832,-0.026170050657352464,0.6345157775910952,66.0,-0.0015,eod,-0.0015,0,0.02727272727271801,-0.01818181818182707,A1_sustain,False
2026-02-13,KRW-TRUMP,bear_volatile,4,15,0.031902086677367575,0.05949036918138042,0.00030096308186195825,0.0,-0.02145057568734158,0.536256323777403,79.0,0.03459209707529559,eod,0.03459209707529559,0,0.04084594650632356,-0.013062409288824517,A1_sustain,False
2026-02-13,KRW-POL,bear_volatile,4,21,0.06811797752808989,0.14285714285714285,0.0016051364365971107,0.011036420186615832,-0.028867188762522557,0.47682584269662925,97.0,0.040753521126760506,eod,0.040753521126760506,0,0.04929577464787993,-0.028169014084513888,A1_sustain,False
2026-02-14,KRW-ENSO,bear_volatile,4,4,0.2618378812199037,0.3267783686164342,0.02377846894752684,0.011036420186615832,-0.043157090789848855,0.8012705440954192,36.0,-0.0315,sl,-0.07904880694143163,0,0.09142857142857097,-0.03542857142857192,A1_sustain,False
2026-02-14,KRW-TRUMP,bear_volatile,4,8,0.0463529647837865,0.05949036918138042,0.00030096308186195825,0.0004012841091492777,-0.02145057568734158,0.7791675429422998,96.0,0.0485,tp,0.04650000000000004,0,0.0689310689310687,-0.002797202797202969,A1_sustain,False
2026-02-14,KRW-ETC,bear_volatile,4,9,0.0463529647837865,0.05949036918138042,0.0032105949633791514,0.0011036420186615833,-0.02145057568734158,0.7791675429422998,54.0,0.0485,tp,0.04949601593625502,0,0.06645316253002376,-0.0008006405124100224,A1_sustain,False
2026-02-15,KRW-ETC,bear_volatile,4,14,0.09100030099327781,0.14285714285714285,0.0032105949633791514,0.011036420186615832,-0.028867188762522557,0.6370021069529447,44.0,-0.0315,sl,-0.012872251705837777,0,0.02265861027190308,-0.03776435045317239,A1_sustain,False
2026-02-15,KRW-AVAX,bear_volatile,4,47,0.0463529647837865,0.10735426908799037,0.00030096308186195825,0.011036420186615832,-0.026170050657352464,0.43177570093457945,92.0,-0.0315,sl,-0.022746458923512736,0,0.019135364989369075,-0.04039688164422406,A1_sustain,False
2026-02-15,KRW-TRUMP,bear_volatile,4,48,0.0463529647837865,0.10735426908799037,0.00030096308186195825,0.0016051364365971107,-0.026170050657352464,0.43177570093457945,81.0,-0.0315,sl,-0.012950381679389276,0,0.007582938388625449,-0.05649289099526078,A1_sustain,False
2026-02-16,KRW-FF,bear_volatile,4,3,0.0463529647837865,0.05949036918138042,0.0016051364365971107,0.0004012841091492777,-0.02145057568734158,0.7791675429422998,73.0,0.0485,tp,0.04087288135593231,0,0.059322033898296045,-0.008474576271194745,A1_sustain,False
2026-02-16,KRW-AVNT,bear_volatile,4,15,0.0463529647837865,0.10735426908799037,0.0016051364365971107,0.011036420186615832,-0.026170050657352464,0.43177570093457945,91.0,-0.0315,sl,-0.00480033003300334,0,0.013289036544847033,-0.03322259136212957,A1_sustain,False
2026-02-16,KRW-VANA,bear_volatile,4,18,0.09100030099327781,0.22253436339921742,0.012439807383627608,0.011036420186615832,-0.03473936804959419,0.40892696122633,97.0,-0.01175641025641022,eod,-0.01175641025641022,0,0.003844510892780484,-0.028193079880393324,A1_sustain,False
2026-02-17,KRW-TRUST,bear_volatile,4,5,0.0463529647837865,0.05949036918138042,0.0016051364365971107,0.0032102728731942215,-0.02145057568734158,0.7791675429422998,71.0,0.0485,tp,0.015594017094017034,0,0.07692307692306777,-0.025641025641033877,A1_sustain,False
2026-02-17,KRW-PUNDIX,bear_volatile,4,10,0.06811797752808989,0.10735426908799037,0.0016051364365971107,0.011036420186615832,-0.026170050657352464,0.6345157775910952,92.0,-0.0315,sl,-0.021107843137254945,0,-3.9968028886505635e-15,-0.035156250000003886,A1_sustain,False
2026-02-17,KRW-AGLD,bear_volatile,4,15,0.06811797752808989,0.14285714285714285,0.0032105949633791514,0.011036420186615832,-0.028867188762522557,0.47682584269662925,82.0,-0.024823615160349866,eod,-0.024823615160349866,0,0.0029154518950407216,-0.02915451895044019,A1_sustain,False
2026-02-18,KRW-WAL,bear_volatile,4,5,0.06811797752808989,0.10735426908799037,0.0032105949633791514,0.011036420186615832,-0.026170050657352464,0.6345157775910952,88.0,-0.0315,sl,-0.05705555555555558,0,0.01599999999999202,-0.05600000000000749,A1_sustain,False
2026-02-18,KRW-NEWT,bear_volatile,4,6,0.06811797752808989,0.10735426908799037,0.006420545746388443,0.011036420186615832,-0.026170050657352464,0.6345157775910952,76.0,-0.0315,sl,-0.05654587155963303,0,0.018518518518509053,-0.05555555555556424,A1_sustain,False
2026-02-18,KRW-ORBS,bear_volatile,4,7,0.06811797752808989,0.10735426908799037,0.012439807383627608,0.011036420186615832,-0.026170050657352464,0.6345157775910952,84.0,0.0485,tp,0.03239830508474567,0,0.15126050420158377,-0.0252100840336954,A1_sustain,False
2026-02-19,KRW-UNI,bear_volatile,4,14,0.0463529647837865,0.10735426908799037,0.0032105949633791514,0.011036420186615832,-0.026170050657352464,0.43177570093457945,73.0,0.0485,tp,-0.0064504950495049545,0,0.07128712871287113,-0.03663366336633678,A1_sustain,False
2026-02-19,KRW-CKB,bear_volatile,4,15,0.0463529647837865,0.10735426908799037,0.006420545746388443,0.0032102728731942215,-0.026170050657352464,0.43177570093457945,71.0,-0.0315,sl,-0.022508403361344465,0,0.004201680671847008,-0.05882352941216007,A1_sustain,False
2026-02-19,KRW-SC,bear_volatile,4,26,0.0463529647837865,0.14285714285714285,0.006420545746388443,0.0032102728731942215,-0.028867188762522557,0.3244707534865055,60.0,-0.0315,sl,-0.03638372093023262,0,-5.78093128922319e-13,-0.04046242774621944,A1_sustain,False
2026-02-20,KRW-DEEP,bear_volatile,4,1,0.14135232744783308,0.17586276083467095,0.012439807383627608,0.011036420186615832,-0.03136711177092888,0.8037649743297205,74.0,0.0485,tp,0.07331296758104738,0,0.12030075187967126,-0.010025062656666472,A1_sustain,False
2026-02-20,KRW-BOUNTY,bear_volatile,4,9,0.14135232744783308,0.27237158908507225,0.03651685393258427,0.011036420186615832,-0.038217071183246715,0.5189686924493554,50.0,0.0485,tp,0.0409836601307188,0,0.01880877742943521,-0.05329153605018633,A1_sustain,False
2026-02-20,KRW-PEPE,bear_volatile,4,15,0.09100030099327781,0.22253436339921742,0.02377846894752684,0.011036420186615832,-0.03473936804959419,0.40892696122633,69.0,-0.0315,sl,-0.0015,0,0.036918137875293855,-0.03852327463266092,A1_sustain,False
2026-02-21,KRW-BIGTIME,bear_volatile,4,15,0.06811797752808989,0.14285714285714285,0.0032105949633791514,0.011036420186615832,-0.028867188762522557,0.47682584269662925,66.0,0.0485,tp,0.01183333333333342,0,0.1066666666666174,-0.0088888888889328,A1_sustain,False
2026-02-21,KRW-FLUID,bear_volatile,4,16,0.06811797752808989,0.14285714285714285,0.02377846894752684,0.0016051364365971107,-0.028867188762522557,0.47682584269662925,86.0,-0.006024886877828038,eod,-0.006024886877828038,0,0.016425120772946666,-0.018679549114332006,A1_sustain,False
2026-02-21,KRW-AVNT,bear_volatile,4,20,0.0463529647837865,0.10735426908799037,0.0016051364365971107,0.0032102728731942215,-0.026170050657352464,0.43177570093457945,79.0,-0.0315,sl,-0.02957017543859647,0,0.035460992907797584,-0.021276595744684434,A1_sustain,False
2026-02-22,KRW-POL,bear_volatile,4,4,0.09100030099327781,0.14285714285714285,0.006420545746388443,0.011036420186615832,-0.028867188762522557,0.6370021069529447,66.0,-0.0315,sl,-0.020133540372670844,0,-6.106226635438361e-15,-0.055214723926386156,A1_sustain,False
2026-02-22,KRW-ID,bear_volatile,4,11,0.031902086677367575,0.05949036918138042,0.006420545746388443,0.0004012841091492777,-0.02145057568734158,0.536256323777403,87.0,-0.0315,sl,-0.03691076487252126,0,0.02549575070820098,-0.039660056657237264,A1_sustain,False
2026-02-22,KRW-OP,bear_volatile,4,19,0.14135232744783308,0.3267783686164342,0.09058988764044944,0.011036420186615832,-0.043157090789848855,0.4325632937281401,27.0,-0.0315,sl,-0.038933155080213944,0,0.005291005291000017,-0.06349206349206837,A1_sustain,False
2026-02-23,KRW-LA,bear_volatile,4,6,0.06811797752808989,0.14285714285714285,0.006420545746388443,0.0032102728731942215,-0.028867188762522557,0.47682584269662925,67.0,0.0485,tp,-0.04071568627450978,1,0.2626582278480971,-3.219646771412954e-15,A1_sustain,False
2026-02-23,KRW-BCH,bear_volatile,4,12,0.0242776886035313,0.05949036918138042,0.0032105949633791514,0.0,-0.02145057568734158,0.40809443507588533,28.0,-0.0315,sl,-0.12097431302270018,0,0.0,-0.14047619047619042,A1_sustain,False
2026-02-23,KRW-MLK,bear_volatile,4,32,0.0463529647837865,0.17586276083467095,0.03651685393258427,0.011036420186615832,-0.03136711177092888,0.2635746451596028,49.0,-0.0315,sl,-0.011092326139088891,0,0.002380952380940604,-0.041666666666678065,A1_sustain,False
2026-02-24,KRW-ELSA,bear_volatile,4,13,0.09100030099327781,0.17586276083467095,0.02377846894752684,0.011036420186615832,-0.03136711177092888,0.5174506561899562,39.0,0.0485,tp,0.007428571428571397,0,0.09174311926604517,-9.103828801926284e-15,A1_sustain,False
2026-02-24,KRW-OP,bear_volatile,4,26,0.09100030099327781,0.27237158908507225,0.047657268987659276,0.0032102728731942215,-0.038217071183246715,0.3341034991900527,52.0,-0.0315,sl,-0.029748587570621432,0,0.005555555555549985,-0.06666666666667187,A1_sustain,False
2026-02-24,KRW-XPL,bear_volatile,4,31,0.06811797752808989,0.22253436339921742,0.02377846894752684,0.0032102728731942215,-0.03473936804959419,0.30610093869363025,49.0,-0.0315,sl,-0.009251937984496137,0,0.015624999999992006,-0.03906250000000744,A1_sustain,False
2026-02-25,KRW-BIO,bear_volatile,4,18,0.09100030099327781,0.22253436339921742,0.03651685393258427,0.0032102728731942215,-0.03473936804959419,0.40892696122633,71.0,0.0485,tp,-0.007040166204986207,0,0.06629834254140698,-0.024861878453065867,A1_sustain,False
2026-02-25,KRW-BREV,bear_volatile,4,27,0.06811797752808989,0.17586276083467095,0.006420545746388443,0.011036420186615832,-0.03136711177092888,0.38733599543639474,78.0,0.0485,tp,0.03553703703703698,0,0.05759162303664378,-0.010471204188486793,A1_sustain,False
2026-02-25,KRW-T,bear_volatile,4,39,0.0242776886035313,0.10735426908799037,0.02377846894752684,0.0032102728731942215,-0.026170050657352464,0.226145534870464,98.0,0.0485,tp,0.032013513513513614,0,0.05177993527496749,-0.002157497303236,A1_sustain,False
2026-02-26,KRW-ORCA,bear_volatile,4,20,0.14135232744783308,0.27237158908507225,0.012439807383627608,0.011036420186615832,-0.038217071183246715,0.5189686924493554,53.0,-0.0315,sl,-0.05673255813953487,0,0.008746355685130602,-0.06341107871720175,A1_sustain,False
2026-02-26,KRW-TAO,bear_volatile,4,27,0.09100030099327781,0.17586276083467095,0.0032105949633791514,0.011036420186615832,-0.03136711177092888,0.5174506561899562,97.0,0.0485,tp,0.02194350499615677,0,0.06836616454229438,-0.009269988412514474,A1_sustain,False
2026-02-26,KRW-LINK,bear_volatile,4,28,0.09100030099327781,0.17586276083467095,0.006420545746388443,0.011036420186615832,-0.03136711177092888,0.5174506561899562,37.0,-0.0315,sl,-0.023904779686333033,0,0.009745127436281642,-0.03898050974512757,A1_sustain,False
2026-02-27,KRW-BTT,bear_volatile,4,1,0.0242776886035313,0.021067415730337078,0.0032105949633791514,0.0004012841091492777,-0.015887629544782792,1.1523809523809525,71.0,0.0485,tp,-0.017279092702169596,0,0.10958903892448335,-0.023483367860110738,A1_sustain,False
2026-02-27,KRW-ONT,bear_volatile,4,8,0.06811797752808989,0.10735426908799037,0.0032105949633791514,0.0032102728731942215,-0.026170050657352464,0.6345157775910952,74.0,0.017854838709677356,eod,0.017854838709677356,0,0.05288461538459854,-0.017628205128220942,A1_sustain,False
2026-02-27,KRW-MON,bear_volatile,4,19,0.09100030099327781,0.17586276083467095,0.02377846894752684,0.011036420186615832,-0.03136711177092888,0.5174506561899562,66.0,-0.008100660066006569,eod,-0.008100660066006569,0,0.019672131147507654,-0.026229508196753182,A1_sustain,False
2026-02-28,KRW-CHZ,bear_volatile,4,3,0.09100030099327781,0.14285714285714285,0.0016051364365971107,0.011036420186615832,-0.028867188762522557,0.6370021069529447,58.0,-0.0315,sl,0.018783975659229235,0,0.03448275862066863,-0.07302231237324386,A1_sustain,False
2026-02-28,KRW-BIRB,bear_volatile,4,8,0.09100030099327781,0.17586276083467095,0.02377846894752684,0.011036420186615832,-0.03136711177092888,0.5174506561899562,78.0,0.0485,tp,0.002684100418409997,0,0.07499999999999551,-0.0875000000000038,A1_sustain,False
2026-02-28,KRW-GLM,bear_volatile,4,10,0.06811797752808989,0.14285714285714285,0.012439807383627608,0.0032102728731942215,-0.028867188762522557,0.47682584269662925,97.0,-0.0315,sl,0.04926142131979688,0,0.020304568527913736,-0.06598984771574079,A1_sustain,False
2026-03-01,KRW-PLUME,bear_volatile,4,5,0.09100030099327781,0.10735426908799037,0.006420545746388443,0.011036420186615832,-0.026170050657352464,0.8476635514018691,78.0,-0.0315,sl,-0.03826470588235292,0,0.03649635036488785,-0.0656934306570024,A1_sustain,False
2026-03-01,KRW-ENA,bear_volatile,4,22,0.06811797752808989,0.14285714285714285,0.006420545746388443,0.0032102728731942215,-0.028867188762522557,0.47682584269662925,67.0,-0.0015,eod,-0.0015,0,0.032894736842098427,-0.03289473684211164,A1_sustain,False
2026-03-01,KRW-BREV,bear_volatile,4,23,0.06811797752808989,0.14285714285714285,0.012439807383627608,0.011036420186615832,-0.028867188762522557,0.47682584269662925,96.0,-0.0315,sl,-0.027010204081632627,0,0.03589743589743066,-0.046153846153850986,A1_sustain,False
2026-03-02,KRW-OP,bear_volatile,4,1,0.09100030099327781,0.10735426908799037,0.012439807383627608,0.0032102728731942215,-0.026170050657352464,0.8476635514018691,68.0,0.0485,tp,0.020971910112359604,0,0.0734463276836097,-0.011299435028254146,A1_sustain,False
2026-03-02,KRW-AAVE,bear_volatile,4,4,0.06811797752808989,0.10735426908799037,0.006420545746388443,0.0016051364365971107,-0.026170050657352464,0.6345157775910952,74.0,0.0485,tp,0.07181730769230771,0,0.11714975845410636,-0.006038647342995196,A1_sustain,False
2026-03-02,KRW-PENDLE,bear_volatile,4,9,0.09100030099327781,0.17586276083467095,0.012439807383627608,0.011036420186615832,-0.03136711177092888,0.5174506561899562,54.0,0.0485,tp,0.04084527687296419,0,0.07340946166394735,-0.0016313213703104124,A1_sustain,False
2026-03-03,KRW-OP,bear_volatile,4,3,0.09100030099327781,0.10735426908799037,0.0016051364365971107,0.011036420186615832,-0.026170050657352464,0.8476635514018691,89.0,0.014983516483516425,eod,0.014983516483516425,0,0.04972375690607156,-0.01104972375691149,A1_sustain,False
2026-03-03,KRW-MOVE,bear_volatile,4,8,0.0463529647837865,0.05949036918138042,0.0016051364365971107,0.0032102728731942215,-0.02145057568734158,0.7791675429422998,86.0,0.0016152647975078995,eod,0.0016152647975078995,0,0.018575851393157317,-0.030959752322011425,A1_sustain,False
2026-03-03,KRW-ZK,bear_volatile,4,9,0.0463529647837865,0.05949036918138042,0.0016051364365971107,0.0004012841091492777,-0.02145057568734158,0.7791675429422998,80.0,0.0059074074074073075,eod,0.0059074074074073075,0,0.022058823529374383,-0.018382352941212488,A1_sustain,False
2026-03-04,KRW-NEWT,bear_volatile,4,3,0.09100030099327781,0.14285714285714285,0.006420545746388443,0.011036420186615832,-0.028867188762522557,0.6370021069529447,81.0,-0.0315,sl,-0.01350000000000001,0,-9.769962616701378e-15,-0.06764705882353861,A1_sustain,False
2026-03-04,KRW-OP,bear_volatile,4,4,0.06811797752808989,0.10735426908799037,0.00030096308186195825,0.011036420186615832,-0.026170050657352464,0.6345157775910952,90.0,0.0038763440860215006,eod,0.0038763440860215006,0,0.03225806451612345,-0.01075268817204833,A1_sustain,False
2026-03-04,KRW-MOVE,bear_volatile,4,6,0.031902086677367575,0.05949036918138042,0.00030096308186195825,0.0011036420186615833,-0.02145057568734158,0.536256323777403,97.0,0.01713354037267073,eod,0.01713354037267073,0,0.02769230769227593,-0.033846153846183724,A1_sustain,False
2026-03-05,KRW-OP,bear_volatile,4,10,0.06811797752808989,0.10735426908799037,0.0032105949633791514,0.011036420186615832,-0.026170050657352464,0.6345157775910952,76.0,-0.012252688172043,eod,-0.012252688172043,0,0.026881720430101952,-0.02688172043011272,A1_sustain,False
2026-03-05,KRW-ZK,bear_volatile,4,15,0.031902086677367575,0.05949036918138042,0.0032105949633791514,0.0011036420186615833,-0.02145057568734158,0.536256323777403,78.0,0.023954545454545395,eod,0.023954545454545395,0,0.047272727272689385,-0.01090909090912684,A1_sustain,False
2026-03-05,KRW-ENS,bear_volatile,4,23,0.06811797752808989,0.14285714285714285,0.0032105949633791514,0.011036420186615832,-0.028867188762522557,0.47682584269662925,47.0,-0.01408894362342633,eod,-0.01408894362342633,0,0.018052516411378283,-0.027899343544858013,A1_sustain,False
2026-03-06,KRW-OP,bear_volatile,4,6,0.0463529647837865,0.05949036918138042,0.0016051364365971107,0.0011036420186615833,-0.02145057568734158,0.7791675429422998,98.0,-0.0315,sl,-0.03410869565217395,0,0.016304347826081367,-0.05978260869565721,A1_sustain,False
2026-03-06,KRW-UNI,bear_volatile,4,20,0.06811797752808989,0.14285714285714285,0.006420545746388443,0.011036420186615832,-0.028867188762522557,0.47682584269662925,73.0,-0.0315,sl,-0.025472602739726014,0,0.013757523645743674,-0.03439380911435952,A1_sustain,False
2026-03-06,KRW-ARB,bear_volatile,4,21,0.06811797752808989,0.14285714285714285,0.012439807383627608,0.0016051364365971107,-0.028867188762522557,0.47682584269662925,83.0,-0.0315,sl,-0.014745033112582738,0,0.01986754966886739,-0.04635761589404597,A1_sustain,False
2026-03-07,KRW-VANA,bear_volatile,4,5,0.0463529647837865,0.05949036918138042,0.0016051364365971107,0.0011036420186615833,-0.02145057568734158,0.7791675429422998,76.0,-0.0315,sl,-0.03448279158699813,0,0.00047755491881518175,-0.0396370582617005,A1_sustain,False
2026-03-07,KRW-T,bear_volatile,4,9,0.031902086677367575,0.05949036918138042,0.012439807383627608,0.011036420186615832,-0.02145057568734158,0.536256323777403,66.0,0.0485,tp,-0.012958333333333237,0,0.13285272914509427,-0.035015447991860627,A1_sustain,False
2026-03-07,KRW-LINEA,bear_volatile,4,15,0.06811797752808989,0.14285714285714285,0.006420545746388443,0.011036420186615832,-0.028867188762522557,0.47682584269662925,49.0,-0.0315,sl,-0.03327966101694907,0,0.040511727078669235,-0.03624733475500308,A1_sustain,False
2026-03-08,KRW-BCH,bear_volatile,4,29,0.00692215088282504,0.021067415730337078,0.0032105949633791514,0.0004012841091492777,-0.015887629544782792,0.32857142857142857,83.0,-0.010509009009009028,eod,-0.010509009009009028,0,0.012021036814425345,-0.01728024042073628,A1_sustain,False
2026-03-08,KRW-KAITO,bear_volatile,4,32,0.06811797752808989,0.22253436339921742,0.02377846894752684,0.011036420186615832,-0.03473936804959419,0.30610093869363025,89.0,0.02874574669187152,eod,0.02874574669187152,0,0.03992395437262153,-0.009505703422055145,A1_sustain,False
2026-03-08,KRW-PENDLE,bear_volatile,4,34,0.06811797752808989,0.22253436339921742,0.03651685393258427,0.011036420186615832,-0.03473936804959419,0.30610093869363025,40.0,-0.007697183098591518,eod,-0.007697183098591518,0,0.008998875140606932,-0.024746906636670896,A1_sustain,False
2026-03-09,KRW-TAO,bear_volatile,4,21,0.06811797752808989,0.17586276083467095,0.012439807383627608,0.011036420186615832,-0.03136711177092888,0.38733599543639474,72.0,0.0485,tp,0.046364506627393276,0,0.09725315515961386,-0.0051967334818113775,A1_sustain,False
2026-03-09,KRW-ESP,bear_volatile,4,23,0.09100030099327781,0.27237158908507225,0.047657268987659276,0.011036420186615832,-0.038217071183246715,0.3341034991900527,60.0,-0.007869426751592355,eod,-0.007869426751592355,0,0.019108280254770627,-0.0063694267515986835,A1_sustain,False
2026-03-09,KRW-PUMP,bear_volatile,4,25,0.0463529647837865,0.14285714285714285,0.012439807383627608,0.0011036420186615833,-0.028867188762522557,0.3244707534865055,100.0,-0.00844444444444442,eod,-0.00844444444444442,0,0.0456140350873524,-0.007017543859997533,A1_sustain,False
2026-03-15,KRW-BTT,bear_volatile,5,1,0.026524497708847374,0.026612618963694042,0.0019386676066267183,0.001762580417731559,-0.016404688941725684,0.9966887417218543,35.0,0.0485,tp,0.06314646464646462,0,0.12449798970984349,-0.010040162630441496,A1_sustain,False
2026-03-15,KRW-ORCA,bear_volatile,5,3,0.10778179254428483,0.15024673951357068,0.010398308071906944,0.004934790271413465,-0.02950800213827928,0.7173652679135156,60.0,0.00863024602026058,eod,0.00863024602026058,0,0.026011560693640856,-0.006502890173411102,A1_sustain,False
2026-03-15,KRW-XEC,bear_volatile,5,4,0.0179783202608619,0.026612618963694042,0.0019386676066267183,0.001762580417731559,-0.016404688941725684,0.6755562196035128,84.0,0.027346153846153742,eod,0.027346153846153742,0,0.028571428473469274,-0.019047619141043137,A1_sustain,False
2026-03-16,KRW-AHT,bear_volatile,5,1,0.10778179254428483,0.026612618963694042,0.0019386676066267183,0.011280514673481977,-0.016404688941725684,4.050025767524981,86.0,0.0485,tp,0.04255286343612347,0,0.025974025973581893,-0.02164502164544535,A1_sustain,False
2026-03-16,KRW-MLK,bear_volatile,5,3,0.037539654564681,0.026612618963694042,0.00035248501938667606,0.004934790271413465,-0.016404688941725684,1.4105960264900663,74.0,0.0485,tp,0.050072327044025144,0,0.026315789473671414,-0.013784461152894445,A1_sustain,False
2026-03-16,KRW-TOKAMAK,bear_volatile,5,4,0.037539654564681,0.026612618963694042,0.00035248501938667606,0.011280514673481977,-0.016404688941725684,1.4105960264900663,87.0,0.02831029810298108,eod,0.02831029810298108,0,0.034013605442175354,-0.009523809523810933,A1_sustain,False
2026-03-17,KRW-ZKC,bear_volatile,5,1,0.05287741253194677,0.026612618963694042,0.00035248501938667606,0.003172365174480085,-0.016404688941725684,1.9869300576573905,96.0,0.014893442622950838,eod,0.014893442622950838,0,0.016393442622942622,-0.02459016393443414,A1_sustain,False
2026-03-17,KRW-0G,bear_volatile,5,3,0.037539654564681,0.026612618963694042,0.00035248501938667606,0.0,-0.016404688941725684,1.4105960264900663,94.0,-0.0315,sl,-0.030945073612684004,0,0.010273972602738546,-0.029680365296804734,A1_sustain,False
2026-03-17,KRW-HBAR,bear_volatile,5,4,0.037539654564681,0.026612618963694042,0.00035248501938667606,0.00035248501938667606,-0.016404688941725684,1.4105960264900663,47.0,-0.0315,sl,-0.021634228187919435,0,0.027210884353734643,-0.020408163265312806,A1_sustain,False
2026-03-18,KRW-AERGO,bear_volatile,5,4,0.026524497708847374,0.026612618963694042,0.0019386676066267183,0.004934790271413465,-0.016404688941725684,0.9966887417218543,37.0,-0.0123958837772396,eod,-0.0123958837772396,0,0.016666666666654617,-0.03690476190477321,A1_sustain,False
2026-03-18,KRW-BORA,bear_volatile,5,5,0.026524497708847374,0.026612618963694042,0.0019386676066267183,0.001762580417731559,-0.016404688941725684,0.9966887417218543,65.0,-0.0315,sl,-0.04829376083188913,0,0.01742160278743876,-0.059233449477368305,A1_sustain,False
2026-03-18,KRW-SOPH,bear_volatile,5,6,0.026524497708847374,0.026612618963694042,0.0019386676066267183,0.004934790271413465,-0.016404688941725684,0.9966887417218543,70.0,0.0485,tp,-0.023722222222222256,0,0.06716417910439798,-0.02985074626872919,A1_sustain,False
2026-03-19,KRW-PENGU,bear_volatile,5,7,0.10778179254428483,0.2446461619811404,0.030228254164096236,0.011280514673481977,-0.03627272503740334,0.44056195965417866,34.0,-0.0315,sl,-0.06399999999999989,0,-8.926193117986259e-14,-0.08035714285722484,A1_sustain,False
2026-03-19,KRW-W,bear_volatile,5,9,0.10778179254428483,0.2446461619811404,0.03798026083891435,0.011280514673481977,-0.03627272503740334,0.44056195965417866,62.0,-0.0315,sl,-0.04041050583657585,0,0.007812499999960698,-0.05078125000003708,A1_sustain,False
2026-03-19,KRW-MOODENG,bear_volatile,5,23,0.10778179254428483,0.28542474444836097,0.03798026083891435,0.011280514673481977,-0.03965330179153474,0.3776189508467256,38.0,-0.0315,sl,-0.03274999999999989,0,0.0104302477183702,-0.06127770534551413,A1_sustain,False
2026-03-20,KRW-ZRO,bear_volatile,5,23,0.05287741253194677,0.18954881917518507,0.010398308071906944,0.004934790271413465,-0.03209031504919673,0.27896461060554717,94.0,-0.0315,sl,-0.005738669709814124,0,0.012028608582574485,-0.04388816644993532,A1_sustain,False
2026-03-20,KRW-MNT,bear_volatile,5,27,0.037539654564681,0.15024673951357068,0.006080902441173879,0.003172365174480085,-0.02950800213827928,0.2498533724340176,95.0,0.0038811659192826155,eod,0.0038811659192826155,0,0.023339317773787283,-0.008976660682227022,A1_sustain,False
2026-03-20,KRW-NEO,bear_volatile,5,28,0.037539654564681,0.15024673951357068,0.006080902441173879,0.004934790271413465,-0.02950800213827928,0.2498533724340176,30.0,0.013311157738829906,eod,0.013311157738829906,0,0.01652281134401945,-0.006411837237978002,A1_sustain,False
2026-03-21,KRW-TRX,bear_volatile,5,6,0.0179783202608619,0.026612618963694042,0.00035248501938667606,0.00035248501938667606,-0.016404688941725684,0.6755562196035128,14.0,0.009322510822510845,eod,0.009322510822510845,0,0.01948051948051721,-0.004329004329006514,A1_sustain,False
2026-03-21,KRW-SYRUP,bear_volatile,5,10,0.10778179254428483,0.18954881917518507,0.02000352485019387,0.011280514673481977,-0.03209031504919673,0.5686228646176402,44.0,-0.007149717514124241,eod,-0.007149717514124241,0,0.011235955056176916,-0.011235955056182578,A1_sustain,False
2026-03-21,KRW-W,bear_volatile,5,11,0.07243567148396193,0.15024673951357068,0.006080902441173879,0.011280514673481977,-0.02950800213827928,0.48211143695014663,50.0,-0.0315,sl,-0.02466602316602312,0,0.0585937499999587,-0.007812500000038858,A1_sustain,False
2026-03-22,KRW-TRX,bear_volatile,5,19,0.010045823052520268,0.026612618963694042,0.00035248501938667606,0.001762580417731559,-0.016404688941725684,0.3774834437086093,1.0,-0.0036413276231263545,eod,-0.0036413276231263545,0,0.02127659574467855,-0.014893617021278782,A1_sustain,False
2026-03-22,KRW-POKT,bear_volatile,5,25,0.07243567148396193,0.2446461619811404,0.03798026083891435,0.011280514673481977,-0.03627272503740334,0.2960834165448545,23.0,-0.0315,sl,-0.015584507042253502,0,0.05213270142175097,-0.03791469194317354,A1_sustain,False
2026-03-22,KRW-WLFI,bear_volatile,5,27,0.037539654564681,0.15024673951357068,0.0019386676066267183,0.003172365174480085,-0.02950800213827928,0.2498533724340176,48.0,0.019333333333333258,eod,0.019333333333333258,0,0.04166666666665941,-0.013888888888895723,A1_sustain,False
2026-03-23,KRW-RENDER,bear_volatile,5,15,0.07243567148396193,0.2446461619811404,0.02000352485019387,0.011280514673481977,-0.03627272503740334,0.2960834165448545,59.0,0.0485,tp,0.04754405652535337,0,0.04785478547854738,-0.030528052805280925,A1_sustain,False
2026-03-23,KRW-TAO,bear_volatile,5,16,0.07243567148396193,0.2446461619811404,0.030228254164096236,0.004934790271413465,-0.03627272503740334,0.2960834165448545,17.0,0.0485,tp,0.09664861780370276,0,0.11331300813008127,-0.004065040650406471,A1_sustain,False
2026-03-23,KRW-AGLD,bear_volatile,5,19,0.05287741253194677,0.18954881917518507,0.02000352485019387,0.003172365174480085,-0.03209031504919673,0.27896461060554717,58.0,0.0485,tp,0.05850000000000005,0,0.0657142857142825,-0.020000000000002904,A1_sustain,False
2026-03-24,KRW-POLYX,bear_volatile,5,6,0.10778179254428483,0.18954881917518507,0.02000352485019387,0.011280514673481977,-0.03209031504919673,0.5686228646176402,76.0,0.0485,tp,0.05042878338278928,0,0.19791666666664898,-0.016369047619062327,A1_sustain,False
2026-03-24,KRW-FLUID,bear_volatile,5,23,0.14363764540007048,0.356658147527981,0.10116320056397603,0.011280514673481977,-0.04534655999128469,0.4027319897095626,64.0,0.0485,tp,0.03262844036697238,0,0.04950855478703997,-0.03276301419730643,A1_sustain,False
2026-03-24,KRW-PYTH,bear_volatile,5,24,0.07243567148396193,0.18954881917518507,0.006080902441173879,0.011280514673481977,-0.03209031504919673,0.3821478382147838,70.0,0.0018500837520936688,eod,0.0018500837520936688,0,0.014999999999983027,-0.023333333333349637,A1_sustain,False
2026-03-25,KRW-ANKR,bear_volatile,5,23,0.07243567148396193,0.18954881917518507,0.010398308071906944,0.011280514673481977,-0.03209031504919673,0.3821478382147838,91.0,-0.010747027741083213,eod,-0.010747027741083213,0,0.013245033112448734,-0.025165562914036377,A1_sustain,False
2026-03-25,KRW-AZTEC,bear_volatile,5,29,0.05287741253194677,0.15024673951357068,0.006080902441173879,0.011280514673481977,-0.02950800213827928,0.3519371715029513,78.0,-0.0015,eod,-0.0015,0,0.0062499999999685585,-0.028125000000030376,A1_sustain,False
2026-03-25,KRW-FIL,bear_volatile,5,31,0.05287741253194677,0.15024673951357068,0.02000352485019387,0.011280514673481977,-0.02950800213827928,0.3519371715029513,96.0,0.00867441860465107,eod,0.00867441860465107,0,0.013778100072515675,-0.015228426395939687,A1_sustain,False
2026-03-26,KRW-FCT2,bear_volatile,5,2,0.07243567148396193,0.07076136764187523,0.0019386676066267183,0.011280514673481977,-0.022639280670088857,1.0236612702366126,84.0,0.0485,tp,-0.03776943005181338,0,0.0979381443298406,-0.06185567010314108,A1_sustain,False
2026-03-26,KRW-CPOOL,bear_volatile,5,9,0.10778179254428483,0.18954881917518507,0.02000352485019387,0.011280514673481977,-0.03209031504919673,0.5686228646176402,50.0,0.0485,tp,0.07013323782234965,0,0.1088825214899396,-0.020057306590285928,A1_sustain,False
2026-03-26,KRW-AXS,bear_volatile,5,20,0.05287741253194677,0.1218824358861373,0.006080902441173879,0.004934790271413465,-0.027356059894664636,0.43383947939262474,67.0,-0.0315,sl,-0.002095238095238093,0,0.02967359050445051,-0.05637982195845748,A1_sustain,False
2026-03-27,KRW-ZETA,bear_volatile,5,4,0.07243567148396193,0.15024673951357068,0.02000352485019387,0.011280514673481977,-0.02950800213827928,0.48211143695014663,93.0,-0.0315,sl,-0.04524999999999996,0,0.012515644555681993,-0.060075093867346,A1_sustain,False
2026-03-27,KRW-APT,bear_volatile,5,15,0.07243567148396193,0.18954881917518507,0.02000352485019387,0.011280514673481977,-0.03209031504919673,0.3821478382147838,53.0,-0.0315,sl,-0.0495461242793081,0,0.003841229193341178,-0.05313700384122977,A1_sustain,False
2026-03-27,KRW-AWE,bear_volatile,5,19,0.026524497708847374,0.07076136764187523,0.030228254164096236,0.003172365174480085,-0.022639280670088857,0.37484433374844334,38.0,-0.0315,sl,-0.04573592493297579,0,0.006711409395959711,-0.045637583892630285,A1_sustain,False
2026-03-28,KRW-GAS,bear_volatile,5,26,0.026524497708847374,0.1218824358861373,0.006080902441173879,0.004934790271413465,-0.027356059894664636,0.2176236265381715,90.0,0.0485,tp,0.017082541054451117,0,0.0498933901918972,-0.019616204690831918,A1_sustain,False
2026-03-28,KRW-BONK,bear_volatile,5,35,0.026524497708847374,0.15024673951357068,0.030228254164096236,0.001762580417731559,-0.02950800213827928,0.17653958944281525,92.0,-0.002648105625717766,eod,-0.002648105625717766,0,0.03784403657822888,-0.01834862396578585,A1_sustain,False
2026-03-28,KRW-COW,bear_volatile,5,38,0.07243567148396193,0.4523264011279521,0.10116320056397603,0.011280514673481977,-0.053728851077473765,0.16014026884862653,77.0,0.005256756756756799,eod,0.005256756756756799,0,0.04040404040403689,-0.0168350168350202,A1_sustain,False
2026-03-29,KRW-JTO,bear_volatile,5,14,0.07243567148396193,0.18954881917518507,0.030228254164096236,0.011280514673481977,-0.03209031504919673,0.3821478382147838,61.0,-0.0315,sl,-0.057179287305122506,0,-2.220446049250313e-15,-0.066518847006654,A1_sustain,False
2026-03-29,KRW-JST,bear_volatile,5,27,0.037539654564681,0.15024673951357068,0.010398308071906944,0.011280514673481977,-0.02950800213827928,0.2498533724340176,78.0,-0.022287746170678358,eod,-0.022287746170678358,0,0.02090209020900957,-0.024202420242034894,A1_sustain,False
2026-03-29,KRW-RENDER,bear_volatile,5,28,0.037539654564681,0.15024673951357068,0.02000352485019387,0.004934790271413465,-0.02950800213827928,0.2498533724340176,49.0,-0.0015,eod,-0.0015,0,0.019864918553833544,-0.026618990862137815,A1_sustain,False
2026-03-30,KRW-WLD,bear_volatile,5,4,0.10778179254428483,0.2446461619811404,0.030228254164096236,0.011280514673481977,-0.03627272503740334,0.44056195965417866,18.0,0.0485,tp,0.003342615012106588,0,0.05314009661835484,-0.009661835748794756,A1_sustain,False
2026-03-30,KRW-ONDO,bear_volatile,5,17,0.05287741253194677,0.18954881917518507,0.02000352485019387,0.004934790271413465,-0.03209031504919673,0.27896461060554717,22.0,0.013728426395939021,eod,0.013728426395939021,0,0.05102040816326259,-0.002551020408165905,A1_sustain,False
2026-03-30,KRW-JST,bear_volatile,5,20,0.037539654564681,0.15024673951357068,0.010398308071906944,0.003172365174480085,-0.02950800213827928,0.2498533724340176,94.0,-0.0315,sl,0.01302513966480451,0,0.04464285714284544,-0.03683035714286775,A1_sustain,False
2026-03-31,KRW-STX,bear_volatile,5,20,0.010045823052520268,0.026612618963694042,0.0019386676066267183,0.0,-0.016404688941725684,0.3774834437086093,88.0,0.022524024024023925,eod,0.022524024024023925,0,0.027027027027023864,-0.012012012012015072,A1_sustain,False
2026-03-31,KRW-JTO,bear_volatile,5,22,0.05287741253194677,0.15024673951357068,0.030228254164096236,0.011280514673481977,-0.02950800213827928,0.3519371715029513,83.0,0.015449152542372837,eod,0.015449152542372837,0,0.03381642512077043,-0.012077294685992834,A1_sustain,False
2026-03-31,KRW-SKR,bear_volatile,5,23,0.05287741253194677,0.15024673951357068,0.030228254164096236,0.011280514673481977,-0.02950800213827928,0.3519371715029513,92.0,-0.019043859649122863,eod,-0.019043859649122863,0,0.028169014084471033,-0.017605633802851406,A1_sustain,False
2026-04-01,KRW-WLD,bear_volatile,5,21,0.07243567148396193,0.15024673951357068,0.006080902441173879,0.004934790271413465,-0.02950800213827928,0.48211143695014663,54.0,0.003284688995215225,eod,0.003284688995215225,0,0.02870813397128935,-0.007177033492825391,A1_sustain,False
2026-04-01,KRW-MOODENG,bear_volatile,5,24,0.07243567148396193,0.15024673951357068,0.03798026083891435,0.011280514673481977,-0.02950800213827928,0.48211143695014663,79.0,0.0013409090909089496,eod,0.0013409090909089496,0,0.032624113475162586,-0.015602836879446413,A1_sustain,False
2026-04-01,KRW-XAUT,bear_volatile,5,39,0.010045823052520268,0.026612618963694042,0.0019386676066267183,0.0,-0.016404688941725684,0.3774834437086093,64.0,0.016581649950558053,eod,0.016581649950558053,0,0.01952185599094647,-0.00820483802518035,A1_sustain,False
2026-04-02,KRW-WLD,bear_volatile,5,12,0.07243567148396193,0.15024673951357068,0.006080902441173879,0.004934790271413465,-0.02950800213827928,0.48211143695014663,45.0,-0.0315,sl,-0.03483333333333333,0,0.007125890736339624,-0.0522565320665106,A1_sustain,False
2026-04-02,KRW-ZRO,bear_volatile,5,13,0.07243567148396193,0.15024673951357068,0.006080902441173879,0.011280514673481977,-0.02950800213827928,0.48211143695014663,91.0,-0.0315,sl,-0.05285951661631422,0,0.019140362659502808,-0.06145063801208894,A1_sustain,False
2026-04-02,KRW-ANKR,bear_volatile,5,23,0.07243567148396193,0.18954881917518507,0.02000352485019387,0.011280514673481977,-0.03209031504919673,0.3821478382147838,66.0,0.0485,tp,-0.015954664914586136,0,0.08079470198661176,-0.007947019867680982,A1_sustain,False
2026-04-03,KRW-WLD,bear_volatile,5,12,0.05287741253194677,0.1218824358861373,0.006080902441173879,0.003172365174480085,-0.027356059894664636,0.43383947939262474,84.0,-0.003969135802469102,eod,-0.003969135802469102,0,0.022058823529409244,-0.02205882352941424,A1_sustain,False
2026-04-03,KRW-SENT,bear_volatile,5,27,0.07243567148396193,0.18954881917518507,0.006080902441173879,0.004934790271413465,-0.03209031504919673,0.3821478382147838,43.0,-0.0315,sl,-0.07020229007633588,0,-3.7636560534792807e-14,-0.08301886792456281,A1_sustain,False
2026-04-03,KRW-ESP,bear_volatile,5,28,0.07243567148396193,0.18954881917518507,0.02000352485019387,0.011280514673481977,-0.03209031504919673,0.3821478382147838,76.0,-0.027141025641025662,eod,-0.027141025641025662,0,0.0169491525423644,-0.03389830508475389,A1_sustain,False
2026-04-04,KRW-WLD,bear_volatile,5,9,0.037539654564681,0.07076136764187523,0.006080902441173879,0.004934790271413465,-0.022639280670088857,0.5305105853051059,88.0,-0.0315,sl,-0.0362394540942928,0,-2.55351295663786e-15,-0.039506172839508635,A1_sustain,False
2026-04-04,KRW-MET2,bear_volatile,5,15,0.10778179254428483,0.2446461619811404,0.03798026083891435,0.011280514673481977,-0.03627272503740334,0.44056195965417866,50.0,-0.0015,eod,-0.0015,0,0.015463917525768034,-0.005154639175262821,A1_sustain,False
2026-04-04,KRW-G,bear_volatile,5,26,0.07243567148396193,0.18954881917518507,0.030228254164096236,0.011280514673481977,-0.03209031504919673,0.3821478382147838,65.0,0.02131368821292773,eod,0.02131368821292773,0,0.01869158878485644,-0.022429906542238642,A1_sustain,False
2026-04-05,KRW-ARB,bear_volatile,5,6,0.0179783202608619,0.026612618963694042,0.00035248501938667606,0.00035248501938667606,-0.016404688941725684,0.6755562196035128,93.0,-0.0315,sl,0.012684397163120588,0,0.014184397163113482,-0.03546099290780824,A1_sustain,False
2026-04-05,KRW-ICX,bear_volatile,5,9,0.14363764540007048,0.2446461619811404,0.02000352485019387,0.011280514673481977,-0.03627272503740334,0.5871240498395532,95.0,-0.0315,sl,-0.017716216216216163,0,0.0054054054053871425,-0.037837837837855215,A1_sustain,False
2026-04-05,KRW-SKY,bear_volatile,5,10,0.14363764540007048,0.2446461619811404,0.053582444699039396,0.004934790271413465,-0.03627272503740334,0.5871240498395532,96.0,0.007428571428571397,eod,0.007428571428571397,0,0.008928571428562515,-0.008928571428580279,A1_sustain,False
2026-04-06,KRW-FCT2,bear_volatile,5,1,0.05287741253194677,0.026612618963694042,0.0019386676066267183,0.011280514673481977,-0.016404688941725684,1.9869300576573905,94.0,0.014983516483516425,eod,0.014983516483516425,0,0.027472527472471198,-0.01098901098906524,A1_sustain,False
2026-04-06,KRW-ZK,bear_volatile,5,17,0.14363764540007048,0.28542474444836097,0.03798026083891435,0.011280514673481977,-0.03965330179153474,0.5032417412781722,12.0,-0.005885964912280715,eod,-0.005885964912280715,0,0.013100436681178662,-0.021834061135413863,A1_sustain,False
2026-04-06,KRW-ORBS,bear_volatile,5,18,0.07243567148396193,0.15024673951357068,0.010398308071906944,0.011280514673481977,-0.02950800213827928,0.48211143695014663,49.0,-0.009251937984496137,eod,-0.009251937984496137,0,0.007692307692230171,-0.023076923076998268,A1_sustain,False
2026-04-07,KRW-SEI,bear_volatile,5,6,0.0179783202608619,0.026612618963694042,0.0019386676066267183,0.001762580417731559,-0.016404688941725684,0.6755562196035128,66.0,-0.0315,sl,0.03315346534653468,0,0.04590570719601694,-0.028535980148895357,A1_sustain,False
2026-04-07,KRW-PENDLE,bear_volatile,5,14,0.10778179254428483,0.18954881917518507,0.030228254164096236,0.011280514673481977,-0.03209031504919673,0.5686228646176402,41.0,-0.0315,sl,0.05047368421052628,0,0.05022831050228249,-0.03913894324853284,A1_sustain,False
2026-04-07,KRW-AGLD,bear_volatile,5,23,0.05287741253194677,0.1218824358861373,0.006080902441173879,0.011280514673481977,-0.027356059894664636,0.43383947939262474,69.0,-0.0315,sl,0.026200831024930704,0,0.033057851239666425,-0.03856749311295038,A1_sustain,False
2026-04-08,KRW-DOT,bear_volatile,5,3,0.026524497708847374,0.026612618963694042,0.0019386676066267183,0.003172365174480085,-0.016404688941725684,0.9966887417218543,81.0,-0.0315,sl,-0.034765097236438114,0,0.00816326530612188,-0.037244897959184176,A1_sustain,False
2026-04-08,KRW-ZK,bear_volatile,5,5,0.10778179254428483,0.1218824358861373,0.0019386676066267183,0.004934790271413465,-0.027356059894664636,0.8843094721619668,83.0,-0.0315,sl,-0.048508547008546954,0,-4.196643033083092e-14,-0.0672268907563417,A1_sustain,False
2026-04-08,KRW-ATH,bear_volatile,5,8,0.10778179254428483,0.15024673951357068,0.010398308071906944,0.011280514673481977,-0.02950800213827928,0.7173652679135156,82.0,-0.0315,sl,-0.07012745098039214,0,0.009803921568528606,-0.06470588235303287,A1_sustain,False
2026-04-09,KRW-ORBS,bear_volatile,5,9,0.10778179254428483,0.18954881917518507,0.030228254164096236,0.011280514673481977,-0.03209031504919673,0.5686228646176402,56.0,-0.0015,eod,-0.0015,0,0.014925373134252462,-0.022388059701565544,A1_sustain,False
2026-04-09,KRW-AKT,bear_volatile,5,12,0.07243567148396193,0.15024673951357068,0.030228254164096236,0.004934790271413465,-0.02950800213827928,0.48211143695014663,97.0,0.0485,tp,0.01484472511144125,0,0.05680119581464704,-0.011958146487295984,A1_sustain,False
2026-04-09,KRW-BSV,bear_volatile,5,23,0.07243567148396193,0.18954881917518507,0.030228254164096236,0.011280514673481977,-0.03209031504919673,0.3821478382147838,53.0,-0.0315,sl,-0.03320028818443804,0,0.0,-0.040673788003286804,A1_sustain,False
2026-04-10,KRW-AVNT,bear_volatile,5,5,0.0179783202608619,0.026612618963694042,0.00035248501938667606,0.003172365174480085,-0.016404688941725684,0.6755562196035128,95.0,0.0485,tp,0.03810396039603964,0,0.18407960199004392,-0.004975124378114426,A1_sustain,False
2026-04-10,KRW-CARV,bear_volatile,5,8,0.07243567148396193,0.1218824358861373,0.010398308071906944,0.011280514673481977,-0.027356059894664636,0.5943077110112192,75.0,0.0009330900243310083,eod,0.0009330900243310083,0,0.0011990407673740933,-0.025179856115119637,A1_sustain,False
2026-04-10,KRW-TREE,bear_volatile,5,18,0.05287741253194677,0.1218824358861373,0.006080902441173879,0.004934790271413465,-0.027356059894664636,0.43383947939262474,82.0,-0.0003851727982164253,eod,-0.0003851727982164253,0,0.008869179600875743,-0.018847006651895537,A1_sustain,False
2026-04-11,KRW-AUCTION,bear_volatile,5,2,0.026524497708847374,0.026612618963694042,0.0019386676066267183,0.003172365174480085,-0.016404688941725684,0.9966887417218543,63.0,-0.0015,eod,-0.0015,0,-1.1102230246251565e-16,-0.018987341772152,A1_sustain,False
2026-04-11,KRW-AAVE,bear_volatile,5,6,0.0179783202608619,0.026612618963694042,0.00035248501938667606,0.00035248501938667606,-0.016404688941725684,0.6755562196035128,91.0,-0.0315,sl,0.006436507936507909,0,0.028735632183908066,-0.03663793103448276,A1_sustain,False
2026-04-11,KRW-SKR,bear_volatile,5,16,0.05287741253194677,0.1218824358861373,0.0019386676066267183,0.004934790271413465,-0.027356059894664636,0.43383947939262474,77.0,-0.0315,sl,-0.025122047244094448,0,-3.885780586188048e-14,-0.05058365758758554,A1_sustain,False
2026-04-13,KRW-ANKR,bear_volatile,5,21,0.07243567148396193,0.2446461619811404,0.030228254164096236,0.011280514673481977,-0.03627272503740334,0.2960834165448545,13.0,-0.0315,sl,-0.026816455696202557,0,0.04651162790684138,-0.0348837209303573,A1_sustain,False
2026-04-13,KRW-KAITO,bear_volatile,5,24,0.037539654564681,0.15024673951357068,0.006080902441173879,0.003172365174480085,-0.02950800213827928,0.2498533724340176,43.0,0.016925460636515954,eod,0.016925460636515954,0,0.02847571189279563,-0.00837520938023617,A1_sustain,False
2026-04-13,KRW-TREE,bear_volatile,5,26,0.037539654564681,0.15024673951357068,0.03798026083891435,0.011280514673481977,-0.02950800213827928,0.2498533724340176,50.0,0.0485,tp,0.06887457434733252,0,0.1556064073226413,-0.005720823798638364,A1_sustain,False
2026-04-14,KRW-ALGO,bear_volatile,5,7,0.14363764540007048,0.18954881917518507,0.006080902441173879,0.004934790271413465,-0.03209031504919673,0.7577870757787074,92.0,-0.0315,sl,-0.0076728395061728665,0,0.05590062111800598,-0.024844720496900452,A1_sustain,False
2026-04-14,KRW-HBAR,bear_volatile,5,9,0.0179783202608619,0.026612618963694042,0.0019386676066267183,0.00035248501938667606,-0.016404688941725684,0.6755562196035128,62.0,-0.0315,sl,-0.017003875968992277,0,-7.66053886991358e-15,-0.038461538461545874,A1_sustain,False
2026-04-14,KRW-KAT,bear_volatile,5,16,0.07243567148396193,0.1218824358861373,0.0019386676066267183,0.011280514673481977,-0.027356059894664636,0.5943077110112192,69.0,-0.0315,sl,-0.026090163934426147,0,0.00819672131139293,-0.0409836065574557,A1_sustain,False
2026-04-15,KRW-G,bear_volatile,5,14,0.07243567148396193,0.15024673951357068,0.010398308071906944,0.004934790271413465,-0.02950800213827928,0.48211143695014663,90.0,0.01796902654867255,eod,0.01796902654867255,0,0.019434628975084856,-0.008833922261659244,A1_sustain,False
2026-04-15,KRW-ARB,bear_volatile,5,32,0.05287741253194677,0.15024673951357068,0.006080902441173879,0.004934790271413465,-0.02950800213827928,0.3519371715029513,99.0,0.0485,tp,0.028987804878048806,0,0.06748466257668051,-0.006134969325159445,A1_sustain,False
2026-04-15,KRW-PENGU,bear_volatile,5,42,0.05287741253194677,0.18954881917518507,0.02000352485019387,0.004934790271413465,-0.03209031504919673,0.27896461060554717,37.0,0.0485,tp,0.02791176470588247,0,0.06930693069296345,-0.009900990099107942,A1_sustain,False
2026-04-16,KRW-0G,bear_volatile,5,14,0.10778179254428483,0.18954881917518507,0.010398308071906944,0.011280514673481977,-0.03209031504919673,0.5686228646176402,67.0,0.021279043280182208,eod,0.021279043280182208,0,0.025871766029245125,-0.022497187851519662,A1_sustain,False
2026-04-16,KRW-STX,bear_volatile,5,15,0.037539654564681,0.07076136764187523,0.0019386676066267183,0.004934790271413465,-0.022639280670088857,0.5305105853051059,79.0,0.0485,tp,0.030476744186046567,0,0.05187319884725916,-0.014409221902020208,A1_sustain,False
2026-04-16,KRW-ZETA,bear_volatile,5,25,0.07243567148396193,0.15024673951357068,0.010398308071906944,0.011280514673481977,-0.02950800213827928,0.48211143695014663,47.0,0.0485,tp,0.07419721115537842,0,0.04473684210524964,-0.013157894736855025,A1_sustain,False
2026-04-17,KRW-SONIC,bear_volatile,5,1,0.037539654564681,0.026612618963694042,0.00035248501938667606,0.001762580417731559,-0.016404688941725684,1.4105960264900663,98.0,0.0485,tp,0.026073529411764718,0,0.05656934306567418,-0.010948905109507079,A1_sustain,False
2026-04-17,KRW-ID,bear_volatile,5,5,0.07243567148396193,0.07076136764187523,0.00035248501938667606,0.011280514673481977,-0.022639280670088857,1.0236612702366126,99.0,0.0485,tp,0.021464509394572062,0,0.05175983436850817,-0.012422360248467545,A1_sustain,False
2026-04-17,KRW-BCH,bear_volatile,5,6,0.026524497708847374,0.026612618963694042,0.00035248501938667606,0.0,-0.016404688941725684,0.9966887417218543,78.0,-0.008191449814126393,eod,-0.008191449814126393,0,0.009687034277198192,-0.015648286140089396,A1_sustain,False
2026-04-18,KRW-WLFI,bear_volatile,5,1,0.026524497708847374,0.026612618963694042,0.00035248501938667606,0.00035248501938667606,-0.016404688941725684,0.9966887417218543,72.0,-0.026710084033613468,eod,-0.026710084033613468,0,0.008333333333324866,-0.03333333333334132,A1_sustain,False
2026-04-18,KRW-BTC,bear_volatile,5,12,0.0179783202608619,0.026612618963694042,0.00035248501938667606,0.0,-0.016404688941725684,0.6755562196035128,1.0,-0.012520010018190973,eod,-0.012520010018190973,0,0.005785073104685123,-0.01530670558549685,A1_sustain,False
2026-04-18,KRW-HBAR,bear_volatile,5,13,0.0179783202608619,0.026612618963694042,0.0019386676066267183,0.00035248501938667606,-0.016404688941725684,0.6755562196035128,68.0,-0.016537593984962407,eod,-0.016537593984962407,0,0.007462686567156762,-0.029850746268663908,A1_sustain,False
2026-04-19,KRW-CHZ,bear_volatile,5,18,0.05287741253194677,0.1218824358861373,0.006080902441173879,0.003172365174480085,-0.027356059894664636,0.43383947939262474,88.0,0.006805647840531672,eod,0.006805647840531672,0,0.04499999999998261,-0.01333333333334974,A1_sustain,False
2026-04-19,KRW-ORBS,bear_volatile,5,19,0.05287741253194677,0.1218824358861373,0.006080902441173879,0.011280514673481977,-0.027356059894664636,0.43383947939262474,68.0,0.00596268656716409,eod,0.00596268656716409,0,0.014598540145911443,-0.03649635036503385,A1_sustain,False
2026-04-19,KRW-PEPE,bear_volatile,5,34,0.07243567148396193,0.18954881917518507,0.02000352485019387,0.011280514673481977,-0.03209031504919673,0.3821478382147838,53.0,-0.0315,sl,-0.02823796791443861,0,0.01785714267538263,-0.035714285886479624,A1_sustain,False
2026-04-20,KRW-W,bear_volatile,5,27,0.05287741253194677,0.15024673951357068,0.006080902441173879,0.004934790271413465,-0.02950800213827928,0.3519371715029513,35.0,0.014804347826086918,eod,0.014804347826086918,0,0.04347826086950857,-0.010869565217444976,A1_sustain,False
2026-04-20,KRW-CHZ,bear_volatile,5,28,0.05287741253194677,0.15024673951357068,0.010398308071906944,0.004934790271413465,-0.02950800213827928,0.3519371715029513,76.0,0.0485,tp,0.11363157894736836,0,0.18739635157543622,-1.6653345369377348e-14,A1_sustain,False
2026-04-20,KRW-BONK,bear_volatile,5,38,0.037539654564681,0.15024673951357068,0.010398308071906944,0.004934790271413465,-0.02950800213827928,0.2498533724340176,81.0,0.018838983050847358,eod,0.018838983050847358,0,0.04204545442704011,-1.1363643359629805e-10,A1_sustain,False
2026-04-21,KRW-VANA,bear_volatile,5,17,0.05287741253194677,0.1218824358861373,0.0019386676066267183,0.004934790271413465,-0.027356059894664636,0.43383947939262474,94.0,0.0485,tp,0.019578431372548943,0,0.08146341463414597,-0.004878048780488253,A1_sustain,False
2026-04-21,KRW-ID,bear_volatile,5,18,0.05287741253194677,0.1218824358861373,0.006080902441173879,0.011280514673481977,-0.027356059894664636,0.43383947939262474,92.0,0.0485,tp,-0.003605263157894721,0,0.037422037422015775,-0.03326403326405347,A1_sustain,False
2026-04-21,KRW-AVNT,bear_volatile,5,38,0.05287741253194677,0.15024673951357068,0.006080902441173879,0.004934790271413465,-0.02950800213827928,0.3519371715029513,72.0,0.028500000000000025,eod,0.028500000000000025,0,0.024999999999994804,-0.020000000000004903,A1_sustain,False
2026-04-22,KRW-ZETA,bear_volatile,5,9,0.07243567148396193,0.15024673951357068,0.006080902441173879,0.004934790271413465,-0.02950800213827928,0.48211143695014663,72.0,-0.0315,sl,-0.026468789013732785,0,0.01747815230960037,-0.016229712858938483,A1_sustain,False
2026-04-22,KRW-ARB,bear_volatile,5,23,0.07243567148396193,0.18954881917518507,0.02000352485019387,0.011280514673481977,-0.03209031504919673,0.3821478382147838,91.0,0.0485,tp,0.014629032258064502,0,0.06451612903225246,-0.01612903225806983,A1_sustain,False
2026-04-22,KRW-AVAX,bear_volatile,5,29,0.010045823052520268,0.026612618963694042,0.00035248501938667606,0.0,-0.016404688941725684,0.3774834437086093,66.0,-0.014421751615218912,eod,-0.014421751615218912,0,0.024425287356321768,-0.005028735632184089,A1_sustain,False
2026-04-23,KRW-BCH,bear_volatile,5,2,0.0179783202608619,0.026612618963694042,0.0019386676066267183,0.003172365174480085,-0.016404688941725684,0.6755562196035128,43.0,0.006588235294117619,eod,0.006588235294117619,0,0.002928257686676483,-0.013177159590043952,A1_sustain,False
2026-04-23,KRW-API3,bear_volatile,5,29,0.07243567148396193,0.18954881917518507,0.03798026083891435,0.011280514673481977,-0.03209031504919673,0.3821478382147838,84.0,0.016199115044247814,eod,0.016199115044247814,0,0.0043668122270719145,-0.03493449781659608,A1_sustain,False
2026-04-23,KRW-BTC,bear_volatile,5,35,0.010045823052520268,0.026612618963694042,0.00035248501938667606,0.0,-0.016404688941725684,0.3774834437086093,2.0,0.006015415682916915,eod,0.006015415682916915,0,0.007687064852599956,-0.009999223528802781,A1_sustain,False
2026-04-24,KRW-ZRO,bear_volatile,5,3,0.10778179254428483,0.15024673951357068,0.0019386676066267183,0.011280514673481977,-0.02950800213827928,0.7173652679135156,84.0,-0.025319473464270825,eod,-0.025319473464270825,0,0.01837928153717594,-0.02798663324979156,A1_sustain,False
2026-04-24,KRW-SUPER,bear_volatile,5,21,0.07243567148396193,0.18954881917518507,0.010398308071906944,0.011280514673481977,-0.03209031504919673,0.3821478382147838,68.0,-0.0015,eod,-0.0015,0,0.06417112299464667,-0.00534759358289294,A1_sustain,False
2026-04-24,KRW-TRUMP,bear_volatile,5,26,0.010045823052520268,0.026612618963694042,0.006080902441173879,0.0,-0.016404688941725684,0.3774834437086093,45.0,0.0485,tp,-0.0026698642957417294,0,0.0905253283302061,-0.00797373358348985,A1_sustain,False
2026-04-25,KRW-AXS,bear_volatile,5,3,0.0179783202608619,0.026612618963694042,0.0019386676066267183,0.00035248501938667606,-0.016404688941725684,0.6755562196035128,88.0,0.0485,tp,0.36663842482100245,1,0.5630550621669619,-0.008288928359976855,A1_sustain,False
2026-04-25,KRW-ZETA,bear_volatile,5,16,0.07243567148396193,0.15024673951357068,0.00035248501938667606,0.011280514673481977,-0.02950800213827928,0.48211143695014663,83.0,-0.013562726176115812,eod,-0.013562726176115812,0,0.03956834532372855,-0.019184652278189218,A1_sustain,False
2026-04-25,KRW-VANA,bear_volatile,5,19,0.07243567148396193,0.15024673951357068,0.010398308071906944,0.011280514673481977,-0.02950800213827928,0.48211143695014663,80.0,0.0485,tp,-0.00697195622435026,0,0.12624886466848273,-0.012715712988192962,A1_sustain,False
2026-04-26,KRW-AUCTION,bear_quiet,5,1,0.05287741253194677,0.026612618963694042,0.006080902441173879,0.011280514673481977,-0.016404688941725684,1.9869300576573905,71.0,-0.00769408121128695,eod,-0.00769408121128695,0,0.03003412969283259,-0.029351535836177556,A1_sustain,False
2026-04-26,KRW-AAVE,bear_quiet,5,15,0.07243567148396193,0.1218824358861373,0.006080902441173879,0.004934790271413465,-0.027356059894664636,0.5943077110112192,89.0,0.023535765379113116,eod,0.023535765379113116,0,0.03349964362081259,-0.012116892373485344,A1_sustain,False
2026-04-26,KRW-SOPH,bear_quiet,5,30,0.05287741253194677,0.1218824358861373,0.010398308071906944,0.011280514673481977,-0.027356059894664636,0.43383947939262474,88.0,0.0485,tp,0.043954545454545635,0,0.052631578947289315,-0.015037593985036568,A1_sustain,False
2026-04-27,KRW-ZETA,bear_quiet,5,48,0.07243567148396193,0.18954881917518507,0.02000352485019387,0.004934790271413465,-0.03209031504919673,0.3821478382147838,95.0,-0.0315,sl,-0.06400000000000011,0,0.057007125890723875,-0.0676959619952604,A1_sustain,False
2026-04-27,KRW-COMP,bear_quiet,5,50,0.10778179254428483,0.28542474444836097,0.030228254164096236,0.011280514673481977,-0.03965330179153474,0.3776189508467256,29.0,0.0485,tp,0.0543912386706949,0,0.05075075075075075,-0.03543543543543548,A1_sustain,False
2026-04-27,KRW-SHIB,bear_quiet,5,51,0.010045823052520268,0.026612618963694042,0.00035248501938667606,0.0,-0.016404688941725684,0.3774834437086093,88.0,-0.011261388286334216,eod,-0.011261388286334216,0,0.015200868510836019,-0.020629750377781697,A1_sustain,False
2026-04-28,KRW-AAVE,bear_quiet,5,23,0.07243567148396193,0.18954881917518507,0.02000352485019387,0.004934790271413465,-0.03209031504919673,0.3821478382147838,63.0,-0.012526878015162,eod,-0.012526878015162,0,0.004123711340206171,-0.02130584192439866,A1_sustain,False
2026-04-28,KRW-PUMP,bear_quiet,5,25,0.026524497708847374,0.07076136764187523,0.006080902441173879,0.003172365174480085,-0.022639280670088857,0.37484433374844334,89.0,0.0485,tp,0.08940909090909083,0,0.13962264150900383,-0.022641509434331186,A1_sustain,False
2026-04-28,KRW-ONT,bear_quiet,5,26,0.05287741253194677,0.15024673951357068,0.030228254164096236,0.003172365174480085,-0.02950800213827928,0.3519371715029513,94.0,0.007845794392523255,eod,0.007845794392523255,0,0.028301886792443165,-0.018867924528311097,A1_sustain,False
2026-04-29,KRW-LINEA,bear_quiet,5,25,0.07243567148396193,0.18954881917518507,0.02000352485019387,0.011280514673481977,-0.03209031504919673,0.3821478382147838,60.0,-0.005309523809523707,eod,-0.005309523809523707,0,0.047619047618848054,-0.024761904762090503,A1_sustain,False
2026-04-29,KRW-ARDR,bear_quiet,5,28,0.05287741253194677,0.15024673951357068,0.02000352485019387,0.011280514673481977,-0.02950800213827928,0.3519371715029513,19.0,-0.015695583596214535,eod,-0.015695583596214535,0,-1.532107773982716e-14,-0.03697996918337387,A1_sustain,False
2026-04-29,KRW-SAHARA,bear_quiet,5,29,0.05287741253194677,0.15024673951357068,0.02000352485019387,0.011280514673481977,-0.02950800213827928,0.3519371715029513,37.0,-0.0315,sl,-0.02227151335311578,0,0.02366863905322414,-0.04142011834322368,A1_sustain,False
2026-04-30,KRW-BLAST,bear_quiet,5,20,0.026524497708847374,0.07076136764187523,0.010398308071906944,0.003172365174480085,-0.022639280670088857,0.37484433374844334,78.0,-0.0315,sl,-0.03805352480417762,0,0.0253333333319663,-0.02133333333463816,A1_sustain,False
2026-04-30,KRW-WET,bear_quiet,5,22,0.05287741253194677,0.15024673951357068,0.030228254164096236,0.003172365174480085,-0.02950800213827928,0.3519371715029513,97.0,0.01977659574468077,eod,0.01977659574468077,0,0.028571428571421364,-0.01428571428572134,A1_sustain,False
2026-04-30,KRW-MIRA,bear_quiet,5,29,0.037539654564681,0.1218824358861373,0.010398308071906944,0.004934790271413465,-0.027356059894664636,0.30799888672844206,98.0,-0.0315,sl,-0.041822580645161256,0,0.008130081300804948,-0.03252032520325987,A1_sustain,False
2026-05-01,KRW-SONIC,bear_quiet,5,8,0.07243567148396193,0.15024673951357068,0.006080902441173879,0.011280514673481977,-0.02950800213827928,0.48211143695014663,40.0,-0.015709591474245055,eod,-0.015709591474245055,0,0.04761904761902902,-0.0299823633157138,A1_sustain,False
2026-05-01,KRW-FIL,bear_quiet,5,15,0.010045823052520268,0.026612618963694042,0.006080902441173879,0.00035248501938667606,-0.016404688941725684,0.3774834437086093,88.0,-0.00804069767441856,eod,-0.00804069767441856,0,0.014534883720929592,-0.01235465116279133,A1_sustain,False
2026-05-01,KRW-DOT,bear_quiet,5,16,0.010045823052520268,0.026612618963694042,0.010398308071906944,0.001762580417731559,-0.016404688941725684,0.3774834437086093,51.0,-0.0059493882091212185,eod,-0.0059493882091212185,0,0.012256267409470167,-0.011699164345404411,A1_sustain,False
2026-05-02,KRW-PENGU,bear_quiet,5,7,0.10778179254428483,0.2446461619811404,0.03798026083891435,0.011280514673481977,-0.03627272503740334,0.44056195965417866,24.0,-0.008302721088435381,eod,-0.008302721088435381,0,0.047619047618976396,-0.013605442176937821,A1_sustain,False
2026-05-02,KRW-MANTRA,bear_quiet,5,8,0.05287741253194677,0.1218824358861373,0.006080902441173879,0.011280514673481977,-0.027356059894664636,0.43383947939262474,37.0,0.0485,tp,0.005122516556291425,0,0.12499999999992606,-0.013157894736906983,A1_sustain,False
2026-05-02,KRW-INJ,bear_quiet,5,21,0.07243567148396193,0.18954881917518507,0.006080902441173879,0.011280514673481977,-0.03209031504919673,0.3821478382147838,100.0,0.0485,tp,0.03358771929824572,0,0.0711645101663585,-0.0027726432532348966,A1_sustain,False
2026-05-03,KRW-SOMI,bear_quiet,5,11,0.07243567148396193,0.15024673951357068,0.0019386676066267183,0.004934790271413465,-0.02950800213827928,0.48211143695014663,99.0,-0.012570110701106972,eod,-0.012570110701106972,0,0.0036630036629998752,-0.021978021978025675,A1_sustain,False
2026-05-03,KRW-PENGU,bear_quiet,5,15,0.10778179254428483,0.2446461619811404,0.03798026083891435,0.011280514673481977,-0.03627272503740334,0.44056195965417866,27.0,-0.0015,eod,-0.0015,0,0.020408163265236645,-0.034013605442242634,A1_sustain,False
2026-05-03,KRW-ZAMA,bear_quiet,5,30,0.07243567148396193,0.18954881917518507,0.02000352485019387,0.004934790271413465,-0.03209031504919673,0.3821478382147838,96.0,0.0485,tp,0.04089401496259343,0,0.06218905472634173,-0.00995024875624373,A1_sustain,False
2026-05-04,KRW-PENGU,bear_quiet,5,5,0.10778179254428483,0.18954881917518507,0.030228254164096236,0.011280514673481977,-0.03209031504919673,0.5686228646176402,27.0,0.0485,tp,0.02589726027397271,0,0.06122448979584627,-0.013605442176937821,A1_sustain,False
2026-05-04,KRW-WET,bear_quiet,5,22,0.026524497708847374,0.07076136764187523,0.006080902441173879,0.004934790271413465,-0.022639280670088857,0.37484433374844334,92.0,-0.0015,eod,-0.0015,0,0.027972027972020808,-0.01398601398602084,A1_sustain,False
2026-05-04,KRW-ONDO,bear_quiet,5,24,0.026524497708847374,0.07076136764187523,0.02000352485019387,0.004934790271413465,-0.022639280670088857,0.37484433374844334,23.0,0.0485,tp,0.09732352941176475,0,0.13380281690140583,-0.009389671361504703,A1_sustain,False
2026-05-05,KRW-BLUR,bear_quiet,5,4,0.10778179254428483,0.18954881917518507,0.006080902441173879,0.011280514673481977,-0.03209031504919673,0.5686228646176402,87.0,0.0485,tp,0.013388337468982771,0,0.05459057071957685,-0.024813895781661932,A1_sustain,False
2026-05-05,KRW-MON,bear_quiet,5,12,0.07243567148396193,0.15024673951357068,0.010398308071906944,0.004934790271413465,-0.02950800213827928,0.48211143695014663,63.0,0.0485,tp,0.053419908466819266,0,0.11670480549196505,-0.009153318077826045,A1_sustain,False
2026-05-05,KRW-MINA,bear_quiet,5,30,0.07243567148396193,0.18954881917518507,0.02000352485019387,0.004934790271413465,-0.03209031504919673,0.3821478382147838,16.0,0.030829988851727885,eod,0.030829988851727885,0,0.029670329670318463,-0.016483516483527194,A1_sustain,False
2026-05-06,KRW-ANKR,bear_quiet,5,1,0.037539654564681,0.026612618963694042,0.0019386676066267183,0.004934790271413465,-0.016404688941725684,1.4105960264900663,75.0,0.0485,tp,-0.042957286432160846,0,0.14693877551004797,-0.006802721088570496,A1_sustain,False
2026-05-06,KRW-POWR,bear_quiet,5,2,0.07243567148396193,0.07076136764187523,0.030228254164096236,0.011280514673481977,-0.022639280670088857,1.0236612702366126,60.0,0.0005533880903490509,eod,0.0005533880903490509,0,0.04554865424429577,-0.001035196687380835,A1_sustain,False
2026-05-06,KRW-ADA,bear_quiet,5,3,0.026524497708847374,0.026612618963694042,0.00035248501938667606,0.001762580417731559,-0.016404688941725684,0.9966887417218543,25.0,0.011419896640826823,eod,0.011419896640826823,0,0.030927835051543617,-0.015463917525775805,A1_sustain,False
2026-05-07,KRW-GLM,bear_quiet,5,1,0.037539654564681,0.026612618963694042,0.006080902441173879,0.003172365174480085,-0.016404688941725684,1.4105960264900663,35.0,0.03298275862068972,eod,0.03298275862068972,0,0.03414634146340956,-0.014634146341468202,A1_sustain,False
2026-05-07,KRW-CTC,bear_quiet,5,5,0.05287741253194677,0.07076136764187523,0.010398308071906944,0.004934790271413465,-0.022639280670088857,0.7472638573007869,76.0,0.012013513513513598,eod,0.012013513513513598,0,0.03139013452914341,-0.013452914798210647,A1_sustain,False
2026-05-07,KRW-LINK,bear_quiet,5,6,0.0179783202608619,0.026612618963694042,0.00035248501938667606,0.001762580417731559,-0.016404688941725684,0.6755562196035128,38.0,-0.006968215994531733,eod,-0.006968215994531733,0,0.013633265167007469,-0.014996591683708371,A1_sustain,False
2026-05-08,KRW-ETC,bear_quiet,5,7,0.0179783202608619,0.026612618963694042,0.00035248501938667606,0.001762580417731559,-0.016404688941725684,0.6755562196035128,74.0,0.0485,tp,0.046049378200438806,0,0.07064017660044142,-0.0029433406916852256,A1_sustain,False
2026-05-08,KRW-FF,bear_quiet,5,8,0.0179783202608619,0.026612618963694042,0.0019386676066267183,0.001762580417731559,-0.016404688941725684,0.6755562196035128,62.0,0.016263845350052375,eod,0.016263845350052375,0,0.024008350730678307,-0.017745302713997657,A1_sustain,False
2026-05-08,KRW-BONK,bear_quiet,5,18,0.037539654564681,0.07076136764187523,0.0019386676066267183,0.011280514673481977,-0.022639280670088857,0.5305105853051059,92.0,0.0485,tp,0.06849999999999984,0,0.08999999989099994,-0.00700000009930013,A1_sustain,False
2026-05-09,KRW-BERA,bear_quiet,5,1,0.037539654564681,0.026612618963694042,0.00035248501938667606,0.00035248501938667606,-0.016404688941725684,1.4105960264900663,93.0,-0.02008108108108103,eod,-0.02008108108108103,0,0.03547297297297125,-0.025337837837839494,A1_sustain,False
2026-05-09,KRW-ADA,bear_quiet,5,3,0.026524497708847374,0.026612618963694042,0.00035248501938667606,0.00035248501938667606,-0.016404688941725684,0.9966887417218543,28.0,-0.01137654320987652,eod,-0.01137654320987652,0,0.019851116625307474,-0.014888337468985102,A1_sustain,False
2026-05-09,KRW-AVAX,bear_quiet,5,4,0.026524497708847374,0.026612618963694042,0.00035248501938667606,0.001762580417731559,-0.016404688941725684,0.9966887417218543,54.0,0.003294520547945158,eod,0.003294520547945158,0,0.021902806297056765,-0.00958247775496246,A1_sustain,False
2026-05-10,KRW-WET,bear_quiet,5,4,0.05287741253194677,0.07076136764187523,0.00035248501938667606,0.004934790271413465,-0.022639280670088857,0.7472638573007869,90.0,-0.0315,sl,-0.01529310344827589,0,0.020833333333326376,-0.03472222222222887,A1_sustain,False
2026-05-10,KRW-SONIC,bear_quiet,5,8,0.07243567148396193,0.1218824358861373,0.010398308071906944,0.004934790271413465,-0.027356059894664636,0.5943077110112192,81.0,0.0485,tp,0.10961111111111116,0,0.19458544839253467,-0.008460236886649652,A1_sustain,False
2026-05-10,KRW-ZRO,bear_quiet,5,13,0.037539654564681,0.07076136764187523,0.0019386676066267183,0.003172365174480085,-0.022639280670088857,0.5305105853051059,79.0,0.0485,tp,0.0395256410256411,0,0.04788470478847007,-0.015341701534170582,A1_sustain,False
2026-05-11,KRW-CTC,bear_quiet,5,2,0.07243567148396193,0.07076136764187523,0.00035248501938667606,0.011280514673481977,-0.022639280670088857,1.0236612702366126,85.0,0.0485,tp,0.05335232067510548,0,0.08786610878660639,-0.01255230125523421,A1_sustain,False
2026-05-11,KRW-VET,bear_quiet,5,3,0.07243567148396193,0.07076136764187523,0.00035248501938667606,0.011280514673481977,-0.022639280670088857,1.0236612702366126,80.0,-0.0315,sl,-0.018741379310344752,0,0.008620689655085334,-0.03448275862077288,A1_sustain,False
2026-05-11,KRW-ZORA,bear_quiet,5,5,0.026524497708847374,0.026612618963694042,0.00035248501938667606,0.004934790271413465,-0.016404688941725684,0.9966887417218543,95.0,-0.006401960784313597,eod,-0.006401960784313597,0,0.004878048780438959,-0.024390243902486564,A1_sustain,False
2026-05-12,KRW-AXS,bear_quiet,5,1,0.05287741253194677,0.026612618963694042,0.00035248501938667606,0.00035248501938667606,-0.016404688941725684,1.9869300576573905,100.0,-0.0315,sl,-0.051189440993788804,0,0.005243088655862316,-0.0581506196377507,A1_sustain,False
2026-05-12,KRW-ARK,bear_quiet,5,5,0.05287741253194677,0.07076136764187523,0.00035248501938667606,0.011280514673481977,-0.022639280670088857,0.7472638573007869,79.0,-0.0315,sl,-0.019615942028985478,0,-3.6637359812630166e-15,-0.04676258992806104,A1_sustain,False
2026-05-12,KRW-ATOM,bear_quiet,5,15,0.037539654564681,0.07076136764187523,0.00035248501938667606,0.004934790271413465,-0.022639280670088857,0.5305105853051059,97.0,0.0485,tp,0.04844971505196122,0,0.07318695941450404,-0.021956087824351544,A1_sustain,False
2026-05-13,KRW-ORDER,bear_quiet,5,15,0.05287741253194677,0.1218824358861373,0.010398308071906944,0.011280514673481977,-0.027356059894664636,0.43383947939262474,26.0,-0.0315,sl,-0.03832393555811281,0,0.0033707865168426387,-0.070786516853943,A1_sustain,False
2026-05-13,KRW-ENS,bear_quiet,5,24,0.07243567148396193,0.18954881917518507,0.010398308071906944,0.011280514673481977,-0.03209031504919673,0.3821478382147838,45.0,-0.0315,sl,-0.016944015444015414,0,0.045323047251687454,-0.034715525554484206,A1_sustain,False
2026-05-13,KRW-FIL,bear_quiet,5,25,0.07243567148396193,0.18954881917518507,0.02000352485019387,0.011280514673481977,-0.03209031504919673,0.3821478382147838,87.0,-0.0315,sl,-0.038514188772362734,0,0.01974090067859291,-0.054287476866132556,A1_sustain,False
2026-05-14,KRW-KAITO,bear_quiet,5,13,0.07243567148396193,0.18954881917518507,0.006080902441173879,0.011280514673481977,-0.03209031504919673,0.3821478382147838,51.0,-0.0043735632183908284,eod,-0.0043735632183908284,0,0.023021582733811385,-0.02733812949640435,A1_sustain,False
2026-05-14,KRW-W,bear_quiet,5,14,0.10778179254428483,0.28542474444836097,0.03798026083891435,0.011280514673481977,-0.03965330179153474,0.3776189508467256,82.0,-0.0315,sl,-0.02422727272727271,0,0.009174311926559264,-0.04587155963307121,A1_sustain,False
2026-05-14,KRW-DOGE,bear_quiet,5,16,0.026524497708847374,0.07076136764187523,0.006080902441173879,0.003172365174480085,-0.022639280670088857,0.37484433374844334,7.0,0.0102647058823529,eod,0.0102647058823529,0,0.04790419161676018,-0.00598802395210174,A1_sustain,False
2026-05-15,KRW-NEWT,bear_quiet,5,6,0.07243567148396193,0.15024673951357068,0.006080902441173879,0.011280514673481977,-0.02950800213827928,0.48211143695014663,88.0,-0.0315,sl,-0.051500000000000046,0,0.01666666666665817,-0.07500000000000762,A1_sustain,False
2026-05-15,KRW-SONIC,bear_quiet,5,8,0.10778179254428483,0.2446461619811404,0.02000352485019387,0.011280514673481977,-0.03627272503740334,0.44056195965417866,17.0,-0.0315,sl,-0.05722755417956643,0,0.0015220700152054345,-0.08219178082193179,A1_sustain,False
2026-05-15,KRW-SEI,bear_quiet,5,10,0.05287741253194677,0.1218824358861373,0.006080902441173879,0.011280514673481977,-0.027356059894664636,0.43383947939262474,47.0,-0.0315,sl,-0.050598196392785455,0,0.018145161290312295,-0.05342741935484818,A1_sustain,False
2026-05-16,KRW-CC,bear_quiet,5,24,0.05287741253194677,0.2446461619811404,0.010398308071906944,0.011280514673481977,-0.03627272503740334,0.21613832853025935,97.0,-0.0315,sl,-0.014158227848101222,0,0.0084745762711822,-0.0932203389830547,A1_sustain,False
2026-05-16,KRW-FIL,bear_quiet,5,25,0.05287741253194677,0.2446461619811404,0.030228254164096236,0.003172365174480085,-0.03627272503740334,0.21613832853025935,89.0,-0.0315,sl,-0.03865992037159921,0,0.014617940199334933,-0.05647840531561521,A1_sustain,False
2026-05-16,KRW-PENDLE,bear_quiet,5,31,0.07243567148396193,0.356658147527981,0.053582444699039396,0.011280514673481977,-0.04534655999128469,0.20309551873696963,77.0,-0.0315,sl,-0.06846125084976212,0,0.014930437733287727,-0.08720732948761478,A1_sustain,False
2026-05-17,KRW-KAT,bear_quiet,5,25,0.07243567148396193,0.2446461619811404,0.03798026083891435,0.003172365174480085,-0.03627272503740334,0.2960834165448545,85.0,-0.0315,sl,-0.04837500000000011,0,0.01550387596891345,-0.0697674418605373,A1_sustain,False
2026-05-17,KRW-QKC,bear_quiet,5,27,0.037539654564681,0.15024673951357068,0.030228254164096236,0.011280514673481977,-0.02950800213827928,0.2498533724340176,59.0,-0.014892857142857206,eod,-0.014892857142857206,0,0.004444444444221096,-0.022222222222439414,A1_sustain,False
2026-05-17,KRW-ATH,bear_quiet,5,31,0.05287741253194677,0.2446461619811404,0.03798026083891435,0.004934790271413465,-0.03627272503740334,0.21613832853025935,73.0,-0.0315,sl,-0.027666097838452586,0,0.02280501710364624,-0.03762827822131842,A1_sustain,False
2026-05-18,KRW-AZTEC,bear_quiet,5,29,0.05287741253194677,0.2446461619811404,0.053582444699039396,0.011280514673481977,-0.03627272503740334,0.21613832853025935,94.0,-0.0315,sl,-0.0015,0,0.023026315789440144,-0.042763157894768145,A1_sustain,False
2026-05-18,KRW-ENS,bear_quiet,5,35,0.026524497708847374,0.15024673951357068,0.030228254164096236,0.004934790271413465,-0.02950800213827928,0.17653958944281525,66.0,0.015356987493202747,eod,0.015356987493202747,0,0.014547413793103203,-0.026939655172414034,A1_sustain,False
2026-05-18,KRW-ENA,bear_quiet,5,36,0.037539654564681,0.2446461619811404,0.030228254164096236,0.011280514673481977,-0.03627272503740334,0.15344469032616545,47.0,-0.0315,sl,0.004910256410256388,0,0.012820512820506336,-0.032051282051288266,A1_sustain,False
2026-05-19,KRW-WLFI,bear_quiet,5,30,0.05287741253194677,0.18954881917518507,0.010398308071906944,0.003172365174480085,-0.03209031504919673,0.27896461060554717,85.0,-0.0315,sl,-0.038177454153182355,0,0.01958650707289422,-0.03482045701850889,A1_sustain,False
2026-05-19,KRW-POLYX,bear_quiet,5,31,0.037539654564681,0.15024673951357068,0.02000352485019387,0.004934790271413465,-0.02950800213827928,0.2498533724340176,53.0,-0.005326530612245027,eod,-0.005326530612245027,0,0.05038759689921113,-0.010335917312674359,A1_sustain,False
2026-05-19,KRW-ATH,bear_quiet,5,33,0.05287741253194677,0.2446461619811404,0.02000352485019387,0.011280514673481977,-0.03627272503740334,0.21613832853025935,62.0,-0.012941647597253967,eod,-0.012941647597253967,0,0.017084282460020805,-0.023917995444302398,A1_sustain,False
2026-05-20,KRW-CHZ,bear_quiet,5,26,0.07243567148396193,0.2446461619811404,0.030228254164096236,0.011280514673481977,-0.03627272503740334,0.2960834165448545,19.0,-0.0315,sl,-0.054131578947368475,0,0.009887005649703351,-0.06779661016950456,A1_sustain,False
2026-05-20,KRW-KAT,bear_quiet,5,28,0.05287741253194677,0.18954881917518507,0.010398308071906944,0.004934790271413465,-0.03209031504919673,0.27896461060554717,90.0,-0.0015,eod,-0.0015,0,0.03174603174594992,-0.015873015873093976,A1_sustain,False
2026-05-20,KRW-ZBT,bear_quiet,5,29,0.05287741253194677,0.18954881917518507,0.010398308071906944,0.011280514673481977,-0.03209031504919673,0.27896461060554717,36.0,-0.0315,sl,-0.04316666666666663,0,0.012605042016802459,-0.029411764705886356,A1_sustain,False
2026-05-21,KRW-ORCA,bear_quiet,5,4,0.10778179254428483,0.15024673951357068,0.010398308071906944,0.011280514673481977,-0.02950800213827928,0.7173652679135156,31.0,-0.0315,sl,0.010718045112782017,0,0.020599250936329083,-0.035112359550562244,A1_sustain,False
2026-05-21,KRW-PENDLE,bear_quiet,5,18,0.10778179254428483,0.2446461619811404,0.006080902441173879,0.011280514673481977,-0.03627272503740334,0.44056195965417866,100.0,0.018811933260790614,eod,0.018811933260790614,0,0.041286079649250684,-0.018633540372671176,A1_sustain,False
2026-05-21,KRW-ZBT,bear_quiet,5,22,0.05287741253194677,0.1218824358861373,0.010398308071906944,0.011280514673481977,-0.027356059894664636,0.43383947939262474,57.0,-0.0315,sl,-0.049326086956521686,0,0.017241379310340532,-0.05172413793103858,A1_sustain,False
2026-05-22,KRW-KITE,bear_quiet,5,18,0.14363764540007048,0.2446461619811404,0.02000352485019387,0.011280514673481977,-0.03627272503740334,0.5871240498395532,37.0,-0.0315,sl,-0.14063043478260867,0,0.02028985507246084,-0.15362318840579958,A1_sustain,False
2026-05-22,KRW-ATH,bear_quiet,5,22,0.07243567148396193,0.15024673951357068,0.006080902441173879,0.004934790271413465,-0.02950800213827928,0.48211143695014663,90.0,0.0485,tp,-0.00901072961373389,0,0.1050920910074642,-1.0835776720341528e-13,A1_sustain,False
2026-05-22,KRW-ORCA,bear_quiet,5,27,0.05287741253194677,0.1218824358861373,0.006080902441173879,0.011280514673481977,-0.027356059894664636,0.43383947939262474,63.0,-0.0315,sl,-0.029832559219693466,0,0.012465373961218384,-0.04108956602031433,A1_sustain,False
2026-05-23,KRW-ZKP,bear_quiet,5,10,0.07243567148396193,0.15024673951357068,0.010398308071906944,0.004934790271413465,-0.02950800213827928,0.48211143695014663,98.0,-0.0315,sl,0.007428571428571397,0,0.026785714285705087,-0.044642857142865644,A1_sustain,False
2026-05-23,KRW-POLYX,bear_quiet,5,27,0.07243567148396193,0.18954881917518507,0.010398308071906944,0.011280514673481977,-0.03209031504919673,0.3821478382147838,42.0,0.0485,tp,0.019487654320987702,0,0.04791154791153507,-0.03931203931205107,A1_sustain,False
2026-05-23,KRW-FF,bear_quiet,5,30,0.07243567148396193,0.18954881917518507,0.03798026083891435,0.004934790271413465,-0.03209031504919673,0.3821478382147838,75.0,-0.0315,sl,-0.03157518796992481,0,0.05303030303029499,-0.09848484848485528,A1_sustain,False
2026-05-24,KRW-ORCA,bear_quiet,5,10,0.10778179254428483,0.15024673951357068,0.0019386676066267183,0.011280514673481977,-0.02950800213827928,0.7173652679135156,58.0,-0.009334101382488523,eod,-0.009334101382488523,0,0.009686346863468254,-0.025830258302583453,A1_sustain,False
2026-05-24,KRW-WAVES,bear_quiet,5,12,0.0179783202608619,0.026612618963694042,0.00035248501938667606,0.004934790271413465,-0.016404688941725684,0.6755562196035128,59.0,0.0485,tp,0.0251222961730449,0,0.17391304347825876,-0.006956521739132193,A1_sustain,False
2026-05-24,KRW-ENSO,bear_quiet,5,13,0.0179783202608619,0.026612618963694042,0.0019386676066267183,0.001762580417731559,-0.016404688941725684,0.6755562196035128,89.0,-0.0315,sl,-0.02471724709784412,0,0.004135649296938881,-0.03722084367245726,A1_sustain,False
2026-05-25,KRW-ALGO,bear_quiet,5,2,0.0179783202608619,0.026612618963694042,0.006080902441173879,0.001762580417731559,-0.016404688941725684,0.6755562196035128,93.0,-0.013334319526627168,eod,-0.013334319526627168,0,0.04191616766466444,-0.00598802395210174,A1_sustain,False
2026-05-25,KRW-SAFE,bear_quiet,5,6,0.10778179254428483,0.18954881917518507,0.02000352485019387,0.011280514673481977,-0.03209031504919673,0.5686228646176402,78.0,-0.010716589861751112,eod,-0.010716589861751112,0,0.03211009174311452,-0.01834862385321545,A1_sustain,False
2026-05-25,KRW-POLYX,bear_quiet,5,11,0.10778179254428483,0.2446461619811404,0.030228254164096236,0.004934790271413465,-0.03627272503740334,0.44056195965417866,49.0,-0.0315,sl,-0.035982758620689614,0,0.07296650717702091,-0.01794258373206914,A1_sustain,False
2026-05-26,KRW-ORDER,bear_quiet,5,17,0.07243567148396193,0.15024673951357068,0.02000352485019387,0.011280514673481977,-0.02950800213827928,0.48211143695014663,59.0,-0.0315,sl,-0.012806532663316493,0,0.03430749682336698,-0.03176620076240111,A1_sustain,False
2026-05-26,KRW-ATH,bear_quiet,5,21,0.05287741253194677,0.1218824358861373,0.010398308071906944,0.004934790271413465,-0.027356059894664636,0.43383947939262474,58.0,-0.0315,sl,0.08950877192982448,0,0.09180327868840532,-0.03606557377059716,A1_sustain,False
2026-05-26,KRW-BCH,bear_quiet,5,36,0.010045823052520268,0.026612618963694042,0.00035248501938667606,0.0,-0.016404688941725684,0.3774834437086093,78.0,-0.02448850574712641,eod,-0.02448850574712641,0,0.0038204393505252288,-0.02769818529130852,A1_sustain,False
2026-05-27,KRW-AVNT,bear_quiet,5,23,0.10778179254428483,0.28542474444836097,0.030228254164096236,0.011280514673481977,-0.03965330179153474,0.3776189508467256,68.0,-0.0315,sl,-0.05654587155963303,0,0.027649769585248674,-0.05990783410138678,A1_sustain,False
2026-05-27,KRW-ICP,bear_quiet,5,38,0.05287741253194677,0.18954881917518507,0.030228254164096236,0.011280514673481977,-0.03209031504919673,0.27896461060554717,86.0,0.0485,tp,0.04928322385042955,0,0.16065073716319245,-2.220446049250313e-16,A1_sustain,False
2026-05-27,KRW-DKA,bear_quiet,5,39,0.05287741253194677,0.18954881917518507,0.03798026083891435,0.004934790271413465,-0.03209031504919673,0.27896461060554717,69.0,-0.0315,sl,-0.018699017199017287,0,0.06835443037961153,-0.008860759493796388,A1_sustain,False
2026-05-28,KRW-WLFI,bear_quiet,5,20,0.05287741253194677,0.15024673951357068,0.006080902441173879,0.004934790271413465,-0.02950800213827928,0.3519371715029513,75.0,-0.007247126436781657,eod,-0.007247126436781657,0,0.025404157043868114,-0.024249422632805606,A1_sustain,False
2026-05-28,KRW-NXPC,bear_quiet,5,27,0.05287741253194677,0.18954881917518507,0.010398308071906944,0.011280514673481977,-0.03209031504919673,0.27896461060554717,98.0,-0.0315,sl,0.031286885245901674,0,0.06703910614524933,-0.011173184357543775,A1_sustain,False
2026-05-28,KRW-DKA,bear_quiet,5,28,0.05287741253194677,0.18954881917518507,0.03798026083891435,0.011280514673481977,-0.03209031504919673,0.27896461060554717,50.0,-0.0315,sl,-0.020250000000000046,0,0.025157232704273502,-0.05534591194980443,A1_sustain,False
2026-05-29,KRW-BARD,bear_quiet,5,26,0.10778179254428483,0.28542474444836097,0.03798026083891435,0.011280514673481977,-0.03965330179153474,0.3776189508467256,55.0,0.03778571428571437,eod,0.03778571428571437,0,0.03928571428571059,-0.025000000000003575,A1_sustain,False
2026-05-29,KRW-BIO,bear_quiet,5,32,0.10778179254428483,0.356658147527981,0.053582444699039396,0.011280514673481977,-0.04534655999128469,0.30219915987150975,99.0,-0.0315,sl,0.029960674157303357,0,0.05203619909499868,-0.04524886877830214,A1_sustain,False
2026-05-29,KRW-TRUST,bear_quiet,5,35,0.07243567148396193,0.2446461619811404,0.030228254164096236,0.011280514673481977,-0.03627272503740334,0.2960834165448545,44.0,-0.0315,sl,0.002594165813715467,0,0.022680412371123504,-0.02886597938145319,A1_sustain,False
2026-05-30,KRW-BIO,bear_quiet,5,4,0.14363764540007048,0.18954881917518507,0.010398308071906944,0.004934790271413465,-0.03209031504919673,0.7577870757787074,83.0,-0.01025273522975939,eod,-0.01025273522975939,0,0.032537960954424516,-0.02603036876357867,A1_sustain,False
2026-05-30,KRW-BARD,bear_quiet,5,5,0.10778179254428483,0.15024673951357068,0.0019386676066267183,0.004934790271413465,-0.02950800213827928,0.7173652679135156,97.0,-0.0315,sl,-0.022189655172413836,0,0.010344827586203253,-0.034482758620693055,A1_sustain,False
2026-05-30,KRW-ZBT,bear_quiet,5,22,0.10778179254428483,0.2446461619811404,0.030228254164096236,0.011280514673481977,-0.03627272503740334,0.44056195965417866,87.0,-0.0315,sl,-0.04360526315789476,0,0.015873015873010488,-0.04232804232804732,A1_sustain,False
2026-05-31,KRW-BIO,bear_quiet,5,9,0.10778179254428483,0.18954881917518507,0.03798026083891435,0.003172365174480085,-0.03209031504919673,0.5686228646176402,80.0,-0.0315,sl,-0.005915011037527505,0,0.03539823008847254,-0.048672566371702586,A1_sustain,False
2026-05-31,KRW-BARD,bear_quiet,5,21,0.05287741253194677,0.1218824358861373,0.02000352485019387,0.001762580417731559,-0.027356059894664636,0.43383947939262474,95.0,0.0485,tp,0.033711267605633755,0,0.12014134275617971,-0.017667844522971765,A1_sustain,False
2026-05-31,KRW-ETHFI,bear_quiet,5,38,0.037539654564681,0.1218824358861373,0.02000352485019387,0.001762580417731559,-0.027356059894664636,0.30799888672844206,96.0,-0.0315,sl,-0.010380994671403241,0,0.008849557522122131,-0.05309734513274511,A1_sustain,False
2026-06-01,KRW-BIO,bear_quiet,5,8,0.10778179254428483,0.18954881917518507,0.02000352485019387,0.003172365174480085,-0.03209031504919673,0.5686228646176402,99.0,-0.0315,sl,0.01174503311258285,0,0.028697571743906636,-0.04194260485653334,A1_sustain,False
2026-06-01,KRW-ONG,bear_quiet,5,14,0.07243567148396193,0.15024673951357068,0.006080902441173879,0.004934790271413465,-0.02950800213827928,0.48211143695014663,66.0,-0.0315,sl,-0.03322866520787754,0,0.0032715376226717385,-0.059978189749192334,A1_sustain,False
2026-06-01,KRW-SEI,bear_quiet,5,24,0.05287741253194677,0.1218824358861373,0.006080902441173879,0.004934790271413465,-0.027356059894664636,0.43383947939262474,29.0,-0.0315,sl,0.028202970297029728,0,0.04950495049503911,-0.049504950495058875,A1_sustain,False
2026-06-02,KRW-BIO,bear_quiet,5,9,0.10778179254428483,0.18954881917518507,0.010398308071906944,0.004934790271413465,-0.03209031504919673,0.5686228646176402,89.0,0.0485,tp,0.07964035087719284,0,0.19480519480516878,-0.0367965367965577,A1_sustain,False
2026-06-02,KRW-LA,bear_quiet,5,30,0.10778179254428483,0.356658147527981,0.10116320056397603,0.011280514673481977,-0.04534655999128469,0.30219915987150975,59.0,-0.0315,sl,-0.061500000000000055,0,0.03311258278145024,-0.08609271523179407,A1_sustain,False
2026-06-02,KRW-POKT,bear_quiet,5,34,0.07243567148396193,0.2446461619811404,0.030228254164096236,0.011280514673481977,-0.03627272503740334,0.2960834165448545,88.0,-0.0315,sl,-0.028527027027027085,0,-6.628031457012185e-14,-0.05960264900668477,A1_sustain,False
2026-06-03,KRW-WLFI,bear_quiet,5,34,0.026524497708847374,0.1218824358861373,0.010398308071906944,0.003172365174480085,-0.027356059894664636,0.2176236265381715,90.0,0.0485,tp,0.05944808126410833,0,0.06583427922813789,-0.006810442678785278,A1_sustain,False
2026-06-03,KRW-AXS,bear_quiet,5,49,0.026524497708847374,0.18954881917518507,0.02000352485019387,0.001762580417731559,-0.03209031504919673,0.1399349139934914,60.0,0.0485,tp,0.0045204695966286085,0,0.05481927710843326,-0.018072289156627064,A1_sustain,False
2026-06-03,KRW-HBAR,bear_quiet,5,50,0.037539654564681,0.28542474444836097,0.03798026083891435,0.004934790271413465,-0.03965330179153474,0.131522074714418,29.0,-0.017125,eod,-0.017125,0,0.031249999999992006,-0.01562500000000766,A1_sustain,False
2026-06-04,KRW-AVNT,bear_quiet,5,24,0.07243567148396193,0.18954881917518507,0.030228254164096236,0.011280514673481977,-0.03209031504919673,0.3821478382147838,100.0,-0.0315,sl,-0.12031188118811881,0,0.014925373134323294,-0.12437810945274064,A1_sustain,False
2026-06-04,KRW-WLFI,bear_quiet,5,33,0.037539654564681,0.1218824358861373,0.00035248501938667606,0.011280514673481977,-0.027356059894664636,0.30799888672844206,92.0,-0.0315,sl,-0.05469148936170215,0,0.01939655172412702,-0.0732758620689754,A1_sustain,False
2026-06-04,KRW-LA,bear_quiet,5,36,0.10778179254428483,0.356658147527981,0.27396898131829395,0.011280514673481977,-0.04534655999128469,0.30219915987150975,70.0,-0.0315,sl,-0.1485588235294118,0,0.00740740740739998,-0.14814814814815447,A1_sustain,False
2026-06-05,KRW-SIGN,bear_quiet,5,29,0.14363764540007048,0.356658147527981,0.27396898131829395,0.011280514673481977,-0.04534655999128469,0.4027319897095626,68.0,-0.0315,sl,-0.07684246575342463,0,0.013698630136916856,-0.10273972602745873,A1_sustain,False
2026-06-05,KRW-JST,bear_quiet,5,37,0.07243567148396193,0.2446461619811404,0.010398308071906944,0.011280514673481977,-0.03627272503740334,0.2960834165448545,63.0,0.0485,tp,0.08621929824561408,0,0.0775862068965425,-0.0172413793103533,A1_sustain,False
2026-06-05,KRW-ARB,bear_quiet,5,38,0.07243567148396193,0.2446461619811404,0.03798026083891435,0.011280514673481977,-0.03627272503740334,0.2960834165448545,79.0,-0.0315,sl,-0.06916917293233088,0,0.007462686567156762,-0.11940298507463343,A1_sustain,False
2026-06-06,KRW-ELSA,bear_quiet,5,1,0.27978498413817415,0.28542474444836097,0.10116320056397603,0.004934790271413465,-0.03965330179153474,0.9802408150663785,31.0,-0.0315,sl,-0.01597178002894356,0,0.015918958031823305,-0.08683068017367446,A1_sustain,False
2026-06-06,KRW-CC,bear_quiet,5,43,0.026524497708847374,0.07076136764187523,0.010398308071906944,0.004934790271413465,-0.022639280670088857,0.37484433374844334,83.0,0.0485,tp,0.08621929824561408,0,0.13157894736841613,-0.021929824561407796,A1_sustain,False
2026-06-06,KRW-ALGO,bear_quiet,5,52,0.10778179254428483,0.356658147527981,0.10116320056397603,0.011280514673481977,-0.04534655999128469,0.30219915987150975,66.0,-0.0315,sl,-0.022479020979020936,0,0.021126760563373148,-0.05633802816902067,A1_sustain,False
2026-06-07,KRW-DOOD,bear_quiet,5,18,0.14363764540007048,0.2446461619811404,0.03798026083891435,0.011280514673481977,-0.03627272503740334,0.5871240498395532,98.0,0.0485,tp,0.002684100418409997,0,0.04979253111989612,-0.033195020747289194,A1_sustain,False
2026-06-07,KRW-ELSA,bear_quiet,5,21,0.10778179254428483,0.18954881917518507,0.02000352485019387,0.011280514673481977,-0.03209031504919673,0.5686228646176402,97.0,0.00439101620029453,eod,0.00439101620029453,0,0.03377386196767973,-0.02496328928048397,A1_sustain,False
2026-06-07,KRW-LAYER,bear_quiet,5,22,0.10778179254428483,0.18954881917518507,0.053582444699039396,0.011280514673481977,-0.03209031504919673,0.5686228646176402,88.0,-0.00045615866388309815,eod,-0.00045615866388309815,0,0.03333333333332256,-0.026041666666676733,A1_sustain,False
2026-06-08,KRW-ZBT,bear_volatile,5,8,0.07243567148396193,0.1218824358861373,0.010398308071906944,0.011280514673481977,-0.027356059894664636,0.5943077110112192,62.0,0.0485,tp,0.09294444444444455,0,0.17127071823203766,-0.027624309392270563,A1_sustain,False
2026-06-08,KRW-DOOD,bear_volatile,5,11,0.10778179254428483,0.18954881917518507,0.010398308071906944,0.011280514673481977,-0.03209031504919673,0.5686228646176402,100.0,-0.0056666666666665404,eod,-0.0056666666666665404,0,0.020661157024371768,-0.0330578512400691,A1_sustain,False
2026-06-08,KRW-BONK,bear_volatile,5,29,0.07243567148396193,0.18954881917518507,0.006080902441173879,0.011280514673481977,-0.03209031504919673,0.3821478382147838,87.0,-0.010509009009009028,eod,-0.010509009009009028,0,0.008955223730006567,-0.03134328372666528,A1_sustain,False
2026-06-09,KRW-SOON,bear_volatile,5,26,0.10778179254428483,0.28542474444836097,0.030228254164096236,0.011280514673481977,-0.03965330179153474,0.3776189508467256,43.0,0.0485,tp,0.03155785123966931,0,0.09917355371900372,-0.028925619834714755,A1_sustain,False
2026-06-09,KRW-WLFI,bear_volatile,5,31,0.026524497708847374,0.07076136764187523,0.0019386676066267183,0.001762580417731559,-0.022639280670088857,0.37484433374844334,83.0,-0.0315,sl,-0.051326187717265326,0,0.001152073732707537,-0.06221198156683094,A1_sustain,False
2026-06-09,KRW-SPK,bear_volatile,5,32,0.05287741253194677,0.15024673951357068,0.010398308071906944,0.011280514673481977,-0.02950800213827928,0.3519371715029513,86.0,-0.0315,sl,0.008533444816053505,0,0.01006711409392591,-0.050335570469830504,A1_sustain,False
2026-06-10,KRW-SPK,bear_volatile,5,37,0.037539654564681,0.1218824358861373,0.010398308071906944,0.001762580417731559,-0.027356059894664636,0.30799888672844206,99.0,0.0485,tp,0.0018112582781458233,0,0.13422818791942492,-0.01677852348996578,A1_sustain,False
2026-06-10,KRW-KITE,bear_volatile,5,47,0.05287741253194677,0.18954881917518507,0.02000352485019387,0.001762580417731559,-0.03209031504919673,0.27896461060554717,71.0,-0.0315,sl,-0.04121119133574008,0,0.0035971223021544763,-0.08992805755396016,A1_sustain,False
2026-06-10,KRW-TAO,bear_volatile,5,48,0.05287741253194677,0.18954881917518507,0.02000352485019387,0.004934790271413465,-0.03209031504919673,0.27896461060554717,61.0,-0.0315,sl,-0.020861084220716364,0,0.04170708050436467,-0.03524086647268021,A1_sustain,False
2026-06-11,KRW-FCT2,bear_volatile,5,13,0.14363764540007048,0.28542474444836097,0.053582444699039396,0.011280514673481977,-0.03965330179153474,0.5032417412781722,62.0,0.0485,tp,0.06250000000000006,0,0.1599999999999071,-0.016000000000078618,A1_sustain,False
2026-06-11,KRW-PENGU,bear_volatile,5,37,0.07243567148396193,0.18954881917518507,0.03798026083891435,0.004934790271413465,-0.03209031504919673,0.3821478382147838,50.0,0.0485,tp,0.061,0,0.08333333333322046,-0.004166666666770347,A1_sustain,False
2026-06-11,KRW-TAO,bear_volatile,5,38,0.07243567148396193,0.18954881917518507,0.03798026083891435,0.004934790271413465,-0.03209031504919673,0.3821478382147838,65.0,0.0485,tp,0.052217654765804034,0,0.08242303872889778,0.0,A1_sustain,False
2026-06-12,KRW-FLUID,bear_volatile,5,3,0.10778179254428483,0.1218824358861373,0.030228254164096236,0.011280514673481977,-0.027356059894664636,0.8843094721619668,93.0,-0.0315,sl,-0.04348698994677708,0,0.017344497607654885,-0.03887559808612495,A1_sustain,False
2026-06-12,KRW-ETC,bear_volatile,5,9,0.0179783202608619,0.026612618963694042,0.00035248501938667606,0.00035248501938667606,-0.016404688941725684,0.6755562196035128,83.0,-0.014320512820512775,eod,-0.014320512820512775,0,0.011937557392102782,-0.013774104683195731,A1_sustain,False
2026-06-12,KRW-LINK,bear_volatile,5,10,0.0179783202608619,0.026612618963694042,0.00035248501938667606,0.001762580417731559,-0.016404688941725684,0.6755562196035128,57.0,-0.0006582491582491344,eod,-0.0006582491582491344,0,0.016020236087689543,-0.016020236087689876,A1_sustain,False
2026-06-13,KRW-LINK,bear_volatile,5,9,0.0179783202608619,0.026612618963694042,0.00035248501938667606,0.001762580417731559,-0.016404688941725684,0.6755562196035128,52.0,0.011115643397813292,eod,0.011115643397813292,0,0.023588879528222195,-0.0016849199663017123,A1_sustain,False
2026-06-13,KRW-APT,bear_volatile,5,16,0.07243567148396193,0.1218824358861373,0.030228254164096236,0.011280514673481977,-0.027356059894664636,0.5943077110112192,47.0,0.0485,tp,0.04390763673890602,0,0.06282183316168788,-0.004119464469619971,A1_sustain,False
2026-06-13,KRW-ARB,bear_volatile,5,21,0.037539654564681,0.07076136764187523,0.0019386676066267183,0.011280514673481977,-0.022639280670088857,0.5305105853051059,85.0,-0.0015,eod,-0.0015,0,0.03968253968253155,-7.882583474838611e-15,A1_sustain,False
2026-06-14,KRW-STX,bear_volatile,5,1,0.026524497708847374,0.026612618963694042,0.00035248501938667606,0.001762580417731559,-0.016404688941725684,0.9966887417218543,97.0,0.0485,tp,0.04850000000000004,0,0.05714285714285339,-0.01071428571428934,A1_sustain,False
2026-06-14,KRW-FIL,bear_volatile,5,6,0.05287741253194677,0.07076136764187523,0.00035248501938667606,0.011280514673481977,-0.022639280670088857,0.7472638573007869,94.0,-0.0315,sl,0.0035547598989048037,0,0.010951979780959631,-0.0429654591406915,A1_sustain,False
2026-06-14,KRW-PEPE,bear_volatile,5,14,0.0179783202608619,0.026612618963694042,0.00035248501938667606,0.00035248501938667606,-0.016404688941725684,0.6755562196035128,87.0,-0.0315,sl,0.0170185185185186,0,0.018518518282750307,-0.03472222244566625,A1_sustain,False
2026-06-15,KRW-AVAX,bear_volatile,5,6,0.026524497708847374,0.026612618963694042,0.0019386676066267183,0.00035248501938667606,-0.016404688941725684,0.9966887417218543,58.0,0.010276251226692791,eod,0.010276251226692791,0,0.038123167155424964,-0.01759530791788877,A1_sustain,False
2026-06-15,KRW-TREE,bear_volatile,5,9,0.05287741253194677,0.07076136764187523,0.00035248501938667606,0.004934790271413465,-0.022639280670088857,0.7472638573007869,95.0,0.016758426966291984,eod,0.016758426966291984,0,0.021008403361330252,-0.02240896358544786,A1_sustain,False
2026-06-15,KRW-BARD,bear_volatile,5,10,0.05287741253194677,0.07076136764187523,0.0019386676066267183,0.011280514673481977,-0.022639280670088857,0.7472638573007869,85.0,0.0485,tp,0.04376748971193406,0,0.07377049180327422,-0.01229508196721718,A1_sustain,False
2026-06-16,KRW-APT,bear_volatile,5,9,0.07243567148396193,0.1218824358861373,0.006080902441173879,0.011280514673481977,-0.027356059894664636,0.5943077110112192,76.0,-0.0315,sl,-0.0219878048780488,0,0.024509803921567652,-0.03431372549019707,A1_sustain,False
2026-06-16,KRW-SOPH,bear_volatile,5,10,0.07243567148396193,0.1218824358861373,0.006080902441173879,0.011280514673481977,-0.027356059894664636,0.5943077110112192,82.0,-0.0315,sl,-0.01337648456057,0,0.00837320574150624,-0.041866028708248515,A1_sustain,False
2026-06-16,KRW-WAVES,bear_volatile,5,11,0.07243567148396193,0.1218824358861373,0.006080902441173879,0.011280514673481977,-0.027356059894664636,0.5943077110112192,100.0,0.0485,tp,0.06957843137254899,0,0.1871921182265981,-2.55351295663786e-15,A1_sustain,False
2026-06-17,KRW-0G,bear_volatile,5,3,0.05287741253194677,0.07076136764187523,0.0019386676066267183,0.003172365174480085,-0.022639280670088857,0.7472638573007869,89.0,-0.0315,sl,-0.032405077262693205,0,0.02654867256636928,-0.05088495575221452,A1_sustain,False
2026-06-17,KRW-SOPH,bear_volatile,5,4,0.05287741253194677,0.07076136764187523,0.006080902441173879,0.011280514673481977,-0.022639280670088857,0.7472638573007869,88.0,0.011753012048192625,eod,0.011753012048192625,0,0.02403846153833844,-0.022836538461655898,A1_sustain,False
2026-06-17,KRW-SAND,bear_volatile,5,6,0.0179783202608619,0.026612618963694042,0.0019386676066267183,0.00035248501938667606,-0.016404688941725684,0.6755562196035128,85.0,-0.0064875311720698475,eod,-0.0064875311720698475,0,0.019950124688266513,-0.027431421446396098,A1_sustain,False
2026-06-18,KRW-SAND,bear_volatile,5,5,0.0179783202608619,0.026612618963694042,0.0019386676066267183,0.0,-0.016404688941725684,0.6755562196035128,84.0,-0.0315,sl,-0.02784880803011308,0,0.00756620428750332,-0.045397225725106516,A1_sustain,False
2026-06-18,KRW-BERA,bear_volatile,5,10,0.07243567148396193,0.1218824358861373,0.010398308071906944,0.004934790271413465,-0.027356059894664636,0.5943077110112192,89.0,-0.0315,sl,-0.07255263157894737,0,0.005277044854878454,-0.08443271767810279,A1_sustain,False
2026-06-18,KRW-WAL,bear_volatile,5,11,0.07243567148396193,0.1218824358861373,0.02000352485019387,0.011280514673481977,-0.027356059894664636,0.5943077110112192,96.0,-0.0315,sl,0.10577969348658983,0,0.12092130518232014,-0.05566218809982615,A1_sustain,False
2026-06-19,KRW-ZRO,bear_volatile,5,10,0.10778179254428483,0.2446461619811404,0.030228254164096236,0.011280514673481977,-0.03627272503740334,0.44056195965417866,81.0,-0.0315,sl,-0.018133399866932798,0,0.0006609385327158712,-0.06345009914078048,A1_sustain,False
2026-06-19,KRW-TRUMP,bear_volatile,5,33,0.07243567148396193,0.2446461619811404,0.02000352485019387,0.004934790271413465,-0.03627272503740334,0.2960834165448545,36.0,-0.019809859154929554,eod,-0.019809859154929554,0,0.007713884992986975,-0.03155680224403956,A1_sustain,False
2026-06-19,KRW-ATH,bear_volatile,5,35,0.05287741253194677,0.18954881917518507,0.02000352485019387,0.011280514673481977,-0.03209031504919673,0.27896461060554717,88.0,0.0485,tp,0.022545261669024097,0,0.06666666666651522,-0.00709219858170107,A1_sustain,False
2026-06-20,KRW-ANKR,bear_volatile,5,20,0.05287741253194677,0.1218824358861373,0.010398308071906944,0.011280514673481977,-0.027356059894664636,0.43383947939262474,63.0,-0.0050523978685612075,eod,-0.0050523978685612075,0,0.0035398230086718385,-0.021238938053270595,A1_sustain,False
2026-06-20,KRW-ELSA,bear_volatile,5,34,0.10778179254428483,0.28542474444836097,0.030228254164096236,0.004934790271413465,-0.03965330179153474,0.3776189508467256,47.0,0.020038461538461727,eod,0.020038461538461727,0,0.0014903129657080072,-0.05216095380031205,A1_sustain,False
2026-06-20,KRW-ZKP,bear_volatile,5,37,0.05287741253194677,0.15024673951357068,0.010398308071906944,0.011280514673481977,-0.02950800213827928,0.3519371715029513,98.0,0.008844827586207029,eod,0.008844827586207029,0,0.0068965517241263985,-0.024137931034493798,A1_sustain,False
2026-06-21,KRW-AVAX,bear_volatile,5,16,0.07243567148396193,0.15024673951357068,0.006080902441173879,0.004934790271413465,-0.02950800213827928,0.48211143695014663,17.0,-0.025800052826201847,eod,-0.025800052826201847,0,0.01694017998941222,-0.02593965060878789,A1_sustain,False
2026-06-21,KRW-ELSA,bear_volatile,5,17,0.07243567148396193,0.15024673951357068,0.010398308071906944,0.004934790271413465,-0.02950800213827928,0.48211143695014663,84.0,-0.0315,sl,-0.03764457831325313,0,0.0015037593984812414,-0.04210526315790897,A1_sustain,False
2026-06-21,KRW-ENA,bear_volatile,5,31,0.07243567148396193,0.18954881917518507,0.010398308071906944,0.011280514673481977,-0.03209031504919673,0.3821478382147838,35.0,0.0485,tp,-0.023722222222222256,0,0.051851851851844044,-0.029629629629636778,A1_sustain,False
2026-06-22,KRW-KNC,bear_volatile,5,18,0.07243567148396193,0.18954881917518507,0.006080902441173879,0.004934790271413465,-0.03209031504919673,0.3821478382147838,53.0,-0.0015,eod,-0.0015,0,0.022988505747120636,-0.00574712643678732,A1_sustain,False
2026-06-22,KRW-SPK,bear_volatile,5,19,0.07243567148396193,0.18954881917518507,0.010398308071906944,0.011280514673481977,-0.03209031504919673,0.3821478382147838,50.0,0.0485,tp,-0.019950184501844992,0,0.06343283582085579,-0.011194029850783105,A1_sustain,False
2026-06-22,KRW-CFG,bear_volatile,5,33,0.05287741253194677,0.18954881917518507,0.010398308071906944,0.004934790271413465,-0.03209031504919673,0.27896461060554717,89.0,-0.01914705882352946,eod,-0.01914705882352946,0,0.04719764011799099,-0.0176991150442507,A1_sustain,False
2026-06-23,KRW-UNI,bear_volatile,5,26,0.05287741253194677,0.15024673951357068,0.006080902441173879,0.011280514673481977,-0.02950800213827928,0.3519371715029513,84.0,-0.0315,sl,-0.02061111111111108,0,0.009999999999999787,-0.06066666666666687,A1_sustain,False
2026-06-23,KRW-CHIP,bear_volatile,5,34,0.07243567148396193,0.2446461619811404,0.053582444699039396,0.011280514673481977,-0.03627272503740334,0.2960834165448545,34.0,-0.0315,sl,-0.01914705882352935,0,0.036964980544726744,-0.06809338521402597,A1_sustain,False
2026-06-23,KRW-DEEP,bear_volatile,5,37,0.037539654564681,0.15024673951357068,0.010398308071906944,0.004934790271413465,-0.02950800213827928,0.2498533724340176,90.0,-0.0315,sl,-0.049692771084337284,0,0.008064516128991617,-0.07258064516132767,A1_sustain,False
2026-06-24,KRW-T,bear_volatile,5,27,0.10778179254428483,0.28542474444836097,0.053582444699039396,0.011280514673481977,-0.03965330179153474,0.3776189508467256,64.0,0.0485,tp,-0.00920712909441229,0,0.08653846153825251,-0.04423076923095315,A1_sustain,False
2026-06-24,KRW-KITE,bear_volatile,5,44,0.05287741253194677,0.2446461619811404,0.02000352485019387,0.003172365174480085,-0.03627272503740334,0.21613832853025935,65.0,-0.0315,sl,-0.08247165991902833,0,0.0244897959183632,-0.0857142857142894,A1_sustain,False
2026-06-24,KRW-UNI,bear_volatile,5,52,0.037539654564681,0.18954881917518507,0.006080902441173879,0.001762580417731559,-0.03209031504919673,0.19804741980474197,94.0,-0.0315,sl,0.005055153707052508,0,0.014952424105119766,-0.05527865881286831,A1_sustain,False
2026-06-25,KRW-TAO,bear_volatile,5,35,0.05287741253194677,0.18954881917518507,0.02000352485019387,0.003172365174480085,-0.03209031504919673,0.27896461060554717,60.0,-0.0315,sl,-0.03845976154992553,0,0.014705882352941124,-0.060624249699880006,A1_sustain,False
2026-06-25,KRW-F,bear_volatile,5,37,0.05287741253194677,0.18954881917518507,0.030228254164096236,0.004934790271413465,-0.03209031504919673,0.27896461060554717,45.0,-0.0315,sl,-0.011227626459143934,0,0.013618677042604332,-0.058365758755047015,A1_sustain,False
2026-06-25,KRW-ENA,bear_volatile,5,38,0.07243567148396193,0.28542474444836097,0.03798026083891435,0.011280514673481977,-0.03965330179153474,0.253782031491201,30.0,-0.0315,sl,-0.024755813953488415,0,0.02325581395348042,-0.06976744186047223,A1_sustain,False
2026-06-26,KRW-KITE,bear_volatile,5,43,0.10778179254428483,0.28542474444836097,0.03798026083891435,0.011280514673481977,-0.03965330179153474,0.3776189508467256,75.0,-0.0315,sl,-0.0336100917431193,0,0.027649769585248674,-0.032258064516133444,A1_sustain,False
2026-06-26,KRW-CFG,bear_volatile,5,47,0.07243567148396193,0.2446461619811404,0.02000352485019387,0.004934790271413465,-0.03627272503740334,0.2960834165448545,66.0,-0.0315,sl,0.02357836990595602,0,0.047923322683702585,-0.04472843450479547,A1_sustain,False
2026-06-26,KRW-ATH,bear_volatile,5,48,0.07243567148396193,0.2446461619811404,0.030228254164096236,0.004934790271413465,-0.03627272503740334,0.2960834165448545,90.0,-0.0315,sl,0.01754761904761898,0,0.030158730158566627,-0.03492063492078812,A1_sustain,False
2026-06-27,KRW-SPK,bear_volatile,5,10,0.10778179254428483,0.15024673951357068,0.02000352485019387,0.011280514673481977,-0.02950800213827928,0.7173652679135156,78.0,-0.012863636363636242,eod,-0.012863636363636242,0,0.026515151515112745,-0.02651515151518835,A1_sustain,False
2026-06-27,KRW-BONK,bear_volatile,5,24,0.07243567148396193,0.15024673951357068,0.02000352485019387,0.011280514673481977,-0.02950800213827928,0.48211143695014663,98.0,-0.020191588785046732,eod,-0.020191588785046732,0,0.028124999839355347,-0.020312500153076174,A1_sustain,False
2026-06-27,KRW-0G,bear_volatile,5,29,0.10778179254428483,0.2446461619811404,0.03798026083891435,0.011280514673481977,-0.03627272503740334,0.44056195965417866,61.0,0.0485,tp,0.10520731707317071,0,0.14199395770392398,-0.02719033232628698,A1_sustain,False
2026-06-28,KRW-ANIME,bear_volatile,5,27,0.10778179254428483,0.18954881917518507,0.010398308071906944,0.011280514673481977,-0.03209031504919673,0.5686228646176402,98.0,0.0485,tp,0.02368891687657443,0,0.08080808080780799,-0.0025252525255043956,A1_sustain,False
2026-06-28,KRW-DOOD,bear_volatile,5,55,0.07243567148396193,0.18954881917518507,0.030228254164096236,0.011280514673481977,-0.03209031504919673,0.3821478382147838,93.0,0.0485,tp,-0.024124434389140192,0,0.08256880733895278,-0.022935779816962154,A1_sustain,False
2026-06-28,KRW-SHIB,bear_volatile,5,62,0.010045823052520268,0.026612618963694042,0.006080902441173879,0.0,-0.016404688941725684,0.3774834437086093,62.0,-0.012437500000000044,eod,-0.012437500000000044,0,0.0046874998430175285,-0.028125000151855595,A1_sustain,False
2026-06-29,KRW-PENGU,bear_volatile,5,53,0.05287741253194677,0.15024673951357068,0.010398308071906944,0.003172365174480085,-0.02950800213827928,0.3519371715029513,64.0,0.016898268398268412,eod,0.016898268398268412,0,0.046587215601186616,-0.014084507042360417,A1_sustain,False
2026-06-29,KRW-CFG,bear_volatile,5,58,0.10778179254428483,0.356658147527981,0.03798026083891435,0.011280514673481977,-0.04534655999128469,0.30219915987150975,82.0,-0.0315,sl,0.04197826086956519,0,0.06688963210701981,-0.03678929765886618,A1_sustain,False
2026-06-29,KRW-MOVE,bear_volatile,5,66,0.037539654564681,0.15024673951357068,0.03798026083891435,0.011280514673481977,-0.02950800213827928,0.2498533724340176,33.0,-0.0015,eod,-0.0015,0,0.023668639053194163,-0.01775147928999865,A1_sustain,False
2026-06-30,KRW-ETC,bear_volatile,5,39,0.010045823052520268,0.026612618963694042,0.00035248501938667606,0.0,-0.016404688941725684,0.3774834437086093,95.0,-0.0315,sl,-0.032981481481481445,0,0.0009259259259257746,-0.03055555555555567,A1_sustain,False
2026-06-30,KRW-SHIB,bear_volatile,5,40,0.010045823052520268,0.026612618963694042,0.0019386676066267183,0.0,-0.016404688941725684,0.3774834437086093,36.0,-0.01080232558139532,eod,-0.01080232558139532,0,0.0046511626349377,-0.018604651314945153,A1_sustain,False
2026-06-30,KRW-AVAX,bear_volatile,5,41,0.05287741253194677,0.15024673951357068,0.006080902441173879,0.011280514673481977,-0.02950800213827928,0.3519371715029513,44.0,-0.0315,sl,-0.01684653465346536,0,0.004960317460317221,-0.031746031746031966,A1_sustain,False
2026-07-01,KRW-QTUM,bear_volatile,5,12,0.037539654564681,0.07076136764187523,0.010398308071906944,0.011280514673481977,-0.022639280670088857,0.5305105853051059,76.0,0.011257605495583802,eod,0.011257605495583802,0,0.032289628180038,-0.03131115459882683,A1_sustain,False
2026-07-01,KRW-SPK,bear_volatile,5,15,0.07243567148396193,0.15024673951357068,0.010398308071906944,0.011280514673481977,-0.02950800213827928,0.48211143695014663,98.0,0.01736792452830188,eod,0.01736792452830188,0,0.022471910112321414,-0.02247191011239602,A1_sustain,False
2026-07-01,KRW-PENGU,bear_volatile,5,39,0.05287741253194677,0.15024673951357068,0.030228254164096236,0.001762580417731559,-0.02950800213827928,0.3519371715029513,56.0,0.011543478260869712,eod,0.011543478260869712,0,0.05131004366800762,-0.0207423580787095,A1_sustain,False
2026-07-02,KRW-ANIME,bear_volatile,5,12,0.10778179254428483,0.15024673951357068,0.006080902441173879,0.011280514673481977,-0.02950800213827928,0.7173652679135156,100.0,-0.003950980392156854,eod,-0.003950980392156854,0,0.009732360097078008,-0.014598540146225303,A1_sustain,False
2026-07-02,KRW-GAS,bear_volatile,5,17,0.07243567148396193,0.1218824358861373,0.010398308071906944,0.011280514673481977,-0.027356059894664636,0.5943077110112192,52.0,0.006759212198221011,eod,0.006759212198221011,0,0.010152284263958755,-0.01713197969543201,A1_sustain,False
2026-07-02,KRW-BERA,bear_volatile,5,20,0.037539654564681,0.07076136764187523,0.02000352485019387,0.004934790271413465,-0.022639280670088857,0.5305105853051059,88.0,0.0485,tp,0.056564516129032294,0,0.1461038961038923,-0.006493506493509771,A1_sustain,False
2026-07-03,KRW-ETH,bear_quiet,5,5,0.026524497708847374,0.026612618963694042,0.0019386676066267183,0.00035248501938667606,-0.016404688941725684,0.9966887417218543,4.0,0.03236531724406394,eod,0.03236531724406394,0,0.040903778730035034,-0.0038955979742890667,A1_sustain,False
2026-07-03,KRW-PEPE,bear_quiet,5,16,0.0179783202608619,0.026612618963694042,0.00035248501938667606,0.003172365174480085,-0.016404688941725684,0.6755562196035128,86.0,0.0485,tp,0.1367113821138211,0,0.15405405374214753,-0.008108108376187029,A1_sustain,False
2026-07-03,KRW-STX,bear_quiet,5,17,0.0179783202608619,0.026612618963694042,0.0019386676066267183,0.001762580417731559,-0.016404688941725684,0.6755562196035128,65.0,0.03818253968253976,eod,0.03818253968253976,0,0.0436507936507895,-0.007936507936511905,A1_sustain,False
2026-07-04,KRW-STX,bear_quiet,5,5,0.026524497708847374,0.026612618963694042,0.00035248501938667606,0.001762580417731559,-0.016404688941725684,0.9966887417218543,67.0,-0.0015,eod,-0.0015,0,0.022988505747122412,-0.01915708812260919,A1_sustain,False
2026-07-04,KRW-KAT,bear_quiet,5,14,0.05287741253194677,0.07076136764187523,0.00035248501938667606,0.004934790271413465,-0.022639280670088857,0.7472638573007869,96.0,-0.0315,sl,0.0036746442432081263,0,0.02204928664059369,-0.03242542153060546,A1_sustain,False
2026-07-04,KRW-CHIP,bear_quiet,5,15,0.05287741253194677,0.07076136764187523,0.0019386676066267183,0.004934790271413465,-0.022639280670088857,0.7472638573007869,85.0,0.0485,tp,0.013361995753715496,0,0.08085106382976415,-0.014893617021297656,A1_sustain,False
2026-07-06,KRW-IOTA,bear_quiet,5,1,0.037539654564681,0.026612618963694042,0.006080902441173879,0.003172365174480085,-0.016404688941725684,1.4105960264900663,97.0,-0.0315,sl,-0.00846864111498252,0,0.01043478260867814,-0.052173913043494724,A1_sustain,False
2026-07-06,KRW-WLFI,bear_quiet,5,2,0.026524497708847374,0.026612618963694042,0.00035248501938667606,0.001762580417731559,-0.016404688941725684,0.9966887417218543,27.0,-0.0315,sl,-0.018316143497757842,0,0.005630630630619304,-0.030405405405416253,A1_sustain,False
2026-07-06,KRW-STORJ,bear_quiet,5,12,0.07243567148396193,0.1218824358861373,0.006080902441173879,0.004934790271413465,-0.027356059894664636,0.5943077110112192,71.0,-0.0315,sl,0.007271929824561431,0,0.02608695652173032,-0.043478260869573515,A1_sustain,False
2026-07-07,KRW-LAYER,bear_quiet,5,4,0.05287741253194677,0.07076136764187523,0.0019386676066267183,0.004934790271413465,-0.022639280670088857,0.7472638573007869,79.0,-0.0315,sl,-0.04169607843137252,0,0.019801980198009828,-0.04257425742575194,A1_sustain,False
2026-07-07,KRW-SEI,bear_quiet,5,6,0.0179783202608619,0.026612618963694042,0.00035248501938667606,0.00035248501938667606,-0.016404688941725684,0.6755562196035128,65.0,-0.0315,sl,-0.06383766233766225,0,0.01973684210524973,-0.056578947368433385,A1_sustain,False
2026-07-07,KRW-ZK,bear_quiet,5,11,0.07243567148396193,0.1218824358861373,0.006080902441173879,0.011280514673481977,-0.027356059894664636,0.5943077110112192,82.0,0.0485,tp,-0.032364197530864225,0,0.055214723926315656,-0.03680981595097932,A1_sustain,False
2026-07-08,KRW-ATOM,bear_quiet,5,24,0.010045823052520268,0.026612618963694042,0.0019386676066267183,0.00035248501938667606,-0.016404688941725684,0.3774834437086093,91.0,-0.0315,sl,-0.009557675996607338,0,0.0038087177316965537,-0.03258569614896356,A1_sustain,False
2026-07-08,KRW-MEGA,bear_quiet,5,25,0.05287741253194677,0.15024673951357068,0.006080902441173879,0.004934790271413465,-0.02950800213827928,0.3519371715029513,46.0,-0.0315,sl,-0.07302317880794712,0,0.02116402116400784,-0.06878306878308094,A1_sustain,False
2026-07-08,KRW-LA,bear_quiet,5,31,0.037539654564681,0.1218824358861373,0.030228254164096236,0.004934790271413465,-0.027356059894664636,0.30799888672844206,76.0,-0.0315,sl,-0.029246947835738057,0,0.038845726970021754,-0.05105438401776852,A1_sustain,False
2026-07-09,KRW-KITE,bear_quiet,5,8,0.07243567148396193,0.15024673951357068,0.030228254164096236,0.011280514673481977,-0.02950800213827928,0.48211143695014663,43.0,0.016251479289940918,eod,0.016251479289940918,0,0.02958579881656198,-0.02366863905326022,A1_sustain,False
2026-07-09,KRW-BONK,bear_quiet,5,10,0.10778179254428483,0.2446461619811404,0.053582444699039396,0.011280514673481977,-0.03627272503740334,0.44056195965417866,64.0,-0.009875209380234505,eod,-0.009875209380234505,0,0.008347245240676537,-0.020033389145236447,A1_sustain,False
2026-07-09,KRW-PEPE,bear_quiet,5,19,0.05287741253194677,0.15024673951357068,0.006080902441173879,0.003172365174480085,-0.02950800213827928,0.3519371715029513,85.0,0.006251937984496138,eod,0.006251937984496138,0,0.018041236851020326,-0.012886598192554999,A1_sustain,False
2026-07-10,KRW-KITE,bear_quiet,5,5,0.05287741253194677,0.07076136764187523,0.006080902441173879,0.011280514673481977,-0.022639280670088857,0.7472638573007869,52.0,0.027569767441860515,eod,0.027569767441860515,0,0.05263157894736237,-5.773159728050814e-15,A1_sustain,False
2026-07-10,KRW-SEI,bear_quiet,5,12,0.037539654564681,0.07076136764187523,0.0019386676066267183,0.004934790271413465,-0.022639280670088857,0.5305105853051059,45.0,-0.006854752342704216,eod,-0.006854752342704216,0,0.037735849056589776,-0.010781671159042827,A1_sustain,False
2026-07-10,KRW-GAME2,bear_quiet,5,22,0.07243567148396193,0.18954881917518507,0.02000352485019387,0.004934790271413465,-0.03209031504919673,0.3821478382147838,84.0,0.0059074074074073075,eod,0.0059074074074073075,0,0.037037037036268705,-0.022222222222946564,A1_sustain,False
2026-07-11,KRW-LINK,bear_quiet,5,7,0.0179783202608619,0.026612618963694042,0.006080902441173879,0.00035248501938667606,-0.016404688941725684,0.6755562196035128,38.0,-0.007397219882055604,eod,-0.007397219882055604,0,0.01853411962931739,-0.005897219882055715,A1_sustain,False
2026-07-11,KRW-POL,bear_quiet,5,12,0.037539654564681,0.07076136764187523,0.00035248501938667606,0.003172365174480085,-0.022639280670088857,0.5305105853051059,55.0,-0.0015,eod,-0.0015,0,0.008403361344529348,-0.008403361344546112,A1_sustain,False
2026-07-11,KRW-DOT,bear_quiet,5,13,0.037539654564681,0.07076136764187523,0.006080902441173879,0.003172365174480085,-0.022639280670088857,0.5305105853051059,78.0,-0.029809104820198884,eod,-0.029809104820198884,0,0.010695187165774778,-0.029029793735676712,A1_sustain,False
2026-07-12,KRW-ZIL,bear_quiet,5,1,0.037539654564681,0.026612618963694042,0.02000352485019387,0.011280514673481977,-0.016404688941725684,1.4105960264900663,57.0,-0.01695253863134666,eod,-0.01695253863134666,0,0.04666666666643415,-0.020000000000217732,A1_sustain,False
2026-07-12,KRW-MON,bear_quiet,5,4,0.14363764540007048,0.18954881917518507,0.02000352485019387,0.011280514673481977,-0.03209031504919673,0.7577870757787074,91.0,0.022380597014925396,eod,0.022380597014925396,0,0.04790419161673509,-0.011976047904221243,A1_sustain,False
2026-07-12,KRW-POL,bear_quiet,5,6,0.0179783202608619,0.026612618963694042,0.00035248501938667606,0.00035248501938667606,-0.016404688941725684,0.6755562196035128,95.0,0.023710084033613354,eod,0.023710084033613354,0,0.016806722689067133,-0.016806722689083897,A1_sustain,False
2026-07-13,KRW-ORBS,bear_quiet,5,4,0.10778179254428483,0.18954881917518507,0.030228254164096236,0.011280514673481977,-0.03209031504919673,0.5686228646176402,47.0,-0.0315,sl,-0.03547027600849256,0,0.021052631578839742,-0.05263157894746817,A1_sustain,False
2026-07-13,KRW-AWE,bear_quiet,5,8,0.07243567148396193,0.15024673951357068,0.010398308071906944,0.004934790271413465,-0.02950800213827928,0.48211143695014663,87.0,0.003847593582887722,eod,0.003847593582887722,0,0.029032258064505045,-0.01612903225807505,A1_sustain,False
2026-07-13,KRW-ENSO,bear_quiet,5,9,0.07243567148396193,0.15024673951357068,0.010398308071906944,0.011280514673481977,-0.02950800213827928,0.48211143695014663,23.0,-0.009047169811320753,eod,-0.009047169811320753,0,0.03068072866730498,-0.01054650047938721,A1_sustain,False
2026-07-14,KRW-ORBS,bear_quiet,5,3,0.10778179254428483,0.15024673951357068,0.02000352485019387,0.011280514673481977,-0.02950800213827928,0.7173652679135156,87.0,-0.026774725274725297,eod,-0.026774725274725297,0,-1.099120794378905e-13,-0.029670329670436257,A1_sustain,False
2026-07-14,KRW-POL,bear_quiet,5,22,0.026524497708847374,0.07076136764187523,0.00035248501938667606,0.011280514673481977,-0.022639280670088857,0.37484433374844334,89.0,0.03155785123966931,eod,0.03155785123966931,0,0.02459016393441793,-0.008196721311483524,A1_sustain,False
2026-07-14,KRW-ENSO,bear_quiet,5,30,0.037539654564681,0.15024673951357068,0.006080902441173879,0.004934790271413465,-0.02950800213827928,0.2498533724340176,63.0,-0.019560836501901158,eod,-0.019560836501901158,0,0.007532956685498249,-0.02824858757062232,A1_sustain,False
2026-07-15,KRW-PYTH,bear_quiet,5,5,0.10778179254428483,0.18954881917518507,0.030228254164096236,0.011280514673481977,-0.03209031504919673,0.5686228646176402,97.0,0.0485,tp,0.004230659025787955,0,0.06831395348835678,-0.0014534883721073477,A1_sustain,False
2026-07-15,KRW-ETH,bear_quiet,5,6,0.037539654564681,0.07076136764187523,0.0019386676066267183,0.003172365174480085,-0.022639280670088857,0.5305105853051059,2.0,0.016518018018018055,eod,0.016518018018018055,0,0.030946383591219817,-0.01295430010795251,A1_sustain,False
2026-07-15,KRW-LINK,bear_quiet,5,7,0.037539654564681,0.07076136764187523,0.0019386676066267183,0.011280514673481977,-0.022639280670088857,0.5305105853051059,39.0,0.025416802610114086,eod,0.025416802610114086,0,0.036734693877550795,-0.007346938775510403,A1_sustain,False
2026-07-16,KRW-LINK,bear_quiet,5,15,0.037539654564681,0.07076136764187523,0.0019386676066267183,0.011280514673481977,-0.022639280670088857,0.5305105853051059,31.0,-0.024589171974522317,eod,-0.024589171974522317,0,0.0023885350318468834,-0.025477707006369532,A1_sustain,False
2026-07-16,KRW-CHIP,bear_quiet,5,19,0.07243567148396193,0.15024673951357068,0.006080902441173879,0.004934790271413465,-0.02950800213827928,0.48211143695014663,57.0,-0.0315,sl,-0.038376355748373114,0,0.013071895424814572,-0.03921568627453076,A1_sustain,False
2026-07-16,KRW-PYTH,bear_quiet,5,22,0.10778179254428483,0.2446461619811404,0.02000352485019387,0.011280514673481977,-0.03627272503740334,0.44056195965417866,71.0,0.0485,tp,0.059666429587482084,0,0.09985734664763068,-1.4210854715202004e-14,A1_sustain,False
2026-07-17,KRW-CPOOL,bear_quiet,5,25,0.026524497708847374,0.07076136764187523,0.010398308071906944,0.011280514673481977,-0.022639280670088857,0.37484433374844334,87.0,-0.008325938566552891,eod,-0.008325938566552891,0,0.003389830508440772,-0.033898305084778424,A1_sustain,False
2026-07-17,KRW-SPK,bear_quiet,5,26,0.026524497708847374,0.07076136764187523,0.030228254164096236,0.004934790271413465,-0.022639280670088857,0.37484433374844334,58.0,-0.021420318725099585,eod,-0.021420318725099585,0,0.015936254980039255,-0.02390438247015836,A1_sustain,False
2026-07-17,KRW-LINK,bear_quiet,5,29,0.0179783202608619,0.07076136764187523,0.006080902441173879,0.003172365174480085,-0.022639280670088857,0.25406971148226754,33.0,-0.0315,sl,-0.008014657980456029,0,0.004071661237784907,-0.03501628664495127,A1_sustain,False
2026-07-18,KRW-TAIKO,bear_quiet,5,1,0.14363764540007048,0.15024673951357068,0.0019386676066267183,0.011280514673481977,-0.02950800213827928,0.9560117302052785,95.0,0.0485,tp,-0.0015,0,0.09090909090908195,-0.033057851239677416,A1_sustain,False
2026-07-18,KRW-AXS,bear_quiet,5,14,0.026524497708847374,0.07076136764187523,0.00035248501938667606,0.001762580417731559,-0.022639280670088857,0.37484433374844334,66.0,-0.010151766402307137,eod,-0.010151766402307137,0,0.002869440459109862,-0.018651362984218767,A1_sustain,False
2026-07-18,KRW-IOST,bear_quiet,5,15,0.026524497708847374,0.07076136764187523,0.010398308071906944,0.003172365174480085,-0.022639280670088857,0.37484433374844334,94.0,0.00771187308085969,eod,0.00771187308085969,0,0.027466937944020886,-0.006103763988803523,A1_sustain,False
2026-07-19,KRW-ONT,bear_quiet,5,1,0.0179783202608619,0.026612618963694042,0.006080902441173879,0.003172365174480085,-0.016404688941725684,0.6755562196035128,97.0,-0.0315,sl,-0.03955175038051756,0,0.02603369065848371,-0.04287901990813092,A1_sustain,False
2026-07-19,KRW-GLM,bear_quiet,5,2,0.0179783202608619,0.026612618963694042,0.02000352485019387,0.003172365174480085,-0.016404688941725684,0.6755562196035128,88.0,-0.008349315068493178,eod,-0.008349315068493178,0,0.027397260273965607,-0.00684931506849995,A1_sustain,False
2026-07-19,KRW-VIRTUAL,bear_quiet,5,19,0.07243567148396193,0.18954881917518507,0.02000352485019387,0.011280514673481977,-0.03209031504919673,0.3821478382147838,44.0,0.0029150110375276163,eod,0.0029150110375276163,0,0.0032930845225016547,-0.03293084522502854,A1_sustain,False
2026-07-20,KRW-TAIKO,bear_quiet,5,5,0.10778179254428483,0.18954881917518507,0.03798026083891435,0.004934790271413465,-0.03209031504919673,0.5686228646176402,82.0,-0.0315,sl,-0.050680327868852515,0,0.008264462809909112,-0.05785123966942929,A1_sustain,False
2026-07-20,KRW-A,bear_quiet,5,15,0.07243567148396193,0.18954881917518507,0.02000352485019387,0.004934790271413465,-0.03209031504919673,0.3821478382147838,85.0,-0.0315,sl,-0.027499999999999913,0,0.011011011011000882,-0.03803803803804773,A1_sustain,False
2026-07-20,KRW-ANIME,bear_quiet,5,22,0.026524497708847374,0.07076136764187523,0.02000352485019387,0.003172365174480085,-0.022639280670088857,0.37484433374844334,55.0,-0.0315,sl,0.0036020408163264807,0,0.010256410256151094,-0.02820512820537735,A1_sustain,False
2026-07-21,KRW-LINK,bear_quiet,5,5,0.0179783202608619,0.026612618963694042,0.0019386676066267183,0.004934790271413465,-0.016404688941725684,0.6755562196035128,29.0,0.01286552274541092,eod,0.01286552274541092,0,0.018326693227091573,-0.0023904382470121277,A1_sustain,False
2026-07-21,KRW-WLD,bear_quiet,5,26,0.07243567148396193,0.18954881917518507,0.030228254164096236,0.011280514673481977,-0.03209031504919673,0.3821478382147838,13.0,-0.0015,eod,-0.0015,0,0.01798561151078948,-0.017985611510793142,A1_sustain,False
2026-07-21,KRW-DOT,bear_quiet,5,31,0.010045823052520268,0.026612618963694042,0.0019386676066267183,0.00035248501938667606,-0.016404688941725684,0.3774834437086093,68.0,0.028252066115702468,eod,0.028252066115702468,0,0.04962779156327457,-0.0024813895781645723,A1_sustain,False
2026-07-22,KRW-PROVE,bear_quiet,5,1,0.037539654564681,0.026612618963694042,0.006080902441173879,0.004934790271413465,-0.016404688941725684,1.4105960264900663,75.0,-0.0015,eod,-0.0015,0,0.010563380281686463,-0.021126760563383806,A1_sustain,False
2026-07-22,KRW-FIL,bear_quiet,5,4,0.026524497708847374,0.026612618963694042,0.00035248501938667606,0.003172365174480085,-0.016404688941725684,0.9966887417218543,96.0,-0.0165442477876106,eod,-0.0165442477876106,0,0.01422222222222147,-0.01600000000000079,A1_sustain,False
2026-07-22,KRW-HBAR,bear_quiet,5,13,0.0179783202608619,0.026612618963694042,0.0019386676066267183,0.001762580417731559,-0.016404688941725684,0.6755562196035128,33.0,0.0485,tp,0.05790594059405946,0,0.05882352941175428,-0.009803921568637075,A1_sustain,False
2026-07-23,KRW-CHIP,bear_quiet,5,3,0.0179783202608619,0.026612618963694042,0.02000352485019387,0.001762580417731559,-0.016404688941725684,0.6755562196035128,98.0,-0.0315,sl,-0.04584589800443456,0,0.0044444444444220466,-0.06222222222224305,A1_sustain,False
2026-07-23,KRW-ORDER,bear_quiet,5,8,0.07243567148396193,0.15024673951357068,0.02000352485019387,0.011280514673481977,-0.02950800213827928,0.48211143695014663,23.0,0.0485,tp,0.013521459227467782,0,0.11853448275859657,-0.006465517241400653,A1_sustain,False
2026-07-23,KRW-ATH,bear_quiet,5,11,0.05287741253194677,0.1218824358861373,0.006080902441173879,0.004934790271413465,-0.027356059894664636,0.43383947939262474,58.0,-0.0315,sl,-0.044665467625899236,0,0.014492753623041255,-0.03623188405811073,A1_sustain,False
2026-07-24,KRW-HOLO,bear_quiet,5,11,0.07243567148396193,0.15024673951357068,0.030228254164096236,0.011280514673481977,-0.02950800213827928,0.48211143695014663,85.0,0.004660164271047153,eod,0.004660164271047153,0,0.03061224489794867,-0.020408163265316026,A1_sustain,False
2026-07-24,KRW-MMT,bear_quiet,5,12,0.10778179254428483,0.2446461619811404,0.006080902441173879,0.011280514673481977,-0.03627272503740334,0.44056195965417866,98.0,-0.0315,sl,-0.03923584905660377,0,0.007518796992477261,-0.0639097744360938,A1_sustain,False
2026-07-24,KRW-ETHFI,bear_quiet,5,14,0.10778179254428483,0.2446461619811404,0.030228254164096236,0.011280514673481977,-0.03627272503740334,0.44056195965417866,87.0,-0.0315,sl,-0.06968181818181823,0,0.009077155824506855,-0.07413010590015268,A1_sustain,False
2026-07-25,KRW-VVV,bear_quiet,5,4,0.07243567148396193,0.15024673951357068,0.0019386676066267183,0.004934790271413465,-0.02950800213827928,0.48211143695014663,87.0,0.0485,tp,0.06792148760330569,0,0.10307017543859653,-0.008223684210526327,A1_sustain,False
2026-07-25,KRW-POL,bear_quiet,5,17,0.010045823052520268,0.026612618963694042,0.0019386676066267183,0.00035248501938667606,-0.016404688941725684,0.3774834437086093,84.0,-0.0015,eod,-0.0015,0,0.008928571428562515,-8.881784197001252e-15,A1_sustain,False
2026-07-25,KRW-DOT,bear_quiet,5,18,0.010045823052520268,0.026612618963694042,0.010398308071906944,0.0,-0.016404688941725684,0.3774834437086093,79.0,0.010344331641285955,eod,0.010344331641285955,0,0.01854974704890311,-0.003372681281619605,A1_sustain,False
