date,n_uni,n_active,n_pump10,n_pump20,frac_pump10,frac_pump20,breadth,cs_ret_std,tot_qv,btc_ret,btc_rv,btc_above_ma,f_n_pump10_l1,f_n_pump10_l2,f_n_pump10_3d,f_n_pump10_5d,f_n_pump20_l1,f_n_pump20_3d,f_breadth_l1,f_cs_ret_std_l1,f_qv_ratio,f_btc_ret_l1,f_btc_rv_l1,f_btc_above_ma_l1,f_pump_momo
2023-01-26,95,95,13.0,3.0,0.1368421052631579,0.031578947368421054,0.7684210526315789,0.03173072607767851,4875988239617.15,0.00672842686825462,,0.0,,,,,,,,,,,,,
2023-01-27,95,95,19.0,6.0,0.2,0.06315789473684211,0.8421052631578947,0.036103124307537426,4461879145062.912,0.000691085030960468,,0.0,13.0,,,,3.0,,0.7684210526315789,0.03173072607767851,,0.00672842686825462,,0.0,
2023-01-28,95,95,7.0,1.0,0.07368421052631578,0.010526315789473684,0.23157894736842105,0.01876537180247175,4118249106435.522,0.0038956834816538284,,0.0,19.0,13.0,,,6.0,,0.8421052631578947,0.036103124307537426,,0.000691085030960468,,0.0,
2023-01-29,95,95,5.0,0.0,0.05263157894736842,0.0,0.8,0.021364242658086428,2692668751004.1934,0.020670546802072417,,0.0,7.0,19.0,13.0,,1.0,3.3333333333333335,0.23157894736842105,0.01876537180247175,,0.0038956834816538284,,0.0,
2023-01-30,95,95,3.0,0.0,0.031578947368421054,0.0,0.021052631578947368,0.024736658879182707,2157240415886.9946,-0.033030274153541844,,0.0,5.0,7.0,10.333333333333334,,0.0,2.3333333333333335,0.8,0.021364242658086428,,0.020670546802072417,,0.0,
2023-01-31,95,95,4.0,2.0,0.042105263157894736,0.021052631578947368,0.9052631578947369,0.023279914531321853,2848392601243.6514,0.012394134769712163,,0.0,3.0,5.0,5.0,9.4,0.0,0.3333333333333333,0.021052631578947368,0.024736658879182707,,-0.033030274153541844,,0.0,-6.4
2023-02-01,95,95,5.0,2.0,0.05263157894736842,0.021052631578947368,0.9789473684210527,0.028263710324260557,2157938314973.4238,0.018949513920751872,,0.0,4.0,3.0,4.0,7.6,2.0,0.6666666666666666,0.9052631578947369,0.023279914531321853,,0.012394134769712163,,0.0,-3.5999999999999996
2023-02-02,95,95,13.0,2.0,0.1368421052631579,0.021052631578947368,0.7263157894736842,0.06086749193904842,2801251956869.627,-0.000675447509638078,,0.0,5.0,4.0,4.0,4.8,2.0,1.3333333333333333,0.9789473684210527,0.028263710324260557,,0.018949513920751872,,0.0,0.20000000000000018
2023-02-03,95,95,13.0,4.0,0.1368421052631579,0.042105263157894736,0.9368421052631579,0.05685711394346492,3183943813474.8696,-0.005691843527541505,,0.0,13.0,5.0,7.333333333333333,6.0,2.0,2.0,0.7263157894736842,0.06086749193904842,,-0.000675447509638078,,0.0,7.0
2023-02-04,95,95,12.0,5.0,0.12631578947368421,0.05263157894736842,0.6842105263157895,0.04392780133859443,4036738092651.4575,-0.00040780262918174617,,0.0,13.0,13.0,10.333333333333334,7.6,4.0,2.6666666666666665,0.9368421052631579,0.05685711394346492,,-0.005691843527541505,,0.0,5.4
2023-02-05,95,95,25.0,5.0,0.2631578947368421,0.05263157894736842,0.2631578947368421,0.043071821441749245,3597574325330.805,-0.014723772239727333,,0.0,12.0,13.0,12.666666666666666,9.4,5.0,3.6666666666666665,0.6842105263157895,0.04392780133859443,,-0.00040780262918174617,,0.0,2.5999999999999996
2023-02-06,95,95,19.0,7.0,0.2,0.07368421052631578,0.5473684210526316,0.029602844855373903,5518485129114.818,0.007970907316328527,,0.0,25.0,12.0,16.666666666666668,13.6,5.0,4.666666666666667,0.2631578947368421,0.043071821441749245,,-0.014723772239727333,,0.0,11.4
2023-02-07,95,95,12.0,4.0,0.12631578947368421,0.042105263157894736,0.8210526315789474,0.04087071002857427,3306512319588.271,0.007839969256577796,,0.0,19.0,25.0,18.666666666666668,16.4,7.0,5.666666666666667,0.5473684210526316,0.029602844855373903,,0.007970907316328527,,0.0,2.6000000000000014
2023-02-08,95,95,8.0,1.0,0.08421052631578947,0.010526315789473684,0.3894736842105263,0.031236348130907227,2783819048354.232,-0.005071919646354402,,0.0,12.0,19.0,18.666666666666668,16.2,4.0,5.333333333333333,0.8210526315789474,0.04087071002857427,,0.007839969256577796,,0.0,-4.199999999999999
2023-02-09,95,95,12.0,2.0,0.12631578947368421,0.021052631578947368,0.042105263157894736,0.05840253482564565,2914494592036.6924,-0.038616179679811374,,0.0,8.0,12.0,13.0,15.2,1.0,4.0,0.3894736842105263,0.031236348130907227,,-0.005071919646354402,,0.0,-7.199999999999999
2023-02-10,95,95,9.0,1.0,0.09473684210526316,0.010526315789473684,0.6526315789473685,0.024891923990157463,4094393010566.4062,-0.002592653237840423,,0.0,12.0,8.0,10.666666666666666,15.2,2.0,2.3333333333333335,0.042105263157894736,0.05840253482564565,,-0.038616179679811374,,0.0,-3.1999999999999993
2023-02-11,95,95,5.0,1.0,0.05263157894736842,0.010526315789473684,0.7157894736842105,0.022013628929438697,2208243540399.9067,0.009097890956679,,0.0,9.0,12.0,9.666666666666666,12.0,1.0,1.3333333333333333,0.6526315789473685,0.024891923990157463,,-0.002592653237840423,,0.0,-3.0
2023-02-12,95,95,5.0,0.0,0.05263157894736842,0.0,0.14736842105263157,0.019313328056615908,1254064569674.535,-0.004025429164502737,,0.0,5.0,9.0,8.666666666666666,9.2,1.0,1.3333333333333333,0.7157894736842105,0.022013628929438697,,0.009097890956679,,0.0,-4.199999999999999
2023-02-13,95,95,5.0,0.0,0.05263157894736842,0.0,0.11578947368421053,0.024531579125240902,1315026740671.6619,0.0016262465579414027,,0.0,5.0,5.0,6.333333333333333,7.8,0.0,0.6666666666666666,0.14736842105263157,0.019313328056615908,,-0.004025429164502737,,0.0,-2.8
2023-02-14,95,95,1.0,0.0,0.010526315789473684,0.0,1.0,0.014949898984079583,1763211745594.2517,0.017126164993497003,0.01519184964179761,0.0,5.0,5.0,5.0,7.2,0.0,0.3333333333333333,0.11578947368421053,0.024531579125240902,,0.0016262465579414027,,0.0,-2.2
2023-02-15,95,95,19.0,3.0,0.2,0.031578947368421054,0.9894736842105263,0.05209014866400529,1708264128673.4521,0.07966333587661492,0.023400781183110873,1.0,1.0,5.0,3.6666666666666665,5.0,0.0,0.0,1.0,0.014949898984079583,0.5679524776439798,0.017126164993497003,0.01519184964179761,0.0,-4.0
2023-02-16,95,95,15.0,5.0,0.15789473684210525,0.05263157894736842,0.15789473684210525,0.03699423910402632,2826802362987.8853,-0.02385044182353655,0.024199683556150146,1.0,19.0,1.0,8.333333333333334,7.0,3.0,1.0,0.9894736842105263,0.05209014866400529,0.5798353018619667,0.07966333587661492,0.023400781183110873,1.0,12.0
2023-02-17,95,95,17.0,2.0,0.17894736842105263,0.021052631578947368,0.9578947368421052,0.03066490366733376,3994138354762.548,0.03833491362342962,0.025492898529148954,1.0,15.0,19.0,11.666666666666666,9.0,5.0,2.6666666666666665,0.15789473684210525,0.03699423910402632,0.9868859744696961,-0.02385044182353655,0.024199683556150146,1.0,6.0
2023-02-18,95,95,4.0,0.0,0.042105263157894736,0.0,0.5684210526315789,0.02578517878632288,2536895565115.502,0.004666570032519941,0.025199815177407665,1.0,17.0,15.0,17.0,11.4,2.0,3.3333333333333335,0.9578947368421052,0.03066490366733376,1.3974508383989972,0.03833491362342962,0.025492898529148954,1.0,5.6
2023-02-19,95,95,7.0,2.0,0.07368421052631578,0.021052631578947368,0.5263157894736842,0.05809089750794008,1802717731613.2144,-0.01119839616008241,0.02397976313737752,1.0,4.0,17.0,12.0,11.2,0.0,2.3333333333333335,0.5684210526315789,0.02578517878632288,0.890022769723202,0.004666570032519941,0.025199815177407665,1.0,-7.199999999999999
2023-02-20,95,95,17.0,5.0,0.17894736842105263,0.05263157894736842,0.8842105263157894,0.049337020872559756,2502706448160.9375,0.014151030545412828,0.02401324101213598,1.0,7.0,4.0,9.333333333333334,12.4,2.0,1.3333333333333333,0.5263157894736842,0.05809089750794008,0.6364078374952231,-0.01119839616008241,0.02397976313737752,1.0,-5.4
2023-02-21,95,95,9.0,2.0,0.09473684210526316,0.021052631578947368,0.21052631578947367,0.04741438733234823,4809395023202.876,-0.004621269168408245,0.023851264004081253,1.0,17.0,7.0,9.333333333333334,12.0,5.0,2.3333333333333335,0.8842105263157894,0.049337020872559756,0.8889468769983242,0.014151030545412828,0.02401324101213598,1.0,5.0
2023-02-22,95,95,7.0,3.0,0.07368421052631578,0.031578947368421054,0.3157894736842105,0.037657346021251904,4623085546905.231,-0.00369347748424855,0.023888257620928655,1.0,9.0,17.0,11.0,10.8,2.0,3.0,0.21052631578947367,0.04741438733234823,1.63144600444095,-0.004621269168408245,0.023851264004081253,1.0,-1.8000000000000007
2023-02-23,95,95,6.0,2.0,0.06315789473684211,0.021052631578947368,0.5157894736842106,0.057860425677465986,3384401003033.662,-0.007014009109654615,0.023916262010864473,1.0,7.0,9.0,11.0,8.8,3.0,3.3333333333333335,0.3157894736842105,0.037657346021251904,1.5212394196827028,-0.00369347748424855,0.023888257620928655,1.0,-1.8000000000000007
2023-02-24,95,95,15.0,7.0,0.15789473684210525,0.07368421052631578,0.42105263157894735,0.07491571118028259,2380429503126.3384,-0.01673262644000981,0.024322193379759226,1.0,6.0,7.0,7.333333333333333,9.2,2.0,2.3333333333333335,0.5157894736842106,0.057860425677465986,1.1099859654839297,-0.007014009109654615,0.023916262010864473,1.0,-3.1999999999999993
2023-02-25,95,95,6.0,2.0,0.06315789473684211,0.021052631578947368,0.2,0.04885727945127389,4419290100093.594,0.00265217828016038,0.023985709827881726,1.0,15.0,6.0,9.333333333333334,10.8,7.0,4.0,0.42105263157894735,0.07491571118028259,0.8025092686526568,-0.01673262644000981,0.024322193379759226,1.0,4.199999999999999
2023-02-26,95,95,3.0,1.0,0.031578947368421054,0.010526315789473684,0.6736842105263158,0.023697653917972565,2517992394583.893,0.010283197398341815,0.024015036941979855,1.0,6.0,15.0,9.0,8.6,2.0,3.6666666666666665,0.2,0.04885727945127389,1.469511668009633,0.00265217828016038,0.023985709827881726,1.0,-2.5999999999999996
2023-02-27,95,95,5.0,1.0,0.05263157894736842,0.010526315789473684,0.2736842105263158,0.02769502925264138,1452448922466.218,-0.0007675824728425279,0.024008431093298574,1.0,3.0,6.0,8.0,7.4,1.0,3.3333333333333335,0.6736842105263158,0.023697653917972565,0.8812506624338671,0.010283197398341815,0.024015036941979855,1.0,-4.4
2023-02-28,95,95,4.0,0.0,0.042105263157894736,0.0,0.18947368421052632,0.026265190592347457,2050465714148.094,-0.007418264883479648,0.02405548731902893,1.0,5.0,3.0,4.666666666666667,7.0,1.0,1.3333333333333333,0.2736842105263158,0.02769502925264138,0.5253756934549727,-0.0007675824728425279,0.024008431093298574,1.0,-2.0
2023-03-01,95,95,5.0,2.0,0.05263157894736842,0.021052631578947368,0.7263157894736842,0.025339894495685963,1417325303387.6953,0.0026396281220723724,0.021992663025895334,1.0,4.0,5.0,4.0,6.6,0.0,0.6666666666666666,0.18947368421052632,0.026265190592347457,0.7516581117391519,-0.007418264883479648,0.02405548731902893,1.0,-2.5999999999999996
2023-03-02,95,95,5.0,2.0,0.05263157894736842,0.021052631578947368,0.12631578947368421,0.03199023886084762,1836056890328.0144,9.643976540475312e-05,0.021952523119214643,1.0,5.0,4.0,4.666666666666667,4.6,2.0,1.0,0.7263157894736842,0.025339894495685963,0.5342218771791594,0.0026396281220723724,0.021992663025895334,1.0,0.40000000000000036
2023-03-03,95,95,2.0,0.0,0.021052631578947368,0.0,0.05263157894736842,0.029350850249357453,2073141292293.1094,-0.04604713618049761,0.024707684867669708,0.0,5.0,5.0,4.666666666666667,4.4,2.0,1.3333333333333333,0.12631578947368421,0.03199023886084762,0.7228149040539834,9.643976540475312e-05,0.021952523119214643,1.0,0.5999999999999996
2023-03-04,95,95,2.0,0.0,0.021052631578947368,0.0,0.25263157894736843,0.02590586574793431,1892866601848.1335,0.004332718753381168,0.024665829611596277,0.0,2.0,5.0,4.0,4.2,0.0,1.3333333333333333,0.05263157894736842,0.029350850249357453,0.8183259838738816,-0.04604713618049761,0.024707684867669708,0.0,-2.2
2023-03-05,95,95,1.0,0.0,0.010526315789473684,0.0,0.3368421052631579,0.012274294730722324,998301568656.3113,0.004814452629466543,0.0246687491507354,0.0,2.0,2.0,3.0,3.6,0.0,0.6666666666666666,0.25263157894736843,0.02590586574793431,0.7378638762273415,0.004332718753381168,0.024665829611596277,0.0,-1.6
2023-03-06,95,95,0.0,0.0,0.0,0.0,0.2631578947368421,0.01828457625871219,877165459300.5488,-0.007129617989908782,0.0245268657712322,0.0,1.0,2.0,1.6666666666666667,3.0,0.0,0.0,0.3368421052631579,0.012274294730722324,0.39156807912895786,0.004814452629466543,0.0246687491507354,0.0,-2.0
2023-03-07,95,95,0.0,0.0,0.0,0.0,0.06315789473684211,0.018793130268194423,909393911504.6716,-0.006402933515115976,0.016286200128028342,0.0,0.0,1.0,1.0,2.0,0.0,0.0,0.2631578947368421,0.01828457625871219,0.35013866619702116,-0.007129617989908782,0.0245268657712322,0.0,-2.0
2023-03-08,96,96,2.0,0.0,0.020833333333333332,0.0,0.041666666666666664,0.027150767727705652,1425272061895.004,-0.01897603099069616,0.015985868839916432,0.0,0.0,0.0,0.3333333333333333,1.0,0.0,0.0,0.06315789473684211,0.018793130268194423,0.3688849196628316,-0.006402933515115976,0.016286200128028342,0.0,-1.0
2023-03-09,96,96,2.0,0.0,0.020833333333333332,0.0,0.041666666666666664,0.026178823041237385,1367197686267.9617,-0.05012792933604657,0.016355400005893393,0.0,2.0,0.0,0.6666666666666666,1.0,0.0,0.0,0.041666666666666664,0.027150767727705652,0.5950598087334127,-0.01897603099069616,0.015985868839916432,0.0,1.0
2023-03-10,96,96,3.0,0.0,0.03125,0.0,0.6458333333333334,0.018017093466270288,1589546507517.538,-0.009500135148066191,0.016136846201692718,0.0,2.0,2.0,1.3333333333333333,1.0,0.0,0.0,0.041666666666666664,0.026178823041237385,0.6039319359271481,-0.05012792933604657,0.016355400005893393,0.0,1.0
2023-03-11,96,96,5.0,0.0,0.052083333333333336,0.0,0.25,0.019238470017457595,1790240193239.0938,0.014306707348050427,0.016825059428541712,0.0,3.0,2.0,2.3333333333333335,1.4,0.0,0.0,0.6458333333333334,0.018017093466270288,0.7171555179604693,-0.009500135148066191,0.016136846201692718,0.0,1.6
2023-03-12,96,96,7.0,1.0,0.07291666666666667,0.010416666666666666,0.9895833333333334,0.022869735567055655,1290291345693.3801,0.05136720015412668,0.020791487374700258,0.0,5.0,3.0,3.3333333333333335,2.4,0.0,0.0,0.25,0.019238470017457595,0.8079298770827029,0.014306707348050427,0.016825059428541712,0.0,2.6
2023-03-13,96,96,12.0,1.0,0.125,0.010416666666666666,0.9791666666666666,0.02838506822480718,1260255772243.489,0.08142483423569975,0.02829223470411956,1.0,7.0,5.0,5.0,3.8,1.0,0.3333333333333333,0.9895833333333334,0.022869735567055655,0.5986832567847945,0.05136720015412668,0.020791487374700258,0.0,3.2
2023-03-14,96,96,17.0,4.0,0.17708333333333334,0.041666666666666664,0.9791666666666666,0.033458712296962394,2917672578861.1157,0.025373053332842933,0.02883890624744907,1.0,12.0,7.0,8.0,5.8,1.0,0.6666666666666666,0.9791666666666666,0.02838506822480718,0.6372142215649887,0.08142483423569975,0.02829223470411956,1.0,6.2
2023-03-15,96,96,4.0,2.0,0.041666666666666664,0.020833333333333332,0.052083333333333336,0.032806554191276635,4092850777951.9414,0.0006461439279589672,0.028772647124305707,1.0,17.0,12.0,12.0,8.8,4.0,2.0,0.9791666666666666,0.033458712296962394,1.5417128028806422,0.025373053332842933,0.02883890624744907,1.0,8.2
2023-03-16,96,96,2.0,1.0,0.020833333333333332,0.010416666666666666,0.9479166666666666,0.02378341416102786,3029031100680.448,0.025029402461055415,0.028876553030523833,1.0,4.0,17.0,11.0,9.0,2.0,2.3333333333333335,0.052083333333333336,0.032806554191276635,2.122946761634768,0.0006461439279589672,0.028772647124305707,1.0,-5.0
2023-03-17,96,96,12.0,4.0,0.125,0.041666666666666664,1.0,0.03992788372607793,1668680642422.578,0.08264457423384719,0.033821272541947923,1.0,2.0,4.0,7.666666666666667,8.4,1.0,2.3333333333333335,0.9479166666666666,0.02378341416102786,1.5451557500222504,0.025029402461055415,0.028876553030523833,1.0,-6.4
2023-03-18,96,96,4.0,1.0,0.041666666666666664,0.010416666666666666,0.0625,0.029813724453154507,3120723887952.6953,-0.012226789714263175,0.034108640149291325,1.0,12.0,2.0,6.0,9.4,4.0,2.3333333333333335,1.0,0.03992788372607793,0.9154441726308951,0.08264457423384719,0.033821272541947923,1.0,2.5999999999999996
2023-03-19,96,96,9.0,1.0,0.09375,0.010416666666666666,0.8958333333333334,0.031273413549805104,3797907032438.1816,0.04016978422588638,0.03485679973919373,1.0,4.0,12.0,6.0,7.8,1.0,2.0,0.0625,0.029813724453154507,1.6841954357338949,-0.012226789714263175,0.034108640149291325,1.0,-3.8
2023-03-20,96,96,6.0,2.0,0.0625,0.020833333333333332,0.11458333333333333,0.030060932399791185,3368957181860.723,0.0016638045916327947,0.0346938458264805,1.0,9.0,4.0,8.333333333333334,6.2,1.0,2.0,0.8958333333333334,0.031273413549805104,1.9276569876073617,0.04016978422588638,0.03485679973919373,1.0,2.8
2023-03-21,96,96,6.0,1.0,0.0625,0.010416666666666666,0.4479166666666667,0.037340116326229404,3160076341079.7935,-0.0019861512782823536,0.034755281951916545,1.0,6.0,9.0,6.333333333333333,6.6,2.0,1.3333333333333333,0.11458333333333333,0.030060932399791185,1.6545771635831164,0.0016638045916327947,0.0346938458264805,1.0,-0.5999999999999996
2023-03-22,96,96,4.0,0.0,0.041666666666666664,0.0,0.041666666666666664,0.024234390855385333,3629385387295.068,-0.023073870265177716,0.03544607243326481,1.0,6.0,6.0,7.0,7.4,1.0,1.3333333333333333,0.4479166666666667,0.037340116326229404,1.488298385232954,-0.0019861512782823536,0.034755281951916545,1.0,-1.4000000000000004
2023-03-23,96,96,3.0,1.0,0.03125,0.010416666666666666,0.9791666666666666,0.02428721797093273,2940705753577.705,0.024496784794806943,0.03324579298678179,1.0,4.0,6.0,5.333333333333333,5.8,0.0,1.0,0.041666666666666664,0.024234390855385333,1.6400681833292157,-0.023073870265177716,0.03544607243326481,1.0,-1.7999999999999998
2023-03-24,96,96,0.0,0.0,0.0,0.0,0.10416666666666667,0.017051958347915893,2238437882720.294,-0.014185018254204205,0.03370595504032085,1.0,3.0,4.0,4.333333333333333,5.6,1.0,0.6666666666666666,0.9791666666666666,0.02428721797093273,1.303315937848491,0.024496784794806943,0.03324579298678179,1.0,-2.5999999999999996
2023-03-25,96,96,2.0,0.0,0.020833333333333332,0.0,0.21875,0.021963043610481948,1873546377496.5835,2.721125457657677e-05,0.0337647779497663,1.0,0.0,3.0,2.3333333333333335,3.8,0.0,0.3333333333333333,0.10416666666666667,0.017051958347915893,0.9845325919433469,-0.014185018254204205,0.03370595504032085,1.0,-3.8
2023-03-26,96,96,4.0,0.0,0.041666666666666664,0.0,0.7083333333333334,0.016900879607309505,1489042582929.78,0.011094688286792071,0.033518148550040455,1.0,2.0,0.0,1.6666666666666667,3.0,0.0,0.3333333333333333,0.21875,0.021963043610481948,0.8084806865355105,2.721125457657677e-05,0.0337647779497663,1.0,-1.0
2023-03-27,96,96,1.0,0.0,0.010416666666666666,0.0,0.052083333333333336,0.022064642654320798,1471258970584.1733,-0.02866307865627138,0.03448516921783904,1.0,4.0,2.0,2.0,2.6,0.0,0.0,0.7083333333333334,0.016900879607309505,0.6341854661545423,0.011094688286792071,0.033518148550040455,1.0,1.4
2023-03-28,96,96,3.0,0.0,0.03125,0.0,0.8229166666666666,0.018596663443167367,2210267665092.887,-0.0023289352879996626,0.0339462971627695,1.0,1.0,4.0,2.3333333333333335,2.0,0.0,0.0,0.052083333333333336,0.022064642654320798,0.6192026648303528,-0.02866307865627138,0.03448516921783904,1.0,-1.0
2023-03-29,96,96,10.0,2.0,0.10416666666666667,0.020833333333333332,0.9895833333333334,0.027341496077981312,2058476816430.9014,0.03745654202958088,0.03121078058055307,1.0,3.0,1.0,2.6666666666666665,2.0,0.0,0.0,0.8229166666666666,0.018596663443167367,0.9151095942001305,-0.0023289352879996626,0.0339462971627695,1.0,1.0
2023-03-30,96,96,6.0,1.0,0.0625,0.010416666666666666,0.23958333333333334,0.03447437818691684,3251116457781.0913,-0.0065452633141708195,0.031094545712038346,1.0,10.0,3.0,4.666666666666667,4.0,2.0,0.6666666666666666,0.9895833333333334,0.027341496077981312,0.8402399782251319,0.03745654202958088,0.03121078058055307,1.0,6.0
2023-03-31,97,97,8.0,3.0,0.08247422680412371,0.030927835051546393,0.8969072164948454,0.02989414988404575,3629443403532.0757,0.010254852441586035,0.031114788268569536,1.0,6.0,10.0,6.333333333333333,4.8,1.0,1.0,0.23958333333333334,0.03447437818691684,1.2835315687935687,-0.0065452633141708195,0.031094545712038346,1.0,1.2000000000000002
2023-04-01,97,97,8.0,3.0,0.08247422680412371,0.030927835051546393,0.7731958762886598,0.03413223423459458,2816884798671.0205,0.0011980034710693574,0.03004364271778365,1.0,8.0,6.0,8.0,5.6,3.0,2.0,0.8969072164948454,0.02989414988404575,1.3826944101292646,0.010254852441586035,0.031114788268569536,1.0,2.4000000000000004
2023-04-02,97,97,9.0,0.0,0.09278350515463918,0.0,0.08247422680412371,0.028629008710355452,2870772354927.988,-0.007584898687560103,0.025575906775539323,1.0,8.0,8.0,7.333333333333333,7.0,3.0,2.3333333333333335,0.7731958762886598,0.03413223423459458,1.0428132621766952,0.0011980034710693574,0.03004364271778365,1.0,1.0
2023-04-03,97,97,5.0,2.0,0.05154639175257732,0.020618556701030927,0.3711340206185567,0.03679109862139587,2286901698724.739,-0.013141928331341798,0.025662516714801725,1.0,9.0,8.0,8.333333333333334,8.2,0.0,2.0,0.08247422680412371,0.028629008710355452,1.031997869847443,-0.007584898687560103,0.025575906775539323,1.0,0.8000000000000007
2023-04-04,97,97,8.0,2.0,0.08247422680412371,0.020618556701030927,0.9072164948453608,0.031450823884149735,2670034306019.783,0.01056495323869414,0.02564441121094848,1.0,5.0,9.0,7.333333333333333,7.2,2.0,1.6666666666666667,0.3711340206185567,0.03679109862139587,0.831533080387357,-0.013141928331341798,0.025662516714801725,1.0,-2.2
2023-04-05,97,97,12.0,3.0,0.12371134020618557,0.030927835051546393,0.8144329896907216,0.06681733296712171,3020366045970.483,-0.0017755304352414807,0.02533703430045275,1.0,8.0,5.0,7.333333333333333,7.6,2.0,1.3333333333333333,0.9072164948453608,0.031450823884149735,0.99662264003341,0.01056495323869414,0.02564441121094848,1.0,0.40000000000000036
2023-04-06,97,97,11.0,5.0,0.1134020618556701,0.05154639175257732,0.36082474226804123,0.04245705163683042,3920538050584.8633,-0.002183377553760262,0.017664775902819067,1.0,12.0,8.0,8.333333333333334,8.4,3.0,2.3333333333333335,0.8144329896907216,0.06681733296712171,1.1275705517800123,-0.0017755304352414807,0.02533703430045275,1.0,3.5999999999999996
2023-04-07,97,97,7.0,2.0,0.07216494845360824,0.020618556701030927,0.23711340206185566,0.029209505358531326,4934365983248.999,-0.00175554730371977,0.01740027298228035,0.0,11.0,12.0,10.333333333333334,9.0,5.0,3.3333333333333335,0.36082474226804123,0.04245705163683042,1.4045854283509216,-0.002183377553760262,0.017664775902819067,1.0,2.0
2023-04-08,97,97,5.0,2.0,0.05154639175257732,0.020618556701030927,0.4536082474226804,0.033955807060155975,2564530554368.2056,0.0023490351411512606,0.014868677445592155,1.0,7.0,11.0,10.0,8.6,2.0,3.3333333333333335,0.23711340206185566,0.029209505358531326,1.7121775409126054,-0.00175554730371977,0.01740027298228035,0.0,-1.5999999999999996
2023-04-09,97,97,4.0,1.0,0.041237113402061855,0.010309278350515464,0.25773195876288657,0.026798561767234,1912132276019.475,0.006264050700391036,0.014934559069346213,1.0,5.0,7.0,7.666666666666667,8.6,2.0,3.0,0.4536082474226804,0.033955807060155975,0.9093256328848979,0.0023490351411512606,0.014868677445592155,1.0,-3.5999999999999996
2023-04-10,97,97,3.0,1.0,0.030927835051546393,0.010309278350515464,0.7938144329896907,0.020186318900862855,1524609381728.3591,0.04383516536351767,0.017841651933539784,1.0,4.0,5.0,5.333333333333333,7.8,1.0,1.6666666666666667,0.25773195876288657,0.026798561767234,0.6959752505514336,0.006264050700391036,0.014934559069346213,1.0,-3.8
2023-04-11,97,97,4.0,1.0,0.041237113402061855,0.010309278350515464,0.5670103092783505,0.018877137378198492,1863544084895.9453,0.025802492352706284,0.01752557558380907,1.0,3.0,4.0,4.0,6.0,1.0,1.3333333333333333,0.7938144329896907,0.020186318900862855,0.5719485387325761,0.04383516536351767,0.017841651933539784,1.0,-3.0
2023-04-12,97,97,3.0,0.0,0.030927835051546393,0.0,0.15463917525773196,0.02564208227501591,2021170505826.8755,-0.007653450655247596,0.017088897194324833,1.0,4.0,3.0,3.6666666666666665,4.6,1.0,1.0,0.5670103092783505,0.018877137378198492,0.7230469174174088,0.025802492352706284,0.01752557558380907,1.0,-0.5999999999999996
2023-04-13,97,97,1.0,0.0,0.010309278350515464,0.0,0.845360824742268,0.022602917517436878,2341359565735.3975,0.00532597666456257,0.01659695175440478,1.0,3.0,4.0,3.3333333333333335,3.8,0.0,0.6666666666666666,0.15463917525773196,0.02564208227501591,0.7984486270449459,-0.007653450655247596,0.017088897194324833,1.0,-0.7999999999999998
2023-04-14,97,97,2.0,2.0,0.020618556701030927,0.020618556701030927,0.8247422680412371,0.032644665347024863,1625555830899.0295,-0.002684565370668987,0.016643220640006628,1.0,1.0,3.0,2.6666666666666665,3.0,0.0,0.3333333333333333,0.845360824742268,0.022602917517436878,0.9230604627845825,0.00532597666456257,0.01659695175440478,1.0,-2.0
2023-04-15,97,97,1.0,0.0,0.010309278350515464,0.0,0.5154639175257731,0.013334304107792721,2934915998181.7686,-0.00010049746252366377,0.016579887481274383,1.0,2.0,1.0,2.0,2.6,2.0,0.6666666666666666,0.8247422680412371,0.032644665347024863,0.64400929985835,-0.002684565370668987,0.016643220640006628,1.0,-0.6000000000000001
2023-04-16,97,97,2.0,1.0,0.020618556701030927,0.010309278350515464,0.6597938144329897,0.01886005958294715,1531235149650.4895,-0.004861041974754371,0.014926713280554697,1.0,1.0,2.0,1.3333333333333333,2.2,0.0,0.6666666666666666,0.5154639175257731,0.013334304107792721,1.1303736578639598,-0.00010049746252366377,0.016579887481274383,1.0,-1.2000000000000002
2023-04-17,97,97,2.0,0.0,0.020618556701030927,0.0,0.10309278350515463,0.02344470241060529,1588609092081.6196,-0.023166270279901587,0.016117142056276852,1.0,2.0,1.0,1.6666666666666667,1.8,1.0,1.0,0.6597938144329897,0.01886005958294715,0.5890700325224012,-0.004861041974754371,0.014926713280554697,1.0,0.19999999999999996
2023-04-18,97,97,3.0,0.0,0.030927835051546393,0.0,0.8865979381443299,0.014885712207164175,2036550844194.375,0.02374680716660743,0.014841555247054517,1.0,2.0,2.0,1.6666666666666667,1.6,0.0,0.3333333333333333,0.10309278350515463,0.02344470241060529,0.6185382160067221,-0.023166270279901587,0.016117142056276852,1.0,0.3999999999999999
2023-04-19,97,97,1.0,0.0,0.010309278350515464,0.0,0.010309278350515464,0.01897202050690761,1993773352296.7017,-0.03413651101574334,0.016904193536997174,0.0,3.0,2.0,2.3333333333333335,2.0,0.0,0.3333333333333333,0.8865979381443299,0.014885712207164175,0.7932866946417716,0.02374680716660743,0.014841555247054517,1.0,1.0
2023-04-20,97,97,4.0,2.0,0.041237113402061855,0.020618556701030927,0.3917525773195876,0.06682497886054542,2337810547083.164,-0.01653278324534683,0.01723328465089354,0.0,1.0,3.0,2.0,1.8,0.0,0.0,0.010309278350515464,0.01897202050690761,0.7961194234426798,-0.03413651101574334,0.016904193536997174,0.0,-0.8
2023-04-21,97,97,6.0,1.0,0.061855670103092786,0.010309278350515464,0.12371134020618557,0.038548066788297135,2843417804778.5737,-0.03608060704084823,0.019038342539693165,0.0,4.0,1.0,2.6666666666666665,2.4,2.0,0.6666666666666666,0.3917525773195876,0.06682497886054542,0.9582042857531708,-0.01653278324534683,0.01723328465089354,0.0,1.6
2023-04-22,97,97,5.0,0.0,0.05154639175257732,0.0,0.8969072164948454,0.020532051386574494,2655200478313.403,0.022988267307620058,0.019753941847398024,0.0,6.0,4.0,3.6666666666666665,3.2,1.0,1.0,0.12371134020618557,0.038548066788297135,1.1648054317827752,-0.03608060704084823,0.019038342539693165,0.0,2.8
2023-04-23,97,97,3.0,0.0,0.030927835051546393,0.0,0.09278350515463918,0.019130309073763653,1713170586805.7751,-0.010272581683842846,0.019664912660167077,0.0,5.0,6.0,5.0,3.8,0.0,1.0,0.8969072164948454,0.020532051386574494,1.0925262417381503,0.022988267307620058,0.019753941847398024,0.0,1.2000000000000002
2023-04-24,97,97,2.0,0.0,0.020618556701030927,0.0,0.13402061855670103,0.01956255974237548,1088520015644.0249,-0.0014139658653368804,0.019507465256669236,0.0,3.0,5.0,4.666666666666667,3.8,0.0,0.3333333333333333,0.09278350515463918,0.019130309073763653,0.7133322900868249,-0.010272581683842846,0.019664912660167077,0.0,-0.7999999999999998
2023-04-25,97,97,2.0,1.0,0.020618556701030927,0.010309278350515464,0.8969072164948454,0.03773312210497895,1346110581524.879,0.030205842057065793,0.020682735824290067,0.0,2.0,3.0,3.3333333333333335,4.0,0.0,0.0,0.13402061855670103,0.01956255974237548,0.4686707287933322,-0.0014139658653368804,0.019507465256669236,0.0,-2.0
2023-04-26,97,97,2.0,1.0,0.020618556701030927,0.010309278350515464,0.1134020618556701,0.01994973439847656,1734188164593.02,0.0036893603921099,0.020677091310743124,0.0,2.0,2.0,2.3333333333333335,3.6,1.0,0.3333333333333333,0.8969072164948454,0.03773312210497895,0.6012492813143429,0.030205842057065793,0.020682735824290067,0.0,-1.6
2023-04-27,97,97,4.0,0.0,0.041237113402061855,0.0,0.8556701030927835,0.012813861218820497,2381249103664.6416,0.032121817007635195,0.02177406897582188,1.0,2.0,2.0,2.0,2.8,1.0,0.6666666666666666,0.1134020618556701,0.01994973439847656,0.8143492743173105,0.0036893603921099,0.020677091310743124,0.0,-0.7999999999999998
2023-04-28,98,98,3.0,1.0,0.030612244897959183,0.01020408163265306,0.35714285714285715,0.023615520470191748,1540663943083.669,-0.0044676552783961465,0.02183758151490166,1.0,4.0,2.0,2.6666666666666665,2.6,0.0,0.6666666666666666,0.8556701030927835,0.012813861218820497,1.189504813905739,0.032121817007635195,0.02177406897582188,1.0,1.4
2023-04-29,98,98,1.0,0.0,0.01020408163265306,0.0,0.7142857142857143,0.015935534898803297,1321015699214.0261,-0.00302378254173635,0.0218549937084311,1.0,3.0,4.0,3.0,2.6,1.0,0.6666666666666666,0.35714285714285715,0.023615520470191748,0.7898048610149625,-0.0044676552783961465,0.02183758151490166,1.0,0.3999999999999999
2023-04-30,98,98,1.0,0.0,0.01020408163265306,0.0,0.09183673469387756,0.01384896738395571,802156011633.751,0.004711072030901827,0.0195593636917908,1.0,1.0,3.0,2.6666666666666665,2.4,0.0,0.3333333333333333,0.7142857142857143,0.015935534898803297,0.6876230486372006,-0.00302378254173635,0.0218549937084311,1.0,-1.4
2023-05-01,98,98,1.0,0.0,0.01020408163265306,0.0,0.04081632653061224,0.015089612606228946,812754035194.3616,-0.03588621899174176,0.020165733236577086,0.0,1.0,1.0,1.6666666666666667,2.2,0.0,0.3333333333333333,0.09183673469387756,0.01384896738395571,0.42554450228856683,0.004711072030901827,0.0195593636917908,1.0,-1.2000000000000002
2023-05-02,98,98,3.0,0.0,0.030612244897959183,0.0,0.6020408163265306,0.015194564141776315,1029687342618.8463,0.016698999115960848,0.02059268197949379,0.0,1.0,1.0,1.0,2.0,0.0,0.0,0.04081632653061224,0.015089612606228946,0.44352891427787017,-0.03588621899174176,0.020165733236577086,0.0,-1.0
2023-05-03,98,98,3.0,1.0,0.030612244897959183,0.01020408163265306,0.5408163265306123,0.04615126403875251,805906033156.5326,0.007729456960464044,0.020642529994806088,1.0,3.0,1.0,1.6666666666666667,1.8,0.0,0.0,0.6020408163265306,0.015194564141776315,0.5775360118174095,0.016698999115960848,0.02059268197949379,0.0,1.2
2023-05-04,98,98,5.0,1.0,0.05102040816326531,0.01020408163265306,0.2755102040816326,0.023724416327378598,1348021385595.181,-0.003183108933526207,0.020644289951608216,1.0,3.0,3.0,2.3333333333333335,1.8,1.0,0.3333333333333333,0.5408163265306123,0.04615126403875251,0.47236061532472695,0.007729456960464044,0.020642529994806088,1.0,1.2
2023-05-05,99,99,2.0,1.0,0.020202020202020204,0.010101010101010102,0.7474747474747475,0.026962596169645317,1527163336380.4937,0.01218569044112155,0.020871606021685283,1.0,5.0,3.0,3.6666666666666665,2.6,1.0,0.6666666666666666,0.2755102040816326,0.023724416327378598,0.7965862794158914,-0.003183108933526207,0.020644289951608216,1.0,2.4
2023-05-06,99,99,4.0,1.0,0.04040404040404041,0.010101010101010102,0.10101010101010101,0.02407595313920451,1202431018163.7441,-0.00967458980375599,0.02094672934519926,1.0,2.0,5.0,3.3333333333333335,2.8,1.0,1.0,0.7474747474747475,0.026962596169645317,0.9416122052735123,0.01218569044112155,0.020871606021685283,1.0,-0.7999999999999998
2023-05-07,99,99,2.0,1.0,0.020202020202020204,0.010101010101010102,0.13131313131313133,0.02842201241344031,1574560415030.8987,-0.013902853458673972,0.020533512056913502,0.0,4.0,2.0,3.6666666666666665,3.4,1.0,1.0,0.10101010101010101,0.02407595313920451,0.7489822236743103,-0.00967458980375599,0.02094672934519926,1.0,0.6000000000000001
2023-05-08,99,99,3.0,1.0,0.030303030303030304,0.010101010101010102,0.04040404040404041,0.047521332386859384,1076094123183.2648,-0.023556090650583818,0.02028922573133157,0.0,2.0,4.0,2.6666666666666665,3.2,1.0,1.0,0.13131313131313133,0.02842201241344031,0.9812072098292537,-0.013902853458673972,0.020533512056913502,0.0,-1.2000000000000002
2023-05-09,99,99,6.0,2.0,0.06060606060606061,0.020202020202020204,0.6767676767676768,0.03994714522161415,1723996642842.935,-0.0028223928419227017,0.018930007873605652,0.0,3.0,2.0,3.0,3.2,1.0,1.0,0.04040404040404041,0.047521332386859384,0.6912685730510156,-0.023556090650583818,0.02028922573133157,0.0,-0.20000000000000018
2023-05-10,99,99,5.0,2.0,0.050505050505050504,0.020202020202020204,0.7171717171717171,0.02795926434300376,1637713305464.3762,-0.002128778373605071,0.01860007923136019,0.0,6.0,3.0,3.6666666666666665,3.4,2.0,1.3333333333333333,0.6767676767676768,0.03994714522161415,1.117152729718378,-0.0028223928419227017,0.018930007873605652,0.0,2.6
2023-05-11,99,99,5.0,0.0,0.050505050505050504,0.0,0.050505050505050504,0.02039244857311977,1974183147531.505,-0.01796406599782895,0.01717850285982046,0.0,5.0,6.0,4.666666666666667,4.0,2.0,1.6666666666666667,0.7171717171717171,0.02795926434300376,1.0858720449095425,-0.002128778373605071,0.01860007923136019,0.0,1.0
2023-05-12,99,99,1.0,0.0,0.010101010101010102,0.0,0.6565656565656566,0.017426672904437383,1228358233460.9224,-0.0019243463162927734,0.016313051414862428,0.0,5.0,5.0,5.333333333333333,4.2,0.0,1.3333333333333333,0.050505050505050504,0.02039244857311977,1.34780516233276,-0.01796406599782895,0.01717850285982046,0.0,0.7999999999999998
2023-05-13,99,99,1.0,0.0,0.010101010101010102,0.0,0.29292929292929293,0.010870463903510893,1338597593563.915,0.000907653228784895,0.01617474258645636,0.0,1.0,5.0,3.6666666666666665,4.0,0.0,0.6666666666666666,0.6565656565656566,0.017426672904437383,0.8815564377755402,-0.0019243463162927734,0.016313051414862428,0.0,-3.0
2023-05-14,99,99,1.0,0.0,0.010101010101010102,0.0,0.5050505050505051,0.016614323546251253,572944038841.6139,0.0011265439650522003,0.016177864388099258,0.0,1.0,1.0,2.3333333333333335,3.6,0.0,0.0,0.29292929292929293,0.010870463903510893,0.9737602826857898,0.000907653228784895,0.01617474258645636,0.0,-2.6
2023-05-15,99,99,2.0,0.0,0.020202020202020204,0.0,0.5757575757575758,0.019041677536999202,611599109500.8075,0.005941397684915927,0.014589094227759416,0.0,1.0,1.0,1.0,2.6,0.0,0.0,0.5050505050505051,0.016614323546251253,0.424752324489727,0.0011265439650522003,0.016177864388099258,0.0,-1.6
2023-05-16,99,99,2.0,1.0,0.020202020202020204,0.010101010101010102,0.45454545454545453,0.02329867702509271,921810428166.7708,-0.005776643991314587,0.014559555612675681,0.0,2.0,1.0,1.3333333333333333,2.0,0.0,0.0,0.5757575757575758,0.019041677536999202,0.4660995477547878,0.005941397684915927,0.014589094227759416,0.0,0.0
2023-05-17,99,99,1.0,1.0,0.010101010101010102,0.010101010101010102,0.8686868686868687,0.01599528608602881,888206313431.6831,0.007631223697044852,0.012394889691084083,0.0,2.0,2.0,1.6666666666666667,1.4,1.0,0.3333333333333333,0.45454545454545453,0.02329867702509271,0.7249529107309001,-0.005776643991314587,0.014559555612675681,0.0,0.6000000000000001
2023-05-18,99,99,3.0,0.0,0.030303030303030304,0.0,0.15151515151515152,0.02104498229578717,1286255663793.3723,-0.012613273885745969,0.012565545519188833,0.0,1.0,2.0,1.6666666666666667,1.4,1.0,0.6666666666666666,0.8686868686868687,0.01599528608602881,0.7420932643367695,0.007631223697044852,0.012394889691084083,0.0,-0.3999999999999999
2023-05-19,99,99,3.0,0.0,0.030303030303030304,0.0,0.42424242424242425,0.014493474819797264,1127700503381.562,-0.0023205712386140656,0.012568745185233396,0.0,3.0,1.0,2.0,1.8,0.0,0.6666666666666666,0.15151515151515152,0.02104498229578717,1.0862061509153909,-0.012613273885745969,0.012565545519188833,0.0,1.2
2023-05-20,99,99,2.0,0.0,0.020202020202020204,0.0,0.3434343434343434,0.01212242775827587,871137529801.5499,0.00631369186288527,0.012630424392239601,0.0,3.0,3.0,2.3333333333333335,2.2,0.0,0.3333333333333333,0.42424242424242425,0.014493474819797264,0.9601480167477678,-0.0023205712386140656,0.012568745185233396,0.0,0.7999999999999998
2023-05-21,99,99,0.0,0.0,0.0,0.0,0.050505050505050504,0.013565157822160485,507028246505.4551,-0.009221999201777359,0.010228780694946146,0.0,2.0,3.0,2.6666666666666665,2.2,0.0,0.0,0.3434343434343434,0.01212242775827587,0.7395331595062439,0.00631369186288527,0.012630424392239601,0.0,-0.20000000000000018
2023-05-22,99,99,1.0,0.0,0.010101010101010102,0.0,0.3333333333333333,0.01806200330402164,557960299236.6022,-0.0028889711473464768,0.00919681392086301,0.0,0.0,2.0,1.6666666666666667,1.8,0.0,0.0,0.050505050505050504,0.013565157822160485,0.4360896629167843,-0.009221999201777359,0.010228780694946146,0.0,-1.8
2023-05-23,99,99,2.0,0.0,0.020202020202020204,0.0,0.5858585858585859,0.03156099283269452,783550441440.7722,0.012001028892838559,0.009510844934198015,0.0,1.0,0.0,1.0,1.8,0.0,0.0,0.3333333333333333,0.01806200330402164,0.48983271526825406,-0.0028889711473464768,0.00919681392086301,0.0,-0.8
2023-05-24,99,99,2.0,0.0,0.020202020202020204,0.0,0.050505050505050504,0.019472844616384037,915963493733.6932,-0.025866991466612973,0.010788790915197095,0.0,2.0,1.0,1.0,1.6,0.0,0.0,0.5858585858585859,0.03156099283269452,0.6885537218137996,0.012001028892838559,0.009510844934198015,0.0,0.3999999999999999
2023-05-25,99,99,2.0,0.0,0.020202020202020204,0.0,0.24242424242424243,0.01946861565145353,1043659515869.6125,0.002676095626561045,0.01022201763334646,0.0,2.0,2.0,1.6666666666666667,1.4,0.0,0.0,0.050505050505050504,0.019472844616384037,0.8204891640636598,-0.025866991466612973,0.010788790915197095,0.0,0.6000000000000001
2023-05-26,99,99,0.0,0.0,0.0,0.0,0.5959595959595959,0.017552494151074592,785856511923.2996,0.006281744765475955,0.010434071727466016,0.0,2.0,2.0,2.0,1.4,0.0,0.0,0.24242424242424243,0.01946861565145353,0.9555680804460756,0.002676095626561045,0.01022201763334646,0.0,0.6000000000000001
2023-05-27,99,99,0.0,0.0,0.0,0.0,0.7373737373737373,0.0183475953534304,567839677266.661,0.0014805505882105642,0.010223176760445067,0.0,0.0,2.0,1.3333333333333333,1.4,0.0,0.0,0.5959595959595959,0.017552494151074592,0.7335138593918912,0.006281744765475955,0.010434071727466016,0.0,-1.4
2023-05-28,99,99,2.0,0.0,0.020202020202020204,0.0,0.9797979797979798,0.015345292018515552,401689221098.1219,0.0417148517224272,0.01331280527284463,1.0,0.0,0.0,0.6666666666666666,1.2,0.0,0.0,0.7373737373737373,0.0183475953534304,0.556147923541819,0.0014805505882105642,0.010223176760445067,0.0,-1.2
2023-05-29,99,99,1.0,0.0,0.010101010101010102,0.0,0.12121212121212122,0.012341580727641481,794504132207.5717,-0.009631238528914033,0.013478239336858338,1.0,2.0,0.0,0.6666666666666666,1.2,0.0,0.0,0.9797979797979798,0.015345292018515552,0.4068552675492225,0.0417148517224272,0.01331280527284463,1.0,0.8
2023-05-30,99,99,1.0,0.0,0.010101010101010102,0.0,0.24242424242424243,0.012865012051859505,939963443690.1492,-0.0021107901648127875,0.013478105374310453,1.0,1.0,2.0,1.0,1.0,0.0,0.0,0.12121212121212122,0.012341580727641481,0.8444734231193066,-0.009631238528914033,0.013478239336858338,1.0,0.0
2023-05-31,99,99,1.0,0.0,0.010101010101010102,0.0,0.0707070707070707,0.01747594085754778,915356601954.089,-0.01426939156165722,0.01324529819851168,1.0,1.0,1.0,1.3333333333333333,0.8,0.0,0.0,0.24242424242424243,0.012865012051859505,1.0375555249807784,-0.0021107901648127875,0.013478105374310453,1.0,0.19999999999999996
2023-06-01,99,99,0.0,0.0,0.0,0.0,0.1414141414141414,0.020250312883925228,851204542363.5121,-0.01573134610408506,0.013701330009944439,0.0,1.0,1.0,1.0,1.0,0.0,0.0,0.0707070707070707,0.01747594085754778,1.0731038938610946,-0.01426939156165722,0.01324529819851168,1.0,0.0
2023-06-02,100,100,1.0,0.0,0.01,0.0,0.91,0.015015861889196205,655748702114.0706,0.00739796454494057,0.013818218424625878,0.0,0.0,1.0,0.6666666666666666,1.0,0.0,0.0,0.1414141414141414,0.020250312883925228,1.0204559774673487,-0.01573134610408506,0.013701330009944439,0.0,-1.0
2023-06-03,100,100,3.0,1.0,0.03,0.01,0.49,0.018588279212402022,644763058544.2631,-0.005585131986445465,0.013860798239699242,0.0,1.0,0.0,0.6666666666666666,0.8,0.0,0.0,0.91,0.015015861889196205,0.8196869833838852,0.00739796454494057,0.013818218424625878,0.0,0.19999999999999996
2023-06-04,100,100,1.0,0.0,0.01,0.0,0.44,0.02029016525019991,584098931131.6884,-0.0006410881994547708,0.013771942003481986,0.0,3.0,1.0,1.3333333333333333,1.2,1.0,0.3333333333333333,0.49,0.018588279212402022,0.8023533909145463,-0.005585131986445465,0.013860798239699242,0.0,1.8
2023-06-05,100,100,2.0,1.0,0.02,0.01,0.02,0.0404008252877459,553869762520.9048,-0.04467484614444238,0.016871293577699027,0.0,1.0,3.0,1.6666666666666667,1.2,0.0,0.3333333333333333,0.44,0.02029016525019991,0.7281078401274612,-0.0006410881994547708,0.013771942003481986,0.0,-0.19999999999999996
2023-06-06,100,100,5.0,0.0,0.05,0.0,0.86,0.017050062795672265,1829983653339.3928,0.04431231006115994,0.01982361907844279,0.0,2.0,1.0,2.0,1.4,1.0,0.6666666666666666,0.02,0.0404008252877459,0.7066307266871589,-0.04467484614444238,0.016871293577699027,0.0,0.6000000000000001
2023-06-07,100,100,7.0,2.0,0.07,0.02,0.08,0.034317855896812535,1453127077468.4849,-0.0254236618459805,0.02041111260432034,0.0,5.0,2.0,2.6666666666666665,2.4,0.0,0.3333333333333333,0.86,0.017050062795672265,2.202393675290792,0.04431231006115994,0.01982361907844279,0.0,2.6
2023-06-08,100,100,3.0,0.0,0.03,0.0,0.41,0.01937452904558334,1948845135090.3906,0.0012580775948833481,0.020422078542910775,0.0,7.0,5.0,4.666666666666667,3.6,2.0,1.0,0.08,0.034317855896812535,1.731458581691957,-0.0254236618459805,0.02041111260432034,0.0,3.4
2023-06-09,100,100,3.0,1.0,0.03,0.01,0.26,0.034526862039649525,916515272793.113,-0.0037503085710440397,0.020339855368525027,0.0,3.0,7.0,5.0,3.6,0.0,0.6666666666666666,0.41,0.01937452904558334,2.213823167021806,0.0012580775948833481,0.020422078542910775,0.0,-0.6000000000000001
2023-06-10,100,100,0.0,0.0,0.0,0.0,0.01,0.04386591063223657,1005055451567.5908,-0.014241181221997417,0.020462510713731258,0.0,3.0,3.0,4.333333333333333,4.0,1.0,1.0,0.26,0.034526862039649525,1.0384543336036633,-0.0037503085710440397,0.020339855368525027,0.0,-1.0
2023-06-11,100,100,6.0,0.0,0.06,0.0,0.51,0.01931480521818876,2175309381069.2068,-0.0007858317851316828,0.020465186263552017,0.0,0.0,3.0,2.0,3.6,0.0,0.3333333333333333,0.01,0.04386591063223657,1.1075262789652,-0.014241181221997417,0.020462510713731258,0.0,-3.6
2023-06-12,100,100,4.0,1.0,0.04,0.01,0.18,0.019961177792906456,712709017182.1035,-0.008362132815338624,0.020222429949360073,0.0,6.0,0.0,3.0,3.8,0.0,0.3333333333333333,0.51,0.01931480521818876,2.2009611421984308,-0.0007858317851316828,0.020465186263552017,0.0,2.2
2023-06-13,100,100,1.0,0.0,0.01,0.0,0.22,0.013625008732492764,845594147381.5951,-0.004295893148122452,0.019518332916903563,0.0,4.0,6.0,3.3333333333333335,3.2,1.0,0.3333333333333333,0.18,0.019961177792906456,0.7237071005246124,-0.008362132815338624,0.020222429949360073,0.0,0.7999999999999998
2023-06-14,100,100,5.0,0.0,0.05,0.0,0.06,0.025265880147860062,1286160209340.6543,-0.027078761518305766,0.020246007496823325,0.0,1.0,4.0,3.6666666666666665,2.8,0.0,0.3333333333333333,0.22,0.013625008732492764,0.8617215577441986,-0.004295893148122452,0.019518332916903563,0.0,-1.7999999999999998
2023-06-15,100,100,4.0,0.0,0.04,0.0,0.63,0.022715109733709264,1113780812784.9133,0.013302230577065779,0.020487720813481314,0.0,5.0,1.0,3.3333333333333335,3.2,0.0,0.3333333333333333,0.06,0.025265880147860062,1.2946926266866983,-0.027078761518305766,0.020246007496823325,0.0,1.7999999999999998
2023-06-16,100,100,3.0,0.0,0.03,0.0,0.89,0.016920627449667543,1022391628251.452,0.030966418363344808,0.021868434136508356,0.0,4.0,5.0,3.3333333333333335,4.0,0.0,0.0,0.63,0.022715109733709264,1.102965233269792,0.013302230577065779,0.020487720813481314,0.0,0.0
2023-06-17,100,100,3.0,0.0,0.03,0.0,0.9,0.015240956244231453,906745298231.1656,0.00805419980164823,0.01950406830946089,0.0,3.0,4.0,4.0,3.4,0.0,0.0,0.89,0.016920627449667543,0.9901776738925365,0.030966418363344808,0.021868434136508356,0.0,-0.3999999999999999
2023-06-18,100,100,0.0,0.0,0.0,0.0,0.05,0.014920042296799066,851818436527.7002,-0.009069178066751676,0.019495269767785563,0.0,3.0,3.0,3.3333333333333335,3.2,0.0,0.0,0.9,0.015240956244231453,0.8572102769048576,0.00805419980164823,0.01950406830946089,0.0,-0.20000000000000018
2023-06-19,100,100,1.0,0.0,0.01,0.0,0.81,0.013357635504921148,631302635867.3982,0.01799985340675209,0.020082464148680413,1.0,0.0,3.0,2.0,3.0,0.0,0.0,0.05,0.014920042296799066,0.8031082899068597,-0.009069178066751676,0.019495269767785563,0.0,-3.0
2023-06-20,100,100,1.0,1.0,0.01,0.01,0.95,0.027034066435586958,589021068387.0002,0.05148420287030812,0.023199889260851515,1.0,1.0,0.0,1.3333333333333333,2.2,0.0,0.0,0.81,0.013357635504921148,0.6039907839892599,0.01799985340675209,0.020082464148680413,1.0,-1.2000000000000002
2023-06-21,100,100,7.0,1.0,0.07,0.01,0.99,0.02941017504296184,1068773994736.7153,0.05755982012035591,0.02606934832197355,1.0,1.0,1.0,0.6666666666666666,1.6,1.0,0.3333333333333333,0.95,0.027034066435586958,0.5724752673614335,0.05148420287030812,0.023199889260851515,1.0,-0.6000000000000001
2023-06-22,100,100,7.0,1.0,0.07,0.01,0.44,0.028607599428413247,2010984237358.5781,-0.0002555583964841482,0.026079526131395855,1.0,7.0,1.0,3.0,2.4,1.0,0.6666666666666666,0.99,0.02941017504296184,1.027884063893738,0.05755982012035591,0.02606934832197355,1.0,4.6
2023-06-23,100,100,14.0,3.0,0.14,0.03,0.98,0.04641319004409976,2055879788458.3062,0.0382617870769236,0.027052743740457963,1.0,7.0,7.0,5.0,3.2,1.0,1.0,0.44,0.028607599428413247,1.8157175089155195,-0.0002555583964841482,0.026079526131395855,1.0,3.8
2023-06-24,100,100,14.0,5.0,0.14,0.05,0.73,0.057312234465833486,2875174503159.7476,0.00019677776474768275,0.027042188322632665,1.0,14.0,7.0,9.333333333333334,6.0,3.0,1.6666666666666667,0.98,0.04641319004409976,1.74508340580595,0.0382617870769236,0.027052743740457963,1.0,8.0
2023-06-25,100,100,14.0,4.0,0.14,0.04,0.3,0.03580905098522937,4152812915956.8916,-0.00757925391947952,0.024518224174539614,1.0,14.0,14.0,11.666666666666666,8.6,5.0,3.0,0.73,0.057312234465833486,2.224244680749831,0.00019677776474768275,0.027042188322632665,1.0,5.4
2023-06-26,100,100,8.0,1.0,0.08,0.01,0.18,0.03226743319285369,3129688945784.7617,-0.006838356106724321,0.02317616730330442,1.0,14.0,14.0,14.0,11.2,4.0,4.0,0.3,0.03580905098522937,2.82005641602734,-0.00757925391947952,0.024518224174539614,1.0,2.8000000000000007
2023-06-27,100,100,5.0,0.0,0.05,0.0,0.73,0.02580161075128154,2508666365883.707,0.012595936537354392,0.022031114057922296,1.0,8.0,14.0,12.0,11.4,1.0,3.3333333333333335,0.18,0.03226743319285369,2.035458181401097,-0.006838356106724321,0.02317616730330442,1.0,-3.4000000000000004
2023-06-28,100,101,0.0,0.0,0.0,0.0,0.04,0.02452273698019637,1963070811874.1628,-0.014019211057551717,0.022517353643382098,1.0,5.0,8.0,9.0,11.0,0.0,1.6666666666666667,0.73,0.02580161075128154,1.577418986417335,0.012595936537354392,0.022031114057922296,1.0,-6.0
2023-06-29,100,101,7.0,0.0,0.07,0.0,0.97,0.01930876218499516,1301206104523.1174,0.013969930552909385,0.022432680282594677,1.0,0.0,5.0,4.333333333333333,8.2,0.0,0.3333333333333333,0.04,0.02452273698019637,1.233803304499547,-0.014019211057551717,0.022517353643382098,1.0,-8.2
2023-06-30,100,101,15.0,3.0,0.15,0.03,0.96,0.05981183756662742,1549560407536.115,-0.0008874646212937734,0.02194195779766872,1.0,7.0,0.0,4.0,6.8,0.0,0.0,0.97,0.01930876218499516,0.8080483237261047,0.013969930552909385,0.022432680282594677,1.0,0.20000000000000018
2023-07-01,100,101,17.0,4.0,0.17,0.04,0.85,0.029982179546505623,5048102378015.205,0.0035451426873238366,0.021869225211321553,1.0,15.0,7.0,7.333333333333333,7.0,3.0,1.0,0.96,0.05981183756662742,0.946277630477128,-0.0008874646212937734,0.02194195779766872,1.0,8.0
2023-07-02,100,101,3.0,0.0,0.03,0.0,0.2,0.0262067929700237,3882355746363.4443,-0.0009589024990067804,0.02163054482670257,1.0,17.0,15.0,13.0,8.8,4.0,2.3333333333333335,0.85,0.029982179546505623,2.834146198498525,0.0035451426873238366,0.021869225211321553,1.0,8.2
2023-07-03,100,101,4.0,2.0,0.04,0.02,0.77,0.027836903232444275,2245056097062.9263,0.013390221079960778,0.021425476645257954,1.0,3.0,17.0,11.666666666666666,8.4,0.0,2.3333333333333335,0.2,0.0262067929700237,2.001570745040885,-0.0009589024990067804,0.02163054482670257,1.0,-5.4
2023-07-04,100,101,7.0,2.0,0.07,0.02,0.39,0.047306034266609315,1723458071933.5754,-0.014423914657274266,0.020445613274471284,1.0,4.0,3.0,8.0,9.2,2.0,2.0,0.77,0.027836903232444275,1.1171502996356728,0.013390221079960778,0.021425476645257954,1.0,-5.199999999999999
2023-07-05,100,101,5.0,1.0,0.05,0.01,0.15,0.0310161441951951,2121122387194.8542,-0.005555912803946771,0.02073580119655459,1.0,7.0,4.0,4.666666666666667,9.2,2.0,1.3333333333333333,0.39,0.047306034266609315,0.8483703786178004,-0.014423914657274266,0.020445613274471284,1.0,-2.1999999999999993
2023-07-06,100,101,4.0,1.0,0.04,0.01,0.09,0.02569705312902856,2436160300218.287,-0.01308511410961098,0.020666349041263014,1.0,5.0,7.0,5.333333333333333,7.2,1.0,1.6666666666666667,0.15,0.0310161441951951,1.0188594832265916,-0.005555912803946771,0.02073580119655459,1.0,-2.2
2023-07-07,100,101,3.0,0.0,0.03,0.0,0.71,0.01648661456106995,2217597012044.214,0.009488211006835175,0.020671885170916643,1.0,4.0,5.0,5.333333333333333,4.6,1.0,1.3333333333333333,0.09,0.02569705312902856,1.1317565379276768,-0.01308511410961098,0.020666349041263014,1.0,-0.5999999999999996
2023-07-08,100,101,2.0,0.0,0.02,0.0,0.32,0.028035354352504697,1269054096809.2866,-0.0021643683893511774,0.02044063975447974,1.0,3.0,4.0,4.0,4.6,0.0,0.6666666666666666,0.71,0.01648661456106995,0.9997774669809262,0.009488211006835175,0.020671885170916643,1.0,-1.5999999999999996
2023-07-09,100,101,5.0,2.0,0.05,0.02,0.4,0.027502431842773224,935374868232.3267,-0.008026548062251003,0.020574156697796366,0.0,2.0,3.0,3.0,4.2,0.0,0.3333333333333333,0.32,0.028035354352504697,0.5668070926908065,-0.0021643683893511774,0.02044063975447974,1.0,-2.2
2023-07-10,100,101,5.0,1.0,0.05,0.01,0.49,0.022015075579147964,1137546270362.0486,0.0054580641744866034,0.017620276785191312,0.0,5.0,2.0,3.3333333333333335,3.8,2.0,0.6666666666666666,0.4,0.027502431842773224,0.41495569345055855,-0.008026548062251003,0.020574156697796366,0.0,1.2000000000000002
2023-07-11,100,101,12.0,3.0,0.12,0.03,0.71,0.0472000743741296,1735478308249.1472,0.0016715111105454073,0.012318905041023351,0.0,5.0,5.0,4.0,3.8,1.0,1.0,0.49,0.022015075579147964,0.49857780178467137,0.0054580641744866034,0.017620276785191312,0.0,1.2000000000000002
2023-07-12,100,101,5.0,1.0,0.05,0.01,0.3,0.028319236093457958,1994283637482.3381,-0.00783277487199805,0.012482720576552392,0.0,12.0,5.0,7.333333333333333,5.4,3.0,2.0,0.71,0.0472000743741296,0.7496933789670688,0.0016715111105454073,0.012318905041023351,0.0,6.6
2023-07-13,100,101,16.0,6.0,0.16,0.06,0.59,0.08936952031931626,1742051996458.364,0.007708131663021897,0.009066690007805382,0.0,5.0,12.0,7.333333333333333,5.8,1.0,1.6666666666666667,0.3,0.028319236093457958,0.8618031897452834,-0.00783277487199805,0.012482720576552392,0.0,-0.7999999999999998
2023-07-14,100,101,13.0,4.0,0.13,0.04,0.44,0.04223109819998721,5392784360206.468,-0.025757698939348254,0.010654841535108426,0.0,16.0,5.0,11.0,8.6,6.0,3.3333333333333335,0.59,0.08936952031931626,0.7579441226618141,0.007708131663021897,0.009066690007805382,0.0,7.4
2023-07-15,100,101,11.0,3.0,0.11,0.03,0.65,0.031543886176911715,4342658496150.5317,-0.0052064081905738606,0.010602118054092172,0.0,13.0,16.0,11.333333333333334,10.2,4.0,3.6666666666666665,0.44,0.04223109819998721,2.224496818875245,-0.025757698939348254,0.010654841535108426,0.0,2.8000000000000007
2023-07-16,100,101,7.0,2.0,0.07,0.02,0.16,0.027885260561140796,3106997546932.222,0.0011307857595149004,0.010554278507057091,0.0,11.0,13.0,13.333333333333334,11.4,3.0,4.333333333333333,0.65,0.031543886176911715,1.7843384954014805,-0.0052064081905738606,0.010602118054092172,0.0,-0.40000000000000036
2023-07-17,100,101,6.0,4.0,0.06,0.04,0.5,0.03556860043288006,2440255039361.0166,-0.004917937173145297,0.010041843905179457,0.0,7.0,11.0,10.333333333333334,10.4,2.0,3.0,0.16,0.027885260561140796,1.2772178621558592,0.0011307857595149004,0.010554278507057091,0.0,-3.4000000000000004
2023-07-18,100,101,0.0,0.0,0.0,0.0,0.08,0.027077507307416985,2637573957650.815,-0.008840781951115366,0.0097879642967796,0.0,6.0,7.0,8.0,10.6,4.0,3.0,0.5,0.03556860043288006,1.0045473007423593,-0.004917937173145297,0.010041843905179457,0.0,-4.6
2023-07-19,100,101,3.0,1.0,0.03,0.01,0.55,0.025483913690346242,1872728142086.1702,-0.002033262782754312,0.009033167632762837,0.0,0.0,6.0,4.333333333333333,7.4,0.0,2.0,0.08,0.027077507307416985,1.0709073462196281,-0.008840781951115366,0.0097879642967796,0.0,-7.4
2023-07-20,100,101,6.0,1.0,0.06,0.01,0.65,0.026029988038765637,1807635401898.379,0.006346750398005989,0.009258545214263957,0.0,3.0,0.0,3.0,5.4,1.0,1.6666666666666667,0.55,0.025483913690346242,0.7516438525815149,-0.002033262782754312,0.009033167632762837,0.0,-2.4000000000000004
2023-07-21,100,101,1.0,0.0,0.01,0.0,0.76,0.017514176279327595,1993159244838.055,0.006770401591889629,0.009396499664102326,0.0,6.0,3.0,3.0,4.4,1.0,0.6666666666666666,0.65,0.026029988038765637,0.7217798711764561,0.006346750398005989,0.009258545214263957,0.0,1.5999999999999996
2023-07-22,100,101,5.0,2.0,0.05,0.02,0.45,0.02918397822560337,1373865666600.852,-0.0013658915853359441,0.009393787079364972,0.0,1.0,6.0,3.3333333333333335,3.2,0.0,0.6666666666666666,0.76,0.017514176279327595,0.8475518119780118,0.006770401591889629,0.009396499664102326,0.0,-2.2
2023-07-23,100,101,7.0,3.0,0.07,0.03,0.66,0.01969578831862084,1350074023308.3608,0.004348895828836999,0.008794232391752236,0.0,5.0,1.0,4.0,3.0,2.0,1.0,0.45,0.02918397822560337,0.6171232232504974,-0.0013658915853359441,0.009393787079364972,0.0,2.0
2023-07-24,100,101,3.0,1.0,0.03,0.01,0.07,0.027924597700009622,1984757789159.1147,-0.027410386358623827,0.010081722427742914,0.0,7.0,5.0,4.333333333333333,4.4,3.0,1.6666666666666667,0.66,0.01969578831862084,0.6188761823090743,0.004348895828836999,0.008794232391752236,0.0,2.5999999999999996
2023-07-25,100,101,5.0,0.0,0.05,0.0,0.53,0.028857918338288668,2171617985412.2986,0.0004749215149553762,0.010106012939732694,0.0,3.0,7.0,5.0,4.4,1.0,2.0,0.07,0.027924597700009622,0.9043998176139431,-0.027410386358623827,0.010081722427742914,0.0,-1.4000000000000004
2023-07-26,100,101,6.0,0.0,0.06,0.0,0.35,0.023072316847942687,1736115968048.3591,0.00021100385160313024,0.00985305918225087,0.0,5.0,3.0,5.0,4.2,0.0,1.3333333333333333,0.53,0.028857918338288668,0.9884097573215707,0.0004749215149553762,0.010106012939732694,0.0,0.7999999999999998
2023-07-27,100,101,1.0,0.0,0.01,0.0,0.36,0.016469246958332403,1477290989964.494,-0.001161072539133234,0.009450797589183923,0.0,6.0,5.0,4.666666666666667,5.2,0.0,0.3333333333333333,0.35,0.023072316847942687,0.802983966427198,0.00021100385160313024,0.00985305918225087,0.0,0.7999999999999998
2023-07-28,100,101,3.0,1.0,0.03,0.01,0.83,0.0287467074889558,955242544424.3971,0.0015302221807675365,0.009504559854360193,0.0,1.0,6.0,4.0,4.4,0.0,0.0,0.36,0.016469246958332403,0.6951744338438474,-0.001161072539133234,0.009450797589183923,0.0,-3.4000000000000004
2023-07-29,100,102,7.0,3.0,0.07,0.03,0.94,0.036897879243305384,1332785667332.6782,-0.0008175860569097981,0.009434152705674768,0.0,3.0,1.0,3.3333333333333335,3.6,1.0,0.3333333333333333,0.83,0.0287467074889558,0.4528558080968649,0.0015302221807675365,0.009504559854360193,0.0,-0.6000000000000001
2023-07-30,100,102,7.0,2.0,0.07,0.02,0.12,0.042387555071836565,1582311810664.6272,-0.0013465170811133391,0.009253605139618168,0.0,7.0,3.0,3.6666666666666665,4.4,3.0,1.3333333333333333,0.94,0.036897879243305384,0.6259427977132148,-0.0008175860569097981,0.009434152705674768,0.0,2.5999999999999996
2023-07-31,100,102,5.0,2.0,0.05,0.02,0.47,0.026759089279858414,2605093847090.4854,0.0020850111144125583,0.009264635380716233,0.0,7.0,7.0,5.666666666666667,4.8,2.0,2.0,0.12,0.042387555071836565,0.7354515444902865,-0.0013465170811133391,0.009253605139618168,0.0,2.2
2023-08-01,100,102,3.0,1.0,0.03,0.01,0.68,0.024754945609739065,1249676394672.6758,0.018623776841321497,0.010335708638466353,1.0,5.0,7.0,6.333333333333333,4.6,2.0,2.3333333333333335,0.47,0.026759089279858414,1.1868502640097458,0.0020850111144125583,0.009264635380716233,0.0,0.40000000000000036
2023-08-02,100,102,5.0,2.0,0.05,0.02,0.2,0.024505224222753044,1368503296555.8247,-0.007376656826546983,0.010179029389588912,0.0,3.0,5.0,5.0,5.0,1.0,1.6666666666666667,0.68,0.024754945609739065,0.5791615116812344,0.018623776841321497,0.010335708638466353,1.0,-2.0
2023-08-03,100,102,3.0,0.0,0.03,0.0,0.34,0.019052582580643556,1462424394988.5154,0.0020314094023765354,0.008568448384462092,1.0,5.0,3.0,4.333333333333333,5.4,2.0,1.6666666666666667,0.2,0.024505224222753044,0.6397696157251205,-0.007376656826546983,0.010179029389588912,0.0,-0.40000000000000036
2023-08-04,100,102,3.0,1.0,0.03,0.01,0.39,0.04707601732568063,1081151902344.2218,0.0014559070791330235,0.008519378388071548,1.0,3.0,5.0,3.6666666666666665,4.6,0.0,1.0,0.34,0.019052582580643556,0.7528419449475676,0.0020314094023765354,0.008568448384462092,1.0,-1.5999999999999996
2023-08-05,100,102,4.0,2.0,0.04,0.02,0.48,0.021484434575228504,1357503492357.386,-0.0004677390101647742,0.008510638686489774,1.0,3.0,3.0,3.6666666666666665,3.8,1.0,1.0,0.39,0.04707601732568063,0.6075719772388685,0.0014559070791330235,0.008519378388071548,1.0,-0.7999999999999998
2023-08-06,100,102,2.0,1.0,0.02,0.01,0.4,0.023929361048524427,1573471469574.5432,0.003399113276789358,0.00849136179345205,1.0,4.0,3.0,3.3333333333333335,3.6,2.0,1.0,0.48,0.021484434575228504,0.8023125395292641,-0.0004677390101647742,0.008510638686489774,1.0,0.3999999999999999
2023-08-07,100,102,3.0,1.0,0.03,0.01,0.15,0.02131971023833795,971632964149.9636,0.00044026053775470225,0.008242944623194134,1.0,2.0,4.0,3.0,3.4,1.0,1.3333333333333333,0.4,0.023929361048524427,0.9544004085895212,0.003399113276789358,0.00849136179345205,1.0,-1.4
2023-08-08,100,102,2.0,1.0,0.02,0.01,0.84,0.02163219024146555,1299015103825.128,0.02088239963409689,0.009413065861556817,1.0,3.0,2.0,3.0,3.0,1.0,1.3333333333333333,0.15,0.02131971023833795,0.6207120642409514,0.00044026053775470225,0.008242944623194134,1.0,0.0
2023-08-09,100,102,2.0,1.0,0.02,0.01,0.3,0.015250360749876022,939585737049.709,-0.005798149651651477,0.009470933391092411,1.0,2.0,3.0,2.3333333333333335,2.8,1.0,1.0,0.84,0.02163219024146555,0.8453461474130729,0.02088239963409689,0.009413065861556817,1.0,-0.7999999999999998
2023-08-10,100,102,2.0,1.0,0.02,0.01,0.46,0.02482715520738594,1138378451545.7063,-0.002298029813273804,0.009388052750742146,1.0,2.0,2.0,2.3333333333333335,2.6,1.0,1.0,0.3,0.015250360749876022,0.629216084933257,-0.005798149651651477,0.009470933391092411,1.0,-0.6000000000000001
2023-08-11,100,102,1.0,0.0,0.01,0.0,0.68,0.015647810095673127,925219539250.4673,0.0029099469176027304,0.009395075811751998,1.0,2.0,2.0,2.0,2.2,1.0,1.0,0.46,0.02482715520738594,0.78480444749476,-0.002298029813273804,0.009388052750742146,1.0,-0.20000000000000018
2023-08-12,100,102,0.0,0.0,0.0,0.0,0.61,0.01384677958174115,652305959661.2296,0.0012736259299720777,0.009355328106040858,1.0,1.0,2.0,1.6666666666666667,2.0,0.0,0.6666666666666666,0.68,0.015647810095673127,0.6478707997055895,0.0029099469176027304,0.009395075811751998,1.0,-1.0
2023-08-13,100,102,0.0,0.0,0.0,0.0,0.16,0.013682618427409546,473358352942.0517,-0.004209136199954282,0.00681463013062806,1.0,0.0,1.0,1.0,1.4,0.0,0.3333333333333333,0.61,0.01384677958174115,0.46820554304882633,0.0012736259299720777,0.009355328106040858,1.0,-1.4
2023-08-14,100,102,1.0,0.0,0.01,0.0,0.5,0.018479806808500466,487251701506.6327,0.004336409621617507,0.006835979931866572,1.0,0.0,0.0,0.3333333333333333,1.0,0.0,0.0,0.16,0.013682618427409546,0.3592486589365896,-0.004209136199954282,0.00681463013062806,1.0,-1.0
2023-08-15,100,102,1.0,0.0,0.01,0.0,0.06,0.02028682077374284,752123840126.0309,0.0029482052564893256,0.006830202395698029,1.0,1.0,0.0,0.3333333333333333,0.8,0.0,0.0,0.5,0.018479806808500466,0.39504247524396735,0.004336409621617507,0.006835979931866572,1.0,0.19999999999999996
2023-08-16,100,102,1.0,0.0,0.01,0.0,0.0,0.02364276952286397,1047252625865.6206,-0.010280047166870731,0.007332730308051317,1.0,1.0,1.0,0.6666666666666666,0.6,0.0,0.0,0.06,0.02028682077374284,0.6351236625953836,0.0029482052564893256,0.006830202395698029,1.0,0.4
2023-08-17,100,103,0.0,0.0,0.0,0.0,0.01,0.028219418672401617,2966079338730.5996,-0.0638669690324439,0.016345253124031584,0.0,1.0,1.0,1.0,0.6,0.0,0.0,0.0,0.02364276952286397,0.9006963158886737,-0.010280047166870731,0.007332730308051317,1.0,0.4
2023-08-18,100,103,3.0,0.0,0.03,0.0,0.94,0.02200187398062052,1940620825106.8665,-0.01926161263460215,0.016800649219482645,0.0,0.0,1.0,0.6666666666666666,0.6,0.0,0.0,0.01,0.028219418672401617,2.3479632372440298,-0.0638669690324439,0.016345253124031584,0.0,-0.6
2023-08-19,100,103,3.0,0.0,0.03,0.0,0.97,0.02121672695568692,1528442164667.1826,0.004614580228831164,0.016879102870311597,0.0,3.0,0.0,1.3333333333333333,1.2,0.0,0.0,0.94,0.02200187398062052,1.5001149822055306,-0.01926161263460215,0.016800649219482645,0.0,1.8
2023-08-20,100,103,2.0,0.0,0.02,0.0,0.32,0.018742289713659342,851545976849.1775,-0.0029720180198578965,0.01684578556608069,0.0,3.0,3.0,2.0,1.6,0.0,0.0,0.97,0.02121672695568692,1.1839627823217238,0.004614580228831164,0.016879102870311597,0.0,1.4
2023-08-21,100,103,2.0,0.0,0.02,0.0,0.08,0.017398517768823802,847572939527.9575,-0.005019670876384612,0.016084426997301508,0.0,2.0,3.0,2.6666666666666665,1.8,0.0,0.0,0.32,0.018742289713659342,0.7076889626241187,-0.0029720180198578965,0.01684578556608069,0.0,0.19999999999999996
2023-08-22,100,103,1.0,0.0,0.01,0.0,0.17,0.017701773288020632,768968151960.1559,-0.0023791874405675643,0.016065774853688552,0.0,2.0,2.0,2.3333333333333335,2.0,0.0,0.0,0.08,0.017398517768823802,0.7163564864478059,-0.005019670876384612,0.016084426997301508,0.0,0.0
2023-08-23,100,103,1.0,0.0,0.01,0.0,0.92,0.01611895031109753,705259622543.7379,0.007176296068154866,0.01620152645780204,0.0,1.0,2.0,1.6666666666666667,2.2,0.0,0.0,0.17,0.017701773288020632,0.6668152285802043,-0.0023791874405675643,0.016065774853688552,0.0,-1.2000000000000002
2023-08-24,100,103,0.0,0.0,0.0,0.0,0.18,0.0168813522073683,663481185968.6198,-0.008550404165857804,0.016199618239009863,0.0,1.0,1.0,1.3333333333333333,1.8,0.0,0.0,0.92,0.01611895031109753,0.6323287199279223,0.007176296068154866,0.01620152645780204,0.0,-0.8
2023-08-25,100,103,3.0,1.0,0.03,0.01,0.43,0.021287921196739945,612033518918.1993,-0.004387328802554248,0.016180166539610574,0.0,0.0,1.0,0.6666666666666666,1.2,0.0,0.0,0.18,0.0168813522073683,0.6062214638132727,-0.008550404165857804,0.016199618239009863,0.0,-1.2
2023-08-26,100,103,1.0,1.0,0.01,0.01,0.28,0.020358841897502648,718741293296.8044,-0.002285650782717715,0.016092074043518773,0.0,3.0,0.0,1.3333333333333333,1.4,1.0,0.3333333333333333,0.43,0.021287921196739945,0.5789302997280711,-0.004387328802554248,0.016180166539610574,0.0,1.6
2023-08-27,100,103,1.0,0.0,0.01,0.0,0.39,0.016660609647474442,429725478031.65765,0.00011299435040264403,0.016087126942774577,0.0,1.0,3.0,1.3333333333333333,1.2,1.0,0.6666666666666666,0.28,0.020358841897502648,0.7085079832687952,-0.002285650782717715,0.016092074043518773,0.0,-0.19999999999999996
2023-08-28,100,103,1.0,0.0,0.01,0.0,0.2,0.018345506695374554,441649424960.4077,-0.0018943415761470917,0.014974385612534103,0.0,1.0,1.0,1.6666666666666667,1.2,0.0,0.6666666666666666,0.39,0.016660609647474442,0.4352319938869764,0.00011299435040264403,0.016087126942774577,0.0,-0.19999999999999996
2023-08-29,100,103,7.0,0.0,0.07,0.0,0.98,0.025194659583825985,560640597257.5466,0.057999215558512715,0.020631972014187542,1.0,1.0,1.0,1.0,1.2,0.0,0.3333333333333333,0.2,0.018345506695374554,0.4676112945515606,-0.0018943415761470917,0.014974385612534103,0.0,-0.19999999999999996
2023-08-30,100,103,1.0,0.0,0.01,0.0,0.11,0.017132505554007058,1387752458534.5828,-0.009013661906477045,0.020686485719930054,1.0,7.0,1.0,3.0,2.6,0.0,0.0,0.98,0.025194659583825985,0.6057491955299579,0.057999215558512715,0.020631972014187542,1.0,4.4
2023-08-31,100,103,1.0,0.0,0.01,0.0,0.03,0.017488283837405725,998062538571.7982,-0.044270494872241245,0.022620346457441733,0.0,1.0,7.0,3.0,2.2,0.0,0.0,0.11,0.017132505554007058,1.4794782617318065,-0.009013661906477045,0.020686485719930054,1.0,-1.2000000000000002
2023-09-01,100,103,1.0,0.0,0.01,0.0,0.13,0.017591521237949583,888379928296.9766,-0.004290640580030271,0.02257333960275186,0.0,1.0,1.0,3.0,2.2,0.0,0.0,0.03,0.017488283837405725,1.059915610129433,-0.044270494872241245,0.022620346457441733,0.0,-1.2000000000000002
2023-09-02,100,103,1.0,0.0,0.01,0.0,0.47,0.021478465087129573,783810790347.8381,-0.0041386798310164225,0.022573520140602814,0.0,1.0,1.0,1.0,2.2,0.0,0.0,0.13,0.017591521237949583,0.931755867724445,-0.004290640580030271,0.02257333960275186,0.0,-1.2000000000000002
2023-09-03,100,103,2.0,1.0,0.02,0.01,0.4,0.019093512658049705,705221148464.5294,0.0029498546464211185,0.022544571066747277,0.0,1.0,1.0,1.0,2.2,0.0,0.0,0.47,0.021478465087129573,0.8089115419464568,-0.0041386798310164225,0.022573520140602814,0.0,-1.2000000000000002
2023-09-04,100,103,0.0,0.0,0.0,0.0,0.2,0.013109245321109107,632373831873.7786,-0.008447269331696636,0.022467933928727066,0.0,2.0,1.0,1.3333333333333333,1.2,1.0,0.3333333333333333,0.4,0.019093512658049705,0.7197102160610794,0.0029498546464211185,0.022544571066747277,0.0,0.8
2023-09-05,100,103,2.0,0.0,0.02,0.0,0.84,0.015576549915129205,534387873399.3529,0.001284485026820974,0.022498345263007667,0.0,0.0,2.0,1.0,1.0,0.0,0.3333333333333333,0.2,0.013109245321109107,0.6493339862631909,-0.008447269331696636,0.022467933928727066,0.0,-1.0
2023-09-06,100,103,1.0,0.0,0.01,0.0,0.47,0.011430933150131248,592574970595.7488,-0.000770493010936253,0.017789329909359834,0.0,2.0,0.0,1.3333333333333333,1.2,0.0,0.3333333333333333,0.84,0.015576549915129205,0.563559128506471,0.001284485026820974,0.022498345263007667,0.0,0.8
2023-09-07,100,103,1.0,0.0,0.01,0.0,0.82,0.014715855259018654,451064675882.7887,0.016590607588142764,0.017783536703369855,0.0,1.0,2.0,1.0,1.2,0.0,0.0,0.47,0.011430933150131248,0.7143225003618523,-0.000770493010936253,0.017789329909359834,0.0,-0.19999999999999996
2023-09-08,100,103,2.0,0.0,0.02,0.0,0.3,0.014881431658643491,455545973411.92224,-0.009025586582881648,0.017843179113740042,0.0,1.0,1.0,1.3333333333333333,1.2,0.0,0.0,0.82,0.014715855259018654,0.5973698554218255,0.016590607588142764,0.017783536703369855,0.0,-0.19999999999999996
2023-09-09,100,103,2.0,0.0,0.02,0.0,0.43,0.018476458129984944,531627962971.5269,-0.00042507970884490836,0.01783795237842832,0.0,2.0,1.0,1.3333333333333333,1.2,0.0,0.0,0.3,0.014881431658643491,0.6494443158254861,-0.009025586582881648,0.017843179113740042,0.0,0.8
2023-09-10,100,103,2.0,0.0,0.02,0.0,0.1,0.024170844959420703,392542345053.09344,-0.0023837913552762504,0.017815941763890474,0.0,2.0,2.0,1.6666666666666667,1.6,0.0,0.0,0.43,0.018476458129984944,0.7755968124355411,-0.00042507970884490836,0.01783795237842832,0.0,0.3999999999999999
2023-09-11,100,103,0.0,0.0,0.0,0.0,0.02,0.015067383065490684,675403852823.8776,-0.025000223257154484,0.01862084547727164,0.0,2.0,2.0,2.0,1.6,0.0,0.0,0.1,0.024170844959420703,0.5923449104349778,-0.0023837913552762504,0.017815941763890474,0.0,0.3999999999999999
2023-09-12,100,103,3.0,0.0,0.03,0.0,0.64,0.019185405195552795,891818117906.2722,0.021613428506740962,0.019261598565678596,0.0,0.0,2.0,1.3333333333333333,1.4,0.0,0.0,0.02,0.015067383065490684,1.0264278267063978,-0.025000223257154484,0.01862084547727164,0.0,-1.4
2023-09-13,100,103,6.0,0.0,0.06,0.0,0.97,0.020516584248541737,816047870481.5894,0.011902540835294415,0.019394230829300346,1.0,3.0,0.0,1.6666666666666667,1.8,0.0,0.0,0.64,0.019185405195552795,1.3363736341749255,0.021613428506740962,0.019261598565678596,0.0,1.2
2023-09-14,100,103,4.0,3.0,0.04,0.03,0.95,0.02292989574612892,846005075556.953,0.010982655988681565,0.01952341318796055,1.0,6.0,3.0,3.0,2.6,0.0,0.0,0.97,0.020516584248541737,1.2090131255029606,0.011902540835294415,0.019394230829300346,1.0,3.4
2023-09-15,100,103,5.0,2.0,0.05,0.02,0.9,0.030610379775618313,1095950333140.4822,0.0010860939285601656,0.019511969962198117,1.0,4.0,6.0,4.333333333333333,3.0,3.0,1.0,0.95,0.02292989574612892,1.2320423801999154,0.010982655988681565,0.01952341318796055,1.0,1.0
2023-09-16,100,103,5.0,2.0,0.05,0.02,0.71,0.03802830722480056,1285212703209.7043,0.00027829571882495195,0.01951172402529401,1.0,5.0,4.0,5.0,3.6,2.0,1.6666666666666667,0.9,0.030610379775618313,1.5533733206846005,0.0010860939285601656,0.019511969962198117,1.0,1.4
2023-09-17,100,103,5.0,2.0,0.05,0.02,0.11,0.038880541270573096,1557204807934.9841,-0.00502121117463362,0.019546535567227803,1.0,5.0,5.0,4.666666666666667,4.6,2.0,2.3333333333333335,0.71,0.03802830722480056,1.7175016432007704,0.00027829571882495195,0.01951172402529401,1.0,0.40000000000000036
2023-09-18,100,103,4.0,1.0,0.04,0.01,0.72,0.02638009945693028,1488523380543.8853,0.006744918126481701,0.014272722634223545,1.0,5.0,5.0,5.0,5.0,2.0,2.0,0.11,0.038880541270573096,1.9366258464705857,-0.00502121117463362,0.019546535567227803,1.0,0.0
2023-09-19,100,103,4.0,1.0,0.04,0.01,0.96,0.0326377128384564,1148495608243.2976,0.01379332213233577,0.014587771560475533,1.0,4.0,5.0,4.666666666666667,4.6,1.0,1.6666666666666667,0.72,0.02638009945693028,1.7502248149700432,0.006744918126481701,0.014272722634223545,1.0,-0.5999999999999996
2023-09-20,100,103,5.0,1.0,0.05,0.01,0.68,0.03192058175137045,1287301082653.5308,2.7396884975928612e-05,0.010408924009612682,1.0,4.0,4.0,4.333333333333333,4.6,1.0,1.3333333333333333,0.96,0.0326377128384564,1.3696818458602644,0.01379332213233577,0.014587771560475533,1.0,-0.5999999999999996
2023-09-21,100,103,7.0,1.0,0.07,0.01,0.13,0.03749501017815363,1522957661573.073,-0.013487441227191312,0.010866080480258142,1.0,5.0,4.0,4.333333333333333,4.6,1.0,1.0,0.68,0.03192058175137045,1.509190376291623,2.7396884975928612e-05,0.010408924009612682,1.0,0.40000000000000036
2023-09-22,100,103,6.0,1.0,0.06,0.01,0.78,0.027600738582931335,1759330058883.2974,-0.001667500803257047,0.010819387970115666,1.0,7.0,5.0,5.333333333333333,5.0,1.0,1.0,0.13,0.03749501017815363,1.721432836974729,-0.013487441227191312,0.010866080480258142,1.0,2.0
2023-09-23,100,103,6.0,3.0,0.06,0.03,0.68,0.031114653080254632,1168485396662.8005,0.00022249416044609716,0.010811383322528862,1.0,6.0,7.0,6.0,5.2,1.0,1.0,0.78,0.027600738582931335,1.8847014011416057,-0.001667500803257047,0.010819387970115666,1.0,0.7999999999999998
2023-09-24,100,103,3.0,2.0,0.03,0.02,0.08,0.03800433947690217,1271998264525.5715,-0.011917224989705258,0.010995801210747457,0.0,6.0,6.0,6.333333333333333,5.6,3.0,1.6666666666666667,0.68,0.031114653080254632,1.2214439331863414,0.00022249416044609716,0.010811383322528862,1.0,0.40000000000000036
2023-09-25,100,103,3.0,0.0,0.03,0.0,0.57,0.019488130118771183,1318397707542.2312,-0.0012108414010181207,0.011003468676416939,0.0,3.0,6.0,5.0,5.4,2.0,2.0,0.08,0.03800433947690217,1.2866351537034504,-0.011917224989705258,0.010995801210747457,0.0,-2.4000000000000004
2023-09-26,100,103,3.0,0.0,0.03,0.0,0.37,0.021270093750401554,996601603620.4844,0.002110982108772805,0.011003214930744284,0.0,3.0,3.0,4.0,5.0,0.0,1.6666666666666667,0.57,0.019488130118771183,1.2827071600833813,-0.0012108414010181207,0.011003468676416939,0.0,-2.0
2023-09-27,100,103,4.0,0.0,0.04,0.0,0.68,0.018835669896801743,852311681006.3047,0.011628688092958932,0.010678655825333859,1.0,3.0,3.0,3.0,4.2,0.0,0.6666666666666666,0.37,0.021270093750401554,0.9509323871289322,0.002110982108772805,0.011003214930744284,0.0,-1.2000000000000002
2023-09-28,100,103,4.0,1.0,0.04,0.01,0.94,0.03357470456563616,1252574205509.043,0.016920131402861176,0.011029175189431565,1.0,4.0,3.0,3.3333333333333335,3.8,0.0,0.0,0.68,0.018835669896801743,0.7979788384916394,0.011628688092958932,0.010678655825333859,1.0,0.20000000000000018
2023-09-29,100,103,6.0,1.0,0.06,0.01,0.52,0.028257536669260067,1354649100357.0151,-0.00416210896567677,0.011100456966510314,1.0,4.0,4.0,3.6666666666666665,3.4,1.0,0.3333333333333333,0.94,0.03357470456563616,1.1305438801898375,0.016920131402861176,0.011029175189431565,1.0,0.6000000000000001
2023-09-30,100,103,6.0,1.0,0.06,0.01,0.65,0.026429269472635596,1445153313704.1782,0.004271404555708603,0.011073741910456321,1.0,6.0,4.0,4.666666666666667,4.0,1.0,0.6666666666666666,0.52,0.028257536669260067,1.1788880421761847,-0.00416210896567677,0.011100456966510314,1.0,2.0
2023-10-01,100,103,4.0,1.0,0.04,0.01,0.92,0.025883464160727204,1060084124747.5436,0.03196981457696021,0.011102069969578769,1.0,6.0,6.0,5.333333333333333,4.6,1.0,1.0,0.65,0.026429269472635596,1.202569651289168,0.004271404555708603,0.011073741910456321,1.0,1.4000000000000004
2023-10-02,100,103,3.0,1.0,0.03,0.01,0.11,0.03156688699538339,1154741074047.007,-0.009705845142457458,0.010811337505369032,1.0,4.0,6.0,5.333333333333333,4.8,1.0,1.0,0.92,0.025883464160727204,0.8682416908711421,0.03196981457696021,0.011102069969578769,1.0,-0.7999999999999998
2023-10-03,100,103,2.0,1.0,0.02,0.01,0.2,0.04060959739715502,1484916500803.1948,-0.006084096976008497,0.01080077587243497,1.0,3.0,4.0,4.333333333333333,4.6,1.0,1.0,0.11,0.03156688699538339,0.9356939485502516,-0.009705845142457458,0.010811337505369032,1.0,-1.5999999999999996
2023-10-04,100,103,2.0,0.0,0.02,0.0,0.3,0.024860220847452503,1467687638756.5999,0.010642949964175533,0.010786725402214144,1.0,2.0,3.0,3.0,4.2,1.0,1.0,0.2,0.04060959739715502,1.1714904565474074,-0.006084096976008497,0.01080077587243497,1.0,-2.2
2023-10-05,100,103,2.0,0.0,0.02,0.0,0.23,0.02396855958518876,1090951018598.9235,-0.009004375962473415,0.011079578477683264,1.0,2.0,2.0,2.3333333333333335,3.4,0.0,0.6666666666666666,0.3,0.024860220847452503,1.130182562386274,0.010642949964175533,0.010786725402214144,1.0,-1.4
2023-10-06,100,103,4.0,3.0,0.04,0.03,0.89,0.04954210515671364,976060838117.278,0.014389504305328787,0.011420467104739717,1.0,2.0,2.0,2.0,2.6,0.0,0.3333333333333333,0.23,0.02396855958518876,0.8402409061245716,-0.009004375962473415,0.011079578477683264,1.0,-0.6000000000000001
2023-10-07,100,103,3.0,0.0,0.03,0.0,0.44,0.015271699577315799,1305668216573.734,0.002747689971772698,0.011281636535459733,1.0,4.0,2.0,2.6666666666666665,2.6,3.0,1.0,0.89,0.04954210515671364,0.7608111842694768,0.014389504305328787,0.011420467104739717,1.0,1.4
2023-10-08,100,103,4.0,2.0,0.04,0.02,0.29,0.03995576476884999,992228880913.9442,0.0007121098532519607,0.011254364148095072,1.0,3.0,4.0,3.0,2.6,0.0,1.0,0.44,0.015271699577315799,1.0278064689290858,0.002747689971772698,0.011281636535459733,1.0,0.3999999999999999
2023-10-09,100,103,3.0,0.0,0.03,0.0,0.07,0.026473147800535283,1259532707421.9072,-0.008844928167880078,0.011208716132015132,1.0,4.0,3.0,3.6666666666666665,3.0,2.0,1.6666666666666667,0.29,0.03995576476884999,0.7966320528819841,0.0007121098532519607,0.011254364148095072,1.0,1.0
2023-10-10,100,103,4.0,2.0,0.04,0.02,0.27,0.02784059882663276,1684247731898.898,-0.00691305418247572,0.011362373838753886,1.0,3.0,4.0,3.3333333333333335,3.2,0.0,0.6666666666666666,0.07,0.026473147800535283,1.006755078112493,-0.008844928167880078,0.011208716132015132,1.0,-0.20000000000000018
2023-10-11,100,103,1.0,0.0,0.01,0.0,0.17,0.01684442169122894,1185733070116.4639,-0.017971756687946993,0.01170509907173456,0.0,4.0,3.0,3.6666666666666665,3.6,2.0,1.3333333333333333,0.27,0.02784059882663276,1.3252100492034664,-0.00691305418247572,0.011362373838753886,1.0,0.3999999999999999
2023-10-12,100,103,3.0,0.0,0.03,0.0,0.63,0.022978953990369644,990703460474.5027,0.00215197369927817,0.011692040264077849,0.0,1.0,4.0,2.6666666666666665,3.0,0.0,0.6666666666666666,0.17,0.01684442169122894,0.945509649172994,-0.017971756687946993,0.01170509907173456,0.0,-2.0
2023-10-13,100,103,5.0,1.0,0.05,0.01,0.92,0.024464280542965688,923014252179.3944,0.005914447909119543,0.011738796993566069,1.0,3.0,1.0,2.6666666666666665,3.0,0.0,0.6666666666666666,0.63,0.022978953990369644,0.814966975449757,0.00215197369927817,0.011692040264077849,0.0,0.0
2023-10-14,100,103,2.0,1.0,0.02,0.01,0.47,0.023412510567532612,1070545176611.8439,-0.004826604451282223,0.011418699822064088,0.0,5.0,3.0,3.0,3.2,1.0,0.3333333333333333,0.92,0.024464280542965688,0.767029091757465,0.005914447909119543,0.011738796993566069,1.0,1.7999999999999998
2023-10-15,100,103,14.0,5.0,0.14,0.05,0.66,0.048962501115939486,1117093530132.957,0.008013470788508338,0.0114795033326987,1.0,2.0,5.0,3.3333333333333335,3.0,1.0,0.6666666666666666,0.47,0.023412510567532612,0.8971373876479746,-0.004826604451282223,0.011418699822064088,0.0,-1.0
2023-10-16,100,103,11.0,2.0,0.11,0.02,0.75,0.029051344549722934,2892611425274.592,0.04252253774591738,0.014596692877615346,1.0,14.0,2.0,7.0,5.0,5.0,2.3333333333333335,0.66,0.048962501115939486,0.9441092088278109,0.008013470788508338,0.0114795033326987,1.0,9.0
2023-10-17,100,103,10.0,4.0,0.1,0.04,0.48,0.06928528311405038,2799986572496.2104,-0.0011635575140466919,0.014535042034413375,1.0,11.0,14.0,9.0,7.0,2.0,2.6666666666666665,0.75,0.029051344549722934,2.263344242801975,0.04252253774591738,0.014596692877615346,1.0,4.0
2023-10-18,100,103,11.0,4.0,0.11,0.04,0.22,0.06390081951785387,2913222097469.276,0.0014994444524946261,0.014195125042575927,1.0,10.0,11.0,11.666666666666666,8.4,4.0,3.6666666666666665,0.48,0.06928528311405038,2.035748118231534,-0.0011635575140466919,0.014535042034413375,1.0,1.5999999999999996
2023-10-19,100,103,6.0,1.0,0.06,0.01,0.26,0.05298610805766045,3508601718757.6416,0.007463681540089641,0.01413257913190264,1.0,11.0,10.0,10.666666666666666,9.6,4.0,3.3333333333333335,0.22,0.06390081951785387,1.9974898029790287,0.0014994444524946261,0.014195125042575927,1.0,1.4000000000000004
2023-10-20,100,103,14.0,4.0,0.14,0.04,0.92,0.043920665367761416,2443903224379.6123,0.03154835773492606,0.015474634807363373,1.0,6.0,11.0,9.0,10.4,1.0,3.0,0.26,0.05298610805766045,2.2402873203532807,0.007463681540089641,0.01413257913190264,1.0,-4.4
2023-10-21,100,103,7.0,2.0,0.07,0.02,0.83,0.04029366905193766,2559028288016.695,0.003719781102532082,0.014086642485524615,1.0,14.0,6.0,10.333333333333334,10.4,4.0,3.0,0.92,0.043920665367761416,1.512244610883839,0.03154835773492606,0.015474634807363373,1.0,3.5999999999999996
2023-10-22,100,103,7.0,0.0,0.07,0.0,0.58,0.038316670770159295,1907051643169.4543,-0.001139262574618147,0.013796312982069044,1.0,7.0,14.0,9.0,9.6,2.0,2.3333333333333335,0.83,0.04029366905193766,1.5133011021738687,0.003719781102532082,0.014086642485524615,1.0,-2.5999999999999996
2023-10-23,100,103,11.0,4.0,0.11,0.04,0.91,0.03466685285556732,1824238889106.1,0.09055904066699268,0.023602939079264768,1.0,7.0,7.0,9.333333333333334,9.0,0.0,2.0,0.58,0.038316670770159295,1.1032096362039072,-0.001139262574618147,0.013796312982069044,1.0,-2.0
2023-10-24,100,103,12.0,6.0,0.12,0.06,0.7,0.059661081058465,3443630323353.959,0.03163622339583794,0.024158782827859736,1.0,11.0,7.0,8.333333333333334,9.0,4.0,2.0,0.91,0.03466685285556732,1.0450464719696784,0.09055904066699268,0.023602939079264768,1.0,2.0
2023-10-25,100,104,13.0,4.0,0.13,0.04,0.69,0.04457303399361033,6455229670401.986,0.019222380905310334,0.023833915077175524,1.0,12.0,11.0,10.0,10.2,6.0,3.3333333333333335,0.7,0.059661081058465,1.8670707924216339,0.03163622339583794,0.024158782827859736,1.0,1.8000000000000007
2023-10-26,100,104,5.0,3.0,0.05,0.03,0.41,0.05157732111952348,3407381025958.836,-0.007406241681262113,0.024169694830509705,1.0,13.0,12.0,12.0,10.0,4.0,4.666666666666667,0.69,0.04457303399361033,3.0555613894440583,0.019222380905310334,0.023833915077175524,1.0,3.0
2023-10-27,100,104,3.0,1.0,0.03,0.01,0.32,0.03773936597102319,2940379128229.008,-0.003495406344329646,0.02430783278740217,1.0,5.0,13.0,10.0,9.6,3.0,4.333333333333333,0.41,0.05157732111952348,1.5251130472618437,-0.007406241681262113,0.024169694830509705,1.0,-4.6
2023-10-28,100,104,11.0,3.0,0.11,0.03,0.95,0.04238374826826876,1698138539132.1135,0.007237771860736381,0.024225058229076127,1.0,3.0,5.0,7.0,8.8,1.0,2.6666666666666665,0.32,0.03773936597102319,1.269638626860203,-0.003495406344329646,0.02430783278740217,1.0,-5.800000000000001
2023-10-29,100,104,11.0,2.0,0.11,0.02,0.72,0.03941635257084842,2107684848113.907,0.010972957134380353,0.02381610669984763,1.0,11.0,3.0,6.333333333333333,8.8,3.0,2.3333333333333335,0.95,0.04238374826826876,0.7222391542793255,0.007237771860736381,0.024225058229076127,1.0,2.1999999999999993
2023-10-30,100,104,10.0,3.0,0.1,0.03,0.82,0.05235512401596468,2407294707155.908,-0.001988093475250232,0.023646247761057664,1.0,11.0,11.0,8.333333333333334,8.6,2.0,2.0,0.72,0.03941635257084842,0.8805423435526015,0.010972957134380353,0.02381610669984763,1.0,2.4000000000000004
2023-10-31,100,104,15.0,4.0,0.15,0.04,0.34,0.08879521846106904,3120854890577.2095,0.006356541102054663,0.022670968932016772,1.0,10.0,11.0,10.666666666666666,8.0,3.0,2.6666666666666665,0.82,0.05235512401596468,0.990748573216853,-0.001988093475250232,0.023646247761057664,1.0,2.0
2023-11-01,100,104,14.0,4.0,0.14,0.04,0.89,0.036004310785041446,4778327793586.687,0.022059795384814923,0.022632493909562415,1.0,15.0,10.0,12.0,10.0,4.0,3.0,0.34,0.08879521846106904,1.2352338177363948,0.006356541102054663,0.022670968932016772,1.0,5.0
2023-11-02,100,104,13.0,2.0,0.13,0.02,0.43,0.04624245452567776,4035089472001.587,-0.011778994914478482,0.023278533850223316,1.0,14.0,15.0,13.0,12.2,4.0,3.6666666666666665,0.89,0.036004310785041446,1.7593831285472934,0.022059795384814923,0.022632493909562415,1.0,1.8000000000000007
2023-11-03,100,104,7.0,2.0,0.07,0.02,0.26,0.04163072711986217,3830264669296.2856,-0.017836382483432334,0.02396143145632587,1.0,13.0,14.0,14.0,12.6,2.0,3.3333333333333335,0.43,0.04624245452567776,1.4052129159557651,-0.011778994914478482,0.023278533850223316,1.0,0.40000000000000036
2023-11-04,100,104,16.0,6.0,0.16,0.06,0.92,0.06995632374157033,3179506221275.5703,0.00798075208752772,0.023961711899440498,1.0,7.0,13.0,11.333333333333334,11.8,2.0,2.6666666666666665,0.26,0.04163072711986217,1.2727243318174954,-0.017836382483432334,0.02396143145632587,1.0,-4.800000000000001
2023-11-05,100,104,15.0,8.0,0.15,0.08,0.42,0.05595873761719903,4600264548751.414,0.00012751578025053828,0.02296447166163609,1.0,16.0,7.0,12.0,13.0,6.0,3.3333333333333335,0.92,0.06995632374157033,1.0214883078785093,0.00798075208752772,0.023961711899440498,1.0,3.0
2023-11-06,100,104,9.0,5.0,0.09,0.05,0.61,0.05101194764989307,4994226264914.566,-0.005861244227392856,0.023105871594393597,1.0,15.0,16.0,12.666666666666666,13.0,8.0,5.333333333333333,0.42,0.05595873761719903,1.438479962217528,0.00012751578025053828,0.02296447166163609,1.0,2.0
2023-11-07,100,104,11.0,0.0,0.11,0.0,0.32,0.032257642445029995,3939446908874.2,0.011054299339208084,0.023029440458895507,1.0,9.0,15.0,13.333333333333334,12.0,5.0,6.333333333333333,0.61,0.05101194764989307,1.5098715907430025,-0.005861244227392856,0.023105871594393597,1.0,-3.0
2023-11-08,100,104,12.0,4.0,0.12,0.04,0.92,0.05057765855905154,3112606796166.774,0.0033136724461114504,0.023072357870761166,1.0,11.0,9.0,11.666666666666666,11.6,0.0,4.333333333333333,0.32,0.032257642445029995,1.1727940103327357,0.011054299339208084,0.023029440458895507,1.0,-0.5999999999999996
2023-11-09,100,104,17.0,4.0,0.17,0.04,0.44,0.05084624169750617,3169486394082.947,0.04010531482431107,0.023570563337659552,1.0,12.0,11.0,10.666666666666666,12.6,4.0,3.0,0.92,0.05057765855905154,0.932133823243975,0.0033136724461114504,0.023072357870761166,1.0,-0.5999999999999996
2023-11-10,100,104,18.0,7.0,0.18,0.07,0.91,0.04932445027971335,6792811009381.184,0.0126724013062369,0.023525145929935223,1.0,17.0,12.0,13.333333333333334,12.8,4.0,2.6666666666666665,0.44,0.05084624169750617,0.938966151033636,0.04010531482431107,0.023570563337659552,1.0,4.199999999999999
2023-11-11,100,104,14.0,4.0,0.14,0.04,0.5,0.1016704767594784,6977363104948.956,-0.00804748520712509,0.023757534254860387,1.0,18.0,17.0,15.666666666666666,13.4,7.0,5.0,0.91,0.04932445027971335,1.8936271120262935,0.0126724013062369,0.023525145929935223,1.0,4.6
2023-11-12,100,104,15.0,5.0,0.15,0.05,0.43,0.042587398206609894,5672084417741.493,-0.004260609997003359,0.014605942379488552,1.0,14.0,18.0,16.333333333333332,14.4,4.0,5.0,0.5,0.1016704767594784,1.8166851481740127,-0.00804748520712509,0.023757534254860387,1.0,-0.40000000000000036
2023-11-13,100,104,9.0,3.0,0.09,0.03,0.31,0.0620248029253889,4634962364413.075,-0.005356503494431466,0.013430749327394187,1.0,15.0,14.0,15.666666666666666,15.2,5.0,5.333333333333333,0.43,0.042587398206609894,1.4063820494889776,-0.004260609997003359,0.014605942379488552,1.0,-0.1999999999999993
2023-11-14,100,104,14.0,1.0,0.14,0.01,0.24,0.05291203938569468,4327301794218.4087,-0.024403257867179402,0.014300686563919592,1.0,9.0,15.0,12.666666666666666,14.6,3.0,4.0,0.31,0.0620248029253889,1.132503282033009,-0.005356503494431466,0.013430749327394187,1.0,-5.6
2023-11-15,100,104,11.0,2.0,0.11,0.02,0.96,0.036113891747300904,4422959666098.181,0.05056651947903118,0.017825847172095934,1.0,14.0,9.0,12.666666666666666,14.0,1.0,3.0,0.24,0.05291203938569468,1.085550584605536,-0.024403257867179402,0.014300686563919592,1.0,0.0
2023-11-16,100,104,5.0,0.0,0.05,0.0,0.17,0.031014997902017363,3574579141149.494,-0.03199870287159204,0.019552100676151,1.0,11.0,14.0,11.333333333333334,12.6,2.0,2.0,0.96,0.036113891747300904,1.0955912691835257,0.05056651947903118,0.017825847172095934,1.0,-1.5999999999999996
2023-11-17,100,104,12.0,2.0,0.12,0.02,0.49,0.05343999490586749,3979985119087.903,0.010625189010720053,0.019604925355806865,1.0,5.0,11.0,10.0,10.8,0.0,1.0,0.17,0.031014997902017363,0.8785420591950739,-0.03199870287159204,0.019552100676151,1.0,-5.800000000000001
2023-11-18,100,104,4.0,0.0,0.04,0.0,0.13,0.04712528056982291,3086962825469.6597,-0.004565986320413899,0.019589201510433033,1.0,12.0,5.0,9.333333333333334,10.2,2.0,1.3333333333333333,0.49,0.05343999490586749,0.951499660594455,0.010625189010720053,0.019604925355806865,1.0,1.8000000000000007
2023-11-19,100,104,7.0,1.0,0.07,0.01,0.76,0.03573868896560964,2323254356247.0977,0.012832995798487689,0.019693005538028475,1.0,4.0,12.0,7.0,9.2,0.0,0.6666666666666666,0.13,0.04712528056982291,0.7294647749427774,-0.004565986320413899,0.019589201510433033,1.0,-5.199999999999999
2023-11-20,100,104,6.0,0.0,0.06,0.0,0.31,0.030720282032408227,1992951560334.8147,0.007402254465554281,0.019703270768733506,1.0,7.0,4.0,7.666666666666667,7.8,1.0,1.0,0.76,0.03573868896560964,0.5495423113879575,0.012832995798487689,0.019693005538028475,1.0,-0.7999999999999998
2023-11-21,100,104,2.0,1.0,0.02,0.01,0.01,0.03905897810574179,2037263716214.2861,-0.03364727623903645,0.020808073878481534,0.0,6.0,7.0,5.666666666666667,6.8,0.0,0.3333333333333333,0.31,0.030720282032408227,0.47778605249134337,0.007402254465554281,0.019703270768733506,1.0,-0.7999999999999998
2023-11-22,100,104,16.0,3.0,0.16,0.03,1.0,0.03937548699621714,2640812405172.392,0.03109269056846452,0.02167267711814463,1.0,2.0,6.0,5.0,6.2,1.0,0.6666666666666666,0.01,0.03905897810574179,0.5050021354734896,-0.03364727623903645,0.020808073878481534,0.0,-4.2
2023-11-23,100,104,9.0,1.0,0.09,0.01,0.54,0.034504507767893405,2328234886311.2603,-0.0022606565528906102,0.021174166644000025,1.0,16.0,2.0,8.0,7.0,3.0,1.3333333333333333,1.0,0.03937548699621714,0.6661224881759777,0.03109269056846452,0.02167267711814463,1.0,9.0
2023-11-24,100,104,7.0,2.0,0.07,0.02,0.92,0.035489690791591116,2933471919973.9297,0.01336934267128811,0.02127000909777949,1.0,9.0,16.0,9.0,8.0,1.0,1.6666666666666667,0.54,0.034504507767893405,0.5986175030982392,-0.0022606565528906102,0.021174166644000025,1.0,1.0
2023-11-25,100,104,4.0,1.0,0.04,0.01,0.61,0.03208806989339271,3383730728564.7896,-0.001344750731649934,0.02128534021087445,1.0,7.0,9.0,10.666666666666666,8.0,2.0,2.0,0.92,0.035489690791591116,0.7566244477938595,0.01336934267128811,0.02127000909777949,1.0,-1.0
2023-11-26,100,104,2.0,1.0,0.02,0.01,0.18,0.029849523414042192,2406797913662.707,-0.006412378165723151,0.021298537888255833,1.0,4.0,7.0,6.666666666666667,7.6,1.0,1.3333333333333333,0.61,0.03208806989339271,0.8866696626675877,-0.001344750731649934,0.02128534021087445,1.0,-3.5999999999999996
2023-11-27,100,104,4.0,1.0,0.04,0.01,0.12,0.03563568620247939,2414558663227.652,0.0012937256121017164,0.02122893110403478,1.0,2.0,4.0,4.333333333333333,7.6,1.0,1.3333333333333333,0.18,0.029849523414042192,0.6528054371202677,-0.006412378165723151,0.021298537888255833,1.0,-5.6
2023-11-28,100,104,3.0,1.0,0.03,0.01,0.48,0.028379915163529907,2675529249830.1797,0.0059692198145460795,0.021238977037048162,1.0,4.0,2.0,3.3333333333333335,5.2,1.0,1.0,0.12,0.03563568620247939,0.6687400114325044,0.0012937256121017164,0.02122893110403478,1.0,-1.2000000000000002
2023-11-29,100,104,5.0,2.0,0.05,0.02,0.52,0.05682326518438732,2288064820578.998,0.002843154655708485,0.01938273694434486,1.0,3.0,4.0,3.0,4.0,1.0,1.0,0.48,0.028379915163529907,0.7455313064702059,0.0059692198145460795,0.021238977037048162,1.0,-1.0
2023-11-30,100,104,8.0,2.0,0.08,0.02,0.34,0.02959870594197391,2593731042934.645,-0.0026454519603769026,0.01921237152370745,1.0,5.0,3.0,4.0,3.6,2.0,1.3333333333333333,0.52,0.05682326518438732,0.6454919060394644,0.002843154655708485,0.01938273694434486,1.0,1.4
2023-12-01,100,104,5.0,1.0,0.05,0.01,0.87,0.027599437834832777,2609442115978.086,0.02195698943332043,0.01967146219143924,1.0,8.0,5.0,5.333333333333333,4.4,2.0,1.6666666666666667,0.34,0.02959870594197391,0.7777934209816411,-0.0026454519603769026,0.01921237152370745,1.0,3.5999999999999996
2023-12-02,100,104,4.0,1.0,0.04,0.01,0.93,0.03152148846973529,2093835290037.6326,0.017141304735893263,0.019890837240138737,1.0,5.0,8.0,6.0,5.0,1.0,1.6666666666666667,0.87,0.027599437834832777,0.8373435485745732,0.02195698943332043,0.01967146219143924,1.0,0.0
2023-12-03,100,104,4.0,1.0,0.04,0.01,0.42,0.020116405321552473,2029410516593.8748,0.020639849177011726,0.020155206100661932,1.0,4.0,5.0,5.666666666666667,5.0,1.0,1.3333333333333333,0.93,0.03152148846973529,0.7128140462730197,0.017141304735893263,0.019890837240138737,1.0,-1.0
2023-12-04,100,104,11.0,1.0,0.11,0.01,0.91,0.04313579336030043,2822018983308.4404,0.058233771706832714,0.02229191449202983,1.0,4.0,4.0,4.333333333333333,5.2,1.0,1.0,0.42,0.020116405321552473,0.7229449570763677,0.020639849177011726,0.020155206100661932,1.0,-1.2000000000000002
2023-12-05,100,104,6.0,2.0,0.06,0.02,0.83,0.027999413514474682,4628552810285.643,0.056473983528215525,0.022908491566428053,1.0,11.0,4.0,6.333333333333333,6.4,1.0,1.0,0.91,0.04313579336030043,1.0329953166497685,0.058233771706832714,0.02229191449202983,1.0,4.6
2023-12-06,100,104,10.0,1.0,0.1,0.01,0.44,0.036826974459055445,4359230068763.54,0.0014434925063938537,0.020902661607597357,1.0,6.0,11.0,7.0,6.0,2.0,1.3333333333333333,0.83,0.027999413514474682,1.6879225929765336,0.056473983528215525,0.022908491566428053,1.0,0.0
2023-12-07,100,104,4.0,0.0,0.04,0.0,0.68,0.03917353040821976,5057942318547.083,-0.01779846924102041,0.021840511918527813,1.0,10.0,6.0,9.0,7.0,1.0,1.3333333333333333,0.44,0.036826974459055445,1.5672836290998815,0.0014434925063938537,0.020902661607597357,1.0,3.0
2023-12-08,100,104,9.0,3.0,0.09,0.03,0.96,0.04716354514597201,3515995344709.1763,0.014942652728797204,0.021632656331636555,1.0,4.0,10.0,6.666666666666667,7.0,0.0,1.0,0.68,0.03917353040821976,1.7839242751898365,-0.01779846924102041,0.021840511918527813,1.0,-3.0
2023-12-09,100,104,10.0,2.0,0.1,0.02,0.55,0.03831100587939223,3487092288337.798,-0.0009981368941539706,0.021760592052850067,1.0,9.0,4.0,7.666666666666667,8.0,3.0,1.3333333333333333,0.96,0.04716354514597201,1.230771291002489,0.014942652728797204,0.021632656331636555,1.0,1.0
2023-12-10,100,104,7.0,1.0,0.07,0.01,0.4,0.04807424649615341,4048600748017.9775,-0.004119521824404119,0.021967370330023293,1.0,10.0,9.0,7.666666666666667,7.8,2.0,1.6666666666666667,0.55,0.03831100587939223,1.1962854346805376,-0.0009981368941539706,0.021760592052850067,1.0,2.2
2023-12-11,100,104,3.0,1.0,0.03,0.01,0.07,0.03741979362184554,3429484111988.386,-0.04941708413228853,0.023779733487518488,1.0,7.0,10.0,8.666666666666666,8.0,1.0,2.0,0.4,0.04807424649615341,1.3416110156401178,-0.004119521824404119,0.021967370330023293,1.0,-1.0
2023-12-12,100,104,11.0,1.0,0.11,0.01,0.75,0.03533834899332225,5019773177295.678,0.011435679596825678,0.02317444601103843,1.0,3.0,7.0,6.666666666666667,6.6,1.0,1.3333333333333333,0.07,0.03741979362184554,1.1108263949868447,-0.04941708413228853,0.023779733487518488,1.0,-3.5999999999999996
2023-12-13,100,105,7.0,1.0,0.07,0.01,0.73,0.02966520817080898,5634382612232.103,0.024876776797625785,0.02339479810322186,1.0,11.0,3.0,7.0,8.0,1.0,1.0,0.75,0.03533834899332225,1.5656091296658707,0.011435679596825678,0.02317444601103843,1.0,3.0
2023-12-14,100,105,6.0,1.0,0.06,0.01,0.55,0.028801847542989478,3914389021433.6196,-0.0054503450117934634,0.02356204085924586,1.0,7.0,11.0,7.0,7.6,1.0,1.0,0.73,0.02966520817080898,1.6711390135065716,0.024876776797625785,0.02339479810322186,1.0,-0.5999999999999996
2023-12-15,100,105,3.0,0.0,0.03,0.0,0.07,0.02647446033555666,2864704339390.719,-0.012110148599193609,0.023894231960978635,1.0,6.0,7.0,8.0,6.8,1.0,1.0,0.55,0.028801847542989478,1.1443480311030245,-0.0054503450117934634,0.02356204085924586,1.0,-0.7999999999999998
2023-12-16,100,105,4.0,1.0,0.04,0.01,0.61,0.02763177151152706,2391766001173.0576,-0.0016039602276300866,0.02377697933470307,1.0,3.0,6.0,5.333333333333333,6.0,0.0,0.6666666666666666,0.07,0.02647446033555666,0.8438813271235375,-0.012110148599193609,0.023894231960978635,1.0,-3.0
2023-12-17,100,105,3.0,1.0,0.03,0.01,0.11,0.03157799043272004,1786735148220.5352,-0.021371130423089014,0.024597034409010027,1.0,4.0,3.0,4.333333333333333,6.2,1.0,0.6666666666666666,0.61,0.02763177151152706,0.7047197203762712,-0.0016039602276300866,0.02377697933470307,1.0,-2.2
2023-12-18,100,105,2.0,1.0,0.02,0.01,0.2,0.03880256042237718,1908587673416.3503,0.024731319687322558,0.02495015878322926,1.0,3.0,4.0,3.3333333333333335,4.6,1.0,0.6666666666666666,0.11,0.03157799043272004,0.5313656748047636,-0.021371130423089014,0.024597034409010027,1.0,-1.5999999999999996
2023-12-19,100,106,6.0,1.0,0.06,0.01,0.33,0.03753535799862255,4207137708904.8726,-0.004914862232407034,0.025077518035537726,1.0,2.0,3.0,3.0,3.6,1.0,1.0,0.2,0.03880256042237718,0.5741517304514315,0.024731319687322558,0.02495015878322926,1.0,-1.6
2023-12-20,100,106,11.0,3.0,0.11,0.03,0.94,0.033164198832854874,2904866526814.4736,0.025701950632541756,0.025328943414324675,1.0,6.0,2.0,3.6666666666666665,3.6,1.0,1.0,0.33,0.03753535799862255,1.2301066659750726,-0.004914862232407034,0.025077518035537726,1.0,2.4
2023-12-21,100,106,7.0,3.0,0.07,0.03,0.84,0.03727630621231897,3425010228481.08,0.002154338963323738,0.025140564153268853,1.0,11.0,6.0,6.333333333333333,5.2,3.0,1.6666666666666667,0.94,0.033164198832854874,0.8454954668923533,0.025701950632541756,0.025328943414324675,1.0,5.8
2023-12-22,100,106,7.0,1.0,0.07,0.01,0.7,0.038277753939299615,3422323682251.3804,0.0008906740301946723,0.02505800757552718,1.0,7.0,11.0,8.0,5.8,3.0,2.3333333333333335,0.84,0.03727630621231897,0.9851960660225363,0.002154338963323738,0.025140564153268853,1.0,1.2000000000000002
2023-12-23,100,106,7.0,1.0,0.07,0.01,0.39,0.036225416780374796,3806188354613.3433,-0.004748203091671636,0.024930048869452076,1.0,7.0,7.0,8.333333333333334,6.6,1.0,2.3333333333333335,0.7,0.038277753939299615,0.965966728492444,0.0008906740301946723,0.02505800757552718,1.0,0.40000000000000036
2023-12-24,100,106,8.0,3.0,0.08,0.03,0.16,0.04928271911517595,3029219208197.122,-0.021288287304717237,0.02216753441327513,0.0,7.0,7.0,7.0,7.6,1.0,1.6666666666666667,0.39,0.036225416780374796,1.048034645233715,-0.004748203091671636,0.024930048869452076,1.0,-0.5999999999999996
2023-12-25,100,106,10.0,1.0,0.1,0.01,0.87,0.02766725596015264,4239739259681.3096,0.000689393705563704,0.017913838929483738,0.0,8.0,7.0,7.333333333333333,8.0,3.0,1.6666666666666667,0.16,0.04928271911517595,0.8317234515306235,-0.021288287304717237,0.02216753441327513,0.0,0.0
2023-12-26,100,106,7.0,2.0,0.07,0.02,0.27,0.04608502625367083,3854088479607.037,-0.017554372600759604,0.018231015788771412,0.0,10.0,8.0,8.333333333333334,7.8,1.0,1.6666666666666667,0.87,0.02766725596015264,1.1703392376355024,0.000689393705563704,0.017913838929483738,0.0,2.2
2023-12-27,100,106,11.0,2.0,0.11,0.02,0.71,0.06278027294398848,4407100527671.26,0.015450234262133558,0.018306903329120775,0.0,7.0,10.0,8.333333333333334,7.8,2.0,2.0,0.27,0.04608502625367083,1.0713534981790875,-0.017554372600759604,0.018231015788771412,0.0,-0.7999999999999998
2023-12-28,100,106,6.0,2.0,0.06,0.02,0.13,0.03507667498305889,4131490291093.3237,-0.017644391664765353,0.0182507028316028,0.0,11.0,7.0,9.333333333333334,8.6,2.0,1.6666666666666667,0.71,0.06278027294398848,1.2362621503600582,0.015450234262133558,0.018306903329120775,0.0,2.4000000000000004
2023-12-29,100,106,5.0,1.0,0.05,0.01,0.26,0.0336878274809086,4840812989841.009,-0.008063065817024458,0.01828305797472485,0.0,6.0,11.0,8.0,8.4,2.0,2.0,0.13,0.03507667498305889,1.1490297194337469,-0.017644391664765353,0.0182507028316028,0.0,-2.4000000000000004
2023-12-30,100,106,6.0,1.0,0.06,0.01,0.29,0.033385249417159986,4269390979235.811,0.003342503266703759,0.018337596134308805,0.0,5.0,6.0,7.333333333333333,7.8,1.0,1.6666666666666667,0.26,0.0336878274809086,1.3214278260903045,-0.008063065817024458,0.01828305797472485,0.0,-2.8
2023-12-31,100,106,6.0,1.0,0.06,0.01,0.48,0.04372247385625077,3115786023253.5674,0.0071776956116881225,0.0147774178275331,0.0,6.0,5.0,5.666666666666667,7.0,1.0,1.3333333333333333,0.29,0.033385249417159986,1.161941546698175,0.003342503266703759,0.018337596134308805,0.0,-1.0
2024-01-01,100,106,9.0,2.0,0.09,0.02,0.86,0.03668835763295186,3019935200438.2266,0.030929410873420795,0.01614507492794495,1.0,6.0,6.0,5.666666666666667,6.8,1.0,1.0,0.48,0.04372247385625077,0.8516160506158242,0.0071776956116881225,0.0147774178275331,0.0,-0.7999999999999998
2024-01-02,100,106,9.0,2.0,0.09,0.02,0.57,0.03576765753263535,3623830207218.4966,0.022967114774875612,0.016001817447722666,1.0,9.0,6.0,7.0,6.4,2.0,1.3333333333333333,0.86,0.03668835763295186,0.8486104112564253,0.030929410873420795,0.01614507492794495,1.0,2.5999999999999996
2024-01-03,100,106,12.0,5.0,0.12,0.05,0.14,0.07951129144281807,5202599511249.664,-0.02736160319588953,0.017171440093870102,1.0,9.0,9.0,8.0,7.0,2.0,1.6666666666666667,0.57,0.03576765753263535,1.0479085264361732,0.022967114774875612,0.016001817447722666,1.0,2.0
2024-01-04,100,106,8.0,2.0,0.08,0.02,0.41,0.032926298359744324,9585664732746.668,0.015179271271768711,0.017253515635158822,1.0,12.0,9.0,10.0,8.4,5.0,3.0,0.14,0.07951129144281807,1.476934733617507,-0.02736160319588953,0.017171440093870102,1.0,3.5999999999999996
2024-01-05,100,106,3.0,1.0,0.03,0.01,0.11,0.0397519383083713,5125477590141.239,-0.0021207130848444576,0.017258374227276347,1.0,8.0,12.0,9.666666666666666,8.8,2.0,3.0,0.41,0.032926298359744324,2.484225070258945,0.015179271271768711,0.017253515635158822,1.0,-0.8000000000000007
2024-01-06,100,106,8.0,3.0,0.08,0.03,0.37,0.06259335668489091,3751152697897.077,-0.0003707448643746964,0.016431403423426024,1.0,3.0,8.0,7.666666666666667,8.2,1.0,2.6666666666666665,0.11,0.0397519383083713,1.28287702943946,-0.0021207130848444576,0.017258374227276347,1.0,-5.199999999999999
2024-01-07,100,106,10.0,3.0,0.1,0.03,0.04,0.07637452759384017,3972048693451.7705,-0.0037319462076316648,0.015593716208847452,1.0,8.0,3.0,6.333333333333333,8.0,3.0,2.0,0.37,0.06259335668489091,0.9163635726931666,-0.0003707448643746964,0.016431403423426024,1.0,0.0
2024-01-08,100,106,14.0,3.0,0.14,0.03,0.95,0.04723065905794454,5686328203966.646,0.06392716491257656,0.020939539849903172,1.0,10.0,8.0,7.0,8.2,3.0,2.3333333333333335,0.04,0.07637452759384017,0.946471080099194,-0.0037319462076316648,0.015593716208847452,1.0,1.8000000000000007
2024-01-09,100,106,3.0,1.0,0.03,0.01,0.13,0.03613509886841878,5768114170705.511,-0.01593327794769921,0.02076626558874225,1.0,14.0,10.0,10.666666666666666,8.6,3.0,3.0,0.95,0.04723065905794454,1.3314892697128404,0.06392716491257656,0.020939539849903172,1.0,5.4
2024-01-10,100,106,41.0,3.0,0.41,0.03,1.0,0.04134252056392869,4843671429406.909,0.025583438518771578,0.021414591482026027,1.0,3.0,14.0,9.0,7.6,1.0,2.3333333333333335,0.13,0.03613509886841878,1.3068318684153901,-0.01593327794769921,0.02076626558874225,1.0,-4.6
2024-01-11,100,106,19.0,2.0,0.19,0.02,0.96,0.03694452898746691,6136056486992.57,-0.0011166068895733109,0.021431500383214896,1.0,41.0,3.0,19.333333333333332,15.2,3.0,2.3333333333333335,1.0,0.04134252056392869,1.0800319903903854,0.025583438518771578,0.021414591482026027,1.0,25.8
2024-01-12,100,106,7.0,0.0,0.07,0.0,0.11,0.02961148027616364,7547505774060.962,-0.06694371920287534,0.026555398525856286,1.0,19.0,41.0,21.0,17.4,2.0,2.0,0.96,0.03694452898746691,1.3280257846966876,-0.0011166068895733109,0.021431500383214896,1.0,1.6000000000000014
2024-01-13,100,106,5.0,0.0,0.05,0.0,0.7,0.02760848736920334,5790371735247.216,-0.00788835454559993,0.026151858392985446,0.0,7.0,19.0,22.333333333333332,16.8,0.0,1.6666666666666667,0.11,0.02961148027616364,1.5699437953682283,-0.06694371920287534,0.026555398525856286,1.0,-9.8
2024-01-14,100,106,1.0,0.0,0.01,0.0,0.07,0.02701193864889398,3278677234199.4214,-0.02710742728008502,0.026887770303226605,0.0,5.0,7.0,10.333333333333334,15.0,0.0,0.6666666666666666,0.7,0.02760848736920334,1.170822674303626,-0.00788835454559993,0.026151858392985446,0.0,-10.0
2024-01-15,100,106,10.0,0.0,0.1,0.0,0.91,0.02844743594918605,2634919008664.3906,0.016640411618422873,0.026837664434621634,0.0,1.0,5.0,4.333333333333333,14.6,0.0,0.0,0.07,0.02701193864889398,0.6694586601080103,-0.02710742728008502,0.026887770303226605,0.0,-13.6
2024-01-16,100,106,6.0,2.0,0.06,0.02,0.73,0.03655637905627111,2867639525446.5034,0.014326063814275876,0.026807288553692302,0.0,10.0,1.0,5.333333333333333,8.4,0.0,0.0,0.91,0.02844743594918605,0.5447934623737264,0.016640411618422873,0.026837664434621634,0.0,1.5999999999999996
2024-01-17,100,106,2.0,0.0,0.02,0.0,0.26,0.027336541328634445,3100046620861.509,-0.0071203637216251895,0.026521974793039114,0.0,6.0,10.0,5.666666666666667,5.8,2.0,0.6666666666666666,0.73,0.03655637905627111,0.602499247165367,0.014326063814275876,0.026807288553692302,0.0,0.20000000000000018
2024-01-18,100,106,1.0,1.0,0.01,0.01,0.08,0.03184655799450067,2521950570450.478,-0.025712255701520217,0.02714721461038658,0.0,2.0,6.0,6.0,4.8,0.0,0.6666666666666666,0.26,0.027336541328634445,0.6584633968095881,-0.0071203637216251895,0.026521974793039114,0.0,-2.8
2024-01-19,100,106,3.0,0.0,0.03,0.0,0.35,0.028176651115662154,2902064916735.589,0.00791150245207715,0.02718951887234867,0.0,1.0,2.0,3.0,4.0,1.0,1.0,0.08,0.03184655799450067,0.5491982886163236,-0.025712255701520217,0.02714721461038658,0.0,-3.0
2024-01-20,100,106,2.0,0.0,0.02,0.0,0.44,0.027144920023370753,2906021177868.6294,-0.003852298787806972,0.027168657356223744,0.0,3.0,1.0,2.0,4.4,0.0,0.3333333333333333,0.35,0.028176651115662154,0.6415257506589471,0.00791150245207715,0.02718951887234867,0.0,-1.4000000000000004
2024-01-21,100,106,1.0,0.0,0.01,0.0,0.16,0.019269696216023466,1575276712484.425,-0.0022627594421000515,0.026202875415285834,0.0,2.0,3.0,2.0,2.8,0.0,0.3333333333333333,0.44,0.027144920023370753,0.643893190544677,-0.003852298787806972,0.027168657356223744,0.0,-0.7999999999999998
2024-01-22,100,106,0.0,0.0,0.0,0.0,0.03,0.02221281143005188,1462861096710.9404,-0.04815520452552082,0.02753564674516422,0.0,1.0,2.0,2.0,1.8,0.0,0.0,0.16,0.019269696216023466,0.3547144905236316,-0.0022627594421000515,0.026202875415285834,0.0,-0.8
2024-01-23,100,106,4.0,0.0,0.04,0.0,0.28,0.03027631193655874,2300763339840.2925,0.012718425768610417,0.027264795524924765,0.0,0.0,1.0,1.0,1.4,0.0,0.0,0.03,0.02221281143005188,0.33761534676453975,-0.04815520452552082,0.02753564674516422,0.0,-1.4
2024-01-24,100,106,6.0,2.0,0.06,0.02,0.72,0.04176947635727999,2898256800036.725,-0.00341806479866612,0.026934415984179765,0.0,4.0,0.0,1.6666666666666667,2.0,0.0,0.0,0.28,0.03027631193655874,0.5493926491654317,0.012718425768610417,0.027264795524924765,0.0,2.0
2024-01-25,100,106,3.0,1.0,0.03,0.01,0.38,0.0357799514309776,2026484879937.3555,-0.001795088468542045,0.02693553920288165,0.0,6.0,4.0,3.3333333333333335,2.6,2.0,0.6666666666666666,0.72,0.04176947635727999,0.7521180076326326,-0.00341806479866612,0.026934415984179765,0.0,3.4
2024-01-26,100,106,4.0,2.0,0.04,0.02,0.95,0.03161559817660701,2110833627474.1719,0.04266925554082938,0.028866881374934955,0.0,3.0,6.0,4.333333333333333,2.8,1.0,1.0,0.38,0.0357799514309776,0.5479191827325245,-0.001795088468542045,0.02693553920288165,0.0,0.20000000000000018
2024-01-27,100,106,3.0,0.0,0.03,0.0,0.65,0.026202889181472386,2025870511153.6294,0.010087550610652541,0.02897741731449408,0.0,4.0,3.0,4.333333333333333,3.4,2.0,1.6666666666666667,0.95,0.03161559817660701,0.5836684029174606,0.04266925554082938,0.028866881374934955,0.0,0.6000000000000001
2024-01-28,100,106,2.0,0.0,0.02,0.0,0.15,0.027893301691827427,1481215478757.1963,-0.0039847906376886235,0.024638725035631588,0.0,3.0,4.0,3.3333333333333335,4.0,0.0,1.0,0.65,0.026202889181472386,0.575664568161329,0.010087550610652541,0.02897741731449408,0.0,-1.0
2024-01-29,100,106,2.0,0.0,0.02,0.0,0.94,0.023229674268039614,1755427629373.4055,0.021307964414375467,0.02511337494966298,1.0,2.0,3.0,3.0,3.6,0.0,0.6666666666666666,0.15,0.027893301691827427,0.4476418220401374,-0.0039847906376886235,0.024638725035631588,0.0,-1.6
2024-01-30,100,106,1.0,0.0,0.01,0.0,0.13,0.016486340592017833,1893153100285.2463,-0.0023037972007428744,0.0242364326895323,1.0,2.0,2.0,2.3333333333333335,2.8,0.0,0.0,0.94,0.023229674268039614,0.5647556677704776,0.021307964414375467,0.02511337494966298,1.0,-0.7999999999999998
2024-01-31,100,106,1.0,0.0,0.01,0.0,0.06,0.01676314216913929,2439047850879.1953,-0.0038571706997725906,0.024228208850087727,1.0,1.0,2.0,1.6666666666666667,2.4,0.0,0.0,0.13,0.016486340592017833,0.639412457206677,-0.0023037972007428744,0.0242364326895323,1.0,-1.4
2024-02-01,100,106,1.0,0.0,0.01,0.0,0.55,0.017717350236019197,2097713787609.289,0.006989713582235007,0.01923450251293364,1.0,1.0,1.0,1.3333333333333333,1.8,0.0,0.0,0.06,0.01676314216913929,0.8786450603972472,-0.0038571706997725906,0.024228208850087727,1.0,-0.8
2024-02-02,100,106,1.0,0.0,0.01,0.0,0.8,0.018892654103984923,1486946899110.113,0.002515852030687004,0.019157309484836852,1.0,1.0,1.0,1.0,1.4,0.0,0.0,0.55,0.017717350236019197,0.8379359406042729,0.006989713582235007,0.01923450251293364,1.0,-0.3999999999999999
2024-02-03,100,106,1.0,0.0,0.01,0.0,0.39,0.01634324900578664,1359947101678.8582,-0.0006579003096637018,0.01804801170073803,1.0,1.0,1.0,1.0,1.2,0.0,0.0,0.8,0.018892654103984923,0.6498159513713718,0.002515852030687004,0.019157309484836852,1.0,-0.19999999999999996
2024-02-04,100,106,0.0,0.0,0.0,0.0,0.08,0.014217153709390185,1084360626817.3663,-0.007605629907219884,0.017797300181579222,1.0,1.0,1.0,1.0,1.0,0.0,0.0,0.39,0.01634324900578664,0.6203226907235848,-0.0006579003096637018,0.01804801170073803,1.0,0.0
2024-02-05,100,106,2.0,0.0,0.02,0.0,0.59,0.01565431014864171,857420349111.1176,0.001206528996847033,0.017495837149696915,1.0,0.0,1.0,0.6666666666666666,0.8,0.0,0.0,0.08,0.014217153709390185,0.5127499742494934,-0.007605629907219884,0.017797300181579222,1.0,-0.8
2024-02-06,100,106,2.0,0.0,0.02,0.0,0.39,0.01870923254925845,1384690022883.8435,0.0026628012443499684,0.01743075119215046,1.0,2.0,0.0,1.0,1.0,0.0,0.0,0.59,0.01565431014864171,0.42567021794753696,0.001206528996847033,0.017495837149696915,1.0,1.0
2024-02-07,100,106,1.0,0.0,0.01,0.0,0.72,0.01757110891525398,1288545341869.5952,0.02000553006842483,0.016838200116011434,1.0,2.0,2.0,1.3333333333333333,1.2,0.0,0.0,0.39,0.01870923254925845,0.7180083070538466,0.0026628012443499684,0.01743075119215046,1.0,0.8
2024-02-08,100,107,3.0,1.0,0.03,0.01,0.86,0.030258107563596974,1795937202785.7024,0.02910801611515677,0.017833772760154125,1.0,1.0,2.0,1.6666666666666667,1.2,0.0,0.0,0.72,0.01757110891525398,0.6902261830570646,0.02000553006842483,0.016838200116011434,1.0,-0.19999999999999996
2024-02-09,100,107,5.0,0.0,0.05,0.0,0.96,0.02242496067345815,2355495897380.6772,0.026590159415134977,0.018455336918602343,1.0,3.0,1.0,2.0,1.6,1.0,0.3333333333333333,0.86,0.030258107563596974,0.9913877223560446,0.02910801611515677,0.017833772760154125,1.0,1.4
2024-02-10,100,107,2.0,0.0,0.02,0.0,0.41,0.01954915962110581,3156312347168.197,0.013522677227768527,0.01846182969803904,1.0,5.0,3.0,3.0,2.6,0.0,0.3333333333333333,0.96,0.02242496067345815,1.3203360472542396,0.026590159415134977,0.018455336918602343,1.0,2.4
2024-02-11,100,107,3.0,1.0,0.03,0.01,0.56,0.031173726900079232,2026986258033.2139,0.010494860502123206,0.013387751696263894,1.0,2.0,5.0,3.3333333333333335,2.6,0.0,0.3333333333333333,0.41,0.01954915962110581,1.694151149709673,0.013522677227768527,0.01846182969803904,1.0,-0.6000000000000001
2024-02-12,100,107,3.0,0.0,0.03,0.0,0.83,0.0192690898128202,2601712824625.1533,0.0268029838837054,0.013962127006463368,1.0,3.0,2.0,3.3333333333333335,2.8,1.0,0.3333333333333333,0.56,0.031173726900079232,1.0717590682161382,0.010494860502123206,0.013387751696263894,1.0,0.20000000000000018
2024-02-13,100,107,3.0,0.0,0.03,0.0,0.3,0.023265240565315114,2925566552381.106,0.004571487587063971,0.01368408257965753,1.0,3.0,3.0,2.6666666666666665,3.2,0.0,0.3333333333333333,0.83,0.0192690898128202,1.3647843247879787,0.0268029838837054,0.013962127006463368,1.0,-0.20000000000000018
2024-02-14,100,107,5.0,1.0,0.05,0.01,0.96,0.02790325082183633,2969722283985.14,0.04204010863728523,0.015142329143680295,1.0,3.0,3.0,3.0,3.2,0.0,0.3333333333333333,0.3,0.023265240565315114,1.5335702612901625,0.004571487587063971,0.01368408257965753,1.0,-0.20000000000000018
2024-02-15,100,107,11.0,2.0,0.11,0.02,0.9,0.03494992058731499,3433889663470.9697,0.01490285760945695,0.013360983989846729,1.0,5.0,3.0,3.6666666666666665,3.2,1.0,0.3333333333333333,0.96,0.02790325082183633,1.519159755135984,0.04204010863728523,0.015142329143680295,1.0,1.7999999999999998
2024-02-16,100,107,7.0,1.0,0.07,0.01,0.71,0.02909086706610282,5451961893384.57,0.012205394891794953,0.013364099896013414,1.0,11.0,5.0,6.333333333333333,5.0,2.0,1.0,0.9,0.03494992058731499,1.6991058459992385,0.01490285760945695,0.013360983989846729,1.0,6.0
2024-02-17,100,107,4.0,2.0,0.04,0.02,0.3,0.0316155842179337,3810180080895.5557,-0.008325376297018652,0.013649478096830482,1.0,7.0,11.0,7.666666666666667,5.8,1.0,1.3333333333333333,0.71,0.02909086706610282,2.4868655244790725,0.012205394891794953,0.013364099896013414,1.0,1.2000000000000002
2024-02-18,100,107,6.0,0.0,0.06,0.0,0.82,0.02533195009968817,3450855664222.235,0.006049051854080607,0.01344488922179922,1.0,4.0,7.0,7.333333333333333,6.0,2.0,1.6666666666666667,0.3,0.0316155842179337,1.6503210045386727,-0.008325376297018652,0.013649478096830482,1.0,-2.0
2024-02-19,100,107,8.0,1.0,0.08,0.01,0.85,0.031072466569570873,2821193996032.058,-0.0029084553514778064,0.013474295303034333,1.0,6.0,4.0,5.666666666666667,6.6,0.0,1.0,0.82,0.02533195009968817,1.4417478718901653,0.006049051854080607,0.01344488922179922,1.0,-0.5999999999999996
2024-02-20,100,107,7.0,1.0,0.07,0.01,0.37,0.04893708524971492,3527716222361.999,0.006057845766350031,0.013122570445089996,1.0,8.0,6.0,6.0,7.2,1.0,1.0,0.85,0.031072466569570873,1.1562629048703121,-0.0029084553514778064,0.013474295303034333,1.0,0.7999999999999998
2024-02-21,100,107,7.0,2.0,0.07,0.02,0.23,0.035514199545836636,4893506284421.492,0.0028494776798229904,0.013210093953937201,1.0,7.0,8.0,7.0,6.4,1.0,0.6666666666666666,0.37,0.04893708524971492,1.4142783733585291,0.006057845766350031,0.013122570445089996,1.0,0.5999999999999996
2024-02-22,100,107,8.0,1.0,0.08,0.01,0.48,0.03876940894391055,3833456479739.234,-0.011055821719551853,0.01394837254862842,1.0,7.0,7.0,7.333333333333333,6.4,2.0,1.3333333333333333,0.23,0.035514199545836636,1.8577192490034342,0.0028494776798229904,0.013210093953937201,1.0,0.5999999999999996
2024-02-23,100,107,7.0,1.0,0.07,0.01,0.28,0.033339889387705345,2959084227755.473,-0.011179420674494385,0.01453479392607751,1.0,8.0,7.0,7.333333333333333,7.2,1.0,1.3333333333333333,0.48,0.03876940894391055,1.3932379791584697,-0.011055821719551853,0.01394837254862842,1.0,0.7999999999999998
2024-02-24,100,107,9.0,1.0,0.09,0.01,0.65,0.0706936237874117,3117404631162.9697,0.004256165171269117,0.014060105128170622,1.0,7.0,8.0,7.333333333333333,7.4,1.0,1.3333333333333333,0.28,0.033339889387705345,1.0450848263316683,-0.011179420674494385,0.01453479392607751,1.0,-0.40000000000000036
2024-02-25,100,107,4.0,0.0,0.04,0.0,0.5,0.033585552495662405,3545234147853.113,0.0020932412832771526,0.014033974490207955,1.0,9.0,7.0,8.0,7.6,1.0,1.0,0.65,0.0706936237874117,1.0628426772797082,0.004256165171269117,0.014060105128170622,1.0,1.4000000000000004
2024-02-26,100,107,5.0,1.0,0.05,0.01,0.88,0.03394516390583997,2847733138398.614,0.047763157002442304,0.01631009141606957,1.0,4.0,9.0,6.666666666666667,7.0,0.0,0.6666666666666666,0.5,0.033585552495662405,1.1557508766526428,0.0020932412832771526,0.014033974490207955,1.0,-3.0
2024-02-27,100,107,8.0,1.0,0.08,0.01,0.69,0.029380328925333387,3533130221189.6484,0.05057121737099189,0.018416244366609186,1.0,5.0,4.0,6.0,6.6,1.0,0.6666666666666666,0.88,0.03394516390583997,0.9067409699759285,0.047763157002442304,0.01631009141606957,1.0,-1.5999999999999996
2024-02-28,100,108,20.0,3.0,0.2,0.03,0.91,0.05097781887039751,5464143442169.596,0.108555649991093,0.028049671949452445,1.0,8.0,5.0,5.666666666666667,6.6,1.0,0.6666666666666666,0.69,0.029380328925333387,1.08616317247961,0.05057121737099189,0.018416244366609186,1.0,1.4000000000000004
2024-02-29,100,108,27.0,10.0,0.27,0.1,0.76,0.05437506431198057,9022039262222.666,-0.019868813844130334,0.029141692448859793,1.0,20.0,8.0,11.0,9.2,3.0,1.6666666666666667,0.91,0.05097781887039751,1.5901406133880986,0.108555649991093,0.028049671949452445,1.0,10.8
2024-03-01,100,108,22.0,10.0,0.22,0.1,0.99,0.05671180956356956,9755907135990.996,0.017160720479618516,0.029143537610463358,1.0,27.0,20.0,18.333333333333332,12.8,10.0,4.666666666666667,0.76,0.05437506431198057,2.393373209675501,-0.019868813844130334,0.029141692448859793,1.0,14.2
2024-03-02,100,108,17.0,8.0,0.17,0.08,0.79,0.07842497821711367,7110862922150.971,-0.011670059938475592,0.029745173460975907,1.0,22.0,27.0,23.0,16.4,10.0,7.666666666666667,0.99,0.05671180956356956,2.3797384192695965,0.017160720479618516,0.029143537610463358,1.0,5.600000000000001
2024-03-03,100,108,12.0,3.0,0.12,0.03,0.27,0.05081174776405442,10187055833895.76,0.018341350910278328,0.029614025718930032,1.0,17.0,22.0,22.0,18.8,8.0,9.333333333333334,0.79,0.07842497821711367,1.6332674901862487,-0.011670059938475592,0.029745173460975907,1.0,-1.8000000000000007
2024-03-04,100,108,16.0,6.0,0.16,0.06,0.76,0.0769876332939839,9322959648620.307,0.0819939993852982,0.033210778297857964,1.0,12.0,17.0,17.0,19.6,3.0,7.0,0.27,0.05081174776405442,2.152331823326694,0.018341350910278328,0.029614025718930032,1.0,-7.600000000000001
2024-03-05,100,108,21.0,7.0,0.21,0.07,0.13,0.07927404373771635,13142495882991.12,-0.04524931994498406,0.0354734772553756,1.0,16.0,12.0,15.0,18.8,6.0,5.666666666666667,0.76,0.0769876332939839,1.8450703989078556,0.0819939993852982,0.033210778297857964,1.0,-2.8000000000000007
2024-03-06,100,108,26.0,7.0,0.26,0.07,0.94,0.0589568791067928,21508042354579.965,0.022211097258946894,0.03553032709512357,1.0,21.0,16.0,16.333333333333332,17.6,7.0,5.333333333333333,0.13,0.07927404373771635,2.363103494608479,-0.04524931994498406,0.0354734772553756,1.0,3.3999999999999986
2024-03-07,100,108,16.0,4.0,0.16,0.04,0.77,0.04366702722095983,11957625790568.674,0.007844851716254281,0.03555201362362711,1.0,26.0,21.0,21.0,18.4,7.0,6.666666666666667,0.94,0.0589568791067928,3.3267156615474645,0.022211097258946894,0.03553032709512357,1.0,7.600000000000001
2024-03-08,100,108,13.0,2.0,0.13,0.02,0.5,0.03598908107528428,8663125483407.797,0.02288102259383706,0.03523754329605194,1.0,16.0,26.0,21.0,18.2,4.0,6.0,0.77,0.04366702722095983,1.7609263755532312,0.007844851716254281,0.03555201362362711,1.0,-2.1999999999999993
2024-03-09,100,108,15.0,2.0,0.15,0.02,0.63,0.06312441818935573,8779082507727.09,-0.003028365905378902,0.03541467797991642,1.0,13.0,16.0,18.333333333333332,18.4,2.0,4.333333333333333,0.5,0.03598908107528428,1.2317510941641265,0.02288102259383706,0.03523754329605194,1.0,-5.399999999999999
2024-03-10,100,108,16.0,9.0,0.16,0.09,0.4,0.07512527597436239,7076924228245.197,0.016015561432190104,0.035180459878599954,1.0,15.0,13.0,14.666666666666666,18.2,2.0,2.6666666666666665,0.63,0.06312441818935573,1.2026815932106563,-0.003028365905378902,0.03541467797991642,1.0,-3.1999999999999993
2024-03-11,100,108,23.0,7.0,0.23,0.07,0.82,0.05064379538196576,9731412697086.768,0.02940095246391175,0.035243913975187155,1.0,16.0,15.0,14.666666666666666,17.2,9.0,4.333333333333333,0.4,0.07512527597436239,0.9420353513331832,0.016015561432190104,0.035180459878599954,1.0,-1.1999999999999993
2024-03-12,100,108,10.0,4.0,0.1,0.04,0.61,0.041958668101803626,13304320138032.117,0.007896709751903193,0.03515903664132655,1.0,23.0,16.0,18.0,16.6,7.0,6.0,0.82,0.05064379538196576,1.244018717650884,0.02940095246391175,0.035243913975187155,1.0,6.399999999999999
2024-03-13,100,108,11.0,2.0,0.11,0.02,0.82,0.03794136149791659,9086137118924.285,0.028464531693971867,0.03462067693562582,1.0,10.0,23.0,16.333333333333332,15.4,4.0,6.666666666666667,0.61,0.041958668101803626,1.6139943584353886,0.007896709751903193,0.03515903664132655,1.0,-5.4
2024-03-14,100,108,12.0,3.0,0.12,0.03,0.25,0.04868227118810257,7992447773968.572,-0.015641955096707266,0.03483723904199113,1.0,11.0,10.0,14.666666666666666,15.0,2.0,4.333333333333333,0.82,0.03794136149791659,1.0682364319209896,0.028464531693971867,0.03462067693562582,1.0,-4.0
2024-03-15,100,108,5.0,2.0,0.05,0.02,0.09,0.04671544131717265,11384493925877.488,-0.014800816609370243,0.03550160455584954,1.0,12.0,11.0,11.0,14.4,3.0,3.0,0.25,0.04868227118810257,0.9126503213792507,-0.015641955096707266,0.03483723904199113,1.0,-2.4000000000000004
2024-03-16,100,108,3.0,0.0,0.03,0.0,0.07,0.04027281038753732,11983161533172.5,-0.042814489772351465,0.03787149081257901,1.0,5.0,12.0,9.333333333333334,12.2,2.0,2.3333333333333335,0.09,0.04671544131717265,1.2413906329647193,-0.014800816609370243,0.03550160455584954,1.0,-7.199999999999999
2024-03-17,100,108,11.0,1.0,0.11,0.01,0.94,0.03331415386607176,8171761788742.385,0.032083854560906754,0.03732244846686289,1.0,3.0,5.0,6.666666666666667,8.2,0.0,1.6666666666666667,0.07,0.04027281038753732,1.2492017557456951,-0.042814489772351465,0.03787149081257901,1.0,-5.199999999999999
2024-03-18,100,108,3.0,0.0,0.03,0.0,0.09,0.03432665352384087,7883887823679.098,-0.008866072693528824,0.0366610403528418,1.0,11.0,3.0,6.333333333333333,8.4,1.0,1.0,0.94,0.03331415386607176,0.828875215052377,0.032083854560906754,0.03732244846686289,1.0,2.5999999999999996
2024-03-19,100,108,3.0,0.0,0.03,0.0,0.07,0.03959136686217382,6194825174008.595,-0.06753708881887033,0.0331100771172028,0.0,3.0,11.0,5.666666666666667,6.8,0.0,0.3333333333333333,0.09,0.03432665352384087,0.7824115986740635,-0.008866072693528824,0.0366610403528418,1.0,-3.8
2024-03-20,100,108,34.0,3.0,0.34,0.03,1.0,0.052764949671996984,8880730128019.406,0.07443970519961246,0.03628402919068277,1.0,3.0,3.0,5.666666666666667,5.0,0.0,0.3333333333333333,0.07,0.03959136686217382,0.6125649166712747,-0.06753708881887033,0.0331100771172028,0.0,-2.0
2024-03-21,100,108,9.0,2.0,0.09,0.02,0.43,0.06324414714031358,8114176306337.923,-0.04275582340030286,0.03787907892944557,0.0,34.0,3.0,13.333333333333334,10.8,3.0,1.0,1.0,0.052764949671996984,0.8787700894882804,0.07443970519961246,0.03628402919068277,1.0,23.2
2024-03-22,100,108,7.0,0.0,0.07,0.0,0.18,0.02908734252899179,7682840442462.0,-0.01791956379828865,0.03804456323638026,0.0,9.0,34.0,15.333333333333334,12.0,2.0,1.6666666666666667,0.43,0.06324414714031358,0.809492943541053,-0.04275582340030286,0.03787907892944557,0.0,-3.0
2024-03-23,100,108,9.0,2.0,0.09,0.02,0.57,0.03471956743606685,5637530910459.149,-0.006209640055015877,0.03795848100966469,0.0,7.0,9.0,16.666666666666668,11.2,0.0,1.6666666666666667,0.18,0.02908734252899179,0.7642810968552464,-0.01791956379828865,0.03804456323638026,0.0,-4.199999999999999
2024-03-24,100,108,6.0,0.0,0.06,0.0,0.94,0.019187728855648588,4251526270282.885,0.03528575950212465,0.03407567746110862,0.0,9.0,7.0,8.333333333333334,12.4,2.0,1.3333333333333333,0.57,0.03471956743606685,0.5738003884744624,-0.006209640055015877,0.03795848100966469,0.0,-3.4000000000000004
2024-03-25,100,108,11.0,3.0,0.11,0.03,0.94,0.054704474514528784,4127218780694.8633,0.026331017812368147,0.03274122051109288,1.0,6.0,9.0,7.333333333333333,13.0,0.0,0.6666666666666666,0.94,0.019187728855648588,0.4441940063711395,0.03528575950212465,0.03407567746110862,0.0,-7.0
2024-03-26,100,108,24.0,6.0,0.24,0.06,0.88,0.05475980036246432,6376129347224.61,0.008521880604377792,0.032486181896479206,1.0,11.0,6.0,8.666666666666666,8.4,3.0,1.6666666666666667,0.94,0.054704474514528784,0.4525179561636236,0.026331017812368147,0.03274122051109288,1.0,2.5999999999999996
2024-03-27,100,108,8.0,1.0,0.08,0.01,0.22,0.03649120344588541,9211018645141.951,-0.001610475438233105,0.0324881124691345,1.0,24.0,11.0,13.666666666666666,11.4,6.0,3.0,0.88,0.05475980036246432,0.7623330716974526,0.008521880604377792,0.032486181896479206,1.0,12.6
2024-03-28,100,109,6.0,1.0,0.06,0.01,0.57,0.03204627092855399,9538150572896.914,0.010060346815504885,0.03220054085811243,1.0,8.0,24.0,14.333333333333334,11.6,1.0,3.3333333333333335,0.22,0.03649120344588541,1.1196577687838758,-0.001610475438233105,0.0324881124691345,1.0,-3.5999999999999996
2024-03-29,100,109,6.0,2.0,0.06,0.02,0.36,0.04005580949181892,6445218669242.97,-0.010951724052265105,0.03231892248625503,1.0,6.0,8.0,12.666666666666666,11.0,1.0,2.6666666666666665,0.57,0.03204627092855399,1.1532892584665142,0.010060346815504885,0.03220054085811243,1.0,-5.0
2024-03-30,100,109,4.0,1.0,0.04,0.01,0.22,0.03092922872940859,5901078582021.79,0.0018419714296680461,0.03214967130582003,1.0,6.0,6.0,6.666666666666667,11.0,2.0,1.3333333333333333,0.36,0.04005580949181892,0.7904659401797924,-0.010951724052265105,0.03231892248625503,1.0,-5.0
2024-03-31,100,109,7.0,0.0,0.07,0.0,0.78,0.023764701229989933,4140862057568.7935,0.009803268279263469,0.03153972774220393,1.0,4.0,6.0,5.333333333333333,9.6,1.0,1.3333333333333333,0.22,0.03092922872940859,0.7289869119401997,0.0018419714296680461,0.03214967130582003,1.0,-5.6
2024-04-01,100,109,3.0,0.0,0.03,0.0,0.08,0.032546543214327164,3758406437186.8936,-0.008653756695054783,0.031546516490058116,1.0,7.0,4.0,5.666666666666667,6.2,0.0,1.0,0.78,0.023764701229989933,0.5298353097577989,0.009803268279263469,0.03153972774220393,1.0,0.7999999999999998
2024-04-02,100,109,0.0,0.0,0.0,0.0,0.03,0.02805818410515097,5280631315145.992,-0.04126956386194106,0.03202142670664967,0.0,3.0,7.0,4.666666666666667,5.2,0.0,0.3333333333333333,0.08,0.032546543214327164,0.5121784415808912,-0.008653756695054783,0.031546516490058116,1.0,-2.2
2024-04-03,100,109,3.0,0.0,0.03,0.0,0.34,0.02761698160327603,5178856063562.569,0.004663611059539563,0.03195582265682603,0.0,0.0,3.0,3.3333333333333335,4.0,0.0,0.0,0.03,0.02805818410515097,0.7387766517158693,-0.04126956386194106,0.03202142670664967,0.0,-4.0
2024-04-04,100,109,4.0,1.0,0.04,0.01,0.95,0.03746731793321049,3699770517032.326,0.0291959490279878,0.03260967312711832,1.0,3.0,0.0,2.0,3.4,0.0,0.0,0.34,0.02761698160327603,0.7390842731010473,0.004663611059539563,0.03195582265682603,0.0,-0.3999999999999999
2024-04-05,100,109,2.0,0.0,0.02,0.0,0.11,0.0221887743884861,4042596284216.5244,-0.009779855957397474,0.031175625567683305,1.0,4.0,3.0,2.3333333333333335,3.4,1.0,0.3333333333333333,0.95,0.03746731793321049,0.5586339253019055,0.0291959490279878,0.03260967312711832,1.0,0.6000000000000001
2024-04-06,100,109,5.0,1.0,0.05,0.01,0.82,0.02558757453686037,3894553836777.1675,0.0063723197946864655,0.030338027590776424,1.0,2.0,4.0,3.0,2.4,0.0,0.3333333333333333,0.11,0.0221887743884861,0.6493232679491965,-0.009779855957397474,0.031175625567683305,1.0,-0.3999999999999999
2024-04-07,100,109,1.0,0.0,0.01,0.0,0.74,0.01770569321932199,2410233699333.249,0.0034880474091691445,0.030283411983677636,1.0,5.0,2.0,3.6666666666666665,2.8,1.0,0.6666666666666666,0.82,0.02558757453686037,0.647796668720523,0.0063723197946864655,0.030338027590776424,1.0,2.2
2024-04-08,100,109,10.0,1.0,0.1,0.01,0.96,0.039427567802417546,2521766907250.266,0.027122325648731314,0.02627743180826226,1.0,1.0,5.0,2.6666666666666665,3.0,0.0,0.3333333333333333,0.74,0.01770569321932199,0.42002444348824614,0.0034880474091691445,0.030283411983677636,1.0,-2.0
2024-04-09,100,109,4.0,2.0,0.04,0.02,0.09,0.038538447893378416,5084242672036.919,-0.02731355044412477,0.021525474208151398,1.0,10.0,1.0,5.333333333333333,4.4,1.0,0.6666666666666666,0.96,0.039427567802417546,0.4539908353077003,0.027122325648731314,0.02627743180826226,1.0,5.6
2024-04-10,100,109,4.0,0.0,0.04,0.0,0.32,0.03094643786476443,5454185413804.425,0.012503288667812999,0.0191943549343667,1.0,4.0,10.0,5.0,4.4,2.0,1.0,0.09,0.038538447893378416,0.9476969076324824,-0.02731355044412477,0.021525474208151398,1.0,-0.40000000000000036
2024-04-11,100,109,6.0,2.0,0.06,0.02,0.46,0.048642016455479,4240169968696.0073,-0.0005866531606398126,0.018602519887845982,1.0,4.0,4.0,6.0,4.8,0.0,1.0,0.32,0.03094643786476443,1.0424983381682222,0.012503288667812999,0.0191943549343667,1.0,-0.7999999999999998
2024-04-12,100,109,7.0,4.0,0.07,0.04,0.04,0.046297128732241725,4140087168983.243,-0.007637931069687682,0.018644212112627904,1.0,6.0,4.0,4.666666666666667,5.0,2.0,1.3333333333333333,0.46,0.048642016455479,0.8380267231793411,-0.0005866531606398126,0.018602519887845982,1.0,1.0
2024-04-13,100,109,6.0,1.0,0.06,0.01,0.02,0.04863810591749507,6562192300248.351,-0.026681791025621508,0.018204881915926466,0.0,7.0,6.0,5.666666666666667,6.2,4.0,2.0,0.04,0.046297128732241725,0.830536424118252,-0.007637931069687682,0.018644212112627904,1.0,0.7999999999999998
2024-04-14,100,109,24.0,1.0,0.24,0.01,0.99,0.031454750325700456,6849604879817.665,0.017913911058349365,0.01765985800517788,0.0,6.0,7.0,6.333333333333333,5.4,1.0,2.3333333333333335,0.02,0.04863810591749507,1.286611418214131,-0.026681791025621508,0.018204881915926466,0.0,0.5999999999999996
2024-04-15,100,109,9.0,1.0,0.09,0.01,0.13,0.03203636900122617,4916471327415.251,-0.02433703151167584,0.018326529522186184,0.0,24.0,6.0,12.333333333333334,9.4,1.0,2.0,0.99,0.031454750325700456,1.3080532572045505,0.017913911058349365,0.01765985800517788,0.0,14.6
2024-04-16,100,109,3.0,0.0,0.03,0.0,0.19,0.026641394352810335,5357170327440.495,-0.00968132314453203,0.018410965816822798,0.0,9.0,24.0,13.0,10.4,1.0,1.0,0.13,0.03203636900122617,0.9521577794698666,-0.02433703151167584,0.018326529522186184,0.0,-1.4000000000000004
2024-04-17,100,109,1.0,0.0,0.01,0.0,0.07,0.028310795009339775,3849840027398.9233,-0.04468810449354597,0.020449882601805105,0.0,3.0,9.0,12.0,9.8,0.0,0.6666666666666666,0.19,0.026641394352810335,1.0777252976832732,-0.00968132314453203,0.018410965816822798,0.0,-6.800000000000001
2024-04-18,100,109,4.0,2.0,0.04,0.02,0.97,0.03829838290361659,3368247463957.9478,0.02096680784068939,0.02118768833884132,0.0,1.0,3.0,4.333333333333333,8.6,0.0,0.3333333333333333,0.07,0.028310795009339775,0.8214925220487795,-0.04468810449354597,0.020449882601805105,0.0,-7.6
2024-04-19,100,109,7.0,2.0,0.07,0.02,0.33,0.03279328990517395,3712238930315.1387,0.0003641309626516691,0.021171243358180918,0.0,4.0,1.0,2.6666666666666665,8.2,2.0,0.6666666666666666,0.97,0.03829838290361659,0.7431244400675396,0.02096680784068939,0.02118768833884132,0.0,-4.199999999999999
2024-04-20,100,109,20.0,2.0,0.2,0.02,0.98,0.02695302171123122,5565472173542.761,0.015037877364540502,0.021374593647612784,0.0,7.0,4.0,4.0,4.8,2.0,1.3333333333333333,0.33,0.03279328990517395,0.8392832121734254,0.0003641309626516691,0.021171243358180918,0.0,2.2
2024-04-21,100,109,5.0,1.0,0.05,0.01,0.3,0.027540037387603473,3163795673615.9766,0.0006643012164810137,0.021349854268758586,0.0,20.0,7.0,10.333333333333334,7.0,2.0,2.0,0.98,0.02695302171123122,1.2383299950746556,0.015037877364540502,0.021374593647612784,0.0,13.0
2024-04-22,100,109,6.0,0.0,0.06,0.0,1.0,0.021064150038833714,3552705766494.214,0.024201951849792888,0.020105266586841034,0.0,5.0,20.0,10.666666666666666,7.4,1.0,1.6666666666666667,0.3,0.027540037387603473,0.7086393351043431,0.0006643012164810137,0.021349854268758586,0.0,-2.4000000000000004
2024-04-23,100,109,7.0,2.0,0.07,0.02,0.25,0.0663180559162071,3224465169692.1216,-0.011871571913565804,0.020268227173400766,0.0,6.0,5.0,10.333333333333334,8.4,0.0,1.0,1.0,0.021064150038833714,0.8114516456757239,0.024201951849792888,0.020105266586841034,0.0,-2.4000000000000004
2024-04-24,100,110,12.0,1.0,0.12,0.01,0.07,0.03647547539848594,4502614386150.509,-0.026491825080276324,0.01983237933216298,0.0,7.0,6.0,6.0,9.0,2.0,1.0,0.25,0.0663180559162071,0.7532933785405836,-0.011871571913565804,0.020268227173400766,0.0,-2.0
2024-04-25,100,110,4.0,1.0,0.04,0.01,0.18,0.028514447416650632,5220516518309.567,-0.00847121487995717,0.019811056364662395,0.0,12.0,7.0,8.333333333333334,10.0,1.0,1.0,0.07,0.03647547539848594,1.0421192170528195,-0.026491825080276324,0.01983237933216298,0.0,2.0
2024-04-26,100,110,3.0,1.0,0.03,0.01,0.2,0.03200179606957538,3260545177888.5957,-0.008597965211647147,0.019722657083933726,0.0,4.0,12.0,7.666666666666667,6.8,1.0,1.3333333333333333,0.18,0.028514447416650632,1.1920270055260607,-0.00847121487995717,0.019811056364662395,0.0,-2.8
2024-04-27,100,110,7.0,2.0,0.07,0.02,0.6,0.039840017218184205,2347362987388.001,-0.0049277832069891895,0.019650763881156857,0.0,3.0,4.0,6.333333333333333,6.4,1.0,1.0,0.2,0.03200179606957538,0.7499250096131284,-0.008597965211647147,0.019722657083933726,0.0,-3.4000000000000004
2024-04-28,100,110,5.0,2.0,0.05,0.02,0.11,0.02114709591905941,2786820521389.0747,-0.010646755772656427,0.0182550134026509,0.0,7.0,3.0,4.666666666666667,6.6,2.0,1.3333333333333333,0.6,0.039840017218184205,0.5402838447352334,-0.0049277832069891895,0.019650763881156857,0.0,0.40000000000000036
2024-04-29,100,110,3.0,2.0,0.03,0.02,0.24,0.02209588856197983,2737377823184.0327,0.009564190972755428,0.01784830835227507,0.0,5.0,7.0,5.0,6.2,2.0,1.6666666666666667,0.11,0.02114709591905941,0.6394815341001692,-0.010646755772656427,0.0182550134026509,0.0,-1.2000000000000002
2024-04-30,100,110,3.0,0.0,0.03,0.0,0.04,0.029455907450586908,3145692667461.443,-0.04776388572171743,0.019859348554414027,0.0,3.0,5.0,5.0,4.4,2.0,2.0,0.24,0.02209588856197983,0.6455175133237266,0.009564190972755428,0.01784830835227507,0.0,-1.4000000000000004
2024-05-01,100,110,3.0,0.0,0.03,0.0,0.52,0.02967737177568814,3314552837021.595,-0.04264693700119476,0.021298828211261642,0.0,3.0,3.0,3.6666666666666665,4.2,0.0,1.3333333333333333,0.04,0.029455907450586908,0.7625608158509355,-0.04776388572171743,0.019859348554414027,0.0,-1.2000000000000002
2024-05-02,100,110,3.0,0.0,0.03,0.0,0.35,0.02234168850786402,4287987686718.112,-0.005054730201519007,0.021317176512877966,0.0,3.0,3.0,3.0,4.2,0.0,0.6666666666666666,0.52,0.02967737177568814,0.8126117370725178,-0.04264693700119476,0.021298828211261642,0.0,-1.2000000000000002
2024-05-03,100,110,7.0,0.0,0.07,0.0,1.0,0.022811423130891285,2254303582101.7476,0.07212077339316426,0.02757282762054212,0.0,3.0,3.0,3.0,3.4,0.0,0.0,0.35,0.02234168850786402,1.049361221016694,-0.005054730201519007,0.021317176512877966,0.0,-0.3999999999999999
2024-05-04,100,111,5.0,1.0,0.05,0.01,0.47,0.02900813300828656,3247023769333.542,0.01126998353360651,0.027331122166798952,0.0,7.0,3.0,4.333333333333333,3.8,0.0,0.0,1.0,0.022811423130891285,0.5823735605713609,0.07212077339316426,0.02757282762054212,0.0,3.2
2024-05-05,100,111,4.0,0.0,0.04,0.0,0.55,0.02256831948120031,2871911486750.685,-0.0026834639420252517,0.026931984948308774,0.0,5.0,7.0,5.0,4.2,1.0,0.3333333333333333,0.47,0.02900813300828656,0.8797709841465337,0.01126998353360651,0.027331122166798952,0.0,0.7999999999999998
2024-05-06,100,111,4.0,1.0,0.04,0.01,0.14,0.02965532325311018,2343456146750.0103,-0.014055524491746685,0.02700277642464692,0.0,4.0,5.0,5.333333333333333,4.4,0.0,0.3333333333333333,0.55,0.02256831948120031,0.8003025436666666,-0.0026834639420252517,0.026931984948308774,0.0,-0.40000000000000036
2024-05-07,100,111,3.0,0.0,0.03,0.0,0.12,0.01921066707396014,3036978087752.794,-0.013707775340886543,0.02536584043189803,0.0,4.0,4.0,4.333333333333333,4.6,1.0,0.6666666666666666,0.14,0.02965532325311018,0.6816639776203075,-0.014055524491746685,0.02700277642464692,0.0,-0.5999999999999996
2024-05-08,100,111,4.0,2.0,0.04,0.02,0.18,0.02473289988143809,2139378590183.073,-0.019866103253312332,0.02504974357320397,0.0,3.0,4.0,3.6666666666666665,4.6,0.0,0.3333333333333333,0.12,0.01921066707396014,0.8939641498943717,-0.013707775340886543,0.02536584043189803,0.0,-1.5999999999999996
2024-05-09,100,111,2.0,1.0,0.02,0.01,1.0,0.02920877737437182,2389104315479.0073,0.02579631282300078,0.02592275773967792,0.0,4.0,3.0,3.6666666666666665,4.0,2.0,1.0,0.18,0.02473289988143809,0.6413466768469274,-0.019866103253312332,0.02504974357320397,0.0,0.0
2024-05-10,100,111,4.0,0.0,0.04,0.0,0.1,0.021810931023397394,1775920736736.5369,-0.026145731045221728,0.026057683089291968,0.0,2.0,4.0,3.0,3.4,1.0,1.0,1.0,0.02920877737437182,0.7307015926360716,0.02579631282300078,0.02592275773967792,0.0,-1.4
2024-05-11,100,111,1.0,0.0,0.01,0.0,0.26,0.014904808027929567,2454496863644.7725,-0.0005942913251067417,0.02604488760830577,0.0,4.0,2.0,3.3333333333333335,3.4,0.0,1.0,0.1,0.021810931023397394,0.5765741114860982,-0.026145731045221728,0.026057683089291968,0.0,0.6000000000000001
2024-05-12,100,111,1.0,0.0,0.01,0.0,0.23,0.02100036399282901,1372337186261.9001,0.008473053152186176,0.025343831658769748,0.0,1.0,4.0,2.3333333333333335,2.8,0.0,0.3333333333333333,0.26,0.014904808027929567,0.8061643185666832,-0.0005942913251067417,0.02604488760830577,0.0,-1.7999999999999998
2024-05-13,100,111,2.0,0.0,0.02,0.0,0.25,0.02180576370342206,1015576349952.76,0.016131138727267912,0.025761694428088348,0.0,1.0,1.0,2.0,2.4,0.0,0.0,0.23,0.02100036399282901,0.46747424699374573,0.008473053152186176,0.025343831658769748,0.0,-1.4
2024-05-14,100,111,4.0,1.0,0.04,0.01,0.11,0.029670700468558787,2321841238966.023,-0.016373883828765652,0.02540217735481567,0.0,2.0,1.0,1.3333333333333333,2.0,0.0,0.0,0.25,0.02180576370342206,0.35947087281111345,0.016131138727267912,0.025761694428088348,0.0,0.0
2024-05-15,100,111,13.0,1.0,0.13,0.01,0.99,0.025527260929250114,2113391393701.9768,0.06284995758789678,0.029416925875284525,1.0,4.0,2.0,2.3333333333333335,2.4,1.0,0.3333333333333333,0.11,0.029670700468558787,0.8548251569582528,-0.016373883828765652,0.02540217735481567,0.0,1.6
2024-05-16,100,111,4.0,0.0,0.04,0.0,0.34,0.024977277492284882,2756874693022.2427,-0.014335085918482834,0.02952941767276315,1.0,13.0,4.0,6.333333333333333,4.2,1.0,0.6666666666666666,0.99,0.025527260929250114,0.825284653467043,0.06284995758789678,0.029416925875284525,1.0,8.8
2024-05-17,100,111,2.0,0.0,0.02,0.0,0.97,0.018598862366539015,2266175837483.9375,0.020126492959534472,0.029866994817290785,1.0,4.0,13.0,7.0,4.8,0.0,0.6666666666666666,0.34,0.024977277492284882,1.0872588530547114,-0.014335085918482834,0.02952941767276315,1.0,-0.7999999999999998
2024-05-18,100,111,1.0,0.0,0.01,0.0,0.56,0.017416922294304586,1892990526153.678,0.0045231403038865844,0.02975815771063327,1.0,2.0,4.0,6.333333333333333,5.0,0.0,0.3333333333333333,0.97,0.018598862366539015,0.8951696804724104,0.020126492959534472,0.029866994817290785,1.0,-3.0
2024-05-19,100,111,2.0,0.0,0.02,0.0,0.04,0.021305504058409405,1433852834844.4868,-0.00951149134831472,0.029787769729898526,1.0,1.0,2.0,2.3333333333333335,4.8,0.0,0.0,0.56,0.017416922294304586,0.7611944326513403,0.0045231403038865844,0.02975815771063327,1.0,-3.8
2024-05-20,100,111,15.0,0.0,0.15,0.0,1.0,0.029135606234453604,1607744120341.8506,0.05359037745328571,0.029779135293477255,1.0,2.0,1.0,1.6666666666666667,4.4,0.0,0.0,0.04,0.021305504058409405,0.5920871162134795,-0.00951149134831472,0.029787769729898526,1.0,-2.4000000000000004
2024-05-21,100,111,2.0,0.0,0.02,0.0,0.62,0.019019359282171543,3004486162778.4272,-0.005774402516391053,0.027711381204068464,1.0,15.0,2.0,6.0,4.8,0.0,0.0,1.0,0.029135606234453604,0.6856651345637127,0.05359037745328571,0.029779135293477255,1.0,10.2
2024-05-22,100,111,0.0,0.0,0.0,0.0,0.07,0.013803845248221296,3539750489658.149,-0.013314722442970271,0.027966193510767262,1.0,2.0,15.0,6.333333333333333,4.4,0.0,0.0,0.62,0.019019359282171543,1.2898712157800023,-0.005774402516391053,0.027711381204068464,1.0,-2.4000000000000004
2024-05-23,100,111,3.0,0.0,0.03,0.0,0.22,0.02253015806973361,2196691659062.575,-0.005474974400396108,0.023466002989725378,1.0,0.0,2.0,5.666666666666667,4.0,0.0,0.0,0.07,0.013803845248221296,1.5444748072291385,-0.013314722442970271,0.027966193510767262,1.0,-4.0
2024-05-24,100,111,1.0,0.0,0.01,0.0,0.55,0.019270925376764683,3743809461118.466,0.0033032841928779693,0.02338653897614808,1.0,3.0,0.0,1.6666666666666667,4.4,0.0,0.0,0.22,0.02253015806973361,0.959673437881803,-0.005474974400396108,0.023466002989725378,1.0,-1.4000000000000004
2024-05-25,100,111,2.0,1.0,0.02,0.01,0.81,0.020457069939540117,2208809866247.6704,0.010718081857663294,0.0234177176413107,1.0,1.0,3.0,1.3333333333333333,4.2,0.0,0.0,0.55,0.019270925376764683,1.6180081748597244,0.0033032841928779693,0.02338653897614808,1.0,-3.2
2024-05-26,100,111,1.0,0.0,0.01,0.0,0.12,0.015123631681309436,1356560001236.1328,-0.006567654569068698,0.023184029782051488,1.0,2.0,1.0,2.0,1.6,1.0,0.3333333333333333,0.81,0.020457069939540117,0.9684859967726632,0.010718081857663294,0.0234177176413107,1.0,0.3999999999999999
2024-05-27,100,111,0.0,0.0,0.0,0.0,0.78,0.016908453504452896,1459781105037.882,0.004591472117210832,0.022819415526304322,1.0,1.0,2.0,1.3333333333333333,1.4,0.0,0.3333333333333333,0.12,0.015123631681309436,0.6079579537718549,-0.006567654569068698,0.023184029782051488,1.0,-0.3999999999999999
2024-05-28,100,111,2.0,0.0,0.02,0.0,0.14,0.021782551150073486,1881060246058.4048,-0.01521141315673302,0.02257914719249108,1.0,0.0,1.0,1.0,1.4,0.0,0.3333333333333333,0.78,0.016908453504452896,0.6781860950825513,0.004591472117210832,0.022819415526304322,1.0,-1.4
2024-05-29,100,111,3.0,0.0,0.03,0.0,0.19,0.02082106088191236,1930852766982.4148,-0.007320599241310338,0.022172072738008516,1.0,2.0,0.0,1.0,1.2,0.0,0.0,0.14,0.021782551150073486,0.8791797493199873,-0.01521141315673302,0.02257914719249108,1.0,0.8
2024-05-30,100,112,1.0,0.0,0.01,0.0,0.13,0.018534859979334364,2293459171370.232,0.010939834711986278,0.021115669009707027,1.0,3.0,2.0,1.6666666666666667,1.6,0.0,0.0,0.19,0.02082106088191236,0.9122210122371042,-0.007320599241310338,0.022172072738008516,1.0,1.4
2024-05-31,100,112,1.0,0.0,0.01,0.0,0.38,0.01683212037511671,2018367713575.0508,-0.004623968375588781,0.021191334425192866,1.0,1.0,3.0,2.0,1.4,0.0,0.0,0.13,0.018534859979334364,1.0704458173555333,0.010939834711986278,0.021115669009707027,1.0,-0.3999999999999999
2024-06-01,100,113,1.0,0.0,0.01,0.0,0.5,0.014808636297869078,1439779073135.543,0.0022724279827760017,0.021180692988747453,1.0,1.0,1.0,1.6666666666666667,1.4,0.0,0.0,0.38,0.01683212037511671,0.9517367230602811,-0.004623968375588781,0.021191334425192866,1.0,-0.3999999999999999
2024-06-02,100,113,0.0,0.0,0.0,0.0,0.12,0.013708890362318382,701974949169.5839,0.002951720464845343,0.02100495098400925,1.0,1.0,1.0,1.0,1.6,0.0,0.0,0.5,0.014808636297869078,0.6778324924556351,0.0022724279827760017,0.021180692988747453,1.0,-0.6000000000000001
2024-06-03,100,113,0.0,0.0,0.0,0.0,0.3,0.04459814639447386,837439018512.2245,0.010408797914089128,0.02049407833781126,1.0,0.0,1.0,0.6666666666666666,1.2,0.0,0.0,0.12,0.013708890362318382,0.3329400172257237,0.002951720464845343,0.02100495098400925,1.0,-1.2
2024-06-04,100,113,1.0,0.0,0.01,0.0,0.65,0.023008749277907106,1368999417630.5093,0.015566688489171535,0.015649064091796817,1.0,0.0,0.0,0.3333333333333333,0.6,0.0,0.0,0.3,0.04459814639447386,0.41168129175880497,0.010408797914089128,0.02049407833781126,1.0,-0.6
2024-06-05,100,113,2.0,0.0,0.02,0.0,0.9,0.020317199110766578,1249023236792.435,0.00903597541000692,0.015163896829973664,1.0,1.0,0.0,0.3333333333333333,0.6,0.0,0.0,0.65,0.023008749277907106,0.6855372846902337,0.015566688489171535,0.015649064091796817,1.0,0.4
2024-06-06,100,113,0.0,0.0,0.0,0.0,0.18,0.019748115786496066,1420002742387.6782,-0.0005185061040632213,0.014704898588956785,1.0,2.0,1.0,1.0,0.8,0.0,0.0,0.9,0.020317199110766578,0.6499979121007559,0.00903597541000692,0.015163896829973664,1.0,1.2
2024-06-07,100,114,3.0,1.0,0.03,0.01,0.09,0.04481759938757441,1698487844741.3792,-0.004229241016177131,0.014786541763530807,1.0,0.0,2.0,1.0,0.6,0.0,0.0,0.18,0.019748115786496066,0.7556133161327422,-0.0005185061040632213,0.014704898588956785,1.0,-0.6
2024-06-08,100,114,2.0,0.0,0.02,0.0,0.09,0.024766531355543686,2396842474851.1797,0.002101569809004211,0.014513819817517407,1.0,3.0,0.0,1.6666666666666667,1.2,1.0,0.3333333333333333,0.09,0.04481759938757441,0.9085025482442939,-0.004229241016177131,0.014786541763530807,1.0,1.8
2024-06-09,100,114,3.0,1.0,0.03,0.01,0.74,0.023849721019524713,1367672871880.4429,-0.0014481818673101592,0.008350108012670129,1.0,2.0,3.0,1.6666666666666667,1.6,0.0,0.3333333333333333,0.09,0.024766531355543686,1.2498552324347552,0.002101569809004211,0.014513819817517407,1.0,0.3999999999999999
2024-06-10,100,114,2.0,0.0,0.02,0.0,0.08,0.019264800867367506,814896301981.5712,-0.007241695283843564,0.008413145278903756,1.0,3.0,2.0,2.6666666666666665,2.0,1.0,0.6666666666666666,0.74,0.023849721019524713,0.7176776222354361,-0.0014481818673101592,0.008350108012670129,1.0,1.0
2024-06-11,100,114,2.0,0.0,0.02,0.0,0.03,0.018020784908638954,1134383454273.6917,-0.020218232378219642,0.009113469913969538,0.0,2.0,3.0,2.3333333333333335,2.0,0.0,0.3333333333333333,0.08,0.019264800867367506,0.45367464362456683,-0.007241695283843564,0.008413145278903756,1.0,0.0
2024-06-12,100,114,7.0,0.0,0.07,0.0,0.98,0.02021344938576556,1740421955951.381,0.006326388458139147,0.00912565486296758,0.0,2.0,2.0,2.3333333333333335,2.4,0.0,0.3333333333333333,0.03,0.018020784908638954,0.6768621156713968,-0.020218232378219642,0.009113469913969538,0.0,-0.3999999999999999
2024-06-13,100,114,1.0,0.0,0.01,0.0,0.06,0.025351038233861426,1811396353291.7734,-0.013854998379833457,0.009644188100803997,0.0,7.0,2.0,3.6666666666666665,3.2,0.0,0.0,0.98,0.02021344938576556,1.0528032942383496,0.006326388458139147,0.00912565486296758,0.0,3.8
2024-06-14,100,114,2.0,0.0,0.02,0.0,0.08,0.025711515261775144,1240615521900.9722,-0.006744744326924856,0.009379497566181054,0.0,1.0,7.0,3.3333333333333335,3.0,0.0,0.0,0.06,0.025351038233861426,1.1637546424579008,-0.013854998379833457,0.009644188100803997,0.0,-2.0
2024-06-15,100,115,1.0,0.0,0.01,0.0,0.66,0.018011463239551682,1413781328271.427,-0.0007238355080577689,0.00929376136753415,0.0,2.0,1.0,3.3333333333333335,2.8,0.0,0.0,0.08,0.025711515261775144,0.8226343443493395,-0.006744744326924856,0.009379497566181054,0.0,-0.7999999999999998
2024-06-16,100,115,1.0,0.0,0.01,0.0,0.33,0.03462930958320465,664197259413.5768,0.003284982941185029,0.009257674613189678,0.0,1.0,2.0,1.3333333333333333,2.6,0.0,0.0,0.66,0.018011463239551682,0.9356829907011004,-0.0007238355080577689,0.00929376136753415,0.0,-1.6
2024-06-17,100,115,0.0,0.0,0.0,0.0,0.01,0.04606899008617613,713415329422.7887,-0.0067196896213460615,0.008750614898349381,0.0,1.0,1.0,1.3333333333333333,2.4,0.0,0.0,0.33,0.03462930958320465,0.45147163988309097,0.003284982941185029,0.009257674613189678,0.0,-1.4
2024-06-18,100,115,4.0,0.0,0.04,0.0,0.03,0.032606925262752225,1947675883432.6565,-0.020936106984914344,0.009775663567880417,0.0,0.0,1.0,0.6666666666666666,1.0,0.0,0.0,0.01,0.04606899008617613,0.5049653932638805,-0.0067196896213460615,0.008750614898349381,0.0,-1.0
2024-06-19,100,115,5.0,0.0,0.05,0.0,0.96,0.023237799895833168,2110558897286.9888,-0.0010261785577698104,0.009349247092997292,0.0,4.0,0.0,1.6666666666666667,1.6,0.0,0.0,0.03,0.032606925262752225,1.3777720535280633,-0.020936106984914344,0.009775663567880417,0.0,2.4
2024-06-20,100,115,4.0,1.0,0.04,0.01,0.75,0.0238978736030894,1100904454149.5994,0.0024545243730104164,0.009371343084353764,0.0,5.0,4.0,3.0,2.2,0.0,0.0,0.96,0.023237799895833168,1.5027155816858493,-0.0010261785577698104,0.009349247092997292,0.0,2.8
2024-06-21,100,116,5.0,1.0,0.05,0.01,0.27,0.0251425285667396,1445475921149.0078,-0.01616835889096122,0.009877975105870209,0.0,4.0,5.0,4.333333333333333,2.8,1.0,0.3333333333333333,0.75,0.0238978736030894,0.810308757541329,0.0024545243730104164,0.009371343084353764,0.0,1.2000000000000002
2024-06-22,100,116,5.0,1.0,0.05,0.01,0.52,0.021899265155770634,1328770687372.3447,0.006247881590864009,0.009998463006283542,0.0,5.0,4.0,4.666666666666667,3.6,1.0,0.6666666666666666,0.27,0.0251425285667396,1.063703829625657,-0.01616835889096122,0.009877975105870209,0.0,1.4
2024-06-23,100,116,2.0,0.0,0.02,0.0,0.04,0.020150644450480898,718810745365.2341,-0.020320841524853944,0.010311836024309472,0.0,5.0,5.0,4.666666666666667,4.6,1.0,1.0,0.52,0.021899265155770634,0.9557795743986046,0.006247881590864009,0.009998463006283542,0.0,0.40000000000000036
2024-06-24,100,116,4.0,1.0,0.04,0.01,0.7,0.029935109812422322,756186794659.2748,-0.04068349891914069,0.012252484424208782,0.0,2.0,5.0,4.0,4.2,0.0,0.6666666666666666,0.04,0.020150644450480898,0.5192531301513489,-0.020320841524853944,0.010311836024309472,0.0,-2.2
2024-06-25,100,116,11.0,2.0,0.11,0.02,0.94,0.025634278193100386,2148085015743.028,0.02259761024201558,0.013475763613890981,0.0,4.0,2.0,3.6666666666666665,4.0,1.0,0.6666666666666666,0.7,0.029935109812422322,0.5586172710628048,-0.04068349891914069,0.012252484424208782,0.0,0.0
2024-06-26,100,116,7.0,2.0,0.07,0.02,0.2,0.028776925904658822,1532873097396.9136,-0.01640600099581499,0.013609994382992258,0.0,11.0,4.0,5.666666666666667,5.4,2.0,1.0,0.94,0.025634278193100386,1.535850375356709,0.02259761024201558,0.013475763613890981,0.0,5.6
2024-06-27,100,117,3.0,1.0,0.03,0.01,0.79,0.028179196167403945,1386248755579.0603,0.009912695172650936,0.01410276613069223,0.0,7.0,11.0,7.333333333333333,5.8,2.0,1.6666666666666667,0.2,0.028776925904658822,1.0915780076379418,-0.01640600099581499,0.013609994382992258,0.0,1.2000000000000002
2024-06-28,100,117,3.0,0.0,0.03,0.0,0.11,0.02492165719452418,1352779319023.9475,-0.020065541096271355,0.014303970166893562,0.0,3.0,7.0,7.0,5.4,1.0,1.6666666666666667,0.79,0.028179196167403945,0.9982631468814155,0.009912695172650936,0.01410276613069223,0.0,-2.4000000000000004
2024-06-29,100,117,2.0,0.0,0.02,0.0,0.15,0.02074353249029144,1137087746935.9707,0.007102643316612636,0.014605976213877618,0.0,3.0,3.0,4.333333333333333,5.6,0.0,1.0,0.11,0.02492165719452418,1.012212750258571,-0.020065541096271355,0.014303970166893562,0.0,-2.5999999999999996
2024-06-30,100,117,3.0,1.0,0.03,0.01,0.94,0.02741126351579775,573578051670.0011,0.024816312233577536,0.01620970443889641,0.0,2.0,3.0,2.6666666666666665,5.2,0.0,0.3333333333333333,0.15,0.02074353249029144,0.858225911137741,0.007102643316612636,0.014605976213877618,0.0,-3.2
2024-07-01,100,117,3.0,0.0,0.03,0.0,0.3,0.028803874385173164,844614816258.9161,0.0037803794745236473,0.015913813029263705,0.0,3.0,2.0,2.6666666666666665,3.6,1.0,0.3333333333333333,0.94,0.02741126351579775,0.4368912407406204,0.024816312233577536,0.01620970443889641,0.0,-0.6000000000000001
2024-07-02,100,117,1.0,0.0,0.01,0.0,0.54,0.02256914410403244,1166772572050.7068,-0.011453051386183738,0.015811316484546267,0.0,3.0,3.0,2.6666666666666665,2.8,0.0,0.3333333333333333,0.3,0.028803874385173164,0.6505174036513545,0.0037803794745236473,0.015913813029263705,0.0,0.20000000000000018
2024-07-03,100,117,2.0,0.0,0.02,0.0,0.08,0.028740083866024904,1020342218752.9785,-0.022216826496100094,0.016171333683117944,0.0,1.0,3.0,2.3333333333333335,2.4,0.0,0.3333333333333333,0.54,0.02256914410403244,0.9189418363884432,-0.011453051386183738,0.015811316484546267,0.0,-1.4
2024-07-04,100,117,0.0,0.0,0.0,0.0,0.01,0.031844854236042414,1424667264378.9258,-0.04372863783119547,0.01833190552295082,0.0,2.0,1.0,2.0,2.2,0.0,0.0,0.08,0.028740083866024904,0.8294529726665646,-0.022216826496100094,0.016171333683117944,0.0,-0.20000000000000018
2024-07-05,100,118,2.0,1.0,0.02,0.01,0.22,0.03925986898986921,2079805674877.2837,-0.006904289149819645,0.018272311522653992,0.0,0.0,2.0,1.0,1.8,0.0,0.0,0.01,0.031844854236042414,1.1495358504389244,-0.04372863783119547,0.01833190552295082,0.0,-1.8
2024-07-06,100,118,10.0,0.0,0.1,0.0,1.0,0.02090898563822711,3044474363062.0083,0.020837137055743655,0.019206195478723452,0.0,2.0,0.0,1.3333333333333333,1.6,1.0,0.3333333333333333,0.22,0.03925986898986921,1.634241850024087,-0.006904289149819645,0.018272311522653992,0.0,0.3999999999999999
2024-07-07,100,118,3.0,2.0,0.03,0.02,0.03,0.030511480367829812,1527163201457.4175,-0.042281437598368665,0.020812060723455476,0.0,10.0,2.0,4.0,3.0,0.0,0.3333333333333333,1.0,0.02090898563822711,2.187662418595641,0.020837137055743655,0.019206195478723452,0.0,7.0
2024-07-08,100,118,9.0,1.0,0.09,0.01,0.97,0.025239482140277374,1598163479716.9888,0.01421887134001636,0.021163339329686538,0.0,3.0,10.0,5.0,3.4,2.0,1.0,0.03,0.030511480367829812,1.0661987919007152,-0.042281437598368665,0.020812060723455476,0.0,-0.3999999999999999
2024-07-09,100,118,5.0,1.0,0.05,0.01,0.9,0.02199972276582824,2145930702313.9614,0.018564044559657305,0.02186984094347809,0.0,9.0,3.0,7.333333333333333,4.8,1.0,1.0,0.97,0.025239482140277374,1.1295494038611502,0.01421887134001636,0.021163339329686538,0.0,4.2
2024-07-10,100,119,11.0,3.0,0.11,0.03,0.87,0.035061821642084434,1425325564047.9236,-0.0017933504461695587,0.02180922120029997,0.0,5.0,9.0,5.666666666666667,5.8,1.0,1.3333333333333333,0.9,0.02199972276582824,1.5148066088627636,0.018564044559657305,0.02186984094347809,0.0,-0.7999999999999998
2024-07-11,100,119,6.0,0.0,0.06,0.0,0.17,0.026604415336839278,1720854988397.4604,-0.010137170617853925,0.021698229400594227,0.0,11.0,5.0,8.333333333333334,7.6,3.0,1.6666666666666667,0.87,0.035061821642084434,0.9947432079130091,-0.0017933504461695587,0.02180922120029997,0.0,3.4000000000000004
2024-07-12,100,120,2.0,0.0,0.02,0.0,0.83,0.01790696010282829,1722731747854.1567,0.005780718391491568,0.021685283016267955,0.0,6.0,11.0,7.333333333333333,6.8,0.0,1.3333333333333333,0.17,0.026604415336839278,1.1895639181873676,-0.010137170617853925,0.021698229400594227,0.0,-0.7999999999999998
2024-07-13,100,120,4.0,0.0,0.04,0.0,0.83,0.024289644178225798,1148675539172.6062,0.016553427403563876,0.021917928799109244,0.0,2.0,6.0,6.333333333333333,6.6,0.0,1.0,0.83,0.01790696010282829,1.1748636733361324,0.005780718391491568,0.021685283016267955,0.0,-4.6
2024-07-14,100,120,2.0,0.0,0.02,0.0,0.84,0.021463005703069166,1196375331365.4194,0.030050202368855923,0.021313461728930394,1.0,4.0,2.0,4.0,5.6,0.0,0.0,0.83,0.024289644178225798,0.7720537753373455,0.016553427403563876,0.021917928799109244,0.0,-1.5999999999999996
2024-07-15,100,120,9.0,0.0,0.09,0.0,0.98,0.025866212745554545,1399652624962.3708,0.06494081642041592,0.025393005329271235,1.0,2.0,4.0,2.6666666666666665,5.0,0.0,0.0,0.84,0.021463005703069166,0.7923920799919169,0.030050202368855923,0.021313461728930394,1.0,-3.0
2024-07-16,100,120,1.0,0.0,0.01,0.0,0.38,0.023851661807009296,2025405989938.4736,-0.0039017684371573757,0.02506576354236124,1.0,9.0,2.0,5.0,4.6,0.0,0.0,0.98,0.025866212745554545,0.9505888761207125,0.06494081642041592,0.025393005329271235,1.0,4.4
2024-07-17,100,120,3.0,0.0,0.03,0.0,0.24,0.025202973293235526,2959197181823.89,-0.014866532941895234,0.0253019693585163,1.0,1.0,9.0,4.0,3.6,0.0,0.0,0.38,0.023851661807009296,1.3529472427605647,-0.0039017684371573757,0.02506576354236124,1.0,-2.6
2024-07-18,100,120,7.0,2.0,0.07,0.02,0.48,0.055631283827503514,2341379656076.983,0.004271771024677493,0.024792095308113236,1.0,3.0,1.0,4.333333333333333,3.8,0.0,0.0,0.24,0.025202973293235526,1.8780446119310659,-0.014866532941895234,0.0253019693585163,1.0,-0.7999999999999998
2024-07-19,100,120,11.0,2.0,0.11,0.02,0.93,0.02806596965071263,2998521740775.705,0.03450088975144019,0.025786263925916965,1.0,7.0,3.0,3.6666666666666665,4.4,2.0,0.6666666666666666,0.48,0.055631283827503514,1.4407515482872086,0.004271771024677493,0.024792095308113236,1.0,2.5999999999999996
2024-07-20,100,120,7.0,2.0,0.07,0.02,0.84,0.03857357115663042,2801265685336.4453,0.01134352968208574,0.02538816471259475,1.0,11.0,7.0,7.0,6.2,2.0,1.3333333333333333,0.93,0.02806596965071263,1.7451715691248069,0.03450088975144019,0.025786263925916965,1.0,4.8
2024-07-21,100,120,4.0,0.0,0.04,0.0,0.52,0.020183542591308428,1957060161359.5227,0.009890858937447043,0.025429995288313793,1.0,7.0,11.0,8.333333333333334,5.8,2.0,2.0,0.84,0.03857357115663042,1.5311093773643385,0.01134352968208574,0.02538816471259475,1.0,1.2000000000000002
2024-07-22,100,120,4.0,1.0,0.04,0.01,0.08,0.02719497423323443,2128123009713.5815,-0.006791430699162206,0.025305014448780493,1.0,4.0,7.0,7.333333333333333,6.4,0.0,1.3333333333333333,0.52,0.020183542591308428,1.0381245086067716,0.009890858937447043,0.025429995288313793,1.0,-2.4000000000000004
2024-07-23,100,120,3.0,0.0,0.03,0.0,0.21,0.03262867210898643,2268809309144.4946,-0.02280000365375113,0.025337028473773202,1.0,4.0,4.0,5.0,6.6,1.0,1.0,0.08,0.02719497423323443,1.100797423089307,-0.006791430699162206,0.025305014448780493,1.0,-2.5999999999999996
2024-07-24,100,120,0.0,0.0,0.0,0.0,0.16,0.02268646811605635,2142636299154.2908,-0.007935556064123859,0.022948196226120564,1.0,3.0,4.0,3.6666666666666665,5.8,0.0,0.3333333333333333,0.21,0.03262867210898643,1.1368607508271824,-0.02280000365375113,0.025337028473773202,1.0,-2.8
2024-07-25,100,120,1.0,0.0,0.01,0.0,0.11,0.024357373632299652,1714029575370.7742,0.0104802933533363,0.022775153626053878,1.0,0.0,3.0,2.3333333333333335,3.6,0.0,0.3333333333333333,0.16,0.02268646811605635,1.0546662288174016,-0.007935556064123859,0.022948196226120564,1.0,-3.6
2024-07-26,100,120,6.0,0.0,0.06,0.0,0.99,0.02169825514965805,2174435678732.6675,0.024168875895262478,0.022897043240867557,1.0,1.0,0.0,1.3333333333333333,2.4,0.0,0.0,0.11,0.024357373632299652,0.8513580212342751,0.0104802933533363,0.022775153626053878,1.0,-1.4
2024-07-27,100,120,5.0,1.0,0.05,0.01,0.46,0.033241362857653764,1525671056522.3074,-0.004602720022401144,0.02002345286838897,1.0,6.0,1.0,2.3333333333333335,2.8,0.0,0.0,0.99,0.02169825514965805,1.103893882209879,0.024168875895262478,0.022897043240867557,1.0,3.2
2024-07-28,100,120,2.0,0.0,0.02,0.0,0.27,0.023775573280056705,2122011161746.4216,0.011294312144035054,0.019990887128635334,1.0,5.0,6.0,4.0,3.0,1.0,0.3333333333333333,0.46,0.033241362857653764,0.7745654442979288,-0.004602720022401144,0.02002345286838897,1.0,2.0
2024-07-29,100,120,7.0,0.0,0.07,0.0,0.28,0.02752716866289941,1366374017813.3257,-0.01846798986663612,0.020707020167350616,1.0,2.0,5.0,4.333333333333333,2.8,0.0,0.3333333333333333,0.27,0.023775573280056705,1.0631826332705394,0.011294312144035054,0.019990887128635334,1.0,-0.7999999999999998
2024-07-30,100,120,1.0,0.0,0.01,0.0,0.1,0.02230849271348775,1966366122300.7078,-0.008905351601076203,0.02091871078360867,1.0,7.0,2.0,4.666666666666667,4.2,0.0,0.3333333333333333,0.28,0.02752716866289941,0.6982243825706028,-0.01846798986663612,0.020707020167350616,1.0,2.8
2024-07-31,100,120,2.0,0.0,0.02,0.0,0.07,0.02358053061688555,1614458575837.2097,-0.026681645922229814,0.021904463565092496,0.0,1.0,7.0,3.3333333333333335,4.2,0.0,0.0,0.1,0.02230849271348775,0.9911225255089189,-0.008905351601076203,0.02091871078360867,1.0,-3.2
2024-08-01,100,120,0.0,0.0,0.0,0.0,0.26,0.022805750331855716,1670972540762.74,0.01585678957491598,0.02202881240994516,1.0,2.0,1.0,3.3333333333333335,3.4,0.0,0.0,0.07,0.02358053061688555,0.8159357205393395,-0.026681645922229814,0.021904463565092496,0.0,-1.4
2024-08-02,100,120,2.0,1.0,0.02,0.01,0.02,0.03637605248454915,1911966177774.3923,-0.05714239256882701,0.02596793138470424,0.0,0.0,2.0,1.0,2.4,0.0,0.0,0.26,0.022805750331855716,0.845603466463548,0.01585678957491598,0.02202881240994516,1.0,-2.4
2024-08-03,100,120,1.0,0.0,0.01,0.0,0.07,0.028716936478114338,1983998937546.9836,-0.008502900958057594,0.02521449776785425,0.0,2.0,0.0,1.3333333333333333,2.4,1.0,0.3333333333333333,0.02,0.03637605248454915,0.9492266856399938,-0.05714239256882701,0.02596793138470424,0.0,-0.3999999999999999
2024-08-04,100,120,2.0,0.0,0.02,0.0,0.03,0.029074413093029428,1554869951784.5874,-0.04870233341168404,0.022546332632211896,0.0,1.0,2.0,1.0,1.2,0.0,0.3333333333333333,0.07,0.028716936478114338,0.9660998885329442,-0.008502900958057594,0.02521449776785425,0.0,-0.19999999999999996
2024-08-05,100,120,5.0,2.0,0.05,0.02,0.08,0.051227577900137856,1694631998998.4087,-0.05057933202371598,0.02469898560713575,0.0,2.0,1.0,1.6666666666666667,1.4,0.0,0.3333333333333333,0.03,0.029074413093029428,0.7542868033978626,-0.04870233341168404,0.022546332632211896,0.0,0.6000000000000001
2024-08-06,100,120,21.0,2.0,0.21,0.02,0.98,0.02869167379944283,6181765664887.853,0.03025721619945741,0.02603551457796121,0.0,5.0,2.0,2.6666666666666665,2.0,2.0,0.6666666666666666,0.08,0.051227577900137856,0.8287361729329966,-0.05057933202371598,0.02469898560713575,0.0,3.0
2024-08-07,100,121,13.0,3.0,0.13,0.03,0.15,0.03727030245080068,2847812339899.133,-0.02315186755907512,0.026217936439930544,0.0,21.0,5.0,9.333333333333334,6.2,2.0,1.3333333333333333,0.98,0.02869167379944283,2.802292436386907,0.03025721619945741,0.02603551457796121,0.0,14.8
2024-08-08,100,121,60.0,9.0,0.6,0.09,0.99,0.04649140734636832,2962562702673.4697,0.0972820985681496,0.034022767030633255,0.0,13.0,21.0,13.0,8.4,3.0,2.3333333333333335,0.15,0.03727030245080068,1.276308151723332,-0.02315186755907512,0.026217936439930544,0.0,4.6
2024-08-09,100,121,14.0,3.0,0.14,0.03,0.52,0.037054700742537305,3195728774782.157,-0.010226072884008404,0.03386281451802644,0.0,60.0,13.0,31.333333333333332,20.2,9.0,4.666666666666667,0.99,0.04649140734636832,1.3288067269173958,0.0972820985681496,0.034022767030633255,0.0,39.8
2024-08-10,100,121,9.0,1.0,0.09,0.01,0.81,0.04012585755954249,2480814841289.675,0.0017641531093166975,0.033726204556400956,0.0,14.0,60.0,29.0,22.6,3.0,5.0,0.52,0.037054700742537305,1.4208201116401769,-0.010226072884008404,0.03386281451802644,0.0,-8.600000000000001
2024-08-11,100,121,10.0,2.0,0.1,0.02,0.06,0.034128392281490186,1485181230716.9536,-0.03388182880614805,0.034333323159569475,0.0,9.0,14.0,27.666666666666668,23.4,1.0,4.333333333333333,0.81,0.04012585755954249,1.0902754371117742,0.0017641531093166975,0.033726204556400956,0.0,-14.399999999999999
2024-08-12,100,121,12.0,2.0,0.12,0.02,0.93,0.03093204021919782,2142121416598.9648,0.004890515420707258,0.03420049150422269,0.0,10.0,9.0,11.0,21.2,2.0,2.0,0.06,0.034128392281490186,0.6620653164378295,-0.03388182880614805,0.034333323159569475,0.0,-11.2
2024-08-13,100,121,3.0,0.0,0.03,0.0,0.6,0.02223182825211883,2362819402670.259,0.01643454678735261,0.034528184402976364,0.0,12.0,10.0,10.333333333333334,21.0,2.0,1.6666666666666667,0.93,0.03093204021919782,0.9576207385816761,0.004890515420707258,0.03420049150422269,0.0,-9.0
2024-08-14,100,121,3.0,2.0,0.03,0.02,0.15,0.03589353088981264,1576178576644.1685,-0.025657321271008414,0.03468012070744909,0.0,3.0,12.0,8.333333333333334,9.6,0.0,1.3333333333333333,0.6,0.02223182825211883,1.0511091600927718,0.01643454678735261,0.034528184402976364,0.0,-6.6
2024-08-15,100,122,4.0,0.0,0.04,0.0,0.14,0.027075200988312915,1806927158316.4692,-0.01777840917196725,0.03403940706071995,0.0,3.0,3.0,6.0,7.4,2.0,1.3333333333333333,0.15,0.03589353088981264,0.7033255298775719,-0.025657321271008414,0.03468012070744909,0.0,-4.4
2024-08-16,100,122,1.0,0.0,0.01,0.0,0.23,0.020919906006796697,1558985115937.5686,0.014766248950538538,0.034409429594694126,0.0,4.0,3.0,3.3333333333333335,6.4,0.0,0.6666666666666666,0.14,0.027075200988312915,0.8129564716072916,-0.01777840917196725,0.03403940706071995,0.0,-2.4000000000000004
2024-08-17,100,122,4.0,0.0,0.04,0.0,0.71,0.020277882338652495,1144777727521.569,0.007754888673953292,0.034320150459090724,0.0,1.0,4.0,2.6666666666666665,4.6,0.0,0.6666666666666666,0.23,0.020919906006796697,0.700879358488315,0.014766248950538538,0.034409429594694126,0.0,-3.5999999999999996
2024-08-18,100,122,1.0,0.0,0.01,0.0,0.35,0.01881531033959979,684279498160.2316,-0.01641665354687679,0.03428722920066905,0.0,4.0,1.0,3.0,3.0,0.0,0.0,0.71,0.020277882338652495,0.5262219241624991,0.007754888673953292,0.034320150459090724,0.0,1.0
2024-08-19,100,122,3.0,1.0,0.03,0.01,0.63,0.026607988018692783,848531412464.4868,0.00220615360959299,0.03434353036995788,0.0,1.0,4.0,2.0,2.6,0.0,0.0,0.35,0.01881531033959979,0.3195535540484704,-0.01641665354687679,0.03428722920066905,0.0,-1.6
2024-08-20,100,122,5.0,2.0,0.05,0.02,0.58,0.03210226571405902,1247601571911.5217,-0.01143882792939527,0.03403694681056204,0.0,3.0,1.0,2.6666666666666665,2.6,1.0,0.3333333333333333,0.63,0.026607988018692783,0.4068779397670193,0.00220615360959299,0.03434353036995788,0.0,0.3999999999999999
2024-08-21,100,122,9.0,0.0,0.09,0.0,0.85,0.027425308595913,1393814990607.91,0.026264716214234554,0.034459424989814,1.0,5.0,3.0,3.0,2.8,2.0,1.0,0.58,0.03210226571405902,0.6035439346336756,-0.01143882792939527,0.03403694681056204,0.0,2.2
2024-08-22,100,122,4.0,0.0,0.04,0.0,0.8,0.030183222835047225,1372327878668.2903,-0.010879230180370642,0.03226445217487043,0.0,9.0,5.0,5.666666666666667,4.4,0.0,1.0,0.85,0.027425308595913,0.6788274440862115,0.026264716214234554,0.034459424989814,1.0,4.6
2024-08-23,100,122,9.0,0.0,0.09,0.0,0.99,0.02556662231923902,1220609230178.4045,0.042929451186817805,0.03379754816305955,1.0,4.0,9.0,6.0,4.4,0.0,0.6666666666666666,0.8,0.030183222835047225,0.6772624889425629,-0.010879230180370642,0.03226445217487043,0.0,-0.40000000000000036
2024-08-24,100,122,1.0,0.0,0.01,0.0,0.81,0.019284727487674166,1688637728983.1125,0.0019490339781370624,0.03181186050729109,1.0,9.0,4.0,7.333333333333333,6.0,0.0,0.0,0.99,0.02556662231923902,0.6139523904283691,0.042929451186817805,0.03379754816305955,1.0,3.0
2024-08-25,100,122,2.0,0.0,0.02,0.0,0.17,0.021578233473853924,1415120858682.274,0.005662114521858773,0.029273723668114343,1.0,1.0,9.0,4.666666666666667,5.6,0.0,0.0,0.81,0.019284727487674166,0.8465174976825519,0.0019490339781370624,0.03181186050729109,1.0,-4.6
2024-08-26,100,122,1.0,0.0,0.01,0.0,0.03,0.021585255284534144,1228418148601.1536,-0.02163424780790125,0.029229633673457607,1.0,2.0,1.0,4.0,5.0,0.0,0.0,0.17,0.021578233473853924,0.7144080641850522,0.005662114521858773,0.029273723668114343,1.0,-3.0
2024-08-27,100,122,1.0,0.0,0.01,0.0,0.03,0.018836445221794944,1217792154257.4785,-0.04183050371614688,0.03036996168940528,0.0,1.0,2.0,1.3333333333333333,3.4,0.0,0.0,0.03,0.021585255284534144,0.7087726206572521,-0.02163424780790125,0.029229633673457607,1.0,-2.4
2024-08-28,100,122,3.0,0.0,0.03,0.0,0.31,0.0228421406172321,1493062453959.1045,-0.004717719979144703,0.020378844495857116,0.0,1.0,1.0,1.3333333333333333,2.8,0.0,0.0,0.03,0.018836445221794944,0.7373133894482653,-0.04183050371614688,0.03036996168940528,0.0,-1.7999999999999998
2024-08-29,100,122,2.0,0.0,0.02,0.0,0.34,0.01725725056359615,1329633353900.6245,0.0027392353471176975,0.020359561372581613,0.0,3.0,1.0,1.6666666666666667,1.6,0.0,0.0,0.31,0.0228421406172321,0.9460621072810822,-0.004717719979144703,0.020378844495857116,0.0,1.4
2024-08-30,100,122,0.0,0.0,0.0,0.0,0.42,0.017619787950265205,916515373906.9065,-0.004354062290495906,0.020332629331802222,0.0,2.0,3.0,2.0,1.8,0.0,0.0,0.34,0.01725725056359615,0.8954473075654489,0.0027392353471176975,0.020359561372581613,0.0,0.19999999999999996
2024-08-31,100,122,2.0,0.0,0.02,0.0,0.15,0.019280223730064775,1000434563364.8534,-0.0022028496596170287,0.01900297586308836,0.0,0.0,2.0,1.6666666666666667,1.4,0.0,0.0,0.42,0.017619787950265205,0.6515511685320204,-0.004354062290495906,0.020332629331802222,0.0,-1.4
2024-09-01,100,122,0.0,0.0,0.0,0.0,0.01,0.016185662749166687,482367905649.19196,-0.024735909234218718,0.019617985256572337,0.0,2.0,0.0,1.3333333333333333,1.6,0.0,0.0,0.15,0.019280223730064775,0.7236785770756922,-0.0022028496596170287,0.01900297586308836,0.0,0.3999999999999999
2024-09-02,100,122,4.0,0.0,0.04,0.0,0.95,0.021931991451159306,888680574688.0653,0.024025482761519057,0.0200826563172751,0.0,0.0,2.0,0.6666666666666666,1.4,0.0,0.0,0.01,0.016185662749166687,0.3712116404692514,-0.024735909234218718,0.019617985256572337,0.0,-1.4
2024-09-03,100,122,0.0,0.0,0.0,0.0,0.02,0.021790467882764845,850153391019.177,-0.02439591700409741,0.020008499609931476,0.0,4.0,0.0,2.0,1.6,0.0,0.0,0.95,0.021931991451159306,0.7250186293708762,0.024025482761519057,0.0200826563172751,0.0,2.4
2024-09-04,100,122,4.0,1.0,0.04,0.01,0.86,0.02851145702882268,891453004555.6007,0.005948645344838203,0.01976335536516178,0.0,0.0,4.0,1.3333333333333333,1.2,0.0,0.0,0.02,0.021790467882764845,0.7147548408862036,-0.02439591700409741,0.020008499609931476,0.0,-1.2
2024-09-05,100,122,0.0,0.0,0.0,0.0,0.06,0.01789980247534541,1164620988745.1873,-0.031072539599166348,0.02043425451510767,0.0,4.0,0.0,2.6666666666666665,2.0,1.0,0.3333333333333333,0.86,0.02851145702882268,0.7794739030230539,0.005948645344838203,0.01976335536516178,0.0,2.0
2024-09-06,100,123,3.0,1.0,0.03,0.01,0.08,0.021958253842700438,924903562977.1384,-0.03582337261541874,0.021445762277535488,0.0,0.0,4.0,1.3333333333333333,1.6,0.0,0.3333333333333333,0.06,0.01789980247534541,1.036193470184226,-0.031072539599166348,0.02043425451510767,0.0,-1.6
2024-09-07,100,123,1.0,0.0,0.01,0.0,0.89,0.015629223646057597,1522873509103.1729,-5.431683008312481e-05,0.021334817726768072,0.0,3.0,0.0,2.3333333333333335,2.2,1.0,0.6666666666666666,0.08,0.021958253842700438,0.8310393830335222,-0.03582337261541874,0.021445762277535488,0.0,0.7999999999999998
2024-09-08,100,123,3.0,2.0,0.03,0.02,0.97,0.022297165441610138,639541086224.6646,0.010764773683581943,0.021572963340956347,0.0,1.0,3.0,1.3333333333333333,1.6,0.0,0.3333333333333333,0.89,0.015629223646057597,1.3186449073363913,-5.431683008312481e-05,0.021334817726768072,0.0,-0.6000000000000001
2024-09-09,100,123,3.0,0.0,0.03,0.0,0.99,0.01986806867657505,692436153248.4388,0.0374173579697211,0.023447575299079367,0.0,3.0,1.0,2.3333333333333335,2.2,2.0,1.0,0.97,0.022297165441610138,0.5588302812596236,0.010764773683581943,0.021572963340956347,0.0,0.7999999999999998
2024-09-10,100,123,4.0,1.0,0.04,0.01,0.8,0.025285530267187346,997541301269.5897,0.010478713837439337,0.02269249470974217,0.0,3.0,3.0,2.3333333333333335,2.0,0.0,0.6666666666666666,0.99,0.01986806867657505,0.6200903122779718,0.0374173579697211,0.023447575299079367,0.0,1.0
2024-09-11,100,123,1.0,0.0,0.01,0.0,0.14,0.020237157901147326,903770385328.861,-0.010142309735312336,0.02267960409245699,0.0,4.0,3.0,3.3333333333333335,2.8,1.0,1.0,0.8,0.025285530267187346,0.9094549829304767,0.010478713837439337,0.02269249470974217,0.0,1.2000000000000002
2024-09-12,100,123,5.0,1.0,0.05,0.01,0.87,0.039836109650468236,1039283901319.109,0.012444719327611374,0.020337135595513166,0.0,1.0,4.0,2.6666666666666665,2.4,0.0,0.3333333333333333,0.14,0.020237157901147326,0.8419476147147228,-0.010142309735312336,0.02267960409245699,0.0,-1.4
2024-09-13,100,123,5.0,2.0,0.05,0.02,0.87,0.022017871528301355,1370073729500.2136,0.033432972059692104,0.02201037175062864,1.0,5.0,1.0,3.3333333333333335,3.2,1.0,0.6666666666666666,0.87,0.039836109650468236,0.9764383563119521,0.012444719327611374,0.020337135595513166,0.0,1.7999999999999998
2024-09-14,100,124,2.0,1.0,0.02,0.01,0.19,0.023376467352961207,2019113241357.0444,-0.005029306871028593,0.021921064698985606,1.0,5.0,5.0,3.6666666666666665,3.6,2.0,1.0,0.87,0.022017871528301355,1.306781318329238,0.033432972059692104,0.02201037175062864,1.0,1.4
2024-09-15,100,124,3.0,0.0,0.03,0.0,0.16,0.03128655843045511,1096514624678.288,-0.010411169226925183,0.021571583529538252,1.0,2.0,5.0,4.0,3.4,1.0,1.3333333333333333,0.19,0.023376467352961207,1.8719178991432537,-0.005029306871028593,0.021921064698985606,1.0,-1.4
2024-09-16,100,124,5.0,2.0,0.05,0.02,0.22,0.03059953544592092,1489205449872.2334,-0.015440465075192892,0.019797550011950115,1.0,3.0,2.0,3.3333333333333335,3.2,0.0,1.0,0.16,0.03128655843045511,1.0228316120529495,-0.010411169226925183,0.021571583529538252,1.0,-0.20000000000000018
2024-09-17,100,124,8.0,3.0,0.08,0.03,0.89,0.027860959314004837,1735684171228.339,0.033176586627953364,0.02123986368608075,1.0,5.0,3.0,3.3333333333333335,4.0,2.0,1.0,0.22,0.03059953544592092,1.371769715436592,-0.015440465075192892,0.019797550011950115,1.0,1.0
2024-09-18,100,124,8.0,2.0,0.08,0.02,0.75,0.042006303237166934,1655976629430.7546,0.01817787654212812,0.021609053149339003,1.0,8.0,5.0,5.333333333333333,4.6,3.0,1.6666666666666667,0.89,0.027860959314004837,1.5811432121720952,0.033176586627953364,0.02123986368608075,1.0,3.4000000000000004
2024-09-19,100,124,9.0,3.0,0.09,0.03,0.95,0.02767604294844548,2501427780508.45,0.015472151813303156,0.02179911168786581,1.0,8.0,8.0,7.0,5.2,2.0,2.3333333333333335,0.75,0.042006303237166934,1.4864377368270445,0.01817787654212812,0.021609053149339003,1.0,2.8
2024-09-20,100,124,15.0,3.0,0.15,0.03,0.88,0.054853330367762375,2628417524983.498,0.005859403370599166,0.021789866846389026,1.0,9.0,8.0,8.333333333333334,6.6,3.0,2.6666666666666665,0.95,0.02767604294844548,2.0962221703683213,0.015472151813303156,0.02179911168786581,1.0,2.4000000000000004
2024-09-21,100,124,16.0,3.0,0.16,0.03,0.9,0.049307062923738224,2841276865889.163,0.00047390558318377243,0.020839569918080204,1.0,15.0,9.0,10.666666666666666,9.0,3.0,2.6666666666666665,0.88,0.054853330367762375,2.0619859675244925,0.005859403370599166,0.021789866846389026,1.0,6.0
2024-09-22,100,124,8.0,2.0,0.08,0.02,0.17,0.044899700872254526,2830854267081.9097,0.004773899196082305,0.020291911145041003,1.0,16.0,15.0,13.333333333333334,11.2,3.0,3.0,0.9,0.049307062923738224,2.040198314767859,0.00047390558318377243,0.020839569918080204,1.0,4.800000000000001
2024-09-23,100,124,14.0,2.0,0.14,0.02,0.78,0.03173341234499027,2359988268534.63,-0.0023368357146608346,0.01931156823084742,1.0,8.0,16.0,13.0,11.2,2.0,2.6666666666666665,0.17,0.044899700872254526,1.9002132685316968,0.004773899196082305,0.020291911145041003,1.0,-3.1999999999999993
2024-09-24,100,124,6.0,1.0,0.06,0.01,0.65,0.03240779429570117,2035953108557.2236,0.007264025724816382,0.01932113014743117,1.0,14.0,8.0,12.666666666666666,12.4,2.0,2.3333333333333335,0.78,0.03173341234499027,1.507740969145172,-0.0023368357146608346,0.01931156823084742,1.0,1.5999999999999996
2024-09-25,100,124,5.0,1.0,0.05,0.01,0.31,0.03273338823976628,1768614795269.9155,-0.010447592229878871,0.01784639064994054,1.0,6.0,14.0,9.333333333333334,11.8,1.0,1.6666666666666667,0.65,0.03240779429570117,1.2548457355088702,0.007264025724816382,0.01932113014743117,1.0,-5.800000000000001
2024-09-26,100,124,6.0,1.0,0.06,0.01,0.82,0.03124349252495678,1952016945913.522,0.019230233005517443,0.015278993940920683,1.0,5.0,6.0,8.333333333333334,9.8,1.0,1.3333333333333333,0.31,0.03273338823976628,1.070154417285798,-0.010447592229878871,0.01784639064994054,1.0,-4.800000000000001
2024-09-27,100,124,6.0,0.0,0.06,0.0,0.85,0.023232968359889996,2303026493052.5605,0.011077947214926526,0.015181984646419896,1.0,6.0,5.0,5.666666666666667,7.8,1.0,1.0,0.82,0.03124349252495678,1.1455309019214432,0.019230233005517443,0.015278993940920683,1.0,-1.7999999999999998
2024-09-28,100,124,2.0,0.0,0.02,0.0,0.15,0.022422647965665073,2293207902464.274,-0.0026023389664630125,0.015361484729051472,1.0,6.0,6.0,5.666666666666667,7.4,0.0,0.6666666666666666,0.85,0.023232968359889996,1.3212731748092177,0.011077947214926526,0.015181984646419896,1.0,-1.4000000000000004
2024-09-29,100,124,5.0,1.0,0.05,0.01,0.41,0.02697552380128712,2171155050305.6833,-0.0089640996339784,0.01407740961733124,1.0,2.0,6.0,4.666666666666667,5.0,0.0,0.3333333333333333,0.15,0.022422647965665073,1.256057301355951,-0.0026023389664630125,0.015361484729051472,1.0,-3.0
2024-09-30,100,124,2.0,0.0,0.02,0.0,0.05,0.027750075901556103,1994098528893.6704,-0.026261468651652378,0.015675836299588606,1.0,5.0,2.0,4.333333333333333,4.8,1.0,0.3333333333333333,0.41,0.02697552380128712,1.1429206414147777,-0.0089640996339784,0.01407740961733124,1.0,0.20000000000000018
2024-10-01,100,124,4.0,0.0,0.04,0.0,0.05,0.03236158559754571,2000539404313.9482,-0.026994315969523525,0.016855534421159887,0.0,2.0,5.0,3.0,4.2,0.0,0.3333333333333333,0.05,0.027750075901556103,1.0228858348954524,-0.026261468651652378,0.015675836299588606,1.0,-2.2
2024-10-02,100,124,2.0,0.0,0.02,0.0,0.12,0.030772432752072042,2625443411975.4434,0.002536657263442889,0.016697205391943446,0.0,4.0,2.0,3.6666666666666665,3.8,0.0,0.3333333333333333,0.05,0.03236158559754571,0.9981130622168083,-0.026994315969523525,0.016855534421159887,0.0,0.20000000000000018
2024-10-03,100,125,1.0,0.0,0.01,0.0,0.45,0.029098173875389922,2266767946978.5444,0.008736979132507011,0.015098582310482327,0.0,2.0,4.0,2.6666666666666665,3.0,0.0,0.0,0.12,0.030772432752072042,1.260033765968669,0.002536657263442889,0.016697205391943446,0.0,-1.0
2024-10-04,100,125,6.0,1.0,0.06,0.01,0.99,0.037259093444122184,1998838245006.7744,0.01661601493645494,0.01542239454058897,1.0,1.0,2.0,2.3333333333333335,2.8,0.0,0.0,0.45,0.029098173875389922,1.0649782277642585,0.008736979132507011,0.015098582310482327,0.0,-1.7999999999999998
2024-10-05,100,125,4.0,0.0,0.04,0.0,0.47,0.02110744111125124,1776902636628.0667,0.0018001805041478473,0.0151445286564767,1.0,6.0,1.0,3.0,3.0,1.0,0.3333333333333333,0.99,0.037259093444122184,0.9395463567523732,0.01661601493645494,0.01542239454058897,1.0,3.0
2024-10-06,100,125,6.0,2.0,0.06,0.02,0.87,0.020981864251023566,1346627678025.8733,0.006849138586151437,0.014555162128865649,1.0,4.0,6.0,3.6666666666666665,3.4,0.0,0.3333333333333333,0.47,0.02110744111125124,0.8220807249702301,0.0018001805041478473,0.0151445286564767,1.0,0.6000000000000001
2024-10-07,100,125,5.0,0.0,0.05,0.0,0.15,0.02646606837667783,1810411345858.1516,-0.007015906505155155,0.012961793342414265,0.0,6.0,4.0,5.333333333333333,3.8,2.0,1.0,0.87,0.020981864251023566,0.6250764160895433,0.006849138586151437,0.014555162128865649,1.0,2.2
2024-10-08,100,125,7.0,0.0,0.07,0.0,0.38,0.025415188090809532,2370172695947.7334,0.0023441089737336854,0.01237336268605368,0.0,5.0,6.0,5.0,4.4,0.0,0.6666666666666666,0.15,0.02646606837667783,0.838900161244255,-0.007015906505155155,0.012961793342414265,0.0,0.5999999999999996
2024-10-09,100,125,3.0,1.0,0.03,0.01,0.12,0.025648663354295307,1664001181860.308,-0.021066811628704715,0.012801821656434276,0.0,7.0,5.0,6.0,5.6,0.0,0.6666666666666666,0.38,0.025415188090809532,1.0804023579023379,0.0023441089737336854,0.01237336268605368,0.0,1.4000000000000004
2024-10-10,100,125,3.0,0.0,0.03,0.0,0.51,0.025837319297227785,1494533205466.3848,-0.0030878480125946842,0.012708942308466404,0.0,3.0,7.0,5.0,5.0,1.0,0.3333333333333333,0.12,0.025648663354295307,0.773265035594289,-0.021066811628704715,0.012801821656434276,0.0,-2.0
2024-10-11,100,125,4.0,0.0,0.04,0.0,0.97,0.021234856817192574,1514553350892.9463,0.027855951013129505,0.014292438514676062,1.0,3.0,3.0,4.333333333333333,4.8,0.0,0.3333333333333333,0.51,0.025837319297227785,0.7133055890511685,-0.0030878480125946842,0.012708942308466404,0.0,-1.7999999999999998
2024-10-12,100,125,5.0,0.0,0.05,0.0,0.71,0.0240392760065013,1439368841078.3096,0.005961990896070529,0.014315707669560387,1.0,4.0,3.0,3.3333333333333335,4.4,0.0,0.3333333333333333,0.97,0.021234856817192574,0.7464952965111193,0.027855951013129505,0.014292438514676062,1.0,-0.40000000000000036
2024-10-13,100,125,2.0,0.0,0.02,0.0,0.25,0.023216367204889867,1322049520484.814,-0.0017671803941586637,0.014311222895543757,1.0,5.0,4.0,4.0,4.4,0.0,0.0,0.71,0.0240392760065013,0.7346300832215301,0.005961990896070529,0.014315707669560387,1.0,0.5999999999999996
2024-10-14,100,125,5.0,0.0,0.05,0.0,0.94,0.02672280814251197,1227884621865.231,0.04421692798713198,0.017347641252554558,1.0,2.0,5.0,3.6666666666666665,3.4,0.0,0.0,0.25,0.023216367204889867,0.6931109036418769,-0.0017671803941586637,0.014311222895543757,1.0,-1.4
2024-10-15,100,125,5.0,1.0,0.05,0.01,0.3,0.03520846715072738,1997337535510.893,0.021870990049960057,0.017634794388497067,1.0,5.0,2.0,4.0,3.8,0.0,0.0,0.94,0.02672280814251197,0.6576741249350776,0.04421692798713198,0.017347641252554558,1.0,1.2000000000000002
2024-10-16,100,126,3.0,0.0,0.03,0.0,0.31,0.030139200705755532,2909329870196.539,0.011086222978183664,0.017345736271496784,1.0,5.0,5.0,4.0,4.2,1.0,0.3333333333333333,0.3,0.03520846715072738,1.0632920275771807,0.021870990049960057,0.017634794388497067,1.0,0.7999999999999998
2024-10-17,100,126,2.0,0.0,0.02,0.0,0.14,0.02105653185156693,2072031042291.0173,0.0012545342142283944,0.017248526969502766,1.0,3.0,5.0,4.333333333333333,4.0,0.0,0.3333333333333333,0.31,0.030139200705755532,1.510310456097311,0.011086222978183664,0.017345736271496784,1.0,-1.0
2024-10-18,100,127,4.0,1.0,0.04,0.01,0.98,0.035190216465886416,1725989981382.9404,0.017346629336309517,0.01750261662450153,1.0,2.0,3.0,3.3333333333333335,3.4,0.0,0.3333333333333333,0.14,0.02105653185156693,1.0821346381057537,0.0012545342142283944,0.017248526969502766,1.0,-1.4
2024-10-19,100,127,4.0,1.0,0.04,0.01,0.54,0.024312416087335077,1735779504904.5193,-8.572102098983864e-05,0.01727655249701139,1.0,4.0,2.0,3.0,3.8,1.0,0.3333333333333333,0.98,0.035190216465886416,0.9149641274931678,0.017346629336309517,0.01750261662450153,1.0,0.20000000000000018
2024-10-20,100,127,4.0,1.0,0.04,0.01,0.81,0.03099085868248687,1894828213973.7957,0.006185157228107862,0.015728546868445274,1.0,4.0,4.0,3.3333333333333335,3.6,1.0,0.6666666666666666,0.54,0.024312416087335077,0.9308960419156261,-8.572102098983864e-05,0.01727655249701139,1.0,0.3999999999999999
2024-10-21,100,127,2.0,0.0,0.02,0.0,0.1,0.021388970998480434,1716674439880.6238,-0.01870398820161616,0.014908532992761118,1.0,4.0,4.0,4.0,3.4,1.0,1.0,0.81,0.03099085868248687,1.018905887320235,0.006185157228107862,0.015728546868445274,1.0,0.6000000000000001
2024-10-22,100,128,3.0,2.0,0.03,0.02,0.42,0.03705289818764145,2177190644736.958,0.007738989543228829,0.014887600835452685,1.0,2.0,4.0,3.3333333333333335,3.2,0.0,0.6666666666666666,0.1,0.021388970998480434,0.9302067297333773,-0.01870398820161616,0.014908532992761118,1.0,-1.2000000000000002
2024-10-23,100,129,1.0,0.0,0.01,0.0,0.1,0.026890521655637187,1820792352803.3545,-0.005419657858020216,0.015105920546017068,1.0,3.0,2.0,3.0,3.4,2.0,1.0,0.42,0.03705289818764145,1.194248305272169,0.007738989543228829,0.014887600835452685,1.0,-0.3999999999999999
2024-10-24,100,129,3.0,1.0,0.03,0.01,0.61,0.03102856001671996,1715258111632.4355,0.018257216618423687,0.015172656904334248,1.0,1.0,3.0,2.0,2.8,0.0,0.6666666666666666,0.1,0.026890521655637187,1.0111216672261847,-0.005419657858020216,0.015105920546017068,1.0,-1.7999999999999998
2024-10-25,100,130,3.0,1.0,0.03,0.01,0.05,0.03537453804771428,1907773984710.9287,-0.0033539392275702936,0.015287169117506737,1.0,3.0,1.0,2.3333333333333335,2.6,1.0,1.0,0.61,0.03102856001671996,0.9600759585177983,0.018257216618423687,0.015172656904334248,1.0,0.3999999999999999
2024-10-26,100,130,3.0,0.0,0.03,0.0,0.65,0.02085101259272221,2539641805964.2417,0.002460654752792807,0.015298628446333838,1.0,3.0,3.0,2.3333333333333335,2.4,1.0,0.6666666666666666,0.05,0.03537453804771428,1.0639354740047913,-0.0033539392275702936,0.015287169117506737,1.0,0.6000000000000001
2024-10-27,100,130,0.0,0.0,0.0,0.0,0.72,0.020799035663569203,1389174666325.0298,0.008749499708098402,0.015034310290216173,1.0,3.0,3.0,3.0,2.6,0.0,0.6666666666666666,0.65,0.02085101259272221,1.3707194872890802,0.002460654752792807,0.015298628446333838,1.0,0.3999999999999999
2024-10-28,100,130,3.0,1.0,0.03,0.01,0.5,0.027874674109849413,1132840829209.6248,0.026866666416126086,0.015697875114468674,1.0,0.0,3.0,2.0,2.0,0.0,0.3333333333333333,0.72,0.020799035663569203,0.7583997400464004,0.008749499708098402,0.015034310290216173,1.0,-2.0
2024-10-29,100,130,7.0,1.0,0.07,0.01,0.99,0.026697795408927895,1954241680605.1353,0.03929929084187812,0.015756212741176022,1.0,3.0,0.0,2.0,2.4,1.0,0.3333333333333333,0.5,0.027874674109849413,0.6400767017062993,0.026866666416126086,0.015697875114468674,1.0,0.6000000000000001
2024-10-30,100,130,1.0,0.0,0.01,0.0,0.29,0.024334507978600237,2780376506760.405,-0.007271822648101422,0.01597015667844481,1.0,7.0,3.0,3.3333333333333335,3.2,1.0,0.6666666666666666,0.99,0.026697795408927895,1.0952036680855324,0.03929929084187812,0.015756212741176022,1.0,3.8
2024-10-31,100,130,2.0,1.0,0.02,0.01,0.07,0.02690680539008622,2140188306413.3167,-0.02475426248066413,0.01718308758375954,1.0,1.0,7.0,3.6666666666666665,2.8,0.0,0.6666666666666666,0.29,0.024334507978600237,1.5039989561976388,-0.007271822648101422,0.01597015667844481,1.0,-1.7999999999999998
2024-11-01,100,130,1.0,0.0,0.01,0.0,0.23,0.020765229297152313,2084221003495.8943,-0.008464868326009579,0.017549819544454802,1.0,2.0,1.0,3.3333333333333335,2.6,1.0,0.6666666666666666,0.07,0.02690680539008622,1.138435807756456,-0.02475426248066413,0.01718308758375954,1.0,-0.6000000000000001
2024-11-02,100,130,2.0,1.0,0.02,0.01,0.12,0.03005537661148904,2083127254651.4539,-0.0008226644507362065,0.017526877311389348,1.0,1.0,2.0,1.3333333333333333,2.8,0.0,0.3333333333333333,0.23,0.020765229297152313,1.0899710024898535,-0.008464868326009579,0.017549819544454802,1.0,-1.7999999999999998
2024-11-03,100,130,2.0,0.0,0.02,0.0,0.06,0.02103262404246533,1463842041023.341,-0.013693452284524349,0.015713808029837337,1.0,2.0,1.0,1.6666666666666667,2.6,1.0,0.6666666666666666,0.12,0.03005537661148904,1.0681421453805617,-0.0008226644507362065,0.017526877311389348,1.0,-0.6000000000000001
2024-11-04,100,130,2.0,0.0,0.02,0.0,0.05,0.02462573002239662,2031182133998.9077,-0.016764164345266716,0.015766514135883532,0.0,2.0,2.0,1.6666666666666667,1.6,0.0,0.3333333333333333,0.06,0.02103262404246533,0.746084696560436,-0.013693452284524349,0.015713808029837337,1.0,0.3999999999999999
2024-11-05,100,130,8.0,1.0,0.08,0.01,0.99,0.024698293179942085,1589368573052.0293,0.019752924881578416,0.016144096887563165,1.0,2.0,2.0,2.0,1.8,0.0,0.3333333333333333,0.05,0.02462573002239662,1.034352031006621,-0.016764164345266716,0.015766514135883532,0.0,0.19999999999999996
2024-11-06,100,130,37.0,5.0,0.37,0.05,1.0,0.03771249313646887,2121945673988.1333,0.07909041429523146,0.023535751591486763,1.0,8.0,2.0,4.0,3.0,1.0,0.3333333333333333,0.99,0.024698293179942085,0.8375120771737478,0.019752924881578416,0.016144096887563165,1.0,5.0
2024-11-07,100,130,9.0,1.0,0.09,0.01,0.74,0.028014157601109105,7086034169782.535,0.0002881844400349018,0.02342397465485624,1.0,37.0,8.0,15.666666666666666,10.2,5.0,2.0,1.0,0.03771249313646887,1.116683104329671,0.07909041429523146,0.023535751591486763,1.0,26.8
2024-11-08,100,130,13.0,2.0,0.13,0.02,0.87,0.03817827975874531,4360128755737.9526,0.025864409758907417,0.023815610554251646,1.0,9.0,37.0,18.0,11.6,1.0,2.3333333333333335,0.74,0.028014157601109105,3.2681281360465735,0.0002881844400349018,0.02342397465485624,1.0,-2.5999999999999996
2024-11-09,100,131,16.0,6.0,0.16,0.06,0.81,0.04431459641764768,5194021430687.43,-0.005151627490026295,0.02396459194656253,1.0,13.0,9.0,19.666666666666668,13.8,2.0,2.6666666666666665,0.87,0.03817827975874531,1.8961685465045064,0.025864409758907417,0.023815610554251646,1.0,-0.8000000000000007
2024-11-10,100,131,27.0,9.0,0.27,0.09,0.89,0.04823663414795547,6313736118905.617,0.04727748974301248,0.0248801525995176,1.0,16.0,13.0,12.666666666666666,16.6,6.0,3.0,0.81,0.04431459641764768,2.107620054792587,-0.005151627490026295,0.02396459194656253,1.0,-0.6000000000000014
2024-11-11,100,131,39.0,12.0,0.39,0.12,0.99,0.06850517285038564,11645780715164.105,0.11084348252844098,0.03363723991284009,1.0,27.0,16.0,18.666666666666668,20.4,9.0,5.666666666666667,0.89,0.04823663414795547,2.3434076411025213,0.04727748974301248,0.0248801525995176,1.0,6.600000000000001
2024-11-12,100,131,27.0,12.0,0.27,0.12,0.32,0.07147742077927656,13630889236793.416,0.0037198904481753592,0.03341152077024883,1.0,39.0,27.0,27.333333333333332,20.8,12.0,9.0,0.99,0.06850517285038564,3.6764340853846615,0.11084348252844098,0.03363723991284009,1.0,18.2
2024-11-13,100,131,17.0,3.0,0.17,0.03,0.13,0.046863666100940705,23267704011221.85,0.0248473731816082,0.033476628956413214,1.0,27.0,39.0,31.0,24.4,12.0,11.0,0.32,0.07147742077927656,3.626983769692495,0.0037198904481753592,0.03341152077024883,1.0,2.6000000000000014
2024-11-14,100,132,8.0,2.0,0.08,0.02,0.07,0.05119726007785517,15351814089698.922,-0.036073093486444226,0.03519854548626218,1.0,17.0,27.0,27.666666666666668,25.2,3.0,9.0,0.13,0.046863666100940705,4.8115412856746405,0.0248473731816082,0.033476628956413214,1.0,-8.2
2024-11-15,100,133,19.0,5.0,0.19,0.05,1.0,0.04383849547298588,11021985533078.479,0.03704833415559359,0.035460638599460886,1.0,8.0,17.0,17.333333333333332,23.6,2.0,5.666666666666667,0.07,0.05119726007785517,2.7871782852678377,-0.036073093486444226,0.03519854548626218,1.0,-15.600000000000001
2024-11-16,100,133,37.0,12.0,0.37,0.12,0.9,0.06765008508670299,8856003060285.953,-0.009126330935317029,0.035863598372113385,1.0,19.0,8.0,14.666666666666666,22.0,5.0,3.3333333333333335,1.0,0.04383849547298588,1.8580147905397078,0.03704833415559359,0.035460638599460886,1.0,-3.0
2024-11-17,100,133,9.0,1.0,0.09,0.01,0.1,0.0489559048296994,13385033412073.086,-0.004725045569720761,0.035992172110233984,1.0,37.0,19.0,21.333333333333332,21.6,12.0,6.333333333333333,0.9,0.06765008508670299,1.4044949662074273,-0.009126330935317029,0.035863598372113385,1.0,15.399999999999999
2024-11-18,100,133,35.0,8.0,0.35,0.08,0.94,0.06180714680374028,9395702414983.19,0.005283632281227354,0.03548710515846767,1.0,9.0,37.0,21.666666666666668,18.0,1.0,6.0,0.1,0.0489559048296994,1.9347898721364132,-0.004725045569720761,0.035992172110233984,1.0,-9.0
2024-11-19,100,133,16.0,3.0,0.16,0.03,0.28,0.03663903322503268,10349043210961.904,0.020073709364003198,0.03525757726371043,1.0,35.0,9.0,27.0,21.6,8.0,7.0,0.94,0.06180714680374028,1.2888208025165495,0.005283632281227354,0.03548710515846767,1.0,13.399999999999999
2024-11-20,100,133,8.0,0.0,0.08,0.0,0.13,0.036068980379818545,8808609269743.355,0.026323315243359,0.03423489926526167,1.0,16.0,35.0,20.0,23.2,3.0,4.0,0.28,0.03663903322503268,1.349537073631043,0.020073709364003198,0.03525757726371043,1.0,-7.199999999999999
2024-11-21,100,134,13.0,2.0,0.13,0.02,0.93,0.026190224310813626,7372726004927.353,0.028644226066318536,0.03388408860952773,1.0,8.0,16.0,19.666666666666668,21.0,0.0,3.6666666666666665,0.13,0.036068980379818545,1.1007997746623226,0.026323315243359,0.03423489926526167,1.0,-13.0
2024-11-22,100,134,19.0,7.0,0.19,0.07,0.77,0.061487210812023775,10198681551361.09,-0.0012484988607426354,0.03389609824703112,1.0,13.0,8.0,12.333333333333334,16.2,2.0,1.6666666666666667,0.93,0.026190224310813626,0.8918871346182884,0.028644226066318536,0.03388408860952773,1.0,-3.1999999999999993
2024-11-23,100,134,34.0,10.0,0.34,0.1,0.94,0.06214551687261791,16004355049283.357,-0.0064424381520001885,0.033586608666555814,1.0,19.0,13.0,13.333333333333334,18.2,7.0,3.0,0.77,0.061487210812023775,1.1760185355950588,-0.0012484988607426354,0.03389609824703112,1.0,0.8000000000000007
2024-11-24,100,134,29.0,11.0,0.29,0.11,0.69,0.0834582014189986,18500838227583.605,0.0007056333351709573,0.03286874310704218,1.0,34.0,19.0,22.0,18.0,10.0,6.333333333333333,0.94,0.06214551687261791,1.7027291335822115,-0.0064424381520001885,0.033586608666555814,1.0,16.0
2024-11-25,100,134,16.0,3.0,0.16,0.03,0.27,0.05374691296718808,20075636751287.86,-0.04743505464740374,0.03600197232019524,1.0,29.0,34.0,27.333333333333332,20.6,11.0,9.333333333333334,0.69,0.0834582014189986,1.8097764764657975,0.0007056333351709573,0.03286874310704218,1.0,8.399999999999999
2024-11-26,100,134,19.0,5.0,0.19,0.05,0.6,0.06168431798096838,15153918041426.568,-0.007796647042332651,0.03297500478139334,1.0,16.0,29.0,26.333333333333332,22.2,3.0,8.0,0.27,0.05374691296718808,1.8009847076778815,-0.04743505464740374,0.03600197232019524,1.0,-6.199999999999999
2024-11-27,100,134,20.0,6.0,0.2,0.06,0.89,0.05618478263061982,12950640466315.584,0.03221279201500842,0.03321900850709199,1.0,19.0,16.0,21.333333333333332,23.4,5.0,6.333333333333333,0.6,0.06168431798096838,1.2843792376672445,-0.007796647042332651,0.03297500478139334,1.0,-4.399999999999999
2024-11-28,100,134,4.0,0.0,0.04,0.0,0.42,0.03319154155478231,10669028550680.064,0.0010445748816512025,0.03314686049194835,1.0,20.0,19.0,18.333333333333332,23.6,6.0,4.666666666666667,0.89,0.05618478263061982,1.0710211605651698,0.03221279201500842,0.03321900850709199,1.0,-3.6000000000000014
2024-11-29,100,134,12.0,3.0,0.12,0.03,0.82,0.04949307766388919,8633900649314.13,0.010490233676342546,0.03292949727332484,1.0,4.0,20.0,14.333333333333334,17.6,0.0,3.6666666666666665,0.42,0.03319154155478231,0.8598987873370371,0.0010445748816512025,0.03314686049194835,1.0,-13.600000000000001
2024-11-30,100,134,12.0,5.0,0.12,0.05,0.73,0.045999111187721056,11244944373316.508,-0.006270454442998859,0.032057041185269704,1.0,12.0,4.0,12.0,14.2,3.0,3.0,0.82,0.04949307766388919,0.6863577261469228,0.010490233676342546,0.03292949727332484,1.0,-2.1999999999999993
2024-12-01,100,134,14.0,5.0,0.14,0.05,0.51,0.04731535433210236,13586989651384.768,0.0007551317540319011,0.021322917339108658,1.0,12.0,12.0,9.333333333333334,13.4,5.0,2.6666666666666665,0.73,0.045999111187721056,0.8767398720788852,-0.006270454442998859,0.032057041185269704,1.0,-1.4000000000000004
2024-12-02,100,134,19.0,7.0,0.19,0.07,0.61,0.07474551908078489,15150845124293.232,-0.0019974795017211632,0.021359541373519093,1.0,14.0,12.0,12.666666666666666,12.4,5.0,4.333333333333333,0.51,0.04731535433210236,1.0513867888750597,0.0007551317540319011,0.021322917339108658,1.0,1.5999999999999996
2024-12-03,100,134,36.0,16.0,0.36,0.16,0.77,0.10135063228938151,24216859138776.88,0.001234868344097038,0.020750661793525693,1.0,19.0,14.0,15.0,12.2,7.0,5.666666666666667,0.61,0.07474551908078489,1.165546457454991,-0.0019974795017211632,0.021359541373519093,1.0,6.800000000000001
2024-12-04,100,134,35.0,10.0,0.35,0.1,0.8,0.07200179240856505,36286354898086.97,0.037147337993651525,0.020103865619622727,1.0,36.0,19.0,23.0,18.6,16.0,9.333333333333334,0.77,0.10135063228938151,1.8562132449839157,0.001234868344097038,0.020750661793525693,1.0,17.4
2024-12-05,100,134,16.0,6.0,0.16,0.06,0.26,0.06794286613005379,21332630413536.227,-0.009114632294096387,0.018943432315078414,1.0,35.0,36.0,30.0,23.2,10.0,11.0,0.8,0.07200179240856505,2.574759465211111,0.037147337993651525,0.020103865619622727,1.0,11.8
2024-12-06,100,135,18.0,6.0,0.18,0.06,0.72,0.0547946578962135,19982761600234.28,0.013285799794520247,0.018820456130198553,1.0,16.0,35.0,29.0,24.0,6.0,10.666666666666666,0.26,0.06794286613005379,1.4602752053172565,-0.009114632294096387,0.018943432315078414,1.0,-8.0
2024-12-07,100,135,11.0,1.0,0.11,0.01,0.28,0.040729974751650536,14142866113514.557,-0.002730867669123355,0.01877362934567696,1.0,18.0,16.0,23.0,24.8,6.0,7.333333333333333,0.72,0.0547946578962135,1.3176916994142165,0.013285799794520247,0.018820456130198553,1.0,-6.800000000000001
2024-12-08,100,135,6.0,0.0,0.06,0.0,0.5,0.029360969482326107,10126730270684.7,0.014609228809500443,0.018904028847394255,1.0,11.0,18.0,15.0,23.2,1.0,4.333333333333333,0.28,0.040729974751650536,0.9302762767598326,-0.002730867669123355,0.01877362934567696,1.0,-12.2
2024-12-09,100,135,4.0,2.0,0.04,0.02,0.03,0.05784460014139635,8615887352171.1455,-0.015300313840460955,0.019090576439842733,1.0,6.0,11.0,11.666666666666666,17.2,0.0,2.3333333333333335,0.5,0.029360969482326107,0.6645089918826427,0.014609228809500443,0.018904028847394255,1.0,-11.2
2024-12-10,100,135,3.0,0.0,0.03,0.0,0.14,0.04974217867506871,14554680804625.746,-0.004756946772707661,0.018378581943605428,1.0,4.0,6.0,7.0,11.0,2.0,1.0,0.03,0.05784460014139635,0.5686018423524752,-0.015300313840460955,0.019090576439842733,1.0,-7.0
2024-12-11,100,136,23.0,3.0,0.23,0.03,0.98,0.031214859953972007,17887523071285.81,0.034882462801081315,0.018902683899879456,1.0,3.0,4.0,4.333333333333333,8.4,0.0,0.6666666666666666,0.14,0.04974217867506871,0.9426567816521854,-0.004756946772707661,0.018378581943605428,1.0,-5.4
2024-12-12,100,137,17.0,3.0,0.17,0.03,0.73,0.05112874217335596,11663335155906.48,-0.0024766688188232935,0.018916342565528845,1.0,23.0,3.0,10.0,9.4,3.0,1.6666666666666667,0.98,0.031214859953972007,1.120364719113222,0.034882462801081315,0.018902683899879456,1.0,13.6
2024-12-13,100,137,3.0,0.0,0.03,0.0,0.4,0.02596801340281569,8914746884945.125,0.011457192666882972,0.018914228742909794,1.0,17.0,23.0,14.333333333333334,10.6,3.0,2.0,0.73,0.05112874217335596,0.7271842864199644,-0.0024766688188232935,0.018916342565528845,1.0,6.4
2024-12-14,100,137,5.0,0.0,0.05,0.0,0.12,0.029260658707985776,6782098631132.301,0.010505419888331997,0.01897856280948301,1.0,3.0,17.0,14.333333333333334,10.0,0.0,2.0,0.4,0.02596801340281569,0.56837738695781,0.011457192666882972,0.018914228742909794,1.0,-7.0
2024-12-15,100,137,7.0,1.0,0.07,0.01,0.91,0.03311721043677395,6196158853161.057,0.022469353333633642,0.015159558509298648,1.0,5.0,3.0,8.333333333333334,10.2,0.0,1.0,0.12,0.029260658707985776,0.4491866890165898,0.010505419888331997,0.01897856280948301,1.0,-5.199999999999999
2024-12-16,100,137,1.0,1.0,0.01,0.01,0.16,0.033621468675489166,5718657786675.5625,0.02749259545611003,0.015400623715298609,1.0,7.0,5.0,5.0,11.0,1.0,0.3333333333333333,0.91,0.03311721043677395,0.43015005591583066,0.022469353333633642,0.015159558509298648,1.0,-4.0
2024-12-17,100,138,4.0,0.0,0.04,0.0,0.17,0.04317549219693099,10061699155428.555,0.011794347189085248,0.014407968430725155,1.0,1.0,7.0,4.333333333333333,6.6,1.0,0.6666666666666666,0.16,0.033621468675489166,0.410443280219008,0.02749259545611003,0.015400623715298609,1.0,-5.6
2024-12-18,100,139,3.0,0.0,0.03,0.0,0.01,0.02864250476028225,10560120125861.756,-0.04931406396769862,0.019230369787183548,1.0,4.0,1.0,4.0,4.0,0.0,0.6666666666666666,0.17,0.04317549219693099,0.729720175706536,0.011794347189085248,0.014407968430725155,1.0,0.0
2024-12-19,100,139,10.0,2.0,0.1,0.02,0.12,0.050429036460103535,9027014083329.232,-0.0018968396219419938,0.01925075972095958,1.0,3.0,4.0,2.6666666666666665,4.0,0.0,0.3333333333333333,0.01,0.02864250476028225,0.7661705121214981,-0.04931406396769862,0.019230369787183548,1.0,-1.0
2024-12-20,100,139,14.0,5.0,0.14,0.05,0.98,0.07349635300858708,10661403548888.889,0.004492382695624012,0.01908090499366543,1.0,10.0,3.0,5.666666666666667,5.0,2.0,0.6666666666666666,0.12,0.050429036460103535,0.6540060958793837,-0.0018968396219419938,0.01925075972095958,1.0,5.0
2024-12-21,100,139,17.0,4.0,0.17,0.04,0.16,0.07261743262732492,15495301150528.463,-0.0020813068384679147,0.01912559800046723,1.0,14.0,10.0,9.0,6.4,5.0,2.3333333333333335,0.98,0.07349635300858708,0.7740536694017738,0.004492382695624012,0.01908090499366543,1.0,7.6
2024-12-22,100,139,7.0,0.0,0.07,0.0,0.45,0.050420133899179286,11221084670460.41,-0.02070948496138251,0.01992608652144491,1.0,17.0,14.0,13.666666666666666,9.6,4.0,3.6666666666666665,0.16,0.07261743262732492,1.117270969791099,-0.0020813068384679147,0.01912559800046723,1.0,7.4
2024-12-23,100,139,17.0,4.0,0.17,0.04,0.89,0.03366445580228756,8149550174955.123,-0.013201397139649594,0.02029153359070112,0.0,7.0,17.0,12.666666666666666,10.2,0.0,3.0,0.45,0.050420133899179286,0.8207109367374545,-0.02070948496138251,0.01992608652144491,1.0,-3.1999999999999993
2024-12-24,100,139,7.0,0.0,0.07,0.0,0.78,0.026217845435308505,7487214243267.08,0.02713018273697728,0.019521854247908085,1.0,17.0,7.0,13.666666666666666,13.0,4.0,2.6666666666666665,0.89,0.03366445580228756,0.6332683989934857,-0.013201397139649594,0.02029153359070112,0.0,4.0
2024-12-25,100,139,12.0,5.0,0.12,0.05,0.19,0.05130593049852793,6450692001663.199,0.00847715579992528,0.019351060704187066,1.0,7.0,17.0,10.333333333333334,12.4,0.0,1.3333333333333333,0.78,0.026217845435308505,0.6551024837516757,0.02713018273697728,0.019521854247908085,1.0,-5.4
2024-12-26,100,139,6.0,1.0,0.06,0.01,0.08,0.0369014213535167,10471227792837.977,-0.027418483220797152,0.020402476529157606,0.0,12.0,7.0,12.0,12.0,5.0,3.0,0.19,0.05130593049852793,0.603716080433544,0.00847715579992528,0.019351060704187066,1.0,0.0
2024-12-27,100,139,5.0,2.0,0.05,0.02,0.61,0.04511841857358742,6893001868571.456,-0.01373249574658283,0.020673914045401143,0.0,6.0,12.0,8.333333333333334,9.8,1.0,2.0,0.08,0.0369014213535167,1.0256457979602265,-0.027418483220797152,0.020402476529157606,0.0,-3.8000000000000007
2024-12-28,100,139,10.0,3.0,0.1,0.03,0.9,0.06897189942505778,5985325719167.269,0.0013431174293235808,0.020429756844376316,0.0,5.0,6.0,7.666666666666667,9.4,2.0,2.6666666666666665,0.61,0.04511841857358742,0.7000170004305587,-0.01373249574658283,0.020673914045401143,0.0,-4.4
2024-12-29,100,139,7.0,5.0,0.07,0.05,0.08,0.05504745416846729,5048863196262.595,-0.018203788062305517,0.02055754388291223,0.0,10.0,5.0,7.0,8.0,3.0,2.0,0.9,0.06897189942505778,0.6208949637430483,0.0013431174293235808,0.020429756844376316,0.0,2.0
2024-12-30,100,139,6.0,3.0,0.06,0.03,0.18,0.03514603418604804,6846092515208.403,-0.013277001685009936,0.020755452838691575,0.0,7.0,10.0,7.333333333333333,8.0,5.0,3.3333333333333335,0.08,0.05504745416846729,0.5336227056435778,-0.018203788062305517,0.02055754388291223,0.0,-1.0
2024-12-31,100,139,12.0,3.0,0.12,0.03,0.27,0.03898902358400035,6311113573144.037,0.009850376780257969,0.019232956225500416,0.0,6.0,7.0,7.666666666666667,6.8,3.0,3.6666666666666665,0.18,0.03514603418604804,0.7543026253492325,-0.013277001685009936,0.020755452838691575,0.0,-0.7999999999999998
2025-01-01,100,139,11.0,1.0,0.11,0.01,0.81,0.052379552019417894,6119407654829.608,0.014705675647189508,0.019561634898191405,0.0,12.0,6.0,8.333333333333334,8.0,3.0,3.6666666666666665,0.27,0.03898902358400035,0.7427255490907618,0.009850376780257969,0.019232956225500416,0.0,4.0
2025-01-02,100,139,5.0,1.0,0.05,0.01,0.87,0.0265501880678884,5451376818917.198,0.017730364038391993,0.019812238582329562,0.0,11.0,12.0,9.666666666666666,9.2,1.0,2.3333333333333335,0.81,0.052379552019417894,0.7444499827707737,0.014705675647189508,0.019561634898191405,0.0,1.8000000000000007
2025-01-03,100,139,14.0,0.0,0.14,0.0,1.0,0.02609177951839315,5783308964770.246,0.005594410489672385,0.019702806503451957,0.0,5.0,11.0,9.333333333333334,8.2,1.0,1.6666666666666667,0.87,0.0265501880678884,0.6774530591627842,0.017730364038391993,0.019812238582329562,0.0,-3.1999999999999993
2025-01-04,100,139,4.0,2.0,0.04,0.02,0.44,0.02745852819502748,5796714309645.45,0.000621976523161091,0.018957478125741885,0.0,14.0,5.0,10.0,9.6,0.0,0.6666666666666666,1.0,0.02609177951839315,0.7231910823562745,0.005594410489672385,0.019702806503451957,0.0,4.4
2025-01-05,100,139,11.0,5.0,0.11,0.05,0.58,0.05290577393238893,5687126302734.661,-0.00031093990473195026,0.01769455828197808,1.0,4.0,14.0,7.666666666666667,9.2,2.0,1.0,0.44,0.02745852819502748,0.7266822728364827,0.000621976523161091,0.018957478125741885,0.0,-5.199999999999999
2025-01-06,100,139,17.0,5.0,0.17,0.05,0.82,0.0367676394007392,8378490802903.669,0.037731113473680813,0.019669948703883975,1.0,11.0,4.0,9.666666666666666,9.0,5.0,2.3333333333333335,0.58,0.05290577393238893,0.7130851385753577,-0.00031093990473195026,0.01769455828197808,1.0,2.0
2025-01-07,100,139,4.0,1.0,0.04,0.01,0.03,0.039225883230180274,7095220099862.712,-0.037116236895959144,0.018251365811270494,1.0,17.0,11.0,10.666666666666666,10.2,5.0,4.0,0.82,0.0367676394007392,1.0617482766761304,0.037731113473680813,0.019669948703883975,1.0,6.800000000000001
2025-01-08,100,139,11.0,6.0,0.11,0.06,0.3,0.050694311270265476,7016363714924.347,-0.016862255591528652,0.018593062491204154,0.0,4.0,17.0,10.666666666666666,10.0,1.0,3.6666666666666665,0.03,0.039225883230180274,0.9193109260200022,-0.037116236895959144,0.018251365811270494,1.0,-6.0
2025-01-09,100,140,25.0,15.0,0.25,0.15,0.45,0.140024754384226,9484792521330.885,-0.01863170149932669,0.018900123402663456,0.0,11.0,4.0,10.666666666666666,9.4,6.0,4.0,0.3,0.050694311270265476,0.9210916096382483,-0.016862255591528652,0.018593062491204154,0.0,1.5999999999999996
2025-01-10,100,140,17.0,7.0,0.17,0.07,0.55,0.06965263751374343,12917960411675.297,0.01925664666142013,0.019541224504566634,0.0,25.0,11.0,13.333333333333334,13.6,15.0,7.333333333333333,0.45,0.140024754384226,1.2548323367495742,-0.01863170149932669,0.018900123402663456,0.0,11.4
2025-01-11,100,140,16.0,5.0,0.16,0.05,0.45,0.05121558297359838,9716790098595.486,-0.004827120002568215,0.019051089758431464,0.0,17.0,25.0,17.666666666666668,14.8,7.0,9.333333333333334,0.55,0.06965263751374343,1.7386812109175698,0.01925664666142013,0.019541224504566634,0.0,2.1999999999999993
2025-01-12,100,140,6.0,3.0,0.06,0.03,0.14,0.027844635920706916,5991175015969.345,0.002219428298783257,0.018844649559569444,0.0,16.0,17.0,19.333333333333332,14.6,5.0,9.0,0.45,0.05121558297359838,1.3211976744679241,-0.004827120002568215,0.019051089758431464,0.0,1.4000000000000004
2025-01-13,100,140,4.0,1.0,0.04,0.01,0.08,0.03688526405222076,4190744031947.957,0.00015482381784242145,0.017710330647078172,0.0,6.0,16.0,13.0,15.0,3.0,5.0,0.14,0.027844635920706916,0.8267552184853224,0.002219428298783257,0.018844649559569444,0.0,-9.0
2025-01-14,100,140,12.0,5.0,0.12,0.05,0.9,0.04138268118205053,6227828919308.014,0.009754671916727903,0.017750977886763115,1.0,4.0,6.0,8.666666666666666,13.6,1.0,3.0,0.08,0.03688526405222076,0.591763438949225,0.00015482381784242145,0.017710330647078172,0.0,-9.6
2025-01-15,100,140,12.0,3.0,0.12,0.03,0.76,0.04141343808632542,5590692997211.442,0.02619041758189216,0.01768993389578664,1.0,12.0,4.0,7.333333333333333,11.0,5.0,3.0,0.9,0.04138268118205053,0.880800527773545,0.009754671916727903,0.017750977886763115,1.0,1.0
2025-01-16,100,140,7.0,1.0,0.07,0.01,0.21,0.031657798890950016,9678407371909.12,-0.004347256139738226,0.017397560756320003,1.0,12.0,12.0,9.333333333333334,10.0,3.0,3.0,0.76,0.04141343808632542,0.8189548305967635,0.02619041758189216,0.01768993389578664,1.0,2.0
2025-01-17,100,140,14.0,1.0,0.14,0.01,0.97,0.02937216739188076,10160321303029.98,0.03796252046810047,0.019204570690709816,1.0,7.0,12.0,10.333333333333334,8.2,1.0,3.0,0.21,0.031657798890950016,1.3894000215992859,-0.004347256139738226,0.017397560756320003,1.0,-1.1999999999999993
2025-01-18,100,140,5.0,2.0,0.05,0.02,0.13,0.05367793229477594,7644219729177.855,0.0224318661745228,0.01894538362610487,1.0,14.0,7.0,11.0,9.8,1.0,1.6666666666666667,0.97,0.02937216739188076,1.4161438019057986,0.03796252046810047,0.019204570690709816,1.0,4.199999999999999
2025-01-19,100,140,11.0,1.0,0.11,0.01,0.06,0.039058378122755,9679473850871.268,-0.011626949487657834,0.018862992017647975,1.0,5.0,14.0,8.666666666666666,10.0,2.0,1.3333333333333333,0.13,0.05367793229477594,1.0465215526291332,0.0224318661745228,0.01894538362610487,1.0,-5.0
2025-01-20,100,140,14.0,0.0,0.14,0.0,0.36,0.02923724712768522,13321543866846.771,-0.005045173041833734,0.018976905120648476,1.0,11.0,5.0,10.0,9.8,1.0,1.3333333333333333,0.06,0.039058378122755,1.2999428556552772,-0.011626949487657834,0.018862992017647975,1.0,1.1999999999999993
2025-01-21,100,140,7.0,0.0,0.07,0.0,0.71,0.027476619137798804,12175903064842.059,0.02796872096775391,0.019564678362666725,1.0,14.0,11.0,10.0,10.2,0.0,1.0,0.36,0.02923724712768522,1.7086354805674904,-0.005045173041833734,0.018976905120648476,1.0,3.8000000000000007
2025-01-22,100,141,7.0,2.0,0.07,0.02,0.2,0.02848618377240886,8603919796673.033,-0.01645748505401758,0.019924767901677,1.0,7.0,14.0,10.666666666666666,10.2,0.0,0.3333333333333333,0.71,0.027476619137798804,1.503305050380203,0.02796872096775391,0.019564678362666725,1.0,-3.1999999999999993
2025-01-23,100,141,4.0,0.0,0.04,0.0,0.26,0.027757968637954267,6088315865139.315,0.0007287713431722951,0.01993054872997983,1.0,7.0,7.0,9.333333333333334,8.8,2.0,0.6666666666666666,0.2,0.02848618377240886,1.0420089431330724,-0.01645748505401758,0.019924767901677,1.0,-1.8000000000000007
2025-01-24,100,141,7.0,1.0,0.07,0.01,0.37,0.04353949006582109,5060769070056.252,0.013027872902447236,0.020029404686494345,1.0,4.0,7.0,6.0,8.6,0.0,0.6666666666666666,0.26,0.027757968637954267,0.7359882638681474,0.0007287713431722951,0.01993054872997983,1.0,-4.6
2025-01-25,100,142,8.0,3.0,0.08,0.03,0.74,0.057010727447503136,5873250464917.383,0.00034357046395495824,0.020022334553938825,1.0,7.0,4.0,6.0,7.8,1.0,1.0,0.37,0.04353949006582109,0.6145063763380278,0.013027872902447236,0.020029404686494345,1.0,-0.7999999999999998
2025-01-26,100,142,11.0,6.0,0.11,0.06,0.29,0.05430701717330301,4280869301720.071,-0.007022052473719812,0.01851503184040593,1.0,8.0,7.0,6.333333333333333,6.6,3.0,1.3333333333333333,0.74,0.057010727447503136,0.712357358207302,0.00034357046395495824,0.020022334553938825,1.0,1.4000000000000004
2025-01-27,100,142,3.0,1.0,0.03,0.01,0.12,0.03438358352399547,5711460843412.01,-0.007594427840155674,0.01628256724060022,1.0,11.0,8.0,8.666666666666666,7.4,6.0,3.3333333333333335,0.29,0.05430701717330301,0.5324511938281652,-0.007022052473719812,0.01851503184040593,1.0,3.5999999999999996
2025-01-28,100,142,5.0,1.0,0.05,0.01,0.09,0.033970340790056335,7616019764080.27,0.006434241952099779,0.015576134041318574,1.0,3.0,11.0,7.333333333333333,6.6,1.0,3.3333333333333335,0.12,0.03438358352399547,0.7165533894185321,-0.007594427840155674,0.01628256724060022,1.0,-3.5999999999999996
2025-01-29,100,142,4.0,0.0,0.04,0.0,0.89,0.018301924593533747,4605376418043.337,0.01868037470103063,0.01487255164538168,1.0,5.0,3.0,6.333333333333333,6.8,1.0,2.6666666666666665,0.09,0.033970340790056335,0.951916451242012,0.006434241952099779,0.015576134041318574,1.0,-1.7999999999999998
2025-01-30,100,142,6.0,1.0,0.06,0.01,0.87,0.026233131786600687,3188257797158.8916,-0.004542623222386959,0.01474225230792731,1.0,4.0,5.0,4.0,6.2,0.0,0.6666666666666666,0.89,0.018301924593533747,0.5937248416819622,0.01868037470103063,0.01487255164538168,1.0,-2.2
2025-01-31,100,142,11.0,3.0,0.11,0.03,0.63,0.03569967102679025,3473260727221.108,-0.00990733163220616,0.01496656720562479,1.0,6.0,4.0,5.0,5.8,1.0,0.6666666666666666,0.87,0.026233131786600687,0.4385337989055173,-0.004542623222386959,0.01474225230792731,1.0,0.20000000000000018
2025-02-01,100,143,4.0,2.0,0.04,0.02,0.07,0.03918119373347467,5465777597403.005,0.004778448772563885,0.014952767634273868,1.0,11.0,6.0,7.0,5.8,3.0,1.3333333333333333,0.63,0.03569967102679025,0.49916866160924683,-0.00990733163220616,0.01496656720562479,1.0,5.2
2025-02-02,100,143,2.0,1.0,0.02,0.01,0.01,0.04334657382934379,4491797702464.946,-0.021392907838702808,0.01606260226554177,0.0,4.0,11.0,7.0,6.0,2.0,2.0,0.07,0.03918119373347467,0.7885053410951068,0.004778448772563885,0.014952767634273868,1.0,-2.0
2025-02-03,100,143,14.0,1.0,0.14,0.01,0.69,0.03919649326070106,7370567075828.106,0.027014906059397627,0.016832268574221945,1.0,2.0,4.0,5.666666666666667,5.4,1.0,2.0,0.01,0.04334657382934379,0.6465927178877099,-0.021392907838702808,0.01606260226554177,0.0,-3.4000000000000004
2025-02-04,100,143,3.0,0.0,0.03,0.0,0.02,0.03184805249810662,15904829733012.63,-0.026223011898153153,0.017410249238701908,0.0,14.0,2.0,6.666666666666667,7.4,1.0,1.3333333333333333,0.69,0.03919649326070106,1.0523352812702624,0.027014906059397627,0.016832268574221945,1.0,6.6
2025-02-05,100,143,3.0,0.0,0.03,0.0,0.09,0.028140358831505514,7193650186206.115,-0.01748895910162725,0.017913483594655197,0.0,3.0,14.0,6.333333333333333,6.8,0.0,0.6666666666666666,0.02,0.03184805249810662,2.115083531853577,-0.026223011898153153,0.017410249238701908,0.0,-3.8
2025-02-06,100,143,2.0,1.0,0.02,0.01,0.1,0.032750974366160826,3634338911960.4385,-0.0006208595801898962,0.015737153452391107,0.0,3.0,3.0,6.666666666666667,5.2,0.0,0.3333333333333333,0.09,0.028140358831505514,0.9727091354021569,-0.01748895910162725,0.017913483594655197,0.0,-2.2
2025-02-07,100,144,9.0,2.0,0.09,0.02,0.38,0.035464235248315795,4094619145603.45,-0.011662927883042034,0.014970160721391205,0.0,2.0,3.0,2.6666666666666665,4.8,1.0,0.3333333333333333,0.1,0.032750974366160826,0.5141103871365404,-0.0006208595801898962,0.015737153452391107,0.0,-2.8
2025-02-08,100,144,10.0,3.0,0.1,0.03,0.84,0.05903378790703414,4732518185206.577,-0.005348466523936393,0.014823440257083383,0.0,9.0,2.0,4.666666666666667,6.2,2.0,1.0,0.38,0.035464235248315795,0.5941377469197039,-0.011662927883042034,0.014970160721391205,0.0,2.8
2025-02-09,100,144,11.0,4.0,0.11,0.04,0.23,0.04188522476396802,2592148796344.4766,-0.008259657864720433,0.014878755012946238,0.0,10.0,9.0,7.0,5.4,3.0,2.0,0.84,0.05903378790703414,0.7122617809382803,-0.005348466523936393,0.014823440257083383,0.0,4.6
2025-02-10,100,144,9.0,1.0,0.09,0.01,0.81,0.026748713069826343,3777131701464.8022,0.000982042252555933,0.013153251389163493,0.0,11.0,10.0,10.0,7.0,4.0,3.0,0.23,0.04188522476396802,0.424394016560247,-0.008259657864720433,0.014878755012946238,0.0,4.0
2025-02-11,100,144,7.0,2.0,0.07,0.02,0.27,0.03176430509939373,3173375098338.2944,-0.011602069245973694,0.012939261135340717,0.0,9.0,11.0,10.0,8.2,1.0,2.6666666666666665,0.81,0.026748713069826343,0.6640592333330808,0.000982042252555933,0.013153251389163493,0.0,0.8000000000000007
2025-02-12,100,144,8.0,1.0,0.08,0.01,0.94,0.034304769861721686,3352256121223.3574,0.01242759285749353,0.013373085158611981,0.0,7.0,9.0,9.0,9.2,2.0,2.3333333333333335,0.27,0.03176430509939373,0.5858808992748017,-0.011602069245973694,0.012939261135340717,0.0,-2.1999999999999993
2025-02-13,100,145,3.0,1.0,0.03,0.01,0.12,0.03429549043051517,5089294123108.128,-0.013407390604233332,0.013071088528155545,0.0,8.0,7.0,8.0,9.0,1.0,1.3333333333333333,0.94,0.034304769861721686,0.6349434430879464,0.01242759285749353,0.013373085158611981,0.0,-1.0
2025-02-14,100,146,8.0,2.0,0.08,0.02,0.78,0.039944992294465055,3101438746293.233,0.004609689862110197,0.013175295462944114,0.0,3.0,8.0,6.0,7.6,1.0,1.3333333333333333,0.12,0.03429549043051517,0.9636916474440722,-0.013407390604233332,0.013071088528155545,0.0,-4.6
2025-02-15,100,146,2.0,0.0,0.02,0.0,0.13,0.030078084587863062,4920218122657.509,0.006461464674599405,0.013330044219790477,0.0,8.0,3.0,6.333333333333333,7.0,2.0,1.3333333333333333,0.78,0.039944992294465055,0.6031053503441662,0.004609689862110197,0.013175295462944114,0.0,1.0
2025-02-16,100,146,7.0,2.0,0.07,0.02,0.3,0.02779705232726173,3077507035229.62,-0.012800131097944688,0.013477911880465957,0.0,2.0,8.0,4.333333333333333,5.6,0.0,1.0,0.13,0.030078084587863062,0.9508739390231811,0.006461464674599405,0.013330044219790477,0.0,-3.5999999999999996
2025-02-17,100,146,10.0,3.0,0.1,0.03,0.4,0.04510193772496391,3149905662097.281,-0.008516852336837367,0.01333552795796682,0.0,7.0,2.0,5.666666666666667,5.6,2.0,1.3333333333333333,0.3,0.02779705232726173,0.6102872168817705,-0.012800131097944688,0.013477911880465957,0.0,1.4000000000000004
2025-02-18,100,146,4.0,0.0,0.04,0.0,0.07,0.03386294914758726,3873494072410.4346,-0.004595347496276861,0.01223704829487813,0.0,10.0,7.0,6.333333333333333,6.0,3.0,1.6666666666666667,0.4,0.04510193772496391,0.6535869351060654,-0.008516852336837367,0.01333552795796682,0.0,4.0
2025-02-19,100,146,2.0,1.0,0.02,0.01,0.74,0.02741166718960444,3245990068272.7266,0.004054997918526397,0.01240401179226528,0.0,4.0,10.0,7.0,6.2,0.0,1.6666666666666667,0.07,0.03386294914758726,0.8098767290860974,-0.004595347496276861,0.01223704829487813,0.0,-2.2
2025-02-20,100,146,9.0,2.0,0.09,0.02,0.83,0.042852647285410994,2561597217195.4634,0.009702487235457632,0.012731043619201672,0.0,2.0,4.0,5.333333333333333,5.0,1.0,1.3333333333333333,0.74,0.02741166718960444,0.6782677641606254,0.004054997918526397,0.01240401179226528,0.0,-3.0
2025-02-21,100,146,6.0,1.0,0.06,0.01,0.08,0.031527034896364305,2504323214682.462,-0.019821979798510355,0.013063575787626595,0.0,9.0,2.0,5.0,6.4,2.0,1.0,0.83,0.042852647285410994,0.5404073573889304,0.009702487235457632,0.012731043619201672,0.0,2.5999999999999996
2025-02-22,100,147,7.0,1.0,0.07,0.01,0.88,0.020403296200785025,3796156322564.674,-0.003920624746517797,0.012467894508743594,0.0,6.0,9.0,5.666666666666667,6.2,1.0,1.3333333333333333,0.08,0.031527034896364305,0.545360610099363,-0.019821979798510355,0.013063575787626595,0.0,-0.20000000000000018
2025-02-23,100,147,6.0,4.0,0.06,0.04,0.2,0.03589831130389104,2137174568965.0361,-0.00659938093688432,0.010118161173570355,0.0,7.0,6.0,7.333333333333333,5.6,1.0,1.3333333333333333,0.88,0.020403296200785025,0.8329894888200422,-0.003920624746517797,0.012467894508743594,0.0,1.4000000000000004
2025-02-24,100,147,2.0,1.0,0.02,0.01,0.03,0.05388229666657899,2720497352197.378,-0.06751399692905369,0.01664703997564187,0.0,6.0,7.0,6.333333333333333,6.0,4.0,2.0,0.2,0.03589831130389104,0.49752662935727665,-0.00659938093688432,0.010118161173570355,0.0,0.0
2025-02-25,100,147,8.0,0.0,0.08,0.0,0.77,0.029291386938948515,5193647451848.993,-0.018484391091120544,0.016679316867909546,0.0,2.0,6.0,5.0,6.0,1.0,2.0,0.03,0.05388229666657899,0.7481330487961255,-0.06751399692905369,0.01664703997564187,0.0,-4.0
2025-02-26,100,148,7.0,0.0,0.07,0.0,0.38,0.03523621225614268,8005132975805.923,-0.05491302207420636,0.019617921194419064,0.0,8.0,2.0,5.333333333333333,5.8,0.0,1.6666666666666667,0.77,0.029291386938948515,1.4686332091239922,-0.018484391091120544,0.016679316867909546,0.0,2.2
2025-02-27,100,148,11.0,3.0,0.11,0.03,0.73,0.03686040255698133,3562495118879.5034,0.01252064997903412,0.020274217530830838,0.0,7.0,8.0,5.666666666666667,6.0,0.0,0.3333333333333333,0.38,0.03523621225614268,2.131904329866218,-0.05491302207420636,0.019617921194419064,0.0,1.0
2025-02-28,100,148,11.0,2.0,0.11,0.02,0.46,0.03697125189717287,3654022084366.089,0.0013503197004145731,0.020397047640259503,0.0,11.0,7.0,8.666666666666666,6.8,3.0,1.0,0.73,0.03686040255698133,0.9555241511211492,0.01252064997903412,0.020274217530830838,0.0,4.2
2025-03-01,100,148,14.0,4.0,0.14,0.04,0.58,0.042646509363623936,5724848036967.332,0.030229460374213896,0.022198433706036802,0.0,11.0,11.0,9.666666666666666,7.8,2.0,1.6666666666666667,0.46,0.03697125189717287,0.9944567107169694,0.0013503197004145731,0.020397047640259503,0.0,3.2
2025-03-02,100,148,49.0,10.0,0.49,0.1,0.99,0.07454765862637429,3276690329913.999,0.10481485559050088,0.03345124271028713,1.0,14.0,11.0,12.0,10.2,4.0,3.0,0.58,0.042646509363623936,1.4943383706232385,0.030229460374213896,0.022198433706036802,0.0,3.8000000000000007
2025-03-03,100,148,8.0,4.0,0.08,0.04,0.03,0.06508289255341378,10320010295314.49,-0.09108473362421465,0.03894699933232118,0.0,49.0,14.0,24.666666666666668,18.4,10.0,5.333333333333333,0.99,0.07454765862637429,0.860926848888904,0.10481485559050088,0.03345124271028713,1.0,30.6
2025-03-04,100,148,3.0,0.0,0.03,0.0,0.23,0.04216811080656797,9092479976426.736,0.002579418297701063,0.038766597419376235,0.0,8.0,49.0,23.666666666666668,18.6,4.0,6.0,0.03,0.06508289255341378,2.4787845391181937,-0.09108473362421465,0.03894699933232118,0.0,-10.600000000000001
2025-03-05,100,148,14.0,2.0,0.14,0.02,0.91,0.03750670669269364,6593917905932.16,0.034364017238543966,0.0397623831801897,0.0,3.0,8.0,20.0,17.0,0.0,4.666666666666667,0.23,0.04216811080656797,2.0430950072033007,0.002579418297701063,0.038766597419376235,0.0,-14.0
2025-03-06,100,149,5.0,1.0,0.05,0.01,0.12,0.03229099336293904,4463823146144.666,-0.008331521822929303,0.03972226634350056,0.0,14.0,3.0,8.333333333333334,17.6,2.0,2.0,0.91,0.03750670669269364,1.4570335292426428,0.034364017238543966,0.0397623831801897,0.0,-3.6000000000000014
2025-03-07,100,149,3.0,1.0,0.03,0.01,0.18,0.034420230862503925,4215849621862.797,-0.033018428917011185,0.040126466782012614,0.0,5.0,14.0,7.333333333333333,15.8,1.0,1.0,0.12,0.03229099336293904,0.9717279101057494,-0.008331521822929303,0.03972226634350056,0.0,-10.8
2025-03-08,100,149,5.0,2.0,0.05,0.02,0.23,0.028579327835867446,4809912574938.93,-0.0076806305042624885,0.04010047714474164,0.0,3.0,5.0,7.333333333333333,6.6,1.0,1.3333333333333333,0.18,0.034420230862503925,0.9248370855893051,-0.033018428917011185,0.040126466782012614,0.0,-3.5999999999999996
2025-03-09,100,149,3.0,0.0,0.03,0.0,0.03,0.03644389745854823,2080596650151.415,-0.059462639921176175,0.041833176910534314,0.0,5.0,3.0,4.333333333333333,6.0,2.0,1.3333333333333333,0.23,0.028579327835867446,1.0354813097404516,-0.0076806305042624885,0.04010047714474164,0.0,-1.0
2025-03-10,100,149,17.0,2.0,0.17,0.02,0.08,0.03956735290966238,3479917232883.439,-0.030464910712484392,0.04209575357176865,0.0,3.0,5.0,3.6666666666666665,6.0,0.0,1.0,0.03,0.03644389745854823,0.45312782470882357,-0.059462639921176175,0.041833176910534314,0.0,-3.0
2025-03-11,100,149,14.0,2.0,0.14,0.02,0.98,0.032758559788851345,5044113398809.193,0.04782618788962635,0.043965823983278994,0.0,17.0,3.0,8.333333333333334,6.6,2.0,1.3333333333333333,0.08,0.03956735290966238,0.7611443927998282,-0.030464910712484392,0.04209575357176865,0.0,10.4
2025-03-12,100,150,11.0,2.0,0.11,0.02,0.77,0.03519851475339783,4926856996857.88,0.005171943880760579,0.04388197271032675,0.0,14.0,17.0,11.333333333333334,8.4,2.0,1.3333333333333333,0.98,0.032758559788851345,1.0819958348313359,0.04782618788962635,0.043965823983278994,0.0,5.6
2025-03-13,100,150,8.0,0.0,0.08,0.0,0.21,0.0325277365296517,3604115536281.313,-0.029950576789833736,0.04408209534079542,0.0,11.0,14.0,14.0,10.0,2.0,2.0,0.77,0.03519851475339783,1.0306966423282193,0.005171943880760579,0.04388197271032675,0.0,1.0
2025-03-14,100,150,8.0,2.0,0.08,0.02,0.92,0.026580874059523828,3101245293732.64,0.030007085595131523,0.04491768764453885,0.0,8.0,11.0,11.0,10.6,0.0,1.3333333333333333,0.21,0.0325277365296517,0.7454046320288507,-0.029950576789833736,0.04408209534079542,0.0,-2.5999999999999996
2025-03-15,100,150,6.0,1.0,0.06,0.01,0.78,0.034077928608886955,2520736084731.3,0.0009843552864800497,0.04495264011899602,0.0,8.0,8.0,9.0,11.6,2.0,1.3333333333333333,0.92,0.026580874059523828,0.6460433300639331,0.030007085595131523,0.04491768764453885,0.0,-3.5999999999999996
2025-03-16,100,150,6.0,2.0,0.06,0.02,0.11,0.04761591023036963,2153358020157.9756,-0.018320017228430505,0.04273249561964663,0.0,6.0,8.0,7.333333333333333,9.4,1.0,1.0,0.78,0.034077928608886955,0.5230236202477555,0.0009843552864800497,0.04495264011899602,0.0,-3.4000000000000004
2025-03-17,100,150,11.0,2.0,0.11,0.02,0.91,0.03584088840444573,2932450838204.826,0.008603610625754555,0.04268160471097292,0.0,6.0,6.0,6.666666666666667,7.8,2.0,1.6666666666666667,0.11,0.04761591023036963,0.44944131266227627,-0.018320017228430505,0.04273249561964663,0.0,-1.7999999999999998
2025-03-18,100,150,7.0,2.0,0.07,0.02,0.29,0.039290597209359866,2066691432604.3567,-0.01252920234464388,0.040972741466935046,0.0,11.0,6.0,7.666666666666667,7.8,2.0,1.6666666666666667,0.91,0.03584088840444573,0.6268427153744959,0.008603610625754555,0.04268160471097292,0.0,3.2
2025-03-19,100,150,7.0,0.0,0.07,0.0,0.85,0.03186288170737651,2453559936743.894,0.04767752332445326,0.04229886561821925,1.0,7.0,11.0,8.0,7.6,2.0,2.0,0.29,0.039290597209359866,0.47171741825880215,-0.01252920234464388,0.040972741466935046,0.0,-0.5999999999999996
2025-03-20,100,150,7.0,1.0,0.07,0.01,0.21,0.03393702664912712,3984624792558.4526,-0.02303961691364119,0.04264262147903224,0.0,7.0,7.0,8.333333333333334,7.4,0.0,1.3333333333333333,0.85,0.03186288170737651,0.5671974560301789,0.04767752332445326,0.04229886561821925,1.0,-0.40000000000000036
2025-03-21,100,150,7.0,4.0,0.07,0.04,0.33,0.04787702401943539,2733049937827.092,0.0016318528362329482,0.04204807895865703,0.0,7.0,7.0,7.0,7.6,1.0,1.0,0.21,0.03393702664912712,0.9176321433339625,-0.02303961691364119,0.04264262147903224,0.0,-0.5999999999999996
2025-03-22,100,151,14.0,5.0,0.14,0.05,0.68,0.08698683774115139,3588190556346.012,-0.0028152039505867027,0.033802884072950797,0.0,7.0,7.0,7.0,7.8,4.0,1.6666666666666667,0.33,0.04787702401943539,0.6518591689744981,0.0016318528362329482,0.04204807895865703,0.0,-0.7999999999999998
2025-03-23,100,151,11.0,2.0,0.11,0.02,0.45,0.06393375723726293,3665820736041.9717,0.022200388432338222,0.027934575186464708,1.0,14.0,7.0,9.333333333333334,8.4,5.0,3.3333333333333335,0.68,0.08698683774115139,0.8526511567338316,-0.0028152039505867027,0.033802884072950797,0.0,5.6
2025-03-24,100,151,10.0,3.0,0.1,0.03,0.94,0.029967303109062034,3142201898430.0854,0.015268427030174355,0.028168723348959424,1.0,11.0,14.0,10.666666666666666,9.2,2.0,3.6666666666666665,0.45,0.06393375723726293,0.9458802088085126,0.022200388432338222,0.027934575186464708,1.0,1.8000000000000007
2025-03-25,100,151,8.0,3.0,0.08,0.03,0.74,0.04135187309036628,3077899692815.072,-0.0005199582598432381,0.026943576202139472,1.0,10.0,11.0,11.666666666666666,9.8,3.0,3.3333333333333335,0.94,0.029967303109062034,0.8781879703660718,0.015268427030174355,0.028168723348959424,1.0,0.1999999999999993
2025-03-26,100,151,11.0,3.0,0.11,0.03,0.29,0.0381008402409982,2744445418996.818,-0.002074762088423525,0.026906622296356972,1.0,8.0,10.0,9.666666666666666,10.0,3.0,2.6666666666666665,0.74,0.04135187309036628,0.9046657483857117,-0.0005199582598432381,0.026943576202139472,1.0,-2.0
2025-03-27,100,151,14.0,4.0,0.14,0.04,0.46,0.04271842510688032,3147406133799.1904,0.0011272775112433425,0.025901050082944535,1.0,11.0,8.0,9.666666666666666,10.8,3.0,3.0,0.29,0.0381008402409982,0.8275670035219949,-0.002074762088423525,0.026906622296356972,1.0,0.1999999999999993
2025-03-28,100,151,5.0,1.0,0.05,0.01,0.06,0.03869186372944465,3266104414421.578,-0.022798540313324504,0.026344043600711433,1.0,14.0,11.0,11.0,10.8,4.0,3.3333333333333335,0.46,0.04271842510688032,0.9646158473110612,0.0011272775112433425,0.025901050082944535,1.0,3.1999999999999993
2025-03-29,100,152,2.0,1.0,0.02,0.01,0.03,0.03887273660317841,3345683124647.199,-0.019440530698903787,0.022980722866120854,0.0,5.0,14.0,10.0,9.6,1.0,2.6666666666666665,0.06,0.03869186372944465,1.0252490632223763,-0.022798540313324504,0.026344043600711433,1.0,-4.6
2025-03-30,100,152,9.0,1.0,0.09,0.01,0.37,0.025201084120527056,2329758020788.736,-0.0026945443696696067,0.02179237903777145,0.0,2.0,5.0,7.0,8.0,1.0,2.0,0.03,0.03887273660317841,1.0297820335269343,-0.019440530698903787,0.022980722866120854,0.0,-6.0
2025-03-31,100,152,5.0,1.0,0.05,0.01,0.22,0.032965920962573655,1800119734535.6504,0.0013238311815410688,0.018980477003169096,0.0,9.0,2.0,5.333333333333333,8.2,1.0,1.0,0.37,0.025201084120527056,0.7300077154237119,-0.0026945443696696067,0.02179237903777145,0.0,0.8000000000000007
2025-04-01,100,152,7.0,1.0,0.07,0.01,0.69,0.03920390496370353,2434396599122.667,0.027403142004129487,0.019927234047930745,1.0,5.0,9.0,5.333333333333333,7.0,1.0,1.0,0.22,0.032965920962573655,0.5942526964461524,0.0013238311815410688,0.018980477003169096,0.0,-2.0
2025-04-02,100,153,5.0,2.0,0.05,0.02,0.06,0.04822430614591777,2337970482418.471,-0.030744513447975186,0.019993031965725893,0.0,7.0,5.0,7.0,5.6,1.0,1.0,0.69,0.03920390496370353,0.8381197208822914,0.027403142004129487,0.019927234047930745,1.0,1.4000000000000004
2025-04-03,100,153,7.0,1.0,0.07,0.01,0.63,0.0325041722532974,3108636537857.8867,0.003625401260770426,0.018818644974241013,0.0,5.0,7.0,5.666666666666667,5.6,2.0,1.3333333333333333,0.06,0.04822430614591777,0.8228565390077259,-0.030744513447975186,0.019993031965725893,0.0,-0.5999999999999996
2025-04-04,100,153,2.0,1.0,0.02,0.01,0.34,0.0287243627097671,2390051583483.3843,0.0013379121649655917,0.018820038020878536,0.0,7.0,5.0,6.333333333333333,6.6,1.0,1.3333333333333333,0.63,0.0325041722532974,1.0939527485104534,0.003625401260770426,0.018818644974241013,0.0,0.40000000000000036
2025-04-05,100,154,2.0,0.0,0.02,0.0,0.27,0.024795487603870823,2420317806194.339,-0.0008836321908995768,0.01833600062999368,0.0,2.0,7.0,4.666666666666667,5.2,1.0,1.3333333333333333,0.34,0.0287243627097671,0.8430157259757322,0.0013379121649655917,0.018820038020878536,0.0,-3.2
2025-04-06,100,154,5.0,2.0,0.05,0.02,0.05,0.04865365943715435,1189841279058.44,-0.04803740620028604,0.021191893413634724,0.0,2.0,2.0,3.6666666666666665,4.6,0.0,0.6666666666666666,0.27,0.024795487603870823,0.8496907706846225,-0.0008836321908995768,0.01833600062999368,0.0,-2.5999999999999996
2025-04-07,100,154,11.0,3.0,0.11,0.03,0.7,0.044068066099407124,3086496573380.3325,0.004618436076012714,0.0210986362205971,0.0,5.0,2.0,3.0,4.2,2.0,1.0,0.05,0.04865365943715435,0.43089294430989816,-0.04803740620028604,0.021191893413634724,0.0,0.7999999999999998
2025-04-08,100,154,16.0,5.0,0.16,0.05,0.21,0.06162321431175591,6589386739017.688,-0.03072269153573207,0.01865323625166754,0.0,11.0,5.0,6.0,5.4,3.0,1.6666666666666667,0.7,0.044068066099407124,1.0974878236202734,0.004618436076012714,0.0210986362205971,0.0,5.6
2025-04-09,100,154,53.0,11.0,0.53,0.11,0.97,0.06087258860292594,3536997089422.4106,0.058109532664475994,0.02292037331163131,0.0,16.0,11.0,10.666666666666666,7.2,5.0,3.3333333333333335,0.21,0.06162321431175591,2.1825520396754117,-0.03072269153573207,0.01865323625166754,0.0,8.8
2025-04-10,100,154,15.0,8.0,0.15,0.08,0.27,0.07367759071667512,5031391037258.378,-0.028446176727836215,0.023698067533194124,0.0,53.0,16.0,26.666666666666668,17.4,11.0,6.333333333333333,0.97,0.06087258860292594,1.1802821074322083,0.058109532664475994,0.02292037331163131,0.0,35.6
2025-04-11,100,154,18.0,6.0,0.18,0.06,0.64,0.06414050015785412,3770832809026.1187,0.029360551001248434,0.02475883449108684,0.0,15.0,53.0,28.0,20.0,8.0,8.0,0.27,0.07367759071667512,1.616949754235279,-0.028446176727836215,0.023698067533194124,0.0,-5.0
2025-04-12,100,154,19.0,5.0,0.19,0.05,0.9,0.045545508607985424,3462522741401.6406,0.01715137084279589,0.024533472044564925,1.0,18.0,15.0,28.666666666666668,22.6,6.0,8.333333333333334,0.64,0.06414050015785412,1.2082951316566934,0.029360551001248434,0.02475883449108684,0.0,-4.600000000000001
2025-04-13,100,154,8.0,5.0,0.08,0.05,0.09,0.05591211942497289,3266637685193.362,-0.01610621938587459,0.024417609630429486,0.0,19.0,18.0,17.333333333333332,24.2,5.0,6.333333333333333,0.9,0.045545508607985424,1.1131283852796785,0.01715137084279589,0.024533472044564925,1.0,-5.199999999999999
2025-04-14,100,154,15.0,4.0,0.15,0.04,0.55,0.05443615225032225,3031898578616.9014,0.009145643860629648,0.024562844260005507,1.0,8.0,19.0,15.0,22.6,5.0,5.333333333333333,0.09,0.05591211942497289,1.048059149831923,-0.01610621938587459,0.024417609630429486,0.0,-14.600000000000001
2025-04-15,100,154,10.0,7.0,0.1,0.07,0.26,0.07937354204126036,3248126416092.376,-0.004378161960563044,0.02456645476248402,0.0,15.0,8.0,14.0,15.0,4.0,4.666666666666667,0.55,0.05443615225032225,0.9734644552381868,0.009145643860629648,0.024562844260005507,1.0,0.0
2025-04-16,100,154,19.0,6.0,0.19,0.06,0.37,0.15015118783667078,3534558713303.1245,-0.0025245087339542793,0.024551231918004998,0.0,10.0,15.0,11.0,14.0,7.0,5.333333333333333,0.26,0.07937354204126036,1.034524525769836,-0.004378161960563044,0.02456645476248402,0.0,-4.0
2025-04-17,100,155,12.0,5.0,0.12,0.05,0.61,0.06605788548838909,5997146488821.899,0.0069515716456506095,0.02416993634263118,1.0,19.0,10.0,14.666666666666666,14.2,6.0,5.666666666666667,0.37,0.15015118783667078,1.1188547154796575,-0.0025245087339542793,0.024551231918004998,0.0,4.800000000000001
2025-04-18,100,155,12.0,3.0,0.12,0.03,0.68,0.05172917864978683,3803377562370.238,-0.003363433216337465,0.02379750029249317,1.0,12.0,19.0,13.666666666666666,12.8,5.0,6.0,0.61,0.06605788548838909,1.8197221828835652,0.0069515716456506095,0.02416993634263118,1.0,-0.8000000000000007
2025-04-19,100,155,10.0,4.0,0.1,0.04,0.78,0.052287693292231555,3302657928376.1406,0.0035264191184177594,0.02380718582816242,1.0,12.0,12.0,14.333333333333334,13.6,3.0,4.666666666666667,0.68,0.05172917864978683,1.1461054528757735,-0.003363433216337465,0.02379750029249317,1.0,-1.5999999999999996
2025-04-20,100,155,8.0,2.0,0.08,0.02,0.26,0.029612467980072592,3031188950309.55,0.00021184196668569034,0.02380490369978762,1.0,10.0,12.0,11.333333333333334,12.6,4.0,4.0,0.78,0.052287693292231555,0.980841381638531,0.0035264191184177594,0.02380718582816242,1.0,-2.5999999999999996
2025-04-21,100,155,5.0,1.0,0.05,0.01,0.5,0.02888948724122385,2582055644533.7876,0.02804391297100288,0.02384439130985899,1.0,8.0,10.0,10.0,12.2,2.0,3.0,0.26,0.029612467980072592,0.8840580347943223,0.00021184196668569034,0.02380490369978762,1.0,-4.199999999999999
2025-04-22,100,155,21.0,5.0,0.21,0.05,0.9,0.05876607386988927,2513286703284.1426,0.0585960319604495,0.026076445782621395,1.0,5.0,8.0,7.666666666666667,9.4,1.0,2.3333333333333335,0.5,0.02888948724122385,0.751448492067696,0.02804391297100288,0.02384439130985899,1.0,-4.4
2025-04-23,100,156,13.0,5.0,0.13,0.05,0.7,0.05654638899306367,4028255194853.8296,0.0038623905331493812,0.026076171771091054,1.0,21.0,5.0,11.333333333333334,11.2,5.0,2.6666666666666665,0.9,0.05876607386988927,0.7295736500441488,0.0585960319604495,0.026076445782621395,1.0,9.8
2025-04-24,100,156,9.0,3.0,0.09,0.03,0.66,0.05227386798631313,5037405980826.608,0.002059304207374558,0.02607232448464481,1.0,13.0,21.0,13.0,11.4,5.0,3.6666666666666665,0.7,0.05654638899306367,1.1539463473918894,0.0038623905331493812,0.026076171771091054,1.0,1.5999999999999996
2025-04-25,100,156,19.0,6.0,0.19,0.06,0.83,0.039900650031910706,3764887378531.7764,0.013030221325192007,0.02611068380342608,1.0,9.0,13.0,14.333333333333334,11.2,3.0,4.333333333333333,0.66,0.05227386798631313,1.390312274047853,0.002059304207374558,0.02607232448464481,1.0,-2.1999999999999993
2025-04-26,100,156,9.0,3.0,0.09,0.03,0.6,0.041400174032259165,4208840495311.246,0.0006082480080532611,0.02298316740635643,1.0,19.0,9.0,13.666666666666666,13.4,6.0,4.666666666666667,0.83,0.039900650031910706,1.020170941963378,0.013030221325192007,0.02611068380342608,1.0,5.6
2025-04-27,100,156,9.0,3.0,0.09,0.03,0.12,0.048934819689839364,3367234583704.578,-0.009932015868396512,0.02330675647764492,1.0,9.0,19.0,12.333333333333334,14.2,3.0,4.0,0.6,0.041400174032259165,1.0956534585184945,0.0006082480080532611,0.02298316740635643,1.0,-5.199999999999999
2025-04-28,100,156,12.0,3.0,0.12,0.03,0.81,0.04629626491682313,3126578819852.935,0.0122516846911429,0.02158682482697652,1.0,9.0,9.0,12.333333333333334,11.8,3.0,4.0,0.12,0.048934819689839364,0.873373582040965,-0.009932015868396512,0.02330675647764492,1.0,-2.8000000000000007
2025-04-29,100,156,6.0,1.0,0.06,0.01,0.18,0.04300387280794409,3808963555686.7075,-0.0037052538308478297,0.018354790008217752,1.0,12.0,9.0,10.0,11.6,3.0,3.0,0.81,0.04629626491682313,0.8490845070608798,0.0122516846911429,0.02158682482697652,1.0,0.40000000000000036
2025-04-30,100,157,11.0,2.0,0.11,0.02,0.38,0.04061091456631309,3492082058763.858,-0.001909238353496326,0.016625247052132846,1.0,6.0,12.0,9.0,11.0,1.0,2.3333333333333335,0.18,0.04300387280794409,1.0305937460299595,-0.0037052538308478297,0.018354790008217752,1.0,-5.0
2025-05-01,100,157,10.0,3.0,0.1,0.03,0.63,0.053922661181456964,3458372748594.3823,0.02249408965005891,0.01620797545455514,1.0,11.0,6.0,9.666666666666666,9.4,2.0,2.0,0.38,0.04061091456631309,0.9649495945405948,-0.001909238353496326,0.016625247052132846,1.0,1.5999999999999996
2025-05-02,100,157,7.0,1.0,0.07,0.01,0.33,0.045307922704397416,2952860278308.2993,-0.0036647615904324225,0.016176647593561525,1.0,10.0,11.0,9.0,9.6,3.0,2.0,0.63,0.053922661181456964,0.9597782572911263,0.02249408965005891,0.01620797545455514,1.0,0.40000000000000036
2025-05-03,100,157,9.0,1.0,0.09,0.01,0.15,0.047371719679938265,2686902840301.606,-0.0077916077248163925,0.015684478348046146,1.0,7.0,10.0,9.333333333333334,9.2,1.0,2.0,0.33,0.045307922704397416,0.8253236964780344,-0.0036647615904324225,0.016176647593561525,1.0,-2.1999999999999993
2025-05-04,100,157,3.0,1.0,0.03,0.01,0.11,0.0327234125890022,2556226545801.239,-0.01396740274179104,0.01629378956262642,1.0,9.0,7.0,8.666666666666666,8.6,1.0,1.6666666666666667,0.15,0.047371719679938265,0.757122707192603,-0.0077916077248163925,0.015684478348046146,1.0,0.40000000000000036
2025-05-05,100,157,6.0,2.0,0.06,0.02,0.4,0.03281874532533085,2067356813240.1958,-0.005633151340686106,0.016334254190792624,1.0,3.0,9.0,6.333333333333333,8.0,1.0,1.0,0.11,0.0327234125890022,0.7251602739119981,-0.01396740274179104,0.01629378956262642,1.0,-5.0
2025-05-06,100,157,4.0,1.0,0.04,0.01,0.21,0.06730793597047749,2016460292280.2385,0.018436748306660568,0.016500561654335447,1.0,6.0,3.0,6.0,7.0,2.0,1.3333333333333333,0.4,0.03281874532533085,0.5964655732786027,-0.005633151340686106,0.016334254190792624,1.0,-1.0
2025-05-07,100,157,8.0,3.0,0.08,0.03,0.64,0.06287631982005465,2880517098388.0005,0.0018904971819692445,0.016524077184430566,1.0,4.0,6.0,4.333333333333333,5.8,1.0,1.3333333333333333,0.21,0.06730793597047749,0.5948072631901893,0.018436748306660568,0.016500561654335447,1.0,-1.7999999999999998
2025-05-08,100,157,55.0,9.0,0.55,0.09,0.97,0.06025608326779487,2479124156741.235,0.050428471894777165,0.019133947005824915,1.0,8.0,4.0,6.0,6.0,3.0,2.0,0.64,0.06287631982005465,0.890622036613599,0.0018904971819692445,0.016524077184430566,1.0,2.0
2025-05-09,100,158,18.0,3.0,0.18,0.03,0.88,0.03942836049396198,4150018308921.65,-0.00734838661967738,0.01943316082682918,1.0,55.0,8.0,22.333333333333332,15.2,9.0,4.333333333333333,0.97,0.06025608326779487,0.7825362792174129,0.050428471894777165,0.019133947005824915,1.0,39.8
2025-05-10,100,159,18.0,4.0,0.18,0.04,0.95,0.04952848459430458,5168569252718.218,0.008618473487633442,0.019348893852512438,1.0,18.0,55.0,27.0,18.2,3.0,5.0,0.88,0.03942836049396198,1.2926670622160603,-0.00734838661967738,0.01943316082682918,1.0,-0.1999999999999993
2025-05-11,100,159,6.0,0.0,0.06,0.0,0.18,0.031711270824987245,4478784817878.608,0.003759377039235926,0.018800079351958047,1.0,18.0,18.0,30.333333333333332,20.6,4.0,5.333333333333333,0.95,0.04952848459430458,1.5580650981361575,0.008618473487633442,0.019348893852512438,1.0,-2.6000000000000014
2025-05-12,100,159,17.0,3.0,0.17,0.03,0.73,0.03074240571345926,3711564509301.2183,-0.004373511112271513,0.014504964401274953,1.0,6.0,18.0,14.0,21.0,0.0,2.3333333333333335,0.18,0.031711270824987245,1.3126042742216293,0.003759377039235926,0.018800079351958047,1.0,-15.0
2025-05-13,100,159,7.0,1.0,0.07,0.01,0.82,0.02418536382539411,6159489151640.526,0.006913064280563763,0.014519964052510983,1.0,17.0,6.0,13.666666666666666,22.8,3.0,2.3333333333333335,0.73,0.03074240571345926,1.0689835120568825,-0.004373511112271513,0.014504964401274953,1.0,-5.800000000000001
2025-05-14,100,159,5.0,2.0,0.05,0.02,0.13,0.030837703163525507,3871140726100.1025,-0.0011111188462670759,0.014560759761010204,1.0,7.0,17.0,10.0,13.2,1.0,1.3333333333333333,0.82,0.02418536382539411,1.7211950271767469,0.006913064280563763,0.014519964052510983,1.0,-6.199999999999999
2025-05-15,100,159,5.0,0.0,0.05,0.0,0.04,0.03258598790229595,3676232259462.283,0.002111440951153673,0.014406251529028698,1.0,5.0,7.0,9.666666666666666,10.6,2.0,2.0,0.13,0.030837703163525507,1.0996625662315893,-0.0011111188462670759,0.014560759761010204,1.0,-5.6
2025-05-16,100,160,6.0,1.0,0.06,0.01,0.33,0.030504719410295193,3864651114331.4683,0.003001804018900053,0.014391740500292249,1.0,5.0,5.0,5.666666666666667,8.0,0.0,1.0,0.04,0.03258598790229595,1.0456121750314749,0.002111440951153673,0.014406251529028698,1.0,-3.0
2025-05-17,100,160,3.0,0.0,0.03,0.0,0.07,0.02814314244313885,2394168105865.424,0.0006142925590756675,0.01406221867563483,1.0,6.0,5.0,5.333333333333333,8.0,1.0,1.0,0.33,0.030504719410295193,1.1046100461952137,0.003001804018900053,0.014391740500292249,1.0,-2.0
2025-05-18,100,160,8.0,1.0,0.08,0.01,0.93,0.029419728509952354,1969550466190.954,0.026283190850933103,0.014822378364803107,1.0,3.0,6.0,4.666666666666667,5.2,0.0,0.3333333333333333,0.07,0.02814314244313885,0.6939611316315242,0.0006142925590756675,0.01406221867563483,1.0,-2.2
2025-05-19,100,160,1.0,0.0,0.01,0.0,0.11,0.03229591118429258,2273134181073.0034,-0.011759846980340936,0.015169624921573472,1.0,8.0,3.0,5.666666666666667,5.4,1.0,0.6666666666666666,0.93,0.029419728509952354,0.5806197978238646,0.026283190850933103,0.014822378364803107,1.0,2.5999999999999996
2025-05-20,100,160,3.0,1.0,0.03,0.01,0.67,0.03366346765201933,2581914058980.285,0.01153384475923946,0.015175528786067094,1.0,1.0,8.0,4.0,4.6,0.0,0.3333333333333333,0.11,0.03229591118429258,0.685637150951459,-0.011759846980340936,0.015169624921573472,1.0,-3.5999999999999996
2025-05-21,100,160,3.0,1.0,0.03,0.01,0.55,0.03323672687311057,2105513687359.7527,0.012761914402726372,0.01473543710993836,1.0,3.0,1.0,4.0,4.2,1.0,0.6666666666666666,0.67,0.03366346765201933,0.7896119300673138,0.01153384475923946,0.015175528786067094,1.0,-1.2000000000000002
2025-05-22,100,161,12.0,2.0,0.12,0.02,0.95,0.03457073886678399,3002600051437.809,0.01630805272726292,0.01482697645988156,1.0,3.0,3.0,2.3333333333333335,3.6,1.0,0.6666666666666666,0.55,0.03323672687311057,0.6575191473301585,0.012761914402726372,0.01473543710993836,1.0,-0.6000000000000001
2025-05-23,100,161,4.0,0.0,0.04,0.0,0.06,0.03632786927993237,3150174330845.555,-0.032706310555248495,0.016906318030726637,1.0,12.0,3.0,6.0,5.4,2.0,1.3333333333333333,0.95,0.03457073886678399,0.9369375830381376,0.01630805272726292,0.01482697645988156,1.0,6.6
2025-05-24,100,161,6.0,1.0,0.06,0.01,0.58,0.024822741647171513,4433251429985.924,0.005204012569634192,0.016351159013189814,1.0,4.0,12.0,6.333333333333333,4.6,0.0,1.0,0.06,0.03632786927993237,0.9759329160180908,-0.032706310555248495,0.016906318030726637,1.0,-0.5999999999999996
2025-05-25,100,161,1.0,0.0,0.01,0.0,0.5,0.023295544698317776,1733877169523.5518,0.009729495859388567,0.01617303330512318,1.0,6.0,4.0,7.333333333333333,5.6,1.0,1.0,0.58,0.024822741647171513,1.3346289837192753,0.005204012569634192,0.016351159013189814,1.0,0.40000000000000036
2025-05-26,100,161,5.0,0.0,0.05,0.0,0.21,0.028928540403622,1834381681569.647,0.00040745511985596373,0.015945065193485257,1.0,1.0,6.0,3.6666666666666665,5.2,0.0,0.3333333333333333,0.5,0.023295544698317776,0.5246166067865553,0.009729495859388567,0.01617303330512318,1.0,-4.2
2025-05-27,100,161,6.0,2.0,0.06,0.02,0.86,0.04023259018491015,1574698488249.204,-0.005745968273198655,0.01611680817421521,1.0,5.0,1.0,4.0,5.6,0.0,0.3333333333333333,0.21,0.028928540403622,0.5565591828913726,0.00040745511985596373,0.015945065193485257,1.0,-0.5999999999999996
2025-05-28,100,161,4.0,1.0,0.04,0.01,0.24,0.032125467765681925,2260787814196.4927,-0.0069164043978264585,0.012179179514099739,1.0,6.0,5.0,4.0,4.4,2.0,0.6666666666666666,0.86,0.04023259018491015,0.48742588570779444,-0.005745968273198655,0.01611680817421521,1.0,1.5999999999999996
2025-05-29,100,162,9.0,2.0,0.09,0.02,0.18,0.04815931243668071,2306182842065.669,-0.01955378948059653,0.012946706249344438,0.0,4.0,6.0,5.0,4.4,1.0,1.0,0.24,0.032125467765681925,0.7021679670858028,-0.0069164043978264585,0.012179179514099739,1.0,-0.40000000000000036
2025-05-30,100,162,7.0,2.0,0.07,0.02,0.06,0.05101525889049398,2701595644028.7983,-0.0022145695057569333,0.012848620732478487,0.0,9.0,4.0,6.333333333333333,5.0,2.0,1.6666666666666667,0.18,0.04815931243668071,0.7373807456979412,-0.01955378948059653,0.012946706249344438,0.0,4.0
2025-05-31,100,164,6.0,3.0,0.06,0.03,0.58,0.07251721068064819,6292724539474.096,0.006020847001401416,0.012886741909792498,0.0,7.0,9.0,6.666666666666667,6.2,2.0,1.6666666666666667,0.06,0.05101525889049398,0.899277501187532,-0.0022145695057569333,0.012848620732478487,0.0,0.7999999999999998
2025-06-01,100,164,6.0,2.0,0.06,0.02,0.81,0.04219990653072458,3793035860641.696,0.007864513049876903,0.012917402226386302,0.0,6.0,7.0,7.333333333333333,6.4,3.0,2.3333333333333335,0.58,0.07251721068064819,2.0332682561708557,0.006020847001401416,0.012886741909792498,0.0,-0.40000000000000036
2025-06-02,100,164,4.0,1.0,0.04,0.01,0.57,0.030678970017330325,1802591154292.4934,-0.006905072964926572,0.012978505228337314,0.0,6.0,6.0,6.333333333333333,6.4,2.0,2.3333333333333335,0.81,0.04219990653072458,1.2239724810917525,0.007864513049876903,0.012917402226386302,0.0,-0.40000000000000036
2025-06-03,100,164,12.0,2.0,0.12,0.02,0.43,0.036484682750095254,1928332235062.642,-0.005091481431832347,0.013038866179885708,0.0,4.0,6.0,5.333333333333333,6.4,1.0,2.0,0.57,0.030678970017330325,0.6256585062460669,-0.006905072964926572,0.012978505228337314,0.0,-2.4000000000000004
2025-06-04,100,164,7.0,2.0,0.07,0.02,0.12,0.04872056087633271,2062503538195.3706,-0.014439696831287627,0.013453032281194172,0.0,12.0,4.0,7.333333333333333,7.0,2.0,1.6666666666666667,0.43,0.036484682750095254,0.6926555727938121,-0.005091481431832347,0.013038866179885708,0.0,5.0
2025-06-05,100,164,2.0,0.0,0.02,0.0,0.04,0.04074810730725136,1789784711396.2397,-0.02525953863686362,0.014531198570323292,0.0,7.0,12.0,7.666666666666667,7.0,2.0,1.6666666666666667,0.12,0.04872056087633271,0.7629623750099791,-0.014439696831287627,0.013453032281194172,0.0,0.0
2025-06-06,100,165,9.0,2.0,0.09,0.02,0.74,0.05965970582836652,2891579762602.636,0.02516312189608788,0.015724213244921164,0.0,2.0,7.0,7.0,6.2,0.0,1.3333333333333333,0.04,0.04074810730725136,0.6885005204287976,-0.02525953863686362,0.014531198570323292,0.0,-4.2
2025-06-07,100,165,7.0,1.0,0.07,0.01,0.87,0.026596943484299373,1892172689813.3613,0.009036433229317421,0.014613760198325764,0.0,9.0,2.0,6.0,6.8,2.0,1.3333333333333333,0.74,0.05965970582836652,1.1018015518836164,0.02516312189608788,0.015724213244921164,0.0,2.2
2025-06-08,100,165,2.0,0.0,0.02,0.0,0.2,0.021222073175321893,1266303682757.916,-0.004892026190713473,0.014435337326934377,0.0,7.0,9.0,6.0,7.4,1.0,1.0,0.87,0.026596943484299373,0.7220540021449147,0.009036433229317421,0.014613760198325764,0.0,-0.40000000000000036
2025-06-09,100,165,10.0,3.0,0.1,0.03,0.97,0.04633677710939108,1309671904231.5562,0.03060391679926878,0.015864800335217852,1.0,2.0,7.0,6.0,5.4,0.0,1.0,0.2,0.021222073175321893,0.4926867755079157,-0.004892026190713473,0.014435337326934377,0.0,-3.4000000000000004
2025-06-10,100,165,9.0,4.0,0.09,0.04,0.89,0.06084900617906127,1776331551042.4026,0.0018209977982952244,0.015586644726722453,1.0,10.0,2.0,6.333333333333333,6.0,3.0,1.3333333333333333,0.97,0.04633677710939108,0.522491857524914,0.03060391679926878,0.015864800335217852,1.0,4.0
2025-06-11,100,166,7.0,2.0,0.07,0.02,0.13,0.03864676126705604,3127286214050.707,-0.006007224048260011,0.015105509773194754,1.0,9.0,10.0,7.0,7.4,4.0,2.3333333333333335,0.89,0.06084900617906127,0.7133491929418699,0.0018209977982952244,0.015586644726722453,1.0,1.5999999999999996
2025-06-12,100,166,2.0,0.0,0.02,0.0,0.04,0.03352360451610718,2610368744832.2124,-0.02640397312817881,0.014477180392437932,0.0,7.0,9.0,8.666666666666666,7.0,2.0,3.0,0.13,0.03864676126705604,1.252736785598816,-0.006007224048260011,0.015105509773194754,1.0,0.0
2025-06-13,100,166,4.0,1.0,0.04,0.01,0.2,0.037320726365537904,2070524844743.5334,0.00999779711079639,0.014630775471567471,0.0,2.0,7.0,6.0,6.0,0.0,2.0,0.04,0.03352360451610718,1.0570977560693107,-0.02640397312817881,0.014477180392437932,0.0,-4.0
2025-06-14,100,166,4.0,2.0,0.04,0.02,0.09,0.03412780330529773,2638765054188.4536,-0.005891043267420049,0.014435668191845993,0.0,4.0,2.0,4.333333333333333,6.4,1.0,1.0,0.2,0.037320726365537904,0.8806109557191213,0.00999779711079639,0.014630775471567471,0.0,-2.4000000000000004
2025-06-15,100,166,3.0,1.0,0.03,0.01,0.51,0.026289960073454015,1337717813455.5806,-0.0027633585529565534,0.014426166833749778,0.0,4.0,4.0,3.3333333333333335,5.2,2.0,1.0,0.09,0.03412780330529773,1.101099859071231,-0.005891043267420049,0.014435668191845993,0.0,-1.2000000000000002
2025-06-16,100,166,2.0,1.0,0.02,0.01,0.24,0.032538707124255335,1149411543483.6553,0.00461954557805199,0.014473604934287102,0.0,3.0,4.0,3.6666666666666665,4.0,1.0,1.3333333333333333,0.51,0.026289960073454015,0.5640456927582875,-0.0027633585529565534,0.014426166833749778,0.0,-1.0
2025-06-17,100,167,3.0,0.0,0.03,0.0,0.13,0.025884823343667138,2183901503132.7373,-0.00833198375056875,0.01450460271902719,0.0,2.0,3.0,3.0,3.0,1.0,1.3333333333333333,0.24,0.032538707124255335,0.48903146701204236,0.00461954557805199,0.014473604934287102,0.0,-1.0
2025-06-18,100,167,3.0,0.0,0.03,0.0,0.45,0.02713564472644413,1784650968219.9426,-0.0005226313230130654,0.01387764556600095,0.0,3.0,2.0,2.6666666666666665,3.2,0.0,0.6666666666666666,0.13,0.025884823343667138,0.9306903621350463,-0.00833198375056875,0.01450460271902719,0.0,-0.20000000000000018
2025-06-19,100,167,3.0,1.0,0.03,0.01,0.22,0.03307157112503849,1475911870004.5579,-0.002768997285117391,0.0138814260088928,0.0,3.0,3.0,2.6666666666666665,3.0,0.0,0.3333333333333333,0.45,0.02713564472644413,0.7690927200733456,-0.0005226313230130654,0.01387764556600095,0.0,0.0
2025-06-20,100,168,4.0,1.0,0.04,0.01,0.11,0.06479292815118615,1236558695638.484,-0.007074309442537154,0.013856173649138466,0.0,3.0,3.0,3.0,2.8,1.0,0.3333333333333333,0.22,0.03307157112503849,0.6532958170154598,-0.002768997285117391,0.0138814260088928,0.0,0.20000000000000018
2025-06-21,100,168,3.0,1.0,0.03,0.01,0.04,0.0279890905085808,1915199932749.4946,-0.008188705788540744,0.013758173547538034,0.0,4.0,3.0,3.3333333333333335,3.0,1.0,0.6666666666666666,0.11,0.06479292815118615,0.6163163134630211,-0.007074309442537154,0.013856173649138466,0.0,1.0
2025-06-22,100,168,3.0,0.0,0.03,0.0,0.06,0.0287340445820117,1936694911363.485,-0.013211796390825092,0.013943561511421397,0.0,3.0,4.0,3.3333333333333335,3.2,1.0,1.0,0.04,0.0279890905085808,1.0014230288955666,-0.008188705788540744,0.013758173547538034,0.0,-0.20000000000000018
2025-06-23,100,168,49.0,5.0,0.49,0.05,0.99,0.04628669237719786,2894868345954.175,0.036745225571393134,0.01644502636779813,1.0,3.0,3.0,3.3333333333333335,3.2,0.0,0.6666666666666666,0.06,0.0287340445820117,1.00912434992527,-0.013211796390825092,0.013943561511421397,0.0,-0.20000000000000018
2025-06-24,100,168,7.0,2.0,0.07,0.02,0.53,0.0391868562772244,2436733991236.334,-0.0038175964008971323,0.016135965400878506,0.0,49.0,3.0,18.333333333333332,12.4,5.0,2.0,0.99,0.04628669237719786,1.4713357170660435,0.036745225571393134,0.01644502636779813,1.0,36.6
2025-06-25,100,169,5.0,1.0,0.05,0.01,0.12,0.036360071760127274,2116930418515.2473,0.011877678121719727,0.015166611688878564,1.0,7.0,49.0,19.666666666666668,13.2,2.0,2.3333333333333335,0.53,0.0391868562772244,1.2268185876699074,-0.0038175964008971323,0.016135965400878506,0.0,-6.199999999999999
2025-06-26,100,169,2.0,0.0,0.02,0.0,0.06,0.025754227228080646,1883078531694.59,-0.003487225550336104,0.014184884128249885,1.0,5.0,7.0,20.333333333333332,13.4,1.0,2.6666666666666665,0.12,0.036360071760127274,1.057101958890027,0.011877678121719727,0.015166611688878564,1.0,-8.4
2025-06-27,100,170,3.0,1.0,0.03,0.01,0.79,0.030293290123606466,1951202573245.704,0.0014017898930471504,0.014047025448292802,1.0,2.0,5.0,4.666666666666667,13.2,0.0,1.0,0.06,0.025754227228080646,0.9646156895512913,-0.003487225550336104,0.014184884128249885,1.0,-11.2
2025-06-28,100,170,6.0,2.0,0.06,0.02,0.89,0.03518456255588921,1361694116784.075,0.0007884934746049711,0.013996297810470524,1.0,3.0,2.0,3.3333333333333335,13.2,1.0,0.6666666666666666,0.79,0.030293290123606466,0.9980036467738215,0.0014017898930471504,0.014047025448292802,1.0,-10.2
2025-06-29,100,170,8.0,2.0,0.08,0.02,0.95,0.027440039968161724,1041024460509.1129,0.00556968611285037,0.012158201411619819,1.0,6.0,3.0,3.6666666666666665,4.6,2.0,1.0,0.89,0.03518456255588921,0.6947861441184282,0.0007884934746049711,0.013996297810470524,1.0,1.4000000000000004
2025-06-30,100,170,3.0,0.0,0.03,0.0,0.07,0.02783877170759656,1450576041235.0796,-0.015230673476492412,0.012557348341837674,0.0,8.0,6.0,5.666666666666667,4.8,2.0,1.6666666666666667,0.95,0.027440039968161724,0.5348343440866722,0.00556968611285037,0.012158201411619819,1.0,3.2
2025-07-01,100,170,2.0,1.0,0.02,0.01,0.11,0.03247775061393101,1488287492266.407,-0.005089804576293894,0.012542202725217354,0.0,3.0,8.0,5.666666666666667,4.4,0.0,1.3333333333333333,0.07,0.02783877170759656,0.751533436240663,-0.015230673476492412,0.012557348341837674,0.0,-1.4000000000000004
2025-07-02,100,170,23.0,5.0,0.23,0.05,0.93,0.05597587061060089,1297009645373.7615,0.01609523409718228,0.0116877764559981,1.0,2.0,3.0,4.333333333333333,4.4,1.0,1.0,0.11,0.03247775061393101,0.8052610060295224,-0.005089804576293894,0.012542202725217354,0.0,-2.4000000000000004
2025-07-03,100,170,10.0,2.0,0.1,0.02,0.68,0.02648640823622345,2427587906330.001,0.009219643232346766,0.011655872299196212,1.0,23.0,2.0,9.333333333333334,8.4,5.0,2.0,0.93,0.05597587061060089,0.7276199849921596,0.01609523409718228,0.0116877764559981,1.0,14.6
2025-07-04,100,171,4.0,2.0,0.04,0.02,0.1,0.0354384225395415,2121036903421.1611,-0.006339935040087815,0.01166924498880751,1.0,10.0,23.0,11.666666666666666,9.2,2.0,2.6666666666666665,0.68,0.02648640823622345,1.3483675838381948,0.009219643232346766,0.011655872299196212,1.0,0.8000000000000007
2025-07-05,100,171,4.0,1.0,0.04,0.01,0.55,0.030270009219160888,1483765258180.3914,0.0027027591336099173,0.01165341971486089,1.0,4.0,10.0,12.333333333333334,8.4,2.0,3.0,0.1,0.0354384225395415,1.1952844530041717,-0.006339935040087815,0.01166924498880751,1.0,-4.4
2025-07-06,100,171,4.0,2.0,0.04,0.02,0.57,0.02618227840919075,876701007812.8306,0.002042488500638144,0.011622563073149473,1.0,4.0,4.0,6.0,8.6,1.0,1.6666666666666667,0.55,0.030270009219160888,0.8327309737677246,0.0027027591336099173,0.01165341971486089,1.0,-4.6
2025-07-07,100,171,4.0,0.0,0.04,0.0,0.3,0.02373544032541753,1270014373753.7114,-0.0026972369690012646,0.011461343833117086,1.0,4.0,4.0,4.0,9.0,2.0,1.6666666666666667,0.57,0.02618227840919075,0.49582373104074784,0.002042488500638144,0.011622563073149473,1.0,-5.0
2025-07-08,100,171,3.0,0.0,0.03,0.0,0.7,0.02171793742443806,1411719874959.1628,0.0013630139558644706,0.011456773932330236,1.0,4.0,4.0,4.0,5.2,0.0,1.0,0.3,0.02373544032541753,0.7373188940298626,-0.0026972369690012646,0.011461343833117086,1.0,-1.2000000000000002
2025-07-09,100,171,8.0,0.0,0.08,0.0,0.87,0.02762871576823049,1138757315561.2634,0.016047006080882217,0.011895574869367273,1.0,3.0,4.0,3.6666666666666665,3.8,0.0,0.6666666666666666,0.7,0.02171793742443806,0.8285568549257912,0.0013630139558644706,0.011456773932330236,1.0,-0.7999999999999998
2025-07-10,100,171,14.0,2.0,0.14,0.02,0.96,0.03507565502626107,1786761922032.0688,0.03787966705142502,0.014139022201818733,1.0,8.0,3.0,5.0,4.6,0.0,0.0,0.87,0.02762871576823049,0.675030323516818,0.016047006080882217,0.011895574869367273,1.0,3.4000000000000004
2025-07-11,100,172,19.0,7.0,0.19,0.07,0.53,0.04375827543853529,5262132037964.345,0.010600469132416964,0.013895819008937438,1.0,14.0,8.0,8.333333333333334,6.6,2.0,0.6666666666666666,0.96,0.03507565502626107,1.0421583080459014,0.03787966705142502,0.014139022201818733,1.0,7.4
2025-07-12,100,173,15.0,4.0,0.15,0.04,0.58,0.04304915965243617,7753128061632.144,0.009400197574252487,0.013229450795332144,1.0,19.0,14.0,13.666666666666666,9.6,7.0,3.0,0.53,0.04375827543853529,2.7962861872593474,0.010600469132416964,0.013895819008937438,1.0,9.4
2025-07-13,100,173,11.0,9.0,0.11,0.09,0.62,0.060051787364886575,5724036830593.491,0.012812032599081626,0.011262373872751709,1.0,15.0,19.0,16.0,11.8,4.0,4.333333333333333,0.58,0.04304915965243617,3.5685113698441047,0.009400197574252487,0.013229450795332144,1.0,3.1999999999999993
2025-07-14,100,173,17.0,3.0,0.17,0.03,0.6,0.028997299235297907,4617284349739.726,0.013406697706037496,0.011206458191932958,1.0,11.0,15.0,15.0,13.4,9.0,6.666666666666667,0.62,0.060051787364886575,2.4735381883780545,0.012812032599081626,0.011262373872751709,1.0,-2.4000000000000004
2025-07-15,100,173,10.0,0.0,0.1,0.0,0.81,0.031151777480331176,6016310891102.2295,-0.01916704300836643,0.01242168823381582,1.0,17.0,11.0,14.333333333333334,15.2,3.0,5.333333333333333,0.6,0.028997299235297907,1.9054991055719885,0.013406697706037496,0.011206458191932958,1.0,1.8000000000000007
2025-07-16,100,173,10.0,2.0,0.1,0.02,0.6,0.04014280824438802,4784821963644.869,0.002726193310534637,0.012291964900625084,1.0,10.0,17.0,12.666666666666666,14.4,0.0,4.0,0.81,0.031151777480331176,2.2979635227567847,-0.01916704300836643,0.01242168823381582,1.0,-4.4
2025-07-17,100,173,11.0,2.0,0.11,0.02,0.53,0.03941108835354469,4599748178188.772,0.006071453846480679,0.012270819442790083,1.0,10.0,10.0,12.333333333333334,12.6,2.0,1.6666666666666667,0.6,0.04014280824438802,1.7316280721076391,0.002726193310534637,0.012291964900625084,1.0,-2.5999999999999996
2025-07-18,100,174,9.0,2.0,0.09,0.02,0.48,0.04120041637842305,7718408253560.777,-0.007002119339433883,0.012529469560504472,1.0,11.0,10.0,10.333333333333334,11.8,2.0,1.3333333333333333,0.53,0.03941108835354469,1.5885193108613007,0.006071453846480679,0.012270819442790083,1.0,-0.8000000000000007
2025-07-19,100,174,8.0,1.0,0.08,0.01,0.73,0.046949392823282324,8550653801052.5205,0.002033932638870146,0.012538827265113905,1.0,9.0,11.0,10.0,11.4,2.0,2.0,0.48,0.04120041637842305,2.40190284917718,-0.007002119339433883,0.012529469560504472,1.0,-2.4000000000000004
2025-07-20,100,174,12.0,5.0,0.12,0.05,0.9,0.029562000543602484,4127925404075.4277,-0.008435508807607215,0.012063570602858566,1.0,8.0,9.0,9.333333333333334,9.6,1.0,1.6666666666666667,0.73,0.046949392823282324,2.3825031060418396,0.002033932638870146,0.012538827265113905,1.0,-1.5999999999999996
2025-07-21,100,174,17.0,5.0,0.17,0.05,0.78,0.04254934381994292,5982270084262.775,0.00014992129160285573,0.011895882846706583,1.0,12.0,8.0,9.666666666666666,10.0,5.0,2.6666666666666665,0.9,0.029562000543602484,1.1088214066862836,-0.008435508807607215,0.012063570602858566,1.0,2.0
2025-07-22,100,174,8.0,1.0,0.08,0.01,0.31,0.030785406117969944,6847181142462.353,0.01380222086306881,0.011793375312729839,1.0,17.0,12.0,12.333333333333334,11.4,5.0,3.6666666666666665,0.78,0.04254934381994292,1.5154564844285752,0.00014992129160285573,0.011895882846706583,1.0,5.6
2025-07-23,100,174,11.0,4.0,0.11,0.04,0.1,0.0761870589777227,6325059489001.378,-0.0020412512368168153,0.01184152576285454,1.0,8.0,17.0,12.333333333333334,10.8,1.0,3.6666666666666665,0.31,0.030785406117969944,1.620629880317619,0.01380222086306881,0.011793375312729839,1.0,-2.8000000000000007
2025-07-24,100,174,15.0,7.0,0.15,0.07,0.18,0.06524431066291365,9381514771481.709,-0.006577544942492251,0.011852842279705258,1.0,11.0,8.0,12.0,11.2,4.0,3.3333333333333335,0.1,0.0761870589777227,1.4310458897415417,-0.0020412512368168153,0.01184152576285454,1.0,-0.1999999999999993
2025-07-25,100,174,12.0,4.0,0.12,0.04,0.74,0.05738794563917737,9165446232873.004,-0.004427913632035064,0.012008245228853227,1.0,15.0,11.0,11.333333333333334,12.6,7.0,4.0,0.18,0.06524431066291365,1.9614659821663636,-0.006577544942492251,0.011852842279705258,1.0,2.4000000000000004
2025-07-26,100,175,6.0,2.0,0.06,0.02,0.67,0.03051961616575239,6094992020775.422,0.004253907640818316,0.012000426407611108,1.0,12.0,15.0,12.666666666666666,12.6,4.0,5.0,0.74,0.05738794563917737,1.7738450226389788,-0.004427913632035064,0.012008245228853227,1.0,-0.5999999999999996
2025-07-27,100,175,6.0,3.0,0.06,0.03,0.87,0.030296820989112183,3256150871716.0435,0.011229441553785443,0.011994807620408589,1.0,6.0,12.0,11.0,10.4,2.0,4.333333333333333,0.67,0.03051961616575239,1.1228988457123539,0.004253907640818316,0.012000426407611108,1.0,-4.4
2025-07-28,100,175,6.0,1.0,0.06,0.01,0.06,0.03589609051250795,3543346450390.29,-0.0014391146395171452,0.01205214199565261,1.0,6.0,6.0,8.0,10.0,3.0,3.0,0.87,0.030296820989112183,0.5891123773399778,0.011229441553785443,0.011994807620408589,1.0,-4.0
2025-07-29,100,176,6.0,1.0,0.06,0.01,0.28,0.02938654640281031,4804330356059.469,0.004145675555273668,0.01174535214747217,1.0,6.0,6.0,6.0,9.0,1.0,2.0,0.06,0.03589609051250795,0.628944699746008,-0.0014391146395171452,0.01205214199565261,1.0,-3.0
2025-07-30,100,176,1.0,0.0,0.01,0.0,0.11,0.023288994982335873,3392552318827.741,-0.0002451911890570976,0.008634145751969368,1.0,6.0,6.0,6.0,7.2,1.0,1.6666666666666667,0.28,0.02938654640281031,0.825901372687145,0.004145675555273668,0.01174535214747217,1.0,-1.2000000000000002
2025-07-31,100,176,7.0,3.0,0.07,0.03,0.08,0.03589389653277038,2992775187245.372,-0.010600501093479887,0.008830271201924946,0.0,1.0,6.0,4.333333333333333,5.0,0.0,0.6666666666666666,0.11,0.023288994982335873,0.5752658188052847,-0.0002451911890570976,0.008634145751969368,1.0,-4.0
2025-08-01,100,176,3.0,0.0,0.03,0.0,0.07,0.024783963403620202,2772781816177.167,-0.020632969828550538,0.009825073682255311,0.0,7.0,1.0,4.666666666666667,5.2,3.0,1.3333333333333333,0.08,0.03589389653277038,0.5174323252455184,-0.010600501093479887,0.008830271201924946,0.0,1.7999999999999998
2025-08-02,100,176,3.0,0.0,0.03,0.0,0.04,0.021892441960152952,3799880779192.565,-0.004602547763064506,0.009343377098718101,0.0,3.0,7.0,3.6666666666666665,4.6,0.0,1.0,0.07,0.024783963403620202,0.5009651620828353,-0.020632969828550538,0.009825073682255311,0.0,-1.5999999999999996
2025-08-03,100,176,5.0,0.0,0.05,0.0,0.99,0.020651049921704065,2434033239097.892,0.017953713165217523,0.009767493988578317,0.0,3.0,3.0,4.333333333333333,4.0,0.0,1.0,0.04,0.021892441960152952,0.6986780920334728,-0.004602547763064506,0.009343377098718101,0.0,-1.0
2025-08-04,100,176,4.0,0.0,0.04,0.0,0.98,0.02159129919372675,2033066246337.9314,0.0006551056358122654,0.008799783134982005,0.0,5.0,3.0,3.6666666666666665,3.8,0.0,0.0,0.99,0.020651049921704065,0.456708707097709,0.017953713165217523,0.009767493988578317,0.0,1.2000000000000002
2025-08-05,100,176,2.0,0.0,0.02,0.0,0.08,0.02825521639521226,2504704288810.4795,-0.0020791001804616694,0.008782728268426207,0.0,4.0,5.0,4.0,4.4,0.0,0.0,0.98,0.02159129919372675,0.39628241012750687,0.0006551056358122654,0.008799783134982005,0.0,-0.40000000000000036
2025-08-06,100,176,1.0,0.0,0.01,0.0,0.63,0.021324381877465198,2469402019377.864,6.250019531325705e-06,0.008651633054606334,0.0,2.0,4.0,3.6666666666666665,3.4,0.0,0.0,0.08,0.02825521639521226,0.4993090113995316,-0.0020791001804616694,0.008782728268426207,0.0,-1.4
2025-08-07,100,177,3.0,2.0,0.03,0.02,0.96,0.03399057010373292,2118417649130.3228,0.011514700647829201,0.008927284645001553,1.0,1.0,2.0,2.3333333333333335,3.0,0.0,0.0,0.63,0.021324381877465198,0.5029512566702499,6.250019531325705e-06,0.008651633054606334,0.0,-2.0
2025-08-08,100,177,5.0,1.0,0.05,0.01,0.76,0.0292994239110143,3052641903490.4014,-0.010896141994683813,0.009252285874152746,0.0,3.0,1.0,2.0,3.0,2.0,0.6666666666666666,0.96,0.03399057010373292,0.4575589814574108,0.011514700647829201,0.008927284645001553,1.0,0.0
2025-08-09,100,178,8.0,2.0,0.08,0.02,0.91,0.03722511650895012,3838974878971.808,0.0005058090085640152,0.009058242574135606,0.0,5.0,3.0,3.0,3.0,1.0,1.0,0.76,0.0292994239110143,0.7009633633985822,-0.010896141994683813,0.009252285874152746,0.0,2.0
2025-08-10,100,178,7.0,1.0,0.07,0.01,0.26,0.02744123898397772,3913705882965.9897,0.022708119028852596,0.010381295201222784,1.0,8.0,5.0,5.333333333333333,3.8,2.0,1.6666666666666667,0.91,0.03722511650895012,0.8844594007137849,0.0005058090085640152,0.009058242574135606,0.0,4.2
2025-08-11,100,178,2.0,1.0,0.02,0.01,0.1,0.03348069494609973,4738818007860.542,0.002139794579357151,0.009952588258900288,1.0,7.0,8.0,6.666666666666667,4.8,1.0,1.3333333333333333,0.26,0.02744123898397772,0.9236869623324915,0.022708119028852596,0.010381295201222784,1.0,2.2
2025-08-12,100,178,5.0,2.0,0.05,0.02,0.93,0.030261713446850465,4512927010954.042,0.0005357556108521906,0.00993354992560085,1.0,2.0,7.0,5.666666666666667,5.0,1.0,1.3333333333333333,0.1,0.03348069494609973,1.1469609641832772,0.002139794579357151,0.009952588258900288,1.0,-3.0
2025-08-13,100,179,10.0,1.0,0.1,0.01,0.87,0.032728268284454666,5174591991596.321,0.02258565264874907,0.010901226331980292,1.0,5.0,2.0,4.666666666666667,5.4,2.0,1.3333333333333333,0.93,0.030261713446850465,1.1167783264505036,0.0005357556108521906,0.00993354992560085,1.0,-0.40000000000000036
2025-08-14,100,179,2.0,0.0,0.02,0.0,0.04,0.03277964254173974,4844693145241.849,-0.02000222948503938,0.011906888385497532,1.0,10.0,5.0,5.666666666666667,6.4,1.0,1.3333333333333333,0.87,0.032728268284454666,1.3508296441808028,0.02258565264874907,0.010901226331980292,1.0,3.5999999999999996
2025-08-15,100,179,3.0,1.0,0.03,0.01,0.41,0.025079342343686698,7501085793649.878,-0.0036552215733580773,0.011937953387389458,1.0,2.0,10.0,5.666666666666667,5.2,0.0,1.0,0.04,0.03277964254173974,1.3402978108875718,-0.02000222948503938,0.011906888385497532,1.0,-3.2
2025-08-16,100,179,2.0,0.0,0.02,0.0,0.72,0.02224567534719302,3373117110058.703,-0.006504087969176377,0.011795224408763903,1.0,3.0,2.0,5.0,4.4,1.0,0.6666666666666666,0.41,0.025079342343686698,2.035603746008212,-0.0036552215733580773,0.011937953387389458,1.0,-1.4000000000000004
2025-08-17,100,179,4.0,1.0,0.04,0.01,0.42,0.026847517695326305,1941266103553.48,0.00032498490332589163,0.011789666999251073,1.0,2.0,3.0,2.3333333333333335,4.4,0.0,0.3333333333333333,0.72,0.02224567534719302,0.9139276427480144,-0.006504087969176377,0.011795224408763903,1.0,-2.4000000000000004
2025-08-18,100,179,1.0,0.0,0.01,0.0,0.07,0.024799132536630703,2412947668610.9067,-0.009845315859928394,0.011956680713786418,0.0,4.0,2.0,3.0,4.2,1.0,0.6666666666666666,0.42,0.026847517695326305,0.5376443352502398,0.00032498490332589163,0.011789666999251073,1.0,-0.20000000000000018
2025-08-19,100,179,2.0,0.0,0.02,0.0,0.05,0.028166656023069257,3748194837757.439,-0.027244887697136295,0.013366684302187988,0.0,1.0,4.0,2.3333333333333335,2.4,0.0,0.3333333333333333,0.07,0.024799132536630703,0.6911673774264583,-0.009845315859928394,0.011956680713786418,0.0,-1.4
2025-08-20,100,180,6.0,1.0,0.06,0.01,0.98,0.02274702983293672,3805875815904.3096,0.012500123245867835,0.013567913139655923,0.0,2.0,1.0,2.3333333333333335,2.4,0.0,0.3333333333333333,0.05,0.028166656023069257,1.0681961505310595,-0.027244887697136295,0.013366684302187988,0.0,-0.3999999999999999
2025-08-21,100,180,2.0,0.0,0.02,0.0,0.08,0.027131753456834135,3384738317464.4414,-0.008911781177179862,0.012898298357267997,0.0,6.0,2.0,3.0,3.0,1.0,0.3333333333333333,0.98,0.02274702983293672,1.072211703131981,0.012500123245867835,0.013567913139655923,0.0,3.0
2025-08-22,100,180,22.0,1.0,0.22,0.01,0.97,0.035186729942913365,2340052408482.3164,0.02156784646288548,0.013720420365336182,0.0,2.0,6.0,3.3333333333333335,3.0,0.0,0.3333333333333333,0.08,0.027131753456834135,0.9454169262843387,-0.008911781177179862,0.012898298357267997,0.0,-1.0
2025-08-23,100,181,4.0,0.0,0.04,0.0,0.26,0.02392339776332457,6327850198627.015,-0.009168572178929062,0.01331087020829776,0.0,22.0,2.0,10.0,6.6,1.0,0.6666666666666666,0.97,0.035186729942913365,0.6672209412553258,0.02156784646288548,0.013720420365336182,0.0,15.4
2025-08-24,100,181,3.0,1.0,0.03,0.01,0.16,0.0349555806629954,3130848112090.3823,-0.013249150659078925,0.013625273013536495,0.0,4.0,22.0,9.333333333333334,7.2,0.0,0.3333333333333333,0.26,0.02392339776332457,1.709373450171851,-0.009168572178929062,0.01331087020829776,0.0,-3.2
2025-08-25,100,181,5.0,2.0,0.05,0.02,0.06,0.039048643542105785,3817101035022.6104,-0.010947826975142277,0.013810155353065064,0.0,3.0,4.0,9.666666666666666,7.4,1.0,0.6666666666666666,0.16,0.0349555806629954,0.8333943519035045,-0.013249150659078925,0.013625273013536495,0.0,-4.4
2025-08-26,100,181,7.0,1.0,0.07,0.01,0.91,0.03838340330272827,4702794059167.34,0.004952849368612721,0.013878938449098736,0.0,5.0,3.0,4.0,7.2,2.0,1.0,0.06,0.039048643542105785,0.998623505874852,-0.010947826975142277,0.013810155353065064,0.0,-2.2
2025-08-27,100,181,6.0,3.0,0.06,0.03,0.27,0.03802620802801664,3312339188962.1997,-0.007219877932419013,0.01361568824657353,0.0,7.0,5.0,5.0,8.2,1.0,1.3333333333333333,0.91,0.03838340330272827,1.1954132411160088,0.004952849368612721,0.013878938449098736,0.0,-1.1999999999999993
2025-08-28,100,181,12.0,5.0,0.12,0.05,0.83,0.07773723905884533,3407910421393.175,0.007704884227863113,0.0136106939492527,0.0,6.0,7.0,6.0,5.0,3.0,2.0,0.27,0.03802620802801664,0.8293852373135945,-0.007219877932419013,0.01361568824657353,0.0,1.0
2025-08-29,100,182,4.0,2.0,0.04,0.02,0.05,0.02687998311687377,5220324958183.692,-0.028966520246472685,0.014960635776697056,0.0,12.0,6.0,8.333333333333334,6.6,5.0,3.0,0.83,0.07773723905884533,0.8495369707090196,0.007704884227863113,0.0136106939492527,0.0,5.4
2025-08-30,100,182,2.0,0.0,0.02,0.0,0.41,0.024579154554535753,5751947280840.085,-0.003473733410572133,0.013730479748660415,0.0,4.0,12.0,7.333333333333333,6.8,2.0,3.3333333333333335,0.05,0.02687998311687377,1.2793161000567346,-0.028966520246472685,0.014960635776697056,0.0,-2.8
2025-08-31,100,182,4.0,2.0,0.04,0.02,0.08,0.023802301123909672,3013190704221.3057,-0.006837882175020288,0.013671186408788007,0.0,2.0,4.0,6.0,6.2,0.0,2.3333333333333335,0.41,0.024579154554535753,1.378546919074532,-0.003473733410572133,0.013730479748660415,0.0,-4.2
2025-09-01,100,182,3.0,0.0,0.03,0.0,0.06,0.02654851687666857,2432904030139.004,0.011342201765209222,0.014079517962610422,0.0,4.0,2.0,3.3333333333333335,5.6,2.0,1.3333333333333333,0.08,0.023802301123909672,0.7374084038524971,-0.006837882175020288,0.013671186408788007,0.0,-1.5999999999999996
2025-09-02,100,183,2.0,0.0,0.02,0.0,0.94,0.0192217770030628,3962098889865.828,0.015823599021552906,0.01348227643336968,0.0,3.0,4.0,3.0,5.0,0.0,0.6666666666666666,0.06,0.02654851687666857,0.6109464514221252,0.011342201765209222,0.014079517962610422,0.0,-2.0
2025-09-03,100,183,2.0,0.0,0.02,0.0,0.58,0.026255039177328292,2774580669814.6997,0.0002582811404555844,0.0129754207692206,0.0,2.0,3.0,3.0,3.0,0.0,0.6666666666666666,0.94,0.0192217770030628,1.0103364080920467,0.015823599021552906,0.01348227643336968,0.0,-1.0
2025-09-04,100,183,3.0,0.0,0.03,0.0,0.07,0.02595677231693142,2071424274386.5383,0.0033515983678532296,0.013053360461489074,0.0,2.0,2.0,2.3333333333333335,2.6,0.0,0.0,0.58,0.026255039177328292,0.7266993831760914,0.0002582811404555844,0.0129754207692206,0.0,-0.6000000000000001
2025-09-05,100,183,3.0,0.0,0.03,0.0,0.76,0.021877973836896065,2206993929938.4937,-0.0030933839193201243,0.013023665666574636,0.0,3.0,2.0,2.3333333333333335,2.8,0.0,0.0,0.07,0.02595677231693142,0.5840632431849235,0.0033515983678532296,0.013053360461489074,0.0,0.20000000000000018
2025-09-06,100,184,3.0,1.0,0.03,0.01,0.26,0.026806972850895807,2708320520112.94,-0.0039126337282408465,0.013008779761835867,0.0,3.0,3.0,2.6666666666666665,2.6,0.0,0.0,0.76,0.021877973836896065,0.6326902650163776,-0.0030933839193201243,0.013023665666574636,0.0,0.3999999999999999
2025-09-07,100,184,3.0,0.0,0.03,0.0,0.78,0.021021270699772315,1274293621022.7646,0.004370800231378662,0.012990122387967838,0.0,3.0,3.0,3.0,2.6,1.0,0.3333333333333333,0.26,0.026806972850895807,0.7679645346119818,-0.0039126337282408465,0.013008779761835867,0.0,0.3999999999999999
2025-09-08,100,184,4.0,1.0,0.04,0.01,0.88,0.030728789716788937,1864165715837.5947,0.00673208371832087,0.011678289986094647,1.0,3.0,3.0,3.0,2.8,0.0,0.3333333333333333,0.78,0.021021270699772315,0.3672644899622555,0.004370800231378662,0.012990122387967838,0.0,0.20000000000000018
2025-09-09,100,184,10.0,3.0,0.1,0.03,0.43,0.03778812828753472,2625465549272.0317,-0.0038395157248963794,0.01129666736806054,0.0,4.0,3.0,3.3333333333333335,3.2,1.0,0.6666666666666666,0.88,0.030728789716788937,0.5522655916224566,0.00673208371832087,0.011678289986094647,1.0,0.7999999999999998
2025-09-10,100,186,9.0,2.0,0.09,0.02,0.73,0.028452252101364334,4315487151064.3857,0.019815240817875213,0.012061678304997332,1.0,10.0,4.0,5.666666666666667,4.6,3.0,1.3333333333333333,0.43,0.03778812828753472,0.7916452645242953,-0.0038395157248963794,0.01129666736806054,0.0,5.4
2025-09-11,100,188,4.0,0.0,0.04,0.0,0.67,0.03368149699581976,3345391599493.663,0.011375445613162621,0.011305663768748933,1.0,9.0,10.0,7.666666666666667,5.8,2.0,2.0,0.73,0.028452252101364334,1.2832236699789656,0.019815240817875213,0.012061678304997332,1.0,3.2
2025-09-12,100,190,5.0,2.0,0.05,0.02,0.86,0.02766385453255139,3596583313895.802,0.004516674552506015,0.011150487622615706,1.0,4.0,9.0,7.666666666666667,6.0,0.0,1.6666666666666667,0.67,0.03368149699581976,0.9801129227251774,0.011375445613162621,0.011305663768748933,1.0,-2.0
2025-09-13,100,190,7.0,3.0,0.07,0.03,0.69,0.03972108711234818,3574002333502.141,-0.003513281004089768,0.010726074095831768,1.0,5.0,4.0,6.0,6.4,2.0,1.3333333333333333,0.86,0.02766385453255139,1.0976208554847364,0.004516674552506015,0.011150487622615706,1.0,-1.4000000000000004
2025-09-14,100,190,6.0,2.0,0.06,0.02,0.1,0.032425143328687546,4034135432204.2153,-0.0012341294410313233,0.010374472512147976,1.0,7.0,5.0,5.333333333333333,7.0,3.0,1.6666666666666667,0.69,0.03972108711234818,1.083403319303986,-0.003513281004089768,0.010726074095831768,1.0,0.0
2025-09-15,100,190,2.0,1.0,0.02,0.01,0.07,0.03132386641951579,3277949414778.801,0.00228629909304397,0.010343601886349904,1.0,6.0,7.0,6.0,6.2,2.0,2.3333333333333335,0.1,0.032425143328687546,1.2188759947538057,-0.0012341294410313233,0.010374472512147976,1.0,-0.20000000000000018
2025-09-16,100,192,4.0,0.0,0.04,0.0,0.68,0.037867065409793794,4581979776528.538,0.009056282318066653,0.010280216499850805,1.0,2.0,6.0,5.0,4.8,1.0,2.0,0.07,0.03132386641951579,1.0121890579201351,0.00228629909304397,0.010343601886349904,1.0,-2.8
2025-09-17,100,192,5.0,1.0,0.05,0.01,0.77,0.032980579727486414,2388307737584.011,-0.004319687839247045,0.010286057277179076,1.0,4.0,2.0,4.0,4.8,0.0,1.0,0.68,0.037867065409793794,1.3876555967842155,0.009056282318066653,0.010280216499850805,1.0,-0.7999999999999998
2025-09-18,100,193,9.0,1.0,0.09,0.01,0.79,0.03307227108014876,3136991982870.6553,0.006235627374034523,0.007410651925419445,1.0,5.0,4.0,3.6666666666666665,4.8,1.0,0.6666666666666666,0.77,0.032980579727486414,0.7346429962542015,-0.004319687839247045,0.010286057277179076,1.0,0.20000000000000018
2025-09-19,100,195,3.0,1.0,0.03,0.01,0.07,0.026765519275330274,3504943527247.618,-0.002094783524718404,0.007351007132424025,1.0,9.0,5.0,6.0,5.2,1.0,0.6666666666666666,0.79,0.03307227108014876,0.9968797889528753,0.006235627374034523,0.007410651925419445,1.0,3.8
2025-09-20,100,195,6.0,1.0,0.06,0.01,0.68,0.03669663037470453,2768673082823.607,0.0006042408021709177,0.006989438393728173,1.0,3.0,9.0,5.666666666666667,4.6,1.0,1.0,0.07,0.026765519275330274,1.155046677065448,-0.002094783524718404,0.007351007132424025,1.0,-1.5999999999999996
2025-09-21,100,195,9.0,5.0,0.09,0.05,0.21,0.06116671962201714,2289268385455.3193,-0.005091962752091048,0.007008232611157145,1.0,6.0,3.0,6.0,5.4,1.0,1.0,0.68,0.03669663037470453,0.9161013038238833,0.0006042408021709177,0.006989438393728173,1.0,0.5999999999999996
2025-09-22,100,195,4.0,1.0,0.04,0.01,0.07,0.05143141055494477,5394519208604.081,-0.004234163933395138,0.006470996240447026,1.0,9.0,6.0,6.0,6.4,5.0,2.3333333333333335,0.21,0.06116671962201714,0.759279688566457,-0.005091962752091048,0.007008232611157145,1.0,2.5999999999999996
2025-09-23,100,197,11.0,4.0,0.11,0.04,0.26,0.07111744127460043,7958407195418.25,-0.006560388562555555,0.006734287180260571,1.0,4.0,9.0,6.333333333333333,6.2,1.0,2.3333333333333335,0.07,0.05143141055494477,1.747680335198689,-0.004234163933395138,0.006470996240447026,1.0,-2.2
2025-09-24,100,197,13.0,3.0,0.13,0.03,0.44,0.053022418472710185,4618556870389.279,0.006373722724972806,0.0068109580532719274,1.0,11.0,4.0,8.0,6.6,4.0,3.3333333333333335,0.26,0.07111744127460043,2.3785797541717186,-0.006560388562555555,0.006734287180260571,1.0,4.4
2025-09-25,100,198,3.0,1.0,0.03,0.01,0.04,0.05549329693340449,3670673140158.473,-0.015679217409913435,0.00778619030992727,0.0,13.0,11.0,9.333333333333334,8.6,3.0,2.6666666666666665,0.44,0.053022418472710185,1.3297615623766066,0.006373722724972806,0.0068109580532719274,1.0,4.4
2025-09-26,100,199,12.0,2.0,0.12,0.02,0.79,0.03230525705098747,5438833339341.879,-0.00045522369972541795,0.0077083341792433735,0.0,3.0,13.0,9.0,8.0,1.0,2.6666666666666665,0.04,0.05549329693340449,1.0350403676362119,-0.015679217409913435,0.00778619030992727,0.0,-5.0
2025-09-27,100,200,6.0,2.0,0.06,0.02,0.16,0.047241461318836275,4774015999852.515,-0.001474576484744068,0.00769327109392721,0.0,12.0,3.0,9.333333333333334,8.6,2.0,2.0,0.79,0.03230525705098747,1.4767674769799952,-0.00045522369972541795,0.0077083341792433735,0.0,3.4000000000000004
2025-09-28,100,200,6.0,2.0,0.06,0.02,0.76,0.034774138935991024,2456207055863.573,0.01685577816248101,0.00839638494913432,1.0,6.0,12.0,7.0,9.0,2.0,1.6666666666666667,0.16,0.047241461318836275,1.237459316601917,-0.001474576484744068,0.00769327109392721,0.0,-3.0
2025-09-29,100,200,2.0,1.0,0.02,0.01,0.2,0.06811687638356566,2543099259671.6357,0.01481691739062895,0.008806347009461753,1.0,6.0,6.0,8.0,8.0,2.0,2.0,0.76,0.034774138935991024,0.6318185644182537,0.01685577816248101,0.00839638494913432,1.0,-2.0
2025-09-30,100,202,4.0,1.0,0.04,0.01,0.17,0.0673165564193888,3673397803402.2217,-0.0009085217503780254,0.007807454682326077,1.0,2.0,6.0,4.666666666666667,5.8,1.0,1.6666666666666667,0.2,0.06811687638356566,0.6548638859443418,0.01481691739062895,0.008806347009461753,1.0,-3.8
2025-10-01,100,202,16.0,3.0,0.16,0.03,0.91,0.03781852102711175,2489752844882.243,0.03379018051643821,0.01047780285036219,1.0,4.0,2.0,4.0,6.0,1.0,1.3333333333333333,0.17,0.0673165564193888,0.9538080216274718,-0.0009085217503780254,0.007807454682326077,1.0,-2.0
2025-10-02,100,203,12.0,1.0,0.12,0.01,0.82,0.04501997396360601,3847390372643.512,0.013446452980851243,0.010757111395973573,1.0,16.0,4.0,7.333333333333333,6.8,3.0,1.6666666666666667,0.91,0.03781852102711175,0.6537332582162075,0.03379018051643821,0.01047780285036219,1.0,9.2
2025-10-03,100,204,11.0,3.0,0.11,0.03,0.56,0.054759664285408946,4394061362435.259,0.016015962807204305,0.011027760060505631,1.0,12.0,16.0,10.666666666666666,8.0,1.0,1.6666666666666667,0.82,0.04501997396360601,1.0068921103833761,0.013446452980851243,0.010757111395973573,1.0,4.0
2025-10-04,100,204,3.0,1.0,0.03,0.01,0.17,0.029885327618436805,3721708375408.1147,0.008633213219404074,0.01100802998951405,1.0,11.0,12.0,13.0,9.0,3.0,2.3333333333333335,0.56,0.054759664285408946,1.1377512058878385,0.016015962807204305,0.011027760060505631,1.0,2.0
2025-10-05,100,204,5.0,2.0,0.05,0.02,0.43,0.03268628823646816,2587155922579.372,0.011705078126524415,0.011115379258511153,1.0,3.0,11.0,8.666666666666666,9.2,1.0,1.6666666666666667,0.17,0.029885327618436805,0.9675729859469968,0.008633213219404074,0.01100802998951405,1.0,-6.199999999999999
2025-10-06,100,204,13.0,3.0,0.13,0.03,0.89,0.03179779056283403,3321990534948.508,0.0028880886500734755,0.011077619883279618,1.0,5.0,3.0,6.333333333333333,9.4,2.0,2.0,0.43,0.03268628823646816,0.6787055926542153,0.011705078126524415,0.011115379258511153,1.0,-4.4
2025-10-07,100,204,5.0,0.0,0.05,0.0,0.06,0.032402993535242404,2923761507650.9385,-0.011762308552073927,0.011507143443735261,1.0,13.0,5.0,7.0,8.8,3.0,2.0,0.89,0.03179779056283403,0.886124616011394,0.0028880886500734755,0.011077619883279618,1.0,4.199999999999999
2025-10-08,100,205,5.0,2.0,0.05,0.02,0.83,0.03529713781432526,4198601978575.1924,0.014434249435253881,0.01172905157994244,1.0,5.0,13.0,7.666666666666667,7.4,0.0,1.6666666666666667,0.06,0.032402993535242404,0.7743688422835873,-0.011762308552073927,0.011507143443735261,1.0,-2.4000000000000004
2025-10-09,100,205,3.0,2.0,0.03,0.02,0.09,0.04682945634235421,2402620792335.1685,-0.0022214295452003224,0.011732869955423525,1.0,5.0,5.0,7.666666666666667,6.2,2.0,1.6666666666666667,0.83,0.03529713781432526,1.0965983687607583,0.014434249435253881,0.01172905157994244,1.0,-1.2000000000000002
2025-10-10,100,205,4.0,0.0,0.04,0.0,0.03,0.1015627394112527,2891615861869.8643,-0.03063636891557284,0.014123156405077747,1.0,3.0,5.0,4.333333333333333,6.2,2.0,1.3333333333333333,0.09,0.04682945634235421,0.6366860998676385,-0.0022214295452003224,0.011732869955423525,1.0,-3.2
2025-10-11,100,206,25.0,7.0,0.25,0.07,0.42,0.063318956985199,8218355550663.092,-0.010897620447570722,0.014355905887487915,1.0,4.0,3.0,4.0,6.0,0.0,1.3333333333333333,0.03,0.1015627394112527,0.7650218836914251,-0.03063636891557284,0.014123156405077747,1.0,-2.0
2025-10-12,100,206,58.0,6.0,0.58,0.06,1.0,0.06699355761587465,5481228596163.348,0.020005140998189373,0.014756697029897639,1.0,25.0,4.0,10.666666666666666,8.4,7.0,3.0,0.42,0.063318956985199,2.0161627170193115,-0.010897620447570722,0.014355905887487915,1.0,16.6
2025-10-13,100,206,15.0,5.0,0.15,0.05,0.89,0.04632451394580436,4895395079213.786,-0.012462789342948886,0.015033714990638308,1.0,58.0,25.0,29.0,19.0,6.0,4.333333333333333,1.0,0.06699355761587465,1.3432501557806815,0.020005140998189373,0.014756697029897639,1.0,39.0
2025-10-14,100,206,3.0,0.0,0.03,0.0,0.05,0.027638388688900284,3737754474379.9487,-0.009422161878066278,0.015294278333668171,1.0,15.0,58.0,32.666666666666664,21.0,5.0,6.0,0.89,0.04632451394580436,1.2464655403910276,-0.012462789342948886,0.015033714990638308,1.0,-6.0
2025-10-15,100,206,4.0,0.0,0.04,0.0,0.05,0.02936281207004773,3957910328809.1807,-0.009042939987316981,0.014939369740991757,0.0,3.0,15.0,25.333333333333332,21.0,0.0,3.6666666666666665,0.05,0.027638388688900284,0.9625000692696878,-0.009422161878066278,0.015294278333668171,1.0,-18.0
2025-10-16,100,207,6.0,3.0,0.06,0.03,0.06,0.03246656620742247,2729733301029.269,-0.01946567008774311,0.01576387524311923,0.0,4.0,3.0,7.333333333333333,21.0,0.0,1.6666666666666667,0.05,0.02936281207004773,1.0154364921080692,-0.009042939987316981,0.014939369740991757,0.0,-17.0
2025-10-17,100,207,5.0,2.0,0.05,0.02,0.09,0.033505123081530724,2871454018739.426,-0.010038724862047864,0.015984147097230544,0.0,6.0,4.0,4.333333333333333,17.2,3.0,1.0,0.06,0.03246656620742247,0.7255514223727051,-0.01946567008774311,0.01576387524311923,0.0,-11.2
2025-10-18,100,209,4.0,0.0,0.04,0.0,0.59,0.035896134379281616,4389305561676.6455,-4.8889296309429e-05,0.01558738964372264,0.0,5.0,6.0,5.0,6.6,2.0,1.6666666666666667,0.09,0.033505123081530724,0.783018524869808,-0.010038724862047864,0.015984147097230544,0.0,-1.5999999999999996
2025-10-19,100,209,4.0,0.0,0.04,0.0,0.67,0.025131695152766968,2072083522320.463,0.007155131808710236,0.015320287249502192,0.0,4.0,5.0,5.0,4.4,0.0,1.6666666666666667,0.59,0.035896134379281616,1.1661853569073035,-4.8889296309429e-05,0.01558738964372264,0.0,-0.40000000000000036
2025-10-20,100,209,9.0,4.0,0.09,0.04,0.49,0.052119736650513296,2127468339649.103,0.006682475421718229,0.015375964783256361,0.0,4.0,4.0,4.333333333333333,4.6,0.0,0.6666666666666666,0.67,0.025131695152766968,0.5539939382739816,0.007155131808710236,0.015320287249502192,0.0,-0.5999999999999996
2025-10-21,100,210,11.0,2.0,0.11,0.02,0.13,0.04259929923506073,2446071142227.531,-0.015250317575430595,0.013677716303241534,0.0,9.0,4.0,5.666666666666667,5.6,4.0,1.3333333333333333,0.49,0.052119736650513296,0.5808046039893199,0.006682475421718229,0.015375964783256361,0.0,3.4000000000000004
2025-10-22,100,211,6.0,1.0,0.06,0.01,0.08,0.03953175592302726,3128028317796.9546,-0.0015127715691143977,0.013217829552973206,0.0,11.0,9.0,8.0,6.6,2.0,2.0,0.13,0.04259929923506073,0.6681824410101065,-0.015250317575430595,0.013677716303241534,0.0,4.4
2025-10-23,100,212,12.0,1.0,0.12,0.01,0.9,0.031250702853970885,2071768274577.9976,0.014560690959937036,0.01311552329313657,0.0,6.0,11.0,8.666666666666666,6.8,1.0,2.3333333333333335,0.08,0.03953175592302726,0.8629483492755414,-0.0015127715691143977,0.013217829552973206,0.0,-0.7999999999999998
2025-10-24,100,212,9.0,3.0,0.09,0.03,0.7,0.05636571834792688,1490373433783.351,0.0009479274609507556,0.012887869450169166,0.0,12.0,6.0,9.666666666666666,8.4,1.0,1.3333333333333333,0.9,0.031250702853970885,0.5904659662075437,0.014560690959937036,0.01311552329313657,0.0,3.5999999999999996
2025-10-25,100,213,10.0,5.0,0.1,0.05,0.42,0.045777683003170415,2747448502417.193,0.003656487404372534,0.012534578775673889,0.0,9.0,12.0,9.0,9.4,3.0,1.6666666666666667,0.7,0.05636571834792688,0.4387149608179169,0.0009479274609507556,0.012887869450169166,0.0,-0.40000000000000036
2025-10-26,100,213,11.0,3.0,0.11,0.03,0.85,0.04173705742732149,2190407079806.8767,0.019082002597811763,0.013433988279505208,1.0,10.0,9.0,10.333333333333334,9.6,5.0,3.0,0.42,0.045777683003170415,0.8068513129356838,0.003656487404372534,0.012534578775673889,0.0,0.40000000000000036
2025-10-27,100,213,5.0,3.0,0.05,0.03,0.08,0.04562813052914062,2695220395231.8765,-0.003155154555161581,0.013251942030640911,1.0,11.0,10.0,10.0,9.6,3.0,3.6666666666666665,0.85,0.04173705742732149,0.654132226203767,0.019082002597811763,0.013433988279505208,1.0,1.4000000000000004
2025-10-28,100,213,5.0,0.0,0.05,0.0,0.14,0.03542296348376321,2778945156820.9375,-0.004252133211468982,0.012687791881333723,1.0,5.0,11.0,8.666666666666666,9.4,3.0,3.6666666666666665,0.08,0.04562813052914062,0.8076432502548295,-0.003155154555161581,0.013251942030640911,1.0,-4.4
2025-10-29,100,214,5.0,1.0,0.05,0.01,0.49,0.03724677952850667,2489663469296.182,-0.021906667922905153,0.01338371266799421,0.0,5.0,5.0,7.0,8.0,0.0,2.0,0.14,0.03542296348376321,0.8508296221941578,-0.004252133211468982,0.012687791881333723,1.0,-3.0
2025-10-30,100,215,3.0,0.0,0.03,0.0,0.04,0.040667010774760176,2476786204876.779,-0.0021832011712280596,0.011799425565824053,0.0,5.0,5.0,5.0,7.2,1.0,1.3333333333333333,0.49,0.03724677952850667,0.7612458949692994,-0.021906667922905153,0.01338371266799421,0.0,-2.2
2025-10-31,100,215,7.0,0.0,0.07,0.0,0.62,0.02867295714644341,2901297753587.818,0.00010349036483501536,0.011636632657417094,0.0,3.0,5.0,4.333333333333333,5.8,0.0,0.3333333333333333,0.04,0.040667010774760176,0.762141990453562,-0.0021832011712280596,0.011799425565824053,0.0,-2.8
2025-11-01,100,215,10.0,3.0,0.1,0.03,0.66,0.04567495902057536,1541399736892.1838,-0.0016754249597331701,0.010444524916849225,0.0,7.0,3.0,5.0,5.0,0.0,0.3333333333333333,0.62,0.02867295714644341,0.9723117667330988,0.00010349036483501536,0.011636632657417094,0.0,2.0
2025-11-02,100,215,11.0,3.0,0.11,0.03,0.25,0.045764662295615675,1507028869128.9734,0.0007862761697136706,0.010224690566246197,0.0,10.0,7.0,6.666666666666667,6.0,3.0,1.0,0.66,0.04567495902057536,0.5530824644218748,-0.0016754249597331701,0.010444524916849225,0.0,4.0
2025-11-03,100,215,3.0,1.0,0.03,0.01,0.02,0.05021233777516593,1558689376538.274,-0.03434936536577475,0.01242716387515618,0.0,11.0,10.0,9.333333333333334,7.2,3.0,2.0,0.25,0.045764662295615675,0.5757496129698456,0.0007862761697136706,0.010224690566246197,0.0,3.8
2025-11-04,100,216,8.0,1.0,0.08,0.01,0.21,0.0393606909005795,3889149302235.587,-0.03669582729018892,0.014450489118098339,0.0,3.0,11.0,8.0,6.8,1.0,2.3333333333333335,0.02,0.05021233777516593,0.621349705850022,-0.03434936536577475,0.01242716387515618,0.0,-3.8
2025-11-05,100,216,13.0,4.0,0.13,0.04,0.88,0.04291119615161425,5125866480426.012,0.020299776647991256,0.015060527932477556,0.0,8.0,3.0,7.333333333333333,7.8,1.0,1.6666666666666667,0.21,0.0393606909005795,1.5524826657620614,-0.03669582729018892,0.014450489118098339,0.0,0.20000000000000018
2025-11-06,100,218,5.0,3.0,0.05,0.03,0.16,0.07285844785650097,4611645669899.942,-0.029975341984589284,0.01617701440172624,0.0,13.0,8.0,8.0,9.0,4.0,2.0,0.88,0.04291119615161425,1.9527685096548646,0.020299776647991256,0.015060527932477556,0.0,4.0
2025-11-07,100,218,75.0,17.0,0.75,0.17,1.0,0.06902668845636722,2290218747305.835,0.01604615576670034,0.016767531965383446,0.0,5.0,13.0,8.666666666666666,8.0,3.0,2.6666666666666665,0.16,0.07285844785650097,1.7005017491786034,-0.029975341984589284,0.01617701440172624,0.0,-3.0
2025-11-08,100,218,11.0,4.0,0.11,0.04,0.19,0.05515173761938787,3670315798282.4536,-0.00854468939591413,0.016629993405255027,0.0,75.0,5.0,31.0,20.8,17.0,8.0,1.0,0.06902668845636722,0.8784956210588748,0.01604615576670034,0.016767531965383446,0.0,54.2
2025-11-09,100,218,12.0,4.0,0.12,0.04,0.53,0.03820017305016165,2932693304115.1265,0.019148008497588062,0.017267555782948828,0.0,11.0,75.0,30.333333333333332,22.4,4.0,8.0,0.19,0.05515173761938787,1.3660091560196703,-0.00854468939591413,0.016629993405255027,0.0,-11.399999999999999
2025-11-10,100,218,15.0,5.0,0.15,0.05,0.73,0.05515841908534178,2281693549710.1597,0.008370554210489847,0.017210808516837504,0.0,12.0,11.0,32.666666666666664,23.2,4.0,8.333333333333334,0.53,0.03820017305016165,1.075368934320326,0.019148008497588062,0.017267555782948828,0.0,-11.2
2025-11-11,100,218,5.0,0.0,0.05,0.0,0.02,0.03167695387830452,3225749327718.6006,-0.016040254032302734,0.017490675466016563,0.0,15.0,12.0,12.666666666666666,23.6,5.0,4.333333333333333,0.73,0.05515841908534178,0.8391874360712313,0.008370554210489847,0.017210808516837504,0.0,-8.600000000000001
2025-11-12,100,218,16.0,3.0,0.16,0.03,0.31,0.03785605822841559,2813075318004.362,-0.006514935170143502,0.017018905167606777,0.0,5.0,15.0,10.666666666666666,23.6,0.0,3.0,0.02,0.03167695387830452,1.1842749046006913,-0.016040254032302734,0.017490675466016563,0.0,-18.6
2025-11-13,100,218,8.0,2.0,0.08,0.02,0.09,0.03659052087185097,2162280350060.963,-0.013092509557785917,0.01710028326215526,0.0,16.0,5.0,12.0,11.8,3.0,2.6666666666666665,0.31,0.03785605822841559,1.018904074216118,-0.006514935170143502,0.017018905167606777,0.0,4.199999999999999
2025-11-14,100,218,9.0,3.0,0.09,0.03,0.1,0.047595384144921926,2925045052860.3154,-0.05211246540032487,0.01999461117584255,0.0,8.0,16.0,9.666666666666666,11.2,2.0,1.6666666666666667,0.09,0.03659052087185097,0.773768765845779,-0.013092509557785917,0.01710028326215526,0.0,-3.1999999999999993
2025-11-15,100,218,10.0,1.0,0.1,0.01,0.62,0.03105673480199155,3553491271220.9062,0.004460075197550037,0.01923064546302099,0.0,9.0,8.0,11.0,10.6,3.0,2.6666666666666665,0.1,0.047595384144921926,1.0434073999719014,-0.05211246540032487,0.01999461117584255,0.0,-1.5999999999999996
2025-11-16,100,218,3.0,2.0,0.03,0.02,0.03,0.031667869262088616,1424121216661.718,-0.02772635749333462,0.019680142522415355,0.0,10.0,9.0,9.0,9.6,1.0,2.0,0.62,0.03105673480199155,1.2374979922747942,0.004460075197550037,0.01923064546302099,0.0,0.40000000000000036
2025-11-17,100,218,10.0,1.0,0.1,0.01,0.14,0.0455683576587169,2297373870451.4844,-0.01880455085378921,0.019752854980554426,0.0,3.0,10.0,7.333333333333333,9.2,2.0,2.0,0.03,0.031667869262088616,0.5071732978987609,-0.02772635749333462,0.019680142522415355,0.0,-6.199999999999999
2025-11-18,100,218,5.0,1.0,0.05,0.01,0.73,0.036501482432534205,2566524102671.361,0.00031947026294011784,0.019673998536833492,0.0,10.0,3.0,7.666666666666667,8.0,1.0,1.3333333333333333,0.14,0.0455683576587169,0.8252419296195932,-0.01880455085378921,0.019752854980554426,0.0,2.0
2025-11-19,100,219,2.0,0.0,0.02,0.0,0.13,0.034459597656158816,3027354316338.3735,-0.009115833408009493,0.019610229228418662,0.0,5.0,10.0,6.0,7.4,1.0,1.3333333333333333,0.73,0.036501482432534205,0.9206527259807309,0.00031947026294011784,0.019673998536833492,0.0,-2.4000000000000004
2025-11-20,100,219,8.0,0.0,0.08,0.0,0.07,0.03390870790168097,2270923059896.89,-0.04959048434020117,0.021426112693736114,0.0,2.0,5.0,5.666666666666667,6.0,0.0,0.6666666666666666,0.13,0.034459597656158816,1.07534094488989,-0.009115833408009493,0.019610229228418662,0.0,-4.0
2025-11-21,100,219,18.0,8.0,0.18,0.08,0.2,0.1473164398730325,2551644231769.939,-0.014360175433691199,0.021299867192771427,0.0,8.0,2.0,5.0,5.6,0.0,0.3333333333333333,0.07,0.03390870790168097,0.8157836717363357,-0.04959048434020117,0.021426112693736114,0.0,2.4000000000000004
2025-11-22,100,219,23.0,10.0,0.23,0.1,0.28,0.0828160256424333,5441435986550.017,-0.005568252717130115,0.021140010587962305,0.0,18.0,8.0,9.333333333333334,8.6,8.0,2.6666666666666665,0.2,0.1473164398730325,0.9002909019247443,-0.014360175433691199,0.021299867192771427,0.0,9.4
2025-11-23,100,219,18.0,5.0,0.18,0.05,0.64,0.041586689794464976,3221409083216.559,0.03569314422638869,0.023076455303405574,0.0,23.0,18.0,16.333333333333332,11.2,10.0,6.0,0.28,0.0828160256424333,1.795281982578106,-0.005568252717130115,0.021140010587962305,0.0,11.8
2025-11-24,100,219,21.0,2.0,0.21,0.02,0.76,0.0355751980798944,2900396800780.6733,0.004642133734120118,0.022322124504848134,0.0,18.0,23.0,19.666666666666668,13.8,5.0,7.666666666666667,0.64,0.041586689794464976,1.0344589332228844,0.03569314422638869,0.023076455303405574,0.0,4.199999999999999
2025-11-25,100,220,8.0,4.0,0.08,0.04,0.43,0.05665277670827673,2890828479108.9644,-0.01396095745214908,0.021402538360581563,0.0,21.0,18.0,20.666666666666668,17.6,2.0,5.666666666666667,0.76,0.0355751980798944,0.9463999523880005,0.004642133734120118,0.022322124504848134,0.0,3.3999999999999986
2025-11-26,100,220,8.0,1.0,0.08,0.01,0.62,0.03521880764023131,2470699620962.704,0.0348021984743174,0.022885257814519156,0.0,8.0,21.0,15.666666666666666,17.6,4.0,3.6666666666666665,0.43,0.05665277670827673,0.9789758315745473,-0.01396095745214908,0.021402538360581563,0.0,-9.600000000000001
2025-11-27,100,221,23.0,12.0,0.23,0.12,0.66,0.05294551462361032,2255859009040.7705,0.011567955017819102,0.022683367312021172,0.0,8.0,8.0,12.333333333333334,15.6,1.0,2.3333333333333335,0.62,0.03521880764023131,0.8681721627081019,0.0348021984743174,0.022885257814519156,0.0,-7.6
2025-11-28,100,221,31.0,16.0,0.31,0.16,0.31,0.06362478570232658,2862788924693.245,-0.00444241879620195,0.022675992082916197,0.0,23.0,8.0,13.0,15.6,12.0,5.666666666666667,0.66,0.05294551462361032,0.7931587397151151,0.011567955017819102,0.022683367312021172,0.0,7.4
2025-11-29,100,221,16.0,9.0,0.16,0.09,0.14,0.0710798238242645,2589506443523.6543,-0.0019162509029971378,0.021942564602475605,0.0,31.0,23.0,20.666666666666668,18.2,16.0,9.666666666666666,0.31,0.06362478570232658,1.0210500842490038,-0.00444241879620195,0.022675992082916197,0.0,12.8
2025-11-30,100,221,13.0,4.0,0.13,0.04,0.12,0.06067260780091661,1503587694393.3796,-0.002420747493071897,0.02168442666410337,0.0,16.0,31.0,23.333333333333332,17.2,9.0,12.333333333333334,0.14,0.0710798238242645,0.929267620088737,-0.0019162509029971378,0.021942564602475605,0.0,-1.1999999999999993
2025-12-01,100,221,6.0,0.0,0.06,0.0,0.1,0.08486398796252918,1644931781514.8704,-0.04962590934676656,0.023618538759327394,0.0,13.0,16.0,20.0,18.2,4.0,9.666666666666666,0.12,0.06067260780091661,0.5472158962415822,-0.002420747493071897,0.02168442666410337,0.0,-5.199999999999999
2025-12-02,100,221,26.0,4.0,0.26,0.04,0.9,0.04893312090665221,2920802083389.074,0.048756247943980154,0.026914477388592897,0.0,6.0,13.0,11.666666666666666,17.8,0.0,4.333333333333333,0.1,0.08486398796252918,0.616387782754935,-0.04962590934676656,0.023618538759327394,0.0,-11.8
2025-12-03,100,221,16.0,1.0,0.16,0.01,0.76,0.042170088744879076,2194552980339.9895,0.023716353807515335,0.0276610998798514,1.0,26.0,6.0,15.0,18.4,4.0,2.6666666666666665,0.9,0.04893312090665221,1.0922764715854913,0.048756247943980154,0.026914477388592897,0.0,7.600000000000001
2025-12-04,100,221,8.0,1.0,0.08,0.01,0.14,0.033586497667444315,2123241157710.717,-0.010793854411089543,0.025347142894883583,1.0,16.0,26.0,16.0,15.4,1.0,1.6666666666666667,0.76,0.042170088744879076,0.8201901075744716,0.023716353807515335,0.0276610998798514,1.0,0.5999999999999996
2025-12-05,100,221,4.0,1.0,0.04,0.01,0.1,0.03299082869001822,1646217524121.5098,-0.026268203571603376,0.025847380416252088,0.0,8.0,16.0,16.666666666666668,13.8,1.0,2.0,0.14,0.033586497667444315,0.8056087498786866,-0.010793854411089543,0.025347142894883583,1.0,-5.800000000000001
2025-12-06,100,221,7.0,0.0,0.07,0.0,0.62,0.0252734443762159,1781216703656.6855,-0.0017201024336408472,0.025224616063168902,0.0,4.0,8.0,9.333333333333334,12.0,1.0,1.0,0.1,0.03299082869001822,0.6480635762521592,-0.026268203571603376,0.025847380416252088,0.0,-8.0
2025-12-07,100,221,8.0,2.0,0.08,0.02,0.2,0.03188778459165809,860590234548.4133,0.011882889745870038,0.025110802053725886,1.0,7.0,4.0,6.333333333333333,12.2,0.0,0.6666666666666666,0.62,0.0252734443762159,0.6963141740454114,-0.0017201024336408472,0.025224616063168902,0.0,-5.199999999999999
2025-12-08,100,221,5.0,0.0,0.05,0.0,0.66,0.0245037614648118,1526962471072.7983,-0.0015471113193579673,0.025109421034932102,1.0,8.0,7.0,6.333333333333333,8.6,2.0,1.0,0.2,0.03188778459165809,0.34614327251148747,0.011882889745870038,0.025110802053725886,1.0,-0.5999999999999996
2025-12-09,100,221,4.0,0.0,0.04,0.0,0.87,0.02164718067939095,1197671602211.8755,0.01626864593466005,0.025318998550245005,1.0,5.0,8.0,6.666666666666667,6.4,0.0,0.6666666666666666,0.66,0.0245037614648118,0.6272831811070912,-0.0015471113193579673,0.025109421034932102,1.0,-1.4000000000000004
2025-12-10,100,221,7.0,2.0,0.07,0.02,0.17,0.03400640681482089,1604543001319.1753,-0.0036509715618809856,0.02248400022407626,1.0,4.0,5.0,5.666666666666667,5.6,0.0,0.6666666666666666,0.87,0.02164718067939095,0.5112217719437744,0.01626864593466005,0.025318998550245005,1.0,-1.5999999999999996
2025-12-11,100,221,4.0,1.0,0.04,0.01,0.19,0.034507864448961846,1616212437281.731,0.004612608166518557,0.022130323839896084,1.0,7.0,4.0,5.333333333333333,6.2,2.0,0.6666666666666666,0.17,0.03400640681482089,0.694774499555232,-0.0036509715618809856,0.02248400022407626,1.0,0.7999999999999998
2025-12-12,100,221,5.0,1.0,0.05,0.01,0.09,0.0313230201566253,1629281336336.7258,-0.017852762995726742,0.022561575286096654,0.0,4.0,7.0,5.0,5.6,1.0,1.0,0.19,0.034507864448961846,0.7142935151812064,0.004612608166518557,0.022130323839896084,1.0,-1.5999999999999996
2025-12-13,100,221,2.0,0.0,0.02,0.0,0.68,0.021008377266477307,1332914212251.1143,-0.0012535466251062072,0.02120591737571813,0.0,5.0,4.0,5.333333333333333,5.0,1.0,1.3333333333333333,0.09,0.0313230201566253,0.7863080362517376,-0.017852762995726742,0.022561575286096654,0.0,0.0
2025-12-14,100,221,7.0,3.0,0.07,0.03,0.1,0.033089326054235035,745881159713.2397,-0.022047357193852417,0.021798782919574076,0.0,2.0,5.0,3.6666666666666665,4.4,0.0,0.6666666666666666,0.68,0.021008377266477307,0.6739922638405156,-0.0012535466251062072,0.02120591737571813,0.0,-2.4000000000000004
2025-12-15,100,221,2.0,0.0,0.02,0.0,0.07,0.036203118579610415,1132934899152.1387,-0.020412548075481658,0.022057857319367203,0.0,7.0,2.0,4.666666666666667,5.0,3.0,1.3333333333333333,0.1,0.033089326054235035,0.3988851803147821,-0.022047357193852417,0.021798782919574076,0.0,2.0
2025-12-16,100,222,7.0,0.0,0.07,0.0,0.51,0.02784066312034661,1902638921961.2415,0.011931754170259408,0.02067444379290288,0.0,2.0,7.0,3.6666666666666665,4.0,0.0,1.0,0.07,0.036203118579610415,0.635758885578819,-0.020412548075481658,0.022057857319367203,0.0,-2.0
2025-12-17,100,222,6.0,2.0,0.06,0.02,0.08,0.03601802541437905,1508695348049.4126,-0.015438188805689356,0.020639984662315192,0.0,7.0,2.0,5.333333333333333,4.6,0.0,1.0,0.51,0.02784066312034661,1.0849799107140785,0.011931754170259408,0.02067444379290288,0.0,2.4000000000000004
2025-12-18,100,222,5.0,2.0,0.05,0.02,0.1,0.04017139334221587,1504404544002.5046,-0.012079188362322212,0.0207363258163734,0.0,6.0,7.0,5.0,4.8,2.0,0.6666666666666666,0.08,0.03601802541437905,0.8790606471775027,-0.015438188805689356,0.020639984662315192,0.0,1.2000000000000002
2025-12-19,100,222,27.0,4.0,0.27,0.04,0.99,0.036547285872482044,1828202873126.2317,0.03164865201542951,0.02217872676321428,0.0,5.0,6.0,6.0,5.4,2.0,1.3333333333333333,0.1,0.04017139334221587,0.9126789123559691,-0.012079188362322212,0.0207363258163734,0.0,-0.40000000000000036
2025-12-20,100,222,14.0,4.0,0.14,0.04,0.56,0.03272233305093435,1817238004500.0396,0.0018729163576371687,0.02219332718121651,0.0,27.0,5.0,12.666666666666666,9.4,4.0,2.6666666666666665,0.99,0.036547285872482044,1.1353364115344136,0.03164865201542951,0.02217872676321428,0.0,17.6
2025-12-21,100,222,8.0,2.0,0.08,0.02,0.09,0.02995790793111202,1255527975222.1865,0.002969671303583407,0.019104159270157666,0.0,14.0,27.0,15.333333333333334,11.8,4.0,3.3333333333333335,0.56,0.03272233305093435,1.117642336320636,0.0018729163576371687,0.02219332718121651,0.0,2.1999999999999993
2025-12-22,100,222,10.0,2.0,0.1,0.02,0.61,0.04167166624328144,1131697472020.6475,0.0025751737324322226,0.015478930416442375,0.0,8.0,14.0,16.333333333333332,12.0,2.0,3.3333333333333335,0.09,0.02995790793111202,0.7815365992395227,0.002969671303583407,0.019104159270157666,0.0,-4.0
2025-12-23,100,222,7.0,2.0,0.07,0.02,0.21,0.03478593154899183,1362016606032.758,-0.013318250091903745,0.014516645688885204,0.0,10.0,8.0,10.666666666666666,12.8,2.0,2.6666666666666665,0.61,0.04167166624328144,0.7459948351722427,0.0025751737324322226,0.015478930416442375,0.0,-2.8000000000000007
2025-12-24,100,222,4.0,2.0,0.04,0.02,0.27,0.03369408453574298,1183992718893.9053,-0.009357487018576999,0.014480247257120828,0.0,7.0,10.0,8.333333333333334,13.2,2.0,2.0,0.21,0.03478593154899183,0.9231479746699538,-0.013318250091903745,0.014516645688885204,0.0,-6.199999999999999
2025-12-25,100,222,10.0,6.0,0.1,0.06,0.19,0.06636240410886565,1161223590819.6453,-0.005726850295288809,0.013438424063003355,0.0,4.0,7.0,7.0,8.6,2.0,2.0,0.27,0.03369408453574298,0.828869997528279,-0.009357487018576999,0.014480247257120828,0.0,-4.6
2025-12-26,100,222,13.0,5.0,0.13,0.05,0.57,0.051015482812136866,1484333267515.9185,-0.00269628061263401,0.013439003970473845,0.0,10.0,4.0,7.0,7.8,6.0,3.3333333333333335,0.19,0.06636240410886565,0.8269690598513374,-0.005726850295288809,0.013438424063003355,0.0,2.2
2025-12-27,100,223,7.0,0.0,0.07,0.0,0.69,0.034989643910268764,1797587593120.642,0.0011386236363707344,0.013060860420502229,0.0,13.0,10.0,9.0,8.8,5.0,4.333333333333333,0.57,0.051015482812136866,1.0683666903948914,-0.00269628061263401,0.013439003970473845,0.0,4.199999999999999
2025-12-28,100,223,6.0,1.0,0.06,0.01,0.16,0.03520264549805292,997461882599.9874,-0.0029975199250930934,0.013058627133943691,0.0,7.0,13.0,10.0,8.2,0.0,3.6666666666666665,0.69,0.034989643910268764,1.2516293651398187,0.0011386236363707344,0.013060860420502229,0.0,-1.1999999999999993
2025-12-29,100,223,14.0,5.0,0.14,0.05,0.36,0.06752306429541045,920622031958.8374,-0.005904162990569881,0.012282459483563764,0.0,6.0,7.0,8.666666666666666,8.0,1.0,2.0,0.16,0.03520264549805292,0.707558791475153,-0.0029975199250930934,0.013058627133943691,0.0,-2.0
2025-12-30,100,223,12.0,3.0,0.12,0.03,0.35,0.0380915459096851,1802271440730.0503,0.011019502976267328,0.012721988361744997,0.0,14.0,6.0,9.0,10.0,5.0,2.0,0.36,0.06752306429541045,0.6595325540957845,-0.005904162990569881,0.012282459483563764,0.0,4.0
2025-12-31,100,223,7.0,2.0,0.07,0.02,0.19,0.03994612387594128,1272141987370.331,-0.0039199386221622666,0.012593362497056464,0.0,12.0,14.0,10.666666666666666,10.4,3.0,3.0,0.35,0.0380915459096851,1.2820647869621034,0.011019502976267328,0.012721988361744997,0.0,1.5999999999999996
2026-01-01,100,223,11.0,2.0,0.11,0.02,0.83,0.03570497682253497,1096180758606.8113,0.00594014132943813,0.0122854427991028,0.0,7.0,12.0,11.0,9.2,2.0,3.3333333333333335,0.19,0.03994612387594128,0.9161635364813047,-0.0039199386221622666,0.012593362497056464,0.0,-2.1999999999999993
2026-01-02,100,224,22.0,2.0,0.22,0.02,0.94,0.03992514088980804,1058206505808.2426,0.010193925637141095,0.012599548237525082,1.0,11.0,7.0,10.0,10.0,2.0,2.3333333333333335,0.83,0.03570497682253497,0.8048917505704816,0.00594014132943813,0.0122854427991028,0.0,1.0
2026-01-03,100,224,6.0,1.0,0.06,0.01,0.61,0.03095884032608852,1670191031285.4172,0.0070973053414379195,0.011785140168799686,1.0,22.0,11.0,13.333333333333334,13.2,2.0,2.0,0.94,0.03992514088980804,0.7849247622463899,0.010193925637141095,0.012599548237525082,1.0,8.8
2026-01-04,100,224,11.0,4.0,0.11,0.04,0.64,0.04573046882931104,1408953680560.5886,0.00993696094873977,0.01098203475325229,1.0,6.0,22.0,13.0,11.6,1.0,1.6666666666666667,0.61,0.03095884032608852,1.1978032249197004,0.0070973053414379195,0.011785140168799686,1.0,-5.6
2026-01-05,100,224,13.0,3.0,0.13,0.03,0.84,0.037613970548323106,1577290605970.3875,0.02747695767402802,0.01225463061985386,1.0,11.0,6.0,13.0,11.4,4.0,2.3333333333333335,0.64,0.04573046882931104,1.000549836792727,0.00993696094873977,0.01098203475325229,1.0,-0.40000000000000036
2026-01-06,100,224,9.0,1.0,0.09,0.01,0.63,0.034142164343329895,2505979965360.861,0.0016521465136395581,0.01154859712318747,1.0,13.0,11.0,10.0,12.6,3.0,2.6666666666666665,0.84,0.037613970548323106,1.1331827088245623,0.02747695767402802,0.01225463061985386,1.0,0.40000000000000036
2026-01-07,100,225,2.0,1.0,0.02,0.01,0.07,0.06742965190632796,2704995865908.524,-0.02496062552373739,0.01272576803046117,1.0,9.0,13.0,11.0,12.2,1.0,2.6666666666666665,0.63,0.034142164343329895,1.7381199098876643,0.0016521465136395581,0.01154859712318747,1.0,-3.1999999999999993
2026-01-08,100,226,23.0,5.0,0.23,0.05,0.42,0.05243018928739603,2803584113442.985,0.0017661674633500087,0.01068001154239046,1.0,2.0,9.0,8.0,8.2,1.0,1.6666666666666667,0.07,0.06742965190632796,1.8011622266672087,-0.02496062552373739,0.01272576803046117,1.0,-6.199999999999999
2026-01-09,100,226,15.0,3.0,0.15,0.03,0.51,0.03752993856868828,2208561783365.1514,0.002077825407662497,0.010681255877283764,1.0,23.0,2.0,11.333333333333334,11.6,5.0,2.3333333333333335,0.42,0.05243018928739603,1.8080933691191032,0.0017661674633500087,0.01068001154239046,1.0,11.4
2026-01-10,100,226,13.0,5.0,0.13,0.05,0.38,0.03752795095967803,1650731535385.5923,0.00038958023223239824,0.010668586354098175,1.0,15.0,23.0,13.333333333333334,12.4,3.0,3.0,0.51,0.03752993856868828,1.4066008859804726,0.002077825407662497,0.010681255877283764,1.0,2.5999999999999996
2026-01-11,100,226,7.0,0.0,0.07,0.0,0.24,0.03657149591191618,1112314617005.8213,0.0014894933612141195,0.010660869215061573,1.0,13.0,15.0,17.0,12.4,5.0,4.333333333333333,0.38,0.03752795095967803,1.0382604357504743,0.00038958023223239824,0.010668586354098175,1.0,0.5999999999999996
2026-01-12,100,226,5.0,3.0,0.05,0.03,0.15,0.04131209770484071,1129918421461.0312,0.006708833082105047,0.010219643985563588,1.0,7.0,13.0,11.666666666666666,12.0,0.0,2.6666666666666665,0.24,0.03657149591191618,0.700039121650103,0.0014894933612141195,0.010660869215061573,1.0,-5.0
2026-01-13,100,226,21.0,3.0,0.21,0.03,0.96,0.039786438931286756,1753905774833.3262,0.0390915491130563,0.012887852038746154,1.0,5.0,7.0,8.333333333333334,12.6,3.0,2.6666666666666665,0.15,0.04131209770484071,0.716350065511373,0.006708833082105047,0.010219643985563588,1.0,-7.6
2026-01-14,100,226,9.0,3.0,0.09,0.03,0.35,0.05011547998134826,2249914895427.4883,0.015539358792093163,0.012921324415940374,1.0,21.0,5.0,11.0,12.2,3.0,2.0,0.96,0.039786438931286756,1.0922162458327362,0.0390915491130563,0.012887852038746154,1.0,8.8
2026-01-15,100,226,9.0,3.0,0.09,0.03,0.08,0.04351387904818482,2612882705742.5605,-0.00885308555124632,0.013186260815936832,1.0,9.0,21.0,11.666666666666666,11.0,3.0,3.0,0.35,0.05011547998134826,1.3551602973394583,0.015539358792093163,0.012921324415940374,1.0,-2.0
2026-01-16,100,226,8.0,1.0,0.08,0.01,0.65,0.030309404108396932,2038348289182.0063,0.001248271377377398,0.013184705567715779,1.0,9.0,9.0,13.0,10.2,3.0,3.0,0.08,0.04351387904818482,1.5220514649678822,-0.00885308555124632,0.013186260815936832,1.0,-1.1999999999999993
2026-01-17,100,226,10.0,5.0,0.1,0.05,0.42,0.05874779507682084,1261384431719.2754,-0.00394872854266772,0.013215801218246606,1.0,8.0,9.0,8.666666666666666,10.4,1.0,2.3333333333333335,0.65,0.030309404108396932,1.1791064348999063,0.001248271377377398,0.013184705567715779,1.0,-2.4000000000000004
2026-01-18,100,226,13.0,5.0,0.13,0.05,0.1,0.0387006680132706,1687750863133.0974,-0.011357455865124454,0.01349935661257074,1.0,10.0,8.0,9.0,11.4,5.0,3.0,0.42,0.05874779507682084,0.7241349429838951,-0.00394872854266772,0.013215801218246606,1.0,-1.4000000000000004
2026-01-19,100,226,6.0,0.0,0.06,0.0,0.12,0.041246477133334285,2222987720127.211,-0.013988269399717567,0.014005510321672144,1.0,13.0,10.0,10.333333333333334,9.8,5.0,3.6666666666666665,0.1,0.0387006680132706,0.948027930299055,-0.011357455865124454,0.01349935661257074,1.0,3.1999999999999993
2026-01-20,100,226,7.0,2.0,0.07,0.02,0.08,0.04500992354226773,1974203687731.141,-0.03839658747066823,0.016773469134487257,0.0,6.0,13.0,9.666666666666666,9.2,0.0,3.3333333333333335,0.12,0.041246477133334285,1.2340941556240914,-0.013988269399717567,0.014005510321672144,1.0,-3.1999999999999993
2026-01-21,100,226,15.0,3.0,0.15,0.03,0.84,0.031040807272067938,2344764280133.2124,0.004963052169005143,0.016761137128848125,0.0,7.0,6.0,8.666666666666666,8.8,2.0,2.3333333333333335,0.08,0.04500992354226773,1.075031718295302,-0.03839658747066823,0.016773469134487257,0.0,-1.8000000000000007
2026-01-22,100,226,13.0,2.0,0.13,0.02,0.32,0.03780421120922292,2363243665285.306,0.002705668099959703,0.016637689359972774,0.0,15.0,7.0,9.333333333333334,10.2,3.0,1.6666666666666667,0.84,0.031040807272067938,1.2348380645222572,0.004963052169005143,0.016761137128848125,0.0,4.800000000000001
2026-01-23,100,227,13.0,4.0,0.13,0.04,0.39,0.04264542247984826,1975786659589.6128,-0.006819624277690976,0.01666167247435683,0.0,13.0,15.0,11.666666666666666,10.8,2.0,2.3333333333333335,0.32,0.03780421120922292,1.203222444954778,0.002705668099959703,0.016637689359972774,0.0,2.1999999999999993
2026-01-24,100,227,20.0,8.0,0.2,0.08,0.52,0.11346138041746642,2369984093077.7026,-0.0024051148711841377,0.01651528162681027,0.0,13.0,13.0,13.666666666666666,10.8,4.0,3.0,0.39,0.04264542247984826,0.9981870448218167,-0.006819624277690976,0.01666167247435683,0.0,2.1999999999999993
2026-01-25,100,227,23.0,11.0,0.23,0.11,0.08,0.10288895576708137,2613796850218.7686,-0.02417240517916451,0.01597571375884978,0.0,20.0,13.0,15.333333333333334,13.6,8.0,4.666666666666667,0.52,0.11346138041746642,1.1689616668283163,-0.0024051148711841377,0.01651528162681027,0.0,6.4
2026-01-26,100,227,24.0,9.0,0.24,0.09,0.7,0.05125060667516985,4401595066298.091,0.007551184446109404,0.016117299955694078,0.0,23.0,20.0,18.666666666666668,16.8,11.0,7.666666666666667,0.08,0.10288895576708137,1.2570851616390541,-0.02417240517916451,0.01597571375884978,0.0,6.199999999999999
2026-01-27,100,227,7.0,2.0,0.07,0.02,0.44,0.0409064114306076,2586807778472.861,0.0016437662145146119,0.015246273827644891,0.0,24.0,23.0,22.333333333333332,18.6,9.0,9.333333333333334,0.7,0.05125060667516985,2.0246222298162215,0.007551184446109404,0.016117299955694078,0.0,5.399999999999999
2026-01-28,100,227,7.0,4.0,0.07,0.04,0.22,0.05026231747044651,1695023612686.3193,-0.004699234975707277,0.015247759601695004,0.0,7.0,24.0,18.0,17.4,2.0,7.333333333333333,0.44,0.0409064114306076,1.1931091303706192,0.0016437662145146119,0.015246273827644891,0.0,-10.399999999999999
2026-01-29,100,227,8.0,2.0,0.08,0.02,0.07,0.055688892241665726,1685103278907.4744,-0.037831212652796306,0.017229094742457256,0.0,7.0,7.0,12.666666666666666,16.2,4.0,5.0,0.22,0.05026231747044651,0.8023038548753836,-0.004699234975707277,0.015247759601695004,0.0,-9.2
2026-01-30,100,228,10.0,6.0,0.1,0.06,0.4,0.061065520327113716,2509828177465.086,0.007398920313461283,0.01738419311274163,0.0,8.0,7.0,7.333333333333333,13.8,2.0,2.6666666666666665,0.07,0.055688892241665726,0.8076133137916798,-0.037831212652796306,0.017229094742457256,0.0,-5.800000000000001
2026-01-31,100,228,4.0,1.0,0.04,0.01,0.04,0.06131003822156939,2769582047256.2017,-0.06256724704912445,0.021810747569889002,0.0,10.0,8.0,8.333333333333334,11.2,6.0,4.0,0.4,0.061065520327113716,1.1786123496809444,0.007398920313461283,0.01738419311274163,0.0,-1.1999999999999993
2026-02-01,100,228,24.0,14.0,0.24,0.14,0.13,0.06266589800498347,3619758160451.305,-0.03636260581640138,0.02256081019736526,0.0,4.0,10.0,7.333333333333333,7.2,1.0,3.0,0.04,0.06131003822156939,1.251878679330119,-0.06256724704912445,0.021810747569889002,0.0,-3.2
2026-02-02,100,228,24.0,9.0,0.24,0.09,0.89,0.045197434761612997,5363272630790.607,0.031085818628047913,0.021726386236536045,0.0,24.0,4.0,12.666666666666666,10.6,14.0,7.0,0.13,0.06266589800498347,1.5490019086213065,-0.03636260581640138,0.02256081019736526,0.0,13.4
2026-02-03,100,228,15.0,4.0,0.15,0.04,0.13,0.051206795500909286,3083257409172.6255,-0.04470354897336699,0.02231851821716705,0.0,24.0,24.0,17.333333333333332,14.0,9.0,8.0,0.89,0.045197434761612997,2.130564739235909,0.031085818628047913,0.021726386236536045,0.0,10.0
2026-02-04,100,229,16.0,2.0,0.16,0.02,0.28,0.04513289412614228,2570533962118.8823,-0.03654575772370131,0.022964293866085735,0.0,15.0,24.0,21.0,15.4,4.0,9.0,0.13,0.051206795500909286,1.2048831108409965,-0.04470354897336699,0.02231851821716705,0.0,-0.40000000000000036
2026-02-05,100,229,4.0,1.0,0.04,0.01,0.02,0.050437568582870955,2160071734147.7996,-0.14916007884410165,0.03777838881980011,0.0,16.0,15.0,18.333333333333332,16.6,2.0,5.0,0.28,0.04513289412614228,1.0053516340573116,-0.03654575772370131,0.022964293866085735,0.0,-0.6000000000000014
2026-02-06,100,229,87.0,16.0,0.87,0.16,0.99,0.05269889526050302,5349203198329.709,0.12212619962464151,0.04946365314476279,0.0,4.0,16.0,11.666666666666666,16.6,1.0,2.3333333333333335,0.02,0.050437568582870955,0.842811156936699,-0.14916007884410165,0.03777838881980011,0.0,-12.600000000000001
2026-02-07,100,229,17.0,3.0,0.17,0.03,0.17,0.04705670193452046,5687450117582.815,-0.02286149650778808,0.04949112797953295,0.0,87.0,4.0,35.666666666666664,29.2,16.0,6.333333333333333,0.99,0.05269889526050302,1.9329850648781595,0.12212619962464151,0.04946365314476279,0.0,57.8
2026-02-08,100,229,14.0,3.0,0.14,0.03,0.29,0.038047219860735636,3165601378313.183,0.019015649905199165,0.05007871152714208,0.0,17.0,87.0,36.0,27.8,3.0,6.666666666666667,0.17,0.04705670193452046,1.9167006244873797,-0.02286149650778808,0.04949112797953295,0.0,-10.8
2026-02-09,100,229,9.0,3.0,0.09,0.03,0.3,0.05990679833863614,1758081324175.613,-0.010650567356257655,0.04973590934384331,0.0,14.0,17.0,39.333333333333336,27.6,3.0,7.333333333333333,0.29,0.038047219860735636,1.050144577086174,0.019015649905199165,0.05007871152714208,0.0,-13.600000000000001
2026-02-10,100,229,15.0,4.0,0.15,0.04,0.21,0.04149737985523406,1936383945480.0835,-0.013063435049953808,0.049573212909595016,0.0,9.0,14.0,13.333333333333334,26.2,3.0,3.0,0.3,0.05990679833863614,0.5853174552796063,-0.010650567356257655,0.04973590934384331,0.0,-17.2
2026-02-11,100,229,12.0,4.0,0.12,0.04,0.41,0.0835733389150179,1677579357462.121,-0.02951004491214793,0.04955888103616286,0.0,15.0,9.0,12.666666666666666,28.4,4.0,3.3333333333333335,0.21,0.04149737985523406,0.6490922823246367,-0.013063435049953808,0.049573212909595016,0.0,-13.399999999999999
2026-02-12,100,229,19.0,8.0,0.19,0.08,0.65,0.060989708931344096,2463200456067.668,-0.018708496027552188,0.04953160512994996,0.0,12.0,15.0,12.0,13.4,4.0,3.6666666666666665,0.41,0.0835733389150179,0.5688763350901752,-0.02951004491214793,0.04955888103616286,0.0,-1.4000000000000004
2026-02-13,100,229,16.0,4.0,0.16,0.04,0.85,0.03924131571100097,2533806325551.23,0.034912739524075004,0.05072823927988266,0.0,19.0,12.0,15.333333333333334,13.8,8.0,5.333333333333333,0.65,0.060989708931344096,0.8284383378762997,-0.018708496027552188,0.04953160512994996,0.0,5.199999999999999
2026-02-14,100,229,27.0,11.0,0.27,0.11,0.9,0.05403125372146338,2253806461162.3657,0.020272158996541736,0.051200710718955995,0.0,16.0,19.0,15.666666666666666,14.2,4.0,5.333333333333333,0.85,0.03924131571100097,0.8498437063867579,0.034912739524075004,0.05072823927988266,0.0,1.8000000000000007
2026-02-15,100,229,15.0,4.0,0.15,0.04,0.15,0.04228890850758867,2413390514689.5005,-0.007289508402132492,0.05102290929205446,0.0,27.0,16.0,20.666666666666668,17.8,11.0,7.666666666666667,0.9,0.05403125372146338,0.7605225235465697,0.020272158996541736,0.051200710718955995,0.0,9.2
2026-02-16,100,229,6.0,0.0,0.06,0.0,0.45,0.027975151675651542,3150154548842.942,-0.0015584647868555823,0.050983263492751146,0.0,15.0,27.0,19.333333333333332,17.8,4.0,6.333333333333333,0.15,0.04228890850758867,0.8426386614271295,-0.007289508402132492,0.05102290929205446,0.0,-2.8000000000000007
2026-02-17,100,230,7.0,1.0,0.07,0.01,0.19,0.027326626889127327,1605505079939.475,-0.018713602669419918,0.05097343985060474,0.0,6.0,15.0,16.0,16.6,0.0,5.0,0.45,0.027975151675651542,1.0891692355810525,-0.0015584647868555823,0.050983263492751146,0.0,-10.600000000000001
2026-02-18,100,230,9.0,3.0,0.09,0.03,0.1,0.0397710725779572,1641519027130.0615,-0.014415679788114784,0.050634481910869396,0.0,7.0,6.0,9.333333333333334,14.2,1.0,1.6666666666666667,0.19,0.027326626889127327,0.5559654512767706,-0.018713602669419918,0.05097343985060474,0.0,-7.199999999999999
2026-02-19,100,230,6.0,3.0,0.06,0.03,0.22,0.06934748620654002,1737454170705.4973,0.0022687229938952876,0.05054627404155841,0.0,9.0,7.0,7.333333333333333,12.8,3.0,1.3333333333333333,0.1,0.0397710725779572,0.5688658959760001,-0.014415679788114784,0.050634481910869396,0.0,-3.8000000000000007
2026-02-20,100,230,15.0,7.0,0.15,0.07,0.79,0.03904503473276115,1526321355217.8137,0.012256891383249665,0.049347473896140914,0.0,6.0,9.0,7.333333333333333,8.6,3.0,2.3333333333333335,0.22,0.06934748620654002,0.6102795977260357,0.0022687229938952876,0.05054627404155841,0.0,-2.5999999999999996
2026-02-21,100,231,11.0,1.0,0.11,0.01,0.31,0.034359554134206174,2148923883492.8027,-0.0007897986424118117,0.04891360729576594,0.0,15.0,6.0,10.0,8.6,7.0,4.333333333333333,0.79,0.03904503473276115,0.5480866604371458,0.012256891383249665,0.049347473896140914,0.0,6.4
2026-02-22,100,231,10.0,1.0,0.1,0.01,0.13,0.05286382773439744,1506206461684.894,-0.004450510533462835,0.048123056876599055,0.0,11.0,15.0,10.666666666666666,9.6,1.0,3.6666666666666665,0.31,0.034359554134206174,0.7925876993421954,-0.0007897986424118117,0.04891360729576594,0.0,1.4000000000000004
2026-02-23,100,231,8.0,4.0,0.08,0.04,0.11,0.0428792183681747,1389155341731.5208,-0.04300435847330632,0.048056447205361806,0.0,10.0,11.0,12.0,10.2,1.0,3.0,0.13,0.05286382773439744,0.5980753588467893,-0.004450510533462835,0.048123056876599055,0.0,-0.1999999999999993
2026-02-24,100,231,9.0,2.0,0.09,0.02,0.29,0.04525518907333275,1964821181179.2214,-0.01633582708700294,0.04763510428249973,0.0,8.0,10.0,9.666666666666666,10.0,4.0,2.0,0.11,0.0428792183681747,0.5707956574402875,-0.04300435847330632,0.048056447205361806,0.0,-2.0
2026-02-25,100,233,37.0,5.0,0.37,0.05,0.79,0.0647905281145275,2047794447676.814,0.043084934713057556,0.03521178005010723,0.0,9.0,8.0,9.0,10.6,2.0,2.3333333333333335,0.29,0.04525518907333275,0.817506528283344,-0.01633582708700294,0.04763510428249973,0.0,-1.5999999999999996
2026-02-26,100,233,11.0,4.0,0.11,0.04,0.22,0.05861724439394407,2716998139776.9355,-0.004995250578196242,0.021186074075445503,0.0,37.0,9.0,18.0,15.0,5.0,3.6666666666666665,0.79,0.0647905281145275,0.8540241621614314,0.043084934713057556,0.03521178005010723,0.0,22.0
2026-02-27,100,234,13.0,5.0,0.13,0.05,0.24,0.06229983918190234,1878218559674.3328,-0.013721349752026301,0.0208474688709935,0.0,11.0,37.0,19.0,15.0,4.0,3.6666666666666665,0.22,0.05861724439394407,1.1989184260026602,-0.004995250578196242,0.021186074075445503,0.0,-4.0
2026-02-28,100,234,11.0,4.0,0.11,0.04,0.5,0.046126550400714936,1808835065764.1184,0.01553603690899735,0.020665423853752408,0.0,13.0,11.0,20.333333333333332,15.6,5.0,4.666666666666667,0.24,0.06229983918190234,0.9048402217815035,-0.013721349752026301,0.0208474688709935,0.0,-2.5999999999999996
2026-03-01,100,234,11.0,7.0,0.11,0.07,0.16,0.04684796326603412,2484435529669.3706,-0.017796160250984266,0.0208574552039677,0.0,11.0,13.0,11.666666666666666,16.2,4.0,4.333333333333333,0.5,0.046126550400714936,0.9008556476776363,0.01553603690899735,0.020665423853752408,0.0,-5.199999999999999
2026-03-02,100,234,11.0,2.0,0.11,0.02,0.62,0.04239428234336478,1910428227820.3044,0.04700902154113872,0.023598697466176745,1.0,11.0,11.0,11.666666666666666,16.6,7.0,5.333333333333333,0.16,0.04684796326603412,1.2153431891972264,-0.017796160250984266,0.0208574552039677,0.0,-5.600000000000001
2026-03-03,100,234,4.0,1.0,0.04,0.01,0.3,0.035303145619637454,2175713643202.9946,-0.002450273644418942,0.022621342797549418,1.0,11.0,11.0,11.0,11.4,2.0,4.333333333333333,0.62,0.04239428234336478,0.9351423555013324,0.04700902154113872,0.023598697466176745,1.0,-0.40000000000000036
2026-03-04,100,234,8.0,3.0,0.08,0.03,0.61,0.051883025547124074,1683010325040.0364,0.0496094873290542,0.024628389977611954,1.0,4.0,11.0,8.666666666666666,10.0,1.0,3.3333333333333335,0.3,0.035303145619637454,1.052170145276562,-0.002450273644418942,0.022621342797549418,1.0,-6.0
2026-03-05,100,235,13.0,4.0,0.13,0.04,0.36,0.06396281925612982,2568816619405.455,-0.014308419458817997,0.0238197721916532,1.0,8.0,4.0,7.666666666666667,9.0,3.0,2.0,0.61,0.051883025547124074,0.8295493184323363,0.0496094873290542,0.024628389977611954,1.0,-1.0
2026-03-06,100,235,10.0,5.0,0.1,0.05,0.17,0.05905510960985729,1856375369089.9692,-0.030436282140297633,0.02440908938717103,1.0,13.0,8.0,8.333333333333334,9.4,4.0,2.6666666666666665,0.36,0.06396281925612982,1.2650683064897283,-0.014308419458817997,0.0238197721916532,1.0,3.5999999999999996
2026-03-07,100,235,15.0,6.0,0.15,0.06,0.2,0.0415828875965865,1615914246131.6716,-0.013770027918348754,0.024539292670240763,1.0,10.0,13.0,10.333333333333334,9.2,5.0,4.0,0.17,0.05905510960985729,0.9232465270260367,-0.030436282140297633,0.02440908938717103,1.0,0.8000000000000007
2026-03-08,100,235,8.0,2.0,0.08,0.02,0.24,0.03898972133585583,1153342884131.7488,-0.015616602926393374,0.02474607739807428,0.0,15.0,10.0,12.666666666666666,10.0,6.0,5.0,0.2,0.0415828875965865,0.8199155665311619,-0.013770027918348754,0.024539292670240763,1.0,5.0
2026-03-09,100,235,7.0,3.0,0.07,0.03,0.66,0.03548287620924327,1102000011530.5972,0.026026586329176926,0.02517905155979806,1.0,8.0,15.0,11.0,10.8,2.0,4.333333333333333,0.24,0.03898972133585583,0.616434724909265,-0.015616602926393374,0.02474607739807428,0.0,-2.8000000000000007
2026-03-10,100,235,13.0,2.0,0.13,0.02,0.68,0.031162824144287667,1192025436932.2556,0.019641534205992676,0.025291028584951237,1.0,7.0,8.0,10.0,10.6,3.0,3.6666666666666665,0.66,0.03548287620924327,0.5970265029393378,0.026026586329176926,0.02517905155979806,1.0,-3.5999999999999996
2026-03-11,100,235,5.0,0.0,0.05,0.0,0.45,0.03534495077747176,1440004951267.0747,0.003061206984298987,0.025292277377992296,1.0,13.0,7.0,9.333333333333334,10.6,2.0,2.3333333333333335,0.68,0.031162824144287667,0.6537594383918688,0.019641534205992676,0.025291028584951237,1.0,2.4000000000000004
2026-03-12,100,236,6.0,0.0,0.06,0.0,0.57,0.035186834115694454,1261428728909.1047,0.005019939757846436,0.025188275671384614,1.0,5.0,13.0,8.333333333333334,9.6,0.0,1.6666666666666667,0.45,0.03534495077747176,0.7962572081020834,0.003061206984298987,0.025292277377992296,1.0,-4.6
2026-03-13,100,236,7.0,2.0,0.07,0.02,0.54,0.04096915649132835,1048537539709.0397,0.011134127697330265,0.02527057053063416,1.0,6.0,5.0,8.0,7.8,0.0,0.6666666666666666,0.57,0.035186834115694454,0.7026587301245139,0.005019939757846436,0.025188275671384614,1.0,-1.7999999999999998
2026-03-14,100,236,7.0,2.0,0.07,0.02,0.46,0.026333799811424682,2294447225539.282,0.006939202684407535,0.025242034227363767,1.0,7.0,6.0,6.0,7.6,2.0,0.6666666666666666,0.54,0.04096915649132835,0.6025374384800805,0.011134127697330265,0.02527057053063416,1.0,-0.5999999999999996
2026-03-15,100,236,5.0,0.0,0.05,0.0,0.61,0.03025406462784486,1326648938471.5364,0.01706073794536357,0.022986526862449716,1.0,7.0,7.0,6.666666666666667,7.6,2.0,1.3333333333333333,0.46,0.026333799811424682,1.2892940335843348,0.006939202684407535,0.025242034227363767,1.0,-0.5999999999999996
2026-03-16,100,236,18.0,3.0,0.18,0.03,0.9,0.04113464337919539,1468800763783.6807,0.028739570039683218,0.022918345266067446,1.0,5.0,7.0,6.333333333333333,6.0,0.0,1.3333333333333333,0.61,0.03025406462784486,0.7467810389253737,0.01706073794536357,0.022986526862449716,1.0,-1.0
2026-03-17,100,236,6.0,1.0,0.06,0.01,0.22,0.03824452364374344,2966377690621.1245,-0.009549531647656968,0.021663762481911465,1.0,18.0,5.0,10.0,8.6,3.0,1.6666666666666667,0.9,0.04113464337919539,0.8385055247167243,0.028739570039683218,0.022918345266067446,1.0,9.4
2026-03-18,100,236,10.0,1.0,0.1,0.01,0.12,0.03842907659668255,2738512004279.9355,-0.02801887380054457,0.022823480693191487,1.0,6.0,18.0,9.666666666666666,8.6,1.0,1.3333333333333333,0.22,0.03824452364374344,1.6501713373826832,-0.009549531647656968,0.021663762481911465,1.0,-2.5999999999999996
2026-03-19,100,236,5.0,0.0,0.05,0.0,0.17,0.034856823063064424,2234783476324.8706,-0.018298476080148573,0.023034669075704502,1.0,10.0,6.0,11.333333333333334,9.2,1.0,1.6666666666666667,0.12,0.03842907659668255,1.5225004804741482,-0.02801887380054457,0.022823480693191487,1.0,0.8000000000000007
2026-03-20,100,237,6.0,0.0,0.06,0.0,0.73,0.02548656800049998,1447330624142.947,0.011805745736769322,0.022951095715810717,1.0,5.0,10.0,7.0,8.8,0.0,0.6666666666666666,0.17,0.034856823063064424,1.2302540556446782,-0.018298476080148573,0.023034669075704502,1.0,-3.8000000000000007
2026-03-21,100,237,7.0,1.0,0.07,0.01,0.15,0.031042678583738062,1140012259519.3774,-0.014653818478846463,0.02280584033831993,1.0,6.0,5.0,7.0,9.0,0.0,0.3333333333333333,0.73,0.02548656800049998,0.8047670329326831,0.011805745736769322,0.022951095715810717,1.0,-3.0
2026-03-22,100,237,4.0,0.0,0.04,0.0,0.1,0.03337188254273967,964809942364.2488,-0.01711387084349223,0.020857520615809855,0.0,7.0,6.0,6.0,6.8,1.0,0.3333333333333333,0.15,0.031042678583738062,0.6585001363015163,-0.014653818478846463,0.02280584033831993,1.0,0.20000000000000018
2026-03-23,100,237,6.0,1.0,0.06,0.01,0.76,0.031357992716589886,1301993253428.5913,0.031131294146962,0.021912121419198485,1.0,4.0,7.0,5.666666666666667,6.4,0.0,0.3333333333333333,0.1,0.03337188254273967,0.5729463563544199,-0.01711387084349223,0.020857520615809855,0.0,-2.4000000000000004
2026-03-24,100,237,8.0,0.0,0.08,0.0,0.54,0.0361714640324456,1719557411939.3918,-0.0009315767133150963,0.018889378064832586,1.0,6.0,4.0,5.666666666666667,5.6,1.0,0.6666666666666666,0.76,0.031357992716589886,0.7937731537540315,0.031131294146962,0.021912121419198485,1.0,0.40000000000000036
2026-03-25,100,237,11.0,3.0,0.11,0.03,0.6,0.03765809496860155,1354117062698.8398,0.012982532394267282,0.018794977607709346,1.0,8.0,6.0,6.0,6.2,0.0,0.3333333333333333,0.54,0.0361714640324456,1.0471786767146674,-0.0009315767133150963,0.018889378064832586,1.0,1.7999999999999998
2026-03-26,100,237,4.0,0.0,0.04,0.0,0.07,0.03814764492847135,1408292485068.2227,-0.025423003271493567,0.018378860209204196,0.0,11.0,8.0,8.333333333333334,7.2,3.0,1.3333333333333333,0.6,0.03765809496860155,0.8563039264342126,0.012982532394267282,0.018794977607709346,1.0,3.8
2026-03-27,100,238,2.0,1.0,0.02,0.01,0.11,0.03671168876877494,1315236677394.277,-0.027629303041753914,0.019226950856916804,0.0,4.0,11.0,7.666666666666667,6.6,0.0,1.0,0.07,0.03814764492847135,0.9033614506633991,-0.025423003271493567,0.018378860209204196,0.0,-2.5999999999999996
2026-03-28,100,238,7.0,2.0,0.07,0.02,0.3,0.03785737267034245,1194183297220.3806,-0.001228245843168307,0.018845148064560002,0.0,2.0,4.0,5.666666666666667,6.2,1.0,1.3333333333333333,0.11,0.03671168876877494,0.8518852450309436,-0.027629303041753914,0.019226950856916804,0.0,-4.2
2026-03-29,100,238,6.0,2.0,0.06,0.02,0.18,0.032086618294804164,833291452071.9954,-0.005127350084535659,0.017981950121676638,0.0,7.0,2.0,4.333333333333333,6.4,2.0,1.0,0.3,0.03785737267034245,0.7724567051907655,-0.001228245843168307,0.018845148064560002,0.0,0.5999999999999996
2026-03-30,100,238,8.0,1.0,0.08,0.01,0.72,0.04218137365555219,784589084828.631,0.010790455804240056,0.01757687108407812,0.0,6.0,7.0,5.0,6.0,2.0,1.6666666666666667,0.18,0.032086618294804164,0.5437395210031862,-0.005127350084535659,0.017981950121676638,0.0,0.0
2026-03-31,100,238,6.0,3.0,0.06,0.03,0.61,0.045956091215680776,1013291665294.6008,0.017651855445276362,0.01802795634014532,0.0,8.0,6.0,7.0,5.4,1.0,1.6666666666666667,0.72,0.04218137365555219,0.5188574252827041,0.010790455804240056,0.01757687108407812,0.0,2.5999999999999996
2026-04-01,100,239,9.0,3.0,0.09,0.03,0.55,0.04268986101666313,1395281593372.0544,-0.0014147015014256386,0.017996003562280153,0.0,6.0,8.0,6.666666666666667,5.8,3.0,2.0,0.61,0.045956091215680776,0.6796910753846354,0.017651855445276362,0.01802795634014532,0.0,0.20000000000000018
2026-04-02,100,239,9.0,3.0,0.09,0.03,0.15,0.04486962569123323,1363675915960.8718,-0.013727198937257825,0.01804083463428332,0.0,9.0,6.0,7.666666666666667,7.2,3.0,2.3333333333333335,0.55,0.04268986101666313,0.9317376917065623,-0.0014147015014256386,0.017996003562280153,0.0,1.7999999999999998
2026-04-03,100,239,10.0,4.0,0.1,0.04,0.51,0.05663338073500318,1461028965404.4004,-0.0007375683199673475,0.017937664908837622,0.0,9.0,9.0,8.0,7.6,3.0,3.0,0.15,0.04486962569123323,0.901150124220987,-0.013727198937257825,0.01804083463428332,0.0,1.4000000000000004
2026-04-04,100,239,12.0,5.0,0.12,0.05,0.44,0.041071402875045994,967861987098.9672,0.004897087732564497,0.017468724900296974,0.0,10.0,9.0,9.333333333333334,8.4,4.0,3.3333333333333335,0.51,0.05663338073500318,0.9928228938911915,-0.0007375683199673475,0.017937664908837622,0.0,1.5999999999999996
2026-04-05,100,239,6.0,0.0,0.06,0.0,0.34,0.03373707151075479,951992285024.6318,0.020743350398409105,0.016799797491692806,1.0,12.0,10.0,10.333333333333334,9.2,5.0,4.0,0.44,0.041071402875045994,0.6658143761210933,0.004897087732564497,0.017468724900296974,0.0,2.8000000000000007
2026-04-06,100,239,5.0,1.0,0.05,0.01,0.26,0.03517898521989637,1013822029231.6737,-0.0035060623492128916,0.01672415251167703,1.0,6.0,12.0,9.333333333333334,9.2,0.0,3.0,0.34,0.03373707151075479,0.6667495305001438,0.020743350398409105,0.016799797491692806,1.0,-3.1999999999999993
2026-04-07,100,239,22.0,7.0,0.22,0.07,0.86,0.03458533677361729,1535533361146.29,0.031558936462127554,0.017217661751621625,1.0,5.0,6.0,7.666666666666667,8.4,1.0,2.0,0.26,0.03517898521989637,0.7621672333009449,-0.0035060623492128916,0.01672415251167703,1.0,-3.4000000000000004
2026-04-08,100,239,4.0,2.0,0.04,0.02,0.13,0.04083424784388924,1830457483082.991,-0.01307281763930728,0.016953586739531512,1.0,22.0,5.0,11.0,11.0,7.0,2.6666666666666665,0.86,0.03458533677361729,1.209048788606527,0.031558936462127554,0.017217661751621625,1.0,11.0
2026-04-09,100,239,9.0,3.0,0.09,0.03,0.63,0.036468578918657533,1242930119466.49,0.007209782277896365,0.016827950320746868,1.0,4.0,22.0,10.333333333333334,9.8,2.0,3.3333333333333335,0.13,0.04083424784388924,1.4645792973857166,-0.01307281763930728,0.016953586739531512,1.0,-5.800000000000001
2026-04-10,100,239,8.0,4.0,0.08,0.04,0.61,0.029966940674769973,983032945442.6173,0.015632878754851587,0.0167436583400072,1.0,9.0,4.0,11.666666666666666,9.2,3.0,4.0,0.63,0.036468578918657533,1.0026881320475554,0.007209782277896365,0.016827950320746868,1.0,-0.1999999999999993
2026-04-11,100,239,6.0,0.0,0.06,0.0,0.36,0.031972089334237175,1268381880750.489,0.0023884737579595197,0.016119955469853533,1.0,8.0,9.0,7.0,9.6,4.0,3.0,0.61,0.029966940674769973,0.7980789792779571,0.015632878754851587,0.0167436583400072,1.0,-1.5999999999999996
2026-04-12,100,239,5.0,2.0,0.05,0.02,0.13,0.04183000690729482,945565405928.0173,-0.02676260104327415,0.01602093335646105,1.0,6.0,8.0,7.666666666666667,9.8,0.0,2.3333333333333335,0.36,0.031972089334237175,1.0172057574572675,0.0023884737579595197,0.016119955469853533,1.0,-3.8000000000000007
2026-04-13,100,239,13.0,1.0,0.13,0.01,0.84,0.05700236052445876,995866656005.3107,0.038110279515008214,0.018115535449248196,1.0,5.0,6.0,6.333333333333333,6.4,2.0,2.0,0.13,0.04183000690729482,0.7693114233928093,-0.02676260104327415,0.01602093335646105,1.0,-1.4000000000000004
2026-04-14,100,239,12.0,2.0,0.12,0.02,0.18,0.036172942599713445,1364416627462.734,0.0006281836141408404,0.017937078046952055,1.0,13.0,5.0,8.0,8.2,1.0,1.0,0.84,0.05700236052445876,0.8348131522575107,0.038110279515008214,0.018115535449248196,1.0,4.800000000000001
2026-04-15,100,240,11.0,5.0,0.11,0.05,0.81,0.05998565942275149,1518400251300.2097,0.005273895608510069,0.016783920956019997,1.0,12.0,13.0,10.0,8.8,2.0,1.6666666666666667,0.18,0.036172942599713445,1.1432669587916764,0.0006281836141408404,0.017937078046952055,1.0,3.1999999999999993
2026-04-16,100,241,19.0,2.0,0.19,0.02,0.77,0.06140230394350458,1375772643423.7056,0.0029470546284637643,0.015152328612303574,1.0,11.0,12.0,12.0,9.4,5.0,2.6666666666666665,0.81,0.05998565942275149,1.266450146331154,0.005273895608510069,0.016783920956019997,1.0,1.5999999999999996
2026-04-17,100,241,7.0,1.0,0.07,0.01,0.45,0.04746772027017458,1993459834412.502,0.026640928951722296,0.015852204158957363,1.0,19.0,11.0,14.0,12.0,2.0,3.0,0.77,0.06140230394350458,1.1445993136276351,0.0029470546284637643,0.015152328612303574,1.0,7.0
2026-04-18,100,242,13.0,3.0,0.13,0.03,0.12,0.04987132187961861,2062407657672.9854,-0.012363742402252735,0.01619849953982459,1.0,7.0,19.0,12.333333333333334,12.4,1.0,2.6666666666666665,0.45,0.04746772027017458,1.6051272181983969,0.026640928951722296,0.015852204158957363,1.0,-5.4
2026-04-19,100,242,8.0,2.0,0.08,0.02,0.07,0.047378212946308604,1481014852805.5898,-0.021179325344472363,0.017209796583062334,1.0,13.0,7.0,13.0,12.4,3.0,2.0,0.12,0.04987132187961861,1.5823430887021253,-0.012363742402252735,0.01619849953982459,1.0,0.5999999999999996
2026-04-20,100,242,6.0,0.0,0.06,0.0,0.76,0.028555341848911203,1316824116229.7573,0.021890974175823173,0.01741111369246172,1.0,8.0,13.0,9.333333333333334,11.6,2.0,2.0,0.07,0.047378212946308604,1.1067135770544727,-0.021179325344472363,0.017209796583062334,1.0,-3.5999999999999996
2026-04-21,100,243,7.0,1.0,0.07,0.01,0.49,0.0302892746608641,1311000624395.2268,0.005268211418200339,0.017360572546073958,1.0,6.0,8.0,9.0,10.6,0.0,1.6666666666666667,0.76,0.028555341848911203,0.9729846434046674,0.021890974175823173,0.01741111369246172,1.0,-4.6
2026-04-22,100,244,12.0,4.0,0.12,0.04,0.51,0.06681313313466383,1357612336373.861,0.024915025394844987,0.017364768555512326,1.0,7.0,6.0,7.0,8.2,1.0,1.0,0.49,0.0302892746608641,0.9717073510750722,0.005268211418200339,0.017360572546073958,1.0,-1.1999999999999993
2026-04-23,100,244,10.0,4.0,0.1,0.04,0.6,0.057646336655069574,2307284687636.498,0.004545266724189571,0.017288506358792338,1.0,12.0,7.0,8.333333333333334,9.2,4.0,1.6666666666666667,0.51,0.06681313313466383,1.0064818989630877,0.024915025394844987,0.017364768555512326,1.0,2.8000000000000007
2026-04-24,100,245,9.0,4.0,0.09,0.04,0.55,0.07491888394477926,2299562989828.3667,-0.008331512840711095,0.0176146448683082,1.0,10.0,12.0,9.666666666666666,8.6,4.0,3.0,0.6,0.057646336655069574,1.6585068462107817,0.004545266724189571,0.017288506358792338,1.0,1.4000000000000004
2026-04-25,100,245,13.0,5.0,0.13,0.05,0.25,0.07663809988169795,1734984420723.5974,0.0020159291129374767,0.01729155661214598,1.0,9.0,10.0,10.333333333333334,8.8,4.0,4.0,0.55,0.07491888394477926,1.577455852308474,-0.008331512840711095,0.0176146448683082,1.0,0.1999999999999993
2026-04-26,100,245,14.0,9.0,0.14,0.09,0.52,0.06069857231842183,2209974284176.1816,0.008254799382420182,0.017179860908122492,1.0,13.0,9.0,10.666666666666666,10.2,5.0,4.333333333333333,0.25,0.07663809988169795,1.1590388423238525,0.0020159291129374767,0.01729155661214598,1.0,2.8000000000000007
2026-04-27,100,245,10.0,3.0,0.1,0.03,0.18,0.04369006425232295,2280174968257.866,-0.011353912816238067,0.016455075191301512,1.0,14.0,13.0,12.0,11.6,9.0,6.0,0.52,0.06069857231842183,1.4196312632027743,0.008254799382420182,0.017179860908122492,1.0,2.4000000000000004
2026-04-28,100,247,10.0,3.0,0.1,0.03,0.39,0.04400048443791638,2266305573237.063,-0.01661933126282101,0.016662380242673736,1.0,10.0,14.0,12.333333333333334,11.2,3.0,5.666666666666667,0.18,0.04369006425232295,1.4305129037318673,-0.011353912816238067,0.016455075191301512,1.0,-1.1999999999999993
2026-04-29,100,247,10.0,0.0,0.1,0.0,0.25,0.036287591157578784,1435376783964.9292,-0.0002733167890829984,0.01665765816200097,1.0,10.0,10.0,11.333333333333334,11.2,3.0,5.0,0.39,0.04400048443791638,1.4026349840777692,-0.01661933126282101,0.016662380242673736,1.0,-1.1999999999999993
2026-04-30,100,248,5.0,3.0,0.05,0.03,0.27,0.05504814275379643,1543677744374.1577,0.0035560913469242237,0.016395550420290814,1.0,10.0,10.0,10.0,11.4,0.0,2.0,0.25,0.036287591157578784,0.8831071824679902,-0.0002733167890829984,0.01665765816200097,1.0,-1.4000000000000004
2026-05-01,100,249,10.0,1.0,0.1,0.01,0.54,0.038753975608390945,1396970914663.378,0.018602798851808548,0.01678711488233117,1.0,5.0,10.0,8.333333333333334,9.8,3.0,2.0,0.27,0.05504814275379643,0.9336365918191818,0.0035560913469242237,0.016395550420290814,1.0,-4.800000000000001
2026-05-02,100,249,8.0,1.0,0.08,0.01,0.63,0.04860041475488626,1185459481084.8276,0.005281550977018302,0.015224483883407268,1.0,10.0,5.0,8.333333333333334,9.0,1.0,1.3333333333333333,0.54,0.038753975608390945,0.8416335821399228,0.018602798851808548,0.01678711488233117,1.0,1.0
2026-05-03,100,249,7.0,2.0,0.07,0.02,0.27,0.036474720349757,1299942323322.9934,0.0002487658225747061,0.013079171751578429,1.0,8.0,10.0,7.666666666666667,8.6,1.0,1.6666666666666667,0.63,0.04860041475488626,0.7090800764806334,0.005281550977018302,0.015224483883407268,1.0,-0.5999999999999996
2026-05-04,100,249,7.0,2.0,0.07,0.02,0.56,0.038765963530181205,1155814295068.9316,0.01726159946538058,0.013444329773124666,1.0,7.0,8.0,8.333333333333334,8.0,2.0,1.3333333333333333,0.27,0.036474720349757,0.7705502763709977,0.0002487658225747061,0.013079171751578429,1.0,-1.0
2026-05-05,100,249,10.0,4.0,0.1,0.04,0.72,0.037463183165182046,1534235938774.2573,0.009263987308789955,0.013496402408814927,1.0,7.0,7.0,7.333333333333333,7.4,2.0,1.6666666666666667,0.56,0.038765963530181205,0.6893794457246293,0.01726159946538058,0.013444329773124666,1.0,-0.40000000000000036
2026-05-06,100,249,10.0,2.0,0.1,0.02,0.54,0.047308164206528995,1595702180073.7563,-0.002760145279786777,0.013580545890629932,1.0,10.0,7.0,8.0,8.4,4.0,2.6666666666666665,0.72,0.037463183165182046,0.9146551226763039,0.009263987308789955,0.013496402408814927,1.0,1.5999999999999996
2026-05-07,100,250,10.0,2.0,0.1,0.02,0.43,0.04762818578101447,1555081564203.3054,-0.01262606852862187,0.012918261116562219,1.0,10.0,10.0,9.0,8.4,2.0,2.6666666666666665,0.54,0.047308164206528995,0.9451032292963147,-0.002760145279786777,0.013580545890629932,1.0,1.5999999999999996
2026-05-08,100,251,21.0,10.0,0.21,0.1,0.95,0.05505771022338124,1614097607144.1694,0.002152123721955045,0.012482216534337596,1.0,10.0,10.0,10.0,8.8,2.0,2.6666666666666665,0.43,0.04762818578101447,0.933158834672686,-0.01262606852862187,0.012918261116562219,1.0,1.1999999999999993
2026-05-09,100,252,10.0,4.0,0.1,0.04,0.43,0.046582286567676524,1638181894589.114,0.006781860125266753,0.011188631343661373,1.0,21.0,10.0,13.666666666666666,11.6,10.0,4.666666666666667,0.95,0.05505771022338124,0.9817784202592404,0.002152123721955045,0.012482216534337596,1.0,9.4
2026-05-10,100,252,12.0,4.0,0.12,0.04,0.59,0.04880717674500843,1768260359584.6997,0.012356717940465124,0.01056780362917434,1.0,10.0,21.0,13.666666666666666,12.2,4.0,5.333333333333333,0.43,0.046582286567676524,0.9916876131782372,0.006781860125266753,0.011188631343661373,1.0,-2.1999999999999993
2026-05-11,100,252,6.0,0.0,0.06,0.0,0.34,0.03691824404728079,2152163917582.8333,-0.0028104854527010573,0.010647817297960611,1.0,12.0,10.0,14.333333333333334,12.6,4.0,6.0,0.59,0.04880717674500843,1.0560024773530874,0.012356717940465124,0.01056780362917434,1.0,-0.5999999999999996
2026-05-12,100,252,6.0,2.0,0.06,0.02,0.29,0.04844173305000233,1540271078178.158,-0.0074635632319662495,0.00954887283982283,1.0,6.0,12.0,9.333333333333334,11.8,0.0,2.6666666666666665,0.34,0.03691824404728079,1.253777883942152,-0.0028104854527010573,0.010647817297960611,1.0,-5.800000000000001
2026-05-13,100,253,6.0,1.0,0.06,0.01,0.13,0.035826266279341455,1464066528030.678,-0.011372962756842289,0.009929109830262907,1.0,6.0,6.0,8.0,11.0,2.0,2.0,0.29,0.04844173305000233,0.8925609117848998,-0.0074635632319662495,0.00954887283982283,1.0,-5.0
2026-05-14,100,254,4.0,0.0,0.04,0.0,0.64,0.03419269497537288,1553351156370.2476,0.01677770295794157,0.010319031012987465,1.0,6.0,6.0,6.0,8.0,1.0,1.0,0.13,0.035826266279341455,0.8696485135429778,-0.011372962756842289,0.009929109830262907,1.0,-2.0
2026-05-15,100,254,5.0,1.0,0.05,0.01,0.11,0.03783911927448186,1368141502644.2373,-0.017405795698656152,0.011181742672252543,1.0,4.0,6.0,5.333333333333333,6.8,0.0,1.0,0.64,0.03419269497537288,0.9435954124766904,0.01677770295794157,0.010319031012987465,1.0,-2.8
2026-05-16,100,255,5.0,1.0,0.05,0.01,0.13,0.033842828207789555,1390601506528.4175,-0.009237645495217514,0.011259422615537681,0.0,5.0,4.0,5.0,5.4,1.0,0.6666666666666666,0.11,0.03783911927448186,0.8404527401045213,-0.017405795698656152,0.011181742672252543,1.0,-0.40000000000000036
2026-05-17,100,255,3.0,1.0,0.03,0.01,0.12,0.03514246177369278,1050746854835.3671,-0.010362251460653752,0.011208778062891023,0.0,5.0,5.0,4.666666666666667,5.2,1.0,0.6666666666666666,0.13,0.033842828207789555,0.8763040405061063,-0.009237645495217514,0.011259422615537681,0.0,-0.20000000000000018
2026-05-18,100,255,7.0,2.0,0.07,0.02,0.44,0.04789158789569772,793564343717.9749,-0.010147070381059775,0.010787148673044398,0.0,3.0,5.0,4.333333333333333,4.6,1.0,1.0,0.12,0.03514246177369278,0.6888235110218593,-0.010362251460653752,0.011208778062891023,0.0,-1.5999999999999996
2026-05-19,100,256,4.0,0.0,0.04,0.0,0.17,0.03636637318868373,1165081383326.0632,0.001267477147493802,0.010787655095157708,0.0,7.0,3.0,5.0,4.8,2.0,1.3333333333333333,0.44,0.04789158789569772,0.5466127048863035,-0.010147070381059775,0.010787148673044398,0.0,2.2
2026-05-20,100,256,11.0,2.0,0.11,0.02,0.76,0.04162121818623722,734492657822.45,0.004149564409826129,0.010797407745012606,0.0,4.0,7.0,4.666666666666667,4.8,0.0,1.0,0.17,0.03636637318868373,0.8100571339450807,0.001267477147493802,0.010787655095157708,0.0,-0.7999999999999998
2026-05-21,100,256,17.0,3.0,0.17,0.03,0.8,0.051314734993866386,875462358492.0305,0.0018252303987749733,0.009933983773965947,0.0,11.0,4.0,7.333333333333333,6.0,2.0,1.3333333333333333,0.76,0.04162121818623722,0.52545906499699,0.004149564409826129,0.010797407745012606,0.0,5.0
2026-05-22,100,256,13.0,3.0,0.13,0.03,0.13,0.05103744472398045,1111480662337.7732,-0.01583340518205045,0.01041534131372637,0.0,17.0,11.0,10.666666666666666,8.4,3.0,1.6666666666666667,0.8,0.051314734993866386,0.6382149280857741,0.0018252303987749733,0.009933983773965947,0.0,8.6
2026-05-23,100,256,7.0,1.0,0.07,0.01,0.82,0.03149949206719873,1326196847228.7986,0.013311971672715589,0.010921280366226568,0.0,13.0,17.0,13.666666666666666,10.4,3.0,2.6666666666666665,0.13,0.05103744472398045,0.8124638864025506,-0.01583340518205045,0.01041534131372637,0.0,2.5999999999999996
2026-05-24,100,256,8.0,1.0,0.08,0.01,0.19,0.03198724313334441,1452085199073.8687,0.004447347178278577,0.010158642890620132,0.0,7.0,13.0,12.333333333333334,10.4,1.0,2.3333333333333335,0.82,0.03149949206719873,0.9684865863008567,0.013311971672715589,0.010921280366226568,0.0,-3.4000000000000004
2026-05-25,100,256,12.0,1.0,0.12,0.01,0.5,0.04231661240493011,970358342188.6205,-0.004255842999420356,0.009858161793696515,0.0,8.0,7.0,9.333333333333334,11.2,1.0,1.6666666666666667,0.19,0.03198724313334441,1.0490707441631095,0.004447347178278577,0.010158642890620132,0.0,-3.1999999999999993
2026-05-26,100,256,8.0,1.0,0.08,0.01,0.19,0.04144522106827186,982780436371.2738,-0.021697520148340727,0.010793966604118133,0.0,12.0,8.0,9.0,11.4,1.0,1.0,0.5,0.04231661240493011,0.7156196476071309,-0.004255842999420356,0.009858161793696515,0.0,0.5999999999999996
2026-05-27,100,256,9.0,2.0,0.09,0.02,0.16,0.039353030342032226,1250963475873.1887,-0.02591439490889812,0.011781060606535543,0.0,8.0,12.0,9.333333333333334,9.6,1.0,1.0,0.19,0.04144522106827186,0.7415401426554564,-0.021697520148340727,0.010793966604118133,0.0,-1.5999999999999996
2026-05-28,100,256,8.0,3.0,0.08,0.03,0.22,0.052130752373749416,1343188821717.434,-0.009944397452848149,0.01177685421665208,0.0,9.0,8.0,9.666666666666666,8.8,2.0,1.3333333333333333,0.16,0.039353030342032226,0.9548483750615472,-0.02591439490889812,0.011781060606535543,0.0,0.1999999999999993
2026-05-29,100,256,10.0,2.0,0.1,0.02,0.48,0.04430731179968592,1591724689789.6907,0.002991878137966343,0.01161898710341869,0.0,8.0,9.0,8.333333333333334,9.0,3.0,2.0,0.22,0.052130752373749416,1.035953928207252,-0.009944397452848149,0.01177685421665208,0.0,-1.0
2026-05-30,100,257,14.0,2.0,0.14,0.02,0.59,0.03589791811174525,1471041773888.751,0.005582330745287985,0.011193721433965515,0.0,10.0,8.0,9.0,9.4,2.0,2.3333333333333335,0.48,0.04430731179968592,1.2298441484768814,0.002991878137966343,0.01161898710341869,0.0,0.5999999999999996
2026-05-31,100,257,9.0,1.0,0.09,0.01,0.32,0.04332576155599851,1559963023855.3303,-0.008758617163708779,0.01121694544278721,0.0,14.0,10.0,10.666666666666666,9.8,2.0,2.3333333333333335,0.59,0.03589791811174525,1.1498009756258942,0.005582330745287985,0.011193721433965515,0.0,4.199999999999999
2026-06-01,100,257,8.0,1.0,0.08,0.01,0.24,0.050765868919382305,1389720441955.9172,-0.04050698427981754,0.013734168113605668,0.0,9.0,14.0,11.0,10.0,1.0,1.6666666666666667,0.32,0.04332576155599851,1.2481919660550107,-0.008758617163708779,0.01121694544278721,0.0,-1.0
2026-06-02,100,257,13.0,4.0,0.13,0.04,0.16,0.0568391282964672,1888648350117.0896,-0.05304348325777421,0.01719618351848954,0.0,8.0,9.0,10.333333333333334,9.8,1.0,1.3333333333333333,0.24,0.050765868919382305,1.1187118296562806,-0.04050698427981754,0.013734168113605668,0.0,-1.8000000000000007
2026-06-03,100,257,20.0,3.0,0.2,0.03,0.52,0.07121191621211596,2230188950063.9595,-0.03847898748974029,0.017302659224353003,0.0,13.0,8.0,10.0,10.8,4.0,2.0,0.16,0.0568391282964672,1.4947991352471337,-0.05304348325777421,0.01719618351848954,0.0,2.1999999999999993
2026-06-04,100,257,3.0,1.0,0.03,0.01,0.09,0.05949130377612313,2001023048251.6921,0.004975395751029525,0.017628136328849266,0.0,20.0,13.0,13.666666666666666,12.8,3.0,2.6666666666666665,0.52,0.07121191621211596,1.7190718034519583,-0.03847898748974029,0.017302659224353003,0.0,7.199999999999999
2026-06-05,100,257,5.0,1.0,0.05,0.01,0.13,0.05411715669473926,2180737816418.5786,-0.02658957958501206,0.01798704537338736,0.0,3.0,20.0,12.0,10.6,1.0,2.6666666666666665,0.09,0.05949130377612313,1.5056995909911588,0.004975395751029525,0.017628136328849266,0.0,-7.6
2026-06-06,100,258,6.0,0.0,0.06,0.0,0.2,0.04592640019532577,2271744046590.658,-0.00474241026783483,0.018047068869606043,0.0,5.0,3.0,9.333333333333334,9.8,1.0,1.6666666666666667,0.13,0.05411715669473926,1.5935562154622112,-0.02658957958501206,0.01798704537338736,0.0,-4.800000000000001
2026-06-07,100,258,13.0,2.0,0.13,0.02,0.76,0.03655205909859501,1274130924088.597,0.030535911543741277,0.02030753734499961,0.0,6.0,5.0,4.666666666666667,9.4,0.0,0.6666666666666666,0.2,0.04592640019532577,1.5891630325925712,-0.00474241026783483,0.018047068869606043,0.0,-3.4000000000000004
2026-06-08,100,258,12.0,4.0,0.12,0.04,0.39,0.04420679990163455,1325024441380.823,-0.0073622545417193095,0.0201683406882456,0.0,13.0,6.0,8.0,9.4,2.0,1.0,0.76,0.03655205909859501,0.876564509916162,0.030535911543741277,0.02030753734499961,0.0,3.5999999999999996
2026-06-09,100,258,9.0,4.0,0.09,0.04,0.18,0.07003541655181847,1190093708241.6006,-0.02322767747579469,0.020124656303807546,0.0,12.0,13.0,10.333333333333334,7.8,4.0,2.0,0.39,0.04420679990163455,0.906589868249063,-0.0073622545417193095,0.0201683406882456,0.0,4.2
2026-06-10,100,258,17.0,7.0,0.17,0.07,0.22,0.08072560907539637,1376853668129.4517,0.0004968783182440513,0.020082825563436137,0.0,9.0,12.0,11.333333333333334,9.0,4.0,3.3333333333333335,0.18,0.07003541655181847,0.8017727983025092,-0.02322767747579469,0.020124656303807546,0.0,0.0
2026-06-11,100,258,21.0,2.0,0.21,0.02,0.86,0.05222744565054775,1298417034172.4329,0.032113436165405226,0.02221191756821949,0.0,17.0,9.0,12.666666666666666,11.4,7.0,5.0,0.22,0.08072560907539637,0.9121876304294096,0.0004968783182440513,0.020082825563436137,0.0,5.6
2026-06-12,100,258,9.0,3.0,0.09,0.03,0.32,0.04527326819977654,1051237291852.8452,0.004236852287888435,0.02183225880265634,0.0,21.0,17.0,15.666666666666666,14.4,2.0,4.333333333333333,0.86,0.05222744565054775,0.8549280318186031,0.032113436165405226,0.02221191756821949,0.0,6.6
2026-06-13,100,258,15.0,3.0,0.15,0.03,0.76,0.05230034767756517,1052591757434.9972,0.014945705685474878,0.022292856099524208,0.0,9.0,21.0,15.666666666666666,13.6,3.0,4.0,0.32,0.04527326819977654,0.6984982686491249,0.004236852287888435,0.02183225880265634,0.0,-4.6
2026-06-14,100,258,9.0,2.0,0.09,0.02,0.65,0.03528262287024095,940617183227.0237,0.017441267889241243,0.02302277232092431,0.0,15.0,9.0,15.0,14.2,3.0,2.6666666666666665,0.76,0.05230034767756517,0.7088056873603279,0.014945705685474878,0.022292856099524208,0.0,0.8000000000000007
2026-06-15,100,258,10.0,2.0,0.1,0.02,0.34,0.04381790606449683,1058379054670.0645,0.0040044726464088685,0.02289658539752962,1.0,9.0,15.0,11.0,14.2,2.0,2.6666666666666665,0.65,0.03528262287024095,0.6340379379251992,0.017441267889241243,0.02302277232092431,0.0,-5.199999999999999
2026-06-16,100,258,10.0,1.0,0.1,0.01,0.32,0.0387593981479325,1656272616469.631,-0.009514128457378439,0.022437254784189963,0.0,10.0,9.0,11.333333333333334,12.8,2.0,2.3333333333333335,0.34,0.04381790606449683,0.7116040840044012,0.0040044726464088685,0.02289658539752962,1.0,-2.8000000000000007
2026-06-17,100,259,10.0,3.0,0.1,0.03,0.35,0.04982211139084722,1340392112219.5068,-0.014561381331917199,0.022511807562786725,0.0,10.0,10.0,9.666666666666666,10.6,1.0,1.6666666666666667,0.32,0.0387593981479325,1.098630050179242,-0.009514128457378439,0.022437254784189963,0.0,-0.5999999999999996
2026-06-18,100,259,7.0,1.0,0.07,0.01,0.22,0.039991530020823965,1310010387779.5276,-0.023215597782459685,0.02275458142061333,0.0,10.0,10.0,10.0,10.8,3.0,2.0,0.35,0.04982211139084722,0.8891843299155551,-0.014561381331917199,0.022511807562786725,0.0,-0.8000000000000007
2026-06-19,100,259,4.0,2.0,0.04,0.02,0.35,0.037395329815279696,1201657966284.9592,0.011659559581657982,0.022967979861672507,0.0,7.0,10.0,9.0,9.2,1.0,1.6666666666666667,0.22,0.039991530020823965,0.8772267346403245,-0.023215597782459685,0.02275458142061333,0.0,-2.1999999999999993
2026-06-20,100,260,6.0,3.0,0.06,0.03,0.46,0.044053415346735604,1138026009978.6987,0.012296360068967414,0.02333758008154539,1.0,4.0,7.0,7.0,8.2,2.0,2.0,0.35,0.037395329815279696,0.8119940475536862,0.011659559581657982,0.022967979861672507,0.0,-4.199999999999999
2026-06-21,100,260,7.0,2.0,0.07,0.02,0.16,0.03305904770280926,1105249330801.6533,-0.019680321303907216,0.022122943110397156,0.0,6.0,4.0,5.666666666666667,7.4,3.0,2.0,0.46,0.044053415346735604,0.7801172921459256,0.012296360068967414,0.02333758008154539,1.0,-1.4000000000000004
2026-06-22,100,260,13.0,2.0,0.13,0.02,0.47,0.042043636397977494,1034532392547.2997,0.012966568007230813,0.019214435485787665,1.0,7.0,6.0,5.666666666666667,6.8,2.0,2.3333333333333335,0.16,0.03305904770280926,0.7651088704003787,-0.019680321303907216,0.022122943110397156,0.0,0.20000000000000018
2026-06-23,100,260,5.0,1.0,0.05,0.01,0.16,0.041100339333256075,1117367400691.282,-0.022498725391970304,0.017862287344333164,0.0,13.0,7.0,8.666666666666666,7.4,2.0,2.3333333333333335,0.47,0.042043636397977494,0.7379717946802398,0.012966568007230813,0.019214435485787665,1.0,5.6
2026-06-24,100,261,10.0,4.0,0.1,0.04,0.18,0.05685313563658232,1215116686406.4258,-0.020388469309422157,0.018362470909865654,0.0,5.0,13.0,8.333333333333334,7.0,1.0,1.6666666666666667,0.16,0.041100339333256075,0.8300048549013765,-0.022498725391970304,0.017862287344333164,0.0,-2.0
2026-06-25,100,261,12.0,3.0,0.12,0.03,0.23,0.05508537943470344,1217366411516.0315,-0.01845555535443338,0.01786204960404009,0.0,10.0,5.0,9.333333333333334,8.2,4.0,2.3333333333333335,0.18,0.05685313563658232,0.9297541371905856,-0.020388469309422157,0.018362470909865654,0.0,1.8000000000000007
2026-06-26,100,261,18.0,7.0,0.18,0.07,0.5,0.07798084716753201,1443003159575.2134,0.00302106736048895,0.017864170431161685,0.0,12.0,10.0,9.0,9.4,3.0,2.6666666666666665,0.23,0.05508537943470344,0.9671201767698083,-0.01845555535443338,0.01786204960404009,0.0,2.5999999999999996
2026-06-27,100,261,18.0,9.0,0.18,0.09,0.39,0.057276218938555626,1458186564139.7996,-0.00023037809535323192,0.016282060334509643,0.0,18.0,12.0,13.333333333333334,11.6,7.0,4.666666666666667,0.5,0.07798084716753201,1.1853963979714386,0.00302106736048895,0.017864170431161685,0.0,6.4
2026-06-28,100,261,19.0,5.0,0.19,0.05,0.29,0.057101184618113095,1127014448424.1553,-0.010145206330988327,0.016339411757626085,0.0,18.0,18.0,16.0,12.6,9.0,6.333333333333333,0.39,0.057276218938555626,1.188881429416307,-0.00023037809535323192,0.016282060334509643,0.0,5.4
2026-06-29,100,261,16.0,7.0,0.16,0.07,0.57,0.049019547037578284,961830820487.7002,0.00972819672275056,0.015784687509176352,0.0,19.0,18.0,18.333333333333332,15.4,5.0,7.0,0.29,0.057101184618113095,0.9263493404988316,-0.010145206330988327,0.016339411757626085,0.0,3.5999999999999996
2026-06-30,100,261,8.0,4.0,0.08,0.04,0.08,0.06768138680663716,1082977576680.7303,-0.020134164258451766,0.016359886721768628,0.0,16.0,19.0,17.666666666666668,16.6,7.0,7.0,0.57,0.049019547037578284,0.7980633425636436,0.00972819672275056,0.015784687509176352,0.0,-0.6000000000000014
2026-07-01,100,262,15.0,5.0,0.15,0.05,0.56,0.0847288286466968,1122602066119.4612,0.02024392048997186,0.01524113860146284,0.0,8.0,16.0,14.333333333333334,15.8,4.0,5.333333333333333,0.08,0.06768138680663716,0.9096735643472168,-0.020134164258451766,0.016359886721768628,0.0,-7.800000000000001
2026-07-02,100,262,21.0,4.0,0.21,0.04,0.75,0.04167859193641391,1077588208939.9591,0.019928294148355914,0.015987144421158946,0.0,15.0,8.0,13.0,15.2,5.0,5.333333333333333,0.56,0.0847288286466968,0.9499717212127627,0.02024392048997186,0.01524113860146284,0.0,-0.1999999999999993
2026-07-03,100,262,18.0,5.0,0.18,0.05,0.77,0.062204128003609,1346089577461.7815,0.015341637636445749,0.016008979586100557,1.0,21.0,15.0,14.666666666666666,15.8,4.0,4.333333333333333,0.75,0.04167859193641391,0.9108644016147512,0.019928294148355914,0.015987144421158946,0.0,5.199999999999999
2026-07-04,100,262,7.0,2.0,0.07,0.02,0.43,0.04467926558542035,977266536862.5453,0.009017669174283626,0.015586627300060728,1.0,18.0,21.0,18.0,15.6,5.0,4.666666666666667,0.77,0.062204128003609,1.1238823115528216,0.015341637636445749,0.016008979586100557,1.0,2.4000000000000004
2026-07-05,100,262,7.0,2.0,0.07,0.02,0.31,0.046746902026405614,885931111577.7545,0.004504653688323916,0.015597218375931225,1.0,7.0,18.0,15.333333333333334,13.8,2.0,3.6666666666666665,0.43,0.04467926558542035,0.8146966909861816,0.009017669174283626,0.015586627300060728,1.0,-6.800000000000001
2026-07-06,100,262,6.0,1.0,0.06,0.01,0.33,0.03137057339162007,777631529902.0533,0.0038390966865461756,0.015544610829910013,1.0,7.0,7.0,10.666666666666666,13.6,2.0,3.0,0.31,0.046746902026405614,0.743902264177947,0.004504653688323916,0.015597218375931225,1.0,-6.6
2026-07-07,100,262,4.0,3.0,0.04,0.03,0.11,0.04032763946434978,874966039544.7142,-0.011709269632414252,0.015429573578931833,1.0,6.0,7.0,6.666666666666667,11.8,1.0,1.6666666666666667,0.33,0.03137057339162007,0.6779746674665461,0.0038390966865461756,0.015544610829910013,1.0,-5.800000000000001
2026-07-08,100,263,5.0,1.0,0.05,0.01,0.17,0.0381070583875049,795431653333.26,-0.021348880176908162,0.015294414174928895,0.0,4.0,6.0,5.666666666666667,8.4,3.0,2.0,0.11,0.04032763946434978,0.7786330097478795,-0.011709269632414252,0.015429573578931833,1.0,-4.4
2026-07-09,100,263,4.0,2.0,0.04,0.02,0.67,0.028238096642802187,826959412841.9783,0.014954827563768218,0.015456025334105412,1.0,5.0,4.0,5.0,5.8,1.0,1.6666666666666667,0.17,0.0381070583875049,0.7244422697513201,-0.021348880176908162,0.015294414174928895,0.0,-0.7999999999999998
2026-07-10,100,263,10.0,2.0,0.1,0.02,0.69,0.04430293350021519,544524359102.9394,0.014744919439417139,0.015575603046222604,1.0,4.0,5.0,4.333333333333333,5.2,2.0,2.0,0.67,0.028238096642802187,0.7662304068060442,0.014954827563768218,0.015456025334105412,1.0,-1.2000000000000002
2026-07-11,100,263,3.0,0.0,0.03,0.0,0.2,0.02609548089388482,660906690283.3691,-0.005153354793438977,0.014976750937455797,1.0,10.0,4.0,6.333333333333333,5.8,2.0,1.6666666666666667,0.69,0.04430293350021519,0.5188012764696636,0.014744919439417139,0.015575603046222604,1.0,4.2
2026-07-12,100,263,6.0,2.0,0.06,0.02,0.28,0.03129094887512906,598005289531.9677,-0.002344543704171757,0.014662316365654909,1.0,3.0,10.0,5.666666666666667,5.2,0.0,1.3333333333333333,0.2,0.02609548089388482,0.6433029418091504,-0.005153354793438977,0.014976750937455797,1.0,-2.2
2026-07-13,100,263,7.0,1.0,0.07,0.01,0.17,0.038466880215696185,613483173565.9655,-0.02835524904269928,0.015167128624921995,0.0,6.0,3.0,6.333333333333333,5.6,2.0,1.3333333333333333,0.28,0.03129094887512906,0.5947116117889754,-0.002344543704171757,0.014662316365654909,1.0,0.40000000000000036
2026-07-14,100,263,6.0,5.0,0.06,0.05,0.57,0.05823538733845078,812106960730.2478,0.03319599206074913,0.016281149064866225,1.0,7.0,6.0,5.333333333333333,6.0,1.0,1.0,0.17,0.038466880215696185,0.6257835335148589,-0.02835524904269928,0.015167128624921995,0.0,1.0
2026-07-15,100,264,9.0,3.0,0.09,0.03,0.44,0.04269936262781334,864221325035.2593,-0.003504835848988937,0.015645961537023443,1.0,6.0,7.0,6.333333333333333,6.4,5.0,2.6666666666666665,0.57,0.05823538733845078,0.8457742043295551,0.03319599206074913,0.016281149064866225,1.0,-0.40000000000000036
2026-07-16,100,264,6.0,1.0,0.06,0.01,0.16,0.028902375727963548,772556561588.9564,-0.012492295375091627,0.015988080669482558,1.0,9.0,6.0,7.333333333333333,6.2,3.0,3.0,0.44,0.04269936262781334,0.9169103640068405,-0.003504835848988937,0.015645961537023443,1.0,2.8
2026-07-17,100,264,7.0,2.0,0.07,0.02,0.4,0.04285423213954653,646652755806.1807,0.0037291077961378633,0.015989987820208384,1.0,6.0,9.0,7.0,6.8,1.0,3.0,0.16,0.028902375727963548,0.8498841223312757,-0.012492295375091627,0.015988080669482558,1.0,-0.7999999999999998
2026-07-18,100,264,10.0,2.0,0.1,0.02,0.37,0.06540697745052841,618364499943.9384,0.01248797744796565,0.015908093425335147,1.0,7.0,6.0,7.333333333333333,7.0,2.0,2.0,0.4,0.04285423213954653,0.7446165107880843,0.0037291077961378633,0.015989987820208384,1.0,0.0
2026-07-19,100,264,13.0,6.0,0.13,0.06,0.23,0.03421840059568134,744228345572.2091,-0.004324149518505704,0.015897878331700154,1.0,10.0,7.0,7.666666666666667,7.6,2.0,1.6666666666666667,0.37,0.06540697745052841,0.7335242865363099,0.01248797744796565,0.015908093425335147,1.0,2.4000000000000004
2026-07-20,100,264,5.0,0.0,0.05,0.0,0.45,0.033908325866877996,660338679026.8181,0.0018599964379387298,0.01501272082400513,1.0,13.0,10.0,10.0,9.0,6.0,3.3333333333333335,0.23,0.03421840059568134,0.8943711923602821,-0.004324149518505704,0.015897878331700154,1.0,4.0
2026-07-21,100,264,8.0,2.0,0.08,0.02,0.67,0.035132332828472924,629038726050.3054,0.02026569745958314,0.015014020437487476,1.0,5.0,13.0,9.333333333333334,8.2,0.0,2.6666666666666665,0.45,0.033908325866877996,0.8142350077911877,0.0018599964379387298,0.01501272082400513,1.0,-3.1999999999999993
2026-07-22,100,264,9.0,5.0,0.09,0.05,0.38,0.03974563561172598,799374483987.3545,-0.006637203925295845,0.014629344792823573,1.0,8.0,5.0,8.666666666666666,8.6,2.0,2.6666666666666665,0.67,0.035132332828472924,0.7999835543963625,0.02026569745958314,0.015014020437487476,1.0,-0.5999999999999996
2026-07-23,100,264,12.0,4.0,0.12,0.04,0.26,0.03788335257755978,747204712101.364,-0.01256868787268526,0.014611194739917647,1.0,9.0,8.0,7.333333333333333,9.0,5.0,2.3333333333333335,0.38,0.03974563561172598,1.0349177404504655,-0.006637203925295845,0.014629344792823573,1.0,0.0
2026-07-24,100,265,7.0,2.0,0.07,0.02,0.29,0.039164310724456496,738917786548.3796,-0.014067930163877097,0.01481402720277699,0.0,12.0,9.0,9.666666666666666,9.4,4.0,3.6666666666666665,0.26,0.03788335257755978,1.0063910137486818,-0.01256868787268526,0.014611194739917647,1.0,2.5999999999999996
2026-07-25,100,265,6.0,2.0,0.06,0.02,0.44,0.03267623937270332,720268791876.1117,0.0021780366976797898,0.014780547259674183,0.0,7.0,12.0,9.333333333333334,8.2,2.0,3.6666666666666665,0.29,0.039164310724456496,1.0114648841498197,-0.014067930163877097,0.01481402720277699,0.0,-1.1999999999999993
