rule,date,market,regime,gross,net,outcome,hold_h,low_excursion
baseline,2024-04-03,KRW-BTC,bull_volatile,0.004674502618346121,0.0031745026183461213,eod,24.0,-0.014273369910361988
baseline,2024-04-04,KRW-BTC,bull_volatile,0.029626328988000328,0.028126328988000326,eod,24.0,-0.00936768149882905
baseline,2024-04-05,KRW-BTC,bull_volatile,-0.010568656041027746,-0.012068656041027746,eod,24.0,-0.026597616773090693
baseline,2024-04-06,KRW-BTC,bull_volatile,0.006484728363063574,0.004984728363063575,eod,24.0,-0.006505056665142006
baseline,2024-04-07,KRW-BTC,bull_volatile,0.0037272727272728012,0.002227272727272801,eod,24.0,-0.0002424242424242662
baseline,2024-04-08,KRW-BTC,bull_volatile,0.027493483883303638,0.025993483883303636,eod,24.0,-0.0027070816854350976
baseline,2024-04-09,KRW-BTC,bull_volatile,-0.03,-0.0315,sl,15.0,-0.031406173444390006
baseline,2024-04-10,KRW-BTC,bull_volatile,0.011980806566809887,0.010480806566809888,eod,24.0,-0.01805671518675367
baseline,2024-04-11,KRW-BTC,bull_volatile,-0.0005964155425890461,-0.002096415542589046,eod,24.0,-0.0056659476545958265
baseline,2024-04-12,KRW-BTC,bull_volatile,-0.007618706610172832,-0.009118706610172831,eod,24.0,-0.01548606552485532
baseline,2024-04-13,KRW-BTC,bull_volatile,-0.03,-0.0315,sl,2.0,-0.03290681920818905
baseline,2024-04-14,KRW-BTC,bull_volatile,0.018662519440124425,0.017162519440124424,eod,24.0,-0.01924958544900246
baseline,2024-04-15,KRW-BTC,bull_volatile,-0.03,-0.0315,sl,19.25,-0.03263890994733698
baseline,2024-04-16,KRW-BTC,bull_volatile,-0.03,-0.0315,sl,10.75,-0.03138920542836421
baseline,2024-04-17,KRW-BTC,bull_volatile,-0.03,-0.0315,sl,14.5,-0.03657018525685951
baseline,2024-04-18,KRW-BTC,bull_volatile,0.020964796202933123,0.01946479620293312,eod,24.0,-0.015737267467929472
baseline,2024-04-19,KRW-BTC,bull_volatile,-0.03,-0.0315,sl,2.0,-0.0309234195648449
baseline,2024-04-20,KRW-BTC,bull_volatile,0.015151515151515138,0.013651515151515138,eod,24.0,-0.008298533033515354
baseline,2024-04-21,KRW-BTC,bull_quiet,0.0002952340784478924,-0.0012047659215521076,eod,24.0,-0.0055672711935892405
baseline,2024-04-22,KRW-BTC,bull_quiet,0.02403304148096641,0.02253304148096641,eod,24.0,-0.0030449579079347977
baseline,2024-04-23,KRW-BTC,bull_quiet,-0.012279023848455917,-0.013779023848455916,eod,24.0,-0.020495891566141178
baseline,2024-04-24,KRW-BTC,bull_quiet,-0.03,-0.0315,sl,19.25,-0.03196594185550272
baseline,2024-04-25,KRW-BTC,bull_quiet,-0.00828699743370398,-0.00978699743370398,eod,24.0,-0.02466852010265186
baseline,2024-04-26,KRW-BTC,bull_quiet,-0.008732118023738411,-0.01023211802373841,eod,24.0,-0.013971388837981435
baseline,2024-04-27,KRW-BTC,bull_quiet,-0.004958947311184847,-0.006458947311184847,eod,24.0,-0.018084932847588497
baseline,2024-04-28,KRW-BTC,bull_quiet,-0.010590279675187664,-0.012090279675187663,eod,24.0,-0.014710543284626065
baseline,2024-04-29,KRW-BTC,bull_quiet,0.009576618470612974,0.008076618470612975,eod,24.0,-0.022455900058542144
baseline,2024-04-30,KRW-BTC,bull_quiet,-0.03,-0.0315,sl,9.75,-0.03171772428884023
baseline,2024-05-01,KRW-BTC,bull_quiet,-0.03,-0.0315,sl,1.5,-0.030429594272076366
baseline,2024-05-02,KRW-BTC,bull_volatile,-0.03,-0.0315,sl,1.75,-0.03268302614402563
baseline,2024-05-03,KRW-BTC,bull_quiet,0.05,0.0485,tp,13.75,-0.0034779050736497563
baseline,2024-05-04,KRW-BTC,bull_volatile,0.011333729043240703,0.009833729043240704,eod,24.0,-0.015466284395963759
baseline,2024-05-05,KRW-BTC,bull_volatile,-0.0026798666710962094,-0.004179866671096209,eod,24.0,-0.021837591220668195
baseline,2024-05-06,KRW-BTC,bull_volatile,-0.014384017758046652,-0.015884017758046654,eod,24.0,-0.017758046614872347
baseline,2024-05-07,KRW-BTC,bull_volatile,-0.01334760081099351,-0.01484760081099351,eod,24.0,-0.01441766163550351
baseline,2024-05-08,KRW-BTC,bull_volatile,-0.019670072492722235,-0.021170072492722236,eod,24.0,-0.028380615331925374
baseline,2024-05-09,KRW-BTC,bull_volatile,0.026131917272219196,0.024631917272219195,eod,24.0,-0.009921743991056498
baseline,2024-05-10,KRW-BTC,bull_volatile,-0.03,-0.0315,sl,15.0,-0.03161741340959645
baseline,2024-05-11,KRW-BTC,bull_volatile,-0.0005941147689941806,-0.0020941147689941806,eod,24.0,-0.007374012721045653
baseline,2024-05-12,KRW-BTC,bull_volatile,0.00850905106596267,0.00700905106596267,eod,24.0,-0.002016528540289775
baseline,2024-05-13,KRW-BTC,bull_volatile,0.01626194796638969,0.01476194796638969,eod,24.0,-0.012840813212977142
baseline,2024-05-14,KRW-BTC,bull_volatile,-0.016307685309436604,-0.017807685309436605,eod,24.0,-0.0242568289853754
baseline,2024-05-15,KRW-BTC,bull_volatile,0.05,0.0485,tp,13.75,-0.003744625768572929
baseline,2024-05-16,KRW-BTC,bull_volatile,-0.014232827783869473,-0.015732827783869474,eod,24.0,-0.02020388444376897
baseline,2024-05-17,KRW-BTC,bull_volatile,0.01989233699182069,0.01839233699182069,eod,24.0,-0.0015301797686015917
baseline,2024-05-18,KRW-BTC,bull_volatile,0.004685205976336482,0.0031852059763364817,eod,24.0,-0.003184644615251697
baseline,2024-05-19,KRW-BTC,bull_volatile,-0.009466400189113156,-0.010966400189113155,eod,24.0,-0.013141211613263759
baseline,2024-05-20,KRW-BTC,bull_volatile,0.05,0.0485,tp,23.5,-0.0027553289580733997
baseline,2024-05-21,KRW-BTC,bull_volatile,-0.005757762697923052,-0.007257762697923052,eod,24.0,-0.017365823565700156
baseline,2024-05-22,KRW-BTC,bull_volatile,-0.013399919352337197,-0.014899919352337197,eod,24.0,-0.021475025073151577
baseline,2024-05-23,KRW-BTC,bull_volatile,-0.005460014043030315,-0.006960014043030314,eod,24.0,-0.025371773508976014
baseline,2024-05-24,KRW-BTC,bull_volatile,0.003340463871355226,0.001840463871355226,eod,24.0,-0.016828772247805546
baseline,2024-05-25,KRW-BTC,bull_volatile,0.010775726258743568,0.009275726258743568,eod,24.0,-0.00023105845778981227
baseline,2024-05-26,KRW-BTC,bull_volatile,-0.006546134663341641,-0.00804613466334164,eod,24.0,-0.00872817955112215
baseline,2024-05-27,KRW-BTC,bull_volatile,0.00434991739339563,0.0028499173933956303,eod,24.0,-0.00610661480226693
baseline,2024-05-28,KRW-BTC,bull_volatile,-0.015096304008328953,-0.016596304008328955,eod,24.0,-0.024945340968245744
baseline,2024-05-29,KRW-BTC,bull_volatile,-0.007860206647368306,-0.009360206647368306,eod,24.0,-0.01282565977137784
baseline,2024-05-30,KRW-BTC,bull_volatile,0.010999893515067694,0.009499893515067694,eod,24.0,-0.0030880630390799357
baseline,2024-05-31,KRW-BTC,bull_volatile,-0.005210526315789443,-0.006710526315789443,eod,24.0,-0.013684210526315743
baseline,2024-06-01,KRW-BTC,bull_volatile,0.0022856175399983414,0.0007856175399983414,eod,24.0,-0.0015131634639803382
baseline,2024-06-02,KRW-BTC,bull_volatile,0.002511555264768539,0.001011555264768539,eod,24.0,-0.0027648213418880463
baseline,2024-06-03,KRW-BTC,bull_quiet,0.010463157894736952,0.008963157894736952,eod,24.0,-0.0018421052631578672
baseline,2024-06-04,KRW-BTC,bull_quiet,0.015688480530033022,0.014188480530033023,eod,24.0,-0.004937808613038275
baseline,2024-06-05,KRW-BTC,bull_quiet,0.009180428761924375,0.007680428761924376,eod,24.0,-0.0021540670838035014
baseline,2024-06-06,KRW-BTC,bull_quiet,-0.0005183717030035062,-0.0020183717030035062,eod,24.0,-0.0038217207907709216
baseline,2024-06-07,KRW-BTC,bull_quiet,-0.0040886484067492734,-0.005588648406749273,eod,24.0,-0.011208185433427276
baseline,2024-06-08,KRW-BTC,bull_quiet,0.002103779654612392,0.0006037796546123921,eod,24.0,-0.0017259163185898707
baseline,2024-06-09,KRW-BTC,bull_quiet,-0.001569234845165468,-0.003069234845165468,eod,24.0,-0.004351060252504202
baseline,2024-06-10,KRW-BTC,bull_quiet,-0.007215537389138937,-0.008715537389138937,eod,24.0,-0.01023646959166391
baseline,2024-06-11,KRW-BTC,bull_quiet,-0.03,-0.0315,sl,9.75,-0.030623258873960446
baseline,2024-06-12,KRW-BTC,bull_quiet,0.006346442320804835,0.004846442320804835,eod,24.0,-0.008675219502984444
baseline,2024-06-13,KRW-BTC,bull_quiet,-0.013759459628494564,-0.015259459628494563,eod,24.0,-0.01904434298580271
baseline,2024-06-14,KRW-BTC,bull_quiet,-0.00672204959096967,-0.00822204959096967,eod,24.0,-0.01704821696577674
baseline,2024-06-15,KRW-BTC,bull_quiet,-0.0007342065780653328,-0.002234206578065333,eod,24.0,-0.004607412294235891
baseline,2024-06-16,KRW-BTC,bull_quiet,0.0032583348418215863,0.0017583348418215862,eod,24.0,-0.0032157422295102656
baseline,2024-06-17,KRW-BTC,bull_quiet,-0.006697162992602368,-0.008197162992602368,eod,24.0,-0.02823209755994016
baseline,2024-06-18,KRW-BTC,bull_quiet,-0.03,-0.0315,sl,20.0,-0.03153148340082701
baseline,2024-06-19,KRW-BTC,bull_quiet,-0.0010256522166089965,-0.0025256522166089966,eod,24.0,-0.0052264618271885555
baseline,2024-06-20,KRW-BTC,bull_quiet,0.002523238921233517,0.001023238921233517,eod,24.0,-0.0005352324984434498
baseline,2024-06-21,KRW-BTC,bull_quiet,-0.01602763159328391,-0.01752763159328391,eod,24.0,-0.024820492705302954
baseline,2024-06-22,KRW-BTC,bull_quiet,0.0062674403153653024,0.004767440315365303,eod,24.0,-0.001849227089515848
baseline,2024-06-23,KRW-BTC,bull_quiet,-0.020115764685168513,-0.021615764685168515,eod,24.0,-0.020258819904483083
baseline,2024-06-24,KRW-BTC,bull_quiet,-0.03,-0.0315,sl,9.75,-0.03479236812570141
baseline,2024-06-25,KRW-BTC,bull_quiet,0.02286683431779646,0.021366834317796457,eod,24.0,-0.005415521375519039
baseline,2024-06-26,KRW-BTC,bull_quiet,-0.01641837119696332,-0.017918371196963323,eod,24.0,-0.017527411591187092
baseline,2024-06-27,KRW-BTC,bull_quiet,0.009199461041676349,0.007699461041676349,eod,24.0,-0.008084374854806509
baseline,2024-06-28,KRW-BTC,bull_quiet,-0.01976402877697847,-0.021264028776978472,eod,24.0,-0.02457553956834535
baseline,2024-06-29,KRW-BTC,bull_quiet,0.007139753631527634,0.005639753631527635,eod,24.0,-0.0006458658712730214
baseline,2024-06-30,KRW-BTC,bull_quiet,0.025126799976680436,0.023626799976680435,eod,20.0,-0.004605608348393853
baseline,2024-07-01,KRW-BTC,bull_quiet,0.0037875341219291148,0.0022875341219291147,eod,24.0,-0.0035373066424021493
baseline,2024-07-02,KRW-BTC,bull_quiet,-0.011454922444170013,-0.012954922444170012,eod,24.0,-0.014412127941626385
baseline,2024-07-03,KRW-BTC,bull_quiet,-0.03,-0.0315,sl,10.75,-0.030869714678583682
baseline,2024-07-04,KRW-BTC,bull_quiet,-0.03,-0.0315,sl,8.0,-0.03269620653689753
baseline,2024-07-05,KRW-BTC,bear_quiet,-0.03,-0.0315,sl,3.5,-0.030974534769833473
baseline,2024-07-06,KRW-BTC,bear_quiet,0.021055745950343985,0.019555745950343983,eod,24.0,-0.014546709731502294
baseline,2024-07-07,KRW-BTC,bull_quiet,-0.03,-0.0315,sl,21.5,-0.03198551599275801
baseline,2024-07-08,KRW-BTC,bear_quiet,0.014320440318903671,0.012820440318903671,eod,24.0,-0.019106515359522347
baseline,2024-07-09,KRW-BTC,bear_quiet,0.019180362488975033,0.017680362488975032,eod,24.0,-0.006198834768133765
baseline,2024-07-10,KRW-BTC,bear_quiet,-0.0017917433540948213,-0.0032917433540948214,eod,24.0,-0.011542727594066493
baseline,2024-07-11,KRW-BTC,bear_quiet,-0.010448453482410969,-0.011948453482410968,eod,24.0,-0.011302883089617466
baseline,2024-07-12,KRW-BTC,bear_quiet,0.005797458986061432,0.004297458986061433,eod,24.0,-0.012149993832490491
baseline,2024-07-13,KRW-BTC,bear_quiet,0.016591455339186822,0.015091455339186823,eod,24.0,-0.0030411536763623737
baseline,2024-07-14,KRW-BTC,bear_quiet,0.030506266510657243,0.02900626651065724,eod,24.0,-0.0004945658074088088
baseline,2024-07-15,KRW-BTC,bull_quiet,0.05,0.0485,tp,22.25,-0.0018845838698349215
baseline,2024-07-16,KRW-BTC,bull_volatile,-0.03,-0.0315,sl,7.0,-0.036780676158925885
baseline,2024-07-17,KRW-BTC,bull_volatile,-0.014951830443159952,-0.016451830443159954,eod,24.0,-0.01590971648775119
baseline,2024-07-18,KRW-BTC,bull_volatile,0.0043145846373959795,0.0028145846373959795,eod,24.0,-0.0046387373692211575
baseline,2024-07-19,KRW-BTC,bull_volatile,0.035102949360044544,0.03360294936004454,eod,24.0,-0.013077351140790228
baseline,2024-07-20,KRW-BTC,bull_volatile,0.011408111479076277,0.009908111479076278,eod,24.0,-0.0028815964904734814
baseline,2024-07-21,KRW-BTC,bull_volatile,0.009854049514738561,0.008354049514738561,eod,24.0,-0.01764587075994173
baseline,2024-07-22,KRW-BTC,bull_volatile,-0.006768421052631535,-0.008268421052631534,eod,24.0,-0.020526315789473726
baseline,2024-07-23,KRW-BTC,bull_volatile,-0.021785244580204477,-0.02328524458020448,eod,24.0,-0.02422468287302193
baseline,2024-07-24,KRW-BTC,bull_volatile,-0.007839607911172775,-0.009339607911172774,eod,24.0,-0.012719031922276192
baseline,2024-07-25,KRW-BTC,bull_quiet,0.010535403984655911,0.009035403984655912,eod,24.0,-0.02512540846548128
baseline,2024-07-26,KRW-BTC,bull_quiet,0.024352527710191918,0.022852527710191917,eod,24.0,-0.0020437956204379937
baseline,2024-07-27,KRW-BTC,bull_quiet,-0.0036665645241390488,-0.005166564524139048,eod,24.0,-0.015733471401853327
baseline,2024-07-28,KRW-BTC,bull_quiet,0.010833041837589263,0.009333041837589264,eod,24.0,-0.007854485324514271
baseline,2024-07-29,KRW-BTC,bull_quiet,-0.01829850151526269,-0.01979850151526269,eod,24.0,-0.02265029413923636
baseline,2024-07-30,KRW-BTC,bull_quiet,-0.008728166230436374,-0.010228166230436373,eod,24.0,-0.01901607820095086
baseline,2024-07-31,KRW-BTC,bull_quiet,-0.02634982217911408,-0.02784982217911408,eod,24.0,-0.02634982217911408
baseline,2024-08-01,KRW-BTC,bull_volatile,0.015971930135257884,0.014471930135257884,eod,24.0,-0.02595577003962546
baseline,2024-08-02,KRW-BTC,bull_volatile,-0.03,-0.0315,sl,15.0,-0.031474359672727714
baseline,2024-08-03,KRW-BTC,bull_volatile,-0.008466853537276053,-0.009966853537276053,eod,24.0,-0.019506061759582916
baseline,2024-08-04,KRW-BTC,bear_volatile,-0.03,-0.0315,sl,16.25,-0.030876980710612623
baseline,2024-08-05,KRW-BTC,bear_volatile,-0.03,-0.0315,sl,1.0,-0.03187942006327027
baseline,2024-08-06,KRW-BTC,bear_volatile,0.05,0.0485,tp,0.5,-5.14231352685135e-05
baseline,2024-08-07,KRW-BTC,bear_volatile,-0.022178978619364798,-0.0236789786193648,eod,24.0,-0.02973829304193798
baseline,2024-08-13,KRW-BTC,bear_volatile,0.016741379931976885,0.015241379931976886,eod,24.0,-0.013905080101433764
baseline,2024-08-14,KRW-BTC,bear_volatile,-0.025181174412143736,-0.026681174412143738,eod,24.0,-0.028006667691252818
baseline,2024-08-15,KRW-BTC,bear_volatile,-0.03,-0.0315,sl,21.0,-0.03566229985443958
baseline,2024-08-16,KRW-BTC,bear_volatile,0.014374907457677333,0.012874907457677333,eod,24.0,-0.009229554316173894
baseline,2024-08-17,KRW-BTC,bear_volatile,0.008079333211656659,0.006579333211656659,eod,24.0,-0.0017399768814260197
baseline,2024-08-18,KRW-BTC,bear_volatile,-0.015950060974873503,-0.017450060974873505,eod,24.0,-0.015950060974873503
baseline,2024-08-19,KRW-BTC,bear_volatile,0.002208588957055113,0.0007085889570551131,eod,24.0,-0.01717791411042946
baseline,2024-08-20,KRW-BTC,bear_volatile,-0.011349445383089685,-0.012849445383089684,eod,24.0,-0.014410245108842035
baseline,2024-08-21,KRW-BTC,bear_volatile,0.02661267352726293,0.02511267352726293,eod,24.0,-0.0022786095528228856
baseline,2024-08-22,KRW-BTC,bear_volatile,-0.010820265379975824,-0.012320265379975824,eod,24.0,-0.019541616405307605
baseline,2024-08-23,KRW-BTC,bear_volatile,0.05,0.0485,tp,21.75,-0.00012193337560362227
baseline,2024-08-24,KRW-BTC,bear_volatile,0.0019509345794392896,0.0004509345794392896,eod,24.0,-0.0051985981308411144
baseline,2024-08-25,KRW-BTC,bear_volatile,0.005209365203305172,0.003709365203305172,eod,24.0,-0.00462666216042984
baseline,2024-08-26,KRW-BTC,bear_volatile,-0.021243042671614143,-0.022743042671614144,eod,24.0,-0.021243042671614143
baseline,2024-08-27,KRW-BTC,bear_volatile,-0.03,-0.0315,sl,22.0,-0.03147805895175815
baseline,2024-08-28,KRW-BTC,bear_volatile,-0.0046697221638850595,-0.006169722163885059,eod,24.0,-0.01725820598663319
baseline,2024-08-29,KRW-BTC,bear_volatile,0.0021335185690540825,0.0006335185690540825,eod,24.0,-0.005792750998536267
baseline,2024-08-30,KRW-BTC,bear_volatile,-0.0037897083410737276,-0.005289708341073727,eod,24.0,-0.018824695027555904
baseline,2024-08-31,KRW-BTC,bear_volatile,-0.002200425166896669,-0.003700425166896669,eod,24.0,-0.005345665659692411
baseline,2024-09-01,KRW-BTC,bear_volatile,-0.02489414694894143,-0.026394146948941433,eod,24.0,-0.02490660024906599
baseline,2024-09-02,KRW-BTC,bear_volatile,0.024290257078272814,0.022790257078272813,eod,24.0,-0.0008684213887080183
baseline,2024-09-03,KRW-BTC,bear_volatile,-0.02461151195683331,-0.02611151195683331,eod,24.0,-0.024885665507744847
baseline,2024-09-04,KRW-BTC,bear_volatile,0.005992078701929193,0.004492078701929194,eod,24.0,-0.025833652740513635
baseline,2024-09-05,KRW-BTC,bear_volatile,-0.03,-0.0315,sl,15.5,-0.03129326001092214
baseline,2024-09-06,KRW-BTC,bear_volatile,-0.03,-0.0315,sl,15.0,-0.034966592427616905
baseline,2024-09-07,KRW-BTC,bear_volatile,-5.431535495081796e-05,-0.001554315354950818,eod,24.0,-0.007685622725544516
baseline,2024-09-08,KRW-BTC,bear_quiet,0.010822922324823514,0.009322922324823514,eod,24.0,-0.008799565453557867
baseline,2024-09-09,KRW-BTC,bear_quiet,0.05,0.0485,tp,21.5,-0.004648101129784088
baseline,2024-09-10,KRW-BTC,bear_quiet,0.010533807829181452,0.009033807829181452,eod,24.0,-0.010909090909090868
baseline,2024-09-11,KRW-BTC,bear_quiet,-0.03,-0.0315,sl,14.0,-0.031015097770549782
baseline,2024-09-12,KRW-BTC,bear_quiet,0.011737180232933797,0.010237180232933797,eod,24.0,-0.0007885110068380774
baseline,2024-09-13,KRW-BTC,bear_quiet,0.033998134638234756,0.032498134638234755,eod,24.0,-0.007269800304079532
baseline,2024-09-14,KRW-BTC,bear_quiet,-0.0050166810824169294,-0.006516681082416929,eod,24.0,-0.010997158037810428
baseline,2024-09-15,KRW-BTC,bear_quiet,-0.01035716059808256,-0.01185716059808256,eod,24.0,-0.017808355272962095
baseline,2024-09-16,KRW-BTC,bear_quiet,-0.015334228457416721,-0.016834228457416722,eod,24.0,-0.02448206196433722
baseline,2024-09-17,KRW-BTC,bear_quiet,0.03374624050568387,0.032246240505683865,eod,24.0,-0.008844369679359754
baseline,2024-09-18,KRW-BTC,bear_quiet,0.018344099807682923,0.016844099807682922,eod,24.0,-0.013659450663247696
baseline,2024-09-19,KRW-BTC,bear_quiet,0.015604760117671201,0.014104760117671202,eod,24.0,-0.0038376330157500194
baseline,2024-09-20,KRW-BTC,bear_quiet,0.005888593532083375,0.004388593532083375,eod,24.0,-0.006126998128523908
baseline,2024-09-21,KRW-BTC,bear_quiet,0.00048587409935541004,-0.00101412590064459,eod,24.0,-0.004550625711035261
baseline,2024-09-22,KRW-BTC,bear_quiet,0.004737708607232216,0.003237708607232216,eod,24.0,-0.01217591112058658
baseline,2024-09-23,KRW-BTC,bear_quiet,-0.0024399443645536367,-0.003939944364553636,eod,24.0,-0.011857893868313707
baseline,2024-09-24,KRW-BTC,bear_quiet,0.007302375044310638,0.005802375044310639,eod,24.0,-0.007337823466855742
baseline,2024-09-25,KRW-BTC,bear_quiet,-0.010393205705705677,-0.011893205705705677,eod,24.0,-0.01205893393393398
baseline,2024-09-26,KRW-BTC,bear_quiet,0.01941632488561207,0.017916324885612067,eod,24.0,-0.006661767146345476
baseline,2024-09-27,KRW-BTC,bear_quiet,0.01175129147856846,0.01025129147856846,eod,24.0,-0.000826080886117242
baseline,2024-09-28,KRW-BTC,bear_quiet,-0.0025989558177510474,-0.004098955817751047,eod,24.0,-0.010982313300673896
baseline,2024-09-29,KRW-BTC,bear_quiet,-0.00891261486665662,-0.01041261486665662,eod,24.0,-0.010734339509517965
baseline,2024-09-30,KRW-BTC,bear_quiet,-0.03,-0.0315,sl,10.25,-0.03370250587496215
baseline,2024-10-01,KRW-BTC,bear_quiet,-0.03,-0.0315,sl,20.75,-0.033799116206855384
baseline,2024-10-02,KRW-BTC,bear_quiet,0.0025398773006135578,0.0010398773006135577,eod,24.0,-0.006871165644171784
baseline,2024-10-03,KRW-BTC,bear_quiet,0.008775257933836711,0.007275257933836711,eod,24.0,-0.00495673565300403
baseline,2024-10-04,KRW-BTC,bear_quiet,0.017038628171988313,0.015538628171988313,eod,24.0,-0.004405286343612369
baseline,2024-10-05,KRW-BTC,bear_quiet,0.0018137559066393472,0.00031375590663934713,eod,24.0,-0.003496253162140195
baseline,2024-10-06,KRW-BTC,bear_quiet,0.006381180280248033,0.004881180280248034,eod,24.0,-0.0047263592747359695
baseline,2024-10-07,KRW-BTC,bear_quiet,-0.005850585058505886,-0.007350585058505886,eod,24.0,-0.006537495854848641
baseline,2024-10-08,KRW-BTC,bear_quiet,0.0023468585451860147,0.0008468585451860146,eod,24.0,-0.0011198208286674616
baseline,2024-10-09,KRW-BTC,bear_quiet,-0.020846456458954776,-0.022346456458954778,eod,24.0,-0.02319970524964643
baseline,2024-10-10,KRW-BTC,bear_quiet,-0.003058883507519705,-0.004558883507519705,eod,24.0,-0.02121796972676404
baseline,2024-10-11,KRW-BTC,bear_quiet,0.028247555734131957,0.026747555734131956,eod,24.0,-0.004651106159671792
baseline,2024-10-12,KRW-BTC,bear_quiet,0.005991711071640093,0.004491711071640094,eod,24.0,-0.001420959147424461
baseline,2024-10-13,KRW-BTC,bear_quiet,-0.002247138134287119,-0.003747138134287119,eod,18.75,-0.013023989081967557
baseline,2024-10-14,KRW-BTC,bear_quiet,0.0455049420867637,0.0440049420867637,eod,24.0,-0.005685169021726333
baseline,2024-10-15,KRW-BTC,bull_quiet,0.022111913357400814,0.020611913357400813,eod,24.0,-0.012748194945848335
baseline,2024-10-16,KRW-BTC,bull_quiet,0.012063898893037939,0.010563898893037939,eod,24.0,-0.0035793985726595423
baseline,2024-10-17,KRW-BTC,bull_quiet,0.0012553214714550176,-0.00024467852854498243,eod,24.0,-0.0050212858858202924
baseline,2024-10-18,KRW-BTC,bull_quiet,0.017132021186163637,0.015632021186163636,eod,24.0,-0.0027027616120665066
baseline,2024-10-19,KRW-BTC,bull_quiet,-0.0003856123738725792,-0.0018856123738725792,eod,24.0,-0.006309046894749204
baseline,2024-10-20,KRW-BTC,bull_quiet,0.0062043248108698545,0.004704324810869855,eod,24.0,-0.003921904802726028
baseline,2024-10-21,KRW-BTC,bull_quiet,-0.018530154098465368,-0.02003015409846537,eod,24.0,-0.02600611282094978
baseline,2024-10-22,KRW-BTC,bull_quiet,0.007769012923036778,0.006269012923036778,eod,24.0,-0.01162096765443088
baseline,2024-10-23,KRW-BTC,bull_quiet,-0.0054049980081182225,-0.006904998008118222,eod,24.0,-0.02171689438720026
baseline,2024-10-24,KRW-BTC,bull_quiet,0.018424898511502086,0.016924898511502084,eod,24.0,-0.003193504736129893
baseline,2024-10-25,KRW-BTC,bull_quiet,-0.0033483210561561227,-0.004848321056156122,eod,24.0,-0.01748567662659306
baseline,2024-10-26,KRW-BTC,bull_quiet,0.0024636846483649943,0.0009636846483649943,eod,24.0,-0.004959365201254284
baseline,2024-10-27,KRW-BTC,bull_quiet,0.008787888459778959,0.007287888459778959,eod,24.0,-0.0009894353834860592
baseline,2024-10-28,KRW-BTC,bull_quiet,0.027176664135661888,0.025676664135661886,eod,24.0,-0.0032059394246182205
baseline,2024-10-29,KRW-BTC,bull_quiet,0.04008172400694043,0.03858172400694043,eod,24.0,-0.002063633843594981
baseline,2024-10-30,KRW-BTC,bull_quiet,-0.0071964461994077356,-0.008696446199407735,eod,24.0,-0.021372161895360287
baseline,2024-10-31,KRW-BTC,bull_quiet,-0.03,-0.0315,sl,21.0,-0.03252428632508375
baseline,2024-11-01,KRW-BTC,bull_quiet,-0.008429142204827156,-0.009929142204827155,eod,24.0,-0.026418786692759322
baseline,2024-11-02,KRW-BTC,bull_quiet,-0.0012945515817159858,-0.002794551581715986,eod,24.0,-0.005198754764669022
baseline,2024-11-03,KRW-BTC,bull_quiet,-0.03,-0.0315,sl,15.0,-0.03165475027004783
baseline,2024-11-04,KRW-BTC,bull_quiet,-0.03,-0.0315,sl,22.0,-0.030254096908956418
baseline,2024-11-05,KRW-BTC,bull_quiet,0.019949304796954115,0.018449304796954114,eod,24.0,-0.0035104837255671706
baseline,2024-11-06,KRW-BTC,bull_quiet,0.05,0.0485,tp,3.0,-0.0009563807226912191
baseline,2024-11-07,KRW-BTC,bull_quiet,0.0002882259691598943,-0.0012117740308401057,eod,24.0,-0.017245520488062605
baseline,2024-11-08,KRW-BTC,bull_quiet,0.02559106136671252,0.02409106136671252,eod,24.0,-0.0006527352486633831
baseline,2024-11-09,KRW-BTC,bull_quiet,-0.0051570031353830315,-0.006657003135383031,eod,24.0,-0.00909729046749963
baseline,2024-11-10,KRW-BTC,bull_quiet,0.05,0.0485,tp,22.5,-0.0022955199729053355
baseline,2024-11-11,KRW-BTC,bull_quiet,0.05,0.0485,tp,15.75,-0.0014985642498205332
baseline,2024-11-12,KRW-BTC,bull_volatile,-0.03,-0.0315,sl,0.5,-0.032078472958642634
baseline,2024-11-13,KRW-BTC,bull_volatile,0.025289913646149298,0.023789913646149297,eod,24.0,-0.017446839160951133
baseline,2024-11-14,KRW-BTC,bull_volatile,-0.03,-0.0315,sl,22.25,-0.030340876271358397
baseline,2024-11-15,KRW-BTC,bull_volatile,0.03798677383583038,0.03648677383583038,eod,24.0,-0.0014003221550391576
baseline,2024-11-16,KRW-BTC,bull_volatile,-0.008249562937062915,-0.009749562937062915,eod,24.0,-0.01590596903096908
baseline,2024-11-17,KRW-BTC,bull_volatile,-0.005175804294816344,-0.006675804294816344,eod,24.0,-0.014772280342956079
baseline,2024-11-18,KRW-BTC,bull_volatile,0.005321462176501646,0.0038214621765016456,eod,24.0,-0.0026567775502297497
baseline,2024-11-19,KRW-BTC,bull_volatile,0.02027654119016531,0.018776541190165308,eod,24.0,-0.0007236003838227978
baseline,2024-11-20,KRW-BTC,bull_volatile,0.026744069508368495,0.025244069508368494,eod,24.0,-0.009737030783819378
baseline,2024-11-21,KRW-BTC,bull_volatile,0.029058417179756768,0.027558417179756767,eod,24.0,-0.0013440456525003475
baseline,2024-11-22,KRW-BTC,bull_volatile,-0.03,-0.0315,sl,13.5,-0.048325428675665805
baseline,2024-11-23,KRW-BTC,bull_volatile,-0.006421730141219606,-0.007921730141219606,eod,24.0,-0.01960855938456596
baseline,2024-11-24,KRW-BTC,bull_volatile,-0.03,-0.0315,sl,12.75,-0.033080882352941154
baseline,2024-11-25,KRW-BTC,bull_volatile,-0.03,-0.0315,sl,21.75,-0.03317904635956215
baseline,2024-11-26,KRW-BTC,bull_volatile,-0.007766332026103551,-0.00926633202610355,eod,24.0,-0.018298649367059383
baseline,2024-11-27,KRW-BTC,bull_volatile,0.03260093167701861,0.031100931677018606,eod,24.0,-0.006987577639751552
baseline,2024-11-28,KRW-BTC,bull_volatile,0.0010451206400048374,-0.00045487935999516263,eod,24.0,-0.011736930352859831
baseline,2024-11-29,KRW-BTC,bull_volatile,0.01049990987201821,0.00899990987201821,eod,24.0,-0.002208135552484558
baseline,2024-11-30,KRW-BTC,bull_volatile,-0.006250836170117902,-0.007750836170117901,eod,24.0,-0.007001531120393589
baseline,2024-12-01,KRW-BTC,bull_volatile,0.0005982560835164907,-0.0009017439164835093,eod,24.0,-0.003178235443681676
baseline,2024-12-02,KRW-BTC,bull_volatile,-0.001995485867176905,-0.003495485867176905,eod,24.0,-0.011524491412684412
baseline,2024-12-03,KRW-BTC,bull_volatile,-0.03,-0.0315,sl,13.75,-0.04401488882065263
baseline,2024-12-04,KRW-BTC,bull_volatile,0.037690696978761595,0.036190696978761594,eod,24.0,-0.0016527071492671297
baseline,2024-12-05,KRW-BTC,bull_volatile,0.05,0.0485,tp,3.25,-0.012863474219003357
baseline,2024-12-06,KRW-BTC,bull_volatile,0.013374448185831334,0.011874448185831334,eod,24.0,-0.010916284245205521
baseline,2024-12-07,KRW-BTC,bull_volatile,-0.003170686216840468,-0.004670686216840468,eod,24.0,-0.012223640980760675
baseline,2024-12-08,KRW-BTC,bull_volatile,0.014643448226235867,0.013143448226235867,eod,24.0,-0.00251852917895945
baseline,2024-12-09,KRW-BTC,bull_volatile,-0.03,-0.0315,sl,22.5,-0.03655285843920142
baseline,2024-12-10,KRW-BTC,bull_volatile,-0.005247095743302621,-0.006747095743302621,eod,24.0,-0.024788748614450018
baseline,2024-12-11,KRW-BTC,bull_volatile,0.03549799211316529,0.03399799211316529,eod,24.0,-0.012336746137983412
baseline,2024-12-12,KRW-BTC,bull_quiet,-0.0024736044049723516,-0.003973604404972351,eod,24.0,-0.007763204785096844
baseline,2024-12-13,KRW-BTC,bull_quiet,0.011360134472615302,0.009860134472615302,eod,24.0,-0.00545594621095391
baseline,2024-12-14,KRW-BTC,bull_quiet,0.01035089176913706,0.008850891769137061,eod,24.0,-0.0031779661016949623
baseline,2024-12-15,KRW-BTC,bull_quiet,0.022723690612429515,0.021223690612429513,eod,24.0,-0.0016652161697287005
baseline,2024-12-16,KRW-BTC,bull_quiet,0.0278740041408978,0.0263740041408978,eod,24.0,-0.001521009360572978
baseline,2024-12-17,KRW-BTC,bull_quiet,0.011864174755382928,0.010364174755382928,eod,24.0,-0.003376726661147411
baseline,2024-12-18,KRW-BTC,bull_quiet,-0.03,-0.0315,sl,4.75,-0.03140018811766376
baseline,2024-12-24,KRW-BTC,bull_quiet,0.027501557021994305,0.026001557021994304,eod,24.0,-0.013302916004786502
baseline,2024-12-25,KRW-BTC,bull_quiet,0.008506320148196522,0.007006320148196523,eod,24.0,-0.009786694998365486
baseline,2024-12-26,KRW-BTC,bull_quiet,-0.03,-0.0315,sl,8.75,-0.03141361256544506
baseline,2024-12-27,KRW-BTC,bull_quiet,-0.013227696922564203,-0.014727696922564202,eod,24.0,-0.017706365959337833
baseline,2024-12-28,KRW-BTC,bull_quiet,0.0013722054508222836,-0.0001277945491777164,eod,24.0,-0.004362909638511825
baseline,2024-12-29,KRW-BTC,bull_quiet,-0.01806670133374555,-0.01956670133374555,eod,24.0,-0.026042471856422056
baseline,2024-12-30,KRW-BTC,bull_quiet,-0.013866739135098838,-0.015366739135098837,eod,24.0,-0.02760475144996455
baseline,2024-12-31,KRW-BTC,bull_quiet,0.010096833859210008,0.008596833859210009,eod,20.0,-0.013295615275813244
baseline,2025-01-01,KRW-BTC,bull_quiet,0.013816950514369264,0.012316950514369264,eod,24.0,-0.0028265205102084856
baseline,2025-01-02,KRW-BTC,bull_quiet,0.01787407480788561,0.016374074807885608,eod,22.0,-0.002844567724770375
baseline,2025-01-03,KRW-BTC,bull_quiet,0.005610088426672544,0.004110088426672544,eod,24.0,-0.008543740615093665
baseline,2025-01-04,KRW-BTC,bull_quiet,0.0006360047838620542,-0.0008639952161379459,eod,24.0,-0.004009595376521791
baseline,2025-01-05,KRW-BTC,bull_quiet,-0.00046281265758074674,-0.0019628126575807468,eod,24.0,-0.008662195113527282
baseline,2025-01-06,KRW-BTC,bull_quiet,0.03822954308337545,0.03672954308337545,eod,24.0,-0.001727342449095226
baseline,2025-01-07,KRW-BTC,bull_quiet,-0.03,-0.0315,sl,15.25,-0.03024857741838871
baseline,2025-01-08,KRW-BTC,bull_quiet,-0.016720883492530536,-0.018220883492530537,eod,24.0,-0.02672854982077366
baseline,2025-01-09,KRW-BTC,bull_quiet,-0.01850746268656711,-0.020007462686567112,eod,24.0,-0.02503950834064972
baseline,2025-01-10,KRW-BTC,bull_quiet,0.0193848928070528,0.0178848928070528,eod,24.0,-0.0004364999856885099
baseline,2025-01-11,KRW-BTC,bull_quiet,-0.005911060625184095,-0.007411060625184094,eod,24.0,-0.010090173475254871
baseline,2025-01-12,KRW-BTC,bull_quiet,0.002243101405112524,0.0007431014051125242,eod,24.0,-0.0054031939506800075
baseline,2025-01-13,KRW-BTC,bull_quiet,-0.03,-0.0315,sl,12.75,-0.032194490195250336
baseline,2025-01-14,KRW-BTC,bull_quiet,0.009802403805556414,0.008302403805556415,eod,24.0,-0.0029836462408872055
baseline,2025-01-15,KRW-BTC,bull_quiet,0.026214593231437933,0.02471459323143793,eod,24.0,-0.0038245579814136788
baseline,2025-01-16,KRW-BTC,bull_quiet,-0.004337820499765832,-0.005837820499765832,eod,24.0,-0.021770563916664987
baseline,2025-01-17,KRW-BTC,bull_quiet,0.05,0.0485,tp,16.25,-0.0006064735945485733
baseline,2025-01-18,KRW-BTC,bull_quiet,0.022088248028655055,0.020588248028655054,eod,24.0,-0.005910754818478803
baseline,2025-01-19,KRW-BTC,bull_quiet,-0.03,-0.0315,sl,23.75,-0.030933727202671513
baseline,2025-01-20,KRW-BTC,bull_quiet,0.05,0.0485,tp,7.0,-0.012389610389610395
baseline,2025-01-21,KRW-BTC,bull_quiet,0.028363517702724828,0.026863517702724826,eod,24.0,-0.014273127753303916
baseline,2025-01-22,KRW-BTC,bull_quiet,-0.0163228005153232,-0.0178228005153232,eod,24.0,-0.019578475734748135
baseline,2025-01-23,KRW-BTC,bull_quiet,0.0007290369615287062,-0.0007709630384712938,eod,24.0,-0.019348511925883383
baseline,2025-01-24,KRW-BTC,bull_quiet,0.013113105369023659,0.01161310536902366,eod,24.0,-0.007169013358089615
baseline,2025-01-25,KRW-BTC,bull_quiet,0.00019087612139712107,-0.001309123878602879,eod,24.0,-0.001787873003753937
baseline,2025-01-26,KRW-BTC,bull_quiet,-0.006997455470737934,-0.008497455470737934,eod,24.0,-0.007633587786259555
baseline,2025-01-27,KRW-BTC,bull_quiet,-0.03,-0.0315,sl,7.5,-0.030832799487508056
baseline,2025-01-28,KRW-BTC,bull_quiet,0.006454986154054598,0.004954986154054599,eod,24.0,-0.007339319257160248
baseline,2025-01-29,KRW-BTC,bull_quiet,0.018855944432686123,0.01735594443268612,eod,24.0,-0.0009876923274264593
baseline,2025-01-30,KRW-BTC,bull_quiet,-0.0045323211149509435,-0.006032321114950943,eod,24.0,-0.006288595546994458
baseline,2025-01-31,KRW-BTC,bull_quiet,-0.010127574566006214,-0.011627574566006214,eod,24.0,-0.016322969743712945
baseline,2025-02-01,KRW-BTC,bull_quiet,0.0047898837654873905,0.0032898837654873904,eod,24.0,-0.004419466087622892
baseline,2025-02-02,KRW-BTC,bull_quiet,-0.03,-0.0315,sl,21.75,-0.031270846701694444
baseline,2025-02-03,KRW-BTC,bull_quiet,-0.03,-0.0315,sl,1.5,-0.03604545454545449
baseline,2025-02-04,KRW-BTC,bull_quiet,-0.03,-0.0315,sl,5.5,-0.0323416573440275
baseline,2025-02-05,KRW-BTC,bull_quiet,-0.017451667315427577,-0.01895166731542758,eod,24.0,-0.020371091215777848
baseline,2025-02-06,KRW-BTC,bull_quiet,-0.000620666886761323,-0.002120666886761323,eod,24.0,-0.009501485638824692
baseline,2025-02-07,KRW-BTC,bull_quiet,-0.011614770182149736,-0.013114770182149736,eod,24.0,-0.017369300801405974
baseline,2025-02-08,KRW-BTC,bull_quiet,-0.005340837689335687,-0.006840837689335686,eod,24.0,-0.0107485194048208
baseline,2025-02-09,KRW-BTC,bull_quiet,-0.00869197235227337,-0.010191972352273369,eod,24.0,-0.017975052561579385
baseline,2025-02-10,KRW-BTC,bull_quiet,0.000826547065758021,-0.0006734529342419791,eod,24.0,-0.010853511470034327
baseline,2025-02-11,KRW-BTC,bull_quiet,-0.012123508240197034,-0.013623508240197034,eod,24.0,-0.018266446567261063
baseline,2025-02-12,KRW-BTC,bull_quiet,0.012408069353712081,0.010908069353712082,eod,24.0,-0.017838311626059644
baseline,2025-02-13,KRW-BTC,bull_quiet,-0.013317911881281841,-0.01481791188128184,eod,24.0,-0.022090553684238956
baseline,2025-02-14,KRW-BTC,bull_quiet,0.0051371037434329025,0.0036371037434329025,eod,24.0,-0.0036487839672980638
baseline,2025-02-15,KRW-BTC,bull_quiet,0.006482384971784549,0.00498238497178455,eod,24.0,-0.0023950706579961567
baseline,2025-02-16,KRW-BTC,bull_quiet,-0.012731944435028453,-0.014231944435028452,eod,24.0,-0.013687857196124864
baseline,2025-02-17,KRW-BTC,bull_quiet,-0.008480686695279016,-0.009980686695279016,eod,24.0,-0.01020429184549354
baseline,2025-02-18,KRW-BTC,bull_quiet,-0.004584805041900397,-0.006084805041900397,eod,24.0,-0.02275780871251476
baseline,2025-02-19,KRW-BTC,bull_quiet,0.003839732888146985,0.002339732888146985,eod,24.0,-0.01050361713967729
baseline,2025-02-20,KRW-BTC,bull_quiet,0.009735715176628634,0.008235715176628635,eod,24.0,-0.004330834153304597
baseline,2025-02-21,KRW-BTC,bull_quiet,-0.03,-0.0315,sl,21.0,-0.03009216368490042
baseline,2025-02-22,KRW-BTC,bull_quiet,-0.004136019763316123,-0.005636019763316123,eod,24.0,-0.006319502277960076
baseline,2025-02-23,KRW-BTC,bull_quiet,-0.007024247703070974,-0.008524247703070973,eod,24.0,-0.01647186086370145
baseline,2025-02-24,KRW-BTC,bull_quiet,-0.03,-0.0315,sl,15.75,-0.032029199765156946
baseline,2025-02-25,KRW-BTC,bull_quiet,-0.03,-0.0315,sl,7.75,-0.037431414840882415
baseline,2025-02-26,KRW-BTC,bull_quiet,-0.03,-0.0315,sl,14.25,-0.03172339359364762
baseline,2025-02-27,KRW-BTC,bull_quiet,0.012673589900223936,0.011173589900223936,eod,24.0,-0.010384850335980467
baseline,2025-02-28,KRW-BTC,bull_quiet,-0.03,-0.0315,sl,1.75,-0.03495064467380471
baseline,2025-03-01,KRW-BTC,bull_quiet,0.030691009566341965,0.029191009566341963,eod,24.0,-0.009293247335319998
baseline,2025-03-02,KRW-BTC,bull_volatile,0.05,0.0485,tp,16.75,-0.014463840399002503
baseline,2025-03-03,KRW-BTC,bull_volatile,-0.03,-0.0315,sl,1.5,-0.033859649122807034
baseline,2025-03-04,KRW-BTC,bull_volatile,-0.03,-0.0315,sl,1.75,-0.03927446007224655
baseline,2025-03-05,KRW-BTC,bull_volatile,0.03545348551791849,0.03395348551791849,eod,24.0,-0.010646784486990635
baseline,2025-03-06,KRW-BTC,bull_volatile,-0.008296910882287567,-0.009796910882287567,eod,24.0,-0.027927994666271605
baseline,2025-03-07,KRW-BTC,bull_volatile,-0.03,-0.0315,sl,0.75,-0.03958672623227599
baseline,2025-03-08,KRW-BTC,bull_volatile,-0.007651209833078543,-0.009151209833078542,eod,24.0,-0.01646052408085108
baseline,2025-03-09,KRW-BTC,bull_volatile,-0.03,-0.0315,sl,14.0,-0.035534574075082204
baseline,2025-03-10,KRW-BTC,bull_volatile,-0.03,-0.0315,sl,17.25,-0.030659539487272736
baseline,2025-03-11,KRW-BTC,bear_volatile,0.05,0.0485,tp,19.0,-0.023252053278862927
baseline,2025-03-12,KRW-BTC,bull_volatile,0.005185341469748028,0.003685341469748028,eod,24.0,-0.024985393404310607
baseline,2025-03-13,KRW-BTC,bull_volatile,-0.03,-0.0315,sl,16.25,-0.030846606550362865
baseline,2025-03-14,KRW-BTC,bear_volatile,0.03046183536301328,0.028961835363013277,eod,24.0,-0.003984494576429132
baseline,2025-03-15,KRW-BTC,bull_volatile,0.0011707238302853806,-0.0003292761697146194,eod,24.0,-0.005288442129909976
baseline,2025-03-16,KRW-BTC,bull_volatile,-0.018256150564860185,-0.019756150564860187,eod,24.0,-0.02413456653737911
baseline,2025-03-17,KRW-BTC,bull_volatile,0.008881038448899092,0.007381038448899093,eod,24.0,-0.0037791652974038525
baseline,2025-03-18,KRW-BTC,bull_volatile,-0.012451038672323556,-0.013951038672323555,eod,24.0,-0.026473725783991986
baseline,2025-03-19,KRW-BTC,bear_volatile,0.05,0.0485,tp,23.5,-0.0027458935285968877
baseline,2025-03-20,KRW-BTC,bull_volatile,-0.022776231583250817,-0.024276231583250818,eod,24.0,-0.02581882793213519
baseline,2025-03-21,KRW-BTC,bull_volatile,0.0013753830562459601,-0.0001246169437540399,eod,24.0,-0.008855536520039564
baseline,2025-03-22,KRW-BTC,bull_volatile,-0.0028112449799196915,-0.004311244979919691,eod,24.0,-0.004016064257028162
baseline,2025-03-23,KRW-BTC,bull_volatile,0.02244865082561409,0.02094865082561409,eod,24.0,-0.0009987917841320915
baseline,2025-03-24,KRW-BTC,bull_volatile,0.015585602622289363,0.014085602622289363,eod,24.0,-0.005641704488149268
baseline,2025-03-25,KRW-BTC,bull_volatile,-0.0005198231049732271,-0.002019823104973227,eod,24.0,-0.010768872682132002
baseline,2025-03-26,KRW-BTC,bull_volatile,-0.002064864697023827,-0.003564864697023827,eod,24.0,-0.012591017062303034
baseline,2025-03-27,KRW-BTC,bull_volatile,0.001127913127353164,-0.0003720868726468361,eod,24.0,-0.012103674663181851
baseline,2025-03-28,KRW-BTC,bull_volatile,-0.03,-0.0315,sl,16.5,-0.030800071483516045
baseline,2025-03-29,KRW-BTC,bull_volatile,-0.03,-0.0315,sl,17.5,-0.03015103338632752
baseline,2025-03-30,KRW-BTC,bear_volatile,-0.0018495384265944104,-0.0033495384265944104,eod,24.0,-0.008566283238963579
baseline,2025-03-31,KRW-BTC,bear_volatile,0.0013247078328431083,-0.0001752921671568917,eod,18.75,-0.014490515742080157
baseline,2025-04-01,KRW-BTC,bear_volatile,0.027782061375386524,0.026282061375386523,eod,24.0,-0.0033195626942836842
baseline,2025-04-02,KRW-BTC,bull_volatile,-0.03,-0.0315,sl,23.0,-0.030497820456124813
baseline,2025-04-03,KRW-BTC,bear_volatile,0.0036646741697476948,0.0021646741697476947,eod,24.0,-0.014593546915973143
baseline,2025-04-04,KRW-BTC,bear_volatile,0.0013388075687255085,-0.00016119243127449149,eod,24.0,-0.017396384408165932
baseline,2025-04-05,KRW-BTC,bear_volatile,-0.0008832419029406458,-0.0023832419029406458,eod,24.0,-0.01114991613253491
baseline,2025-04-06,KRW-BTC,bear_volatile,-0.03,-0.0315,sl,18.5,-0.0328992738631293
baseline,2025-04-07,KRW-BTC,bear_volatile,-0.03,-0.0315,sl,6.5,-0.035373605520903406
baseline,2025-04-08,KRW-BTC,bear_volatile,-0.03,-0.0315,sl,22.75,-0.03135640595619249
baseline,2025-04-09,KRW-BTC,bear_volatile,0.05,0.0485,tp,17.5,-0.01701354620645079
baseline,2025-04-10,KRW-BTC,bear_volatile,-0.03,-0.0315,sl,15.75,-0.03000684033987422
baseline,2025-04-11,KRW-BTC,bear_volatile,0.029856947824538516,0.028356947824538514,eod,24.0,-0.008640792341154446
baseline,2025-04-12,KRW-BTC,bear_volatile,0.017299300123507555,0.015799300123507554,eod,24.0,-0.006867023466447075
baseline,2025-04-13,KRW-BTC,bear_volatile,-0.01618424140414476,-0.017684241404144763,eod,24.0,-0.02199438406823273
baseline,2025-04-14,KRW-BTC,bear_volatile,0.009187593048027187,0.007687593048027188,eod,24.0,-0.0006004425179104711
baseline,2025-04-15,KRW-BTC,bear_volatile,-0.00436859178117921,-0.005868591781179209,eod,24.0,-0.004710906808808923
baseline,2025-04-16,KRW-BTC,bear_volatile,-0.0024886618530707283,-0.003988661853070728,eod,24.0,-0.007809813841544333
baseline,2025-04-17,KRW-BTC,bear_volatile,0.006975789905621754,0.005475789905621755,eod,24.0,-0.0028559704554780296
baseline,2025-04-18,KRW-BTC,bear_volatile,-0.0031059191808850972,-0.004605919180885097,eod,24.0,-0.003374935802851531
baseline,2025-04-19,KRW-BTC,bear_volatile,0.003532644249640171,0.002032644249640171,eod,24.0,-0.0014555802695276343
baseline,2025-04-20,KRW-BTC,bear_volatile,0.00021186440677967155,-0.0012881355932203285,eod,24.0,-0.009362777053455007
baseline,2025-04-21,KRW-BTC,bear_volatile,0.028440845322861952,0.02694084532286195,eod,24.0,-0.0004562266794844172
baseline,2025-04-22,KRW-BTC,bear_volatile,0.05,0.0485,tp,22.0,-0.005150554675118824
baseline,2025-04-23,KRW-BTC,bull_volatile,0.0038623595505618002,0.0023623595505618,eod,24.0,-0.01707805402820939
baseline,2025-04-24,KRW-BTC,bull_volatile,0.002061426030526947,0.0005614260305269471,eod,24.0,-0.01745142253280052
baseline,2025-04-25,KRW-BTC,bull_volatile,0.013183205709999202,0.011683205709999202,eod,24.0,-0.005822891986839052
baseline,2025-04-26,KRW-BTC,bull_volatile,-0.00042473106468365884,-0.0019247310646836589,eod,24.0,-0.009204947384608642
baseline,2025-04-27,KRW-BTC,bull_volatile,-0.010071415491668234,-0.011571415491668234,eod,24.0,-0.010071415491668234
baseline,2025-04-28,KRW-BTC,bull_volatile,0.012252145605208709,0.010752145605208709,eod,24.0,-0.010654039656703196
baseline,2025-04-29,KRW-BTC,bull_volatile,-0.0037275252156117045,-0.005227525215611704,eod,24.0,-0.00818593772840226
baseline,2025-05-05,KRW-WAL,bull_volatile,-0.03,-0.0315,sl,1.25,-0.034131310737141485
baseline,2025-05-05,KRW-LAYER,bull_volatile,-0.03,-0.0315,sl,1.5,-0.030612244897959218
baseline,2025-05-05,KRW-BONK,bull_volatile,0.05,0.0485,tp,4.5,-0.013576580398812044
baseline,2025-05-06,KRW-SONIC,bull_volatile,0.05,0.0485,tp,3.25,-0.022398843930635848
baseline,2025-05-06,KRW-DRIFT,bull_volatile,-0.03,-0.0315,sl,0.75,-0.030725022104332367
baseline,2025-05-06,KRW-SIGN,bull_volatile,-0.03,-0.0315,sl,8.5,-0.04766107678729026
baseline,2025-05-07,KRW-SIGN,bull_quiet,-0.03,-0.0315,sl,6.25,-0.04014598540145975
baseline,2025-05-07,KRW-BERA,bull_quiet,0.0343992248062015,0.0328992248062015,eod,24.0,-0.025678294573643456
baseline,2025-05-07,KRW-KAITO,bull_quiet,0.05,0.0485,tp,0.5,-0.013828238719068464
baseline,2025-05-08,KRW-G,bull_quiet,0.05,0.0485,tp,21.0,-0.024726581074655196
baseline,2025-05-08,KRW-SIGN,bull_quiet,0.05,0.0485,tp,23.75,-0.020793950850661602
baseline,2025-05-08,KRW-WCT,bull_quiet,0.05,0.0485,tp,21.0,-0.02641843971631197
baseline,2025-05-09,KRW-MASK,bull_volatile,0.05,0.0485,tp,8.5,-0.00540540540540535
baseline,2025-05-09,KRW-BTC,bull_volatile,-0.006690257657856913,-0.008190257657856912,eod,24.0,-0.008210770761915342
baseline,2025-05-09,KRW-HP,bull_volatile,-0.03,-0.0315,sl,4.25,-0.032956152758132906
baseline,2025-05-10,KRW-ARK,bull_quiet,0.02402597402597406,0.02252597402597406,eod,24.0,-0.016233766233766267
baseline,2025-05-10,KRW-BTT,bull_quiet,0.05,0.0485,tp,0.25,0.0
baseline,2025-05-10,KRW-INJ,bull_quiet,0.05,0.0485,tp,13.25,-0.009726443768997006
baseline,2025-05-11,KRW-TRX,bull_quiet,0.0027100271002709064,0.0012100271002709064,eod,24.0,-0.01897018970189701
baseline,2025-05-11,KRW-EGLD,bull_quiet,-0.03,-0.0315,sl,0.5,-0.0331292761973353
baseline,2025-05-11,KRW-IOST,bull_quiet,0.05,0.0485,tp,0.25,0.0
baseline,2025-05-12,KRW-GAME2,bull_quiet,0.05,0.0485,tp,1.75,-0.0011119347664937385
baseline,2025-05-12,KRW-BSV,bull_quiet,-0.03,-0.0315,sl,16.25,-0.031125021735350367
baseline,2025-05-12,KRW-A,bull_quiet,0.05,0.0485,tp,7.5,-0.02546296296296291
baseline,2025-05-13,KRW-TRX,bull_quiet,-0.03,-0.0315,sl,2.25,-0.03125
baseline,2025-05-13,KRW-MINA,bull_quiet,-0.03,-0.0315,sl,1.5,-0.031862745098039214
baseline,2025-05-13,KRW-SAFE,bull_quiet,-0.03,-0.0315,sl,0.75,-0.031525851197982346
baseline,2025-05-14,KRW-CBK,bull_quiet,-0.017936117936117935,-0.019436117936117936,eod,23.5,-0.029484029484029506
baseline,2025-05-14,KRW-TT,bull_quiet,-0.0027088036117380865,-0.004208803611738086,eod,24.0,-0.01399548532731365
baseline,2025-05-14,KRW-PYTH,bull_quiet,0.05,0.0485,tp,3.75,-0.021617592247484163
baseline,2025-05-15,KRW-UNI,bull_quiet,-0.03,-0.0315,sl,7.5,-0.03170338527673289
baseline,2025-05-15,KRW-AAVE,bull_quiet,-0.03,-0.0315,sl,7.75,-0.031196911196911148
baseline,2025-05-15,KRW-ARKM,bull_quiet,-0.03,-0.0315,sl,4.25,-0.032850241545893666
baseline,2025-05-16,KRW-SNT,bull_quiet,0.05,0.0485,tp,0.25,0.0
baseline,2025-05-16,KRW-MASK,bull_quiet,0.05,0.0485,tp,4.5,-0.018251681075888593
baseline,2025-05-16,KRW-PENDLE,bull_quiet,0.05,0.0485,tp,4.0,-0.002960125370015665
baseline,2025-05-17,KRW-A,bull_quiet,-0.03,-0.0315,sl,1.5,-0.03269069572506289
baseline,2025-05-17,KRW-PUNDIX,bull_quiet,0.05,0.0485,tp,1.5,-0.016941321423071032
baseline,2025-05-17,KRW-WAVES,bull_quiet,-0.03,-0.0315,sl,0.75,-0.03623949579831931
baseline,2025-05-18,KRW-ANIME,bull_quiet,0.05,0.0485,tp,4.75,-0.02401215805471124
baseline,2025-05-18,KRW-PENGU,bull_quiet,0.05,0.0485,tp,8.25,-0.0005837711617044938
baseline,2025-05-18,KRW-BERA,bull_quiet,0.05,0.0485,tp,14.5,-0.005930656934306611
baseline,2025-05-19,KRW-PENGU,bull_quiet,-0.03,-0.0315,sl,1.0,-0.030760928224500828
baseline,2025-05-19,KRW-BONK,bull_quiet,-0.03,-0.0315,sl,1.0,-0.031860226104830414
baseline,2025-05-19,KRW-MEW,bull_quiet,-0.03,-0.0315,sl,1.5,-0.032642167932662836
baseline,2025-05-20,KRW-AAVE,bull_quiet,0.05,0.0485,tp,1.75,-0.0035873152532645003
baseline,2025-05-20,KRW-MASK,bull_quiet,-0.03,-0.0315,sl,1.0,-0.03179779861394216
baseline,2025-05-20,KRW-KAITO,bull_quiet,-0.03,-0.0315,sl,7.25,-0.03082064611956925
baseline,2025-05-21,KRW-CVC,bull_quiet,-0.03,-0.0315,sl,2.5,-0.03376623376623378
baseline,2025-05-21,KRW-PENDLE,bull_quiet,-0.03,-0.0315,sl,17.5,-0.03375322997416019
baseline,2025-05-21,KRW-TAIKO,bull_quiet,-0.03,-0.0315,sl,1.25,-0.031278748850046
baseline,2025-05-22,KRW-IMX,bull_quiet,0.05,0.0485,tp,15.75,-0.008481764206955011
baseline,2025-05-22,KRW-CVC,bull_quiet,-0.03,-0.0315,sl,1.5,-0.030739673390970168
baseline,2025-05-22,KRW-PEPE,bull_quiet,0.05,0.0485,tp,7.75,-0.002631578947368318
baseline,2025-05-23,KRW-CTC,bull_quiet,-0.03,-0.0315,sl,12.0,-0.03280318091451295
baseline,2025-05-23,KRW-STRAX,bull_quiet,0.05,0.0485,tp,13.0,-0.021203830369357024
baseline,2025-05-23,KRW-AGLD,bull_quiet,-0.03,-0.0315,sl,12.25,-0.04069767441860461
baseline,2025-05-24,KRW-CVC,bull_quiet,-0.014939759036144529,-0.01643975903614453,eod,24.0,-0.02168674698795181
baseline,2025-05-24,KRW-JUP,bull_quiet,-0.020392458637937816,-0.021892458637937817,eod,24.0,-0.02526612799794803
baseline,2025-05-24,KRW-JTO,bull_quiet,-0.005751258087706712,-0.007251258087706712,eod,22.75,-0.010783608914450071
baseline,2025-05-25,KRW-AERGO,bull_quiet,0.05,0.0485,tp,0.25,-0.017978620019436398
baseline,2025-05-25,KRW-ANIME,bull_quiet,-0.03,-0.0315,sl,2.25,-0.03177620858229224
baseline,2025-05-25,KRW-ARDR,bull_quiet,0.05,0.0485,tp,1.25,-0.024473147518694782
baseline,2025-05-26,KRW-ANIME,bull_quiet,-0.03,-0.0315,sl,0.25,-0.036610343061955986
baseline,2025-05-26,KRW-MASK,bull_quiet,0.05,0.0485,tp,13.75,-0.016274089935760183
baseline,2025-05-26,KRW-PENDLE,bull_quiet,-0.03,-0.0315,sl,19.5,-0.03081914030819144
baseline,2025-05-27,KRW-COW,bull_quiet,0.05,0.0485,tp,11.5,-0.02425778421433744
baseline,2025-05-27,KRW-SNT,bull_quiet,-0.03,-0.0315,sl,0.25,-0.03183692166743002
baseline,2025-05-27,KRW-JUP,bull_quiet,-0.03,-0.0315,sl,1.5,-0.03379416282642078
baseline,2025-05-28,KRW-PUNDIX,bull_quiet,0.05,0.0485,tp,0.5,-0.001228932584269704
baseline,2025-05-28,KRW-COW,bull_quiet,-0.03,-0.0315,sl,1.0,-0.030512285209571166
baseline,2025-05-28,KRW-PYTH,bull_quiet,-0.03,-0.0315,sl,19.75,-0.0374804789172305
baseline,2025-05-29,KRW-UNI,bull_quiet,0.05,0.0485,tp,1.0,-0.0060707557044169524
baseline,2025-05-29,KRW-ANIME,bull_quiet,-0.03,-0.0315,sl,5.0,-0.0350431691213815
baseline,2025-05-29,KRW-VIRTUAL,bull_quiet,0.05,0.0485,tp,1.5,-0.003695719125346497
baseline,2025-05-30,KRW-COW,bull_quiet,-0.03,-0.0315,sl,0.5,-0.036761284318287624
baseline,2025-05-30,KRW-ICX,bull_quiet,0.05,0.0485,tp,1.5,-0.005681818181818232
baseline,2025-05-30,KRW-SIGN,bull_quiet,-0.03,-0.0315,sl,1.0,-0.032258064516129115
baseline,2025-05-31,KRW-ATH,bull_quiet,-0.03,-0.0315,sl,0.25,-0.051704705550859376
baseline,2025-05-31,KRW-ICX,bull_quiet,-0.03,-0.0315,sl,7.25,-0.0449438202247191
baseline,2025-05-31,KRW-SOPH,bull_quiet,-0.03,-0.0315,sl,0.25,-0.05531312654794207
baseline,2025-06-01,KRW-CRO,bull_quiet,-0.03,-0.0315,sl,1.0,-0.044117647058823484
baseline,2025-06-01,KRW-MEW,bull_quiet,0.02777170347692981,0.02627170347692981,eod,24.0,-0.025147605510605797
baseline,2025-06-01,KRW-VANA,bull_quiet,-0.03,-0.0315,sl,0.25,-0.035995623632385065
baseline,2025-06-02,KRW-COW,bull_quiet,-0.03,-0.0315,sl,2.25,-0.03894247945694884
baseline,2025-06-02,KRW-DEEP,bull_quiet,-0.03,-0.0315,sl,3.0,-0.030612244897959107
baseline,2025-06-02,KRW-ANIME,bull_quiet,-0.03,-0.0315,sl,2.5,-0.043681318681318526
baseline,2025-06-03,KRW-DKA,bull_quiet,-0.0008643042350907626,-0.0023643042350907626,eod,21.75,-0.009075194468452952
baseline,2025-06-03,KRW-MLK,bull_quiet,-0.0061782877316858276,-0.007678287731685827,eod,23.75,-0.015004413062665534
baseline,2025-06-03,KRW-ICX,bull_quiet,0.05,0.0485,tp,6.75,-0.01098901098901095
baseline,2025-06-04,KRW-ICX,bull_quiet,0.05,0.0485,tp,3.25,-0.021390374331550777
baseline,2025-06-04,KRW-COMP,bull_quiet,0.05,0.0485,tp,9.75,-0.015451472718493453
baseline,2025-06-04,KRW-ATH,bull_quiet,0.002005156115726159,0.0005051561157261588,eod,23.75,-0.02162704096247481
baseline,2025-06-05,KRW-SNT,bull_quiet,0.05,0.0485,tp,0.5,-0.02309411472560219
baseline,2025-06-05,KRW-MASK,bull_quiet,-0.03,-0.0315,sl,1.75,-0.03109696376101856
baseline,2025-06-05,KRW-POKT,bull_quiet,0.05,0.0485,tp,0.25,-0.0009734728644440471
baseline,2025-06-06,KRW-ICX,bull_quiet,-0.03,-0.0315,sl,1.25,-0.035532994923857864
baseline,2025-06-06,KRW-MANTRA,bull_quiet,0.05,0.0485,tp,9.5,-0.010451185317359224
baseline,2025-06-06,KRW-MASK,bull_quiet,-0.03,-0.0315,sl,6.5,-0.08186115949241102
baseline,2025-06-07,KRW-IOST,bull_quiet,-0.03,-0.0315,sl,0.5,-0.034510759236703215
baseline,2025-06-07,KRW-VIRTUAL,bull_quiet,-0.03,-0.0315,sl,16.75,-0.03205870992661264
baseline,2025-06-07,KRW-ICX,bull_quiet,0.05,0.0485,tp,0.5,-0.004901960784313708
baseline,2025-06-08,KRW-PENGU,bull_quiet,-0.03,-0.0315,sl,7.75,-0.03495007132667616
baseline,2025-06-08,KRW-POKT,bull_quiet,-0.03,-0.0315,sl,1.75,-0.041115379143548125
baseline,2025-06-08,KRW-NXPC,bull_quiet,-0.03,-0.0315,sl,5.25,-0.030718595721338504
baseline,2025-06-09,KRW-LPT,bull_quiet,-0.03,-0.0315,sl,3.0,-0.03205128205128205
baseline,2025-06-09,KRW-SNT,bull_quiet,-0.03,-0.0315,sl,3.0,-0.050438077196305886
baseline,2025-06-09,KRW-PENGU,bull_quiet,0.05,0.0485,tp,17.0,-0.015350877192982337
baseline,2025-06-10,KRW-MOC,bull_quiet,-0.004545454545454519,-0.006045454545454519,eod,23.0,-0.023835920177383674
baseline,2025-06-10,KRW-ALGO,bull_quiet,0.047794117647058876,0.046294117647058874,eod,24.0,-0.003676470588235281
baseline,2025-06-10,KRW-AHT,bull_quiet,0.0018552875695734272,0.0003552875695734272,eod,23.25,-0.014285714285714235
baseline,2025-06-11,KRW-PUNDIX,bull_quiet,-0.03,-0.0315,sl,20.0,-0.03366856143419317
baseline,2025-06-11,KRW-CBK,bull_quiet,-0.007882882882882969,-0.009382882882882968,eod,23.5,-0.021677927927927887
baseline,2025-06-11,KRW-DOT,bull_quiet,-0.015675583574714547,-0.017175583574714548,eod,24.0,-0.02555801669790425
baseline,2025-06-12,KRW-GAME2,bull_quiet,-0.03,-0.0315,sl,4.0,-0.030808187381304086
baseline,2025-06-12,KRW-ZETA,bull_quiet,-0.03,-0.0315,sl,4.75,-0.032452325192371956
baseline,2025-06-12,KRW-A,bull_quiet,-0.03,-0.0315,sl,0.25,-0.030303030303030276
baseline,2025-06-13,KRW-ARDR,bull_quiet,-0.03,-0.0315,sl,0.25,-0.034596375617792496
baseline,2025-06-13,KRW-COMP,bull_quiet,-0.03,-0.0315,sl,0.75,-0.033257646587418144
baseline,2025-06-13,KRW-UNI,bull_quiet,-0.03,-0.0315,sl,0.25,-0.03139534883720929
baseline,2025-06-14,KRW-MASK,bull_quiet,-0.014388489208633115,-0.015888489208633116,eod,24.0,-0.02466598150051391
baseline,2025-06-14,KRW-COMP,bull_quiet,-0.03,-0.0315,sl,0.5,-0.05521314843348746
baseline,2025-06-14,KRW-UNI,bull_quiet,-0.03,-0.0315,sl,1.25,-0.033333333333333326
baseline,2025-06-15,KRW-WCT,bull_quiet,0.003249856623972258,0.0017498566239722581,eod,24.0,-0.01796979545020072
baseline,2025-06-15,KRW-AWE,bull_quiet,-0.01651754989676535,-0.01801754989676535,eod,23.75,-0.02174810736407451
baseline,2025-06-15,KRW-STRAX,bull_quiet,0.05,0.0485,tp,0.25,0.0
baseline,2025-06-16,KRW-BORA,bull_quiet,0.05,0.0485,tp,0.25,0.0
baseline,2025-06-16,KRW-BCH,bull_quiet,-0.00015708451146712044,-0.0016570845114671205,eod,24.0,-0.024348099277411217
baseline,2025-06-16,KRW-AXL,bull_quiet,-0.03,-0.0315,sl,0.75,-0.03611017803157546
baseline,2025-06-17,KRW-BORA,bull_quiet,-0.03,-0.0315,sl,0.25,-0.044117647058823484
baseline,2025-06-17,KRW-JTO,bull_quiet,0.05,0.0485,tp,7.25,-0.014755197853789426
baseline,2025-06-17,KRW-ORBS,bull_quiet,-0.03,-0.0315,sl,0.5,-0.06939040207522695
baseline,2025-06-18,KRW-JTO,bull_quiet,-0.03,-0.0315,sl,6.75,-0.03148823334438189
baseline,2025-06-18,KRW-BORA,bull_quiet,0.05,0.0485,tp,1.5,-0.013698630136986467
baseline,2025-06-18,KRW-SOPH,bull_quiet,-0.03,-0.0315,sl,3.25,-0.035258562793821335
baseline,2025-06-19,KRW-JTO,bull_quiet,-0.010675039246467843,-0.012175039246467843,eod,24.0,-0.022605965463108335
baseline,2025-06-19,KRW-BORA,bull_quiet,-0.03,-0.0315,sl,0.5,-0.036231884057971064
baseline,2025-06-19,KRW-AXL,bull_quiet,-0.03,-0.0315,sl,3.0,-0.0340425531914893
baseline,2025-06-20,KRW-T,bull_quiet,0.05,0.0485,tp,0.25,-0.00399644760213147
baseline,2025-06-20,KRW-PENDLE,bull_quiet,-0.03,-0.0315,sl,15.0,-0.0369339272457313
baseline,2025-06-20,KRW-BCH,bull_quiet,-0.03,-0.0315,sl,11.25,-0.03076030179918743
baseline,2025-06-21,KRW-ARDR,bull_quiet,-0.03,-0.0315,sl,0.25,-0.04589371980676327
baseline,2025-06-21,KRW-BORA,bull_quiet,-0.03,-0.0315,sl,15.75,-0.032019704433497664
baseline,2025-06-21,KRW-ATH,bull_quiet,0.05,0.0485,tp,7.5,-0.0289151540734488
baseline,2025-06-22,KRW-T,bull_quiet,0.05,0.0485,tp,1.75,0.0
baseline,2025-06-22,KRW-LAYER,bull_quiet,-0.03,-0.0315,sl,2.0,-0.030952629927846864
baseline,2025-06-22,KRW-AXL,bull_quiet,-0.03,-0.0315,sl,3.75,-0.030303030303030276
baseline,2025-06-23,KRW-AXL,bull_quiet,0.05,0.0485,tp,22.25,-0.019148936170212738
baseline,2025-06-23,KRW-BORA,bull_quiet,-0.03,-0.0315,sl,7.75,-0.030591434398368422
baseline,2025-06-23,KRW-LAYER,bull_quiet,-0.03,-0.0315,sl,1.0,-0.03134920634920635
baseline,2025-06-24,KRW-CKB,bull_quiet,0.05,0.0485,tp,6.25,-0.007643312101910715
baseline,2025-06-24,KRW-CVC,bull_quiet,0.00797448165869219,0.00647448165869219,eod,24.0,-0.004784688995215336
baseline,2025-06-24,KRW-RVN,bull_quiet,-0.03,-0.0315,sl,3.25,-0.03063557384545046
baseline,2025-06-25,KRW-GAME2,bull_quiet,0.05,0.0485,tp,5.75,-0.004309252217997495
baseline,2025-06-25,KRW-SAFE,bull_quiet,-0.03,-0.0315,sl,8.25,-0.031607142857142945
baseline,2025-06-25,KRW-CKB,bull_quiet,-0.03,-0.0315,sl,8.75,-0.03433835845896138
baseline,2025-06-26,KRW-DOT,bull_quiet,-0.018008244738555,-0.019508244738555003,eod,24.0,-0.026036016489477065
baseline,2025-06-26,KRW-AGLD,bull_quiet,-0.03,-0.0315,sl,18.0,-0.032915693353153586
baseline,2025-06-26,KRW-ICX,bull_quiet,-0.03,-0.0315,sl,16.75,-0.04117647058823526
baseline,2025-06-27,KRW-ALT,bull_quiet,0.05,0.0485,tp,9.25,-0.004005722460658112
baseline,2025-06-27,KRW-RAY,bull_quiet,0.05,0.0485,tp,16.5,-0.015642884395268952
baseline,2025-06-27,KRW-ARB,bull_quiet,0.006236507555768878,0.004736507555768878,eod,24.0,-0.019908851043415554
baseline,2025-06-28,KRW-LPT,bull_quiet,-0.03,-0.0315,sl,4.5,-0.03531396890442329
baseline,2025-06-28,KRW-POKT,bull_quiet,0.05,0.0485,tp,0.25,-0.012903225806451646
baseline,2025-06-28,KRW-MASK,bull_quiet,0.013706793802145345,0.012206793802145345,eod,23.25,-0.01728247914183556
baseline,2025-06-29,KRW-MASK,bull_quiet,0.029429075927015935,0.027929075927015934,eod,22.5,-0.009417304296645113
baseline,2025-06-29,KRW-JUP,bull_quiet,0.028896103896103753,0.027396103896103752,eod,24.0,-0.023376623376623384
baseline,2025-06-29,KRW-RAY,bull_quiet,0.05,0.0485,tp,22.5,-0.014972144846796653
baseline,2025-06-30,KRW-AQT,bull_quiet,-0.03,-0.0315,sl,10.5,-0.0353495679497251
baseline,2025-06-30,KRW-ATOM,bull_quiet,-0.03,-0.0315,sl,15.0,-0.030355896720167475
baseline,2025-06-30,KRW-MANA,bull_quiet,-0.03,-0.0315,sl,5.0,-0.030898876404494402
baseline,2025-07-01,KRW-POKT,bull_quiet,-0.03,-0.0315,sl,0.25,-0.056927044952100325
baseline,2025-07-01,KRW-ARB,bull_quiet,-0.03,-0.0315,sl,3.75,-0.0360034086067319
baseline,2025-07-01,KRW-KAITO,bull_quiet,-0.03,-0.0315,sl,13.25,-0.032824780397595954
baseline,2025-07-02,KRW-MOVE,bull_quiet,-0.03,-0.0315,sl,0.75,-0.03265479219677703
baseline,2025-07-02,KRW-POKT,bull_quiet,-0.03,-0.0315,sl,0.25,-0.03228962818003911
baseline,2025-07-02,KRW-KAITO,bull_quiet,-0.03,-0.0315,sl,1.0,-0.030017921146953452
baseline,2025-07-03,KRW-MBL,bull_quiet,0.016560509554140124,0.015060509554140124,eod,22.0,-0.006369426751592355
baseline,2025-07-03,KRW-BLUR,bull_quiet,-0.004102461476886088,-0.0056024614768860875,eod,24.0,-0.012607564538723137
baseline,2025-07-03,KRW-AHT,bull_quiet,0.05,0.0485,tp,0.5,-0.007646400596792335
baseline,2025-07-04,KRW-MLK,bull_quiet,-0.011412268188302432,-0.012912268188302432,eod,23.75,-0.029957203994293913
baseline,2025-07-04,KRW-RAY,bull_quiet,-0.03,-0.0315,sl,7.5,-0.03127124405166548
baseline,2025-07-04,KRW-BLAST,bull_quiet,0.05,0.0485,tp,0.75,-0.018810883439704384
baseline,2025-07-05,KRW-CARV,bull_quiet,0.05,0.0485,tp,0.25,0.0
baseline,2025-07-05,KRW-TAIKO,bull_quiet,-0.03,-0.0315,sl,1.75,-0.03229880909419003
baseline,2025-07-05,KRW-MOC,bull_quiet,-0.03,-0.0315,sl,0.25,-0.032757148954332016
baseline,2025-07-06,KRW-SAFE,bull_quiet,0.05,0.0485,tp,0.25,-0.0010407632263660371
baseline,2025-07-06,KRW-CBK,bull_quiet,-0.03,-0.0315,sl,0.5,-0.033211233211233315
baseline,2025-07-06,KRW-POKT,bull_quiet,0.05,0.0485,tp,0.25,-0.012432148485379102
baseline,2025-07-07,KRW-BEAM,bull_quiet,-0.03,-0.0315,sl,10.0,-0.03052718093225315
baseline,2025-07-07,KRW-TOKAMAK,bull_quiet,0.05,0.0485,tp,0.25,-0.017127799736495364
baseline,2025-07-07,KRW-COW,bull_quiet,-0.005227781926810948,-0.006727781926810948,eod,21.5,-0.02066218571072942
baseline,2025-07-08,KRW-TOKAMAK,bull_quiet,-0.03,-0.0315,sl,1.0,-0.03474415666456099
baseline,2025-07-08,KRW-BOUNTY,bull_quiet,0.002602472348731455,0.001102472348731455,eod,22.75,-0.017566688353936266
baseline,2025-07-08,KRW-QKC,bull_quiet,0.05,0.0485,tp,12.25,-0.007616391332332051
baseline,2025-07-09,KRW-FCT2,bull_quiet,0.032583397982932416,0.031083397982932415,eod,23.5,0.0
baseline,2025-07-09,KRW-TAIKO,bull_quiet,0.010683367102597208,0.009183367102597208,eod,24.0,-0.02762939767913064
baseline,2025-07-09,KRW-MOC,bull_quiet,0.05,0.0485,tp,0.25,0.0
baseline,2025-07-10,KRW-BSV,bull_quiet,0.03134978229317853,0.02984978229317853,eod,24.0,-0.01944847605224964
baseline,2025-07-10,KRW-BCH,bull_quiet,0.0022939068100358284,0.0007939068100358284,eod,24.0,-0.02107526881720434
baseline,2025-07-10,KRW-HIVE,bull_quiet,0.0245791245791247,0.0230791245791247,eod,24.0,-0.008754208754208848
baseline,2025-07-11,KRW-SIGN,bull_quiet,0.05,0.0485,tp,5.75,-0.003704879856038845
baseline,2025-07-11,KRW-BTT,bull_quiet,0.015126050420168236,0.013626050420168236,eod,24.0,-0.017254901960784275
baseline,2025-07-11,KRW-GAS,bull_quiet,0.006577344701583332,0.005077344701583332,eod,24.0,-0.020706455542021884
baseline,2025-07-12,KRW-BTT,bull_quiet,0.021482868789247433,0.019982868789247432,eod,24.0,-0.012889721273548593
baseline,2025-07-12,KRW-T,bull_quiet,0.05,0.0485,tp,5.0,-0.015964523281596477
baseline,2025-07-12,KRW-CARV,bull_quiet,-0.03,-0.0315,sl,0.25,-0.040000000000000036
baseline,2025-07-13,KRW-KAVA,bull_quiet,-0.03,-0.0315,sl,2.75,-0.04093166638122958
baseline,2025-07-13,KRW-AHT,bull_quiet,-0.03,-0.0315,sl,0.75,-0.032131381649410984
baseline,2025-07-13,KRW-ETC,bull_quiet,0.014997973246858587,0.013497973246858587,eod,24.0,-0.0032428050263477726
baseline,2025-07-14,KRW-AGLD,bull_quiet,0.05,0.0485,tp,0.25,-0.001828153564899404
baseline,2025-07-14,KRW-ETC,bull_quiet,0.015175718849840258,0.013675718849840259,eod,24.0,-0.0023961661341852514
baseline,2025-07-14,KRW-CRO,bull_quiet,0.05,0.0485,tp,7.5,-0.01794340924775706
baseline,2025-07-15,KRW-SOL,bull_quiet,0.010139702568724651,0.008639702568724652,eod,24.0,-0.02726453357368186
baseline,2025-07-15,KRW-WAL,bull_quiet,-0.03,-0.0315,sl,0.75,-0.03679435483870985
baseline,2025-07-15,KRW-SONIC,bull_quiet,-0.03,-0.0315,sl,1.5,-0.03351420363868496
baseline,2025-07-16,KRW-BORA,bull_quiet,-0.0028776978417266452,-0.004377697841726645,eod,24.0,-0.017985611510791366
baseline,2025-07-16,KRW-AKT,bull_quiet,-0.03,-0.0315,sl,6.25,-0.032122169562927905
baseline,2025-07-16,KRW-STRAX,bull_quiet,-0.0044059124502559,-0.0059059124502558995,eod,24.0,-0.02259806708357026
baseline,2025-07-17,KRW-SOL,bull_quiet,0.016105107014197984,0.014605107014197984,eod,24.0,-0.020979020979020935
baseline,2025-07-17,KRW-BTT,bull_quiet,0.009468700683850528,0.007968700683850529,eod,24.0,-0.00841662283008937
baseline,2025-07-17,KRW-A,bull_quiet,0.023540241977906273,0.022040241977906272,eod,24.0,-0.020252498684902642
baseline,2025-07-18,KRW-MVL,bull_quiet,0.0,-0.0015,eod,23.5,-0.015303891560996985
baseline,2025-07-18,KRW-CKB,bull_quiet,0.05,0.0485,tp,6.0,-0.0029325513196480912
baseline,2025-07-18,KRW-WAVES,bull_quiet,0.0046604527296938425,0.0031604527296938425,eod,24.0,-0.01464713715046606
baseline,2025-07-19,KRW-BCH,bull_quiet,-0.0009944594402614415,-0.0024944594402614415,eod,24.0,-0.02216223895439695
baseline,2025-07-19,KRW-PENDLE,bull_quiet,-0.0006537015852263739,-0.002153701585226374,eod,23.75,-0.02859944435365258
baseline,2025-07-19,KRW-HYPER,bull_quiet,-0.03,-0.0315,sl,10.0,-0.03053435114503822
baseline,2025-07-20,KRW-MOCA,bull_quiet,0.05,0.0485,tp,7.25,-0.008810572687224627
baseline,2025-07-20,KRW-ARK,bull_quiet,0.05,0.0485,tp,0.25,-0.0015140045420136694
baseline,2025-07-20,KRW-ARDR,bull_quiet,0.018796992481203034,0.017296992481203033,eod,24.0,-0.006766917293233088
baseline,2025-07-21,KRW-BCH,bull_quiet,-0.03,-0.0315,sl,1.75,-0.030088258892752018
baseline,2025-07-21,KRW-VTHO,bull_quiet,0.05,0.0485,tp,0.25,-0.003307972213033472
baseline,2025-07-21,KRW-LSK,bull_quiet,0.020414245268961295,0.018914245268961294,eod,24.0,-0.01817910892564456
baseline,2025-07-22,KRW-JTO,bull_quiet,0.05,0.0485,tp,2.25,-0.020924738440769475
baseline,2025-07-22,KRW-NXPC,bull_quiet,-0.03,-0.0315,sl,1.5,-0.03262316910785623
baseline,2025-07-22,KRW-ORCA,bull_quiet,-0.03,-0.0315,sl,1.25,-0.04029304029304026
baseline,2025-07-23,KRW-BCH,bull_quiet,-0.03,-0.0315,sl,13.75,-0.034337771548703544
baseline,2025-07-23,KRW-HYPER,bull_quiet,-0.03,-0.0315,sl,6.75,-0.030007949125596123
baseline,2025-07-23,KRW-NEWT,bull_quiet,0.05,0.0485,tp,0.25,-0.0066358335009049085
baseline,2025-07-24,KRW-NXPC,bull_quiet,-0.03,-0.0315,sl,0.25,-0.0473411154345007
baseline,2025-07-24,KRW-SIGN,bull_quiet,-0.03,-0.0315,sl,0.25,-0.054030874785591765
baseline,2025-07-24,KRW-AERGO,bull_quiet,-0.03,-0.0315,sl,0.25,-0.04514789828749344
baseline,2025-07-25,KRW-RVN,bull_quiet,0.05,0.0485,tp,0.25,0.0
baseline,2025-07-25,KRW-CRO,bull_quiet,0.05,0.0485,tp,10.5,-0.01449275362318836
baseline,2025-07-25,KRW-SIGN,bull_quiet,0.05,0.0485,tp,0.5,-0.006211180124223614
baseline,2025-07-26,KRW-GLM,bull_quiet,0.014978213507625293,0.013478213507625294,eod,23.75,-0.008986928104575242
baseline,2025-07-26,KRW-SONIC,bull_quiet,0.05,0.0485,tp,0.25,-0.02211511199319538
baseline,2025-07-26,KRW-BLUR,bull_quiet,-0.006993006993006978,-0.008493006993006978,eod,24.0,-0.020979020979020935
baseline,2025-07-27,KRW-TAIKO,bull_quiet,0.05,0.0485,tp,0.5,-0.007845416242917347
baseline,2025-07-27,KRW-WAL,bull_quiet,-0.03,-0.0315,sl,0.25,-0.03391107761868872
baseline,2025-07-27,KRW-DRIFT,bull_quiet,0.05,0.0485,tp,1.0,-0.008699914226197758
baseline,2025-07-28,KRW-GAS,bull_quiet,-0.03,-0.0315,sl,14.5,-0.037824054398640006
baseline,2025-07-28,KRW-JUP,bull_quiet,0.05,0.0485,tp,1.0,-0.0037355248412401787
baseline,2025-07-28,KRW-EGLD,bull_quiet,-0.03,-0.0315,sl,14.25,-0.035049762007788865
baseline,2025-07-29,KRW-CBK,bull_quiet,-0.03,-0.0315,sl,0.25,-0.03681112894596039
baseline,2025-07-29,KRW-RAY,bull_quiet,-0.03,-0.0315,sl,15.5,-0.03534061846082304
baseline,2025-07-29,KRW-CKB,bull_quiet,0.05,0.0485,tp,5.5,-0.021980798383021805
baseline,2025-07-30,KRW-ATH,bull_quiet,-0.03,-0.0315,sl,0.75,-0.03950227138060436
baseline,2025-07-30,KRW-BAT,bull_quiet,-0.03,-0.0315,sl,0.25,-0.03516949152542381
baseline,2025-07-30,KRW-MOODENG,bull_quiet,-0.03,-0.0315,sl,11.5,-0.03068450039339099
baseline,2025-07-31,KRW-GAME2,bull_quiet,-0.025096525096525046,-0.026596525096525048,eod,23.25,-0.025096525096525046
baseline,2025-07-31,KRW-BOUNTY,bull_quiet,0.05,0.0485,tp,0.25,-0.02654867256637161
baseline,2025-07-31,KRW-ALT,bull_quiet,-0.03,-0.0315,sl,22.0,-0.037190082644628086
baseline,2025-08-01,KRW-ALT,bull_quiet,-0.03,-0.0315,sl,1.0,-0.037117903930130924
baseline,2025-08-01,KRW-ERA,bull_quiet,-0.03,-0.0315,sl,0.25,-0.035404141616566465
baseline,2025-08-01,KRW-KNC,bull_quiet,-0.03,-0.0315,sl,6.75,-0.030303030303030276
baseline,2025-08-02,KRW-HYPER,bull_quiet,-0.03,-0.0315,sl,9.5,-0.04029304029304026
baseline,2025-08-02,KRW-SYRUP,bull_quiet,-0.03,-0.0315,sl,5.25,-0.031932773109243695
baseline,2025-08-02,KRW-KNC,bull_quiet,-0.03,-0.0315,sl,18.0,-0.030716723549488067
baseline,2025-08-03,KRW-SYRUP,bull_quiet,0.05,0.0485,tp,19.5,-0.010619469026548645
baseline,2025-08-03,KRW-KNC,bull_quiet,0.02941176470588225,0.027911764705882247,eod,24.0,-0.02249134948096887
baseline,2025-08-03,KRW-SAHARA,bull_quiet,0.016129032258064502,0.014629032258064502,eod,24.0,-0.024193548387096753
baseline,2025-08-04,KRW-SYRUP,bull_quiet,0.05,0.0485,tp,1.5,0.0
baseline,2025-08-04,KRW-VIRTUAL,bull_quiet,0.02336448598130847,0.021864485981308468,eod,24.0,-0.02044392523364491
baseline,2025-08-04,KRW-CKB,bull_quiet,0.006443298969072142,0.0049432989690721425,eod,24.0,-0.02448453608247414
baseline,2025-08-05,KRW-ANIME,bull_quiet,-0.03,-0.0315,sl,7.75,-0.03418803418803407
baseline,2025-08-05,KRW-XTZ,bull_quiet,0.05,0.0485,tp,13.25,-0.021857923497267784
baseline,2025-08-05,KRW-AERGO,bull_quiet,-0.03,-0.0315,sl,14.75,-0.030864197530864224
baseline,2025-08-06,KRW-GAME2,bull_quiet,-0.03,-0.0315,sl,0.25,-0.03358208955223896
baseline,2025-08-06,KRW-ERA,bull_quiet,-0.03,-0.0315,sl,1.0,-0.036067892503536036
baseline,2025-08-06,KRW-ENA,bull_quiet,-0.03,-0.0315,sl,3.25,-0.03439803439803435
baseline,2025-08-07,KRW-ATH,bull_quiet,0.008064516129032251,0.006564516129032251,eod,24.0,-0.022177419354838745
baseline,2025-08-07,KRW-POKT,bull_quiet,0.01814882032667886,0.01664882032667886,eod,24.0,-0.02722323049001818
baseline,2025-08-07,KRW-ENA,bull_quiet,0.05,0.0485,tp,10.25,-0.02508960573476704
baseline,2025-08-08,KRW-NXPC,bull_quiet,0.010108864696733999,0.008608864696734,eod,24.0,-0.010886469673405896
baseline,2025-08-08,KRW-ANIME,bull_quiet,0.016877637130801704,0.015377637130801704,eod,24.0,-0.012658227848101333
baseline,2025-08-08,KRW-DRIFT,bull_quiet,0.05,0.0485,tp,2.75,-0.0013774104683195176
baseline,2025-08-09,KRW-AUCTION,bull_quiet,0.03092059030217853,0.02942059030217853,eod,24.0,-0.0028109627547434624
baseline,2025-08-09,KRW-RVN,bull_quiet,0.005025125628140836,0.0035251256281408363,eod,23.75,-0.01005025125628134
baseline,2025-08-09,KRW-SNT,bull_quiet,0.020460358056265893,0.01896035805626589,eod,24.0,-0.005115089514066584
baseline,2025-08-10,KRW-AUCTION,bull_quiet,-0.03,-0.0315,sl,8.25,-0.03340149965916839
baseline,2025-08-10,KRW-POKT,bull_quiet,-0.03,-0.0315,sl,8.25,-0.049469964664311084
baseline,2025-08-10,KRW-VET,bull_quiet,0.0,-0.0015,eod,24.0,-0.028901734104046284
baseline,2025-08-11,KRW-MOCA,bull_quiet,-0.03,-0.0315,sl,12.0,-0.037735849056603765
baseline,2025-08-11,KRW-SNT,bull_quiet,-0.02030456852791873,-0.021804568527918733,eod,24.0,-0.027918781725888353
baseline,2025-08-11,KRW-ELF,bull_quiet,0.006666666666666599,0.005166666666666599,eod,23.75,-0.010000000000000009
baseline,2025-08-12,KRW-CTC,bull_quiet,-0.03,-0.0315,sl,0.75,-0.04087736789631102
baseline,2025-08-12,KRW-MOC,bull_quiet,0.016304347826086918,0.014804347826086918,eod,23.5,-0.026086956521739202
baseline,2025-08-12,KRW-CRO,bull_quiet,-0.03,-0.0315,sl,20.25,-0.034782608695652195
baseline,2025-08-13,KRW-ID,bull_quiet,0.024590163934426146,0.023090163934426144,eod,23.75,-0.020491803278688492
baseline,2025-08-13,KRW-KAITO,bull_quiet,0.005424954792043302,0.003924954792043302,eod,23.75,-0.009644364074743783
baseline,2025-08-13,KRW-MNT,bull_quiet,0.05,0.0485,tp,7.25,-0.006405693950177982
baseline,2025-08-14,KRW-BTT,bull_quiet,-0.03,-0.0315,sl,12.75,-0.031632653061224536
baseline,2025-08-14,KRW-MOCA,bull_quiet,-0.03,-0.0315,sl,8.25,-0.03738317757009346
baseline,2025-08-14,KRW-NXPC,bull_quiet,-0.03,-0.0315,sl,10.75,-0.03424124513618676
baseline,2025-08-15,KRW-INJ,bull_quiet,-0.03,-0.0315,sl,14.5,-0.03277909738717344
baseline,2025-08-15,KRW-BERA,bull_quiet,-0.03,-0.0315,sl,0.5,-0.03186991869918698
baseline,2025-08-15,KRW-ARKM,bull_quiet,0.05,0.0485,tp,0.25,-0.0013037809647978849
baseline,2025-08-16,KRW-DEEP,bull_quiet,-0.03,-0.0315,sl,11.0,-0.033333333333333326
baseline,2025-08-16,KRW-KAVA,bull_quiet,0.0,-0.0015,eod,23.0,-0.009487666034155628
baseline,2025-08-16,KRW-MNT,bull_quiet,0.05,0.0485,tp,1.25,-0.005959475566150174
baseline,2025-08-17,KRW-BAT,bull_quiet,-0.03,-0.0315,sl,11.5,-0.03418803418803418
baseline,2025-08-17,KRW-PROVE,bull_quiet,-0.005385029617662851,-0.0068850296176628505,eod,24.0,-0.02369413031771672
baseline,2025-08-17,KRW-BERA,bull_quiet,0.004855842185129022,0.0033558421851290223,eod,24.0,-0.029438543247344406
baseline,2025-08-18,KRW-SEI,bull_quiet,-0.03,-0.0315,sl,2.25,-0.0357142857142857
baseline,2025-08-18,KRW-LPT,bull_quiet,-0.03,-0.0315,sl,2.25,-0.03618946248004262
baseline,2025-08-18,KRW-POL,bull_quiet,-0.03,-0.0315,sl,3.75,-0.03206997084548102
baseline,2025-08-19,KRW-CARV,bull_quiet,-0.03,-0.0315,sl,0.75,-0.03260869565217395
baseline,2025-08-19,KRW-POL,bull_quiet,-0.03,-0.0315,sl,3.5,-0.030470914127423865
baseline,2025-08-19,KRW-ARB,bull_quiet,-0.03,-0.0315,sl,3.75,-0.039381153305203975
baseline,2025-08-20,KRW-CTC,bull_quiet,-0.03,-0.0315,sl,12.5,-0.03809523809523807
baseline,2025-08-20,KRW-CARV,bull_quiet,-0.03,-0.0315,sl,11.75,-0.036717062634989195
baseline,2025-08-20,KRW-CYBER,bull_quiet,0.018589743589743524,0.017089743589743522,eod,24.0,-0.022435897435897467
baseline,2025-08-21,KRW-ARB,bull_quiet,-0.03,-0.0315,sl,9.25,-0.03351955307262566
baseline,2025-08-21,KRW-BERA,bull_quiet,-0.03,-0.0315,sl,5.5,-0.03773015393902812
baseline,2025-08-21,KRW-HYPER,bull_quiet,-0.03,-0.0315,sl,2.75,-0.03462321792260692
baseline,2025-08-22,KRW-CYBER,bull_quiet,0.05,0.0485,tp,11.0,-0.014032743067156739
baseline,2025-08-22,KRW-CARV,bull_quiet,-0.03,-0.0315,sl,1.25,-0.038202247191011285
baseline,2025-08-22,KRW-POKT,bull_quiet,-0.03,-0.0315,sl,0.25,-0.03244274809160297
baseline,2025-08-23,KRW-BTT,bull_quiet,0.05,0.0485,tp,2.75,-0.0010615711252653925
baseline,2025-08-23,KRW-DRIFT,bull_quiet,0.05,0.0485,tp,6.5,-0.026631158455392767
baseline,2025-08-23,KRW-SNT,bull_quiet,0.0052631578947368585,0.0037631578947368584,eod,23.5,-0.010526315789473606
baseline,2025-08-24,KRW-DRIFT,bull_quiet,0.05,0.0485,tp,14.25,-0.017789072426937724
baseline,2025-08-24,KRW-ZRO,bull_quiet,0.05,0.0485,tp,7.0,-0.006542699724517931
baseline,2025-08-24,KRW-ALT,bull_quiet,-0.03,-0.0315,sl,6.75,-0.033138401559454134
baseline,2025-08-25,KRW-EGLD,bull_quiet,-0.03,-0.0315,sl,7.25,-0.030358785648574083
baseline,2025-08-25,KRW-ONT,bull_quiet,-0.03,-0.0315,sl,0.25,-0.03139013452914796
baseline,2025-08-25,KRW-BERA,bull_quiet,-0.03,-0.0315,sl,4.0,-0.0331010452961672
baseline,2025-08-26,KRW-IOST,bull_quiet,-0.03,-0.0315,sl,0.25,-0.04571428571428571
baseline,2025-08-26,KRW-API3,bull_quiet,-0.03,-0.0315,sl,0.75,-0.030388294879009514
baseline,2025-08-26,KRW-ONG,bull_quiet,-0.03,-0.0315,sl,0.25,-0.0539568345323741
baseline,2025-08-27,KRW-ID,bull_quiet,-0.03,-0.0315,sl,1.0,-0.03418803418803418
baseline,2025-08-27,KRW-RAY,bull_quiet,0.05,0.0485,tp,9.0,-0.021730132450331174
baseline,2025-08-27,KRW-IP,bull_quiet,-0.03,-0.0315,sl,8.0,-0.030199430199430166
baseline,2025-08-28,KRW-API3,bull_quiet,-0.03,-0.0315,sl,2.5,-0.03454437164979152
baseline,2025-08-28,KRW-SYRUP,bull_quiet,0.05,0.0485,tp,2.75,-0.0016207455429497752
baseline,2025-08-28,KRW-TAIKO,bull_quiet,-0.03,-0.0315,sl,12.5,-0.03056027164685904
baseline,2025-08-29,KRW-CARV,bull_quiet,-0.03,-0.0315,sl,7.25,-0.0339366515837104
baseline,2025-08-29,KRW-GMT,bull_quiet,-0.03,-0.0315,sl,4.5,-0.036799999999999944
baseline,2025-08-29,KRW-W,bull_quiet,-0.03,-0.0315,sl,1.5,-0.03508771929824561
baseline,2025-08-30,KRW-SYRUP,bull_quiet,-0.03,-0.0315,sl,2.0,-0.032710280373831724
baseline,2025-08-30,KRW-JTO,bull_quiet,-0.03,-0.0315,sl,2.0,-0.04141378079257407
baseline,2025-08-30,KRW-ONT,bull_quiet,0.05,0.0485,tp,1.75,-0.014150943396226467
baseline,2025-08-31,KRW-ONT,bull_quiet,-0.03,-0.0315,sl,4.5,-0.032110091743119296
baseline,2025-08-31,KRW-JST,bull_quiet,-0.00588235294117645,-0.007382352941176449,eod,22.0,-0.021568627450980427
baseline,2025-08-31,KRW-AGLD,bull_quiet,-0.03,-0.0315,sl,14.25,-0.035246727089627394
baseline,2025-09-01,KRW-ZRX,bull_quiet,0.05,0.0485,tp,2.25,-0.024390243902439046
baseline,2025-09-01,KRW-POL,bull_quiet,-0.020725388601036232,-0.022225388601036233,eod,24.0,-0.02849740932642486
baseline,2025-09-01,KRW-AXS,bull_quiet,-0.03,-0.0315,sl,0.5,-0.035227272727272774
baseline,2025-09-02,KRW-LPT,bull_quiet,0.009209100758396538,0.007709100758396538,eod,24.0,-0.010834236186348822
baseline,2025-09-02,KRW-SYRUP,bull_quiet,-0.03,-0.0315,sl,1.5,-0.030254777070063743
baseline,2025-09-02,KRW-ONT,bull_quiet,0.0,-0.0015,eod,23.5,-0.02564102564102566
baseline,2025-09-03,KRW-BEAM,bull_quiet,0.0,-0.0015,eod,23.75,-0.018811881188118718
baseline,2025-09-03,KRW-IP,bull_quiet,0.05,0.0485,tp,14.25,-0.013876040703052706
baseline,2025-09-03,KRW-POL,bull_quiet,-0.03,-0.0315,sl,17.0,-0.03233830845771146
baseline,2025-09-04,KRW-PROVE,bull_quiet,-0.03,-0.0315,sl,2.0,-0.033639143730886834
baseline,2025-09-04,KRW-SYRUP,bull_quiet,-0.03,-0.0315,sl,5.75,-0.030523255813953543
baseline,2025-09-04,KRW-AERO,bull_quiet,-0.03,-0.0315,sl,15.0,-0.03258145363408527
baseline,2025-09-05,KRW-IP,bull_quiet,0.05,0.0485,tp,4.75,-0.008144796380090469
baseline,2025-09-05,KRW-QTUM,bull_quiet,-0.03,-0.0315,sl,14.75,-0.03137966804979253
baseline,2025-09-05,KRW-WAL,bull_quiet,0.05,0.0485,tp,4.5,-0.003454231433506094
baseline,2025-09-06,KRW-SYRUP,bull_quiet,0.05,0.0485,tp,0.75,-0.0014224751066855834
baseline,2025-09-06,KRW-PENDLE,bull_quiet,-0.02716981132075469,-0.02866981132075469,eod,23.25,-0.02943396226415096
baseline,2025-09-06,KRW-ENA,bull_quiet,0.0087890625,0.0072890625,eod,24.0,-0.009765625
baseline,2025-09-07,KRW-API3,bull_quiet,-0.03,-0.0315,sl,10.0,-0.032841823056300234
baseline,2025-09-07,KRW-AERO,bull_quiet,-0.013084112149532756,-0.014584112149532756,eod,24.0,-0.024922118380062308
baseline,2025-09-07,KRW-WLFI,bull_quiet,0.05,0.0485,tp,1.5,-0.00990099009900991
baseline,2025-09-08,KRW-IP,bull_quiet,-0.03,-0.0315,sl,0.5,-0.042276422764227606
baseline,2025-09-08,KRW-PUNDIX,bull_quiet,0.013605442176870763,0.012105442176870764,eod,23.75,-0.013605442176870763
baseline,2025-09-08,KRW-TREE,bull_quiet,-0.03,-0.0315,sl,4.5,-0.03319502074688796
baseline,2025-09-09,KRW-BLAST,bull_quiet,0.00588235294117645,0.00438235294117645,eod,23.75,-0.0117647058823529
baseline,2025-09-09,KRW-ERA,bull_quiet,0.0,-0.0015,eod,23.75,-0.019588638589618013
baseline,2025-09-09,KRW-TRX,bull_quiet,0.01298701298701288,0.01148701298701288,eod,24.0,-0.00649350649350644
baseline,2025-09-15,KRW-TREE,bull_quiet,-0.03,-0.0315,sl,1.5,-0.03054989816700615
baseline,2025-09-15,KRW-ARKM,bull_quiet,-0.03,-0.0315,sl,9.0,-0.03640500568828209
baseline,2025-09-15,KRW-PUMP,bull_quiet,-0.03,-0.0315,sl,1.25,-0.03603603603603611
baseline,2025-09-16,KRW-IP,bull_quiet,-0.03,-0.0315,sl,2.0,-0.030711610486891416
baseline,2025-09-16,KRW-WLD,bull_quiet,0.05,0.0485,tp,13.5,-0.014224751066856278
baseline,2025-09-16,KRW-AERO,bull_quiet,-0.03,-0.0315,sl,4.5,-0.0331125827814569
baseline,2025-09-17,KRW-DRIFT,bull_quiet,-0.03,-0.0315,sl,6.25,-0.030462184873949583
baseline,2025-09-17,KRW-MNT,bull_quiet,-0.03,-0.0315,sl,6.5,-0.035507844756399676
baseline,2025-09-17,KRW-OPEN,bull_quiet,-0.03,-0.0315,sl,6.5,-0.0322847682119205
baseline,2025-09-18,KRW-JTO,bull_quiet,-0.03,-0.0315,sl,5.25,-0.030579964850615093
baseline,2025-09-18,KRW-AERO,bull_quiet,-0.012910166756320618,-0.014410166756320618,eod,23.75,-0.024744486282947786
baseline,2025-09-18,KRW-OPEN,bull_quiet,0.013445378151260456,0.011945378151260457,eod,24.0,-0.021848739495798353
baseline,2025-09-19,KRW-API3,bull_quiet,-0.03,-0.0315,sl,4.25,-0.0301431801055011
baseline,2025-09-19,KRW-MNT,bull_quiet,-0.03,-0.0315,sl,9.75,-0.03213995117982105
baseline,2025-09-19,KRW-AVAX,bull_quiet,-0.03,-0.0315,sl,7.0,-0.03050153531218014
baseline,2025-09-20,KRW-BEAM,bull_quiet,-0.03,-0.0315,sl,1.25,-0.034782608695652195
baseline,2025-09-20,KRW-ATH,bull_quiet,-0.011520737327188946,-0.013020737327188945,eod,24.0,-0.020737327188940058
baseline,2025-09-20,KRW-AWE,bull_quiet,0.05,0.0485,tp,7.0,-0.02857142857142858
baseline,2025-09-21,KRW-SIGN,bull_quiet,-0.03,-0.0315,sl,4.25,-0.03361344537815125
baseline,2025-09-21,KRW-ATH,bull_quiet,-0.03,-0.0315,sl,9.75,-0.030303030303030276
baseline,2025-09-21,KRW-IMX,bull_quiet,-0.03,-0.0315,sl,9.25,-0.031000885739592587
baseline,2025-09-22,KRW-HOLO,bull_quiet,-0.03,-0.0315,sl,0.75,-0.04150943396226414
baseline,2025-09-22,KRW-AWE,bull_quiet,-0.03,-0.0315,sl,1.25,-0.03508771929824561
baseline,2025-09-22,KRW-DRIFT,bull_quiet,0.05,0.0485,tp,0.5,-0.0008779631255487752
baseline,2025-09-23,KRW-AVAX,bull_quiet,-0.03,-0.0315,sl,2.0,-0.03409795412275263
baseline,2025-09-23,KRW-WLD,bull_quiet,-0.03,-0.0315,sl,1.5,-0.0301659125188537
baseline,2025-09-23,KRW-CRO,bull_quiet,-0.03,-0.0315,sl,1.75,-0.0360655737704918
baseline,2025-09-24,KRW-DRIFT,bull_quiet,-0.03,-0.0315,sl,4.25,-0.033138401559454245
baseline,2025-09-24,KRW-MOCA,bull_quiet,-0.03,-0.0315,sl,4.25,-0.03336703741152691
baseline,2025-09-24,KRW-GAME2,bull_quiet,-0.03,-0.0315,sl,0.5,-0.03167420814479627
baseline,2025-09-25,KRW-W,bull_quiet,-0.03,-0.0315,sl,2.5,-0.0331125827814569
baseline,2025-09-25,KRW-BERA,bull_quiet,-0.03,-0.0315,sl,1.0,-0.03196700180458878
baseline,2025-09-25,KRW-HYPER,bull_quiet,-0.03,-0.0315,sl,0.75,-0.031026252983293534
baseline,2025-09-26,KRW-GAME2,bull_quiet,-0.03,-0.0315,sl,13.25,-0.030373831775700855
baseline,2025-09-26,KRW-ATH,bull_quiet,-0.03,-0.0315,sl,2.0,-0.05035971223021585
baseline,2025-09-26,KRW-AVNT,bull_quiet,-0.03,-0.0315,sl,0.25,-0.03421394543092249
baseline,2025-09-27,KRW-BERA,bull_quiet,0.0013020833333332593,-0.0001979166666667407,eod,24.0,-0.026822916666666696
baseline,2025-09-27,KRW-PUMP,bull_quiet,-0.03,-0.0315,sl,1.75,-0.03289473684210531
baseline,2025-09-27,KRW-MNT,bull_quiet,-0.027272727272727226,-0.028772727272727228,eod,24.0,-0.02766798418972327
baseline,2025-09-28,KRW-LA,bull_quiet,-0.03,-0.0315,sl,0.5,-0.032136105860113395
baseline,2025-09-28,KRW-IMX,bull_quiet,-0.03,-0.0315,sl,1.5,-0.030701754385964897
baseline,2025-09-28,KRW-OPEN,bull_quiet,-0.03,-0.0315,sl,1.75,-0.031407035175879394
baseline,2025-09-29,KRW-COW,bull_quiet,0.05,0.0485,tp,0.5,0.0
baseline,2025-09-29,KRW-OPEN,bull_quiet,-0.03,-0.0315,sl,2.25,-0.03792667509481673
baseline,2025-09-29,KRW-BERA,bull_quiet,-0.03,-0.0315,sl,12.75,-0.03489507076622744
baseline,2025-09-30,KRW-PUMP,bull_quiet,-0.03,-0.0315,sl,1.25,-0.0329268292682926
baseline,2025-09-30,KRW-SUN,bull_quiet,0.0,-0.0015,eod,24.0,-0.0055710306406684396
baseline,2025-09-30,KRW-MOCA,bull_quiet,-0.03,-0.0315,sl,7.75,-0.04629629629629628
baseline,2025-10-01,KRW-PUMP,bull_quiet,0.05,0.0485,tp,2.0,-0.016470588235294237
baseline,2025-10-01,KRW-STRAX,bull_quiet,0.033333333333333215,0.031833333333333214,eod,24.0,-0.025925925925925908
baseline,2025-10-01,KRW-BARD,bull_quiet,-0.03,-0.0315,sl,0.75,-0.030303030303030276
baseline,2025-10-02,KRW-BIGTIME,bull_quiet,0.012838801711840375,0.011338801711840376,eod,23.75,-0.015691868758915706
baseline,2025-10-02,KRW-MOODENG,bull_quiet,0.05,0.0485,tp,2.0,0.0
baseline,2025-10-02,KRW-MNT,bull_quiet,0.05,0.0485,tp,13.0,-0.014455151964418045
baseline,2025-10-03,KRW-LA,bull_quiet,0.05,0.0485,tp,9.25,-0.0249520153550864
baseline,2025-10-03,KRW-ATOM,bull_quiet,-0.0073649754500818565,-0.008864975450081856,eod,24.0,-0.022913256955810146
baseline,2025-10-03,KRW-LAYER,bull_quiet,-0.0016420361247947435,-0.0031420361247947435,eod,24.0,-0.029556650246305383
baseline,2025-10-04,KRW-ASTR,bull_quiet,-0.03,-0.0315,sl,3.25,-0.032163742690058506
baseline,2025-10-04,KRW-LAYER,bull_quiet,-0.03,-0.0315,sl,15.5,-0.0363036303630363
baseline,2025-10-04,KRW-BERA,bull_quiet,-0.03,-0.0315,sl,7.75,-0.030288909599254454
baseline,2025-10-05,KRW-BLUR,bull_quiet,-0.0092592592592593,-0.0107592592592593,eod,24.0,-0.01851851851851849
baseline,2025-10-05,KRW-SNT,bull_quiet,0.012422360248447228,0.010922360248447229,eod,23.5,-0.0031055900621118626
baseline,2025-10-05,KRW-HOLO,bull_quiet,0.03858520900321549,0.03708520900321549,eod,24.0,-0.009646302250803873
baseline,2025-10-06,KRW-ZETA,bull_quiet,0.05,0.0485,tp,18.75,-0.008230452674897082
baseline,2025-10-06,KRW-APT,bull_quiet,-0.03,-0.0315,sl,9.75,-0.035076530612244916
baseline,2025-10-06,KRW-MANTRA,bull_quiet,0.04508196721311486,0.04358196721311486,eod,24.0,-0.004098360655737654
baseline,2025-10-07,KRW-ME,bull_quiet,-0.03,-0.0315,sl,15.25,-0.03506787330316741
baseline,2025-10-07,KRW-BIGTIME,bull_quiet,-0.03,-0.0315,sl,14.75,-0.030898876404494402
baseline,2025-10-07,KRW-VANA,bull_quiet,-0.03,-0.0315,sl,15.0,-0.030981067125645412
baseline,2025-10-08,KRW-BEAM,bull_quiet,0.05,0.0485,tp,1.75,0.0
baseline,2025-10-08,KRW-FLUID,bull_quiet,-0.03,-0.0315,sl,4.25,-0.035658101730466685
baseline,2025-10-08,KRW-PUMP,bull_quiet,-0.03,-0.0315,sl,0.25,-0.03544575725026855
baseline,2025-10-09,KRW-FF,bull_quiet,-0.03,-0.0315,sl,1.25,-0.03404255319148941
baseline,2025-10-09,KRW-FLUID,bull_quiet,-0.03,-0.0315,sl,7.75,-0.031573498964803326
baseline,2025-10-09,KRW-BAT,bull_quiet,0.05,0.0485,tp,10.75,-0.022935779816513735
baseline,2025-10-10,KRW-ATH,bull_quiet,-0.03,-0.0315,sl,15.75,-0.04071246819338403
baseline,2025-10-10,KRW-CELO,bull_quiet,0.05,0.0485,tp,5.25,-0.011428571428571455
baseline,2025-10-10,KRW-SOMI,bull_quiet,0.05,0.0485,tp,0.5,0.0
baseline,2025-10-11,KRW-ME,bull_quiet,0.05,0.0485,tp,0.75,-0.006299212598425252
baseline,2025-10-11,KRW-TIA,bull_quiet,-0.03,-0.0315,sl,0.75,-0.043201133144475934
baseline,2025-10-11,KRW-TREE,bull_quiet,0.05,0.0485,tp,0.5,0.0
baseline,2025-10-12,KRW-WCT,bull_quiet,0.05,0.0485,tp,15.0,-0.025423728813559365
baseline,2025-10-12,KRW-HOLO,bull_quiet,0.05,0.0485,tp,1.5,-0.0050000000000000044
baseline,2025-10-12,KRW-ID,bull_quiet,0.05,0.0485,tp,0.25,0.0
baseline,2025-10-13,KRW-BAT,bull_quiet,-0.03,-0.0315,sl,0.75,-0.03396226415094339
baseline,2025-10-13,KRW-BEAM,bull_quiet,0.042944785276073594,0.04144478527607359,eod,24.0,-0.015337423312883236
baseline,2025-10-13,KRW-WAL,bull_quiet,-0.03,-0.0315,sl,4.25,-0.030054644808743203
baseline,2025-10-14,KRW-SAHARA,bull_quiet,-0.03,-0.0315,sl,5.0,-0.031746031746031744
baseline,2025-10-14,KRW-LA,bull_quiet,-0.03,-0.0315,sl,7.0,-0.03149606299212604
baseline,2025-10-14,KRW-IN,bull_quiet,-0.03,-0.0315,sl,3.25,-0.03558718861209964
baseline,2025-10-15,KRW-JST,bull_quiet,-0.002032520325203291,-0.003532520325203291,eod,23.25,-0.014227642276422814
baseline,2025-10-15,KRW-WAL,bull_quiet,0.05,0.0485,tp,8.0,-0.02011494252873558
baseline,2025-10-15,KRW-DRIFT,bull_quiet,-0.03,-0.0315,sl,13.25,-0.035914702581369196
baseline,2025-10-16,KRW-WCT,bull_quiet,-0.03,-0.0315,sl,9.75,-0.03149606299212604
baseline,2025-10-16,KRW-0G,bull_quiet,-0.03,-0.0315,sl,16.25,-0.04412238325281803
baseline,2025-10-16,KRW-CARV,bull_quiet,-0.03,-0.0315,sl,9.75,-0.03284671532846717
baseline,2025-10-17,KRW-FIL,bull_quiet,-0.03,-0.0315,sl,6.75,-0.03762029746281714
baseline,2025-10-17,KRW-PENGU,bull_quiet,-0.03,-0.0315,sl,6.75,-0.03857566765578646
baseline,2025-10-17,KRW-DOOD,bull_quiet,0.05,0.0485,tp,2.5,0.0
baseline,2025-10-18,KRW-FIL,bull_quiet,0.011978704525288375,0.010478704525288375,eod,23.5,-0.0031055900621117516
baseline,2025-10-18,KRW-JTO,bull_quiet,-0.03,-0.0315,sl,4.75,-0.032128514056224855
baseline,2025-10-18,KRW-COMP,bull_quiet,0.05,0.0485,tp,20.0,-0.00877192982456143
baseline,2025-10-19,KRW-AXL,bull_quiet,-0.03,-0.0315,sl,1.0,-0.03525641025641024
baseline,2025-10-19,KRW-PROVE,bull_quiet,0.05,0.0485,tp,0.25,0.0
baseline,2025-10-19,KRW-SUPER,bull_quiet,0.05,0.0485,tp,16.25,-0.015202702702702742
baseline,2025-10-20,KRW-KAVA,bull_quiet,-0.013043478260869601,-0.0145434782608696,eod,24.0,-0.021739130434782594
baseline,2025-10-20,KRW-OPEN,bull_quiet,0.05,0.0485,tp,21.5,-0.028790786948176605
baseline,2025-10-20,KRW-BAT,bull_quiet,-0.03,-0.0315,sl,1.75,-0.030100334448160515
baseline,2025-10-21,KRW-BARD,bull_quiet,-0.03,-0.0315,sl,20.0,-0.03172978505629476
baseline,2025-10-21,KRW-JTO,bull_quiet,-0.03,-0.0315,sl,3.75,-0.033391915641476255
baseline,2025-10-21,KRW-0G,bull_quiet,0.05,0.0485,tp,0.25,-0.005145797598627766
baseline,2025-10-22,KRW-2Z,bull_quiet,-0.03,-0.0315,sl,4.0,-0.03598971722365041
baseline,2025-10-22,KRW-WAL,bull_quiet,-0.03,-0.0315,sl,5.5,-0.0448179271708683
baseline,2025-10-22,KRW-WCT,bull_quiet,-0.03,-0.0315,sl,20.75,-0.05179282868525892
baseline,2025-10-23,KRW-LINEA,bull_quiet,0.017316017316017174,0.015816017316017172,eod,24.0,-0.0043290043290044045
baseline,2025-10-23,KRW-WAL,bull_quiet,0.05,0.0485,tp,4.25,-0.011527377521613813
baseline,2025-10-23,KRW-ZKC,bull_quiet,0.05,0.0485,tp,2.0,-0.012422360248447228
baseline,2025-10-24,KRW-MIRA,bull_volatile,0.05,0.0485,tp,18.25,-0.010660980810234588
baseline,2025-10-24,KRW-RED,bull_volatile,-0.01158301158301156,-0.01308301158301156,eod,23.25,-0.027027027027026973
baseline,2025-10-24,KRW-PUMP,bull_volatile,0.05,0.0485,tp,7.25,-0.017452006980802848
baseline,2025-10-25,KRW-NEWT,bull_volatile,0.05,0.0485,tp,9.75,-0.00877192982456143
baseline,2025-10-25,KRW-FLOCK,bull_volatile,0.05,0.0485,tp,17.25,-0.02657807308970095
baseline,2025-10-25,KRW-MIRA,bull_volatile,0.05,0.0485,tp,7.5,-0.012096774193548376
baseline,2025-10-26,KRW-FLOCK,bull_quiet,0.05,0.0485,tp,2.0,-0.018633540372670843
baseline,2025-10-26,KRW-AERO,bull_quiet,0.02934702861335281,0.02784702861335281,eod,22.0,-0.023477622890682337
baseline,2025-10-26,KRW-ZBT,bull_quiet,-0.03,-0.0315,sl,1.75,-0.03439803439803435
baseline,2025-10-27,KRW-LSK,bull_volatile,-0.021341463414634165,-0.022841463414634167,eod,23.25,-0.024390243902439046
baseline,2025-10-27,KRW-CARV,bull_volatile,-0.03,-0.0315,sl,9.25,-0.04016064257028118
baseline,2025-10-27,KRW-SUPER,bull_volatile,0.05,0.0485,tp,1.0,-0.0016366612111292644
baseline,2025-10-28,KRW-SONIC,bull_volatile,-0.03,-0.0315,sl,0.75,-0.052631578947368474
baseline,2025-10-28,KRW-CELO,bull_volatile,-0.03,-0.0315,sl,20.5,-0.03703703703703709
baseline,2025-10-28,KRW-BIO,bull_volatile,-0.03,-0.0315,sl,0.75,-0.036231884057971064
baseline,2025-10-29,KRW-EGLD,bull_quiet,0.01334269662921339,0.011842696629213391,eod,22.25,-0.002808988764044895
baseline,2025-10-29,KRW-AERO,bull_quiet,-0.03,-0.0315,sl,15.75,-0.03427004797806721
baseline,2025-10-29,KRW-TREE,bull_quiet,0.05,0.0485,tp,13.0,-0.026119402985074647
baseline,2025-10-30,KRW-WLFI,bull_volatile,-0.03,-0.0315,sl,4.5,-0.04608294930875578
baseline,2025-10-30,KRW-ZKC,bull_volatile,-0.03,-0.0315,sl,4.25,-0.041420118343195256
baseline,2025-10-30,KRW-FF,bull_volatile,-0.03,-0.0315,sl,4.25,-0.03524229074889873
baseline,2025-10-31,KRW-ORDER,bull_volatile,-0.03,-0.0315,sl,17.5,-0.03105590062111796
baseline,2025-10-31,KRW-PROVE,bull_volatile,-0.03,-0.0315,sl,11.25,-0.033816425120772986
baseline,2025-10-31,KRW-CPOOL,bull_volatile,-0.03,-0.0315,sl,8.0,-0.03669724770642202
baseline,2025-11-01,KRW-SOMI,bull_quiet,-0.03,-0.0315,sl,13.5,-0.0363036303630363
baseline,2025-11-01,KRW-ORDER,bull_quiet,-0.006191950464396245,-0.007691950464396245,eod,24.0,-0.02786377708978327
baseline,2025-11-01,KRW-BIO,bull_quiet,0.007936507936507908,0.006436507936507909,eod,22.25,-0.015873015873015928
baseline,2025-11-02,KRW-ZORA,bull_quiet,-0.03,-0.0315,sl,4.25,-0.037735849056603765
baseline,2025-11-02,KRW-CPOOL,bull_quiet,-0.03,-0.0315,sl,9.75,-0.03168316831683171
baseline,2025-11-02,KRW-FIL,bull_quiet,0.05,0.0485,tp,9.5,-0.006841046277666019
baseline,2025-11-03,KRW-AXL,bull_quiet,-0.03,-0.0315,sl,1.5,-0.03345724907063197
baseline,2025-11-03,KRW-T,bull_quiet,0.05,0.0485,tp,0.5,-0.004950495049504844
baseline,2025-11-03,KRW-MOCA,bull_quiet,-0.03,-0.0315,sl,1.25,-0.034675615212528044
baseline,2025-11-04,KRW-IP,bull_quiet,-0.03,-0.0315,sl,5.5,-0.037815126050420145
baseline,2025-11-04,KRW-2Z,bull_quiet,-0.03,-0.0315,sl,5.75,-0.04201680672268904
baseline,2025-11-04,KRW-CARV,bull_quiet,0.05,0.0485,tp,4.5,-0.014981273408239737
baseline,2025-11-05,KRW-ORDER,bear_volatile,-0.03,-0.0315,sl,1.25,-0.03629032258064513
baseline,2025-11-05,KRW-GLM,bear_volatile,-0.03,-0.0315,sl,0.75,-0.03731343283582089
baseline,2025-11-05,KRW-MEW,bear_volatile,-0.03,-0.0315,sl,0.75,-0.03240740740740755
baseline,2025-11-06,KRW-LPT,bull_volatile,0.05,0.0485,tp,21.5,-0.029527559055118058
baseline,2025-11-06,KRW-KERNEL,bull_volatile,-0.03,-0.0315,sl,1.5,-0.04458598726114649
baseline,2025-11-06,KRW-RVN,bull_volatile,-0.03,-0.0315,sl,0.75,-0.03289473684210531
baseline,2025-11-07,KRW-TFUEL,bear_volatile,0.05,0.0485,tp,2.0,-0.0031746031746032743
baseline,2025-11-07,KRW-GLM,bear_volatile,-0.03,-0.0315,sl,13.0,-0.03082191780821919
baseline,2025-11-07,KRW-LPT,bear_volatile,-0.03,-0.0315,sl,11.25,-0.03591682419659736
baseline,2025-11-08,KRW-SAHARA,bear_volatile,-0.03,-0.0315,sl,6.0,-0.03361344537815125
baseline,2025-11-08,KRW-PROVE,bear_volatile,0.05,0.0485,tp,1.25,-0.0022547914317925244
baseline,2025-11-08,KRW-IN,bear_volatile,-0.03,-0.0315,sl,5.75,-0.03205128205128205
baseline,2025-11-09,KRW-BARD,bear_volatile,-0.03,-0.0315,sl,0.5,-0.030146425495262696
baseline,2025-11-09,KRW-ENSO,bear_volatile,-0.03,-0.0315,sl,2.75,-0.04587155963302747
baseline,2025-11-09,KRW-FLOCK,bear_volatile,-0.03,-0.0315,sl,3.25,-0.030201342281879207
baseline,2025-11-10,KRW-JUP,bear_volatile,0.03244274809160297,0.030942748091602967,eod,23.5,-0.009541984732824416
baseline,2025-11-10,KRW-PENGU,bear_volatile,0.05,0.0485,tp,5.0,-0.013215859030836996
baseline,2025-11-10,KRW-F,bear_volatile,0.05,0.0485,tp,7.75,-0.017341040462427793
baseline,2025-11-11,KRW-ENSO,bull_volatile,-0.03,-0.0315,sl,2.25,-0.03005303476723631
baseline,2025-11-11,KRW-RAY,bull_volatile,0.05,0.0485,tp,1.5,-0.024742268041237137
baseline,2025-11-11,KRW-GLM,bull_volatile,0.05,0.0485,tp,5.5,-0.025423728813559365
baseline,2025-11-12,KRW-KNC,bear_volatile,-0.03,-0.0315,sl,16.25,-0.03516483516483515
baseline,2025-11-12,KRW-ONG,bear_volatile,0.05,0.0485,tp,2.25,-0.018404907975460127
baseline,2025-11-12,KRW-AERGO,bear_volatile,0.05,0.0485,tp,2.5,-0.01869158878504673
baseline,2025-11-13,KRW-ANIME,bear_volatile,-0.03,-0.0315,sl,13.75,-0.03418803418803407
baseline,2025-11-13,KRW-MINA,bear_volatile,-0.03,-0.0315,sl,2.25,-0.040000000000000036
baseline,2025-11-13,KRW-IP,bear_volatile,0.05,0.0485,tp,5.25,-0.027482269503546153
baseline,2025-11-14,KRW-CPOOL,bear_volatile,-0.03,-0.0315,sl,0.25,-0.07717041800643087
baseline,2025-11-14,KRW-NEAR,bear_volatile,-0.03,-0.0315,sl,3.5,-0.03067814854682449
baseline,2025-11-14,KRW-AERO,bear_volatile,-0.03,-0.0315,sl,3.75,-0.03538570417551312
baseline,2025-11-15,KRW-LA,bear_volatile,0.05,0.0485,tp,0.25,0.0
baseline,2025-11-15,KRW-MMT,bear_volatile,-0.03,-0.0315,sl,8.75,-0.031858407079646045
baseline,2025-11-15,KRW-KITE,bear_volatile,-0.03,-0.0315,sl,8.25,-0.034782608695652195
baseline,2025-11-16,KRW-MMT,bear_volatile,-0.03,-0.0315,sl,1.75,-0.035523978685612745
baseline,2025-11-16,KRW-API3,bear_volatile,-0.03,-0.0315,sl,0.75,-0.030501089324618702
baseline,2025-11-16,KRW-UNI,bear_volatile,0.05,0.0485,tp,6.25,-0.02248201438848918
baseline,2025-11-17,KRW-SIGN,bear_volatile,-0.03,-0.0315,sl,12.25,-0.030252100840336138
baseline,2025-11-17,KRW-UNI,bear_volatile,0.05,0.0485,tp,6.0,-0.006554307116104829
baseline,2025-11-17,KRW-AWE,bear_volatile,0.05,0.0485,tp,0.25,0.0
baseline,2025-11-18,KRW-ARDR,bear_volatile,0.05,0.0485,tp,0.25,-0.021344717182497308
baseline,2025-11-18,KRW-ERA,bear_volatile,-0.03,-0.0315,sl,0.5,-0.054545454545454564
baseline,2025-11-18,KRW-MINA,bear_volatile,-0.03,-0.0315,sl,9.25,-0.032863849765258246
baseline,2025-11-19,KRW-IN,bear_volatile,-0.03,-0.0315,sl,5.75,-0.03703703703703709
baseline,2025-11-19,KRW-TRUST,bear_volatile,-0.03,-0.0315,sl,5.25,-0.034682080924855474
baseline,2025-11-19,KRW-ERA,bear_volatile,-0.03,-0.0315,sl,4.25,-0.03252032520325199
baseline,2025-11-20,KRW-ZORA,bear_volatile,0.05,0.0485,tp,3.0,-0.0283600493218249
baseline,2025-11-20,KRW-NEAR,bear_volatile,-0.03,-0.0315,sl,14.25,-0.036430386896356914
baseline,2025-11-20,KRW-CPOOL,bear_volatile,0.05,0.0485,tp,0.25,0.0
baseline,2025-11-21,KRW-CPOOL,bear_volatile,-0.03,-0.0315,sl,0.25,-0.06323529411764706
baseline,2025-11-21,KRW-ALT,bear_volatile,0.05,0.0485,tp,1.25,-0.016949152542372947
baseline,2025-11-21,KRW-MMT,bear_volatile,-0.03,-0.0315,sl,3.0,-0.03703703703703709
baseline,2025-11-22,KRW-HOLO,bear_volatile,0.05,0.0485,tp,0.25,-0.007299270072992692
baseline,2025-11-22,KRW-SOMI,bear_volatile,0.05,0.0485,tp,1.75,-0.007246376811594235
baseline,2025-11-22,KRW-SYRUP,bear_volatile,-0.03,-0.0315,sl,5.5,-0.031319910514541416
baseline,2025-11-23,KRW-SONIC,bear_volatile,-0.03,-0.0315,sl,1.0,-0.03676470588235292
baseline,2025-11-23,KRW-RED,bear_volatile,0.0,-0.0015,eod,22.75,-0.010282776349614386
baseline,2025-11-23,KRW-1INCH,bear_volatile,0.05,0.0485,tp,3.75,-0.021428571428571463
baseline,2025-11-24,KRW-BLAST,bear_volatile,-0.03,-0.0315,sl,9.25,-0.0326797385620915
baseline,2025-11-24,KRW-FIL,bear_volatile,0.006538618716796174,0.005038618716796174,eod,24.0,-0.018798528810788695
baseline,2025-11-24,KRW-BTC,bear_volatile,0.004363702480340681,0.002863702480340681,eod,24.0,-0.02233367172229883
baseline,2025-11-25,KRW-DEEP,bear_volatile,0.05,0.0485,tp,0.25,-0.004587155963302947
baseline,2025-11-25,KRW-BSV,bear_volatile,0.004184100418409997,0.002684100418409997,eod,24.0,-0.02124235597038948
baseline,2025-11-25,KRW-CELO,bear_volatile,0.05,0.0485,tp,16.25,-0.012048192771084376
baseline,2025-11-26,KRW-ONG,bear_volatile,-0.03,-0.0315,sl,2.25,-0.0331125827814569
baseline,2025-11-26,KRW-MVL,bear_volatile,-0.03,-0.0315,sl,6.5,-0.030303030303030276
baseline,2025-11-26,KRW-LAYER,bear_volatile,0.05,0.0485,tp,1.0,0.0
baseline,2025-11-27,KRW-LPT,bear_volatile,0.05,0.0485,tp,10.5,-0.009700889248181133
baseline,2025-11-27,KRW-TRUMP,bear_volatile,0.05,0.0485,tp,4.75,-0.006918573709419951
baseline,2025-11-27,KRW-TOKAMAK,bear_volatile,0.05,0.0485,tp,0.25,-0.01858108108108103
baseline,2025-11-28,KRW-TAIKO,bear_volatile,0.05,0.0485,tp,0.25,-0.006329113924050667
baseline,2025-11-28,KRW-HYPER,bear_volatile,0.05,0.0485,tp,0.75,-0.004608294930875556
baseline,2025-11-28,KRW-W,bear_volatile,0.05,0.0485,tp,0.25,-0.013605442176870763
baseline,2025-11-29,KRW-GMT,bear_volatile,0.05,0.0485,tp,0.25,-0.013071895424836666
baseline,2025-11-29,KRW-XEC,bear_volatile,-0.03,-0.0315,sl,18.0,-0.03125
baseline,2025-11-29,KRW-BLAST,bear_volatile,0.05,0.0485,tp,2.0,-0.006535947712418277
baseline,2025-11-30,KRW-META,bear_volatile,-0.03,-0.0315,sl,0.5,-0.03124999999999989
baseline,2025-11-30,KRW-TT,bear_volatile,-0.03,-0.0315,sl,3.5,-0.030456852791878153
baseline,2025-11-30,KRW-DKA,bear_volatile,-0.03,-0.0315,sl,4.25,-0.03603603603603611
baseline,2025-12-01,KRW-ASTR,bear_volatile,-0.03,-0.0315,sl,0.25,-0.03465346534653457
baseline,2025-12-01,KRW-THETA,bear_volatile,-0.03,-0.0315,sl,0.25,-0.05709342560553632
baseline,2025-12-01,KRW-IN,bear_volatile,-0.03,-0.0315,sl,0.25,-0.043165467625899234
baseline,2025-12-02,KRW-FLOCK,bear_volatile,-0.03,-0.0315,sl,0.25,-0.05291005291005291
baseline,2025-12-02,KRW-VANA,bear_volatile,0.012770809578107167,0.011270809578107168,eod,24.0,-0.026681870011402542
baseline,2025-12-02,KRW-IOST,bear_volatile,-0.03,-0.0315,sl,1.25,-0.031609195402298784
baseline,2025-12-03,KRW-WCT,bear_volatile,0.05,0.0485,tp,18.75,-0.021582733812949617
baseline,2025-12-03,KRW-PLUME,bear_volatile,0.05,0.0485,tp,0.75,-0.013071895424836666
baseline,2025-12-03,KRW-AXL,bear_volatile,0.005586592178770999,0.004086592178771,eod,23.0,-0.027932960893854775
baseline,2025-12-04,KRW-PLUME,bear_volatile,0.012618296529968598,0.011118296529968598,eod,24.0,-0.025236593059936974
baseline,2025-12-04,KRW-WCT,bear_volatile,-0.03,-0.0315,sl,11.75,-0.03378378378378377
baseline,2025-12-04,KRW-SAHARA,bear_volatile,0.05,0.0485,tp,8.25,-0.022184300341297036
baseline,2025-12-05,KRW-LAYER,bear_volatile,-0.03,-0.0315,sl,9.5,-0.03749999999999998
baseline,2025-12-05,KRW-MMT,bear_volatile,-0.03,-0.0315,sl,8.25,-0.035230352303523005
baseline,2025-12-05,KRW-SUPER,bear_volatile,0.05,0.0485,tp,7.0,-0.010471204188481686
baseline,2025-12-06,KRW-GMT,bear_volatile,0.011857707509881354,0.010357707509881355,eod,22.5,-0.01976284584980237
baseline,2025-12-06,KRW-CELO,bear_volatile,0.05,0.0485,tp,12.0,-0.016129032258064502
baseline,2025-12-06,KRW-LSK,bear_volatile,-0.03,-0.0315,sl,0.5,-0.03264094955489616
baseline,2025-12-07,KRW-HIVE,bear_volatile,-0.03,-0.0315,sl,8.25,-0.031847133757961776
baseline,2025-12-07,KRW-ZIL,bear_volatile,-0.03,-0.0315,sl,9.0,-0.03708133971291849
baseline,2025-12-07,KRW-CHZ,bear_volatile,-0.03,-0.0315,sl,4.75,-0.03144654088050314
baseline,2025-12-08,KRW-CARV,bear_volatile,-0.004854368932038833,-0.006354368932038832,eod,21.25,-0.01941747572815533
baseline,2025-12-08,KRW-2Z,bear_volatile,-0.03,-0.0315,sl,9.5,-0.038277511961722466
baseline,2025-12-08,KRW-SYRUP,bear_volatile,-0.03,-0.0315,sl,16.25,-0.034653465346534684
baseline,2025-12-09,KRW-BLAST,bear_volatile,0.05,0.0485,tp,16.25,-0.022900763358778664
baseline,2025-12-09,KRW-PEPE,bear_volatile,-0.03,-0.0315,sl,4.75,-0.033898305084745894
baseline,2025-12-09,KRW-DRIFT,bear_volatile,-0.03,-0.0315,sl,1.75,-0.031161473087818692
baseline,2025-12-10,KRW-SOMI,bear_volatile,-0.03,-0.0315,sl,10.75,-0.03399433427762044
baseline,2025-12-10,KRW-ID,bear_volatile,-0.03,-0.0315,sl,3.75,-0.033333333333333326
baseline,2025-12-10,KRW-MTL,bear_volatile,0.05,0.0485,tp,0.25,-0.0016207455429497752
baseline,2025-12-11,KRW-MTL,bear_volatile,-0.03,-0.0315,sl,1.25,-0.032863849765258246
baseline,2025-12-11,KRW-MNT,bear_volatile,-0.03,-0.0315,sl,1.5,-0.031159838430467435
baseline,2025-12-11,KRW-COW,bear_volatile,-0.03,-0.0315,sl,1.5,-0.03300330033003296
baseline,2025-12-12,KRW-HUNT,bear_volatile,-0.03,-0.0315,sl,3.75,-0.036363636363636376
baseline,2025-12-12,KRW-BAT,bear_volatile,0.05,0.0485,tp,3.0,-0.026506024096385583
baseline,2025-12-12,KRW-ZORA,bear_volatile,-0.03,-0.0315,sl,7.0,-0.032383419689119175
baseline,2025-12-13,KRW-MNT,bear_volatile,0.05,0.0485,tp,23.25,-0.014941302027748127
baseline,2025-12-13,KRW-MMT,bear_volatile,-0.03,-0.0315,sl,1.25,-0.030864197530864224
baseline,2025-12-13,KRW-CPOOL,bear_volatile,-0.03,-0.0315,sl,1.25,-0.05526770293609662
baseline,2025-12-14,KRW-GAS,bear_volatile,-0.03,-0.0315,sl,17.75,-0.030381383322559796
baseline,2025-12-14,KRW-MNT,bear_volatile,-0.03,-0.0315,sl,5.0,-0.04078549848942603
baseline,2025-12-14,KRW-AXL,bear_volatile,0.05,0.0485,tp,1.5,-0.00995024875621886
baseline,2025-12-15,KRW-MNT,bear_volatile,0.05,0.0485,tp,4.25,-0.021925133689839615
baseline,2025-12-15,KRW-G,bear_volatile,-0.03,-0.0315,sl,8.0,-0.03037974683544309
baseline,2025-12-15,KRW-HYPER,bear_volatile,-0.03,-0.0315,sl,13.5,-0.03240740740740744
baseline,2025-12-16,KRW-AAVE,bear_volatile,-0.03,-0.0315,sl,3.75,-0.03436306837903502
baseline,2025-12-16,KRW-BARD,bear_volatile,0.003493449781659441,0.001993449781659441,eod,24.0,-0.01834061135371179
baseline,2025-12-16,KRW-DOOD,bear_volatile,-0.03,-0.0315,sl,0.75,-0.04249999999999998
baseline,2025-12-17,KRW-RAY,bear_volatile,-0.03,-0.0315,sl,5.5,-0.03324287652645863
baseline,2025-12-17,KRW-MON,bear_volatile,-0.03,-0.0315,sl,2.25,-0.03738317757009357
baseline,2025-12-17,KRW-WAVES,bear_volatile,-0.03,-0.0315,sl,3.75,-0.0336763330215154
baseline,2025-12-18,KRW-META,bear_volatile,-0.03,-0.0315,sl,0.25,-0.06832298136645976
baseline,2025-12-18,KRW-MANTRA,bear_volatile,-0.03,-0.0315,sl,2.25,-0.037735849056603765
baseline,2025-12-18,KRW-BARD,bear_volatile,0.05,0.0485,tp,3.0,-0.014225941422594146
baseline,2025-12-19,KRW-WCT,bear_volatile,-0.03,-0.0315,sl,0.25,-0.036036036036036
baseline,2025-12-19,KRW-DOOD,bear_volatile,0.05,0.0485,tp,0.75,-0.01239157372986377
baseline,2025-12-19,KRW-SOMI,bear_volatile,-0.03,-0.0315,sl,0.75,-0.03141361256544506
baseline,2025-12-20,KRW-RED,bear_volatile,0.05,0.0485,tp,4.0,-0.0031746031746031633
baseline,2025-12-20,KRW-BERA,bear_volatile,0.05,0.0485,tp,21.0,-0.01834862385321101
baseline,2025-12-20,KRW-ME,bear_volatile,0.05,0.0485,tp,2.5,-0.006134969325153339
baseline,2025-12-21,KRW-OPEN,bear_volatile,-0.03,-0.0315,sl,2.0,-0.030303030303030276
baseline,2025-12-21,KRW-PENDLE,bear_volatile,-0.03,-0.0315,sl,13.5,-0.03630017452006984
baseline,2025-12-21,KRW-ZKC,bear_volatile,-0.03,-0.0315,sl,2.5,-0.03164556962025311
baseline,2025-12-22,KRW-POWR,bear_volatile,0.05,0.0485,tp,0.5,0.0
baseline,2025-12-22,KRW-HP,bear_volatile,-0.03,-0.0315,sl,4.75,-0.0360655737704918
baseline,2025-12-22,KRW-OPEN,bear_volatile,-0.03,-0.0315,sl,9.75,-0.030303030303030276
baseline,2025-12-23,KRW-HIVE,bear_volatile,-0.007042253521126751,-0.00854225352112675,eod,20.5,-0.028169014084507005
baseline,2025-12-23,KRW-GRT,bear_volatile,-0.03,-0.0315,sl,5.25,-0.035335689045936425
baseline,2025-12-23,KRW-AERGO,bear_volatile,-0.03,-0.0315,sl,6.75,-0.031568228105906426
baseline,2025-12-24,KRW-META,bear_volatile,-0.03,-0.0315,sl,0.5,-0.03105590062111807
baseline,2025-12-24,KRW-COW,bear_volatile,-0.03,-0.0315,sl,2.75,-0.041916167664670656
baseline,2025-12-24,KRW-CARV,bear_volatile,-0.03,-0.0315,sl,5.75,-0.043824701195219085
baseline,2025-12-25,KRW-SONIC,bear_volatile,0.0,-0.0015,eod,23.25,-0.009708737864077666
baseline,2025-12-25,KRW-ATH,bear_volatile,0.05,0.0485,tp,10.0,-0.014184397163120477
baseline,2025-12-25,KRW-IMX,bear_volatile,-0.03,-0.0315,sl,23.75,-0.043227665706051854
baseline,2025-12-26,KRW-OPEN,bear_volatile,-0.03,-0.0315,sl,1.75,-0.1620553359683794
baseline,2025-12-26,KRW-SYRUP,bear_volatile,-0.03,-0.0315,sl,17.25,-0.03252032520325199
baseline,2025-12-26,KRW-XTZ,bear_volatile,0.05,0.0485,tp,11.75,-0.006134969325153339
baseline,2025-12-27,KRW-OP,bear_volatile,0.03562340966921118,0.03412340966921118,eod,21.5,-0.0050890585241730735
baseline,2025-12-27,KRW-TOSHI,bear_volatile,-0.03,-0.0315,sl,10.75,-0.038374717832957095
baseline,2025-12-27,KRW-API3,bear_volatile,-0.03,-0.0315,sl,1.0,-0.030882352941176472
baseline,2025-12-28,KRW-ID,bear_volatile,0.05,0.0485,tp,0.25,-0.00108108108108107
baseline,2025-12-28,KRW-LPT,bear_volatile,-0.03,-0.0315,sl,16.5,-0.031883397859257534
baseline,2025-12-28,KRW-BIGTIME,bear_volatile,0.05,0.0485,tp,8.75,-0.006756756756756799
baseline,2025-12-29,KRW-STRAX,bear_volatile,-0.03,-0.0315,sl,0.25,-0.03246753246753242
baseline,2025-12-29,KRW-T,bear_volatile,-0.03,-0.0315,sl,0.25,-0.03676470588235292
baseline,2025-12-29,KRW-TOSHI,bear_volatile,-0.03,-0.0315,sl,0.25,-0.039823008849557584
baseline,2025-12-30,KRW-HIVE,bear_volatile,-0.03,-0.0315,sl,0.25,-0.039215686274509776
baseline,2025-12-30,KRW-ONG,bear_volatile,-0.03,-0.0315,sl,0.25,-0.03816793893129766
baseline,2025-12-30,KRW-MMT,bear_volatile,-0.03,-0.0315,sl,0.5,-0.03458213256484155
baseline,2025-12-31,KRW-PUNDIX,bear_volatile,-0.0029325513196480912,-0.004432551319648091,eod,18.5,-0.02052785923753664
baseline,2025-12-31,KRW-SONIC,bear_volatile,0.05,0.0485,tp,1.75,-0.01904761904761909
baseline,2025-12-31,KRW-ZETA,bear_volatile,-0.03,-0.0315,sl,8.75,-0.03809523809523807
baseline,2026-01-01,KRW-BOUNTY,bear_volatile,-0.03,-0.0315,sl,1.25,-0.032786885245901676
baseline,2026-01-01,KRW-SONIC,bear_volatile,-0.03,-0.0315,sl,3.5,-0.03669724770642202
baseline,2026-01-01,KRW-0G,bear_volatile,-0.03,-0.0315,sl,8.5,-0.03563941299790352
baseline,2026-01-02,KRW-TIA,bear_quiet,0.05,0.0485,tp,22.5,-0.013812154696132617
baseline,2026-01-02,KRW-TOSHI,bear_quiet,0.05,0.0485,tp,3.75,-0.009433962264150941
baseline,2026-01-02,KRW-AERO,bear_quiet,0.05,0.0485,tp,12.0,-0.008784773060029227
baseline,2026-01-03,KRW-WLFI,bear_quiet,-0.03,-0.0315,sl,7.75,-0.03125
baseline,2026-01-03,KRW-LINK,bear_quiet,-0.0020844189682126535,-0.0035844189682126535,eod,24.0,-0.022928608650338744
baseline,2026-01-03,KRW-MET2,bear_quiet,0.009803921568627416,0.008303921568627417,eod,18.0,-0.02941176470588236
baseline,2026-01-04,KRW-AUCTION,bear_quiet,0.008485639686684143,0.006985639686684144,eod,23.5,-0.01305483028720622
baseline,2026-01-04,KRW-BARD,bear_quiet,0.004226542688081203,0.002726542688081203,eod,23.75,-0.010143702451394732
baseline,2026-01-04,KRW-CRO,bear_quiet,0.05,0.0485,tp,9.25,-0.006896551724137945
baseline,2026-01-05,KRW-QKC,bear_quiet,0.024232633279482885,0.022732633279482883,eod,21.0,-0.014539579967689953
baseline,2026-01-05,KRW-ENS,bear_quiet,0.05,0.0485,tp,8.0,-0.005972130059721303
baseline,2026-01-05,KRW-LINK,bear_quiet,0.05,0.0485,tp,22.5,-0.001029866117404743
baseline,2026-01-06,KRW-MLK,bear_quiet,0.05,0.0485,tp,0.25,0.0
baseline,2026-01-06,KRW-SIGN,bear_quiet,-0.03,-0.0315,sl,16.5,-0.03484320557491294
baseline,2026-01-06,KRW-MINA,bear_quiet,-0.03,-0.0315,sl,7.75,-0.03007518796992481
baseline,2026-01-07,KRW-ERA,bear_quiet,0.05,0.0485,tp,12.0,-0.022580645161290325
baseline,2026-01-07,KRW-ONG,bear_quiet,-0.03,-0.0315,sl,13.25,-0.03676470588235292
baseline,2026-01-07,KRW-ANIME,bear_quiet,0.05,0.0485,tp,5.5,-0.02777777777777779
baseline,2026-01-08,KRW-ERA,bear_quiet,0.05,0.0485,tp,0.5,-0.006557377049180357
baseline,2026-01-08,KRW-HIVE,bear_quiet,-0.03,-0.0315,sl,0.25,-0.03144654088050314
baseline,2026-01-08,KRW-ANIME,bear_quiet,0.05,0.0485,tp,7.5,-0.018018018018017945
baseline,2026-01-09,KRW-PUNDIX,bear_quiet,-0.01319261213720313,-0.01469261213720313,eod,22.5,-0.02902374670184693
baseline,2026-01-09,KRW-AGLD,bear_quiet,0.02505694760820054,0.02355694760820054,eod,23.25,-0.02050113895216399
baseline,2026-01-09,KRW-SONIC,bear_quiet,0.05,0.0485,tp,0.5,0.0
baseline,2026-01-10,KRW-GLM,bear_quiet,0.023640661938534313,0.022140661938534312,eod,23.25,-0.021276595744680882
baseline,2026-01-10,KRW-BLAST,bear_quiet,-0.03,-0.0315,sl,0.5,-0.03125
baseline,2026-01-10,KRW-STORJ,bear_quiet,-0.03,-0.0315,sl,4.25,-0.033333333333333326
baseline,2026-01-11,KRW-ZETA,bear_quiet,0.05,0.0485,tp,1.0,0.0
baseline,2026-01-11,KRW-AWE,bear_quiet,-0.03,-0.0315,sl,13.25,-0.030444964871194524
baseline,2026-01-11,KRW-DKA,bear_quiet,-0.03,-0.0315,sl,2.0,-0.032128514056224966
baseline,2026-01-12,KRW-POKT,bear_quiet,-0.03,-0.0315,sl,0.75,-0.03960396039603964
baseline,2026-01-12,KRW-MET2,bear_quiet,-0.03,-0.0315,sl,0.25,-0.03626943005181349
baseline,2026-01-12,KRW-PUMP,bear_quiet,-0.03,-0.0315,sl,14.5,-0.03399433427762033
baseline,2026-01-13,KRW-GLM,bear_quiet,0.05,0.0485,tp,3.5,-0.012765957446808529
baseline,2026-01-13,KRW-RENDER,bear_quiet,-0.0128571428571429,-0.0143571428571429,eod,24.0,-0.019142857142857128
baseline,2026-01-13,KRW-HP,bear_quiet,-0.03,-0.0315,sl,2.0,-0.032163742690058506
baseline,2026-01-14,KRW-DRIFT,bear_volatile,0.05,0.0485,tp,1.25,-0.008298755186721962
baseline,2026-01-14,KRW-ETH,bear_volatile,0.009443646068569178,0.007943646068569179,eod,24.0,-0.011496612605214507
baseline,2026-01-14,KRW-ARK,bear_volatile,-0.0022988505747126853,-0.0037988505747126853,eod,23.75,-0.016091954022988464
baseline,2026-01-15,KRW-WAL,bear_quiet,-0.03,-0.0315,sl,0.75,-0.030042918454935674
baseline,2026-01-15,KRW-AERO,bear_quiet,-0.03,-0.0315,sl,2.75,-0.030371203599550034
baseline,2026-01-15,KRW-BIGTIME,bear_quiet,-0.03,-0.0315,sl,1.75,-0.03125
baseline,2026-01-16,KRW-GMT,bear_quiet,0.05,0.0485,tp,8.25,0.0
baseline,2026-01-16,KRW-LA,bear_quiet,-0.03,-0.0315,sl,15.75,-0.03821656050955413
baseline,2026-01-16,KRW-MOCA,bear_quiet,-0.03,-0.0315,sl,0.75,-0.032835820895522394
baseline,2026-01-17,KRW-1INCH,bear_quiet,-0.012552301255230103,-0.014052301255230102,eod,22.75,-0.01673640167364021
baseline,2026-01-17,KRW-XTZ,bear_quiet,-0.03,-0.0315,sl,20.75,-0.03063457330415753
baseline,2026-01-17,KRW-AGLD,bear_quiet,0.05,0.0485,tp,10.25,-0.02428256070640178
baseline,2026-01-18,KRW-TT,bear_quiet,-0.03,-0.0315,sl,1.5,-0.031914893617021156
baseline,2026-01-18,KRW-IMX,bear_quiet,-0.03,-0.0315,sl,7.0,-0.03661327231121281
baseline,2026-01-18,KRW-BIGTIME,bear_quiet,0.05,0.0485,tp,1.5,-0.021798365122615904
baseline,2026-01-19,KRW-BIO,bear_quiet,-0.03,-0.0315,sl,0.25,-0.10144927536231885
baseline,2026-01-19,KRW-BLAST,bear_quiet,-0.03,-0.0315,sl,0.25,-0.08870967741935487
baseline,2026-01-19,KRW-BLUR,bear_quiet,-0.03,-0.0315,sl,0.25,-0.09426987060998149
baseline,2026-01-25,KRW-RED,bear_volatile,0.05,0.0485,tp,0.75,-0.010869565217391353
baseline,2026-01-25,KRW-BOUNTY,bear_volatile,-0.03,-0.0315,sl,0.5,-0.038147138964577776
baseline,2026-01-25,KRW-CTC,bear_volatile,-0.03,-0.0315,sl,0.5,-0.03389830508474578
baseline,2026-01-26,KRW-ASTR,bear_volatile,0.05,0.0485,tp,2.5,-0.024691358024691246
baseline,2026-01-26,KRW-ZETA,bear_volatile,0.05,0.0485,tp,2.75,-0.027272727272727226
baseline,2026-01-26,KRW-BLAST,bear_volatile,0.05,0.0485,tp,0.25,0.0
baseline,2026-01-27,KRW-PROVE,bear_volatile,-0.03,-0.0315,sl,2.0,-0.03374777975133214
baseline,2026-01-27,KRW-ZRX,bear_volatile,-0.03,-0.0315,sl,11.25,-0.030612244897959218
baseline,2026-01-27,KRW-F,bear_volatile,-0.03,-0.0315,sl,0.5,-0.033099297893681046
baseline,2026-01-28,KRW-PYTH,bear_volatile,0.05,0.0485,tp,14.75,-0.02986725663716816
baseline,2026-01-28,KRW-BEAM,bear_volatile,-0.03,-0.0315,sl,1.75,-0.03105590062111807
baseline,2026-01-28,KRW-ASTR,bear_volatile,-0.03,-0.0315,sl,2.5,-0.035502958579881505
baseline,2026-01-29,KRW-ARKM,bear_volatile,-0.03,-0.0315,sl,0.25,-0.05384615384615388
baseline,2026-01-29,KRW-FLOCK,bear_volatile,-0.03,-0.0315,sl,3.0,-0.04166666666666663
baseline,2026-01-29,KRW-LINEA,bear_volatile,-0.03,-0.0315,sl,0.75,-0.045861297539149914
baseline,2026-01-30,KRW-AUCTION,bear_volatile,-0.03,-0.0315,sl,1.75,-0.03809523809523807
baseline,2026-01-30,KRW-ZKC,bear_volatile,-0.03,-0.0315,sl,6.5,-0.0357142857142857
baseline,2026-01-30,KRW-FLUID,bear_volatile,-0.03,-0.0315,sl,2.25,-0.030632911392405093
baseline,2026-01-31,KRW-OPEN,bear_volatile,-0.03,-0.0315,sl,5.0,-0.03347280334728031
baseline,2026-01-31,KRW-DRIFT,bear_volatile,-0.03,-0.0315,sl,1.75,-0.038461538461538436
baseline,2026-01-31,KRW-BREV,bear_volatile,-0.03,-0.0315,sl,2.0,-0.03135888501742157
baseline,2026-02-01,KRW-JTO,bear_volatile,-0.03,-0.0315,sl,1.75,-0.030368763557483747
baseline,2026-02-01,KRW-LAYER,bear_volatile,-0.03,-0.0315,sl,1.25,-0.03797468354430378
baseline,2026-02-01,KRW-TOSHI,bear_volatile,-0.03,-0.0315,sl,3.0,-0.030581039755351758
baseline,2026-02-02,KRW-SUPER,bear_volatile,-0.03,-0.0315,sl,3.75,-0.032258064516129004
baseline,2026-02-02,KRW-DRIFT,bear_volatile,0.05,0.0485,tp,0.5,-0.012499999999999956
baseline,2026-02-02,KRW-MOVE,bear_volatile,-0.03,-0.0315,sl,3.75,-0.03457446808510645
baseline,2026-02-03,KRW-SAHARA,bear_volatile,-0.03,-0.0315,sl,9.5,-0.03610108303249093
baseline,2026-02-03,KRW-AERO,bear_volatile,-0.03,-0.0315,sl,3.0,-0.03166666666666662
baseline,2026-02-03,KRW-WLD,bear_volatile,-0.03,-0.0315,sl,3.25,-0.03125
baseline,2026-02-04,KRW-COMP,bear_volatile,-0.03,-0.0315,sl,15.75,-0.03165418652144314
baseline,2026-02-04,KRW-WAVES,bear_volatile,0.05,0.0485,tp,2.25,-0.013953488372092981
baseline,2026-02-04,KRW-WAL,bear_volatile,-0.03,-0.0315,sl,12.0,-0.036231884057971064
baseline,2026-02-05,KRW-KITE,bear_volatile,-0.03,-0.0315,sl,4.25,-0.03153153153153154
baseline,2026-02-05,KRW-MON,bear_volatile,-0.03,-0.0315,sl,1.5,-0.03767123287671226
baseline,2026-02-05,KRW-F,bear_volatile,-0.03,-0.0315,sl,1.5,-0.03263403263403253
baseline,2026-02-06,KRW-XRP,bear_volatile,-0.03,-0.0315,sl,0.25,-0.06075808249721293
baseline,2026-02-06,KRW-BERA,bear_volatile,-0.03,-0.0315,sl,0.25,-0.06871609403254975
baseline,2026-02-06,KRW-OPEN,bear_volatile,-0.03,-0.0315,sl,0.25,-0.05882352941176472
baseline,2026-02-07,KRW-BTT,bear_volatile,-0.03,-0.0315,sl,1.0,-0.04743083003952575
baseline,2026-02-07,KRW-G,bear_volatile,-0.03,-0.0315,sl,1.25,-0.034965034965035
baseline,2026-02-07,KRW-GAS,bear_volatile,-0.03,-0.0315,sl,1.5,-0.04322876817138488
baseline,2026-02-08,KRW-F,bear_volatile,0.05,0.0485,tp,0.25,0.0
baseline,2026-02-08,KRW-ZIL,bear_volatile,-0.03,-0.0315,sl,4.5,-0.030448717948718063
baseline,2026-02-08,KRW-AWE,bear_volatile,-0.03,-0.0315,sl,2.75,-0.036036036036036
baseline,2026-02-09,KRW-BOUNTY,bear_volatile,-0.03,-0.0315,sl,1.5,-0.03448275862068961
baseline,2026-02-09,KRW-JST,bear_volatile,-0.03,-0.0315,sl,10.5,-0.030254777070063632
baseline,2026-02-09,KRW-AWE,bear_volatile,0.05,0.0485,tp,5.5,-0.017857142857142905
baseline,2026-02-10,KRW-BAT,bear_volatile,0.05,0.0485,tp,22.25,-0.020942408376963373
baseline,2026-02-10,KRW-DRIFT,bear_volatile,0.05,0.0485,tp,1.25,-0.008000000000000007
baseline,2026-02-10,KRW-AWE,bear_volatile,0.05,0.0485,tp,11.75,-0.01666666666666672
baseline,2026-02-11,KRW-DRIFT,bear_volatile,-0.03,-0.0315,sl,6.25,-0.032786885245901676
baseline,2026-02-11,KRW-F,bear_volatile,0.05,0.0485,tp,2.0,-0.004514672686230181
baseline,2026-02-11,KRW-KAITO,bear_volatile,0.05,0.0485,tp,0.25,-0.015317286652078765
baseline,2026-02-12,KRW-CYBER,bear_volatile,-0.03,-0.0315,sl,0.25,-0.04519119351100809
baseline,2026-02-12,KRW-AWE,bear_volatile,0.05,0.0485,tp,14.0,-0.024793388429752095
baseline,2026-02-12,KRW-DEEP,bear_volatile,0.05,0.0485,tp,6.75,0.0
baseline,2026-02-13,KRW-CKB,bear_volatile,0.03347280334728042,0.03197280334728042,eod,22.25,-0.025104602510460317
baseline,2026-02-13,KRW-AERO,bear_volatile,-0.03,-0.0315,sl,1.0,-0.034324942791762014
baseline,2026-02-13,KRW-CYBER,bear_volatile,-0.03,-0.0315,sl,4.0,-0.03218116805721094
baseline,2026-02-14,KRW-TRUMP,bear_volatile,0.05,0.0485,tp,17.25,-0.002797202797202747
baseline,2026-02-14,KRW-MOC,bear_volatile,0.05,0.0485,tp,0.5,-0.002293577981651418
baseline,2026-02-14,KRW-WAL,bear_volatile,-0.03,-0.0315,sl,5.5,-0.031746031746031744
baseline,2026-02-15,KRW-ARKM,bear_volatile,-0.03,-0.0315,sl,8.75,-0.032432432432432434
baseline,2026-02-15,KRW-WAVES,bear_volatile,0.05,0.0485,tp,0.5,-0.005284015852047519
baseline,2026-02-15,KRW-QKC,bear_volatile,0.05,0.0485,tp,0.25,0.0
baseline,2026-02-16,KRW-FF,bear_volatile,0.05,0.0485,tp,11.75,-0.008474576271186418
baseline,2026-02-16,KRW-AWE,bear_volatile,-0.03,-0.0315,sl,8.0,-0.036231884057971064
baseline,2026-02-16,KRW-COW,bear_volatile,0.05,0.0485,tp,1.75,0.0
baseline,2026-02-17,KRW-BOUNTY,bear_volatile,0.05,0.0485,tp,0.25,0.0
baseline,2026-02-17,KRW-PUNDIX,bear_volatile,-0.03,-0.0315,sl,12.75,-0.03125
baseline,2026-02-17,KRW-AQT,bear_volatile,-0.03,-0.0315,sl,2.25,-0.033047735618115026
baseline,2026-02-18,KRW-CTC,bear_volatile,-0.03,-0.0315,sl,1.5,-0.03125
baseline,2026-02-18,KRW-WET,bear_volatile,-0.03,-0.0315,sl,0.75,-0.03100775193798455
baseline,2026-02-18,KRW-ENSO,bear_volatile,0.05,0.0485,tp,4.75,-0.022820362785254567
baseline,2026-02-19,KRW-ORBS,bear_volatile,-0.03,-0.0315,sl,0.25,-0.03200000000000003
baseline,2026-02-19,KRW-BOUNTY,bear_volatile,-0.03,-0.0315,sl,1.25,-0.03692307692307695
baseline,2026-02-19,KRW-ATOM,bear_volatile,-0.03,-0.0315,sl,14.0,-0.03074712643678157
baseline,2026-02-20,KRW-LSK,bear_volatile,-0.03,-0.0315,sl,1.5,-0.03153153153153154
baseline,2026-02-20,KRW-JTO,bear_volatile,0.05,0.0485,tp,3.0,-0.0071770334928229484
baseline,2026-02-20,KRW-META,bear_volatile,-0.03,-0.0315,sl,0.25,-0.03921568627450989
baseline,2026-02-21,KRW-ELSA,bear_volatile,-0.017391304347826098,-0.0188913043478261,eod,23.5,-0.02608695652173909
baseline,2026-02-21,KRW-KERNEL,bear_volatile,-0.03,-0.0315,sl,12.25,-0.03809523809523807
baseline,2026-02-21,KRW-AKT,bear_volatile,-0.03,-0.0315,sl,1.0,-0.03112033195020747
baseline,2026-02-22,KRW-SIGN,bear_volatile,-0.03,-0.0315,sl,0.75,-0.030534351145038108
baseline,2026-02-22,KRW-AAVE,bear_volatile,-0.03,-0.0315,sl,13.0,-0.0307778399552322
baseline,2026-02-22,KRW-AERO,bear_volatile,0.05,0.0485,tp,10.75,-0.02898550724637683
baseline,2026-02-23,KRW-MOCA,bear_volatile,-0.03,-0.0315,sl,0.5,-0.03984063745019917
baseline,2026-02-23,KRW-CYBER,bear_volatile,-0.03,-0.0315,sl,0.25,-0.03775743707093826
baseline,2026-02-23,KRW-JTO,bear_volatile,-0.03,-0.0315,sl,1.25,-0.035955056179775235
baseline,2026-02-24,KRW-JST,bear_volatile,0.011994002998500619,0.01049400299850062,eod,23.25,-0.016491754122938684
baseline,2026-02-24,KRW-IN,bear_volatile,-0.03,-0.0315,sl,3.5,-0.048289738430583595
baseline,2026-02-24,KRW-ORCA,bear_volatile,0.05,0.0485,tp,2.5,-0.014054813773717534
baseline,2026-02-25,KRW-BIRB,bear_volatile,-0.03,-0.0315,sl,5.75,-0.03688524590163933
baseline,2026-02-25,KRW-SOMI,bear_volatile,0.05,0.0485,tp,0.75,-0.009375000000000022
baseline,2026-02-25,KRW-KERNEL,bear_volatile,0.05,0.0485,tp,0.5,0.0
baseline,2026-02-26,KRW-TAO,bear_volatile,0.05,0.0485,tp,9.25,-0.004634994206257237
baseline,2026-02-26,KRW-NEWT,bear_volatile,-0.03,-0.0315,sl,14.75,-0.030303030303030276
baseline,2026-02-26,KRW-PENGU,bear_volatile,-0.03,-0.0315,sl,11.0,-0.03809523809523818
baseline,2026-02-27,KRW-BIRB,bear_volatile,-0.03,-0.0315,sl,2.0,-0.031746031746031744
baseline,2026-02-27,KRW-SENT,bear_volatile,-0.03,-0.0315,sl,3.0,-0.03370786516853941
baseline,2026-02-27,KRW-CTC,bear_volatile,-0.03,-0.0315,sl,0.75,-0.03658536585365857
baseline,2026-02-28,KRW-CHZ,bear_volatile,-0.03,-0.0315,sl,6.75,-0.03651115618661249
baseline,2026-02-28,KRW-ID,bear_volatile,-0.03,-0.0315,sl,6.5,-0.03686635944700445
baseline,2026-02-28,KRW-DOT,bear_volatile,-0.03,-0.0315,sl,5.0,-0.031196581196581197
baseline,2026-03-01,KRW-ALT,bear_volatile,-0.03,-0.0315,sl,1.25,-0.03669724770642202
baseline,2026-03-01,KRW-GAME2,bear_volatile,-0.02358490566037752,-0.02508490566037752,eod,19.0,-0.028301886792452824
baseline,2026-03-01,KRW-MBL,bear_volatile,-0.022388059701492602,-0.023888059701492603,eod,22.25,-0.02985074626865669
baseline,2026-03-02,KRW-ELF,bear_volatile,-0.03,-0.0315,sl,0.5,-0.04201680672268904
baseline,2026-03-02,KRW-AZTEC,bear_volatile,0.05,0.0485,tp,0.75,-0.009554140127388422
baseline,2026-03-02,KRW-AAVE,bear_volatile,0.05,0.0485,tp,15.25,-0.006038647342995196
baseline,2026-03-03,KRW-IMX,bear_volatile,-0.03,-0.0315,sl,6.0,-0.03319502074688796
baseline,2026-03-03,KRW-YGG,bear_volatile,-0.03,-0.0315,sl,10.25,-0.03460207612456745
baseline,2026-03-03,KRW-JUP,bear_volatile,0.027131782945736482,0.02563178294573648,eod,23.75,-0.019379844961240345
baseline,2026-03-04,KRW-KAITO,bear_volatile,0.05,0.0485,tp,2.75,-0.011131725417439675
baseline,2026-03-04,KRW-LSK,bear_volatile,-0.03,-0.0315,sl,0.75,-0.035532994923857864
baseline,2026-03-04,KRW-STEEM,bear_volatile,-0.03,-0.0315,sl,1.25,-0.032710280373831724
baseline,2026-03-05,KRW-IN,bear_volatile,-0.03,-0.0315,sl,3.0,-0.03809523809523807
baseline,2026-03-05,KRW-MOODENG,bear_volatile,-0.03,-0.0315,sl,16.25,-0.04527296937416769
baseline,2026-03-05,KRW-STRAX,bear_volatile,0.05,0.0485,tp,0.5,-0.018018018018017945
baseline,2026-03-06,KRW-THETA,bear_volatile,-0.03,-0.0315,sl,14.75,-0.03169014084507038
baseline,2026-03-06,KRW-OP,bear_volatile,-0.03,-0.0315,sl,13.75,-0.03260869565217395
baseline,2026-03-06,KRW-FCT2,bear_volatile,-0.03,-0.0315,sl,13.75,-0.032786885245901676
baseline,2026-03-07,KRW-WAXP,bear_volatile,-0.018418201516793076,-0.019918201516793077,eod,16.75,-0.02600216684723733
baseline,2026-03-07,KRW-ASTR,bear_volatile,0.05,0.0485,tp,4.0,-0.02678571428571419
baseline,2026-03-07,KRW-BREV,bear_volatile,-0.03,-0.0315,sl,4.5,-0.03765690376569042
baseline,2026-03-08,KRW-BEAM,bear_volatile,-0.03,-0.0315,sl,4.75,-0.03082191780821908
baseline,2026-03-08,KRW-PLUME,bear_volatile,0.05,0.0485,tp,2.0,-0.023255813953488302
baseline,2026-03-08,KRW-AZTEC,bear_volatile,-0.03,-0.0315,sl,0.5,-0.04307692307692301
baseline,2026-03-09,KRW-KERNEL,bear_volatile,0.05,0.0485,tp,1.75,-0.025000000000000022
baseline,2026-03-09,KRW-CFG,bear_volatile,0.05,0.0485,tp,0.25,0.0
baseline,2026-03-09,KRW-KAVA,bear_volatile,-0.03,-0.0315,sl,0.75,-0.03402061855670102
baseline,2026-03-10,KRW-TAO,bear_volatile,0.05,0.0485,tp,16.75,-0.005606166783461819
baseline,2026-03-10,KRW-DEEP,bear_volatile,0.013363028953229383,0.011863028953229384,eod,24.0,-0.022271714922049046
baseline,2026-03-10,KRW-EDGE,bear_volatile,0.05,0.0485,tp,0.25,0.0
baseline,2026-03-11,KRW-RENDER,bear_volatile,0.05,0.0485,tp,13.5,-0.0116063138347261
baseline,2026-03-11,KRW-LA,bear_volatile,0.05,0.0485,tp,6.5,-0.023391812865497075
baseline,2026-03-11,KRW-TAO,bear_volatile,-0.03,-0.0315,sl,5.75,-0.03038579720040968
baseline,2026-03-12,KRW-ANKR,bear_volatile,-0.016819571865443472,-0.018319571865443474,eod,21.25,-0.025993883792048922
baseline,2026-03-12,KRW-ONG,bear_volatile,0.05,0.0485,tp,0.25,-0.0021645021645021467
baseline,2026-03-12,KRW-CVC,bear_volatile,0.011415525114155223,0.009915525114155223,eod,22.0,-0.013698630136986134
baseline,2026-03-13,KRW-AZTEC,bear_volatile,-0.03,-0.0315,sl,11.75,-0.03188405797101457
baseline,2026-03-13,KRW-W,bear_volatile,-0.03,-0.0315,sl,21.75,-0.03703703703703709
baseline,2026-03-13,KRW-RENDER,bear_volatile,0.05,0.0485,tp,4.25,-0.011322280630812753
baseline,2026-03-14,KRW-MET2,bear_volatile,-0.03,-0.0315,sl,17.5,-0.03200000000000003
baseline,2026-03-14,KRW-MEW,bear_volatile,0.05,0.0485,tp,1.0,-0.011566771819137789
baseline,2026-03-14,KRW-AKT,bear_volatile,0.05,0.0485,tp,0.5,-0.0030911901081916993
baseline,2026-03-15,KRW-BTT,bear_volatile,0.05,0.0485,tp,6.25,-0.010040160642570295
baseline,2026-03-15,KRW-BIRB,bear_volatile,-0.03,-0.0315,sl,0.25,-0.04214559386973182
baseline,2026-03-15,KRW-DEEP,bear_volatile,-0.03,-0.0315,sl,6.75,-0.030828516377649384
baseline,2026-03-16,KRW-MLK,bear_volatile,0.02130325814536338,0.019803258145363378,eod,23.75,-0.013784461152882121
baseline,2026-03-16,KRW-TOKAMAK,bear_volatile,0.029931972789115635,0.028431972789115634,eod,22.75,-0.00952380952380949
baseline,2026-03-16,KRW-IMX,bear_volatile,0.05,0.0485,tp,20.0,-0.020000000000000018
baseline,2026-03-17,KRW-ZKC,bear_volatile,0.008196721311475308,0.006696721311475308,eod,23.75,-0.024590163934426257
baseline,2026-03-17,KRW-ASTR,bear_volatile,0.05,0.0485,tp,10.25,-0.017094017094017033
baseline,2026-03-17,KRW-0G,bear_volatile,-0.019406392694063967,-0.02090639269406397,eod,24.0,-0.029680365296803624
baseline,2026-03-18,KRW-ERA,bear_volatile,-0.03,-0.0315,sl,11.5,-0.032558139534883734
baseline,2026-03-18,KRW-AERGO,bear_volatile,-0.03,-0.0315,sl,12.75,-0.030952380952380842
baseline,2026-03-18,KRW-SNT,bear_volatile,-0.03,-0.0315,sl,11.5,-0.0326797385620915
baseline,2026-03-19,KRW-ANIME,bear_volatile,0.05,0.0485,tp,0.5,-0.005340453938584733
baseline,2026-03-19,KRW-DKA,bear_volatile,-0.03,-0.0315,sl,0.25,-0.057071960297766844
baseline,2026-03-19,KRW-G,bear_volatile,-0.03,-0.0315,sl,0.75,-0.03049759229534521
baseline,2026-03-20,KRW-G,bear_volatile,-0.03,-0.0315,sl,0.25,-0.03109656301145669
baseline,2026-03-20,KRW-TAO,bear_volatile,0.05,0.0485,tp,4.5,-0.02543380080817681
baseline,2026-03-20,KRW-SIGN,bear_volatile,0.05,0.0485,tp,3.5,-0.024169184290030343
baseline,2026-03-21,KRW-ANKR,bear_volatile,0.05,0.0485,tp,0.25,-0.005134788189987138
baseline,2026-03-21,KRW-G,bear_volatile,-0.03,-0.0315,sl,23.25,-0.03409090909090906
baseline,2026-03-21,KRW-ETHFI,bear_volatile,0.05,0.0485,tp,5.25,-0.0117647058823529
baseline,2026-03-22,KRW-G,bear_volatile,-0.03,-0.0315,sl,6.25,-0.031825795644891075
baseline,2026-03-22,KRW-SIGN,bear_volatile,0.05,0.0485,tp,8.25,-0.017955801104972524
baseline,2026-03-22,KRW-CPOOL,bear_volatile,0.05,0.0485,tp,1.25,-0.024390243902438935
baseline,2026-03-23,KRW-CFG,bear_volatile,-0.03,-0.0315,sl,0.75,-0.03535353535353536
baseline,2026-03-23,KRW-G,bear_volatile,0.05,0.0485,tp,1.5,-0.012544802867383575
baseline,2026-03-23,KRW-NXPC,bear_volatile,0.02733485193621865,0.02583485193621865,eod,22.75,-0.02505694760820043
baseline,2026-03-24,KRW-ZETA,bear_volatile,0.05,0.0485,tp,0.25,-0.0072289156626504925
baseline,2026-03-24,KRW-ZRO,bear_volatile,-0.03,-0.0315,sl,4.25,-0.031107044830741115
baseline,2026-03-24,KRW-SHIB,bear_volatile,0.018743109151047488,0.017243109151047487,eod,24.0,-0.01433296582138921
baseline,2026-03-25,KRW-CVC,bear_volatile,0.05,0.0485,tp,0.25,-0.004098360655737654
baseline,2026-03-25,KRW-ICX,bear_volatile,-0.01258992805755399,-0.01408992805755399,eod,21.25,-0.026978417266187105
baseline,2026-03-25,KRW-CELO,bear_volatile,-0.03,-0.0315,sl,3.5,-0.03252032520325199
baseline,2026-03-26,KRW-FCT2,bear_volatile,0.05,0.0485,tp,4.5,-0.020618556701030855
baseline,2026-03-26,KRW-AERO,bear_volatile,0.0,-0.0015,eod,21.75,-0.02400000000000002
baseline,2026-03-26,KRW-RENDER,bear_volatile,-0.03,-0.0315,sl,3.25,-0.030575539568345356
baseline,2026-03-27,KRW-AWE,bear_volatile,-0.03,-0.0315,sl,10.5,-0.03355704697986572
baseline,2026-03-27,KRW-CPOOL,bear_volatile,0.05,0.0485,tp,0.25,-0.013850415512465353
baseline,2026-03-27,KRW-CFG,bear_volatile,-0.03,-0.0315,sl,7.75,-0.0357142857142857
baseline,2026-03-28,KRW-MET2,bear_volatile,-0.03,-0.0315,sl,0.5,-0.03493449781659386
baseline,2026-03-28,KRW-DKA,bear_volatile,-0.03,-0.0315,sl,0.5,-0.03703703703703709
baseline,2026-03-28,KRW-ANKR,bear_volatile,0.05,0.0485,tp,0.25,-0.003811944091486663
baseline,2026-03-29,KRW-ONG,bear_volatile,-0.03,-0.0315,sl,0.25,-0.03575297941495126
baseline,2026-03-29,KRW-SIGN,bear_volatile,-0.03,-0.0315,sl,1.0,-0.03245436105476662
baseline,2026-03-29,KRW-CHZ,bear_volatile,-0.03,-0.0315,sl,11.25,-0.03921568627450989
baseline,2026-03-30,KRW-SIGN,bear_volatile,-0.03,-0.0315,sl,4.25,-0.033530571992110514
baseline,2026-03-30,KRW-KERNEL,bear_volatile,0.05,0.0485,tp,11.0,-0.009345794392523366
baseline,2026-03-30,KRW-SENT,bear_volatile,-0.03,-0.0315,sl,0.5,-0.03546099290780147
baseline,2026-03-31,KRW-KNC,bear_volatile,-0.03,-0.0315,sl,7.25,-0.03539823008849563
baseline,2026-03-31,KRW-BSV,bear_volatile,0.014036786060019457,0.012536786060019458,eod,23.25,-0.009196515004840311
baseline,2026-03-31,KRW-ONG,bear_volatile,-0.03,-0.0315,sl,0.75,-0.04500000000000004
baseline,2026-04-01,KRW-WCT,bear_volatile,-0.03,-0.0315,sl,5.25,-0.03002309468822162
baseline,2026-04-01,KRW-BLAST,bear_volatile,0.05,0.0485,tp,0.25,-0.0014450867052022698
baseline,2026-04-01,KRW-TREE,bear_volatile,-0.03,-0.0315,sl,6.5,-0.03524229074889873
baseline,2026-04-02,KRW-T,bear_volatile,-0.03,-0.0315,sl,13.5,-0.03010752688172058
baseline,2026-04-02,KRW-SEI,bear_volatile,-0.03,-0.0315,sl,2.25,-0.03041362530413627
baseline,2026-04-02,KRW-TAIKO,bear_volatile,-0.03,-0.0315,sl,1.5,-0.035175879396984966
baseline,2026-04-03,KRW-ORBS,bear_volatile,-0.03,-0.0315,sl,1.25,-0.03100775193798455
baseline,2026-04-03,KRW-SAFE,bear_volatile,-0.03,-0.0315,sl,1.0,-0.030120481927710885
baseline,2026-04-03,KRW-ZORA,bear_volatile,-0.01869158878504662,-0.02019158878504662,eod,23.0,-0.028037383177569986
baseline,2026-04-04,KRW-ALT,bear_volatile,-0.03,-0.0315,sl,0.25,-0.0326732673267327
baseline,2026-04-04,KRW-BIO,bear_volatile,0.05,0.0485,tp,8.0,-0.011538461538461608
baseline,2026-04-04,KRW-BLUR,bear_volatile,-0.03,-0.0315,sl,0.5,-0.03322259136212624
baseline,2026-04-05,KRW-BERA,bear_volatile,0.05,0.0485,tp,0.25,-0.021538461538461506
baseline,2026-04-05,KRW-ALGO,bear_volatile,-0.03,-0.0315,sl,8.0,-0.03296703296703296
baseline,2026-04-05,KRW-MON,bear_volatile,-0.03,-0.0315,sl,3.5,-0.03147699757869238
baseline,2026-04-06,KRW-FCT2,bear_volatile,0.016483516483516425,0.014983516483516425,eod,20.25,-0.01098901098901095
baseline,2026-04-06,KRW-1INCH,bear_volatile,-0.007407407407407418,-0.008907407407407418,eod,20.25,-0.007407407407407418
baseline,2026-04-06,KRW-SOMI,bear_volatile,-0.03,-0.0315,sl,21.75,-0.031620553359683834
baseline,2026-04-07,KRW-NEWT,bear_volatile,-0.03,-0.0315,sl,12.75,-0.05490196078431364
baseline,2026-04-07,KRW-PENDLE,bear_volatile,-0.03,-0.0315,sl,12.25,-0.03261578604044357
baseline,2026-04-07,KRW-FLUID,bear_volatile,-0.03,-0.0315,sl,1.75,-0.030252797347699922
baseline,2026-04-08,KRW-SKR,bear_volatile,-0.03,-0.0315,sl,13.0,-0.033333333333333326
baseline,2026-04-08,KRW-AAVE,bear_volatile,-0.03,-0.0315,sl,14.75,-0.030048916841369677
baseline,2026-04-08,KRW-ANIME,bear_volatile,-0.03,-0.0315,sl,22.5,-0.03151862464183386
baseline,2026-04-09,KRW-SAFE,bear_volatile,-0.03,-0.0315,sl,3.75,-0.03743315508021394
baseline,2026-04-09,KRW-OPEN,bear_volatile,0.05,0.0485,tp,3.0,-0.018796992481203034
baseline,2026-04-09,KRW-DRIFT,bear_volatile,0.05,0.0485,tp,1.5,-0.018421052631579005
baseline,2026-04-10,KRW-IN,bear_volatile,-0.03,-0.0315,sl,14.25,-0.0331125827814569
baseline,2026-04-10,KRW-PYTH,bear_volatile,-0.03,-0.0315,sl,1.25,-0.04084507042253527
baseline,2026-04-10,KRW-OPEN,bear_volatile,-0.03,-0.0315,sl,5.5,-0.03260869565217395
baseline,2026-04-11,KRW-WAL,bear_volatile,-0.03,-0.0315,sl,1.25,-0.03539823008849563
baseline,2026-04-11,KRW-A,bear_volatile,-0.008264462809917328,-0.009764462809917327,eod,22.25,-0.024793388429752095
baseline,2026-04-11,KRW-AUCTION,bear_volatile,-0.011954992967651235,-0.013454992967651234,eod,21.75,-0.01898734177215189
baseline,2026-04-12,KRW-BLAST,bear_volatile,0.05,0.0485,tp,0.5,0.0
baseline,2026-04-12,KRW-BLUR,bear_volatile,0.05,0.0485,tp,6.25,-0.024024024024023927
baseline,2026-04-12,KRW-XPL,bear_volatile,-0.03,-0.0315,sl,1.75,-0.04950495049504955
baseline,2026-04-13,KRW-JST,bear_volatile,-0.03,-0.0315,sl,0.75,-0.05932203389830504
baseline,2026-04-13,KRW-WET,bear_volatile,-0.03,-0.0315,sl,0.25,-0.032258064516129004
baseline,2026-04-13,KRW-AHT,bear_volatile,-0.03,-0.0315,sl,1.5,-0.03347280334728031
baseline,2026-04-14,KRW-IMX,bear_volatile,-0.013698630136986356,-0.015198630136986356,eod,22.25,-0.0273972602739726
baseline,2026-04-14,KRW-AXL,bear_volatile,-0.03,-0.0315,sl,7.0,-0.030042918454935785
baseline,2026-04-14,KRW-WCT,bear_volatile,-0.03,-0.0315,sl,4.75,-0.034324942791762014
baseline,2026-04-15,KRW-BIO,bear_volatile,0.05,0.0485,tp,5.0,-0.00694444444444442
baseline,2026-04-15,KRW-JST,bear_volatile,-0.03,-0.0315,sl,11.5,-0.034782608695652195
baseline,2026-04-15,KRW-DKA,bear_volatile,-0.03,-0.0315,sl,0.5,-0.03203883495145632
baseline,2026-04-16,KRW-INJ,bear_volatile,0.05,0.0485,tp,13.0,-0.009810060530160758
baseline,2026-04-16,KRW-FLOCK,bear_volatile,0.05,0.0485,tp,0.25,-0.00111358574610243
baseline,2026-04-16,KRW-ARKM,bear_volatile,0.05,0.0485,tp,5.0,-0.0239520958083832
baseline,2026-04-17,KRW-HBAR,bear_volatile,0.007518796992481258,0.0060187969924812585,eod,24.0,-0.022556390977443663
baseline,2026-04-17,KRW-SONIC,bear_volatile,0.05,0.0485,tp,8.5,-0.010948905109488982
baseline,2026-04-17,KRW-ZK,bear_volatile,0.05,0.0485,tp,17.25,-0.024691358024691468
baseline,2026-04-18,KRW-KNC,bear_volatile,-0.03,-0.0315,sl,11.0,-0.037209302325581395
baseline,2026-04-18,KRW-WLFI,bear_volatile,-0.03,-0.0315,sl,17.0,-0.033333333333333326
baseline,2026-04-18,KRW-BERA,bear_volatile,-0.03,-0.0315,sl,2.0,-0.030441400304414
baseline,2026-04-19,KRW-TREE,bear_volatile,-0.03,-0.0315,sl,0.5,-0.03669724770642202
baseline,2026-04-19,KRW-PENDLE,bear_volatile,-0.03,-0.0315,sl,5.5,-0.03224206349206349
baseline,2026-04-19,KRW-TIA,bear_volatile,-0.03,-0.0315,sl,17.75,-0.03264604810996563
baseline,2026-04-20,KRW-CPOOL,bear_volatile,-0.03,-0.0315,sl,0.25,-0.031630170316301776
baseline,2026-04-20,KRW-IN,bear_volatile,0.05,0.0485,tp,0.5,-0.01588983050847459
baseline,2026-04-20,KRW-ZBT,bear_volatile,0.05,0.0485,tp,2.5,0.0
baseline,2026-04-21,KRW-FLUID,bear_volatile,-0.03,-0.0315,sl,13.5,-0.03216726980297546
baseline,2026-04-21,KRW-MOODENG,bear_volatile,-0.03,-0.0315,sl,3.5,-0.03157894736842104
baseline,2026-04-21,KRW-AXL,bear_volatile,0.05,0.0485,tp,0.25,0.0
baseline,2026-04-22,KRW-OPEN,bear_volatile,0.05,0.0485,tp,2.25,-0.008902077151335286
baseline,2026-04-22,KRW-FLOCK,bear_volatile,-0.03,-0.0315,sl,1.5,-0.03898840885142263
baseline,2026-04-22,KRW-BIRB,bear_volatile,0.05,0.0485,tp,1.0,-0.004950495049504955
baseline,2026-04-23,KRW-BCH,bear_volatile,0.002928257686676483,0.001428257686676483,eod,24.0,-0.013177159590043952
baseline,2026-04-23,KRW-AERO,bear_volatile,-0.03,-0.0315,sl,2.5,-0.033333333333333326
baseline,2026-04-23,KRW-AVNT,bear_volatile,-0.03,-0.0315,sl,2.75,-0.032258064516129004
baseline,2026-04-24,KRW-RED,bear_volatile,0.05,0.0485,tp,0.25,-0.00497512437810943
baseline,2026-04-24,KRW-PLUME,bear_volatile,-0.03,-0.0315,sl,9.25,-0.03448275862068961
baseline,2026-04-24,KRW-CHZ,bear_volatile,-0.03,-0.0315,sl,3.75,-0.0307898259705488
baseline,2026-04-25,KRW-AZTEC,bear_volatile,-0.03,-0.0315,sl,4.75,-0.034782608695652306
baseline,2026-04-25,KRW-FLOCK,bear_volatile,-0.03,-0.0315,sl,5.75,-0.03809523809523807
baseline,2026-04-25,KRW-BIRB,bear_volatile,-0.03,-0.0315,sl,5.25,-0.030042918454935674
baseline,2026-04-26,KRW-AUCTION,bear_quiet,-0.010238907849829393,-0.011738907849829392,eod,22.0,-0.029351535836177445
baseline,2026-04-26,KRW-AWE,bear_quiet,0.05,0.0485,tp,5.0,-0.023427866831072675
baseline,2026-04-26,KRW-FLOCK,bear_quiet,-0.03,-0.0315,sl,14.0,-0.03267326732673259
baseline,2026-04-27,KRW-SKR,bear_quiet,-0.03,-0.0315,sl,5.25,-0.039215686274509776
baseline,2026-04-27,KRW-ZKP,bear_quiet,-0.03,-0.0315,sl,0.25,-0.03816793893129766
baseline,2026-04-27,KRW-ELSA,bear_quiet,-0.03,-0.0315,sl,0.75,-0.03669724770642202
baseline,2026-04-28,KRW-MANTRA,bear_quiet,-0.03,-0.0315,sl,1.5,-0.03105590062111807
baseline,2026-04-28,KRW-OPEN,bear_quiet,0.05,0.0485,tp,3.5,-0.028423772609819098
baseline,2026-04-28,KRW-CHZ,bear_quiet,-0.03,-0.0315,sl,8.5,-0.034805890227577074
baseline,2026-04-29,KRW-WET,bear_quiet,-0.03,-0.0315,sl,15.0,-0.034965034965035
baseline,2026-04-29,KRW-VANA,bear_quiet,-0.03,-0.0315,sl,8.25,-0.03241563055062169
baseline,2026-04-29,KRW-HYPER,bear_quiet,0.05,0.0485,tp,1.25,0.0
baseline,2026-04-30,KRW-RAY,bear_quiet,-0.03,-0.0315,sl,6.25,-0.03122362869198314
baseline,2026-04-30,KRW-HYPER,bear_quiet,0.05,0.0485,tp,5.25,-0.017045454545454586
baseline,2026-04-30,KRW-OPEN,bear_quiet,-0.03,-0.0315,sl,5.5,-0.05569007263922521
baseline,2026-05-01,KRW-AWE,bear_quiet,-0.03,-0.0315,sl,10.25,-0.03073545554335888
baseline,2026-05-01,KRW-SOMI,bear_quiet,-0.03,-0.0315,sl,10.5,-0.03214285714285714
baseline,2026-05-01,KRW-ZKP,bear_quiet,0.05,0.0485,tp,2.0,-0.008333333333333304
baseline,2026-05-02,KRW-FLUID,bear_quiet,-0.03,-0.0315,sl,1.75,-0.03445480340494522
baseline,2026-05-02,KRW-HYPER,bear_quiet,-0.03,-0.0315,sl,15.5,-0.03314917127071826
baseline,2026-05-02,KRW-ZKP,bear_quiet,-0.03,-0.0315,sl,7.25,-0.03200000000000003
baseline,2026-05-03,KRW-ARKM,bear_quiet,-0.03,-0.0315,sl,1.25,-0.03296703296703296
baseline,2026-05-03,KRW-AKT,bear_quiet,0.05,0.0485,tp,3.0,-0.013079667063020217
baseline,2026-05-03,KRW-INJ,bear_quiet,-0.01594331266607618,-0.017443312666076183,eod,22.5,-0.025686448184233823
baseline,2026-05-04,KRW-BAT,bear_quiet,-0.03,-0.0315,sl,0.5,-0.03144654088050314
baseline,2026-05-04,KRW-ELSA,bear_quiet,-0.03,-0.0315,sl,0.25,-0.03389830508474578
baseline,2026-05-04,KRW-IN,bear_quiet,-0.03,-0.0315,sl,10.5,-0.03809523809523807
baseline,2026-05-05,KRW-WLFI,bear_quiet,0.021208907741251393,0.01970890774125139,eod,24.0,-0.018027571580063628
baseline,2026-05-05,KRW-ELSA,bear_quiet,-0.03,-0.0315,sl,1.5,-0.03539823008849563
baseline,2026-05-05,KRW-HOLO,bear_quiet,0.012435233160621895,0.010935233160621895,eod,22.75,-0.007253886010362698
baseline,2026-05-06,KRW-ADA,bear_quiet,0.005154639175257714,0.0036546391752577136,eod,24.0,-0.015463917525773141
baseline,2026-05-06,KRW-ETC,bear_quiet,0.03378378378378377,0.03228378378378377,eod,24.0,-0.0037537537537537524
baseline,2026-05-06,KRW-LINK,bear_quiet,0.01384083044982698,0.01234083044982698,eod,24.0,-0.00622837370242213
baseline,2026-05-07,KRW-ETC,bear_quiet,-0.03,-0.0315,sl,14.75,-0.030501089324618702
baseline,2026-05-07,KRW-APT,bear_quiet,0.0066577896138482195,0.00515778961384822,eod,24.0,-0.025299600532623145
baseline,2026-05-07,KRW-ZORA,bear_quiet,0.010362694300518172,0.008862694300518172,eod,22.5,-0.025906735751295318
baseline,2026-05-08,KRW-0G,bear_quiet,0.025672371638141733,0.024172371638141732,eod,24.0,-0.003667481662591676
baseline,2026-05-08,KRW-MANTRA,bear_quiet,0.05,0.0485,tp,18.5,-0.006578947368421018
baseline,2026-05-08,KRW-JST,bear_quiet,-0.03,-0.0315,sl,17.25,-0.031746031746031744
baseline,2026-05-09,KRW-ADA,bear_quiet,-0.00992555831265507,-0.011425558312655069,eod,24.0,-0.01488833746898266
baseline,2026-05-09,KRW-ANKR,bear_quiet,-0.010484927916120546,-0.011984927916120545,eod,20.75,-0.020969855832241202
baseline,2026-05-09,KRW-AVAX,bear_quiet,0.004791238877481119,0.0032912388774811187,eod,24.0,-0.009582477754962349
baseline,2026-05-10,KRW-EDGE,bear_quiet,-0.005988023952095856,-0.007488023952095855,eod,23.25,-0.029940119760479056
baseline,2026-05-10,KRW-LAYER,bear_quiet,0.05,0.0485,tp,0.25,-0.027210884353741527
baseline,2026-05-10,KRW-AERO,bear_quiet,0.05,0.0485,tp,13.25,-0.025537634408602128
baseline,2026-05-11,KRW-AUCTION,bear_quiet,-0.023917259211376884,-0.025417259211376886,eod,22.25,-0.02650290885585005
baseline,2026-05-11,KRW-GAS,bear_quiet,-0.0038491147036181506,-0.00534911470361815,eod,24.0,-0.02501924557351809
baseline,2026-05-11,KRW-ERA,bear_quiet,0.013636363636363669,0.012136363636363669,eod,22.0,-0.018181818181818188
baseline,2026-05-12,KRW-META,bear_quiet,-0.013333333333333308,-0.014833333333333308,eod,18.5,-0.026666666666666727
baseline,2026-05-12,KRW-AXS,bear_quiet,-0.03,-0.0315,sl,14.0,-0.03241182078169691
baseline,2026-05-12,KRW-TT,bear_quiet,-0.03,-0.0315,sl,2.25,-0.03571428571428559
baseline,2026-05-13,KRW-FF,bear_quiet,-0.03,-0.0315,sl,2.75,-0.03418803418803418
baseline,2026-05-13,KRW-JTO,bear_quiet,0.05,0.0485,tp,5.0,-0.005617977528089901
baseline,2026-05-13,KRW-ATOM,bear_quiet,0.05,0.0485,tp,5.25,-0.003841229193341844
baseline,2026-05-14,KRW-TIA,bear_quiet,0.05,0.0485,tp,15.25,-0.019316493313521588
baseline,2026-05-14,KRW-AKT,bear_quiet,-0.03,-0.0315,sl,3.5,-0.03915426781519182
baseline,2026-05-14,KRW-FF,bear_quiet,-0.03,-0.0315,sl,4.0,-0.031746031746031744
baseline,2026-05-15,KRW-IMX,bear_quiet,-0.03,-0.0315,sl,5.0,-0.030000000000000027
baseline,2026-05-15,KRW-CPOOL,bear_quiet,-0.03,-0.0315,sl,0.5,-0.04485981308411213
baseline,2026-05-15,KRW-SONIC,bear_quiet,-0.03,-0.0315,sl,0.75,-0.030441400304414
baseline,2026-05-16,KRW-ORCA,bear_quiet,0.05,0.0485,tp,2.25,-0.0055223193741371635
baseline,2026-05-16,KRW-LAYER,bear_quiet,-0.03,-0.0315,sl,7.0,-0.034965034965035
baseline,2026-05-16,KRW-FLOCK,bear_quiet,-0.03,-0.0315,sl,1.25,-0.030303030303030276
baseline,2026-05-17,KRW-DKA,bear_quiet,-0.03,-0.0315,sl,0.75,-0.034028540065861534
baseline,2026-05-17,KRW-KITE,bear_quiet,0.006269592476489061,0.004769592476489061,eod,24.0,-0.025078369905956133
baseline,2026-05-17,KRW-ATOM,bear_quiet,-0.004267892317793787,-0.005767892317793786,eod,24.0,-0.02166776099803025
baseline,2026-05-18,KRW-KAITO,bear_quiet,-0.03,-0.0315,sl,1.5,-0.03146374829001364
baseline,2026-05-18,KRW-FF,bear_quiet,0.05,0.0485,tp,2.5,-0.0078125
baseline,2026-05-18,KRW-META,bear_quiet,-0.03,-0.0315,sl,0.25,-0.030487804878048697
baseline,2026-05-19,KRW-AKT,bear_quiet,-0.03,-0.0315,sl,22.25,-0.030742954739538808
baseline,2026-05-19,KRW-BIO,bear_quiet,-0.03,-0.0315,sl,0.25,-0.031088082901554404
baseline,2026-05-19,KRW-CFG,bear_quiet,-0.03,-0.0315,sl,10.75,-0.03448275862068961
baseline,2026-05-20,KRW-STORJ,bear_quiet,-0.03,-0.0315,sl,11.0,-0.034682080924855474
baseline,2026-05-20,KRW-COMP,bear_quiet,-0.0117647058823529,-0.013264705882352899,eod,21.5,-0.020882352941176463
baseline,2026-05-20,KRW-OPEN,bear_quiet,-0.03,-0.0315,sl,11.25,-0.04361370716510904
baseline,2026-05-21,KRW-KAITO,bear_quiet,0.05,0.0485,tp,7.0,0.0
baseline,2026-05-21,KRW-ORCA,bear_quiet,-0.03,-0.0315,sl,11.75,-0.030898876404494402
baseline,2026-05-21,KRW-OPEN,bear_quiet,0.05,0.0485,tp,9.5,0.0
baseline,2026-05-22,KRW-SOMI,bear_quiet,-0.03,-0.0315,sl,17.75,-0.031746031746031744
baseline,2026-05-22,KRW-ALT,bear_quiet,0.05,0.0485,tp,2.75,-0.009259259259259411
baseline,2026-05-22,KRW-AXS,bear_quiet,-0.03,-0.0315,sl,19.75,-0.03527435610302354
baseline,2026-05-23,KRW-2Z,bear_quiet,0.0,-0.0015,eod,23.25,-0.018750000000000044
baseline,2026-05-23,KRW-MOCA,bear_quiet,0.05,0.0485,tp,15.25,-0.010582010582010581
baseline,2026-05-23,KRW-SAFE,bear_quiet,-0.03,-0.0315,sl,5.75,-0.032110091743119296
baseline,2026-05-24,KRW-ZORA,bear_quiet,-0.03,-0.0315,sl,5.5,-0.03508771929824572
baseline,2026-05-24,KRW-ENSO,bear_quiet,-0.03,-0.0315,sl,14.5,-0.0347394540942928
baseline,2026-05-24,KRW-ONG,bear_quiet,-0.03,-0.0315,sl,11.25,-0.032352941176470584
baseline,2026-05-25,KRW-RED,bear_quiet,0.05,0.0485,tp,7.0,-0.010204081632653073
baseline,2026-05-25,KRW-ALT,bear_quiet,-0.03,-0.0315,sl,12.0,-0.03508771929824561
baseline,2026-05-25,KRW-PROVE,bear_quiet,-0.012658227848101222,-0.014158227848101222,eod,24.0,-0.015189873417721489
baseline,2026-05-26,KRW-LA,bear_quiet,-0.03,-0.0315,sl,2.25,-0.03409090909090906
baseline,2026-05-26,KRW-RENDER,bear_quiet,0.05,0.0485,tp,5.5,-0.02063443178318447
baseline,2026-05-26,KRW-INJ,bear_quiet,-0.03,-0.0315,sl,7.25,-0.03848431024274723
baseline,2026-05-27,KRW-JTO,bear_quiet,-0.03,-0.0315,sl,4.75,-0.03263707571801566
baseline,2026-05-27,KRW-FF,bear_quiet,-0.03,-0.0315,sl,4.5,-0.0357142857142857
baseline,2026-05-27,KRW-ARKM,bear_quiet,-0.03,-0.0315,sl,2.0,-0.03083700440528636
baseline,2026-05-28,KRW-ALT,bear_quiet,-0.03,-0.0315,sl,1.5,-0.03571428571428559
baseline,2026-05-28,KRW-ICP,bear_quiet,-0.03,-0.0315,sl,3.75,-0.033516878142207274
baseline,2026-05-28,KRW-GRT,bear_quiet,-0.03,-0.0315,sl,4.0,-0.03731343283582089
baseline,2026-05-29,KRW-BAT,bear_quiet,0.05,0.0485,tp,1.75,0.0
baseline,2026-05-29,KRW-MON,bear_quiet,-0.03,-0.0315,sl,2.75,-0.03361344537815136
baseline,2026-05-29,KRW-XPL,bear_quiet,0.05,0.0485,tp,9.25,-0.014184397163120588
baseline,2026-05-30,KRW-NEWT,bear_quiet,-0.03,-0.0315,sl,3.5,-0.03738317757009346
baseline,2026-05-30,KRW-BARD,bear_quiet,-0.03,-0.0315,sl,11.25,-0.03448275862068961
baseline,2026-05-30,KRW-IOTA,bear_quiet,0.05,0.0485,tp,0.75,-0.0010319917440660964
baseline,2026-05-31,KRW-RENDER,bear_quiet,-0.03,-0.0315,sl,14.25,-0.03676470588235292
baseline,2026-05-31,KRW-VET,bear_quiet,-0.007734806629834279,-0.009234806629834278,eod,23.75,-0.028729281767955972
baseline,2026-05-31,KRW-ZK,bear_quiet,-0.03,-0.0315,sl,14.5,-0.032710280373831724
baseline,2026-06-01,KRW-INJ,bear_quiet,-0.008822003113648114,-0.010322003113648113,eod,1.25,-0.011935651271406278
baseline,2026-06-01,KRW-MANTRA,bear_quiet,0.03100775193798455,0.02950775193798455,eod,1.25,-0.015503875968992276
baseline,2026-06-01,KRW-LAYER,bear_quiet,0.0,-0.0015,eod,1.25,0.0
trail,2024-04-03,KRW-BTC,bull_volatile,0.004674502618346121,0.0031745026183461213,eod,24.0,-0.014273369910361988
trail,2024-04-04,KRW-BTC,bull_volatile,0.029626328988000328,0.028126328988000326,eod,24.0,-0.00936768149882905
trail,2024-04-05,KRW-BTC,bull_volatile,-0.010568656041027746,-0.012068656041027746,eod,24.0,-0.026597616773090693
trail,2024-04-06,KRW-BTC,bull_volatile,0.006484728363063574,0.004984728363063575,eod,24.0,-0.006505056665142006
trail,2024-04-07,KRW-BTC,bull_volatile,0.0037272727272728012,0.002227272727272801,eod,24.0,-0.0002424242424242662
trail,2024-04-08,KRW-BTC,bull_volatile,0.027493483883303638,0.025993483883303636,eod,24.0,-0.0027070816854350976
trail,2024-04-09,KRW-BTC,bull_volatile,-0.03,-0.0315,sl,15.0,-0.031406173444390006
trail,2024-04-10,KRW-BTC,bull_volatile,0.011980806566809887,0.010480806566809888,eod,24.0,-0.01805671518675367
trail,2024-04-11,KRW-BTC,bull_volatile,-0.0005964155425890461,-0.002096415542589046,eod,24.0,-0.0056659476545958265
trail,2024-04-12,KRW-BTC,bull_volatile,-0.007618706610172832,-0.009118706610172831,eod,24.0,-0.01548606552485532
trail,2024-04-13,KRW-BTC,bull_volatile,-0.03,-0.0315,sl,2.0,-0.03290681920818905
trail,2024-04-14,KRW-BTC,bull_volatile,0.018662519440124425,0.017162519440124424,eod,24.0,-0.01924958544900246
trail,2024-04-15,KRW-BTC,bull_volatile,-0.03,-0.0315,sl,19.25,-0.03263890994733698
trail,2024-04-16,KRW-BTC,bull_volatile,-0.03,-0.0315,sl,10.75,-0.03138920542836421
trail,2024-04-17,KRW-BTC,bull_volatile,-0.03,-0.0315,sl,14.5,-0.03657018525685951
trail,2024-04-18,KRW-BTC,bull_volatile,0.009591093515895821,0.008091093515895821,trail,18.25,-0.015737267467929472
trail,2024-04-19,KRW-BTC,bull_volatile,-0.03,-0.0315,sl,2.0,-0.0309234195648449
trail,2024-04-20,KRW-BTC,bull_volatile,0.015151515151515138,0.013651515151515138,eod,24.0,-0.008298533033515354
trail,2024-04-21,KRW-BTC,bull_quiet,0.0002952340784478924,-0.0012047659215521076,eod,24.0,-0.0055672711935892405
trail,2024-04-22,KRW-BTC,bull_quiet,0.02403304148096641,0.02253304148096641,eod,24.0,-0.0030449579079347977
trail,2024-04-23,KRW-BTC,bull_quiet,-0.012279023848455917,-0.013779023848455916,eod,24.0,-0.020495891566141178
trail,2024-04-24,KRW-BTC,bull_quiet,-0.03,-0.0315,sl,19.25,-0.03196594185550272
trail,2024-04-25,KRW-BTC,bull_quiet,-0.00828699743370398,-0.00978699743370398,eod,24.0,-0.02466852010265186
trail,2024-04-26,KRW-BTC,bull_quiet,-0.008732118023738411,-0.01023211802373841,eod,24.0,-0.013971388837981435
trail,2024-04-27,KRW-BTC,bull_quiet,-0.004958947311184847,-0.006458947311184847,eod,24.0,-0.018084932847588497
trail,2024-04-28,KRW-BTC,bull_quiet,-0.010590279675187664,-0.012090279675187663,eod,24.0,-0.014710543284626065
trail,2024-04-29,KRW-BTC,bull_quiet,0.009576618470612974,0.008076618470612975,eod,24.0,-0.022455900058542144
trail,2024-04-30,KRW-BTC,bull_quiet,-0.03,-0.0315,sl,9.75,-0.03171772428884023
trail,2024-05-01,KRW-BTC,bull_quiet,-0.03,-0.0315,sl,1.5,-0.030429594272076366
trail,2024-05-02,KRW-BTC,bull_volatile,-0.03,-0.0315,sl,1.75,-0.03268302614402563
trail,2024-05-03,KRW-BTC,bull_quiet,0.07455232502166176,0.07305232502166176,eod,24.0,-0.0034779050736497563
trail,2024-05-04,KRW-BTC,bull_volatile,0.011333729043240703,0.009833729043240704,eod,24.0,-0.015466284395963759
trail,2024-05-05,KRW-BTC,bull_volatile,-0.0026798666710962094,-0.004179866671096209,eod,24.0,-0.021837591220668195
trail,2024-05-06,KRW-BTC,bull_volatile,-0.014384017758046652,-0.015884017758046654,eod,24.0,-0.017758046614872347
trail,2024-05-07,KRW-BTC,bull_volatile,-0.01334760081099351,-0.01484760081099351,eod,24.0,-0.01441766163550351
trail,2024-05-08,KRW-BTC,bull_volatile,-0.019670072492722235,-0.021170072492722236,eod,24.0,-0.028380615331925374
trail,2024-05-09,KRW-BTC,bull_volatile,0.026131917272219196,0.024631917272219195,eod,24.0,-0.009921743991056498
trail,2024-05-10,KRW-BTC,bull_volatile,-0.03,-0.0315,sl,15.0,-0.03161741340959645
trail,2024-05-11,KRW-BTC,bull_volatile,-0.0005941147689941806,-0.0020941147689941806,eod,24.0,-0.007374012721045653
trail,2024-05-12,KRW-BTC,bull_volatile,0.00850905106596267,0.00700905106596267,eod,24.0,-0.002016528540289775
trail,2024-05-13,KRW-BTC,bull_volatile,0.01626194796638969,0.01476194796638969,eod,24.0,-0.012840813212977142
trail,2024-05-14,KRW-BTC,bull_volatile,-0.016307685309436604,-0.017807685309436605,eod,24.0,-0.0242568289853754
trail,2024-05-15,KRW-BTC,bull_volatile,0.018328325088992736,0.016828325088992735,trail,12.75,-0.003744625768572929
trail,2024-05-16,KRW-BTC,bull_volatile,-0.014232827783869473,-0.015732827783869474,eod,24.0,-0.02020388444376897
trail,2024-05-17,KRW-BTC,bull_volatile,0.01989233699182069,0.01839233699182069,eod,24.0,-0.0015301797686015917
trail,2024-05-18,KRW-BTC,bull_volatile,0.004685205976336482,0.0031852059763364817,eod,24.0,-0.003184644615251697
trail,2024-05-19,KRW-BTC,bull_volatile,-0.009466400189113156,-0.010966400189113155,eod,24.0,-0.013141211613263759
trail,2024-05-20,KRW-BTC,bull_volatile,0.05505234040245166,0.05355234040245166,eod,24.0,-0.0027553289580733997
trail,2024-05-21,KRW-BTC,bull_volatile,-0.005757762697923052,-0.007257762697923052,eod,24.0,-0.017365823565700156
trail,2024-05-22,KRW-BTC,bull_volatile,-0.013399919352337197,-0.014899919352337197,eod,24.0,-0.021475025073151577
trail,2024-05-23,KRW-BTC,bull_volatile,-0.005460014043030315,-0.006960014043030314,eod,24.0,-0.025371773508976014
trail,2024-05-24,KRW-BTC,bull_volatile,0.003340463871355226,0.001840463871355226,eod,24.0,-0.016828772247805546
trail,2024-05-25,KRW-BTC,bull_volatile,0.010775726258743568,0.009275726258743568,eod,24.0,-0.00023105845778981227
trail,2024-05-26,KRW-BTC,bull_volatile,-0.006546134663341641,-0.00804613466334164,eod,24.0,-0.00872817955112215
trail,2024-05-27,KRW-BTC,bull_volatile,0.00434991739339563,0.0028499173933956303,eod,24.0,-0.00610661480226693
trail,2024-05-28,KRW-BTC,bull_volatile,-0.015096304008328953,-0.016596304008328955,eod,24.0,-0.024945340968245744
trail,2024-05-29,KRW-BTC,bull_volatile,-0.007860206647368306,-0.009360206647368306,eod,24.0,-0.01282565977137784
trail,2024-05-30,KRW-BTC,bull_volatile,0.010999893515067694,0.009499893515067694,eod,24.0,-0.0030880630390799357
trail,2024-05-31,KRW-BTC,bull_volatile,-0.005210526315789443,-0.006710526315789443,eod,24.0,-0.013684210526315743
trail,2024-06-01,KRW-BTC,bull_volatile,0.0022856175399983414,0.0007856175399983414,eod,24.0,-0.0015131634639803382
trail,2024-06-02,KRW-BTC,bull_volatile,0.002511555264768539,0.001011555264768539,eod,24.0,-0.0027648213418880463
trail,2024-06-03,KRW-BTC,bull_quiet,0.010463157894736952,0.008963157894736952,eod,24.0,-0.0018421052631578672
trail,2024-06-04,KRW-BTC,bull_quiet,0.015688480530033022,0.014188480530033023,eod,24.0,-0.004937808613038275
trail,2024-06-05,KRW-BTC,bull_quiet,0.009180428761924375,0.007680428761924376,eod,24.0,-0.0021540670838035014
trail,2024-06-06,KRW-BTC,bull_quiet,-0.0005183717030035062,-0.0020183717030035062,eod,24.0,-0.0038217207907709216
trail,2024-06-07,KRW-BTC,bull_quiet,-0.0040886484067492734,-0.005588648406749273,eod,24.0,-0.011208185433427276
trail,2024-06-08,KRW-BTC,bull_quiet,0.002103779654612392,0.0006037796546123921,eod,24.0,-0.0017259163185898707
trail,2024-06-09,KRW-BTC,bull_quiet,-0.001569234845165468,-0.003069234845165468,eod,24.0,-0.004351060252504202
trail,2024-06-10,KRW-BTC,bull_quiet,-0.007215537389138937,-0.008715537389138937,eod,24.0,-0.01023646959166391
trail,2024-06-11,KRW-BTC,bull_quiet,-0.03,-0.0315,sl,9.75,-0.030623258873960446
trail,2024-06-12,KRW-BTC,bull_quiet,0.009555539237797506,0.008055539237797506,trail,19.75,-0.008675219502984444
trail,2024-06-13,KRW-BTC,bull_quiet,-0.013759459628494564,-0.015259459628494563,eod,24.0,-0.01904434298580271
trail,2024-06-14,KRW-BTC,bull_quiet,-0.00672204959096967,-0.00822204959096967,eod,24.0,-0.01704821696577674
trail,2024-06-15,KRW-BTC,bull_quiet,-0.0007342065780653328,-0.002234206578065333,eod,24.0,-0.004607412294235891
trail,2024-06-16,KRW-BTC,bull_quiet,0.0032583348418215863,0.0017583348418215862,eod,24.0,-0.0032157422295102656
trail,2024-06-17,KRW-BTC,bull_quiet,-0.006697162992602368,-0.008197162992602368,eod,24.0,-0.02823209755994016
trail,2024-06-18,KRW-BTC,bull_quiet,-0.03,-0.0315,sl,20.0,-0.03153148340082701
trail,2024-06-19,KRW-BTC,bull_quiet,-0.0010256522166089965,-0.0025256522166089966,eod,24.0,-0.0052264618271885555
trail,2024-06-20,KRW-BTC,bull_quiet,0.002523238921233517,0.001023238921233517,eod,24.0,-0.0005352324984434498
trail,2024-06-21,KRW-BTC,bull_quiet,-0.01602763159328391,-0.01752763159328391,eod,24.0,-0.024820492705302954
trail,2024-06-22,KRW-BTC,bull_quiet,0.0062674403153653024,0.004767440315365303,eod,24.0,-0.001849227089515848
trail,2024-06-23,KRW-BTC,bull_quiet,-0.020115764685168513,-0.021615764685168515,eod,24.0,-0.020258819904483083
trail,2024-06-24,KRW-BTC,bull_quiet,-0.03,-0.0315,sl,9.75,-0.03479236812570141
trail,2024-06-25,KRW-BTC,bull_quiet,0.02286683431779646,0.021366834317796457,eod,24.0,-0.005415521375519039
trail,2024-06-26,KRW-BTC,bull_quiet,-0.01641837119696332,-0.017918371196963323,eod,24.0,-0.017527411591187092
trail,2024-06-27,KRW-BTC,bull_quiet,0.009199461041676349,0.007699461041676349,eod,24.0,-0.008084374854806509
trail,2024-06-28,KRW-BTC,bull_quiet,-0.01976402877697847,-0.021264028776978472,eod,24.0,-0.02457553956834535
trail,2024-06-29,KRW-BTC,bull_quiet,0.007139753631527634,0.005639753631527635,eod,24.0,-0.0006458658712730214
trail,2024-06-30,KRW-BTC,bull_quiet,0.025126799976680436,0.023626799976680435,eod,20.0,-0.004605608348393853
trail,2024-07-01,KRW-BTC,bull_quiet,0.0037875341219291148,0.0022875341219291147,eod,24.0,-0.0035373066424021493
trail,2024-07-02,KRW-BTC,bull_quiet,-0.011454922444170013,-0.012954922444170012,eod,24.0,-0.014412127941626385
trail,2024-07-03,KRW-BTC,bull_quiet,-0.03,-0.0315,sl,10.75,-0.030869714678583682
trail,2024-07-04,KRW-BTC,bull_quiet,-0.03,-0.0315,sl,8.0,-0.03269620653689753
trail,2024-07-05,KRW-BTC,bear_quiet,-0.03,-0.0315,sl,3.5,-0.030974534769833473
trail,2024-07-06,KRW-BTC,bear_quiet,0.021055745950343985,0.019555745950343983,eod,24.0,-0.014546709731502294
trail,2024-07-07,KRW-BTC,bull_quiet,-0.03,-0.0315,sl,21.5,-0.03198551599275801
trail,2024-07-08,KRW-BTC,bear_quiet,0.020769046689421478,0.019269046689421476,trail,11.0,-0.019106515359522347
trail,2024-07-09,KRW-BTC,bear_quiet,0.019180362488975033,0.017680362488975032,eod,24.0,-0.006198834768133765
trail,2024-07-10,KRW-BTC,bear_quiet,-0.0017917433540948213,-0.0032917433540948214,eod,24.0,-0.011542727594066493
trail,2024-07-11,KRW-BTC,bear_quiet,-0.010448453482410969,-0.011948453482410968,eod,24.0,-0.011302883089617466
trail,2024-07-12,KRW-BTC,bear_quiet,0.005797458986061432,0.004297458986061433,eod,24.0,-0.012149993832490491
trail,2024-07-13,KRW-BTC,bear_quiet,0.016591455339186822,0.015091455339186823,eod,24.0,-0.0030411536763623737
trail,2024-07-14,KRW-BTC,bear_quiet,0.030506266510657243,0.02900626651065724,eod,24.0,-0.0004945658074088088
trail,2024-07-15,KRW-BTC,bull_quiet,0.06709586796207412,0.06559586796207412,eod,24.0,-0.0018845838698349215
trail,2024-07-16,KRW-BTC,bull_volatile,-0.03,-0.0315,sl,7.0,-0.036780676158925885
trail,2024-07-17,KRW-BTC,bull_volatile,-0.014951830443159952,-0.016451830443159954,eod,24.0,-0.01590971648775119
trail,2024-07-18,KRW-BTC,bull_volatile,0.0043145846373959795,0.0028145846373959795,eod,24.0,-0.0046387373692211575
trail,2024-07-19,KRW-BTC,bull_volatile,0.035102949360044544,0.03360294936004454,eod,24.0,-0.013077351140790228
trail,2024-07-20,KRW-BTC,bull_volatile,0.011408111479076277,0.009908111479076278,eod,24.0,-0.0028815964904734814
trail,2024-07-21,KRW-BTC,bull_volatile,0.009854049514738561,0.008354049514738561,eod,24.0,-0.01764587075994173
trail,2024-07-22,KRW-BTC,bull_volatile,-0.006768421052631535,-0.008268421052631534,eod,24.0,-0.020526315789473726
trail,2024-07-23,KRW-BTC,bull_volatile,-0.021785244580204477,-0.02328524458020448,eod,24.0,-0.02422468287302193
trail,2024-07-24,KRW-BTC,bull_volatile,-0.007839607911172775,-0.009339607911172774,eod,24.0,-0.012719031922276192
trail,2024-07-25,KRW-BTC,bull_quiet,0.010535403984655911,0.009035403984655912,eod,24.0,-0.02512540846548128
trail,2024-07-26,KRW-BTC,bull_quiet,0.024352527710191918,0.022852527710191917,eod,24.0,-0.0020437956204379937
trail,2024-07-27,KRW-BTC,bull_quiet,-0.0036665645241390488,-0.005166564524139048,eod,24.0,-0.015733471401853327
trail,2024-07-28,KRW-BTC,bull_quiet,0.010833041837589263,0.009333041837589264,eod,24.0,-0.007854485324514271
trail,2024-07-29,KRW-BTC,bull_quiet,-0.01829850151526269,-0.01979850151526269,eod,24.0,-0.02265029413923636
trail,2024-07-30,KRW-BTC,bull_quiet,-0.008728166230436374,-0.010228166230436373,eod,24.0,-0.01901607820095086
trail,2024-07-31,KRW-BTC,bull_quiet,-0.02634982217911408,-0.02784982217911408,eod,24.0,-0.02634982217911408
trail,2024-08-01,KRW-BTC,bull_volatile,0.015971930135257884,0.014471930135257884,eod,24.0,-0.02595577003962546
trail,2024-08-02,KRW-BTC,bull_volatile,-0.03,-0.0315,sl,15.0,-0.031474359672727714
trail,2024-08-03,KRW-BTC,bull_volatile,-0.008466853537276053,-0.009966853537276053,eod,24.0,-0.019506061759582916
trail,2024-08-04,KRW-BTC,bear_volatile,-0.03,-0.0315,sl,16.25,-0.030876980710612623
trail,2024-08-05,KRW-BTC,bear_volatile,-0.03,-0.0315,sl,1.0,-0.03187942006327027
trail,2024-08-06,KRW-BTC,bear_volatile,0.03057105391715731,0.029071053917157308,trail,0.5,-5.14231352685135e-05
trail,2024-08-07,KRW-BTC,bear_volatile,-0.022178978619364798,-0.0236789786193648,eod,24.0,-0.02973829304193798
trail,2024-08-13,KRW-BTC,bear_volatile,0.010186642950713365,0.008686642950713365,trail,19.5,-0.013905080101433764
trail,2024-08-14,KRW-BTC,bear_volatile,-0.025181174412143736,-0.026681174412143738,eod,24.0,-0.028006667691252818
trail,2024-08-15,KRW-BTC,bear_volatile,-0.03,-0.0315,sl,21.0,-0.03566229985443958
trail,2024-08-16,KRW-BTC,bear_volatile,0.014374907457677333,0.012874907457677333,eod,24.0,-0.009229554316173894
trail,2024-08-17,KRW-BTC,bear_volatile,0.008079333211656659,0.006579333211656659,eod,24.0,-0.0017399768814260197
trail,2024-08-18,KRW-BTC,bear_volatile,-0.015950060974873503,-0.017450060974873505,eod,24.0,-0.015950060974873503
trail,2024-08-19,KRW-BTC,bear_volatile,0.002208588957055113,0.0007085889570551131,eod,24.0,-0.01717791411042946
trail,2024-08-20,KRW-BTC,bear_volatile,-0.011349445383089685,-0.012849445383089684,eod,24.0,-0.014410245108842035
trail,2024-08-21,KRW-BTC,bear_volatile,0.02661267352726293,0.02511267352726293,eod,24.0,-0.0022786095528228856
trail,2024-08-22,KRW-BTC,bear_volatile,-0.010820265379975824,-0.012320265379975824,eod,24.0,-0.019541616405307605
trail,2024-08-23,KRW-BTC,bear_volatile,0.04374969516656102,0.04224969516656102,eod,24.0,-0.00012193337560362227
trail,2024-08-24,KRW-BTC,bear_volatile,0.0019509345794392896,0.0004509345794392896,eod,24.0,-0.0051985981308411144
trail,2024-08-25,KRW-BTC,bear_volatile,0.005209365203305172,0.003709365203305172,eod,24.0,-0.00462666216042984
trail,2024-08-26,KRW-BTC,bear_volatile,-0.021243042671614143,-0.022743042671614144,eod,24.0,-0.021243042671614143
trail,2024-08-27,KRW-BTC,bear_volatile,-0.03,-0.0315,sl,22.0,-0.03147805895175815
trail,2024-08-28,KRW-BTC,bear_volatile,-0.0046697221638850595,-0.006169722163885059,eod,24.0,-0.01725820598663319
trail,2024-08-29,KRW-BTC,bear_volatile,0.0021335185690540825,0.0006335185690540825,eod,24.0,-0.005792750998536267
trail,2024-08-30,KRW-BTC,bear_volatile,-0.0037897083410737276,-0.005289708341073727,eod,24.0,-0.018824695027555904
trail,2024-08-31,KRW-BTC,bear_volatile,-0.002200425166896669,-0.003700425166896669,eod,24.0,-0.005345665659692411
trail,2024-09-01,KRW-BTC,bear_volatile,-0.02489414694894143,-0.026394146948941433,eod,24.0,-0.02490660024906599
trail,2024-09-02,KRW-BTC,bear_volatile,0.024290257078272814,0.022790257078272813,eod,24.0,-0.0008684213887080183
trail,2024-09-03,KRW-BTC,bear_volatile,-0.02461151195683331,-0.02611151195683331,eod,24.0,-0.024885665507744847
trail,2024-09-04,KRW-BTC,bear_volatile,0.005992078701929193,0.004492078701929194,eod,24.0,-0.025833652740513635
trail,2024-09-05,KRW-BTC,bear_volatile,-0.03,-0.0315,sl,15.5,-0.03129326001092214
trail,2024-09-06,KRW-BTC,bear_volatile,-0.03,-0.0315,sl,15.0,-0.034966592427616905
trail,2024-09-07,KRW-BTC,bear_volatile,-5.431535495081796e-05,-0.001554315354950818,eod,24.0,-0.007685622725544516
trail,2024-09-08,KRW-BTC,bear_quiet,0.010822922324823514,0.009322922324823514,eod,24.0,-0.008799565453557867
trail,2024-09-09,KRW-BTC,bear_quiet,0.038098308682276816,0.036598308682276814,eod,24.0,-0.004648101129784088
trail,2024-09-10,KRW-BTC,bear_quiet,0.010533807829181452,0.009033807829181452,eod,24.0,-0.010909090909090868
trail,2024-09-11,KRW-BTC,bear_quiet,-0.03,-0.0315,sl,14.0,-0.031015097770549782
trail,2024-09-12,KRW-BTC,bear_quiet,0.011737180232933797,0.010237180232933797,eod,24.0,-0.0007885110068380774
trail,2024-09-13,KRW-BTC,bear_quiet,0.033998134638234756,0.032498134638234755,eod,24.0,-0.007269800304079532
trail,2024-09-14,KRW-BTC,bear_quiet,-0.0050166810824169294,-0.006516681082416929,eod,24.0,-0.010997158037810428
trail,2024-09-15,KRW-BTC,bear_quiet,-0.01035716059808256,-0.01185716059808256,eod,24.0,-0.017808355272962095
trail,2024-09-16,KRW-BTC,bear_quiet,-0.015334228457416721,-0.016834228457416722,eod,24.0,-0.02448206196433722
trail,2024-09-17,KRW-BTC,bear_quiet,0.028657796808890357,0.027157796808890355,trail,20.0,-0.008844369679359754
trail,2024-09-18,KRW-BTC,bear_quiet,0.018344099807682923,0.016844099807682922,eod,24.0,-0.013659450663247696
trail,2024-09-19,KRW-BTC,bear_quiet,0.015604760117671201,0.014104760117671202,eod,24.0,-0.0038376330157500194
trail,2024-09-20,KRW-BTC,bear_quiet,0.005888593532083375,0.004388593532083375,eod,24.0,-0.006126998128523908
trail,2024-09-21,KRW-BTC,bear_quiet,0.00048587409935541004,-0.00101412590064459,eod,24.0,-0.004550625711035261
trail,2024-09-22,KRW-BTC,bear_quiet,0.004737708607232216,0.003237708607232216,eod,24.0,-0.01217591112058658
trail,2024-09-23,KRW-BTC,bear_quiet,-0.0024399443645536367,-0.003939944364553636,eod,24.0,-0.011857893868313707
trail,2024-09-24,KRW-BTC,bear_quiet,0.007302375044310638,0.005802375044310639,eod,24.0,-0.007337823466855742
trail,2024-09-25,KRW-BTC,bear_quiet,-0.010393205705705677,-0.011893205705705677,eod,24.0,-0.01205893393393398
trail,2024-09-26,KRW-BTC,bear_quiet,0.01941632488561207,0.017916324885612067,eod,24.0,-0.006661767146345476
trail,2024-09-27,KRW-BTC,bear_quiet,0.01175129147856846,0.01025129147856846,eod,24.0,-0.000826080886117242
trail,2024-09-28,KRW-BTC,bear_quiet,-0.0025989558177510474,-0.004098955817751047,eod,24.0,-0.010982313300673896
trail,2024-09-29,KRW-BTC,bear_quiet,-0.00891261486665662,-0.01041261486665662,eod,24.0,-0.010734339509517965
trail,2024-09-30,KRW-BTC,bear_quiet,-0.03,-0.0315,sl,10.25,-0.03370250587496215
trail,2024-10-01,KRW-BTC,bear_quiet,-0.03,-0.0315,sl,20.75,-0.033799116206855384
trail,2024-10-02,KRW-BTC,bear_quiet,0.0025398773006135578,0.0010398773006135577,eod,24.0,-0.006871165644171784
trail,2024-10-03,KRW-BTC,bear_quiet,0.008775257933836711,0.007275257933836711,eod,24.0,-0.00495673565300403
trail,2024-10-04,KRW-BTC,bear_quiet,0.017038628171988313,0.015538628171988313,eod,24.0,-0.004405286343612369
trail,2024-10-05,KRW-BTC,bear_quiet,0.0018137559066393472,0.00031375590663934713,eod,24.0,-0.003496253162140195
trail,2024-10-06,KRW-BTC,bear_quiet,0.006381180280248033,0.004881180280248034,eod,24.0,-0.0047263592747359695
trail,2024-10-07,KRW-BTC,bear_quiet,-0.005850585058505886,-0.007350585058505886,eod,24.0,-0.006537495854848641
trail,2024-10-08,KRW-BTC,bear_quiet,0.0023468585451860147,0.0008468585451860146,eod,24.0,-0.0011198208286674616
trail,2024-10-09,KRW-BTC,bear_quiet,-0.020846456458954776,-0.022346456458954778,eod,24.0,-0.02319970524964643
trail,2024-10-10,KRW-BTC,bear_quiet,-0.003058883507519705,-0.004558883507519705,eod,24.0,-0.02121796972676404
trail,2024-10-11,KRW-BTC,bear_quiet,0.028247555734131957,0.026747555734131956,eod,24.0,-0.004651106159671792
trail,2024-10-12,KRW-BTC,bear_quiet,0.005991711071640093,0.004491711071640094,eod,24.0,-0.001420959147424461
trail,2024-10-13,KRW-BTC,bear_quiet,-0.002247138134287119,-0.003747138134287119,eod,18.75,-0.013023989081967557
trail,2024-10-14,KRW-BTC,bear_quiet,0.0455049420867637,0.0440049420867637,eod,24.0,-0.005685169021726333
trail,2024-10-15,KRW-BTC,bull_quiet,0.011962770758122687,0.010462770758122688,trail,14.75,-0.012748194945848335
trail,2024-10-16,KRW-BTC,bull_quiet,0.012063898893037939,0.010563898893037939,eod,24.0,-0.0035793985726595423
trail,2024-10-17,KRW-BTC,bull_quiet,0.0012553214714550176,-0.00024467852854498243,eod,24.0,-0.0050212858858202924
trail,2024-10-18,KRW-BTC,bull_quiet,0.017132021186163637,0.015632021186163636,eod,24.0,-0.0027027616120665066
trail,2024-10-19,KRW-BTC,bull_quiet,-0.0003856123738725792,-0.0018856123738725792,eod,24.0,-0.006309046894749204
trail,2024-10-20,KRW-BTC,bull_quiet,0.0062043248108698545,0.004704324810869855,eod,24.0,-0.003921904802726028
trail,2024-10-21,KRW-BTC,bull_quiet,-0.018530154098465368,-0.02003015409846537,eod,24.0,-0.02600611282094978
trail,2024-10-22,KRW-BTC,bull_quiet,0.007769012923036778,0.006269012923036778,eod,24.0,-0.01162096765443088
trail,2024-10-23,KRW-BTC,bull_quiet,-0.0054049980081182225,-0.006904998008118222,eod,24.0,-0.02171689438720026
trail,2024-10-24,KRW-BTC,bull_quiet,0.018424898511502086,0.016924898511502084,eod,24.0,-0.003193504736129893
trail,2024-10-25,KRW-BTC,bull_quiet,-0.0033483210561561227,-0.004848321056156122,eod,24.0,-0.01748567662659306
trail,2024-10-26,KRW-BTC,bull_quiet,0.0024636846483649943,0.0009636846483649943,eod,24.0,-0.004959365201254284
trail,2024-10-27,KRW-BTC,bull_quiet,0.008787888459778959,0.007287888459778959,eod,24.0,-0.0009894353834860592
trail,2024-10-28,KRW-BTC,bull_quiet,0.027176664135661888,0.025676664135661886,eod,24.0,-0.0032059394246182205
trail,2024-10-29,KRW-BTC,bull_quiet,0.02786254761244744,0.02636254761244744,trail,20.5,-0.002063633843594981
trail,2024-10-30,KRW-BTC,bull_quiet,-0.0071964461994077356,-0.008696446199407735,eod,24.0,-0.021372161895360287
trail,2024-10-31,KRW-BTC,bull_quiet,-0.03,-0.0315,sl,21.0,-0.03252428632508375
trail,2024-11-01,KRW-BTC,bull_quiet,-0.008429142204827156,-0.009929142204827155,eod,24.0,-0.026418786692759322
trail,2024-11-02,KRW-BTC,bull_quiet,-0.0012945515817159858,-0.002794551581715986,eod,24.0,-0.005198754764669022
trail,2024-11-03,KRW-BTC,bull_quiet,-0.03,-0.0315,sl,15.0,-0.03165475027004783
trail,2024-11-04,KRW-BTC,bull_quiet,-0.03,-0.0315,sl,22.0,-0.030254096908956418
trail,2024-11-05,KRW-BTC,bull_quiet,0.019339689677480898,0.017839689677480897,trail,20.0,-0.0035104837255671706
trail,2024-11-06,KRW-BTC,bull_quiet,0.05455237224001008,0.05305237224001008,trail,3.25,-0.0009563807226912191
trail,2024-11-07,KRW-BTC,bull_quiet,0.0002882259691598943,-0.0012117740308401057,eod,24.0,-0.017245520488062605
trail,2024-11-08,KRW-BTC,bull_quiet,0.02559106136671252,0.02409106136671252,eod,24.0,-0.0006527352486633831
trail,2024-11-09,KRW-BTC,bull_quiet,-0.0051570031353830315,-0.006657003135383031,eod,24.0,-0.00909729046749963
trail,2024-11-10,KRW-BTC,bull_quiet,0.024770918396146646,0.023270918396146645,trail,21.25,-0.0022955199729053355
trail,2024-11-11,KRW-BTC,bull_quiet,0.08511432160804011,0.08361432160804011,trail,22.5,-0.0014985642498205332
trail,2024-11-12,KRW-BTC,bull_volatile,-0.03,-0.0315,sl,0.5,-0.032078472958642634
trail,2024-11-13,KRW-BTC,bull_volatile,0.027764323614857034,0.026264323614857032,trail,19.25,-0.017446839160951133
trail,2024-11-14,KRW-BTC,bull_volatile,-0.03,-0.0315,sl,22.25,-0.030340876271358397
trail,2024-11-15,KRW-BTC,bull_volatile,0.017052524222335608,0.015552524222335608,trail,14.75,-0.0014003221550391576
trail,2024-11-16,KRW-BTC,bull_volatile,-0.008249562937062915,-0.009749562937062915,eod,24.0,-0.01590596903096908
trail,2024-11-17,KRW-BTC,bull_volatile,-0.005175804294816344,-0.006675804294816344,eod,24.0,-0.014772280342956079
trail,2024-11-18,KRW-BTC,bull_volatile,0.005321462176501646,0.0038214621765016456,eod,24.0,-0.0026567775502297497
trail,2024-11-19,KRW-BTC,bull_volatile,0.02027654119016531,0.018776541190165308,eod,24.0,-0.0007236003838227978
trail,2024-11-20,KRW-BTC,bull_volatile,0.026744069508368495,0.025244069508368494,eod,24.0,-0.009737030783819378
trail,2024-11-21,KRW-BTC,bull_volatile,0.02067022075386693,0.01917022075386693,trail,14.75,-0.0013440456525003475
trail,2024-11-22,KRW-BTC,bull_volatile,-0.03,-0.0315,sl,13.5,-0.048325428675665805
trail,2024-11-23,KRW-BTC,bull_volatile,-0.006421730141219606,-0.007921730141219606,eod,24.0,-0.01960855938456596
trail,2024-11-24,KRW-BTC,bull_volatile,-0.03,-0.0315,sl,12.75,-0.033080882352941154
trail,2024-11-25,KRW-BTC,bull_volatile,-0.03,-0.0315,sl,21.75,-0.03317904635956215
trail,2024-11-26,KRW-BTC,bull_volatile,-0.007766332026103551,-0.00926633202610355,eod,24.0,-0.018298649367059383
trail,2024-11-27,KRW-BTC,bull_volatile,0.03260093167701861,0.031100931677018606,eod,24.0,-0.006987577639751552
trail,2024-11-28,KRW-BTC,bull_volatile,0.0010451206400048374,-0.00045487935999516263,eod,24.0,-0.011736930352859831
trail,2024-11-29,KRW-BTC,bull_volatile,0.01049990987201821,0.00899990987201821,eod,24.0,-0.002208135552484558
trail,2024-11-30,KRW-BTC,bull_volatile,-0.006250836170117902,-0.007750836170117901,eod,24.0,-0.007001531120393589
trail,2024-12-01,KRW-BTC,bull_volatile,0.0005982560835164907,-0.0009017439164835093,eod,24.0,-0.003178235443681676
trail,2024-12-02,KRW-BTC,bull_volatile,-0.001995485867176905,-0.003495485867176905,eod,24.0,-0.011524491412684412
trail,2024-12-03,KRW-BTC,bull_volatile,-0.03,-0.0315,sl,13.75,-0.04401488882065263
trail,2024-12-04,KRW-BTC,bull_volatile,0.037690696978761595,0.036190696978761594,eod,24.0,-0.0016527071492671297
trail,2024-12-05,KRW-BTC,bull_volatile,0.009908838684106192,0.008408838684106192,trail,2.75,-0.012863474219003357
trail,2024-12-06,KRW-BTC,bull_volatile,0.013374448185831334,0.011874448185831334,eod,24.0,-0.010916284245205521
trail,2024-12-07,KRW-BTC,bull_volatile,-0.003170686216840468,-0.004670686216840468,eod,24.0,-0.012223640980760675
trail,2024-12-08,KRW-BTC,bull_volatile,0.014643448226235867,0.013143448226235867,eod,24.0,-0.00251852917895945
trail,2024-12-09,KRW-BTC,bull_volatile,-0.03,-0.0315,sl,22.5,-0.03655285843920142
trail,2024-12-10,KRW-BTC,bull_volatile,-0.005247095743302621,-0.006747095743302621,eod,24.0,-0.024788748614450018
trail,2024-12-11,KRW-BTC,bull_volatile,0.03549799211316529,0.03399799211316529,eod,24.0,-0.012336746137983412
trail,2024-12-12,KRW-BTC,bull_quiet,-0.0024736044049723516,-0.003973604404972351,eod,24.0,-0.007763204785096844
trail,2024-12-13,KRW-BTC,bull_quiet,0.011360134472615302,0.009860134472615302,eod,24.0,-0.00545594621095391
trail,2024-12-14,KRW-BTC,bull_quiet,0.01035089176913706,0.008850891769137061,eod,24.0,-0.0031779661016949623
trail,2024-12-15,KRW-BTC,bull_quiet,0.022723690612429515,0.021223690612429513,eod,24.0,-0.0016652161697287005
trail,2024-12-16,KRW-BTC,bull_quiet,0.0278740041408978,0.0263740041408978,eod,24.0,-0.001521009360572978
trail,2024-12-17,KRW-BTC,bull_quiet,0.011864174755382928,0.010364174755382928,eod,24.0,-0.003376726661147411
trail,2024-12-18,KRW-BTC,bull_quiet,-0.03,-0.0315,sl,4.75,-0.03140018811766376
trail,2024-12-24,KRW-BTC,bull_quiet,0.015983373104456966,0.014483373104456966,trail,20.25,-0.013302916004786502
trail,2024-12-25,KRW-BTC,bull_quiet,0.008506320148196522,0.007006320148196523,eod,24.0,-0.009786694998365486
trail,2024-12-26,KRW-BTC,bull_quiet,-0.03,-0.0315,sl,8.75,-0.03141361256544506
trail,2024-12-27,KRW-BTC,bull_quiet,-0.013227696922564203,-0.014727696922564202,eod,24.0,-0.017706365959337833
trail,2024-12-28,KRW-BTC,bull_quiet,0.0013722054508222836,-0.0001277945491777164,eod,24.0,-0.004362909638511825
trail,2024-12-29,KRW-BTC,bull_quiet,-0.01806670133374555,-0.01956670133374555,eod,24.0,-0.026042471856422056
trail,2024-12-30,KRW-BTC,bull_quiet,-0.013866739135098838,-0.015366739135098837,eod,24.0,-0.02760475144996455
trail,2024-12-31,KRW-BTC,bull_quiet,0.019935008885503924,0.018435008885503923,trail,16.75,-0.013295615275813244
trail,2025-01-01,KRW-BTC,bull_quiet,0.013816950514369264,0.012316950514369264,eod,24.0,-0.0028265205102084856
trail,2025-01-02,KRW-BTC,bull_quiet,0.01787407480788561,0.016374074807885608,eod,22.0,-0.002844567724770375
trail,2025-01-03,KRW-BTC,bull_quiet,0.005610088426672544,0.004110088426672544,eod,24.0,-0.008543740615093665
trail,2025-01-04,KRW-BTC,bull_quiet,0.0006360047838620542,-0.0008639952161379459,eod,24.0,-0.004009595376521791
trail,2025-01-05,KRW-BTC,bull_quiet,-0.00046281265758074674,-0.0019628126575807468,eod,24.0,-0.008662195113527282
trail,2025-01-06,KRW-BTC,bull_quiet,0.03822954308337545,0.03672954308337545,eod,24.0,-0.001727342449095226
trail,2025-01-07,KRW-BTC,bull_quiet,-0.03,-0.0315,sl,15.25,-0.03024857741838871
trail,2025-01-08,KRW-BTC,bull_quiet,-0.016720883492530536,-0.018220883492530537,eod,24.0,-0.02672854982077366
trail,2025-01-09,KRW-BTC,bull_quiet,-0.01850746268656711,-0.020007462686567112,eod,24.0,-0.02503950834064972
trail,2025-01-10,KRW-BTC,bull_quiet,0.0193848928070528,0.0178848928070528,eod,24.0,-0.0004364999856885099
trail,2025-01-11,KRW-BTC,bull_quiet,-0.005911060625184095,-0.007411060625184094,eod,24.0,-0.010090173475254871
trail,2025-01-12,KRW-BTC,bull_quiet,0.002243101405112524,0.0007431014051125242,eod,24.0,-0.0054031939506800075
trail,2025-01-13,KRW-BTC,bull_quiet,-0.03,-0.0315,sl,12.75,-0.032194490195250336
trail,2025-01-14,KRW-BTC,bull_quiet,0.009802403805556414,0.008302403805556415,eod,24.0,-0.0029836462408872055
trail,2025-01-15,KRW-BTC,bull_quiet,0.026214593231437933,0.02471459323143793,eod,24.0,-0.0038245579814136788
trail,2025-01-16,KRW-BTC,bull_quiet,-0.004337820499765832,-0.005837820499765832,eod,24.0,-0.021770563916664987
trail,2025-01-17,KRW-BTC,bull_quiet,0.038492810902896135,0.036992810902896134,trail,24.0,-0.0006064735945485733
trail,2025-01-18,KRW-BTC,bull_quiet,0.022088248028655055,0.020588248028655054,eod,24.0,-0.005910754818478803
trail,2025-01-19,KRW-BTC,bull_quiet,-0.03,-0.0315,sl,23.75,-0.030933727202671513
trail,2025-01-20,KRW-BTC,bull_quiet,0.03934090909090915,0.03784090909090915,trail,7.0,-0.012389610389610395
trail,2025-01-21,KRW-BTC,bull_quiet,0.028363517702724828,0.026863517702724826,eod,24.0,-0.014273127753303916
trail,2025-01-22,KRW-BTC,bull_quiet,-0.0163228005153232,-0.0178228005153232,eod,24.0,-0.019578475734748135
trail,2025-01-23,KRW-BTC,bull_quiet,0.0007290369615287062,-0.0007709630384712938,eod,24.0,-0.019348511925883383
trail,2025-01-24,KRW-BTC,bull_quiet,0.013113105369023659,0.01161310536902366,eod,24.0,-0.007169013358089615
trail,2025-01-25,KRW-BTC,bull_quiet,0.00019087612139712107,-0.001309123878602879,eod,24.0,-0.001787873003753937
trail,2025-01-26,KRW-BTC,bull_quiet,-0.006997455470737934,-0.008497455470737934,eod,24.0,-0.007633587786259555
trail,2025-01-27,KRW-BTC,bull_quiet,-0.03,-0.0315,sl,7.5,-0.030832799487508056
trail,2025-01-28,KRW-BTC,bull_quiet,0.006454986154054598,0.004954986154054599,eod,24.0,-0.007339319257160248
trail,2025-01-29,KRW-BTC,bull_quiet,0.018855944432686123,0.01735594443268612,eod,24.0,-0.0009876923274264593
trail,2025-01-30,KRW-BTC,bull_quiet,-0.0045323211149509435,-0.006032321114950943,eod,24.0,-0.006288595546994458
trail,2025-01-31,KRW-BTC,bull_quiet,-0.010127574566006214,-0.011627574566006214,eod,24.0,-0.016322969743712945
trail,2025-02-01,KRW-BTC,bull_quiet,0.0047898837654873905,0.0032898837654873904,eod,24.0,-0.004419466087622892
trail,2025-02-02,KRW-BTC,bull_quiet,-0.03,-0.0315,sl,21.75,-0.031270846701694444
trail,2025-02-03,KRW-BTC,bull_quiet,-0.03,-0.0315,sl,1.5,-0.03604545454545449
trail,2025-02-04,KRW-BTC,bull_quiet,-0.03,-0.0315,sl,5.5,-0.0323416573440275
trail,2025-02-05,KRW-BTC,bull_quiet,-0.017451667315427577,-0.01895166731542758,eod,24.0,-0.020371091215777848
trail,2025-02-06,KRW-BTC,bull_quiet,-0.000620666886761323,-0.002120666886761323,eod,24.0,-0.009501485638824692
trail,2025-02-07,KRW-BTC,bull_quiet,-0.011614770182149736,-0.013114770182149736,eod,24.0,-0.017369300801405974
trail,2025-02-08,KRW-BTC,bull_quiet,-0.005340837689335687,-0.006840837689335686,eod,24.0,-0.0107485194048208
trail,2025-02-09,KRW-BTC,bull_quiet,-0.00869197235227337,-0.010191972352273369,eod,24.0,-0.017975052561579385
trail,2025-02-10,KRW-BTC,bull_quiet,0.000826547065758021,-0.0006734529342419791,eod,24.0,-0.010853511470034327
trail,2025-02-11,KRW-BTC,bull_quiet,-0.012123508240197034,-0.013623508240197034,eod,24.0,-0.018266446567261063
trail,2025-02-12,KRW-BTC,bull_quiet,0.012408069353712081,0.010908069353712082,eod,24.0,-0.017838311626059644
trail,2025-02-13,KRW-BTC,bull_quiet,-0.013317911881281841,-0.01481791188128184,eod,24.0,-0.022090553684238956
trail,2025-02-14,KRW-BTC,bull_quiet,0.0051371037434329025,0.0036371037434329025,eod,24.0,-0.0036487839672980638
trail,2025-02-15,KRW-BTC,bull_quiet,0.006482384971784549,0.00498238497178455,eod,24.0,-0.0023950706579961567
trail,2025-02-16,KRW-BTC,bull_quiet,-0.012731944435028453,-0.014231944435028452,eod,24.0,-0.013687857196124864
trail,2025-02-17,KRW-BTC,bull_quiet,-0.008480686695279016,-0.009980686695279016,eod,24.0,-0.01020429184549354
trail,2025-02-18,KRW-BTC,bull_quiet,-0.004584805041900397,-0.006084805041900397,eod,24.0,-0.02275780871251476
trail,2025-02-19,KRW-BTC,bull_quiet,0.003839732888146985,0.002339732888146985,eod,24.0,-0.01050361713967729
trail,2025-02-20,KRW-BTC,bull_quiet,0.009735715176628634,0.008235715176628635,eod,24.0,-0.004330834153304597
trail,2025-02-21,KRW-BTC,bull_quiet,-0.03,-0.0315,sl,21.0,-0.03009216368490042
trail,2025-02-22,KRW-BTC,bull_quiet,-0.004136019763316123,-0.005636019763316123,eod,24.0,-0.006319502277960076
trail,2025-02-23,KRW-BTC,bull_quiet,-0.007024247703070974,-0.008524247703070973,eod,24.0,-0.01647186086370145
trail,2025-02-24,KRW-BTC,bull_quiet,-0.03,-0.0315,sl,15.75,-0.032029199765156946
trail,2025-02-25,KRW-BTC,bull_quiet,-0.03,-0.0315,sl,7.75,-0.037431414840882415
trail,2025-02-26,KRW-BTC,bull_quiet,-0.03,-0.0315,sl,14.25,-0.03172339359364762
trail,2025-02-27,KRW-BTC,bull_quiet,0.01765945835878635,0.01615945835878635,trail,15.0,-0.005497861942577842
trail,2025-02-28,KRW-BTC,bull_quiet,-0.03,-0.0315,sl,1.75,-0.03495064467380471
trail,2025-03-01,KRW-BTC,bull_quiet,0.015272411826600996,0.013772411826600996,trail,6.5,-0.009293247335319998
trail,2025-03-02,KRW-BTC,bull_volatile,0.010854114713217067,0.009354114713217067,trail,15.75,-0.014463840399002503
trail,2025-03-03,KRW-BTC,bull_volatile,-0.03,-0.0315,sl,1.5,-0.033859649122807034
trail,2025-03-04,KRW-BTC,bull_volatile,-0.03,-0.0315,sl,1.75,-0.03927446007224655
trail,2025-03-05,KRW-BTC,bull_volatile,0.025787156357388374,0.024287156357388373,trail,13.75,-0.010646784486990635
trail,2025-03-06,KRW-BTC,bull_volatile,-0.008296910882287567,-0.009796910882287567,eod,24.0,-0.027927994666271605
trail,2025-03-07,KRW-BTC,bull_volatile,-0.03,-0.0315,sl,0.75,-0.03958672623227599
trail,2025-03-08,KRW-BTC,bull_volatile,-0.007651209833078543,-0.009151209833078542,eod,24.0,-0.01646052408085108
trail,2025-03-09,KRW-BTC,bull_volatile,-0.03,-0.0315,sl,14.0,-0.035534574075082204
trail,2025-03-10,KRW-BTC,bull_volatile,0.01134179892431364,0.00984179892431364,trail,9.5,-0.016019630036599786
trail,2025-03-11,KRW-BTC,bear_volatile,0.019802204349121277,0.018302204349121276,trail,13.25,-0.023252053278862927
trail,2025-03-12,KRW-BTC,bull_volatile,0.005185341469748028,0.003685341469748028,eod,24.0,-0.024985393404310607
trail,2025-03-13,KRW-BTC,bull_volatile,-0.03,-0.0315,sl,16.25,-0.030846606550362865
trail,2025-03-14,KRW-BTC,bear_volatile,0.03046183536301328,0.028961835363013277,eod,24.0,-0.003984494576429132
trail,2025-03-15,KRW-BTC,bull_volatile,0.0011707238302853806,-0.0003292761697146194,eod,24.0,-0.005288442129909976
trail,2025-03-16,KRW-BTC,bull_volatile,-0.018256150564860185,-0.019756150564860187,eod,24.0,-0.02413456653737911
trail,2025-03-17,KRW-BTC,bull_volatile,0.008881038448899092,0.007381038448899093,eod,24.0,-0.0037791652974038525
trail,2025-03-18,KRW-BTC,bull_volatile,-0.012451038672323556,-0.013951038672323555,eod,24.0,-0.026473725783991986
trail,2025-03-19,KRW-BTC,bear_volatile,0.048832376805857836,0.047332376805857834,eod,24.0,-0.0027458935285968877
trail,2025-03-20,KRW-BTC,bull_volatile,-0.022776231583250817,-0.024276231583250818,eod,24.0,-0.02581882793213519
trail,2025-03-21,KRW-BTC,bull_volatile,0.0013753830562459601,-0.0001246169437540399,eod,24.0,-0.008855536520039564
trail,2025-03-22,KRW-BTC,bull_volatile,-0.0028112449799196915,-0.004311244979919691,eod,24.0,-0.004016064257028162
trail,2025-03-23,KRW-BTC,bull_volatile,0.02244865082561409,0.02094865082561409,eod,24.0,-0.0009987917841320915
trail,2025-03-24,KRW-BTC,bull_volatile,0.01148212934947046,0.00998212934947046,trail,23.5,-0.005641704488149268
trail,2025-03-25,KRW-BTC,bull_volatile,-0.0005198231049732271,-0.002019823104973227,eod,24.0,-0.010768872682132002
trail,2025-03-26,KRW-BTC,bull_volatile,-0.002064864697023827,-0.003564864697023827,eod,24.0,-0.012591017062303034
trail,2025-03-27,KRW-BTC,bull_volatile,0.001127913127353164,-0.0003720868726468361,eod,24.0,-0.012103674663181851
trail,2025-03-28,KRW-BTC,bull_volatile,-0.03,-0.0315,sl,16.5,-0.030800071483516045
trail,2025-03-29,KRW-BTC,bull_volatile,-0.03,-0.0315,sl,17.5,-0.03015103338632752
trail,2025-03-30,KRW-BTC,bear_volatile,-0.0018495384265944104,-0.0033495384265944104,eod,24.0,-0.008566283238963579
trail,2025-03-31,KRW-BTC,bear_volatile,0.0013247078328431083,-0.0001752921671568917,eod,18.75,-0.014490515742080157
trail,2025-04-01,KRW-BTC,bear_volatile,0.027782061375386524,0.026282061375386523,eod,24.0,-0.0033195626942836842
trail,2025-04-02,KRW-BTC,bull_volatile,-0.03,-0.0315,sl,23.0,-0.030497820456124813
trail,2025-04-03,KRW-BTC,bear_volatile,0.0036646741697476948,0.0021646741697476947,eod,24.0,-0.014593546915973143
trail,2025-04-04,KRW-BTC,bear_volatile,0.0013388075687255085,-0.00016119243127449149,eod,24.0,-0.017396384408165932
trail,2025-04-05,KRW-BTC,bear_volatile,-0.0008832419029406458,-0.0023832419029406458,eod,24.0,-0.01114991613253491
trail,2025-04-06,KRW-BTC,bear_volatile,-0.03,-0.0315,sl,18.5,-0.0328992738631293
trail,2025-04-07,KRW-BTC,bear_volatile,-0.03,-0.0315,sl,6.5,-0.035373605520903406
trail,2025-04-08,KRW-BTC,bear_volatile,-0.03,-0.0315,sl,22.75,-0.03135640595619249
trail,2025-04-09,KRW-BTC,bear_volatile,0.03300697834877764,0.03150697834877764,trail,17.5,-0.01701354620645079
trail,2025-04-10,KRW-BTC,bear_volatile,-0.03,-0.0315,sl,15.75,-0.03000684033987422
trail,2025-04-11,KRW-BTC,bear_volatile,0.012999347064759359,0.01149934706475936,trail,14.5,-0.008640792341154446
trail,2025-04-12,KRW-BTC,bear_volatile,0.017299300123507555,0.015799300123507554,eod,24.0,-0.006867023466447075
trail,2025-04-13,KRW-BTC,bear_volatile,-0.01618424140414476,-0.017684241404144763,eod,24.0,-0.02199438406823273
trail,2025-04-14,KRW-BTC,bear_volatile,0.009187593048027187,0.007687593048027188,eod,24.0,-0.0006004425179104711
trail,2025-04-15,KRW-BTC,bear_volatile,-0.00436859178117921,-0.005868591781179209,eod,24.0,-0.004710906808808923
trail,2025-04-16,KRW-BTC,bear_volatile,-0.0024886618530707283,-0.003988661853070728,eod,24.0,-0.007809813841544333
trail,2025-04-17,KRW-BTC,bear_volatile,0.006975789905621754,0.005475789905621755,eod,24.0,-0.0028559704554780296
trail,2025-04-18,KRW-BTC,bear_volatile,-0.0031059191808850972,-0.004605919180885097,eod,24.0,-0.003374935802851531
trail,2025-04-19,KRW-BTC,bear_volatile,0.003532644249640171,0.002032644249640171,eod,24.0,-0.0014555802695276343
trail,2025-04-20,KRW-BTC,bear_volatile,0.00021186440677967155,-0.0012881355932203285,eod,24.0,-0.009362777053455007
trail,2025-04-21,KRW-BTC,bear_volatile,0.028440845322861952,0.02694084532286195,eod,24.0,-0.0004562266794844172
trail,2025-04-22,KRW-BTC,bear_volatile,0.06065768621236134,0.05915768621236134,eod,24.0,-0.005150554675118824
trail,2025-04-23,KRW-BTC,bull_volatile,0.0038623595505618002,0.0023623595505618,eod,24.0,-0.01707805402820939
trail,2025-04-24,KRW-BTC,bull_volatile,0.002061426030526947,0.0005614260305269471,eod,24.0,-0.01745142253280052
trail,2025-04-25,KRW-BTC,bull_volatile,0.013183205709999202,0.011683205709999202,eod,24.0,-0.005822891986839052
trail,2025-04-26,KRW-BTC,bull_volatile,-0.00042473106468365884,-0.0019247310646836589,eod,24.0,-0.009204947384608642
trail,2025-04-27,KRW-BTC,bull_volatile,-0.010071415491668234,-0.011571415491668234,eod,24.0,-0.010071415491668234
trail,2025-04-28,KRW-BTC,bull_volatile,0.012252145605208709,0.010752145605208709,eod,24.0,-0.010654039656703196
trail,2025-04-29,KRW-BTC,bull_volatile,-0.0037275252156117045,-0.005227525215611704,eod,24.0,-0.00818593772840226
trail,2025-05-05,KRW-WAL,bull_volatile,-0.03,-0.0315,sl,1.25,-0.034131310737141485
trail,2025-05-05,KRW-LAYER,bull_volatile,-0.03,-0.0315,sl,1.5,-0.030612244897959218
trail,2025-05-05,KRW-BONK,bull_volatile,0.03654645736105211,0.03504645736105211,trail,4.75,-0.013576580398812044
trail,2025-05-06,KRW-SONIC,bull_volatile,0.02177745664739872,0.020277456647398717,trail,2.0,-0.022398843930635848
trail,2025-05-06,KRW-DRIFT,bull_volatile,-0.03,-0.0315,sl,0.75,-0.030725022104332367
trail,2025-05-06,KRW-SIGN,bull_volatile,-0.03,-0.0315,sl,8.5,-0.04766107678729026
trail,2025-05-07,KRW-SIGN,bull_quiet,-0.03,-0.0315,sl,6.25,-0.04014598540145975
trail,2025-05-07,KRW-BERA,bull_quiet,0.009437984496124097,0.007937984496124097,trail,13.5,-0.018895348837209336
trail,2025-05-07,KRW-KAITO,bull_quiet,0.029927219796215265,0.028427219796215264,trail,0.5,-0.013828238719068464
trail,2025-05-08,KRW-G,bull_quiet,0.02380408939610068,0.02230408939610068,trail,13.5,-0.024726581074655196
trail,2025-05-08,KRW-SIGN,bull_quiet,0.01519848771266541,0.01369848771266541,trail,15.5,-0.020793950850661602
trail,2025-05-08,KRW-WCT,bull_quiet,0.021354609929078006,0.019854609929078004,trail,0.25,0.0
trail,2025-05-09,KRW-MASK,bull_volatile,0.040036036036036116,0.038536036036036114,trail,8.75,-0.00540540540540535
trail,2025-05-09,KRW-BTC,bull_volatile,-0.006690257657856913,-0.008190257657856912,eod,24.0,-0.008210770761915342
trail,2025-05-09,KRW-HP,bull_volatile,-0.03,-0.0315,sl,4.25,-0.032956152758132906
trail,2025-05-10,KRW-ARK,bull_quiet,0.02402597402597406,0.02252597402597406,eod,24.0,-0.016233766233766267
trail,2025-05-10,KRW-BTT,bull_quiet,0.0830627306273064,0.0815627306273064,trail,0.25,0.0
trail,2025-05-10,KRW-INJ,bull_quiet,0.02289361702127657,0.021393617021276568,trail,9.0,-0.009726443768997006
trail,2025-05-11,KRW-TRX,bull_quiet,0.0027100271002709064,0.0012100271002709064,eod,24.0,-0.01897018970189701
trail,2025-05-11,KRW-EGLD,bull_quiet,-0.03,-0.0315,sl,0.5,-0.0331292761973353
trail,2025-05-11,KRW-IOST,bull_quiet,0.08528925619834715,0.08378925619834715,trail,0.25,0.0
trail,2025-05-12,KRW-GAME2,bull_quiet,0.030852483320978452,0.02935248332097845,trail,1.75,-0.0011119347664937385
trail,2025-05-12,KRW-BSV,bull_quiet,0.015955486002434238,0.014455486002434239,trail,8.0,-0.004520952877760442
trail,2025-05-12,KRW-A,bull_quiet,0.029907407407407494,0.028407407407407492,trail,8.25,-0.02546296296296291
trail,2025-05-13,KRW-TRX,bull_quiet,-0.03,-0.0315,sl,2.25,-0.03125
trail,2025-05-13,KRW-MINA,bull_quiet,-0.03,-0.0315,sl,1.5,-0.031862745098039214
trail,2025-05-13,KRW-SAFE,bull_quiet,-0.03,-0.0315,sl,0.75,-0.031525851197982346
trail,2025-05-14,KRW-CBK,bull_quiet,-0.017936117936117935,-0.019436117936117936,eod,23.5,-0.029484029484029506
trail,2025-05-14,KRW-TT,bull_quiet,-0.0027088036117380865,-0.004208803611738086,eod,24.0,-0.01399548532731365
trail,2025-05-14,KRW-PYTH,bull_quiet,0.026753633991800196,0.025253633991800195,trail,1.5,-0.021617592247484163
trail,2025-05-15,KRW-UNI,bull_quiet,-0.03,-0.0315,sl,7.5,-0.03170338527673289
trail,2025-05-15,KRW-AAVE,bull_quiet,-0.03,-0.0315,sl,7.75,-0.031196911196911148
trail,2025-05-15,KRW-ARKM,bull_quiet,0.026396135265700504,0.024896135265700503,trail,1.75,-0.0019323671497584183
trail,2025-05-16,KRW-SNT,bull_quiet,0.05491790040376876,0.05341790040376876,trail,0.25,0.0
trail,2025-05-16,KRW-MASK,bull_quiet,0.025658021133525555,0.024158021133525553,trail,1.0,-0.018251681075888593
trail,2025-05-16,KRW-PENDLE,bull_quiet,0.024537698067212288,0.023037698067212287,trail,2.75,-0.002960125370015665
trail,2025-05-17,KRW-A,bull_quiet,-0.03,-0.0315,sl,1.5,-0.03269069572506289
trail,2025-05-17,KRW-PUNDIX,bull_quiet,0.021053442168489145,0.019553442168489144,trail,0.75,-0.016941321423071032
trail,2025-05-17,KRW-WAVES,bull_quiet,0.014485294117646985,0.012985294117646986,trail,0.25,-0.007352941176470562
trail,2025-05-18,KRW-ANIME,bull_quiet,0.014255319148936296,0.012755319148936297,trail,2.75,-0.02401215805471124
trail,2025-05-18,KRW-PENGU,bull_quiet,0.028628137769994177,0.027128137769994176,trail,6.0,-0.0005837711617044938
trail,2025-05-18,KRW-BERA,bull_quiet,0.01867244525547429,0.01717244525547429,trail,12.0,-0.005930656934306611
trail,2025-05-19,KRW-PENGU,bull_quiet,-0.03,-0.0315,sl,1.0,-0.030760928224500828
trail,2025-05-19,KRW-BONK,bull_quiet,-0.03,-0.0315,sl,1.0,-0.031860226104830414
trail,2025-05-19,KRW-MEW,bull_quiet,-0.03,-0.0315,sl,1.5,-0.032642167932662836
trail,2025-05-20,KRW-AAVE,bull_quiet,0.03624910317118668,0.03474910317118668,trail,1.75,-0.0035873152532645003
trail,2025-05-20,KRW-MASK,bull_quiet,-0.03,-0.0315,sl,1.0,-0.03179779861394216
trail,2025-05-20,KRW-KAITO,bull_quiet,-0.03,-0.0315,sl,7.25,-0.03082064611956925
trail,2025-05-21,KRW-CVC,bull_quiet,-0.03,-0.0315,sl,2.5,-0.03376623376623378
trail,2025-05-21,KRW-PENDLE,bull_quiet,-0.03,-0.0315,sl,17.5,-0.03375322997416019
trail,2025-05-21,KRW-TAIKO,bull_quiet,-0.03,-0.0315,sl,1.25,-0.031278748850046
trail,2025-05-22,KRW-IMX,bull_quiet,0.02270356234096682,0.02120356234096682,trail,11.25,-0.008481764206955011
trail,2025-05-22,KRW-CVC,bull_quiet,-0.03,-0.0315,sl,1.5,-0.030739673390970168
trail,2025-05-22,KRW-PEPE,bull_quiet,0.01662105263157887,0.01512105263157887,trail,1.75,-0.002631578947368318
trail,2025-05-23,KRW-CTC,bull_quiet,-0.03,-0.0315,sl,12.0,-0.03280318091451295
trail,2025-05-23,KRW-STRAX,bull_quiet,0.013381668946648384,0.011881668946648384,trail,12.75,-0.021203830369357024
trail,2025-05-23,KRW-AGLD,bull_quiet,0.009912790697674367,0.008412790697674368,trail,4.5,-0.0021802325581394832
trail,2025-05-24,KRW-CVC,bull_quiet,0.014004819277108282,0.012504819277108283,trail,0.25,-0.002409638554216831
trail,2025-05-24,KRW-JUP,bull_quiet,0.010542516352443076,0.009042516352443077,trail,1.5,-0.008849557522124019
trail,2025-05-24,KRW-JTO,bull_quiet,-0.005751258087706712,-0.007251258087706712,eod,22.75,-0.010783608914450071
trail,2025-05-25,KRW-AERGO,bull_quiet,0.05142857142857138,0.04992857142857138,trail,0.25,-0.017978620019436398
trail,2025-05-25,KRW-ANIME,bull_quiet,-0.03,-0.0315,sl,2.25,-0.03177620858229224
trail,2025-05-25,KRW-ARDR,bull_quiet,0.019306594153637002,0.017806594153637,trail,0.25,-0.024473147518694782
trail,2025-05-26,KRW-ANIME,bull_quiet,-0.03,-0.0315,sl,0.25,-0.036610343061955986
trail,2025-05-26,KRW-MASK,bull_quiet,0.022809421841541555,0.021309421841541554,trail,11.75,-0.016274089935760183
trail,2025-05-26,KRW-PENDLE,bull_quiet,-0.03,-0.0315,sl,19.5,-0.03081914030819144
trail,2025-05-27,KRW-COW,bull_quiet,0.032335264301230904,0.030835264301230902,trail,11.5,-0.02425778421433744
trail,2025-05-27,KRW-SNT,bull_quiet,-0.03,-0.0315,sl,0.25,-0.03183692166743002
trail,2025-05-27,KRW-JUP,bull_quiet,0.012076095947063825,0.010576095947063826,trail,0.25,-0.0025995509866476585
trail,2025-05-28,KRW-PUNDIX,bull_quiet,0.018023174157303368,0.016523174157303366,trail,0.25,-0.001228932584269704
trail,2025-05-28,KRW-COW,bull_quiet,-0.03,-0.0315,sl,1.0,-0.030512285209571166
trail,2025-05-28,KRW-PYTH,bull_quiet,-0.03,-0.0315,sl,19.75,-0.0374804789172305
trail,2025-05-29,KRW-UNI,bull_quiet,0.01651664224408611,0.015016642244086111,trail,0.5,-0.0060707557044169524
trail,2025-05-29,KRW-ANIME,bull_quiet,-0.03,-0.0315,sl,5.0,-0.0350431691213815
trail,2025-05-29,KRW-VIRTUAL,bull_quiet,0.025876193409300807,0.024376193409300806,trail,1.0,-0.003695719125346497
trail,2025-05-30,KRW-COW,bull_quiet,0.019978284473398444,0.018478284473398443,trail,0.25,-0.028850628199162398
trail,2025-05-30,KRW-ICX,bull_quiet,0.013409090909090926,0.011909090909090926,trail,0.5,-0.005681818181818232
trail,2025-05-30,KRW-SIGN,bull_quiet,0.014855252274607045,0.013355252274607045,trail,0.5,-0.012406947890818865
trail,2025-05-31,KRW-ATH,bull_quiet,-0.03,-0.0315,sl,0.25,-0.051704705550859376
trail,2025-05-31,KRW-ICX,bull_quiet,0.013033707865168553,0.011533707865168554,trail,0.75,-0.028089887640449396
trail,2025-05-31,KRW-SOPH,bull_quiet,-0.03,-0.0315,sl,0.25,-0.05531312654794207
trail,2025-06-01,KRW-CRO,bull_quiet,0.02323529411764702,0.02173529411764702,trail,0.25,-0.002005347593582729
trail,2025-06-01,KRW-MEW,bull_quiet,0.023288869451126182,0.02178886945112618,trail,1.75,-0.0017493986442160825
trail,2025-06-01,KRW-VANA,bull_quiet,-0.03,-0.0315,sl,0.25,-0.035995623632385065
trail,2025-06-02,KRW-COW,bull_quiet,-0.03,-0.0315,sl,2.25,-0.03894247945694884
trail,2025-06-02,KRW-DEEP,bull_quiet,-0.03,-0.0315,sl,3.0,-0.030612244897959107
trail,2025-06-02,KRW-ANIME,bull_quiet,0.017692307692307674,0.016192307692307673,trail,1.75,-0.010714285714285676
trail,2025-06-03,KRW-DKA,bull_quiet,-0.0008643042350907626,-0.0023643042350907626,eod,21.75,-0.009075194468452952
trail,2025-06-03,KRW-MLK,bull_quiet,0.010273609885260493,0.008773609885260493,trail,10.75,-0.004854368932038833
trail,2025-06-03,KRW-ICX,bull_quiet,0.012307692307692353,0.010807692307692353,trail,4.25,-0.01098901098901095
trail,2025-06-04,KRW-ICX,bull_quiet,0.02716577540106946,0.025665775401069457,trail,3.0,-0.021390374331550777
trail,2025-06-04,KRW-COMP,bull_quiet,0.04135844197650096,0.03985844197650096,trail,9.75,-0.015451472718493453
trail,2025-06-04,KRW-ATH,bull_quiet,0.014388427384703473,0.012888427384703473,trail,6.0,-0.012890289315382275
trail,2025-06-05,KRW-SNT,bull_quiet,0.034998758380928585,0.033498758380928584,trail,0.5,-0.02309411472560219
trail,2025-06-05,KRW-MASK,bull_quiet,-0.03,-0.0315,sl,1.75,-0.03109696376101856
trail,2025-06-05,KRW-POKT,bull_quiet,0.09603066439522978,0.09453066439522978,trail,0.25,-0.0009734728644440471
trail,2025-06-06,KRW-ICX,bull_quiet,-0.03,-0.0315,sl,1.25,-0.035532994923857864
trail,2025-06-06,KRW-MANTRA,bull_quiet,0.040203925567167786,0.038703925567167785,trail,11.75,-0.010451185317359224
trail,2025-06-06,KRW-MASK,bull_quiet,0.0192585220204029,0.0177585220204029,trail,5.0,-0.005722816621050009
trail,2025-06-07,KRW-IOST,bull_quiet,-0.03,-0.0315,sl,0.5,-0.034510759236703215
trail,2025-06-07,KRW-VIRTUAL,bull_quiet,-0.03,-0.0315,sl,16.75,-0.03205870992661264
trail,2025-06-07,KRW-ICX,bull_quiet,0.013627450980392197,0.012127450980392198,trail,0.25,-0.004901960784313708
trail,2025-06-08,KRW-PENGU,bull_quiet,-0.03,-0.0315,sl,7.75,-0.03495007132667616
trail,2025-06-08,KRW-POKT,bull_quiet,0.010394081661687204,0.008894081661687205,trail,0.75,-0.025465926874377653
trail,2025-06-08,KRW-NXPC,bull_quiet,-0.03,-0.0315,sl,5.25,-0.030718595721338504
trail,2025-06-09,KRW-LPT,bull_quiet,-0.03,-0.0315,sl,3.0,-0.03205128205128205
trail,2025-06-09,KRW-SNT,bull_quiet,-0.03,-0.0315,sl,3.0,-0.050438077196305886
trail,2025-06-09,KRW-PENGU,bull_quiet,0.027280701754385905,0.025780701754385904,trail,13.75,-0.015350877192982337
trail,2025-06-10,KRW-MOC,bull_quiet,-0.004545454545454519,-0.006045454545454519,eod,23.0,-0.023835920177383674
trail,2025-06-10,KRW-ALGO,bull_quiet,0.02323529411764702,0.02173529411764702,trail,13.75,-0.003676470588235281
trail,2025-06-10,KRW-AHT,bull_quiet,0.0018552875695734272,0.0003552875695734272,eod,23.25,-0.014285714285714235
trail,2025-06-11,KRW-PUNDIX,bull_quiet,-0.03,-0.0315,sl,20.0,-0.03366856143419317
trail,2025-06-11,KRW-CBK,bull_quiet,-0.007882882882882969,-0.009382882882882968,eod,23.5,-0.021677927927927887
trail,2025-06-11,KRW-DOT,bull_quiet,-0.015675583574714547,-0.017175583574714548,eod,24.0,-0.02555801669790425
trail,2025-06-12,KRW-GAME2,bull_quiet,-0.03,-0.0315,sl,4.0,-0.030808187381304086
trail,2025-06-12,KRW-ZETA,bull_quiet,-0.03,-0.0315,sl,4.75,-0.032452325192371956
trail,2025-06-12,KRW-A,bull_quiet,-0.03,-0.0315,sl,0.25,-0.030303030303030276
trail,2025-06-13,KRW-ARDR,bull_quiet,-0.03,-0.0315,sl,0.25,-0.034596375617792496
trail,2025-06-13,KRW-COMP,bull_quiet,-0.03,-0.0315,sl,0.75,-0.033257646587418144
trail,2025-06-13,KRW-UNI,bull_quiet,-0.03,-0.0315,sl,0.25,-0.03139534883720929
trail,2025-06-14,KRW-MASK,bull_quiet,-0.014388489208633115,-0.015888489208633116,eod,24.0,-0.02466598150051391
trail,2025-06-14,KRW-COMP,bull_quiet,-0.03,-0.0315,sl,0.5,-0.05521314843348746
trail,2025-06-14,KRW-UNI,bull_quiet,-0.03,-0.0315,sl,1.25,-0.033333333333333326
trail,2025-06-15,KRW-WCT,bull_quiet,0.02833492640030566,0.02683492640030566,trail,10.25,-0.0143376027528197
trail,2025-06-15,KRW-AWE,bull_quiet,-0.01651754989676535,-0.01801754989676535,eod,23.75,-0.02174810736407451
trail,2025-06-15,KRW-STRAX,bull_quiet,0.043885677585099536,0.042385677585099535,trail,0.25,0.0
trail,2025-06-16,KRW-BORA,bull_quiet,0.05228992944194988,0.05078992944194988,trail,0.25,0.0
trail,2025-06-16,KRW-BCH,bull_quiet,-0.00015708451146712044,-0.0016570845114671205,eod,24.0,-0.024348099277411217
trail,2025-06-16,KRW-AXL,bull_quiet,-0.03,-0.0315,sl,0.75,-0.03611017803157546
trail,2025-06-17,KRW-BORA,bull_quiet,-0.03,-0.0315,sl,0.25,-0.044117647058823484
trail,2025-06-17,KRW-JTO,bull_quiet,0.03488262910798112,0.03338262910798112,trail,9.0,-0.014755197853789426
trail,2025-06-17,KRW-ORBS,bull_quiet,-0.03,-0.0315,sl,0.5,-0.06939040207522695
trail,2025-06-18,KRW-JTO,bull_quiet,-0.03,-0.0315,sl,6.75,-0.03148823334438189
trail,2025-06-18,KRW-BORA,bull_quiet,0.016438356164383494,0.014938356164383495,trail,0.75,-0.013698630136986467
trail,2025-06-18,KRW-SOPH,bull_quiet,-0.03,-0.0315,sl,3.25,-0.035258562793821335
trail,2025-06-19,KRW-JTO,bull_quiet,0.01200000000000001,0.010500000000000011,trail,4.75,-0.009105180533751978
trail,2025-06-19,KRW-BORA,bull_quiet,-0.03,-0.0315,sl,0.5,-0.036231884057971064
trail,2025-06-19,KRW-AXL,bull_quiet,-0.03,-0.0315,sl,3.0,-0.0340425531914893
trail,2025-06-20,KRW-T,bull_quiet,0.03134991119005326,0.029849911190053258,trail,0.25,-0.00399644760213147
trail,2025-06-20,KRW-PENDLE,bull_quiet,-0.03,-0.0315,sl,15.0,-0.0369339272457313
trail,2025-06-20,KRW-BCH,bull_quiet,-0.03,-0.0315,sl,11.25,-0.03076030179918743
trail,2025-06-21,KRW-ARDR,bull_quiet,-0.03,-0.0315,sl,0.25,-0.04589371980676327
trail,2025-06-21,KRW-BORA,bull_quiet,0.01137931034482742,0.00987931034482742,trail,2.5,-0.02155172413793105
trail,2025-06-21,KRW-ATH,bull_quiet,0.01102574926129174,0.00952574926129174,trail,1.75,-0.0289151540734488
trail,2025-06-22,KRW-T,bull_quiet,0.026336721166593025,0.024836721166593023,trail,0.25,0.0
trail,2025-06-22,KRW-LAYER,bull_quiet,0.0176095367562481,0.0161095367562481,trail,0.25,-0.015476314963923432
trail,2025-06-22,KRW-AXL,bull_quiet,0.01761616161616164,0.01611616161616164,trail,1.0,-0.00020202020202020332
trail,2025-06-23,KRW-AXL,bull_quiet,0.03546382978723406,0.03396382978723406,trail,22.25,-0.019148936170212738
trail,2025-06-23,KRW-BORA,bull_quiet,0.01264445955132576,0.01114445955132576,trail,0.25,-0.009517335146159156
trail,2025-06-23,KRW-LAYER,bull_quiet,-0.03,-0.0315,sl,1.0,-0.03134920634920635
trail,2025-06-24,KRW-CKB,bull_quiet,0.023902335456475576,0.022402335456475575,trail,5.25,-0.007643312101910715
trail,2025-06-24,KRW-CVC,bull_quiet,0.00797448165869219,0.00647448165869219,eod,24.0,-0.004784688995215336
trail,2025-06-24,KRW-RVN,bull_quiet,-0.03,-0.0315,sl,3.25,-0.03063557384545046
trail,2025-06-25,KRW-GAME2,bull_quiet,0.03092522179974666,0.02942522179974666,trail,5.75,-0.004309252217997495
trail,2025-06-25,KRW-SAFE,bull_quiet,-0.03,-0.0315,sl,8.25,-0.031607142857142945
trail,2025-06-25,KRW-CKB,bull_quiet,-0.03,-0.0315,sl,8.75,-0.03433835845896138
trail,2025-06-26,KRW-DOT,bull_quiet,-0.018008244738555,-0.019508244738555003,eod,24.0,-0.026036016489477065
trail,2025-06-26,KRW-AGLD,bull_quiet,-0.03,-0.0315,sl,18.0,-0.032915693353153586
trail,2025-06-26,KRW-ICX,bull_quiet,-0.03,-0.0315,sl,16.75,-0.04117647058823526
trail,2025-06-27,KRW-ALT,bull_quiet,0.02907010014306155,0.02757010014306155,trail,10.25,-0.004005722460658112
trail,2025-06-27,KRW-RAY,bull_quiet,0.03683326974437229,0.035333269744372287,trail,17.5,-0.015642884395268952
trail,2025-06-27,KRW-ARB,bull_quiet,0.013144639002158787,0.011644639002158787,trail,16.5,-0.019908851043415554
trail,2025-06-28,KRW-LPT,bull_quiet,-0.03,-0.0315,sl,4.5,-0.03531396890442329
trail,2025-06-28,KRW-POKT,bull_quiet,0.0668903225806452,0.0653903225806452,trail,0.25,-0.012903225806451646
trail,2025-06-28,KRW-MASK,bull_quiet,0.013706793802145345,0.012206793802145345,eod,23.25,-0.01728247914183556
trail,2025-06-29,KRW-MASK,bull_quiet,0.029429075927015935,0.027929075927015934,eod,22.5,-0.009417304296645113
trail,2025-06-29,KRW-JUP,bull_quiet,0.028896103896103753,0.027396103896103752,eod,24.0,-0.023376623376623384
trail,2025-06-29,KRW-RAY,bull_quiet,0.011392757660167119,0.00989275766016712,trail,16.5,-0.014972144846796653
trail,2025-06-30,KRW-AQT,bull_quiet,-0.03,-0.0315,sl,10.5,-0.0353495679497251
trail,2025-06-30,KRW-ATOM,bull_quiet,-0.03,-0.0315,sl,15.0,-0.030355896720167475
trail,2025-06-30,KRW-MANA,bull_quiet,-0.03,-0.0315,sl,5.0,-0.030898876404494402
trail,2025-07-01,KRW-POKT,bull_quiet,-0.03,-0.0315,sl,0.25,-0.056927044952100325
trail,2025-07-01,KRW-ARB,bull_quiet,-0.03,-0.0315,sl,3.75,-0.0360034086067319
trail,2025-07-01,KRW-KAITO,bull_quiet,-0.03,-0.0315,sl,13.25,-0.032824780397595954
trail,2025-07-02,KRW-MOVE,bull_quiet,-0.03,-0.0315,sl,0.75,-0.03265479219677703
trail,2025-07-02,KRW-POKT,bull_quiet,-0.03,-0.0315,sl,0.25,-0.03228962818003911
trail,2025-07-02,KRW-KAITO,bull_quiet,-0.03,-0.0315,sl,1.0,-0.030017921146953452
trail,2025-07-03,KRW-MBL,bull_quiet,0.016560509554140124,0.015060509554140124,eod,22.0,-0.006369426751592355
trail,2025-07-03,KRW-BLUR,bull_quiet,-0.004102461476886088,-0.0056024614768860875,eod,24.0,-0.012607564538723137
trail,2025-07-03,KRW-AHT,bull_quiet,0.042323759791122795,0.04082375979112279,trail,0.5,-0.007646400596792335
trail,2025-07-04,KRW-MLK,bull_quiet,0.01122206371849721,0.009722063718497211,trail,1.75,-0.003328578221588274
trail,2025-07-04,KRW-RAY,bull_quiet,-0.03,-0.0315,sl,7.5,-0.03127124405166548
trail,2025-07-04,KRW-BLAST,bull_quiet,0.019173664763184384,0.017673664763184382,trail,0.5,-0.018810883439704384
trail,2025-07-05,KRW-CARV,bull_quiet,0.13098039215686264,0.12948039215686263,trail,0.25,0.0
trail,2025-07-05,KRW-TAIKO,bull_quiet,0.009707686755683786,0.008207686755683787,trail,0.5,-0.01082641645615301
trail,2025-07-05,KRW-MOC,bull_quiet,-0.03,-0.0315,sl,0.25,-0.032757148954332016
trail,2025-07-06,KRW-SAFE,bull_quiet,0.09984388551604506,0.09834388551604506,trail,0.25,-0.0010407632263660371
trail,2025-07-06,KRW-CBK,bull_quiet,-0.03,-0.0315,sl,0.5,-0.033211233211233315
trail,2025-07-06,KRW-POKT,bull_quiet,0.05824899317107346,0.05674899317107346,trail,0.25,-0.012432148485379102
trail,2025-07-07,KRW-BEAM,bull_quiet,-0.03,-0.0315,sl,10.0,-0.03052718093225315
trail,2025-07-07,KRW-TOKAMAK,bull_quiet,0.03293807641633739,0.03143807641633739,trail,0.25,-0.017127799736495364
trail,2025-07-07,KRW-COW,bull_quiet,-0.005227781926810948,-0.006727781926810948,eod,21.5,-0.02066218571072942
trail,2025-07-08,KRW-TOKAMAK,bull_quiet,-0.03,-0.0315,sl,1.0,-0.03474415666456099
trail,2025-07-08,KRW-BOUNTY,bull_quiet,0.018256343526350083,0.01675634352635008,trail,3.75,-0.017566688353936266
trail,2025-07-08,KRW-QKC,bull_quiet,0.030251019094615028,0.028751019094615027,trail,12.25,-0.007616391332332051
trail,2025-07-09,KRW-FCT2,bull_quiet,0.011171450737005317,0.009671450737005318,trail,0.25,0.0
trail,2025-07-09,KRW-TAIKO,bull_quiet,0.010683367102597208,0.009183367102597208,eod,24.0,-0.02762939767913064
trail,2025-07-09,KRW-MOC,bull_quiet,0.03460255996558037,0.03310255996558037,trail,0.25,0.0
trail,2025-07-10,KRW-BSV,bull_quiet,0.03134978229317853,0.02984978229317853,eod,24.0,-0.01944847605224964
trail,2025-07-10,KRW-BCH,bull_quiet,0.0022939068100358284,0.0007939068100358284,eod,24.0,-0.02107526881720434
trail,2025-07-10,KRW-HIVE,bull_quiet,0.0245791245791247,0.0230791245791247,eod,24.0,-0.008754208754208848
trail,2025-07-11,KRW-SIGN,bull_quiet,0.01661903249708896,0.01511903249708896,trail,4.5,-0.003704879856038845
trail,2025-07-11,KRW-BTT,bull_quiet,0.010196078431372602,0.008696078431372602,trail,22.75,-0.017254901960784275
trail,2025-07-11,KRW-GAS,bull_quiet,0.009841656516443198,0.008341656516443198,trail,21.0,-0.020706455542021884
trail,2025-07-12,KRW-BTT,bull_quiet,0.02566927398920349,0.024169273989203488,trail,9.0,-0.012889721273548593
trail,2025-07-12,KRW-T,bull_quiet,0.0221552106430154,0.020655210643015398,trail,4.75,-0.015964523281596477
trail,2025-07-12,KRW-CARV,bull_quiet,-0.03,-0.0315,sl,0.25,-0.040000000000000036
trail,2025-07-13,KRW-KAVA,bull_quiet,-0.03,-0.0315,sl,2.75,-0.04093166638122958
trail,2025-07-13,KRW-AHT,bull_quiet,-0.03,-0.0315,sl,0.75,-0.032131381649410984
trail,2025-07-13,KRW-ETC,bull_quiet,0.014997973246858587,0.013497973246858587,eod,24.0,-0.0032428050263477726
trail,2025-07-14,KRW-AGLD,bull_quiet,0.03374771480804384,0.03224771480804384,trail,0.25,-0.001828153564899404
trail,2025-07-14,KRW-ETC,bull_quiet,0.019528753993610204,0.018028753993610203,trail,14.5,-0.0023961661341852514
trail,2025-07-14,KRW-CRO,bull_quiet,0.01381642512077308,0.01231642512077308,trail,4.25,-0.01794340924775706
trail,2025-07-15,KRW-SOL,bull_quiet,0.010139702568724651,0.008639702568724652,eod,24.0,-0.02726453357368186
trail,2025-07-15,KRW-WAL,bull_quiet,-0.03,-0.0315,sl,0.75,-0.03679435483870985
trail,2025-07-15,KRW-SONIC,bull_quiet,-0.03,-0.0315,sl,1.5,-0.03351420363868496
trail,2025-07-16,KRW-BORA,bull_quiet,-0.0028776978417266452,-0.004377697841726645,eod,24.0,-0.017985611510791366
trail,2025-07-16,KRW-AKT,bull_quiet,-0.03,-0.0315,sl,6.25,-0.032122169562927905
trail,2025-07-16,KRW-STRAX,bull_quiet,-0.0044059124502559,-0.0059059124502558995,eod,24.0,-0.02259806708357026
trail,2025-07-17,KRW-SOL,bull_quiet,0.016105107014197984,0.014605107014197984,eod,24.0,-0.020979020979020935
trail,2025-07-17,KRW-BTT,bull_quiet,0.009468700683850528,0.007968700683850529,eod,24.0,-0.00841662283008937
trail,2025-07-17,KRW-A,bull_quiet,0.023540241977906273,0.022040241977906272,eod,24.0,-0.020252498684902642
trail,2025-07-18,KRW-MVL,bull_quiet,0.0,-0.0015,eod,23.5,-0.015303891560996985
trail,2025-07-18,KRW-CKB,bull_quiet,0.033486477680026105,0.031986477680026104,trail,7.75,-0.0029325513196480912
trail,2025-07-18,KRW-WAVES,bull_quiet,0.01131824234354184,0.00981824234354184,trail,8.0,-0.007989347536617841
trail,2025-07-19,KRW-BCH,bull_quiet,-0.0009944594402614415,-0.0024944594402614415,eod,24.0,-0.02216223895439695
trail,2025-07-19,KRW-PENDLE,bull_quiet,-0.0006537015852263739,-0.002153701585226374,eod,23.75,-0.02859944435365258
trail,2025-07-19,KRW-HYPER,bull_quiet,-0.03,-0.0315,sl,10.0,-0.03053435114503822
trail,2025-07-20,KRW-MOCA,bull_quiet,0.03871365638766511,0.037213656387665106,trail,7.25,-0.008810572687224627
trail,2025-07-20,KRW-ARK,bull_quiet,0.14009386828160464,0.13859386828160464,trail,0.25,-0.0015140045420136694
trail,2025-07-20,KRW-ARDR,bull_quiet,0.01684210526315799,0.015342105263157992,trail,0.25,-0.0022556390977443996
trail,2025-07-21,KRW-BCH,bull_quiet,-0.03,-0.0315,sl,1.75,-0.030088258892752018
trail,2025-07-21,KRW-VTHO,bull_quiet,0.057155143896791216,0.055655143896791215,trail,0.25,-0.003307972213033472
trail,2025-07-21,KRW-LSK,bull_quiet,0.020414245268961295,0.018914245268961294,eod,24.0,-0.01817910892564456
trail,2025-07-22,KRW-JTO,bull_quiet,0.01638204522443476,0.01488204522443476,trail,1.75,-0.020924738440769475
trail,2025-07-22,KRW-NXPC,bull_quiet,-0.03,-0.0315,sl,1.5,-0.03262316910785623
trail,2025-07-22,KRW-ORCA,bull_quiet,-0.03,-0.0315,sl,1.25,-0.04029304029304026
trail,2025-07-23,KRW-BCH,bull_quiet,-0.03,-0.0315,sl,13.75,-0.034337771548703544
trail,2025-07-23,KRW-HYPER,bull_quiet,-0.03,-0.0315,sl,6.75,-0.030007949125596123
trail,2025-07-23,KRW-NEWT,bull_quiet,0.03261612708626571,0.03111612708626571,trail,0.25,-0.0066358335009049085
trail,2025-07-24,KRW-NXPC,bull_quiet,-0.03,-0.0315,sl,0.25,-0.0473411154345007
trail,2025-07-24,KRW-SIGN,bull_quiet,-0.03,-0.0315,sl,0.25,-0.054030874785591765
trail,2025-07-24,KRW-AERGO,bull_quiet,-0.03,-0.0315,sl,0.25,-0.04514789828749344
trail,2025-07-25,KRW-RVN,bull_quiet,0.2107987220447285,0.2092987220447285,trail,0.25,0.0
trail,2025-07-25,KRW-CRO,bull_quiet,0.03397101449275364,0.032471014492753636,trail,12.25,-0.01449275362318836
trail,2025-07-25,KRW-SIGN,bull_quiet,0.025217391304347858,0.023717391304347857,trail,0.25,-0.006211180124223614
trail,2025-07-26,KRW-GLM,bull_quiet,0.017363834422657876,0.015863834422657874,trail,22.5,-0.008986928104575242
trail,2025-07-26,KRW-SONIC,bull_quiet,0.03307059824213221,0.03157059824213221,trail,0.25,-0.02211511199319538
trail,2025-07-26,KRW-BLUR,bull_quiet,-0.006993006993006978,-0.008493006993006978,eod,24.0,-0.020979020979020935
trail,2025-07-27,KRW-TAIKO,bull_quiet,0.027412465494697225,0.025912465494697223,trail,0.25,-0.007845416242917347
trail,2025-07-27,KRW-WAL,bull_quiet,-0.03,-0.0315,sl,0.25,-0.03391107761868872
trail,2025-07-27,KRW-DRIFT,bull_quiet,0.010381080749908067,0.008881080749908067,trail,0.5,-0.008699914226197758
trail,2025-07-28,KRW-GAS,bull_quiet,-0.03,-0.0315,sl,14.5,-0.037824054398640006
trail,2025-07-28,KRW-JUP,bull_quiet,0.03100734653218762,0.029507346532187617,trail,1.0,-0.0037355248412401787
trail,2025-07-28,KRW-EGLD,bull_quiet,-0.03,-0.0315,sl,14.25,-0.035049762007788865
trail,2025-07-29,KRW-CBK,bull_quiet,-0.03,-0.0315,sl,0.25,-0.03681112894596039
trail,2025-07-29,KRW-RAY,bull_quiet,-0.03,-0.0315,sl,15.5,-0.03534061846082304
trail,2025-07-29,KRW-CKB,bull_quiet,0.047223345123799776,0.045723345123799775,trail,5.5,-0.021980798383021805
trail,2025-07-30,KRW-ATH,bull_quiet,-0.03,-0.0315,sl,0.75,-0.03950227138060436
trail,2025-07-30,KRW-BAT,bull_quiet,-0.03,-0.0315,sl,0.25,-0.03516949152542381
trail,2025-07-30,KRW-MOODENG,bull_quiet,-0.03,-0.0315,sl,11.5,-0.03068450039339099
trail,2025-07-31,KRW-GAME2,bull_quiet,-0.025096525096525046,-0.026596525096525048,eod,23.25,-0.025096525096525046
trail,2025-07-31,KRW-BOUNTY,bull_quiet,0.02914454277286138,0.02764454277286138,trail,0.25,-0.02654867256637161
trail,2025-07-31,KRW-ALT,bull_quiet,0.02049586776859491,0.01899586776859491,trail,11.5,-0.008264462809917328
trail,2025-08-01,KRW-ALT,bull_quiet,-0.03,-0.0315,sl,1.0,-0.037117903930130924
trail,2025-08-01,KRW-ERA,bull_quiet,-0.03,-0.0315,sl,0.25,-0.035404141616566465
trail,2025-08-01,KRW-KNC,bull_quiet,-0.03,-0.0315,sl,6.75,-0.030303030303030276
trail,2025-08-02,KRW-HYPER,bull_quiet,-0.03,-0.0315,sl,9.5,-0.04029304029304026
trail,2025-08-02,KRW-SYRUP,bull_quiet,-0.03,-0.0315,sl,5.25,-0.031932773109243695
trail,2025-08-02,KRW-KNC,bull_quiet,-0.03,-0.0315,sl,18.0,-0.030716723549488067
trail,2025-08-03,KRW-SYRUP,bull_quiet,0.04244247787610633,0.04094247787610633,trail,22.5,-0.010619469026548645
trail,2025-08-03,KRW-KNC,bull_quiet,0.02941176470588225,0.027911764705882247,eod,24.0,-0.02249134948096887
trail,2025-08-03,KRW-SAHARA,bull_quiet,0.011612903225806326,0.010112903225806326,trail,1.25,-0.016129032258064502
trail,2025-08-04,KRW-SYRUP,bull_quiet,0.04208904109589051,0.04058904109589051,trail,1.5,0.0
trail,2025-08-04,KRW-VIRTUAL,bull_quiet,0.010911214953271076,0.009411214953271076,trail,18.0,-0.02044392523364491
trail,2025-08-04,KRW-CKB,bull_quiet,0.006443298969072142,0.0049432989690721425,eod,24.0,-0.02448453608247414
trail,2025-08-05,KRW-ANIME,bull_quiet,-0.03,-0.0315,sl,7.75,-0.03418803418803407
trail,2025-08-05,KRW-XTZ,bull_quiet,0.012131147540983545,0.010631147540983545,trail,12.25,-0.021857923497267784
trail,2025-08-05,KRW-AERGO,bull_quiet,-0.03,-0.0315,sl,14.75,-0.030864197530864224
trail,2025-08-06,KRW-GAME2,bull_quiet,-0.03,-0.0315,sl,0.25,-0.03358208955223896
trail,2025-08-06,KRW-ERA,bull_quiet,-0.03,-0.0315,sl,1.0,-0.036067892503536036
trail,2025-08-06,KRW-ENA,bull_quiet,-0.03,-0.0315,sl,3.25,-0.03439803439803435
trail,2025-08-07,KRW-ATH,bull_quiet,0.011612903225806548,0.010112903225806548,trail,0.25,-0.008064516129032251
trail,2025-08-07,KRW-POKT,bull_quiet,0.01814882032667886,0.01664882032667886,eod,24.0,-0.02722323049001818
trail,2025-08-07,KRW-ENA,bull_quiet,0.04088410991636793,0.039384109916367926,trail,13.0,-0.02508960573476704
trail,2025-08-08,KRW-NXPC,bull_quiet,0.010108864696733999,0.008608864696734,eod,24.0,-0.010886469673405896
trail,2025-08-08,KRW-ANIME,bull_quiet,0.016877637130801704,0.015377637130801704,eod,24.0,-0.012658227848101333
trail,2025-08-08,KRW-DRIFT,bull_quiet,0.015096418732782446,0.013596418732782447,trail,0.5,-0.0013774104683195176
trail,2025-08-09,KRW-AUCTION,bull_quiet,0.03092059030217853,0.02942059030217853,eod,24.0,-0.0028109627547434624
trail,2025-08-09,KRW-RVN,bull_quiet,0.005025125628140836,0.0035251256281408363,eod,23.75,-0.01005025125628134
trail,2025-08-09,KRW-SNT,bull_quiet,0.020460358056265893,0.01896035805626589,eod,24.0,-0.005115089514066584
trail,2025-08-10,KRW-AUCTION,bull_quiet,-0.03,-0.0315,sl,8.25,-0.03340149965916839
trail,2025-08-10,KRW-POKT,bull_quiet,-0.03,-0.0315,sl,8.25,-0.049469964664311084
trail,2025-08-10,KRW-VET,bull_quiet,0.0,-0.0015,eod,24.0,-0.028901734104046284
trail,2025-08-11,KRW-MOCA,bull_quiet,0.016981132075471583,0.015481132075471584,trail,0.75,0.0
trail,2025-08-11,KRW-SNT,bull_quiet,-0.02030456852791873,-0.021804568527918733,eod,24.0,-0.027918781725888353
trail,2025-08-11,KRW-ELF,bull_quiet,0.006666666666666599,0.005166666666666599,eod,23.75,-0.010000000000000009
trail,2025-08-12,KRW-CTC,bull_quiet,-0.03,-0.0315,sl,0.75,-0.04087736789631102
trail,2025-08-12,KRW-MOC,bull_quiet,0.016304347826086918,0.014804347826086918,eod,23.5,-0.026086956521739202
trail,2025-08-12,KRW-CRO,bull_quiet,0.009826086956521651,0.008326086956521652,trail,13.25,-0.013043478260869601
trail,2025-08-13,KRW-ID,bull_quiet,0.01614754098360649,0.01464754098360649,trail,12.25,-0.020491803278688492
trail,2025-08-13,KRW-KAITO,bull_quiet,0.005424954792043302,0.003924954792043302,eod,23.75,-0.009644364074743783
trail,2025-08-13,KRW-MNT,bull_quiet,0.02324555160142361,0.021745551601423607,trail,6.25,-0.006405693950177982
trail,2025-08-14,KRW-BTT,bull_quiet,-0.03,-0.0315,sl,12.75,-0.031632653061224536
trail,2025-08-14,KRW-MOCA,bull_quiet,-0.03,-0.0315,sl,8.25,-0.03738317757009346
trail,2025-08-14,KRW-NXPC,bull_quiet,-0.03,-0.0315,sl,10.75,-0.03424124513618676
trail,2025-08-15,KRW-INJ,bull_quiet,-0.03,-0.0315,sl,14.5,-0.03277909738717344
trail,2025-08-15,KRW-BERA,bull_quiet,-0.03,-0.0315,sl,0.5,-0.03186991869918698
trail,2025-08-15,KRW-ARKM,bull_quiet,0.055384615384615365,0.053884615384615364,trail,0.25,-0.0013037809647978849
trail,2025-08-16,KRW-DEEP,bull_quiet,-0.03,-0.0315,sl,11.0,-0.033333333333333326
trail,2025-08-16,KRW-KAVA,bull_quiet,0.0,-0.0015,eod,23.0,-0.009487666034155628
trail,2025-08-16,KRW-MNT,bull_quiet,0.032562574493444574,0.031062574493444572,trail,1.25,-0.005959475566150174
trail,2025-08-17,KRW-BAT,bull_quiet,-0.03,-0.0315,sl,11.5,-0.03418803418803418
trail,2025-08-17,KRW-PROVE,bull_quiet,0.026440495422724863,0.024940495422724862,trail,0.5,-0.012385568120624635
trail,2025-08-17,KRW-BERA,bull_quiet,0.0261001517450683,0.0246001517450683,trail,0.25,-0.012139605462822445
trail,2025-08-18,KRW-SEI,bull_quiet,-0.03,-0.0315,sl,2.25,-0.0357142857142857
trail,2025-08-18,KRW-LPT,bull_quiet,0.011814795103778586,0.010314795103778586,trail,0.25,0.0
trail,2025-08-18,KRW-POL,bull_quiet,0.011428571428571566,0.009928571428571566,trail,2.25,-0.005830903790087438
trail,2025-08-19,KRW-CARV,bull_quiet,-0.03,-0.0315,sl,0.75,-0.03260869565217395
trail,2025-08-19,KRW-POL,bull_quiet,0.012576177285318568,0.011076177285318569,trail,1.75,-0.024930747922437657
trail,2025-08-19,KRW-ARB,bull_quiet,-0.03,-0.0315,sl,3.75,-0.039381153305203975
trail,2025-08-20,KRW-CTC,bull_quiet,-0.03,-0.0315,sl,12.5,-0.03809523809523807
trail,2025-08-20,KRW-CARV,bull_quiet,-0.03,-0.0315,sl,11.75,-0.036717062634989195
trail,2025-08-20,KRW-CYBER,bull_quiet,0.018320512820512835,0.016820512820512834,trail,0.25,-0.011858974358974317
trail,2025-08-21,KRW-ARB,bull_quiet,-0.03,-0.0315,sl,9.25,-0.03351955307262566
trail,2025-08-21,KRW-BERA,bull_quiet,-0.03,-0.0315,sl,5.5,-0.03773015393902812
trail,2025-08-21,KRW-HYPER,bull_quiet,-0.03,-0.0315,sl,2.75,-0.03462321792260692
trail,2025-08-22,KRW-CYBER,bull_quiet,0.02158369528900761,0.020083695289007608,trail,0.75,-0.0016705646508520244
trail,2025-08-22,KRW-CARV,bull_quiet,-0.03,-0.0315,sl,1.25,-0.038202247191011285
trail,2025-08-22,KRW-POKT,bull_quiet,-0.03,-0.0315,sl,0.25,-0.03244274809160297
trail,2025-08-23,KRW-BTT,bull_quiet,0.011210191082802412,0.009710191082802412,trail,0.5,-0.0010615711252653925
trail,2025-08-23,KRW-DRIFT,bull_quiet,0.030892143808255668,0.029392143808255666,trail,6.5,-0.026631158455392767
trail,2025-08-23,KRW-SNT,bull_quiet,0.0052631578947368585,0.0037631578947368584,eod,23.5,-0.010526315789473606
trail,2025-08-24,KRW-DRIFT,bull_quiet,0.013621346886912411,0.012121346886912411,trail,3.5,-0.01270648030495558
trail,2025-08-24,KRW-ZRO,bull_quiet,0.02252066115702478,0.021020661157024778,trail,0.5,-0.0020661157024793875
trail,2025-08-24,KRW-ALT,bull_quiet,-0.03,-0.0315,sl,6.75,-0.033138401559454134
trail,2025-08-25,KRW-EGLD,bull_quiet,-0.03,-0.0315,sl,7.25,-0.030358785648574083
trail,2025-08-25,KRW-ONT,bull_quiet,-0.03,-0.0315,sl,0.25,-0.03139013452914796
trail,2025-08-25,KRW-BERA,bull_quiet,0.010447154471544762,0.008947154471544762,trail,0.25,-0.002613240418118501
trail,2025-08-26,KRW-IOST,bull_quiet,-0.03,-0.0315,sl,0.25,-0.04571428571428571
trail,2025-08-26,KRW-API3,bull_quiet,-0.03,-0.0315,sl,0.75,-0.030388294879009514
trail,2025-08-26,KRW-ONG,bull_quiet,-0.03,-0.0315,sl,0.25,-0.0539568345323741
trail,2025-08-27,KRW-ID,bull_quiet,-0.03,-0.0315,sl,1.0,-0.03418803418803418
trail,2025-08-27,KRW-RAY,bull_quiet,0.02117135761589406,0.01967135761589406,trail,6.25,-0.021730132450331174
trail,2025-08-27,KRW-IP,bull_quiet,-0.03,-0.0315,sl,8.0,-0.030199430199430166
trail,2025-08-28,KRW-API3,bull_quiet,-0.03,-0.0315,sl,2.5,-0.03454437164979152
trail,2025-08-28,KRW-SYRUP,bull_quiet,0.014943273905996701,0.013443273905996702,trail,0.5,-0.0016207455429497752
trail,2025-08-28,KRW-TAIKO,bull_quiet,-0.03,-0.0315,sl,12.5,-0.03056027164685904
trail,2025-08-29,KRW-CARV,bull_quiet,-0.03,-0.0315,sl,7.25,-0.0339366515837104
trail,2025-08-29,KRW-GMT,bull_quiet,-0.03,-0.0315,sl,4.5,-0.036799999999999944
trail,2025-08-29,KRW-W,bull_quiet,-0.03,-0.0315,sl,1.5,-0.03508771929824561
trail,2025-08-30,KRW-SYRUP,bull_quiet,-0.03,-0.0315,sl,2.0,-0.032710280373831724
trail,2025-08-30,KRW-JTO,bull_quiet,-0.03,-0.0315,sl,2.0,-0.04141378079257407
trail,2025-08-30,KRW-ONT,bull_quiet,0.021603773584905506,0.020103773584905504,trail,1.25,-0.014150943396226467
trail,2025-08-31,KRW-ONT,bull_quiet,-0.03,-0.0315,sl,4.5,-0.032110091743119296
trail,2025-08-31,KRW-JST,bull_quiet,-0.00588235294117645,-0.007382352941176449,eod,22.0,-0.021568627450980427
trail,2025-08-31,KRW-AGLD,bull_quiet,-0.03,-0.0315,sl,14.25,-0.035246727089627394
trail,2025-09-01,KRW-ZRX,bull_quiet,0.07560975609756082,0.07410975609756082,trail,2.25,-0.024390243902439046
trail,2025-09-01,KRW-POL,bull_quiet,0.010466321243523424,0.008966321243523425,trail,2.75,-0.025906735751295318
trail,2025-09-01,KRW-AXS,bull_quiet,-0.03,-0.0315,sl,0.5,-0.035227272727272774
trail,2025-09-02,KRW-LPT,bull_quiet,0.009209100758396538,0.007709100758396538,eod,24.0,-0.010834236186348822
trail,2025-09-02,KRW-SYRUP,bull_quiet,-0.03,-0.0315,sl,1.5,-0.030254777070063743
trail,2025-09-02,KRW-ONT,bull_quiet,0.0,-0.0015,eod,23.5,-0.02564102564102566
trail,2025-09-03,KRW-BEAM,bull_quiet,0.0,-0.0015,eod,23.75,-0.018811881188118718
trail,2025-09-03,KRW-IP,bull_quiet,0.011729879740980609,0.01022987974098061,trail,6.25,-0.013876040703052706
trail,2025-09-03,KRW-POL,bull_quiet,-0.03,-0.0315,sl,17.0,-0.03233830845771146
trail,2025-09-04,KRW-PROVE,bull_quiet,-0.03,-0.0315,sl,2.0,-0.033639143730886834
trail,2025-09-04,KRW-SYRUP,bull_quiet,-0.03,-0.0315,sl,5.75,-0.030523255813953543
trail,2025-09-04,KRW-AERO,bull_quiet,-0.03,-0.0315,sl,15.0,-0.03258145363408527
trail,2025-09-05,KRW-IP,bull_quiet,0.01636199095022617,0.014861990950226169,trail,3.75,-0.008144796380090469
trail,2025-09-05,KRW-QTUM,bull_quiet,-0.03,-0.0315,sl,14.75,-0.03137966804979253
trail,2025-09-05,KRW-WAL,bull_quiet,0.01215889464594122,0.010658894645941221,trail,2.5,-0.003454231433506094
trail,2025-09-06,KRW-SYRUP,bull_quiet,0.013456614509246068,0.011956614509246068,trail,0.25,-0.0014224751066855834
trail,2025-09-06,KRW-PENDLE,bull_quiet,-0.02716981132075469,-0.02866981132075469,eod,23.25,-0.02943396226415096
trail,2025-09-06,KRW-ENA,bull_quiet,0.010624999999999885,0.009124999999999885,trail,1.5,-0.009765625
trail,2025-09-07,KRW-API3,bull_quiet,-0.03,-0.0315,sl,10.0,-0.032841823056300234
trail,2025-09-07,KRW-AERO,bull_quiet,-0.013084112149532756,-0.014584112149532756,eod,24.0,-0.024922118380062308
trail,2025-09-07,KRW-WLFI,bull_quiet,0.015577557755775517,0.014077557755775518,trail,1.0,-0.00990099009900991
trail,2025-09-08,KRW-IP,bull_quiet,-0.03,-0.0315,sl,0.5,-0.042276422764227606
trail,2025-09-08,KRW-PUNDIX,bull_quiet,0.015555555555555545,0.014055555555555545,trail,8.75,-0.0022675736961451642
trail,2025-09-08,KRW-TREE,bull_quiet,-0.03,-0.0315,sl,4.5,-0.03319502074688796
trail,2025-09-09,KRW-BLAST,bull_quiet,0.01170588235294101,0.010205882352941011,trail,10.75,-0.0117647058823529
trail,2025-09-09,KRW-ERA,bull_quiet,0.0,-0.0015,eod,23.75,-0.019588638589618013
trail,2025-09-09,KRW-TRX,bull_quiet,0.01298701298701288,0.01148701298701288,eod,24.0,-0.00649350649350644
trail,2025-09-15,KRW-TREE,bull_quiet,-0.03,-0.0315,sl,1.5,-0.03054989816700615
trail,2025-09-15,KRW-ARKM,bull_quiet,0.021251422070534653,0.019751422070534652,trail,6.5,-0.018202502844141044
trail,2025-09-15,KRW-PUMP,bull_quiet,-0.03,-0.0315,sl,1.25,-0.03603603603603611
trail,2025-09-16,KRW-IP,bull_quiet,-0.03,-0.0315,sl,2.0,-0.030711610486891416
trail,2025-09-16,KRW-WLD,bull_quiet,0.015779990516832543,0.014279990516832543,trail,13.25,-0.014224751066856278
trail,2025-09-16,KRW-AERO,bull_quiet,-0.03,-0.0315,sl,4.5,-0.0331125827814569
trail,2025-09-17,KRW-DRIFT,bull_quiet,0.01911764705882346,0.01761764705882346,trail,2.5,-0.021008403361344574
trail,2025-09-17,KRW-MNT,bull_quiet,-0.03,-0.0315,sl,6.5,-0.035507844756399676
trail,2025-09-17,KRW-OPEN,bull_quiet,-0.03,-0.0315,sl,6.5,-0.0322847682119205
trail,2025-09-18,KRW-JTO,bull_quiet,-0.03,-0.0315,sl,5.25,-0.030579964850615093
trail,2025-09-18,KRW-AERO,bull_quiet,-0.012910166756320618,-0.014410166756320618,eod,23.75,-0.024744486282947786
trail,2025-09-18,KRW-OPEN,bull_quiet,0.013445378151260456,0.011945378151260457,eod,24.0,-0.021848739495798353
trail,2025-09-19,KRW-API3,bull_quiet,-0.03,-0.0315,sl,4.25,-0.0301431801055011
trail,2025-09-19,KRW-MNT,bull_quiet,-0.03,-0.0315,sl,9.75,-0.03213995117982105
trail,2025-09-19,KRW-AVAX,bull_quiet,-0.03,-0.0315,sl,7.0,-0.03050153531218014
trail,2025-09-20,KRW-BEAM,bull_quiet,-0.03,-0.0315,sl,1.25,-0.034782608695652195
trail,2025-09-20,KRW-ATH,bull_quiet,0.013870967741935303,0.012370967741935303,trail,6.5,-0.01612903225806439
trail,2025-09-20,KRW-AWE,bull_quiet,0.0173333333333332,0.0158333333333332,trail,6.75,-0.02857142857142858
trail,2025-09-21,KRW-SIGN,bull_quiet,-0.03,-0.0315,sl,4.25,-0.03361344537815125
trail,2025-09-21,KRW-ATH,bull_quiet,-0.03,-0.0315,sl,9.75,-0.030303030303030276
trail,2025-09-21,KRW-IMX,bull_quiet,-0.03,-0.0315,sl,9.25,-0.031000885739592587
trail,2025-09-22,KRW-HOLO,bull_quiet,-0.03,-0.0315,sl,0.75,-0.04150943396226414
trail,2025-09-22,KRW-AWE,bull_quiet,-0.03,-0.0315,sl,1.25,-0.03508771929824561
trail,2025-09-22,KRW-DRIFT,bull_quiet,0.02560140474100092,0.02410140474100092,trail,0.25,-0.0008779631255487752
trail,2025-09-23,KRW-AVAX,bull_quiet,0.011593304401736004,0.010093304401736005,trail,0.5,-0.0057863194874974155
trail,2025-09-23,KRW-WLD,bull_quiet,-0.03,-0.0315,sl,1.5,-0.0301659125188537
trail,2025-09-23,KRW-CRO,bull_quiet,-0.03,-0.0315,sl,1.75,-0.0360655737704918
trail,2025-09-24,KRW-DRIFT,bull_quiet,-0.03,-0.0315,sl,4.25,-0.033138401559454245
trail,2025-09-24,KRW-MOCA,bull_quiet,-0.03,-0.0315,sl,4.25,-0.03336703741152691
trail,2025-09-24,KRW-GAME2,bull_quiet,-0.03,-0.0315,sl,0.5,-0.03167420814479627
trail,2025-09-25,KRW-W,bull_quiet,-0.03,-0.0315,sl,2.5,-0.0331125827814569
trail,2025-09-25,KRW-BERA,bull_quiet,-0.03,-0.0315,sl,1.0,-0.03196700180458878
trail,2025-09-25,KRW-HYPER,bull_quiet,-0.03,-0.0315,sl,0.75,-0.031026252983293534
trail,2025-09-26,KRW-GAME2,bull_quiet,-0.03,-0.0315,sl,13.25,-0.030373831775700855
trail,2025-09-26,KRW-ATH,bull_quiet,0.014076738609112516,0.012576738609112516,trail,0.75,-0.009592326139088891
trail,2025-09-26,KRW-AVNT,bull_quiet,-0.03,-0.0315,sl,0.25,-0.03421394543092249
trail,2025-09-27,KRW-BERA,bull_quiet,0.01394270833333322,0.01244270833333322,trail,1.5,-0.0049479166666667185
trail,2025-09-27,KRW-PUMP,bull_quiet,-0.03,-0.0315,sl,1.75,-0.03289473684210531
trail,2025-09-27,KRW-MNT,bull_quiet,0.023383399209486067,0.021883399209486065,trail,2.25,-0.010276679841897285
trail,2025-09-28,KRW-LA,bull_quiet,-0.03,-0.0315,sl,0.5,-0.032136105860113395
trail,2025-09-28,KRW-IMX,bull_quiet,-0.03,-0.0315,sl,1.5,-0.030701754385964897
trail,2025-09-28,KRW-OPEN,bull_quiet,-0.03,-0.0315,sl,1.75,-0.031407035175879394
trail,2025-09-29,KRW-COW,bull_quiet,0.026555819477434683,0.025055819477434682,trail,0.25,0.0
trail,2025-09-29,KRW-OPEN,bull_quiet,-0.03,-0.0315,sl,2.25,-0.03792667509481673
trail,2025-09-29,KRW-BERA,bull_quiet,0.016110297706197985,0.014610297706197985,trail,3.0,-0.015617374328940947
trail,2025-09-30,KRW-PUMP,bull_quiet,-0.03,-0.0315,sl,1.25,-0.0329268292682926
trail,2025-09-30,KRW-SUN,bull_quiet,0.010027855153203369,0.00852785515320337,trail,12.5,-0.0055710306406684396
trail,2025-09-30,KRW-MOCA,bull_quiet,0.016296296296296253,0.014796296296296254,trail,4.25,-0.01851851851851849
trail,2025-10-01,KRW-PUMP,bull_quiet,0.01343529411764699,0.01193529411764699,trail,1.75,-0.016470588235294237
trail,2025-10-01,KRW-STRAX,bull_quiet,0.033333333333333215,0.031833333333333214,eod,24.0,-0.025925925925925908
trail,2025-10-01,KRW-BARD,bull_quiet,-0.03,-0.0315,sl,0.75,-0.030303030303030276
trail,2025-10-02,KRW-BIGTIME,bull_quiet,0.012838801711840375,0.011338801711840376,eod,23.75,-0.015691868758915706
trail,2025-10-02,KRW-MOODENG,bull_quiet,0.05192660550458705,0.05042660550458705,trail,2.0,0.0
trail,2025-10-02,KRW-MNT,bull_quiet,0.03121571534469969,0.02971571534469969,trail,13.5,-0.014455151964418045
trail,2025-10-03,KRW-LA,bull_quiet,0.03266794625719771,0.03116794625719771,trail,9.25,-0.0249520153550864
trail,2025-10-03,KRW-ATOM,bull_quiet,-0.0073649754500818565,-0.008864975450081856,eod,24.0,-0.022913256955810146
trail,2025-10-03,KRW-LAYER,bull_quiet,-0.0016420361247947435,-0.0031420361247947435,eod,24.0,-0.029556650246305383
trail,2025-10-04,KRW-ASTR,bull_quiet,-0.03,-0.0315,sl,3.25,-0.032163742690058506
trail,2025-10-04,KRW-LAYER,bull_quiet,-0.03,-0.0315,sl,15.5,-0.0363036303630363
trail,2025-10-04,KRW-BERA,bull_quiet,-0.03,-0.0315,sl,7.75,-0.030288909599254454
trail,2025-10-05,KRW-BLUR,bull_quiet,-0.0092592592592593,-0.0107592592592593,eod,24.0,-0.01851851851851849
trail,2025-10-05,KRW-SNT,bull_quiet,0.012422360248447228,0.010922360248447229,eod,23.5,-0.0031055900621118626
trail,2025-10-05,KRW-HOLO,bull_quiet,0.027266881028938927,0.025766881028938926,trail,2.0,-0.009646302250803873
trail,2025-10-06,KRW-ZETA,bull_quiet,0.04049382716049377,0.038993827160493766,trail,18.75,-0.008230452674897082
trail,2025-10-06,KRW-APT,bull_quiet,-0.03,-0.0315,sl,9.75,-0.035076530612244916
trail,2025-10-06,KRW-MANTRA,bull_quiet,0.012131147540983545,0.010631147540983545,trail,8.0,-0.004098360655737654
trail,2025-10-07,KRW-ME,bull_quiet,-0.03,-0.0315,sl,15.25,-0.03506787330316741
trail,2025-10-07,KRW-BIGTIME,bull_quiet,-0.03,-0.0315,sl,14.75,-0.030898876404494402
trail,2025-10-07,KRW-VANA,bull_quiet,-0.03,-0.0315,sl,15.0,-0.030981067125645412
trail,2025-10-08,KRW-BEAM,bull_quiet,0.00969696969696976,0.00819696969696976,trail,0.25,0.0
trail,2025-10-08,KRW-FLUID,bull_quiet,-0.03,-0.0315,sl,4.25,-0.035658101730466685
trail,2025-10-08,KRW-PUMP,bull_quiet,-0.03,-0.0315,sl,0.25,-0.03544575725026855
trail,2025-10-09,KRW-FF,bull_quiet,-0.03,-0.0315,sl,1.25,-0.03404255319148941
trail,2025-10-09,KRW-FLUID,bull_quiet,-0.03,-0.0315,sl,7.75,-0.031573498964803326
trail,2025-10-09,KRW-BAT,bull_quiet,0.01596330275229363,0.01446330275229363,trail,8.25,-0.022935779816513735
trail,2025-10-10,KRW-ATH,bull_quiet,-0.03,-0.0315,sl,15.75,-0.04071246819338403
trail,2025-10-10,KRW-CELO,bull_quiet,0.04346666666666654,0.04196666666666654,trail,5.25,-0.011428571428571455
trail,2025-10-10,KRW-SOMI,bull_quiet,0.0344444444444445,0.0329444444444445,trail,0.5,0.0
trail,2025-10-11,KRW-ME,bull_quiet,0.06796850393700793,0.06646850393700793,trail,0.75,-0.006299212598425252
trail,2025-10-11,KRW-TIA,bull_quiet,0.021643059490084937,0.020143059490084936,trail,0.25,-0.004249291784702569
trail,2025-10-11,KRW-TREE,bull_quiet,0.0938589211618257,0.0923589211618257,trail,0.5,0.0
trail,2025-10-12,KRW-WCT,bull_quiet,0.01737288135593218,0.015872881355932178,trail,9.25,-0.025423728813559365
trail,2025-10-12,KRW-HOLO,bull_quiet,0.02410000000000001,0.02260000000000001,trail,1.25,-0.0050000000000000044
trail,2025-10-12,KRW-ID,bull_quiet,0.039756097560975645,0.038256097560975644,trail,0.25,0.0
trail,2025-10-13,KRW-BAT,bull_quiet,0.028075471698113308,0.026575471698113307,trail,0.5,-0.015094339622641506
trail,2025-10-13,KRW-BEAM,bull_quiet,0.02208588957055202,0.02058588957055202,trail,9.5,-0.015337423312883236
trail,2025-10-13,KRW-WAL,bull_quiet,-0.03,-0.0315,sl,4.25,-0.030054644808743203
trail,2025-10-14,KRW-SAHARA,bull_quiet,-0.03,-0.0315,sl,5.0,-0.031746031746031744
trail,2025-10-14,KRW-LA,bull_quiet,0.010866141732283507,0.009366141732283508,trail,5.5,-0.017716535433070835
trail,2025-10-14,KRW-IN,bull_quiet,0.011387900355871894,0.009887900355871894,trail,0.25,-0.007117437722419906
trail,2025-10-15,KRW-JST,bull_quiet,-0.002032520325203291,-0.003532520325203291,eod,23.25,-0.014227642276422814
trail,2025-10-15,KRW-WAL,bull_quiet,0.04195402298850559,0.04045402298850559,trail,8.0,-0.02011494252873558
trail,2025-10-15,KRW-DRIFT,bull_quiet,-0.03,-0.0315,sl,13.25,-0.035914702581369196
trail,2025-10-16,KRW-WCT,bull_quiet,-0.03,-0.0315,sl,9.75,-0.03149606299212604
trail,2025-10-16,KRW-0G,bull_quiet,-0.03,-0.0315,sl,16.25,-0.04412238325281803
trail,2025-10-16,KRW-CARV,bull_quiet,-0.03,-0.0315,sl,9.75,-0.03284671532846717
trail,2025-10-17,KRW-FIL,bull_quiet,-0.03,-0.0315,sl,6.75,-0.03762029746281714
trail,2025-10-17,KRW-PENGU,bull_quiet,-0.03,-0.0315,sl,6.75,-0.03857566765578646
trail,2025-10-17,KRW-DOOD,bull_quiet,0.055384615384615365,0.053884615384615364,trail,2.5,0.0
trail,2025-10-18,KRW-FIL,bull_quiet,0.011978704525288375,0.010478704525288375,eod,23.5,-0.0031055900621117516
trail,2025-10-18,KRW-JTO,bull_quiet,-0.03,-0.0315,sl,4.75,-0.032128514056224855
trail,2025-10-18,KRW-COMP,bull_quiet,0.07407407407407418,0.07257407407407418,eod,22.25,-0.00877192982456143
trail,2025-10-19,KRW-AXL,bull_quiet,-0.03,-0.0315,sl,1.0,-0.03525641025641024
trail,2025-10-19,KRW-PROVE,bull_quiet,0.04926076360682363,0.04776076360682363,trail,0.25,0.0
trail,2025-10-19,KRW-SUPER,bull_quiet,0.03959459459459458,0.03809459459459458,trail,16.25,-0.015202702702702742
trail,2025-10-20,KRW-KAVA,bull_quiet,-0.013043478260869601,-0.0145434782608696,eod,24.0,-0.021739130434782594
trail,2025-10-20,KRW-OPEN,bull_quiet,0.013857965451055776,0.012357965451055776,trail,14.25,-0.0249520153550864
trail,2025-10-20,KRW-BAT,bull_quiet,-0.03,-0.0315,sl,1.75,-0.030100334448160515
trail,2025-10-21,KRW-BARD,bull_quiet,-0.03,-0.0315,sl,20.0,-0.03172978505629476
trail,2025-10-21,KRW-JTO,bull_quiet,-0.03,-0.0315,sl,3.75,-0.033391915641476255
trail,2025-10-21,KRW-0G,bull_quiet,0.1733104631217839,0.17181046312178389,trail,0.25,-0.005145797598627766
trail,2025-10-22,KRW-2Z,bull_quiet,-0.03,-0.0315,sl,4.0,-0.03598971722365041
trail,2025-10-22,KRW-WAL,bull_quiet,-0.03,-0.0315,sl,5.5,-0.0448179271708683
trail,2025-10-22,KRW-WCT,bull_quiet,-0.03,-0.0315,sl,20.75,-0.05179282868525892
trail,2025-10-23,KRW-LINEA,bull_quiet,0.013939393939393696,0.012439393939393696,trail,11.75,-0.0043290043290044045
trail,2025-10-23,KRW-WAL,bull_quiet,0.04213256484149852,0.04063256484149852,trail,4.5,-0.011527377521613813
trail,2025-10-23,KRW-ZKC,bull_quiet,0.04391304347826086,0.04241304347826086,trail,2.0,-0.012422360248447228
trail,2025-10-24,KRW-MIRA,bull_volatile,0.019701492537313348,0.018201492537313346,trail,12.75,-0.010660980810234588
trail,2025-10-24,KRW-RED,bull_volatile,0.01972972972972986,0.01822972972972986,trail,0.5,-0.007722007722007707
trail,2025-10-24,KRW-PUMP,bull_volatile,0.024467713787085454,0.022967713787085453,trail,5.0,-0.017452006980802848
trail,2025-10-25,KRW-NEWT,bull_volatile,0.01868421052631586,0.017184210526315857,trail,3.25,-0.00877192982456143
trail,2025-10-25,KRW-FLOCK,bull_volatile,0.012558139534883717,0.011058139534883717,trail,3.75,-0.019933554817275767
trail,2025-10-25,KRW-MIRA,bull_volatile,0.011612903225806326,0.010112903225806326,trail,0.5,-0.012096774193548376
trail,2025-10-26,KRW-FLOCK,bull_quiet,0.016521739130434865,0.015021739130434865,trail,1.25,-0.018633540372670843
trail,2025-10-26,KRW-AERO,bull_quiet,0.010917094644167236,0.009417094644167236,trail,14.75,-0.023477622890682337
trail,2025-10-26,KRW-ZBT,bull_quiet,-0.03,-0.0315,sl,1.75,-0.03439803439803435
trail,2025-10-27,KRW-LSK,bull_volatile,-0.021341463414634165,-0.022841463414634167,eod,23.25,-0.024390243902439046
trail,2025-10-27,KRW-CARV,bull_volatile,0.01935742971887544,0.01785742971887544,trail,2.5,-0.02409638554216864
trail,2025-10-27,KRW-SUPER,bull_volatile,0.026513911620294595,0.025013911620294593,trail,0.5,-0.0016366612111292644
trail,2025-10-28,KRW-SONIC,bull_volatile,0.01282296650717707,0.01132296650717707,trail,0.25,-0.019138755980861233
trail,2025-10-28,KRW-CELO,bull_volatile,-0.03,-0.0315,sl,20.5,-0.03703703703703709
trail,2025-10-28,KRW-BIO,bull_volatile,-0.03,-0.0315,sl,0.75,-0.036231884057971064
trail,2025-10-29,KRW-EGLD,bull_quiet,0.017162921348314653,0.01566292134831465,trail,17.0,-0.002808988764044895
trail,2025-10-29,KRW-AERO,bull_quiet,0.027690198766278096,0.026190198766278094,trail,0.5,-0.00959561343385884
trail,2025-10-29,KRW-TREE,bull_quiet,0.06410447761194038,0.06260447761194038,trail,13.0,-0.026119402985074647
trail,2025-10-30,KRW-WLFI,bull_volatile,0.011612903225806326,0.010112903225806326,trail,1.25,-0.018433179723502335
trail,2025-10-30,KRW-ZKC,bull_volatile,-0.03,-0.0315,sl,4.25,-0.041420118343195256
trail,2025-10-30,KRW-FF,bull_volatile,-0.03,-0.0315,sl,4.25,-0.03524229074889873
trail,2025-10-31,KRW-ORDER,bull_volatile,-0.03,-0.0315,sl,17.5,-0.03105590062111796
trail,2025-10-31,KRW-PROVE,bull_volatile,-0.03,-0.0315,sl,11.25,-0.033816425120772986
trail,2025-10-31,KRW-CPOOL,bull_volatile,-0.03,-0.0315,sl,8.0,-0.03669724770642202
trail,2025-11-01,KRW-SOMI,bull_quiet,-0.03,-0.0315,sl,13.5,-0.0363036303630363
trail,2025-11-01,KRW-ORDER,bull_quiet,-0.006191950464396245,-0.007691950464396245,eod,24.0,-0.02786377708978327
trail,2025-11-01,KRW-BIO,bull_quiet,0.007936507936507908,0.006436507936507909,eod,22.25,-0.015873015873015928
trail,2025-11-02,KRW-ZORA,bull_quiet,-0.03,-0.0315,sl,4.25,-0.037735849056603765
trail,2025-11-02,KRW-CPOOL,bull_quiet,-0.03,-0.0315,sl,9.75,-0.03168316831683171
trail,2025-11-02,KRW-FIL,bull_quiet,0.13459154929577477,0.13309154929577477,trail,9.5,-0.006841046277666019
trail,2025-11-03,KRW-AXL,bull_quiet,-0.03,-0.0315,sl,1.5,-0.03345724907063197
trail,2025-11-03,KRW-T,bull_quiet,0.02851485148514854,0.02701485148514854,trail,0.25,-0.004950495049504844
trail,2025-11-03,KRW-MOCA,bull_quiet,-0.03,-0.0315,sl,1.25,-0.034675615212528044
trail,2025-11-04,KRW-IP,bull_quiet,-0.03,-0.0315,sl,5.5,-0.037815126050420145
trail,2025-11-04,KRW-2Z,bull_quiet,-0.03,-0.0315,sl,5.75,-0.04201680672268904
trail,2025-11-04,KRW-CARV,bull_quiet,0.02037453183520599,0.018874531835205988,trail,1.5,-0.014981273408239737
trail,2025-11-05,KRW-ORDER,bear_volatile,0.015564516129032091,0.014064516129032091,trail,0.5,-0.008064516129032251
trail,2025-11-05,KRW-GLM,bear_volatile,-0.03,-0.0315,sl,0.75,-0.03731343283582089
trail,2025-11-05,KRW-MEW,bear_volatile,-0.03,-0.0315,sl,0.75,-0.03240740740740755
trail,2025-11-06,KRW-LPT,bull_volatile,0.01536745406824136,0.01386745406824136,trail,0.25,-0.007874015748031482
trail,2025-11-06,KRW-KERNEL,bull_volatile,-0.03,-0.0315,sl,1.5,-0.04458598726114649
trail,2025-11-06,KRW-RVN,bull_volatile,-0.03,-0.0315,sl,0.75,-0.03289473684210531
trail,2025-11-07,KRW-TFUEL,bear_volatile,0.014222222222222136,0.012722222222222137,trail,0.25,0.0
trail,2025-11-07,KRW-GLM,bear_volatile,0.02698630136986302,0.025486301369863018,trail,8.75,-0.010273972602739767
trail,2025-11-07,KRW-LPT,bear_volatile,0.026313799621928258,0.024813799621928256,trail,0.25,-0.0100819155639571
trail,2025-11-08,KRW-SAHARA,bear_volatile,-0.03,-0.0315,sl,6.0,-0.03361344537815125
trail,2025-11-08,KRW-PROVE,bear_volatile,0.028613303269447554,0.027113303269447553,trail,0.75,-0.0022547914317925244
trail,2025-11-08,KRW-IN,bear_volatile,-0.03,-0.0315,sl,5.75,-0.03205128205128205
trail,2025-11-09,KRW-BARD,bear_volatile,-0.03,-0.0315,sl,0.5,-0.030146425495262696
trail,2025-11-09,KRW-ENSO,bear_volatile,-0.03,-0.0315,sl,2.75,-0.04587155963302747
trail,2025-11-09,KRW-FLOCK,bear_volatile,-0.03,-0.0315,sl,3.25,-0.030201342281879207
trail,2025-11-10,KRW-JUP,bear_volatile,0.013664122137404533,0.012164122137404533,trail,14.25,-0.009541984732824416
trail,2025-11-10,KRW-PENGU,bear_volatile,0.010220264317180483,0.008720264317180483,trail,0.75,-0.013215859030836996
trail,2025-11-10,KRW-F,bear_volatile,0.013988439306358291,0.012488439306358292,trail,1.5,-0.017341040462427793
trail,2025-11-11,KRW-ENSO,bull_volatile,-0.03,-0.0315,sl,2.25,-0.03005303476723631
trail,2025-11-11,KRW-RAY,bull_volatile,0.009905154639175295,0.008405154639175296,trail,0.25,-0.011546391752577323
trail,2025-11-11,KRW-GLM,bull_volatile,0.0325988700564972,0.031098870056497196,trail,5.5,-0.025423728813559365
trail,2025-11-12,KRW-KNC,bear_volatile,-0.03,-0.0315,sl,16.25,-0.03516483516483515
trail,2025-11-12,KRW-ONG,bear_volatile,0.0341104294478527,0.032610429447852696,trail,2.25,-0.018404907975460127
trail,2025-11-12,KRW-AERGO,bear_volatile,0.02579439252336435,0.02429439252336435,trail,2.25,-0.01869158878504673
trail,2025-11-13,KRW-ANIME,bear_volatile,-0.03,-0.0315,sl,13.75,-0.03418803418803407
trail,2025-11-13,KRW-MINA,bear_volatile,-0.03,-0.0315,sl,2.25,-0.040000000000000036
trail,2025-11-13,KRW-IP,bear_volatile,0.030390070921985757,0.028890070921985755,trail,5.25,-0.027482269503546153
trail,2025-11-14,KRW-CPOOL,bear_volatile,-0.03,-0.0315,sl,0.25,-0.07717041800643087
trail,2025-11-14,KRW-NEAR,bear_volatile,-0.03,-0.0315,sl,3.5,-0.03067814854682449
trail,2025-11-14,KRW-AERO,bear_volatile,-0.03,-0.0315,sl,3.75,-0.03538570417551312
trail,2025-11-15,KRW-LA,bear_volatile,0.03782148260211793,0.03632148260211793,trail,0.25,0.0
trail,2025-11-15,KRW-MMT,bear_volatile,0.016424778761061853,0.014924778761061854,trail,4.0,-0.012389380530973493
trail,2025-11-15,KRW-KITE,bear_volatile,0.014086956521739191,0.012586956521739192,trail,4.0,-0.017391304347826098
trail,2025-11-16,KRW-MMT,bear_volatile,-0.03,-0.0315,sl,1.75,-0.035523978685612745
trail,2025-11-16,KRW-API3,bear_volatile,-0.03,-0.0315,sl,0.75,-0.030501089324618702
trail,2025-11-16,KRW-UNI,bear_volatile,0.03816546762589934,0.03666546762589934,trail,6.25,-0.02248201438848918
trail,2025-11-17,KRW-SIGN,bear_volatile,0.027764705882352914,0.026264705882352912,trail,1.75,-0.008403361344537785
trail,2025-11-17,KRW-UNI,bear_volatile,0.01211610486891379,0.010616104868913791,trail,0.75,-0.006554307116104829
trail,2025-11-17,KRW-AWE,bear_volatile,0.08299024918743214,0.08149024918743214,trail,0.25,0.0
trail,2025-11-18,KRW-ARDR,bear_volatile,0.056350053361792884,0.05485005336179288,trail,0.25,-0.021344717182497308
trail,2025-11-18,KRW-ERA,bear_volatile,-0.03,-0.0315,sl,0.5,-0.054545454545454564
trail,2025-11-18,KRW-MINA,bear_volatile,0.016807511737089165,0.015307511737089165,trail,6.0,-0.028169014084507005
trail,2025-11-19,KRW-IN,bear_volatile,-0.03,-0.0315,sl,5.75,-0.03703703703703709
trail,2025-11-19,KRW-TRUST,bear_volatile,-0.03,-0.0315,sl,5.25,-0.034682080924855474
trail,2025-11-19,KRW-ERA,bear_volatile,-0.03,-0.0315,sl,4.25,-0.03252032520325199
trail,2025-11-20,KRW-ZORA,bear_volatile,0.01745992601726276,0.01595992601726276,trail,2.75,-0.0283600493218249
trail,2025-11-20,KRW-NEAR,bear_volatile,-0.03,-0.0315,sl,14.25,-0.036430386896356914
trail,2025-11-20,KRW-CPOOL,bear_volatile,0.1242042042042042,0.12270420420420419,trail,0.25,0.0
trail,2025-11-21,KRW-CPOOL,bear_volatile,-0.03,-0.0315,sl,0.25,-0.06323529411764706
trail,2025-11-21,KRW-ALT,bear_volatile,0.025677966101694816,0.024177966101694814,trail,0.5,-0.016949152542372947
trail,2025-11-21,KRW-MMT,bear_volatile,-0.03,-0.0315,sl,3.0,-0.03703703703703709
trail,2025-11-22,KRW-HOLO,bear_volatile,0.05153284671532843,0.05003284671532843,trail,0.25,-0.007299270072992692
trail,2025-11-22,KRW-SOMI,bear_volatile,0.02260869565217405,0.021108695652174048,trail,0.25,-0.007246376811594235
trail,2025-11-22,KRW-SYRUP,bear_volatile,-0.03,-0.0315,sl,5.5,-0.031319910514541416
trail,2025-11-23,KRW-SONIC,bear_volatile,-0.03,-0.0315,sl,1.0,-0.03676470588235292
trail,2025-11-23,KRW-RED,bear_volatile,0.012750642673521773,0.011250642673521773,trail,14.75,-0.010282776349614386
trail,2025-11-23,KRW-1INCH,bear_volatile,0.025499999999999856,0.023999999999999855,trail,2.75,-0.021428571428571463
trail,2025-11-24,KRW-BLAST,bear_volatile,-0.03,-0.0315,sl,9.25,-0.0326797385620915
trail,2025-11-24,KRW-FIL,bear_volatile,0.006538618716796174,0.005038618716796174,eod,24.0,-0.018798528810788695
trail,2025-11-24,KRW-BTC,bear_volatile,0.004363702480340681,0.002863702480340681,eod,24.0,-0.02233367172229883
trail,2025-11-25,KRW-DEEP,bear_volatile,0.039938837920489245,0.038438837920489244,trail,0.25,-0.004587155963302947
trail,2025-11-25,KRW-BSV,bear_volatile,0.004184100418409997,0.002684100418409997,eod,24.0,-0.02124235597038948
trail,2025-11-25,KRW-CELO,bear_volatile,0.01148594377510026,0.00998594377510026,trail,15.0,-0.012048192771084376
trail,2025-11-26,KRW-ONG,bear_volatile,-0.03,-0.0315,sl,2.25,-0.0331125827814569
trail,2025-11-26,KRW-MVL,bear_volatile,-0.03,-0.0315,sl,6.5,-0.030303030303030276
trail,2025-11-26,KRW-LAYER,bear_volatile,0.0175811209439527,0.016081120943952698,trail,0.5,0.0
trail,2025-11-27,KRW-LPT,bear_volatile,0.027534357316087332,0.02603435731608733,trail,10.25,-0.009700889248181133
trail,2025-11-27,KRW-TRUMP,bear_volatile,0.033720063863757144,0.03222006386375714,trail,4.75,-0.006918573709419951
trail,2025-11-27,KRW-TOKAMAK,bear_volatile,0.03462837837837829,0.03312837837837829,trail,0.25,-0.01858108108108103
trail,2025-11-28,KRW-TAIKO,bear_volatile,0.04512658227848099,0.043626582278480985,trail,0.25,-0.006329113924050667
trail,2025-11-28,KRW-HYPER,bear_volatile,0.011612903225806326,0.010112903225806326,trail,0.5,-0.004608294930875556
trail,2025-11-28,KRW-W,bear_volatile,0.03066666666666662,0.02916666666666662,trail,0.25,-0.013605442176870763
trail,2025-11-29,KRW-GMT,bear_volatile,0.12091503267973835,0.11941503267973835,trail,0.25,-0.013071895424836666
trail,2025-11-29,KRW-XEC,bear_volatile,0.02593750000000017,0.024437500000000167,trail,0.5,-0.02083333333333326
trail,2025-11-29,KRW-BLAST,bear_volatile,0.056862745098039236,0.055362745098039234,trail,2.0,-0.006535947712418277
trail,2025-11-30,KRW-META,bear_volatile,-0.03,-0.0315,sl,0.5,-0.03124999999999989
trail,2025-11-30,KRW-TT,bear_volatile,-0.03,-0.0315,sl,3.5,-0.030456852791878153
trail,2025-11-30,KRW-DKA,bear_volatile,-0.03,-0.0315,sl,4.25,-0.03603603603603611
trail,2025-12-01,KRW-ASTR,bear_volatile,-0.03,-0.0315,sl,0.25,-0.03465346534653457
trail,2025-12-01,KRW-THETA,bear_volatile,-0.03,-0.0315,sl,0.25,-0.05709342560553632
trail,2025-12-01,KRW-IN,bear_volatile,-0.03,-0.0315,sl,0.25,-0.043165467625899234
trail,2025-12-02,KRW-FLOCK,bear_volatile,-0.03,-0.0315,sl,0.25,-0.05291005291005291
trail,2025-12-02,KRW-VANA,bear_volatile,0.014640820980615699,0.013140820980615699,trail,20.25,-0.026681870011402542
trail,2025-12-02,KRW-IOST,bear_volatile,-0.03,-0.0315,sl,1.25,-0.031609195402298784
trail,2025-12-03,KRW-WCT,bear_volatile,0.05755395683453246,0.05605395683453246,trail,18.75,-0.021582733812949617
trail,2025-12-03,KRW-PLUME,bear_volatile,0.03444444444444428,0.032944444444444276,trail,0.75,-0.013071895424836666
trail,2025-12-03,KRW-AXL,bear_volatile,0.005586592178770999,0.004086592178771,eod,23.0,-0.027932960893854775
trail,2025-12-04,KRW-PLUME,bear_volatile,0.012618296529968598,0.011118296529968598,eod,24.0,-0.025236593059936974
trail,2025-12-04,KRW-WCT,bear_volatile,-0.03,-0.0315,sl,11.75,-0.03378378378378377
trail,2025-12-04,KRW-SAHARA,bear_volatile,0.01846416382252558,0.01696416382252558,trail,6.0,-0.022184300341297036
trail,2025-12-05,KRW-LAYER,bear_volatile,-0.03,-0.0315,sl,9.5,-0.03749999999999998
trail,2025-12-05,KRW-MMT,bear_volatile,-0.03,-0.0315,sl,8.25,-0.035230352303523005
trail,2025-12-05,KRW-SUPER,bear_volatile,0.036439790575916176,0.034939790575916174,trail,7.0,-0.010471204188481686
trail,2025-12-06,KRW-GMT,bear_volatile,0.01098814229249001,0.009488142292490011,trail,18.5,-0.01976284584980237
trail,2025-12-06,KRW-CELO,bear_volatile,0.031370967741935596,0.029870967741935595,trail,13.5,-0.016129032258064502
trail,2025-12-06,KRW-LSK,bear_volatile,-0.03,-0.0315,sl,0.5,-0.03264094955489616
trail,2025-12-07,KRW-HIVE,bear_volatile,-0.03,-0.0315,sl,8.25,-0.031847133757961776
trail,2025-12-07,KRW-ZIL,bear_volatile,0.023373205741626935,0.021873205741626933,trail,0.5,-0.007177033492822837
trail,2025-12-07,KRW-CHZ,bear_volatile,-0.03,-0.0315,sl,4.75,-0.03144654088050314
trail,2025-12-08,KRW-CARV,bear_volatile,-0.004854368932038833,-0.006354368932038832,eod,21.25,-0.01941747572815533
trail,2025-12-08,KRW-2Z,bear_volatile,0.017511961722487923,0.016011961722487922,trail,2.0,-0.019138755980861233
trail,2025-12-08,KRW-SYRUP,bear_volatile,-0.03,-0.0315,sl,16.25,-0.034653465346534684
trail,2025-12-09,KRW-BLAST,bear_volatile,0.00992366412213741,0.00842366412213741,trail,12.75,-0.022900763358778664
trail,2025-12-09,KRW-PEPE,bear_volatile,-0.03,-0.0315,sl,4.75,-0.033898305084745894
trail,2025-12-09,KRW-DRIFT,bear_volatile,-0.03,-0.0315,sl,1.75,-0.031161473087818692
trail,2025-12-10,KRW-SOMI,bear_volatile,-0.03,-0.0315,sl,10.75,-0.03399433427762044
trail,2025-12-10,KRW-ID,bear_volatile,-0.03,-0.0315,sl,3.75,-0.033333333333333326
trail,2025-12-10,KRW-MTL,bear_volatile,0.10865478119935168,0.10715478119935168,trail,0.25,-0.0016207455429497752
trail,2025-12-11,KRW-MTL,bear_volatile,-0.03,-0.0315,sl,1.25,-0.032863849765258246
trail,2025-12-11,KRW-MNT,bear_volatile,-0.03,-0.0315,sl,1.5,-0.031159838430467435
trail,2025-12-11,KRW-COW,bear_volatile,-0.03,-0.0315,sl,1.5,-0.03300330033003296
trail,2025-12-12,KRW-HUNT,bear_volatile,0.020090909090908937,0.018590909090908936,trail,0.75,-0.013636363636363669
trail,2025-12-12,KRW-BAT,bear_volatile,0.03195180722891555,0.03045180722891555,trail,3.5,-0.026506024096385583
trail,2025-12-12,KRW-ZORA,bear_volatile,-0.03,-0.0315,sl,7.0,-0.032383419689119175
trail,2025-12-13,KRW-MNT,bear_volatile,0.012422625400213327,0.010922625400213328,trail,22.25,-0.014941302027748127
trail,2025-12-13,KRW-MMT,bear_volatile,-0.03,-0.0315,sl,1.25,-0.030864197530864224
trail,2025-12-13,KRW-CPOOL,bear_volatile,0.02062176165803109,0.01912176165803109,trail,0.25,-0.02763385146804842
trail,2025-12-14,KRW-GAS,bear_volatile,-0.03,-0.0315,sl,17.75,-0.030381383322559796
trail,2025-12-14,KRW-MNT,bear_volatile,-0.03,-0.0315,sl,5.0,-0.04078549848942603
trail,2025-12-14,KRW-AXL,bear_volatile,0.09213930348258703,0.09063930348258703,trail,1.5,-0.00995024875621886
trail,2025-12-15,KRW-MNT,bear_volatile,0.013016042780748638,0.011516042780748638,trail,3.25,-0.021925133689839615
trail,2025-12-15,KRW-G,bear_volatile,0.024658227848101122,0.02315822784810112,trail,3.5,-0.029113924050632956
trail,2025-12-15,KRW-HYPER,bear_volatile,-0.03,-0.0315,sl,13.5,-0.03240740740740744
trail,2025-12-16,KRW-AAVE,bear_volatile,-0.03,-0.0315,sl,3.75,-0.03436306837903502
trail,2025-12-16,KRW-BARD,bear_volatile,0.003493449781659441,0.001993449781659441,eod,24.0,-0.01834061135371179
trail,2025-12-16,KRW-DOOD,bear_volatile,-0.03,-0.0315,sl,0.75,-0.04249999999999998
trail,2025-12-17,KRW-RAY,bear_volatile,-0.03,-0.0315,sl,5.5,-0.03324287652645863
trail,2025-12-17,KRW-MON,bear_volatile,-0.03,-0.0315,sl,2.25,-0.03738317757009357
trail,2025-12-17,KRW-WAVES,bear_volatile,-0.03,-0.0315,sl,3.75,-0.0336763330215154
trail,2025-12-18,KRW-META,bear_volatile,-0.03,-0.0315,sl,0.25,-0.06832298136645976
trail,2025-12-18,KRW-MANTRA,bear_volatile,-0.03,-0.0315,sl,2.25,-0.037735849056603765
trail,2025-12-18,KRW-BARD,bear_volatile,0.025104602510460206,0.023604602510460204,trail,2.75,-0.014225941422594146
trail,2025-12-19,KRW-WCT,bear_volatile,-0.03,-0.0315,sl,0.25,-0.036036036036036
trail,2025-12-19,KRW-DOOD,bear_volatile,0.010359355638166035,0.008859355638166035,trail,0.25,-0.01239157372986377
trail,2025-12-19,KRW-SOMI,bear_volatile,-0.03,-0.0315,sl,0.75,-0.03141361256544506
trail,2025-12-20,KRW-RED,bear_volatile,0.023555555555555552,0.02205555555555555,trail,3.25,-0.0031746031746031633
trail,2025-12-20,KRW-BERA,bear_volatile,0.03899082568807333,0.037490825688073326,eod,23.75,-0.01834862385321101
trail,2025-12-20,KRW-ME,bear_volatile,0.019079754601226906,0.017579754601226905,trail,1.0,-0.006134969325153339
trail,2025-12-21,KRW-OPEN,bear_volatile,-0.03,-0.0315,sl,2.0,-0.030303030303030276
trail,2025-12-21,KRW-PENDLE,bear_volatile,-0.03,-0.0315,sl,13.5,-0.03630017452006984
trail,2025-12-21,KRW-ZKC,bear_volatile,-0.03,-0.0315,sl,2.5,-0.03164556962025311
trail,2025-12-22,KRW-POWR,bear_volatile,0.014086956521739191,0.012586956521739192,trail,0.25,0.0
trail,2025-12-22,KRW-HP,bear_volatile,-0.03,-0.0315,sl,4.75,-0.0360655737704918
trail,2025-12-22,KRW-OPEN,bear_volatile,-0.03,-0.0315,sl,9.75,-0.030303030303030276
trail,2025-12-23,KRW-HIVE,bear_volatile,-0.007042253521126751,-0.00854225352112675,eod,20.5,-0.028169014084507005
trail,2025-12-23,KRW-GRT,bear_volatile,-0.03,-0.0315,sl,5.25,-0.035335689045936425
trail,2025-12-23,KRW-AERGO,bear_volatile,-0.03,-0.0315,sl,6.75,-0.031568228105906426
trail,2025-12-24,KRW-META,bear_volatile,-0.03,-0.0315,sl,0.5,-0.03105590062111807
trail,2025-12-24,KRW-COW,bear_volatile,-0.03,-0.0315,sl,2.75,-0.041916167664670656
trail,2025-12-24,KRW-CARV,bear_volatile,-0.03,-0.0315,sl,5.75,-0.043824701195219085
trail,2025-12-25,KRW-SONIC,bear_volatile,0.0,-0.0015,eod,23.25,-0.009708737864077666
trail,2025-12-25,KRW-ATH,bear_volatile,0.014751773049645367,0.013251773049645367,trail,3.5,-0.014184397163120477
trail,2025-12-25,KRW-IMX,bear_volatile,0.011066282420749252,0.009566282420749252,trail,0.75,0.0
trail,2025-12-26,KRW-OPEN,bear_volatile,-0.03,-0.0315,sl,1.75,-0.1620553359683794
trail,2025-12-26,KRW-SYRUP,bear_volatile,-0.03,-0.0315,sl,17.25,-0.03252032520325199
trail,2025-12-26,KRW-XTZ,bear_volatile,0.025092024539877356,0.023592024539877354,trail,11.0,-0.006134969325153339
trail,2025-12-27,KRW-OP,bear_volatile,0.03562340966921118,0.03412340966921118,eod,21.5,-0.0050890585241730735
trail,2025-12-27,KRW-TOSHI,bear_volatile,-0.03,-0.0315,sl,10.75,-0.038374717832957095
trail,2025-12-27,KRW-API3,bear_volatile,-0.03,-0.0315,sl,1.0,-0.030882352941176472
trail,2025-12-28,KRW-ID,bear_volatile,0.053102702702702675,0.051602702702702674,trail,0.25,-0.00108108108108107
trail,2025-12-28,KRW-LPT,bear_volatile,-0.03,-0.0315,sl,16.5,-0.031883397859257534
trail,2025-12-28,KRW-BIGTIME,bear_volatile,0.0528378378378378,0.051337837837837796,trail,8.75,-0.006756756756756799
trail,2025-12-29,KRW-STRAX,bear_volatile,-0.03,-0.0315,sl,0.25,-0.03246753246753242
trail,2025-12-29,KRW-T,bear_volatile,-0.03,-0.0315,sl,0.25,-0.03676470588235292
trail,2025-12-29,KRW-TOSHI,bear_volatile,-0.03,-0.0315,sl,0.25,-0.039823008849557584
trail,2025-12-30,KRW-HIVE,bear_volatile,-0.03,-0.0315,sl,0.25,-0.039215686274509776
trail,2025-12-30,KRW-ONG,bear_volatile,-0.03,-0.0315,sl,0.25,-0.03816793893129766
trail,2025-12-30,KRW-MMT,bear_volatile,-0.03,-0.0315,sl,0.5,-0.03458213256484155
trail,2025-12-31,KRW-PUNDIX,bear_volatile,-0.0029325513196480912,-0.004432551319648091,eod,18.5,-0.02052785923753664
trail,2025-12-31,KRW-SONIC,bear_volatile,0.03600000000000003,0.03450000000000003,trail,1.75,-0.01904761904761909
trail,2025-12-31,KRW-ZETA,bear_volatile,-0.03,-0.0315,sl,8.75,-0.03809523809523807
trail,2026-01-01,KRW-BOUNTY,bear_volatile,-0.03,-0.0315,sl,1.25,-0.032786885245901676
trail,2026-01-01,KRW-SONIC,bear_volatile,-0.03,-0.0315,sl,3.5,-0.03669724770642202
trail,2026-01-01,KRW-0G,bear_volatile,-0.03,-0.0315,sl,8.5,-0.03563941299790352
trail,2026-01-02,KRW-TIA,bear_quiet,0.05524861878453047,0.053748618784530466,eod,23.5,-0.013812154696132617
trail,2026-01-02,KRW-TOSHI,bear_quiet,0.014669811320754622,0.013169811320754623,trail,0.25,-0.009433962264150941
trail,2026-01-02,KRW-AERO,bear_quiet,0.03308931185944375,0.03158931185944375,trail,13.75,-0.008784773060029227
trail,2026-01-03,KRW-WLFI,bear_quiet,0.028124999999999956,0.026624999999999954,trail,4.75,-0.004464285714285698
trail,2026-01-03,KRW-LINK,bear_quiet,-0.0020844189682126535,-0.0035844189682126535,eod,24.0,-0.022928608650338744
trail,2026-01-03,KRW-MET2,bear_quiet,0.009803921568627416,0.008303921568627417,eod,18.0,-0.02941176470588236
trail,2026-01-04,KRW-AUCTION,bear_quiet,0.008485639686684143,0.006985639686684144,eod,23.5,-0.01305483028720622
trail,2026-01-04,KRW-BARD,bear_quiet,0.01396449704142011,0.01246449704142011,trail,7.75,-0.010143702451394732
trail,2026-01-04,KRW-CRO,bear_quiet,0.0475862068965518,0.046086206896551796,trail,19.25,-0.006896551724137945
trail,2026-01-05,KRW-QKC,bear_quiet,0.022746365105007937,0.021246365105007936,trail,20.25,-0.014539579967689953
trail,2026-01-05,KRW-ENS,bear_quiet,0.018367617783676238,0.016867617783676236,trail,2.75,-0.005972130059721303
trail,2026-01-05,KRW-LINK,bear_quiet,0.014315139031925828,0.012815139031925828,trail,4.5,-0.001029866117404743
trail,2026-01-06,KRW-MLK,bear_quiet,0.0344444444444445,0.0329444444444445,trail,0.25,0.0
trail,2026-01-06,KRW-SIGN,bear_quiet,-0.03,-0.0315,sl,16.5,-0.03484320557491294
trail,2026-01-06,KRW-MINA,bear_quiet,-0.03,-0.0315,sl,7.75,-0.03007518796992481
trail,2026-01-07,KRW-ERA,bear_quiet,0.04006451612903228,0.03856451612903228,trail,12.0,-0.022580645161290325
trail,2026-01-07,KRW-ONG,bear_quiet,-0.03,-0.0315,sl,13.25,-0.03676470588235292
trail,2026-01-07,KRW-ANIME,bear_quiet,0.016296296296296253,0.014796296296296254,trail,5.25,-0.02777777777777779
trail,2026-01-08,KRW-ERA,bear_quiet,0.04104918032786875,0.03954918032786875,trail,0.5,-0.006557377049180357
trail,2026-01-08,KRW-HIVE,bear_quiet,-0.03,-0.0315,sl,0.25,-0.03144654088050314
trail,2026-01-08,KRW-ANIME,bear_quiet,0.015315315315315381,0.013815315315315381,trail,6.25,-0.018018018018017945
trail,2026-01-09,KRW-PUNDIX,bear_quiet,-0.01319261213720313,-0.01469261213720313,eod,22.5,-0.02902374670184693
trail,2026-01-09,KRW-AGLD,bear_quiet,0.02505694760820054,0.02355694760820054,eod,23.25,-0.02050113895216399
trail,2026-01-09,KRW-SONIC,bear_quiet,0.02629921259842516,0.024799212598425158,trail,0.25,0.0
trail,2026-01-10,KRW-GLM,bear_quiet,0.027262411347517723,0.025762411347517722,trail,4.0,-0.021276595744680882
trail,2026-01-10,KRW-BLAST,bear_quiet,-0.03,-0.0315,sl,0.5,-0.03125
trail,2026-01-10,KRW-STORJ,bear_quiet,-0.03,-0.0315,sl,4.25,-0.033333333333333326
trail,2026-01-11,KRW-ZETA,bear_quiet,0.022608695652173827,0.021108695652173826,trail,0.5,0.0
trail,2026-01-11,KRW-AWE,bear_quiet,-0.03,-0.0315,sl,13.25,-0.030444964871194524
trail,2026-01-11,KRW-DKA,bear_quiet,-0.03,-0.0315,sl,2.0,-0.032128514056224966
trail,2026-01-12,KRW-POKT,bear_quiet,-0.03,-0.0315,sl,0.75,-0.03960396039603964
trail,2026-01-12,KRW-MET2,bear_quiet,-0.03,-0.0315,sl,0.25,-0.03626943005181349
trail,2026-01-12,KRW-PUMP,bear_quiet,0.027195467422096442,0.02569546742209644,trail,6.5,-0.022662889518413443
trail,2026-01-13,KRW-GLM,bear_quiet,0.049017021276595685,0.04751702127659568,trail,3.75,-0.012765957446808529
trail,2026-01-13,KRW-RENDER,bear_quiet,0.009959999999999969,0.00845999999999997,trail,15.25,-0.01742857142857146
trail,2026-01-13,KRW-HP,bear_quiet,-0.03,-0.0315,sl,2.0,-0.032163742690058506
trail,2026-01-14,KRW-DRIFT,bear_volatile,0.028796680497925387,0.027296680497925385,trail,1.0,-0.008298755186721962
trail,2026-01-14,KRW-ETH,bear_volatile,0.009443646068569178,0.007943646068569179,eod,24.0,-0.011496612605214507
trail,2026-01-14,KRW-ARK,bear_volatile,-0.0022988505747126853,-0.0037988505747126853,eod,23.75,-0.016091954022988464
trail,2026-01-15,KRW-WAL,bear_quiet,-0.03,-0.0315,sl,0.75,-0.030042918454935674
trail,2026-01-15,KRW-AERO,bear_quiet,-0.03,-0.0315,sl,2.75,-0.030371203599550034
trail,2026-01-15,KRW-BIGTIME,bear_quiet,-0.03,-0.0315,sl,1.75,-0.03125
trail,2026-01-16,KRW-GMT,bear_quiet,0.03632183908045983,0.03482183908045983,trail,8.25,0.0
trail,2026-01-16,KRW-LA,bear_quiet,-0.03,-0.0315,sl,15.75,-0.03821656050955413
trail,2026-01-16,KRW-MOCA,bear_quiet,-0.03,-0.0315,sl,0.75,-0.032835820895522394
trail,2026-01-17,KRW-1INCH,bear_quiet,-0.012552301255230103,-0.014052301255230102,eod,22.75,-0.01673640167364021
trail,2026-01-17,KRW-XTZ,bear_quiet,-0.03,-0.0315,sl,20.75,-0.03063457330415753
trail,2026-01-17,KRW-AGLD,bear_quiet,0.03408388520971295,0.03258388520971295,trail,11.0,-0.02428256070640178
trail,2026-01-18,KRW-TT,bear_quiet,-0.03,-0.0315,sl,1.5,-0.031914893617021156
trail,2026-01-18,KRW-IMX,bear_quiet,0.01588100686498861,0.014381006864988612,trail,0.25,0.0
trail,2026-01-18,KRW-BIGTIME,bear_quiet,0.017384196185286083,0.01588419618528608,trail,1.0,-0.021798365122615904
trail,2026-01-19,KRW-BIO,bear_quiet,-0.03,-0.0315,sl,0.25,-0.10144927536231885
trail,2026-01-19,KRW-BLAST,bear_quiet,-0.03,-0.0315,sl,0.25,-0.08870967741935487
trail,2026-01-19,KRW-BLUR,bear_quiet,-0.03,-0.0315,sl,0.25,-0.09426987060998149
trail,2026-01-25,KRW-RED,bear_volatile,0.019945652173912976,0.018445652173912974,trail,0.5,-0.010869565217391353
trail,2026-01-25,KRW-BOUNTY,bear_volatile,-0.03,-0.0315,sl,0.5,-0.038147138964577776
trail,2026-01-25,KRW-CTC,bear_volatile,-0.03,-0.0315,sl,0.5,-0.03389830508474578
trail,2026-01-26,KRW-ASTR,bear_volatile,0.010246913580246986,0.008746913580246986,trail,1.5,-0.024691358024691246
trail,2026-01-26,KRW-ZETA,bear_volatile,0.033454545454545404,0.0319545454545454,trail,2.75,-0.027272727272727226
trail,2026-01-26,KRW-BLAST,bear_volatile,0.1200000000000001,0.1185000000000001,trail,0.25,0.0
trail,2026-01-27,KRW-PROVE,bear_volatile,-0.03,-0.0315,sl,2.0,-0.03374777975133214
trail,2026-01-27,KRW-ZRX,bear_volatile,-0.03,-0.0315,sl,11.25,-0.030612244897959218
trail,2026-01-27,KRW-F,bear_volatile,-0.03,-0.0315,sl,0.5,-0.033099297893681046
trail,2026-01-28,KRW-PYTH,bear_volatile,0.02661504424778749,0.025115044247787488,trail,12.25,-0.02986725663716816
trail,2026-01-28,KRW-BEAM,bear_volatile,-0.03,-0.0315,sl,1.75,-0.03105590062111807
trail,2026-01-28,KRW-ASTR,bear_volatile,-0.03,-0.0315,sl,2.5,-0.035502958579881505
trail,2026-01-29,KRW-ARKM,bear_volatile,-0.03,-0.0315,sl,0.25,-0.05384615384615388
trail,2026-01-29,KRW-FLOCK,bear_volatile,-0.03,-0.0315,sl,3.0,-0.04166666666666663
trail,2026-01-29,KRW-LINEA,bear_volatile,-0.03,-0.0315,sl,0.75,-0.045861297539149914
trail,2026-01-30,KRW-AUCTION,bear_volatile,-0.03,-0.0315,sl,1.75,-0.03809523809523807
trail,2026-01-30,KRW-ZKC,bear_volatile,-0.03,-0.0315,sl,6.5,-0.0357142857142857
trail,2026-01-30,KRW-FLUID,bear_volatile,-0.03,-0.0315,sl,2.25,-0.030632911392405093
trail,2026-01-31,KRW-OPEN,bear_volatile,-0.03,-0.0315,sl,5.0,-0.03347280334728031
trail,2026-01-31,KRW-DRIFT,bear_volatile,-0.03,-0.0315,sl,1.75,-0.038461538461538436
trail,2026-01-31,KRW-BREV,bear_volatile,-0.03,-0.0315,sl,2.0,-0.03135888501742157
trail,2026-02-01,KRW-JTO,bear_volatile,-0.03,-0.0315,sl,1.75,-0.030368763557483747
trail,2026-02-01,KRW-LAYER,bear_volatile,-0.03,-0.0315,sl,1.25,-0.03797468354430378
trail,2026-02-01,KRW-TOSHI,bear_volatile,-0.03,-0.0315,sl,3.0,-0.030581039755351758
trail,2026-02-02,KRW-SUPER,bear_volatile,0.011612903225806326,0.010112903225806326,trail,1.25,-0.004608294930875556
trail,2026-02-02,KRW-DRIFT,bear_volatile,0.07187499999999991,0.07037499999999991,trail,0.5,-0.012499999999999956
trail,2026-02-02,KRW-MOVE,bear_volatile,0.013882978723404271,0.012382978723404272,trail,1.5,-0.005319148936170248
trail,2026-02-03,KRW-SAHARA,bear_volatile,-0.03,-0.0315,sl,9.5,-0.03610108303249093
trail,2026-02-03,KRW-AERO,bear_volatile,-0.03,-0.0315,sl,3.0,-0.03166666666666662
trail,2026-02-03,KRW-WLD,bear_volatile,-0.03,-0.0315,sl,3.25,-0.03125
trail,2026-02-04,KRW-COMP,bear_volatile,-0.03,-0.0315,sl,15.75,-0.03165418652144314
trail,2026-02-04,KRW-WAVES,bear_volatile,0.009627906976744205,0.008127906976744205,trail,0.25,-0.013953488372092981
trail,2026-02-04,KRW-WAL,bear_volatile,-0.03,-0.0315,sl,12.0,-0.036231884057971064
trail,2026-02-05,KRW-KITE,bear_volatile,-0.03,-0.0315,sl,4.25,-0.03153153153153154
trail,2026-02-05,KRW-MON,bear_volatile,-0.03,-0.0315,sl,1.5,-0.03767123287671226
trail,2026-02-05,KRW-F,bear_volatile,-0.03,-0.0315,sl,1.5,-0.03263403263403253
trail,2026-02-06,KRW-XRP,bear_volatile,-0.03,-0.0315,sl,0.25,-0.06075808249721293
trail,2026-02-06,KRW-BERA,bear_volatile,-0.03,-0.0315,sl,0.25,-0.06871609403254975
trail,2026-02-06,KRW-OPEN,bear_volatile,-0.03,-0.0315,sl,0.25,-0.05882352941176472
trail,2026-02-07,KRW-BTT,bear_volatile,-0.03,-0.0315,sl,1.0,-0.04743083003952575
trail,2026-02-07,KRW-G,bear_volatile,-0.03,-0.0315,sl,1.25,-0.034965034965035
trail,2026-02-07,KRW-GAS,bear_volatile,-0.03,-0.0315,sl,1.5,-0.04322876817138488
trail,2026-02-08,KRW-F,bear_volatile,0.37502972651605226,0.37352972651605226,trail,0.25,0.0
trail,2026-02-08,KRW-ZIL,bear_volatile,-0.03,-0.0315,sl,4.5,-0.030448717948718063
trail,2026-02-08,KRW-AWE,bear_volatile,-0.03,-0.0315,sl,2.75,-0.036036036036036
trail,2026-02-09,KRW-BOUNTY,bear_volatile,-0.03,-0.0315,sl,1.5,-0.03448275862068961
trail,2026-02-09,KRW-JST,bear_volatile,-0.03,-0.0315,sl,10.5,-0.030254777070063632
trail,2026-02-09,KRW-AWE,bear_volatile,0.023749999999999938,0.022249999999999936,trail,4.25,-0.017857142857142905
trail,2026-02-10,KRW-BAT,bear_volatile,0.010785340314136027,0.009285340314136028,trail,2.25,0.0
trail,2026-02-10,KRW-DRIFT,bear_volatile,0.011360000000000037,0.009860000000000037,trail,0.5,-0.008000000000000007
trail,2026-02-10,KRW-AWE,bear_volatile,0.012666666666666604,0.011166666666666604,trail,5.25,-0.008333333333333304
trail,2026-02-11,KRW-DRIFT,bear_volatile,-0.03,-0.0315,sl,6.25,-0.032786885245901676
trail,2026-02-11,KRW-F,bear_volatile,0.010970654627539655,0.009470654627539656,trail,1.25,-0.004514672686230181
trail,2026-02-11,KRW-KAITO,bear_volatile,0.11295404814004373,0.11145404814004373,trail,0.25,-0.015317286652078765
trail,2026-02-12,KRW-CYBER,bear_volatile,-0.03,-0.0315,sl,0.25,-0.04519119351100809
trail,2026-02-12,KRW-AWE,bear_volatile,0.012396694214876103,0.010896694214876103,trail,0.25,0.0
trail,2026-02-12,KRW-DEEP,bear_volatile,0.04403409090909083,0.04253409090909083,trail,9.25,0.0
trail,2026-02-13,KRW-CKB,bear_volatile,0.03347280334728042,0.03197280334728042,eod,22.25,-0.025104602510460317
trail,2026-02-13,KRW-AERO,bear_volatile,-0.03,-0.0315,sl,1.0,-0.034324942791762014
trail,2026-02-13,KRW-CYBER,bear_volatile,-0.03,-0.0315,sl,4.0,-0.03218116805721094
trail,2026-02-14,KRW-TRUMP,bear_volatile,0.05294705294705304,0.05144705294705304,eod,24.0,-0.002797202797202747
trail,2026-02-14,KRW-MOC,bear_volatile,0.03394495412844023,0.03244495412844023,trail,0.5,-0.002293577981651418
trail,2026-02-14,KRW-WAL,bear_volatile,-0.03,-0.0315,sl,5.5,-0.031746031746031744
trail,2026-02-15,KRW-ARKM,bear_volatile,-0.03,-0.0315,sl,8.75,-0.032432432432432434
trail,2026-02-15,KRW-WAVES,bear_volatile,0.024015852047556185,0.022515852047556184,trail,0.25,-0.005284015852047519
trail,2026-02-15,KRW-QKC,bear_volatile,0.2007378640776698,0.1992378640776698,trail,0.25,0.0
trail,2026-02-16,KRW-FF,bear_volatile,0.03813559322033888,0.03663559322033888,trail,12.5,-0.008474576271186418
trail,2026-02-16,KRW-AWE,bear_volatile,-0.03,-0.0315,sl,8.0,-0.036231884057971064
trail,2026-02-16,KRW-COW,bear_volatile,0.012026143790849764,0.010526143790849764,trail,1.5,0.0
trail,2026-02-17,KRW-BOUNTY,bear_volatile,0.06433234421364986,0.06283234421364986,trail,0.25,0.0
trail,2026-02-17,KRW-PUNDIX,bear_volatile,-0.03,-0.0315,sl,12.75,-0.03125
trail,2026-02-17,KRW-AQT,bear_volatile,0.013586291309669596,0.012086291309669596,trail,0.25,-0.008567931456548328
trail,2026-02-18,KRW-CTC,bear_volatile,-0.03,-0.0315,sl,1.5,-0.03125
trail,2026-02-18,KRW-WET,bear_volatile,-0.03,-0.0315,sl,0.75,-0.03100775193798455
trail,2026-02-18,KRW-ENSO,bear_volatile,0.023581041544763037,0.022081041544763036,trail,0.75,-0.022820362785254567
trail,2026-02-19,KRW-ORBS,bear_volatile,-0.03,-0.0315,sl,0.25,-0.03200000000000003
trail,2026-02-19,KRW-BOUNTY,bear_volatile,0.022215384615384748,0.020715384615384747,trail,0.25,-0.01538461538461533
trail,2026-02-19,KRW-ATOM,bear_volatile,-0.03,-0.0315,sl,14.0,-0.03074712643678157
trail,2026-02-20,KRW-LSK,bear_volatile,-0.03,-0.0315,sl,1.5,-0.03153153153153154
trail,2026-02-20,KRW-JTO,bear_volatile,0.026889952153110075,0.025389952153110074,trail,2.5,-0.0071770334928229484
trail,2026-02-20,KRW-META,bear_volatile,-0.03,-0.0315,sl,0.25,-0.03921568627450989
trail,2026-02-21,KRW-ELSA,bear_volatile,-0.017391304347826098,-0.0188913043478261,eod,23.5,-0.02608695652173909
trail,2026-02-21,KRW-KERNEL,bear_volatile,-0.03,-0.0315,sl,12.25,-0.03809523809523807
trail,2026-02-21,KRW-AKT,bear_volatile,-0.03,-0.0315,sl,1.0,-0.03112033195020747
trail,2026-02-22,KRW-SIGN,bear_volatile,-0.03,-0.0315,sl,0.75,-0.030534351145038108
trail,2026-02-22,KRW-AAVE,bear_volatile,-0.03,-0.0315,sl,13.0,-0.0307778399552322
trail,2026-02-22,KRW-AERO,bear_volatile,0.02260869565217405,0.021108695652174048,trail,10.5,-0.02898550724637683
trail,2026-02-23,KRW-MOCA,bear_volatile,-0.03,-0.0315,sl,0.5,-0.03984063745019917
trail,2026-02-23,KRW-CYBER,bear_volatile,-0.03,-0.0315,sl,0.25,-0.03775743707093826
trail,2026-02-23,KRW-JTO,bear_volatile,0.015235955056179806,0.013735955056179807,trail,0.75,-0.0022471910112359383
trail,2026-02-24,KRW-JST,bear_volatile,0.011994002998500619,0.01049400299850062,eod,23.25,-0.016491754122938684
trail,2026-02-24,KRW-IN,bear_volatile,-0.03,-0.0315,sl,3.5,-0.048289738430583595
trail,2026-02-24,KRW-ORCA,bear_volatile,0.030962754743499632,0.02946275474349963,trail,2.5,-0.014054813773717534
trail,2026-02-25,KRW-BIRB,bear_volatile,-0.03,-0.0315,sl,5.75,-0.03688524590163933
trail,2026-02-25,KRW-SOMI,bear_volatile,0.016750000000000043,0.015250000000000043,trail,0.25,-0.009375000000000022
trail,2026-02-25,KRW-KERNEL,bear_volatile,0.021525423728813387,0.020025423728813385,trail,0.25,0.0
trail,2026-02-26,KRW-TAO,bear_volatile,0.009524913093858611,0.008024913093858612,trail,5.25,-0.004634994206257237
trail,2026-02-26,KRW-NEWT,bear_volatile,-0.03,-0.0315,sl,14.75,-0.030303030303030276
trail,2026-02-26,KRW-PENGU,bear_volatile,-0.03,-0.0315,sl,11.0,-0.03809523809523818
trail,2026-02-27,KRW-BIRB,bear_volatile,-0.03,-0.0315,sl,2.0,-0.031746031746031744
trail,2026-02-27,KRW-SENT,bear_volatile,-0.03,-0.0315,sl,3.0,-0.03370786516853941
trail,2026-02-27,KRW-CTC,bear_volatile,-0.03,-0.0315,sl,0.75,-0.03658536585365857
trail,2026-02-28,KRW-CHZ,bear_volatile,-0.03,-0.0315,sl,6.75,-0.03651115618661249
trail,2026-02-28,KRW-ID,bear_volatile,-0.03,-0.0315,sl,6.5,-0.03686635944700445
trail,2026-02-28,KRW-DOT,bear_volatile,-0.03,-0.0315,sl,5.0,-0.031196581196581197
trail,2026-03-01,KRW-ALT,bear_volatile,-0.03,-0.0315,sl,1.25,-0.03669724770642202
trail,2026-03-01,KRW-GAME2,bear_volatile,-0.02358490566037752,-0.02508490566037752,eod,19.0,-0.028301886792452824
trail,2026-03-01,KRW-MBL,bear_volatile,0.023880597014925176,0.022380597014925174,trail,0.25,-0.014925373134328401
trail,2026-03-02,KRW-ELF,bear_volatile,-0.03,-0.0315,sl,0.5,-0.04201680672268904
trail,2026-03-02,KRW-AZTEC,bear_volatile,0.014331210191082855,0.012831210191082855,trail,0.5,-0.009554140127388422
trail,2026-03-02,KRW-AAVE,bear_volatile,0.04687198067632847,0.04537198067632847,trail,15.25,-0.006038647342995196
trail,2026-03-03,KRW-IMX,bear_volatile,-0.03,-0.0315,sl,6.0,-0.03319502074688796
trail,2026-03-03,KRW-YGG,bear_volatile,-0.03,-0.0315,sl,10.25,-0.03460207612456745
trail,2026-03-03,KRW-JUP,bear_volatile,0.014186046511627692,0.012686046511627693,trail,16.5,-0.019379844961240345
trail,2026-03-04,KRW-KAITO,bear_volatile,0.020000000000000018,0.018500000000000016,trail,1.75,-0.011131725417439675
trail,2026-03-04,KRW-LSK,bear_volatile,-0.03,-0.0315,sl,0.75,-0.035532994923857864
trail,2026-03-04,KRW-STEEM,bear_volatile,-0.03,-0.0315,sl,1.25,-0.032710280373831724
trail,2026-03-05,KRW-IN,bear_volatile,-0.03,-0.0315,sl,3.0,-0.03809523809523807
trail,2026-03-05,KRW-MOODENG,bear_volatile,-0.03,-0.0315,sl,16.25,-0.04527296937416769
trail,2026-03-05,KRW-STRAX,bear_volatile,0.0285585585585586,0.0270585585585586,trail,0.25,-0.018018018018017945
trail,2026-03-06,KRW-THETA,bear_volatile,-0.03,-0.0315,sl,14.75,-0.03169014084507038
trail,2026-03-06,KRW-OP,bear_volatile,-0.03,-0.0315,sl,13.75,-0.03260869565217395
trail,2026-03-06,KRW-FCT2,bear_volatile,-0.03,-0.0315,sl,13.75,-0.032786885245901676
trail,2026-03-07,KRW-WAXP,bear_volatile,-0.018418201516793076,-0.019918201516793077,eod,16.75,-0.02600216684723733
trail,2026-03-07,KRW-ASTR,bear_volatile,0.015000000000000124,0.013500000000000125,trail,3.0,-0.02678571428571419
trail,2026-03-07,KRW-BREV,bear_volatile,0.01690376569037655,0.01540376569037655,trail,0.75,-0.025104602510460206
trail,2026-03-08,KRW-BEAM,bear_volatile,-0.03,-0.0315,sl,4.75,-0.03082191780821908
trail,2026-03-08,KRW-PLUME,bear_volatile,0.014186046511627914,0.012686046511627915,trail,1.5,-0.023255813953488302
trail,2026-03-08,KRW-AZTEC,bear_volatile,0.0131692307692306,0.0116692307692306,trail,0.25,-0.024615384615384595
trail,2026-03-09,KRW-KERNEL,bear_volatile,0.029000000000000137,0.027500000000000135,trail,1.75,-0.025000000000000022
trail,2026-03-09,KRW-CFG,bear_volatile,0.05466666666666664,0.05316666666666664,trail,0.25,0.0
trail,2026-03-09,KRW-KAVA,bear_volatile,-0.03,-0.0315,sl,0.75,-0.03402061855670102
trail,2026-03-10,KRW-TAO,bear_volatile,0.019145059565522038,0.017645059565522037,trail,2.75,-0.005606166783461819
trail,2026-03-10,KRW-DEEP,bear_volatile,0.028017817371937648,0.026517817371937646,trail,12.0,-0.022271714922049046
trail,2026-03-10,KRW-EDGE,bear_volatile,0.06750000000000012,0.06600000000000011,trail,0.25,0.0
trail,2026-03-11,KRW-RENDER,bear_volatile,0.07144846796657389,0.06994846796657389,trail,13.75,-0.0116063138347261
trail,2026-03-11,KRW-LA,bear_volatile,0.014385964912280835,0.012885964912280836,trail,0.5,-0.011695906432748537
trail,2026-03-11,KRW-TAO,bear_volatile,-0.03,-0.0315,sl,5.75,-0.03038579720040968
trail,2026-03-12,KRW-ANKR,bear_volatile,-0.016819571865443472,-0.018319571865443474,eod,21.25,-0.025993883792048922
trail,2026-03-12,KRW-ONG,bear_volatile,0.05636363636363617,0.05486363636363617,trail,0.25,-0.0021645021645021467
trail,2026-03-12,KRW-CVC,bear_volatile,0.011415525114155223,0.009915525114155223,eod,22.0,-0.013698630136986134
trail,2026-03-13,KRW-AZTEC,bear_volatile,-0.03,-0.0315,sl,11.75,-0.03188405797101457
trail,2026-03-13,KRW-W,bear_volatile,-0.03,-0.0315,sl,21.75,-0.03703703703703709
trail,2026-03-13,KRW-RENDER,bear_volatile,0.010909826122118993,0.009409826122118993,trail,0.5,-0.011322280630812753
trail,2026-03-14,KRW-MET2,bear_volatile,-0.03,-0.0315,sl,17.5,-0.03200000000000003
trail,2026-03-14,KRW-MEW,bear_volatile,0.04079915878023144,0.039299158780231436,trail,1.0,-0.011566771819137789
trail,2026-03-14,KRW-AKT,bear_volatile,0.023925811437403466,0.022425811437403464,trail,0.25,-0.0030911901081916993
trail,2026-03-15,KRW-BTT,bear_volatile,0.025261044176706715,0.023761044176706714,trail,4.25,-0.010040160642570295
trail,2026-03-15,KRW-BIRB,bear_volatile,-0.03,-0.0315,sl,0.25,-0.04214559386973182
trail,2026-03-15,KRW-DEEP,bear_volatile,-0.03,-0.0315,sl,6.75,-0.030828516377649384
trail,2026-03-16,KRW-MLK,bear_volatile,0.02130325814536338,0.019803258145363378,eod,23.75,-0.013784461152882121
trail,2026-03-16,KRW-TOKAMAK,bear_volatile,0.029931972789115635,0.028431972789115634,eod,22.75,-0.00952380952380949
trail,2026-03-16,KRW-IMX,bear_volatile,0.027039999999999953,0.02553999999999995,trail,18.5,-0.020000000000000018
trail,2026-03-17,KRW-ZKC,bear_volatile,0.008196721311475308,0.006696721311475308,eod,23.75,-0.024590163934426257
trail,2026-03-17,KRW-ASTR,bear_volatile,0.013504273504273412,0.012004273504273412,trail,3.5,-0.017094017094017033
trail,2026-03-17,KRW-0G,bear_volatile,-0.019406392694063967,-0.02090639269406397,eod,24.0,-0.029680365296803624
trail,2026-03-18,KRW-ERA,bear_volatile,-0.03,-0.0315,sl,11.5,-0.032558139534883734
trail,2026-03-18,KRW-AERGO,bear_volatile,-0.03,-0.0315,sl,12.75,-0.030952380952380842
trail,2026-03-18,KRW-SNT,bear_volatile,-0.03,-0.0315,sl,11.5,-0.0326797385620915
trail,2026-03-19,KRW-ANIME,bear_volatile,0.07813084112149538,0.07663084112149537,trail,0.5,-0.005340453938584733
trail,2026-03-19,KRW-DKA,bear_volatile,-0.03,-0.0315,sl,0.25,-0.057071960297766844
trail,2026-03-19,KRW-G,bear_volatile,0.024044943820224596,0.022544943820224594,trail,0.5,-0.027287319422151013
trail,2026-03-20,KRW-G,bear_volatile,-0.03,-0.0315,sl,0.25,-0.03109656301145669
trail,2026-03-20,KRW-TAO,bear_volatile,0.024492512479201256,0.022992512479201255,trail,4.25,-0.02543380080817681
trail,2026-03-20,KRW-SIGN,bear_volatile,0.05253776435045299,0.051037764350452985,trail,3.75,-0.024169184290030343
trail,2026-03-21,KRW-ANKR,bear_volatile,0.13599486521180992,0.13449486521180992,trail,0.25,-0.005134788189987138
trail,2026-03-21,KRW-G,bear_volatile,-0.03,-0.0315,sl,23.25,-0.03409090909090906
trail,2026-03-21,KRW-ETHFI,bear_volatile,0.05263529411764711,0.05113529411764711,trail,5.25,-0.0117647058823529
trail,2026-03-22,KRW-G,bear_volatile,-0.03,-0.0315,sl,6.25,-0.031825795644891075
trail,2026-03-22,KRW-SIGN,bear_volatile,0.017900552486187715,0.016400552486187714,trail,2.75,-0.017955801104972524
trail,2026-03-22,KRW-CPOOL,bear_volatile,0.027804878048780513,0.02630487804878051,trail,1.0,-0.024390243902438935
trail,2026-03-23,KRW-CFG,bear_volatile,-0.03,-0.0315,sl,0.75,-0.03535353535353536
trail,2026-03-23,KRW-G,bear_volatile,0.044982078853046614,0.04348207885304661,trail,1.5,-0.012544802867383575
trail,2026-03-23,KRW-NXPC,bear_volatile,0.013485193621867841,0.011985193621867842,trail,18.25,-0.02505694760820043
trail,2026-03-24,KRW-ZETA,bear_volatile,0.036674698795180705,0.0351746987951807,trail,0.25,-0.0072289156626504925
trail,2026-03-24,KRW-ZRO,bear_volatile,-0.03,-0.0315,sl,4.25,-0.031107044830741115
trail,2026-03-24,KRW-SHIB,bear_volatile,0.018743109151047488,0.017243109151047487,eod,24.0,-0.01433296582138921
trail,2026-03-25,KRW-CVC,bear_volatile,0.06032786885245911,0.05882786885245911,trail,0.25,-0.004098360655737654
trail,2026-03-25,KRW-ICX,bear_volatile,-0.01258992805755399,-0.01408992805755399,eod,21.25,-0.026978417266187105
trail,2026-03-25,KRW-CELO,bear_volatile,-0.03,-0.0315,sl,3.5,-0.03252032520325199
trail,2026-03-26,KRW-FCT2,bear_volatile,0.01030927835051565,0.00880927835051565,trail,4.0,-0.020618556701030855
trail,2026-03-26,KRW-AERO,bear_volatile,0.0,-0.0015,eod,21.75,-0.02400000000000002
trail,2026-03-26,KRW-RENDER,bear_volatile,-0.03,-0.0315,sl,3.25,-0.030575539568345356
trail,2026-03-27,KRW-AWE,bear_volatile,-0.03,-0.0315,sl,10.5,-0.03355704697986572
trail,2026-03-27,KRW-CPOOL,bear_volatile,0.06415512465373974,0.06265512465373974,trail,0.25,-0.013850415512465353
trail,2026-03-27,KRW-CFG,bear_volatile,0.023749999999999938,0.022249999999999936,trail,2.0,-0.0267857142857143
trail,2026-03-28,KRW-MET2,bear_volatile,-0.03,-0.0315,sl,0.5,-0.03493449781659386
trail,2026-03-28,KRW-DKA,bear_volatile,-0.03,-0.0315,sl,0.5,-0.03703703703703709
trail,2026-03-28,KRW-ANKR,bear_volatile,0.029809402795425655,0.028309402795425653,trail,0.25,-0.003811944091486663
trail,2026-03-29,KRW-ONG,bear_volatile,-0.03,-0.0315,sl,0.25,-0.03575297941495126
trail,2026-03-29,KRW-SIGN,bear_volatile,-0.03,-0.0315,sl,1.0,-0.03245436105476662
trail,2026-03-29,KRW-CHZ,bear_volatile,-0.03,-0.0315,sl,11.25,-0.03921568627450989
trail,2026-03-30,KRW-SIGN,bear_volatile,-0.03,-0.0315,sl,4.25,-0.033530571992110514
trail,2026-03-30,KRW-KERNEL,bear_volatile,0.016635514018691566,0.015135514018691567,trail,5.5,0.0
trail,2026-03-30,KRW-SENT,bear_volatile,0.014751773049645367,0.013251773049645367,trail,0.25,-0.014184397163120477
trail,2026-03-31,KRW-KNC,bear_volatile,-0.03,-0.0315,sl,7.25,-0.03539823008849563
trail,2026-03-31,KRW-BSV,bear_volatile,0.014036786060019457,0.012536786060019458,eod,23.25,-0.009196515004840311
trail,2026-03-31,KRW-ONG,bear_volatile,-0.03,-0.0315,sl,0.75,-0.04500000000000004
trail,2026-04-01,KRW-WCT,bear_volatile,0.016212471131639594,0.014712471131639595,trail,0.25,-0.023094688221709014
trail,2026-04-01,KRW-BLAST,bear_volatile,0.06355491329479768,0.062054913294797676,trail,0.25,-0.0014450867052022698
trail,2026-04-01,KRW-TREE,bear_volatile,-0.03,-0.0315,sl,6.5,-0.03524229074889873
trail,2026-04-02,KRW-T,bear_volatile,-0.03,-0.0315,sl,13.5,-0.03010752688172058
trail,2026-04-02,KRW-SEI,bear_volatile,-0.03,-0.0315,sl,2.25,-0.03041362530413627
trail,2026-04-02,KRW-TAIKO,bear_volatile,-0.03,-0.0315,sl,1.5,-0.035175879396984966
trail,2026-04-03,KRW-ORBS,bear_volatile,0.01798449612403097,0.016484496124030967,trail,0.25,-0.015503875968992276
trail,2026-04-03,KRW-SAFE,bear_volatile,-0.03,-0.0315,sl,1.0,-0.030120481927710885
trail,2026-04-03,KRW-ZORA,bear_volatile,-0.01869158878504662,-0.02019158878504662,eod,23.0,-0.028037383177569986
trail,2026-04-04,KRW-ALT,bear_volatile,-0.03,-0.0315,sl,0.25,-0.0326732673267327
trail,2026-04-04,KRW-BIO,bear_volatile,0.03276923076923066,0.03126923076923066,trail,8.5,-0.011538461538461608
trail,2026-04-04,KRW-BLUR,bear_volatile,-0.03,-0.0315,sl,0.5,-0.03322259136212624
trail,2026-04-05,KRW-BERA,bear_volatile,0.029753846153846242,0.02825384615384624,trail,0.25,-0.021538461538461506
trail,2026-04-05,KRW-ALGO,bear_volatile,-0.03,-0.0315,sl,8.0,-0.03296703296703296
trail,2026-04-05,KRW-MON,bear_volatile,-0.03,-0.0315,sl,3.5,-0.03147699757869238
trail,2026-04-06,KRW-FCT2,bear_volatile,0.016483516483516425,0.014983516483516425,eod,20.25,-0.01098901098901095
trail,2026-04-06,KRW-1INCH,bear_volatile,-0.007407407407407418,-0.008907407407407418,eod,20.25,-0.007407407407407418
trail,2026-04-06,KRW-SOMI,bear_volatile,-0.03,-0.0315,sl,21.75,-0.031620553359683834
trail,2026-04-07,KRW-NEWT,bear_volatile,-0.03,-0.0315,sl,12.75,-0.05490196078431364
trail,2026-04-07,KRW-PENDLE,bear_volatile,-0.03,-0.0315,sl,12.25,-0.03261578604044357
trail,2026-04-07,KRW-FLUID,bear_volatile,-0.03,-0.0315,sl,1.75,-0.030252797347699922
trail,2026-04-08,KRW-SKR,bear_volatile,-0.03,-0.0315,sl,13.0,-0.033333333333333326
trail,2026-04-08,KRW-AAVE,bear_volatile,-0.03,-0.0315,sl,14.75,-0.030048916841369677
trail,2026-04-08,KRW-ANIME,bear_volatile,-0.03,-0.0315,sl,22.5,-0.03151862464183386
trail,2026-04-09,KRW-SAFE,bear_volatile,-0.03,-0.0315,sl,3.75,-0.03743315508021394
trail,2026-04-09,KRW-OPEN,bear_volatile,0.020526315789473504,0.019026315789473502,trail,2.75,-0.018796992481203034
trail,2026-04-09,KRW-DRIFT,bear_volatile,0.01223684210526299,0.010736842105262991,trail,0.25,-0.018421052631579005
trail,2026-04-10,KRW-IN,bear_volatile,-0.03,-0.0315,sl,14.25,-0.0331125827814569
trail,2026-04-10,KRW-PYTH,bear_volatile,-0.03,-0.0315,sl,1.25,-0.04084507042253527
trail,2026-04-10,KRW-OPEN,bear_volatile,-0.03,-0.0315,sl,5.5,-0.03260869565217395
trail,2026-04-11,KRW-WAL,bear_volatile,-0.03,-0.0315,sl,1.25,-0.03539823008849563
trail,2026-04-11,KRW-A,bear_volatile,-0.008264462809917328,-0.009764462809917327,eod,22.25,-0.024793388429752095
trail,2026-04-11,KRW-AUCTION,bear_volatile,-0.011954992967651235,-0.013454992967651234,eod,21.75,-0.01898734177215189
trail,2026-04-12,KRW-BLAST,bear_volatile,0.0246068965517241,0.0231068965517241,trail,0.25,0.0
trail,2026-04-12,KRW-BLUR,bear_volatile,0.01237237237237232,0.01087237237237232,trail,1.25,-0.024024024024023927
trail,2026-04-12,KRW-XPL,bear_volatile,-0.03,-0.0315,sl,1.75,-0.04950495049504955
trail,2026-04-13,KRW-JST,bear_volatile,-0.03,-0.0315,sl,0.75,-0.05932203389830504
trail,2026-04-13,KRW-WET,bear_volatile,-0.03,-0.0315,sl,0.25,-0.032258064516129004
trail,2026-04-13,KRW-AHT,bear_volatile,-0.03,-0.0315,sl,1.5,-0.03347280334728031
trail,2026-04-14,KRW-IMX,bear_volatile,-0.013698630136986356,-0.015198630136986356,eod,22.25,-0.0273972602739726
trail,2026-04-14,KRW-AXL,bear_volatile,-0.03,-0.0315,sl,7.0,-0.030042918454935785
trail,2026-04-14,KRW-WCT,bear_volatile,0.014759725400457668,0.013259725400457669,trail,1.0,-0.010297482837528626
trail,2026-04-15,KRW-BIO,bear_volatile,0.017430555555555616,0.015930555555555614,trail,3.75,-0.00694444444444442
trail,2026-04-15,KRW-JST,bear_volatile,0.014086956521739191,0.012586956521739192,trail,4.5,-0.008695652173912993
trail,2026-04-15,KRW-DKA,bear_volatile,-0.03,-0.0315,sl,0.5,-0.03203883495145632
trail,2026-04-16,KRW-INJ,bear_volatile,0.013546232519306978,0.012046232519306978,trail,6.0,-0.009810060530160758
trail,2026-04-16,KRW-FLOCK,bear_volatile,0.030200445434298562,0.02870044543429856,trail,0.25,-0.00111358574610243
trail,2026-04-16,KRW-ARKM,bear_volatile,0.015209580838323244,0.013709580838323245,trail,4.25,-0.0239520958083832
trail,2026-04-17,KRW-HBAR,bear_volatile,0.01684210526315799,0.015342105263157992,trail,15.25,-0.022556390977443663
trail,2026-04-17,KRW-SONIC,bear_volatile,0.03543795620437962,0.033937956204379616,trail,8.5,-0.010948905109488982
trail,2026-04-17,KRW-ZK,bear_volatile,0.02032921810699584,0.018829218106995838,trail,16.0,-0.024691358024691468
trail,2026-04-18,KRW-KNC,bear_volatile,-0.03,-0.0315,sl,11.0,-0.037209302325581395
trail,2026-04-18,KRW-WLFI,bear_volatile,-0.03,-0.0315,sl,17.0,-0.033333333333333326
trail,2026-04-18,KRW-BERA,bear_volatile,-0.03,-0.0315,sl,2.0,-0.030441400304414
trail,2026-04-19,KRW-TREE,bear_volatile,-0.03,-0.0315,sl,0.5,-0.03669724770642202
trail,2026-04-19,KRW-PENDLE,bear_volatile,-0.03,-0.0315,sl,5.5,-0.03224206349206349
trail,2026-04-19,KRW-TIA,bear_volatile,0.02546391752577315,0.02396391752577315,trail,12.5,-0.029209621993127155
trail,2026-04-20,KRW-CPOOL,bear_volatile,-0.03,-0.0315,sl,0.25,-0.031630170316301776
trail,2026-04-20,KRW-IN,bear_volatile,0.020487288135593085,0.018987288135593083,trail,0.25,-0.01588983050847459
trail,2026-04-20,KRW-ZBT,bear_volatile,0.019883720930232496,0.018383720930232494,trail,1.0,0.0
trail,2026-04-21,KRW-FLUID,bear_volatile,-0.03,-0.0315,sl,13.5,-0.03216726980297546
trail,2026-04-21,KRW-MOODENG,bear_volatile,-0.03,-0.0315,sl,3.5,-0.03157894736842104
trail,2026-04-21,KRW-AXL,bear_volatile,0.06654228855721378,0.06504228855721378,trail,0.25,0.0
trail,2026-04-22,KRW-OPEN,bear_volatile,0.011988130563798327,0.010488130563798327,trail,1.5,-0.008902077151335286
trail,2026-04-22,KRW-FLOCK,bear_volatile,-0.03,-0.0315,sl,1.5,-0.03898840885142263
trail,2026-04-22,KRW-BIRB,bear_volatile,0.05277227722772282,0.05127227722772282,trail,1.0,-0.004950495049504955
trail,2026-04-23,KRW-BCH,bear_volatile,0.002928257686676483,0.001428257686676483,eod,24.0,-0.013177159590043952
trail,2026-04-23,KRW-AERO,bear_volatile,-0.03,-0.0315,sl,2.5,-0.033333333333333326
trail,2026-04-23,KRW-AVNT,bear_volatile,-0.03,-0.0315,sl,2.75,-0.032258064516129004
trail,2026-04-24,KRW-RED,bear_volatile,0.12139303482587072,0.11989303482587071,trail,0.25,-0.00497512437810943
trail,2026-04-24,KRW-PLUME,bear_volatile,0.018620689655172384,0.017120689655172383,trail,0.5,-0.009852216748768461
trail,2026-04-24,KRW-CHZ,bear_volatile,0.014109772423025246,0.012609772423025247,trail,1.25,-0.0026773761713521083
trail,2026-04-25,KRW-AZTEC,bear_volatile,-0.03,-0.0315,sl,4.75,-0.034782608695652306
trail,2026-04-25,KRW-FLOCK,bear_volatile,-0.03,-0.0315,sl,5.75,-0.03809523809523807
trail,2026-04-25,KRW-BIRB,bear_volatile,-0.03,-0.0315,sl,5.25,-0.030042918454935674
trail,2026-04-26,KRW-AUCTION,bear_quiet,0.009433447098976089,0.00793344709897609,trail,8.5,-0.029351535836177445
trail,2026-04-26,KRW-AWE,bear_quiet,0.051294697903822684,0.04979469790382268,trail,5.0,-0.023427866831072675
trail,2026-04-26,KRW-FLOCK,bear_quiet,0.01881188118811883,0.017311881188118827,trail,2.0,-0.026732673267326756
trail,2026-04-27,KRW-SKR,bear_quiet,-0.03,-0.0315,sl,5.25,-0.039215686274509776
trail,2026-04-27,KRW-ZKP,bear_quiet,-0.03,-0.0315,sl,0.25,-0.03816793893129766
trail,2026-04-27,KRW-ELSA,bear_quiet,-0.03,-0.0315,sl,0.75,-0.03669724770642202
trail,2026-04-28,KRW-MANTRA,bear_quiet,-0.03,-0.0315,sl,1.5,-0.03105590062111807
trail,2026-04-28,KRW-OPEN,bear_quiet,0.0433074935400517,0.0418074935400517,trail,3.5,-0.028423772609819098
trail,2026-04-28,KRW-CHZ,bear_quiet,-0.03,-0.0315,sl,8.5,-0.034805890227577074
trail,2026-04-29,KRW-WET,bear_quiet,-0.03,-0.0315,sl,15.0,-0.034965034965035
trail,2026-04-29,KRW-VANA,bear_quiet,-0.03,-0.0315,sl,8.25,-0.03241563055062169
trail,2026-04-29,KRW-HYPER,bear_quiet,0.02927374301675978,0.027773743016759778,trail,1.25,0.0
trail,2026-04-30,KRW-RAY,bear_quiet,-0.03,-0.0315,sl,6.25,-0.03122362869198314
trail,2026-04-30,KRW-HYPER,bear_quiet,0.024545454545454426,0.023045454545454425,trail,3.5,-0.017045454545454586
trail,2026-04-30,KRW-OPEN,bear_quiet,0.022711864406779636,0.021211864406779635,trail,4.25,-0.014527845036319653
trail,2026-05-01,KRW-AWE,bear_quiet,-0.03,-0.0315,sl,10.25,-0.03073545554335888
trail,2026-05-01,KRW-SOMI,bear_quiet,-0.03,-0.0315,sl,10.5,-0.03214285714285714
trail,2026-05-01,KRW-ZKP,bear_quiet,0.02083333333333326,0.019333333333333258,trail,1.75,-0.008333333333333304
trail,2026-05-02,KRW-FLUID,bear_quiet,-0.03,-0.0315,sl,1.75,-0.03445480340494522
trail,2026-05-02,KRW-HYPER,bear_quiet,0.012486187845303753,0.010986187845303754,trail,5.5,-0.02209944751381221
trail,2026-05-02,KRW-ZKP,bear_quiet,-0.03,-0.0315,sl,7.25,-0.03200000000000003
trail,2026-05-03,KRW-ARKM,bear_quiet,-0.03,-0.0315,sl,1.25,-0.03296703296703296
trail,2026-05-03,KRW-AKT,bear_quiet,0.0394292508917955,0.037929250891795496,trail,3.0,-0.013079667063020217
trail,2026-05-03,KRW-INJ,bear_quiet,-0.01594331266607618,-0.017443312666076183,eod,22.5,-0.025686448184233823
trail,2026-05-04,KRW-BAT,bear_quiet,-0.03,-0.0315,sl,0.5,-0.03144654088050314
trail,2026-05-04,KRW-ELSA,bear_quiet,-0.03,-0.0315,sl,0.25,-0.03389830508474578
trail,2026-05-04,KRW-IN,bear_quiet,-0.03,-0.0315,sl,10.5,-0.03809523809523807
trail,2026-05-05,KRW-WLFI,bear_quiet,0.024687168610816324,0.023187168610816322,trail,22.75,-0.018027571580063628
trail,2026-05-05,KRW-ELSA,bear_quiet,-0.03,-0.0315,sl,1.5,-0.03539823008849563
trail,2026-05-05,KRW-HOLO,bear_quiet,0.012435233160621895,0.010935233160621895,eod,22.75,-0.007253886010362698
trail,2026-05-06,KRW-ADA,bear_quiet,0.010309278350515427,0.008809278350515428,trail,13.5,-0.015463917525773141
trail,2026-05-06,KRW-ETC,bear_quiet,0.0175225225225224,0.016022522522522398,trail,14.25,-0.0037537537537537524
trail,2026-05-06,KRW-LINK,bear_quiet,0.014588235294117569,0.013088235294117569,trail,14.0,-0.00622837370242213
trail,2026-05-07,KRW-ETC,bear_quiet,-0.03,-0.0315,sl,14.75,-0.030501089324618702
trail,2026-05-07,KRW-APT,bear_quiet,0.0066577896138482195,0.00515778961384822,eod,24.0,-0.025299600532623145
trail,2026-05-07,KRW-ZORA,bear_quiet,0.010362694300518172,0.008862694300518172,eod,22.5,-0.025906735751295318
trail,2026-05-08,KRW-0G,bear_quiet,0.025672371638141733,0.024172371638141732,eod,24.0,-0.003667481662591676
trail,2026-05-08,KRW-MANTRA,bear_quiet,0.01868421052631586,0.017184210526315857,trail,15.5,-0.006578947368421018
trail,2026-05-08,KRW-JST,bear_quiet,-0.03,-0.0315,sl,17.25,-0.031746031746031744
trail,2026-05-09,KRW-ADA,bear_quiet,-0.00992555831265507,-0.011425558312655069,eod,24.0,-0.01488833746898266
trail,2026-05-09,KRW-ANKR,bear_quiet,-0.010484927916120546,-0.011984927916120545,eod,20.75,-0.020969855832241202
trail,2026-05-09,KRW-AVAX,bear_quiet,0.004791238877481119,0.0032912388774811187,eod,24.0,-0.009582477754962349
trail,2026-05-10,KRW-EDGE,bear_quiet,-0.005988023952095856,-0.007488023952095855,eod,23.25,-0.029940119760479056
trail,2026-05-10,KRW-LAYER,bear_quiet,0.10666666666666669,0.10516666666666669,trail,0.25,-0.027210884353741527
trail,2026-05-10,KRW-AERO,bear_quiet,0.018198924731182675,0.016698924731182674,trail,9.5,-0.025537634408602128
trail,2026-05-11,KRW-AUCTION,bear_quiet,-0.023917259211376884,-0.025417259211376886,eod,22.25,-0.02650290885585005
trail,2026-05-11,KRW-GAS,bear_quiet,-0.0038491147036181506,-0.00534911470361815,eod,24.0,-0.02501924557351809
trail,2026-05-11,KRW-ERA,bear_quiet,0.011181818181818182,0.009681818181818182,trail,15.0,-0.018181818181818188
trail,2026-05-12,KRW-META,bear_quiet,-0.013333333333333308,-0.014833333333333308,eod,18.5,-0.026666666666666727
trail,2026-05-12,KRW-AXS,bear_quiet,-0.03,-0.0315,sl,14.0,-0.03241182078169691
trail,2026-05-12,KRW-TT,bear_quiet,-0.03,-0.0315,sl,2.25,-0.03571428571428559
trail,2026-05-13,KRW-FF,bear_quiet,-0.03,-0.0315,sl,2.75,-0.03418803418803418
trail,2026-05-13,KRW-JTO,bear_quiet,0.04744382022471916,0.045943820224719156,trail,5.0,-0.005617977528089901
trail,2026-05-13,KRW-ATOM,bear_quiet,0.018585147247119016,0.017085147247119015,trail,3.5,-0.003841229193341844
trail,2026-05-14,KRW-TIA,bear_quiet,0.010579494799405564,0.009079494799405565,trail,7.25,-0.019316493313521588
trail,2026-05-14,KRW-AKT,bear_quiet,0.00992952231793276,0.00842952231793276,trail,0.25,-0.001566170712607673
trail,2026-05-14,KRW-FF,bear_quiet,0.018888888888888955,0.017388888888888954,trail,2.0,-0.007936507936507908
trail,2026-05-15,KRW-IMX,bear_quiet,-0.03,-0.0315,sl,5.0,-0.030000000000000027
trail,2026-05-15,KRW-CPOOL,bear_quiet,-0.03,-0.0315,sl,0.5,-0.04485981308411213
trail,2026-05-15,KRW-SONIC,bear_quiet,-0.03,-0.0315,sl,0.75,-0.030441400304414
trail,2026-05-16,KRW-ORCA,bear_quiet,0.07155085135757022,0.07005085135757022,trail,2.25,-0.0055223193741371635
trail,2026-05-16,KRW-LAYER,bear_quiet,-0.03,-0.0315,sl,7.0,-0.034965034965035
trail,2026-05-16,KRW-FLOCK,bear_quiet,-0.03,-0.0315,sl,1.25,-0.030303030303030276
trail,2026-05-17,KRW-DKA,bear_quiet,-0.03,-0.0315,sl,0.75,-0.034028540065861534
trail,2026-05-17,KRW-KITE,bear_quiet,0.006269592476489061,0.004769592476489061,eod,24.0,-0.025078369905956133
trail,2026-05-17,KRW-ATOM,bear_quiet,0.0234340118187788,0.021934011818778798,trail,10.25,-0.017071569271175258
trail,2026-05-18,KRW-KAITO,bear_quiet,-0.03,-0.0315,sl,1.5,-0.03146374829001364
trail,2026-05-18,KRW-FF,bear_quiet,0.010624999999999885,0.009124999999999885,trail,0.5,-0.0078125
trail,2026-05-18,KRW-META,bear_quiet,-0.03,-0.0315,sl,0.25,-0.030487804878048697
trail,2026-05-19,KRW-AKT,bear_quiet,0.02184457728437228,0.02034457728437228,trail,4.5,-0.011955593509820672
trail,2026-05-19,KRW-BIO,bear_quiet,-0.03,-0.0315,sl,0.25,-0.031088082901554404
trail,2026-05-19,KRW-CFG,bear_quiet,0.01379310344827589,0.01229310344827589,trail,2.25,-0.01839080459770115
trail,2026-05-20,KRW-STORJ,bear_quiet,-0.03,-0.0315,sl,11.0,-0.034682080924855474
trail,2026-05-20,KRW-COMP,bear_quiet,-0.0117647058823529,-0.013264705882352899,eod,21.5,-0.020882352941176463
trail,2026-05-20,KRW-OPEN,bear_quiet,0.01968847352024916,0.01818847352024916,trail,3.0,-0.009345794392523366
trail,2026-05-21,KRW-KAITO,bear_quiet,0.020312056737588513,0.01881205673758851,trail,4.5,0.0
trail,2026-05-21,KRW-ORCA,bear_quiet,-0.03,-0.0315,sl,11.75,-0.030898876404494402
trail,2026-05-21,KRW-OPEN,bear_quiet,0.010817610062893168,0.009317610062893169,trail,2.25,0.0
trail,2026-05-22,KRW-SOMI,bear_quiet,-0.03,-0.0315,sl,17.75,-0.031746031746031744
trail,2026-05-22,KRW-ALT,bear_quiet,0.016296296296296253,0.014796296296296254,trail,1.5,-0.009259259259259411
trail,2026-05-22,KRW-AXS,bear_quiet,-0.03,-0.0315,sl,19.75,-0.03527435610302354
trail,2026-05-23,KRW-2Z,bear_quiet,0.010624999999999885,0.009124999999999885,trail,5.0,-0.006249999999999978
trail,2026-05-23,KRW-MOCA,bear_quiet,0.04740740740740734,0.04590740740740734,trail,17.75,-0.010582010582010581
trail,2026-05-23,KRW-SAFE,bear_quiet,-0.03,-0.0315,sl,5.75,-0.032110091743119296
trail,2026-05-24,KRW-ZORA,bear_quiet,-0.03,-0.0315,sl,5.5,-0.03508771929824572
trail,2026-05-24,KRW-ENSO,bear_quiet,-0.03,-0.0315,sl,14.5,-0.0347394540942928
trail,2026-05-24,KRW-ONG,bear_quiet,-0.03,-0.0315,sl,11.25,-0.032352941176470584
trail,2026-05-25,KRW-RED,bear_quiet,0.05499999999999994,0.053499999999999936,trail,7.75,-0.010204081632653073
trail,2026-05-25,KRW-ALT,bear_quiet,-0.03,-0.0315,sl,12.0,-0.03508771929824561
trail,2026-05-25,KRW-PROVE,bear_quiet,0.014734177215189881,0.013234177215189881,trail,3.5,-0.0075949367088608
trail,2026-05-26,KRW-LA,bear_quiet,-0.03,-0.0315,sl,2.25,-0.03409090909090906
trail,2026-05-26,KRW-RENDER,bear_quiet,0.012596242685555925,0.011096242685555925,trail,4.5,-0.02063443178318447
trail,2026-05-26,KRW-INJ,bear_quiet,-0.03,-0.0315,sl,7.25,-0.03848431024274723
trail,2026-05-27,KRW-JTO,bear_quiet,0.014543080939947828,0.013043080939947828,trail,1.75,-0.0013054830287205776
trail,2026-05-27,KRW-FF,bear_quiet,-0.03,-0.0315,sl,4.5,-0.0357142857142857
trail,2026-05-27,KRW-ARKM,bear_quiet,-0.03,-0.0315,sl,2.0,-0.03083700440528636
trail,2026-05-28,KRW-ALT,bear_quiet,-0.03,-0.0315,sl,1.5,-0.03571428571428559
trail,2026-05-28,KRW-ICP,bear_quiet,-0.03,-0.0315,sl,3.75,-0.033516878142207274
trail,2026-05-28,KRW-GRT,bear_quiet,-0.03,-0.0315,sl,4.0,-0.03731343283582089
trail,2026-05-29,KRW-BAT,bear_quiet,0.028098159509202247,0.026598159509202246,trail,1.25,0.0
trail,2026-05-29,KRW-MON,bear_quiet,-0.03,-0.0315,sl,2.75,-0.03361344537815136
trail,2026-05-29,KRW-XPL,bear_quiet,0.021702127659574577,0.020202127659574576,trail,5.5,-0.014184397163120588
trail,2026-05-30,KRW-NEWT,bear_quiet,0.016635514018691566,0.015135514018691567,trail,0.25,0.0
trail,2026-05-30,KRW-BARD,bear_quiet,-0.03,-0.0315,sl,11.25,-0.03448275862068961
trail,2026-05-30,KRW-IOTA,bear_quiet,0.021465428276573828,0.019965428276573827,trail,0.5,-0.0010319917440660964
trail,2026-05-31,KRW-RENDER,bear_quiet,-0.03,-0.0315,sl,14.25,-0.03676470588235292
trail,2026-05-31,KRW-VET,bear_quiet,-0.007734806629834279,-0.009234806629834278,eod,23.75,-0.028729281767955972
trail,2026-05-31,KRW-ZK,bear_quiet,-0.03,-0.0315,sl,14.5,-0.032710280373831724
trail,2026-06-01,KRW-INJ,bear_quiet,-0.008822003113648114,-0.010322003113648113,eod,1.25,-0.011935651271406278
trail,2026-06-01,KRW-MANTRA,bear_quiet,0.0255813953488373,0.024081395348837298,trail,1.25,-0.015503875968992276
trail,2026-06-01,KRW-LAYER,bear_quiet,0.0,-0.0015,eod,1.25,0.0
time,2024-04-03,KRW-BTC,bull_volatile,-0.003446014179671608,-0.004946014179671608,timestop,1.0,-0.014273369910361988
time,2024-04-04,KRW-BTC,bull_volatile,0.005056890012642201,0.003556890012642201,timestop,1.0,-0.002093220865888812
time,2024-04-05,KRW-BTC,bull_volatile,0.0014379807934032929,-6.201920659670715e-05,timestop,1.0,-0.005480416310523428
time,2024-04-06,KRW-BTC,bull_volatile,0.0003557452863749422,-0.0011442547136250578,timestop,1.0,-0.002480052853585435
time,2024-04-07,KRW-BTC,bull_volatile,0.002767676767676752,0.0012676767676767522,timestop,1.0,-0.0002424242424242662
time,2024-04-08,KRW-BTC,bull_volatile,-0.0014793346013344255,-0.0029793346013344255,timestop,1.0,-0.0027070816854350976
time,2024-04-09,KRW-BTC,bull_volatile,-0.0037530622243997502,-0.00525306222439975,timestop,1.0,-0.0037530622243997502
time,2024-04-10,KRW-BTC,bull_volatile,0.00040237805430098916,-0.0010976219456990109,timestop,1.0,-0.002102425333722291
time,2024-04-11,KRW-BTC,bull_volatile,-9.940259043106359e-06,-0.0015099402590431064,timestop,1.0,-0.005119233407222645
time,2024-04-12,KRW-BTC,bull_volatile,0.0015714825645003483,7.148256450034826e-05,timestop,1.0,-5.967655308225517e-05
time,2024-04-13,KRW-BTC,bull_volatile,-0.004224998745546715,-0.005724998745546715,timestop,1.0,-0.005118169501731162
time,2024-04-14,KRW-BTC,bull_volatile,-0.0009372457334719808,-0.002437245733471981,timestop,1.0,-0.008394013986590232
time,2024-04-15,KRW-BTC,bull_volatile,-0.00333565818600845,-0.00483565818600845,timestop,1.0,-0.004568840909320637
time,2024-04-16,KRW-BTC,bull_volatile,-0.0020718947477468275,-0.0035718947477468275,timestop,1.0,-0.005490521081529032
time,2024-04-17,KRW-BTC,bull_volatile,0.006830758287393879,0.005330758287393879,timestop,1.0,-0.0015063234201909692
time,2024-04-18,KRW-BTC,bull_volatile,-0.0020669517383173908,-0.003566951738317391,timestop,1.0,-0.008070954406762976
time,2024-04-19,KRW-BTC,bull_volatile,-0.007580949117697466,-0.009080949117697466,timestop,1.0,-0.0076451944492033075
time,2024-04-20,KRW-BTC,bull_volatile,-0.0009637006103436763,-0.0024637006103436763,timestop,1.0,-0.0041760359781560785
time,2024-04-21,KRW-BTC,bull_quiet,0.00014761703922405722,-0.0013523829607759428,timestop,1.0,-0.0028047237452552
time,2024-04-22,KRW-BTC,bull_quiet,-0.0008007501764811797,-0.0023007501764811798,timestop,1.0,-0.0030449579079347977
time,2024-04-23,KRW-BTC,bull_quiet,0.0020156521560279472,0.0005156521560279472,timestop,1.0,-0.0020465039747425973
time,2024-04-24,KRW-BTC,bull_quiet,0.004444629492770913,0.002944629492770913,timestop,1.0,-0.0013219389826274464
time,2024-04-25,KRW-BTC,bull_quiet,0.0054640718562875,0.0039640718562875005,timestop,1.0,-0.0016039349871684871
time,2024-04-26,KRW-BTC,bull_quiet,-0.0024687099104149235,-0.003968709910414923,timestop,1.0,-0.007664859154170367
time,2024-04-27,KRW-BTC,bull_quiet,-0.006959926050785659,-0.008459926050785658,timestop,1.0,-0.010385514653906802
time,2024-04-28,KRW-BTC,bull_quiet,0.004776008480966931,0.003276008480966931,timestop,1.0,-0.0001967234614586033
time,2024-04-29,KRW-BTC,bull_quiet,0.0005081020180486284,-0.0009918979819513716,timestop,1.0,-0.002441098825842536
time,2024-04-30,KRW-BTC,bull_quiet,0.009814004376367702,0.008314004376367702,timestop,1.0,-0.0055908096280087305
time,2024-05-01,KRW-BTC,bull_quiet,-0.01824398751606393,-0.019743987516063932,timestop,1.0,-0.018955388287130503
time,2024-05-02,KRW-BTC,bull_volatile,-0.018551120372699126,-0.020051120372699127,timestop,1.0,-0.02177271584090823
time,2024-05-03,KRW-BTC,bull_quiet,0.0022744777125252025,0.0007744777125252024,timestop,1.0,-0.0034779050736497563
time,2024-05-04,KRW-BTC,bull_volatile,0.005566070488627117,0.004066070488627118,timestop,1.0,0.0
time,2024-05-05,KRW-BTC,bull_volatile,-0.0038979878852308802,-0.00539798788523088,timestop,1.0,-0.005880203315504429
time,2024-05-06,KRW-BTC,bull_volatile,0.0014983351831299174,-1.6648168700826062e-06,timestop,1.0,-0.0011098779134295356
time,2024-05-07,KRW-BTC,bull_volatile,0.006487947735976496,0.004987947735976496,timestop,1.0,-0.004674476233385905
time,2024-05-08,KRW-BTC,bull_volatile,0.007477595753182298,0.005977595753182298,timestop,1.0,-0.0010845367886295199
time,2024-05-09,KRW-BTC,bull_volatile,0.0036216694615240907,0.0021216694615240907,timestop,1.0,-0.0021194335755543303
time,2024-05-10,KRW-BTC,bull_volatile,-0.005152299241908409,-0.006652299241908409,timestop,1.0,-0.007092922965182269
time,2024-05-11,KRW-BTC,bull_volatile,-0.001025139209244852,-0.002525139209244852,timestop,1.0,-0.0034015982852216853
time,2024-05-12,KRW-BTC,bull_volatile,0.0011423109650197105,-0.0003576890349802895,timestop,1.0,-0.0006527491228683902
time,2024-05-13,KRW-BTC,bull_volatile,0.0009477467897966996,-0.0005522532102033005,timestop,1.0,-0.0006472417101051064
time,2024-05-14,KRW-BTC,bull_volatile,-0.0016375918302362624,-0.0031375918302362625,timestop,1.0,-0.002786180544499306
time,2024-05-15,KRW-BTC,bull_volatile,-0.002438629744348386,-0.003938629744348386,timestop,1.0,-0.003744625768572929
time,2024-05-16,KRW-BTC,bull_volatile,-0.0069155692588289686,-0.008415569258828968,timestop,1.0,-0.008109780590808913
time,2024-05-17,KRW-BTC,bull_volatile,0.00249892667246443,0.0009989266724644299,timestop,1.0,-0.0008036195907044075
time,2024-05-18,KRW-BTC,bull_volatile,0.00046420243544353923,-0.0010357975645564608,timestop,1.0,-0.003184644615251697
time,2024-05-19,KRW-BTC,bull_volatile,-0.0009563105752906642,-0.0024563105752906642,timestop,1.0,-0.0028259514752970727
time,2024-05-20,KRW-BTC,bull_volatile,0.0025600694256115997,0.0010600694256115996,timestop,1.0,-0.002733633454466533
time,2024-05-21,KRW-BTC,bull_volatile,-0.0026732469668928616,-0.004173246966892861,timestop,1.0,-0.006508328192473822
time,2024-05-22,KRW-BTC,bull_volatile,-0.003019117631853807,-0.004519117631853807,timestop,1.0,-0.004094419802103011
time,2024-05-23,KRW-BTC,bull_volatile,0.005250416574967831,0.003750416574967831,timestop,1.0,-0.00027247670848140615
time,2024-05-24,KRW-BTC,bull_volatile,-0.003656596098928322,-0.0051565960989283215,timestop,1.0,-0.006712540965467806
time,2024-05-25,KRW-BTC,bull_volatile,0.0009137311739870757,-0.0005862688260129243,timestop,1.0,-0.00023105845778981227
time,2024-05-26,KRW-BTC,bull_volatile,-0.001922277639235248,-0.003422277639235248,timestop,1.0,-0.0024937655860348684
time,2024-05-27,KRW-BTC,bull_volatile,0.0029591986113726154,0.0014591986113726154,timestop,1.0,-0.0008678921722400368
time,2024-05-28,KRW-BTC,bull_volatile,-0.0007287870900573035,-0.0022287870900573035,timestop,1.0,-0.0039562727745965365
time,2024-05-29,KRW-BTC,bull_volatile,0.0019333572801993881,0.0004333572801993881,timestop,1.0,-0.0015002007310837007
time,2024-05-30,KRW-BTC,bull_volatile,-0.0012884676818230023,-0.0027884676818230023,timestop,1.0,-0.0017250559045894898
time,2024-05-31,KRW-BTC,bull_volatile,0.000263157894736743,-0.001236842105263257,timestop,1.0,-0.0023368421052631927
time,2024-06-01,KRW-BTC,bull_volatile,0.0014496740878693348,-5.0325912130665205e-05,timestop,1.0,-0.001089900956573242
time,2024-06-02,KRW-BTC,bull_volatile,0.0006648234524386787,-0.0008351765475613213,timestop,1.0,-0.0006542706992254121
time,2024-06-03,KRW-BTC,bull_quiet,0.0004842105263158647,-0.0010157894736841353,timestop,1.0,-0.0018421052631578672
time,2024-06-04,KRW-BTC,bull_quiet,0.002218888680542541,0.0007188886805425411,timestop,1.0,-0.0022293059982915198
time,2024-06-05,KRW-BTC,bull_quiet,0.004205559544568693,0.0027055595445686933,timestop,1.0,-0.0021540670838035014
time,2024-06-06,KRW-BTC,bull_quiet,-0.0018397113381104502,-0.00333971133811045,timestop,1.0,-0.0019820094526604715
time,2024-06-07,KRW-BTC,bull_quiet,0.0017188596535837597,0.00021885965358375966,timestop,1.0,-0.00021358611080035672
time,2024-06-08,KRW-BTC,bull_quiet,0.0008987019883781588,-0.0006012980116218412,timestop,1.0,-0.0017259163185898707
time,2024-06-09,KRW-BTC,bull_quiet,0.0005094918328458764,-0.0009905081671541236,timestop,1.0,-0.00018341705982449774
time,2024-06-10,KRW-BTC,bull_quiet,-0.0022146698917159258,-0.003714669891715926,timestop,1.0,-0.00390884132961844
time,2024-06-11,KRW-BTC,bull_quiet,-0.0019120262338222505,-0.0034120262338222505,timestop,1.0,-0.001963424788494983
time,2024-06-12,KRW-BTC,bull_quiet,-0.0042694248339959495,-0.005769424833995949,timestop,1.0,-0.004500204554752529
time,2024-06-13,KRW-BTC,bull_quiet,0.002043071278170494,0.000543071278170494,timestop,1.0,-0.0037734275647841597
time,2024-06-14,KRW-BTC,bull_quiet,-0.001680512397742362,-0.003180512397742362,timestop,1.0,-0.002790284735874171
time,2024-06-15,KRW-BTC,bull_quiet,0.0009044573787762022,-0.0005955426212237978,timestop,1.0,-0.001223677630108888
time,2024-06-16,KRW-BTC,bull_quiet,-0.0002555556738683684,-0.0017555556738683684,timestop,1.0,-0.0002555556738683684
time,2024-06-17,KRW-BTC,bull_quiet,-0.0022182362368524666,-0.0037182362368524667,timestop,1.0,-0.0022182362368524666
time,2024-06-18,KRW-BTC,bull_quiet,-0.010845291647522681,-0.01234529164752268,timestop,1.0,-0.016882325914370333
time,2024-06-19,KRW-BTC,bull_quiet,0.0018439917511374748,0.0003439917511374748,timestop,1.0,-0.0052264618271885555
time,2024-06-20,KRW-BTC,bull_quiet,0.00382308927459607,0.00232308927459607,timestop,1.0,-0.0003386164786071122
time,2024-06-21,KRW-BTC,bull_quiet,9.806164808945361e-05,-0.0014019383519105464,timestop,1.0,-0.003127077000185219
time,2024-06-22,KRW-BTC,bull_quiet,-0.0005647340213491558,-0.002064734021349156,timestop,1.0,-0.001849227089515848
time,2024-06-23,KRW-BTC,bull_quiet,0.004071571626647952,0.0025715716266479518,timestop,1.0,-0.000517199639060717
time,2024-06-24,KRW-BTC,bull_quiet,-0.00060606060606061,-0.00210606060606061,timestop,1.0,-0.001122334455667784
time,2024-06-25,KRW-BTC,bull_quiet,-0.0019650271945728104,-0.0034650271945728104,timestop,1.0,-0.005158196385753544
time,2024-06-26,KRW-BTC,bull_quiet,-0.0018979454169191223,-0.0033979454169191224,timestop,1.0,-0.0035786561174439013
time,2024-06-27,KRW-BTC,bull_quiet,0.002555405844909986,0.0010554058449099859,timestop,1.0,-0.0024276355526645643
time,2024-06-28,KRW-BTC,bull_quiet,-0.002175539568345375,-0.003675539568345375,timestop,1.0,-0.0028201438848920457
time,2024-06-29,KRW-BTC,bull_quiet,0.005049496811771137,0.003549496811771137,timestop,1.0,-0.0006458658712730214
time,2024-06-30,KRW-BTC,bull_quiet,0.0006296274704133964,-0.0008703725295866036,timestop,1.0,-0.00012825744767674951
time,2024-07-01,KRW-BTC,bull_quiet,0.004629208371246696,0.003129208371246696,timestop,1.0,-0.0035373066424021493
time,2024-07-02,KRW-BTC,bull_quiet,0.002673948265899284,0.001173948265899284,timestop,1.0,-0.0013143135544250173
time,2024-07-03,KRW-BTC,bull_quiet,0.00016042167984409161,-0.0013395783201559084,timestop,1.0,-0.0004927237309498844
time,2024-07-04,KRW-BTC,bull_quiet,0.0017109842847264911,0.00021098428472649108,timestop,1.0,-0.00029297676108330784
time,2024-07-05,KRW-BTC,bear_quiet,0.007627326150832614,0.006127326150832614,timestop,1.0,-0.0045176297747306915
time,2024-07-06,KRW-BTC,bear_quiet,0.00286003106585464,0.0013600310658546401,timestop,1.0,-0.004968071204911384
time,2024-07-07,KRW-BTC,bull_quiet,-0.007616173808086879,-0.009116173808086879,timestop,1.0,-0.008195534097767077
time,2024-07-08,KRW-BTC,bear_quiet,-0.010554554957995843,-0.012054554957995843,timestop,1.0,-0.010806453644344294
time,2024-07-09,KRW-BTC,bear_quiet,-0.0008074634467508668,-0.002307463446750867,timestop,1.0,-0.006198834768133765
time,2024-07-10,KRW-BTC,bear_quiet,-0.006301573565081764,-0.0078015735650817635,timestop,1.0,-0.0072035396072791524
time,2024-07-11,KRW-BTC,bear_quiet,-0.0033200693308595985,-0.004820069330859598,timestop,1.0,-0.007177208700534621
time,2024-07-12,KRW-BTC,bear_quiet,-0.0018132478105341576,-0.0033132478105341577,timestop,1.0,-0.0033181201430861895
time,2024-07-13,KRW-BTC,bear_quiet,-0.0010423308971403422,-0.0025423308971403422,timestop,1.0,-0.0018639328984156878
time,2024-07-14,KRW-BTC,bear_quiet,0.010844260020988816,0.009344260020988817,timestop,1.0,-0.0004945658074088088
time,2024-07-15,KRW-BTC,bull_quiet,0.009340980920051534,0.007840980920051534,timestop,1.0,-0.0018845838698349215
time,2024-07-16,KRW-BTC,bull_volatile,-0.00604418507711546,-0.00754418507711546,timestop,1.0,-0.010552642548430247
time,2024-07-17,KRW-BTC,bull_volatile,0.007134599504541761,0.005634599504541761,timestop,1.0,-0.0013762730525735956
time,2024-07-18,KRW-BTC,bull_volatile,0.006326567110793269,0.004826567110793269,timestop,1.0,-0.0046387373692211575
time,2024-07-19,KRW-BTC,bull_volatile,-0.005664997217584844,-0.007164997217584844,timestop,1.0,-0.006733444629938745
time,2024-07-20,KRW-BTC,bull_volatile,-4.300890284292258e-05,-0.0015430089028429226,timestop,1.0,-0.0028815964904734814
time,2024-07-21,KRW-BTC,bull_volatile,-0.001498836010332405,-0.002998836010332405,timestop,1.0,-0.0023704995057030054
time,2024-07-22,KRW-BTC,bull_volatile,0.001252631578947394,-0.00024736842105260596,timestop,1.0,-0.0015578947368420915
time,2024-07-23,KRW-BTC,bull_volatile,0.0011242628653853615,-0.00037573713461463857,timestop,1.0,-0.0006575877137160457
time,2024-07-24,KRW-BTC,bull_volatile,-0.0062239764052741675,-0.007723976405274167,timestop,1.0,-0.006505898681471223
time,2024-07-25,KRW-BTC,bull_quiet,0.0008087343307723316,-0.0006912656692276684,timestop,1.0,-0.0013333187615436337
time,2024-07-26,KRW-BTC,bull_quiet,0.00803460394701272,0.00653460394701272,timestop,1.0,-0.0020437956204379937
time,2024-07-27,KRW-BTC,bull_quiet,0.0006339881021566462,-0.0008660118978433538,timestop,1.0,-0.0003592599245554329
time,2024-07-28,KRW-BTC,bull_quiet,0.005564918752186232,0.004064918752186232,timestop,1.0,-0.007854485324514271
time,2024-07-29,KRW-BTC,bull_quiet,0.0033346266371654387,0.0018346266371654387,timestop,1.0,-0.0024328093705106024
time,2024-07-30,KRW-BTC,bull_quiet,-0.0012819828000640854,-0.0027819828000640854,timestop,1.0,-0.011815608140590794
time,2024-07-31,KRW-BTC,bull_quiet,0.0033301002263175228,0.0018301002263175228,timestop,1.0,-0.0042030391205949424
time,2024-08-01,KRW-BTC,bull_volatile,0.002280123082372132,0.0007801230823721319,timestop,1.0,-0.001527461094016358
time,2024-08-02,KRW-BTC,bull_volatile,-0.009674361851637947,-0.011174361851637947,timestop,1.0,-0.009685256403272668
time,2024-08-03,KRW-BTC,bull_volatile,-0.005986780634667954,-0.007486780634667954,timestop,1.0,-0.00783241628312048
time,2024-08-04,KRW-BTC,bear_volatile,-0.0010121692998580345,-0.0025121692998580345,timestop,1.0,-0.0035367754845615496
time,2024-08-05,KRW-BTC,bear_volatile,-0.03,-0.0315,sl,1.0,-0.03187942006327027
time,2024-08-06,KRW-BTC,bear_volatile,0.05,0.0485,tp,0.5,-5.14231352685135e-05
time,2024-08-07,KRW-BTC,bear_volatile,0.003168425517052098,0.001668425517052098,timestop,1.0,-0.008469924905820436
time,2024-08-13,KRW-BTC,bear_volatile,0.007619551239679279,0.006119551239679279,timestop,1.0,-0.0012378766209574232
time,2024-08-14,KRW-BTC,bear_volatile,0.003475711397732617,0.001975711397732617,timestop,1.0,-0.0030146476408904332
time,2024-08-15,KRW-BTC,bear_volatile,0.004124211547792411,0.0026242115477924112,timestop,1.0,-0.00047307132459972756
time,2024-08-16,KRW-BTC,bear_volatile,-0.002319727555401996,-0.003819727555401996,timestop,1.0,-0.0031711169241399606
time,2024-08-17,KRW-BTC,bear_volatile,0.006059499908742438,0.004559499908742439,timestop,1.0,-0.0017399768814260197
time,2024-08-18,KRW-BTC,bear_volatile,0.0021854360609023793,0.0006854360609023793,timestop,1.0,-0.0012919428647323317
time,2024-08-19,KRW-BTC,bear_volatile,-0.00127607361963189,-0.00277607361963189,timestop,1.0,-0.0030674846625766694
time,2024-08-20,KRW-BTC,bear_volatile,0.01287984524596597,0.011379845245965971,timestop,1.0,-0.0029873405323342928
time,2024-08-21,KRW-BTC,bear_volatile,-0.0001238374756968863,-0.0016238374756968863,timestop,1.0,-0.00034674493195130385
time,2024-08-22,KRW-BTC,bear_volatile,-0.005259348612786541,-0.00675934861278654,timestop,1.0,-0.005355850422195441
time,2024-08-23,KRW-BTC,bear_volatile,0.0035848412427450516,0.0020848412427450515,timestop,1.0,-0.00012193337560362227
time,2024-08-24,KRW-BTC,bear_volatile,0.0022897196261681962,0.0007897196261681962,timestop,1.0,-0.0005841121495326895
time,2024-08-25,KRW-BTC,bear_volatile,-0.000885708625170456,-0.002385708625170456,timestop,1.0,-0.0012236763900380643
time,2024-08-26,KRW-BTC,bear_volatile,-0.004638218923933235,-0.006138218923933235,timestop,1.0,-0.007954545454545436
time,2024-08-27,KRW-BTC,bear_volatile,-0.0033527627713012542,-0.004852762771301254,timestop,1.0,-0.003471234954032787
time,2024-08-28,KRW-BTC,bear_volatile,-0.0031625631586099656,-0.004662563158609965,timestop,1.0,-0.005522131765229088
time,2024-08-29,KRW-BTC,bear_volatile,0.0002356793768141241,-0.001264320623185876,timestop,1.0,-0.003076236076310468
time,2024-08-30,KRW-BTC,bear_volatile,-0.0024150102173509103,-0.00391501021735091,timestop,1.0,-0.003814477676636341
time,2024-08-31,KRW-BTC,bear_volatile,0.0015664043560958962,6.64043560958962e-05,timestop,1.0,-0.00039781697932594895
time,2024-09-01,KRW-BTC,bear_volatile,-0.0004981320049812776,-0.0019981320049812777,timestop,1.0,-0.0010211706102116747
time,2024-09-02,KRW-BTC,bear_volatile,0.004303794235214431,0.002803794235214431,timestop,1.0,-0.0008684213887080183
time,2024-09-03,KRW-BTC,bear_volatile,0.0020312285817538633,0.0005312285817538633,timestop,1.0,-0.0022555360324996165
time,2024-09-04,KRW-BTC,bear_volatile,-0.003449597546952843,-0.004949597546952842,timestop,1.0,-0.003449597546952843
time,2024-09-05,KRW-BTC,bear_volatile,0.00015240224031298766,-0.0013475977596870124,timestop,1.0,-0.000444506534246103
time,2024-09-06,KRW-BTC,bear_volatile,-0.0035372723699724773,-0.005037272369972477,timestop,1.0,-0.007284160880387747
time,2024-09-07,KRW-BTC,bear_volatile,-0.001656618326000725,-0.003156618326000725,timestop,1.0,-0.0024306121340502695
time,2024-09-08,KRW-BTC,bear_quiet,0.0011271048343290957,-0.00037289516567090434,timestop,1.0,-0.0026344378055405127
time,2024-09-09,KRW-BTC,bear_quiet,0.003909241123604579,0.0024092411236045787,timestop,1.0,-0.002015072744126045
time,2024-09-10,KRW-BTC,bear_quiet,0.000854092526690442,-0.000645907473309558,timestop,1.0,-0.006793917825946294
time,2024-09-11,KRW-BTC,bear_quiet,0.0007555288061364962,-0.0007444711938635038,timestop,1.0,-0.002253780845423936
time,2024-09-12,KRW-BTC,bear_quiet,0.005416165768281189,0.00391616576828119,timestop,1.0,-0.0007885110068380774
time,2024-09-13,KRW-BTC,bear_quiet,-0.0011626569906348916,-0.0026626569906348916,timestop,1.0,-0.0026830545937727157
time,2024-09-14,KRW-BTC,bear_quiet,-0.0013344865933522243,-0.0028344865933522243,timestop,1.0,-0.0014827628815025085
time,2024-09-15,KRW-BTC,bear_quiet,0.0010555859122745037,-0.0004444140877254963,timestop,1.0,-0.0012915404103124306
time,2024-09-16,KRW-BTC,bear_quiet,-0.007416144859519913,-0.008916144859519913,timestop,1.0,-0.008658443237002933
time,2024-09-17,KRW-BTC,bear_quiet,-0.008500280369067692,-0.010000280369067692,timestop,1.0,-0.008844369679359754
time,2024-09-18,KRW-BTC,bear_quiet,-0.002539572957246383,-0.004039572957246383,timestop,1.0,-0.007076285812909866
time,2024-09-19,KRW-BTC,bear_quiet,0.008062661162427487,0.006562661162427487,timestop,1.0,-1.2106097841524388e-05
time,2024-09-20,KRW-BTC,bear_quiet,-0.0015734703365081204,-0.0030734703365081204,timestop,1.0,-0.006126998128523908
time,2024-09-21,KRW-BTC,bear_quiet,0.00261897990140314,0.00111897990140314,timestop,1.0,-0.00105470231323479
time,2024-09-22,KRW-BTC,bear_quiet,-0.00035532814554239955,-0.0018553281455423996,timestop,1.0,-0.0018950834428927976
time,2024-09-23,KRW-BTC,bear_quiet,0.001862372993234107,0.00036237299323410707,timestop,1.0,-0.011857893868313707
time,2024-09-24,KRW-BTC,bear_quiet,-0.003946591043365255,-0.005446591043365255,timestop,1.0,-0.004076568592697671
time,2024-09-25,KRW-BTC,bear_quiet,9.38438438438105e-05,-0.0014061561561561895,timestop,1.0,-0.002909159159159125
time,2024-09-26,KRW-BTC,bear_quiet,-0.0026907849505701797,-0.004190784950570179,timestop,1.0,-0.004219909437898628
time,2024-09-27,KRW-BTC,bear_quiet,0.004095499604412023,0.002595499604412023,timestop,1.0,-0.000826080886117242
time,2024-09-28,KRW-BTC,bear_quiet,-0.0003794935486096662,-0.0018794935486096663,timestop,1.0,-0.002253961682651351
time,2024-09-29,KRW-BTC,bear_quiet,-0.0017640751288466872,-0.003264075128846687,timestop,1.0,-0.0023866898802042957
time,2024-09-30,KRW-BTC,bear_quiet,-0.004525465925219296,-0.006025465925219296,timestop,1.0,-0.009993252518671891
time,2024-10-01,KRW-BTC,bear_quiet,0.0036187746327480674,0.0021187746327480674,timestop,1.0,-0.005171384211154928
time,2024-10-02,KRW-BTC,bear_quiet,0.00395092024539867,0.0024509202453986702,timestop,1.0,-0.0029079754601226693
time,2024-10-03,KRW-BTC,bear_quiet,0.006156143292496363,0.004656143292496364,timestop,1.0,-0.0021907547700931174
time,2024-10-04,KRW-BTC,bear_quiet,-0.004150435067535541,-0.00565043506753554,timestop,1.0,-0.004405286343612369
time,2024-10-05,KRW-BTC,bear_quiet,0.0028757577203952778,0.0013757577203952777,timestop,1.0,0.0
time,2024-10-06,KRW-BTC,bear_quiet,-0.0028453397145136172,-0.004345339714513617,timestop,1.0,-0.0034286938819243495
time,2024-10-07,KRW-BTC,bear_quiet,0.012707849732341625,0.011207849732341625,timestop,1.0,-0.0010777393528826895
time,2024-10-08,KRW-BTC,bear_quiet,0.004550761239903833,0.0030507612399038333,timestop,1.0,-0.0011198208286674616
time,2024-10-09,KRW-BTC,bear_quiet,0.0007368758839538803,-0.0007631241160461198,timestop,1.0,-0.001652028191445054
time,2024-10-10,KRW-BTC,bear_quiet,-0.003726496971462545,-0.005226496971462545,timestop,1.0,-0.00585072162946243
time,2024-10-11,KRW-BTC,bear_quiet,-0.00294651227916376,-0.0044465122791637595,timestop,1.0,-0.002970863620313846
time,2024-10-12,KRW-BTC,bear_quiet,0.00497335701598578,0.00347335701598578,timestop,1.0,-0.0002013025458851292
time,2024-10-13,KRW-BTC,bear_quiet,0.00085885384190032,-0.00064114615809968,timestop,1.0,-0.0006823770250714567
time,2024-10-14,KRW-BTC,bear_quiet,-0.004092849897383899,-0.0055928498973838985,timestop,1.0,-0.005685169021726333
time,2024-10-15,KRW-BTC,bull_quiet,-0.002718862815884515,-0.004218862815884515,timestop,1.0,-0.004896209386281547
time,2024-10-16,KRW-BTC,bull_quiet,-0.0008506595373295456,-0.0023506595373295456,timestop,1.0,-0.0035793985726595423
time,2024-10-17,KRW-BTC,bull_quiet,0.001877524287741572,0.00037752428774157206,timestop,1.0,-0.0002183167776443895
time,2024-10-18,KRW-BTC,bull_quiet,-0.002539288127465733,-0.004039288127465733,timestop,1.0,-0.0027027616120665066
time,2024-10-19,KRW-BTC,bull_quiet,-0.002270828423916571,-0.003770828423916571,timestop,1.0,-0.0024422117011932976
time,2024-10-20,KRW-BTC,bull_quiet,-0.0014573198174063773,-0.0029573198174063773,timestop,1.0,-0.0014680354042990729
time,2024-10-21,KRW-BTC,bull_quiet,0.002364192074631788,0.0008641920746317879,timestop,1.0,-0.000649620344831292
time,2024-10-22,KRW-BTC,bull_quiet,-0.00435108125996897,-0.005851081259968969,timestop,1.0,-0.01162096765443088
time,2024-10-23,KRW-BTC,bull_quiet,-0.0029070706418166115,-0.004407070641816611,timestop,1.0,-0.003477717841876893
time,2024-10-24,KRW-BTC,bull_quiet,0.00844384303112311,0.006943843031123111,timestop,1.0,-0.003193504736129893
time,2024-10-25,KRW-BTC,bull_quiet,-0.0025936201196892217,-0.004093620119689221,timestop,1.0,-0.003603431231863241
time,2024-10-26,KRW-BTC,bull_quiet,0.0005972568844521131,-0.0009027431155478869,timestop,1.0,-0.0025810029649537825
time,2024-10-27,KRW-BTC,bull_quiet,0.0003830072452204458,-0.0011169927547795542,timestop,1.0,-0.0009681572031959851
time,2024-10-28,KRW-BTC,bull_quiet,-0.0008963975364886245,-0.0023963975364886246,timestop,1.0,-0.0008963975364886245
time,2024-10-29,KRW-BTC,bull_quiet,0.00035933922649666883,-0.0011406607735033312,timestop,1.0,-0.002063633843594981
time,2024-10-30,KRW-BTC,bull_quiet,-0.007749259624876603,-0.009249259624876603,timestop,1.0,-0.009032576505429435
time,2024-10-31,KRW-BTC,bull_quiet,-0.0029233079118234917,-0.004423307911823491,timestop,1.0,-0.004027005796899741
time,2024-11-01,KRW-BTC,bull_quiet,-0.0026908023483366295,-0.004190802348336629,timestop,1.0,-0.0026908023483366295
time,2024-11-02,KRW-BTC,bull_quiet,0.0029897977006299037,0.0014897977006299037,timestop,1.0,-0.0028356844170921436
time,2024-11-03,KRW-BTC,bull_quiet,-0.00290108533511646,-0.00440108533511646,timestop,1.0,-0.002911372871765905
time,2024-11-04,KRW-BTC,bull_quiet,-0.005073603717170028,-0.006573603717170027,timestop,1.0,-0.012355839853313455
time,2024-11-05,KRW-BTC,bull_quiet,0.0048574064843194265,0.0033574064843194264,timestop,1.0,-0.0010605691013797491
time,2024-11-06,KRW-BTC,bull_quiet,0.02662272859578363,0.025122728595783628,timestop,1.0,-0.0009563807226912191
time,2024-11-07,KRW-BTC,bull_quiet,-0.005620406398616495,-0.007120406398616495,timestop,1.0,-0.010789258778882593
time,2024-11-08,KRW-BTC,bull_quiet,0.005049099129366352,0.0035490991293663523,timestop,1.0,-0.0006527352486633831
time,2024-11-09,KRW-BTC,bull_quiet,-0.003453601010810048,-0.0049536010108100475,timestop,1.0,-0.004164911788104297
time,2024-11-10,KRW-BTC,bull_quiet,0.004779197320639028,0.003279197320639028,timestop,1.0,-0.0022955199729053355
time,2024-11-11,KRW-BTC,bull_quiet,0.00600323043790385,0.004503230437903851,timestop,1.0,-0.0014985642498205332
time,2024-11-12,KRW-BTC,bull_volatile,-0.03,-0.0315,sl,0.5,-0.032078472958642634
time,2024-11-13,KRW-BTC,bull_volatile,0.006626597626269604,0.005126597626269604,timestop,1.0,-0.001208473721698855
time,2024-11-14,KRW-BTC,bull_volatile,-0.0010381622187010109,-0.002538162218701011,timestop,1.0,-0.006330447814785645
time,2024-11-15,KRW-BTC,bull_volatile,0.013873711986919446,0.012373711986919446,timestop,1.0,-0.0014003221550391576
time,2024-11-16,KRW-BTC,bull_volatile,0.0015687437562437179,6.874375624371784e-05,timestop,1.0,-0.0029501748251747895
time,2024-11-17,KRW-BTC,bull_volatile,0.004404939825375598,0.0029049398253755978,timestop,1.0,-0.0005584834421458185
time,2024-11-18,KRW-BTC,bull_volatile,0.0015418798282582635,4.18798282582635e-05,timestop,1.0,-0.0021270034553921846
time,2024-11-19,KRW-BTC,bull_volatile,0.004640480722341911,0.003140480722341911,timestop,1.0,-0.0007236003838227978
time,2024-11-20,KRW-BTC,bull_volatile,-0.0037622098357117384,-0.005262209835711738,timestop,1.0,-0.0037622098357117384
time,2024-11-21,KRW-BTC,bull_volatile,0.005931821594834075,0.004431821594834075,timestop,1.0,-0.0013440456525003475
time,2024-11-22,KRW-BTC,bull_volatile,0.00211601605253553,0.0006160160525355298,timestop,1.0,-0.00014593214155422807
time,2024-11-23,KRW-BTC,bull_volatile,-0.0026592830163867376,-0.004159283016386737,timestop,1.0,-0.006429035863792065
time,2024-11-24,KRW-BTC,bull_volatile,0.003529411764705781,0.002029411764705781,timestop,1.0,-0.0018382352941176405
time,2024-11-25,KRW-BTC,bull_volatile,-0.006685768863419317,-0.008185768863419316,timestop,1.0,-0.013298067739328512
time,2024-11-26,KRW-BTC,bull_volatile,0.005462628379471646,0.003962628379471646,timestop,1.0,-0.005539675324174986
time,2024-11-27,KRW-BTC,bull_volatile,-0.005380434782608745,-0.006880434782608745,timestop,1.0,-0.006987577639751552
time,2024-11-28,KRW-BTC,bull_volatile,0.01160159098940583,0.01010159098940583,timestop,1.0,-0.0007819607666222916
time,2024-11-29,KRW-BTC,bull_volatile,-0.001291834404854919,-0.002791834404854919,timestop,1.0,-0.002208135552484558
time,2024-11-30,KRW-BTC,bull_volatile,0.0011000282439683762,-0.00039997175603162386,timestop,1.0,-0.003010212424373049
time,2024-12-01,KRW-BTC,bull_volatile,-0.0003140844438461743,-0.0018140844438461743,timestop,1.0,-0.0008375585169231314
time,2024-12-02,KRW-BTC,bull_volatile,0.007361623892019553,0.0058616238920195535,timestop,1.0,-1.4947459679226505e-05
time,2024-12-03,KRW-BTC,bull_volatile,0.00334773784291853,0.00184773784291853,timestop,1.0,-0.0012432315031867258
time,2024-12-04,KRW-BTC,bull_volatile,0.00527221058929106,0.0037722105892910598,timestop,1.0,-0.0008973975471133766
time,2024-12-05,KRW-BTC,bull_volatile,-0.004734623283969341,-0.006234623283969341,timestop,1.0,-0.004799481137174322
time,2024-12-06,KRW-BTC,bull_volatile,0.0029381604497422664,0.0014381604497422664,timestop,1.0,-0.010189016807150453
time,2024-12-07,KRW-BTC,bull_volatile,-0.0006814823316738661,-0.002181482331673866,timestop,1.0,-0.004296925438659449
time,2024-12-08,KRW-BTC,bull_volatile,0.0021947182845218904,0.0006947182845218904,timestop,1.0,-0.00033100669209185085
time,2024-12-09,KRW-BTC,bull_volatile,-0.006252835753176034,-0.007752835753176033,timestop,1.0,-0.010797130217785833
time,2024-12-10,KRW-BTC,bull_volatile,0.0005110340161516014,-0.0009889659838483987,timestop,1.0,-0.010321447593821476
time,2024-12-11,KRW-BTC,bull_volatile,-0.0072139213487211196,-0.00871392134872112,timestop,1.0,-0.012336746137983412
time,2024-12-12,KRW-BTC,bull_quiet,-0.0028718966396713563,-0.004371896639671356,timestop,1.0,-0.005666929865628778
time,2024-12-13,KRW-BTC,bull_quiet,0.0013727412802913008,-0.0001272587197086992,timestop,1.0,-0.0005603025633842407
time,2024-12-14,KRW-BTC,bull_quiet,-0.00022155754957353668,-0.0017215575495735367,timestop,1.0,-0.0017239946826188568
time,2024-12-15,KRW-BTC,bull_quiet,0.00024669869181170867,-0.0012533013081882914,timestop,1.0,-0.0016652161697287005
time,2024-12-16,KRW-BTC,bull_quiet,0.012730915352813899,0.011230915352813899,timestop,1.0,-0.001521009360572978
time,2024-12-17,KRW-BTC,bull_quiet,0.0006975091751790785,-0.0008024908248209215,timestop,1.0,-0.003376726661147411
time,2024-12-18,KRW-BTC,bull_quiet,-0.0013657857777892302,-0.00286578577778923,timestop,1.0,-0.009231938771565917
time,2024-12-24,KRW-BTC,bull_quiet,-0.004877502606699724,-0.006377502606699724,timestop,1.0,-0.008922260865914189
time,2024-12-25,KRW-BTC,bull_quiet,-0.002826359376702614,-0.004326359376702614,timestop,1.0,-0.0035414623515309662
time,2024-12-26,KRW-BTC,bull_quiet,-0.001686727478814709,-0.003186727478814709,timestop,1.0,-0.003683812813731313
time,2024-12-27,KRW-BTC,bull_quiet,0.0003541273191867145,-0.0011458726808132856,timestop,1.0,-0.00704782801910897
time,2024-12-28,KRW-BTC,bull_quiet,-0.0005981408375379527,-0.0020981408375379527,timestop,1.0,-0.00117517082198626
time,2024-12-29,KRW-BTC,bull_quiet,-0.0007448737228226143,-0.0022448737228226144,timestop,1.0,-0.0027967900158812897
time,2024-12-30,KRW-BTC,bull_quiet,-0.00431949996781833,-0.0058194999678183295,timestop,1.0,-0.004369560397908923
time,2024-12-31,KRW-BTC,bull_quiet,-0.007978819860007924,-0.009478819860007924,timestop,1.0,-0.00808762194900814
time,2025-01-01,KRW-BTC,bull_quiet,0.012956081323442836,0.011456081323442837,timestop,1.0,-0.0013917385253310322
time,2025-01-02,KRW-BTC,bull_quiet,0.005080596085535127,0.0035805960855351273,timestop,1.0,-0.002844567724770375
time,2025-01-03,KRW-BTC,bull_quiet,-0.003788721428174213,-0.005288721428174213,timestop,1.0,-0.003809576775485213
time,2025-01-04,KRW-BTC,bull_quiet,-0.001790491728481225,-0.003290491728481225,timestop,1.0,-0.0036846798891139176
time,2025-01-05,KRW-BTC,bull_quiet,-0.0007460263734138106,-0.0022460263734138106,timestop,1.0,-0.002189725559001654
time,2025-01-06,KRW-BTC,bull_quiet,0.0003523778596155047,-0.0011476221403844953,timestop,1.0,-0.00021419046368775785
time,2025-01-07,KRW-BTC,bull_quiet,-0.0020698146484310342,-0.0035698146484310343,timestop,1.0,-0.0030947389437955275
time,2025-01-08,KRW-BTC,bull_quiet,0.0021479532284911507,0.0006479532284911506,timestop,1.0,-0.0054493089944678275
time,2025-01-09,KRW-BTC,bull_quiet,-0.0011729587357330873,-0.0026729587357330873,timestop,1.0,-0.00669359086918353
time,2025-01-10,KRW-BTC,bull_quiet,0.00742049975670489,0.005920499756704891,timestop,1.0,-0.0004364999856885099
time,2025-01-11,KRW-BTC,bull_quiet,-0.0029590362797481395,-0.004459036279748139,timestop,1.0,-0.005883012887935246
time,2025-01-12,KRW-BTC,bull_quiet,-0.001812820946899163,-0.003312820946899163,timestop,1.0,-0.0032800067716268755
time,2025-01-13,KRW-BTC,bull_quiet,0.004539887664174902,0.003039887664174902,timestop,1.0,-0.001724453453833874
time,2025-01-14,KRW-BTC,bull_quiet,-0.0017310777718354542,-0.0032310777718354542,timestop,1.0,-0.0029836462408872055
time,2025-01-15,KRW-BTC,bull_quiet,0.0028144288242095694,0.0013144288242095694,timestop,1.0,-0.0008081033257631987
time,2025-01-16,KRW-BTC,bull_quiet,-0.004758704491918397,-0.006258704491918397,timestop,1.0,-0.008886082995607891
time,2025-01-17,KRW-BTC,bull_quiet,0.004681431005110648,0.0031814310051106478,timestop,1.0,-0.0006064735945485733
time,2025-01-18,KRW-BTC,bull_quiet,0.012608735583924835,0.011108735583924835,timestop,1.0,-0.0005969796764501156
time,2025-01-19,KRW-BTC,bull_quiet,-0.002722835859234496,-0.0042228358592344955,timestop,1.0,-0.0042640637040842755
time,2025-01-20,KRW-BTC,bull_quiet,-0.009571428571428564,-0.011071428571428564,timestop,1.0,-0.012389610389610395
time,2025-01-21,KRW-BTC,bull_quiet,-0.007988252569750331,-0.009488252569750331,timestop,1.0,-0.00799477891988909
time,2025-01-22,KRW-BTC,bull_quiet,-0.0022339136008528993,-0.0037339136008528993,timestop,1.0,-0.002925665255662513
time,2025-01-23,KRW-BTC,bull_quiet,-0.004116155588100523,-0.0056161555881005226,timestop,1.0,-0.0059290705101323615
time,2025-01-24,KRW-BTC,bull_quiet,-0.0050479653411728,-0.006547965341172799,timestop,1.0,-0.005808705967301098
time,2025-01-25,KRW-BTC,bull_quiet,-0.001087993891964123,-0.002587993891964123,timestop,1.0,-0.001787873003753937
time,2025-01-26,KRW-BTC,bull_quiet,-0.00048346055979642255,-0.0019834605597964226,timestop,1.0,-0.0009478371501272509
time,2025-01-27,KRW-BTC,bull_quiet,-0.0078731582319026,-0.009373158231902599,timestop,1.0,-0.00791159513132611
time,2025-01-28,KRW-BTC,bull_quiet,-0.0016072915523596132,-0.003107291552359613,timestop,1.0,-0.002523899586235334
time,2025-01-29,KRW-BTC,bull_quiet,-5.1308692333829065e-05,-0.001551308692333829,timestop,1.0,-0.0009876923274264593
time,2025-01-30,KRW-BTC,bull_quiet,0.0016114919519825133,0.00011149195198251324,timestop,1.0,-0.0016429664041697212
time,2025-01-31,KRW-BTC,bull_quiet,0.00453275341062831,0.0030327534106283096,timestop,1.0,-0.002901720802619745
time,2025-02-01,KRW-BTC,bull_quiet,0.0024524204879294853,0.0009524204879294853,timestop,1.0,-0.0025609911866139035
time,2025-02-02,KRW-BTC,bull_quiet,0.0018170382276889718,0.0003170382276889718,timestop,1.0,-0.0025286056455250394
time,2025-02-03,KRW-BTC,bull_quiet,-0.014168831168831164,-0.015668831168831165,timestop,1.0,-0.01948051948051943
time,2025-02-04,KRW-BTC,bull_quiet,-0.009923080326387224,-0.011423080326387223,timestop,1.0,-0.010163256792885766
time,2025-02-05,KRW-BTC,bull_quiet,0.003892565200467102,0.002392565200467102,timestop,1.0,-0.0041520695471649605
time,2025-02-06,KRW-BTC,bull_quiet,0.0032816110927698094,0.0017816110927698094,timestop,1.0,-0.0013667877187190092
time,2025-02-07,KRW-BTC,bull_quiet,-0.007868709492002468,-0.009368709492002468,timestop,1.0,-0.008978653400194214
time,2025-02-08,KRW-BTC,bull_quiet,0.0015307281988208299,3.072819882082986e-05,timestop,1.0,-0.0017646822903437664
time,2025-02-09,KRW-BTC,bull_quiet,0.0007052991475955395,-0.0007947008524044606,timestop,1.0,-0.002223371598610857
time,2025-02-10,KRW-BTC,bull_quiet,-0.0002574490860557388,-0.0017574490860557388,timestop,1.0,-0.0002574490860557388
time,2025-02-11,KRW-BTC,bull_quiet,0.0017454604497604276,0.00024546044976042755,timestop,1.0,-0.000595350851081089
time,2025-02-12,KRW-BTC,bull_quiet,0.0015886711313803925,8.867113138039248e-05,timestop,1.0,-0.004314063848144922
time,2025-02-13,KRW-BTC,bull_quiet,-0.0020088470435453143,-0.0035088470435453143,timestop,1.0,-0.004944333969130077
time,2025-02-14,KRW-BTC,bull_quiet,0.0004869617700717921,-0.001013038229928208,timestop,1.0,-0.0014540266937352886
time,2025-02-15,KRW-BTC,bull_quiet,0.0005663557396400343,-0.0009336442603599658,timestop,1.0,-0.0023950706579961567
time,2025-02-16,KRW-BTC,bull_quiet,-0.0008948970529413236,-0.0023948970529413236,timestop,1.0,-0.0012745503481285114
time,2025-02-17,KRW-BTC,bull_quiet,-0.0019158798283261946,-0.0034158798283261947,timestop,1.0,-0.0023965665236052036
time,2025-02-18,KRW-BTC,bull_quiet,-0.0028810859477803596,-0.004381085947780359,timestop,1.0,-0.003462843687235928
time,2025-02-19,KRW-BTC,bull_quiet,-0.004187534780189184,-0.005687534780189183,timestop,1.0,-0.00425013912075678
time,2025-02-20,KRW-BTC,bull_quiet,0.0003187493936831487,-0.0011812506063168513,timestop,1.0,-0.003208281940768054
time,2025-02-21,KRW-BTC,bull_quiet,-0.0020381693533444434,-0.0035381693533444434,timestop,1.0,-0.0035616494760463135
time,2025-02-22,KRW-BTC,bull_quiet,-0.0010357545261773238,-0.002535754526177324,timestop,1.0,-0.005185770972279569
time,2025-02-23,KRW-BTC,bull_quiet,0.0006040853024640302,-0.0008959146975359698,timestop,1.0,-0.0020862015678121404
time,2025-02-24,KRW-BTC,bull_quiet,-0.002850655367791166,-0.004350655367791166,timestop,1.0,-0.0030274950308054605
time,2025-02-25,KRW-BTC,bull_quiet,0.01563552427441639,0.01413552427441639,timestop,1.0,-0.01048170431755402
time,2025-02-26,KRW-BTC,bull_quiet,-0.01423119916740545,-0.015731199167405452,timestop,1.0,-0.01754615888679023
time,2025-02-27,KRW-BTC,bull_quiet,0.004772958664223115,0.0032729586642231147,timestop,1.0,-0.005497861942577842
time,2025-02-28,KRW-BTC,bull_quiet,-0.00654319796791103,-0.00804319796791103,timestop,1.0,-0.008617086267322605
time,2025-03-01,KRW-BTC,bull_quiet,-0.008690832858095243,-0.010190832858095243,timestop,1.0,-0.009293247335319998
time,2025-03-02,KRW-BTC,bull_volatile,-0.0017612219451371702,-0.0032612219451371703,timestop,1.0,-0.005346009975062294
time,2025-03-03,KRW-BTC,bull_volatile,-0.020701754385964888,-0.02220175438596489,timestop,1.0,-0.021642105263157907
time,2025-03-04,KRW-BTC,bull_volatile,-0.004273307201598686,-0.005773307201598686,timestop,1.0,-0.006325416954884311
time,2025-03-05,KRW-BTC,bull_volatile,-0.006228522336769737,-0.007728522336769737,timestop,1.0,-0.010646784486990635
time,2025-03-06,KRW-BTC,bull_volatile,-0.006496777539076959,-0.007996777539076958,timestop,1.0,-0.008267279057707966
time,2025-03-07,KRW-BTC,bull_volatile,-0.03,-0.0315,sl,0.75,-0.03958672623227599
time,2025-03-08,KRW-BTC,bull_volatile,0.0013742839054369238,-0.00012571609456307623,timestop,1.0,-0.0036673306465311306
time,2025-03-09,KRW-BTC,bull_volatile,0.002092099020835514,0.0005920990208355139,timestop,1.0,-0.0017421196307328968
time,2025-03-10,KRW-BTC,bull_volatile,0.004395277555168109,0.002895277555168109,timestop,1.0,-0.016019630036599786
time,2025-03-11,KRW-BTC,bear_volatile,-0.010187667560321745,-0.011687667560321744,timestop,1.0,-0.023252053278862927
time,2025-03-12,KRW-BTC,bull_volatile,-0.0020692677226694656,-0.0035692677226694656,timestop,1.0,-0.004268371851467112
time,2025-03-13,KRW-BTC,bull_volatile,-0.0033986970315893483,-0.004898697031589348,timestop,1.0,-0.0034552074335397753
time,2025-03-14,KRW-BTC,bear_volatile,0.0031193851068076484,0.0016193851068076483,timestop,1.0,-0.003984494576429132
time,2025-03-15,KRW-BTC,bull_volatile,0.004739413023293393,0.003239413023293393,timestop,1.0,0.0
time,2025-03-16,KRW-BTC,bull_volatile,-0.0002983558175352341,-0.0017983558175352341,timestop,1.0,-0.0016207978195834638
time,2025-03-17,KRW-BTC,bull_volatile,0.004789681235622734,0.0032896812356227336,timestop,1.0,-0.0010023003614854087
time,2025-03-18,KRW-BTC,bull_volatile,-0.0025244094103468173,-0.004024409410346817,timestop,1.0,-0.0036888950415713273
time,2025-03-19,KRW-BTC,bear_volatile,0.0025892209248630227,0.0010892209248630227,timestop,1.0,-0.0019213008773665274
time,2025-03-20,KRW-BTC,bull_volatile,-0.011667217007091502,-0.013167217007091501,timestop,1.0,-0.012901551959998092
time,2025-03-21,KRW-BTC,bull_volatile,0.0018338440749945395,0.00033384407499453947,timestop,1.0,-0.0014719011654561465
time,2025-03-22,KRW-BTC,bull_volatile,-9.638554216861994e-05,-0.00159638554216862,timestop,1.0,-0.0010040160642570406
time,2025-03-23,KRW-BTC,bull_volatile,0.0012001610954490705,-0.00029983890455092957,timestop,1.0,-0.0009987917841320915
time,2025-03-24,KRW-BTC,bull_volatile,-0.0012134392334846034,-0.0027134392334846034,timestop,1.0,-0.0027262985375693383
time,2025-03-25,KRW-BTC,bull_volatile,0.0026534254015051495,0.0011534254015051495,timestop,1.0,-0.0028706649080610935
time,2025-03-26,KRW-BTC,bull_volatile,0.003710546335253362,0.002210546335253362,timestop,1.0,-0.0014360901088323885
time,2025-03-27,KRW-BTC,bull_volatile,0.004231618905379708,0.002731618905379708,timestop,1.0,-0.0012134789508074784
time,2025-03-28,KRW-BTC,bull_volatile,0.0023232142718394577,0.0008232142718394577,timestop,1.0,-0.002431993535403798
time,2025-03-29,KRW-BTC,bull_volatile,2.3847376788621588e-05,-0.0014761526232113784,timestop,1.0,-0.001995230524642344
time,2025-03-30,KRW-BTC,bear_volatile,0.0037964209809042693,0.0022964209809042692,timestop,1.0,-0.000713856936580326
time,2025-03-31,KRW-BTC,bear_volatile,-0.009849974806170003,-0.011349974806170003,timestop,1.0,-0.01337711099913852
time,2025-04-01,KRW-BTC,bear_volatile,-0.0013878856252383942,-0.0028878856252383942,timestop,1.0,-0.00250793367367641
time,2025-04-02,KRW-BTC,bull_volatile,-0.005156674458272836,-0.006656674458272836,timestop,1.0,-0.005812117000442263
time,2025-04-03,KRW-BTC,bear_volatile,0.009650308647002337,0.008150308647002337,timestop,1.0,-0.0035180872029577648
time,2025-04-04,KRW-BTC,bear_volatile,-0.0038541430008762756,-0.005354143000876275,timestop,1.0,-0.0038541430008762756
time,2025-04-05,KRW-BTC,bear_volatile,0.00012154705086331319,-0.0013784529491366868,timestop,1.0,-0.004027258951940338
time,2025-04-06,KRW-BTC,bear_volatile,-0.0008113261125309856,-0.0023113261125309857,timestop,1.0,-0.0015334063526835084
time,2025-04-07,KRW-BTC,bear_volatile,-0.0024081622233379507,-0.00390816222333795,timestop,1.0,-0.01551264923372786
time,2025-04-08,KRW-BTC,bear_volatile,-0.003845437143195962,-0.005345437143195962,timestop,1.0,-0.003972489031186965
time,2025-04-09,KRW-BTC,bear_volatile,0.004000104806239468,0.0025001048062394684,timestop,1.0,-0.004331991231211307
time,2025-04-10,KRW-BTC,bear_volatile,0.0026619635896125704,0.0011619635896125704,timestop,1.0,-0.003181170110187148
time,2025-04-11,KRW-BTC,bear_volatile,-0.008199849061723552,-0.009699849061723552,timestop,1.0,-0.00821680841862471
time,2025-04-12,KRW-BTC,bear_volatile,0.0012268423219432556,-0.00027315767805674443,timestop,1.0,-0.002017291066282456
time,2025-04-13,KRW-BTC,bear_volatile,0.001691253226733025,0.00019125322673302489,timestop,1.0,-0.0031802034359144082
time,2025-04-14,KRW-BTC,bear_volatile,0.006670669616785974,0.005170669616785974,timestop,1.0,-0.0006004425179104711
time,2025-04-15,KRW-BTC,bear_volatile,0.002689618074233513,0.001189618074233513,timestop,1.0,-0.001352959394917419
time,2025-04-16,KRW-BTC,bear_volatile,-0.006532737364310592,-0.008032737364310592,timestop,1.0,-0.006598228465707234
time,2025-04-17,KRW-BTC,bear_volatile,0.0029626590069757874,0.0014626590069757874,timestop,1.0,-0.0007139926138695074
time,2025-04-18,KRW-BTC,bear_volatile,-0.0017852921275953726,-0.0032852921275953726,timestop,1.0,-0.002380389503460534
time,2025-04-19,KRW-BTC,bear_volatile,0.0006705482140521024,-0.0008294517859478976,timestop,1.0,-0.0014555802695276343
time,2025-04-20,KRW-BTC,bear_volatile,0.0014667535853976066,-3.3246414602393446e-05,timestop,1.0,-0.0003503911342894739
time,2025-04-21,KRW-BTC,bear_volatile,0.015756114252195585,0.014256114252195586,timestop,1.0,-0.0004562266794844172
time,2025-04-22,KRW-BTC,bear_volatile,0.0007923930269413404,-0.0007076069730586596,timestop,1.0,-0.005150554675118824
time,2025-04-23,KRW-BTC,bull_volatile,-0.008651087736074592,-0.010151087736074592,timestop,1.0,-0.00938321778627782
time,2025-04-24,KRW-BTC,bull_volatile,-0.004948910867510592,-0.0064489108675105915,timestop,1.0,-0.005752643760279175
time,2025-04-25,KRW-BTC,bull_volatile,0.001916206801791498,0.0004162068017914979,timestop,1.0,-0.0023098461835547868
time,2025-04-26,KRW-BTC,bull_volatile,0.001772153752645389,0.00027215375264538896,timestop,1.0,-0.0012009637001398898
time,2025-04-27,KRW-BTC,bull_volatile,0.002834645669291369,0.001334645669291369,timestop,1.0,-0.000563999267533366
time,2025-04-28,KRW-BTC,bull_volatile,-0.004505770938147413,-0.006005770938147413,timestop,1.0,-0.004883101509322252
time,2025-04-29,KRW-BTC,bull_volatile,0.0021999707645081745,0.0006999707645081745,timestop,1.0,-0.0001461774594357923
time,2025-05-05,KRW-WAL,bull_volatile,-0.019435885280872256,-0.020935885280872257,timestop,1.0,-0.024413368096705246
time,2025-05-05,KRW-LAYER,bull_volatile,-0.009353741496598622,-0.010853741496598622,timestop,1.0,-0.015093537414965996
time,2025-05-05,KRW-BONK,bull_volatile,0.011455239711497534,0.009955239711497534,timestop,1.0,-0.002121340687314399
time,2025-05-06,KRW-SONIC,bull_volatile,0.009152215799614671,0.007652215799614672,timestop,1.0,-0.022398843930635848
time,2025-05-06,KRW-DRIFT,bull_volatile,-0.03,-0.0315,sl,0.75,-0.030725022104332367
time,2025-05-06,KRW-SIGN,bull_volatile,-0.014121800529567463,-0.015621800529567463,timestop,1.0,-0.01941747572815533
time,2025-05-07,KRW-SIGN,bull_quiet,-0.006386861313868564,-0.007886861313868563,timestop,1.0,-0.01186131386861311
time,2025-05-07,KRW-BERA,bull_quiet,0.018895348837209225,0.017395348837209224,timestop,1.0,-0.0033914728682170603
time,2025-05-07,KRW-KAITO,bull_quiet,0.05,0.0485,tp,0.5,-0.013828238719068464
time,2025-05-08,KRW-G,bull_quiet,-0.009985734664764712,-0.011485734664764711,timestop,1.0,-0.024726581074655196
time,2025-05-08,KRW-SIGN,bull_quiet,0.011342155009451904,0.009842155009451905,timestop,1.0,-0.006616257088846944
time,2025-05-08,KRW-WCT,bull_quiet,-0.007269503546099343,-0.008769503546099343,timestop,1.0,-0.015425531914893709
time,2025-05-09,KRW-MASK,bull_volatile,0.008408408408408397,0.006908408408408397,timestop,1.0,-0.00540540540540535
time,2025-05-09,KRW-BTC,bull_volatile,-0.0016794758376644792,-0.003179475837664479,timestop,1.0,-0.004755059161782649
time,2025-05-09,KRW-HP,bull_volatile,-0.012729844413012836,-0.014229844413012836,timestop,1.0,-0.01980198019801993
time,2025-05-10,KRW-ARK,bull_quiet,-0.009740259740259716,-0.011240259740259715,timestop,1.0,-0.013636363636363558
time,2025-05-10,KRW-BTT,bull_quiet,0.05,0.0485,tp,0.25,0.0
time,2025-05-10,KRW-INJ,bull_quiet,-0.0036474164133738496,-0.005147416413373849,timestop,1.0,-0.009726443768997006
time,2025-05-11,KRW-TRX,bull_quiet,-0.005420054200542035,-0.0069200542005420345,timestop,1.0,-0.010840108401083959
time,2025-05-11,KRW-EGLD,bull_quiet,-0.03,-0.0315,sl,0.5,-0.0331292761973353
time,2025-05-11,KRW-IOST,bull_quiet,0.05,0.0485,tp,0.25,0.0
time,2025-05-12,KRW-GAME2,bull_quiet,0.011860637509266025,0.010360637509266026,timestop,1.0,-0.0011119347664937385
time,2025-05-12,KRW-BSV,bull_quiet,0.013041210224308708,0.011541210224308708,timestop,1.0,0.0
time,2025-05-12,KRW-A,bull_quiet,-0.007716049382716084,-0.009216049382716083,timestop,1.0,-0.014660493827160503
time,2025-05-13,KRW-TRX,bull_quiet,-0.01302083333333337,-0.01452083333333337,timestop,1.0,-0.015625
time,2025-05-13,KRW-MINA,bull_quiet,-0.019607843137254943,-0.021107843137254945,timestop,1.0,-0.019607843137254943
time,2025-05-13,KRW-SAFE,bull_quiet,-0.03,-0.0315,sl,0.75,-0.031525851197982346
time,2025-05-14,KRW-CBK,bull_quiet,-0.004054054054054013,-0.005554054054054012,timestop,1.0,-0.008968058968058967
time,2025-05-14,KRW-TT,bull_quiet,0.00293453724604964,0.00143453724604964,timestop,1.0,-0.0018058690744920947
time,2025-05-14,KRW-PYTH,bull_quiet,-0.010063361908311586,-0.011563361908311585,timestop,1.0,-0.021617592247484163
time,2025-05-15,KRW-UNI,bull_quiet,0.01730252552391187,0.01580252552391187,timestop,1.0,-0.0018269747447609008
time,2025-05-15,KRW-AAVE,bull_quiet,0.007876447876447923,0.006376447876447923,timestop,1.0,-0.0038610038610038533
time,2025-05-15,KRW-ARKM,bull_quiet,0.03864734299516903,0.03714734299516903,timestop,1.0,-0.0019323671497584183
time,2025-05-16,KRW-SNT,bull_quiet,0.05,0.0485,tp,0.25,0.0
time,2025-05-16,KRW-MASK,bull_quiet,0.023054755043227626,0.021554755043227625,timestop,1.0,-0.018251681075888593
time,2025-05-16,KRW-PENDLE,bull_quiet,0.011666376458297156,0.010166376458297157,timestop,1.0,-0.002960125370015665
time,2025-05-17,KRW-A,bull_quiet,-0.011735121542330251,-0.013235121542330251,timestop,1.0,-0.026823134953897765
time,2025-05-17,KRW-PUNDIX,bull_quiet,0.026952102263976485,0.025452102263976484,timestop,1.0,-0.016941321423071032
time,2025-05-17,KRW-WAVES,bull_quiet,-0.03,-0.0315,sl,0.75,-0.03623949579831931
time,2025-05-18,KRW-ANIME,bull_quiet,-0.0021276595744681437,-0.0036276595744681437,timestop,1.0,-0.02401215805471124
time,2025-05-18,KRW-PENGU,bull_quiet,0.009924109748978394,0.008424109748978394,timestop,1.0,-0.0005837711617044938
time,2025-05-18,KRW-BERA,bull_quiet,0.007071167883211604,0.005571167883211605,timestop,1.0,-0.005930656934306611
time,2025-05-19,KRW-PENGU,bull_quiet,-0.03,-0.0315,sl,1.0,-0.030760928224500828
time,2025-05-19,KRW-BONK,bull_quiet,-0.03,-0.0315,sl,1.0,-0.031860226104830414
time,2025-05-19,KRW-MEW,bull_quiet,-0.019503182098131955,-0.021003182098131956,timestop,1.0,-0.02401970847875201
time,2025-05-20,KRW-AAVE,bull_quiet,0.0018654039316974291,0.0003654039316974291,timestop,1.0,-0.0035873152532645003
time,2025-05-20,KRW-MASK,bull_quiet,-0.03,-0.0315,sl,1.0,-0.03179779861394216
time,2025-05-20,KRW-KAITO,bull_quiet,-0.019680653546230942,-0.021180653546230943,timestop,1.0,-0.021908652060898648
time,2025-05-21,KRW-CVC,bull_quiet,-0.021818181818181737,-0.023318181818181738,timestop,1.0,-0.022337662337662434
time,2025-05-21,KRW-PENDLE,bull_quiet,-0.0020994832041343336,-0.0035994832041343337,timestop,1.0,-0.007913436692506437
time,2025-05-21,KRW-TAIKO,bull_quiet,-0.021159153633854677,-0.02265915363385468,timestop,1.0,-0.021159153633854677
time,2025-05-22,KRW-IMX,bull_quiet,0.01251060220525857,0.01101060220525857,timestop,1.0,-0.008481764206955011
time,2025-05-22,KRW-CVC,bull_quiet,-0.012487992315081575,-0.013987992315081575,timestop,1.0,-0.01729106628242072
time,2025-05-22,KRW-PEPE,bull_quiet,0.017894736842105186,0.016394736842105184,timestop,1.0,-0.002631578947368318
time,2025-05-23,KRW-CTC,bull_quiet,0.001988071570576455,0.0004880715705764551,timestop,1.0,-0.0029821073558647937
time,2025-05-23,KRW-STRAX,bull_quiet,-0.001367989056087482,-0.002867989056087482,timestop,1.0,-0.0036935704514363676
time,2025-05-23,KRW-AGLD,bull_quiet,0.024709302325581328,0.023209302325581327,timestop,1.0,-0.0021802325581394832
time,2025-05-24,KRW-CVC,bull_quiet,0.004819277108433662,0.0033192771084336616,timestop,1.0,-0.004819277108433773
time,2025-05-24,KRW-JUP,bull_quiet,0.011927664486340861,0.010427664486340861,timestop,1.0,-0.008849557522124019
time,2025-05-24,KRW-JTO,bull_quiet,0.0028756290438534116,0.0013756290438534115,timestop,1.0,-0.0035945363048166534
time,2025-05-25,KRW-AERGO,bull_quiet,0.05,0.0485,tp,0.25,-0.017978620019436398
time,2025-05-25,KRW-ANIME,bull_quiet,-0.018739815317762032,-0.020239815317762033,timestop,1.0,-0.02172732210755013
time,2025-05-25,KRW-ARDR,bull_quiet,0.023793337865397612,0.02229333786539761,timestop,1.0,-0.024473147518694782
time,2025-05-26,KRW-ANIME,bull_quiet,-0.03,-0.0315,sl,0.25,-0.036610343061955986
time,2025-05-26,KRW-MASK,bull_quiet,-0.0012847965738758127,-0.0027847965738758127,timestop,1.0,-0.016274089935760183
time,2025-05-26,KRW-PENDLE,bull_quiet,0.013787510137875048,0.012287510137875048,timestop,1.0,-0.007461476074614781
time,2025-05-27,KRW-COW,bull_quiet,-0.006335988414192584,-0.007835988414192583,timestop,1.0,-0.007965242577842147
time,2025-05-27,KRW-SNT,bull_quiet,-0.03,-0.0315,sl,0.25,-0.03183692166743002
time,2025-05-27,KRW-JUP,bull_quiet,-0.0038993264799715988,-0.005399326479971598,timestop,1.0,-0.00838946000236307
time,2025-05-28,KRW-PUNDIX,bull_quiet,0.05,0.0485,tp,0.5,-0.001228932584269704
time,2025-05-28,KRW-COW,bull_quiet,-0.03,-0.0315,sl,1.0,-0.030512285209571166
time,2025-05-28,KRW-PYTH,bull_quiet,-0.0005205622071837723,-0.0020205622071837724,timestop,1.0,-0.01665799062988016
time,2025-05-29,KRW-UNI,bull_quiet,0.05,0.0485,tp,1.0,-0.0060707557044169524
time,2025-05-29,KRW-ANIME,bull_quiet,-0.0076180802437786355,-0.009118080243778635,timestop,1.0,-0.020060944641950185
time,2025-05-29,KRW-VIRTUAL,bull_quiet,0.04558053587927313,0.04408053587927313,timestop,1.0,-0.003695719125346497
time,2025-05-30,KRW-COW,bull_quiet,-0.03,-0.0315,sl,0.5,-0.036761284318287624
time,2025-05-30,KRW-ICX,bull_quiet,-0.005681818181818232,-0.007181818181818232,timestop,1.0,-0.005681818181818232
time,2025-05-30,KRW-SIGN,bull_quiet,-0.03,-0.0315,sl,1.0,-0.032258064516129115
time,2025-05-31,KRW-ATH,bull_quiet,-0.03,-0.0315,sl,0.25,-0.051704705550859376
time,2025-05-31,KRW-ICX,bull_quiet,-0.016853932584269704,-0.018353932584269705,timestop,1.0,-0.028089887640449396
time,2025-05-31,KRW-SOPH,bull_quiet,-0.03,-0.0315,sl,0.25,-0.05531312654794207
time,2025-06-01,KRW-CRO,bull_quiet,-0.03,-0.0315,sl,1.0,-0.044117647058823484
time,2025-06-01,KRW-MEW,bull_quiet,0.026022304832713727,0.024522304832713726,timestop,1.0,-0.0017493986442160825
time,2025-06-01,KRW-VANA,bull_quiet,-0.03,-0.0315,sl,0.25,-0.035995623632385065
time,2025-06-02,KRW-COW,bull_quiet,-0.020007145409074556,-0.021507145409074557,timestop,1.0,-0.02286530903894235
time,2025-06-02,KRW-DEEP,bull_quiet,-0.010667903525046318,-0.012167903525046318,timestop,1.0,-0.014842300556586197
time,2025-06-02,KRW-ANIME,bull_quiet,0.033241758241758346,0.031741758241758344,timestop,1.0,-0.010714285714285676
time,2025-06-03,KRW-DKA,bull_quiet,-0.003889369057908376,-0.005389369057908376,timestop,1.0,-0.009075194468452952
time,2025-06-03,KRW-MLK,bull_quiet,-0.0044130626654897975,-0.005913062665489797,timestop,1.0,-0.004854368932038833
time,2025-06-03,KRW-ICX,bull_quiet,0.0,-0.0015,timestop,1.0,-0.01098901098901095
time,2025-06-04,KRW-ICX,bull_quiet,-0.005347593582887722,-0.0068475935828877215,timestop,1.0,-0.021390374331550777
time,2025-06-04,KRW-COMP,bull_quiet,-0.0056333494286173735,-0.007133349428617373,timestop,1.0,-0.015451472718493453
time,2025-06-04,KRW-ATH,bull_quiet,0.004010312231452318,0.0025103122314523176,timestop,1.0,-0.012890289315382275
time,2025-06-05,KRW-SNT,bull_quiet,0.05,0.0485,tp,0.5,-0.02309411472560219
time,2025-06-05,KRW-MASK,bull_quiet,-0.023751224289911832,-0.025251224289911833,timestop,1.0,-0.029627815866797302
time,2025-06-05,KRW-POKT,bull_quiet,0.05,0.0485,tp,0.25,-0.0009734728644440471
time,2025-06-06,KRW-ICX,bull_quiet,-0.015228426395939132,-0.016728426395939133,timestop,1.0,-0.02030456852791873
time,2025-06-06,KRW-MANTRA,bull_quiet,0.0076472087687993184,0.006147208768799319,timestop,1.0,-0.010451185317359224
time,2025-06-06,KRW-MASK,bull_quiet,0.003732271709380397,0.002232271709380397,timestop,1.0,-0.005722816621050009
time,2025-06-07,KRW-IOST,bull_quiet,-0.03,-0.0315,sl,0.5,-0.034510759236703215
time,2025-06-07,KRW-VIRTUAL,bull_quiet,0.012746234067207318,0.011246234067207319,timestop,1.0,-0.024333719582850466
time,2025-06-07,KRW-ICX,bull_quiet,0.05,0.0485,tp,0.5,-0.004901960784313708
time,2025-06-08,KRW-PENGU,bull_quiet,-0.00927246790299563,-0.010772467902995629,timestop,1.0,-0.014978601997146845
time,2025-06-08,KRW-POKT,bull_quiet,-0.020771091193626523,-0.022271091193626524,timestop,1.0,-0.025465926874377653
time,2025-06-08,KRW-NXPC,bull_quiet,-0.005485463521667566,-0.006985463521667566,timestop,1.0,-0.01206801974766869
time,2025-06-09,KRW-LPT,bull_quiet,-0.0064102564102563875,-0.007910256410256387,timestop,1.0,-0.01831501831501836
time,2025-06-09,KRW-SNT,bull_quiet,-0.010892730286526042,-0.012392730286526042,timestop,1.0,-0.018943878759175914
time,2025-06-09,KRW-PENGU,bull_quiet,0.002192982456140413,0.0006929824561404132,timestop,1.0,-0.004385964912280715
time,2025-06-10,KRW-MOC,bull_quiet,0.0005543237250553723,-0.0009456762749446277,timestop,1.0,-0.002328159645232919
time,2025-06-10,KRW-ALGO,bull_quiet,0.007352941176470562,0.0058529411764705625,timestop,1.0,0.0
time,2025-06-10,KRW-AHT,bull_quiet,0.005565862708719838,0.004065862708719838,timestop,1.0,0.0
time,2025-06-11,KRW-PUNDIX,bull_quiet,-0.00961958898119808,-0.011119588981198079,timestop,1.0,-0.010275470048097923
time,2025-06-11,KRW-CBK,bull_quiet,-0.009712837837837829,-0.011212837837837828,timestop,1.0,-0.011683558558558516
time,2025-06-11,KRW-DOT,bull_quiet,-0.003578122337706602,-0.005078122337706601,timestop,1.0,-0.004259669449650727
time,2025-06-12,KRW-GAME2,bull_quiet,-0.016037138636843085,-0.017537138636843086,timestop,1.0,-0.01899134838573535
time,2025-06-12,KRW-ZETA,bull_quiet,-0.00602208096353285,-0.007522080963532849,timestop,1.0,-0.013047842087654637
time,2025-06-12,KRW-A,bull_quiet,-0.03,-0.0315,sl,0.25,-0.030303030303030276
time,2025-06-13,KRW-ARDR,bull_quiet,-0.03,-0.0315,sl,0.25,-0.034596375617792496
time,2025-06-13,KRW-COMP,bull_quiet,-0.03,-0.0315,sl,0.75,-0.033257646587418144
time,2025-06-13,KRW-UNI,bull_quiet,-0.03,-0.0315,sl,0.25,-0.03139534883720929
time,2025-06-14,KRW-MASK,bull_quiet,-0.004110996916752319,-0.005610996916752318,timestop,1.0,-0.007194244604316502
time,2025-06-14,KRW-COMP,bull_quiet,-0.03,-0.0315,sl,0.5,-0.05521314843348746
time,2025-06-14,KRW-UNI,bull_quiet,-0.026851851851851904,-0.028351851851851906,timestop,1.0,-0.028703703703703676
time,2025-06-15,KRW-WCT,bull_quiet,0.007264385394761819,0.005764385394761819,timestop,1.0,-0.0005735041101129212
time,2025-06-15,KRW-AWE,bull_quiet,0.0012388162422571902,-0.0002611837577428098,timestop,1.0,-0.008121128699242974
time,2025-06-15,KRW-STRAX,bull_quiet,0.05,0.0485,tp,0.25,0.0
time,2025-06-16,KRW-BORA,bull_quiet,0.05,0.0485,tp,0.25,0.0
time,2025-06-16,KRW-BCH,bull_quiet,-0.0006283380458687038,-0.002128338045868704,timestop,1.0,-0.01963556393339616
time,2025-06-16,KRW-AXL,bull_quiet,-0.03,-0.0315,sl,0.75,-0.03611017803157546
time,2025-06-17,KRW-BORA,bull_quiet,-0.03,-0.0315,sl,0.25,-0.044117647058823484
time,2025-06-17,KRW-JTO,bull_quiet,0.005030181086519203,0.003530181086519203,timestop,1.0,-0.014755197853789426
time,2025-06-17,KRW-ORBS,bull_quiet,-0.03,-0.0315,sl,0.5,-0.06939040207522695
time,2025-06-18,KRW-JTO,bull_quiet,-0.01027510772290352,-0.01177510772290352,timestop,1.0,-0.021213125621478257
time,2025-06-18,KRW-BORA,bull_quiet,0.028701891715590122,0.02720189171559012,timestop,1.0,-0.013698630136986467
time,2025-06-18,KRW-SOPH,bull_quiet,-0.004701141705842904,-0.0062011417058429035,timestop,1.0,-0.01091336467427817
time,2025-06-19,KRW-JTO,bull_quiet,-0.004081632653061273,-0.005581632653061273,timestop,1.0,-0.006279434850863463
time,2025-06-19,KRW-BORA,bull_quiet,-0.03,-0.0315,sl,0.5,-0.036231884057971064
time,2025-06-19,KRW-AXL,bull_quiet,-0.003145235892692,-0.0046452358926919995,timestop,1.0,-0.0068455134135061435
time,2025-06-20,KRW-T,bull_quiet,0.05,0.0485,tp,0.25,-0.00399644760213147
time,2025-06-20,KRW-PENDLE,bull_quiet,-0.0009279881217519881,-0.002427988121751988,timestop,1.0,-0.00222717149220486
time,2025-06-20,KRW-BCH,bull_quiet,-0.003772489843296589,-0.005272489843296589,timestop,1.0,-0.0073998839233894165
time,2025-06-21,KRW-ARDR,bull_quiet,-0.03,-0.0315,sl,0.25,-0.04589371980676327
time,2025-06-21,KRW-BORA,bull_quiet,-0.01416256157635476,-0.01566256157635476,timestop,1.0,-0.02155172413793105
time,2025-06-21,KRW-ATH,bull_quiet,0.0,-0.0015,timestop,1.0,-0.0289151540734488
time,2025-06-22,KRW-T,bull_quiet,0.02342023862129916,0.02192023862129916,timestop,1.0,0.0
time,2025-06-22,KRW-LAYER,bull_quiet,0.003869078740980969,0.002369078740980969,timestop,1.0,-0.015476314963923432
time,2025-06-22,KRW-AXL,bull_quiet,0.009494949494949445,0.007994949494949445,timestop,1.0,-0.00020202020202020332
time,2025-06-23,KRW-AXL,bull_quiet,0.0,-0.0015,timestop,1.0,-0.0031914893617021045
time,2025-06-23,KRW-BORA,bull_quiet,0.00679809653297081,0.00529809653297081,timestop,1.0,-0.009517335146159156
time,2025-06-23,KRW-LAYER,bull_quiet,-0.03,-0.0315,sl,1.0,-0.03134920634920635
time,2025-06-24,KRW-CKB,bull_quiet,-0.004458598726114649,-0.005958598726114648,timestop,1.0,-0.007643312101910715
time,2025-06-24,KRW-CVC,bull_quiet,-0.0031897926634769647,-0.004689792663476964,timestop,1.0,-0.004784688995215336
time,2025-06-24,KRW-RVN,bull_quiet,-0.018289894833104836,-0.019789894833104837,timestop,1.0,-0.023776863283036076
time,2025-06-25,KRW-GAME2,bull_quiet,0.00709759188846637,0.005597591888466371,timestop,1.0,-0.003041825095057016
time,2025-06-25,KRW-SAFE,bull_quiet,-0.005892857142857033,-0.007392857142857033,timestop,1.0,-0.012142857142857011
time,2025-06-25,KRW-CKB,bull_quiet,-0.006281407035175768,-0.007781407035175767,timestop,1.0,-0.013819095477386911
time,2025-06-26,KRW-DOT,bull_quiet,-0.002169668040789774,-0.003669668040789774,timestop,1.0,-0.004122369277500537
time,2025-06-26,KRW-AGLD,bull_quiet,-0.002229772775536154,-0.003729772775536154,timestop,1.0,-0.0024421320874919994
time,2025-06-26,KRW-ICX,bull_quiet,0.00588235294117645,0.00438235294117645,timestop,1.0,0.0
time,2025-06-27,KRW-ALT,bull_quiet,0.0028612303290413976,0.0013612303290413976,timestop,1.0,-0.004005722460658112
time,2025-06-27,KRW-RAY,bull_quiet,-0.009919877909195018,-0.011419877909195018,timestop,1.0,-0.012972148035101161
time,2025-06-27,KRW-ARB,bull_quiet,-0.015351403214200032,-0.016851403214200034,timestop,1.0,-0.016310865915087458
time,2025-06-28,KRW-LPT,bull_quiet,-0.01494516090153064,-0.016445160901530642,timestop,1.0,-0.02024828251175126
time,2025-06-28,KRW-POKT,bull_quiet,0.05,0.0485,tp,0.25,-0.012903225806451646
time,2025-06-28,KRW-MASK,bull_quiet,-0.0029797377830751426,-0.004479737783075142,timestop,1.0,-0.004171632896305177
time,2025-06-29,KRW-MASK,bull_quiet,0.0017657445556209517,0.00026574455562095164,timestop,1.0,-0.0017657445556209517
time,2025-06-29,KRW-JUP,bull_quiet,-0.01022727272727264,-0.01172727272727264,timestop,1.0,-0.01834415584415572
time,2025-06-29,KRW-RAY,bull_quiet,-0.00034818941504177747,-0.0018481894150417775,timestop,1.0,-0.0031337047353759973
time,2025-06-30,KRW-AQT,bull_quiet,-0.0070699135899450205,-0.00856991358994502,timestop,1.0,-0.00942655145325999
time,2025-06-30,KRW-ATOM,bull_quiet,0.0005233775296580312,-0.0009766224703419688,timestop,1.0,0.0
time,2025-06-30,KRW-MANA,bull_quiet,-0.005617977528089901,-0.007117977528089901,timestop,1.0,-0.005617977528089901
time,2025-07-01,KRW-POKT,bull_quiet,-0.03,-0.0315,sl,0.25,-0.056927044952100325
time,2025-07-01,KRW-ARB,bull_quiet,-0.005752023860247091,-0.00725202386024709,timestop,1.0,-0.008308478909245798
time,2025-07-01,KRW-KAITO,bull_quiet,-0.002311604253351862,-0.003811604253351862,timestop,1.0,-0.006010171058714708
time,2025-07-02,KRW-MOVE,bull_quiet,-0.03,-0.0315,sl,0.75,-0.03265479219677703
time,2025-07-02,KRW-POKT,bull_quiet,-0.03,-0.0315,sl,0.25,-0.03228962818003911
time,2025-07-02,KRW-KAITO,bull_quiet,-0.03,-0.0315,sl,1.0,-0.030017921146953452
time,2025-07-03,KRW-MBL,bull_quiet,0.011783439490445913,0.010283439490445913,timestop,1.0,-0.006369426751592355
time,2025-07-03,KRW-BLUR,bull_quiet,0.0006003602161297472,-0.0008996397838702528,timestop,1.0,0.0
time,2025-07-03,KRW-AHT,bull_quiet,0.05,0.0485,tp,0.5,-0.007646400596792335
time,2025-07-04,KRW-MLK,bull_quiet,0.0014265335235377208,-7.346647646227925e-05,timestop,1.0,-0.003328578221588274
time,2025-07-04,KRW-RAY,bull_quiet,0.007138001359619395,0.005638001359619395,timestop,1.0,-0.0006798096532970588
time,2025-07-04,KRW-BLAST,bull_quiet,0.05,0.0485,tp,0.75,-0.018810883439704384
time,2025-07-05,KRW-CARV,bull_quiet,0.05,0.0485,tp,0.25,0.0
time,2025-07-05,KRW-TAIKO,bull_quiet,0.003428365211115114,0.0019283652111151141,timestop,1.0,-0.01082641645615301
time,2025-07-05,KRW-MOC,bull_quiet,-0.03,-0.0315,sl,0.25,-0.032757148954332016
time,2025-07-06,KRW-SAFE,bull_quiet,0.05,0.0485,tp,0.25,-0.0010407632263660371
time,2025-07-06,KRW-CBK,bull_quiet,-0.03,-0.0315,sl,0.5,-0.033211233211233315
time,2025-07-06,KRW-POKT,bull_quiet,0.05,0.0485,tp,0.25,-0.012432148485379102
time,2025-07-07,KRW-BEAM,bull_quiet,-0.0050487260772571485,-0.006548726077257148,timestop,1.0,-0.02042972877773863
time,2025-07-07,KRW-TOKAMAK,bull_quiet,0.05,0.0485,tp,0.25,-0.017127799736495364
time,2025-07-07,KRW-COW,bull_quiet,-0.004232013940751789,-0.005732013940751788,timestop,1.0,-0.010704505850136936
time,2025-07-08,KRW-TOKAMAK,bull_quiet,-0.03,-0.0315,sl,1.0,-0.03474415666456099
time,2025-07-08,KRW-BOUNTY,bull_quiet,-0.005855562784645385,-0.007355562784645385,timestop,1.0,-0.014964216005204811
time,2025-07-08,KRW-QKC,bull_quiet,-0.0005363655867838268,-0.002036365586783827,timestop,1.0,-0.0059000214546234275
time,2025-07-09,KRW-FCT2,bull_quiet,0.018360486164985756,0.016860486164985755,timestop,1.0,0.0
time,2025-07-09,KRW-TAIKO,bull_quiet,-0.0219193221587769,-0.0234193221587769,timestop,1.0,-0.026155829802910202
time,2025-07-09,KRW-MOC,bull_quiet,0.05,0.0485,tp,0.25,0.0
time,2025-07-10,KRW-BSV,bull_quiet,-0.005805515239477477,-0.007305515239477476,timestop,1.0,-0.01132075471698113
time,2025-07-10,KRW-BCH,bull_quiet,-0.0041577060931899945,-0.005657706093189994,timestop,1.0,-0.004587813620071657
time,2025-07-10,KRW-HIVE,bull_quiet,0.0,-0.0015,timestop,1.0,-0.0063973063973062905
time,2025-07-11,KRW-SIGN,bull_quiet,0.006880491161215252,0.005380491161215252,timestop,1.0,-0.003704879856038845
time,2025-07-11,KRW-BTT,bull_quiet,-0.004817927170868264,-0.006317927170868263,timestop,1.0,-0.017254901960784275
time,2025-07-11,KRW-GAS,bull_quiet,-0.011693057247259442,-0.013193057247259441,timestop,1.0,-0.020706455542021884
time,2025-07-12,KRW-BTT,bull_quiet,-0.012449047041974248,-0.013949047041974248,timestop,1.0,-0.012889721273548593
time,2025-07-12,KRW-T,bull_quiet,-0.0017738359201773246,-0.0032738359201773246,timestop,1.0,-0.015964523281596477
time,2025-07-12,KRW-CARV,bull_quiet,-0.03,-0.0315,sl,0.25,-0.040000000000000036
time,2025-07-13,KRW-KAVA,bull_quiet,-0.010104469943483463,-0.011604469943483462,timestop,1.0,-0.012673402979962334
time,2025-07-13,KRW-AHT,bull_quiet,-0.03,-0.0315,sl,0.75,-0.032131381649410984
time,2025-07-13,KRW-ETC,bull_quiet,0.001216051884880498,-0.00028394811511950205,timestop,1.0,-0.0028374543980542732
time,2025-07-14,KRW-AGLD,bull_quiet,0.05,0.0485,tp,0.25,-0.001828153564899404
time,2025-07-14,KRW-ETC,bull_quiet,0.005191693290734767,0.003691693290734767,timestop,1.0,-0.0023961661341852514
time,2025-07-14,KRW-CRO,bull_quiet,-0.004830917874396268,-0.006330917874396267,timestop,1.0,-0.008281573498964967
time,2025-07-15,KRW-SOL,bull_quiet,-0.007435781883731396,-0.008935781883731396,timestop,1.0,-0.0076611086074808155
time,2025-07-15,KRW-WAL,bull_quiet,-0.03,-0.0315,sl,0.75,-0.03679435483870985
time,2025-07-15,KRW-SONIC,bull_quiet,-0.005745292052346085,-0.0072452920523460845,timestop,1.0,-0.007979572294924964
time,2025-07-16,KRW-BORA,bull_quiet,0.0,-0.0015,timestop,1.0,-0.003597122302158251
time,2025-07-16,KRW-AKT,bull_quiet,-0.007372301211163723,-0.008872301211163723,timestop,1.0,-0.01843075302790942
time,2025-07-16,KRW-STRAX,bull_quiet,-0.016486640136441078,-0.01798664013644108,timestop,1.0,-0.02259806708357026
time,2025-07-17,KRW-SOL,bull_quiet,0.002331002331002363,0.0008310023310023631,timestop,1.0,-0.0008476372112735664
time,2025-07-17,KRW-BTT,bull_quiet,0.004208311415044852,0.002708311415044852,timestop,1.0,-0.002630194634402949
time,2025-07-17,KRW-A,bull_quiet,0.005786428195686533,0.004286428195686533,timestop,1.0,-0.001183587585481316
time,2025-07-18,KRW-MVL,bull_quiet,0.003498032356799241,0.001998032356799241,timestop,1.0,-0.007433318758198526
time,2025-07-18,KRW-CKB,bull_quiet,0.017106549364613866,0.015606549364613866,timestop,1.0,-0.0029325513196480912
time,2025-07-18,KRW-WAVES,bull_quiet,0.0033288948069241098,0.0018288948069241097,timestop,1.0,-0.005992010652463353
time,2025-07-19,KRW-BCH,bull_quiet,-0.006535019178860679,-0.008035019178860679,timestop,1.0,-0.0069612160818297575
time,2025-07-19,KRW-PENDLE,bull_quiet,-0.020755025330936427,-0.02225502533093643,timestop,1.0,-0.020755025330936427
time,2025-07-19,KRW-HYPER,bull_quiet,-0.019187126057355064,-0.020687126057355065,timestop,1.0,-0.019187126057355064
time,2025-07-20,KRW-MOCA,bull_quiet,0.0,-0.0015,timestop,1.0,-0.008810572687224627
time,2025-07-20,KRW-ARK,bull_quiet,0.05,0.0485,tp,0.25,-0.0015140045420136694
time,2025-07-20,KRW-ARDR,bull_quiet,0.003759398496240518,0.002259398496240518,timestop,1.0,-0.003759398496240629
time,2025-07-21,KRW-BCH,bull_quiet,-0.008558438085049525,-0.010058438085049524,timestop,1.0,-0.016448248194704473
time,2025-07-21,KRW-VTHO,bull_quiet,0.05,0.0485,tp,0.25,-0.003307972213033472
time,2025-07-21,KRW-LSK,bull_quiet,-0.0001490090895545082,-0.0016490090895545082,timestop,1.0,-0.01817910892564456
time,2025-07-22,KRW-JTO,bull_quiet,0.005062436719541097,0.003562436719541097,timestop,1.0,-0.003374957813027324
time,2025-07-22,KRW-NXPC,bull_quiet,0.0026631158455392434,0.0011631158455392434,timestop,1.0,-0.007323568575232975
time,2025-07-22,KRW-ORCA,bull_quiet,-0.02276295133437989,-0.02426295133437989,timestop,1.0,-0.023547880690737877
time,2025-07-23,KRW-BCH,bull_quiet,-0.003784162578836736,-0.005284162578836736,timestop,1.0,-0.004905395935529078
time,2025-07-23,KRW-HYPER,bull_quiet,-0.019475357710651897,-0.0209753577106519,timestop,1.0,-0.020270270270270285
time,2025-07-23,KRW-NEWT,bull_quiet,0.05,0.0485,tp,0.25,-0.0066358335009049085
time,2025-07-24,KRW-NXPC,bull_quiet,-0.03,-0.0315,sl,0.25,-0.0473411154345007
time,2025-07-24,KRW-SIGN,bull_quiet,-0.03,-0.0315,sl,0.25,-0.054030874785591765
time,2025-07-24,KRW-AERGO,bull_quiet,-0.03,-0.0315,sl,0.25,-0.04514789828749344
time,2025-07-25,KRW-RVN,bull_quiet,0.05,0.0485,tp,0.25,0.0
time,2025-07-25,KRW-CRO,bull_quiet,-0.004057971014492678,-0.005557971014492678,timestop,1.0,-0.013913043478260945
time,2025-07-25,KRW-SIGN,bull_quiet,0.05,0.0485,tp,0.5,-0.006211180124223614
time,2025-07-26,KRW-GLM,bull_quiet,0.0,-0.0015,timestop,1.0,-0.008986928104575242
time,2025-07-26,KRW-SONIC,bull_quiet,0.05,0.0485,tp,0.25,-0.02211511199319538
time,2025-07-26,KRW-BLUR,bull_quiet,-0.006993006993006978,-0.008493006993006978,timestop,1.0,-0.013986013986013957
time,2025-07-27,KRW-TAIKO,bull_quiet,0.05,0.0485,tp,0.5,-0.007845416242917347
time,2025-07-27,KRW-WAL,bull_quiet,-0.03,-0.0315,sl,0.25,-0.03391107761868872
time,2025-07-27,KRW-DRIFT,bull_quiet,0.05,0.0485,tp,1.0,-0.008699914226197758
time,2025-07-28,KRW-GAS,bull_quiet,-0.0023374415639608737,-0.0038374415639608737,timestop,1.0,-0.0050998725031874415
time,2025-07-28,KRW-JUP,bull_quiet,0.05,0.0485,tp,1.0,-0.0037355248412401787
time,2025-07-28,KRW-EGLD,bull_quiet,-0.0008654262224145892,-0.0023654262224145893,timestop,1.0,-0.002163565556036362
time,2025-07-29,KRW-CBK,bull_quiet,-0.03,-0.0315,sl,0.25,-0.03681112894596039
time,2025-07-29,KRW-RAY,bull_quiet,-0.012322715647523852,-0.013822715647523852,timestop,1.0,-0.029063008602650542
time,2025-07-29,KRW-CKB,bull_quiet,-0.0003789792824658855,-0.0018789792824658856,timestop,1.0,-0.014274886306215318
time,2025-07-30,KRW-ATH,bull_quiet,-0.03,-0.0315,sl,0.75,-0.03950227138060436
time,2025-07-30,KRW-BAT,bull_quiet,-0.03,-0.0315,sl,0.25,-0.03516949152542381
time,2025-07-30,KRW-MOODENG,bull_quiet,-0.007474429583005371,-0.00897442958300537,timestop,1.0,-0.015735641227380026
time,2025-07-31,KRW-GAME2,bull_quiet,-0.013513513513513375,-0.015013513513513375,timestop,1.0,-0.015444015444015413
time,2025-07-31,KRW-BOUNTY,bull_quiet,0.05,0.0485,tp,0.25,-0.02654867256637161
time,2025-07-31,KRW-ALT,bull_quiet,0.0,-0.0015,timestop,1.0,-0.008264462809917328
time,2025-08-01,KRW-ALT,bull_quiet,-0.03,-0.0315,sl,1.0,-0.037117903930130924
time,2025-08-01,KRW-ERA,bull_quiet,-0.03,-0.0315,sl,0.25,-0.035404141616566465
time,2025-08-01,KRW-KNC,bull_quiet,-0.006734006734006703,-0.008234006734006703,timestop,1.0,-0.028619528619528656
time,2025-08-02,KRW-HYPER,bull_quiet,0.005494505494505475,0.003994505494505475,timestop,1.0,-0.012820512820512775
time,2025-08-02,KRW-SYRUP,bull_quiet,0.0,-0.0015,timestop,1.0,-0.015126050420168013
time,2025-08-02,KRW-KNC,bull_quiet,0.0,-0.0015,timestop,1.0,-0.010238907849829393
time,2025-08-03,KRW-SYRUP,bull_quiet,0.017699115044247815,0.016199115044247814,timestop,1.0,-0.010619469026548645
time,2025-08-03,KRW-KNC,bull_quiet,-0.0017301038062284002,-0.0032301038062284002,timestop,1.0,-0.02249134948096887
time,2025-08-03,KRW-SAHARA,bull_quiet,0.016129032258064502,0.014629032258064502,timestop,1.0,-0.016129032258064502
time,2025-08-04,KRW-SYRUP,bull_quiet,0.027397260273972712,0.02589726027397271,timestop,1.0,0.0
time,2025-08-04,KRW-VIRTUAL,bull_quiet,0.0204439252336448,0.0189439252336448,timestop,1.0,-0.004088785046728938
time,2025-08-04,KRW-CKB,bull_quiet,0.01675257731958757,0.01525257731958757,timestop,1.0,-0.014175257731958713
time,2025-08-05,KRW-ANIME,bull_quiet,-0.004273504273504147,-0.005773504273504147,timestop,1.0,-0.004273504273504147
time,2025-08-05,KRW-XTZ,bull_quiet,0.006375227686703067,0.004875227686703067,timestop,1.0,-0.004553734061930825
time,2025-08-05,KRW-AERGO,bull_quiet,0.006172839506172867,0.004672839506172867,timestop,1.0,-0.006172839506172867
time,2025-08-06,KRW-GAME2,bull_quiet,-0.03,-0.0315,sl,0.25,-0.03358208955223896
time,2025-08-06,KRW-ERA,bull_quiet,-0.03,-0.0315,sl,1.0,-0.036067892503536036
time,2025-08-06,KRW-ENA,bull_quiet,-0.004914004914004955,-0.006414004914004954,timestop,1.0,-0.009828009828009798
time,2025-08-07,KRW-ATH,bull_quiet,-0.006048387096774244,-0.007548387096774243,timestop,1.0,-0.01814516129032251
time,2025-08-07,KRW-POKT,bull_quiet,-0.019963702359346636,-0.021463702359346637,timestop,1.0,-0.02722323049001818
time,2025-08-07,KRW-ENA,bull_quiet,-0.004778972520907976,-0.0062789725209079755,timestop,1.0,-0.007168458781361964
time,2025-08-08,KRW-NXPC,bull_quiet,-0.0007776049766718973,-0.0022776049766718974,timestop,1.0,-0.007776049766718529
time,2025-08-08,KRW-ANIME,bull_quiet,0.0042194092827005925,0.0027194092827005924,timestop,1.0,-0.008438818565400852
time,2025-08-08,KRW-DRIFT,bull_quiet,0.03581267217630857,0.03431267217630857,timestop,1.0,-0.0013774104683195176
time,2025-08-09,KRW-AUCTION,bull_quiet,0.0042164441321153046,0.0027164441321153045,timestop,1.0,-0.0028109627547434624
time,2025-08-09,KRW-RVN,bull_quiet,-0.01005025125628134,-0.011550251256281339,timestop,1.0,-0.01005025125628134
time,2025-08-09,KRW-SNT,bull_quiet,0.002557544757033181,0.001057544757033181,timestop,1.0,-0.005115089514066584
time,2025-08-10,KRW-AUCTION,bull_quiet,0.010906612133606108,0.009406612133606109,timestop,1.0,0.0
time,2025-08-10,KRW-POKT,bull_quiet,0.01590106007067127,0.01440106007067127,timestop,1.0,-0.007067137809187218
time,2025-08-10,KRW-VET,bull_quiet,0.01156069364161838,0.01006069364161838,timestop,1.0,0.0
time,2025-08-11,KRW-MOCA,bull_quiet,0.009433962264151052,0.007933962264151053,timestop,1.0,0.0
time,2025-08-11,KRW-SNT,bull_quiet,-0.0076142131979695105,-0.00911421319796951,timestop,1.0,-0.01015228426395931
time,2025-08-11,KRW-ELF,bull_quiet,-0.0033333333333332993,-0.004833333333333299,timestop,1.0,-0.00666666666666671
time,2025-08-12,KRW-CTC,bull_quiet,-0.03,-0.0315,sl,0.75,-0.04087736789631102
time,2025-08-12,KRW-MOC,bull_quiet,-0.007608695652173925,-0.009108695652173924,timestop,1.0,-0.009782608695652284
time,2025-08-12,KRW-CRO,bull_quiet,0.017391304347825987,0.015891304347825985,timestop,1.0,-0.008695652173912993
time,2025-08-13,KRW-ID,bull_quiet,0.004098360655737654,0.002598360655737654,timestop,1.0,-0.004098360655737654
time,2025-08-13,KRW-KAITO,bull_quiet,0.0024110910186858625,0.0009110910186858625,timestop,1.0,-0.001808318264014508
time,2025-08-13,KRW-MNT,bull_quiet,-0.001423487544483959,-0.002923487544483959,timestop,1.0,-0.002846975088967918
time,2025-08-14,KRW-BTT,bull_quiet,-0.0020408163265306367,-0.0035408163265306367,timestop,1.0,-0.006122448979591799
time,2025-08-14,KRW-MOCA,bull_quiet,-0.009345794392523366,-0.010845794392523365,timestop,1.0,-0.009345794392523366
time,2025-08-14,KRW-NXPC,bull_quiet,-0.006225680933852118,-0.0077256809338521176,timestop,1.0,-0.008560311284046662
time,2025-08-15,KRW-INJ,bull_quiet,0.013301662707838391,0.011801662707838391,timestop,1.0,-0.002375296912114022
time,2025-08-15,KRW-BERA,bull_quiet,-0.03,-0.0315,sl,0.5,-0.03186991869918698
time,2025-08-15,KRW-ARKM,bull_quiet,0.05,0.0485,tp,0.25,-0.0013037809647978849
time,2025-08-16,KRW-DEEP,bull_quiet,0.0,-0.0015,timestop,1.0,-0.004166666666666652
time,2025-08-16,KRW-KAVA,bull_quiet,-0.00189753320683117,-0.00339753320683117,timestop,1.0,-0.005692599620493399
time,2025-08-16,KRW-MNT,bull_quiet,0.03456495828367112,0.03306495828367112,timestop,1.0,-0.005959475566150174
time,2025-08-17,KRW-BAT,bull_quiet,-0.012820512820512775,-0.014320512820512775,timestop,1.0,-0.012820512820512775
time,2025-08-17,KRW-PROVE,bull_quiet,0.026386645126548203,0.0248866451265482,timestop,1.0,-0.012385568120624635
time,2025-08-17,KRW-BERA,bull_quiet,-0.020940819423368784,-0.022440819423368785,timestop,1.0,-0.02427921092564489
time,2025-08-18,KRW-SEI,bull_quiet,-0.004201680672268893,-0.005701680672268892,timestop,1.0,-0.010504201680672232
time,2025-08-18,KRW-LPT,bull_quiet,0.0,-0.0015,timestop,1.0,-0.002128791910590788
time,2025-08-18,KRW-POL,bull_quiet,0.011661807580174877,0.010161807580174877,timestop,1.0,-0.005830903790087438
time,2025-08-19,KRW-CARV,bull_quiet,-0.03,-0.0315,sl,0.75,-0.03260869565217395
time,2025-08-19,KRW-POL,bull_quiet,0.01939058171745156,0.01789058171745156,timestop,1.0,-0.024930747922437657
time,2025-08-19,KRW-ARB,bull_quiet,0.014064697609001309,0.012564697609001309,timestop,1.0,-0.015471167369901506
time,2025-08-20,KRW-CTC,bull_quiet,-0.013333333333333308,-0.014833333333333308,timestop,1.0,-0.017142857142857126
time,2025-08-20,KRW-CARV,bull_quiet,-0.01295896328293733,-0.01445896328293733,timestop,1.0,-0.017278617710583144
time,2025-08-20,KRW-CYBER,bull_quiet,0.0038461538461538325,0.0023461538461538325,timestop,1.0,-0.011858974358974317
time,2025-08-21,KRW-ARB,bull_quiet,0.0027932960893854997,0.0012932960893854996,timestop,1.0,-0.012569832402234637
time,2025-08-21,KRW-BERA,bull_quiet,0.012073649260488928,0.010573649260488928,timestop,1.0,0.0
time,2025-08-21,KRW-HYPER,bull_quiet,0.0020366598778003286,0.0005366598778003286,timestop,1.0,-0.008146639511201648
time,2025-08-22,KRW-CYBER,bull_quiet,0.03441363180755097,0.03291363180755097,timestop,1.0,-0.0016705646508520244
time,2025-08-22,KRW-CARV,bull_quiet,-0.013483146067415741,-0.01498314606741574,timestop,1.0,-0.01573033707865168
time,2025-08-22,KRW-POKT,bull_quiet,-0.03,-0.0315,sl,0.25,-0.03244274809160297
time,2025-08-23,KRW-BTT,bull_quiet,0.026539278131634703,0.0250392781316347,timestop,1.0,-0.0010615711252653925
time,2025-08-23,KRW-DRIFT,bull_quiet,-0.0013315579227696217,-0.0028315579227696217,timestop,1.0,-0.003994673768308976
time,2025-08-23,KRW-SNT,bull_quiet,0.007894736842105177,0.006394736842105177,timestop,1.0,-0.0026315789473684292
time,2025-08-24,KRW-DRIFT,bull_quiet,-0.006353240152477735,-0.007853240152477734,timestop,1.0,-0.01270648030495558
time,2025-08-24,KRW-ZRO,bull_quiet,0.0006887052341597588,-0.0008112947658402412,timestop,1.0,-0.0020661157024793875
time,2025-08-24,KRW-ALT,bull_quiet,-0.0019493177387913674,-0.0034493177387913674,timestop,1.0,-0.0038986354775827348
time,2025-08-25,KRW-EGLD,bull_quiet,-0.010119595216191324,-0.011619595216191323,timestop,1.0,-0.018859245630174826
time,2025-08-25,KRW-ONT,bull_quiet,-0.03,-0.0315,sl,0.25,-0.03139013452914796
time,2025-08-25,KRW-BERA,bull_quiet,-0.017421602787456414,-0.018921602787456415,timestop,1.0,-0.026713124274099886
time,2025-08-26,KRW-IOST,bull_quiet,-0.03,-0.0315,sl,0.25,-0.04571428571428571
time,2025-08-26,KRW-API3,bull_quiet,-0.03,-0.0315,sl,0.75,-0.030388294879009514
time,2025-08-26,KRW-ONG,bull_quiet,-0.03,-0.0315,sl,0.25,-0.0539568345323741
time,2025-08-27,KRW-ID,bull_quiet,-0.03,-0.0315,sl,1.0,-0.03418803418803418
time,2025-08-27,KRW-RAY,bull_quiet,-0.01407284768211925,-0.015572847682119249,timestop,1.0,-0.01490066225165565
time,2025-08-27,KRW-IP,bull_quiet,-0.00512820512820511,-0.00662820512820511,timestop,1.0,-0.011965811965811923
time,2025-08-28,KRW-API3,bull_quiet,-0.017867778439547344,-0.019367778439547345,timestop,1.0,-0.021441334127456857
time,2025-08-28,KRW-SYRUP,bull_quiet,0.009724473257698651,0.008224473257698652,timestop,1.0,-0.0016207455429497752
time,2025-08-28,KRW-TAIKO,bull_quiet,-0.015280135823429575,-0.016780135823429576,timestop,1.0,-0.022071307300509324
time,2025-08-29,KRW-CARV,bull_quiet,-0.011312217194570096,-0.012812217194570095,timestop,1.0,-0.015837104072398245
time,2025-08-29,KRW-GMT,bull_quiet,0.01760000000000006,0.01610000000000006,timestop,1.0,-0.012799999999999923
time,2025-08-29,KRW-W,bull_quiet,-0.00877192982456143,-0.01027192982456143,timestop,1.0,-0.02631578947368418
time,2025-08-30,KRW-SYRUP,bull_quiet,-0.02024922118380057,-0.02174922118380057,timestop,1.0,-0.026479750778816147
time,2025-08-30,KRW-JTO,bull_quiet,-0.012852552659764371,-0.014352552659764371,timestop,1.0,-0.016422706176365542
time,2025-08-30,KRW-ONT,bull_quiet,0.02358490566037741,0.022084905660377407,timestop,1.0,-0.014150943396226467
time,2025-08-31,KRW-ONT,bull_quiet,-0.013761467889908285,-0.015261467889908285,timestop,1.0,-0.02752293577981646
time,2025-08-31,KRW-JST,bull_quiet,-0.009803921568627416,-0.011303921568627416,timestop,1.0,-0.009803921568627416
time,2025-08-31,KRW-AGLD,bull_quiet,-0.0050352467270896595,-0.006535246727089659,timestop,1.0,-0.012084592145015116
time,2025-09-01,KRW-ZRX,bull_quiet,-0.016260162601625994,-0.017760162601625995,timestop,1.0,-0.024390243902439046
time,2025-09-01,KRW-POL,bull_quiet,-0.007772020725388629,-0.009272020725388628,timestop,1.0,-0.025906735751295318
time,2025-09-01,KRW-AXS,bull_quiet,-0.03,-0.0315,sl,0.5,-0.035227272727272774
time,2025-09-02,KRW-LPT,bull_quiet,-0.0048754062838569645,-0.006375406283856964,timestop,1.0,-0.005958829902491858
time,2025-09-02,KRW-SYRUP,bull_quiet,-0.023885350318471388,-0.02538535031847139,timestop,1.0,-0.02547770700636942
time,2025-09-02,KRW-ONT,bull_quiet,-0.01025641025641022,-0.01175641025641022,timestop,1.0,-0.01025641025641022
time,2025-09-03,KRW-BEAM,bull_quiet,0.00990099009900991,0.00840099009900991,timestop,1.0,-0.00990099009900991
time,2025-09-03,KRW-IP,bull_quiet,-0.005550416281221104,-0.007050416281221104,timestop,1.0,-0.013876040703052706
time,2025-09-03,KRW-POL,bull_quiet,0.0,-0.0015,timestop,1.0,-0.00497512437810943
time,2025-09-04,KRW-PROVE,bull_quiet,-0.006880733944954143,-0.008380733944954142,timestop,1.0,-0.011467889908256867
time,2025-09-04,KRW-SYRUP,bull_quiet,-0.0029069767441860517,-0.004406976744186051,timestop,1.0,-0.008720930232558155
time,2025-09-04,KRW-AERO,bull_quiet,0.010025062656641603,0.008525062656641604,timestop,1.0,-0.0031328320802005427
time,2025-09-05,KRW-IP,bull_quiet,0.008144796380090469,0.006644796380090469,timestop,1.0,-0.004524886877828038
time,2025-09-05,KRW-QTUM,bull_quiet,-0.021784232365145262,-0.023284232365145263,timestop,1.0,-0.022302904564315384
time,2025-09-05,KRW-WAL,bull_quiet,0.0017271157167531026,0.00022711571675310257,timestop,1.0,-0.003454231433506094
time,2025-09-06,KRW-SYRUP,bull_quiet,0.05,0.0485,tp,0.75,-0.0014224751066855834
time,2025-09-06,KRW-PENDLE,bull_quiet,0.006037735849056647,0.004537735849056647,timestop,1.0,-0.005283018867924483
time,2025-09-06,KRW-ENA,bull_quiet,0.0263671875,0.0248671875,timestop,1.0,-0.009765625
time,2025-09-07,KRW-API3,bull_quiet,-0.002680965147453085,-0.0041809651474530845,timestop,1.0,-0.01943699731903481
time,2025-09-07,KRW-AERO,bull_quiet,0.006230529595015577,0.004730529595015577,timestop,1.0,-0.0031152647975077885
time,2025-09-07,KRW-WLFI,bull_quiet,0.03300330033003296,0.03150330033003296,timestop,1.0,-0.00990099009900991
time,2025-09-08,KRW-IP,bull_quiet,-0.03,-0.0315,sl,0.5,-0.042276422764227606
time,2025-09-08,KRW-PUNDIX,bull_quiet,-0.0022675736961451642,-0.0037675736961451643,timestop,1.0,-0.0022675736961451642
time,2025-09-08,KRW-TREE,bull_quiet,-0.012448132780082943,-0.013948132780082943,timestop,1.0,-0.016597510373444035
time,2025-09-09,KRW-BLAST,bull_quiet,0.0,-0.0015,timestop,1.0,-0.008823529411764675
time,2025-09-09,KRW-ERA,bull_quiet,-0.0009794319294809117,-0.0024794319294809118,timestop,1.0,-0.005876591576885359
time,2025-09-09,KRW-TRX,bull_quiet,-0.0043290043290042934,-0.005829004329004293,timestop,1.0,-0.0043290043290042934
time,2025-09-15,KRW-TREE,bull_quiet,-0.008146639511201648,-0.009646639511201647,timestop,1.0,-0.02647657841140527
time,2025-09-15,KRW-ARKM,bull_quiet,0.0,-0.0015,timestop,1.0,-0.0011376564277588708
time,2025-09-15,KRW-PUMP,bull_quiet,-0.018018018018017945,-0.019518018018017946,timestop,1.0,-0.027027027027026973
time,2025-09-16,KRW-IP,bull_quiet,0.0022471910112360494,0.0007471910112360493,timestop,1.0,-0.0037453183520599342
time,2025-09-16,KRW-WLD,bull_quiet,-0.009957325746799417,-0.011457325746799417,timestop,1.0,-0.01327643432906589
time,2025-09-16,KRW-AERO,bull_quiet,-0.01876379690949226,-0.02026379690949226,timestop,1.0,-0.02373068432671077
time,2025-09-17,KRW-DRIFT,bull_quiet,-0.006302521008403339,-0.0078025210084033386,timestop,1.0,-0.021008403361344574
time,2025-09-17,KRW-MNT,bull_quiet,0.0061932287365813465,0.004693228736581347,timestop,1.0,-0.012386457473162693
time,2025-09-17,KRW-OPEN,bull_quiet,-0.009933774834437137,-0.011433774834437136,timestop,1.0,-0.009933774834437137
time,2025-09-18,KRW-JTO,bull_quiet,-0.015465729349736335,-0.016965729349736336,timestop,1.0,-0.022495606326889295
time,2025-09-18,KRW-AERO,bull_quiet,-0.01559978483055402,-0.01709978483055402,timestop,1.0,-0.017213555675094083
time,2025-09-18,KRW-OPEN,bull_quiet,-0.006722689075630228,-0.008222689075630228,timestop,1.0,-0.008403361344537785
time,2025-09-19,KRW-API3,bull_quiet,0.005275056518462717,0.0037750565184627174,timestop,1.0,0.0
time,2025-09-19,KRW-MNT,bull_quiet,0.010170870626525552,0.008670870626525553,timestop,1.0,0.0
time,2025-09-19,KRW-AVAX,bull_quiet,-0.0004094165813715023,-0.0019094165813715023,timestop,1.0,-0.007574206755373569
time,2025-09-20,KRW-BEAM,bull_quiet,-0.026086956521739202,-0.027586956521739203,timestop,1.0,-0.026086956521739202
time,2025-09-20,KRW-ATH,bull_quiet,0.009216589861751112,0.007716589861751113,timestop,1.0,-0.01612903225806439
time,2025-09-20,KRW-AWE,bull_quiet,-0.01904761904761909,-0.020547619047619092,timestop,1.0,-0.01904761904761909
time,2025-09-21,KRW-SIGN,bull_quiet,-0.025210084033613467,-0.026710084033613468,timestop,1.0,-0.025210084033613467
time,2025-09-21,KRW-ATH,bull_quiet,-0.00815850815850816,-0.00965850815850816,timestop,1.0,-0.00815850815850816
time,2025-09-21,KRW-IMX,bull_quiet,-0.01240035429583708,-0.013900354295837079,timestop,1.0,-0.017714791851195733
time,2025-09-22,KRW-HOLO,bull_quiet,-0.03,-0.0315,sl,0.75,-0.04150943396226414
time,2025-09-22,KRW-AWE,bull_quiet,-0.00877192982456143,-0.01027192982456143,timestop,1.0,-0.02631578947368418
time,2025-09-22,KRW-DRIFT,bull_quiet,0.05,0.0485,tp,0.5,-0.0008779631255487752
time,2025-09-23,KRW-AVAX,bull_quiet,-0.011159330440173587,-0.012659330440173587,timestop,1.0,-0.017152304195081625
time,2025-09-23,KRW-WLD,bull_quiet,-0.022121669180492742,-0.023621669180492744,timestop,1.0,-0.023127199597787862
time,2025-09-23,KRW-CRO,bull_quiet,-0.016393442622950838,-0.01789344262295084,timestop,1.0,-0.016393442622950838
time,2025-09-24,KRW-DRIFT,bull_quiet,-0.006822612085769952,-0.008322612085769952,timestop,1.0,-0.007797270955165692
time,2025-09-24,KRW-MOCA,bull_quiet,0.02123356926188058,0.01973356926188058,timestop,1.0,-0.009100101112234582
time,2025-09-24,KRW-GAME2,bull_quiet,-0.03,-0.0315,sl,0.5,-0.03167420814479627
time,2025-09-25,KRW-W,bull_quiet,0.0,-0.0015,timestop,1.0,-0.019867549668874163
time,2025-09-25,KRW-BERA,bull_quiet,-0.03,-0.0315,sl,1.0,-0.03196700180458878
time,2025-09-25,KRW-HYPER,bull_quiet,-0.03,-0.0315,sl,0.75,-0.031026252983293534
time,2025-09-26,KRW-GAME2,bull_quiet,-0.014018691588785215,-0.015518691588785214,timestop,1.0,-0.02336448598130858
time,2025-09-26,KRW-ATH,bull_quiet,-0.0023980815347721673,-0.0038980815347721674,timestop,1.0,-0.013189448441247142
time,2025-09-26,KRW-AVNT,bull_quiet,-0.03,-0.0315,sl,0.25,-0.03421394543092249
time,2025-09-27,KRW-BERA,bull_quiet,0.027083333333333348,0.025583333333333347,timestop,1.0,-0.0049479166666667185
time,2025-09-27,KRW-PUMP,bull_quiet,-0.003947368421052588,-0.005447368421052588,timestop,1.0,-0.009210526315789447
time,2025-09-27,KRW-MNT,bull_quiet,0.020158102766798525,0.018658102766798523,timestop,1.0,-0.010276679841897285
time,2025-09-28,KRW-LA,bull_quiet,-0.03,-0.0315,sl,0.5,-0.032136105860113395
time,2025-09-28,KRW-IMX,bull_quiet,-0.01666666666666672,-0.01816666666666672,timestop,1.0,-0.019298245614035037
time,2025-09-28,KRW-OPEN,bull_quiet,-0.015075376884422065,-0.016575376884422066,timestop,1.0,-0.021356783919597944
time,2025-09-29,KRW-COW,bull_quiet,0.05,0.0485,tp,0.5,0.0
time,2025-09-29,KRW-OPEN,bull_quiet,-0.011378002528445008,-0.012878002528445008,timestop,1.0,-0.025284450063211117
time,2025-09-29,KRW-BERA,bull_quiet,-0.0007320644216690653,-0.0022320644216690653,timestop,1.0,-0.015617374328940947
time,2025-09-30,KRW-PUMP,bull_quiet,-0.01707317073170722,-0.018573170731707223,timestop,1.0,-0.024390243902438935
time,2025-09-30,KRW-SUN,bull_quiet,0.0,-0.0015,timestop,1.0,-0.002785515320334331
time,2025-09-30,KRW-MOCA,bull_quiet,-0.0092592592592593,-0.0107592592592593,timestop,1.0,-0.01851851851851849
time,2025-10-01,KRW-PUMP,bull_quiet,-0.004705882352941115,-0.006205882352941115,timestop,1.0,-0.016470588235294237
time,2025-10-01,KRW-STRAX,bull_quiet,-0.016666666666666607,-0.01816666666666661,timestop,1.0,-0.025925925925925908
time,2025-10-01,KRW-BARD,bull_quiet,-0.03,-0.0315,sl,0.75,-0.030303030303030276
time,2025-10-02,KRW-BIGTIME,bull_quiet,-0.005706134094151105,-0.007206134094151105,timestop,1.0,-0.007132667617689048
time,2025-10-02,KRW-MOODENG,bull_quiet,0.00917431192660545,0.00767431192660545,timestop,1.0,0.0
time,2025-10-02,KRW-MNT,bull_quiet,0.010007412898443313,0.008507412898443313,timestop,1.0,-0.0025945144551520194
time,2025-10-03,KRW-LA,bull_quiet,-0.0057581573896353655,-0.007258157389635365,timestop,1.0,-0.013435700575815779
time,2025-10-03,KRW-ATOM,bull_quiet,-0.013093289689034338,-0.014593289689034337,timestop,1.0,-0.018003273322422242
time,2025-10-03,KRW-LAYER,bull_quiet,-0.008210180623973717,-0.009710180623973717,timestop,1.0,-0.013136288998357948
time,2025-10-04,KRW-ASTR,bull_quiet,-0.026315789473684403,-0.027815789473684405,timestop,1.0,-0.026315789473684403
time,2025-10-04,KRW-LAYER,bull_quiet,-0.004950495049504955,-0.0064504950495049545,timestop,1.0,-0.0066006600660065695
time,2025-10-04,KRW-BERA,bull_quiet,-0.0009319664492077884,-0.0024319664492077884,timestop,1.0,-0.009552656104380275
time,2025-10-05,KRW-BLUR,bull_quiet,-0.0092592592592593,-0.0107592592592593,timestop,1.0,-0.01851851851851849
time,2025-10-05,KRW-SNT,bull_quiet,0.0,-0.0015,timestop,1.0,-0.0031055900621118626
time,2025-10-05,KRW-HOLO,bull_quiet,0.012861736334405238,0.011361736334405239,timestop,1.0,-0.009646302250803873
time,2025-10-06,KRW-ZETA,bull_quiet,-0.008230452674897082,-0.009730452674897081,timestop,1.0,-0.008230452674897082
time,2025-10-06,KRW-APT,bull_quiet,-0.011479591836734748,-0.012979591836734748,timestop,1.0,-0.02168367346938771
time,2025-10-06,KRW-MANTRA,bull_quiet,0.0,-0.0015,timestop,1.0,-0.004098360655737654
time,2025-10-07,KRW-ME,bull_quiet,0.004524886877828038,0.003024886877828038,timestop,1.0,-0.002262443438914019
time,2025-10-07,KRW-BIGTIME,bull_quiet,0.002808988764045006,0.0013089887640450062,timestop,1.0,-0.0014044943820226141
time,2025-10-07,KRW-VANA,bull_quiet,0.0,-0.0015,timestop,1.0,-0.0060240963855421326
time,2025-10-08,KRW-BEAM,bull_quiet,0.022727272727272707,0.021227272727272706,timestop,1.0,0.0
time,2025-10-08,KRW-FLUID,bull_quiet,0.002097535395909844,0.0005975353959098441,timestop,1.0,-0.01625589931830096
time,2025-10-08,KRW-PUMP,bull_quiet,-0.03,-0.0315,sl,0.25,-0.03544575725026855
time,2025-10-09,KRW-FF,bull_quiet,-0.025531914893617058,-0.02703191489361706,timestop,1.0,-0.029787234042553234
time,2025-10-09,KRW-FLUID,bull_quiet,-0.008799171842650111,-0.01029917184265011,timestop,1.0,-0.01345755693581785
time,2025-10-09,KRW-BAT,bull_quiet,-0.00917431192660545,-0.01067431192660545,timestop,1.0,-0.00917431192660545
time,2025-10-10,KRW-ATH,bull_quiet,-0.007633587786259444,-0.009133587786259443,timestop,1.0,-0.013994910941475758
time,2025-10-10,KRW-CELO,bull_quiet,0.005714285714285783,0.004214285714285783,timestop,1.0,-0.011428571428571455
time,2025-10-10,KRW-SOMI,bull_quiet,0.05,0.0485,tp,0.5,0.0
time,2025-10-11,KRW-ME,bull_quiet,0.05,0.0485,tp,0.75,-0.006299212598425252
time,2025-10-11,KRW-TIA,bull_quiet,-0.03,-0.0315,sl,0.75,-0.043201133144475934
time,2025-10-11,KRW-TREE,bull_quiet,0.05,0.0485,tp,0.5,0.0
time,2025-10-12,KRW-WCT,bull_quiet,-0.012711864406779627,-0.014211864406779627,timestop,1.0,-0.016949152542372836
time,2025-10-12,KRW-HOLO,bull_quiet,0.020000000000000018,0.018500000000000016,timestop,1.0,-0.0050000000000000044
time,2025-10-12,KRW-ID,bull_quiet,0.05,0.0485,tp,0.25,0.0
time,2025-10-13,KRW-BAT,bull_quiet,-0.03,-0.0315,sl,0.75,-0.03396226415094339
time,2025-10-13,KRW-BEAM,bull_quiet,-0.008179959100204526,-0.009679959100204525,timestop,1.0,-0.015337423312883236
time,2025-10-13,KRW-WAL,bull_quiet,-0.013661202185792365,-0.015161202185792364,timestop,1.0,-0.01912568306010931
time,2025-10-14,KRW-SAHARA,bull_quiet,0.0,-0.0015,timestop,1.0,-0.007936507936507908
time,2025-10-14,KRW-LA,bull_quiet,-0.007874015748031482,-0.009374015748031482,timestop,1.0,-0.011811023622047223
time,2025-10-14,KRW-IN,bull_quiet,0.01067615658362997,0.00917615658362997,timestop,1.0,-0.02135231316725983
time,2025-10-15,KRW-JST,bull_quiet,-0.0060975609756098725,-0.007597560975609872,timestop,1.0,-0.008130081300813163
time,2025-10-15,KRW-WAL,bull_quiet,-0.002873563218390829,-0.0043735632183908284,timestop,1.0,-0.008620689655172376
time,2025-10-15,KRW-DRIFT,bull_quiet,-0.0056116722783389195,-0.007111672278338919,timestop,1.0,-0.011223344556677839
time,2025-10-16,KRW-WCT,bull_quiet,-0.015748031496062964,-0.017248031496062965,timestop,1.0,-0.019685039370078705
time,2025-10-16,KRW-0G,bull_quiet,-0.01996779388083736,-0.02146779388083736,timestop,1.0,-0.022866344605474986
time,2025-10-16,KRW-CARV,bull_quiet,-0.010948905109489093,-0.012448905109489093,timestop,1.0,-0.025547445255474477
time,2025-10-17,KRW-FIL,bull_quiet,0.00481189851268593,0.0033118985126859304,timestop,1.0,-0.0030621172353455517
time,2025-10-17,KRW-PENGU,bull_quiet,0.005934718100890191,0.004434718100890191,timestop,1.0,0.0
time,2025-10-17,KRW-DOOD,bull_quiet,0.028846153846153744,0.027346153846153742,timestop,1.0,0.0
time,2025-10-18,KRW-FIL,bull_quiet,0.007985803016858917,0.006485803016858917,timestop,1.0,-0.0031055900621117516
time,2025-10-18,KRW-JTO,bull_quiet,-0.011474469305794655,-0.012974469305794654,timestop,1.0,-0.016064257028112428
time,2025-10-18,KRW-COMP,bull_quiet,0.003898635477582957,0.0023986354775829568,timestop,1.0,-0.00877192982456143
time,2025-10-19,KRW-AXL,bull_quiet,-0.03,-0.0315,sl,1.0,-0.03525641025641024
time,2025-10-19,KRW-PROVE,bull_quiet,0.05,0.0485,tp,0.25,0.0
time,2025-10-19,KRW-SUPER,bull_quiet,-0.008445945945945943,-0.009945945945945943,timestop,1.0,-0.010135135135135087
time,2025-10-20,KRW-KAVA,bull_quiet,-0.004347826086956497,-0.005847826086956496,timestop,1.0,-0.017391304347826098
time,2025-10-20,KRW-OPEN,bull_quiet,-0.009596928982725572,-0.011096928982725572,timestop,1.0,-0.0249520153550864
time,2025-10-20,KRW-BAT,bull_quiet,-0.010033444816053505,-0.011533444816053505,timestop,1.0,-0.02341137123745818
time,2025-10-21,KRW-BARD,bull_quiet,-0.004094165813715467,-0.0055941658137154664,timestop,1.0,-0.0092118730808598
time,2025-10-21,KRW-JTO,bull_quiet,-0.014645577035735213,-0.016145577035735215,timestop,1.0,-0.019332161687170446
time,2025-10-21,KRW-0G,bull_quiet,0.05,0.0485,tp,0.25,-0.005145797598627766
time,2025-10-22,KRW-2Z,bull_quiet,0.010282776349614497,0.008782776349614498,timestop,1.0,-0.007712082262210762
time,2025-10-22,KRW-WAL,bull_quiet,-0.008403361344537785,-0.009903361344537785,timestop,1.0,-0.01680672268907568
time,2025-10-22,KRW-WCT,bull_quiet,0.0,-0.0015,timestop,1.0,-0.003984063745019917
time,2025-10-23,KRW-LINEA,bull_quiet,0.008658008658008587,0.007158008658008587,timestop,1.0,-0.0043290043290044045
time,2025-10-23,KRW-WAL,bull_quiet,-0.008645533141210415,-0.010145533141210415,timestop,1.0,-0.011527377521613813
time,2025-10-23,KRW-ZKC,bull_quiet,0.006211180124223503,0.004711180124223504,timestop,1.0,-0.012422360248447228
time,2025-10-24,KRW-MIRA,bull_volatile,0.006396588486140775,0.0048965884861407755,timestop,1.0,-0.008528784648187626
time,2025-10-24,KRW-RED,bull_volatile,0.009652509652509744,0.008152509652509745,timestop,1.0,-0.007722007722007707
time,2025-10-24,KRW-PUMP,bull_volatile,0.00698080279232105,0.005480802792321051,timestop,1.0,-0.008726003490401535
time,2025-10-25,KRW-NEWT,bull_volatile,-0.004385964912280715,-0.005885964912280715,timestop,1.0,-0.00877192982456143
time,2025-10-25,KRW-FLOCK,bull_volatile,-0.006644518272425293,-0.008144518272425292,timestop,1.0,-0.019933554817275767
time,2025-10-25,KRW-MIRA,bull_volatile,0.02620967741935476,0.02470967741935476,timestop,1.0,-0.012096774193548376
time,2025-10-26,KRW-FLOCK,bull_quiet,-0.0031055900621117516,-0.004605590062111751,timestop,1.0,-0.018633540372670843
time,2025-10-26,KRW-AERO,bull_quiet,0.00807043286867204,0.00657043286867204,timestop,1.0,-0.0007336757153337814
time,2025-10-26,KRW-ZBT,bull_quiet,-0.019656019656019708,-0.02115601965601971,timestop,1.0,-0.019656019656019708
time,2025-10-27,KRW-LSK,bull_volatile,0.0060975609756097615,0.004597560975609762,timestop,1.0,0.0
time,2025-10-27,KRW-CARV,bull_volatile,-0.016064257028112428,-0.01756425702811243,timestop,1.0,-0.02409638554216864
time,2025-10-27,KRW-SUPER,bull_volatile,0.05,0.0485,tp,1.0,-0.0016366612111292644
time,2025-10-28,KRW-SONIC,bull_volatile,-0.03,-0.0315,sl,0.75,-0.052631578947368474
time,2025-10-28,KRW-CELO,bull_volatile,0.0,-0.0015,timestop,1.0,-0.021164021164021163
time,2025-10-28,KRW-BIO,bull_volatile,-0.03,-0.0315,sl,0.75,-0.036231884057971064
time,2025-10-29,KRW-EGLD,bull_quiet,0.002808988764045006,0.0013089887640450062,timestop,1.0,0.0
time,2025-10-29,KRW-AERO,bull_quiet,0.015764222069910794,0.014264222069910794,timestop,1.0,-0.00959561343385884
time,2025-10-29,KRW-TREE,bull_quiet,-0.014925373134328401,-0.016425373134328403,timestop,1.0,-0.014925373134328401
time,2025-10-30,KRW-WLFI,bull_volatile,0.018433179723502224,0.016933179723502223,timestop,1.0,-0.018433179723502335
time,2025-10-30,KRW-ZKC,bull_volatile,-0.00295857988165682,-0.0044585798816568194,timestop,1.0,-0.014792899408283988
time,2025-10-30,KRW-FF,bull_volatile,0.008810572687224738,0.0073105726872247385,timestop,1.0,-0.008810572687224627
time,2025-10-31,KRW-ORDER,bull_volatile,-0.0031055900621117516,-0.004605590062111751,timestop,1.0,-0.006211180124223614
time,2025-10-31,KRW-PROVE,bull_volatile,0.0,-0.0015,timestop,1.0,-0.01352657004830915
time,2025-10-31,KRW-CPOOL,bull_volatile,-0.02752293577981646,-0.02902293577981646,timestop,1.0,-0.02752293577981646
time,2025-11-01,KRW-SOMI,bull_quiet,-0.0033003300330033403,-0.00480033003300334,timestop,1.0,-0.00990099009900991
time,2025-11-01,KRW-ORDER,bull_quiet,0.0,-0.0015,timestop,1.0,-0.006191950464396245
time,2025-11-01,KRW-BIO,bull_quiet,-0.007936507936507908,-0.009436507936507908,timestop,1.0,-0.015873015873015928
time,2025-11-02,KRW-ZORA,bull_quiet,-0.018867924528301883,-0.020367924528301884,timestop,1.0,-0.018867924528301883
time,2025-11-02,KRW-CPOOL,bull_quiet,0.00990099009900991,0.00840099009900991,timestop,1.0,0.0
time,2025-11-02,KRW-FIL,bull_quiet,0.006036217303822866,0.0045362173038228665,timestop,1.0,-0.005231388329979825
time,2025-11-03,KRW-AXL,bull_quiet,-0.026022304832713727,-0.02752230483271373,timestop,1.0,-0.026022304832713727
time,2025-11-03,KRW-T,bull_quiet,0.05,0.0485,tp,0.5,-0.004950495049504844
time,2025-11-03,KRW-MOCA,bull_quiet,-0.021252796420581754,-0.022752796420581756,timestop,1.0,-0.027964205816554788
time,2025-11-04,KRW-IP,bull_quiet,-0.003361344537815114,-0.004861344537815114,timestop,1.0,-0.015126050420168013
time,2025-11-04,KRW-2Z,bull_quiet,0.0,-0.0015,timestop,1.0,-0.012605042016806678
time,2025-11-04,KRW-CARV,bull_quiet,0.011235955056179803,0.009735955056179803,timestop,1.0,-0.014981273408239737
time,2025-11-05,KRW-ORDER,bear_volatile,-0.012096774193548376,-0.013596774193548376,timestop,1.0,-0.020161290322580627
time,2025-11-05,KRW-GLM,bear_volatile,-0.03,-0.0315,sl,0.75,-0.03731343283582089
time,2025-11-05,KRW-MEW,bear_volatile,-0.03,-0.0315,sl,0.75,-0.03240740740740755
time,2025-11-06,KRW-LPT,bull_volatile,-0.01049868766404205,-0.01199868766404205,timestop,1.0,-0.011811023622047223
time,2025-11-06,KRW-KERNEL,bull_volatile,-0.006369426751592355,-0.007869426751592355,timestop,1.0,-0.019108280254777066
time,2025-11-06,KRW-RVN,bull_volatile,-0.03,-0.0315,sl,0.75,-0.03289473684210531
time,2025-11-07,KRW-TFUEL,bear_volatile,0.015873015873015817,0.014373015873015817,timestop,1.0,-0.0031746031746032743
time,2025-11-07,KRW-GLM,bear_volatile,0.003424657534246478,0.001924657534246478,timestop,1.0,-0.010273972602739767
time,2025-11-07,KRW-LPT,bear_volatile,-0.00504095778197855,-0.00654095778197855,timestop,1.0,-0.0100819155639571
time,2025-11-08,KRW-SAHARA,bear_volatile,-0.01680672268907568,-0.018306722689075683,timestop,1.0,-0.01680672268907568
time,2025-11-08,KRW-PROVE,bear_volatile,0.01916572717023679,0.01766572717023679,timestop,1.0,-0.0022547914317925244
time,2025-11-08,KRW-IN,bear_volatile,-0.0064102564102563875,-0.007910256410256387,timestop,1.0,-0.012820512820512775
time,2025-11-09,KRW-BARD,bear_volatile,-0.03,-0.0315,sl,0.5,-0.030146425495262696
time,2025-11-09,KRW-ENSO,bear_volatile,-0.011620795107033621,-0.013120795107033621,timestop,1.0,-0.015290519877675823
time,2025-11-09,KRW-FLOCK,bear_volatile,-0.01342281879194629,-0.014922818791946289,timestop,1.0,-0.01342281879194629
time,2025-11-10,KRW-JUP,bear_volatile,0.01908396946564883,0.01758396946564883,timestop,1.0,-0.009541984732824416
time,2025-11-10,KRW-PENGU,bear_volatile,0.026431718061673992,0.02493171806167399,timestop,1.0,-0.013215859030836996
time,2025-11-10,KRW-F,bear_volatile,0.01734104046242768,0.01584104046242768,timestop,1.0,-0.017341040462427793
time,2025-11-11,KRW-ENSO,bull_volatile,-0.011196228638774341,-0.012696228638774341,timestop,1.0,-0.017678255745433136
time,2025-11-11,KRW-RAY,bull_volatile,-0.008247422680412342,-0.009747422680412341,timestop,1.0,-0.024742268041237137
time,2025-11-11,KRW-GLM,bull_volatile,-0.02259887005649719,-0.02409887005649719,timestop,1.0,-0.025423728813559365
time,2025-11-12,KRW-KNC,bear_volatile,-0.00439560439560438,-0.00589560439560438,timestop,1.0,-0.01098901098901095
time,2025-11-12,KRW-ONG,bear_volatile,-0.006134969325153339,-0.007634969325153338,timestop,1.0,-0.018404907975460127
time,2025-11-12,KRW-AERGO,bear_volatile,-0.009345794392523366,-0.010845794392523365,timestop,1.0,-0.01869158878504673
time,2025-11-13,KRW-ANIME,bear_volatile,-0.017094017094017033,-0.018594017094017035,timestop,1.0,-0.017094017094017033
time,2025-11-13,KRW-MINA,bear_volatile,-0.013333333333333308,-0.014833333333333308,timestop,1.0,-0.026666666666666616
time,2025-11-13,KRW-IP,bear_volatile,-0.010638297872340385,-0.012138297872340385,timestop,1.0,-0.011524822695035408
time,2025-11-14,KRW-CPOOL,bear_volatile,-0.03,-0.0315,sl,0.25,-0.07717041800643087
time,2025-11-14,KRW-NEAR,bear_volatile,-0.014531754574811595,-0.016031754574811596,timestop,1.0,-0.017222820236813763
time,2025-11-14,KRW-AERO,bear_volatile,-0.01273885350318471,-0.01423885350318471,timestop,1.0,-0.013446567586694935
time,2025-11-15,KRW-LA,bear_volatile,0.05,0.0485,tp,0.25,0.0
time,2025-11-15,KRW-MMT,bear_volatile,0.0,-0.0015,timestop,1.0,-0.012389380530973493
time,2025-11-15,KRW-KITE,bear_volatile,-0.017391304347826098,-0.0188913043478261,timestop,1.0,-0.017391304347826098
time,2025-11-16,KRW-MMT,bear_volatile,-0.008880994671403242,-0.010380994671403241,timestop,1.0,-0.02131438721136769
time,2025-11-16,KRW-API3,bear_volatile,-0.03,-0.0315,sl,0.75,-0.030501089324618702
time,2025-11-16,KRW-UNI,bear_volatile,-0.008992805755395739,-0.010492805755395738,timestop,1.0,-0.01618705035971224
time,2025-11-17,KRW-SIGN,bear_volatile,0.0117647058823529,0.0102647058823529,timestop,1.0,-0.008403361344537785
time,2025-11-17,KRW-UNI,bear_volatile,0.0196629213483146,0.018162921348314598,timestop,1.0,-0.006554307116104829
time,2025-11-17,KRW-AWE,bear_volatile,0.05,0.0485,tp,0.25,0.0
time,2025-11-18,KRW-ARDR,bear_volatile,0.05,0.0485,tp,0.25,-0.021344717182497308
time,2025-11-18,KRW-ERA,bear_volatile,-0.03,-0.0315,sl,0.5,-0.054545454545454564
time,2025-11-18,KRW-MINA,bear_volatile,-0.0046948356807511304,-0.00619483568075113,timestop,1.0,-0.023474178403755874
time,2025-11-19,KRW-IN,bear_volatile,0.0092592592592593,0.007759259259259301,timestop,1.0,-0.01851851851851849
time,2025-11-19,KRW-TRUST,bear_volatile,0.0,-0.0015,timestop,1.0,-0.028901734104046284
time,2025-11-19,KRW-ERA,bear_volatile,-0.010840108401083959,-0.012340108401083958,timestop,1.0,-0.02168021680216803
time,2025-11-20,KRW-ZORA,bear_volatile,-0.020961775585696563,-0.022461775585696564,timestop,1.0,-0.0283600493218249
time,2025-11-20,KRW-NEAR,bear_volatile,-0.01355549279864443,-0.01505549279864443,timestop,1.0,-0.01355549279864443
time,2025-11-20,KRW-CPOOL,bear_volatile,0.05,0.0485,tp,0.25,0.0
time,2025-11-21,KRW-CPOOL,bear_volatile,-0.03,-0.0315,sl,0.25,-0.06323529411764706
time,2025-11-21,KRW-ALT,bear_volatile,0.012711864406779627,0.011211864406779628,timestop,1.0,-0.016949152542372947
time,2025-11-21,KRW-MMT,bear_volatile,0.004938271604938205,0.0034382716049382047,timestop,1.0,-0.00987654320987652
time,2025-11-22,KRW-HOLO,bear_volatile,0.05,0.0485,tp,0.25,-0.007299270072992692
time,2025-11-22,KRW-SOMI,bear_volatile,0.024154589371980784,0.022654589371980782,timestop,1.0,-0.007246376811594235
time,2025-11-22,KRW-SYRUP,bear_volatile,-0.01118568232662187,-0.01268568232662187,timestop,1.0,-0.020134228187919434
time,2025-11-23,KRW-SONIC,bear_volatile,-0.03,-0.0315,sl,1.0,-0.03676470588235292
time,2025-11-23,KRW-RED,bear_volatile,0.0,-0.0015,timestop,1.0,-0.005141388174807249
time,2025-11-23,KRW-1INCH,bear_volatile,-0.014285714285714235,-0.015785714285714236,timestop,1.0,-0.021428571428571463
time,2025-11-24,KRW-BLAST,bear_volatile,-0.006535947712418277,-0.008035947712418277,timestop,1.0,-0.013071895424836666
time,2025-11-24,KRW-FIL,bear_volatile,-0.004086636697997581,-0.005586636697997581,timestop,1.0,-0.015120555782590972
time,2025-11-24,KRW-BTC,bear_volatile,-0.00434855073561724,-0.00584855073561724,timestop,1.0,-0.015136592978681529
time,2025-11-25,KRW-DEEP,bear_volatile,0.05,0.0485,tp,0.25,-0.004587155963302947
time,2025-11-25,KRW-BSV,bear_volatile,0.0035403926617316728,0.0020403926617316727,timestop,1.0,-0.006437077566784688
time,2025-11-25,KRW-CELO,bear_volatile,0.0,-0.0015,timestop,1.0,-0.008032128514056214
time,2025-11-26,KRW-ONG,bear_volatile,-0.019867549668874163,-0.021367549668874164,timestop,1.0,-0.026490066225165587
time,2025-11-26,KRW-MVL,bear_volatile,-0.007575757575757569,-0.009075757575757569,timestop,1.0,-0.015151515151515138
time,2025-11-26,KRW-LAYER,bear_volatile,0.05,0.0485,tp,1.0,0.0
time,2025-11-27,KRW-LPT,bear_volatile,-0.003233629749393674,-0.0047336297493936735,timestop,1.0,-0.00808407437348424
time,2025-11-27,KRW-TRUMP,bear_volatile,-0.0015965939329430912,-0.003096593932943091,timestop,1.0,-0.0037253858435337683
time,2025-11-27,KRW-TOKAMAK,bear_volatile,0.05,0.0485,tp,0.25,-0.01858108108108103
time,2025-11-28,KRW-TAIKO,bear_volatile,0.05,0.0485,tp,0.25,-0.006329113924050667
time,2025-11-28,KRW-HYPER,bear_volatile,0.05,0.0485,tp,0.75,-0.004608294930875556
time,2025-11-28,KRW-W,bear_volatile,0.05,0.0485,tp,0.25,-0.013605442176870763
time,2025-11-29,KRW-GMT,bear_volatile,0.05,0.0485,tp,0.25,-0.013071895424836666
time,2025-11-29,KRW-XEC,bear_volatile,0.0,-0.0015,timestop,1.0,-0.02083333333333326
time,2025-11-29,KRW-BLAST,bear_volatile,0.013071895424836555,0.011571895424836555,timestop,1.0,-0.006535947712418277
time,2025-11-30,KRW-META,bear_volatile,-0.03,-0.0315,sl,0.5,-0.03124999999999989
time,2025-11-30,KRW-TT,bear_volatile,-0.015228426395939132,-0.016728426395939133,timestop,1.0,-0.025380710659898553
time,2025-11-30,KRW-DKA,bear_volatile,-0.009009009009009028,-0.010509009009009028,timestop,1.0,-0.018018018018017945
time,2025-12-01,KRW-ASTR,bear_volatile,-0.03,-0.0315,sl,0.25,-0.03465346534653457
time,2025-12-01,KRW-THETA,bear_volatile,-0.03,-0.0315,sl,0.25,-0.05709342560553632
time,2025-12-01,KRW-IN,bear_volatile,-0.03,-0.0315,sl,0.25,-0.043165467625899234
time,2025-12-02,KRW-FLOCK,bear_volatile,-0.03,-0.0315,sl,0.25,-0.05291005291005291
time,2025-12-02,KRW-VANA,bear_volatile,-0.0036488027366020637,-0.005148802736602063,timestop,1.0,-0.014367160775370591
time,2025-12-02,KRW-IOST,bear_volatile,-0.02298850574712641,-0.02448850574712641,timestop,1.0,-0.02298850574712641
time,2025-12-03,KRW-WCT,bear_volatile,0.007194244604316502,0.0056942446043165024,timestop,1.0,-0.007194244604316502
time,2025-12-03,KRW-PLUME,bear_volatile,0.05,0.0485,tp,0.75,-0.013071895424836666
time,2025-12-03,KRW-AXL,bear_volatile,-0.005586592178770999,-0.007086592178770999,timestop,1.0,-0.005586592178770999
time,2025-12-04,KRW-PLUME,bear_volatile,-0.018927444794952564,-0.020427444794952565,timestop,1.0,-0.02208201892744477
time,2025-12-04,KRW-WCT,bear_volatile,0.0,-0.0015,timestop,1.0,-0.006756756756756799
time,2025-12-04,KRW-SAHARA,bear_volatile,-0.017064846416382284,-0.018564846416382286,timestop,1.0,-0.022184300341297036
time,2025-12-05,KRW-LAYER,bear_volatile,-0.012499999999999956,-0.013999999999999955,timestop,1.0,-0.012499999999999956
time,2025-12-05,KRW-MMT,bear_volatile,-0.0027100271002710175,-0.004210027100271017,timestop,1.0,-0.005420054200542035
time,2025-12-05,KRW-SUPER,bear_volatile,-0.005235602094240788,-0.006735602094240787,timestop,1.0,-0.010471204188481686
time,2025-12-06,KRW-GMT,bear_volatile,-0.015810276679842028,-0.01731027667984203,timestop,1.0,-0.01976284584980237
time,2025-12-06,KRW-CELO,bear_volatile,-0.008064516129032251,-0.00956451612903225,timestop,1.0,-0.016129032258064502
time,2025-12-06,KRW-LSK,bear_volatile,-0.03,-0.0315,sl,0.5,-0.03264094955489616
time,2025-12-07,KRW-HIVE,bear_volatile,0.0,-0.0015,timestop,1.0,-0.01273885350318471
time,2025-12-07,KRW-ZIL,bear_volatile,0.013157894736842257,0.011657894736842258,timestop,1.0,-0.007177033492822837
time,2025-12-07,KRW-CHZ,bear_volatile,-0.0062893081761007386,-0.007789308176100738,timestop,1.0,-0.012578616352201255
time,2025-12-08,KRW-CARV,bear_volatile,-0.004854368932038833,-0.006354368932038832,timestop,1.0,-0.01941747572815533
time,2025-12-08,KRW-2Z,bear_volatile,0.004784688995215225,0.003284688995215225,timestop,1.0,-0.019138755980861233
time,2025-12-08,KRW-SYRUP,bear_volatile,-0.004950495049504955,-0.0064504950495049545,timestop,1.0,-0.00990099009900991
time,2025-12-09,KRW-BLAST,bear_volatile,0.0,-0.0015,timestop,1.0,-0.007633587786259555
time,2025-12-09,KRW-PEPE,bear_volatile,-0.008474576271186418,-0.009974576271186418,timestop,1.0,-0.01412429378531077
time,2025-12-09,KRW-DRIFT,bear_volatile,-0.016997167138810165,-0.018497167138810167,timestop,1.0,-0.022662889518413554
time,2025-12-10,KRW-SOMI,bear_volatile,-0.016997167138810165,-0.018497167138810167,timestop,1.0,-0.019830028328611915
time,2025-12-10,KRW-ID,bear_volatile,-0.008333333333333304,-0.009833333333333303,timestop,1.0,-0.01666666666666672
time,2025-12-10,KRW-MTL,bear_volatile,0.05,0.0485,tp,0.25,-0.0016207455429497752
time,2025-12-11,KRW-MTL,bear_volatile,-0.025039123630672955,-0.026539123630672956,timestop,1.0,-0.029733959311424085
time,2025-12-11,KRW-MNT,bear_volatile,-0.021927293710328866,-0.023427293710328867,timestop,1.0,-0.028274668205424125
time,2025-12-11,KRW-COW,bear_volatile,-0.01980198019801982,-0.02130198019801982,timestop,1.0,-0.02310231023102305
time,2025-12-12,KRW-HUNT,bear_volatile,0.018181818181818077,0.016681818181818076,timestop,1.0,-0.013636363636363669
time,2025-12-12,KRW-BAT,bear_volatile,-0.02409638554216864,-0.025596385542168643,timestop,1.0,-0.02409638554216864
time,2025-12-12,KRW-ZORA,bear_volatile,-0.0181347150259068,-0.0196347150259068,timestop,1.0,-0.0181347150259068
time,2025-12-13,KRW-MNT,bear_volatile,-0.006937033084311595,-0.008437033084311594,timestop,1.0,-0.008537886872998945
time,2025-12-13,KRW-MMT,bear_volatile,-0.024691358024691357,-0.026191358024691358,timestop,1.0,-0.024691358024691357
time,2025-12-13,KRW-CPOOL,bear_volatile,0.005181347150259086,0.0036813471502590857,timestop,1.0,-0.02763385146804842
time,2025-12-14,KRW-GAS,bear_volatile,0.0029088558500323103,0.0014088558500323103,timestop,1.0,-0.004201680672268893
time,2025-12-14,KRW-MNT,bear_volatile,0.007049345417925457,0.005549345417925457,timestop,1.0,-0.0030211480362537513
time,2025-12-14,KRW-AXL,bear_volatile,0.00995024875621886,0.00845024875621886,timestop,1.0,-0.00995024875621886
time,2025-12-15,KRW-MNT,bear_volatile,0.0005347593582887278,-0.0009652406417112722,timestop,1.0,-0.021925133689839615
time,2025-12-15,KRW-G,bear_volatile,-0.012658227848101333,-0.014158227848101333,timestop,1.0,-0.016455696202531733
time,2025-12-15,KRW-HYPER,bear_volatile,0.0092592592592593,0.007759259259259301,timestop,1.0,-0.0092592592592593
time,2025-12-16,KRW-AAVE,bear_volatile,-0.018049288441513323,-0.019549288441513324,timestop,1.0,-0.018396390142311647
time,2025-12-16,KRW-BARD,bear_volatile,-0.003493449781659441,-0.004993449781659441,timestop,1.0,-0.004366812227074246
time,2025-12-16,KRW-DOOD,bear_volatile,-0.03,-0.0315,sl,0.75,-0.04249999999999998
time,2025-12-17,KRW-RAY,bear_volatile,-0.004748982360922693,-0.006248982360922693,timestop,1.0,-0.010176390773405708
time,2025-12-17,KRW-MON,bear_volatile,-0.01869158878504673,-0.020191588785046732,timestop,1.0,-0.01869158878504673
time,2025-12-17,KRW-WAVES,bear_volatile,-0.019644527595883976,-0.021144527595883977,timestop,1.0,-0.024321796071094526
time,2025-12-18,KRW-META,bear_volatile,-0.03,-0.0315,sl,0.25,-0.06832298136645976
time,2025-12-18,KRW-MANTRA,bear_volatile,-0.009433962264150941,-0.010933962264150941,timestop,1.0,-0.009433962264150941
time,2025-12-18,KRW-BARD,bear_volatile,0.002510460251045954,0.001010460251045954,timestop,1.0,-0.006694560669456062
time,2025-12-19,KRW-WCT,bear_volatile,-0.03,-0.0315,sl,0.25,-0.036036036036036
time,2025-12-19,KRW-DOOD,bear_volatile,0.05,0.0485,tp,0.75,-0.01239157372986377
time,2025-12-19,KRW-SOMI,bear_volatile,-0.03,-0.0315,sl,0.75,-0.03141361256544506
time,2025-12-20,KRW-RED,bear_volatile,0.006349206349206327,0.004849206349206327,timestop,1.0,-0.0031746031746031633
time,2025-12-20,KRW-BERA,bear_volatile,-0.005733944954128489,-0.007233944954128489,timestop,1.0,-0.00917431192660545
time,2025-12-20,KRW-ME,bear_volatile,0.021472392638036908,0.019972392638036907,timestop,1.0,-0.006134969325153339
time,2025-12-21,KRW-OPEN,bear_volatile,-0.011363636363636354,-0.012863636363636353,timestop,1.0,-0.018939393939393923
time,2025-12-21,KRW-PENDLE,bear_volatile,-0.005584642233856907,-0.007084642233856906,timestop,1.0,-0.006980802792321161
time,2025-12-21,KRW-ZKC,bear_volatile,-0.006329113924050667,-0.007829113924050666,timestop,1.0,-0.012658227848101222
time,2025-12-22,KRW-POWR,bear_volatile,0.05,0.0485,tp,0.5,0.0
time,2025-12-22,KRW-HP,bear_volatile,-0.003278688524590234,-0.004778688524590234,timestop,1.0,-0.006557377049180357
time,2025-12-22,KRW-OPEN,bear_volatile,-0.0037878787878787845,-0.005287878787878784,timestop,1.0,-0.022727272727272707
time,2025-12-23,KRW-HIVE,bear_volatile,0.007042253521126751,0.005542253521126752,timestop,1.0,-0.021126760563380254
time,2025-12-23,KRW-GRT,bear_volatile,0.0,-0.0015,timestop,1.0,-0.005300353356890497
time,2025-12-23,KRW-AERGO,bear_volatile,-0.012219959266802527,-0.013719959266802527,timestop,1.0,-0.012219959266802527
time,2025-12-24,KRW-META,bear_volatile,-0.03,-0.0315,sl,0.5,-0.03105590062111807
time,2025-12-24,KRW-COW,bear_volatile,-0.008982035928143728,-0.010482035928143727,timestop,1.0,-0.017964071856287456
time,2025-12-24,KRW-CARV,bear_volatile,-0.0239043824701195,-0.025404382470119502,timestop,1.0,-0.027888446215139417
time,2025-12-25,KRW-SONIC,bear_volatile,0.0,-0.0015,timestop,1.0,-0.009708737864077666
time,2025-12-25,KRW-ATH,bear_volatile,-0.007092198581560294,-0.008592198581560294,timestop,1.0,-0.014184397163120477
time,2025-12-25,KRW-IMX,bear_volatile,-0.011527377521613813,-0.013027377521613813,timestop,1.0,-0.014409221902017322
time,2025-12-26,KRW-OPEN,bear_volatile,-0.015810276679841917,-0.01731027667984192,timestop,1.0,-0.01976284584980237
time,2025-12-26,KRW-SYRUP,bear_volatile,-0.014227642276422814,-0.015727642276422815,timestop,1.0,-0.018292682926829285
time,2025-12-26,KRW-XTZ,bear_volatile,-0.0015337423312883347,-0.0030337423312883347,timestop,1.0,-0.0030674846625766694
time,2025-12-27,KRW-OP,bear_volatile,0.0050890585241729624,0.0035890585241729624,timestop,1.0,-0.0050890585241730735
time,2025-12-27,KRW-TOSHI,bear_volatile,-0.009029345372460473,-0.010529345372460473,timestop,1.0,-0.013544018058690765
time,2025-12-27,KRW-API3,bear_volatile,-0.03,-0.0315,sl,1.0,-0.030882352941176472
time,2025-12-28,KRW-ID,bear_volatile,0.05,0.0485,tp,0.25,-0.00108108108108107
time,2025-12-28,KRW-LPT,bear_volatile,-0.025506718287406027,-0.02700671828740603,timestop,1.0,-0.027784103848781605
time,2025-12-28,KRW-BIGTIME,bear_volatile,0.0,-0.0015,timestop,1.0,-0.006756756756756799
time,2025-12-29,KRW-STRAX,bear_volatile,-0.03,-0.0315,sl,0.25,-0.03246753246753242
time,2025-12-29,KRW-T,bear_volatile,-0.03,-0.0315,sl,0.25,-0.03676470588235292
time,2025-12-29,KRW-TOSHI,bear_volatile,-0.03,-0.0315,sl,0.25,-0.039823008849557584
time,2025-12-30,KRW-HIVE,bear_volatile,-0.03,-0.0315,sl,0.25,-0.039215686274509776
time,2025-12-30,KRW-ONG,bear_volatile,-0.03,-0.0315,sl,0.25,-0.03816793893129766
time,2025-12-30,KRW-MMT,bear_volatile,-0.03,-0.0315,sl,0.5,-0.03458213256484155
time,2025-12-31,KRW-PUNDIX,bear_volatile,-0.0058651026392961825,-0.007365102639296182,timestop,1.0,-0.011730205278592365
time,2025-12-31,KRW-SONIC,bear_volatile,0.01904761904761898,0.01754761904761898,timestop,1.0,-0.01904761904761909
time,2025-12-31,KRW-ZETA,bear_volatile,-0.02857142857142858,-0.030071428571428582,timestop,1.0,-0.02857142857142858
time,2026-01-01,KRW-BOUNTY,bear_volatile,-0.022950819672131084,-0.024450819672131086,timestop,1.0,-0.02950819672131144
time,2026-01-01,KRW-SONIC,bear_volatile,-0.02752293577981646,-0.02902293577981646,timestop,1.0,-0.02752293577981646
time,2026-01-01,KRW-0G,bear_volatile,-0.01327742837176804,-0.01477742837176804,timestop,1.0,-0.016771488469601636
time,2026-01-02,KRW-TIA,bear_quiet,-0.006906077348066253,-0.008406077348066253,timestop,1.0,-0.013812154696132617
time,2026-01-02,KRW-TOSHI,bear_quiet,0.007075471698113178,0.005575471698113179,timestop,1.0,-0.009433962264150941
time,2026-01-02,KRW-AERO,bear_quiet,0.002928257686676483,0.001428257686676483,timestop,1.0,-0.008784773060029227
time,2026-01-03,KRW-WLFI,bear_quiet,0.0,-0.0015,timestop,1.0,-0.004464285714285698
time,2026-01-03,KRW-LINK,bear_quiet,0.0062532569046378494,0.00475325690463785,timestop,1.0,-0.0015633142261594069
time,2026-01-03,KRW-MET2,bear_quiet,0.0,-0.0015,timestop,1.0,-0.004901960784313708
time,2026-01-04,KRW-AUCTION,bear_quiet,-0.004569190600522188,-0.006069190600522188,timestop,1.0,-0.007180156657963455
time,2026-01-04,KRW-BARD,bear_quiet,-0.004226542688081203,-0.0057265426880812025,timestop,1.0,-0.010143702451394732
time,2026-01-04,KRW-CRO,bear_quiet,0.020689655172413834,0.019189655172413833,timestop,1.0,-0.006896551724137945
time,2026-01-05,KRW-QKC,bear_quiet,-0.008077544426494443,-0.009577544426494443,timestop,1.0,-0.014539579967689953
time,2026-01-05,KRW-ENS,bear_quiet,0.01791639017916391,0.01641639017916391,timestop,1.0,-0.005972130059721303
time,2026-01-05,KRW-LINK,bear_quiet,0.01287332646755912,0.011373326467559121,timestop,1.0,-0.001029866117404743
time,2026-01-06,KRW-MLK,bear_quiet,0.05,0.0485,tp,0.25,0.0
time,2026-01-06,KRW-SIGN,bear_quiet,-0.013937282229965153,-0.015437282229965153,timestop,1.0,-0.024390243902439046
time,2026-01-06,KRW-MINA,bear_quiet,-0.015037593984962405,-0.016537593984962407,timestop,1.0,-0.022556390977443663
time,2026-01-07,KRW-ERA,bear_quiet,-0.006451612903225823,-0.007951612903225823,timestop,1.0,-0.009677419354838679
time,2026-01-07,KRW-ONG,bear_quiet,-0.007352941176470562,-0.008852941176470562,timestop,1.0,-0.007352941176470562
time,2026-01-07,KRW-ANIME,bear_quiet,-0.0185185185185186,-0.020018518518518602,timestop,1.0,-0.0185185185185186
time,2026-01-08,KRW-ERA,bear_quiet,0.05,0.0485,tp,0.5,-0.006557377049180357
time,2026-01-08,KRW-HIVE,bear_quiet,-0.03,-0.0315,sl,0.25,-0.03144654088050314
time,2026-01-08,KRW-ANIME,bear_quiet,-0.018018018018017945,-0.019518018018017946,timestop,1.0,-0.018018018018017945
time,2026-01-09,KRW-PUNDIX,bear_quiet,-0.01846965699208447,-0.019969656992084472,timestop,1.0,-0.01846965699208447
time,2026-01-09,KRW-AGLD,bear_quiet,-0.004555808656036442,-0.0060558086560364415,timestop,1.0,-0.015945330296127547
time,2026-01-09,KRW-SONIC,bear_quiet,0.05,0.0485,tp,0.5,0.0
time,2026-01-10,KRW-GLM,bear_quiet,0.0,-0.0015,timestop,1.0,-0.021276595744680882
time,2026-01-10,KRW-BLAST,bear_quiet,-0.03,-0.0315,sl,0.5,-0.03125
time,2026-01-10,KRW-STORJ,bear_quiet,-0.014285714285714235,-0.015785714285714236,timestop,1.0,-0.023809523809523836
time,2026-01-11,KRW-ZETA,bear_quiet,0.05,0.0485,tp,1.0,0.0
time,2026-01-11,KRW-AWE,bear_quiet,-0.011709601873536313,-0.013209601873536312,timestop,1.0,-0.016393442622950838
time,2026-01-11,KRW-DKA,bear_quiet,-0.02409638554216864,-0.025596385542168643,timestop,1.0,-0.025100401606425682
time,2026-01-12,KRW-POKT,bear_quiet,-0.03,-0.0315,sl,0.75,-0.03960396039603964
time,2026-01-12,KRW-MET2,bear_quiet,-0.03,-0.0315,sl,0.25,-0.03626943005181349
time,2026-01-12,KRW-PUMP,bear_quiet,-0.0028328611898016387,-0.004332861189801638,timestop,1.0,-0.022662889518413443
time,2026-01-13,KRW-GLM,bear_quiet,0.0,-0.0015,timestop,1.0,-0.012765957446808529
time,2026-01-13,KRW-RENDER,bear_quiet,0.004571428571428671,0.0030714285714286706,timestop,1.0,-0.00371428571428567
time,2026-01-13,KRW-HP,bear_quiet,-0.023391812865497186,-0.024891812865497187,timestop,1.0,-0.023391812865497186
time,2026-01-14,KRW-DRIFT,bear_volatile,0.045643153526971014,0.04414315352697101,timestop,1.0,-0.008298755186721962
time,2026-01-14,KRW-ETH,bear_volatile,0.00041059330732906574,-0.0010894066926709343,timestop,1.0,-0.0022582631903099726
time,2026-01-14,KRW-ARK,bear_volatile,0.0,-0.0015,timestop,1.0,-0.00919540229885063
time,2026-01-15,KRW-WAL,bear_quiet,-0.03,-0.0315,sl,0.75,-0.030042918454935674
time,2026-01-15,KRW-AERO,bear_quiet,-0.01687289088863897,-0.01837289088863897,timestop,1.0,-0.019122609673790758
time,2026-01-15,KRW-BIGTIME,bear_quiet,-0.019886363636363757,-0.02138636363636376,timestop,1.0,-0.02840909090909094
time,2026-01-16,KRW-GMT,bear_quiet,0.003831417624520883,0.002331417624520883,timestop,1.0,0.0
time,2026-01-16,KRW-LA,bear_quiet,-0.01698513800424628,-0.018485138004246282,timestop,1.0,-0.019108280254777066
time,2026-01-16,KRW-MOCA,bear_quiet,-0.03,-0.0315,sl,0.75,-0.032835820895522394
time,2026-01-17,KRW-1INCH,bear_quiet,0.0,-0.0015,timestop,1.0,-0.008368200836820106
time,2026-01-17,KRW-XTZ,bear_quiet,-0.007658643326039383,-0.009158643326039382,timestop,1.0,-0.01094091903719907
time,2026-01-17,KRW-AGLD,bear_quiet,-0.002207505518763808,-0.003707505518763808,timestop,1.0,-0.02207505518763797
time,2026-01-18,KRW-TT,bear_quiet,-0.005319148936170137,-0.006819148936170137,timestop,1.0,-0.02127659574468077
time,2026-01-18,KRW-IMX,bear_quiet,-0.009153318077803174,-0.010653318077803174,timestop,1.0,-0.013729977116704761
time,2026-01-18,KRW-BIGTIME,bear_quiet,0.029972752043596618,0.028472752043596616,timestop,1.0,-0.021798365122615904
time,2026-01-19,KRW-BIO,bear_quiet,-0.03,-0.0315,sl,0.25,-0.10144927536231885
time,2026-01-19,KRW-BLAST,bear_quiet,-0.03,-0.0315,sl,0.25,-0.08870967741935487
time,2026-01-19,KRW-BLUR,bear_quiet,-0.03,-0.0315,sl,0.25,-0.09426987060998149
time,2026-01-25,KRW-RED,bear_volatile,0.05,0.0485,tp,0.75,-0.010869565217391353
time,2026-01-25,KRW-BOUNTY,bear_volatile,-0.03,-0.0315,sl,0.5,-0.038147138964577776
time,2026-01-25,KRW-CTC,bear_volatile,-0.03,-0.0315,sl,0.5,-0.03389830508474578
time,2026-01-26,KRW-ASTR,bear_volatile,-0.012345679012345623,-0.013845679012345622,timestop,1.0,-0.024691358024691246
time,2026-01-26,KRW-ZETA,bear_volatile,0.009090909090909038,0.007590909090909039,timestop,1.0,-0.027272727272727226
time,2026-01-26,KRW-BLAST,bear_volatile,0.05,0.0485,tp,0.25,0.0
time,2026-01-27,KRW-PROVE,bear_volatile,-0.023090586145648295,-0.024590586145648297,timestop,1.0,-0.0248667850799289
time,2026-01-27,KRW-ZRX,bear_volatile,-0.020408163265306145,-0.021908163265306146,timestop,1.0,-0.025510204081632626
time,2026-01-27,KRW-F,bear_volatile,-0.03,-0.0315,sl,0.5,-0.033099297893681046
time,2026-01-28,KRW-PYTH,bear_volatile,-0.00553097345132747,-0.00703097345132747,timestop,1.0,-0.013274336283185861
time,2026-01-28,KRW-BEAM,bear_volatile,-0.01242236024844734,-0.013922360248447339,timestop,1.0,-0.01863354037267073
time,2026-01-28,KRW-ASTR,bear_volatile,-0.023668639053254337,-0.025168639053254338,timestop,1.0,-0.023668639053254337
time,2026-01-29,KRW-ARKM,bear_volatile,-0.03,-0.0315,sl,0.25,-0.05384615384615388
time,2026-01-29,KRW-FLOCK,bear_volatile,-0.008333333333333304,-0.009833333333333303,timestop,1.0,-0.01666666666666672
time,2026-01-29,KRW-LINEA,bear_volatile,-0.03,-0.0315,sl,0.75,-0.045861297539149914
time,2026-01-30,KRW-AUCTION,bear_volatile,-0.019642857142857184,-0.021142857142857185,timestop,1.0,-0.02857142857142858
time,2026-01-30,KRW-ZKC,bear_volatile,0.017857142857142794,0.016357142857142792,timestop,1.0,-0.017857142857142905
time,2026-01-30,KRW-FLUID,bear_volatile,-0.009113924050632938,-0.010613924050632937,timestop,1.0,-0.016708860759493627
time,2026-01-31,KRW-OPEN,bear_volatile,0.0,-0.0015,timestop,1.0,-0.01673640167364021
time,2026-01-31,KRW-DRIFT,bear_volatile,-0.027472527472527486,-0.028972527472527487,timestop,1.0,-0.027472527472527486
time,2026-01-31,KRW-BREV,bear_volatile,-0.020905923344947785,-0.022405923344947787,timestop,1.0,-0.020905923344947785
time,2026-02-01,KRW-JTO,bear_volatile,0.010845986984815648,0.009345986984815648,timestop,1.0,-0.004338394793926281
time,2026-02-01,KRW-LAYER,bear_volatile,-0.012658227848101222,-0.014158227848101222,timestop,1.0,-0.025316455696202556
time,2026-02-01,KRW-TOSHI,bear_volatile,0.003058103975535076,0.0015581039755350758,timestop,1.0,-0.012232415902140636
time,2026-02-02,KRW-SUPER,bear_volatile,0.01382488479262678,0.01232488479262678,timestop,1.0,-0.004608294930875556
time,2026-02-02,KRW-DRIFT,bear_volatile,0.05,0.0485,tp,0.5,-0.012499999999999956
time,2026-02-02,KRW-MOVE,bear_volatile,0.02127659574468077,0.01977659574468077,timestop,1.0,-0.005319148936170248
time,2026-02-03,KRW-SAHARA,bear_volatile,-0.0072202166064981865,-0.008720216606498186,timestop,1.0,-0.014440433212996373
time,2026-02-03,KRW-AERO,bear_volatile,0.0,-0.0015,timestop,1.0,-0.015000000000000013
time,2026-02-03,KRW-WLD,bear_volatile,-0.006578947368421018,-0.008078947368421017,timestop,1.0,-0.016447368421052655
time,2026-02-04,KRW-COMP,bear_volatile,-0.0023825731790333426,-0.0038825731790333427,timestop,1.0,-0.01497617426820963
time,2026-02-04,KRW-WAVES,bear_volatile,0.006976744186046435,0.005476744186046436,timestop,1.0,-0.013953488372092981
time,2026-02-04,KRW-WAL,bear_volatile,0.0,-0.0015,timestop,1.0,-0.007246376811594235
time,2026-02-05,KRW-KITE,bear_volatile,-0.013513513513513487,-0.015013513513513486,timestop,1.0,-0.018018018018018056
time,2026-02-05,KRW-MON,bear_volatile,-0.017123287671232834,-0.018623287671232835,timestop,1.0,-0.020547945205479423
time,2026-02-05,KRW-F,bear_volatile,-0.023310023310023187,-0.024810023310023188,timestop,1.0,-0.026806526806526842
time,2026-02-06,KRW-XRP,bear_volatile,-0.03,-0.0315,sl,0.25,-0.06075808249721293
time,2026-02-06,KRW-BERA,bear_volatile,-0.03,-0.0315,sl,0.25,-0.06871609403254975
time,2026-02-06,KRW-OPEN,bear_volatile,-0.03,-0.0315,sl,0.25,-0.05882352941176472
time,2026-02-07,KRW-BTT,bear_volatile,-0.03,-0.0315,sl,1.0,-0.04743083003952575
time,2026-02-07,KRW-G,bear_volatile,-0.029720279720279685,-0.031220279720279687,timestop,1.0,-0.029720279720279685
time,2026-02-07,KRW-GAS,bear_volatile,-0.013389441469012997,-0.014889441469012997,timestop,1.0,-0.01568477429227233
time,2026-02-08,KRW-F,bear_volatile,0.05,0.0485,tp,0.25,0.0
time,2026-02-08,KRW-ZIL,bear_volatile,-0.011217948717948789,-0.012717948717948789,timestop,1.0,-0.012820512820512886
time,2026-02-08,KRW-AWE,bear_volatile,-0.027027027027026973,-0.028527027027026974,timestop,1.0,-0.027027027027026973
time,2026-02-09,KRW-BOUNTY,bear_volatile,-0.013793103448275779,-0.015293103448275778,timestop,1.0,-0.013793103448275779
time,2026-02-09,KRW-JST,bear_volatile,-0.006369426751592355,-0.007869426751592355,timestop,1.0,-0.006369426751592355
time,2026-02-09,KRW-AWE,bear_volatile,-0.008928571428571397,-0.010428571428571396,timestop,1.0,-0.017857142857142905
time,2026-02-10,KRW-BAT,bear_volatile,0.010471204188481575,0.008971204188481576,timestop,1.0,0.0
time,2026-02-10,KRW-DRIFT,bear_volatile,0.03200000000000003,0.030500000000000027,timestop,1.0,-0.008000000000000007
time,2026-02-10,KRW-AWE,bear_volatile,-0.008333333333333304,-0.009833333333333303,timestop,1.0,-0.008333333333333304
time,2026-02-11,KRW-DRIFT,bear_volatile,-0.008196721311475419,-0.009696721311475419,timestop,1.0,-0.008196721311475419
time,2026-02-11,KRW-F,bear_volatile,0.009029345372460584,0.007529345372460585,timestop,1.0,-0.004514672686230181
time,2026-02-11,KRW-KAITO,bear_volatile,0.05,0.0485,tp,0.25,-0.015317286652078765
time,2026-02-12,KRW-CYBER,bear_volatile,-0.03,-0.0315,sl,0.25,-0.04519119351100809
time,2026-02-12,KRW-AWE,bear_volatile,0.024793388429751984,0.023293388429751982,timestop,1.0,0.0
time,2026-02-12,KRW-DEEP,bear_volatile,0.014204545454545414,0.012704545454545415,timestop,1.0,0.0
time,2026-02-13,KRW-CKB,bear_volatile,-0.008368200836820106,-0.009868200836820105,timestop,1.0,-0.01673640167364021
time,2026-02-13,KRW-AERO,bear_volatile,-0.03,-0.0315,sl,1.0,-0.034324942791762014
time,2026-02-13,KRW-CYBER,bear_volatile,-0.010727056019070313,-0.012227056019070313,timestop,1.0,-0.02502979737783073
time,2026-02-14,KRW-TRUMP,bear_volatile,0.005994005994006013,0.0044940059940060135,timestop,1.0,-0.002797202797202747
time,2026-02-14,KRW-MOC,bear_volatile,0.05,0.0485,tp,0.5,-0.002293577981651418
time,2026-02-14,KRW-WAL,bear_volatile,0.007936507936507908,0.006436507936507909,timestop,1.0,-0.007936507936507908
time,2026-02-15,KRW-ARKM,bear_volatile,-0.010810810810810811,-0.012310810810810811,timestop,1.0,-0.01621621621621616
time,2026-02-15,KRW-WAVES,bear_volatile,0.05,0.0485,tp,0.5,-0.005284015852047519
time,2026-02-15,KRW-QKC,bear_volatile,0.05,0.0485,tp,0.25,0.0
time,2026-02-16,KRW-FF,bear_volatile,0.0,-0.0015,timestop,1.0,0.0
time,2026-02-16,KRW-AWE,bear_volatile,0.007246376811594235,0.0057463768115942355,timestop,1.0,-0.007246376811594235
time,2026-02-16,KRW-COW,bear_volatile,0.009803921568627416,0.008303921568627417,timestop,1.0,0.0
time,2026-02-17,KRW-BOUNTY,bear_volatile,0.05,0.0485,tp,0.25,0.0
time,2026-02-17,KRW-PUNDIX,bear_volatile,-0.0078125,-0.0093125,timestop,1.0,-0.0078125
time,2026-02-17,KRW-AQT,bear_volatile,-0.020807833537331732,-0.022307833537331734,timestop,1.0,-0.023255813953488413
time,2026-02-18,KRW-CTC,bear_volatile,-0.0234375,-0.0249375,timestop,1.0,-0.02734375
time,2026-02-18,KRW-WET,bear_volatile,-0.03,-0.0315,sl,0.75,-0.03100775193798455
time,2026-02-18,KRW-ENSO,bear_volatile,-0.009947337624341746,-0.011447337624341745,timestop,1.0,-0.022820362785254567
time,2026-02-19,KRW-ORBS,bear_volatile,-0.03,-0.0315,sl,0.25,-0.03200000000000003
time,2026-02-19,KRW-BOUNTY,bear_volatile,-0.006153846153846287,-0.007653846153846287,timestop,1.0,-0.01538461538461533
time,2026-02-19,KRW-ATOM,bear_volatile,-0.017241379310344862,-0.018741379310344863,timestop,1.0,-0.017241379310344862
time,2026-02-20,KRW-LSK,bear_volatile,-0.013513513513513487,-0.015013513513513486,timestop,1.0,-0.018018018018018056
time,2026-02-20,KRW-JTO,bear_volatile,0.011961722488038173,0.010461722488038174,timestop,1.0,-0.0071770334928229484
time,2026-02-20,KRW-META,bear_volatile,-0.03,-0.0315,sl,0.25,-0.03921568627450989
time,2026-02-21,KRW-ELSA,bear_volatile,0.0,-0.0015,timestop,1.0,-0.008695652173912993
time,2026-02-21,KRW-KERNEL,bear_volatile,-0.02857142857142858,-0.030071428571428582,timestop,1.0,-0.02857142857142858
time,2026-02-21,KRW-AKT,bear_volatile,-0.03,-0.0315,sl,1.0,-0.03112033195020747
time,2026-02-22,KRW-SIGN,bear_volatile,-0.03,-0.0315,sl,0.75,-0.030534351145038108
time,2026-02-22,KRW-AAVE,bear_volatile,-0.009513150531617276,-0.011013150531617276,timestop,1.0,-0.012870733072188001
time,2026-02-22,KRW-AERO,bear_volatile,-0.0165631469979296,-0.018063146997929602,timestop,1.0,-0.022774327122153215
time,2026-02-23,KRW-MOCA,bear_volatile,-0.03,-0.0315,sl,0.5,-0.03984063745019917
time,2026-02-23,KRW-CYBER,bear_volatile,-0.03,-0.0315,sl,0.25,-0.03775743707093826
time,2026-02-23,KRW-JTO,bear_volatile,0.01573033707865168,0.01423033707865168,timestop,1.0,-0.0022471910112359383
time,2026-02-24,KRW-JST,bear_volatile,0.004497751124437732,0.002997751124437732,timestop,1.0,-0.0014992503748126884
time,2026-02-24,KRW-IN,bear_volatile,0.006036217303822866,0.0045362173038228665,timestop,1.0,-0.019114688128772706
time,2026-02-24,KRW-ORCA,bear_volatile,0.0035137034434293835,0.0020137034434293834,timestop,1.0,-0.014054813773717534
time,2026-02-25,KRW-BIRB,bear_volatile,-0.004098360655737654,-0.0055983606557376536,timestop,1.0,-0.024590163934426257
time,2026-02-25,KRW-SOMI,bear_volatile,0.05,0.0485,tp,0.75,-0.009375000000000022
time,2026-02-25,KRW-KERNEL,bear_volatile,0.05,0.0485,tp,0.5,0.0
time,2026-02-26,KRW-TAO,bear_volatile,0.008111239860950192,0.006611239860950193,timestop,1.0,-0.004634994206257237
time,2026-02-26,KRW-NEWT,bear_volatile,-0.00303030303030305,-0.004530303030303049,timestop,1.0,-0.00909090909090915
time,2026-02-26,KRW-PENGU,bear_volatile,-0.00952380952380949,-0.01102380952380949,timestop,1.0,-0.01904761904761898
time,2026-02-27,KRW-BIRB,bear_volatile,-0.015873015873015928,-0.01737301587301593,timestop,1.0,-0.019841269841269882
time,2026-02-27,KRW-SENT,bear_volatile,0.00561797752808979,0.004117977528089791,timestop,1.0,-0.022471910112359716
time,2026-02-27,KRW-CTC,bear_volatile,-0.03,-0.0315,sl,0.75,-0.03658536585365857
time,2026-02-28,KRW-CHZ,bear_volatile,-0.002028397565922768,-0.0035283975659227682,timestop,1.0,-0.010141987829614618
time,2026-02-28,KRW-ID,bear_volatile,-0.01075268817204289,-0.01225268817204289,timestop,1.0,-0.02611367127496156
time,2026-02-28,KRW-DOT,bear_volatile,-0.002136752136752129,-0.003636752136752129,timestop,1.0,-0.014957264957264904
time,2026-03-01,KRW-ALT,bear_volatile,-0.02752293577981657,-0.029022935779816572,timestop,1.0,-0.02752293577981657
time,2026-03-01,KRW-GAME2,bear_volatile,-0.014150943396226578,-0.01565094339622658,timestop,1.0,-0.018867924528301883
time,2026-03-01,KRW-MBL,bear_volatile,-0.007462686567164201,-0.0089626865671642,timestop,1.0,-0.014925373134328401
time,2026-03-02,KRW-ELF,bear_volatile,-0.03,-0.0315,sl,0.5,-0.04201680672268904
time,2026-03-02,KRW-AZTEC,bear_volatile,0.05,0.0485,tp,0.75,-0.009554140127388422
time,2026-03-02,KRW-AAVE,bear_volatile,0.013285024154589431,0.011785024154589431,timestop,1.0,0.0
time,2026-03-03,KRW-IMX,bear_volatile,-0.012448132780082943,-0.013948132780082943,timestop,1.0,-0.020746887966805017
time,2026-03-03,KRW-YGG,bear_volatile,-0.00865051903114189,-0.01015051903114189,timestop,1.0,-0.019031141868511958
time,2026-03-03,KRW-JUP,bear_volatile,-0.007751937984496138,-0.009251937984496137,timestop,1.0,-0.011627906976744207
time,2026-03-04,KRW-KAITO,bear_volatile,0.014842300556586308,0.013342300556586308,timestop,1.0,-0.011131725417439675
time,2026-03-04,KRW-LSK,bear_volatile,-0.03,-0.0315,sl,0.75,-0.035532994923857864
time,2026-03-04,KRW-STEEM,bear_volatile,-0.024532710280373737,-0.02603271028037374,timestop,1.0,-0.025700934579439116
time,2026-03-05,KRW-IN,bear_volatile,0.00952380952380949,0.00802380952380949,timestop,1.0,-0.01904761904761909
time,2026-03-05,KRW-MOODENG,bear_volatile,-0.005326231691078487,-0.006826231691078486,timestop,1.0,-0.009320905459387352
time,2026-03-05,KRW-STRAX,bear_volatile,0.05,0.0485,tp,0.5,-0.018018018018017945
time,2026-03-06,KRW-THETA,bear_volatile,0.007042253521126751,0.005542253521126752,timestop,1.0,0.0
time,2026-03-06,KRW-OP,bear_volatile,0.0,-0.0015,timestop,1.0,-0.005434782608695676
time,2026-03-06,KRW-FCT2,bear_volatile,0.0,-0.0015,timestop,1.0,-0.021857923497267895
time,2026-03-07,KRW-WAXP,bear_volatile,-0.005417118093174467,-0.006917118093174466,timestop,1.0,-0.007583965330444253
time,2026-03-07,KRW-ASTR,bear_volatile,-0.017857142857142794,-0.019357142857142795,timestop,1.0,-0.02678571428571419
time,2026-03-07,KRW-BREV,bear_volatile,0.029288702928870203,0.0277887029288702,timestop,1.0,-0.025104602510460206
time,2026-03-08,KRW-BEAM,bear_volatile,0.0034246575342467,0.0019246575342467,timestop,1.0,-0.010273972602739656
time,2026-03-08,KRW-PLUME,bear_volatile,-0.005813953488371992,-0.007313953488371992,timestop,1.0,-0.023255813953488302
time,2026-03-08,KRW-AZTEC,bear_volatile,-0.03,-0.0315,sl,0.5,-0.04307692307692301
time,2026-03-09,KRW-KERNEL,bear_volatile,0.0,-0.0015,timestop,1.0,-0.025000000000000022
time,2026-03-09,KRW-CFG,bear_volatile,0.05,0.0485,tp,0.25,0.0
time,2026-03-09,KRW-KAVA,bear_volatile,-0.03,-0.0315,sl,0.75,-0.03402061855670102
time,2026-03-10,KRW-TAO,bear_volatile,0.009110021023125414,0.007610021023125415,timestop,1.0,-0.005606166783461819
time,2026-03-10,KRW-DEEP,bear_volatile,0.011135857461024523,0.009635857461024524,timestop,1.0,-0.011135857461024523
time,2026-03-10,KRW-EDGE,bear_volatile,0.05,0.0485,tp,0.25,0.0
time,2026-03-11,KRW-RENDER,bear_volatile,0.0013927576601671099,-0.00010724233983289014,timestop,1.0,-0.0069637883008356605
time,2026-03-11,KRW-LA,bear_volatile,-0.014619883040935644,-0.016119883040935645,timestop,1.0,-0.023391812865497075
time,2026-03-11,KRW-TAO,bear_volatile,0.0006828269033800627,-0.0008171730966199373,timestop,1.0,-0.006486855582109929
time,2026-03-12,KRW-ANKR,bear_volatile,-0.007645259938837912,-0.009145259938837911,timestop,1.0,-0.007645259938837912
time,2026-03-12,KRW-ONG,bear_volatile,0.05,0.0485,tp,0.25,-0.0021645021645021467
time,2026-03-12,KRW-CVC,bear_volatile,-0.0022831050228309113,-0.0037831050228309114,timestop,1.0,-0.0091324200913242
time,2026-03-13,KRW-AZTEC,bear_volatile,0.0028985507246377384,0.0013985507246377384,timestop,1.0,-0.008695652173912993
time,2026-03-13,KRW-W,bear_volatile,-0.0037037037037037646,-0.005203703703703764,timestop,1.0,-0.007407407407407418
time,2026-03-13,KRW-RENDER,bear_volatile,0.004448038819247824,0.0029480388192478237,timestop,1.0,-0.011322280630812753
time,2026-03-14,KRW-MET2,bear_volatile,-0.01200000000000001,-0.01350000000000001,timestop,1.0,-0.020000000000000018
time,2026-03-14,KRW-MEW,bear_volatile,0.05,0.0485,tp,1.0,-0.011566771819137789
time,2026-03-14,KRW-AKT,bear_volatile,0.05,0.0485,tp,0.5,-0.0030911901081916993
time,2026-03-15,KRW-BTT,bear_volatile,-0.008032128514056214,-0.009532128514056213,timestop,1.0,-0.010040160642570295
time,2026-03-15,KRW-BIRB,bear_volatile,-0.03,-0.0315,sl,0.25,-0.04214559386973182
time,2026-03-15,KRW-DEEP,bear_volatile,-0.0077071290944122905,-0.00920712909441229,timestop,1.0,-0.021194605009633993
time,2026-03-16,KRW-MLK,bear_volatile,-0.006265664160400974,-0.007765664160400974,timestop,1.0,-0.013784461152882121
time,2026-03-16,KRW-TOKAMAK,bear_volatile,0.0,-0.0015,timestop,1.0,-0.006802721088435382
time,2026-03-16,KRW-IMX,bear_volatile,-0.01200000000000001,-0.01350000000000001,timestop,1.0,-0.020000000000000018
time,2026-03-17,KRW-ZKC,bear_volatile,0.008196721311475308,0.006696721311475308,timestop,1.0,-0.008196721311475419
time,2026-03-17,KRW-ASTR,bear_volatile,-0.008547008547008517,-0.010047008547008516,timestop,1.0,-0.017094017094017033
time,2026-03-17,KRW-0G,bear_volatile,0.003424657534246478,0.001924657534246478,timestop,1.0,-0.003424657534246589
time,2026-03-18,KRW-ERA,bear_volatile,-0.009302325581395321,-0.01080232558139532,timestop,1.0,-0.013953488372092981
time,2026-03-18,KRW-AERGO,bear_volatile,-0.017857142857142905,-0.019357142857142906,timestop,1.0,-0.02261904761904765
time,2026-03-18,KRW-SNT,bear_volatile,-0.0065359477124183885,-0.008035947712418388,timestop,1.0,-0.013071895424836666
time,2026-03-19,KRW-ANIME,bear_volatile,0.05,0.0485,tp,0.5,-0.005340453938584733
time,2026-03-19,KRW-DKA,bear_volatile,-0.03,-0.0315,sl,0.25,-0.057071960297766844
time,2026-03-19,KRW-G,bear_volatile,-0.03,-0.0315,sl,0.75,-0.03049759229534521
time,2026-03-20,KRW-G,bear_volatile,-0.03,-0.0315,sl,0.25,-0.03109656301145669
time,2026-03-20,KRW-TAO,bear_volatile,-0.016876634181126726,-0.018376634181126728,timestop,1.0,-0.02543380080817681
time,2026-03-20,KRW-SIGN,bear_volatile,0.0030211480362538623,0.0015211480362538623,timestop,1.0,-0.024169184290030343
time,2026-03-21,KRW-ANKR,bear_volatile,0.05,0.0485,tp,0.25,-0.005134788189987138
time,2026-03-21,KRW-G,bear_volatile,-0.008116883116883078,-0.009616883116883078,timestop,1.0,-0.01461038961038963
time,2026-03-21,KRW-ETHFI,bear_volatile,-0.00588235294117645,-0.007382352941176449,timestop,1.0,-0.0117647058823529
time,2026-03-22,KRW-G,bear_volatile,-0.021775544388609736,-0.023275544388609737,timestop,1.0,-0.021775544388609736
time,2026-03-22,KRW-SIGN,bear_volatile,0.00828729281767937,0.006787292817679371,timestop,1.0,-0.017955801104972524
time,2026-03-22,KRW-CPOOL,bear_volatile,0.030487804878048808,0.028987804878048806,timestop,1.0,-0.024390243902438935
time,2026-03-23,KRW-CFG,bear_volatile,-0.03,-0.0315,sl,0.75,-0.03535353535353536
time,2026-03-23,KRW-G,bear_volatile,0.008960573476702427,0.007460573476702427,timestop,1.0,-0.012544802867383575
time,2026-03-23,KRW-NXPC,bear_volatile,-0.004555808656036442,-0.0060558086560364415,timestop,1.0,-0.02505694760820043
time,2026-03-24,KRW-ZETA,bear_volatile,0.05,0.0485,tp,0.25,-0.0072289156626504925
time,2026-03-24,KRW-ZRO,bear_volatile,0.007014333638304393,0.0055143336383043935,timestop,1.0,-0.009759072888075648
time,2026-03-24,KRW-SHIB,bear_volatile,-0.007717750826901959,-0.009217750826901959,timestop,1.0,-0.013230429988974723
time,2026-03-25,KRW-CVC,bear_volatile,0.05,0.0485,tp,0.25,-0.004098360655737654
time,2026-03-25,KRW-ICX,bear_volatile,0.008992805755395628,0.007492805755395628,timestop,1.0,-0.01618705035971224
time,2026-03-25,KRW-CELO,bear_volatile,-0.008130081300813052,-0.009630081300813052,timestop,1.0,-0.016260162601625994
time,2026-03-26,KRW-FCT2,bear_volatile,0.0,-0.0015,timestop,1.0,-0.01546391752577303
time,2026-03-26,KRW-AERO,bear_volatile,0.0020000000000000018,0.0005000000000000017,timestop,1.0,0.0
time,2026-03-26,KRW-RENDER,bear_volatile,0.0028776978417266452,0.0013776978417266452,timestop,1.0,-0.003597122302158251
time,2026-03-27,KRW-AWE,bear_volatile,-0.00402684563758382,-0.00552684563758382,timestop,1.0,-0.00402684563758382
time,2026-03-27,KRW-CPOOL,bear_volatile,0.05,0.0485,tp,0.25,-0.013850415512465353
time,2026-03-27,KRW-CFG,bear_volatile,-0.004464285714285698,-0.005964285714285698,timestop,1.0,-0.0267857142857143
time,2026-03-28,KRW-MET2,bear_volatile,-0.03,-0.0315,sl,0.5,-0.03493449781659386
time,2026-03-28,KRW-DKA,bear_volatile,-0.03,-0.0315,sl,0.5,-0.03703703703703709
time,2026-03-28,KRW-ANKR,bear_volatile,0.05,0.0485,tp,0.25,-0.003811944091486663
time,2026-03-29,KRW-ONG,bear_volatile,-0.03,-0.0315,sl,0.25,-0.03575297941495126
time,2026-03-29,KRW-SIGN,bear_volatile,-0.03,-0.0315,sl,1.0,-0.03245436105476662
time,2026-03-29,KRW-CHZ,bear_volatile,-0.009803921568627527,-0.011303921568627527,timestop,1.0,-0.021241830065359513
time,2026-03-30,KRW-SIGN,bear_volatile,0.00591715976331364,0.00441715976331364,timestop,1.0,-0.01183431952662728
time,2026-03-30,KRW-KERNEL,bear_volatile,0.009345794392523255,0.007845794392523255,timestop,1.0,0.0
time,2026-03-30,KRW-SENT,bear_volatile,-0.03,-0.0315,sl,0.5,-0.03546099290780147
time,2026-03-31,KRW-KNC,bear_volatile,-0.013274336283185861,-0.014774336283185861,timestop,1.0,-0.017699115044247815
time,2026-03-31,KRW-BSV,bear_volatile,0.0038722168441431837,0.0023722168441431836,timestop,1.0,-0.005324298160697016
time,2026-03-31,KRW-ONG,bear_volatile,-0.03,-0.0315,sl,0.75,-0.04500000000000004
time,2026-04-01,KRW-WCT,bear_volatile,-0.016166281755196188,-0.01766628175519619,timestop,1.0,-0.023094688221709014
time,2026-04-01,KRW-BLAST,bear_volatile,0.05,0.0485,tp,0.25,-0.0014450867052022698
time,2026-04-01,KRW-TREE,bear_volatile,-0.014317180616740033,-0.015817180616740034,timestop,1.0,-0.017621145374449254
time,2026-04-02,KRW-T,bear_volatile,0.006451612903225712,0.004951612903225712,timestop,1.0,-0.0021505376344087557
time,2026-04-02,KRW-SEI,bear_volatile,-0.0048661800486619056,-0.006366180048661905,timestop,1.0,-0.015815085158150777
time,2026-04-02,KRW-TAIKO,bear_volatile,0.0,-0.0015,timestop,1.0,-0.02010050251256279
time,2026-04-03,KRW-ORBS,bear_volatile,-0.015503875968992276,-0.017003875968992277,timestop,1.0,-0.015503875968992276
time,2026-04-03,KRW-SAFE,bear_volatile,-0.03,-0.0315,sl,1.0,-0.030120481927710885
time,2026-04-03,KRW-ZORA,bear_volatile,-0.014018691588784882,-0.015518691588784881,timestop,1.0,-0.01869158878504662
time,2026-04-04,KRW-ALT,bear_volatile,-0.03,-0.0315,sl,0.25,-0.0326732673267327
time,2026-04-04,KRW-BIO,bear_volatile,-0.0038461538461539435,-0.005346153846153943,timestop,1.0,-0.011538461538461608
time,2026-04-04,KRW-BLUR,bear_volatile,-0.03,-0.0315,sl,0.5,-0.03322259136212624
time,2026-04-05,KRW-BERA,bear_volatile,0.05,0.0485,tp,0.25,-0.021538461538461506
time,2026-04-05,KRW-ALGO,bear_volatile,-0.01098901098901095,-0.01248901098901095,timestop,1.0,-0.016483516483516536
time,2026-04-05,KRW-MON,bear_volatile,-0.01210653753026636,-0.013606537530266359,timestop,1.0,-0.014527845036319431
time,2026-04-06,KRW-FCT2,bear_volatile,0.0,-0.0015,timestop,1.0,-0.01098901098901095
time,2026-04-06,KRW-1INCH,bear_volatile,0.0,-0.0015,timestop,1.0,-0.007407407407407418
time,2026-04-06,KRW-SOMI,bear_volatile,-0.02371541501976282,-0.02521541501976282,timestop,1.0,-0.02371541501976282
time,2026-04-07,KRW-NEWT,bear_volatile,-0.009803921568627416,-0.011303921568627416,timestop,1.0,-0.019607843137254943
time,2026-04-07,KRW-PENDLE,bear_volatile,-0.012393998695368613,-0.013893998695368613,timestop,1.0,-0.012393998695368613
time,2026-04-07,KRW-FLUID,bear_volatile,-0.015333609614587629,-0.01683360961458763,timestop,1.0,-0.02610857853294657
time,2026-04-08,KRW-SKR,bear_volatile,-0.022222222222222254,-0.023722222222222256,timestop,1.0,-0.022222222222222254
time,2026-04-08,KRW-AAVE,bear_volatile,-0.01956673654786867,-0.02106673654786867,timestop,1.0,-0.024458420684835724
time,2026-04-08,KRW-ANIME,bear_volatile,-0.008595988538682042,-0.010095988538682042,timestop,1.0,-0.014326647564469996
time,2026-04-09,KRW-SAFE,bear_volatile,0.0,-0.0015,timestop,1.0,-0.021390374331550777
time,2026-04-09,KRW-OPEN,bear_volatile,-0.011278195488721776,-0.012778195488721776,timestop,1.0,-0.018796992481203034
time,2026-04-09,KRW-DRIFT,bear_volatile,0.019736842105263053,0.01823684210526305,timestop,1.0,-0.018421052631579005
time,2026-04-10,KRW-IN,bear_volatile,-0.02207505518763797,-0.023575055187637972,timestop,1.0,-0.028697571743929284
time,2026-04-10,KRW-PYTH,bear_volatile,-0.023943661971831065,-0.025443661971831066,timestop,1.0,-0.023943661971831065
time,2026-04-10,KRW-OPEN,bear_volatile,-0.025362318840579712,-0.026862318840579713,timestop,1.0,-0.02898550724637683
time,2026-04-11,KRW-WAL,bear_volatile,-0.017699115044247815,-0.019199115044247816,timestop,1.0,-0.026548672566371723
time,2026-04-11,KRW-A,bear_volatile,-0.008264462809917328,-0.009764462809917327,timestop,1.0,-0.016528925619834656
time,2026-04-11,KRW-AUCTION,bear_volatile,-0.009845288326300938,-0.011345288326300938,timestop,1.0,-0.011251758087201136
time,2026-04-12,KRW-BLAST,bear_volatile,0.05,0.0485,tp,0.5,0.0
time,2026-04-12,KRW-BLUR,bear_volatile,0.009009009009009139,0.0075090090090091394,timestop,1.0,-0.024024024024023927
time,2026-04-12,KRW-XPL,bear_volatile,-0.004950495049504955,-0.0064504950495049545,timestop,1.0,-0.014851485148514865
time,2026-04-13,KRW-JST,bear_volatile,-0.03,-0.0315,sl,0.75,-0.05932203389830504
time,2026-04-13,KRW-WET,bear_volatile,-0.03,-0.0315,sl,0.25,-0.032258064516129004
time,2026-04-13,KRW-AHT,bear_volatile,-0.01673640167364021,-0.018236401673640212,timestop,1.0,-0.029288702928870425
time,2026-04-14,KRW-IMX,bear_volatile,0.004566210045662045,0.0030662100456620447,timestop,1.0,-0.0091324200913242
time,2026-04-14,KRW-AXL,bear_volatile,-0.010014306151645225,-0.011514306151645224,timestop,1.0,-0.012875536480686733
time,2026-04-14,KRW-WCT,bear_volatile,0.013729977116704761,0.012229977116704762,timestop,1.0,-0.010297482837528626
time,2026-04-15,KRW-BIO,bear_volatile,-0.00694444444444442,-0.00844444444444442,timestop,1.0,-0.00694444444444442
time,2026-04-15,KRW-JST,bear_volatile,0.008695652173912993,0.007195652173912994,timestop,1.0,-0.008695652173912993
time,2026-04-15,KRW-DKA,bear_volatile,-0.03,-0.0315,sl,0.5,-0.03203883495145632
time,2026-04-16,KRW-INJ,bear_volatile,-0.001461072844917588,-0.002961072844917588,timestop,1.0,-0.009810060530160758
time,2026-04-16,KRW-FLOCK,bear_volatile,0.05,0.0485,tp,0.25,-0.00111358574610243
time,2026-04-16,KRW-ARKM,bear_volatile,-0.0119760479041916,-0.0134760479041916,timestop,1.0,-0.0239520958083832
time,2026-04-17,KRW-HBAR,bear_volatile,0.007518796992481258,0.0060187969924812585,timestop,1.0,0.0
time,2026-04-17,KRW-SONIC,bear_volatile,0.018248175182481674,0.016748175182481673,timestop,1.0,-0.009124087591240837
time,2026-04-17,KRW-ZK,bear_volatile,0.0,-0.0015,timestop,1.0,-0.012345679012345734
time,2026-04-18,KRW-KNC,bear_volatile,-0.013953488372092981,-0.015453488372092981,timestop,1.0,-0.023255813953488413
time,2026-04-18,KRW-WLFI,bear_volatile,0.0,-0.0015,timestop,1.0,-0.01666666666666672
time,2026-04-18,KRW-BERA,bear_volatile,-0.015220700152207,-0.016720700152207002,timestop,1.0,-0.019786910197869156
time,2026-04-19,KRW-TREE,bear_volatile,-0.03,-0.0315,sl,0.5,-0.03669724770642202
time,2026-04-19,KRW-PENDLE,bear_volatile,0.003472222222222321,0.001972222222222321,timestop,1.0,-0.01388888888888884
time,2026-04-19,KRW-TIA,bear_volatile,-0.012027491408934665,-0.013527491408934665,timestop,1.0,-0.02405498281786944
time,2026-04-20,KRW-CPOOL,bear_volatile,-0.03,-0.0315,sl,0.25,-0.031630170316301776
time,2026-04-20,KRW-IN,bear_volatile,0.05,0.0485,tp,0.5,-0.01588983050847459
time,2026-04-20,KRW-ZBT,bear_volatile,0.023255813953488413,0.021755813953488412,timestop,1.0,0.0
time,2026-04-21,KRW-FLUID,bear_volatile,-0.0028146361077603377,-0.004314636107760337,timestop,1.0,-0.015279453156413325
time,2026-04-21,KRW-MOODENG,bear_volatile,-0.0035087719298245723,-0.005008771929824572,timestop,1.0,-0.011695906432748537
time,2026-04-21,KRW-AXL,bear_volatile,0.05,0.0485,tp,0.25,0.0
time,2026-04-22,KRW-OPEN,bear_volatile,0.023738872403560762,0.02223887240356076,timestop,1.0,-0.008902077151335286
time,2026-04-22,KRW-FLOCK,bear_volatile,-0.010537407797681753,-0.012037407797681752,timestop,1.0,-0.026343519494204437
time,2026-04-22,KRW-BIRB,bear_volatile,0.05,0.0485,tp,1.0,-0.004950495049504955
time,2026-04-23,KRW-BCH,bear_volatile,0.0,-0.0015,timestop,1.0,-0.008784773060029227
time,2026-04-23,KRW-AERO,bear_volatile,0.0015873015873015817,8.730158730158163e-05,timestop,1.0,-0.023809523809523836
time,2026-04-23,KRW-AVNT,bear_volatile,-0.01382488479262678,-0.015324884792626779,timestop,1.0,-0.02304147465437789
time,2026-04-24,KRW-RED,bear_volatile,0.05,0.0485,tp,0.25,-0.00497512437810943
time,2026-04-24,KRW-PLUME,bear_volatile,0.029556650246305383,0.02805665024630538,timestop,1.0,-0.009852216748768461
time,2026-04-24,KRW-CHZ,bear_volatile,0.018741633199464314,0.017241633199464312,timestop,1.0,-0.0013386880856761652
time,2026-04-25,KRW-AZTEC,bear_volatile,0.008695652173912993,0.007195652173912994,timestop,1.0,-0.005797101449275477
time,2026-04-25,KRW-FLOCK,bear_volatile,0.0,-0.0015,timestop,1.0,-0.02857142857142858
time,2026-04-25,KRW-BIRB,bear_volatile,0.0042918454935623185,0.0027918454935623184,timestop,1.0,-0.01716738197424894
time,2026-04-26,KRW-AUCTION,bear_quiet,-0.0027303754266211344,-0.004230375426621134,timestop,1.0,-0.029351535836177445
time,2026-04-26,KRW-AWE,bear_quiet,-0.008631319358816114,-0.010131319358816114,timestop,1.0,-0.013563501849568338
time,2026-04-26,KRW-FLOCK,bear_quiet,0.01980198019801982,0.018301980198019818,timestop,1.0,-0.026732673267326756
time,2026-04-27,KRW-SKR,bear_quiet,-0.019607843137254943,-0.021107843137254945,timestop,1.0,-0.02352941176470591
time,2026-04-27,KRW-ZKP,bear_quiet,-0.03,-0.0315,sl,0.25,-0.03816793893129766
time,2026-04-27,KRW-ELSA,bear_quiet,-0.03,-0.0315,sl,0.75,-0.03669724770642202
time,2026-04-28,KRW-MANTRA,bear_quiet,-0.018633540372670843,-0.020133540372670844,timestop,1.0,-0.018633540372670843
time,2026-04-28,KRW-OPEN,bear_quiet,-0.007751937984496138,-0.009251937984496137,timestop,1.0,-0.028423772609819098
time,2026-04-28,KRW-CHZ,bear_quiet,0.004016064257028162,0.0025160642570281624,timestop,1.0,-0.0053547523427042165
time,2026-04-29,KRW-WET,bear_quiet,-0.020979020979020935,-0.022479020979020936,timestop,1.0,-0.020979020979020935
time,2026-04-29,KRW-VANA,bear_quiet,-0.006660746003552376,-0.008160746003552375,timestop,1.0,-0.015541740674955618
time,2026-04-29,KRW-HYPER,bear_quiet,0.04469273743016755,0.04319273743016755,timestop,1.0,0.0
time,2026-04-30,KRW-RAY,bear_quiet,-0.0033755274261603185,-0.004875527426160318,timestop,1.0,-0.026160337552742607
time,2026-04-30,KRW-HYPER,bear_quiet,-0.005681818181818232,-0.007181818181818232,timestop,1.0,-0.017045454545454586
time,2026-04-30,KRW-OPEN,bear_quiet,0.016949152542372836,0.015449152542372837,timestop,1.0,-0.014527845036319653
time,2026-05-01,KRW-AWE,bear_quiet,-0.015367727771679385,-0.016867727771679386,timestop,1.0,-0.01756311745334793
time,2026-05-01,KRW-SOMI,bear_quiet,-0.017857142857142905,-0.019357142857142906,timestop,1.0,-0.021428571428571463
time,2026-05-01,KRW-ZKP,bear_quiet,0.0,-0.0015,timestop,1.0,-0.008333333333333304
time,2026-05-02,KRW-FLUID,bear_quiet,-0.023510336441021518,-0.02501033644102152,timestop,1.0,-0.02594244021078229
time,2026-05-02,KRW-HYPER,bear_quiet,-0.011049723756906049,-0.012549723756906049,timestop,1.0,-0.02209944751381221
time,2026-05-02,KRW-ZKP,bear_quiet,0.008000000000000007,0.0065000000000000075,timestop,1.0,-0.016000000000000014
time,2026-05-03,KRW-ARKM,bear_quiet,-0.016483516483516536,-0.017983516483516537,timestop,1.0,-0.027472527472527486
time,2026-05-03,KRW-AKT,bear_quiet,0.01189060642092743,0.01039060642092743,timestop,1.0,-0.013079667063020217
time,2026-05-03,KRW-INJ,bear_quiet,-0.007085916740478315,-0.008585916740478315,timestop,1.0,-0.009743135518157642
time,2026-05-04,KRW-BAT,bear_quiet,-0.03,-0.0315,sl,0.5,-0.03144654088050314
time,2026-05-04,KRW-ELSA,bear_quiet,-0.03,-0.0315,sl,0.25,-0.03389830508474578
time,2026-05-04,KRW-IN,bear_quiet,-0.01904761904761909,-0.020547619047619092,timestop,1.0,-0.02857142857142858
time,2026-05-05,KRW-WLFI,bear_quiet,-0.0031813361611876534,-0.004681336161187653,timestop,1.0,-0.018027571580063628
time,2026-05-05,KRW-ELSA,bear_quiet,-0.008849557522123908,-0.010349557522123907,timestop,1.0,-0.017699115044247815
time,2026-05-05,KRW-HOLO,bear_quiet,-0.004145077720207335,-0.005645077720207335,timestop,1.0,-0.005181347150259086
time,2026-05-06,KRW-ADA,bear_quiet,-0.012886597938144284,-0.014386597938144284,timestop,1.0,-0.015463917525773141
time,2026-05-06,KRW-ETC,bear_quiet,0.0015015015015014122,1.501501501412119e-06,timestop,1.0,-0.0037537537537537524
time,2026-05-06,KRW-LINK,bear_quiet,0.0,-0.0015,timestop,1.0,-0.0034602076124568004
time,2026-05-07,KRW-ETC,bear_quiet,-0.01089324618736387,-0.01239324618736387,timestop,1.0,-0.01815541031227308
time,2026-05-07,KRW-APT,bear_quiet,-0.010652463382157085,-0.012152463382157084,timestop,1.0,-0.01464713715046606
time,2026-05-07,KRW-ZORA,bear_quiet,-0.015544041450777257,-0.01704404145077726,timestop,1.0,-0.020725388601036343
time,2026-05-08,KRW-0G,bear_quiet,0.0012224938875304847,-0.0002775061124695153,timestop,1.0,-0.003667481662591676
time,2026-05-08,KRW-MANTRA,bear_quiet,0.0,-0.0015,timestop,1.0,-0.006578947368421018
time,2026-05-08,KRW-JST,bear_quiet,0.0,-0.0015,timestop,1.0,0.0
time,2026-05-09,KRW-ADA,bear_quiet,0.007444168734491274,0.005944168734491275,timestop,1.0,-0.002481389578163795
time,2026-05-09,KRW-ANKR,bear_quiet,0.002621231979030192,0.0011212319790301919,timestop,1.0,-0.006553079947575369
time,2026-05-09,KRW-AVAX,bear_quiet,0.00958247775496246,0.00808247775496246,timestop,1.0,-0.002737850787132068
time,2026-05-10,KRW-EDGE,bear_quiet,-0.005988023952095856,-0.007488023952095855,timestop,1.0,-0.0119760479041916
time,2026-05-10,KRW-LAYER,bear_quiet,0.05,0.0485,tp,0.25,-0.027210884353741527
time,2026-05-10,KRW-AERO,bear_quiet,-0.010752688172043001,-0.012252688172043,timestop,1.0,-0.018817204301075252
time,2026-05-11,KRW-AUCTION,bear_quiet,-0.003878474466709747,-0.005378474466709747,timestop,1.0,-0.007756948933419494
time,2026-05-11,KRW-GAS,bear_quiet,-0.006928406466512715,-0.008428406466512715,timestop,1.0,-0.009622786759045376
time,2026-05-11,KRW-ERA,bear_quiet,-0.009090909090909038,-0.010590909090909038,timestop,1.0,-0.013636363636363669
time,2026-05-12,KRW-META,bear_quiet,-0.006666666666666599,-0.008166666666666598,timestop,1.0,-0.020000000000000018
time,2026-05-12,KRW-AXS,bear_quiet,0.0038131553860820677,0.0023131553860820677,timestop,1.0,-0.0038131553860819567
time,2026-05-12,KRW-TT,bear_quiet,-0.02142857142857124,-0.022928571428571243,timestop,1.0,-0.02142857142857124
time,2026-05-13,KRW-FF,bear_quiet,0.008547008547008517,0.007047008547008517,timestop,1.0,-0.017094017094017144
time,2026-05-13,KRW-JTO,bear_quiet,0.004213483146067398,0.0027134831460673982,timestop,1.0,-0.005617977528089901
time,2026-05-13,KRW-ATOM,bear_quiet,0.012483994878361049,0.01098399487836105,timestop,1.0,-0.003841229193341844
time,2026-05-14,KRW-TIA,bear_quiet,0.0014858841010401136,-1.411589895988644e-05,timestop,1.0,-0.004457652303120341
time,2026-05-14,KRW-AKT,bear_quiet,0.014878621769772948,0.013378621769772949,timestop,1.0,-0.017227877838684402
time,2026-05-14,KRW-FF,bear_quiet,0.023809523809523725,0.022309523809523724,timestop,1.0,-0.007936507936507908
time,2026-05-15,KRW-IMX,bear_quiet,-0.0033333333333332993,-0.004833333333333299,timestop,1.0,-0.01666666666666672
time,2026-05-15,KRW-CPOOL,bear_quiet,-0.03,-0.0315,sl,0.5,-0.04485981308411213
time,2026-05-15,KRW-SONIC,bear_quiet,-0.03,-0.0315,sl,0.75,-0.030441400304414
time,2026-05-16,KRW-ORCA,bear_quiet,0.011044638748274327,0.009544638748274327,timestop,1.0,-0.0055223193741371635
time,2026-05-16,KRW-LAYER,bear_quiet,0.013986013986013957,0.012486013986013957,timestop,1.0,-0.006993006993006978
time,2026-05-16,KRW-FLOCK,bear_quiet,-0.02323232323232316,-0.02473232323232316,timestop,1.0,-0.024242424242424288
time,2026-05-17,KRW-DKA,bear_quiet,-0.03,-0.0315,sl,0.75,-0.034028540065861534
time,2026-05-17,KRW-KITE,bear_quiet,0.00940438871473348,0.00790438871473348,timestop,1.0,0.0
time,2026-05-17,KRW-ATOM,bear_quiet,-0.0006565988181220783,-0.0021565988181220784,timestop,1.0,-0.0022980958634274407
time,2026-05-18,KRW-KAITO,bear_quiet,-0.02188782489740082,-0.023387824897400822,timestop,1.0,-0.028727770177838563
time,2026-05-18,KRW-FF,bear_quiet,0.0234375,0.0219375,timestop,1.0,-0.0078125
time,2026-05-18,KRW-META,bear_quiet,-0.03,-0.0315,sl,0.25,-0.030487804878048697
time,2026-05-19,KRW-AKT,bear_quiet,0.009393680614859123,0.007893680614859124,timestop,1.0,-0.011955593509820672
time,2026-05-19,KRW-BIO,bear_quiet,-0.03,-0.0315,sl,0.25,-0.031088082901554404
time,2026-05-19,KRW-CFG,bear_quiet,0.025287356321838983,0.02378735632183898,timestop,1.0,-0.01839080459770115
time,2026-05-20,KRW-STORJ,bear_quiet,-0.017341040462427793,-0.018841040462427794,timestop,1.0,-0.023121387283236983
time,2026-05-20,KRW-COMP,bear_quiet,-0.002941176470588225,-0.0044411764705882244,timestop,1.0,-0.011470588235294121
time,2026-05-20,KRW-OPEN,bear_quiet,0.01869158878504673,0.01719158878504673,timestop,1.0,-0.009345794392523366
time,2026-05-21,KRW-KAITO,bear_quiet,0.02269503546099294,0.02119503546099294,timestop,1.0,0.0
time,2026-05-21,KRW-ORCA,bear_quiet,-0.008426966292134797,-0.009926966292134796,timestop,1.0,-0.0098314606741573
time,2026-05-21,KRW-OPEN,bear_quiet,0.018867924528301883,0.01736792452830188,timestop,1.0,0.0
time,2026-05-22,KRW-SOMI,bear_quiet,-0.015873015873015928,-0.01737301587301593,timestop,1.0,-0.015873015873015928
time,2026-05-22,KRW-ALT,bear_quiet,0.0,-0.0015,timestop,1.0,-0.009259259259259411
time,2026-05-22,KRW-AXS,bear_quiet,-0.007278835386338223,-0.008778835386338222,timestop,1.0,-0.008398656215005573
time,2026-05-23,KRW-2Z,bear_quiet,0.006250000000000089,0.004750000000000089,timestop,1.0,-0.006249999999999978
time,2026-05-23,KRW-MOCA,bear_quiet,0.0,-0.0015,timestop,1.0,-0.010582010582010581
time,2026-05-23,KRW-SAFE,bear_quiet,-0.013761467889908285,-0.015261467889908285,timestop,1.0,-0.02752293577981646
time,2026-05-24,KRW-ZORA,bear_quiet,-0.011695906432748648,-0.013195906432748648,timestop,1.0,-0.01754385964912286
time,2026-05-24,KRW-ENSO,bear_quiet,-0.002481389578163795,-0.003981389578163795,timestop,1.0,-0.005789909015715522
time,2026-05-24,KRW-ONG,bear_quiet,0.0,-0.0015,timestop,1.0,-0.019607843137254943
time,2026-05-25,KRW-RED,bear_quiet,-0.010204081632653073,-0.011704081632653072,timestop,1.0,-0.010204081632653073
time,2026-05-25,KRW-ALT,bear_quiet,0.0,-0.0015,timestop,1.0,-0.00877192982456132
time,2026-05-25,KRW-PROVE,bear_quiet,0.0025316455696202667,0.0010316455696202666,timestop,1.0,-0.0075949367088608
time,2026-05-26,KRW-LA,bear_quiet,-0.022727272727272707,-0.02422727272727271,timestop,1.0,-0.02840909090909094
time,2026-05-26,KRW-RENDER,bear_quiet,-0.0009239297813365965,-0.0024239297813365966,timestop,1.0,-0.02063443178318447
time,2026-05-26,KRW-INJ,bear_quiet,-0.001184132622853773,-0.002684132622853773,timestop,1.0,-0.01716992303137954
time,2026-05-27,KRW-JTO,bear_quiet,0.02610966057441244,0.02460966057441244,timestop,1.0,-0.0013054830287205776
time,2026-05-27,KRW-FF,bear_quiet,0.014285714285714235,0.012785714285714235,timestop,1.0,-0.014285714285714235
time,2026-05-27,KRW-ARKM,bear_quiet,0.004405286343612369,0.002905286343612369,timestop,1.0,-0.013215859030836996
time,2026-05-28,KRW-ALT,bear_quiet,-0.008928571428571397,-0.010428571428571396,timestop,1.0,-0.008928571428571397
time,2026-05-28,KRW-ICP,bear_quiet,-0.011252094804883872,-0.012752094804883872,timestop,1.0,-0.014843188891549008
time,2026-05-28,KRW-GRT,bear_quiet,-0.007462686567164312,-0.008962686567164311,timestop,1.0,-0.01243781094527363
time,2026-05-29,KRW-BAT,bear_quiet,0.042944785276073594,0.04144478527607359,timestop,1.0,0.0
time,2026-05-29,KRW-MON,bear_quiet,0.0,-0.0015,timestop,1.0,-0.01680672268907568
time,2026-05-29,KRW-XPL,bear_quiet,0.0,-0.0015,timestop,1.0,-0.007092198581560294
time,2026-05-30,KRW-NEWT,bear_quiet,0.009345794392523255,0.007845794392523255,timestop,1.0,-0.009345794392523366
time,2026-05-30,KRW-BARD,bear_quiet,0.0034482758620688614,0.0019482758620688614,timestop,1.0,-0.0034482758620689724
time,2026-05-30,KRW-IOTA,bear_quiet,0.05,0.0485,tp,0.75,-0.0010319917440660964
time,2026-05-31,KRW-RENDER,bear_quiet,-0.002557544757033292,-0.004057544757033292,timestop,1.0,-0.0031969309462915874
time,2026-05-31,KRW-VET,bear_quiet,-0.0011049723756907381,-0.002604972375690738,timestop,1.0,-0.007734806629834279
time,2026-05-31,KRW-ZK,bear_quiet,-0.009345794392523366,-0.010845794392523365,timestop,1.0,-0.014018691588784882
time,2026-06-01,KRW-INJ,bear_quiet,-0.008303061754021845,-0.009803061754021845,timestop,1.0,-0.011935651271406278
time,2026-06-01,KRW-MANTRA,bear_quiet,0.02325581395348819,0.02175581395348819,timestop,1.0,-0.015503875968992276
time,2026-06-01,KRW-LAYER,bear_quiet,0.0,-0.0015,timestop,1.0,0.0
vol,2024-04-03,KRW-BTC,bull_volatile,0.004674502618346121,0.0031745026183461213,eod,24.0,-0.014273369910361988
vol,2024-04-04,KRW-BTC,bull_volatile,0.029626328988000328,0.028126328988000326,eod,24.0,-0.00936768149882905
vol,2024-04-05,KRW-BTC,bull_volatile,-0.010568656041027746,-0.012068656041027746,eod,24.0,-0.026597616773090693
vol,2024-04-06,KRW-BTC,bull_volatile,0.006484728363063574,0.004984728363063575,eod,24.0,-0.006505056665142006
vol,2024-04-07,KRW-BTC,bull_volatile,0.0037272727272728012,0.002227272727272801,eod,24.0,-0.0002424242424242662
vol,2024-04-08,KRW-BTC,bull_volatile,0.027493483883303638,0.025993483883303636,eod,24.0,-0.0027070816854350976
vol,2024-04-09,KRW-BTC,bull_volatile,-0.02645761881430675,-0.02795761881430675,eod,24.0,-0.03576678098971098
vol,2024-04-10,KRW-BTC,bull_volatile,0.011980806566809887,0.010480806566809888,eod,24.0,-0.01805671518675367
vol,2024-04-11,KRW-BTC,bull_volatile,-0.0005964155425890461,-0.002096415542589046,eod,24.0,-0.0056659476545958265
vol,2024-04-12,KRW-BTC,bull_volatile,-0.007618706610172832,-0.009118706610172831,eod,24.0,-0.01548606552485532
vol,2024-04-13,KRW-BTC,bull_volatile,-0.025048923679060642,-0.026548923679060643,eod,24.0,-0.04661548497164936
vol,2024-04-14,KRW-BTC,bull_volatile,0.018662519440124425,0.017162519440124424,eod,24.0,-0.01924958544900246
vol,2024-04-15,KRW-BTC,bull_volatile,-0.024299764482315966,-0.025799764482315968,eod,24.0,-0.03263890994733698
vol,2024-04-16,KRW-BTC,bull_volatile,-0.009665388998238877,-0.011165388998238877,eod,24.0,-0.03138920542836421
vol,2024-04-17,KRW-BTC,bull_volatile,-0.05,-0.051500000000000004,sl,15.75,-0.055744427126374285
vol,2024-04-18,KRW-BTC,bull_volatile,0.020964796202933123,0.01946479620293312,eod,24.0,-0.015737267467929472
vol,2024-04-19,KRW-BTC,bull_volatile,-0.05,-0.051500000000000004,sl,2.5,-0.05170678430700704
vol,2024-04-20,KRW-BTC,bull_volatile,0.015151515151515138,0.013651515151515138,eod,24.0,-0.008298533033515354
vol,2024-04-21,KRW-BTC,bull_quiet,0.0002952340784478924,-0.0012047659215521076,eod,24.0,-0.0055672711935892405
vol,2024-04-22,KRW-BTC,bull_quiet,0.02403304148096641,0.02253304148096641,eod,24.0,-0.0030449579079347977
vol,2024-04-23,KRW-BTC,bull_quiet,-0.012279023848455917,-0.013779023848455916,eod,24.0,-0.020495891566141178
vol,2024-04-24,KRW-BTC,bull_quiet,-0.026407552747447216,-0.027907552747447217,eod,24.0,-0.03473472744116335
vol,2024-04-25,KRW-BTC,bull_quiet,-0.00828699743370398,-0.00978699743370398,eod,24.0,-0.02466852010265186
vol,2024-04-26,KRW-BTC,bull_quiet,-0.008732118023738411,-0.01023211802373841,eod,24.0,-0.013971388837981435
vol,2024-04-27,KRW-BTC,bull_quiet,-0.004958947311184847,-0.006458947311184847,eod,24.0,-0.018084932847588497
vol,2024-04-28,KRW-BTC,bull_quiet,-0.010590279675187664,-0.012090279675187663,eod,24.0,-0.014710543284626065
vol,2024-04-29,KRW-BTC,bull_quiet,0.009576618470612974,0.008076618470612975,eod,24.0,-0.022455900058542144
vol,2024-04-30,KRW-BTC,bull_quiet,-0.05,-0.051500000000000004,sl,17.75,-0.05109409190371994
vol,2024-05-01,KRW-BTC,bull_quiet,-0.05,-0.051500000000000004,sl,7.25,-0.052850192766660586
vol,2024-05-02,KRW-BTC,bull_volatile,-0.005041976550617333,-0.006541976550617333,eod,24.0,-0.03470700247907166
vol,2024-05-03,KRW-BTC,bull_quiet,0.07455232502166176,0.07305232502166176,eod,24.0,-0.0034779050736497563
vol,2024-05-04,KRW-BTC,bull_volatile,0.011333729043240703,0.009833729043240704,eod,24.0,-0.015466284395963759
vol,2024-05-05,KRW-BTC,bull_volatile,-0.0026798666710962094,-0.004179866671096209,eod,24.0,-0.021837591220668195
vol,2024-05-06,KRW-BTC,bull_volatile,-0.014384017758046652,-0.015884017758046654,eod,24.0,-0.017758046614872347
vol,2024-05-07,KRW-BTC,bull_volatile,-0.01334760081099351,-0.01484760081099351,eod,24.0,-0.01441766163550351
vol,2024-05-08,KRW-BTC,bull_volatile,-0.019670072492722235,-0.021170072492722236,eod,24.0,-0.028380615331925374
vol,2024-05-09,KRW-BTC,bull_volatile,0.026131917272219196,0.024631917272219195,eod,24.0,-0.009921743991056498
vol,2024-05-10,KRW-BTC,bull_volatile,-0.02580689091651911,-0.02730689091651911,eod,24.0,-0.034000635525897716
vol,2024-05-11,KRW-BTC,bull_volatile,-0.0005941147689941806,-0.0020941147689941806,eod,24.0,-0.007374012721045653
vol,2024-05-12,KRW-BTC,bull_volatile,0.00850905106596267,0.00700905106596267,eod,24.0,-0.002016528540289775
vol,2024-05-13,KRW-BTC,bull_volatile,0.01626194796638969,0.01476194796638969,eod,24.0,-0.012840813212977142
vol,2024-05-14,KRW-BTC,bull_volatile,-0.016307685309436604,-0.017807685309436605,eod,24.0,-0.0242568289853754
vol,2024-05-15,KRW-BTC,bull_volatile,0.06457167953400211,0.06307167953400211,eod,24.0,-0.003744625768572929
vol,2024-05-16,KRW-BTC,bull_volatile,-0.014232827783869473,-0.015732827783869474,eod,24.0,-0.02020388444376897
vol,2024-05-17,KRW-BTC,bull_volatile,0.01989233699182069,0.01839233699182069,eod,24.0,-0.0015301797686015917
vol,2024-05-18,KRW-BTC,bull_volatile,0.004685205976336482,0.0031852059763364817,eod,24.0,-0.003184644615251697
vol,2024-05-19,KRW-BTC,bull_volatile,-0.009466400189113156,-0.010966400189113155,eod,24.0,-0.013141211613263759
vol,2024-05-20,KRW-BTC,bull_volatile,0.05505234040245166,0.05355234040245166,eod,24.0,-0.0027553289580733997
vol,2024-05-21,KRW-BTC,bull_volatile,-0.005757762697923052,-0.007257762697923052,eod,24.0,-0.017365823565700156
vol,2024-05-22,KRW-BTC,bull_volatile,-0.013399919352337197,-0.014899919352337197,eod,24.0,-0.021475025073151577
vol,2024-05-23,KRW-BTC,bull_volatile,-0.005460014043030315,-0.006960014043030314,eod,24.0,-0.025371773508976014
vol,2024-05-24,KRW-BTC,bull_volatile,0.003340463871355226,0.001840463871355226,eod,24.0,-0.016828772247805546
vol,2024-05-25,KRW-BTC,bull_volatile,0.010775726258743568,0.009275726258743568,eod,24.0,-0.00023105845778981227
vol,2024-05-26,KRW-BTC,bull_volatile,-0.006546134663341641,-0.00804613466334164,eod,24.0,-0.00872817955112215
vol,2024-05-27,KRW-BTC,bull_volatile,0.00434991739339563,0.0028499173933956303,eod,24.0,-0.00610661480226693
vol,2024-05-28,KRW-BTC,bull_volatile,-0.015096304008328953,-0.016596304008328955,eod,24.0,-0.024945340968245744
vol,2024-05-29,KRW-BTC,bull_volatile,-0.007860206647368306,-0.009360206647368306,eod,24.0,-0.01282565977137784
vol,2024-05-30,KRW-BTC,bull_volatile,0.010999893515067694,0.009499893515067694,eod,24.0,-0.0030880630390799357
vol,2024-05-31,KRW-BTC,bull_volatile,-0.005210526315789443,-0.006710526315789443,eod,24.0,-0.013684210526315743
vol,2024-06-01,KRW-BTC,bull_volatile,0.0022856175399983414,0.0007856175399983414,eod,24.0,-0.0015131634639803382
vol,2024-06-02,KRW-BTC,bull_volatile,0.002511555264768539,0.001011555264768539,eod,24.0,-0.0027648213418880463
vol,2024-06-03,KRW-BTC,bull_quiet,0.010463157894736952,0.008963157894736952,eod,24.0,-0.0018421052631578672
vol,2024-06-04,KRW-BTC,bull_quiet,0.015688480530033022,0.014188480530033023,eod,24.0,-0.004937808613038275
vol,2024-06-05,KRW-BTC,bull_quiet,0.009180428761924375,0.007680428761924376,eod,24.0,-0.0021540670838035014
vol,2024-06-06,KRW-BTC,bull_quiet,-0.0005183717030035062,-0.0020183717030035062,eod,24.0,-0.0038217207907709216
vol,2024-06-07,KRW-BTC,bull_quiet,-0.0040886484067492734,-0.005588648406749273,eod,24.0,-0.011208185433427276
vol,2024-06-08,KRW-BTC,bull_quiet,0.002103779654612392,0.0006037796546123921,eod,24.0,-0.0017259163185898707
vol,2024-06-09,KRW-BTC,bull_quiet,-0.001569234845165468,-0.003069234845165468,eod,24.0,-0.004351060252504202
vol,2024-06-10,KRW-BTC,bull_quiet,-0.007215537389138937,-0.008715537389138937,eod,24.0,-0.01023646959166391
vol,2024-06-11,KRW-BTC,bull_quiet,-0.03438228780553712,-0.03588228780553712,sl,10.25,-0.03550612156786148
vol,2024-06-12,KRW-BTC,bull_quiet,0.006346442320804835,0.004846442320804835,eod,24.0,-0.008675219502984444
vol,2024-06-13,KRW-BTC,bull_quiet,-0.013759459628494564,-0.015259459628494563,eod,24.0,-0.01904434298580271
vol,2024-06-14,KRW-BTC,bull_quiet,-0.00672204959096967,-0.00822204959096967,eod,24.0,-0.01704821696577674
vol,2024-06-15,KRW-BTC,bull_quiet,-0.0007342065780653328,-0.002234206578065333,eod,24.0,-0.004607412294235891
vol,2024-06-16,KRW-BTC,bull_quiet,0.0032583348418215863,0.0017583348418215862,eod,24.0,-0.0032157422295102656
vol,2024-06-17,KRW-BTC,bull_quiet,-0.006697162992602368,-0.008197162992602368,eod,24.0,-0.02823209755994016
vol,2024-06-18,KRW-BTC,bull_quiet,-0.020728931818910334,-0.022228931818910336,eod,24.0,-0.03153148340082701
vol,2024-06-19,KRW-BTC,bull_quiet,-0.0010256522166089965,-0.0025256522166089966,eod,24.0,-0.0052264618271885555
vol,2024-06-20,KRW-BTC,bull_quiet,0.002523238921233517,0.001023238921233517,eod,24.0,-0.0005352324984434498
vol,2024-06-21,KRW-BTC,bull_quiet,-0.01602763159328391,-0.01752763159328391,eod,24.0,-0.024820492705302954
vol,2024-06-22,KRW-BTC,bull_quiet,0.0062674403153653024,0.004767440315365303,eod,24.0,-0.001849227089515848
vol,2024-06-23,KRW-BTC,bull_quiet,-0.020115764685168513,-0.021615764685168515,eod,24.0,-0.020258819904483083
vol,2024-06-24,KRW-BTC,bull_quiet,-0.04806023211117207,-0.049560232111172074,sl,18.5,-0.04995510662177327
vol,2024-06-25,KRW-BTC,bull_quiet,0.02286683431779646,0.021366834317796457,eod,24.0,-0.005415521375519039
vol,2024-06-26,KRW-BTC,bull_quiet,-0.01641837119696332,-0.017918371196963323,eod,24.0,-0.017527411591187092
vol,2024-06-27,KRW-BTC,bull_quiet,0.009199461041676349,0.007699461041676349,eod,24.0,-0.008084374854806509
vol,2024-06-28,KRW-BTC,bull_quiet,-0.01976402877697847,-0.021264028776978472,eod,24.0,-0.02457553956834535
vol,2024-06-29,KRW-BTC,bull_quiet,0.007139753631527634,0.005639753631527635,eod,24.0,-0.0006458658712730214
vol,2024-06-30,KRW-BTC,bull_quiet,0.025126799976680436,0.023626799976680435,eod,20.0,-0.004605608348393853
vol,2024-07-01,KRW-BTC,bull_quiet,0.0037875341219291148,0.0022875341219291147,eod,24.0,-0.0035373066424021493
vol,2024-07-02,KRW-BTC,bull_quiet,-0.011454922444170013,-0.012954922444170012,eod,24.0,-0.014412127941626385
vol,2024-07-03,KRW-BTC,bull_quiet,-0.02221840265841646,-0.02371840265841646,eod,24.0,-0.03164890569496959
vol,2024-07-04,KRW-BTC,bull_quiet,-0.04278632618860667,-0.04428632618860667,eod,24.0,-0.04832944650830295
vol,2024-07-05,KRW-BTC,bear_quiet,-0.05,-0.051500000000000004,sl,5.0,-0.05319539666993145
vol,2024-07-06,KRW-BTC,bear_quiet,0.021055745950343985,0.019555745950343983,eod,24.0,-0.014546709731502294
vol,2024-07-07,KRW-BTC,bull_quiet,-0.04167773083886539,-0.04317773083886539,eod,24.0,-0.04308992154496072
vol,2024-07-08,KRW-BTC,bear_quiet,0.014320440318903671,0.012820440318903671,eod,24.0,-0.019106515359522347
vol,2024-07-09,KRW-BTC,bear_quiet,0.019180362488975033,0.017680362488975032,eod,24.0,-0.006198834768133765
vol,2024-07-10,KRW-BTC,bear_quiet,-0.0017917433540948213,-0.0032917433540948214,eod,24.0,-0.011542727594066493
vol,2024-07-11,KRW-BTC,bear_quiet,-0.010448453482410969,-0.011948453482410968,eod,24.0,-0.011302883089617466
vol,2024-07-12,KRW-BTC,bear_quiet,0.005797458986061432,0.004297458986061433,eod,24.0,-0.012149993832490491
vol,2024-07-13,KRW-BTC,bear_quiet,0.016591455339186822,0.015091455339186823,eod,24.0,-0.0030411536763623737
vol,2024-07-14,KRW-BTC,bear_quiet,0.030506266510657243,0.02900626651065724,eod,24.0,-0.0004945658074088088
vol,2024-07-15,KRW-BTC,bull_quiet,0.06709586796207412,0.06559586796207412,eod,24.0,-0.0018845838698349215
vol,2024-07-16,KRW-BTC,bull_volatile,-0.003894166428994539,-0.005394166428994538,eod,24.0,-0.04236414295430113
vol,2024-07-17,KRW-BTC,bull_volatile,-0.014951830443159952,-0.016451830443159954,eod,24.0,-0.01590971648775119
vol,2024-07-18,KRW-BTC,bull_volatile,0.0043145846373959795,0.0028145846373959795,eod,24.0,-0.0046387373692211575
vol,2024-07-19,KRW-BTC,bull_volatile,0.035102949360044544,0.03360294936004454,eod,24.0,-0.013077351140790228
vol,2024-07-20,KRW-BTC,bull_volatile,0.011408111479076277,0.009908111479076278,eod,24.0,-0.0028815964904734814
vol,2024-07-21,KRW-BTC,bull_volatile,0.009854049514738561,0.008354049514738561,eod,24.0,-0.01764587075994173
vol,2024-07-22,KRW-BTC,bull_volatile,-0.006768421052631535,-0.008268421052631534,eod,24.0,-0.020526315789473726
vol,2024-07-23,KRW-BTC,bull_volatile,-0.021785244580204477,-0.02328524458020448,eod,24.0,-0.02422468287302193
vol,2024-07-24,KRW-BTC,bull_volatile,-0.007839607911172775,-0.009339607911172774,eod,24.0,-0.012719031922276192
vol,2024-07-25,KRW-BTC,bull_quiet,0.010535403984655911,0.009035403984655912,eod,24.0,-0.02512540846548128
vol,2024-07-26,KRW-BTC,bull_quiet,0.024352527710191918,0.022852527710191917,eod,24.0,-0.0020437956204379937
vol,2024-07-27,KRW-BTC,bull_quiet,-0.0036665645241390488,-0.005166564524139048,eod,24.0,-0.015733471401853327
vol,2024-07-28,KRW-BTC,bull_quiet,0.010833041837589263,0.009333041837589264,eod,24.0,-0.007854485324514271
vol,2024-07-29,KRW-BTC,bull_quiet,-0.01829850151526269,-0.01979850151526269,eod,24.0,-0.02265029413923636
vol,2024-07-30,KRW-BTC,bull_quiet,-0.008728166230436374,-0.010228166230436373,eod,24.0,-0.01901607820095086
vol,2024-07-31,KRW-BTC,bull_quiet,-0.02634982217911408,-0.02784982217911408,eod,24.0,-0.02634982217911408
vol,2024-08-01,KRW-BTC,bull_volatile,0.015971930135257884,0.014471930135257884,eod,24.0,-0.02595577003962546
vol,2024-08-02,KRW-BTC,bull_volatile,-0.05,-0.051500000000000004,sl,21.75,-0.05373192866247589
vol,2024-08-03,KRW-BTC,bull_volatile,-0.008466853537276053,-0.009966853537276053,eod,24.0,-0.019506061759582916
vol,2024-08-04,KRW-BTC,bear_volatile,-0.047502152314028434,-0.049002152314028435,eod,24.0,-0.04967773460222913
vol,2024-08-05,KRW-BTC,bear_volatile,-0.05,-0.051500000000000004,sl,2.25,-0.05109257246155541
vol,2024-08-06,KRW-BTC,bear_volatile,0.03134240094618579,0.029842400946185788,eod,24.0,-5.14231352685135e-05
vol,2024-08-07,KRW-BTC,bear_volatile,-0.022178978619364798,-0.0236789786193648,eod,24.0,-0.02973829304193798
vol,2024-08-13,KRW-BTC,bear_volatile,0.016741379931976885,0.015241379931976886,eod,24.0,-0.013905080101433764
vol,2024-08-14,KRW-BTC,bear_volatile,-0.025181174412143736,-0.026681174412143738,eod,24.0,-0.028006667691252818
vol,2024-08-15,KRW-BTC,bear_volatile,-0.01741872877244055,-0.01891872877244055,eod,24.0,-0.03566229985443958
vol,2024-08-16,KRW-BTC,bear_volatile,0.014374907457677333,0.012874907457677333,eod,24.0,-0.009229554316173894
vol,2024-08-17,KRW-BTC,bear_volatile,0.008079333211656659,0.006579333211656659,eod,24.0,-0.0017399768814260197
vol,2024-08-18,KRW-BTC,bear_volatile,-0.015950060974873503,-0.017450060974873505,eod,24.0,-0.015950060974873503
vol,2024-08-19,KRW-BTC,bear_volatile,0.002208588957055113,0.0007085889570551131,eod,24.0,-0.01717791411042946
vol,2024-08-20,KRW-BTC,bear_volatile,-0.011349445383089685,-0.012849445383089684,eod,24.0,-0.014410245108842035
vol,2024-08-21,KRW-BTC,bear_volatile,0.02661267352726293,0.02511267352726293,eod,24.0,-0.0022786095528228856
vol,2024-08-22,KRW-BTC,bear_volatile,-0.010820265379975824,-0.012320265379975824,eod,24.0,-0.019541616405307605
vol,2024-08-23,KRW-BTC,bear_volatile,0.04374969516656102,0.04224969516656102,eod,24.0,-0.00012193337560362227
vol,2024-08-24,KRW-BTC,bear_volatile,0.0019509345794392896,0.0004509345794392896,eod,24.0,-0.0051985981308411144
vol,2024-08-25,KRW-BTC,bear_volatile,0.005209365203305172,0.003709365203305172,eod,24.0,-0.00462666216042984
vol,2024-08-26,KRW-BTC,bear_volatile,-0.021243042671614143,-0.022743042671614144,eod,24.0,-0.021243042671614143
vol,2024-08-27,KRW-BTC,bear_volatile,-0.05,-0.051500000000000004,sl,22.5,-0.05078902473699176
vol,2024-08-28,KRW-BTC,bear_volatile,-0.0046697221638850595,-0.006169722163885059,eod,24.0,-0.01725820598663319
vol,2024-08-29,KRW-BTC,bear_volatile,0.0021335185690540825,0.0006335185690540825,eod,24.0,-0.005792750998536267
vol,2024-08-30,KRW-BTC,bear_volatile,-0.0037897083410737276,-0.005289708341073727,eod,24.0,-0.018824695027555904
vol,2024-08-31,KRW-BTC,bear_volatile,-0.002200425166896669,-0.003700425166896669,eod,24.0,-0.005345665659692411
vol,2024-09-01,KRW-BTC,bear_volatile,-0.02489414694894143,-0.026394146948941433,eod,24.0,-0.02490660024906599
vol,2024-09-02,KRW-BTC,bear_volatile,0.024290257078272814,0.022790257078272813,eod,24.0,-0.0008684213887080183
vol,2024-09-03,KRW-BTC,bear_volatile,-0.02461151195683331,-0.02611151195683331,eod,24.0,-0.024885665507744847
vol,2024-09-04,KRW-BTC,bear_volatile,0.005992078701929193,0.004492078701929194,eod,24.0,-0.025833652740513635
vol,2024-09-05,KRW-BTC,bear_volatile,-0.03059474974282117,-0.03209474974282117,eod,24.0,-0.03478581135142689
vol,2024-09-06,KRW-BTC,bear_volatile,-0.05,-0.051500000000000004,sl,21.0,-0.053386610769029175
vol,2024-09-07,KRW-BTC,bear_volatile,-5.431535495081796e-05,-0.001554315354950818,eod,24.0,-0.007685622725544516
vol,2024-09-08,KRW-BTC,bear_quiet,0.010822922324823514,0.009322922324823514,eod,24.0,-0.008799565453557867
vol,2024-09-09,KRW-BTC,bear_quiet,0.038098308682276816,0.036598308682276814,eod,24.0,-0.004648101129784088
vol,2024-09-10,KRW-BTC,bear_quiet,0.010533807829181452,0.009033807829181452,eod,24.0,-0.010909090909090868
vol,2024-09-11,KRW-BTC,bear_quiet,-0.01011640265843694,-0.01161640265843694,eod,24.0,-0.034715908363319725
vol,2024-09-12,KRW-BTC,bear_quiet,0.011737180232933797,0.010237180232933797,eod,24.0,-0.0007885110068380774
vol,2024-09-13,KRW-BTC,bear_quiet,0.033998134638234756,0.032498134638234755,eod,24.0,-0.007269800304079532
vol,2024-09-14,KRW-BTC,bear_quiet,-0.0050166810824169294,-0.006516681082416929,eod,24.0,-0.010997158037810428
vol,2024-09-15,KRW-BTC,bear_quiet,-0.01035716059808256,-0.01185716059808256,eod,24.0,-0.017808355272962095
vol,2024-09-16,KRW-BTC,bear_quiet,-0.015334228457416721,-0.016834228457416722,eod,24.0,-0.02448206196433722
vol,2024-09-17,KRW-BTC,bear_quiet,0.03374624050568387,0.032246240505683865,eod,24.0,-0.008844369679359754
vol,2024-09-18,KRW-BTC,bear_quiet,0.018344099807682923,0.016844099807682922,eod,24.0,-0.013659450663247696
vol,2024-09-19,KRW-BTC,bear_quiet,0.015604760117671201,0.014104760117671202,eod,24.0,-0.0038376330157500194
vol,2024-09-20,KRW-BTC,bear_quiet,0.005888593532083375,0.004388593532083375,eod,24.0,-0.006126998128523908
vol,2024-09-21,KRW-BTC,bear_quiet,0.00048587409935541004,-0.00101412590064459,eod,24.0,-0.004550625711035261
vol,2024-09-22,KRW-BTC,bear_quiet,0.004737708607232216,0.003237708607232216,eod,24.0,-0.01217591112058658
vol,2024-09-23,KRW-BTC,bear_quiet,-0.0024399443645536367,-0.003939944364553636,eod,24.0,-0.011857893868313707
vol,2024-09-24,KRW-BTC,bear_quiet,0.007302375044310638,0.005802375044310639,eod,24.0,-0.007337823466855742
vol,2024-09-25,KRW-BTC,bear_quiet,-0.010393205705705677,-0.011893205705705677,eod,24.0,-0.01205893393393398
vol,2024-09-26,KRW-BTC,bear_quiet,0.01941632488561207,0.017916324885612067,eod,24.0,-0.006661767146345476
vol,2024-09-27,KRW-BTC,bear_quiet,0.01175129147856846,0.01025129147856846,eod,24.0,-0.000826080886117242
vol,2024-09-28,KRW-BTC,bear_quiet,-0.0025989558177510474,-0.004098955817751047,eod,24.0,-0.010982313300673896
vol,2024-09-29,KRW-BTC,bear_quiet,-0.00891261486665662,-0.01041261486665662,eod,24.0,-0.010734339509517965
vol,2024-09-30,KRW-BTC,bear_quiet,-0.025919635170664757,-0.027419635170664758,eod,24.0,-0.03370250587496215
vol,2024-10-01,KRW-BTC,bear_quiet,-0.02663322584497796,-0.02813322584497796,eod,24.0,-0.03446793264063064
vol,2024-10-02,KRW-BTC,bear_quiet,0.0025398773006135578,0.0010398773006135577,eod,24.0,-0.006871165644171784
vol,2024-10-03,KRW-BTC,bear_quiet,0.008775257933836711,0.007275257933836711,eod,24.0,-0.00495673565300403
vol,2024-10-04,KRW-BTC,bear_quiet,0.017038628171988313,0.015538628171988313,eod,24.0,-0.004405286343612369
vol,2024-10-05,KRW-BTC,bear_quiet,0.0018137559066393472,0.00031375590663934713,eod,24.0,-0.003496253162140195
vol,2024-10-06,KRW-BTC,bear_quiet,0.006381180280248033,0.004881180280248034,eod,24.0,-0.0047263592747359695
vol,2024-10-07,KRW-BTC,bear_quiet,-0.005850585058505886,-0.007350585058505886,eod,24.0,-0.006537495854848641
vol,2024-10-08,KRW-BTC,bear_quiet,0.0023468585451860147,0.0008468585451860146,eod,24.0,-0.0011198208286674616
vol,2024-10-09,KRW-BTC,bear_quiet,-0.020846456458954776,-0.022346456458954778,eod,24.0,-0.02319970524964643
vol,2024-10-10,KRW-BTC,bear_quiet,-0.003058883507519705,-0.004558883507519705,eod,24.0,-0.02121796972676404
vol,2024-10-11,KRW-BTC,bear_quiet,0.028247555734131957,0.026747555734131956,eod,24.0,-0.004651106159671792
vol,2024-10-12,KRW-BTC,bear_quiet,0.005991711071640093,0.004491711071640094,eod,24.0,-0.001420959147424461
vol,2024-10-13,KRW-BTC,bear_quiet,-0.002247138134287119,-0.003747138134287119,eod,18.75,-0.013023989081967557
vol,2024-10-14,KRW-BTC,bear_quiet,0.0455049420867637,0.0440049420867637,eod,24.0,-0.005685169021726333
vol,2024-10-15,KRW-BTC,bull_quiet,0.022111913357400814,0.020611913357400813,eod,24.0,-0.012748194945848335
vol,2024-10-16,KRW-BTC,bull_quiet,0.012063898893037939,0.010563898893037939,eod,24.0,-0.0035793985726595423
vol,2024-10-17,KRW-BTC,bull_quiet,0.0012553214714550176,-0.00024467852854498243,eod,24.0,-0.0050212858858202924
vol,2024-10-18,KRW-BTC,bull_quiet,0.017132021186163637,0.015632021186163636,eod,24.0,-0.0027027616120665066
vol,2024-10-19,KRW-BTC,bull_quiet,-0.0003856123738725792,-0.0018856123738725792,eod,24.0,-0.006309046894749204
vol,2024-10-20,KRW-BTC,bull_quiet,0.0062043248108698545,0.004704324810869855,eod,24.0,-0.003921904802726028
vol,2024-10-21,KRW-BTC,bull_quiet,-0.018530154098465368,-0.02003015409846537,eod,24.0,-0.02600611282094978
vol,2024-10-22,KRW-BTC,bull_quiet,0.007769012923036778,0.006269012923036778,eod,24.0,-0.01162096765443088
vol,2024-10-23,KRW-BTC,bull_quiet,-0.0054049980081182225,-0.006904998008118222,eod,24.0,-0.02171689438720026
vol,2024-10-24,KRW-BTC,bull_quiet,0.018424898511502086,0.016924898511502084,eod,24.0,-0.003193504736129893
vol,2024-10-25,KRW-BTC,bull_quiet,-0.0033483210561561227,-0.004848321056156122,eod,24.0,-0.01748567662659306
vol,2024-10-26,KRW-BTC,bull_quiet,0.0024636846483649943,0.0009636846483649943,eod,24.0,-0.004959365201254284
vol,2024-10-27,KRW-BTC,bull_quiet,0.008787888459778959,0.007287888459778959,eod,24.0,-0.0009894353834860592
vol,2024-10-28,KRW-BTC,bull_quiet,0.027176664135661888,0.025676664135661886,eod,24.0,-0.0032059394246182205
vol,2024-10-29,KRW-BTC,bull_quiet,0.04008172400694043,0.03858172400694043,eod,24.0,-0.002063633843594981
vol,2024-10-30,KRW-BTC,bull_quiet,-0.0071964461994077356,-0.008696446199407735,eod,24.0,-0.021372161895360287
vol,2024-10-31,KRW-BTC,bull_quiet,-0.024450388282904578,-0.02595038828290458,eod,24.0,-0.03252428632508375
vol,2024-11-01,KRW-BTC,bull_quiet,-0.008429142204827156,-0.009929142204827155,eod,24.0,-0.026418786692759322
vol,2024-11-02,KRW-BTC,bull_quiet,-0.0012945515817159858,-0.002794551581715986,eod,24.0,-0.005198754764669022
vol,2024-11-03,KRW-BTC,bull_quiet,-0.013600123450439816,-0.015100123450439816,eod,24.0,-0.033948870942852705
vol,2024-11-04,KRW-BTC,bull_quiet,-0.017689895506683206,-0.019189895506683208,eod,24.0,-0.030254096908956418
vol,2024-11-05,KRW-BTC,bull_quiet,0.019949304796954115,0.018449304796954114,eod,24.0,-0.0035104837255671706
vol,2024-11-06,KRW-BTC,bull_quiet,0.08200964697076807,0.08050964697076807,eod,24.0,-0.0009563807226912191
vol,2024-11-07,KRW-BTC,bull_quiet,0.0002882259691598943,-0.0012117740308401057,eod,24.0,-0.017245520488062605
vol,2024-11-08,KRW-BTC,bull_quiet,0.02559106136671252,0.02409106136671252,eod,24.0,-0.0006527352486633831
vol,2024-11-09,KRW-BTC,bull_quiet,-0.0051570031353830315,-0.006657003135383031,eod,24.0,-0.00909729046749963
vol,2024-11-10,KRW-BTC,bull_quiet,0.04841289254332315,0.04691289254332315,eod,24.0,-0.0022955199729053355
vol,2024-11-11,KRW-BTC,bull_quiet,0.1,0.0985,tp,21.5,-0.0014985642498205332
vol,2024-11-12,KRW-BTC,bull_volatile,0.003944535492785839,0.002444535492785839,eod,24.0,-0.04508499630450846
vol,2024-11-13,KRW-BTC,bull_volatile,0.025289913646149298,0.023789913646149297,eod,24.0,-0.017446839160951133
vol,2024-11-14,KRW-BTC,bull_volatile,-0.05,-0.051500000000000004,sl,23.75,-0.05024549023893343
vol,2024-11-15,KRW-BTC,bull_volatile,0.03798677383583038,0.03648677383583038,eod,24.0,-0.0014003221550391576
vol,2024-11-16,KRW-BTC,bull_volatile,-0.008249562937062915,-0.009749562937062915,eod,24.0,-0.01590596903096908
vol,2024-11-17,KRW-BTC,bull_volatile,-0.005175804294816344,-0.006675804294816344,eod,24.0,-0.014772280342956079
vol,2024-11-18,KRW-BTC,bull_volatile,0.005321462176501646,0.0038214621765016456,eod,24.0,-0.0026567775502297497
vol,2024-11-19,KRW-BTC,bull_volatile,0.02027654119016531,0.018776541190165308,eod,24.0,-0.0007236003838227978
vol,2024-11-20,KRW-BTC,bull_volatile,0.026744069508368495,0.025244069508368494,eod,24.0,-0.009737030783819378
vol,2024-11-21,KRW-BTC,bull_volatile,0.029058417179756768,0.027558417179756767,eod,24.0,-0.0013440456525003475
vol,2024-11-22,KRW-BTC,bull_volatile,-0.05,-0.051500000000000004,sl,13.75,-0.05508938343670189
vol,2024-11-23,KRW-BTC,bull_volatile,-0.006421730141219606,-0.007921730141219606,eod,24.0,-0.01960855938456596
vol,2024-11-24,KRW-BTC,bull_volatile,0.0007058823529411118,-0.0007941176470588882,eod,24.0,-0.033080882352941154
vol,2024-11-25,KRW-BTC,bull_volatile,-0.04642568510763356,-0.047925685107633564,eod,24.0,-0.047182425978987586
vol,2024-11-26,KRW-BTC,bull_volatile,-0.007766332026103551,-0.00926633202610355,eod,24.0,-0.018298649367059383
vol,2024-11-27,KRW-BTC,bull_volatile,0.03260093167701861,0.031100931677018606,eod,24.0,-0.006987577639751552
vol,2024-11-28,KRW-BTC,bull_volatile,0.0010451206400048374,-0.00045487935999516263,eod,24.0,-0.011736930352859831
vol,2024-11-29,KRW-BTC,bull_volatile,0.01049990987201821,0.00899990987201821,eod,24.0,-0.002208135552484558
vol,2024-11-30,KRW-BTC,bull_volatile,-0.006250836170117902,-0.007750836170117901,eod,24.0,-0.007001531120393589
vol,2024-12-01,KRW-BTC,bull_volatile,0.0005982560835164907,-0.0009017439164835093,eod,24.0,-0.003178235443681676
vol,2024-12-02,KRW-BTC,bull_volatile,-0.001995485867176905,-0.003495485867176905,eod,24.0,-0.011524491412684412
vol,2024-12-03,KRW-BTC,bull_volatile,-0.05,-0.051500000000000004,sl,14.0,-0.3389453502392846
vol,2024-12-04,KRW-BTC,bull_volatile,0.037690696978761595,0.036190696978761594,eod,24.0,-0.0016527071492671297
vol,2024-12-05,KRW-BTC,bull_volatile,-0.009108925161243842,-0.010608925161243841,eod,24.0,-0.03433863005801174
vol,2024-12-06,KRW-BTC,bull_volatile,0.013374448185831334,0.011874448185831334,eod,24.0,-0.010916284245205521
vol,2024-12-07,KRW-BTC,bull_volatile,-0.003170686216840468,-0.004670686216840468,eod,24.0,-0.012223640980760675
vol,2024-12-08,KRW-BTC,bull_volatile,0.014643448226235867,0.013143448226235867,eod,24.0,-0.00251852917895945
vol,2024-12-09,KRW-BTC,bull_volatile,-0.015539927404718656,-0.017039927404718658,eod,24.0,-0.03655285843920142
vol,2024-12-10,KRW-BTC,bull_volatile,-0.005247095743302621,-0.006747095743302621,eod,24.0,-0.024788748614450018
vol,2024-12-11,KRW-BTC,bull_volatile,0.03549799211316529,0.03399799211316529,eod,24.0,-0.012336746137983412
vol,2024-12-12,KRW-BTC,bull_quiet,-0.0024736044049723516,-0.003973604404972351,eod,24.0,-0.007763204785096844
vol,2024-12-13,KRW-BTC,bull_quiet,0.011360134472615302,0.009860134472615302,eod,24.0,-0.00545594621095391
vol,2024-12-14,KRW-BTC,bull_quiet,0.01035089176913706,0.008850891769137061,eod,24.0,-0.0031779661016949623
vol,2024-12-15,KRW-BTC,bull_quiet,0.022723690612429515,0.021223690612429513,eod,24.0,-0.0016652161697287005
vol,2024-12-16,KRW-BTC,bull_quiet,0.0278740041408978,0.0263740041408978,eod,24.0,-0.001521009360572978
vol,2024-12-17,KRW-BTC,bull_quiet,0.011864174755382928,0.010364174755382928,eod,24.0,-0.003376726661147411
vol,2024-12-18,KRW-BTC,bull_quiet,-0.05,-0.051500000000000004,sl,24.0,-0.051751684683872146
vol,2024-12-24,KRW-BTC,bull_quiet,0.027501557021994305,0.026001557021994304,eod,24.0,-0.013302916004786502
vol,2024-12-25,KRW-BTC,bull_quiet,0.008506320148196522,0.007006320148196523,eod,24.0,-0.009786694998365486
vol,2024-12-26,KRW-BTC,bull_quiet,-0.02793220704917143,-0.029432207049171433,eod,24.0,-0.03401117288281963
vol,2024-12-27,KRW-BTC,bull_quiet,-0.013227696922564203,-0.014727696922564202,eod,24.0,-0.017706365959337833
vol,2024-12-28,KRW-BTC,bull_quiet,0.0013722054508222836,-0.0001277945491777164,eod,24.0,-0.004362909638511825
vol,2024-12-29,KRW-BTC,bull_quiet,-0.01806670133374555,-0.01956670133374555,eod,24.0,-0.026042471856422056
vol,2024-12-30,KRW-BTC,bull_quiet,-0.013866739135098838,-0.015366739135098837,eod,24.0,-0.02760475144996455
vol,2024-12-31,KRW-BTC,bull_quiet,0.010096833859210008,0.008596833859210009,eod,20.0,-0.013295615275813244
vol,2025-01-01,KRW-BTC,bull_quiet,0.013816950514369264,0.012316950514369264,eod,24.0,-0.0028265205102084856
vol,2025-01-02,KRW-BTC,bull_quiet,0.01787407480788561,0.016374074807885608,eod,22.0,-0.002844567724770375
vol,2025-01-03,KRW-BTC,bull_quiet,0.005610088426672544,0.004110088426672544,eod,24.0,-0.008543740615093665
vol,2025-01-04,KRW-BTC,bull_quiet,0.0006360047838620542,-0.0008639952161379459,eod,24.0,-0.004009595376521791
vol,2025-01-05,KRW-BTC,bull_quiet,-0.00046281265758074674,-0.0019628126575807468,eod,24.0,-0.008662195113527282
vol,2025-01-06,KRW-BTC,bull_quiet,0.03822954308337545,0.03672954308337545,eod,24.0,-0.001727342449095226
vol,2025-01-07,KRW-BTC,bull_quiet,-0.03637815713287407,-0.03787815713287407,eod,24.0,-0.0449569065921267
vol,2025-01-08,KRW-BTC,bull_quiet,-0.016720883492530536,-0.018220883492530537,eod,24.0,-0.02672854982077366
vol,2025-01-09,KRW-BTC,bull_quiet,-0.01850746268656711,-0.020007462686567112,eod,24.0,-0.02503950834064972
vol,2025-01-10,KRW-BTC,bull_quiet,0.0193848928070528,0.0178848928070528,eod,24.0,-0.0004364999856885099
vol,2025-01-11,KRW-BTC,bull_quiet,-0.005911060625184095,-0.007411060625184094,eod,24.0,-0.010090173475254871
vol,2025-01-12,KRW-BTC,bull_quiet,0.002243101405112524,0.0007431014051125242,eod,24.0,-0.0054031939506800075
vol,2025-01-13,KRW-BTC,bull_quiet,0.0002393119078789585,-0.0012606880921210415,eod,24.0,-0.032194490195250336
vol,2025-01-14,KRW-BTC,bull_quiet,0.009802403805556414,0.008302403805556415,eod,24.0,-0.0029836462408872055
vol,2025-01-15,KRW-BTC,bull_quiet,0.026214593231437933,0.02471459323143793,eod,24.0,-0.0038245579814136788
vol,2025-01-16,KRW-BTC,bull_quiet,-0.004337820499765832,-0.005837820499765832,eod,24.0,-0.021770563916664987
vol,2025-01-17,KRW-BTC,bull_quiet,0.038126064735945375,0.036626064735945374,eod,24.0,-0.0006064735945485733
vol,2025-01-18,KRW-BTC,bull_quiet,0.022088248028655055,0.020588248028655054,eod,24.0,-0.005910754818478803
vol,2025-01-19,KRW-BTC,bull_quiet,-0.011045466221423106,-0.012545466221423105,eod,24.0,-0.030933727202671513
vol,2025-01-20,KRW-BTC,bull_quiet,-0.005032467532467555,-0.0065324675324675546,eod,24.0,-0.016116883116883085
vol,2025-01-21,KRW-BTC,bull_quiet,0.028363517702724828,0.026863517702724826,eod,24.0,-0.014273127753303916
vol,2025-01-22,KRW-BTC,bull_quiet,-0.0163228005153232,-0.0178228005153232,eod,24.0,-0.019578475734748135
vol,2025-01-23,KRW-BTC,bull_quiet,0.0007290369615287062,-0.0007709630384712938,eod,24.0,-0.019348511925883383
vol,2025-01-24,KRW-BTC,bull_quiet,0.013113105369023659,0.01161310536902366,eod,24.0,-0.007169013358089615
vol,2025-01-25,KRW-BTC,bull_quiet,0.00019087612139712107,-0.001309123878602879,eod,24.0,-0.001787873003753937
vol,2025-01-26,KRW-BTC,bull_quiet,-0.006997455470737934,-0.008497455470737934,eod,24.0,-0.007633587786259555
vol,2025-01-27,KRW-BTC,bull_quiet,-0.007565663036515069,-0.009065663036515069,eod,24.0,-0.03100576553491352
vol,2025-01-28,KRW-BTC,bull_quiet,0.006454986154054598,0.004954986154054599,eod,24.0,-0.007339319257160248
vol,2025-01-29,KRW-BTC,bull_quiet,0.018855944432686123,0.01735594443268612,eod,24.0,-0.0009876923274264593
vol,2025-01-30,KRW-BTC,bull_quiet,-0.0045323211149509435,-0.006032321114950943,eod,24.0,-0.006288595546994458
vol,2025-01-31,KRW-BTC,bull_quiet,-0.010127574566006214,-0.011627574566006214,eod,24.0,-0.016322969743712945
vol,2025-02-01,KRW-BTC,bull_quiet,0.0047898837654873905,0.0032898837654873904,eod,24.0,-0.004419466087622892
vol,2025-02-02,KRW-BTC,bull_quiet,-0.02159480047522533,-0.02309480047522533,eod,24.0,-0.031270846701694444
vol,2025-02-03,KRW-BTC,bull_quiet,-0.05,-0.051500000000000004,sl,2.0,-0.058441558441558406
vol,2025-02-04,KRW-BTC,bull_quiet,-0.02588217448188246,-0.02738217448188246,eod,24.0,-0.032973700676918405
vol,2025-02-05,KRW-BTC,bull_quiet,-0.017451667315427577,-0.01895166731542758,eod,24.0,-0.020371091215777848
vol,2025-02-06,KRW-BTC,bull_quiet,-0.000620666886761323,-0.002120666886761323,eod,24.0,-0.009501485638824692
vol,2025-02-07,KRW-BTC,bull_quiet,-0.011614770182149736,-0.013114770182149736,eod,24.0,-0.017369300801405974
vol,2025-02-08,KRW-BTC,bull_quiet,-0.005340837689335687,-0.006840837689335686,eod,24.0,-0.0107485194048208
vol,2025-02-09,KRW-BTC,bull_quiet,-0.00869197235227337,-0.010191972352273369,eod,24.0,-0.017975052561579385
vol,2025-02-10,KRW-BTC,bull_quiet,0.000826547065758021,-0.0006734529342419791,eod,24.0,-0.010853511470034327
vol,2025-02-11,KRW-BTC,bull_quiet,-0.012123508240197034,-0.013623508240197034,eod,24.0,-0.018266446567261063
vol,2025-02-12,KRW-BTC,bull_quiet,0.012408069353712081,0.010908069353712082,eod,24.0,-0.017838311626059644
vol,2025-02-13,KRW-BTC,bull_quiet,-0.013317911881281841,-0.01481791188128184,eod,24.0,-0.022090553684238956
vol,2025-02-14,KRW-BTC,bull_quiet,0.0051371037434329025,0.0036371037434329025,eod,24.0,-0.0036487839672980638
vol,2025-02-15,KRW-BTC,bull_quiet,0.006482384971784549,0.00498238497178455,eod,24.0,-0.0023950706579961567
vol,2025-02-16,KRW-BTC,bull_quiet,-0.012731944435028453,-0.014231944435028452,eod,24.0,-0.013687857196124864
vol,2025-02-17,KRW-BTC,bull_quiet,-0.008480686695279016,-0.009980686695279016,eod,24.0,-0.01020429184549354
vol,2025-02-18,KRW-BTC,bull_quiet,-0.004584805041900397,-0.006084805041900397,eod,24.0,-0.02275780871251476
vol,2025-02-19,KRW-BTC,bull_quiet,0.003839732888146985,0.002339732888146985,eod,24.0,-0.01050361713967729
vol,2025-02-20,KRW-BTC,bull_quiet,0.009735715176628634,0.008235715176628635,eod,24.0,-0.004330834153304597
vol,2025-02-21,KRW-BTC,bull_quiet,-0.0196268159951688,-0.0211268159951688,eod,24.0,-0.03009216368490042
vol,2025-02-22,KRW-BTC,bull_quiet,-0.004136019763316123,-0.005636019763316123,eod,24.0,-0.006319502277960076
vol,2025-02-23,KRW-BTC,bull_quiet,-0.007024247703070974,-0.008524247703070973,eod,24.0,-0.01647186086370145
vol,2025-02-24,KRW-BTC,bull_quiet,-0.04144013226240668,-0.04294013226240668,sl,22.25,-0.04506581972257395
vol,2025-02-25,KRW-BTC,bull_quiet,-0.05,-0.051500000000000004,sl,10.5,-0.053967533204677065
vol,2025-02-26,KRW-BTC,bull_quiet,-0.05,-0.051500000000000004,sl,18.75,-0.05365609220213541
vol,2025-02-27,KRW-BTC,bull_quiet,0.012673589900223936,0.011173589900223936,eod,24.0,-0.010384850335980467
vol,2025-02-28,KRW-BTC,bull_quiet,-0.05,-0.051500000000000004,sl,3.0,-0.050593228513552635
vol,2025-03-01,KRW-BTC,bull_quiet,0.030691009566341965,0.029191009566341963,eod,24.0,-0.009293247335319998
vol,2025-03-02,KRW-BTC,bull_volatile,0.1,0.0985,tp,17.75,-0.014463840399002503
vol,2025-03-03,KRW-BTC,bull_volatile,-0.05,-0.051500000000000004,sl,15.0,-0.05044912280701752
vol,2025-03-04,KRW-BTC,bull_volatile,-0.05,-0.051500000000000004,sl,15.5,-0.051010683268003953
vol,2025-03-05,KRW-BTC,bull_volatile,0.03545348551791849,0.03395348551791849,eod,24.0,-0.010646784486990635
vol,2025-03-06,KRW-BTC,bull_volatile,-0.008296910882287567,-0.009796910882287567,eod,24.0,-0.027927994666271605
vol,2025-03-07,KRW-BTC,bull_volatile,-0.032392535373306,-0.033892535373306,eod,24.0,-0.047722213091485055
vol,2025-03-08,KRW-BTC,bull_volatile,-0.007651209833078543,-0.009151209833078542,eod,24.0,-0.01646052408085108
vol,2025-03-09,KRW-BTC,bull_volatile,-0.05,-0.051500000000000004,sl,22.25,-0.05318131265603243
vol,2025-03-10,KRW-BTC,bull_volatile,-0.02942853129982903,-0.030928531299829032,eod,24.0,-0.03869827080527766
vol,2025-03-11,KRW-BTC,bear_volatile,0.04882760968551847,0.04732760968551847,eod,24.0,-0.023252053278862927
vol,2025-03-12,KRW-BTC,bull_volatile,0.005185341469748028,0.003685341469748028,eod,24.0,-0.024985393404310607
vol,2025-03-13,KRW-BTC,bull_volatile,-0.029506502732681628,-0.03100650273268163,eod,24.0,-0.03932316684292525
vol,2025-03-14,KRW-BTC,bear_volatile,0.03046183536301328,0.028961835363013277,eod,24.0,-0.003984494576429132
vol,2025-03-15,KRW-BTC,bull_volatile,0.0011707238302853806,-0.0003292761697146194,eod,24.0,-0.005288442129909976
vol,2025-03-16,KRW-BTC,bull_volatile,-0.018256150564860185,-0.019756150564860187,eod,24.0,-0.02413456653737911
vol,2025-03-17,KRW-BTC,bull_volatile,0.008881038448899092,0.007381038448899093,eod,24.0,-0.0037791652974038525
vol,2025-03-18,KRW-BTC,bull_volatile,-0.012451038672323556,-0.013951038672323555,eod,24.0,-0.026473725783991986
vol,2025-03-19,KRW-BTC,bear_volatile,0.048832376805857836,0.047332376805857834,eod,24.0,-0.0027458935285968877
vol,2025-03-20,KRW-BTC,bull_volatile,-0.022776231583250817,-0.024276231583250818,eod,24.0,-0.02581882793213519
vol,2025-03-21,KRW-BTC,bull_volatile,0.0013753830562459601,-0.0001246169437540399,eod,24.0,-0.008855536520039564
vol,2025-03-22,KRW-BTC,bull_volatile,-0.0028112449799196915,-0.004311244979919691,eod,24.0,-0.004016064257028162
vol,2025-03-23,KRW-BTC,bull_volatile,0.02244865082561409,0.02094865082561409,eod,24.0,-0.0009987917841320915
vol,2025-03-24,KRW-BTC,bull_volatile,0.015585602622289363,0.014085602622289363,eod,24.0,-0.005641704488149268
vol,2025-03-25,KRW-BTC,bull_volatile,-0.0005198231049732271,-0.002019823104973227,eod,24.0,-0.010768872682132002
vol,2025-03-26,KRW-BTC,bull_volatile,-0.002064864697023827,-0.003564864697023827,eod,24.0,-0.012591017062303034
vol,2025-03-27,KRW-BTC,bull_volatile,0.001127913127353164,-0.0003720868726468361,eod,24.0,-0.012103674663181851
vol,2025-03-28,KRW-BTC,bull_volatile,-0.022540617400020224,-0.024040617400020226,eod,24.0,-0.031786854802993036
vol,2025-03-29,KRW-BTC,bull_volatile,-0.01925278219395865,-0.020752782193958652,eod,24.0,-0.03015103338632752
vol,2025-03-30,KRW-BTC,bear_volatile,-0.0018495384265944104,-0.0033495384265944104,eod,24.0,-0.008566283238963579
vol,2025-03-31,KRW-BTC,bear_volatile,0.0013247078328431083,-0.0001752921671568917,eod,18.75,-0.014490515742080157
vol,2025-04-01,KRW-BTC,bear_volatile,0.027782061375386524,0.026282061375386523,eod,24.0,-0.0033195626942836842
vol,2025-04-02,KRW-BTC,bull_volatile,-0.030276707309368933,-0.031776707309368935,eod,24.0,-0.03262998294270014
vol,2025-04-03,KRW-BTC,bear_volatile,0.0036646741697476948,0.0021646741697476947,eod,24.0,-0.014593546915973143
vol,2025-04-04,KRW-BTC,bear_volatile,0.0013388075687255085,-0.00016119243127449149,eod,24.0,-0.017396384408165932
vol,2025-04-05,KRW-BTC,bear_volatile,-0.0008832419029406458,-0.0023832419029406458,eod,24.0,-0.01114991613253491
vol,2025-04-06,KRW-BTC,bear_volatile,-0.05,-0.051500000000000004,sl,23.0,-0.053985639527808216
vol,2025-04-07,KRW-BTC,bear_volatile,0.004629117489384438,0.0031291174893844378,eod,24.0,-0.04984810708237952
vol,2025-04-08,KRW-BTC,bear_volatile,-0.030263759719469485,-0.031763759719469487,eod,24.0,-0.03135640595619249
vol,2025-04-09,KRW-BTC,bear_volatile,0.059757024201507525,0.058257024201507523,eod,24.0,-0.01701354620645079
vol,2025-04-10,KRW-BTC,bear_volatile,-0.028045393484370185,-0.029545393484370186,eod,24.0,-0.03833886878909498
vol,2025-04-11,KRW-BTC,bear_volatile,0.029856947824538516,0.028356947824538514,eod,24.0,-0.008640792341154446
vol,2025-04-12,KRW-BTC,bear_volatile,0.017299300123507555,0.015799300123507554,eod,24.0,-0.006867023466447075
vol,2025-04-13,KRW-BTC,bear_volatile,-0.01618424140414476,-0.017684241404144763,eod,24.0,-0.02199438406823273
vol,2025-04-14,KRW-BTC,bear_volatile,0.009187593048027187,0.007687593048027188,eod,24.0,-0.0006004425179104711
vol,2025-04-15,KRW-BTC,bear_volatile,-0.00436859178117921,-0.005868591781179209,eod,24.0,-0.004710906808808923
vol,2025-04-16,KRW-BTC,bear_volatile,-0.0024886618530707283,-0.003988661853070728,eod,24.0,-0.007809813841544333
vol,2025-04-17,KRW-BTC,bear_volatile,0.006975789905621754,0.005475789905621755,eod,24.0,-0.0028559704554780296
vol,2025-04-18,KRW-BTC,bear_volatile,-0.0031059191808850972,-0.004605919180885097,eod,24.0,-0.003374935802851531
vol,2025-04-19,KRW-BTC,bear_volatile,0.003532644249640171,0.002032644249640171,eod,24.0,-0.0014555802695276343
vol,2025-04-20,KRW-BTC,bear_volatile,0.00021186440677967155,-0.0012881355932203285,eod,24.0,-0.009362777053455007
vol,2025-04-21,KRW-BTC,bear_volatile,0.028440845322861952,0.02694084532286195,eod,24.0,-0.0004562266794844172
vol,2025-04-22,KRW-BTC,bear_volatile,0.06065768621236134,0.05915768621236134,eod,24.0,-0.005150554675118824
vol,2025-04-23,KRW-BTC,bull_volatile,0.0038623595505618002,0.0023623595505618,eod,24.0,-0.01707805402820939
vol,2025-04-24,KRW-BTC,bull_volatile,0.002061426030526947,0.0005614260305269471,eod,24.0,-0.01745142253280052
vol,2025-04-25,KRW-BTC,bull_volatile,0.013183205709999202,0.011683205709999202,eod,24.0,-0.005822891986839052
vol,2025-04-26,KRW-BTC,bull_volatile,-0.00042473106468365884,-0.0019247310646836589,eod,24.0,-0.009204947384608642
vol,2025-04-27,KRW-BTC,bull_volatile,-0.010071415491668234,-0.011571415491668234,eod,24.0,-0.010071415491668234
vol,2025-04-28,KRW-BTC,bull_volatile,0.012252145605208709,0.010752145605208709,eod,24.0,-0.010654039656703196
vol,2025-04-29,KRW-BTC,bull_volatile,-0.0037275252156117045,-0.005227525215611704,eod,24.0,-0.00818593772840226
vol,2025-05-05,KRW-WAL,bull_volatile,0.004977482815833101,0.003477482815833101,eod,24.0,-0.03614600616259778
vol,2025-05-05,KRW-LAYER,bull_volatile,-0.05,-0.051500000000000004,sl,10.25,-0.05059523809523814
vol,2025-05-05,KRW-BONK,bull_volatile,0.025456088247772568,0.023956088247772567,eod,24.0,-0.013576580398812044
vol,2025-05-06,KRW-SONIC,bull_volatile,-0.05,-0.051500000000000004,sl,9.25,-0.050096339113680166
vol,2025-05-06,KRW-DRIFT,bull_volatile,-0.05,-0.051500000000000004,sl,7.75,-0.057250221043324445
vol,2025-05-06,KRW-SIGN,bull_volatile,-0.05,-0.051500000000000004,sl,8.75,-0.051191526919682206
vol,2025-05-07,KRW-SIGN,bull_quiet,-0.05,-0.051500000000000004,sl,10.75,-0.05200729927007286
vol,2025-05-07,KRW-BERA,bull_quiet,0.0343992248062015,0.0328992248062015,eod,24.0,-0.025678294573643456
vol,2025-05-07,KRW-KAITO,bull_quiet,0.1,0.0985,tp,1.25,-0.013828238719068464
vol,2025-05-08,KRW-G,bull_quiet,0.05658582976699944,0.05508582976699944,eod,24.0,-0.024726581074655196
vol,2025-05-08,KRW-SIGN,bull_quiet,0.04536862003780717,0.04386862003780717,eod,24.0,-0.020793950850661602
vol,2025-05-08,KRW-WCT,bull_quiet,0.05407801418439706,0.05257801418439706,eod,24.0,-0.02641843971631197
vol,2025-05-09,KRW-MASK,bull_volatile,0.08228228228228218,0.08078228228228218,eod,24.0,-0.00540540540540535
vol,2025-05-09,KRW-BTC,bull_volatile,-0.006690257657856913,-0.008190257657856912,eod,24.0,-0.008210770761915342
vol,2025-05-09,KRW-HP,bull_volatile,-0.004526166902404594,-0.006026166902404593,eod,23.75,-0.04059405940594063
vol,2025-05-10,KRW-ARK,bull_quiet,0.02402597402597406,0.02252597402597406,eod,24.0,-0.016233766233766267
vol,2025-05-10,KRW-BTT,bull_quiet,0.1,0.0985,tp,0.25,0.0
vol,2025-05-10,KRW-INJ,bull_quiet,0.1,0.0985,tp,19.75,-0.009726443768997006
vol,2025-05-11,KRW-TRX,bull_quiet,0.0027100271002709064,0.0012100271002709064,eod,24.0,-0.01897018970189701
vol,2025-05-11,KRW-EGLD,bull_quiet,-0.023766654663305742,-0.025266654663305743,eod,23.75,-0.04069139359020524
vol,2025-05-11,KRW-IOST,bull_quiet,0.1,0.0985,tp,0.25,0.0
vol,2025-05-12,KRW-GAME2,bull_quiet,0.009451445515196388,0.007951445515196389,eod,24.0,-0.014640474425500316
vol,2025-05-12,KRW-BSV,bull_quiet,-0.05,-0.051500000000000004,sl,19.0,-0.055468614154060125
vol,2025-05-12,KRW-A,bull_quiet,-0.05,-0.051500000000000004,sl,18.75,-0.05246913580246915
vol,2025-05-13,KRW-TRX,bull_quiet,-0.01302083333333337,-0.01452083333333337,eod,24.0,-0.04166666666666663
vol,2025-05-13,KRW-MINA,bull_quiet,-0.05,-0.051500000000000004,sl,2.5,-0.05392156862745101
vol,2025-05-13,KRW-SAFE,bull_quiet,-0.05,-0.051500000000000004,sl,1.75,-0.0540983606557377
vol,2025-05-14,KRW-CBK,bull_quiet,-0.017936117936117935,-0.019436117936117936,eod,23.5,-0.029484029484029506
vol,2025-05-14,KRW-TT,bull_quiet,-0.0027088036117380865,-0.004208803611738086,eod,24.0,-0.01399548532731365
vol,2025-05-14,KRW-PYTH,bull_quiet,-0.041744316064107334,-0.043244316064107335,eod,24.0,-0.04658963846440556
vol,2025-05-15,KRW-UNI,bull_quiet,-0.05,-0.051500000000000004,sl,14.0,-0.05126276195593771
vol,2025-05-15,KRW-AAVE,bull_quiet,-0.05,-0.051500000000000004,sl,15.0,-0.05003861003860999
vol,2025-05-15,KRW-ARKM,bull_quiet,-0.05,-0.051500000000000004,sl,5.75,-0.052560386473429976
vol,2025-05-16,KRW-SNT,bull_quiet,0.1,0.0985,tp,12.5,-0.030955585464333746
vol,2025-05-16,KRW-MASK,bull_quiet,0.029779058597502406,0.028279058597502404,eod,24.0,-0.025936599423631135
vol,2025-05-16,KRW-PENDLE,bull_quiet,-0.012188751523593888,-0.013688751523593888,eod,24.0,-0.03360612920076611
vol,2025-05-17,KRW-A,bull_quiet,-0.05,-0.051500000000000004,sl,9.0,-0.05783738474434197
vol,2025-05-17,KRW-PUNDIX,bull_quiet,-0.05,-0.051500000000000004,sl,9.0,-0.05267210842445702
vol,2025-05-17,KRW-WAVES,bull_quiet,-0.05,-0.051500000000000004,sl,2.0,-0.05304621848739499
vol,2025-05-18,KRW-ANIME,bull_quiet,0.07659574468085117,0.07509574468085117,eod,24.0,-0.02401215805471124
vol,2025-05-18,KRW-PENGU,bull_quiet,0.1,0.0985,tp,15.0,-0.0005837711617044938
vol,2025-05-18,KRW-BERA,bull_quiet,0.04767335766423364,0.04617335766423364,eod,24.0,-0.007755474452554756
vol,2025-05-19,KRW-PENGU,bull_quiet,-0.05,-0.051500000000000004,sl,3.25,-0.052347544522396205
vol,2025-05-19,KRW-BONK,bull_quiet,-0.05,-0.051500000000000004,sl,3.0,-0.05173004453579999
vol,2025-05-19,KRW-MEW,bull_quiet,-0.05,-0.051500000000000004,sl,4.75,-0.058304249640731
vol,2025-05-20,KRW-AAVE,bull_quiet,0.04936145788491886,0.04786145788491886,eod,24.0,-0.0035873152532645003
vol,2025-05-20,KRW-MASK,bull_quiet,0.0040766408479413485,0.0025766408479413485,eod,24.0,-0.03179779861394216
vol,2025-05-20,KRW-KAITO,bull_quiet,0.020051986632009022,0.01855198663200902,eod,24.0,-0.04790196806535463
vol,2025-05-21,KRW-CVC,bull_quiet,0.08103896103896102,0.07953896103896102,eod,24.0,-0.03376623376623378
vol,2025-05-21,KRW-PENDLE,bull_quiet,-0.02034883720930236,-0.021848837209302363,eod,24.0,-0.03795219638242897
vol,2025-05-21,KRW-TAIKO,bull_quiet,-0.05,-0.051500000000000004,sl,4.75,-0.05151793928242865
vol,2025-05-22,KRW-IMX,bull_quiet,0.06128074639525005,0.05978074639525005,eod,24.0,-0.008481764206955011
vol,2025-05-22,KRW-CVC,bull_quiet,0.01633045148895307,0.014830451488953069,eod,24.0,-0.030739673390970168
vol,2025-05-22,KRW-PEPE,bull_quiet,0.1,0.0985,tp,24.0,-0.002631578947368318
vol,2025-05-23,KRW-CTC,bull_quiet,-0.05,-0.051500000000000004,sl,12.5,-0.05765407554671964
vol,2025-05-23,KRW-STRAX,bull_quiet,0.055266757865937155,0.053766757865937154,eod,24.0,-0.021203830369357024
vol,2025-05-23,KRW-AGLD,bull_quiet,-0.05,-0.051500000000000004,sl,12.5,-0.05450581395348841
vol,2025-05-24,KRW-CVC,bull_quiet,-0.014939759036144529,-0.01643975903614453,eod,24.0,-0.02168674698795181
vol,2025-05-24,KRW-JUP,bull_quiet,-0.020392458637937816,-0.021892458637937817,eod,24.0,-0.02526612799794803
vol,2025-05-24,KRW-JTO,bull_quiet,-0.005751258087706712,-0.007251258087706712,eod,22.75,-0.010783608914450071
vol,2025-05-25,KRW-AERGO,bull_quiet,0.1,0.0985,tp,1.25,-0.017978620019436398
vol,2025-05-25,KRW-ANIME,bull_quiet,0.06328082563824,0.06178082563824,eod,24.0,-0.03585008147745794
vol,2025-05-25,KRW-ARDR,bull_quiet,0.01291638341264445,0.01141638341264445,eod,24.0,-0.03399048266485383
vol,2025-05-26,KRW-ANIME,bull_quiet,-0.05,-0.051500000000000004,sl,14.75,-0.05325140809011786
vol,2025-05-26,KRW-MASK,bull_quiet,0.1,0.0985,tp,16.75,-0.016274089935760183
vol,2025-05-26,KRW-PENDLE,bull_quiet,-0.02270884022708841,-0.024208840227088413,eod,23.75,-0.03081914030819144
vol,2025-05-27,KRW-COW,bull_quiet,0.1,0.0985,tp,13.5,-0.02425778421433744
vol,2025-05-27,KRW-SNT,bull_quiet,0.1,0.0985,tp,14.0,-0.03183692166743002
vol,2025-05-27,KRW-JUP,bull_quiet,0.04100200874394422,0.03950200874394422,eod,24.0,-0.03379416282642078
vol,2025-05-28,KRW-PUNDIX,bull_quiet,-0.016327247191011307,-0.01782724719101131,eod,24.0,-0.038623595505618
vol,2025-05-28,KRW-COW,bull_quiet,-0.05,-0.051500000000000004,sl,19.75,-0.05427974947807945
vol,2025-05-28,KRW-PYTH,bull_quiet,-0.006246746486205046,-0.0077467464862050455,eod,24.0,-0.041644976574700676
vol,2025-05-29,KRW-UNI,bull_quiet,0.1,0.0985,tp,3.0,-0.0060707557044169524
vol,2025-05-29,KRW-ANIME,bull_quiet,-0.023869984763839613,-0.025369984763839615,eod,24.0,-0.04850177755205698
vol,2025-05-29,KRW-VIRTUAL,bull_quiet,-0.05,-0.051500000000000004,sl,14.5,-0.051432091161071725
vol,2025-05-30,KRW-COW,bull_quiet,-0.05,-0.051500000000000004,sl,1.0,-0.06607724523033975
vol,2025-05-30,KRW-ICX,bull_quiet,-0.05,-0.051500000000000004,sl,12.5,-0.0625
vol,2025-05-30,KRW-SIGN,bull_quiet,-0.05,-0.051500000000000004,sl,11.5,-0.07526881720430112
vol,2025-05-31,KRW-ATH,bull_quiet,-0.05,-0.051500000000000004,sl,0.25,-0.051704705550859376
vol,2025-05-31,KRW-ICX,bull_quiet,-0.05,-0.051500000000000004,sl,8.0,-0.050561797752809
vol,2025-05-31,KRW-SOPH,bull_quiet,-0.05,-0.051500000000000004,sl,0.25,-0.05531312654794207
vol,2025-06-01,KRW-CRO,bull_quiet,0.0,-0.0015,eod,24.0,-0.044117647058823484
vol,2025-06-01,KRW-MEW,bull_quiet,0.02777170347692981,0.02627170347692981,eod,24.0,-0.025147605510605797
vol,2025-06-01,KRW-VANA,bull_quiet,-0.05,-0.051500000000000004,sl,1.5,-0.05557986870897158
vol,2025-06-02,KRW-COW,bull_quiet,-0.05,-0.051500000000000004,sl,5.75,-0.05144694533762051
vol,2025-06-02,KRW-DEEP,bull_quiet,-0.05,-0.051500000000000004,sl,14.25,-0.05009276437847854
vol,2025-06-02,KRW-ANIME,bull_quiet,-0.05,-0.051500000000000004,sl,5.0,-0.050000000000000044
vol,2025-06-03,KRW-DKA,bull_quiet,-0.0008643042350907626,-0.0023643042350907626,eod,21.75,-0.009075194468452952
vol,2025-06-03,KRW-MLK,bull_quiet,-0.0061782877316858276,-0.007678287731685827,eod,23.75,-0.015004413062665534
vol,2025-06-03,KRW-ICX,bull_quiet,0.1,0.0985,tp,9.0,-0.01098901098901095
vol,2025-06-04,KRW-ICX,bull_quiet,0.1,0.0985,tp,6.75,-0.021390374331550777
vol,2025-06-04,KRW-COMP,bull_quiet,0.1,0.0985,tp,10.25,-0.015451472718493453
vol,2025-06-04,KRW-ATH,bull_quiet,0.002005156115726159,0.0005051561157261588,eod,23.75,-0.02162704096247481
vol,2025-06-05,KRW-SNT,bull_quiet,-0.05,-0.051500000000000004,sl,10.5,-0.056369505835609734
vol,2025-06-05,KRW-MASK,bull_quiet,-0.05,-0.051500000000000004,sl,7.25,-0.05729676787463267
vol,2025-06-05,KRW-POKT,bull_quiet,0.1,0.0985,tp,0.25,-0.0009734728644440471
vol,2025-06-06,KRW-ICX,bull_quiet,0.1,0.0985,tp,13.75,-0.040609137055837574
vol,2025-06-06,KRW-MANTRA,bull_quiet,0.055824624012235535,0.054324624012235534,eod,24.0,-0.010451185317359224
vol,2025-06-06,KRW-MASK,bull_quiet,-0.05,-0.051500000000000004,sl,6.5,-0.08186115949241102
vol,2025-06-07,KRW-IOST,bull_quiet,0.05765326837190421,0.05615326837190421,eod,24.0,-0.034510759236703215
vol,2025-06-07,KRW-VIRTUAL,bull_quiet,-0.02085747392815762,-0.022357473928157623,eod,24.0,-0.0343762070297412
vol,2025-06-07,KRW-ICX,bull_quiet,0.05392156862745101,0.05242156862745101,eod,24.0,-0.004901960784313708
vol,2025-06-08,KRW-PENGU,bull_quiet,-0.024251069900142697,-0.025751069900142698,eod,24.0,-0.03708987161198285
vol,2025-06-08,KRW-POKT,bull_quiet,-0.05,-0.051500000000000004,sl,13.5,-0.05007824726134602
vol,2025-06-08,KRW-NXPC,bull_quiet,-0.05,-0.051500000000000004,sl,23.5,-0.05156335710367521
vol,2025-06-09,KRW-LPT,bull_quiet,-0.05,-0.051500000000000004,sl,6.5,-0.05036630036630041
vol,2025-06-09,KRW-SNT,bull_quiet,-0.05,-0.051500000000000004,sl,3.0,-0.050438077196305886
vol,2025-06-09,KRW-PENGU,bull_quiet,0.1,0.0985,tp,22.5,-0.015350877192982337
vol,2025-06-10,KRW-MOC,bull_quiet,-0.004545454545454519,-0.006045454545454519,eod,23.0,-0.023835920177383674
vol,2025-06-10,KRW-ALGO,bull_quiet,0.047794117647058876,0.046294117647058874,eod,24.0,-0.003676470588235281
vol,2025-06-10,KRW-AHT,bull_quiet,0.0018552875695734272,0.0003552875695734272,eod,23.25,-0.014285714285714235
vol,2025-06-11,KRW-PUNDIX,bull_quiet,-0.05,-0.051500000000000004,sl,22.5,-0.05159597726278964
vol,2025-06-11,KRW-CBK,bull_quiet,-0.007882882882882969,-0.009382882882882968,eod,23.5,-0.021677927927927887
vol,2025-06-11,KRW-DOT,bull_quiet,-0.015675583574714547,-0.017175583574714548,eod,24.0,-0.02555801669790425
vol,2025-06-12,KRW-GAME2,bull_quiet,-0.04346908630512758,-0.04496908630512758,eod,24.0,-0.04557923612576498
vol,2025-06-12,KRW-ZETA,bull_quiet,-0.05,-0.051500000000000004,sl,16.0,-0.05419872867179654
vol,2025-06-12,KRW-A,bull_quiet,-0.05,-0.051500000000000004,sl,10.25,-0.054316752429959925
vol,2025-06-13,KRW-ARDR,bull_quiet,0.1,0.0985,tp,1.25,-0.034596375617792496
vol,2025-06-13,KRW-COMP,bull_quiet,-0.05,-0.051500000000000004,sl,1.25,-0.05315880860157607
vol,2025-06-13,KRW-UNI,bull_quiet,-0.05,-0.051500000000000004,sl,0.75,-0.07461240310077522
vol,2025-06-14,KRW-MASK,bull_quiet,-0.014388489208633115,-0.015888489208633116,eod,24.0,-0.02466598150051391
vol,2025-06-14,KRW-COMP,bull_quiet,-0.05,-0.051500000000000004,sl,0.5,-0.05521314843348746
vol,2025-06-14,KRW-UNI,bull_quiet,-0.05,-0.051500000000000004,sl,7.25,-0.062037037037037
vol,2025-06-15,KRW-WCT,bull_quiet,0.003249856623972258,0.0017498566239722581,eod,24.0,-0.01796979545020072
vol,2025-06-15,KRW-AWE,bull_quiet,-0.01651754989676535,-0.01801754989676535,eod,23.75,-0.02174810736407451
vol,2025-06-15,KRW-STRAX,bull_quiet,-0.01958895311496467,-0.02108895311496467,eod,23.75,-0.024727039177906196
vol,2025-06-16,KRW-BORA,bull_quiet,0.04746632456703015,0.04596632456703015,eod,24.0,-0.037203335471456156
vol,2025-06-16,KRW-BCH,bull_quiet,-0.00015708451146712044,-0.0016570845114671205,eod,24.0,-0.024348099277411217
vol,2025-06-16,KRW-AXL,bull_quiet,-0.05,-0.051500000000000004,sl,12.25,-0.051897883775612996
vol,2025-06-17,KRW-BORA,bull_quiet,-0.05,-0.051500000000000004,sl,2.0,-0.05024509803921562
vol,2025-06-17,KRW-JTO,bull_quiet,0.01374916163648554,0.012249161636485541,eod,24.0,-0.014755197853789426
vol,2025-06-17,KRW-ORBS,bull_quiet,-0.05,-0.051500000000000004,sl,0.5,-0.06939040207522695
vol,2025-06-18,KRW-JTO,bull_quiet,0.05568445475638062,0.05418445475638062,eod,24.0,-0.040437520715942976
vol,2025-06-18,KRW-BORA,bull_quiet,0.08023483365949113,0.07873483365949113,eod,24.0,-0.013698630136986467
vol,2025-06-18,KRW-SOPH,bull_quiet,-0.05,-0.051500000000000004,sl,7.0,-0.05053727333781066
vol,2025-06-19,KRW-JTO,bull_quiet,-0.010675039246467843,-0.012175039246467843,eod,24.0,-0.022605965463108335
vol,2025-06-19,KRW-BORA,bull_quiet,-0.05,-0.051500000000000004,sl,3.25,-0.050724637681159424
vol,2025-06-19,KRW-AXL,bull_quiet,-0.05,-0.051500000000000004,sl,14.75,-0.05309898242368172
vol,2025-06-20,KRW-T,bull_quiet,0.1,0.0985,tp,1.5,-0.00399644760213147
vol,2025-06-20,KRW-PENDLE,bull_quiet,-0.05,-0.051500000000000004,sl,16.5,-0.051410541945063115
vol,2025-06-20,KRW-BCH,bull_quiet,-0.042077771329077196,-0.0435777713290772,eod,24.0,-0.04468949506674402
vol,2025-06-21,KRW-ARDR,bull_quiet,-0.05,-0.051500000000000004,sl,13.0,-0.050724637681159424
vol,2025-06-21,KRW-BORA,bull_quiet,-0.05,-0.051500000000000004,sl,21.75,-0.05295566502463056
vol,2025-06-21,KRW-ATH,bull_quiet,-0.05,-0.051500000000000004,sl,21.5,-0.053186998733642965
vol,2025-06-22,KRW-T,bull_quiet,0.1,0.0985,tp,4.25,0.0
vol,2025-06-22,KRW-LAYER,bull_quiet,-0.05,-0.051500000000000004,sl,2.5,-0.05678134476628671
vol,2025-06-22,KRW-AXL,bull_quiet,-0.05,-0.051500000000000004,sl,12.75,-0.05333333333333323
vol,2025-06-23,KRW-AXL,bull_quiet,0.04957446808510646,0.04807446808510646,eod,24.0,-0.019148936170212738
vol,2025-06-23,KRW-BORA,bull_quiet,0.05914343983684578,0.05764343983684578,eod,24.0,-0.04486743711760699
vol,2025-06-23,KRW-LAYER,bull_quiet,0.032738095238095344,0.031238095238095342,eod,24.0,-0.04662698412698407
vol,2025-06-24,KRW-CKB,bull_quiet,0.014012738853503182,0.012512738853503182,eod,23.75,-0.007643312101910715
vol,2025-06-24,KRW-CVC,bull_quiet,0.00797448165869219,0.00647448165869219,eod,24.0,-0.004784688995215336
vol,2025-06-24,KRW-RVN,bull_quiet,-0.05,-0.051500000000000004,sl,13.25,-0.053040695016003614
vol,2025-06-25,KRW-GAME2,bull_quiet,-0.008871989860582907,-0.010371989860582907,eod,23.5,-0.03092522179974644
vol,2025-06-25,KRW-SAFE,bull_quiet,-0.033571428571428474,-0.035071428571428476,eod,23.0,-0.04249999999999987
vol,2025-06-25,KRW-CKB,bull_quiet,-0.03768844221105527,-0.039188442211055274,eod,23.0,-0.04417922948073694
vol,2025-06-26,KRW-DOT,bull_quiet,-0.018008244738555,-0.019508244738555003,eod,24.0,-0.026036016489477065
vol,2025-06-26,KRW-AGLD,bull_quiet,-0.035782544064557165,-0.037282544064557166,eod,24.0,-0.039817370991718004
vol,2025-06-26,KRW-ICX,bull_quiet,-0.05,-0.051500000000000004,sl,22.5,-0.05294117647058827
vol,2025-06-27,KRW-ALT,bull_quiet,0.0480686695278969,0.0465686695278969,eod,24.0,-0.004005722460658112
vol,2025-06-27,KRW-RAY,bull_quiet,0.0507439908431897,0.0492439908431897,eod,23.5,-0.015642884395268952
vol,2025-06-27,KRW-ARB,bull_quiet,0.006236507555768878,0.004736507555768878,eod,24.0,-0.019908851043415554
vol,2025-06-28,KRW-LPT,bull_quiet,-0.02482825117512355,-0.02632825117512355,eod,24.0,-0.047848619983126395
vol,2025-06-28,KRW-POKT,bull_quiet,0.1,0.0985,tp,0.5,-0.012903225806451646
vol,2025-06-28,KRW-MASK,bull_quiet,0.013706793802145345,0.012206793802145345,eod,23.25,-0.01728247914183556
vol,2025-06-29,KRW-MASK,bull_quiet,0.029429075927015935,0.027929075927015934,eod,22.5,-0.009417304296645113
vol,2025-06-29,KRW-JUP,bull_quiet,0.028896103896103753,0.027396103896103752,eod,24.0,-0.023376623376623384
vol,2025-06-29,KRW-RAY,bull_quiet,0.03760445682451263,0.03610445682451263,eod,23.75,-0.014972144846796653
vol,2025-06-30,KRW-AQT,bull_quiet,-0.02435192458758839,-0.025851924587588393,eod,18.25,-0.0353495679497251
vol,2025-06-30,KRW-ATOM,bull_quiet,-0.028960223307745947,-0.03046022330774595,eod,18.25,-0.031053733426378183
vol,2025-06-30,KRW-MANA,bull_quiet,-0.030898876404494402,-0.0323988764044944,eod,18.25,-0.0449438202247191
vol,2025-07-01,KRW-POKT,bull_quiet,-0.05,-0.051500000000000004,sl,0.25,-0.056927044952100325
vol,2025-07-01,KRW-ARB,bull_quiet,-0.05,-0.051500000000000004,sl,5.0,-0.05368555602897318
vol,2025-07-01,KRW-KAITO,bull_quiet,0.03190013869625519,0.030400138696255186,eod,24.0,-0.032824780397595954
vol,2025-07-02,KRW-MOVE,bull_quiet,-0.05,-0.051500000000000004,sl,4.0,-0.05046649703138251
vol,2025-07-02,KRW-POKT,bull_quiet,-0.05,-0.051500000000000004,sl,1.75,-0.05518590998043049
vol,2025-07-02,KRW-KAITO,bull_quiet,-0.05,-0.051500000000000004,sl,9.5,-0.06989247311827962
vol,2025-07-03,KRW-MBL,bull_quiet,0.016560509554140124,0.015060509554140124,eod,22.0,-0.006369426751592355
vol,2025-07-03,KRW-BLUR,bull_quiet,-0.004102461476886088,-0.0056024614768860875,eod,24.0,-0.012607564538723137
vol,2025-07-03,KRW-AHT,bull_quiet,-0.05,-0.051500000000000004,sl,6.25,-0.07310704960835512
vol,2025-07-04,KRW-MLK,bull_quiet,-0.011412268188302432,-0.012912268188302432,eod,23.75,-0.029957203994293913
vol,2025-07-04,KRW-RAY,bull_quiet,-0.05,-0.051500000000000004,sl,15.5,-0.05030591434398368
vol,2025-07-04,KRW-BLAST,bull_quiet,0.1,0.0985,tp,0.75,-0.018810883439704384
vol,2025-07-05,KRW-CARV,bull_quiet,0.1,0.0985,tp,0.25,0.0
vol,2025-07-05,KRW-TAIKO,bull_quiet,-0.025983399494767356,-0.027483399494767358,eod,24.0,-0.04565138939011204
vol,2025-07-05,KRW-MOC,bull_quiet,-0.05,-0.051500000000000004,sl,13.0,-0.05303030303030298
vol,2025-07-06,KRW-SAFE,bull_quiet,0.1,0.0985,tp,0.25,-0.0010407632263660371
vol,2025-07-06,KRW-CBK,bull_quiet,-0.05,-0.051500000000000004,sl,4.75,-0.054334554334554364
vol,2025-07-06,KRW-POKT,bull_quiet,-0.05,-0.051500000000000004,sl,9.0,-0.09648047627385747
vol,2025-07-07,KRW-BEAM,bull_quiet,-0.03569331924386521,-0.03719331924386521,eod,23.5,-0.04896090172595979
vol,2025-07-07,KRW-TOKAMAK,bull_quiet,0.04281949934123852,0.04131949934123852,eod,24.0,-0.017127799736495364
vol,2025-07-07,KRW-COW,bull_quiet,-0.005227781926810948,-0.006727781926810948,eod,21.5,-0.02066218571072942
vol,2025-07-08,KRW-TOKAMAK,bull_quiet,-0.05,-0.051500000000000004,sl,2.25,-0.06632975363234361
vol,2025-07-08,KRW-BOUNTY,bull_quiet,0.002602472348731455,0.001102472348731455,eod,22.75,-0.017566688353936266
vol,2025-07-08,KRW-QKC,bull_quiet,0.020810984767217322,0.01931098476721732,eod,23.5,-0.007616391332332051
vol,2025-07-09,KRW-FCT2,bull_quiet,0.032583397982932416,0.031083397982932415,eod,23.5,0.0
vol,2025-07-09,KRW-TAIKO,bull_quiet,0.010683367102597208,0.009183367102597208,eod,24.0,-0.02762939767913064
vol,2025-07-09,KRW-MOC,bull_quiet,-0.02118963106378402,-0.02268963106378402,eod,23.75,-0.04302463160159187
vol,2025-07-10,KRW-BSV,bull_quiet,0.03134978229317853,0.02984978229317853,eod,24.0,-0.01944847605224964
vol,2025-07-10,KRW-BCH,bull_quiet,0.0022939068100358284,0.0007939068100358284,eod,24.0,-0.02107526881720434
vol,2025-07-10,KRW-HIVE,bull_quiet,0.0245791245791247,0.0230791245791247,eod,24.0,-0.008754208754208848
vol,2025-07-11,KRW-SIGN,bull_quiet,0.05176246427437281,0.05026246427437281,eod,24.0,-0.003704879856038845
vol,2025-07-11,KRW-BTT,bull_quiet,0.015126050420168236,0.013626050420168236,eod,24.0,-0.017254901960784275
vol,2025-07-11,KRW-GAS,bull_quiet,0.006577344701583332,0.005077344701583332,eod,24.0,-0.020706455542021884
vol,2025-07-12,KRW-BTT,bull_quiet,0.021482868789247433,0.019982868789247432,eod,24.0,-0.012889721273548593
vol,2025-07-12,KRW-T,bull_quiet,0.03946784922394686,0.03796784922394686,eod,24.0,-0.015964523281596477
vol,2025-07-12,KRW-CARV,bull_quiet,-0.05,-0.051500000000000004,sl,5.0,-0.051538461538461644
vol,2025-07-13,KRW-KAVA,bull_quiet,0.002055146429183141,0.0005551464291831411,eod,24.0,-0.04093166638122958
vol,2025-07-13,KRW-AHT,bull_quiet,-0.007140307033202453,-0.008640307033202453,eod,24.0,-0.03409496608354168
vol,2025-07-13,KRW-ETC,bull_quiet,0.014997973246858587,0.013497973246858587,eod,24.0,-0.0032428050263477726
vol,2025-07-14,KRW-AGLD,bull_quiet,-0.01645338208409508,-0.017953382084095082,eod,24.0,-0.0411334552102377
vol,2025-07-14,KRW-ETC,bull_quiet,0.015175718849840258,0.013675718849840259,eod,24.0,-0.0023961661341852514
vol,2025-07-14,KRW-CRO,bull_quiet,0.1,0.0985,tp,8.5,-0.01794340924775706
vol,2025-07-15,KRW-SOL,bull_quiet,0.010139702568724651,0.008639702568724652,eod,24.0,-0.02726453357368186
vol,2025-07-15,KRW-WAL,bull_quiet,-0.05,-0.051500000000000004,sl,3.25,-0.05006720430107536
vol,2025-07-15,KRW-SONIC,bull_quiet,-0.05,-0.051500000000000004,sl,3.75,-0.051707628471113876
vol,2025-07-16,KRW-BORA,bull_quiet,-0.0028776978417266452,-0.004377697841726645,eod,24.0,-0.017985611510791366
vol,2025-07-16,KRW-AKT,bull_quiet,-0.004212743549236397,-0.005712743549236397,eod,24.0,-0.032122169562927905
vol,2025-07-16,KRW-STRAX,bull_quiet,-0.0044059124502559,-0.0059059124502558995,eod,24.0,-0.02259806708357026
vol,2025-07-17,KRW-SOL,bull_quiet,0.016105107014197984,0.014605107014197984,eod,24.0,-0.020979020979020935
vol,2025-07-17,KRW-BTT,bull_quiet,0.009468700683850528,0.007968700683850529,eod,24.0,-0.00841662283008937
vol,2025-07-17,KRW-A,bull_quiet,0.023540241977906273,0.022040241977906272,eod,24.0,-0.020252498684902642
vol,2025-07-18,KRW-MVL,bull_quiet,0.0,-0.0015,eod,23.5,-0.015303891560996985
vol,2025-07-18,KRW-CKB,bull_quiet,-0.008797653958944274,-0.010297653958944273,eod,24.0,-0.028999674160964495
vol,2025-07-18,KRW-WAVES,bull_quiet,0.0046604527296938425,0.0031604527296938425,eod,24.0,-0.01464713715046606
vol,2025-07-19,KRW-BCH,bull_quiet,-0.0009944594402614415,-0.0024944594402614415,eod,24.0,-0.02216223895439695
vol,2025-07-19,KRW-PENDLE,bull_quiet,-0.0006537015852263739,-0.002153701585226374,eod,23.75,-0.02859944435365258
vol,2025-07-19,KRW-HYPER,bull_quiet,-0.002682071384361495,-0.004182071384361495,eod,24.0,-0.0453889003507324
vol,2025-07-20,KRW-MOCA,bull_quiet,0.05991189427312782,0.05841189427312782,eod,24.0,-0.008810572687224627
vol,2025-07-20,KRW-ARK,bull_quiet,0.1,0.0985,tp,0.25,-0.0015140045420136694
vol,2025-07-20,KRW-ARDR,bull_quiet,0.018796992481203034,0.017296992481203033,eod,24.0,-0.006766917293233088
vol,2025-07-21,KRW-BCH,bull_quiet,-0.05,-0.051500000000000004,sl,19.5,-0.05028082374966569
vol,2025-07-21,KRW-VTHO,bull_quiet,0.026132980482963752,0.02463298048296375,eod,24.0,-0.003307972213033472
vol,2025-07-21,KRW-LSK,bull_quiet,0.020414245268961295,0.018914245268961294,eod,24.0,-0.01817910892564456
vol,2025-07-22,KRW-JTO,bull_quiet,0.011812352345595745,0.010312352345595745,eod,24.0,-0.037124535943300674
vol,2025-07-22,KRW-NXPC,bull_quiet,-0.05,-0.051500000000000004,sl,5.0,-0.05592543275632489
vol,2025-07-22,KRW-ORCA,bull_quiet,-0.05,-0.051500000000000004,sl,1.5,-0.05285190999476719
vol,2025-07-23,KRW-BCH,bull_quiet,-0.020882971268395223,-0.022382971268395224,eod,24.0,-0.046951646811492664
vol,2025-07-23,KRW-HYPER,bull_quiet,0.1,0.0985,tp,14.0,-0.042527821939586596
vol,2025-07-23,KRW-NEWT,bull_quiet,0.1,0.0985,tp,12.25,-0.03056505127689524
vol,2025-07-24,KRW-NXPC,bull_quiet,0.1,0.0985,tp,9.75,-0.0473411154345007
vol,2025-07-24,KRW-SIGN,bull_quiet,-0.05,-0.051500000000000004,sl,0.25,-0.054030874785591765
vol,2025-07-24,KRW-AERGO,bull_quiet,-0.05,-0.051500000000000004,sl,5.0,-0.051894135962636256
vol,2025-07-25,KRW-RVN,bull_quiet,0.1,0.0985,tp,0.25,0.0
vol,2025-07-25,KRW-CRO,bull_quiet,0.04637681159420293,0.044876811594202926,eod,24.0,-0.01449275362318836
vol,2025-07-25,KRW-SIGN,bull_quiet,-0.05,-0.051500000000000004,sl,14.75,-0.08873114463176579
vol,2025-07-26,KRW-GLM,bull_quiet,0.014978213507625293,0.013478213507625294,eod,23.75,-0.008986928104575242
vol,2025-07-26,KRW-SONIC,bull_quiet,-0.030904451375106223,-0.032404451375106225,eod,24.0,-0.037709101219166485
vol,2025-07-26,KRW-BLUR,bull_quiet,-0.006993006993006978,-0.008493006993006978,eod,24.0,-0.020979020979020935
vol,2025-07-27,KRW-TAIKO,bull_quiet,0.025715531018451365,0.024215531018451364,eod,24.0,-0.007845416242917347
vol,2025-07-27,KRW-WAL,bull_quiet,-0.010700828937452944,-0.012200828937452944,eod,24.0,-0.03391107761868872
vol,2025-07-27,KRW-DRIFT,bull_quiet,0.1,0.0985,tp,1.25,-0.008699914226197758
vol,2025-07-28,KRW-GAS,bull_quiet,-0.05,-0.051500000000000004,sl,23.25,-0.05439864003399919
vol,2025-07-28,KRW-JUP,bull_quiet,-0.05,-0.051500000000000004,sl,20.0,-0.05092765533557464
vol,2025-07-28,KRW-EGLD,bull_quiet,-0.05,-0.051500000000000004,sl,18.0,-0.05235828645607965
vol,2025-07-29,KRW-CBK,bull_quiet,-0.01840556447298025,-0.019905564472980253,eod,24.0,-0.0481540930979133
vol,2025-07-29,KRW-RAY,bull_quiet,-0.021622878400372025,-0.023122878400372027,eod,23.75,-0.04208323645663803
vol,2025-07-29,KRW-CKB,bull_quiet,0.1,0.0985,tp,6.25,-0.021980798383021805
vol,2025-07-30,KRW-ATH,bull_quiet,-0.05,-0.051500000000000004,sl,4.5,-0.05431562314833105
vol,2025-07-30,KRW-BAT,bull_quiet,-0.05,-0.051500000000000004,sl,5.25,-0.051694915254237195
vol,2025-07-30,KRW-MOODENG,bull_quiet,-0.05,-0.051500000000000004,sl,19.0,-0.08300550747442959
vol,2025-07-31,KRW-GAME2,bull_quiet,-0.025096525096525046,-0.026596525096525048,eod,23.25,-0.025096525096525046
vol,2025-07-31,KRW-BOUNTY,bull_quiet,0.038348082595870414,0.03684808259587041,eod,24.0,-0.041297935103244754
vol,2025-07-31,KRW-ALT,bull_quiet,-0.05,-0.051500000000000004,sl,23.75,-0.05991735537190079
vol,2025-08-01,KRW-ALT,bull_quiet,0.004366812227074357,0.002866812227074357,eod,24.0,-0.045851528384279305
vol,2025-08-01,KRW-ERA,bull_quiet,-0.05,-0.051500000000000004,sl,0.75,-0.05076820307281227
vol,2025-08-01,KRW-KNC,bull_quiet,-0.013468013468013518,-0.014968013468013517,eod,24.0,-0.03535353535353536
vol,2025-08-02,KRW-HYPER,bull_quiet,-0.0146520146520146,-0.0161520146520146,eod,24.0,-0.04029304029304026
vol,2025-08-02,KRW-SYRUP,bull_quiet,-0.05,-0.051500000000000004,sl,6.75,-0.05378151260504205
vol,2025-08-02,KRW-KNC,bull_quiet,-0.013651877133105783,-0.015151877133105783,eod,24.0,-0.033959044368600644
vol,2025-08-03,KRW-SYRUP,bull_quiet,0.03362831858407089,0.03212831858407089,eod,24.0,-0.010619469026548645
vol,2025-08-03,KRW-KNC,bull_quiet,0.02941176470588225,0.027911764705882247,eod,24.0,-0.02249134948096887
vol,2025-08-03,KRW-SAHARA,bull_quiet,0.016129032258064502,0.014629032258064502,eod,24.0,-0.024193548387096753
vol,2025-08-04,KRW-SYRUP,bull_quiet,0.05650684931506844,0.05500684931506844,eod,24.0,0.0
vol,2025-08-04,KRW-VIRTUAL,bull_quiet,0.02336448598130847,0.021864485981308468,eod,24.0,-0.02044392523364491
vol,2025-08-04,KRW-CKB,bull_quiet,0.006443298969072142,0.0049432989690721425,eod,24.0,-0.02448453608247414
vol,2025-08-05,KRW-ANIME,bull_quiet,-0.05,-0.051500000000000004,sl,22.25,-0.05128205128205121
vol,2025-08-05,KRW-XTZ,bull_quiet,-0.02003642987249543,-0.021536429872495433,eod,24.0,-0.032786885245901676
vol,2025-08-05,KRW-AERGO,bull_quiet,-0.024691358024691357,-0.026191358024691358,eod,24.0,-0.03703703703703709
vol,2025-08-06,KRW-GAME2,bull_quiet,-0.05,-0.051500000000000004,sl,5.0,-0.05037313432835833
vol,2025-08-06,KRW-ERA,bull_quiet,-0.05,-0.051500000000000004,sl,4.25,-0.055869872701555856
vol,2025-08-06,KRW-ENA,bull_quiet,0.02825552825552835,0.02675552825552835,eod,24.0,-0.04299754299754299
vol,2025-08-07,KRW-ATH,bull_quiet,0.008064516129032251,0.006564516129032251,eod,24.0,-0.022177419354838745
vol,2025-08-07,KRW-POKT,bull_quiet,0.01814882032667886,0.01664882032667886,eod,24.0,-0.02722323049001818
vol,2025-08-07,KRW-ENA,bull_quiet,0.05017921146953408,0.04867921146953408,eod,24.0,-0.02508960573476704
vol,2025-08-08,KRW-NXPC,bull_quiet,0.010108864696733999,0.008608864696734,eod,24.0,-0.010886469673405896
vol,2025-08-08,KRW-ANIME,bull_quiet,0.016877637130801704,0.015377637130801704,eod,24.0,-0.012658227848101333
vol,2025-08-08,KRW-DRIFT,bull_quiet,0.1,0.0985,tp,7.75,-0.0013774104683195176
vol,2025-08-09,KRW-AUCTION,bull_quiet,0.03092059030217853,0.02942059030217853,eod,24.0,-0.0028109627547434624
vol,2025-08-09,KRW-RVN,bull_quiet,0.005025125628140836,0.0035251256281408363,eod,23.75,-0.01005025125628134
vol,2025-08-09,KRW-SNT,bull_quiet,0.020460358056265893,0.01896035805626589,eod,24.0,-0.005115089514066584
vol,2025-08-10,KRW-AUCTION,bull_quiet,0.0013633265167007913,-0.00013667348329920873,eod,24.0,-0.03340149965916839
vol,2025-08-10,KRW-POKT,bull_quiet,-0.00883392226148405,-0.01033392226148405,eod,24.0,-0.049469964664311084
vol,2025-08-10,KRW-VET,bull_quiet,0.0,-0.0015,eod,24.0,-0.028901734104046284
vol,2025-08-11,KRW-MOCA,bull_quiet,-0.028301886792452824,-0.029801886792452825,eod,23.25,-0.047169811320754707
vol,2025-08-11,KRW-SNT,bull_quiet,-0.02030456852791873,-0.021804568527918733,eod,24.0,-0.027918781725888353
vol,2025-08-11,KRW-ELF,bull_quiet,0.006666666666666599,0.005166666666666599,eod,23.75,-0.010000000000000009
vol,2025-08-12,KRW-CTC,bull_quiet,0.016949152542372836,0.015449152542372837,eod,24.0,-0.04087736789631102
vol,2025-08-12,KRW-MOC,bull_quiet,0.016304347826086918,0.014804347826086918,eod,23.5,-0.026086956521739202
vol,2025-08-12,KRW-CRO,bull_quiet,-0.02608695652173909,-0.027586956521739092,eod,24.0,-0.034782608695652195
vol,2025-08-13,KRW-ID,bull_quiet,0.024590163934426146,0.023090163934426144,eod,23.75,-0.020491803278688492
vol,2025-08-13,KRW-KAITO,bull_quiet,0.005424954792043302,0.003924954792043302,eod,23.75,-0.009644364074743783
vol,2025-08-13,KRW-MNT,bull_quiet,0.1,0.0985,tp,8.0,-0.006405693950177982
vol,2025-08-14,KRW-BTT,bull_quiet,-0.03673469387755102,-0.03823469387755102,eod,23.75,-0.04489795918367345
vol,2025-08-14,KRW-MOCA,bull_quiet,-0.05,-0.051500000000000004,sl,12.75,-0.0663551401869158
vol,2025-08-14,KRW-NXPC,bull_quiet,-0.05,-0.051500000000000004,sl,12.75,-0.0723735408560311
vol,2025-08-15,KRW-INJ,bull_quiet,-0.05,-0.051500000000000004,sl,15.5,-0.0584323040380047
vol,2025-08-15,KRW-BERA,bull_quiet,-0.05,-0.051500000000000004,sl,13.75,-0.05756097560975615
vol,2025-08-15,KRW-ARKM,bull_quiet,-0.0013037809647978849,-0.002803780964797885,eod,23.75,-0.046936114732724854
vol,2025-08-16,KRW-DEEP,bull_quiet,-0.05,-0.051500000000000004,sl,12.5,-0.050000000000000044
vol,2025-08-16,KRW-KAVA,bull_quiet,0.0,-0.0015,eod,23.0,-0.009487666034155628
vol,2025-08-16,KRW-MNT,bull_quiet,0.1,0.0985,tp,15.0,-0.035756853396901045
vol,2025-08-17,KRW-BAT,bull_quiet,-0.05,-0.051500000000000004,sl,19.0,-0.05128205128205132
vol,2025-08-17,KRW-PROVE,bull_quiet,-0.005385029617662851,-0.0068850296176628505,eod,24.0,-0.02369413031771672
vol,2025-08-17,KRW-BERA,bull_quiet,0.004855842185129022,0.0033558421851290223,eod,24.0,-0.029438543247344406
vol,2025-08-18,KRW-SEI,bull_quiet,-0.05,-0.051500000000000004,sl,3.5,-0.050420168067226934
vol,2025-08-18,KRW-LPT,bull_quiet,-0.05,-0.051500000000000004,sl,3.25,-0.05534858967535927
vol,2025-08-18,KRW-POL,bull_quiet,0.055393586005831,0.053893586005830996,eod,24.0,-0.03206997084548102
vol,2025-08-19,KRW-CARV,bull_quiet,0.004347826086956497,0.0028478260869564966,eod,24.0,-0.03260869565217395
vol,2025-08-19,KRW-POL,bull_quiet,-0.05,-0.051500000000000004,sl,14.5,-0.052631578947368474
vol,2025-08-19,KRW-ARB,bull_quiet,-0.05,-0.051500000000000004,sl,14.75,-0.0520393811533052
vol,2025-08-20,KRW-CTC,bull_quiet,0.010476190476190528,0.008976190476190528,eod,24.0,-0.03809523809523807
vol,2025-08-20,KRW-CARV,bull_quiet,0.004319654427645814,0.0028196544276458137,eod,24.0,-0.049676025917926525
vol,2025-08-20,KRW-CYBER,bull_quiet,0.018589743589743524,0.017089743589743522,eod,24.0,-0.022435897435897467
vol,2025-08-21,KRW-ARB,bull_quiet,-0.026536312849162025,-0.028036312849162026,eod,24.0,-0.0488826815642458
vol,2025-08-21,KRW-BERA,bull_quiet,-0.05,-0.051500000000000004,sl,17.25,-0.054029580440688174
vol,2025-08-21,KRW-HYPER,bull_quiet,-0.05,-0.051500000000000004,sl,8.5,-0.050916496945010215
vol,2025-08-22,KRW-CYBER,bull_quiet,0.04176411627129961,0.04026411627129961,eod,24.0,-0.014032743067156739
vol,2025-08-22,KRW-CARV,bull_quiet,0.024719101123595433,0.02321910112359543,eod,24.0,-0.0449438202247191
vol,2025-08-22,KRW-POKT,bull_quiet,-0.05,-0.051500000000000004,sl,12.0,-0.0515267175572518
vol,2025-08-23,KRW-BTT,bull_quiet,0.02547770700636942,0.02397770700636942,eod,24.0,-0.0010615711252653925
vol,2025-08-23,KRW-DRIFT,bull_quiet,0.04926764314247678,0.04776764314247678,eod,24.0,-0.026631158455392767
vol,2025-08-23,KRW-SNT,bull_quiet,0.0052631578947368585,0.0037631578947368584,eod,23.5,-0.010526315789473606
vol,2025-08-24,KRW-DRIFT,bull_quiet,0.011435832274459878,0.009935832274459879,eod,24.0,-0.017789072426937724
vol,2025-08-24,KRW-ZRO,bull_quiet,0.005853994490358172,0.004353994490358172,eod,24.0,-0.037878787878787845
vol,2025-08-24,KRW-ALT,bull_quiet,-0.05,-0.051500000000000004,sl,11.0,-0.050682261208576884
vol,2025-08-25,KRW-EGLD,bull_quiet,-0.05,-0.051500000000000004,sl,19.25,-0.05381784728610861
vol,2025-08-25,KRW-ONT,bull_quiet,0.1,0.0985,tp,0.5,-0.03139013452914796
vol,2025-08-25,KRW-BERA,bull_quiet,-0.05,-0.051500000000000004,sl,7.0,-0.05400696864111498
vol,2025-08-26,KRW-IOST,bull_quiet,-0.05,-0.051500000000000004,sl,0.5,-0.05714285714285716
vol,2025-08-26,KRW-API3,bull_quiet,-0.017445132245357375,-0.018945132245357377,eod,24.0,-0.04445694991558802
vol,2025-08-26,KRW-ONG,bull_quiet,-0.05,-0.051500000000000004,sl,0.25,-0.0539568345323741
vol,2025-08-27,KRW-ID,bull_quiet,-0.042735042735042694,-0.044235042735042696,eod,23.5,-0.047008547008547064
vol,2025-08-27,KRW-RAY,bull_quiet,0.038907284768211925,0.037407284768211924,eod,24.0,-0.021730132450331174
vol,2025-08-27,KRW-IP,bull_quiet,-0.05,-0.051500000000000004,sl,22.25,-0.05014245014245011
vol,2025-08-28,KRW-API3,bull_quiet,-0.010720667063728428,-0.012220667063728428,eod,24.0,-0.045265038713519945
vol,2025-08-28,KRW-SYRUP,bull_quiet,0.0,-0.0015,eod,24.0,-0.02593192868719607
vol,2025-08-28,KRW-TAIKO,bull_quiet,0.028862478777589073,0.027362478777589072,eod,24.0,-0.03056027164685904
vol,2025-08-29,KRW-CARV,bull_quiet,-0.05,-0.051500000000000004,sl,8.5,-0.05203619909502266
vol,2025-08-29,KRW-GMT,bull_quiet,-0.05,-0.051500000000000004,sl,6.75,-0.05600000000000005
vol,2025-08-29,KRW-W,bull_quiet,0.1,0.0985,tp,4.0,-0.03508771929824561
vol,2025-08-30,KRW-SYRUP,bull_quiet,0.028037383177569986,0.026537383177569984,eod,24.0,-0.032710280373831724
vol,2025-08-30,KRW-JTO,bull_quiet,-0.05,-0.051500000000000004,sl,14.5,-0.05176722599071759
vol,2025-08-30,KRW-ONT,bull_quiet,0.028301886792452935,0.026801886792452934,eod,24.0,-0.014150943396226467
vol,2025-08-31,KRW-ONT,bull_quiet,-0.05,-0.051500000000000004,sl,10.0,-0.050458715596330306
vol,2025-08-31,KRW-JST,bull_quiet,-0.00588235294117645,-0.007382352941176449,eod,22.0,-0.021568627450980427
vol,2025-08-31,KRW-AGLD,bull_quiet,-0.046324269889224556,-0.04782426988922456,eod,23.75,-0.04733131923464251
vol,2025-09-01,KRW-ZRX,bull_quiet,0.1,0.0985,tp,2.5,-0.024390243902439046
vol,2025-09-01,KRW-POL,bull_quiet,-0.020725388601036232,-0.022225388601036233,eod,24.0,-0.02849740932642486
vol,2025-09-01,KRW-AXS,bull_quiet,-0.05,-0.051500000000000004,sl,5.0,-0.05028409090909092
vol,2025-09-02,KRW-LPT,bull_quiet,0.009209100758396538,0.007709100758396538,eod,24.0,-0.010834236186348822
vol,2025-09-02,KRW-SYRUP,bull_quiet,0.011146496815286566,0.009646496815286567,eod,24.0,-0.030254777070063743
vol,2025-09-02,KRW-ONT,bull_quiet,0.0,-0.0015,eod,23.5,-0.02564102564102566
vol,2025-09-03,KRW-BEAM,bull_quiet,0.0,-0.0015,eod,23.75,-0.018811881188118718
vol,2025-09-03,KRW-IP,bull_quiet,0.037927844588344195,0.036427844588344194,eod,24.0,-0.013876040703052706
vol,2025-09-03,KRW-POL,bull_quiet,-0.027363184079602032,-0.028863184079602033,eod,24.0,-0.03233830845771146
vol,2025-09-04,KRW-PROVE,bull_quiet,-0.05,-0.051500000000000004,sl,4.75,-0.051987767584097844
vol,2025-09-04,KRW-SYRUP,bull_quiet,-0.02761627906976749,-0.029116279069767492,eod,24.0,-0.04215116279069764
vol,2025-09-04,KRW-AERO,bull_quiet,-0.006892230576441061,-0.00839223057644106,eod,23.75,-0.04824561403508776
vol,2025-09-05,KRW-IP,bull_quiet,0.019909502262443368,0.018409502262443367,eod,24.0,-0.008144796380090469
vol,2025-09-05,KRW-QTUM,bull_quiet,-0.010632780082987514,-0.012132780082987514,eod,24.0,-0.032157676348547715
vol,2025-09-05,KRW-WAL,bull_quiet,0.04663212435233155,0.04513212435233155,eod,24.0,-0.003454231433506094
vol,2025-09-06,KRW-SYRUP,bull_quiet,-0.009957325746799417,-0.011457325746799417,eod,24.0,-0.01849217638691325
vol,2025-09-06,KRW-PENDLE,bull_quiet,-0.02716981132075469,-0.02866981132075469,eod,23.25,-0.02943396226415096
vol,2025-09-06,KRW-ENA,bull_quiet,0.0087890625,0.0072890625,eod,24.0,-0.009765625
vol,2025-09-07,KRW-API3,bull_quiet,-0.05,-0.051500000000000004,sl,19.0,-0.05160857908847183
vol,2025-09-07,KRW-AERO,bull_quiet,-0.013084112149532756,-0.014584112149532756,eod,24.0,-0.024922118380062308
vol,2025-09-07,KRW-WLFI,bull_quiet,0.1,0.0985,tp,4.0,-0.00990099009900991
vol,2025-09-08,KRW-IP,bull_quiet,-0.027642276422764178,-0.02914227642276418,eod,24.0,-0.04959349593495932
vol,2025-09-08,KRW-PUNDIX,bull_quiet,0.013605442176870763,0.012105442176870764,eod,23.75,-0.013605442176870763
vol,2025-09-08,KRW-TREE,bull_quiet,-0.05,-0.051500000000000004,sl,19.5,-0.051867219917012486
vol,2025-09-09,KRW-BLAST,bull_quiet,0.00588235294117645,0.00438235294117645,eod,23.75,-0.0117647058823529
vol,2025-09-09,KRW-ERA,bull_quiet,0.0,-0.0015,eod,23.75,-0.019588638589618013
vol,2025-09-09,KRW-TRX,bull_quiet,0.01298701298701288,0.01148701298701288,eod,24.0,-0.00649350649350644
vol,2025-09-15,KRW-TREE,bull_quiet,-0.05,-0.051500000000000004,sl,6.0,-0.06924643584521384
vol,2025-09-15,KRW-ARKM,bull_quiet,-0.05,-0.051500000000000004,sl,15.5,-0.055745164960182
vol,2025-09-15,KRW-PUMP,bull_quiet,-0.05,-0.051500000000000004,sl,8.75,-0.06306306306306297
vol,2025-09-16,KRW-IP,bull_quiet,-0.05,-0.051500000000000004,sl,3.25,-0.05243445692883897
vol,2025-09-16,KRW-WLD,bull_quiet,-0.003793266951161667,-0.005293266951161666,eod,24.0,-0.016121384542437167
vol,2025-09-16,KRW-AERO,bull_quiet,-0.05,-0.051500000000000004,sl,12.5,-0.05187637969094927
vol,2025-09-17,KRW-DRIFT,bull_quiet,0.1,0.0985,tp,21.0,-0.04201680672268904
vol,2025-09-17,KRW-MNT,bull_quiet,-0.05,-0.051500000000000004,sl,14.25,-0.05037159372419486
vol,2025-09-17,KRW-OPEN,bull_quiet,-0.05,-0.051500000000000004,sl,14.5,-0.05132450331125826
vol,2025-09-18,KRW-JTO,bull_quiet,-0.02495606326889277,-0.02645606326889277,eod,24.0,-0.034446397188049205
vol,2025-09-18,KRW-AERO,bull_quiet,-0.012910166756320618,-0.014410166756320618,eod,23.75,-0.024744486282947786
vol,2025-09-18,KRW-OPEN,bull_quiet,0.013445378151260456,0.011945378151260457,eod,24.0,-0.021848739495798353
vol,2025-09-19,KRW-API3,bull_quiet,-0.03165033911077619,-0.033150339110776195,eod,24.0,-0.038432554634513894
vol,2025-09-19,KRW-MNT,bull_quiet,-0.05,-0.051500000000000004,sl,15.0,-0.05288852725793325
vol,2025-09-19,KRW-AVAX,bull_quiet,-0.03070624360286589,-0.03220624360286589,eod,24.0,-0.042374616171954926
vol,2025-09-20,KRW-BEAM,bull_quiet,-0.017391304347825987,-0.018891304347825988,eod,24.0,-0.04347826086956519
vol,2025-09-20,KRW-ATH,bull_quiet,-0.011520737327188946,-0.013020737327188945,eod,24.0,-0.020737327188940058
vol,2025-09-20,KRW-AWE,bull_quiet,0.1,0.0985,tp,8.5,-0.02857142857142858
vol,2025-09-21,KRW-SIGN,bull_quiet,-0.008403361344537785,-0.009903361344537785,eod,23.5,-0.03361344537815125
vol,2025-09-21,KRW-ATH,bull_quiet,-0.038461538461538436,-0.03996153846153844,eod,24.0,-0.0454545454545453
vol,2025-09-21,KRW-IMX,bull_quiet,-0.05,-0.051500000000000004,sl,16.75,-0.05048715677590787
vol,2025-09-22,KRW-HOLO,bull_quiet,-0.05,-0.051500000000000004,sl,1.0,-0.05094339622641508
vol,2025-09-22,KRW-AWE,bull_quiet,-0.05,-0.051500000000000004,sl,6.25,-0.06140350877192979
vol,2025-09-22,KRW-DRIFT,bull_quiet,-0.05,-0.051500000000000004,sl,3.25,-0.05882352941176472
vol,2025-09-23,KRW-AVAX,bull_quiet,-0.011159330440173587,-0.012659330440173587,eod,24.0,-0.03719776813391196
vol,2025-09-23,KRW-WLD,bull_quiet,-0.05,-0.051500000000000004,sl,9.75,-0.05228758169934644
vol,2025-09-23,KRW-CRO,bull_quiet,-0.042622950819672156,-0.04412295081967216,eod,24.0,-0.04590163934426228
vol,2025-09-24,KRW-DRIFT,bull_quiet,0.1,0.0985,tp,7.0,-0.033138401559454245
vol,2025-09-24,KRW-MOCA,bull_quiet,0.02123356926188058,0.01973356926188058,eod,24.0,-0.03336703741152691
vol,2025-09-24,KRW-GAME2,bull_quiet,-0.05,-0.051500000000000004,sl,4.0,-0.0565610859728507
vol,2025-09-25,KRW-W,bull_quiet,-0.05,-0.051500000000000004,sl,4.0,-0.052980132450331174
vol,2025-09-25,KRW-BERA,bull_quiet,-0.05,-0.051500000000000004,sl,2.5,-0.05568445475638051
vol,2025-09-25,KRW-HYPER,bull_quiet,-0.05,-0.051500000000000004,sl,2.5,-0.05250596658711215
vol,2025-09-26,KRW-GAME2,bull_quiet,-0.030373831775700855,-0.031873831775700856,eod,24.0,-0.04439252336448607
vol,2025-09-26,KRW-ATH,bull_quiet,-0.05,-0.051500000000000004,sl,2.0,-0.05035971223021585
vol,2025-09-26,KRW-AVNT,bull_quiet,-0.05,-0.051500000000000004,sl,0.75,-0.0537029016890429
vol,2025-09-27,KRW-BERA,bull_quiet,0.0013020833333332593,-0.0001979166666667407,eod,24.0,-0.026822916666666696
vol,2025-09-27,KRW-PUMP,bull_quiet,-0.05,-0.051500000000000004,sl,7.75,-0.04999999999999993
vol,2025-09-27,KRW-MNT,bull_quiet,-0.027272727272727226,-0.028772727272727228,eod,24.0,-0.02766798418972327
vol,2025-09-28,KRW-LA,bull_quiet,-0.009451795841209809,-0.010951795841209809,eod,23.75,-0.04347826086956519
vol,2025-09-28,KRW-IMX,bull_quiet,-0.05,-0.051500000000000004,sl,6.5,-0.05175438596491233
vol,2025-09-28,KRW-OPEN,bull_quiet,-0.05,-0.051500000000000004,sl,6.75,-0.05025125628140703
vol,2025-09-29,KRW-COW,bull_quiet,0.1,0.0985,tp,0.5,0.0
vol,2025-09-29,KRW-OPEN,bull_quiet,-0.05,-0.051500000000000004,sl,11.0,-0.05183312262958284
vol,2025-09-29,KRW-BERA,bull_quiet,-0.03391898487066858,-0.03541898487066858,eod,24.0,-0.039287457296242057
vol,2025-09-30,KRW-PUMP,bull_quiet,-0.05,-0.051500000000000004,sl,1.75,-0.057317073170731536
vol,2025-09-30,KRW-SUN,bull_quiet,0.0,-0.0015,eod,24.0,-0.0055710306406684396
vol,2025-09-30,KRW-MOCA,bull_quiet,-0.05,-0.051500000000000004,sl,8.0,-0.05555555555555558
vol,2025-10-01,KRW-PUMP,bull_quiet,0.1,0.0985,tp,6.75,-0.016470588235294237
vol,2025-10-01,KRW-STRAX,bull_quiet,0.033333333333333215,0.031833333333333214,eod,24.0,-0.025925925925925908
vol,2025-10-01,KRW-BARD,bull_quiet,-0.05,-0.051500000000000004,sl,3.75,-0.05075757575757578
vol,2025-10-02,KRW-BIGTIME,bull_quiet,0.012838801711840375,0.011338801711840376,eod,23.75,-0.015691868758915706
vol,2025-10-02,KRW-MOODENG,bull_quiet,0.050458715596330306,0.048958715596330304,eod,23.75,0.0
vol,2025-10-02,KRW-MNT,bull_quiet,0.03817642698295032,0.036676426982950316,eod,24.0,-0.014455151964418045
vol,2025-10-03,KRW-LA,bull_quiet,0.06525911708253362,0.06375911708253362,eod,24.0,-0.0249520153550864
vol,2025-10-03,KRW-ATOM,bull_quiet,-0.0073649754500818565,-0.008864975450081856,eod,24.0,-0.022913256955810146
vol,2025-10-03,KRW-LAYER,bull_quiet,-0.0016420361247947435,-0.0031420361247947435,eod,24.0,-0.029556650246305383
vol,2025-10-04,KRW-ASTR,bull_quiet,-0.03508771929824572,-0.036587719298245724,eod,23.5,-0.04385964912280704
vol,2025-10-04,KRW-LAYER,bull_quiet,-0.028052805280528004,-0.029552805280528005,eod,24.0,-0.041254125412541254
vol,2025-10-04,KRW-BERA,bull_quiet,-0.05,-0.051500000000000004,sl,15.75,-0.0556849953401678
vol,2025-10-05,KRW-BLUR,bull_quiet,-0.0092592592592593,-0.0107592592592593,eod,24.0,-0.01851851851851849
vol,2025-10-05,KRW-SNT,bull_quiet,0.012422360248447228,0.010922360248447229,eod,23.5,-0.0031055900621118626
vol,2025-10-05,KRW-HOLO,bull_quiet,0.03858520900321549,0.03708520900321549,eod,24.0,-0.009646302250803873
vol,2025-10-06,KRW-ZETA,bull_quiet,0.1,0.0985,tp,23.0,-0.008230452674897082
vol,2025-10-06,KRW-APT,bull_quiet,-0.0401785714285714,-0.0416785714285714,eod,24.0,-0.04336734693877553
vol,2025-10-06,KRW-MANTRA,bull_quiet,0.04508196721311486,0.04358196721311486,eod,24.0,-0.004098360655737654
vol,2025-10-07,KRW-ME,bull_quiet,-0.038461538461538436,-0.03996153846153844,eod,24.0,-0.040723981900452455
vol,2025-10-07,KRW-BIGTIME,bull_quiet,-0.05,-0.051500000000000004,sl,16.0,-0.05056179775280911
vol,2025-10-07,KRW-VANA,bull_quiet,-0.03614457831325302,-0.03764457831325302,eod,24.0,-0.04475043029259895
vol,2025-10-08,KRW-BEAM,bull_quiet,0.015151515151515138,0.013651515151515138,eod,24.0,-0.015151515151515138
vol,2025-10-08,KRW-FLUID,bull_quiet,0.013109596224436304,0.011609596224436304,eod,23.25,-0.035658101730466685
vol,2025-10-08,KRW-PUMP,bull_quiet,-0.05,-0.051500000000000004,sl,2.75,-0.050483351235230955
vol,2025-10-09,KRW-FF,bull_quiet,-0.05,-0.051500000000000004,sl,2.5,-0.05531914893617018
vol,2025-10-09,KRW-FLUID,bull_quiet,-0.05,-0.051500000000000004,sl,9.0,-0.058488612836438914
vol,2025-10-09,KRW-BAT,bull_quiet,0.1,0.0985,tp,11.75,-0.022935779816513735
vol,2025-10-10,KRW-ATH,bull_quiet,-0.05,-0.051500000000000004,sl,21.25,-0.09669211195928751
vol,2025-10-10,KRW-CELO,bull_quiet,0.1,0.0985,tp,6.0,-0.011428571428571455
vol,2025-10-10,KRW-SOMI,bull_quiet,-0.05,-0.051500000000000004,sl,15.0,-0.054629629629629584
vol,2025-10-11,KRW-ME,bull_quiet,0.018897637795275646,0.017397637795275644,eod,23.75,-0.03464566929133861
vol,2025-10-11,KRW-TIA,bull_quiet,0.1,0.0985,tp,0.75,-0.043201133144475934
vol,2025-10-11,KRW-TREE,bull_quiet,0.1,0.0985,tp,0.5,0.0
vol,2025-10-12,KRW-WCT,bull_quiet,0.1,0.0985,tp,16.75,-0.025423728813559365
vol,2025-10-12,KRW-HOLO,bull_quiet,0.1,0.0985,tp,5.75,-0.0050000000000000044
vol,2025-10-12,KRW-ID,bull_quiet,0.1,0.0985,tp,21.0,-0.012195121951219523
vol,2025-10-13,KRW-BAT,bull_quiet,0.1,0.0985,tp,7.5,-0.03396226415094339
vol,2025-10-13,KRW-BEAM,bull_quiet,0.042944785276073594,0.04144478527607359,eod,24.0,-0.015337423312883236
vol,2025-10-13,KRW-WAL,bull_quiet,-0.05,-0.051500000000000004,sl,11.5,-0.06830601092896171
vol,2025-10-14,KRW-SAHARA,bull_quiet,-0.015873015873015928,-0.01737301587301593,eod,24.0,-0.03968253968253965
vol,2025-10-14,KRW-LA,bull_quiet,-0.05,-0.051500000000000004,sl,8.25,-0.07086614173228345
vol,2025-10-14,KRW-IN,bull_quiet,-0.05,-0.051500000000000004,sl,4.25,-0.06049822064056942
vol,2025-10-15,KRW-JST,bull_quiet,-0.002032520325203291,-0.003532520325203291,eod,23.25,-0.014227642276422814
vol,2025-10-15,KRW-WAL,bull_quiet,0.0,-0.0015,eod,24.0,-0.02011494252873558
vol,2025-10-15,KRW-DRIFT,bull_quiet,-0.05,-0.051500000000000004,sl,16.25,-0.0505050505050505
vol,2025-10-16,KRW-WCT,bull_quiet,-0.05,-0.051500000000000004,sl,20.75,-0.051181102362204745
vol,2025-10-16,KRW-0G,bull_quiet,-0.03768115942028982,-0.039181159420289824,eod,24.0,-0.0499194847020934
vol,2025-10-16,KRW-CARV,bull_quiet,-0.05,-0.051500000000000004,sl,16.25,-0.051094890510948954
vol,2025-10-17,KRW-FIL,bull_quiet,-0.05,-0.051500000000000004,sl,7.5,-0.05161854768153984
vol,2025-10-17,KRW-PENGU,bull_quiet,-0.05,-0.051500000000000004,sl,7.25,-0.05341246290801194
vol,2025-10-17,KRW-DOOD,bull_quiet,0.1,0.0985,tp,3.75,0.0
vol,2025-10-18,KRW-FIL,bull_quiet,0.011978704525288375,0.010478704525288375,eod,23.5,-0.0031055900621117516
vol,2025-10-18,KRW-JTO,bull_quiet,-0.05,-0.051500000000000004,sl,13.25,-0.05048766494549628
vol,2025-10-18,KRW-COMP,bull_quiet,0.07407407407407418,0.07257407407407418,eod,22.25,-0.00877192982456143
vol,2025-10-19,KRW-AXL,bull_quiet,-0.05,-0.051500000000000004,sl,9.0,-0.05128205128205132
vol,2025-10-19,KRW-PROVE,bull_quiet,-0.05,-0.051500000000000004,sl,6.25,-0.052802599512591364
vol,2025-10-19,KRW-SUPER,bull_quiet,0.03209459459459452,0.030594594594594515,eod,23.25,-0.015202702702702742
vol,2025-10-20,KRW-KAVA,bull_quiet,-0.013043478260869601,-0.0145434782608696,eod,24.0,-0.021739130434782594
vol,2025-10-20,KRW-OPEN,bull_quiet,0.07869481765834929,0.07719481765834929,eod,24.0,-0.028790786948176605
vol,2025-10-20,KRW-BAT,bull_quiet,-0.05,-0.051500000000000004,sl,16.25,-0.05351170568561869
vol,2025-10-21,KRW-BARD,bull_quiet,-0.026612077789150423,-0.028112077789150425,eod,23.75,-0.035823950870010224
vol,2025-10-21,KRW-JTO,bull_quiet,-0.05,-0.051500000000000004,sl,4.75,-0.0521382542472173
vol,2025-10-21,KRW-0G,bull_quiet,0.1,0.0985,tp,0.25,-0.005145797598627766
vol,2025-10-22,KRW-2Z,bull_quiet,-0.05,-0.051500000000000004,sl,5.25,-0.05655526992287918
vol,2025-10-22,KRW-WAL,bull_quiet,-0.05,-0.051500000000000004,sl,10.5,-0.050420168067226934
vol,2025-10-22,KRW-WCT,bull_quiet,-0.05,-0.051500000000000004,sl,20.75,-0.05179282868525892
vol,2025-10-23,KRW-LINEA,bull_quiet,0.017316017316017174,0.015816017316017172,eod,24.0,-0.0043290043290044045
vol,2025-10-23,KRW-WAL,bull_quiet,0.1,0.0985,tp,10.75,-0.011527377521613813
vol,2025-10-23,KRW-ZKC,bull_quiet,0.1,0.0985,tp,5.5,-0.012422360248447228
vol,2025-10-24,KRW-MIRA,bull_volatile,0.05756929637526653,0.05606929637526653,eod,24.0,-0.010660980810234588
vol,2025-10-24,KRW-RED,bull_volatile,-0.01158301158301156,-0.01308301158301156,eod,23.25,-0.027027027027026973
vol,2025-10-24,KRW-PUMP,bull_volatile,0.1,0.0985,tp,19.5,-0.017452006980802848
vol,2025-10-25,KRW-NEWT,bull_volatile,0.05263157894736836,0.05113157894736836,eod,17.25,-0.00877192982456143
vol,2025-10-25,KRW-FLOCK,bull_volatile,0.06976744186046502,0.06826744186046502,eod,17.25,-0.02657807308970095
vol,2025-10-25,KRW-MIRA,bull_volatile,0.06451612903225801,0.063016129032258,eod,17.25,-0.012096774193548376
vol,2025-10-26,KRW-FLOCK,bull_quiet,0.006211180124223503,0.004711180124223504,eod,23.25,-0.02795031055900621
vol,2025-10-26,KRW-AERO,bull_quiet,0.02934702861335281,0.02784702861335281,eod,22.0,-0.023477622890682337
vol,2025-10-26,KRW-ZBT,bull_quiet,0.00982800982800991,0.00832800982800991,eod,24.0,-0.03439803439803435
vol,2025-10-27,KRW-LSK,bull_volatile,-0.021341463414634165,-0.022841463414634167,eod,23.25,-0.024390243902439046
vol,2025-10-27,KRW-CARV,bull_volatile,-0.05,-0.051500000000000004,sl,16.5,-0.06425702811244982
vol,2025-10-27,KRW-SUPER,bull_volatile,-0.032733224222585955,-0.034233224222585956,eod,22.75,-0.039279869067103124
vol,2025-10-28,KRW-SONIC,bull_volatile,-0.05,-0.051500000000000004,sl,0.75,-0.052631578947368474
vol,2025-10-28,KRW-CELO,bull_volatile,-0.015873015873015928,-0.01737301587301593,eod,24.0,-0.03968253968253965
vol,2025-10-28,KRW-BIO,bull_volatile,-0.05,-0.051500000000000004,sl,3.75,-0.050724637681159424
vol,2025-10-29,KRW-EGLD,bull_quiet,0.01334269662921339,0.011842696629213391,eod,22.25,-0.002808988764044895
vol,2025-10-29,KRW-AERO,bull_quiet,0.004112405757368043,0.0026124057573680428,eod,23.25,-0.04043865661411927
vol,2025-10-29,KRW-TREE,bull_quiet,0.1,0.0985,tp,14.5,-0.026119402985074647
vol,2025-10-30,KRW-WLFI,bull_volatile,-0.05,-0.051500000000000004,sl,12.5,-0.05069124423963134
vol,2025-10-30,KRW-ZKC,bull_volatile,-0.05,-0.051500000000000004,sl,4.5,-0.059171597633136064
vol,2025-10-30,KRW-FF,bull_volatile,-0.05,-0.051500000000000004,sl,4.75,-0.052863436123347984
vol,2025-10-31,KRW-ORDER,bull_volatile,0.006211180124223503,0.004711180124223504,eod,24.0,-0.03105590062111796
vol,2025-10-31,KRW-PROVE,bull_volatile,-0.05,-0.051500000000000004,sl,17.0,-0.05700483091787445
vol,2025-10-31,KRW-CPOOL,bull_volatile,-0.05,-0.051500000000000004,sl,18.25,-0.05504587155963303
vol,2025-11-01,KRW-SOMI,bull_quiet,-0.00990099009900991,-0.01140099009900991,eod,23.75,-0.041254125412541254
vol,2025-11-01,KRW-ORDER,bull_quiet,-0.006191950464396245,-0.007691950464396245,eod,24.0,-0.02786377708978327
vol,2025-11-01,KRW-BIO,bull_quiet,0.007936507936507908,0.006436507936507909,eod,22.25,-0.015873015873015928
vol,2025-11-02,KRW-ZORA,bull_quiet,-0.05,-0.051500000000000004,sl,15.5,-0.05660377358490565
vol,2025-11-02,KRW-CPOOL,bull_quiet,-0.05,-0.051500000000000004,sl,10.75,-0.08415841584158412
vol,2025-11-02,KRW-FIL,bull_quiet,0.1,0.0985,tp,9.5,-0.006841046277666019
vol,2025-11-03,KRW-AXL,bull_quiet,-0.05,-0.051500000000000004,sl,2.75,-0.052044609665427455
vol,2025-11-03,KRW-T,bull_quiet,-0.05,-0.051500000000000004,sl,3.75,-0.05445544554455439
vol,2025-11-03,KRW-MOCA,bull_quiet,-0.05,-0.051500000000000004,sl,4.5,-0.05033557046979864
vol,2025-11-04,KRW-IP,bull_quiet,-0.05,-0.051500000000000004,sl,5.75,-0.050420168067226934
vol,2025-11-04,KRW-2Z,bull_quiet,-0.05,-0.051500000000000004,sl,6.0,-0.054621848739495826
vol,2025-11-04,KRW-CARV,bull_quiet,0.1,0.0985,tp,11.75,-0.01872659176029967
vol,2025-11-05,KRW-ORDER,bear_volatile,0.05241935483870974,0.05091935483870974,eod,24.0,-0.04435483870967738
vol,2025-11-05,KRW-GLM,bear_volatile,-0.05,-0.051500000000000004,sl,1.5,-0.06716417910447758
vol,2025-11-05,KRW-MEW,bear_volatile,-0.05,-0.051500000000000004,sl,1.5,-0.06481481481481488
vol,2025-11-06,KRW-LPT,bull_volatile,0.03937007874015741,0.03787007874015741,eod,24.0,-0.029527559055118058
vol,2025-11-06,KRW-KERNEL,bull_volatile,-0.05,-0.051500000000000004,sl,6.0,-0.0573248407643312
vol,2025-11-06,KRW-RVN,bull_volatile,-0.05,-0.051500000000000004,sl,1.5,-0.05263157894736836
vol,2025-11-07,KRW-TFUEL,bear_volatile,0.1,0.0985,tp,17.0,-0.031746031746031744
vol,2025-11-07,KRW-GLM,bear_volatile,0.09246575342465757,0.09096575342465757,eod,24.0,-0.03082191780821919
vol,2025-11-07,KRW-LPT,bear_volatile,0.061121613106490225,0.05962161310649022,eod,24.0,-0.03591682419659736
vol,2025-11-08,KRW-SAHARA,bear_volatile,-0.05,-0.051500000000000004,sl,7.25,-0.050420168067226934
vol,2025-11-08,KRW-PROVE,bear_volatile,0.00901916572717032,0.00751916572717032,eod,24.0,-0.011273957158962844
vol,2025-11-08,KRW-IN,bear_volatile,-0.05,-0.051500000000000004,sl,14.0,-0.05128205128205132
vol,2025-11-09,KRW-BARD,bear_volatile,-0.05,-0.051500000000000004,sl,2.75,-0.05340223944875111
vol,2025-11-09,KRW-ENSO,bear_volatile,-0.05,-0.051500000000000004,sl,3.0,-0.0501529051987768
vol,2025-11-09,KRW-FLOCK,bear_volatile,-0.05,-0.051500000000000004,sl,4.0,-0.05033557046979864
vol,2025-11-10,KRW-JUP,bear_volatile,0.03244274809160297,0.030942748091602967,eod,23.5,-0.009541984732824416
vol,2025-11-10,KRW-PENGU,bear_volatile,0.06607929515418509,0.06457929515418509,eod,24.0,-0.013215859030836996
vol,2025-11-10,KRW-F,bear_volatile,0.1,0.0985,tp,8.75,-0.017341040462427793
vol,2025-11-11,KRW-ENSO,bull_volatile,-0.05,-0.051500000000000004,sl,6.0,-0.050677666470241634
vol,2025-11-11,KRW-RAY,bull_volatile,-0.05,-0.051500000000000004,sl,18.75,-0.05154639175257736
vol,2025-11-11,KRW-GLM,bull_volatile,-0.05,-0.051500000000000004,sl,14.75,-0.05084745762711862
vol,2025-11-12,KRW-KNC,bear_volatile,-0.01758241758241763,-0.019082417582417632,eod,23.75,-0.03516483516483515
vol,2025-11-12,KRW-ONG,bear_volatile,0.042944785276073594,0.04144478527607359,eod,24.0,-0.018404907975460127
vol,2025-11-12,KRW-AERGO,bear_volatile,0.1,0.0985,tp,8.0,-0.01869158878504673
vol,2025-11-13,KRW-ANIME,bear_volatile,-0.05,-0.051500000000000004,sl,16.0,-0.05128205128205121
vol,2025-11-13,KRW-MINA,bear_volatile,-0.05,-0.051500000000000004,sl,3.25,-0.05777777777777782
vol,2025-11-13,KRW-IP,bear_volatile,0.1,0.0985,tp,6.5,-0.027482269503546153
vol,2025-11-14,KRW-CPOOL,bear_volatile,-0.05,-0.051500000000000004,sl,0.25,-0.07717041800643087
vol,2025-11-14,KRW-NEAR,bear_volatile,-0.05,-0.051500000000000004,sl,4.75,-0.052744886975242156
vol,2025-11-14,KRW-AERO,bear_volatile,-0.05,-0.051500000000000004,sl,4.0,-0.05024769992922862
vol,2025-11-15,KRW-LA,bear_volatile,0.1,0.0985,tp,3.5,0.0
vol,2025-11-15,KRW-MMT,bear_volatile,-0.0035398230088495852,-0.005039823008849585,eod,24.0,-0.046017699115044275
vol,2025-11-15,KRW-KITE,bear_volatile,0.1,0.0985,tp,15.25,-0.034782608695652195
vol,2025-11-16,KRW-MMT,bear_volatile,-0.05,-0.051500000000000004,sl,11.5,-0.06927175843694489
vol,2025-11-16,KRW-API3,bear_volatile,-0.05,-0.051500000000000004,sl,11.5,-0.05555555555555558
vol,2025-11-16,KRW-UNI,bear_volatile,-0.05,-0.051500000000000004,sl,22.25,-0.053057553956834536
vol,2025-11-17,KRW-SIGN,bear_volatile,-0.05,-0.051500000000000004,sl,13.75,-0.05210084033613449
vol,2025-11-17,KRW-UNI,bear_volatile,0.1,0.0985,tp,8.0,-0.006554307116104829
vol,2025-11-17,KRW-AWE,bear_volatile,0.1,0.0985,tp,0.25,0.0
vol,2025-11-18,KRW-ARDR,bear_volatile,-0.05,-0.051500000000000004,sl,2.75,-0.050160085378868735
vol,2025-11-18,KRW-ERA,bear_volatile,-0.05,-0.051500000000000004,sl,0.5,-0.054545454545454564
vol,2025-11-18,KRW-MINA,bear_volatile,-0.05,-0.051500000000000004,sl,9.75,-0.05164319248826288
vol,2025-11-19,KRW-IN,bear_volatile,-0.05,-0.051500000000000004,sl,15.25,-0.05555555555555558
vol,2025-11-19,KRW-TRUST,bear_volatile,-0.05,-0.051500000000000004,sl,6.0,-0.052023121387283267
vol,2025-11-19,KRW-ERA,bear_volatile,-0.05,-0.051500000000000004,sl,6.25,-0.054200542005420016
vol,2025-11-20,KRW-ZORA,bear_volatile,0.1,0.0985,tp,3.25,-0.0283600493218249
vol,2025-11-20,KRW-NEAR,bear_volatile,-0.05,-0.051500000000000004,sl,16.0,-0.05055069189494488
vol,2025-11-20,KRW-CPOOL,bear_volatile,0.1,0.0985,tp,0.25,0.0
vol,2025-11-21,KRW-CPOOL,bear_volatile,-0.05,-0.051500000000000004,sl,0.25,-0.06323529411764706
vol,2025-11-21,KRW-ALT,bear_volatile,-0.05,-0.051500000000000004,sl,7.75,-0.08898305084745772
vol,2025-11-21,KRW-MMT,bear_volatile,-0.05,-0.051500000000000004,sl,7.75,-0.16543209876543208
vol,2025-11-22,KRW-HOLO,bear_volatile,0.1,0.0985,tp,0.75,-0.007299270072992692
vol,2025-11-22,KRW-SOMI,bear_volatile,-0.05,-0.051500000000000004,sl,5.5,-0.0531400966183575
vol,2025-11-22,KRW-SYRUP,bear_volatile,0.0,-0.0015,eod,23.25,-0.04921700223713643
vol,2025-11-23,KRW-SONIC,bear_volatile,-0.014705882352941124,-0.016205882352941126,eod,23.5,-0.03676470588235292
vol,2025-11-23,KRW-RED,bear_volatile,0.0,-0.0015,eod,22.75,-0.010282776349614386
vol,2025-11-23,KRW-1INCH,bear_volatile,0.1,0.0985,tp,5.25,-0.021428571428571463
vol,2025-11-24,KRW-BLAST,bear_volatile,-0.05,-0.051500000000000004,sl,15.0,-0.05228758169934644
vol,2025-11-24,KRW-FIL,bear_volatile,0.006538618716796174,0.005038618716796174,eod,24.0,-0.018798528810788695
vol,2025-11-24,KRW-BTC,bear_volatile,0.004363702480340681,0.002863702480340681,eod,24.0,-0.02233367172229883
vol,2025-11-25,KRW-DEEP,bear_volatile,0.1,0.0985,tp,23.25,-0.02752293577981657
vol,2025-11-25,KRW-BSV,bear_volatile,0.004184100418409997,0.002684100418409997,eod,24.0,-0.02124235597038948
vol,2025-11-25,KRW-CELO,bear_volatile,0.04016064257028118,0.03866064257028118,eod,24.0,-0.012048192771084376
vol,2025-11-26,KRW-ONG,bear_volatile,-0.013245033112582738,-0.014745033112582738,eod,20.5,-0.039735099337748325
vol,2025-11-26,KRW-MVL,bear_volatile,0.0,-0.0015,eod,23.0,-0.037878787878787956
vol,2025-11-26,KRW-LAYER,bear_volatile,0.1,0.0985,tp,2.25,0.0
vol,2025-11-27,KRW-LPT,bear_volatile,0.1,0.0985,tp,10.5,-0.009700889248181133
vol,2025-11-27,KRW-TRUMP,bear_volatile,0.019691325172964236,0.018191325172964234,eod,24.0,-0.006918573709419951
vol,2025-11-27,KRW-TOKAMAK,bear_volatile,0.0,-0.0015,eod,23.5,-0.04138513513513509
vol,2025-11-28,KRW-TAIKO,bear_volatile,0.1,0.0985,tp,11.0,-0.006329113924050667
vol,2025-11-28,KRW-HYPER,bear_volatile,0.1,0.0985,tp,1.25,-0.004608294930875556
vol,2025-11-28,KRW-W,bear_volatile,-0.020408163265306145,-0.021908163265306146,eod,24.0,-0.04217687074829923
vol,2025-11-29,KRW-GMT,bear_volatile,0.1,0.0985,tp,0.25,-0.013071895424836666
vol,2025-11-29,KRW-XEC,bear_volatile,-0.02083333333333326,-0.02233333333333326,eod,23.5,-0.03645833333333326
vol,2025-11-29,KRW-BLAST,bear_volatile,0.019607843137254832,0.01810784313725483,eod,23.5,-0.006535947712418277
vol,2025-11-30,KRW-META,bear_volatile,-0.05,-0.051500000000000004,sl,3.25,-0.05729166666666652
vol,2025-11-30,KRW-TT,bear_volatile,-0.05,-0.051500000000000004,sl,4.5,-0.050761421319796884
vol,2025-11-30,KRW-DKA,bear_volatile,-0.05,-0.051500000000000004,sl,10.0,-0.05405405405405406
vol,2025-12-01,KRW-ASTR,bear_volatile,-0.05,-0.051500000000000004,sl,0.5,-0.05940594059405935
vol,2025-12-01,KRW-THETA,bear_volatile,-0.05,-0.051500000000000004,sl,0.25,-0.05709342560553632
vol,2025-12-01,KRW-IN,bear_volatile,-0.05,-0.051500000000000004,sl,0.75,-0.06474820143884896
vol,2025-12-02,KRW-FLOCK,bear_volatile,-0.05,-0.051500000000000004,sl,0.25,-0.05291005291005291
vol,2025-12-02,KRW-VANA,bear_volatile,0.012770809578107167,0.011270809578107168,eod,24.0,-0.026681870011402542
vol,2025-12-02,KRW-IOST,bear_volatile,-0.05,-0.051500000000000004,sl,2.75,-0.051724137931034475
vol,2025-12-03,KRW-WCT,bear_volatile,0.1,0.0985,tp,19.0,-0.021582733812949617
vol,2025-12-03,KRW-PLUME,bear_volatile,0.03921568627450989,0.037715686274509885,eod,24.0,-0.013071895424836666
vol,2025-12-03,KRW-AXL,bear_volatile,0.005586592178770999,0.004086592178771,eod,23.0,-0.027932960893854775
vol,2025-12-04,KRW-PLUME,bear_volatile,0.012618296529968598,0.011118296529968598,eod,24.0,-0.025236593059936974
vol,2025-12-04,KRW-WCT,bear_volatile,-0.05,-0.051500000000000004,sl,14.75,-0.05405405405405406
vol,2025-12-04,KRW-SAHARA,bear_volatile,0.1,0.0985,tp,9.25,-0.022184300341297036
vol,2025-12-05,KRW-LAYER,bear_volatile,-0.05,-0.051500000000000004,sl,16.25,-0.05625000000000002
vol,2025-12-05,KRW-MMT,bear_volatile,-0.05,-0.051500000000000004,sl,9.5,-0.051490514905149
vol,2025-12-05,KRW-SUPER,bear_volatile,-0.05,-0.051500000000000004,sl,19.25,-0.054973821989528826
vol,2025-12-06,KRW-GMT,bear_volatile,0.011857707509881354,0.010357707509881355,eod,22.5,-0.01976284584980237
vol,2025-12-06,KRW-CELO,bear_volatile,0.024193548387096753,0.02269354838709675,eod,23.25,-0.016129032258064502
vol,2025-12-06,KRW-LSK,bear_volatile,-0.017804154302670572,-0.019304154302670573,eod,24.0,-0.03264094955489616
vol,2025-12-07,KRW-HIVE,bear_volatile,-0.05,-0.051500000000000004,sl,14.5,-0.05095541401273884
vol,2025-12-07,KRW-ZIL,bear_volatile,-0.05,-0.051500000000000004,sl,14.5,-0.062200956937799035
vol,2025-12-07,KRW-CHZ,bear_volatile,-0.05,-0.051500000000000004,sl,14.5,-0.052410901467505266
vol,2025-12-08,KRW-CARV,bear_volatile,-0.004854368932038833,-0.006354368932038832,eod,21.25,-0.01941747572815533
vol,2025-12-08,KRW-2Z,bear_volatile,-0.05,-0.051500000000000004,sl,15.0,-0.052631578947368474
vol,2025-12-08,KRW-SYRUP,bear_volatile,-0.014851485148514865,-0.016351485148514866,eod,24.0,-0.04702970297029707
vol,2025-12-09,KRW-BLAST,bear_volatile,0.03816793893129766,0.03666793893129766,eod,23.5,-0.022900763358778664
vol,2025-12-09,KRW-PEPE,bear_volatile,0.035310734463276816,0.033810734463276815,eod,24.0,-0.04096045197740117
vol,2025-12-09,KRW-DRIFT,bear_volatile,0.0028328611898016387,0.0013328611898016387,eod,24.0,-0.04532577903682722
vol,2025-12-10,KRW-SOMI,bear_volatile,-0.019830028328611915,-0.021330028328611916,eod,23.5,-0.04815864022662886
vol,2025-12-10,KRW-ID,bear_volatile,-0.05,-0.051500000000000004,sl,11.0,-0.050000000000000044
vol,2025-12-10,KRW-MTL,bear_volatile,0.1,0.0985,tp,0.25,-0.0016207455429497752
vol,2025-12-11,KRW-MTL,bear_volatile,-0.05,-0.051500000000000004,sl,1.5,-0.05477308294209704
vol,2025-12-11,KRW-MNT,bear_volatile,0.025966532025389455,0.024466532025389454,eod,24.0,-0.04039238315060589
vol,2025-12-11,KRW-COW,bear_volatile,-0.05,-0.051500000000000004,sl,4.25,-0.05280528052805278
vol,2025-12-12,KRW-HUNT,bear_volatile,-0.03181818181818186,-0.03331818181818186,eod,23.5,-0.040909090909090895
vol,2025-12-12,KRW-BAT,bear_volatile,0.0072289156626506035,0.005728915662650604,eod,24.0,-0.026506024096385583
vol,2025-12-12,KRW-ZORA,bear_volatile,-0.05,-0.051500000000000004,sl,15.25,-0.050518134715025975
vol,2025-12-13,KRW-MNT,bear_volatile,0.05976520811099251,0.058265208110992506,eod,23.75,-0.014941302027748127
vol,2025-12-13,KRW-MMT,bear_volatile,-0.05,-0.051500000000000004,sl,2.75,-0.05246913580246915
vol,2025-12-13,KRW-CPOOL,bear_volatile,-0.05,-0.051500000000000004,sl,1.25,-0.05526770293609662
vol,2025-12-14,KRW-GAS,bear_volatile,-0.035552682611506126,-0.03705268261150613,eod,24.0,-0.040077569489334164
vol,2025-12-14,KRW-MNT,bear_volatile,-0.05,-0.051500000000000004,sl,23.0,-0.05186304128902319
vol,2025-12-14,KRW-AXL,bear_volatile,0.1,0.0985,tp,1.5,-0.00995024875621886
vol,2025-12-15,KRW-MNT,bear_volatile,0.030481283422459926,0.028981283422459925,eod,24.0,-0.02941176470588236
vol,2025-12-15,KRW-G,bear_volatile,-0.05,-0.051500000000000004,sl,12.0,-0.07215189873417727
vol,2025-12-15,KRW-HYPER,bear_volatile,-0.05,-0.051500000000000004,sl,15.0,-0.05092592592592593
vol,2025-12-16,KRW-AAVE,bear_volatile,-0.05,-0.051500000000000004,sl,5.0,-0.051023950017355046
vol,2025-12-16,KRW-BARD,bear_volatile,0.003493449781659441,0.001993449781659441,eod,24.0,-0.01834061135371179
vol,2025-12-16,KRW-DOOD,bear_volatile,-0.05,-0.051500000000000004,sl,1.0,-0.05125000000000002
vol,2025-12-17,KRW-RAY,bear_volatile,-0.05,-0.051500000000000004,sl,16.25,-0.05834464043419263
vol,2025-12-17,KRW-MON,bear_volatile,-0.05,-0.051500000000000004,sl,5.5,-0.052959501557632516
vol,2025-12-17,KRW-WAVES,bear_volatile,-0.05,-0.051500000000000004,sl,12.0,-0.05425631431244149
vol,2025-12-18,KRW-META,bear_volatile,-0.05,-0.051500000000000004,sl,0.25,-0.06832298136645976
vol,2025-12-18,KRW-MANTRA,bear_volatile,-0.05,-0.051500000000000004,sl,19.0,-0.061320754716981174
vol,2025-12-18,KRW-BARD,bear_volatile,0.1,0.0985,tp,7.75,-0.014225941422594146
vol,2025-12-19,KRW-WCT,bear_volatile,-0.05,-0.051500000000000004,sl,2.0,-0.05405405405405406
vol,2025-12-19,KRW-DOOD,bear_volatile,0.1,0.0985,tp,11.0,-0.01239157372986377
vol,2025-12-19,KRW-SOMI,bear_volatile,-0.05,-0.051500000000000004,sl,1.5,-0.05235602094240843
vol,2025-12-20,KRW-RED,bear_volatile,0.02857142857142847,0.02707142857142847,eod,22.25,-0.0031746031746031633
vol,2025-12-20,KRW-BERA,bear_volatile,0.03899082568807333,0.037490825688073326,eod,23.75,-0.01834862385321101
vol,2025-12-20,KRW-ME,bear_volatile,0.036809815950920255,0.035309815950920254,eod,23.75,-0.006134969325153339
vol,2025-12-21,KRW-OPEN,bear_volatile,0.1,0.0985,tp,11.5,-0.030303030303030276
vol,2025-12-21,KRW-PENDLE,bear_volatile,-0.019895287958115238,-0.02139528795811524,eod,21.75,-0.039790575916230364
vol,2025-12-21,KRW-ZKC,bear_volatile,-0.05,-0.051500000000000004,sl,13.0,-0.05063291139240511
vol,2025-12-22,KRW-POWR,bear_volatile,0.034782608695652195,0.033282608695652194,eod,23.75,0.0
vol,2025-12-22,KRW-HP,bear_volatile,-0.013114754098360604,-0.014614754098360603,eod,21.0,-0.0360655737704918
vol,2025-12-22,KRW-OPEN,bear_volatile,-0.05,-0.051500000000000004,sl,20.0,-0.05681818181818177
vol,2025-12-23,KRW-HIVE,bear_volatile,-0.007042253521126751,-0.00854225352112675,eod,20.5,-0.028169014084507005
vol,2025-12-23,KRW-GRT,bear_volatile,-0.05,-0.051500000000000004,sl,14.75,-0.051236749116607694
vol,2025-12-23,KRW-AERGO,bear_volatile,-0.010183299389002087,-0.011683299389002087,eod,24.0,-0.03767820773930752
vol,2025-12-24,KRW-META,bear_volatile,-0.018633540372670843,-0.020133540372670844,eod,19.75,-0.0434782608695653
vol,2025-12-24,KRW-COW,bear_volatile,-0.05,-0.051500000000000004,sl,5.25,-0.050898203592814384
vol,2025-12-24,KRW-CARV,bear_volatile,-0.05,-0.051500000000000004,sl,6.25,-0.055776892430278835
vol,2025-12-25,KRW-SONIC,bear_volatile,0.0,-0.0015,eod,23.25,-0.009708737864077666
vol,2025-12-25,KRW-ATH,bear_volatile,-0.03546099290780147,-0.03696099290780147,eod,24.0,-0.04255319148936165
vol,2025-12-25,KRW-IMX,bear_volatile,-0.03746397694524495,-0.03896397694524495,eod,24.0,-0.043227665706051854
vol,2025-12-26,KRW-OPEN,bear_volatile,-0.05,-0.051500000000000004,sl,1.75,-0.1620553359683794
vol,2025-12-26,KRW-SYRUP,bear_volatile,0.010162601626016343,0.008662601626016344,eod,21.75,-0.03252032520325199
vol,2025-12-26,KRW-XTZ,bear_volatile,0.1,0.0985,tp,12.0,-0.006134969325153339
vol,2025-12-27,KRW-OP,bear_volatile,0.03562340966921118,0.03412340966921118,eod,21.5,-0.0050890585241730735
vol,2025-12-27,KRW-TOSHI,bear_volatile,-0.018058690744921058,-0.01955869074492106,eod,24.0,-0.04288939051918739
vol,2025-12-27,KRW-API3,bear_volatile,0.007352941176470562,0.0058529411764705625,eod,23.0,-0.039705882352941146
vol,2025-12-28,KRW-ID,bear_volatile,0.1,0.0985,tp,0.5,-0.00108108108108107
vol,2025-12-28,KRW-LPT,bear_volatile,-0.04235937144158508,-0.04385937144158508,eod,22.5,-0.048052835345023914
vol,2025-12-28,KRW-BIGTIME,bear_volatile,0.1,0.0985,tp,10.25,-0.006756756756756799
vol,2025-12-29,KRW-STRAX,bear_volatile,0.1,0.0985,tp,8.75,-0.045454545454545525
vol,2025-12-29,KRW-T,bear_volatile,-0.05,-0.051500000000000004,sl,6.25,-0.051470588235294046
vol,2025-12-29,KRW-TOSHI,bear_volatile,-0.05,-0.051500000000000004,sl,0.5,-0.05088495575221241
vol,2025-12-30,KRW-HIVE,bear_volatile,-0.05,-0.051500000000000004,sl,5.75,-0.05228758169934644
vol,2025-12-30,KRW-ONG,bear_volatile,-0.05,-0.051500000000000004,sl,1.5,-0.05343511450381677
vol,2025-12-30,KRW-MMT,bear_volatile,-0.05,-0.051500000000000004,sl,0.75,-0.05187319884726227
vol,2025-12-31,KRW-PUNDIX,bear_volatile,-0.0029325513196480912,-0.004432551319648091,eod,18.5,-0.02052785923753664
vol,2025-12-31,KRW-SONIC,bear_volatile,0.1,0.0985,tp,4.0,-0.01904761904761909
vol,2025-12-31,KRW-ZETA,bear_volatile,-0.05,-0.051500000000000004,sl,17.25,-0.056190476190476235
vol,2026-01-01,KRW-BOUNTY,bear_volatile,-0.016393442622950838,-0.01789344262295084,eod,20.0,-0.03934426229508192
vol,2026-01-01,KRW-SONIC,bear_volatile,0.0183486238532109,0.016848623853210898,eod,23.0,-0.04587155963302747
vol,2026-01-01,KRW-0G,bear_volatile,-0.008385744234800874,-0.009885744234800873,eod,24.0,-0.03563941299790352
vol,2026-01-02,KRW-TIA,bear_quiet,0.05524861878453047,0.053748618784530466,eod,23.5,-0.013812154696132617
vol,2026-01-02,KRW-TOSHI,bear_quiet,0.1,0.0985,tp,22.0,-0.009433962264150941
vol,2026-01-02,KRW-AERO,bear_quiet,0.1,0.0985,tp,18.75,-0.008784773060029227
vol,2026-01-03,KRW-WLFI,bear_quiet,0.1,0.0985,tp,16.75,-0.03125
vol,2026-01-03,KRW-LINK,bear_quiet,-0.0020844189682126535,-0.0035844189682126535,eod,24.0,-0.022928608650338744
vol,2026-01-03,KRW-MET2,bear_quiet,0.009803921568627416,0.008303921568627417,eod,18.0,-0.02941176470588236
vol,2026-01-04,KRW-AUCTION,bear_quiet,0.008485639686684143,0.006985639686684144,eod,23.5,-0.01305483028720622
vol,2026-01-04,KRW-BARD,bear_quiet,0.004226542688081203,0.002726542688081203,eod,23.75,-0.010143702451394732
vol,2026-01-04,KRW-CRO,bear_quiet,0.07586206896551717,0.07436206896551717,eod,24.0,-0.006896551724137945
vol,2026-01-05,KRW-QKC,bear_quiet,0.024232633279482885,0.022732633279482883,eod,21.0,-0.014539579967689953
vol,2026-01-05,KRW-ENS,bear_quiet,0.05573988055739876,0.054239880557398756,eod,24.0,-0.005972130059721303
vol,2026-01-05,KRW-LINK,bear_quiet,0.038619979402677584,0.03711997940267758,eod,24.0,-0.001029866117404743
vol,2026-01-06,KRW-MLK,bear_quiet,0.1,0.0985,tp,10.5,0.0
vol,2026-01-06,KRW-SIGN,bear_quiet,-0.012195121951219412,-0.013695121951219412,eod,23.75,-0.04529616724738683
vol,2026-01-06,KRW-MINA,bear_quiet,-0.05,-0.051500000000000004,sl,16.0,-0.052631578947368474
vol,2026-01-07,KRW-ERA,bear_quiet,-0.022580645161290325,-0.024080645161290326,eod,23.5,-0.029032258064516148
vol,2026-01-07,KRW-ONG,bear_quiet,-0.05,-0.051500000000000004,sl,14.5,-0.05147058823529416
vol,2026-01-07,KRW-ANIME,bear_quiet,0.1,0.0985,tp,6.25,-0.02777777777777779
vol,2026-01-08,KRW-ERA,bear_quiet,-0.00983606557377048,-0.01133606557377048,eod,22.75,-0.03934426229508192
vol,2026-01-08,KRW-HIVE,bear_quiet,0.018867924528301883,0.01736792452830188,eod,23.5,-0.037735849056603765
vol,2026-01-08,KRW-ANIME,bear_quiet,0.1,0.0985,tp,7.5,-0.018018018018017945
vol,2026-01-09,KRW-PUNDIX,bear_quiet,-0.01319261213720313,-0.01469261213720313,eod,22.5,-0.02902374670184693
vol,2026-01-09,KRW-AGLD,bear_quiet,0.02505694760820054,0.02355694760820054,eod,23.25,-0.02050113895216399
vol,2026-01-09,KRW-SONIC,bear_quiet,-0.05,-0.051500000000000004,sl,13.25,-0.055118110236220486
vol,2026-01-10,KRW-GLM,bear_quiet,0.023640661938534313,0.022140661938534312,eod,23.25,-0.021276595744680882
vol,2026-01-10,KRW-BLAST,bear_quiet,-0.03125,-0.03275,eod,23.5,-0.046875
vol,2026-01-10,KRW-STORJ,bear_quiet,-0.033333333333333326,-0.03483333333333333,eod,23.5,-0.03809523809523807
vol,2026-01-11,KRW-ZETA,bear_quiet,-0.02608695652173909,-0.027586956521739092,eod,23.5,-0.02608695652173909
vol,2026-01-11,KRW-AWE,bear_quiet,-0.05,-0.051500000000000004,sl,22.5,-0.052693208430913296
vol,2026-01-11,KRW-DKA,bear_quiet,-0.05,-0.051500000000000004,sl,16.75,-0.052208835341365556
vol,2026-01-12,KRW-POKT,bear_quiet,-0.05,-0.051500000000000004,sl,1.0,-0.06435643564356441
vol,2026-01-12,KRW-MET2,bear_quiet,0.1,0.0985,tp,0.25,-0.03626943005181349
vol,2026-01-12,KRW-PUMP,bear_quiet,0.1,0.0985,tp,17.25,-0.03399433427762033
vol,2026-01-13,KRW-GLM,bear_quiet,0.1,0.0985,tp,14.25,-0.012765957446808529
vol,2026-01-13,KRW-RENDER,bear_quiet,-0.0128571428571429,-0.0143571428571429,eod,24.0,-0.019142857142857128
vol,2026-01-13,KRW-HP,bear_quiet,0.011695906432748426,0.010195906432748427,eod,22.5,-0.032163742690058506
vol,2026-01-14,KRW-DRIFT,bear_volatile,0.1,0.0985,tp,6.25,-0.008298755186721962
vol,2026-01-14,KRW-ETH,bear_volatile,0.009443646068569178,0.007943646068569179,eod,24.0,-0.011496612605214507
vol,2026-01-14,KRW-ARK,bear_volatile,-0.0022988505747126853,-0.0037988505747126853,eod,23.75,-0.016091954022988464
vol,2026-01-15,KRW-WAL,bear_quiet,-0.05,-0.051500000000000004,sl,3.5,-0.06008583690987124
vol,2026-01-15,KRW-AERO,bear_quiet,-0.05,-0.051500000000000004,sl,3.75,-0.06074240719910007
vol,2026-01-15,KRW-BIGTIME,bear_quiet,-0.05,-0.051500000000000004,sl,3.5,-0.05113636363636376
vol,2026-01-16,KRW-GMT,bear_quiet,0.04980842911877392,0.04830842911877392,eod,24.0,0.0
vol,2026-01-16,KRW-LA,bear_quiet,-0.006369426751592355,-0.007869426751592355,eod,23.5,-0.04033970276008492
vol,2026-01-16,KRW-MOCA,bear_quiet,0.020895522388059806,0.019395522388059805,eod,23.25,-0.04477611940298509
vol,2026-01-17,KRW-1INCH,bear_quiet,-0.012552301255230103,-0.014052301255230102,eod,22.75,-0.01673640167364021
vol,2026-01-17,KRW-XTZ,bear_quiet,-0.029540481400437635,-0.031040481400437636,eod,24.0,-0.03391684901531733
vol,2026-01-17,KRW-AGLD,bear_quiet,0.028697571743929284,0.027197571743929283,eod,24.0,-0.02428256070640178
vol,2026-01-18,KRW-TT,bear_quiet,-0.04787234042553179,-0.04937234042553179,eod,20.25,-0.04787234042553179
vol,2026-01-18,KRW-IMX,bear_quiet,-0.05,-0.051500000000000004,sl,23.0,-0.05034324942791757
vol,2026-01-18,KRW-BIGTIME,bear_quiet,0.1,0.0985,tp,12.25,-0.02452316076294292
vol,2026-01-19,KRW-BIO,bear_quiet,-0.05,-0.051500000000000004,sl,0.25,-0.10144927536231885
vol,2026-01-19,KRW-BLAST,bear_quiet,-0.05,-0.051500000000000004,sl,0.25,-0.08870967741935487
vol,2026-01-19,KRW-BLUR,bear_quiet,-0.05,-0.051500000000000004,sl,0.25,-0.09426987060998149
vol,2026-01-25,KRW-RED,bear_volatile,-0.05,-0.051500000000000004,sl,7.5,-0.09510869565217395
vol,2026-01-25,KRW-BOUNTY,bear_volatile,-0.05,-0.051500000000000004,sl,9.75,-0.05177111716621263
vol,2026-01-25,KRW-CTC,bear_volatile,-0.05,-0.051500000000000004,sl,7.5,-0.053268765133171914
vol,2026-01-26,KRW-ASTR,bear_volatile,0.1,0.0985,tp,2.75,-0.024691358024691246
vol,2026-01-26,KRW-ZETA,bear_volatile,0.1,0.0985,tp,4.25,-0.027272727272727226
vol,2026-01-26,KRW-BLAST,bear_volatile,0.1,0.0985,tp,0.25,0.0
vol,2026-01-27,KRW-PROVE,bear_volatile,-0.05,-0.051500000000000004,sl,9.25,-0.05150976909413851
vol,2026-01-27,KRW-ZRX,bear_volatile,-0.05,-0.051500000000000004,sl,15.0,-0.05102040816326525
vol,2026-01-27,KRW-F,bear_volatile,-0.014042126379137487,-0.015542126379137487,eod,22.25,-0.0441323971915748
vol,2026-01-28,KRW-PYTH,bear_volatile,0.03207964601769908,0.03057964601769908,eod,24.0,-0.02986725663716816
vol,2026-01-28,KRW-BEAM,bear_volatile,-0.05,-0.051500000000000004,sl,8.5,-0.051759834368530044
vol,2026-01-28,KRW-ASTR,bear_volatile,-0.017751479289940697,-0.0192514792899407,eod,22.75,-0.041420118343195256
vol,2026-01-29,KRW-ARKM,bear_volatile,-0.05,-0.051500000000000004,sl,0.25,-0.05384615384615388
vol,2026-01-29,KRW-FLOCK,bear_volatile,-0.05,-0.051500000000000004,sl,8.0,-0.050000000000000044
vol,2026-01-29,KRW-LINEA,bear_volatile,-0.05,-0.051500000000000004,sl,1.75,-0.05257270693512295
vol,2026-01-30,KRW-AUCTION,bear_volatile,-0.05,-0.051500000000000004,sl,2.5,-0.054166666666666696
vol,2026-01-30,KRW-ZKC,bear_volatile,0.1,0.0985,tp,12.0,-0.04761904761904767
vol,2026-01-30,KRW-FLUID,bear_volatile,0.06582278481012649,0.06432278481012649,eod,24.0,-0.03797468354430378
vol,2026-01-31,KRW-OPEN,bear_volatile,-0.05,-0.051500000000000004,sl,7.75,-0.05020920502092052
vol,2026-01-31,KRW-DRIFT,bear_volatile,-0.05,-0.051500000000000004,sl,8.25,-0.05494505494505497
vol,2026-01-31,KRW-BREV,bear_volatile,-0.05,-0.051500000000000004,sl,8.5,-0.05226480836236935
vol,2026-02-01,KRW-JTO,bear_volatile,-0.05,-0.051500000000000004,sl,13.0,-0.05206073752711493
vol,2026-02-01,KRW-LAYER,bear_volatile,-0.05,-0.051500000000000004,sl,15.5,-0.05063291139240511
vol,2026-02-01,KRW-TOSHI,bear_volatile,-0.05,-0.051500000000000004,sl,14.75,-0.05504587155963303
vol,2026-02-02,KRW-SUPER,bear_volatile,0.032258064516129004,0.030758064516129002,eod,20.75,-0.032258064516129004
vol,2026-02-02,KRW-DRIFT,bear_volatile,0.018750000000000044,0.017250000000000043,eod,23.5,-0.043749999999999956
vol,2026-02-02,KRW-MOVE,bear_volatile,0.1,0.0985,tp,9.0,-0.03457446808510645
vol,2026-02-03,KRW-SAHARA,bear_volatile,-0.05,-0.051500000000000004,sl,18.0,-0.054151624548736454
vol,2026-02-03,KRW-AERO,bear_volatile,-0.05,-0.051500000000000004,sl,15.75,-0.05166666666666664
vol,2026-02-03,KRW-WLD,bear_volatile,-0.006578947368421018,-0.008078947368421017,eod,24.0,-0.03453947368421051
vol,2026-02-04,KRW-COMP,bear_volatile,-0.017358747447242973,-0.018858747447242974,eod,23.75,-0.03880190605854328
vol,2026-02-04,KRW-WAVES,bear_volatile,0.1,0.0985,tp,3.0,-0.013953488372092981
vol,2026-02-04,KRW-WAL,bear_volatile,-0.05,-0.051500000000000004,sl,13.5,-0.050724637681159424
vol,2026-02-05,KRW-KITE,bear_volatile,-0.05,-0.051500000000000004,sl,6.25,-0.058558558558558516
vol,2026-02-05,KRW-MON,bear_volatile,-0.05,-0.051500000000000004,sl,7.0,-0.05479452054794509
vol,2026-02-05,KRW-F,bear_volatile,-0.05,-0.051500000000000004,sl,11.5,-0.05477855477855487
vol,2026-02-06,KRW-XRP,bear_volatile,-0.05,-0.051500000000000004,sl,0.25,-0.06075808249721293
vol,2026-02-06,KRW-BERA,bear_volatile,-0.05,-0.051500000000000004,sl,0.25,-0.06871609403254975
vol,2026-02-06,KRW-OPEN,bear_volatile,-0.05,-0.051500000000000004,sl,0.25,-0.05882352941176472
vol,2026-02-07,KRW-BTT,bear_volatile,-0.05,-0.051500000000000004,sl,7.25,-0.0513833992094862
vol,2026-02-07,KRW-G,bear_volatile,-0.05,-0.051500000000000004,sl,7.25,-0.05769230769230771
vol,2026-02-07,KRW-GAS,bear_volatile,-0.05,-0.051500000000000004,sl,7.25,-0.060061208875286876
vol,2026-02-08,KRW-F,bear_volatile,0.1,0.0985,tp,0.25,0.0
vol,2026-02-08,KRW-ZIL,bear_volatile,-0.05,-0.051500000000000004,sl,7.5,-0.10256410256410264
vol,2026-02-08,KRW-AWE,bear_volatile,0.009009009009008917,0.007509009009008917,eod,23.5,-0.036036036036036
vol,2026-02-09,KRW-BOUNTY,bear_volatile,-0.05,-0.051500000000000004,sl,8.75,-0.06896551724137934
vol,2026-02-09,KRW-JST,bear_volatile,0.022292993630573354,0.020792993630573353,eod,22.0,-0.030254777070063632
vol,2026-02-09,KRW-AWE,bear_volatile,0.0714285714285714,0.0699285714285714,eod,24.0,-0.017857142857142905
vol,2026-02-10,KRW-BAT,bear_volatile,0.06282722513089012,0.06132722513089012,eod,23.5,-0.020942408376963373
vol,2026-02-10,KRW-DRIFT,bear_volatile,-0.03200000000000003,-0.03350000000000003,eod,23.5,-0.03200000000000003
vol,2026-02-10,KRW-AWE,bear_volatile,-0.01666666666666672,-0.01816666666666672,eod,24.0,-0.025000000000000022
vol,2026-02-11,KRW-DRIFT,bear_volatile,-0.05,-0.051500000000000004,sl,10.0,-0.05737704918032782
vol,2026-02-11,KRW-F,bear_volatile,0.0790067720090295,0.0775067720090295,eod,24.0,-0.004514672686230181
vol,2026-02-11,KRW-KAITO,bear_volatile,0.1,0.0985,tp,0.25,-0.015317286652078765
vol,2026-02-12,KRW-CYBER,bear_volatile,-0.02780996523754342,-0.029309965237543423,eod,23.25,-0.04519119351100809
vol,2026-02-12,KRW-AWE,bear_volatile,0.04132231404958686,0.03982231404958686,eod,24.0,-0.024793388429752095
vol,2026-02-12,KRW-DEEP,bear_volatile,0.02840909090909083,0.026909090909090827,eod,23.75,-0.0028409090909091717
vol,2026-02-13,KRW-CKB,bear_volatile,0.03347280334728042,0.03197280334728042,eod,22.25,-0.025104602510460317
vol,2026-02-13,KRW-AERO,bear_volatile,0.022883295194507935,0.021383295194507934,eod,22.0,-0.04576659038901598
vol,2026-02-13,KRW-CYBER,bear_volatile,0.022646007151370773,0.02114600715137077,eod,23.5,-0.033373063170440975
vol,2026-02-14,KRW-TRUMP,bear_volatile,0.05294705294705304,0.05144705294705304,eod,24.0,-0.002797202797202747
vol,2026-02-14,KRW-MOC,bear_volatile,0.1,0.0985,tp,4.5,-0.002293577981651418
vol,2026-02-14,KRW-WAL,bear_volatile,0.039682539682539764,0.03818253968253976,eod,23.25,-0.03968253968253965
vol,2026-02-15,KRW-ARKM,bear_volatile,-0.05,-0.051500000000000004,sl,13.0,-0.05405405405405406
vol,2026-02-15,KRW-WAVES,bear_volatile,0.1,0.0985,tp,3.0,-0.005284015852047519
vol,2026-02-15,KRW-QKC,bear_volatile,0.1,0.0985,tp,0.25,0.0
vol,2026-02-16,KRW-FF,bear_volatile,0.03389830508474567,0.03239830508474567,eod,22.5,-0.008474576271186418
vol,2026-02-16,KRW-AWE,bear_volatile,-0.05,-0.051500000000000004,sl,11.25,-0.050724637681159424
vol,2026-02-16,KRW-COW,bear_volatile,0.013071895424836555,0.011571895424836555,eod,22.5,-0.0326797385620915
vol,2026-02-17,KRW-BOUNTY,bear_volatile,0.1,0.0985,tp,0.75,0.0
vol,2026-02-17,KRW-PUNDIX,bear_volatile,-0.01953125,-0.02103125,eod,19.25,-0.03515625
vol,2026-02-17,KRW-AQT,bear_volatile,-0.05,-0.051500000000000004,sl,15.0,-0.052631578947368474
vol,2026-02-18,KRW-CTC,bear_volatile,-0.05,-0.051500000000000004,sl,22.25,-0.05078125
vol,2026-02-18,KRW-WET,bear_volatile,0.1,0.0985,tp,13.25,-0.03875968992248058
vol,2026-02-18,KRW-ENSO,bear_volatile,0.1,0.0985,tp,5.0,-0.022820362785254567
vol,2026-02-19,KRW-ORBS,bear_volatile,0.1,0.0985,tp,4.0,-0.03200000000000003
vol,2026-02-19,KRW-BOUNTY,bear_volatile,-0.05,-0.051500000000000004,sl,2.0,-0.05230769230769228
vol,2026-02-19,KRW-ATOM,bear_volatile,-0.028448275862068995,-0.029948275862068996,eod,24.0,-0.04137931034482756
vol,2026-02-20,KRW-LSK,bear_volatile,-0.05,-0.051500000000000004,sl,4.5,-0.05405405405405406
vol,2026-02-20,KRW-JTO,bear_volatile,0.1,0.0985,tp,7.5,-0.0071770334928229484
vol,2026-02-20,KRW-META,bear_volatile,-0.05,-0.051500000000000004,sl,0.5,-0.065359477124183
vol,2026-02-21,KRW-ELSA,bear_volatile,-0.017391304347826098,-0.0188913043478261,eod,23.5,-0.02608695652173909
vol,2026-02-21,KRW-KERNEL,bear_volatile,-0.04761904761904767,-0.04911904761904767,eod,18.25,-0.04857142857142849
vol,2026-02-21,KRW-AKT,bear_volatile,-0.03319502074688796,-0.03469502074688796,eod,23.0,-0.03941908713692943
vol,2026-02-22,KRW-SIGN,bear_volatile,-0.05,-0.051500000000000004,sl,12.25,-0.05089058524173029
vol,2026-02-22,KRW-AAVE,bear_volatile,-0.027420257414661475,-0.028920257414661477,eod,24.0,-0.03525461667599328
vol,2026-02-22,KRW-AERO,bear_volatile,-0.05,-0.051500000000000004,sl,12.25,-0.06832298136645965
vol,2026-02-23,KRW-MOCA,bear_volatile,-0.05,-0.051500000000000004,sl,1.25,-0.05976095617529875
vol,2026-02-23,KRW-CYBER,bear_volatile,-0.05,-0.051500000000000004,sl,1.25,-0.06750572082379858
vol,2026-02-23,KRW-JTO,bear_volatile,-0.05,-0.051500000000000004,sl,3.5,-0.06292134831460672
vol,2026-02-24,KRW-JST,bear_volatile,0.011994002998500619,0.01049400299850062,eod,23.25,-0.016491754122938684
vol,2026-02-24,KRW-IN,bear_volatile,-0.05,-0.051500000000000004,sl,3.75,-0.05130784708249503
vol,2026-02-24,KRW-ORCA,bear_volatile,-0.05,-0.051500000000000004,sl,7.5,-0.05059732958538299
vol,2026-02-25,KRW-BIRB,bear_volatile,-0.024590163934426257,-0.026090163934426258,eod,24.0,-0.040983606557377095
vol,2026-02-25,KRW-SOMI,bear_volatile,-0.05,-0.051500000000000004,sl,12.75,-0.05625000000000002
vol,2026-02-25,KRW-KERNEL,bear_volatile,-0.05,-0.051500000000000004,sl,22.75,-0.05084745762711862
vol,2026-02-26,KRW-TAO,bear_volatile,0.028582464271919683,0.027082464271919682,eod,23.5,-0.009269988412514474
vol,2026-02-26,KRW-NEWT,bear_volatile,0.004040404040404066,0.0025404040404040664,eod,23.75,-0.04343434343434338
vol,2026-02-26,KRW-PENGU,bear_volatile,-0.05,-0.051500000000000004,sl,16.75,-0.05238095238095242
vol,2026-02-27,KRW-BIRB,bear_volatile,-0.05,-0.051500000000000004,sl,10.25,-0.06746031746031744
vol,2026-02-27,KRW-SENT,bear_volatile,-0.05,-0.051500000000000004,sl,10.0,-0.053370786516853896
vol,2026-02-27,KRW-CTC,bear_volatile,-0.03252032520325199,-0.03402032520325199,eod,23.5,-0.04878048780487809
vol,2026-02-28,KRW-CHZ,bear_volatile,-0.05,-0.051500000000000004,sl,7.25,-0.05273833671399586
vol,2026-02-28,KRW-ID,bear_volatile,-0.05,-0.051500000000000004,sl,6.75,-0.05069124423963134
vol,2026-02-28,KRW-DOT,bear_volatile,-0.05,-0.051500000000000004,sl,6.5,-0.05470085470085473
vol,2026-03-01,KRW-ALT,bear_volatile,-0.05,-0.051500000000000004,sl,16.0,-0.05504587155963303
vol,2026-03-01,KRW-GAME2,bear_volatile,-0.02358490566037752,-0.02508490566037752,eod,19.0,-0.028301886792452824
vol,2026-03-01,KRW-MBL,bear_volatile,-0.022388059701492602,-0.023888059701492603,eod,22.25,-0.02985074626865669
vol,2026-03-02,KRW-ELF,bear_volatile,-0.05,-0.051500000000000004,sl,6.75,-0.050420168067226934
vol,2026-03-02,KRW-AZTEC,bear_volatile,-0.0031847133757960666,-0.004684713375796066,eod,24.0,-0.019108280254776955
vol,2026-03-02,KRW-AAVE,bear_volatile,0.1,0.0985,tp,16.25,-0.006038647342995196
vol,2026-03-03,KRW-IMX,bear_volatile,-0.05,-0.051500000000000004,sl,10.25,-0.053941908713692976
vol,2026-03-03,KRW-YGG,bear_volatile,-0.01557093425605538,-0.01707093425605538,eod,23.25,-0.03460207612456745
vol,2026-03-03,KRW-JUP,bear_volatile,0.027131782945736482,0.02563178294573648,eod,23.75,-0.019379844961240345
vol,2026-03-04,KRW-KAITO,bear_volatile,-0.03710575139146566,-0.03860575139146566,eod,23.75,-0.04823747680890533
vol,2026-03-04,KRW-LSK,bear_volatile,-0.05,-0.051500000000000004,sl,3.75,-0.050761421319796995
vol,2026-03-04,KRW-STEEM,bear_volatile,-0.05,-0.051500000000000004,sl,3.75,-0.053738317757009324
vol,2026-03-05,KRW-IN,bear_volatile,-0.03809523809523807,-0.03959523809523807,eod,23.5,-0.04761904761904767
vol,2026-03-05,KRW-MOODENG,bear_volatile,-0.02263648468708379,-0.024136484687083792,eod,23.75,-0.04527296937416769
vol,2026-03-05,KRW-STRAX,bear_volatile,-0.05,-0.051500000000000004,sl,8.0,-0.05405405405405406
vol,2026-03-06,KRW-THETA,bear_volatile,-0.02464788732394363,-0.02614788732394363,eod,20.25,-0.03873239436619713
vol,2026-03-06,KRW-OP,bear_volatile,-0.05,-0.051500000000000004,sl,16.5,-0.05978260869565222
vol,2026-03-06,KRW-FCT2,bear_volatile,-0.021857923497267895,-0.023357923497267896,eod,21.75,-0.04371584699453557
vol,2026-03-07,KRW-WAXP,bear_volatile,-0.018418201516793076,-0.019918201516793077,eod,16.75,-0.02600216684723733
vol,2026-03-07,KRW-ASTR,bear_volatile,0.017857142857143016,0.016357142857143014,eod,23.75,-0.02678571428571419
vol,2026-03-07,KRW-BREV,bear_volatile,-0.05,-0.051500000000000004,sl,5.0,-0.05020920502092052
vol,2026-03-08,KRW-BEAM,bear_volatile,-0.017123287671232834,-0.018623287671232835,eod,21.25,-0.04109589041095896
vol,2026-03-08,KRW-PLUME,bear_volatile,0.1,0.0985,tp,5.75,-0.023255813953488302
vol,2026-03-08,KRW-AZTEC,bear_volatile,-0.05,-0.051500000000000004,sl,2.25,-0.05230769230769228
vol,2026-03-09,KRW-KERNEL,bear_volatile,0.1,0.0985,tp,6.0,-0.025000000000000022
vol,2026-03-09,KRW-CFG,bear_volatile,-0.05,-0.051500000000000004,sl,2.25,-0.05238095238095242
vol,2026-03-09,KRW-KAVA,bear_volatile,0.023711340206185483,0.02221134020618548,eod,24.0,-0.03608247422680411
vol,2026-03-10,KRW-TAO,bear_volatile,0.02417659425367913,0.022676594253679128,eod,24.0,-0.005606166783461819
vol,2026-03-10,KRW-DEEP,bear_volatile,0.013363028953229383,0.011863028953229384,eod,24.0,-0.022271714922049046
vol,2026-03-10,KRW-EDGE,bear_volatile,0.1,0.0985,tp,0.5,0.0
vol,2026-03-11,KRW-RENDER,bear_volatile,0.03899721448467974,0.03749721448467974,eod,24.0,-0.0116063138347261
vol,2026-03-11,KRW-LA,bear_volatile,0.1,0.0985,tp,7.5,-0.023391812865497075
vol,2026-03-11,KRW-TAO,bear_volatile,0.013997951519289842,0.012497951519289842,eod,24.0,-0.03209286445885973
vol,2026-03-12,KRW-ANKR,bear_volatile,-0.016819571865443472,-0.018319571865443474,eod,21.25,-0.025993883792048922
vol,2026-03-12,KRW-ONG,bear_volatile,-0.02922077922077926,-0.03072077922077926,eod,23.75,-0.045454545454545525
vol,2026-03-12,KRW-CVC,bear_volatile,0.011415525114155223,0.009915525114155223,eod,22.0,-0.013698630136986134
vol,2026-03-13,KRW-AZTEC,bear_volatile,-0.05,-0.051500000000000004,sl,19.5,-0.05217391304347818
vol,2026-03-13,KRW-W,bear_volatile,-0.05,-0.051500000000000004,sl,22.25,-0.051851851851851816
vol,2026-03-13,KRW-RENDER,bear_volatile,0.1,0.0985,tp,7.0,-0.011322280630812753
vol,2026-03-14,KRW-MET2,bear_volatile,-0.028000000000000025,-0.029500000000000026,eod,20.0,-0.03600000000000003
vol,2026-03-14,KRW-MEW,bear_volatile,-0.009463722397476393,-0.010963722397476392,eod,23.5,-0.016824395373291168
vol,2026-03-14,KRW-AKT,bear_volatile,0.0030911901081915882,0.0015911901081915882,eod,24.0,-0.040185471406491535
vol,2026-03-15,KRW-BTT,bear_volatile,0.1,0.0985,tp,12.75,-0.010040160642570295
vol,2026-03-15,KRW-BIRB,bear_volatile,-0.05,-0.051500000000000004,sl,3.75,-0.05747126436781613
vol,2026-03-15,KRW-DEEP,bear_volatile,0.0,-0.0015,eod,23.5,-0.044315992292870865
vol,2026-03-16,KRW-MLK,bear_volatile,0.02130325814536338,0.019803258145363378,eod,23.75,-0.013784461152882121
vol,2026-03-16,KRW-TOKAMAK,bear_volatile,0.029931972789115635,0.028431972789115634,eod,22.75,-0.00952380952380949
vol,2026-03-16,KRW-IMX,bear_volatile,0.08800000000000008,0.08650000000000008,eod,22.0,-0.020000000000000018
vol,2026-03-17,KRW-ZKC,bear_volatile,0.008196721311475308,0.006696721311475308,eod,23.75,-0.024590163934426257
vol,2026-03-17,KRW-ASTR,bear_volatile,0.1,0.0985,tp,11.5,-0.017094017094017033
vol,2026-03-17,KRW-0G,bear_volatile,-0.019406392694063967,-0.02090639269406397,eod,24.0,-0.029680365296803624
vol,2026-03-18,KRW-ERA,bear_volatile,-0.05,-0.051500000000000004,sl,15.0,-0.05581395348837215
vol,2026-03-18,KRW-AERGO,bear_volatile,-0.027380952380952395,-0.028880952380952396,eod,23.0,-0.036904761904761885
vol,2026-03-18,KRW-SNT,bear_volatile,-0.05,-0.051500000000000004,sl,14.5,-0.05228758169934644
vol,2026-03-19,KRW-ANIME,bear_volatile,0.1,0.0985,tp,0.5,-0.005340453938584733
vol,2026-03-19,KRW-DKA,bear_volatile,-0.05,-0.051500000000000004,sl,0.25,-0.057071960297766844
vol,2026-03-19,KRW-G,bear_volatile,-0.05,-0.051500000000000004,sl,1.75,-0.057784911717496
vol,2026-03-20,KRW-G,bear_volatile,0.011456628477904962,0.009956628477904962,eod,23.75,-0.03109656301145669
vol,2026-03-20,KRW-TAO,bear_volatile,0.1,0.0985,tp,5.5,-0.02543380080817681
vol,2026-03-20,KRW-SIGN,bear_volatile,0.0226586102719033,0.0211586102719033,eod,24.0,-0.024169184290030343
vol,2026-03-21,KRW-ANKR,bear_volatile,0.1,0.0985,tp,0.25,-0.005134788189987138
vol,2026-03-21,KRW-G,bear_volatile,-0.030844155844155896,-0.0323441558441559,eod,23.25,-0.03409090909090906
vol,2026-03-21,KRW-ETHFI,bear_volatile,0.1,0.0985,tp,5.75,-0.0117647058823529
vol,2026-03-22,KRW-G,bear_volatile,-0.05,-0.051500000000000004,sl,10.75,-0.05025125628140703
vol,2026-03-22,KRW-SIGN,bear_volatile,0.1,0.0985,tp,9.5,-0.017955801104972524
vol,2026-03-22,KRW-CPOOL,bear_volatile,0.1,0.0985,tp,1.25,-0.024390243902438935
vol,2026-03-23,KRW-CFG,bear_volatile,-0.010101010101010055,-0.011601010101010055,eod,23.75,-0.03535353535353536
vol,2026-03-23,KRW-G,bear_volatile,0.1,0.0985,tp,8.0,-0.012544802867383575
vol,2026-03-23,KRW-NXPC,bear_volatile,0.02733485193621865,0.02583485193621865,eod,22.75,-0.02505694760820043
vol,2026-03-24,KRW-ZETA,bear_volatile,-0.027710843373493943,-0.029210843373493944,eod,24.0,-0.048192771084337394
vol,2026-03-24,KRW-ZRO,bear_volatile,0.03171698688624591,0.03021698688624591,eod,24.0,-0.042390972857578535
vol,2026-03-24,KRW-SHIB,bear_volatile,0.018743109151047488,0.017243109151047487,eod,24.0,-0.01433296582138921
vol,2026-03-25,KRW-CVC,bear_volatile,0.1,0.0985,tp,1.25,-0.004098360655737654
vol,2026-03-25,KRW-ICX,bear_volatile,-0.01258992805755399,-0.01408992805755399,eod,21.25,-0.026978417266187105
vol,2026-03-25,KRW-CELO,bear_volatile,0.0,-0.0015,eod,22.5,-0.04065040650406504
vol,2026-03-26,KRW-FCT2,bear_volatile,-0.05,-0.051500000000000004,sl,9.0,-0.05154639175257736
vol,2026-03-26,KRW-AERO,bear_volatile,0.0,-0.0015,eod,21.75,-0.02400000000000002
vol,2026-03-26,KRW-RENDER,bear_volatile,-0.05,-0.051500000000000004,sl,7.5,-0.050000000000000044
vol,2026-03-27,KRW-AWE,bear_volatile,-0.041610738255033475,-0.043110738255033476,eod,22.5,-0.04563758389261752
vol,2026-03-27,KRW-CPOOL,bear_volatile,0.1,0.0985,tp,1.0,-0.013850415512465353
vol,2026-03-27,KRW-CFG,bear_volatile,-0.05,-0.051500000000000004,sl,12.5,-0.0535714285714286
vol,2026-03-28,KRW-MET2,bear_volatile,-0.05,-0.051500000000000004,sl,2.5,-0.05240174672489084
vol,2026-03-28,KRW-DKA,bear_volatile,-0.003831417624521105,-0.005331417624521105,eod,23.75,-0.03959131545338446
vol,2026-03-28,KRW-ANKR,bear_volatile,-0.05,-0.051500000000000004,sl,10.0,-0.05336721728081317
vol,2026-03-29,KRW-ONG,bear_volatile,-0.05,-0.051500000000000004,sl,0.5,-0.05200433369447455
vol,2026-03-29,KRW-SIGN,bear_volatile,0.030425963488843744,0.028925963488843742,eod,24.0,-0.03651115618661249
vol,2026-03-29,KRW-CHZ,bear_volatile,-0.0032679738562092497,-0.004767973856209249,eod,24.0,-0.042483660130719025
vol,2026-03-30,KRW-SIGN,bear_volatile,-0.05,-0.051500000000000004,sl,9.5,-0.05128205128205132
vol,2026-03-30,KRW-KERNEL,bear_volatile,0.06542056074766345,0.06392056074766345,eod,22.75,-0.009345794392523366
vol,2026-03-30,KRW-SENT,bear_volatile,0.010638297872340496,0.009138297872340497,eod,24.0,-0.03546099290780147
vol,2026-03-31,KRW-KNC,bear_volatile,-0.05,-0.051500000000000004,sl,10.0,-0.053097345132743334
vol,2026-03-31,KRW-BSV,bear_volatile,0.014036786060019457,0.012536786060019458,eod,23.25,-0.009196515004840311
vol,2026-03-31,KRW-ONG,bear_volatile,-0.05,-0.051500000000000004,sl,1.0,-0.052999999999999936
vol,2026-04-01,KRW-WCT,bear_volatile,-0.024249422632794393,-0.025749422632794394,eod,24.0,-0.03002309468822162
vol,2026-04-01,KRW-BLAST,bear_volatile,0.1,0.0985,tp,8.25,-0.00433526011560692
vol,2026-04-01,KRW-TREE,bear_volatile,-0.017621145374449254,-0.019121145374449255,eod,23.5,-0.03524229074889873
vol,2026-04-02,KRW-T,bear_volatile,-0.016129032258064502,-0.017629032258064503,eod,20.75,-0.03010752688172058
vol,2026-04-02,KRW-SEI,bear_volatile,-0.05,-0.051500000000000004,sl,17.0,-0.05352798053527985
vol,2026-04-02,KRW-TAIKO,bear_volatile,-0.05,-0.051500000000000004,sl,2.5,-0.05025125628140703
vol,2026-04-03,KRW-ORBS,bear_volatile,-0.023255813953488413,-0.024755813953488415,eod,23.5,-0.03875968992248058
vol,2026-04-03,KRW-SAFE,bear_volatile,0.04216867469879526,0.04066867469879526,eod,23.0,-0.03614457831325302
vol,2026-04-03,KRW-ZORA,bear_volatile,-0.01869158878504662,-0.02019158878504662,eod,23.0,-0.028037383177569986
vol,2026-04-04,KRW-ALT,bear_volatile,-0.03960396039603964,-0.04110396039603964,eod,22.5,-0.04752475247524757
vol,2026-04-04,KRW-BIO,bear_volatile,0.026923076923076827,0.025423076923076826,eod,23.5,-0.011538461538461608
vol,2026-04-04,KRW-BLUR,bear_volatile,-0.023255813953488413,-0.024755813953488415,eod,24.0,-0.03654485049833889
vol,2026-04-05,KRW-BERA,bear_volatile,0.1,0.0985,tp,2.25,-0.021538461538461506
vol,2026-04-05,KRW-ALGO,bear_volatile,0.01098901098901095,0.00948901098901095,eod,24.0,-0.0494505494505495
vol,2026-04-05,KRW-MON,bear_volatile,0.036319612590798966,0.034819612590798965,eod,23.75,-0.04116222760290544
vol,2026-04-06,KRW-FCT2,bear_volatile,0.016483516483516425,0.014983516483516425,eod,20.25,-0.01098901098901095
vol,2026-04-06,KRW-1INCH,bear_volatile,-0.007407407407407418,-0.008907407407407418,eod,20.25,-0.007407407407407418
vol,2026-04-06,KRW-SOMI,bear_volatile,-0.02371541501976282,-0.02521541501976282,eod,22.25,-0.031620553359683834
vol,2026-04-07,KRW-NEWT,bear_volatile,-0.05,-0.051500000000000004,sl,12.75,-0.05490196078431364
vol,2026-04-07,KRW-PENDLE,bear_volatile,0.0482713633398566,0.0467713633398566,eod,23.0,-0.03913894324853229
vol,2026-04-07,KRW-FLUID,bear_volatile,0.04392871943638621,0.04242871943638621,eod,23.25,-0.03564028180687939
vol,2026-04-08,KRW-SKR,bear_volatile,-0.03703703703703709,-0.03853703703703709,eod,20.0,-0.0444444444444444
vol,2026-04-08,KRW-AAVE,bear_volatile,-0.04332634521313772,-0.04482634521313772,eod,24.0,-0.0475192173305381
vol,2026-04-08,KRW-ANIME,bear_volatile,-0.034383954154727836,-0.03588395415472784,eod,23.5,-0.035816618911174825
vol,2026-04-09,KRW-SAFE,bear_volatile,0.03208556149732611,0.030585561497326108,eod,23.5,-0.03743315508021394
vol,2026-04-09,KRW-OPEN,bear_volatile,0.03759398496240607,0.03609398496240607,eod,24.0,-0.018796992481203034
vol,2026-04-09,KRW-DRIFT,bear_volatile,-0.001315789473684159,-0.002815789473684159,eod,24.0,-0.03289473684210531
vol,2026-04-10,KRW-IN,bear_volatile,-0.026490066225165476,-0.027990066225165477,eod,23.75,-0.0331125827814569
vol,2026-04-10,KRW-PYTH,bear_volatile,-0.005633802816901512,-0.0071338028169015116,eod,23.75,-0.04507042253521132
vol,2026-04-10,KRW-OPEN,bear_volatile,0.021739130434782705,0.020239130434782704,eod,24.0,-0.036231884057971064
vol,2026-04-11,KRW-WAL,bear_volatile,-0.05,-0.051500000000000004,sl,7.25,-0.053097345132743334
vol,2026-04-11,KRW-A,bear_volatile,-0.008264462809917328,-0.009764462809917327,eod,22.25,-0.024793388429752095
vol,2026-04-11,KRW-AUCTION,bear_volatile,-0.011954992967651235,-0.013454992967651234,eod,21.75,-0.01898734177215189
vol,2026-04-12,KRW-BLAST,bear_volatile,0.1,0.0985,tp,1.0,0.0
vol,2026-04-12,KRW-BLUR,bear_volatile,-0.009009009009008917,-0.010509009009008917,eod,18.75,-0.024024024024023927
vol,2026-04-12,KRW-XPL,bear_volatile,-0.05,-0.051500000000000004,sl,2.0,-0.054455445544554504
vol,2026-04-13,KRW-JST,bear_volatile,-0.05,-0.051500000000000004,sl,0.75,-0.05932203389830504
vol,2026-04-13,KRW-WET,bear_volatile,0.1,0.0985,tp,8.75,-0.032258064516129004
vol,2026-04-13,KRW-AHT,bear_volatile,-0.05,-0.051500000000000004,sl,11.0,-0.05020920502092052
vol,2026-04-14,KRW-IMX,bear_volatile,-0.013698630136986356,-0.015198630136986356,eod,22.25,-0.0273972602739726
vol,2026-04-14,KRW-AXL,bear_volatile,-0.05,-0.051500000000000004,sl,19.0,-0.05293276108726752
vol,2026-04-14,KRW-WCT,bear_volatile,-0.05,-0.051500000000000004,sl,16.0,-0.05034324942791768
vol,2026-04-15,KRW-BIO,bear_volatile,0.1,0.0985,tp,7.0,-0.00694444444444442
vol,2026-04-15,KRW-JST,bear_volatile,-0.05,-0.051500000000000004,sl,14.75,-0.08695652173913049
vol,2026-04-15,KRW-DKA,bear_volatile,-0.05,-0.051500000000000004,sl,7.25,-0.0873786407766991
vol,2026-04-16,KRW-INJ,bear_volatile,0.04675433103736171,0.045254331037361706,eod,23.25,-0.009810060530160758
vol,2026-04-16,KRW-FLOCK,bear_volatile,0.1,0.0985,tp,1.5,-0.00111358574610243
vol,2026-04-16,KRW-ARKM,bear_volatile,0.1,0.0985,tp,7.75,-0.0239520958083832
vol,2026-04-17,KRW-HBAR,bear_volatile,0.007518796992481258,0.0060187969924812585,eod,24.0,-0.022556390977443663
vol,2026-04-17,KRW-SONIC,bear_volatile,0.031021897810219023,0.029521897810219022,eod,24.0,-0.010948905109488982
vol,2026-04-17,KRW-ZK,bear_volatile,0.03292181069958855,0.03142181069958855,eod,24.0,-0.024691358024691468
vol,2026-04-18,KRW-KNC,bear_volatile,-0.013953488372092981,-0.015453488372092981,eod,20.5,-0.037209302325581395
vol,2026-04-18,KRW-WLFI,bear_volatile,-0.01666666666666672,-0.01816666666666672,eod,23.25,-0.033333333333333326
vol,2026-04-18,KRW-BERA,bear_volatile,-0.05,-0.051500000000000004,sl,9.25,-0.05022831050228316
vol,2026-04-19,KRW-TREE,bear_volatile,0.1,0.0985,tp,2.0,-0.03669724770642202
vol,2026-04-19,KRW-PENDLE,bear_volatile,-0.05,-0.051500000000000004,sl,17.0,-0.05406746031746035
vol,2026-04-19,KRW-TIA,bear_volatile,-0.05,-0.051500000000000004,sl,23.25,-0.05154639175257736
vol,2026-04-20,KRW-CPOOL,bear_volatile,0.012165450121654597,0.010665450121654598,eod,24.0,-0.048661800486618056
vol,2026-04-20,KRW-IN,bear_volatile,-0.00423728813559332,-0.00573728813559332,eod,24.0,-0.029661016949152685
vol,2026-04-20,KRW-ZBT,bear_volatile,-0.023255813953488413,-0.024755813953488415,eod,23.75,-0.03488372093023251
vol,2026-04-21,KRW-FLUID,bear_volatile,-0.03216726980297546,-0.033667269802975464,eod,23.0,-0.039002814636107774
vol,2026-04-21,KRW-MOODENG,bear_volatile,-0.05,-0.051500000000000004,sl,19.75,-0.05029239766081872
vol,2026-04-21,KRW-AXL,bear_volatile,0.1,0.0985,tp,0.5,0.0
vol,2026-04-22,KRW-OPEN,bear_volatile,-0.02670623145400597,-0.02820623145400597,eod,23.0,-0.02670623145400597
vol,2026-04-22,KRW-FLOCK,bear_volatile,-0.03266596417281353,-0.034165964172813534,eod,23.5,-0.03898840885142263
vol,2026-04-22,KRW-BIRB,bear_volatile,0.014851485148514865,0.013351485148514865,eod,23.25,-0.004950495049504955
vol,2026-04-23,KRW-BCH,bear_volatile,0.002928257686676483,0.001428257686676483,eod,24.0,-0.013177159590043952
vol,2026-04-23,KRW-AERO,bear_volatile,-0.05,-0.051500000000000004,sl,10.5,-0.05714285714285716
vol,2026-04-23,KRW-AVNT,bear_volatile,-0.01382488479262678,-0.015324884792626779,eod,24.0,-0.04147465437788023
vol,2026-04-24,KRW-RED,bear_volatile,0.1,0.0985,tp,0.25,-0.00497512437810943
vol,2026-04-24,KRW-PLUME,bear_volatile,-0.05,-0.051500000000000004,sl,19.0,-0.054187192118226646
vol,2026-04-24,KRW-CHZ,bear_volatile,-0.05,-0.051500000000000004,sl,10.25,-0.05087014725568939
vol,2026-04-25,KRW-AZTEC,bear_volatile,-0.05,-0.051500000000000004,sl,12.0,-0.05217391304347818
vol,2026-04-25,KRW-FLOCK,bear_volatile,-0.05,-0.051500000000000004,sl,11.5,-0.05047619047619045
vol,2026-04-25,KRW-BIRB,bear_volatile,-0.05,-0.051500000000000004,sl,8.25,-0.05150214592274682
vol,2026-04-26,KRW-AUCTION,bear_quiet,-0.010238907849829393,-0.011738907849829392,eod,22.0,-0.029351535836177445
vol,2026-04-26,KRW-AWE,bear_quiet,0.1,0.0985,tp,5.25,-0.023427866831072675
vol,2026-04-26,KRW-FLOCK,bear_quiet,-0.022772277227722793,-0.024272277227722794,eod,23.25,-0.03960396039603964
vol,2026-04-27,KRW-SKR,bear_quiet,-0.05,-0.051500000000000004,sl,6.25,-0.05882352941176472
vol,2026-04-27,KRW-ZKP,bear_quiet,-0.05,-0.051500000000000004,sl,0.5,-0.05343511450381677
vol,2026-04-27,KRW-ELSA,bear_quiet,-0.05,-0.051500000000000004,sl,6.75,-0.05504587155963303
vol,2026-04-28,KRW-MANTRA,bear_quiet,-0.012422360248447228,-0.013922360248447228,eod,23.5,-0.0434782608695653
vol,2026-04-28,KRW-OPEN,bear_quiet,-0.05,-0.051500000000000004,sl,14.5,-0.05167958656330751
vol,2026-04-28,KRW-CHZ,bear_quiet,-0.05,-0.051500000000000004,sl,10.75,-0.05087014725568939
vol,2026-04-29,KRW-WET,bear_quiet,-0.013986013986013957,-0.015486013986013956,eod,22.5,-0.034965034965035
vol,2026-04-29,KRW-VANA,bear_quiet,-0.05,-0.051500000000000004,sl,18.25,-0.05017761989342806
vol,2026-04-29,KRW-HYPER,bear_quiet,0.1,0.0985,tp,2.25,0.0
vol,2026-04-30,KRW-RAY,bear_quiet,-0.05,-0.051500000000000004,sl,13.5,-0.05063291139240511
vol,2026-04-30,KRW-HYPER,bear_quiet,0.051136363636363535,0.049636363636363534,eod,24.0,-0.017045454545454586
vol,2026-04-30,KRW-OPEN,bear_quiet,-0.05,-0.051500000000000004,sl,5.5,-0.05569007263922521
vol,2026-05-01,KRW-AWE,bear_quiet,-0.05,-0.051500000000000004,sl,10.5,-0.05049396267837536
vol,2026-05-01,KRW-SOMI,bear_quiet,-0.0357142857142857,-0.0372142857142857,eod,23.25,-0.0357142857142857
vol,2026-05-01,KRW-ZKP,bear_quiet,0.1,0.0985,tp,6.0,-0.008333333333333304
vol,2026-05-02,KRW-FLUID,bear_quiet,-0.05,-0.051500000000000004,sl,18.0,-0.050668828536684196
vol,2026-05-02,KRW-HYPER,bear_quiet,-0.03314917127071826,-0.03464917127071826,eod,23.0,-0.03867403314917128
vol,2026-05-02,KRW-ZKP,bear_quiet,0.03200000000000003,0.030500000000000027,eod,23.75,-0.03200000000000003
vol,2026-05-03,KRW-ARKM,bear_quiet,-0.02197802197802201,-0.023478021978022012,eod,22.75,-0.0494505494505495
vol,2026-05-03,KRW-AKT,bear_quiet,0.1,0.0985,tp,4.75,-0.013079667063020217
vol,2026-05-03,KRW-INJ,bear_quiet,-0.01594331266607618,-0.017443312666076183,eod,22.5,-0.025686448184233823
vol,2026-05-04,KRW-BAT,bear_quiet,-0.037735849056603765,-0.03923584905660377,eod,21.25,-0.04402515723270439
vol,2026-05-04,KRW-ELSA,bear_quiet,-0.05,-0.051500000000000004,sl,10.25,-0.05932203389830504
vol,2026-05-04,KRW-IN,bear_quiet,0.0,-0.0015,eod,23.75,-0.04761904761904767
vol,2026-05-05,KRW-WLFI,bear_quiet,0.021208907741251393,0.01970890774125139,eod,24.0,-0.018027571580063628
vol,2026-05-05,KRW-ELSA,bear_quiet,-0.05,-0.051500000000000004,sl,21.5,-0.053097345132743334
vol,2026-05-05,KRW-HOLO,bear_quiet,0.012435233160621895,0.010935233160621895,eod,22.75,-0.007253886010362698
vol,2026-05-06,KRW-ADA,bear_quiet,0.005154639175257714,0.0036546391752577136,eod,24.0,-0.015463917525773141
vol,2026-05-06,KRW-ETC,bear_quiet,0.03378378378378377,0.03228378378378377,eod,24.0,-0.0037537537537537524
vol,2026-05-06,KRW-LINK,bear_quiet,0.01384083044982698,0.01234083044982698,eod,24.0,-0.00622837370242213
vol,2026-05-07,KRW-ETC,bear_quiet,-0.013071895424836555,-0.014571895424836554,eod,24.0,-0.030501089324618702
vol,2026-05-07,KRW-APT,bear_quiet,0.0066577896138482195,0.00515778961384822,eod,24.0,-0.025299600532623145
vol,2026-05-07,KRW-ZORA,bear_quiet,0.010362694300518172,0.008862694300518172,eod,22.5,-0.025906735751295318
vol,2026-05-08,KRW-0G,bear_quiet,0.025672371638141733,0.024172371638141732,eod,24.0,-0.003667481662591676
vol,2026-05-08,KRW-MANTRA,bear_quiet,0.046052631578947345,0.044552631578947344,eod,24.0,-0.006578947368421018
vol,2026-05-08,KRW-JST,bear_quiet,-0.04761904761904767,-0.04911904761904767,eod,22.0,-0.04761904761904767
vol,2026-05-09,KRW-ADA,bear_quiet,-0.00992555831265507,-0.011425558312655069,eod,24.0,-0.01488833746898266
vol,2026-05-09,KRW-ANKR,bear_quiet,-0.010484927916120546,-0.011984927916120545,eod,20.75,-0.020969855832241202
vol,2026-05-09,KRW-AVAX,bear_quiet,0.004791238877481119,0.0032912388774811187,eod,24.0,-0.009582477754962349
vol,2026-05-10,KRW-EDGE,bear_quiet,-0.005988023952095856,-0.007488023952095855,eod,23.25,-0.029940119760479056
vol,2026-05-10,KRW-LAYER,bear_quiet,0.1,0.0985,tp,0.25,-0.027210884353741527
vol,2026-05-10,KRW-AERO,bear_quiet,0.03897849462365599,0.03747849462365599,eod,24.0,-0.025537634408602128
vol,2026-05-11,KRW-AUCTION,bear_quiet,-0.023917259211376884,-0.025417259211376886,eod,22.25,-0.02650290885585005
vol,2026-05-11,KRW-GAS,bear_quiet,-0.0038491147036181506,-0.00534911470361815,eod,24.0,-0.02501924557351809
vol,2026-05-11,KRW-ERA,bear_quiet,0.013636363636363669,0.012136363636363669,eod,22.0,-0.018181818181818188
vol,2026-05-12,KRW-META,bear_quiet,-0.013333333333333308,-0.014833333333333308,eod,18.5,-0.026666666666666727
vol,2026-05-12,KRW-AXS,bear_quiet,-0.05,-0.051500000000000004,sl,14.75,-0.05576739752144899
vol,2026-05-12,KRW-TT,bear_quiet,-0.02857142857142847,-0.03007142857142847,eod,19.75,-0.04999999999999993
vol,2026-05-13,KRW-FF,bear_quiet,-0.05,-0.051500000000000004,sl,3.75,-0.05128205128205132
vol,2026-05-13,KRW-JTO,bear_quiet,0.1,0.0985,tp,12.25,-0.005617977528089901
vol,2026-05-13,KRW-ATOM,bear_quiet,-0.030089628681177927,-0.03158962868117793,eod,24.0,-0.032970550576184365
vol,2026-05-14,KRW-TIA,bear_quiet,0.019316493313521477,0.017816493313521475,eod,23.75,-0.019316493313521588
vol,2026-05-14,KRW-AKT,bear_quiet,-0.05,-0.051500000000000004,sl,5.0,-0.05951448707909157
vol,2026-05-14,KRW-FF,bear_quiet,-0.05,-0.051500000000000004,sl,8.5,-0.0714285714285714
vol,2026-05-15,KRW-IMX,bear_quiet,-0.05,-0.051500000000000004,sl,14.0,-0.053333333333333344
vol,2026-05-15,KRW-CPOOL,bear_quiet,-0.05,-0.051500000000000004,sl,8.75,-0.05046728971962622
vol,2026-05-15,KRW-SONIC,bear_quiet,-0.05,-0.051500000000000004,sl,5.75,-0.05175038051750391
vol,2026-05-16,KRW-ORCA,bear_quiet,0.1,0.0985,tp,4.25,-0.0055223193741371635
vol,2026-05-16,KRW-LAYER,bear_quiet,-0.05,-0.051500000000000004,sl,9.5,-0.05594405594405594
vol,2026-05-16,KRW-FLOCK,bear_quiet,-0.05,-0.051500000000000004,sl,4.75,-0.0515151515151514
vol,2026-05-17,KRW-DKA,bear_quiet,-0.05,-0.051500000000000004,sl,23.0,-0.05708013172338089
vol,2026-05-17,KRW-KITE,bear_quiet,0.006269592476489061,0.004769592476489061,eod,24.0,-0.025078369905956133
vol,2026-05-17,KRW-ATOM,bear_quiet,-0.004267892317793787,-0.005767892317793786,eod,24.0,-0.02166776099803025
vol,2026-05-18,KRW-KAITO,bear_quiet,-0.05,-0.051500000000000004,sl,3.0,-0.050615595075239384
vol,2026-05-18,KRW-FF,bear_quiet,-0.0078125,-0.0093125,eod,24.0,-0.0234375
vol,2026-05-18,KRW-META,bear_quiet,-0.05,-0.051500000000000004,sl,0.5,-0.05487804878048774
vol,2026-05-19,KRW-AKT,bear_quiet,-0.05,-0.051500000000000004,sl,24.0,-0.05038428693424424
vol,2026-05-19,KRW-BIO,bear_quiet,-0.05,-0.051500000000000004,sl,1.5,-0.05699481865284972
vol,2026-05-19,KRW-CFG,bear_quiet,-0.05,-0.051500000000000004,sl,14.5,-0.05057471264367819
vol,2026-05-20,KRW-STORJ,bear_quiet,-0.023121387283236983,-0.024621387283236984,eod,24.0,-0.046242774566473965
vol,2026-05-20,KRW-COMP,bear_quiet,-0.0117647058823529,-0.013264705882352899,eod,21.5,-0.020882352941176463
vol,2026-05-20,KRW-OPEN,bear_quiet,-0.006230529595015577,-0.007730529595015577,eod,24.0,-0.049844236760124616
vol,2026-05-21,KRW-KAITO,bear_quiet,0.1,0.0985,tp,14.5,0.0
vol,2026-05-21,KRW-ORCA,bear_quiet,0.014044943820224809,0.01254494382022481,eod,24.0,-0.0351123595505618
vol,2026-05-21,KRW-OPEN,bear_quiet,0.1,0.0985,tp,10.75,0.0
vol,2026-05-22,KRW-SOMI,bear_quiet,-0.04365079365079361,-0.04515079365079361,eod,22.25,-0.04761904761904767
vol,2026-05-22,KRW-ALT,bear_quiet,0.1,0.0985,tp,4.75,-0.009259259259259411
vol,2026-05-22,KRW-AXS,bear_quiet,-0.033594624860022404,-0.035094624860022405,eod,24.0,-0.04031354983202684
vol,2026-05-23,KRW-2Z,bear_quiet,0.0,-0.0015,eod,23.25,-0.018750000000000044
vol,2026-05-23,KRW-MOCA,bear_quiet,0.05291005291005302,0.05141005291005302,eod,22.5,-0.010582010582010581
vol,2026-05-23,KRW-SAFE,bear_quiet,-0.05,-0.051500000000000004,sl,8.25,-0.05504587155963303
vol,2026-05-24,KRW-ZORA,bear_quiet,-0.05,-0.051500000000000004,sl,21.5,-0.06432748538011701
vol,2026-05-24,KRW-ENSO,bear_quiet,-0.02564102564102566,-0.027141025641025662,eod,23.5,-0.037220843672456594
vol,2026-05-24,KRW-ONG,bear_quiet,-0.05,-0.051500000000000004,sl,14.0,-0.05196078431372542
vol,2026-05-25,KRW-RED,bear_quiet,0.1,0.0985,tp,10.0,-0.010204081632653073
vol,2026-05-25,KRW-ALT,bear_quiet,-0.05,-0.051500000000000004,sl,18.5,-0.05263157894736836
vol,2026-05-25,KRW-PROVE,bear_quiet,-0.012658227848101222,-0.014158227848101222,eod,24.0,-0.015189873417721489
vol,2026-05-26,KRW-LA,bear_quiet,-0.05,-0.051500000000000004,sl,17.25,-0.051136363636363646
vol,2026-05-26,KRW-RENDER,bear_quiet,0.1,0.0985,tp,10.75,-0.02063443178318447
vol,2026-05-26,KRW-INJ,bear_quiet,-0.005328596802841923,-0.006828596802841922,eod,24.0,-0.04085257548845467
vol,2026-05-27,KRW-JTO,bear_quiet,0.1,0.0985,tp,19.75,-0.03524804177545693
vol,2026-05-27,KRW-FF,bear_quiet,0.1,0.0985,tp,13.25,-0.0357142857142857
vol,2026-05-27,KRW-ARKM,bear_quiet,-0.05,-0.051500000000000004,sl,4.75,-0.052863436123347984
vol,2026-05-28,KRW-ALT,bear_quiet,-0.05,-0.051500000000000004,sl,4.0,-0.05357142857142849
vol,2026-05-28,KRW-ICP,bear_quiet,-0.05,-0.051500000000000004,sl,4.5,-0.0553028489346421
vol,2026-05-28,KRW-GRT,bear_quiet,-0.05,-0.051500000000000004,sl,11.25,-0.052238805970149294
vol,2026-05-29,KRW-BAT,bear_quiet,0.1,0.0985,tp,2.75,0.0
vol,2026-05-29,KRW-MON,bear_quiet,-0.03361344537815136,-0.035113445378151364,eod,23.0,-0.04481792717086841
vol,2026-05-29,KRW-XPL,bear_quiet,-0.05,-0.051500000000000004,sl,22.0,-0.07092198581560283
vol,2026-05-30,KRW-NEWT,bear_quiet,-0.05,-0.051500000000000004,sl,17.25,-0.05607476635514019
vol,2026-05-30,KRW-BARD,bear_quiet,-0.020689655172413834,-0.022189655172413836,eod,23.5,-0.03448275862068961
vol,2026-05-30,KRW-IOTA,bear_quiet,0.1,0.0985,tp,2.25,-0.0010319917440660964
vol,2026-05-31,KRW-RENDER,bear_quiet,-0.05,-0.051500000000000004,sl,17.0,-0.050191815856777455
vol,2026-05-31,KRW-VET,bear_quiet,-0.007734806629834279,-0.009234806629834278,eod,23.75,-0.028729281767955972
vol,2026-05-31,KRW-ZK,bear_quiet,0.0,-0.0015,eod,23.0,-0.04672897196261683
vol,2026-06-01,KRW-INJ,bear_quiet,-0.008822003113648114,-0.010322003113648113,eod,1.25,-0.011935651271406278
vol,2026-06-01,KRW-MANTRA,bear_quiet,0.03100775193798455,0.02950775193798455,eod,1.25,-0.015503875968992276
vol,2026-06-01,KRW-LAYER,bear_quiet,0.0,-0.0015,eod,1.25,0.0
vol_tight,2024-04-03,KRW-BTC,bull_volatile,0.004674502618346121,0.0031745026183461213,eod,24.0,-0.014273369910361988
vol_tight,2024-04-04,KRW-BTC,bull_volatile,0.029626328988000328,0.028126328988000326,eod,24.0,-0.00936768149882905
vol_tight,2024-04-05,KRW-BTC,bull_volatile,-0.010568656041027746,-0.012068656041027746,eod,24.0,-0.026597616773090693
vol_tight,2024-04-06,KRW-BTC,bull_volatile,0.006484728363063574,0.004984728363063575,eod,24.0,-0.006505056665142006
vol_tight,2024-04-07,KRW-BTC,bull_volatile,0.0037272727272728012,0.002227272727272801,eod,24.0,-0.0002424242424242662
vol_tight,2024-04-08,KRW-BTC,bull_volatile,0.027493483883303638,0.025993483883303636,eod,24.0,-0.0027070816854350976
vol_tight,2024-04-09,KRW-BTC,bull_volatile,-0.03,-0.0315,sl,15.0,-0.031406173444390006
vol_tight,2024-04-10,KRW-BTC,bull_volatile,0.011980806566809887,0.010480806566809888,eod,24.0,-0.01805671518675367
vol_tight,2024-04-11,KRW-BTC,bull_volatile,-0.0005964155425890461,-0.002096415542589046,eod,24.0,-0.0056659476545958265
vol_tight,2024-04-12,KRW-BTC,bull_volatile,-0.007618706610172832,-0.009118706610172831,eod,24.0,-0.01548606552485532
vol_tight,2024-04-13,KRW-BTC,bull_volatile,-0.03,-0.0315,sl,2.0,-0.03290681920818905
vol_tight,2024-04-14,KRW-BTC,bull_volatile,0.018662519440124425,0.017162519440124424,eod,24.0,-0.01924958544900246
vol_tight,2024-04-15,KRW-BTC,bull_volatile,-0.03,-0.0315,sl,19.25,-0.03263890994733698
vol_tight,2024-04-16,KRW-BTC,bull_volatile,-0.03,-0.0315,sl,10.75,-0.03138920542836421
vol_tight,2024-04-17,KRW-BTC,bull_volatile,-0.03,-0.0315,sl,14.5,-0.03657018525685951
vol_tight,2024-04-18,KRW-BTC,bull_volatile,0.020964796202933123,0.01946479620293312,eod,24.0,-0.015737267467929472
vol_tight,2024-04-19,KRW-BTC,bull_volatile,-0.03,-0.0315,sl,2.0,-0.0309234195648449
vol_tight,2024-04-20,KRW-BTC,bull_volatile,0.015151515151515138,0.013651515151515138,eod,24.0,-0.008298533033515354
vol_tight,2024-04-21,KRW-BTC,bull_quiet,0.0002952340784478924,-0.0012047659215521076,eod,24.0,-0.0055672711935892405
vol_tight,2024-04-22,KRW-BTC,bull_quiet,0.02403304148096641,0.02253304148096641,eod,24.0,-0.0030449579079347977
vol_tight,2024-04-23,KRW-BTC,bull_quiet,-0.012279023848455917,-0.013779023848455916,eod,24.0,-0.020495891566141178
vol_tight,2024-04-24,KRW-BTC,bull_quiet,-0.03,-0.0315,sl,19.25,-0.03196594185550272
vol_tight,2024-04-25,KRW-BTC,bull_quiet,-0.00828699743370398,-0.00978699743370398,eod,24.0,-0.02466852010265186
vol_tight,2024-04-26,KRW-BTC,bull_quiet,-0.008732118023738411,-0.01023211802373841,eod,24.0,-0.013971388837981435
vol_tight,2024-04-27,KRW-BTC,bull_quiet,-0.004958947311184847,-0.006458947311184847,eod,24.0,-0.018084932847588497
vol_tight,2024-04-28,KRW-BTC,bull_quiet,-0.010590279675187664,-0.012090279675187663,eod,24.0,-0.014710543284626065
vol_tight,2024-04-29,KRW-BTC,bull_quiet,0.009576618470612974,0.008076618470612975,eod,24.0,-0.022455900058542144
vol_tight,2024-04-30,KRW-BTC,bull_quiet,-0.03,-0.0315,sl,9.75,-0.03171772428884023
vol_tight,2024-05-01,KRW-BTC,bull_quiet,-0.03,-0.0315,sl,1.5,-0.030429594272076366
vol_tight,2024-05-02,KRW-BTC,bull_volatile,-0.03,-0.0315,sl,1.75,-0.03268302614402563
vol_tight,2024-05-03,KRW-BTC,bull_quiet,0.07455232502166176,0.07305232502166176,eod,24.0,-0.0034779050736497563
vol_tight,2024-05-04,KRW-BTC,bull_volatile,0.011333729043240703,0.009833729043240704,eod,24.0,-0.015466284395963759
vol_tight,2024-05-05,KRW-BTC,bull_volatile,-0.0026798666710962094,-0.004179866671096209,eod,24.0,-0.021837591220668195
vol_tight,2024-05-06,KRW-BTC,bull_volatile,-0.014384017758046652,-0.015884017758046654,eod,24.0,-0.017758046614872347
vol_tight,2024-05-07,KRW-BTC,bull_volatile,-0.01334760081099351,-0.01484760081099351,eod,24.0,-0.01441766163550351
vol_tight,2024-05-08,KRW-BTC,bull_volatile,-0.019670072492722235,-0.021170072492722236,eod,24.0,-0.028380615331925374
vol_tight,2024-05-09,KRW-BTC,bull_volatile,0.026131917272219196,0.024631917272219195,eod,24.0,-0.009921743991056498
vol_tight,2024-05-10,KRW-BTC,bull_volatile,-0.03,-0.0315,sl,15.0,-0.03161741340959645
vol_tight,2024-05-11,KRW-BTC,bull_volatile,-0.0005941147689941806,-0.0020941147689941806,eod,24.0,-0.007374012721045653
vol_tight,2024-05-12,KRW-BTC,bull_volatile,0.00850905106596267,0.00700905106596267,eod,24.0,-0.002016528540289775
vol_tight,2024-05-13,KRW-BTC,bull_volatile,0.01626194796638969,0.01476194796638969,eod,24.0,-0.012840813212977142
vol_tight,2024-05-14,KRW-BTC,bull_volatile,-0.016307685309436604,-0.017807685309436605,eod,24.0,-0.0242568289853754
vol_tight,2024-05-15,KRW-BTC,bull_volatile,0.06457167953400211,0.06307167953400211,eod,24.0,-0.003744625768572929
vol_tight,2024-05-16,KRW-BTC,bull_volatile,-0.014232827783869473,-0.015732827783869474,eod,24.0,-0.02020388444376897
vol_tight,2024-05-17,KRW-BTC,bull_volatile,0.01989233699182069,0.01839233699182069,eod,24.0,-0.0015301797686015917
vol_tight,2024-05-18,KRW-BTC,bull_volatile,0.004685205976336482,0.0031852059763364817,eod,24.0,-0.003184644615251697
vol_tight,2024-05-19,KRW-BTC,bull_volatile,-0.009466400189113156,-0.010966400189113155,eod,24.0,-0.013141211613263759
vol_tight,2024-05-20,KRW-BTC,bull_volatile,0.05505234040245166,0.05355234040245166,eod,24.0,-0.0027553289580733997
vol_tight,2024-05-21,KRW-BTC,bull_volatile,-0.005757762697923052,-0.007257762697923052,eod,24.0,-0.017365823565700156
vol_tight,2024-05-22,KRW-BTC,bull_volatile,-0.013399919352337197,-0.014899919352337197,eod,24.0,-0.021475025073151577
vol_tight,2024-05-23,KRW-BTC,bull_volatile,-0.005460014043030315,-0.006960014043030314,eod,24.0,-0.025371773508976014
vol_tight,2024-05-24,KRW-BTC,bull_volatile,0.003340463871355226,0.001840463871355226,eod,24.0,-0.016828772247805546
vol_tight,2024-05-25,KRW-BTC,bull_volatile,0.010775726258743568,0.009275726258743568,eod,24.0,-0.00023105845778981227
vol_tight,2024-05-26,KRW-BTC,bull_volatile,-0.006546134663341641,-0.00804613466334164,eod,24.0,-0.00872817955112215
vol_tight,2024-05-27,KRW-BTC,bull_volatile,0.00434991739339563,0.0028499173933956303,eod,24.0,-0.00610661480226693
vol_tight,2024-05-28,KRW-BTC,bull_volatile,-0.015096304008328953,-0.016596304008328955,eod,24.0,-0.024945340968245744
vol_tight,2024-05-29,KRW-BTC,bull_volatile,-0.007860206647368306,-0.009360206647368306,eod,24.0,-0.01282565977137784
vol_tight,2024-05-30,KRW-BTC,bull_volatile,0.010999893515067694,0.009499893515067694,eod,24.0,-0.0030880630390799357
vol_tight,2024-05-31,KRW-BTC,bull_volatile,-0.005210526315789443,-0.006710526315789443,eod,24.0,-0.013684210526315743
vol_tight,2024-06-01,KRW-BTC,bull_volatile,0.0022856175399983414,0.0007856175399983414,eod,24.0,-0.0015131634639803382
vol_tight,2024-06-02,KRW-BTC,bull_volatile,0.002511555264768539,0.001011555264768539,eod,24.0,-0.0027648213418880463
vol_tight,2024-06-03,KRW-BTC,bull_quiet,0.010463157894736952,0.008963157894736952,eod,24.0,-0.0018421052631578672
vol_tight,2024-06-04,KRW-BTC,bull_quiet,0.015688480530033022,0.014188480530033023,eod,24.0,-0.004937808613038275
vol_tight,2024-06-05,KRW-BTC,bull_quiet,0.009180428761924375,0.007680428761924376,eod,24.0,-0.0021540670838035014
vol_tight,2024-06-06,KRW-BTC,bull_quiet,-0.0005183717030035062,-0.0020183717030035062,eod,24.0,-0.0038217207907709216
vol_tight,2024-06-07,KRW-BTC,bull_quiet,-0.0040886484067492734,-0.005588648406749273,eod,24.0,-0.011208185433427276
vol_tight,2024-06-08,KRW-BTC,bull_quiet,0.002103779654612392,0.0006037796546123921,eod,24.0,-0.0017259163185898707
vol_tight,2024-06-09,KRW-BTC,bull_quiet,-0.001569234845165468,-0.003069234845165468,eod,24.0,-0.004351060252504202
vol_tight,2024-06-10,KRW-BTC,bull_quiet,-0.007215537389138937,-0.008715537389138937,eod,24.0,-0.01023646959166391
vol_tight,2024-06-11,KRW-BTC,bull_quiet,-0.03,-0.0315,sl,9.75,-0.030623258873960446
vol_tight,2024-06-12,KRW-BTC,bull_quiet,0.006346442320804835,0.004846442320804835,eod,24.0,-0.008675219502984444
vol_tight,2024-06-13,KRW-BTC,bull_quiet,-0.013759459628494564,-0.015259459628494563,eod,24.0,-0.01904434298580271
vol_tight,2024-06-14,KRW-BTC,bull_quiet,-0.00672204959096967,-0.00822204959096967,eod,24.0,-0.01704821696577674
vol_tight,2024-06-15,KRW-BTC,bull_quiet,-0.0007342065780653328,-0.002234206578065333,eod,24.0,-0.004607412294235891
vol_tight,2024-06-16,KRW-BTC,bull_quiet,0.0032583348418215863,0.0017583348418215862,eod,24.0,-0.0032157422295102656
vol_tight,2024-06-17,KRW-BTC,bull_quiet,-0.006697162992602368,-0.008197162992602368,eod,24.0,-0.02823209755994016
vol_tight,2024-06-18,KRW-BTC,bull_quiet,-0.03,-0.0315,sl,20.0,-0.03153148340082701
vol_tight,2024-06-19,KRW-BTC,bull_quiet,-0.0010256522166089965,-0.0025256522166089966,eod,24.0,-0.0052264618271885555
vol_tight,2024-06-20,KRW-BTC,bull_quiet,0.002523238921233517,0.001023238921233517,eod,24.0,-0.0005352324984434498
vol_tight,2024-06-21,KRW-BTC,bull_quiet,-0.01602763159328391,-0.01752763159328391,eod,24.0,-0.024820492705302954
vol_tight,2024-06-22,KRW-BTC,bull_quiet,0.0062674403153653024,0.004767440315365303,eod,24.0,-0.001849227089515848
vol_tight,2024-06-23,KRW-BTC,bull_quiet,-0.020115764685168513,-0.021615764685168515,eod,24.0,-0.020258819904483083
vol_tight,2024-06-24,KRW-BTC,bull_quiet,-0.03,-0.0315,sl,9.75,-0.03479236812570141
vol_tight,2024-06-25,KRW-BTC,bull_quiet,0.02286683431779646,0.021366834317796457,eod,24.0,-0.005415521375519039
vol_tight,2024-06-26,KRW-BTC,bull_quiet,-0.01641837119696332,-0.017918371196963323,eod,24.0,-0.017527411591187092
vol_tight,2024-06-27,KRW-BTC,bull_quiet,0.009199461041676349,0.007699461041676349,eod,24.0,-0.008084374854806509
vol_tight,2024-06-28,KRW-BTC,bull_quiet,-0.01976402877697847,-0.021264028776978472,eod,24.0,-0.02457553956834535
vol_tight,2024-06-29,KRW-BTC,bull_quiet,0.007139753631527634,0.005639753631527635,eod,24.0,-0.0006458658712730214
vol_tight,2024-06-30,KRW-BTC,bull_quiet,0.025126799976680436,0.023626799976680435,eod,20.0,-0.004605608348393853
vol_tight,2024-07-01,KRW-BTC,bull_quiet,0.0037875341219291148,0.0022875341219291147,eod,24.0,-0.0035373066424021493
vol_tight,2024-07-02,KRW-BTC,bull_quiet,-0.011454922444170013,-0.012954922444170012,eod,24.0,-0.014412127941626385
vol_tight,2024-07-03,KRW-BTC,bull_quiet,-0.03,-0.0315,sl,10.75,-0.030869714678583682
vol_tight,2024-07-04,KRW-BTC,bull_quiet,-0.03,-0.0315,sl,8.0,-0.03269620653689753
vol_tight,2024-07-05,KRW-BTC,bear_quiet,-0.03,-0.0315,sl,3.5,-0.030974534769833473
vol_tight,2024-07-06,KRW-BTC,bear_quiet,0.021055745950343985,0.019555745950343983,eod,24.0,-0.014546709731502294
vol_tight,2024-07-07,KRW-BTC,bull_quiet,-0.03,-0.0315,sl,21.5,-0.03198551599275801
vol_tight,2024-07-08,KRW-BTC,bear_quiet,0.014320440318903671,0.012820440318903671,eod,24.0,-0.019106515359522347
vol_tight,2024-07-09,KRW-BTC,bear_quiet,0.019180362488975033,0.017680362488975032,eod,24.0,-0.006198834768133765
vol_tight,2024-07-10,KRW-BTC,bear_quiet,-0.0017917433540948213,-0.0032917433540948214,eod,24.0,-0.011542727594066493
vol_tight,2024-07-11,KRW-BTC,bear_quiet,-0.010448453482410969,-0.011948453482410968,eod,24.0,-0.011302883089617466
vol_tight,2024-07-12,KRW-BTC,bear_quiet,0.005797458986061432,0.004297458986061433,eod,24.0,-0.012149993832490491
vol_tight,2024-07-13,KRW-BTC,bear_quiet,0.016591455339186822,0.015091455339186823,eod,24.0,-0.0030411536763623737
vol_tight,2024-07-14,KRW-BTC,bear_quiet,0.030506266510657243,0.02900626651065724,eod,24.0,-0.0004945658074088088
vol_tight,2024-07-15,KRW-BTC,bull_quiet,0.06709586796207412,0.06559586796207412,eod,24.0,-0.0018845838698349215
vol_tight,2024-07-16,KRW-BTC,bull_volatile,-0.03,-0.0315,sl,7.0,-0.036780676158925885
vol_tight,2024-07-17,KRW-BTC,bull_volatile,-0.014951830443159952,-0.016451830443159954,eod,24.0,-0.01590971648775119
vol_tight,2024-07-18,KRW-BTC,bull_volatile,0.0043145846373959795,0.0028145846373959795,eod,24.0,-0.0046387373692211575
vol_tight,2024-07-19,KRW-BTC,bull_volatile,0.035102949360044544,0.03360294936004454,eod,24.0,-0.013077351140790228
vol_tight,2024-07-20,KRW-BTC,bull_volatile,0.011408111479076277,0.009908111479076278,eod,24.0,-0.0028815964904734814
vol_tight,2024-07-21,KRW-BTC,bull_volatile,0.009854049514738561,0.008354049514738561,eod,24.0,-0.01764587075994173
vol_tight,2024-07-22,KRW-BTC,bull_volatile,-0.006768421052631535,-0.008268421052631534,eod,24.0,-0.020526315789473726
vol_tight,2024-07-23,KRW-BTC,bull_volatile,-0.021785244580204477,-0.02328524458020448,eod,24.0,-0.02422468287302193
vol_tight,2024-07-24,KRW-BTC,bull_volatile,-0.007839607911172775,-0.009339607911172774,eod,24.0,-0.012719031922276192
vol_tight,2024-07-25,KRW-BTC,bull_quiet,0.010535403984655911,0.009035403984655912,eod,24.0,-0.02512540846548128
vol_tight,2024-07-26,KRW-BTC,bull_quiet,0.024352527710191918,0.022852527710191917,eod,24.0,-0.0020437956204379937
vol_tight,2024-07-27,KRW-BTC,bull_quiet,-0.0036665645241390488,-0.005166564524139048,eod,24.0,-0.015733471401853327
vol_tight,2024-07-28,KRW-BTC,bull_quiet,0.010833041837589263,0.009333041837589264,eod,24.0,-0.007854485324514271
vol_tight,2024-07-29,KRW-BTC,bull_quiet,-0.01829850151526269,-0.01979850151526269,eod,24.0,-0.02265029413923636
vol_tight,2024-07-30,KRW-BTC,bull_quiet,-0.008728166230436374,-0.010228166230436373,eod,24.0,-0.01901607820095086
vol_tight,2024-07-31,KRW-BTC,bull_quiet,-0.02634982217911408,-0.02784982217911408,eod,24.0,-0.02634982217911408
vol_tight,2024-08-01,KRW-BTC,bull_volatile,0.015971930135257884,0.014471930135257884,eod,24.0,-0.02595577003962546
vol_tight,2024-08-02,KRW-BTC,bull_volatile,-0.03,-0.0315,sl,15.0,-0.031474359672727714
vol_tight,2024-08-03,KRW-BTC,bull_volatile,-0.008466853537276053,-0.009966853537276053,eod,24.0,-0.019506061759582916
vol_tight,2024-08-04,KRW-BTC,bear_volatile,-0.03,-0.0315,sl,16.25,-0.030876980710612623
vol_tight,2024-08-05,KRW-BTC,bear_volatile,-0.03,-0.0315,sl,1.0,-0.03187942006327027
vol_tight,2024-08-06,KRW-BTC,bear_volatile,0.03134240094618579,0.029842400946185788,eod,24.0,-5.14231352685135e-05
vol_tight,2024-08-07,KRW-BTC,bear_volatile,-0.022178978619364798,-0.0236789786193648,eod,24.0,-0.02973829304193798
vol_tight,2024-08-13,KRW-BTC,bear_volatile,0.016741379931976885,0.015241379931976886,eod,24.0,-0.013905080101433764
vol_tight,2024-08-14,KRW-BTC,bear_volatile,-0.025181174412143736,-0.026681174412143738,eod,24.0,-0.028006667691252818
vol_tight,2024-08-15,KRW-BTC,bear_volatile,-0.03,-0.0315,sl,21.0,-0.03566229985443958
vol_tight,2024-08-16,KRW-BTC,bear_volatile,0.014374907457677333,0.012874907457677333,eod,24.0,-0.009229554316173894
vol_tight,2024-08-17,KRW-BTC,bear_volatile,0.008079333211656659,0.006579333211656659,eod,24.0,-0.0017399768814260197
vol_tight,2024-08-18,KRW-BTC,bear_volatile,-0.015950060974873503,-0.017450060974873505,eod,24.0,-0.015950060974873503
vol_tight,2024-08-19,KRW-BTC,bear_volatile,0.002208588957055113,0.0007085889570551131,eod,24.0,-0.01717791411042946
vol_tight,2024-08-20,KRW-BTC,bear_volatile,-0.011349445383089685,-0.012849445383089684,eod,24.0,-0.014410245108842035
vol_tight,2024-08-21,KRW-BTC,bear_volatile,0.02661267352726293,0.02511267352726293,eod,24.0,-0.0022786095528228856
vol_tight,2024-08-22,KRW-BTC,bear_volatile,-0.010820265379975824,-0.012320265379975824,eod,24.0,-0.019541616405307605
vol_tight,2024-08-23,KRW-BTC,bear_volatile,0.04374969516656102,0.04224969516656102,eod,24.0,-0.00012193337560362227
vol_tight,2024-08-24,KRW-BTC,bear_volatile,0.0019509345794392896,0.0004509345794392896,eod,24.0,-0.0051985981308411144
vol_tight,2024-08-25,KRW-BTC,bear_volatile,0.005209365203305172,0.003709365203305172,eod,24.0,-0.00462666216042984
vol_tight,2024-08-26,KRW-BTC,bear_volatile,-0.021243042671614143,-0.022743042671614144,eod,24.0,-0.021243042671614143
vol_tight,2024-08-27,KRW-BTC,bear_volatile,-0.03,-0.0315,sl,22.0,-0.03147805895175815
vol_tight,2024-08-28,KRW-BTC,bear_volatile,-0.0046697221638850595,-0.006169722163885059,eod,24.0,-0.01725820598663319
vol_tight,2024-08-29,KRW-BTC,bear_volatile,0.0021335185690540825,0.0006335185690540825,eod,24.0,-0.005792750998536267
vol_tight,2024-08-30,KRW-BTC,bear_volatile,-0.0037897083410737276,-0.005289708341073727,eod,24.0,-0.018824695027555904
vol_tight,2024-08-31,KRW-BTC,bear_volatile,-0.002200425166896669,-0.003700425166896669,eod,24.0,-0.005345665659692411
vol_tight,2024-09-01,KRW-BTC,bear_volatile,-0.02489414694894143,-0.026394146948941433,eod,24.0,-0.02490660024906599
vol_tight,2024-09-02,KRW-BTC,bear_volatile,0.024290257078272814,0.022790257078272813,eod,24.0,-0.0008684213887080183
vol_tight,2024-09-03,KRW-BTC,bear_volatile,-0.02461151195683331,-0.02611151195683331,eod,24.0,-0.024885665507744847
vol_tight,2024-09-04,KRW-BTC,bear_volatile,0.005992078701929193,0.004492078701929194,eod,24.0,-0.025833652740513635
vol_tight,2024-09-05,KRW-BTC,bear_volatile,-0.03,-0.0315,sl,15.5,-0.03129326001092214
vol_tight,2024-09-06,KRW-BTC,bear_volatile,-0.03,-0.0315,sl,15.0,-0.034966592427616905
vol_tight,2024-09-07,KRW-BTC,bear_volatile,-5.431535495081796e-05,-0.001554315354950818,eod,24.0,-0.007685622725544516
vol_tight,2024-09-08,KRW-BTC,bear_quiet,0.010822922324823514,0.009322922324823514,eod,24.0,-0.008799565453557867
vol_tight,2024-09-09,KRW-BTC,bear_quiet,0.038098308682276816,0.036598308682276814,eod,24.0,-0.004648101129784088
vol_tight,2024-09-10,KRW-BTC,bear_quiet,0.010533807829181452,0.009033807829181452,eod,24.0,-0.010909090909090868
vol_tight,2024-09-11,KRW-BTC,bear_quiet,-0.03,-0.0315,sl,14.0,-0.031015097770549782
vol_tight,2024-09-12,KRW-BTC,bear_quiet,0.011737180232933797,0.010237180232933797,eod,24.0,-0.0007885110068380774
vol_tight,2024-09-13,KRW-BTC,bear_quiet,0.033998134638234756,0.032498134638234755,eod,24.0,-0.007269800304079532
vol_tight,2024-09-14,KRW-BTC,bear_quiet,-0.0050166810824169294,-0.006516681082416929,eod,24.0,-0.010997158037810428
vol_tight,2024-09-15,KRW-BTC,bear_quiet,-0.01035716059808256,-0.01185716059808256,eod,24.0,-0.017808355272962095
vol_tight,2024-09-16,KRW-BTC,bear_quiet,-0.015334228457416721,-0.016834228457416722,eod,24.0,-0.02448206196433722
vol_tight,2024-09-17,KRW-BTC,bear_quiet,0.03374624050568387,0.032246240505683865,eod,24.0,-0.008844369679359754
vol_tight,2024-09-18,KRW-BTC,bear_quiet,0.018344099807682923,0.016844099807682922,eod,24.0,-0.013659450663247696
vol_tight,2024-09-19,KRW-BTC,bear_quiet,0.015604760117671201,0.014104760117671202,eod,24.0,-0.0038376330157500194
vol_tight,2024-09-20,KRW-BTC,bear_quiet,0.005888593532083375,0.004388593532083375,eod,24.0,-0.006126998128523908
vol_tight,2024-09-21,KRW-BTC,bear_quiet,0.00048587409935541004,-0.00101412590064459,eod,24.0,-0.004550625711035261
vol_tight,2024-09-22,KRW-BTC,bear_quiet,0.004737708607232216,0.003237708607232216,eod,24.0,-0.01217591112058658
vol_tight,2024-09-23,KRW-BTC,bear_quiet,-0.0024399443645536367,-0.003939944364553636,eod,24.0,-0.011857893868313707
vol_tight,2024-09-24,KRW-BTC,bear_quiet,0.007302375044310638,0.005802375044310639,eod,24.0,-0.007337823466855742
vol_tight,2024-09-25,KRW-BTC,bear_quiet,-0.010393205705705677,-0.011893205705705677,eod,24.0,-0.01205893393393398
vol_tight,2024-09-26,KRW-BTC,bear_quiet,0.01941632488561207,0.017916324885612067,eod,24.0,-0.006661767146345476
vol_tight,2024-09-27,KRW-BTC,bear_quiet,0.01175129147856846,0.01025129147856846,eod,24.0,-0.000826080886117242
vol_tight,2024-09-28,KRW-BTC,bear_quiet,-0.0025989558177510474,-0.004098955817751047,eod,24.0,-0.010982313300673896
vol_tight,2024-09-29,KRW-BTC,bear_quiet,-0.00891261486665662,-0.01041261486665662,eod,24.0,-0.010734339509517965
vol_tight,2024-09-30,KRW-BTC,bear_quiet,-0.03,-0.0315,sl,10.25,-0.03370250587496215
vol_tight,2024-10-01,KRW-BTC,bear_quiet,-0.03,-0.0315,sl,20.75,-0.033799116206855384
vol_tight,2024-10-02,KRW-BTC,bear_quiet,0.0025398773006135578,0.0010398773006135577,eod,24.0,-0.006871165644171784
vol_tight,2024-10-03,KRW-BTC,bear_quiet,0.008775257933836711,0.007275257933836711,eod,24.0,-0.00495673565300403
vol_tight,2024-10-04,KRW-BTC,bear_quiet,0.017038628171988313,0.015538628171988313,eod,24.0,-0.004405286343612369
vol_tight,2024-10-05,KRW-BTC,bear_quiet,0.0018137559066393472,0.00031375590663934713,eod,24.0,-0.003496253162140195
vol_tight,2024-10-06,KRW-BTC,bear_quiet,0.006381180280248033,0.004881180280248034,eod,24.0,-0.0047263592747359695
vol_tight,2024-10-07,KRW-BTC,bear_quiet,-0.005850585058505886,-0.007350585058505886,eod,24.0,-0.006537495854848641
vol_tight,2024-10-08,KRW-BTC,bear_quiet,0.0023468585451860147,0.0008468585451860146,eod,24.0,-0.0011198208286674616
vol_tight,2024-10-09,KRW-BTC,bear_quiet,-0.020846456458954776,-0.022346456458954778,eod,24.0,-0.02319970524964643
vol_tight,2024-10-10,KRW-BTC,bear_quiet,-0.003058883507519705,-0.004558883507519705,eod,24.0,-0.02121796972676404
vol_tight,2024-10-11,KRW-BTC,bear_quiet,0.028247555734131957,0.026747555734131956,eod,24.0,-0.004651106159671792
vol_tight,2024-10-12,KRW-BTC,bear_quiet,0.005991711071640093,0.004491711071640094,eod,24.0,-0.001420959147424461
vol_tight,2024-10-13,KRW-BTC,bear_quiet,-0.002247138134287119,-0.003747138134287119,eod,18.75,-0.013023989081967557
vol_tight,2024-10-14,KRW-BTC,bear_quiet,0.0455049420867637,0.0440049420867637,eod,24.0,-0.005685169021726333
vol_tight,2024-10-15,KRW-BTC,bull_quiet,0.022111913357400814,0.020611913357400813,eod,24.0,-0.012748194945848335
vol_tight,2024-10-16,KRW-BTC,bull_quiet,0.012063898893037939,0.010563898893037939,eod,24.0,-0.0035793985726595423
vol_tight,2024-10-17,KRW-BTC,bull_quiet,0.0012553214714550176,-0.00024467852854498243,eod,24.0,-0.0050212858858202924
vol_tight,2024-10-18,KRW-BTC,bull_quiet,0.017132021186163637,0.015632021186163636,eod,24.0,-0.0027027616120665066
vol_tight,2024-10-19,KRW-BTC,bull_quiet,-0.0003856123738725792,-0.0018856123738725792,eod,24.0,-0.006309046894749204
vol_tight,2024-10-20,KRW-BTC,bull_quiet,0.0062043248108698545,0.004704324810869855,eod,24.0,-0.003921904802726028
vol_tight,2024-10-21,KRW-BTC,bull_quiet,-0.018530154098465368,-0.02003015409846537,eod,24.0,-0.02600611282094978
vol_tight,2024-10-22,KRW-BTC,bull_quiet,0.007769012923036778,0.006269012923036778,eod,24.0,-0.01162096765443088
vol_tight,2024-10-23,KRW-BTC,bull_quiet,-0.0054049980081182225,-0.006904998008118222,eod,24.0,-0.02171689438720026
vol_tight,2024-10-24,KRW-BTC,bull_quiet,0.018424898511502086,0.016924898511502084,eod,24.0,-0.003193504736129893
vol_tight,2024-10-25,KRW-BTC,bull_quiet,-0.0033483210561561227,-0.004848321056156122,eod,24.0,-0.01748567662659306
vol_tight,2024-10-26,KRW-BTC,bull_quiet,0.0024636846483649943,0.0009636846483649943,eod,24.0,-0.004959365201254284
vol_tight,2024-10-27,KRW-BTC,bull_quiet,0.008787888459778959,0.007287888459778959,eod,24.0,-0.0009894353834860592
vol_tight,2024-10-28,KRW-BTC,bull_quiet,0.027176664135661888,0.025676664135661886,eod,24.0,-0.0032059394246182205
vol_tight,2024-10-29,KRW-BTC,bull_quiet,0.04008172400694043,0.03858172400694043,eod,24.0,-0.002063633843594981
vol_tight,2024-10-30,KRW-BTC,bull_quiet,-0.0071964461994077356,-0.008696446199407735,eod,24.0,-0.021372161895360287
vol_tight,2024-10-31,KRW-BTC,bull_quiet,-0.03,-0.0315,sl,21.0,-0.03252428632508375
vol_tight,2024-11-01,KRW-BTC,bull_quiet,-0.008429142204827156,-0.009929142204827155,eod,24.0,-0.026418786692759322
vol_tight,2024-11-02,KRW-BTC,bull_quiet,-0.0012945515817159858,-0.002794551581715986,eod,24.0,-0.005198754764669022
vol_tight,2024-11-03,KRW-BTC,bull_quiet,-0.03,-0.0315,sl,15.0,-0.03165475027004783
vol_tight,2024-11-04,KRW-BTC,bull_quiet,-0.03,-0.0315,sl,22.0,-0.030254096908956418
vol_tight,2024-11-05,KRW-BTC,bull_quiet,0.019949304796954115,0.018449304796954114,eod,24.0,-0.0035104837255671706
vol_tight,2024-11-06,KRW-BTC,bull_quiet,0.08200964697076807,0.08050964697076807,eod,24.0,-0.0009563807226912191
vol_tight,2024-11-07,KRW-BTC,bull_quiet,0.0002882259691598943,-0.0012117740308401057,eod,24.0,-0.017245520488062605
vol_tight,2024-11-08,KRW-BTC,bull_quiet,0.02559106136671252,0.02409106136671252,eod,24.0,-0.0006527352486633831
vol_tight,2024-11-09,KRW-BTC,bull_quiet,-0.0051570031353830315,-0.006657003135383031,eod,24.0,-0.00909729046749963
vol_tight,2024-11-10,KRW-BTC,bull_quiet,0.04841289254332315,0.04691289254332315,eod,24.0,-0.0022955199729053355
vol_tight,2024-11-11,KRW-BTC,bull_quiet,0.1,0.0985,tp,21.5,-0.0014985642498205332
vol_tight,2024-11-12,KRW-BTC,bull_volatile,-0.03,-0.0315,sl,0.5,-0.032078472958642634
vol_tight,2024-11-13,KRW-BTC,bull_volatile,0.025289913646149298,0.023789913646149297,eod,24.0,-0.017446839160951133
vol_tight,2024-11-14,KRW-BTC,bull_volatile,-0.03,-0.0315,sl,22.25,-0.030340876271358397
vol_tight,2024-11-15,KRW-BTC,bull_volatile,0.03798677383583038,0.03648677383583038,eod,24.0,-0.0014003221550391576
vol_tight,2024-11-16,KRW-BTC,bull_volatile,-0.008249562937062915,-0.009749562937062915,eod,24.0,-0.01590596903096908
vol_tight,2024-11-17,KRW-BTC,bull_volatile,-0.005175804294816344,-0.006675804294816344,eod,24.0,-0.014772280342956079
vol_tight,2024-11-18,KRW-BTC,bull_volatile,0.005321462176501646,0.0038214621765016456,eod,24.0,-0.0026567775502297497
vol_tight,2024-11-19,KRW-BTC,bull_volatile,0.02027654119016531,0.018776541190165308,eod,24.0,-0.0007236003838227978
vol_tight,2024-11-20,KRW-BTC,bull_volatile,0.026744069508368495,0.025244069508368494,eod,24.0,-0.009737030783819378
vol_tight,2024-11-21,KRW-BTC,bull_volatile,0.029058417179756768,0.027558417179756767,eod,24.0,-0.0013440456525003475
vol_tight,2024-11-22,KRW-BTC,bull_volatile,-0.03,-0.0315,sl,13.5,-0.048325428675665805
vol_tight,2024-11-23,KRW-BTC,bull_volatile,-0.006421730141219606,-0.007921730141219606,eod,24.0,-0.01960855938456596
vol_tight,2024-11-24,KRW-BTC,bull_volatile,-0.03,-0.0315,sl,12.75,-0.033080882352941154
vol_tight,2024-11-25,KRW-BTC,bull_volatile,-0.03,-0.0315,sl,21.75,-0.03317904635956215
vol_tight,2024-11-26,KRW-BTC,bull_volatile,-0.007766332026103551,-0.00926633202610355,eod,24.0,-0.018298649367059383
vol_tight,2024-11-27,KRW-BTC,bull_volatile,0.03260093167701861,0.031100931677018606,eod,24.0,-0.006987577639751552
vol_tight,2024-11-28,KRW-BTC,bull_volatile,0.0010451206400048374,-0.00045487935999516263,eod,24.0,-0.011736930352859831
vol_tight,2024-11-29,KRW-BTC,bull_volatile,0.01049990987201821,0.00899990987201821,eod,24.0,-0.002208135552484558
vol_tight,2024-11-30,KRW-BTC,bull_volatile,-0.006250836170117902,-0.007750836170117901,eod,24.0,-0.007001531120393589
vol_tight,2024-12-01,KRW-BTC,bull_volatile,0.0005982560835164907,-0.0009017439164835093,eod,24.0,-0.003178235443681676
vol_tight,2024-12-02,KRW-BTC,bull_volatile,-0.001995485867176905,-0.003495485867176905,eod,24.0,-0.011524491412684412
vol_tight,2024-12-03,KRW-BTC,bull_volatile,-0.03,-0.0315,sl,13.75,-0.04401488882065263
vol_tight,2024-12-04,KRW-BTC,bull_volatile,0.037690696978761595,0.036190696978761594,eod,24.0,-0.0016527071492671297
vol_tight,2024-12-05,KRW-BTC,bull_volatile,-0.03,-0.0315,sl,22.5,-0.03433863005801174
vol_tight,2024-12-06,KRW-BTC,bull_volatile,0.013374448185831334,0.011874448185831334,eod,24.0,-0.010916284245205521
vol_tight,2024-12-07,KRW-BTC,bull_volatile,-0.003170686216840468,-0.004670686216840468,eod,24.0,-0.012223640980760675
vol_tight,2024-12-08,KRW-BTC,bull_volatile,0.014643448226235867,0.013143448226235867,eod,24.0,-0.00251852917895945
vol_tight,2024-12-09,KRW-BTC,bull_volatile,-0.03,-0.0315,sl,22.5,-0.03655285843920142
vol_tight,2024-12-10,KRW-BTC,bull_volatile,-0.005247095743302621,-0.006747095743302621,eod,24.0,-0.024788748614450018
vol_tight,2024-12-11,KRW-BTC,bull_volatile,0.03549799211316529,0.03399799211316529,eod,24.0,-0.012336746137983412
vol_tight,2024-12-12,KRW-BTC,bull_quiet,-0.0024736044049723516,-0.003973604404972351,eod,24.0,-0.007763204785096844
vol_tight,2024-12-13,KRW-BTC,bull_quiet,0.011360134472615302,0.009860134472615302,eod,24.0,-0.00545594621095391
vol_tight,2024-12-14,KRW-BTC,bull_quiet,0.01035089176913706,0.008850891769137061,eod,24.0,-0.0031779661016949623
vol_tight,2024-12-15,KRW-BTC,bull_quiet,0.022723690612429515,0.021223690612429513,eod,24.0,-0.0016652161697287005
vol_tight,2024-12-16,KRW-BTC,bull_quiet,0.0278740041408978,0.0263740041408978,eod,24.0,-0.001521009360572978
vol_tight,2024-12-17,KRW-BTC,bull_quiet,0.011864174755382928,0.010364174755382928,eod,24.0,-0.003376726661147411
vol_tight,2024-12-18,KRW-BTC,bull_quiet,-0.03,-0.0315,sl,4.75,-0.03140018811766376
vol_tight,2024-12-24,KRW-BTC,bull_quiet,0.027501557021994305,0.026001557021994304,eod,24.0,-0.013302916004786502
vol_tight,2024-12-25,KRW-BTC,bull_quiet,0.008506320148196522,0.007006320148196523,eod,24.0,-0.009786694998365486
vol_tight,2024-12-26,KRW-BTC,bull_quiet,-0.03,-0.0315,sl,8.75,-0.03141361256544506
vol_tight,2024-12-27,KRW-BTC,bull_quiet,-0.013227696922564203,-0.014727696922564202,eod,24.0,-0.017706365959337833
vol_tight,2024-12-28,KRW-BTC,bull_quiet,0.0013722054508222836,-0.0001277945491777164,eod,24.0,-0.004362909638511825
vol_tight,2024-12-29,KRW-BTC,bull_quiet,-0.01806670133374555,-0.01956670133374555,eod,24.0,-0.026042471856422056
vol_tight,2024-12-30,KRW-BTC,bull_quiet,-0.013866739135098838,-0.015366739135098837,eod,24.0,-0.02760475144996455
vol_tight,2024-12-31,KRW-BTC,bull_quiet,0.010096833859210008,0.008596833859210009,eod,20.0,-0.013295615275813244
vol_tight,2025-01-01,KRW-BTC,bull_quiet,0.013816950514369264,0.012316950514369264,eod,24.0,-0.0028265205102084856
vol_tight,2025-01-02,KRW-BTC,bull_quiet,0.01787407480788561,0.016374074807885608,eod,22.0,-0.002844567724770375
vol_tight,2025-01-03,KRW-BTC,bull_quiet,0.005610088426672544,0.004110088426672544,eod,24.0,-0.008543740615093665
vol_tight,2025-01-04,KRW-BTC,bull_quiet,0.0006360047838620542,-0.0008639952161379459,eod,24.0,-0.004009595376521791
vol_tight,2025-01-05,KRW-BTC,bull_quiet,-0.00046281265758074674,-0.0019628126575807468,eod,24.0,-0.008662195113527282
vol_tight,2025-01-06,KRW-BTC,bull_quiet,0.03822954308337545,0.03672954308337545,eod,24.0,-0.001727342449095226
vol_tight,2025-01-07,KRW-BTC,bull_quiet,-0.03,-0.0315,sl,15.25,-0.03024857741838871
vol_tight,2025-01-08,KRW-BTC,bull_quiet,-0.016720883492530536,-0.018220883492530537,eod,24.0,-0.02672854982077366
vol_tight,2025-01-09,KRW-BTC,bull_quiet,-0.01850746268656711,-0.020007462686567112,eod,24.0,-0.02503950834064972
vol_tight,2025-01-10,KRW-BTC,bull_quiet,0.0193848928070528,0.0178848928070528,eod,24.0,-0.0004364999856885099
vol_tight,2025-01-11,KRW-BTC,bull_quiet,-0.005911060625184095,-0.007411060625184094,eod,24.0,-0.010090173475254871
vol_tight,2025-01-12,KRW-BTC,bull_quiet,0.002243101405112524,0.0007431014051125242,eod,24.0,-0.0054031939506800075
vol_tight,2025-01-13,KRW-BTC,bull_quiet,-0.03,-0.0315,sl,12.75,-0.032194490195250336
vol_tight,2025-01-14,KRW-BTC,bull_quiet,0.009802403805556414,0.008302403805556415,eod,24.0,-0.0029836462408872055
vol_tight,2025-01-15,KRW-BTC,bull_quiet,0.026214593231437933,0.02471459323143793,eod,24.0,-0.0038245579814136788
vol_tight,2025-01-16,KRW-BTC,bull_quiet,-0.004337820499765832,-0.005837820499765832,eod,24.0,-0.021770563916664987
vol_tight,2025-01-17,KRW-BTC,bull_quiet,0.038126064735945375,0.036626064735945374,eod,24.0,-0.0006064735945485733
vol_tight,2025-01-18,KRW-BTC,bull_quiet,0.022088248028655055,0.020588248028655054,eod,24.0,-0.005910754818478803
vol_tight,2025-01-19,KRW-BTC,bull_quiet,-0.03,-0.0315,sl,23.75,-0.030933727202671513
vol_tight,2025-01-20,KRW-BTC,bull_quiet,-0.005032467532467555,-0.0065324675324675546,eod,24.0,-0.016116883116883085
vol_tight,2025-01-21,KRW-BTC,bull_quiet,0.028363517702724828,0.026863517702724826,eod,24.0,-0.014273127753303916
vol_tight,2025-01-22,KRW-BTC,bull_quiet,-0.0163228005153232,-0.0178228005153232,eod,24.0,-0.019578475734748135
vol_tight,2025-01-23,KRW-BTC,bull_quiet,0.0007290369615287062,-0.0007709630384712938,eod,24.0,-0.019348511925883383
vol_tight,2025-01-24,KRW-BTC,bull_quiet,0.013113105369023659,0.01161310536902366,eod,24.0,-0.007169013358089615
vol_tight,2025-01-25,KRW-BTC,bull_quiet,0.00019087612139712107,-0.001309123878602879,eod,24.0,-0.001787873003753937
vol_tight,2025-01-26,KRW-BTC,bull_quiet,-0.006997455470737934,-0.008497455470737934,eod,24.0,-0.007633587786259555
vol_tight,2025-01-27,KRW-BTC,bull_quiet,-0.03,-0.0315,sl,7.5,-0.030832799487508056
vol_tight,2025-01-28,KRW-BTC,bull_quiet,0.006454986154054598,0.004954986154054599,eod,24.0,-0.007339319257160248
vol_tight,2025-01-29,KRW-BTC,bull_quiet,0.018855944432686123,0.01735594443268612,eod,24.0,-0.0009876923274264593
vol_tight,2025-01-30,KRW-BTC,bull_quiet,-0.0045323211149509435,-0.006032321114950943,eod,24.0,-0.006288595546994458
vol_tight,2025-01-31,KRW-BTC,bull_quiet,-0.010127574566006214,-0.011627574566006214,eod,24.0,-0.016322969743712945
vol_tight,2025-02-01,KRW-BTC,bull_quiet,0.0047898837654873905,0.0032898837654873904,eod,24.0,-0.004419466087622892
vol_tight,2025-02-02,KRW-BTC,bull_quiet,-0.03,-0.0315,sl,21.75,-0.031270846701694444
vol_tight,2025-02-03,KRW-BTC,bull_quiet,-0.03,-0.0315,sl,1.5,-0.03604545454545449
vol_tight,2025-02-04,KRW-BTC,bull_quiet,-0.03,-0.0315,sl,5.5,-0.0323416573440275
vol_tight,2025-02-05,KRW-BTC,bull_quiet,-0.017451667315427577,-0.01895166731542758,eod,24.0,-0.020371091215777848
vol_tight,2025-02-06,KRW-BTC,bull_quiet,-0.000620666886761323,-0.002120666886761323,eod,24.0,-0.009501485638824692
vol_tight,2025-02-07,KRW-BTC,bull_quiet,-0.011614770182149736,-0.013114770182149736,eod,24.0,-0.017369300801405974
vol_tight,2025-02-08,KRW-BTC,bull_quiet,-0.005340837689335687,-0.006840837689335686,eod,24.0,-0.0107485194048208
vol_tight,2025-02-09,KRW-BTC,bull_quiet,-0.00869197235227337,-0.010191972352273369,eod,24.0,-0.017975052561579385
vol_tight,2025-02-10,KRW-BTC,bull_quiet,0.000826547065758021,-0.0006734529342419791,eod,24.0,-0.010853511470034327
vol_tight,2025-02-11,KRW-BTC,bull_quiet,-0.012123508240197034,-0.013623508240197034,eod,24.0,-0.018266446567261063
vol_tight,2025-02-12,KRW-BTC,bull_quiet,0.012408069353712081,0.010908069353712082,eod,24.0,-0.017838311626059644
vol_tight,2025-02-13,KRW-BTC,bull_quiet,-0.013317911881281841,-0.01481791188128184,eod,24.0,-0.022090553684238956
vol_tight,2025-02-14,KRW-BTC,bull_quiet,0.0051371037434329025,0.0036371037434329025,eod,24.0,-0.0036487839672980638
vol_tight,2025-02-15,KRW-BTC,bull_quiet,0.006482384971784549,0.00498238497178455,eod,24.0,-0.0023950706579961567
vol_tight,2025-02-16,KRW-BTC,bull_quiet,-0.012731944435028453,-0.014231944435028452,eod,24.0,-0.013687857196124864
vol_tight,2025-02-17,KRW-BTC,bull_quiet,-0.008480686695279016,-0.009980686695279016,eod,24.0,-0.01020429184549354
vol_tight,2025-02-18,KRW-BTC,bull_quiet,-0.004584805041900397,-0.006084805041900397,eod,24.0,-0.02275780871251476
vol_tight,2025-02-19,KRW-BTC,bull_quiet,0.003839732888146985,0.002339732888146985,eod,24.0,-0.01050361713967729
vol_tight,2025-02-20,KRW-BTC,bull_quiet,0.009735715176628634,0.008235715176628635,eod,24.0,-0.004330834153304597
vol_tight,2025-02-21,KRW-BTC,bull_quiet,-0.03,-0.0315,sl,21.0,-0.03009216368490042
vol_tight,2025-02-22,KRW-BTC,bull_quiet,-0.004136019763316123,-0.005636019763316123,eod,24.0,-0.006319502277960076
vol_tight,2025-02-23,KRW-BTC,bull_quiet,-0.007024247703070974,-0.008524247703070973,eod,24.0,-0.01647186086370145
vol_tight,2025-02-24,KRW-BTC,bull_quiet,-0.03,-0.0315,sl,15.75,-0.032029199765156946
vol_tight,2025-02-25,KRW-BTC,bull_quiet,-0.03,-0.0315,sl,7.75,-0.037431414840882415
vol_tight,2025-02-26,KRW-BTC,bull_quiet,-0.03,-0.0315,sl,14.25,-0.03172339359364762
vol_tight,2025-02-27,KRW-BTC,bull_quiet,0.012673589900223936,0.011173589900223936,eod,24.0,-0.010384850335980467
vol_tight,2025-02-28,KRW-BTC,bull_quiet,-0.03,-0.0315,sl,1.75,-0.03495064467380471
vol_tight,2025-03-01,KRW-BTC,bull_quiet,0.030691009566341965,0.029191009566341963,eod,24.0,-0.009293247335319998
vol_tight,2025-03-02,KRW-BTC,bull_volatile,0.1,0.0985,tp,17.75,-0.014463840399002503
vol_tight,2025-03-03,KRW-BTC,bull_volatile,-0.03,-0.0315,sl,1.5,-0.033859649122807034
vol_tight,2025-03-04,KRW-BTC,bull_volatile,-0.03,-0.0315,sl,1.75,-0.03927446007224655
vol_tight,2025-03-05,KRW-BTC,bull_volatile,0.03545348551791849,0.03395348551791849,eod,24.0,-0.010646784486990635
vol_tight,2025-03-06,KRW-BTC,bull_volatile,-0.008296910882287567,-0.009796910882287567,eod,24.0,-0.027927994666271605
vol_tight,2025-03-07,KRW-BTC,bull_volatile,-0.03,-0.0315,sl,0.75,-0.03958672623227599
vol_tight,2025-03-08,KRW-BTC,bull_volatile,-0.007651209833078543,-0.009151209833078542,eod,24.0,-0.01646052408085108
vol_tight,2025-03-09,KRW-BTC,bull_volatile,-0.03,-0.0315,sl,14.0,-0.035534574075082204
vol_tight,2025-03-10,KRW-BTC,bull_volatile,-0.03,-0.0315,sl,17.25,-0.030659539487272736
vol_tight,2025-03-11,KRW-BTC,bear_volatile,0.04882760968551847,0.04732760968551847,eod,24.0,-0.023252053278862927
vol_tight,2025-03-12,KRW-BTC,bull_volatile,0.005185341469748028,0.003685341469748028,eod,24.0,-0.024985393404310607
vol_tight,2025-03-13,KRW-BTC,bull_volatile,-0.03,-0.0315,sl,16.25,-0.030846606550362865
vol_tight,2025-03-14,KRW-BTC,bear_volatile,0.03046183536301328,0.028961835363013277,eod,24.0,-0.003984494576429132
vol_tight,2025-03-15,KRW-BTC,bull_volatile,0.0011707238302853806,-0.0003292761697146194,eod,24.0,-0.005288442129909976
vol_tight,2025-03-16,KRW-BTC,bull_volatile,-0.018256150564860185,-0.019756150564860187,eod,24.0,-0.02413456653737911
vol_tight,2025-03-17,KRW-BTC,bull_volatile,0.008881038448899092,0.007381038448899093,eod,24.0,-0.0037791652974038525
vol_tight,2025-03-18,KRW-BTC,bull_volatile,-0.012451038672323556,-0.013951038672323555,eod,24.0,-0.026473725783991986
vol_tight,2025-03-19,KRW-BTC,bear_volatile,0.048832376805857836,0.047332376805857834,eod,24.0,-0.0027458935285968877
vol_tight,2025-03-20,KRW-BTC,bull_volatile,-0.022776231583250817,-0.024276231583250818,eod,24.0,-0.02581882793213519
vol_tight,2025-03-21,KRW-BTC,bull_volatile,0.0013753830562459601,-0.0001246169437540399,eod,24.0,-0.008855536520039564
vol_tight,2025-03-22,KRW-BTC,bull_volatile,-0.0028112449799196915,-0.004311244979919691,eod,24.0,-0.004016064257028162
vol_tight,2025-03-23,KRW-BTC,bull_volatile,0.02244865082561409,0.02094865082561409,eod,24.0,-0.0009987917841320915
vol_tight,2025-03-24,KRW-BTC,bull_volatile,0.015585602622289363,0.014085602622289363,eod,24.0,-0.005641704488149268
vol_tight,2025-03-25,KRW-BTC,bull_volatile,-0.0005198231049732271,-0.002019823104973227,eod,24.0,-0.010768872682132002
vol_tight,2025-03-26,KRW-BTC,bull_volatile,-0.002064864697023827,-0.003564864697023827,eod,24.0,-0.012591017062303034
vol_tight,2025-03-27,KRW-BTC,bull_volatile,0.001127913127353164,-0.0003720868726468361,eod,24.0,-0.012103674663181851
vol_tight,2025-03-28,KRW-BTC,bull_volatile,-0.03,-0.0315,sl,16.5,-0.030800071483516045
vol_tight,2025-03-29,KRW-BTC,bull_volatile,-0.03,-0.0315,sl,17.5,-0.03015103338632752
vol_tight,2025-03-30,KRW-BTC,bear_volatile,-0.0018495384265944104,-0.0033495384265944104,eod,24.0,-0.008566283238963579
vol_tight,2025-03-31,KRW-BTC,bear_volatile,0.0013247078328431083,-0.0001752921671568917,eod,18.75,-0.014490515742080157
vol_tight,2025-04-01,KRW-BTC,bear_volatile,0.027782061375386524,0.026282061375386523,eod,24.0,-0.0033195626942836842
vol_tight,2025-04-02,KRW-BTC,bull_volatile,-0.03,-0.0315,sl,23.0,-0.030497820456124813
vol_tight,2025-04-03,KRW-BTC,bear_volatile,0.0036646741697476948,0.0021646741697476947,eod,24.0,-0.014593546915973143
vol_tight,2025-04-04,KRW-BTC,bear_volatile,0.0013388075687255085,-0.00016119243127449149,eod,24.0,-0.017396384408165932
vol_tight,2025-04-05,KRW-BTC,bear_volatile,-0.0008832419029406458,-0.0023832419029406458,eod,24.0,-0.01114991613253491
vol_tight,2025-04-06,KRW-BTC,bear_volatile,-0.03,-0.0315,sl,18.5,-0.0328992738631293
vol_tight,2025-04-07,KRW-BTC,bear_volatile,-0.03,-0.0315,sl,6.5,-0.035373605520903406
vol_tight,2025-04-08,KRW-BTC,bear_volatile,-0.03,-0.0315,sl,22.75,-0.03135640595619249
vol_tight,2025-04-09,KRW-BTC,bear_volatile,0.059757024201507525,0.058257024201507523,eod,24.0,-0.01701354620645079
vol_tight,2025-04-10,KRW-BTC,bear_volatile,-0.03,-0.0315,sl,15.75,-0.03000684033987422
vol_tight,2025-04-11,KRW-BTC,bear_volatile,0.029856947824538516,0.028356947824538514,eod,24.0,-0.008640792341154446
vol_tight,2025-04-12,KRW-BTC,bear_volatile,0.017299300123507555,0.015799300123507554,eod,24.0,-0.006867023466447075
vol_tight,2025-04-13,KRW-BTC,bear_volatile,-0.01618424140414476,-0.017684241404144763,eod,24.0,-0.02199438406823273
vol_tight,2025-04-14,KRW-BTC,bear_volatile,0.009187593048027187,0.007687593048027188,eod,24.0,-0.0006004425179104711
vol_tight,2025-04-15,KRW-BTC,bear_volatile,-0.00436859178117921,-0.005868591781179209,eod,24.0,-0.004710906808808923
vol_tight,2025-04-16,KRW-BTC,bear_volatile,-0.0024886618530707283,-0.003988661853070728,eod,24.0,-0.007809813841544333
vol_tight,2025-04-17,KRW-BTC,bear_volatile,0.006975789905621754,0.005475789905621755,eod,24.0,-0.0028559704554780296
vol_tight,2025-04-18,KRW-BTC,bear_volatile,-0.0031059191808850972,-0.004605919180885097,eod,24.0,-0.003374935802851531
vol_tight,2025-04-19,KRW-BTC,bear_volatile,0.003532644249640171,0.002032644249640171,eod,24.0,-0.0014555802695276343
vol_tight,2025-04-20,KRW-BTC,bear_volatile,0.00021186440677967155,-0.0012881355932203285,eod,24.0,-0.009362777053455007
vol_tight,2025-04-21,KRW-BTC,bear_volatile,0.028440845322861952,0.02694084532286195,eod,24.0,-0.0004562266794844172
vol_tight,2025-04-22,KRW-BTC,bear_volatile,0.06065768621236134,0.05915768621236134,eod,24.0,-0.005150554675118824
vol_tight,2025-04-23,KRW-BTC,bull_volatile,0.0038623595505618002,0.0023623595505618,eod,24.0,-0.01707805402820939
vol_tight,2025-04-24,KRW-BTC,bull_volatile,0.002061426030526947,0.0005614260305269471,eod,24.0,-0.01745142253280052
vol_tight,2025-04-25,KRW-BTC,bull_volatile,0.013183205709999202,0.011683205709999202,eod,24.0,-0.005822891986839052
vol_tight,2025-04-26,KRW-BTC,bull_volatile,-0.00042473106468365884,-0.0019247310646836589,eod,24.0,-0.009204947384608642
vol_tight,2025-04-27,KRW-BTC,bull_volatile,-0.010071415491668234,-0.011571415491668234,eod,24.0,-0.010071415491668234
vol_tight,2025-04-28,KRW-BTC,bull_volatile,0.012252145605208709,0.010752145605208709,eod,24.0,-0.010654039656703196
vol_tight,2025-04-29,KRW-BTC,bull_volatile,-0.0037275252156117045,-0.005227525215611704,eod,24.0,-0.00818593772840226
vol_tight,2025-05-05,KRW-WAL,bull_volatile,-0.03,-0.0315,sl,1.25,-0.034131310737141485
vol_tight,2025-05-05,KRW-LAYER,bull_volatile,-0.03,-0.0315,sl,1.5,-0.030612244897959218
vol_tight,2025-05-05,KRW-BONK,bull_volatile,0.025456088247772568,0.023956088247772567,eod,24.0,-0.013576580398812044
vol_tight,2025-05-06,KRW-SONIC,bull_volatile,-0.03,-0.0315,sl,9.0,-0.03492292870905589
vol_tight,2025-05-06,KRW-DRIFT,bull_volatile,-0.03,-0.0315,sl,0.75,-0.030725022104332367
vol_tight,2025-05-06,KRW-SIGN,bull_volatile,-0.03,-0.0315,sl,8.5,-0.04766107678729026
vol_tight,2025-05-07,KRW-SIGN,bull_quiet,-0.03,-0.0315,sl,6.25,-0.04014598540145975
vol_tight,2025-05-07,KRW-BERA,bull_quiet,0.0343992248062015,0.0328992248062015,eod,24.0,-0.025678294573643456
vol_tight,2025-05-07,KRW-KAITO,bull_quiet,0.1,0.0985,tp,1.25,-0.013828238719068464
vol_tight,2025-05-08,KRW-G,bull_quiet,0.05658582976699944,0.05508582976699944,eod,24.0,-0.024726581074655196
vol_tight,2025-05-08,KRW-SIGN,bull_quiet,0.04536862003780717,0.04386862003780717,eod,24.0,-0.020793950850661602
vol_tight,2025-05-08,KRW-WCT,bull_quiet,0.05407801418439706,0.05257801418439706,eod,24.0,-0.02641843971631197
vol_tight,2025-05-09,KRW-MASK,bull_volatile,0.08228228228228218,0.08078228228228218,eod,24.0,-0.00540540540540535
vol_tight,2025-05-09,KRW-BTC,bull_volatile,-0.006690257657856913,-0.008190257657856912,eod,24.0,-0.008210770761915342
vol_tight,2025-05-09,KRW-HP,bull_volatile,-0.03,-0.0315,sl,4.25,-0.032956152758132906
vol_tight,2025-05-10,KRW-ARK,bull_quiet,0.02402597402597406,0.02252597402597406,eod,24.0,-0.016233766233766267
vol_tight,2025-05-10,KRW-BTT,bull_quiet,0.1,0.0985,tp,0.25,0.0
vol_tight,2025-05-10,KRW-INJ,bull_quiet,0.1,0.0985,tp,19.75,-0.009726443768997006
vol_tight,2025-05-11,KRW-TRX,bull_quiet,0.0027100271002709064,0.0012100271002709064,eod,24.0,-0.01897018970189701
vol_tight,2025-05-11,KRW-EGLD,bull_quiet,-0.03,-0.0315,sl,0.5,-0.0331292761973353
vol_tight,2025-05-11,KRW-IOST,bull_quiet,0.1,0.0985,tp,0.25,0.0
vol_tight,2025-05-12,KRW-GAME2,bull_quiet,0.009451445515196388,0.007951445515196389,eod,24.0,-0.014640474425500316
vol_tight,2025-05-12,KRW-BSV,bull_quiet,-0.03,-0.0315,sl,16.25,-0.031125021735350367
vol_tight,2025-05-12,KRW-A,bull_quiet,-0.03,-0.0315,sl,14.5,-0.03626543209876543
vol_tight,2025-05-13,KRW-TRX,bull_quiet,-0.03,-0.0315,sl,2.25,-0.03125
vol_tight,2025-05-13,KRW-MINA,bull_quiet,-0.03,-0.0315,sl,1.5,-0.031862745098039214
vol_tight,2025-05-13,KRW-SAFE,bull_quiet,-0.03,-0.0315,sl,0.75,-0.031525851197982346
vol_tight,2025-05-14,KRW-CBK,bull_quiet,-0.017936117936117935,-0.019436117936117936,eod,23.5,-0.029484029484029506
vol_tight,2025-05-14,KRW-TT,bull_quiet,-0.0027088036117380865,-0.004208803611738086,eod,24.0,-0.01399548532731365
vol_tight,2025-05-14,KRW-PYTH,bull_quiet,-0.03,-0.0315,sl,14.0,-0.030935519940365253
vol_tight,2025-05-15,KRW-UNI,bull_quiet,-0.03,-0.0315,sl,7.5,-0.03170338527673289
vol_tight,2025-05-15,KRW-AAVE,bull_quiet,-0.03,-0.0315,sl,7.75,-0.031196911196911148
vol_tight,2025-05-15,KRW-ARKM,bull_quiet,-0.03,-0.0315,sl,4.25,-0.032850241545893666
vol_tight,2025-05-16,KRW-SNT,bull_quiet,-0.03,-0.0315,sl,1.25,-0.030955585464333746
vol_tight,2025-05-16,KRW-MASK,bull_quiet,0.029779058597502406,0.028279058597502404,eod,24.0,-0.025936599423631135
vol_tight,2025-05-16,KRW-PENDLE,bull_quiet,-0.03,-0.0315,sl,23.0,-0.03360612920076611
vol_tight,2025-05-17,KRW-A,bull_quiet,-0.03,-0.0315,sl,1.5,-0.03269069572506289
vol_tight,2025-05-17,KRW-PUNDIX,bull_quiet,-0.03,-0.0315,sl,9.0,-0.05267210842445702
vol_tight,2025-05-17,KRW-WAVES,bull_quiet,-0.03,-0.0315,sl,0.75,-0.03623949579831931
vol_tight,2025-05-18,KRW-ANIME,bull_quiet,0.07659574468085117,0.07509574468085117,eod,24.0,-0.02401215805471124
vol_tight,2025-05-18,KRW-PENGU,bull_quiet,0.1,0.0985,tp,15.0,-0.0005837711617044938
vol_tight,2025-05-18,KRW-BERA,bull_quiet,0.04767335766423364,0.04617335766423364,eod,24.0,-0.007755474452554756
vol_tight,2025-05-19,KRW-PENGU,bull_quiet,-0.03,-0.0315,sl,1.0,-0.030760928224500828
vol_tight,2025-05-19,KRW-BONK,bull_quiet,-0.03,-0.0315,sl,1.0,-0.031860226104830414
vol_tight,2025-05-19,KRW-MEW,bull_quiet,-0.03,-0.0315,sl,1.5,-0.032642167932662836
vol_tight,2025-05-20,KRW-AAVE,bull_quiet,0.04936145788491886,0.04786145788491886,eod,24.0,-0.0035873152532645003
vol_tight,2025-05-20,KRW-MASK,bull_quiet,-0.03,-0.0315,sl,1.0,-0.03179779861394216
vol_tight,2025-05-20,KRW-KAITO,bull_quiet,-0.03,-0.0315,sl,7.25,-0.03082064611956925
vol_tight,2025-05-21,KRW-CVC,bull_quiet,-0.03,-0.0315,sl,2.5,-0.03376623376623378
vol_tight,2025-05-21,KRW-PENDLE,bull_quiet,-0.03,-0.0315,sl,17.5,-0.03375322997416019
vol_tight,2025-05-21,KRW-TAIKO,bull_quiet,-0.03,-0.0315,sl,1.25,-0.031278748850046
vol_tight,2025-05-22,KRW-IMX,bull_quiet,0.06128074639525005,0.05978074639525005,eod,24.0,-0.008481764206955011
vol_tight,2025-05-22,KRW-CVC,bull_quiet,-0.03,-0.0315,sl,1.5,-0.030739673390970168
vol_tight,2025-05-22,KRW-PEPE,bull_quiet,0.1,0.0985,tp,24.0,-0.002631578947368318
vol_tight,2025-05-23,KRW-CTC,bull_quiet,-0.03,-0.0315,sl,12.0,-0.03280318091451295
vol_tight,2025-05-23,KRW-STRAX,bull_quiet,0.055266757865937155,0.053766757865937154,eod,24.0,-0.021203830369357024
vol_tight,2025-05-23,KRW-AGLD,bull_quiet,-0.03,-0.0315,sl,12.25,-0.04069767441860461
vol_tight,2025-05-24,KRW-CVC,bull_quiet,-0.014939759036144529,-0.01643975903614453,eod,24.0,-0.02168674698795181
vol_tight,2025-05-24,KRW-JUP,bull_quiet,-0.020392458637937816,-0.021892458637937817,eod,24.0,-0.02526612799794803
vol_tight,2025-05-24,KRW-JTO,bull_quiet,-0.005751258087706712,-0.007251258087706712,eod,22.75,-0.010783608914450071
vol_tight,2025-05-25,KRW-AERGO,bull_quiet,0.1,0.0985,tp,1.25,-0.017978620019436398
vol_tight,2025-05-25,KRW-ANIME,bull_quiet,-0.03,-0.0315,sl,2.25,-0.03177620858229224
vol_tight,2025-05-25,KRW-ARDR,bull_quiet,-0.03,-0.0315,sl,12.0,-0.03399048266485383
vol_tight,2025-05-26,KRW-ANIME,bull_quiet,-0.03,-0.0315,sl,0.25,-0.036610343061955986
vol_tight,2025-05-26,KRW-MASK,bull_quiet,0.1,0.0985,tp,16.75,-0.016274089935760183
vol_tight,2025-05-26,KRW-PENDLE,bull_quiet,-0.03,-0.0315,sl,19.5,-0.03081914030819144
vol_tight,2025-05-27,KRW-COW,bull_quiet,0.1,0.0985,tp,13.5,-0.02425778421433744
vol_tight,2025-05-27,KRW-SNT,bull_quiet,-0.03,-0.0315,sl,0.25,-0.03183692166743002
vol_tight,2025-05-27,KRW-JUP,bull_quiet,-0.03,-0.0315,sl,1.5,-0.03379416282642078
vol_tight,2025-05-28,KRW-PUNDIX,bull_quiet,-0.03,-0.0315,sl,15.5,-0.036165730337078705
vol_tight,2025-05-28,KRW-COW,bull_quiet,-0.03,-0.0315,sl,1.0,-0.030512285209571166
vol_tight,2025-05-28,KRW-PYTH,bull_quiet,-0.03,-0.0315,sl,19.75,-0.0374804789172305
vol_tight,2025-05-29,KRW-UNI,bull_quiet,0.1,0.0985,tp,3.0,-0.0060707557044169524
vol_tight,2025-05-29,KRW-ANIME,bull_quiet,-0.03,-0.0315,sl,5.0,-0.0350431691213815
vol_tight,2025-05-29,KRW-VIRTUAL,bull_quiet,-0.03,-0.0315,sl,14.25,-0.03326147212811825
vol_tight,2025-05-30,KRW-COW,bull_quiet,-0.03,-0.0315,sl,0.5,-0.036761284318287624
vol_tight,2025-05-30,KRW-ICX,bull_quiet,-0.03,-0.0315,sl,10.5,-0.03409090909090906
vol_tight,2025-05-30,KRW-SIGN,bull_quiet,-0.03,-0.0315,sl,1.0,-0.032258064516129115
vol_tight,2025-05-31,KRW-ATH,bull_quiet,-0.03,-0.0315,sl,0.25,-0.051704705550859376
vol_tight,2025-05-31,KRW-ICX,bull_quiet,-0.03,-0.0315,sl,7.25,-0.0449438202247191
vol_tight,2025-05-31,KRW-SOPH,bull_quiet,-0.03,-0.0315,sl,0.25,-0.05531312654794207
vol_tight,2025-06-01,KRW-CRO,bull_quiet,-0.03,-0.0315,sl,1.0,-0.044117647058823484
vol_tight,2025-06-01,KRW-MEW,bull_quiet,0.02777170347692981,0.02627170347692981,eod,24.0,-0.025147605510605797
vol_tight,2025-06-01,KRW-VANA,bull_quiet,-0.03,-0.0315,sl,0.25,-0.035995623632385065
vol_tight,2025-06-02,KRW-COW,bull_quiet,-0.03,-0.0315,sl,2.25,-0.03894247945694884
vol_tight,2025-06-02,KRW-DEEP,bull_quiet,-0.03,-0.0315,sl,3.0,-0.030612244897959107
vol_tight,2025-06-02,KRW-ANIME,bull_quiet,-0.03,-0.0315,sl,2.5,-0.043681318681318526
vol_tight,2025-06-03,KRW-DKA,bull_quiet,-0.0008643042350907626,-0.0023643042350907626,eod,21.75,-0.009075194468452952
vol_tight,2025-06-03,KRW-MLK,bull_quiet,-0.0061782877316858276,-0.007678287731685827,eod,23.75,-0.015004413062665534
vol_tight,2025-06-03,KRW-ICX,bull_quiet,0.1,0.0985,tp,9.0,-0.01098901098901095
vol_tight,2025-06-04,KRW-ICX,bull_quiet,0.1,0.0985,tp,6.75,-0.021390374331550777
vol_tight,2025-06-04,KRW-COMP,bull_quiet,0.1,0.0985,tp,10.25,-0.015451472718493453
vol_tight,2025-06-04,KRW-ATH,bull_quiet,0.002005156115726159,0.0005051561157261588,eod,23.75,-0.02162704096247481
vol_tight,2025-06-05,KRW-SNT,bull_quiet,-0.03,-0.0315,sl,8.0,-0.037496895952321974
vol_tight,2025-06-05,KRW-MASK,bull_quiet,-0.03,-0.0315,sl,1.75,-0.03109696376101856
vol_tight,2025-06-05,KRW-POKT,bull_quiet,0.1,0.0985,tp,0.25,-0.0009734728644440471
vol_tight,2025-06-06,KRW-ICX,bull_quiet,-0.03,-0.0315,sl,1.25,-0.035532994923857864
vol_tight,2025-06-06,KRW-MANTRA,bull_quiet,0.055824624012235535,0.054324624012235534,eod,24.0,-0.010451185317359224
vol_tight,2025-06-06,KRW-MASK,bull_quiet,-0.03,-0.0315,sl,6.5,-0.08186115949241102
vol_tight,2025-06-07,KRW-IOST,bull_quiet,-0.03,-0.0315,sl,0.5,-0.034510759236703215
vol_tight,2025-06-07,KRW-VIRTUAL,bull_quiet,-0.03,-0.0315,sl,16.75,-0.03205870992661264
vol_tight,2025-06-07,KRW-ICX,bull_quiet,0.05392156862745101,0.05242156862745101,eod,24.0,-0.004901960784313708
vol_tight,2025-06-08,KRW-PENGU,bull_quiet,-0.03,-0.0315,sl,7.75,-0.03495007132667616
vol_tight,2025-06-08,KRW-POKT,bull_quiet,-0.03,-0.0315,sl,1.75,-0.041115379143548125
vol_tight,2025-06-08,KRW-NXPC,bull_quiet,-0.03,-0.0315,sl,5.25,-0.030718595721338504
vol_tight,2025-06-09,KRW-LPT,bull_quiet,-0.03,-0.0315,sl,3.0,-0.03205128205128205
vol_tight,2025-06-09,KRW-SNT,bull_quiet,-0.03,-0.0315,sl,3.0,-0.050438077196305886
vol_tight,2025-06-09,KRW-PENGU,bull_quiet,0.1,0.0985,tp,22.5,-0.015350877192982337
vol_tight,2025-06-10,KRW-MOC,bull_quiet,-0.004545454545454519,-0.006045454545454519,eod,23.0,-0.023835920177383674
vol_tight,2025-06-10,KRW-ALGO,bull_quiet,0.047794117647058876,0.046294117647058874,eod,24.0,-0.003676470588235281
vol_tight,2025-06-10,KRW-AHT,bull_quiet,0.0018552875695734272,0.0003552875695734272,eod,23.25,-0.014285714285714235
vol_tight,2025-06-11,KRW-PUNDIX,bull_quiet,-0.03,-0.0315,sl,20.0,-0.03366856143419317
vol_tight,2025-06-11,KRW-CBK,bull_quiet,-0.007882882882882969,-0.009382882882882968,eod,23.5,-0.021677927927927887
vol_tight,2025-06-11,KRW-DOT,bull_quiet,-0.015675583574714547,-0.017175583574714548,eod,24.0,-0.02555801669790425
vol_tight,2025-06-12,KRW-GAME2,bull_quiet,-0.03,-0.0315,sl,4.0,-0.030808187381304086
vol_tight,2025-06-12,KRW-ZETA,bull_quiet,-0.03,-0.0315,sl,4.75,-0.032452325192371956
vol_tight,2025-06-12,KRW-A,bull_quiet,-0.03,-0.0315,sl,0.25,-0.030303030303030276
vol_tight,2025-06-13,KRW-ARDR,bull_quiet,-0.03,-0.0315,sl,0.25,-0.034596375617792496
vol_tight,2025-06-13,KRW-COMP,bull_quiet,-0.03,-0.0315,sl,0.75,-0.033257646587418144
vol_tight,2025-06-13,KRW-UNI,bull_quiet,-0.03,-0.0315,sl,0.25,-0.03139534883720929
vol_tight,2025-06-14,KRW-MASK,bull_quiet,-0.014388489208633115,-0.015888489208633116,eod,24.0,-0.02466598150051391
vol_tight,2025-06-14,KRW-COMP,bull_quiet,-0.03,-0.0315,sl,0.5,-0.05521314843348746
vol_tight,2025-06-14,KRW-UNI,bull_quiet,-0.03,-0.0315,sl,1.25,-0.033333333333333326
vol_tight,2025-06-15,KRW-WCT,bull_quiet,0.003249856623972258,0.0017498566239722581,eod,24.0,-0.01796979545020072
vol_tight,2025-06-15,KRW-AWE,bull_quiet,-0.01651754989676535,-0.01801754989676535,eod,23.75,-0.02174810736407451
vol_tight,2025-06-15,KRW-STRAX,bull_quiet,-0.01958895311496467,-0.02108895311496467,eod,23.75,-0.024727039177906196
vol_tight,2025-06-16,KRW-BORA,bull_quiet,-0.03,-0.0315,sl,10.0,-0.03143040410519571
vol_tight,2025-06-16,KRW-BCH,bull_quiet,-0.00015708451146712044,-0.0016570845114671205,eod,24.0,-0.024348099277411217
vol_tight,2025-06-16,KRW-AXL,bull_quiet,-0.03,-0.0315,sl,0.75,-0.03611017803157546
vol_tight,2025-06-17,KRW-BORA,bull_quiet,-0.03,-0.0315,sl,0.25,-0.044117647058823484
vol_tight,2025-06-17,KRW-JTO,bull_quiet,0.01374916163648554,0.012249161636485541,eod,24.0,-0.014755197853789426
vol_tight,2025-06-17,KRW-ORBS,bull_quiet,-0.03,-0.0315,sl,0.5,-0.06939040207522695
vol_tight,2025-06-18,KRW-JTO,bull_quiet,-0.03,-0.0315,sl,6.75,-0.03148823334438189
vol_tight,2025-06-18,KRW-BORA,bull_quiet,0.08023483365949113,0.07873483365949113,eod,24.0,-0.013698630136986467
vol_tight,2025-06-18,KRW-SOPH,bull_quiet,-0.03,-0.0315,sl,3.25,-0.035258562793821335
vol_tight,2025-06-19,KRW-JTO,bull_quiet,-0.010675039246467843,-0.012175039246467843,eod,24.0,-0.022605965463108335
vol_tight,2025-06-19,KRW-BORA,bull_quiet,-0.03,-0.0315,sl,0.5,-0.036231884057971064
vol_tight,2025-06-19,KRW-AXL,bull_quiet,-0.03,-0.0315,sl,3.0,-0.0340425531914893
vol_tight,2025-06-20,KRW-T,bull_quiet,0.1,0.0985,tp,1.5,-0.00399644760213147
vol_tight,2025-06-20,KRW-PENDLE,bull_quiet,-0.03,-0.0315,sl,15.0,-0.0369339272457313
vol_tight,2025-06-20,KRW-BCH,bull_quiet,-0.03,-0.0315,sl,11.25,-0.03076030179918743
vol_tight,2025-06-21,KRW-ARDR,bull_quiet,-0.03,-0.0315,sl,0.25,-0.04589371980676327
vol_tight,2025-06-21,KRW-BORA,bull_quiet,-0.03,-0.0315,sl,15.75,-0.032019704433497664
vol_tight,2025-06-21,KRW-ATH,bull_quiet,-0.03,-0.0315,sl,21.0,-0.033136344449134714
vol_tight,2025-06-22,KRW-T,bull_quiet,0.1,0.0985,tp,4.25,0.0
vol_tight,2025-06-22,KRW-LAYER,bull_quiet,-0.03,-0.0315,sl,2.0,-0.030952629927846864
vol_tight,2025-06-22,KRW-AXL,bull_quiet,-0.03,-0.0315,sl,3.75,-0.030303030303030276
vol_tight,2025-06-23,KRW-AXL,bull_quiet,0.04957446808510646,0.04807446808510646,eod,24.0,-0.019148936170212738
vol_tight,2025-06-23,KRW-BORA,bull_quiet,-0.03,-0.0315,sl,7.75,-0.030591434398368422
vol_tight,2025-06-23,KRW-LAYER,bull_quiet,-0.03,-0.0315,sl,1.0,-0.03134920634920635
vol_tight,2025-06-24,KRW-CKB,bull_quiet,0.014012738853503182,0.012512738853503182,eod,23.75,-0.007643312101910715
vol_tight,2025-06-24,KRW-CVC,bull_quiet,0.00797448165869219,0.00647448165869219,eod,24.0,-0.004784688995215336
vol_tight,2025-06-24,KRW-RVN,bull_quiet,-0.03,-0.0315,sl,3.25,-0.03063557384545046
vol_tight,2025-06-25,KRW-GAME2,bull_quiet,-0.03,-0.0315,sl,10.25,-0.03092522179974644
vol_tight,2025-06-25,KRW-SAFE,bull_quiet,-0.03,-0.0315,sl,8.25,-0.031607142857142945
vol_tight,2025-06-25,KRW-CKB,bull_quiet,-0.03,-0.0315,sl,8.75,-0.03433835845896138
vol_tight,2025-06-26,KRW-DOT,bull_quiet,-0.018008244738555,-0.019508244738555003,eod,24.0,-0.026036016489477065
vol_tight,2025-06-26,KRW-AGLD,bull_quiet,-0.03,-0.0315,sl,18.0,-0.032915693353153586
vol_tight,2025-06-26,KRW-ICX,bull_quiet,-0.03,-0.0315,sl,16.75,-0.04117647058823526
vol_tight,2025-06-27,KRW-ALT,bull_quiet,0.0480686695278969,0.0465686695278969,eod,24.0,-0.004005722460658112
vol_tight,2025-06-27,KRW-RAY,bull_quiet,0.0507439908431897,0.0492439908431897,eod,23.5,-0.015642884395268952
vol_tight,2025-06-27,KRW-ARB,bull_quiet,0.006236507555768878,0.004736507555768878,eod,24.0,-0.019908851043415554
vol_tight,2025-06-28,KRW-LPT,bull_quiet,-0.03,-0.0315,sl,4.5,-0.03531396890442329
vol_tight,2025-06-28,KRW-POKT,bull_quiet,0.1,0.0985,tp,0.5,-0.012903225806451646
vol_tight,2025-06-28,KRW-MASK,bull_quiet,0.013706793802145345,0.012206793802145345,eod,23.25,-0.01728247914183556
vol_tight,2025-06-29,KRW-MASK,bull_quiet,0.029429075927015935,0.027929075927015934,eod,22.5,-0.009417304296645113
vol_tight,2025-06-29,KRW-JUP,bull_quiet,0.028896103896103753,0.027396103896103752,eod,24.0,-0.023376623376623384
vol_tight,2025-06-29,KRW-RAY,bull_quiet,0.03760445682451263,0.03610445682451263,eod,23.75,-0.014972144846796653
vol_tight,2025-06-30,KRW-AQT,bull_quiet,-0.03,-0.0315,sl,10.5,-0.0353495679497251
vol_tight,2025-06-30,KRW-ATOM,bull_quiet,-0.03,-0.0315,sl,15.0,-0.030355896720167475
vol_tight,2025-06-30,KRW-MANA,bull_quiet,-0.03,-0.0315,sl,5.0,-0.030898876404494402
vol_tight,2025-07-01,KRW-POKT,bull_quiet,-0.03,-0.0315,sl,0.25,-0.056927044952100325
vol_tight,2025-07-01,KRW-ARB,bull_quiet,-0.03,-0.0315,sl,3.75,-0.0360034086067319
vol_tight,2025-07-01,KRW-KAITO,bull_quiet,-0.03,-0.0315,sl,13.25,-0.032824780397595954
vol_tight,2025-07-02,KRW-MOVE,bull_quiet,-0.03,-0.0315,sl,0.75,-0.03265479219677703
vol_tight,2025-07-02,KRW-POKT,bull_quiet,-0.03,-0.0315,sl,0.25,-0.03228962818003911
vol_tight,2025-07-02,KRW-KAITO,bull_quiet,-0.03,-0.0315,sl,1.0,-0.030017921146953452
vol_tight,2025-07-03,KRW-MBL,bull_quiet,0.016560509554140124,0.015060509554140124,eod,22.0,-0.006369426751592355
vol_tight,2025-07-03,KRW-BLUR,bull_quiet,-0.004102461476886088,-0.0056024614768860875,eod,24.0,-0.012607564538723137
vol_tight,2025-07-03,KRW-AHT,bull_quiet,-0.03,-0.0315,sl,5.0,-0.04196195449459161
vol_tight,2025-07-04,KRW-MLK,bull_quiet,-0.011412268188302432,-0.012912268188302432,eod,23.75,-0.029957203994293913
vol_tight,2025-07-04,KRW-RAY,bull_quiet,-0.03,-0.0315,sl,7.5,-0.03127124405166548
vol_tight,2025-07-04,KRW-BLAST,bull_quiet,0.1,0.0985,tp,0.75,-0.018810883439704384
vol_tight,2025-07-05,KRW-CARV,bull_quiet,0.1,0.0985,tp,0.25,0.0
vol_tight,2025-07-05,KRW-TAIKO,bull_quiet,-0.03,-0.0315,sl,1.75,-0.03229880909419003
vol_tight,2025-07-05,KRW-MOC,bull_quiet,-0.03,-0.0315,sl,0.25,-0.032757148954332016
vol_tight,2025-07-06,KRW-SAFE,bull_quiet,0.1,0.0985,tp,0.25,-0.0010407632263660371
vol_tight,2025-07-06,KRW-CBK,bull_quiet,-0.03,-0.0315,sl,0.5,-0.033211233211233315
vol_tight,2025-07-06,KRW-POKT,bull_quiet,-0.03,-0.0315,sl,7.5,-0.044125372088951065
vol_tight,2025-07-07,KRW-BEAM,bull_quiet,-0.03,-0.0315,sl,10.0,-0.03052718093225315
vol_tight,2025-07-07,KRW-TOKAMAK,bull_quiet,0.04281949934123852,0.04131949934123852,eod,24.0,-0.017127799736495364
vol_tight,2025-07-07,KRW-COW,bull_quiet,-0.005227781926810948,-0.006727781926810948,eod,21.5,-0.02066218571072942
vol_tight,2025-07-08,KRW-TOKAMAK,bull_quiet,-0.03,-0.0315,sl,1.0,-0.03474415666456099
vol_tight,2025-07-08,KRW-BOUNTY,bull_quiet,0.002602472348731455,0.001102472348731455,eod,22.75,-0.017566688353936266
vol_tight,2025-07-08,KRW-QKC,bull_quiet,0.020810984767217322,0.01931098476721732,eod,23.5,-0.007616391332332051
vol_tight,2025-07-09,KRW-FCT2,bull_quiet,0.032583397982932416,0.031083397982932415,eod,23.5,0.0
vol_tight,2025-07-09,KRW-TAIKO,bull_quiet,0.010683367102597208,0.009183367102597208,eod,24.0,-0.02762939767913064
vol_tight,2025-07-09,KRW-MOC,bull_quiet,-0.03,-0.0315,sl,7.25,-0.030655050016134222
vol_tight,2025-07-10,KRW-BSV,bull_quiet,0.03134978229317853,0.02984978229317853,eod,24.0,-0.01944847605224964
vol_tight,2025-07-10,KRW-BCH,bull_quiet,0.0022939068100358284,0.0007939068100358284,eod,24.0,-0.02107526881720434
vol_tight,2025-07-10,KRW-HIVE,bull_quiet,0.0245791245791247,0.0230791245791247,eod,24.0,-0.008754208754208848
vol_tight,2025-07-11,KRW-SIGN,bull_quiet,0.05176246427437281,0.05026246427437281,eod,24.0,-0.003704879856038845
vol_tight,2025-07-11,KRW-BTT,bull_quiet,0.015126050420168236,0.013626050420168236,eod,24.0,-0.017254901960784275
vol_tight,2025-07-11,KRW-GAS,bull_quiet,0.006577344701583332,0.005077344701583332,eod,24.0,-0.020706455542021884
vol_tight,2025-07-12,KRW-BTT,bull_quiet,0.021482868789247433,0.019982868789247432,eod,24.0,-0.012889721273548593
vol_tight,2025-07-12,KRW-T,bull_quiet,0.03946784922394686,0.03796784922394686,eod,24.0,-0.015964523281596477
vol_tight,2025-07-12,KRW-CARV,bull_quiet,-0.03,-0.0315,sl,0.25,-0.040000000000000036
vol_tight,2025-07-13,KRW-KAVA,bull_quiet,-0.03,-0.0315,sl,2.75,-0.04093166638122958
vol_tight,2025-07-13,KRW-AHT,bull_quiet,-0.03,-0.0315,sl,0.75,-0.032131381649410984
vol_tight,2025-07-13,KRW-ETC,bull_quiet,0.014997973246858587,0.013497973246858587,eod,24.0,-0.0032428050263477726
vol_tight,2025-07-14,KRW-AGLD,bull_quiet,-0.03,-0.0315,sl,16.25,-0.04021937842778789
vol_tight,2025-07-14,KRW-ETC,bull_quiet,0.015175718849840258,0.013675718849840259,eod,24.0,-0.0023961661341852514
vol_tight,2025-07-14,KRW-CRO,bull_quiet,0.1,0.0985,tp,8.5,-0.01794340924775706
vol_tight,2025-07-15,KRW-SOL,bull_quiet,0.010139702568724651,0.008639702568724652,eod,24.0,-0.02726453357368186
vol_tight,2025-07-15,KRW-WAL,bull_quiet,-0.03,-0.0315,sl,0.75,-0.03679435483870985
vol_tight,2025-07-15,KRW-SONIC,bull_quiet,-0.03,-0.0315,sl,1.5,-0.03351420363868496
vol_tight,2025-07-16,KRW-BORA,bull_quiet,-0.0028776978417266452,-0.004377697841726645,eod,24.0,-0.017985611510791366
vol_tight,2025-07-16,KRW-AKT,bull_quiet,-0.03,-0.0315,sl,6.25,-0.032122169562927905
vol_tight,2025-07-16,KRW-STRAX,bull_quiet,-0.0044059124502559,-0.0059059124502558995,eod,24.0,-0.02259806708357026
vol_tight,2025-07-17,KRW-SOL,bull_quiet,0.016105107014197984,0.014605107014197984,eod,24.0,-0.020979020979020935
vol_tight,2025-07-17,KRW-BTT,bull_quiet,0.009468700683850528,0.007968700683850529,eod,24.0,-0.00841662283008937
vol_tight,2025-07-17,KRW-A,bull_quiet,0.023540241977906273,0.022040241977906272,eod,24.0,-0.020252498684902642
vol_tight,2025-07-18,KRW-MVL,bull_quiet,0.0,-0.0015,eod,23.5,-0.015303891560996985
vol_tight,2025-07-18,KRW-CKB,bull_quiet,-0.008797653958944274,-0.010297653958944273,eod,24.0,-0.028999674160964495
vol_tight,2025-07-18,KRW-WAVES,bull_quiet,0.0046604527296938425,0.0031604527296938425,eod,24.0,-0.01464713715046606
vol_tight,2025-07-19,KRW-BCH,bull_quiet,-0.0009944594402614415,-0.0024944594402614415,eod,24.0,-0.02216223895439695
vol_tight,2025-07-19,KRW-PENDLE,bull_quiet,-0.0006537015852263739,-0.002153701585226374,eod,23.75,-0.02859944435365258
vol_tight,2025-07-19,KRW-HYPER,bull_quiet,-0.03,-0.0315,sl,10.0,-0.03053435114503822
vol_tight,2025-07-20,KRW-MOCA,bull_quiet,0.05991189427312782,0.05841189427312782,eod,24.0,-0.008810572687224627
vol_tight,2025-07-20,KRW-ARK,bull_quiet,0.1,0.0985,tp,0.25,-0.0015140045420136694
vol_tight,2025-07-20,KRW-ARDR,bull_quiet,0.018796992481203034,0.017296992481203033,eod,24.0,-0.006766917293233088
vol_tight,2025-07-21,KRW-BCH,bull_quiet,-0.03,-0.0315,sl,1.75,-0.030088258892752018
vol_tight,2025-07-21,KRW-VTHO,bull_quiet,0.026132980482963752,0.02463298048296375,eod,24.0,-0.003307972213033472
vol_tight,2025-07-21,KRW-LSK,bull_quiet,0.020414245268961295,0.018914245268961294,eod,24.0,-0.01817910892564456
vol_tight,2025-07-22,KRW-JTO,bull_quiet,-0.03,-0.0315,sl,14.0,-0.030037124535943316
vol_tight,2025-07-22,KRW-NXPC,bull_quiet,-0.03,-0.0315,sl,1.5,-0.03262316910785623
vol_tight,2025-07-22,KRW-ORCA,bull_quiet,-0.03,-0.0315,sl,1.25,-0.04029304029304026
vol_tight,2025-07-23,KRW-BCH,bull_quiet,-0.03,-0.0315,sl,13.75,-0.034337771548703544
vol_tight,2025-07-23,KRW-HYPER,bull_quiet,-0.03,-0.0315,sl,6.75,-0.030007949125596123
vol_tight,2025-07-23,KRW-NEWT,bull_quiet,-0.03,-0.0315,sl,3.0,-0.03056505127689524
vol_tight,2025-07-24,KRW-NXPC,bull_quiet,-0.03,-0.0315,sl,0.25,-0.0473411154345007
vol_tight,2025-07-24,KRW-SIGN,bull_quiet,-0.03,-0.0315,sl,0.25,-0.054030874785591765
vol_tight,2025-07-24,KRW-AERGO,bull_quiet,-0.03,-0.0315,sl,0.25,-0.04514789828749344
vol_tight,2025-07-25,KRW-RVN,bull_quiet,0.1,0.0985,tp,0.25,0.0
vol_tight,2025-07-25,KRW-CRO,bull_quiet,0.04637681159420293,0.044876811594202926,eod,24.0,-0.01449275362318836
vol_tight,2025-07-25,KRW-SIGN,bull_quiet,-0.03,-0.0315,sl,3.75,-0.032830523513753374
vol_tight,2025-07-26,KRW-GLM,bull_quiet,0.014978213507625293,0.013478213507625294,eod,23.75,-0.008986928104575242
vol_tight,2025-07-26,KRW-SONIC,bull_quiet,-0.03,-0.0315,sl,0.75,-0.030904451375106223
vol_tight,2025-07-26,KRW-BLUR,bull_quiet,-0.006993006993006978,-0.008493006993006978,eod,24.0,-0.020979020979020935
vol_tight,2025-07-27,KRW-TAIKO,bull_quiet,0.025715531018451365,0.024215531018451364,eod,24.0,-0.007845416242917347
vol_tight,2025-07-27,KRW-WAL,bull_quiet,-0.03,-0.0315,sl,0.25,-0.03391107761868872
vol_tight,2025-07-27,KRW-DRIFT,bull_quiet,0.1,0.0985,tp,1.25,-0.008699914226197758
vol_tight,2025-07-28,KRW-GAS,bull_quiet,-0.03,-0.0315,sl,14.5,-0.037824054398640006
vol_tight,2025-07-28,KRW-JUP,bull_quiet,-0.03,-0.0315,sl,17.5,-0.030631303698169576
vol_tight,2025-07-28,KRW-EGLD,bull_quiet,-0.03,-0.0315,sl,14.25,-0.035049762007788865
vol_tight,2025-07-29,KRW-CBK,bull_quiet,-0.03,-0.0315,sl,0.25,-0.03681112894596039
vol_tight,2025-07-29,KRW-RAY,bull_quiet,-0.03,-0.0315,sl,15.5,-0.03534061846082304
vol_tight,2025-07-29,KRW-CKB,bull_quiet,0.1,0.0985,tp,6.25,-0.021980798383021805
vol_tight,2025-07-30,KRW-ATH,bull_quiet,-0.03,-0.0315,sl,0.75,-0.03950227138060436
vol_tight,2025-07-30,KRW-BAT,bull_quiet,-0.03,-0.0315,sl,0.25,-0.03516949152542381
vol_tight,2025-07-30,KRW-MOODENG,bull_quiet,-0.03,-0.0315,sl,11.5,-0.03068450039339099
vol_tight,2025-07-31,KRW-GAME2,bull_quiet,-0.025096525096525046,-0.026596525096525048,eod,23.25,-0.025096525096525046
vol_tight,2025-07-31,KRW-BOUNTY,bull_quiet,-0.03,-0.0315,sl,15.0,-0.03392330383480824
vol_tight,2025-07-31,KRW-ALT,bull_quiet,-0.03,-0.0315,sl,22.0,-0.037190082644628086
vol_tight,2025-08-01,KRW-ALT,bull_quiet,-0.03,-0.0315,sl,1.0,-0.037117903930130924
vol_tight,2025-08-01,KRW-ERA,bull_quiet,-0.03,-0.0315,sl,0.25,-0.035404141616566465
vol_tight,2025-08-01,KRW-KNC,bull_quiet,-0.03,-0.0315,sl,6.75,-0.030303030303030276
vol_tight,2025-08-02,KRW-HYPER,bull_quiet,-0.03,-0.0315,sl,9.5,-0.04029304029304026
vol_tight,2025-08-02,KRW-SYRUP,bull_quiet,-0.03,-0.0315,sl,5.25,-0.031932773109243695
vol_tight,2025-08-02,KRW-KNC,bull_quiet,-0.03,-0.0315,sl,18.0,-0.030716723549488067
vol_tight,2025-08-03,KRW-SYRUP,bull_quiet,0.03362831858407089,0.03212831858407089,eod,24.0,-0.010619469026548645
vol_tight,2025-08-03,KRW-KNC,bull_quiet,0.02941176470588225,0.027911764705882247,eod,24.0,-0.02249134948096887
vol_tight,2025-08-03,KRW-SAHARA,bull_quiet,0.016129032258064502,0.014629032258064502,eod,24.0,-0.024193548387096753
vol_tight,2025-08-04,KRW-SYRUP,bull_quiet,0.05650684931506844,0.05500684931506844,eod,24.0,0.0
vol_tight,2025-08-04,KRW-VIRTUAL,bull_quiet,0.02336448598130847,0.021864485981308468,eod,24.0,-0.02044392523364491
vol_tight,2025-08-04,KRW-CKB,bull_quiet,0.006443298969072142,0.0049432989690721425,eod,24.0,-0.02448453608247414
vol_tight,2025-08-05,KRW-ANIME,bull_quiet,-0.03,-0.0315,sl,7.75,-0.03418803418803407
vol_tight,2025-08-05,KRW-XTZ,bull_quiet,-0.03,-0.0315,sl,22.25,-0.032786885245901676
vol_tight,2025-08-05,KRW-AERGO,bull_quiet,-0.03,-0.0315,sl,14.75,-0.030864197530864224
vol_tight,2025-08-06,KRW-GAME2,bull_quiet,-0.03,-0.0315,sl,0.25,-0.03358208955223896
vol_tight,2025-08-06,KRW-ERA,bull_quiet,-0.03,-0.0315,sl,1.0,-0.036067892503536036
vol_tight,2025-08-06,KRW-ENA,bull_quiet,-0.03,-0.0315,sl,3.25,-0.03439803439803435
vol_tight,2025-08-07,KRW-ATH,bull_quiet,0.008064516129032251,0.006564516129032251,eod,24.0,-0.022177419354838745
vol_tight,2025-08-07,KRW-POKT,bull_quiet,0.01814882032667886,0.01664882032667886,eod,24.0,-0.02722323049001818
vol_tight,2025-08-07,KRW-ENA,bull_quiet,0.05017921146953408,0.04867921146953408,eod,24.0,-0.02508960573476704
vol_tight,2025-08-08,KRW-NXPC,bull_quiet,0.010108864696733999,0.008608864696734,eod,24.0,-0.010886469673405896
vol_tight,2025-08-08,KRW-ANIME,bull_quiet,0.016877637130801704,0.015377637130801704,eod,24.0,-0.012658227848101333
vol_tight,2025-08-08,KRW-DRIFT,bull_quiet,0.1,0.0985,tp,7.75,-0.0013774104683195176
vol_tight,2025-08-09,KRW-AUCTION,bull_quiet,0.03092059030217853,0.02942059030217853,eod,24.0,-0.0028109627547434624
vol_tight,2025-08-09,KRW-RVN,bull_quiet,0.005025125628140836,0.0035251256281408363,eod,23.75,-0.01005025125628134
vol_tight,2025-08-09,KRW-SNT,bull_quiet,0.020460358056265893,0.01896035805626589,eod,24.0,-0.005115089514066584
vol_tight,2025-08-10,KRW-AUCTION,bull_quiet,-0.03,-0.0315,sl,8.25,-0.03340149965916839
vol_tight,2025-08-10,KRW-POKT,bull_quiet,-0.03,-0.0315,sl,8.25,-0.049469964664311084
vol_tight,2025-08-10,KRW-VET,bull_quiet,0.0,-0.0015,eod,24.0,-0.028901734104046284
vol_tight,2025-08-11,KRW-MOCA,bull_quiet,-0.03,-0.0315,sl,12.0,-0.037735849056603765
vol_tight,2025-08-11,KRW-SNT,bull_quiet,-0.02030456852791873,-0.021804568527918733,eod,24.0,-0.027918781725888353
vol_tight,2025-08-11,KRW-ELF,bull_quiet,0.006666666666666599,0.005166666666666599,eod,23.75,-0.010000000000000009
vol_tight,2025-08-12,KRW-CTC,bull_quiet,-0.03,-0.0315,sl,0.75,-0.04087736789631102
vol_tight,2025-08-12,KRW-MOC,bull_quiet,0.016304347826086918,0.014804347826086918,eod,23.5,-0.026086956521739202
vol_tight,2025-08-12,KRW-CRO,bull_quiet,-0.03,-0.0315,sl,20.25,-0.034782608695652195
vol_tight,2025-08-13,KRW-ID,bull_quiet,0.024590163934426146,0.023090163934426144,eod,23.75,-0.020491803278688492
vol_tight,2025-08-13,KRW-KAITO,bull_quiet,0.005424954792043302,0.003924954792043302,eod,23.75,-0.009644364074743783
vol_tight,2025-08-13,KRW-MNT,bull_quiet,0.1,0.0985,tp,8.0,-0.006405693950177982
vol_tight,2025-08-14,KRW-BTT,bull_quiet,-0.03,-0.0315,sl,12.75,-0.031632653061224536
vol_tight,2025-08-14,KRW-MOCA,bull_quiet,-0.03,-0.0315,sl,8.25,-0.03738317757009346
vol_tight,2025-08-14,KRW-NXPC,bull_quiet,-0.03,-0.0315,sl,10.75,-0.03424124513618676
vol_tight,2025-08-15,KRW-INJ,bull_quiet,-0.03,-0.0315,sl,14.5,-0.03277909738717344
vol_tight,2025-08-15,KRW-BERA,bull_quiet,-0.03,-0.0315,sl,0.5,-0.03186991869918698
vol_tight,2025-08-15,KRW-ARKM,bull_quiet,-0.03,-0.0315,sl,15.75,-0.04041720990873532
vol_tight,2025-08-16,KRW-DEEP,bull_quiet,-0.03,-0.0315,sl,11.0,-0.033333333333333326
vol_tight,2025-08-16,KRW-KAVA,bull_quiet,0.0,-0.0015,eod,23.0,-0.009487666034155628
vol_tight,2025-08-16,KRW-MNT,bull_quiet,-0.03,-0.0315,sl,7.75,-0.035756853396901045
vol_tight,2025-08-17,KRW-BAT,bull_quiet,-0.03,-0.0315,sl,11.5,-0.03418803418803418
vol_tight,2025-08-17,KRW-PROVE,bull_quiet,-0.005385029617662851,-0.0068850296176628505,eod,24.0,-0.02369413031771672
vol_tight,2025-08-17,KRW-BERA,bull_quiet,0.004855842185129022,0.0033558421851290223,eod,24.0,-0.029438543247344406
vol_tight,2025-08-18,KRW-SEI,bull_quiet,-0.03,-0.0315,sl,2.25,-0.0357142857142857
vol_tight,2025-08-18,KRW-LPT,bull_quiet,-0.03,-0.0315,sl,2.25,-0.03618946248004262
vol_tight,2025-08-18,KRW-POL,bull_quiet,-0.03,-0.0315,sl,3.75,-0.03206997084548102
vol_tight,2025-08-19,KRW-CARV,bull_quiet,-0.03,-0.0315,sl,0.75,-0.03260869565217395
vol_tight,2025-08-19,KRW-POL,bull_quiet,-0.03,-0.0315,sl,3.5,-0.030470914127423865
vol_tight,2025-08-19,KRW-ARB,bull_quiet,-0.03,-0.0315,sl,3.75,-0.039381153305203975
vol_tight,2025-08-20,KRW-CTC,bull_quiet,-0.03,-0.0315,sl,12.5,-0.03809523809523807
vol_tight,2025-08-20,KRW-CARV,bull_quiet,-0.03,-0.0315,sl,11.75,-0.036717062634989195
vol_tight,2025-08-20,KRW-CYBER,bull_quiet,0.018589743589743524,0.017089743589743522,eod,24.0,-0.022435897435897467
vol_tight,2025-08-21,KRW-ARB,bull_quiet,-0.03,-0.0315,sl,9.25,-0.03351955307262566
vol_tight,2025-08-21,KRW-BERA,bull_quiet,-0.03,-0.0315,sl,5.5,-0.03773015393902812
vol_tight,2025-08-21,KRW-HYPER,bull_quiet,-0.03,-0.0315,sl,2.75,-0.03462321792260692
vol_tight,2025-08-22,KRW-CYBER,bull_quiet,0.04176411627129961,0.04026411627129961,eod,24.0,-0.014032743067156739
vol_tight,2025-08-22,KRW-CARV,bull_quiet,-0.03,-0.0315,sl,1.25,-0.038202247191011285
vol_tight,2025-08-22,KRW-POKT,bull_quiet,-0.03,-0.0315,sl,0.25,-0.03244274809160297
vol_tight,2025-08-23,KRW-BTT,bull_quiet,0.02547770700636942,0.02397770700636942,eod,24.0,-0.0010615711252653925
vol_tight,2025-08-23,KRW-DRIFT,bull_quiet,0.04926764314247678,0.04776764314247678,eod,24.0,-0.026631158455392767
vol_tight,2025-08-23,KRW-SNT,bull_quiet,0.0052631578947368585,0.0037631578947368584,eod,23.5,-0.010526315789473606
vol_tight,2025-08-24,KRW-DRIFT,bull_quiet,0.011435832274459878,0.009935832274459879,eod,24.0,-0.017789072426937724
vol_tight,2025-08-24,KRW-ZRO,bull_quiet,-0.03,-0.0315,sl,10.25,-0.032024793388429784
vol_tight,2025-08-24,KRW-ALT,bull_quiet,-0.03,-0.0315,sl,6.75,-0.033138401559454134
vol_tight,2025-08-25,KRW-EGLD,bull_quiet,-0.03,-0.0315,sl,7.25,-0.030358785648574083
vol_tight,2025-08-25,KRW-ONT,bull_quiet,-0.03,-0.0315,sl,0.25,-0.03139013452914796
vol_tight,2025-08-25,KRW-BERA,bull_quiet,-0.03,-0.0315,sl,4.0,-0.0331010452961672
vol_tight,2025-08-26,KRW-IOST,bull_quiet,-0.03,-0.0315,sl,0.25,-0.04571428571428571
vol_tight,2025-08-26,KRW-API3,bull_quiet,-0.03,-0.0315,sl,0.75,-0.030388294879009514
vol_tight,2025-08-26,KRW-ONG,bull_quiet,-0.03,-0.0315,sl,0.25,-0.0539568345323741
vol_tight,2025-08-27,KRW-ID,bull_quiet,-0.03,-0.0315,sl,1.0,-0.03418803418803418
vol_tight,2025-08-27,KRW-RAY,bull_quiet,0.038907284768211925,0.037407284768211924,eod,24.0,-0.021730132450331174
vol_tight,2025-08-27,KRW-IP,bull_quiet,-0.03,-0.0315,sl,8.0,-0.030199430199430166
vol_tight,2025-08-28,KRW-API3,bull_quiet,-0.03,-0.0315,sl,2.5,-0.03454437164979152
vol_tight,2025-08-28,KRW-SYRUP,bull_quiet,0.0,-0.0015,eod,24.0,-0.02593192868719607
vol_tight,2025-08-28,KRW-TAIKO,bull_quiet,-0.03,-0.0315,sl,12.5,-0.03056027164685904
vol_tight,2025-08-29,KRW-CARV,bull_quiet,-0.03,-0.0315,sl,7.25,-0.0339366515837104
vol_tight,2025-08-29,KRW-GMT,bull_quiet,-0.03,-0.0315,sl,4.5,-0.036799999999999944
vol_tight,2025-08-29,KRW-W,bull_quiet,-0.03,-0.0315,sl,1.5,-0.03508771929824561
vol_tight,2025-08-30,KRW-SYRUP,bull_quiet,-0.03,-0.0315,sl,2.0,-0.032710280373831724
vol_tight,2025-08-30,KRW-JTO,bull_quiet,-0.03,-0.0315,sl,2.0,-0.04141378079257407
vol_tight,2025-08-30,KRW-ONT,bull_quiet,0.028301886792452935,0.026801886792452934,eod,24.0,-0.014150943396226467
vol_tight,2025-08-31,KRW-ONT,bull_quiet,-0.03,-0.0315,sl,4.5,-0.032110091743119296
vol_tight,2025-08-31,KRW-JST,bull_quiet,-0.00588235294117645,-0.007382352941176449,eod,22.0,-0.021568627450980427
vol_tight,2025-08-31,KRW-AGLD,bull_quiet,-0.03,-0.0315,sl,14.25,-0.035246727089627394
vol_tight,2025-09-01,KRW-ZRX,bull_quiet,0.1,0.0985,tp,2.5,-0.024390243902439046
vol_tight,2025-09-01,KRW-POL,bull_quiet,-0.020725388601036232,-0.022225388601036233,eod,24.0,-0.02849740932642486
vol_tight,2025-09-01,KRW-AXS,bull_quiet,-0.03,-0.0315,sl,0.5,-0.035227272727272774
vol_tight,2025-09-02,KRW-LPT,bull_quiet,0.009209100758396538,0.007709100758396538,eod,24.0,-0.010834236186348822
vol_tight,2025-09-02,KRW-SYRUP,bull_quiet,-0.03,-0.0315,sl,1.5,-0.030254777070063743
vol_tight,2025-09-02,KRW-ONT,bull_quiet,0.0,-0.0015,eod,23.5,-0.02564102564102566
vol_tight,2025-09-03,KRW-BEAM,bull_quiet,0.0,-0.0015,eod,23.75,-0.018811881188118718
vol_tight,2025-09-03,KRW-IP,bull_quiet,0.037927844588344195,0.036427844588344194,eod,24.0,-0.013876040703052706
vol_tight,2025-09-03,KRW-POL,bull_quiet,-0.03,-0.0315,sl,17.0,-0.03233830845771146
vol_tight,2025-09-04,KRW-PROVE,bull_quiet,-0.03,-0.0315,sl,2.0,-0.033639143730886834
vol_tight,2025-09-04,KRW-SYRUP,bull_quiet,-0.03,-0.0315,sl,5.75,-0.030523255813953543
vol_tight,2025-09-04,KRW-AERO,bull_quiet,-0.03,-0.0315,sl,15.0,-0.03258145363408527
vol_tight,2025-09-05,KRW-IP,bull_quiet,0.019909502262443368,0.018409502262443367,eod,24.0,-0.008144796380090469
vol_tight,2025-09-05,KRW-QTUM,bull_quiet,-0.03,-0.0315,sl,14.75,-0.03137966804979253
vol_tight,2025-09-05,KRW-WAL,bull_quiet,0.04663212435233155,0.04513212435233155,eod,24.0,-0.003454231433506094
vol_tight,2025-09-06,KRW-SYRUP,bull_quiet,-0.009957325746799417,-0.011457325746799417,eod,24.0,-0.01849217638691325
vol_tight,2025-09-06,KRW-PENDLE,bull_quiet,-0.02716981132075469,-0.02866981132075469,eod,23.25,-0.02943396226415096
vol_tight,2025-09-06,KRW-ENA,bull_quiet,0.0087890625,0.0072890625,eod,24.0,-0.009765625
vol_tight,2025-09-07,KRW-API3,bull_quiet,-0.03,-0.0315,sl,10.0,-0.032841823056300234
vol_tight,2025-09-07,KRW-AERO,bull_quiet,-0.013084112149532756,-0.014584112149532756,eod,24.0,-0.024922118380062308
vol_tight,2025-09-07,KRW-WLFI,bull_quiet,0.1,0.0985,tp,4.0,-0.00990099009900991
vol_tight,2025-09-08,KRW-IP,bull_quiet,-0.03,-0.0315,sl,0.5,-0.042276422764227606
vol_tight,2025-09-08,KRW-PUNDIX,bull_quiet,0.013605442176870763,0.012105442176870764,eod,23.75,-0.013605442176870763
vol_tight,2025-09-08,KRW-TREE,bull_quiet,-0.03,-0.0315,sl,4.5,-0.03319502074688796
vol_tight,2025-09-09,KRW-BLAST,bull_quiet,0.00588235294117645,0.00438235294117645,eod,23.75,-0.0117647058823529
vol_tight,2025-09-09,KRW-ERA,bull_quiet,0.0,-0.0015,eod,23.75,-0.019588638589618013
vol_tight,2025-09-09,KRW-TRX,bull_quiet,0.01298701298701288,0.01148701298701288,eod,24.0,-0.00649350649350644
vol_tight,2025-09-15,KRW-TREE,bull_quiet,-0.03,-0.0315,sl,1.5,-0.03054989816700615
vol_tight,2025-09-15,KRW-ARKM,bull_quiet,-0.03,-0.0315,sl,9.0,-0.03640500568828209
vol_tight,2025-09-15,KRW-PUMP,bull_quiet,-0.03,-0.0315,sl,1.25,-0.03603603603603611
vol_tight,2025-09-16,KRW-IP,bull_quiet,-0.03,-0.0315,sl,2.0,-0.030711610486891416
vol_tight,2025-09-16,KRW-WLD,bull_quiet,-0.003793266951161667,-0.005293266951161666,eod,24.0,-0.016121384542437167
vol_tight,2025-09-16,KRW-AERO,bull_quiet,-0.03,-0.0315,sl,4.5,-0.0331125827814569
vol_tight,2025-09-17,KRW-DRIFT,bull_quiet,-0.03,-0.0315,sl,6.25,-0.030462184873949583
vol_tight,2025-09-17,KRW-MNT,bull_quiet,-0.03,-0.0315,sl,6.5,-0.035507844756399676
vol_tight,2025-09-17,KRW-OPEN,bull_quiet,-0.03,-0.0315,sl,6.5,-0.0322847682119205
vol_tight,2025-09-18,KRW-JTO,bull_quiet,-0.03,-0.0315,sl,5.25,-0.030579964850615093
vol_tight,2025-09-18,KRW-AERO,bull_quiet,-0.012910166756320618,-0.014410166756320618,eod,23.75,-0.024744486282947786
vol_tight,2025-09-18,KRW-OPEN,bull_quiet,0.013445378151260456,0.011945378151260457,eod,24.0,-0.021848739495798353
vol_tight,2025-09-19,KRW-API3,bull_quiet,-0.03,-0.0315,sl,4.25,-0.0301431801055011
vol_tight,2025-09-19,KRW-MNT,bull_quiet,-0.03,-0.0315,sl,9.75,-0.03213995117982105
vol_tight,2025-09-19,KRW-AVAX,bull_quiet,-0.03,-0.0315,sl,7.0,-0.03050153531218014
vol_tight,2025-09-20,KRW-BEAM,bull_quiet,-0.03,-0.0315,sl,1.25,-0.034782608695652195
vol_tight,2025-09-20,KRW-ATH,bull_quiet,-0.011520737327188946,-0.013020737327188945,eod,24.0,-0.020737327188940058
vol_tight,2025-09-20,KRW-AWE,bull_quiet,0.1,0.0985,tp,8.5,-0.02857142857142858
vol_tight,2025-09-21,KRW-SIGN,bull_quiet,-0.03,-0.0315,sl,4.25,-0.03361344537815125
vol_tight,2025-09-21,KRW-ATH,bull_quiet,-0.03,-0.0315,sl,9.75,-0.030303030303030276
vol_tight,2025-09-21,KRW-IMX,bull_quiet,-0.03,-0.0315,sl,9.25,-0.031000885739592587
vol_tight,2025-09-22,KRW-HOLO,bull_quiet,-0.03,-0.0315,sl,0.75,-0.04150943396226414
vol_tight,2025-09-22,KRW-AWE,bull_quiet,-0.03,-0.0315,sl,1.25,-0.03508771929824561
vol_tight,2025-09-22,KRW-DRIFT,bull_quiet,-0.03,-0.0315,sl,3.25,-0.05882352941176472
vol_tight,2025-09-23,KRW-AVAX,bull_quiet,-0.03,-0.0315,sl,2.0,-0.03409795412275263
vol_tight,2025-09-23,KRW-WLD,bull_quiet,-0.03,-0.0315,sl,1.5,-0.0301659125188537
vol_tight,2025-09-23,KRW-CRO,bull_quiet,-0.03,-0.0315,sl,1.75,-0.0360655737704918
vol_tight,2025-09-24,KRW-DRIFT,bull_quiet,-0.03,-0.0315,sl,4.25,-0.033138401559454245
vol_tight,2025-09-24,KRW-MOCA,bull_quiet,-0.03,-0.0315,sl,4.25,-0.03336703741152691
vol_tight,2025-09-24,KRW-GAME2,bull_quiet,-0.03,-0.0315,sl,0.5,-0.03167420814479627
vol_tight,2025-09-25,KRW-W,bull_quiet,-0.03,-0.0315,sl,2.5,-0.0331125827814569
vol_tight,2025-09-25,KRW-BERA,bull_quiet,-0.03,-0.0315,sl,1.0,-0.03196700180458878
vol_tight,2025-09-25,KRW-HYPER,bull_quiet,-0.03,-0.0315,sl,0.75,-0.031026252983293534
vol_tight,2025-09-26,KRW-GAME2,bull_quiet,-0.03,-0.0315,sl,13.25,-0.030373831775700855
vol_tight,2025-09-26,KRW-ATH,bull_quiet,-0.03,-0.0315,sl,2.0,-0.05035971223021585
vol_tight,2025-09-26,KRW-AVNT,bull_quiet,-0.03,-0.0315,sl,0.25,-0.03421394543092249
vol_tight,2025-09-27,KRW-BERA,bull_quiet,0.0013020833333332593,-0.0001979166666667407,eod,24.0,-0.026822916666666696
vol_tight,2025-09-27,KRW-PUMP,bull_quiet,-0.03,-0.0315,sl,1.75,-0.03289473684210531
vol_tight,2025-09-27,KRW-MNT,bull_quiet,-0.027272727272727226,-0.028772727272727228,eod,24.0,-0.02766798418972327
vol_tight,2025-09-28,KRW-LA,bull_quiet,-0.03,-0.0315,sl,0.5,-0.032136105860113395
vol_tight,2025-09-28,KRW-IMX,bull_quiet,-0.03,-0.0315,sl,1.5,-0.030701754385964897
vol_tight,2025-09-28,KRW-OPEN,bull_quiet,-0.03,-0.0315,sl,1.75,-0.031407035175879394
vol_tight,2025-09-29,KRW-COW,bull_quiet,0.1,0.0985,tp,0.5,0.0
vol_tight,2025-09-29,KRW-OPEN,bull_quiet,-0.03,-0.0315,sl,2.25,-0.03792667509481673
vol_tight,2025-09-29,KRW-BERA,bull_quiet,-0.03,-0.0315,sl,12.75,-0.03489507076622744
vol_tight,2025-09-30,KRW-PUMP,bull_quiet,-0.03,-0.0315,sl,1.25,-0.0329268292682926
vol_tight,2025-09-30,KRW-SUN,bull_quiet,0.0,-0.0015,eod,24.0,-0.0055710306406684396
vol_tight,2025-09-30,KRW-MOCA,bull_quiet,-0.03,-0.0315,sl,7.75,-0.04629629629629628
vol_tight,2025-10-01,KRW-PUMP,bull_quiet,0.1,0.0985,tp,6.75,-0.016470588235294237
vol_tight,2025-10-01,KRW-STRAX,bull_quiet,0.033333333333333215,0.031833333333333214,eod,24.0,-0.025925925925925908
vol_tight,2025-10-01,KRW-BARD,bull_quiet,-0.03,-0.0315,sl,0.75,-0.030303030303030276
vol_tight,2025-10-02,KRW-BIGTIME,bull_quiet,0.012838801711840375,0.011338801711840376,eod,23.75,-0.015691868758915706
vol_tight,2025-10-02,KRW-MOODENG,bull_quiet,0.050458715596330306,0.048958715596330304,eod,23.75,0.0
vol_tight,2025-10-02,KRW-MNT,bull_quiet,0.03817642698295032,0.036676426982950316,eod,24.0,-0.014455151964418045
vol_tight,2025-10-03,KRW-LA,bull_quiet,0.06525911708253362,0.06375911708253362,eod,24.0,-0.0249520153550864
vol_tight,2025-10-03,KRW-ATOM,bull_quiet,-0.0073649754500818565,-0.008864975450081856,eod,24.0,-0.022913256955810146
vol_tight,2025-10-03,KRW-LAYER,bull_quiet,-0.0016420361247947435,-0.0031420361247947435,eod,24.0,-0.029556650246305383
vol_tight,2025-10-04,KRW-ASTR,bull_quiet,-0.03,-0.0315,sl,3.25,-0.032163742690058506
vol_tight,2025-10-04,KRW-LAYER,bull_quiet,-0.03,-0.0315,sl,15.5,-0.0363036303630363
vol_tight,2025-10-04,KRW-BERA,bull_quiet,-0.03,-0.0315,sl,7.75,-0.030288909599254454
vol_tight,2025-10-05,KRW-BLUR,bull_quiet,-0.0092592592592593,-0.0107592592592593,eod,24.0,-0.01851851851851849
vol_tight,2025-10-05,KRW-SNT,bull_quiet,0.012422360248447228,0.010922360248447229,eod,23.5,-0.0031055900621118626
vol_tight,2025-10-05,KRW-HOLO,bull_quiet,0.03858520900321549,0.03708520900321549,eod,24.0,-0.009646302250803873
vol_tight,2025-10-06,KRW-ZETA,bull_quiet,0.1,0.0985,tp,23.0,-0.008230452674897082
vol_tight,2025-10-06,KRW-APT,bull_quiet,-0.03,-0.0315,sl,9.75,-0.035076530612244916
vol_tight,2025-10-06,KRW-MANTRA,bull_quiet,0.04508196721311486,0.04358196721311486,eod,24.0,-0.004098360655737654
vol_tight,2025-10-07,KRW-ME,bull_quiet,-0.03,-0.0315,sl,15.25,-0.03506787330316741
vol_tight,2025-10-07,KRW-BIGTIME,bull_quiet,-0.03,-0.0315,sl,14.75,-0.030898876404494402
vol_tight,2025-10-07,KRW-VANA,bull_quiet,-0.03,-0.0315,sl,15.0,-0.030981067125645412
vol_tight,2025-10-08,KRW-BEAM,bull_quiet,0.015151515151515138,0.013651515151515138,eod,24.0,-0.015151515151515138
vol_tight,2025-10-08,KRW-FLUID,bull_quiet,-0.03,-0.0315,sl,4.25,-0.035658101730466685
vol_tight,2025-10-08,KRW-PUMP,bull_quiet,-0.03,-0.0315,sl,0.25,-0.03544575725026855
vol_tight,2025-10-09,KRW-FF,bull_quiet,-0.03,-0.0315,sl,1.25,-0.03404255319148941
vol_tight,2025-10-09,KRW-FLUID,bull_quiet,-0.03,-0.0315,sl,7.75,-0.031573498964803326
vol_tight,2025-10-09,KRW-BAT,bull_quiet,0.1,0.0985,tp,11.75,-0.022935779816513735
vol_tight,2025-10-10,KRW-ATH,bull_quiet,-0.03,-0.0315,sl,15.75,-0.04071246819338403
vol_tight,2025-10-10,KRW-CELO,bull_quiet,0.1,0.0985,tp,6.0,-0.011428571428571455
vol_tight,2025-10-10,KRW-SOMI,bull_quiet,-0.03,-0.0315,sl,8.0,-0.031481481481481444
vol_tight,2025-10-11,KRW-ME,bull_quiet,-0.03,-0.0315,sl,2.0,-0.03464566929133861
vol_tight,2025-10-11,KRW-TIA,bull_quiet,-0.03,-0.0315,sl,0.75,-0.043201133144475934
vol_tight,2025-10-11,KRW-TREE,bull_quiet,0.1,0.0985,tp,0.5,0.0
vol_tight,2025-10-12,KRW-WCT,bull_quiet,0.1,0.0985,tp,16.75,-0.025423728813559365
vol_tight,2025-10-12,KRW-HOLO,bull_quiet,0.1,0.0985,tp,5.75,-0.0050000000000000044
vol_tight,2025-10-12,KRW-ID,bull_quiet,0.1,0.0985,tp,21.0,-0.012195121951219523
vol_tight,2025-10-13,KRW-BAT,bull_quiet,-0.03,-0.0315,sl,0.75,-0.03396226415094339
vol_tight,2025-10-13,KRW-BEAM,bull_quiet,0.042944785276073594,0.04144478527607359,eod,24.0,-0.015337423312883236
vol_tight,2025-10-13,KRW-WAL,bull_quiet,-0.03,-0.0315,sl,4.25,-0.030054644808743203
vol_tight,2025-10-14,KRW-SAHARA,bull_quiet,-0.03,-0.0315,sl,5.0,-0.031746031746031744
vol_tight,2025-10-14,KRW-LA,bull_quiet,-0.03,-0.0315,sl,7.0,-0.03149606299212604
vol_tight,2025-10-14,KRW-IN,bull_quiet,-0.03,-0.0315,sl,3.25,-0.03558718861209964
vol_tight,2025-10-15,KRW-JST,bull_quiet,-0.002032520325203291,-0.003532520325203291,eod,23.25,-0.014227642276422814
vol_tight,2025-10-15,KRW-WAL,bull_quiet,0.0,-0.0015,eod,24.0,-0.02011494252873558
vol_tight,2025-10-15,KRW-DRIFT,bull_quiet,-0.03,-0.0315,sl,13.25,-0.035914702581369196
vol_tight,2025-10-16,KRW-WCT,bull_quiet,-0.03,-0.0315,sl,9.75,-0.03149606299212604
vol_tight,2025-10-16,KRW-0G,bull_quiet,-0.03,-0.0315,sl,16.25,-0.04412238325281803
vol_tight,2025-10-16,KRW-CARV,bull_quiet,-0.03,-0.0315,sl,9.75,-0.03284671532846717
vol_tight,2025-10-17,KRW-FIL,bull_quiet,-0.03,-0.0315,sl,6.75,-0.03762029746281714
vol_tight,2025-10-17,KRW-PENGU,bull_quiet,-0.03,-0.0315,sl,6.75,-0.03857566765578646
vol_tight,2025-10-17,KRW-DOOD,bull_quiet,0.1,0.0985,tp,3.75,0.0
vol_tight,2025-10-18,KRW-FIL,bull_quiet,0.011978704525288375,0.010478704525288375,eod,23.5,-0.0031055900621117516
vol_tight,2025-10-18,KRW-JTO,bull_quiet,-0.03,-0.0315,sl,4.75,-0.032128514056224855
vol_tight,2025-10-18,KRW-COMP,bull_quiet,0.07407407407407418,0.07257407407407418,eod,22.25,-0.00877192982456143
vol_tight,2025-10-19,KRW-AXL,bull_quiet,-0.03,-0.0315,sl,1.0,-0.03525641025641024
vol_tight,2025-10-19,KRW-PROVE,bull_quiet,-0.03,-0.0315,sl,1.0,-0.034118602761982086
vol_tight,2025-10-19,KRW-SUPER,bull_quiet,0.03209459459459452,0.030594594594594515,eod,23.25,-0.015202702702702742
vol_tight,2025-10-20,KRW-KAVA,bull_quiet,-0.013043478260869601,-0.0145434782608696,eod,24.0,-0.021739130434782594
vol_tight,2025-10-20,KRW-OPEN,bull_quiet,0.07869481765834929,0.07719481765834929,eod,24.0,-0.028790786948176605
vol_tight,2025-10-20,KRW-BAT,bull_quiet,-0.03,-0.0315,sl,1.75,-0.030100334448160515
vol_tight,2025-10-21,KRW-BARD,bull_quiet,-0.03,-0.0315,sl,20.0,-0.03172978505629476
vol_tight,2025-10-21,KRW-JTO,bull_quiet,-0.03,-0.0315,sl,3.75,-0.033391915641476255
vol_tight,2025-10-21,KRW-0G,bull_quiet,0.1,0.0985,tp,0.25,-0.005145797598627766
vol_tight,2025-10-22,KRW-2Z,bull_quiet,-0.03,-0.0315,sl,4.0,-0.03598971722365041
vol_tight,2025-10-22,KRW-WAL,bull_quiet,-0.03,-0.0315,sl,5.5,-0.0448179271708683
vol_tight,2025-10-22,KRW-WCT,bull_quiet,-0.03,-0.0315,sl,20.75,-0.05179282868525892
vol_tight,2025-10-23,KRW-LINEA,bull_quiet,0.017316017316017174,0.015816017316017172,eod,24.0,-0.0043290043290044045
vol_tight,2025-10-23,KRW-WAL,bull_quiet,0.1,0.0985,tp,10.75,-0.011527377521613813
vol_tight,2025-10-23,KRW-ZKC,bull_quiet,0.1,0.0985,tp,5.5,-0.012422360248447228
vol_tight,2025-10-24,KRW-MIRA,bull_volatile,0.05756929637526653,0.05606929637526653,eod,24.0,-0.010660980810234588
vol_tight,2025-10-24,KRW-RED,bull_volatile,-0.01158301158301156,-0.01308301158301156,eod,23.25,-0.027027027027026973
vol_tight,2025-10-24,KRW-PUMP,bull_volatile,0.1,0.0985,tp,19.5,-0.017452006980802848
vol_tight,2025-10-25,KRW-NEWT,bull_volatile,0.05263157894736836,0.05113157894736836,eod,17.25,-0.00877192982456143
vol_tight,2025-10-25,KRW-FLOCK,bull_volatile,0.06976744186046502,0.06826744186046502,eod,17.25,-0.02657807308970095
vol_tight,2025-10-25,KRW-MIRA,bull_volatile,0.06451612903225801,0.063016129032258,eod,17.25,-0.012096774193548376
vol_tight,2025-10-26,KRW-FLOCK,bull_quiet,0.006211180124223503,0.004711180124223504,eod,23.25,-0.02795031055900621
vol_tight,2025-10-26,KRW-AERO,bull_quiet,0.02934702861335281,0.02784702861335281,eod,22.0,-0.023477622890682337
vol_tight,2025-10-26,KRW-ZBT,bull_quiet,-0.03,-0.0315,sl,1.75,-0.03439803439803435
vol_tight,2025-10-27,KRW-LSK,bull_volatile,-0.021341463414634165,-0.022841463414634167,eod,23.25,-0.024390243902439046
vol_tight,2025-10-27,KRW-CARV,bull_volatile,-0.03,-0.0315,sl,9.25,-0.04016064257028118
vol_tight,2025-10-27,KRW-SUPER,bull_volatile,-0.03,-0.0315,sl,13.0,-0.03109656301145658
vol_tight,2025-10-28,KRW-SONIC,bull_volatile,-0.03,-0.0315,sl,0.75,-0.052631578947368474
vol_tight,2025-10-28,KRW-CELO,bull_volatile,-0.03,-0.0315,sl,20.5,-0.03703703703703709
vol_tight,2025-10-28,KRW-BIO,bull_volatile,-0.03,-0.0315,sl,0.75,-0.036231884057971064
vol_tight,2025-10-29,KRW-EGLD,bull_quiet,0.01334269662921339,0.011842696629213391,eod,22.25,-0.002808988764044895
vol_tight,2025-10-29,KRW-AERO,bull_quiet,-0.03,-0.0315,sl,15.75,-0.03427004797806721
vol_tight,2025-10-29,KRW-TREE,bull_quiet,0.1,0.0985,tp,14.5,-0.026119402985074647
vol_tight,2025-10-30,KRW-WLFI,bull_volatile,-0.03,-0.0315,sl,4.5,-0.04608294930875578
vol_tight,2025-10-30,KRW-ZKC,bull_volatile,-0.03,-0.0315,sl,4.25,-0.041420118343195256
vol_tight,2025-10-30,KRW-FF,bull_volatile,-0.03,-0.0315,sl,4.25,-0.03524229074889873
vol_tight,2025-10-31,KRW-ORDER,bull_volatile,-0.03,-0.0315,sl,17.5,-0.03105590062111796
vol_tight,2025-10-31,KRW-PROVE,bull_volatile,-0.03,-0.0315,sl,11.25,-0.033816425120772986
vol_tight,2025-10-31,KRW-CPOOL,bull_volatile,-0.03,-0.0315,sl,8.0,-0.03669724770642202
vol_tight,2025-11-01,KRW-SOMI,bull_quiet,-0.03,-0.0315,sl,13.5,-0.0363036303630363
vol_tight,2025-11-01,KRW-ORDER,bull_quiet,-0.006191950464396245,-0.007691950464396245,eod,24.0,-0.02786377708978327
vol_tight,2025-11-01,KRW-BIO,bull_quiet,0.007936507936507908,0.006436507936507909,eod,22.25,-0.015873015873015928
vol_tight,2025-11-02,KRW-ZORA,bull_quiet,-0.03,-0.0315,sl,4.25,-0.037735849056603765
vol_tight,2025-11-02,KRW-CPOOL,bull_quiet,-0.03,-0.0315,sl,9.75,-0.03168316831683171
vol_tight,2025-11-02,KRW-FIL,bull_quiet,0.1,0.0985,tp,9.5,-0.006841046277666019
vol_tight,2025-11-03,KRW-AXL,bull_quiet,-0.03,-0.0315,sl,1.5,-0.03345724907063197
vol_tight,2025-11-03,KRW-T,bull_quiet,-0.03,-0.0315,sl,2.5,-0.03960396039603964
vol_tight,2025-11-03,KRW-MOCA,bull_quiet,-0.03,-0.0315,sl,1.25,-0.034675615212528044
vol_tight,2025-11-04,KRW-IP,bull_quiet,-0.03,-0.0315,sl,5.5,-0.037815126050420145
vol_tight,2025-11-04,KRW-2Z,bull_quiet,-0.03,-0.0315,sl,5.75,-0.04201680672268904
vol_tight,2025-11-04,KRW-CARV,bull_quiet,0.1,0.0985,tp,11.75,-0.01872659176029967
vol_tight,2025-11-05,KRW-ORDER,bear_volatile,-0.03,-0.0315,sl,1.25,-0.03629032258064513
vol_tight,2025-11-05,KRW-GLM,bear_volatile,-0.03,-0.0315,sl,0.75,-0.03731343283582089
vol_tight,2025-11-05,KRW-MEW,bear_volatile,-0.03,-0.0315,sl,0.75,-0.03240740740740755
vol_tight,2025-11-06,KRW-LPT,bull_volatile,0.03937007874015741,0.03787007874015741,eod,24.0,-0.029527559055118058
vol_tight,2025-11-06,KRW-KERNEL,bull_volatile,-0.03,-0.0315,sl,1.5,-0.04458598726114649
vol_tight,2025-11-06,KRW-RVN,bull_volatile,-0.03,-0.0315,sl,0.75,-0.03289473684210531
vol_tight,2025-11-07,KRW-TFUEL,bear_volatile,-0.03,-0.0315,sl,8.5,-0.031746031746031744
vol_tight,2025-11-07,KRW-GLM,bear_volatile,-0.03,-0.0315,sl,13.0,-0.03082191780821919
vol_tight,2025-11-07,KRW-LPT,bear_volatile,-0.03,-0.0315,sl,11.25,-0.03591682419659736
vol_tight,2025-11-08,KRW-SAHARA,bear_volatile,-0.03,-0.0315,sl,6.0,-0.03361344537815125
vol_tight,2025-11-08,KRW-PROVE,bear_volatile,0.00901916572717032,0.00751916572717032,eod,24.0,-0.011273957158962844
vol_tight,2025-11-08,KRW-IN,bear_volatile,-0.03,-0.0315,sl,5.75,-0.03205128205128205
vol_tight,2025-11-09,KRW-BARD,bear_volatile,-0.03,-0.0315,sl,0.5,-0.030146425495262696
vol_tight,2025-11-09,KRW-ENSO,bear_volatile,-0.03,-0.0315,sl,2.75,-0.04587155963302747
vol_tight,2025-11-09,KRW-FLOCK,bear_volatile,-0.03,-0.0315,sl,3.25,-0.030201342281879207
vol_tight,2025-11-10,KRW-JUP,bear_volatile,0.03244274809160297,0.030942748091602967,eod,23.5,-0.009541984732824416
vol_tight,2025-11-10,KRW-PENGU,bear_volatile,0.06607929515418509,0.06457929515418509,eod,24.0,-0.013215859030836996
vol_tight,2025-11-10,KRW-F,bear_volatile,0.1,0.0985,tp,8.75,-0.017341040462427793
vol_tight,2025-11-11,KRW-ENSO,bull_volatile,-0.03,-0.0315,sl,2.25,-0.03005303476723631
vol_tight,2025-11-11,KRW-RAY,bull_volatile,-0.03,-0.0315,sl,7.75,-0.03175257731958758
vol_tight,2025-11-11,KRW-GLM,bull_volatile,-0.03,-0.0315,sl,12.25,-0.03389830508474578
vol_tight,2025-11-12,KRW-KNC,bear_volatile,-0.03,-0.0315,sl,16.25,-0.03516483516483515
vol_tight,2025-11-12,KRW-ONG,bear_volatile,0.042944785276073594,0.04144478527607359,eod,24.0,-0.018404907975460127
vol_tight,2025-11-12,KRW-AERGO,bear_volatile,0.1,0.0985,tp,8.0,-0.01869158878504673
vol_tight,2025-11-13,KRW-ANIME,bear_volatile,-0.03,-0.0315,sl,13.75,-0.03418803418803407
vol_tight,2025-11-13,KRW-MINA,bear_volatile,-0.03,-0.0315,sl,2.25,-0.040000000000000036
vol_tight,2025-11-13,KRW-IP,bear_volatile,0.1,0.0985,tp,6.5,-0.027482269503546153
vol_tight,2025-11-14,KRW-CPOOL,bear_volatile,-0.03,-0.0315,sl,0.25,-0.07717041800643087
vol_tight,2025-11-14,KRW-NEAR,bear_volatile,-0.03,-0.0315,sl,3.5,-0.03067814854682449
vol_tight,2025-11-14,KRW-AERO,bear_volatile,-0.03,-0.0315,sl,3.75,-0.03538570417551312
vol_tight,2025-11-15,KRW-LA,bear_volatile,0.1,0.0985,tp,3.5,0.0
vol_tight,2025-11-15,KRW-MMT,bear_volatile,-0.03,-0.0315,sl,8.75,-0.031858407079646045
vol_tight,2025-11-15,KRW-KITE,bear_volatile,-0.03,-0.0315,sl,8.25,-0.034782608695652195
vol_tight,2025-11-16,KRW-MMT,bear_volatile,-0.03,-0.0315,sl,1.75,-0.035523978685612745
vol_tight,2025-11-16,KRW-API3,bear_volatile,-0.03,-0.0315,sl,0.75,-0.030501089324618702
vol_tight,2025-11-16,KRW-UNI,bear_volatile,-0.03,-0.0315,sl,18.0,-0.030575539568345356
vol_tight,2025-11-17,KRW-SIGN,bear_volatile,-0.03,-0.0315,sl,12.25,-0.030252100840336138
vol_tight,2025-11-17,KRW-UNI,bear_volatile,0.1,0.0985,tp,8.0,-0.006554307116104829
vol_tight,2025-11-17,KRW-AWE,bear_volatile,0.1,0.0985,tp,0.25,0.0
vol_tight,2025-11-18,KRW-ARDR,bear_volatile,-0.03,-0.0315,sl,0.5,-0.03948772678762014
vol_tight,2025-11-18,KRW-ERA,bear_volatile,-0.03,-0.0315,sl,0.5,-0.054545454545454564
vol_tight,2025-11-18,KRW-MINA,bear_volatile,-0.03,-0.0315,sl,9.25,-0.032863849765258246
vol_tight,2025-11-19,KRW-IN,bear_volatile,-0.03,-0.0315,sl,5.75,-0.03703703703703709
vol_tight,2025-11-19,KRW-TRUST,bear_volatile,-0.03,-0.0315,sl,5.25,-0.034682080924855474
vol_tight,2025-11-19,KRW-ERA,bear_volatile,-0.03,-0.0315,sl,4.25,-0.03252032520325199
vol_tight,2025-11-20,KRW-ZORA,bear_volatile,0.1,0.0985,tp,3.25,-0.0283600493218249
vol_tight,2025-11-20,KRW-NEAR,bear_volatile,-0.03,-0.0315,sl,14.25,-0.036430386896356914
vol_tight,2025-11-20,KRW-CPOOL,bear_volatile,0.1,0.0985,tp,0.25,0.0
vol_tight,2025-11-21,KRW-CPOOL,bear_volatile,-0.03,-0.0315,sl,0.25,-0.06323529411764706
vol_tight,2025-11-21,KRW-ALT,bear_volatile,-0.03,-0.0315,sl,7.75,-0.08898305084745772
vol_tight,2025-11-21,KRW-MMT,bear_volatile,-0.03,-0.0315,sl,3.0,-0.03703703703703709
vol_tight,2025-11-22,KRW-HOLO,bear_volatile,0.1,0.0985,tp,0.75,-0.007299270072992692
vol_tight,2025-11-22,KRW-SOMI,bear_volatile,-0.03,-0.0315,sl,5.0,-0.036231884057971064
vol_tight,2025-11-22,KRW-SYRUP,bear_volatile,-0.03,-0.0315,sl,5.5,-0.031319910514541416
vol_tight,2025-11-23,KRW-SONIC,bear_volatile,-0.03,-0.0315,sl,1.0,-0.03676470588235292
vol_tight,2025-11-23,KRW-RED,bear_volatile,0.0,-0.0015,eod,22.75,-0.010282776349614386
vol_tight,2025-11-23,KRW-1INCH,bear_volatile,0.1,0.0985,tp,5.25,-0.021428571428571463
vol_tight,2025-11-24,KRW-BLAST,bear_volatile,-0.03,-0.0315,sl,9.25,-0.0326797385620915
vol_tight,2025-11-24,KRW-FIL,bear_volatile,0.006538618716796174,0.005038618716796174,eod,24.0,-0.018798528810788695
vol_tight,2025-11-24,KRW-BTC,bear_volatile,0.004363702480340681,0.002863702480340681,eod,24.0,-0.02233367172229883
vol_tight,2025-11-25,KRW-DEEP,bear_volatile,0.1,0.0985,tp,23.25,-0.02752293577981657
vol_tight,2025-11-25,KRW-BSV,bear_volatile,0.004184100418409997,0.002684100418409997,eod,24.0,-0.02124235597038948
vol_tight,2025-11-25,KRW-CELO,bear_volatile,0.04016064257028118,0.03866064257028118,eod,24.0,-0.012048192771084376
vol_tight,2025-11-26,KRW-ONG,bear_volatile,-0.03,-0.0315,sl,2.25,-0.0331125827814569
vol_tight,2025-11-26,KRW-MVL,bear_volatile,-0.03,-0.0315,sl,6.5,-0.030303030303030276
vol_tight,2025-11-26,KRW-LAYER,bear_volatile,0.1,0.0985,tp,2.25,0.0
vol_tight,2025-11-27,KRW-LPT,bear_volatile,0.1,0.0985,tp,10.5,-0.009700889248181133
vol_tight,2025-11-27,KRW-TRUMP,bear_volatile,0.019691325172964236,0.018191325172964234,eod,24.0,-0.006918573709419951
vol_tight,2025-11-27,KRW-TOKAMAK,bear_volatile,-0.03,-0.0315,sl,3.75,-0.0346283783783784
vol_tight,2025-11-28,KRW-TAIKO,bear_volatile,0.1,0.0985,tp,11.0,-0.006329113924050667
vol_tight,2025-11-28,KRW-HYPER,bear_volatile,0.1,0.0985,tp,1.25,-0.004608294930875556
vol_tight,2025-11-28,KRW-W,bear_volatile,-0.03,-0.0315,sl,16.0,-0.03537414965986385
vol_tight,2025-11-29,KRW-GMT,bear_volatile,0.1,0.0985,tp,0.25,-0.013071895424836666
vol_tight,2025-11-29,KRW-XEC,bear_volatile,-0.03,-0.0315,sl,18.0,-0.03125
vol_tight,2025-11-29,KRW-BLAST,bear_volatile,0.019607843137254832,0.01810784313725483,eod,23.5,-0.006535947712418277
vol_tight,2025-11-30,KRW-META,bear_volatile,-0.03,-0.0315,sl,0.5,-0.03124999999999989
vol_tight,2025-11-30,KRW-TT,bear_volatile,-0.03,-0.0315,sl,3.5,-0.030456852791878153
vol_tight,2025-11-30,KRW-DKA,bear_volatile,-0.03,-0.0315,sl,4.25,-0.03603603603603611
vol_tight,2025-12-01,KRW-ASTR,bear_volatile,-0.03,-0.0315,sl,0.25,-0.03465346534653457
vol_tight,2025-12-01,KRW-THETA,bear_volatile,-0.03,-0.0315,sl,0.25,-0.05709342560553632
vol_tight,2025-12-01,KRW-IN,bear_volatile,-0.03,-0.0315,sl,0.25,-0.043165467625899234
vol_tight,2025-12-02,KRW-FLOCK,bear_volatile,-0.03,-0.0315,sl,0.25,-0.05291005291005291
vol_tight,2025-12-02,KRW-VANA,bear_volatile,0.012770809578107167,0.011270809578107168,eod,24.0,-0.026681870011402542
vol_tight,2025-12-02,KRW-IOST,bear_volatile,-0.03,-0.0315,sl,1.25,-0.031609195402298784
vol_tight,2025-12-03,KRW-WCT,bear_volatile,0.1,0.0985,tp,19.0,-0.021582733812949617
vol_tight,2025-12-03,KRW-PLUME,bear_volatile,0.03921568627450989,0.037715686274509885,eod,24.0,-0.013071895424836666
vol_tight,2025-12-03,KRW-AXL,bear_volatile,0.005586592178770999,0.004086592178771,eod,23.0,-0.027932960893854775
vol_tight,2025-12-04,KRW-PLUME,bear_volatile,0.012618296529968598,0.011118296529968598,eod,24.0,-0.025236593059936974
vol_tight,2025-12-04,KRW-WCT,bear_volatile,-0.03,-0.0315,sl,11.75,-0.03378378378378377
vol_tight,2025-12-04,KRW-SAHARA,bear_volatile,0.1,0.0985,tp,9.25,-0.022184300341297036
vol_tight,2025-12-05,KRW-LAYER,bear_volatile,-0.03,-0.0315,sl,9.5,-0.03749999999999998
vol_tight,2025-12-05,KRW-MMT,bear_volatile,-0.03,-0.0315,sl,8.25,-0.035230352303523005
vol_tight,2025-12-05,KRW-SUPER,bear_volatile,-0.03,-0.0315,sl,14.0,-0.03141361256544506
vol_tight,2025-12-06,KRW-GMT,bear_volatile,0.011857707509881354,0.010357707509881355,eod,22.5,-0.01976284584980237
vol_tight,2025-12-06,KRW-CELO,bear_volatile,0.024193548387096753,0.02269354838709675,eod,23.25,-0.016129032258064502
vol_tight,2025-12-06,KRW-LSK,bear_volatile,-0.03,-0.0315,sl,0.5,-0.03264094955489616
vol_tight,2025-12-07,KRW-HIVE,bear_volatile,-0.03,-0.0315,sl,8.25,-0.031847133757961776
vol_tight,2025-12-07,KRW-ZIL,bear_volatile,-0.03,-0.0315,sl,9.0,-0.03708133971291849
vol_tight,2025-12-07,KRW-CHZ,bear_volatile,-0.03,-0.0315,sl,4.75,-0.03144654088050314
vol_tight,2025-12-08,KRW-CARV,bear_volatile,-0.004854368932038833,-0.006354368932038832,eod,21.25,-0.01941747572815533
vol_tight,2025-12-08,KRW-2Z,bear_volatile,-0.03,-0.0315,sl,9.5,-0.038277511961722466
vol_tight,2025-12-08,KRW-SYRUP,bear_volatile,-0.03,-0.0315,sl,16.25,-0.034653465346534684
vol_tight,2025-12-09,KRW-BLAST,bear_volatile,0.03816793893129766,0.03666793893129766,eod,23.5,-0.022900763358778664
vol_tight,2025-12-09,KRW-PEPE,bear_volatile,-0.03,-0.0315,sl,4.75,-0.033898305084745894
vol_tight,2025-12-09,KRW-DRIFT,bear_volatile,-0.03,-0.0315,sl,1.75,-0.031161473087818692
vol_tight,2025-12-10,KRW-SOMI,bear_volatile,-0.03,-0.0315,sl,10.75,-0.03399433427762044
vol_tight,2025-12-10,KRW-ID,bear_volatile,-0.03,-0.0315,sl,3.75,-0.033333333333333326
vol_tight,2025-12-10,KRW-MTL,bear_volatile,0.1,0.0985,tp,0.25,-0.0016207455429497752
vol_tight,2025-12-11,KRW-MTL,bear_volatile,-0.03,-0.0315,sl,1.25,-0.032863849765258246
vol_tight,2025-12-11,KRW-MNT,bear_volatile,-0.03,-0.0315,sl,1.5,-0.031159838430467435
vol_tight,2025-12-11,KRW-COW,bear_volatile,-0.03,-0.0315,sl,1.5,-0.03300330033003296
vol_tight,2025-12-12,KRW-HUNT,bear_volatile,-0.03,-0.0315,sl,3.75,-0.036363636363636376
vol_tight,2025-12-12,KRW-BAT,bear_volatile,0.0072289156626506035,0.005728915662650604,eod,24.0,-0.026506024096385583
vol_tight,2025-12-12,KRW-ZORA,bear_volatile,-0.03,-0.0315,sl,7.0,-0.032383419689119175
vol_tight,2025-12-13,KRW-MNT,bear_volatile,0.05976520811099251,0.058265208110992506,eod,23.75,-0.014941302027748127
vol_tight,2025-12-13,KRW-MMT,bear_volatile,-0.03,-0.0315,sl,1.25,-0.030864197530864224
vol_tight,2025-12-13,KRW-CPOOL,bear_volatile,-0.03,-0.0315,sl,1.25,-0.05526770293609662
vol_tight,2025-12-14,KRW-GAS,bear_volatile,-0.03,-0.0315,sl,17.75,-0.030381383322559796
vol_tight,2025-12-14,KRW-MNT,bear_volatile,-0.03,-0.0315,sl,5.0,-0.04078549848942603
vol_tight,2025-12-14,KRW-AXL,bear_volatile,0.1,0.0985,tp,1.5,-0.00995024875621886
vol_tight,2025-12-15,KRW-MNT,bear_volatile,0.030481283422459926,0.028981283422459925,eod,24.0,-0.02941176470588236
vol_tight,2025-12-15,KRW-G,bear_volatile,-0.03,-0.0315,sl,8.0,-0.03037974683544309
vol_tight,2025-12-15,KRW-HYPER,bear_volatile,-0.03,-0.0315,sl,13.5,-0.03240740740740744
vol_tight,2025-12-16,KRW-AAVE,bear_volatile,-0.03,-0.0315,sl,3.75,-0.03436306837903502
vol_tight,2025-12-16,KRW-BARD,bear_volatile,0.003493449781659441,0.001993449781659441,eod,24.0,-0.01834061135371179
vol_tight,2025-12-16,KRW-DOOD,bear_volatile,-0.03,-0.0315,sl,0.75,-0.04249999999999998
vol_tight,2025-12-17,KRW-RAY,bear_volatile,-0.03,-0.0315,sl,5.5,-0.03324287652645863
vol_tight,2025-12-17,KRW-MON,bear_volatile,-0.03,-0.0315,sl,2.25,-0.03738317757009357
vol_tight,2025-12-17,KRW-WAVES,bear_volatile,-0.03,-0.0315,sl,3.75,-0.0336763330215154
vol_tight,2025-12-18,KRW-META,bear_volatile,-0.03,-0.0315,sl,0.25,-0.06832298136645976
vol_tight,2025-12-18,KRW-MANTRA,bear_volatile,-0.03,-0.0315,sl,2.25,-0.037735849056603765
vol_tight,2025-12-18,KRW-BARD,bear_volatile,0.1,0.0985,tp,7.75,-0.014225941422594146
vol_tight,2025-12-19,KRW-WCT,bear_volatile,-0.03,-0.0315,sl,0.25,-0.036036036036036
vol_tight,2025-12-19,KRW-DOOD,bear_volatile,0.1,0.0985,tp,11.0,-0.01239157372986377
vol_tight,2025-12-19,KRW-SOMI,bear_volatile,-0.03,-0.0315,sl,0.75,-0.03141361256544506
vol_tight,2025-12-20,KRW-RED,bear_volatile,0.02857142857142847,0.02707142857142847,eod,22.25,-0.0031746031746031633
vol_tight,2025-12-20,KRW-BERA,bear_volatile,0.03899082568807333,0.037490825688073326,eod,23.75,-0.01834862385321101
vol_tight,2025-12-20,KRW-ME,bear_volatile,0.036809815950920255,0.035309815950920254,eod,23.75,-0.006134969325153339
vol_tight,2025-12-21,KRW-OPEN,bear_volatile,-0.03,-0.0315,sl,2.0,-0.030303030303030276
vol_tight,2025-12-21,KRW-PENDLE,bear_volatile,-0.03,-0.0315,sl,13.5,-0.03630017452006984
vol_tight,2025-12-21,KRW-ZKC,bear_volatile,-0.03,-0.0315,sl,2.5,-0.03164556962025311
vol_tight,2025-12-22,KRW-POWR,bear_volatile,0.034782608695652195,0.033282608695652194,eod,23.75,0.0
vol_tight,2025-12-22,KRW-HP,bear_volatile,-0.03,-0.0315,sl,4.75,-0.0360655737704918
vol_tight,2025-12-22,KRW-OPEN,bear_volatile,-0.03,-0.0315,sl,9.75,-0.030303030303030276
vol_tight,2025-12-23,KRW-HIVE,bear_volatile,-0.007042253521126751,-0.00854225352112675,eod,20.5,-0.028169014084507005
vol_tight,2025-12-23,KRW-GRT,bear_volatile,-0.03,-0.0315,sl,5.25,-0.035335689045936425
vol_tight,2025-12-23,KRW-AERGO,bear_volatile,-0.03,-0.0315,sl,6.75,-0.031568228105906426
vol_tight,2025-12-24,KRW-META,bear_volatile,-0.03,-0.0315,sl,0.5,-0.03105590062111807
vol_tight,2025-12-24,KRW-COW,bear_volatile,-0.03,-0.0315,sl,2.75,-0.041916167664670656
vol_tight,2025-12-24,KRW-CARV,bear_volatile,-0.03,-0.0315,sl,5.75,-0.043824701195219085
vol_tight,2025-12-25,KRW-SONIC,bear_volatile,0.0,-0.0015,eod,23.25,-0.009708737864077666
vol_tight,2025-12-25,KRW-ATH,bear_volatile,-0.03,-0.0315,sl,23.75,-0.04255319148936165
vol_tight,2025-12-25,KRW-IMX,bear_volatile,-0.03,-0.0315,sl,23.75,-0.043227665706051854
vol_tight,2025-12-26,KRW-OPEN,bear_volatile,-0.03,-0.0315,sl,1.75,-0.1620553359683794
vol_tight,2025-12-26,KRW-SYRUP,bear_volatile,-0.03,-0.0315,sl,17.25,-0.03252032520325199
vol_tight,2025-12-26,KRW-XTZ,bear_volatile,0.1,0.0985,tp,12.0,-0.006134969325153339
vol_tight,2025-12-27,KRW-OP,bear_volatile,0.03562340966921118,0.03412340966921118,eod,21.5,-0.0050890585241730735
vol_tight,2025-12-27,KRW-TOSHI,bear_volatile,-0.03,-0.0315,sl,10.75,-0.038374717832957095
vol_tight,2025-12-27,KRW-API3,bear_volatile,-0.03,-0.0315,sl,1.0,-0.030882352941176472
vol_tight,2025-12-28,KRW-ID,bear_volatile,0.1,0.0985,tp,0.5,-0.00108108108108107
vol_tight,2025-12-28,KRW-LPT,bear_volatile,-0.03,-0.0315,sl,16.5,-0.031883397859257534
vol_tight,2025-12-28,KRW-BIGTIME,bear_volatile,0.1,0.0985,tp,10.25,-0.006756756756756799
vol_tight,2025-12-29,KRW-STRAX,bear_volatile,-0.03,-0.0315,sl,0.25,-0.03246753246753242
vol_tight,2025-12-29,KRW-T,bear_volatile,-0.03,-0.0315,sl,0.25,-0.03676470588235292
vol_tight,2025-12-29,KRW-TOSHI,bear_volatile,-0.03,-0.0315,sl,0.25,-0.039823008849557584
vol_tight,2025-12-30,KRW-HIVE,bear_volatile,-0.03,-0.0315,sl,0.25,-0.039215686274509776
vol_tight,2025-12-30,KRW-ONG,bear_volatile,-0.03,-0.0315,sl,0.25,-0.03816793893129766
vol_tight,2025-12-30,KRW-MMT,bear_volatile,-0.03,-0.0315,sl,0.5,-0.03458213256484155
vol_tight,2025-12-31,KRW-PUNDIX,bear_volatile,-0.0029325513196480912,-0.004432551319648091,eod,18.5,-0.02052785923753664
vol_tight,2025-12-31,KRW-SONIC,bear_volatile,0.1,0.0985,tp,4.0,-0.01904761904761909
vol_tight,2025-12-31,KRW-ZETA,bear_volatile,-0.03,-0.0315,sl,8.75,-0.03809523809523807
vol_tight,2026-01-01,KRW-BOUNTY,bear_volatile,-0.03,-0.0315,sl,1.25,-0.032786885245901676
vol_tight,2026-01-01,KRW-SONIC,bear_volatile,-0.03,-0.0315,sl,3.5,-0.03669724770642202
vol_tight,2026-01-01,KRW-0G,bear_volatile,-0.03,-0.0315,sl,8.5,-0.03563941299790352
vol_tight,2026-01-02,KRW-TIA,bear_quiet,0.05524861878453047,0.053748618784530466,eod,23.5,-0.013812154696132617
vol_tight,2026-01-02,KRW-TOSHI,bear_quiet,0.1,0.0985,tp,22.0,-0.009433962264150941
vol_tight,2026-01-02,KRW-AERO,bear_quiet,0.1,0.0985,tp,18.75,-0.008784773060029227
vol_tight,2026-01-03,KRW-WLFI,bear_quiet,-0.03,-0.0315,sl,7.75,-0.03125
vol_tight,2026-01-03,KRW-LINK,bear_quiet,-0.0020844189682126535,-0.0035844189682126535,eod,24.0,-0.022928608650338744
vol_tight,2026-01-03,KRW-MET2,bear_quiet,0.009803921568627416,0.008303921568627417,eod,18.0,-0.02941176470588236
vol_tight,2026-01-04,KRW-AUCTION,bear_quiet,0.008485639686684143,0.006985639686684144,eod,23.5,-0.01305483028720622
vol_tight,2026-01-04,KRW-BARD,bear_quiet,0.004226542688081203,0.002726542688081203,eod,23.75,-0.010143702451394732
vol_tight,2026-01-04,KRW-CRO,bear_quiet,0.07586206896551717,0.07436206896551717,eod,24.0,-0.006896551724137945
vol_tight,2026-01-05,KRW-QKC,bear_quiet,0.024232633279482885,0.022732633279482883,eod,21.0,-0.014539579967689953
vol_tight,2026-01-05,KRW-ENS,bear_quiet,0.05573988055739876,0.054239880557398756,eod,24.0,-0.005972130059721303
vol_tight,2026-01-05,KRW-LINK,bear_quiet,0.038619979402677584,0.03711997940267758,eod,24.0,-0.001029866117404743
vol_tight,2026-01-06,KRW-MLK,bear_quiet,0.1,0.0985,tp,10.5,0.0
vol_tight,2026-01-06,KRW-SIGN,bear_quiet,-0.03,-0.0315,sl,16.5,-0.03484320557491294
vol_tight,2026-01-06,KRW-MINA,bear_quiet,-0.03,-0.0315,sl,7.75,-0.03007518796992481
vol_tight,2026-01-07,KRW-ERA,bear_quiet,-0.022580645161290325,-0.024080645161290326,eod,23.5,-0.029032258064516148
vol_tight,2026-01-07,KRW-ONG,bear_quiet,-0.03,-0.0315,sl,13.25,-0.03676470588235292
vol_tight,2026-01-07,KRW-ANIME,bear_quiet,0.1,0.0985,tp,6.25,-0.02777777777777779
vol_tight,2026-01-08,KRW-ERA,bear_quiet,-0.03,-0.0315,sl,13.75,-0.032786885245901676
vol_tight,2026-01-08,KRW-HIVE,bear_quiet,-0.03,-0.0315,sl,0.25,-0.03144654088050314
vol_tight,2026-01-08,KRW-ANIME,bear_quiet,0.1,0.0985,tp,7.5,-0.018018018018017945
vol_tight,2026-01-09,KRW-PUNDIX,bear_quiet,-0.01319261213720313,-0.01469261213720313,eod,22.5,-0.02902374670184693
vol_tight,2026-01-09,KRW-AGLD,bear_quiet,0.02505694760820054,0.02355694760820054,eod,23.25,-0.02050113895216399
vol_tight,2026-01-09,KRW-SONIC,bear_quiet,-0.03,-0.0315,sl,9.0,-0.03149606299212604
vol_tight,2026-01-10,KRW-GLM,bear_quiet,0.023640661938534313,0.022140661938534312,eod,23.25,-0.021276595744680882
vol_tight,2026-01-10,KRW-BLAST,bear_quiet,-0.03,-0.0315,sl,0.5,-0.03125
vol_tight,2026-01-10,KRW-STORJ,bear_quiet,-0.03,-0.0315,sl,4.25,-0.033333333333333326
vol_tight,2026-01-11,KRW-ZETA,bear_quiet,-0.02608695652173909,-0.027586956521739092,eod,23.5,-0.02608695652173909
vol_tight,2026-01-11,KRW-AWE,bear_quiet,-0.03,-0.0315,sl,13.25,-0.030444964871194524
vol_tight,2026-01-11,KRW-DKA,bear_quiet,-0.03,-0.0315,sl,2.0,-0.032128514056224966
vol_tight,2026-01-12,KRW-POKT,bear_quiet,-0.03,-0.0315,sl,0.75,-0.03960396039603964
vol_tight,2026-01-12,KRW-MET2,bear_quiet,-0.03,-0.0315,sl,0.25,-0.03626943005181349
vol_tight,2026-01-12,KRW-PUMP,bear_quiet,-0.03,-0.0315,sl,14.5,-0.03399433427762033
vol_tight,2026-01-13,KRW-GLM,bear_quiet,0.1,0.0985,tp,14.25,-0.012765957446808529
vol_tight,2026-01-13,KRW-RENDER,bear_quiet,-0.0128571428571429,-0.0143571428571429,eod,24.0,-0.019142857142857128
vol_tight,2026-01-13,KRW-HP,bear_quiet,-0.03,-0.0315,sl,2.0,-0.032163742690058506
vol_tight,2026-01-14,KRW-DRIFT,bear_volatile,0.1,0.0985,tp,6.25,-0.008298755186721962
vol_tight,2026-01-14,KRW-ETH,bear_volatile,0.009443646068569178,0.007943646068569179,eod,24.0,-0.011496612605214507
vol_tight,2026-01-14,KRW-ARK,bear_volatile,-0.0022988505747126853,-0.0037988505747126853,eod,23.75,-0.016091954022988464
vol_tight,2026-01-15,KRW-WAL,bear_quiet,-0.03,-0.0315,sl,0.75,-0.030042918454935674
vol_tight,2026-01-15,KRW-AERO,bear_quiet,-0.03,-0.0315,sl,2.75,-0.030371203599550034
vol_tight,2026-01-15,KRW-BIGTIME,bear_quiet,-0.03,-0.0315,sl,1.75,-0.03125
vol_tight,2026-01-16,KRW-GMT,bear_quiet,0.04980842911877392,0.04830842911877392,eod,24.0,0.0
vol_tight,2026-01-16,KRW-LA,bear_quiet,-0.03,-0.0315,sl,15.75,-0.03821656050955413
vol_tight,2026-01-16,KRW-MOCA,bear_quiet,-0.03,-0.0315,sl,0.75,-0.032835820895522394
vol_tight,2026-01-17,KRW-1INCH,bear_quiet,-0.012552301255230103,-0.014052301255230102,eod,22.75,-0.01673640167364021
vol_tight,2026-01-17,KRW-XTZ,bear_quiet,-0.03,-0.0315,sl,20.75,-0.03063457330415753
vol_tight,2026-01-17,KRW-AGLD,bear_quiet,0.028697571743929284,0.027197571743929283,eod,24.0,-0.02428256070640178
vol_tight,2026-01-18,KRW-TT,bear_quiet,-0.03,-0.0315,sl,1.5,-0.031914893617021156
vol_tight,2026-01-18,KRW-IMX,bear_quiet,-0.03,-0.0315,sl,7.0,-0.03661327231121281
vol_tight,2026-01-18,KRW-BIGTIME,bear_quiet,0.1,0.0985,tp,12.25,-0.02452316076294292
vol_tight,2026-01-19,KRW-BIO,bear_quiet,-0.03,-0.0315,sl,0.25,-0.10144927536231885
vol_tight,2026-01-19,KRW-BLAST,bear_quiet,-0.03,-0.0315,sl,0.25,-0.08870967741935487
vol_tight,2026-01-19,KRW-BLUR,bear_quiet,-0.03,-0.0315,sl,0.25,-0.09426987060998149
vol_tight,2026-01-25,KRW-RED,bear_volatile,-0.03,-0.0315,sl,7.5,-0.09510869565217395
vol_tight,2026-01-25,KRW-BOUNTY,bear_volatile,-0.03,-0.0315,sl,0.5,-0.038147138964577776
vol_tight,2026-01-25,KRW-CTC,bear_volatile,-0.03,-0.0315,sl,0.5,-0.03389830508474578
vol_tight,2026-01-26,KRW-ASTR,bear_volatile,0.1,0.0985,tp,2.75,-0.024691358024691246
vol_tight,2026-01-26,KRW-ZETA,bear_volatile,0.1,0.0985,tp,4.25,-0.027272727272727226
vol_tight,2026-01-26,KRW-BLAST,bear_volatile,0.1,0.0985,tp,0.25,0.0
vol_tight,2026-01-27,KRW-PROVE,bear_volatile,-0.03,-0.0315,sl,2.0,-0.03374777975133214
vol_tight,2026-01-27,KRW-ZRX,bear_volatile,-0.03,-0.0315,sl,11.25,-0.030612244897959218
vol_tight,2026-01-27,KRW-F,bear_volatile,-0.03,-0.0315,sl,0.5,-0.033099297893681046
vol_tight,2026-01-28,KRW-PYTH,bear_volatile,0.03207964601769908,0.03057964601769908,eod,24.0,-0.02986725663716816
vol_tight,2026-01-28,KRW-BEAM,bear_volatile,-0.03,-0.0315,sl,1.75,-0.03105590062111807
vol_tight,2026-01-28,KRW-ASTR,bear_volatile,-0.03,-0.0315,sl,2.5,-0.035502958579881505
vol_tight,2026-01-29,KRW-ARKM,bear_volatile,-0.03,-0.0315,sl,0.25,-0.05384615384615388
vol_tight,2026-01-29,KRW-FLOCK,bear_volatile,-0.03,-0.0315,sl,3.0,-0.04166666666666663
vol_tight,2026-01-29,KRW-LINEA,bear_volatile,-0.03,-0.0315,sl,0.75,-0.045861297539149914
vol_tight,2026-01-30,KRW-AUCTION,bear_volatile,-0.03,-0.0315,sl,1.75,-0.03809523809523807
vol_tight,2026-01-30,KRW-ZKC,bear_volatile,-0.03,-0.0315,sl,6.5,-0.0357142857142857
vol_tight,2026-01-30,KRW-FLUID,bear_volatile,-0.03,-0.0315,sl,2.25,-0.030632911392405093
vol_tight,2026-01-31,KRW-OPEN,bear_volatile,-0.03,-0.0315,sl,5.0,-0.03347280334728031
vol_tight,2026-01-31,KRW-DRIFT,bear_volatile,-0.03,-0.0315,sl,1.75,-0.038461538461538436
vol_tight,2026-01-31,KRW-BREV,bear_volatile,-0.03,-0.0315,sl,2.0,-0.03135888501742157
vol_tight,2026-02-01,KRW-JTO,bear_volatile,-0.03,-0.0315,sl,1.75,-0.030368763557483747
vol_tight,2026-02-01,KRW-LAYER,bear_volatile,-0.03,-0.0315,sl,1.25,-0.03797468354430378
vol_tight,2026-02-01,KRW-TOSHI,bear_volatile,-0.03,-0.0315,sl,3.0,-0.030581039755351758
vol_tight,2026-02-02,KRW-SUPER,bear_volatile,-0.03,-0.0315,sl,3.75,-0.032258064516129004
vol_tight,2026-02-02,KRW-DRIFT,bear_volatile,-0.03,-0.0315,sl,3.5,-0.03125
vol_tight,2026-02-02,KRW-MOVE,bear_volatile,-0.03,-0.0315,sl,3.75,-0.03457446808510645
vol_tight,2026-02-03,KRW-SAHARA,bear_volatile,-0.03,-0.0315,sl,9.5,-0.03610108303249093
vol_tight,2026-02-03,KRW-AERO,bear_volatile,-0.03,-0.0315,sl,3.0,-0.03166666666666662
vol_tight,2026-02-03,KRW-WLD,bear_volatile,-0.03,-0.0315,sl,3.25,-0.03125
vol_tight,2026-02-04,KRW-COMP,bear_volatile,-0.03,-0.0315,sl,15.75,-0.03165418652144314
vol_tight,2026-02-04,KRW-WAVES,bear_volatile,0.1,0.0985,tp,3.0,-0.013953488372092981
vol_tight,2026-02-04,KRW-WAL,bear_volatile,-0.03,-0.0315,sl,12.0,-0.036231884057971064
vol_tight,2026-02-05,KRW-KITE,bear_volatile,-0.03,-0.0315,sl,4.25,-0.03153153153153154
vol_tight,2026-02-05,KRW-MON,bear_volatile,-0.03,-0.0315,sl,1.5,-0.03767123287671226
vol_tight,2026-02-05,KRW-F,bear_volatile,-0.03,-0.0315,sl,1.5,-0.03263403263403253
vol_tight,2026-02-06,KRW-XRP,bear_volatile,-0.03,-0.0315,sl,0.25,-0.06075808249721293
vol_tight,2026-02-06,KRW-BERA,bear_volatile,-0.03,-0.0315,sl,0.25,-0.06871609403254975
vol_tight,2026-02-06,KRW-OPEN,bear_volatile,-0.03,-0.0315,sl,0.25,-0.05882352941176472
vol_tight,2026-02-07,KRW-BTT,bear_volatile,-0.03,-0.0315,sl,1.0,-0.04743083003952575
vol_tight,2026-02-07,KRW-G,bear_volatile,-0.03,-0.0315,sl,1.25,-0.034965034965035
vol_tight,2026-02-07,KRW-GAS,bear_volatile,-0.03,-0.0315,sl,1.5,-0.04322876817138488
vol_tight,2026-02-08,KRW-F,bear_volatile,0.1,0.0985,tp,0.25,0.0
vol_tight,2026-02-08,KRW-ZIL,bear_volatile,-0.03,-0.0315,sl,4.5,-0.030448717948718063
vol_tight,2026-02-08,KRW-AWE,bear_volatile,-0.03,-0.0315,sl,2.75,-0.036036036036036
vol_tight,2026-02-09,KRW-BOUNTY,bear_volatile,-0.03,-0.0315,sl,1.5,-0.03448275862068961
vol_tight,2026-02-09,KRW-JST,bear_volatile,-0.03,-0.0315,sl,10.5,-0.030254777070063632
vol_tight,2026-02-09,KRW-AWE,bear_volatile,0.0714285714285714,0.0699285714285714,eod,24.0,-0.017857142857142905
vol_tight,2026-02-10,KRW-BAT,bear_volatile,0.06282722513089012,0.06132722513089012,eod,23.5,-0.020942408376963373
vol_tight,2026-02-10,KRW-DRIFT,bear_volatile,-0.03,-0.0315,sl,19.0,-0.03200000000000003
vol_tight,2026-02-10,KRW-AWE,bear_volatile,-0.01666666666666672,-0.01816666666666672,eod,24.0,-0.025000000000000022
vol_tight,2026-02-11,KRW-DRIFT,bear_volatile,-0.03,-0.0315,sl,6.25,-0.032786885245901676
vol_tight,2026-02-11,KRW-F,bear_volatile,0.0790067720090295,0.0775067720090295,eod,24.0,-0.004514672686230181
vol_tight,2026-02-11,KRW-KAITO,bear_volatile,0.1,0.0985,tp,0.25,-0.015317286652078765
vol_tight,2026-02-12,KRW-CYBER,bear_volatile,-0.03,-0.0315,sl,0.25,-0.04519119351100809
vol_tight,2026-02-12,KRW-AWE,bear_volatile,0.04132231404958686,0.03982231404958686,eod,24.0,-0.024793388429752095
vol_tight,2026-02-12,KRW-DEEP,bear_volatile,0.02840909090909083,0.026909090909090827,eod,23.75,-0.0028409090909091717
vol_tight,2026-02-13,KRW-CKB,bear_volatile,0.03347280334728042,0.03197280334728042,eod,22.25,-0.025104602510460317
vol_tight,2026-02-13,KRW-AERO,bear_volatile,-0.03,-0.0315,sl,1.0,-0.034324942791762014
vol_tight,2026-02-13,KRW-CYBER,bear_volatile,-0.03,-0.0315,sl,4.0,-0.03218116805721094
vol_tight,2026-02-14,KRW-TRUMP,bear_volatile,0.05294705294705304,0.05144705294705304,eod,24.0,-0.002797202797202747
vol_tight,2026-02-14,KRW-MOC,bear_volatile,0.1,0.0985,tp,4.5,-0.002293577981651418
vol_tight,2026-02-14,KRW-WAL,bear_volatile,-0.03,-0.0315,sl,5.5,-0.031746031746031744
vol_tight,2026-02-15,KRW-ARKM,bear_volatile,-0.03,-0.0315,sl,8.75,-0.032432432432432434
vol_tight,2026-02-15,KRW-WAVES,bear_volatile,0.1,0.0985,tp,3.0,-0.005284015852047519
vol_tight,2026-02-15,KRW-QKC,bear_volatile,0.1,0.0985,tp,0.25,0.0
vol_tight,2026-02-16,KRW-FF,bear_volatile,0.03389830508474567,0.03239830508474567,eod,22.5,-0.008474576271186418
vol_tight,2026-02-16,KRW-AWE,bear_volatile,-0.03,-0.0315,sl,8.0,-0.036231884057971064
vol_tight,2026-02-16,KRW-COW,bear_volatile,-0.03,-0.0315,sl,8.0,-0.0326797385620915
vol_tight,2026-02-17,KRW-BOUNTY,bear_volatile,0.1,0.0985,tp,0.75,0.0
vol_tight,2026-02-17,KRW-PUNDIX,bear_volatile,-0.03,-0.0315,sl,12.75,-0.03125
vol_tight,2026-02-17,KRW-AQT,bear_volatile,-0.03,-0.0315,sl,2.25,-0.033047735618115026
vol_tight,2026-02-18,KRW-CTC,bear_volatile,-0.03,-0.0315,sl,1.5,-0.03125
vol_tight,2026-02-18,KRW-WET,bear_volatile,-0.03,-0.0315,sl,0.75,-0.03100775193798455
vol_tight,2026-02-18,KRW-ENSO,bear_volatile,0.1,0.0985,tp,5.0,-0.022820362785254567
vol_tight,2026-02-19,KRW-ORBS,bear_volatile,-0.03,-0.0315,sl,0.25,-0.03200000000000003
vol_tight,2026-02-19,KRW-BOUNTY,bear_volatile,-0.03,-0.0315,sl,1.25,-0.03692307692307695
vol_tight,2026-02-19,KRW-ATOM,bear_volatile,-0.03,-0.0315,sl,14.0,-0.03074712643678157
vol_tight,2026-02-20,KRW-LSK,bear_volatile,-0.03,-0.0315,sl,1.5,-0.03153153153153154
vol_tight,2026-02-20,KRW-JTO,bear_volatile,0.1,0.0985,tp,7.5,-0.0071770334928229484
vol_tight,2026-02-20,KRW-META,bear_volatile,-0.03,-0.0315,sl,0.25,-0.03921568627450989
vol_tight,2026-02-21,KRW-ELSA,bear_volatile,-0.017391304347826098,-0.0188913043478261,eod,23.5,-0.02608695652173909
vol_tight,2026-02-21,KRW-KERNEL,bear_volatile,-0.03,-0.0315,sl,12.25,-0.03809523809523807
vol_tight,2026-02-21,KRW-AKT,bear_volatile,-0.03,-0.0315,sl,1.0,-0.03112033195020747
vol_tight,2026-02-22,KRW-SIGN,bear_volatile,-0.03,-0.0315,sl,0.75,-0.030534351145038108
vol_tight,2026-02-22,KRW-AAVE,bear_volatile,-0.03,-0.0315,sl,13.0,-0.0307778399552322
vol_tight,2026-02-22,KRW-AERO,bear_volatile,-0.03,-0.0315,sl,12.25,-0.06832298136645965
vol_tight,2026-02-23,KRW-MOCA,bear_volatile,-0.03,-0.0315,sl,0.5,-0.03984063745019917
vol_tight,2026-02-23,KRW-CYBER,bear_volatile,-0.03,-0.0315,sl,0.25,-0.03775743707093826
vol_tight,2026-02-23,KRW-JTO,bear_volatile,-0.03,-0.0315,sl,1.25,-0.035955056179775235
vol_tight,2026-02-24,KRW-JST,bear_volatile,0.011994002998500619,0.01049400299850062,eod,23.25,-0.016491754122938684
vol_tight,2026-02-24,KRW-IN,bear_volatile,-0.03,-0.0315,sl,3.5,-0.048289738430583595
vol_tight,2026-02-24,KRW-ORCA,bear_volatile,-0.03,-0.0315,sl,4.5,-0.03373155305692199
vol_tight,2026-02-25,KRW-BIRB,bear_volatile,-0.03,-0.0315,sl,5.75,-0.03688524590163933
vol_tight,2026-02-25,KRW-SOMI,bear_volatile,-0.03,-0.0315,sl,11.25,-0.03749999999999998
vol_tight,2026-02-25,KRW-KERNEL,bear_volatile,-0.03,-0.0315,sl,17.0,-0.03389830508474578
vol_tight,2026-02-26,KRW-TAO,bear_volatile,0.028582464271919683,0.027082464271919682,eod,23.5,-0.009269988412514474
vol_tight,2026-02-26,KRW-NEWT,bear_volatile,-0.03,-0.0315,sl,14.75,-0.030303030303030276
vol_tight,2026-02-26,KRW-PENGU,bear_volatile,-0.03,-0.0315,sl,11.0,-0.03809523809523818
vol_tight,2026-02-27,KRW-BIRB,bear_volatile,-0.03,-0.0315,sl,2.0,-0.031746031746031744
vol_tight,2026-02-27,KRW-SENT,bear_volatile,-0.03,-0.0315,sl,3.0,-0.03370786516853941
vol_tight,2026-02-27,KRW-CTC,bear_volatile,-0.03,-0.0315,sl,0.75,-0.03658536585365857
vol_tight,2026-02-28,KRW-CHZ,bear_volatile,-0.03,-0.0315,sl,6.75,-0.03651115618661249
vol_tight,2026-02-28,KRW-ID,bear_volatile,-0.03,-0.0315,sl,6.5,-0.03686635944700445
vol_tight,2026-02-28,KRW-DOT,bear_volatile,-0.03,-0.0315,sl,5.0,-0.031196581196581197
vol_tight,2026-03-01,KRW-ALT,bear_volatile,-0.03,-0.0315,sl,1.25,-0.03669724770642202
vol_tight,2026-03-01,KRW-GAME2,bear_volatile,-0.02358490566037752,-0.02508490566037752,eod,19.0,-0.028301886792452824
vol_tight,2026-03-01,KRW-MBL,bear_volatile,-0.022388059701492602,-0.023888059701492603,eod,22.25,-0.02985074626865669
vol_tight,2026-03-02,KRW-ELF,bear_volatile,-0.03,-0.0315,sl,0.5,-0.04201680672268904
vol_tight,2026-03-02,KRW-AZTEC,bear_volatile,-0.0031847133757960666,-0.004684713375796066,eod,24.0,-0.019108280254776955
vol_tight,2026-03-02,KRW-AAVE,bear_volatile,0.1,0.0985,tp,16.25,-0.006038647342995196
vol_tight,2026-03-03,KRW-IMX,bear_volatile,-0.03,-0.0315,sl,6.0,-0.03319502074688796
vol_tight,2026-03-03,KRW-YGG,bear_volatile,-0.03,-0.0315,sl,10.25,-0.03460207612456745
vol_tight,2026-03-03,KRW-JUP,bear_volatile,0.027131782945736482,0.02563178294573648,eod,23.75,-0.019379844961240345
vol_tight,2026-03-04,KRW-KAITO,bear_volatile,-0.03,-0.0315,sl,4.5,-0.03153988868274582
vol_tight,2026-03-04,KRW-LSK,bear_volatile,-0.03,-0.0315,sl,0.75,-0.035532994923857864
vol_tight,2026-03-04,KRW-STEEM,bear_volatile,-0.03,-0.0315,sl,1.25,-0.032710280373831724
vol_tight,2026-03-05,KRW-IN,bear_volatile,-0.03,-0.0315,sl,3.0,-0.03809523809523807
vol_tight,2026-03-05,KRW-MOODENG,bear_volatile,-0.03,-0.0315,sl,16.25,-0.04527296937416769
vol_tight,2026-03-05,KRW-STRAX,bear_volatile,-0.03,-0.0315,sl,1.0,-0.03153153153153154
vol_tight,2026-03-06,KRW-THETA,bear_volatile,-0.03,-0.0315,sl,14.75,-0.03169014084507038
vol_tight,2026-03-06,KRW-OP,bear_volatile,-0.03,-0.0315,sl,13.75,-0.03260869565217395
vol_tight,2026-03-06,KRW-FCT2,bear_volatile,-0.03,-0.0315,sl,13.75,-0.032786885245901676
vol_tight,2026-03-07,KRW-WAXP,bear_volatile,-0.018418201516793076,-0.019918201516793077,eod,16.75,-0.02600216684723733
vol_tight,2026-03-07,KRW-ASTR,bear_volatile,0.017857142857143016,0.016357142857143014,eod,23.75,-0.02678571428571419
vol_tight,2026-03-07,KRW-BREV,bear_volatile,-0.03,-0.0315,sl,4.5,-0.03765690376569042
vol_tight,2026-03-08,KRW-BEAM,bear_volatile,-0.03,-0.0315,sl,4.75,-0.03082191780821908
vol_tight,2026-03-08,KRW-PLUME,bear_volatile,0.1,0.0985,tp,5.75,-0.023255813953488302
vol_tight,2026-03-08,KRW-AZTEC,bear_volatile,-0.03,-0.0315,sl,0.5,-0.04307692307692301
vol_tight,2026-03-09,KRW-KERNEL,bear_volatile,0.1,0.0985,tp,6.0,-0.025000000000000022
vol_tight,2026-03-09,KRW-CFG,bear_volatile,-0.03,-0.0315,sl,2.0,-0.033333333333333326
vol_tight,2026-03-09,KRW-KAVA,bear_volatile,-0.03,-0.0315,sl,0.75,-0.03402061855670102
vol_tight,2026-03-10,KRW-TAO,bear_volatile,0.02417659425367913,0.022676594253679128,eod,24.0,-0.005606166783461819
vol_tight,2026-03-10,KRW-DEEP,bear_volatile,0.013363028953229383,0.011863028953229384,eod,24.0,-0.022271714922049046
vol_tight,2026-03-10,KRW-EDGE,bear_volatile,0.1,0.0985,tp,0.5,0.0
vol_tight,2026-03-11,KRW-RENDER,bear_volatile,0.03899721448467974,0.03749721448467974,eod,24.0,-0.0116063138347261
vol_tight,2026-03-11,KRW-LA,bear_volatile,0.1,0.0985,tp,7.5,-0.023391812865497075
vol_tight,2026-03-11,KRW-TAO,bear_volatile,-0.03,-0.0315,sl,5.75,-0.03038579720040968
vol_tight,2026-03-12,KRW-ANKR,bear_volatile,-0.016819571865443472,-0.018319571865443474,eod,21.25,-0.025993883792048922
vol_tight,2026-03-12,KRW-ONG,bear_volatile,-0.03,-0.0315,sl,2.75,-0.030303030303030387
vol_tight,2026-03-12,KRW-CVC,bear_volatile,0.011415525114155223,0.009915525114155223,eod,22.0,-0.013698630136986134
vol_tight,2026-03-13,KRW-AZTEC,bear_volatile,-0.03,-0.0315,sl,11.75,-0.03188405797101457
vol_tight,2026-03-13,KRW-W,bear_volatile,-0.03,-0.0315,sl,21.75,-0.03703703703703709
vol_tight,2026-03-13,KRW-RENDER,bear_volatile,0.1,0.0985,tp,7.0,-0.011322280630812753
vol_tight,2026-03-14,KRW-MET2,bear_volatile,-0.03,-0.0315,sl,17.5,-0.03200000000000003
vol_tight,2026-03-14,KRW-MEW,bear_volatile,-0.009463722397476393,-0.010963722397476392,eod,23.5,-0.016824395373291168
vol_tight,2026-03-14,KRW-AKT,bear_volatile,-0.03,-0.0315,sl,1.25,-0.03863987635239563
vol_tight,2026-03-15,KRW-BTT,bear_volatile,0.1,0.0985,tp,12.75,-0.010040160642570295
vol_tight,2026-03-15,KRW-BIRB,bear_volatile,-0.03,-0.0315,sl,0.25,-0.04214559386973182
vol_tight,2026-03-15,KRW-DEEP,bear_volatile,-0.03,-0.0315,sl,6.75,-0.030828516377649384
vol_tight,2026-03-16,KRW-MLK,bear_volatile,0.02130325814536338,0.019803258145363378,eod,23.75,-0.013784461152882121
vol_tight,2026-03-16,KRW-TOKAMAK,bear_volatile,0.029931972789115635,0.028431972789115634,eod,22.75,-0.00952380952380949
vol_tight,2026-03-16,KRW-IMX,bear_volatile,0.08800000000000008,0.08650000000000008,eod,22.0,-0.020000000000000018
vol_tight,2026-03-17,KRW-ZKC,bear_volatile,0.008196721311475308,0.006696721311475308,eod,23.75,-0.024590163934426257
vol_tight,2026-03-17,KRW-ASTR,bear_volatile,0.1,0.0985,tp,11.5,-0.017094017094017033
vol_tight,2026-03-17,KRW-0G,bear_volatile,-0.019406392694063967,-0.02090639269406397,eod,24.0,-0.029680365296803624
vol_tight,2026-03-18,KRW-ERA,bear_volatile,-0.03,-0.0315,sl,11.5,-0.032558139534883734
vol_tight,2026-03-18,KRW-AERGO,bear_volatile,-0.03,-0.0315,sl,12.75,-0.030952380952380842
vol_tight,2026-03-18,KRW-SNT,bear_volatile,-0.03,-0.0315,sl,11.5,-0.0326797385620915
vol_tight,2026-03-19,KRW-ANIME,bear_volatile,0.1,0.0985,tp,0.5,-0.005340453938584733
vol_tight,2026-03-19,KRW-DKA,bear_volatile,-0.03,-0.0315,sl,0.25,-0.057071960297766844
vol_tight,2026-03-19,KRW-G,bear_volatile,-0.03,-0.0315,sl,0.75,-0.03049759229534521
vol_tight,2026-03-20,KRW-G,bear_volatile,-0.03,-0.0315,sl,0.25,-0.03109656301145669
vol_tight,2026-03-20,KRW-TAO,bear_volatile,0.1,0.0985,tp,5.5,-0.02543380080817681
vol_tight,2026-03-20,KRW-SIGN,bear_volatile,0.0226586102719033,0.0211586102719033,eod,24.0,-0.024169184290030343
vol_tight,2026-03-21,KRW-ANKR,bear_volatile,0.1,0.0985,tp,0.25,-0.005134788189987138
vol_tight,2026-03-21,KRW-G,bear_volatile,-0.03,-0.0315,sl,23.25,-0.03409090909090906
vol_tight,2026-03-21,KRW-ETHFI,bear_volatile,0.1,0.0985,tp,5.75,-0.0117647058823529
vol_tight,2026-03-22,KRW-G,bear_volatile,-0.03,-0.0315,sl,6.25,-0.031825795644891075
vol_tight,2026-03-22,KRW-SIGN,bear_volatile,0.1,0.0985,tp,9.5,-0.017955801104972524
vol_tight,2026-03-22,KRW-CPOOL,bear_volatile,0.1,0.0985,tp,1.25,-0.024390243902438935
vol_tight,2026-03-23,KRW-CFG,bear_volatile,-0.03,-0.0315,sl,0.75,-0.03535353535353536
vol_tight,2026-03-23,KRW-G,bear_volatile,0.1,0.0985,tp,8.0,-0.012544802867383575
vol_tight,2026-03-23,KRW-NXPC,bear_volatile,0.02733485193621865,0.02583485193621865,eod,22.75,-0.02505694760820043
vol_tight,2026-03-24,KRW-ZETA,bear_volatile,-0.03,-0.0315,sl,1.0,-0.03855421686746996
vol_tight,2026-03-24,KRW-ZRO,bear_volatile,-0.03,-0.0315,sl,4.25,-0.031107044830741115
vol_tight,2026-03-24,KRW-SHIB,bear_volatile,0.018743109151047488,0.017243109151047487,eod,24.0,-0.01433296582138921
vol_tight,2026-03-25,KRW-CVC,bear_volatile,0.1,0.0985,tp,1.25,-0.004098360655737654
vol_tight,2026-03-25,KRW-ICX,bear_volatile,-0.01258992805755399,-0.01408992805755399,eod,21.25,-0.026978417266187105
vol_tight,2026-03-25,KRW-CELO,bear_volatile,-0.03,-0.0315,sl,3.5,-0.03252032520325199
vol_tight,2026-03-26,KRW-FCT2,bear_volatile,-0.03,-0.0315,sl,6.75,-0.030927835051546282
vol_tight,2026-03-26,KRW-AERO,bear_volatile,0.0,-0.0015,eod,21.75,-0.02400000000000002
vol_tight,2026-03-26,KRW-RENDER,bear_volatile,-0.03,-0.0315,sl,3.25,-0.030575539568345356
vol_tight,2026-03-27,KRW-AWE,bear_volatile,-0.03,-0.0315,sl,10.5,-0.03355704697986572
vol_tight,2026-03-27,KRW-CPOOL,bear_volatile,0.1,0.0985,tp,1.0,-0.013850415512465353
vol_tight,2026-03-27,KRW-CFG,bear_volatile,-0.03,-0.0315,sl,7.75,-0.0357142857142857
vol_tight,2026-03-28,KRW-MET2,bear_volatile,-0.03,-0.0315,sl,0.5,-0.03493449781659386
vol_tight,2026-03-28,KRW-DKA,bear_volatile,-0.03,-0.0315,sl,0.5,-0.03703703703703709
vol_tight,2026-03-28,KRW-ANKR,bear_volatile,-0.03,-0.0315,sl,0.5,-0.03684879288437104
vol_tight,2026-03-29,KRW-ONG,bear_volatile,-0.03,-0.0315,sl,0.25,-0.03575297941495126
vol_tight,2026-03-29,KRW-SIGN,bear_volatile,-0.03,-0.0315,sl,1.0,-0.03245436105476662
vol_tight,2026-03-29,KRW-CHZ,bear_volatile,-0.03,-0.0315,sl,11.25,-0.03921568627450989
vol_tight,2026-03-30,KRW-SIGN,bear_volatile,-0.03,-0.0315,sl,4.25,-0.033530571992110514
vol_tight,2026-03-30,KRW-KERNEL,bear_volatile,0.06542056074766345,0.06392056074766345,eod,22.75,-0.009345794392523366
vol_tight,2026-03-30,KRW-SENT,bear_volatile,-0.03,-0.0315,sl,0.5,-0.03546099290780147
vol_tight,2026-03-31,KRW-KNC,bear_volatile,-0.03,-0.0315,sl,7.25,-0.03539823008849563
vol_tight,2026-03-31,KRW-BSV,bear_volatile,0.014036786060019457,0.012536786060019458,eod,23.25,-0.009196515004840311
vol_tight,2026-03-31,KRW-ONG,bear_volatile,-0.03,-0.0315,sl,0.75,-0.04500000000000004
vol_tight,2026-04-01,KRW-WCT,bear_volatile,-0.03,-0.0315,sl,5.25,-0.03002309468822162
vol_tight,2026-04-01,KRW-BLAST,bear_volatile,0.1,0.0985,tp,8.25,-0.00433526011560692
vol_tight,2026-04-01,KRW-TREE,bear_volatile,-0.03,-0.0315,sl,6.5,-0.03524229074889873
vol_tight,2026-04-02,KRW-T,bear_volatile,-0.03,-0.0315,sl,13.5,-0.03010752688172058
vol_tight,2026-04-02,KRW-SEI,bear_volatile,-0.03,-0.0315,sl,2.25,-0.03041362530413627
vol_tight,2026-04-02,KRW-TAIKO,bear_volatile,-0.03,-0.0315,sl,1.5,-0.035175879396984966
vol_tight,2026-04-03,KRW-ORBS,bear_volatile,-0.03,-0.0315,sl,1.25,-0.03100775193798455
vol_tight,2026-04-03,KRW-SAFE,bear_volatile,-0.03,-0.0315,sl,1.0,-0.030120481927710885
vol_tight,2026-04-03,KRW-ZORA,bear_volatile,-0.01869158878504662,-0.02019158878504662,eod,23.0,-0.028037383177569986
vol_tight,2026-04-04,KRW-ALT,bear_volatile,-0.03,-0.0315,sl,0.25,-0.0326732673267327
vol_tight,2026-04-04,KRW-BIO,bear_volatile,0.026923076923076827,0.025423076923076826,eod,23.5,-0.011538461538461608
vol_tight,2026-04-04,KRW-BLUR,bear_volatile,-0.03,-0.0315,sl,0.5,-0.03322259136212624
vol_tight,2026-04-05,KRW-BERA,bear_volatile,0.1,0.0985,tp,2.25,-0.021538461538461506
vol_tight,2026-04-05,KRW-ALGO,bear_volatile,-0.03,-0.0315,sl,8.0,-0.03296703296703296
vol_tight,2026-04-05,KRW-MON,bear_volatile,-0.03,-0.0315,sl,3.5,-0.03147699757869238
vol_tight,2026-04-06,KRW-FCT2,bear_volatile,0.016483516483516425,0.014983516483516425,eod,20.25,-0.01098901098901095
vol_tight,2026-04-06,KRW-1INCH,bear_volatile,-0.007407407407407418,-0.008907407407407418,eod,20.25,-0.007407407407407418
vol_tight,2026-04-06,KRW-SOMI,bear_volatile,-0.03,-0.0315,sl,21.75,-0.031620553359683834
vol_tight,2026-04-07,KRW-NEWT,bear_volatile,-0.03,-0.0315,sl,12.75,-0.05490196078431364
vol_tight,2026-04-07,KRW-PENDLE,bear_volatile,-0.03,-0.0315,sl,12.25,-0.03261578604044357
vol_tight,2026-04-07,KRW-FLUID,bear_volatile,-0.03,-0.0315,sl,1.75,-0.030252797347699922
vol_tight,2026-04-08,KRW-SKR,bear_volatile,-0.03,-0.0315,sl,13.0,-0.033333333333333326
vol_tight,2026-04-08,KRW-AAVE,bear_volatile,-0.03,-0.0315,sl,14.75,-0.030048916841369677
vol_tight,2026-04-08,KRW-ANIME,bear_volatile,-0.03,-0.0315,sl,22.5,-0.03151862464183386
vol_tight,2026-04-09,KRW-SAFE,bear_volatile,-0.03,-0.0315,sl,3.75,-0.03743315508021394
vol_tight,2026-04-09,KRW-OPEN,bear_volatile,0.03759398496240607,0.03609398496240607,eod,24.0,-0.018796992481203034
vol_tight,2026-04-09,KRW-DRIFT,bear_volatile,-0.03,-0.0315,sl,7.0,-0.03026315789473677
vol_tight,2026-04-10,KRW-IN,bear_volatile,-0.03,-0.0315,sl,14.25,-0.0331125827814569
vol_tight,2026-04-10,KRW-PYTH,bear_volatile,-0.03,-0.0315,sl,1.25,-0.04084507042253527
vol_tight,2026-04-10,KRW-OPEN,bear_volatile,-0.03,-0.0315,sl,5.5,-0.03260869565217395
vol_tight,2026-04-11,KRW-WAL,bear_volatile,-0.03,-0.0315,sl,1.25,-0.03539823008849563
vol_tight,2026-04-11,KRW-A,bear_volatile,-0.008264462809917328,-0.009764462809917327,eod,22.25,-0.024793388429752095
vol_tight,2026-04-11,KRW-AUCTION,bear_volatile,-0.011954992967651235,-0.013454992967651234,eod,21.75,-0.01898734177215189
vol_tight,2026-04-12,KRW-BLAST,bear_volatile,0.1,0.0985,tp,1.0,0.0
vol_tight,2026-04-12,KRW-BLUR,bear_volatile,-0.009009009009008917,-0.010509009009008917,eod,18.75,-0.024024024024023927
vol_tight,2026-04-12,KRW-XPL,bear_volatile,-0.03,-0.0315,sl,1.75,-0.04950495049504955
vol_tight,2026-04-13,KRW-JST,bear_volatile,-0.03,-0.0315,sl,0.75,-0.05932203389830504
vol_tight,2026-04-13,KRW-WET,bear_volatile,-0.03,-0.0315,sl,0.25,-0.032258064516129004
vol_tight,2026-04-13,KRW-AHT,bear_volatile,-0.03,-0.0315,sl,1.5,-0.03347280334728031
vol_tight,2026-04-14,KRW-IMX,bear_volatile,-0.013698630136986356,-0.015198630136986356,eod,22.25,-0.0273972602739726
vol_tight,2026-04-14,KRW-AXL,bear_volatile,-0.03,-0.0315,sl,7.0,-0.030042918454935785
vol_tight,2026-04-14,KRW-WCT,bear_volatile,-0.03,-0.0315,sl,4.75,-0.034324942791762014
vol_tight,2026-04-15,KRW-BIO,bear_volatile,0.1,0.0985,tp,7.0,-0.00694444444444442
vol_tight,2026-04-15,KRW-JST,bear_volatile,-0.03,-0.0315,sl,11.5,-0.034782608695652195
vol_tight,2026-04-15,KRW-DKA,bear_volatile,-0.03,-0.0315,sl,0.5,-0.03203883495145632
vol_tight,2026-04-16,KRW-INJ,bear_volatile,0.04675433103736171,0.045254331037361706,eod,23.25,-0.009810060530160758
vol_tight,2026-04-16,KRW-FLOCK,bear_volatile,0.1,0.0985,tp,1.5,-0.00111358574610243
vol_tight,2026-04-16,KRW-ARKM,bear_volatile,0.1,0.0985,tp,7.75,-0.0239520958083832
vol_tight,2026-04-17,KRW-HBAR,bear_volatile,0.007518796992481258,0.0060187969924812585,eod,24.0,-0.022556390977443663
vol_tight,2026-04-17,KRW-SONIC,bear_volatile,0.031021897810219023,0.029521897810219022,eod,24.0,-0.010948905109488982
vol_tight,2026-04-17,KRW-ZK,bear_volatile,0.03292181069958855,0.03142181069958855,eod,24.0,-0.024691358024691468
vol_tight,2026-04-18,KRW-KNC,bear_volatile,-0.03,-0.0315,sl,11.0,-0.037209302325581395
vol_tight,2026-04-18,KRW-WLFI,bear_volatile,-0.03,-0.0315,sl,17.0,-0.033333333333333326
vol_tight,2026-04-18,KRW-BERA,bear_volatile,-0.03,-0.0315,sl,2.0,-0.030441400304414
vol_tight,2026-04-19,KRW-TREE,bear_volatile,-0.03,-0.0315,sl,0.5,-0.03669724770642202
vol_tight,2026-04-19,KRW-PENDLE,bear_volatile,-0.03,-0.0315,sl,5.5,-0.03224206349206349
vol_tight,2026-04-19,KRW-TIA,bear_volatile,-0.03,-0.0315,sl,17.75,-0.03264604810996563
vol_tight,2026-04-20,KRW-CPOOL,bear_volatile,-0.03,-0.0315,sl,0.25,-0.031630170316301776
vol_tight,2026-04-20,KRW-IN,bear_volatile,-0.00423728813559332,-0.00573728813559332,eod,24.0,-0.029661016949152685
vol_tight,2026-04-20,KRW-ZBT,bear_volatile,-0.03,-0.0315,sl,18.5,-0.03488372093023251
vol_tight,2026-04-21,KRW-FLUID,bear_volatile,-0.03,-0.0315,sl,13.5,-0.03216726980297546
vol_tight,2026-04-21,KRW-MOODENG,bear_volatile,-0.03,-0.0315,sl,3.5,-0.03157894736842104
vol_tight,2026-04-21,KRW-AXL,bear_volatile,0.1,0.0985,tp,0.5,0.0
vol_tight,2026-04-22,KRW-OPEN,bear_volatile,-0.02670623145400597,-0.02820623145400597,eod,23.0,-0.02670623145400597
vol_tight,2026-04-22,KRW-FLOCK,bear_volatile,-0.03,-0.0315,sl,1.5,-0.03898840885142263
vol_tight,2026-04-22,KRW-BIRB,bear_volatile,0.014851485148514865,0.013351485148514865,eod,23.25,-0.004950495049504955
vol_tight,2026-04-23,KRW-BCH,bear_volatile,0.002928257686676483,0.001428257686676483,eod,24.0,-0.013177159590043952
vol_tight,2026-04-23,KRW-AERO,bear_volatile,-0.03,-0.0315,sl,2.5,-0.033333333333333326
vol_tight,2026-04-23,KRW-AVNT,bear_volatile,-0.03,-0.0315,sl,2.75,-0.032258064516129004
vol_tight,2026-04-24,KRW-RED,bear_volatile,0.1,0.0985,tp,0.25,-0.00497512437810943
vol_tight,2026-04-24,KRW-PLUME,bear_volatile,-0.03,-0.0315,sl,9.25,-0.03448275862068961
vol_tight,2026-04-24,KRW-CHZ,bear_volatile,-0.03,-0.0315,sl,3.75,-0.0307898259705488
vol_tight,2026-04-25,KRW-AZTEC,bear_volatile,-0.03,-0.0315,sl,4.75,-0.034782608695652306
vol_tight,2026-04-25,KRW-FLOCK,bear_volatile,-0.03,-0.0315,sl,5.75,-0.03809523809523807
vol_tight,2026-04-25,KRW-BIRB,bear_volatile,-0.03,-0.0315,sl,5.25,-0.030042918454935674
vol_tight,2026-04-26,KRW-AUCTION,bear_quiet,-0.010238907849829393,-0.011738907849829392,eod,22.0,-0.029351535836177445
vol_tight,2026-04-26,KRW-AWE,bear_quiet,0.1,0.0985,tp,5.25,-0.023427866831072675
vol_tight,2026-04-26,KRW-FLOCK,bear_quiet,-0.03,-0.0315,sl,14.0,-0.03267326732673259
vol_tight,2026-04-27,KRW-SKR,bear_quiet,-0.03,-0.0315,sl,5.25,-0.039215686274509776
vol_tight,2026-04-27,KRW-ZKP,bear_quiet,-0.03,-0.0315,sl,0.25,-0.03816793893129766
vol_tight,2026-04-27,KRW-ELSA,bear_quiet,-0.03,-0.0315,sl,0.75,-0.03669724770642202
vol_tight,2026-04-28,KRW-MANTRA,bear_quiet,-0.03,-0.0315,sl,1.5,-0.03105590062111807
vol_tight,2026-04-28,KRW-OPEN,bear_quiet,-0.03,-0.0315,sl,9.5,-0.03100775193798455
vol_tight,2026-04-28,KRW-CHZ,bear_quiet,-0.03,-0.0315,sl,8.5,-0.034805890227577074
vol_tight,2026-04-29,KRW-WET,bear_quiet,-0.03,-0.0315,sl,15.0,-0.034965034965035
vol_tight,2026-04-29,KRW-VANA,bear_quiet,-0.03,-0.0315,sl,8.25,-0.03241563055062169
vol_tight,2026-04-29,KRW-HYPER,bear_quiet,0.1,0.0985,tp,2.25,0.0
vol_tight,2026-04-30,KRW-RAY,bear_quiet,-0.03,-0.0315,sl,6.25,-0.03122362869198314
vol_tight,2026-04-30,KRW-HYPER,bear_quiet,0.051136363636363535,0.049636363636363534,eod,24.0,-0.017045454545454586
vol_tight,2026-04-30,KRW-OPEN,bear_quiet,-0.03,-0.0315,sl,5.5,-0.05569007263922521
vol_tight,2026-05-01,KRW-AWE,bear_quiet,-0.03,-0.0315,sl,10.25,-0.03073545554335888
vol_tight,2026-05-01,KRW-SOMI,bear_quiet,-0.03,-0.0315,sl,10.5,-0.03214285714285714
vol_tight,2026-05-01,KRW-ZKP,bear_quiet,0.1,0.0985,tp,6.0,-0.008333333333333304
vol_tight,2026-05-02,KRW-FLUID,bear_quiet,-0.03,-0.0315,sl,1.75,-0.03445480340494522
vol_tight,2026-05-02,KRW-HYPER,bear_quiet,-0.03,-0.0315,sl,15.5,-0.03314917127071826
vol_tight,2026-05-02,KRW-ZKP,bear_quiet,-0.03,-0.0315,sl,7.25,-0.03200000000000003
vol_tight,2026-05-03,KRW-ARKM,bear_quiet,-0.03,-0.0315,sl,1.25,-0.03296703296703296
vol_tight,2026-05-03,KRW-AKT,bear_quiet,0.1,0.0985,tp,4.75,-0.013079667063020217
vol_tight,2026-05-03,KRW-INJ,bear_quiet,-0.01594331266607618,-0.017443312666076183,eod,22.5,-0.025686448184233823
vol_tight,2026-05-04,KRW-BAT,bear_quiet,-0.03,-0.0315,sl,0.5,-0.03144654088050314
vol_tight,2026-05-04,KRW-ELSA,bear_quiet,-0.03,-0.0315,sl,0.25,-0.03389830508474578
vol_tight,2026-05-04,KRW-IN,bear_quiet,-0.03,-0.0315,sl,10.5,-0.03809523809523807
vol_tight,2026-05-05,KRW-WLFI,bear_quiet,0.021208907741251393,0.01970890774125139,eod,24.0,-0.018027571580063628
vol_tight,2026-05-05,KRW-ELSA,bear_quiet,-0.03,-0.0315,sl,1.5,-0.03539823008849563
vol_tight,2026-05-05,KRW-HOLO,bear_quiet,0.012435233160621895,0.010935233160621895,eod,22.75,-0.007253886010362698
vol_tight,2026-05-06,KRW-ADA,bear_quiet,0.005154639175257714,0.0036546391752577136,eod,24.0,-0.015463917525773141
vol_tight,2026-05-06,KRW-ETC,bear_quiet,0.03378378378378377,0.03228378378378377,eod,24.0,-0.0037537537537537524
vol_tight,2026-05-06,KRW-LINK,bear_quiet,0.01384083044982698,0.01234083044982698,eod,24.0,-0.00622837370242213
vol_tight,2026-05-07,KRW-ETC,bear_quiet,-0.03,-0.0315,sl,14.75,-0.030501089324618702
vol_tight,2026-05-07,KRW-APT,bear_quiet,0.0066577896138482195,0.00515778961384822,eod,24.0,-0.025299600532623145
vol_tight,2026-05-07,KRW-ZORA,bear_quiet,0.010362694300518172,0.008862694300518172,eod,22.5,-0.025906735751295318
vol_tight,2026-05-08,KRW-0G,bear_quiet,0.025672371638141733,0.024172371638141732,eod,24.0,-0.003667481662591676
vol_tight,2026-05-08,KRW-MANTRA,bear_quiet,0.046052631578947345,0.044552631578947344,eod,24.0,-0.006578947368421018
vol_tight,2026-05-08,KRW-JST,bear_quiet,-0.03,-0.0315,sl,17.25,-0.031746031746031744
vol_tight,2026-05-09,KRW-ADA,bear_quiet,-0.00992555831265507,-0.011425558312655069,eod,24.0,-0.01488833746898266
vol_tight,2026-05-09,KRW-ANKR,bear_quiet,-0.010484927916120546,-0.011984927916120545,eod,20.75,-0.020969855832241202
vol_tight,2026-05-09,KRW-AVAX,bear_quiet,0.004791238877481119,0.0032912388774811187,eod,24.0,-0.009582477754962349
vol_tight,2026-05-10,KRW-EDGE,bear_quiet,-0.005988023952095856,-0.007488023952095855,eod,23.25,-0.029940119760479056
vol_tight,2026-05-10,KRW-LAYER,bear_quiet,0.1,0.0985,tp,0.25,-0.027210884353741527
vol_tight,2026-05-10,KRW-AERO,bear_quiet,0.03897849462365599,0.03747849462365599,eod,24.0,-0.025537634408602128
vol_tight,2026-05-11,KRW-AUCTION,bear_quiet,-0.023917259211376884,-0.025417259211376886,eod,22.25,-0.02650290885585005
vol_tight,2026-05-11,KRW-GAS,bear_quiet,-0.0038491147036181506,-0.00534911470361815,eod,24.0,-0.02501924557351809
vol_tight,2026-05-11,KRW-ERA,bear_quiet,0.013636363636363669,0.012136363636363669,eod,22.0,-0.018181818181818188
vol_tight,2026-05-12,KRW-META,bear_quiet,-0.013333333333333308,-0.014833333333333308,eod,18.5,-0.026666666666666727
vol_tight,2026-05-12,KRW-AXS,bear_quiet,-0.03,-0.0315,sl,14.0,-0.03241182078169691
vol_tight,2026-05-12,KRW-TT,bear_quiet,-0.03,-0.0315,sl,2.25,-0.03571428571428559
vol_tight,2026-05-13,KRW-FF,bear_quiet,-0.03,-0.0315,sl,2.75,-0.03418803418803418
vol_tight,2026-05-13,KRW-JTO,bear_quiet,0.1,0.0985,tp,12.25,-0.005617977528089901
vol_tight,2026-05-13,KRW-ATOM,bear_quiet,-0.03,-0.0315,sl,16.0,-0.03169014084507038
vol_tight,2026-05-14,KRW-TIA,bear_quiet,0.019316493313521477,0.017816493313521475,eod,23.75,-0.019316493313521588
vol_tight,2026-05-14,KRW-AKT,bear_quiet,-0.03,-0.0315,sl,3.5,-0.03915426781519182
vol_tight,2026-05-14,KRW-FF,bear_quiet,-0.03,-0.0315,sl,4.0,-0.031746031746031744
vol_tight,2026-05-15,KRW-IMX,bear_quiet,-0.03,-0.0315,sl,5.0,-0.030000000000000027
vol_tight,2026-05-15,KRW-CPOOL,bear_quiet,-0.03,-0.0315,sl,0.5,-0.04485981308411213
vol_tight,2026-05-15,KRW-SONIC,bear_quiet,-0.03,-0.0315,sl,0.75,-0.030441400304414
vol_tight,2026-05-16,KRW-ORCA,bear_quiet,0.1,0.0985,tp,4.25,-0.0055223193741371635
vol_tight,2026-05-16,KRW-LAYER,bear_quiet,-0.03,-0.0315,sl,7.0,-0.034965034965035
vol_tight,2026-05-16,KRW-FLOCK,bear_quiet,-0.03,-0.0315,sl,1.25,-0.030303030303030276
vol_tight,2026-05-17,KRW-DKA,bear_quiet,-0.03,-0.0315,sl,0.75,-0.034028540065861534
vol_tight,2026-05-17,KRW-KITE,bear_quiet,0.006269592476489061,0.004769592476489061,eod,24.0,-0.025078369905956133
vol_tight,2026-05-17,KRW-ATOM,bear_quiet,-0.004267892317793787,-0.005767892317793786,eod,24.0,-0.02166776099803025
vol_tight,2026-05-18,KRW-KAITO,bear_quiet,-0.03,-0.0315,sl,1.5,-0.03146374829001364
vol_tight,2026-05-18,KRW-FF,bear_quiet,-0.0078125,-0.0093125,eod,24.0,-0.0234375
vol_tight,2026-05-18,KRW-META,bear_quiet,-0.03,-0.0315,sl,0.25,-0.030487804878048697
vol_tight,2026-05-19,KRW-AKT,bear_quiet,-0.03,-0.0315,sl,22.25,-0.030742954739538808
vol_tight,2026-05-19,KRW-BIO,bear_quiet,-0.03,-0.0315,sl,0.25,-0.031088082901554404
vol_tight,2026-05-19,KRW-CFG,bear_quiet,-0.03,-0.0315,sl,10.75,-0.03448275862068961
vol_tight,2026-05-20,KRW-STORJ,bear_quiet,-0.03,-0.0315,sl,11.0,-0.034682080924855474
vol_tight,2026-05-20,KRW-COMP,bear_quiet,-0.0117647058823529,-0.013264705882352899,eod,21.5,-0.020882352941176463
vol_tight,2026-05-20,KRW-OPEN,bear_quiet,-0.03,-0.0315,sl,11.25,-0.04361370716510904
vol_tight,2026-05-21,KRW-KAITO,bear_quiet,0.1,0.0985,tp,14.5,0.0
vol_tight,2026-05-21,KRW-ORCA,bear_quiet,-0.03,-0.0315,sl,11.75,-0.030898876404494402
vol_tight,2026-05-21,KRW-OPEN,bear_quiet,0.1,0.0985,tp,10.75,0.0
vol_tight,2026-05-22,KRW-SOMI,bear_quiet,-0.03,-0.0315,sl,17.75,-0.031746031746031744
vol_tight,2026-05-22,KRW-ALT,bear_quiet,0.1,0.0985,tp,4.75,-0.009259259259259411
vol_tight,2026-05-22,KRW-AXS,bear_quiet,-0.03,-0.0315,sl,19.75,-0.03527435610302354
vol_tight,2026-05-23,KRW-2Z,bear_quiet,0.0,-0.0015,eod,23.25,-0.018750000000000044
vol_tight,2026-05-23,KRW-MOCA,bear_quiet,0.05291005291005302,0.05141005291005302,eod,22.5,-0.010582010582010581
vol_tight,2026-05-23,KRW-SAFE,bear_quiet,-0.03,-0.0315,sl,5.75,-0.032110091743119296
vol_tight,2026-05-24,KRW-ZORA,bear_quiet,-0.03,-0.0315,sl,5.5,-0.03508771929824572
vol_tight,2026-05-24,KRW-ENSO,bear_quiet,-0.03,-0.0315,sl,14.5,-0.0347394540942928
vol_tight,2026-05-24,KRW-ONG,bear_quiet,-0.03,-0.0315,sl,11.25,-0.032352941176470584
vol_tight,2026-05-25,KRW-RED,bear_quiet,0.1,0.0985,tp,10.0,-0.010204081632653073
vol_tight,2026-05-25,KRW-ALT,bear_quiet,-0.03,-0.0315,sl,12.0,-0.03508771929824561
vol_tight,2026-05-25,KRW-PROVE,bear_quiet,-0.012658227848101222,-0.014158227848101222,eod,24.0,-0.015189873417721489
vol_tight,2026-05-26,KRW-LA,bear_quiet,-0.03,-0.0315,sl,2.25,-0.03409090909090906
vol_tight,2026-05-26,KRW-RENDER,bear_quiet,0.1,0.0985,tp,10.75,-0.02063443178318447
vol_tight,2026-05-26,KRW-INJ,bear_quiet,-0.03,-0.0315,sl,7.25,-0.03848431024274723
vol_tight,2026-05-27,KRW-JTO,bear_quiet,-0.03,-0.0315,sl,4.75,-0.03263707571801566
vol_tight,2026-05-27,KRW-FF,bear_quiet,-0.03,-0.0315,sl,4.5,-0.0357142857142857
vol_tight,2026-05-27,KRW-ARKM,bear_quiet,-0.03,-0.0315,sl,2.0,-0.03083700440528636
vol_tight,2026-05-28,KRW-ALT,bear_quiet,-0.03,-0.0315,sl,1.5,-0.03571428571428559
vol_tight,2026-05-28,KRW-ICP,bear_quiet,-0.03,-0.0315,sl,3.75,-0.033516878142207274
vol_tight,2026-05-28,KRW-GRT,bear_quiet,-0.03,-0.0315,sl,4.0,-0.03731343283582089
vol_tight,2026-05-29,KRW-BAT,bear_quiet,0.1,0.0985,tp,2.75,0.0
vol_tight,2026-05-29,KRW-MON,bear_quiet,-0.03,-0.0315,sl,2.75,-0.03361344537815136
vol_tight,2026-05-29,KRW-XPL,bear_quiet,-0.03,-0.0315,sl,11.75,-0.03546099290780147
vol_tight,2026-05-30,KRW-NEWT,bear_quiet,-0.03,-0.0315,sl,3.5,-0.03738317757009346
vol_tight,2026-05-30,KRW-BARD,bear_quiet,-0.03,-0.0315,sl,11.25,-0.03448275862068961
vol_tight,2026-05-30,KRW-IOTA,bear_quiet,0.1,0.0985,tp,2.25,-0.0010319917440660964
vol_tight,2026-05-31,KRW-RENDER,bear_quiet,-0.03,-0.0315,sl,14.25,-0.03676470588235292
vol_tight,2026-05-31,KRW-VET,bear_quiet,-0.007734806629834279,-0.009234806629834278,eod,23.75,-0.028729281767955972
vol_tight,2026-05-31,KRW-ZK,bear_quiet,-0.03,-0.0315,sl,14.5,-0.032710280373831724
vol_tight,2026-06-01,KRW-INJ,bear_quiet,-0.008822003113648114,-0.010322003113648113,eod,1.25,-0.011935651271406278
vol_tight,2026-06-01,KRW-MANTRA,bear_quiet,0.03100775193798455,0.02950775193798455,eod,1.25,-0.015503875968992276
vol_tight,2026-06-01,KRW-LAYER,bear_quiet,0.0,-0.0015,eod,1.25,0.0
regime,2024-04-03,KRW-BTC,bull_volatile,0.004674502618346121,0.0031745026183461213,eod,24.0,-0.014273369910361988
regime,2024-04-04,KRW-BTC,bull_volatile,0.029626328988000328,0.028126328988000326,eod,24.0,-0.00936768149882905
regime,2024-04-05,KRW-BTC,bull_volatile,-0.010568656041027746,-0.012068656041027746,eod,24.0,-0.026597616773090693
regime,2024-04-06,KRW-BTC,bull_volatile,0.006484728363063574,0.004984728363063575,eod,24.0,-0.006505056665142006
regime,2024-04-07,KRW-BTC,bull_volatile,0.0037272727272728012,0.002227272727272801,eod,24.0,-0.0002424242424242662
regime,2024-04-08,KRW-BTC,bull_volatile,0.027493483883303638,0.025993483883303636,eod,24.0,-0.0027070816854350976
regime,2024-04-09,KRW-BTC,bull_volatile,-0.02645761881430675,-0.02795761881430675,eod,24.0,-0.03576678098971098
regime,2024-04-10,KRW-BTC,bull_volatile,0.011980806566809887,0.010480806566809888,eod,24.0,-0.01805671518675367
regime,2024-04-11,KRW-BTC,bull_volatile,-0.0005964155425890461,-0.002096415542589046,eod,24.0,-0.0056659476545958265
regime,2024-04-12,KRW-BTC,bull_volatile,-0.007618706610172832,-0.009118706610172831,eod,24.0,-0.01548606552485532
regime,2024-04-13,KRW-BTC,bull_volatile,-0.04,-0.0415,sl,21.5,-0.041647849867027964
regime,2024-04-14,KRW-BTC,bull_volatile,0.018662519440124425,0.017162519440124424,eod,24.0,-0.01924958544900246
regime,2024-04-15,KRW-BTC,bull_volatile,-0.024299764482315966,-0.025799764482315968,eod,24.0,-0.03263890994733698
regime,2024-04-16,KRW-BTC,bull_volatile,-0.009665388998238877,-0.011165388998238877,eod,24.0,-0.03138920542836421
regime,2024-04-17,KRW-BTC,bull_volatile,-0.04,-0.0415,sl,15.25,-0.04503279391612702
regime,2024-04-18,KRW-BTC,bull_volatile,0.020964796202933123,0.01946479620293312,eod,24.0,-0.015737267467929472
regime,2024-04-19,KRW-BTC,bull_volatile,-0.04,-0.0415,sl,2.5,-0.05170678430700704
regime,2024-04-20,KRW-BTC,bull_volatile,0.015151515151515138,0.013651515151515138,eod,24.0,-0.008298533033515354
regime,2024-04-21,KRW-BTC,bull_quiet,0.0002952340784478924,-0.0012047659215521076,eod,24.0,-0.0055672711935892405
regime,2024-04-22,KRW-BTC,bull_quiet,0.02403304148096641,0.02253304148096641,eod,24.0,-0.0030449579079347977
regime,2024-04-23,KRW-BTC,bull_quiet,-0.012279023848455917,-0.013779023848455916,eod,24.0,-0.020495891566141178
regime,2024-04-24,KRW-BTC,bull_quiet,-0.026407552747447216,-0.027907552747447217,eod,24.0,-0.03473472744116335
regime,2024-04-25,KRW-BTC,bull_quiet,-0.00828699743370398,-0.00978699743370398,eod,24.0,-0.02466852010265186
regime,2024-04-26,KRW-BTC,bull_quiet,-0.008732118023738411,-0.01023211802373841,eod,24.0,-0.013971388837981435
regime,2024-04-27,KRW-BTC,bull_quiet,-0.004958947311184847,-0.006458947311184847,eod,24.0,-0.018084932847588497
regime,2024-04-28,KRW-BTC,bull_quiet,-0.010590279675187664,-0.012090279675187663,eod,24.0,-0.014710543284626065
regime,2024-04-29,KRW-BTC,bull_quiet,0.009576618470612974,0.008076618470612975,eod,24.0,-0.022455900058542144
regime,2024-04-30,KRW-BTC,bull_quiet,-0.04,-0.0415,sl,11.75,-0.04497811816192565
regime,2024-05-01,KRW-BTC,bull_quiet,-0.04,-0.0415,sl,7.0,-0.040871121718377035
regime,2024-05-02,KRW-BTC,bull_volatile,-0.005041976550617333,-0.006541976550617333,eod,24.0,-0.03470700247907166
regime,2024-05-03,KRW-BTC,bull_quiet,0.08,0.0785,tp,22.75,-0.0034779050736497563
regime,2024-05-04,KRW-BTC,bull_volatile,0.011333729043240703,0.009833729043240704,eod,24.0,-0.015466284395963759
regime,2024-05-05,KRW-BTC,bull_volatile,-0.0026798666710962094,-0.004179866671096209,eod,24.0,-0.021837591220668195
regime,2024-05-06,KRW-BTC,bull_volatile,-0.014384017758046652,-0.015884017758046654,eod,24.0,-0.017758046614872347
regime,2024-05-07,KRW-BTC,bull_volatile,-0.01334760081099351,-0.01484760081099351,eod,24.0,-0.01441766163550351
regime,2024-05-08,KRW-BTC,bull_volatile,-0.019670072492722235,-0.021170072492722236,eod,24.0,-0.028380615331925374
regime,2024-05-09,KRW-BTC,bull_volatile,0.026131917272219196,0.024631917272219195,eod,24.0,-0.009921743991056498
regime,2024-05-10,KRW-BTC,bull_volatile,-0.02580689091651911,-0.02730689091651911,eod,24.0,-0.034000635525897716
regime,2024-05-11,KRW-BTC,bull_volatile,-0.0005941147689941806,-0.0020941147689941806,eod,24.0,-0.007374012721045653
regime,2024-05-12,KRW-BTC,bull_volatile,0.00850905106596267,0.00700905106596267,eod,24.0,-0.002016528540289775
regime,2024-05-13,KRW-BTC,bull_volatile,0.01626194796638969,0.01476194796638969,eod,24.0,-0.012840813212977142
regime,2024-05-14,KRW-BTC,bull_volatile,-0.016307685309436604,-0.017807685309436605,eod,24.0,-0.0242568289853754
regime,2024-05-15,KRW-BTC,bull_volatile,0.06457167953400211,0.06307167953400211,eod,24.0,-0.003744625768572929
regime,2024-05-16,KRW-BTC,bull_volatile,-0.014232827783869473,-0.015732827783869474,eod,24.0,-0.02020388444376897
regime,2024-05-17,KRW-BTC,bull_volatile,0.01989233699182069,0.01839233699182069,eod,24.0,-0.0015301797686015917
regime,2024-05-18,KRW-BTC,bull_volatile,0.004685205976336482,0.0031852059763364817,eod,24.0,-0.003184644615251697
regime,2024-05-19,KRW-BTC,bull_volatile,-0.009466400189113156,-0.010966400189113155,eod,24.0,-0.013141211613263759
regime,2024-05-20,KRW-BTC,bull_volatile,0.05505234040245166,0.05355234040245166,eod,24.0,-0.0027553289580733997
regime,2024-05-21,KRW-BTC,bull_volatile,-0.005757762697923052,-0.007257762697923052,eod,24.0,-0.017365823565700156
regime,2024-05-22,KRW-BTC,bull_volatile,-0.013399919352337197,-0.014899919352337197,eod,24.0,-0.021475025073151577
regime,2024-05-23,KRW-BTC,bull_volatile,-0.005460014043030315,-0.006960014043030314,eod,24.0,-0.025371773508976014
regime,2024-05-24,KRW-BTC,bull_volatile,0.003340463871355226,0.001840463871355226,eod,24.0,-0.016828772247805546
regime,2024-05-25,KRW-BTC,bull_volatile,0.010775726258743568,0.009275726258743568,eod,24.0,-0.00023105845778981227
regime,2024-05-26,KRW-BTC,bull_volatile,-0.006546134663341641,-0.00804613466334164,eod,24.0,-0.00872817955112215
regime,2024-05-27,KRW-BTC,bull_volatile,0.00434991739339563,0.0028499173933956303,eod,24.0,-0.00610661480226693
regime,2024-05-28,KRW-BTC,bull_volatile,-0.015096304008328953,-0.016596304008328955,eod,24.0,-0.024945340968245744
regime,2024-05-29,KRW-BTC,bull_volatile,-0.007860206647368306,-0.009360206647368306,eod,24.0,-0.01282565977137784
regime,2024-05-30,KRW-BTC,bull_volatile,0.010999893515067694,0.009499893515067694,eod,24.0,-0.0030880630390799357
regime,2024-05-31,KRW-BTC,bull_volatile,-0.005210526315789443,-0.006710526315789443,eod,24.0,-0.013684210526315743
regime,2024-06-01,KRW-BTC,bull_volatile,0.0022856175399983414,0.0007856175399983414,eod,24.0,-0.0015131634639803382
regime,2024-06-02,KRW-BTC,bull_volatile,0.002511555264768539,0.001011555264768539,eod,24.0,-0.0027648213418880463
regime,2024-06-03,KRW-BTC,bull_quiet,0.010463157894736952,0.008963157894736952,eod,24.0,-0.0018421052631578672
regime,2024-06-04,KRW-BTC,bull_quiet,0.015688480530033022,0.014188480530033023,eod,24.0,-0.004937808613038275
regime,2024-06-05,KRW-BTC,bull_quiet,0.009180428761924375,0.007680428761924376,eod,24.0,-0.0021540670838035014
regime,2024-06-06,KRW-BTC,bull_quiet,-0.0005183717030035062,-0.0020183717030035062,eod,24.0,-0.0038217207907709216
regime,2024-06-07,KRW-BTC,bull_quiet,-0.0040886484067492734,-0.005588648406749273,eod,24.0,-0.011208185433427276
regime,2024-06-08,KRW-BTC,bull_quiet,0.002103779654612392,0.0006037796546123921,eod,24.0,-0.0017259163185898707
regime,2024-06-09,KRW-BTC,bull_quiet,-0.001569234845165468,-0.003069234845165468,eod,24.0,-0.004351060252504202
regime,2024-06-10,KRW-BTC,bull_quiet,-0.007215537389138937,-0.008715537389138937,eod,24.0,-0.01023646959166391
regime,2024-06-11,KRW-BTC,bull_quiet,-0.02004543632233058,-0.02154543632233058,eod,24.0,-0.03554724041159962
regime,2024-06-12,KRW-BTC,bull_quiet,0.006346442320804835,0.004846442320804835,eod,24.0,-0.008675219502984444
regime,2024-06-13,KRW-BTC,bull_quiet,-0.013759459628494564,-0.015259459628494563,eod,24.0,-0.01904434298580271
regime,2024-06-14,KRW-BTC,bull_quiet,-0.00672204959096967,-0.00822204959096967,eod,24.0,-0.01704821696577674
regime,2024-06-15,KRW-BTC,bull_quiet,-0.0007342065780653328,-0.002234206578065333,eod,24.0,-0.004607412294235891
regime,2024-06-16,KRW-BTC,bull_quiet,0.0032583348418215863,0.0017583348418215862,eod,24.0,-0.0032157422295102656
regime,2024-06-17,KRW-BTC,bull_quiet,-0.006697162992602368,-0.008197162992602368,eod,24.0,-0.02823209755994016
regime,2024-06-18,KRW-BTC,bull_quiet,-0.020728931818910334,-0.022228931818910336,eod,24.0,-0.03153148340082701
regime,2024-06-19,KRW-BTC,bull_quiet,-0.0010256522166089965,-0.0025256522166089966,eod,24.0,-0.0052264618271885555
regime,2024-06-20,KRW-BTC,bull_quiet,0.002523238921233517,0.001023238921233517,eod,24.0,-0.0005352324984434498
regime,2024-06-21,KRW-BTC,bull_quiet,-0.01602763159328391,-0.01752763159328391,eod,24.0,-0.024820492705302954
regime,2024-06-22,KRW-BTC,bull_quiet,0.0062674403153653024,0.004767440315365303,eod,24.0,-0.001849227089515848
regime,2024-06-23,KRW-BTC,bull_quiet,-0.020115764685168513,-0.021615764685168515,eod,24.0,-0.020258819904483083
regime,2024-06-24,KRW-BTC,bull_quiet,-0.04,-0.0415,sl,16.75,-0.04142536475869807
regime,2024-06-25,KRW-BTC,bull_quiet,0.02286683431779646,0.021366834317796457,eod,24.0,-0.005415521375519039
regime,2024-06-26,KRW-BTC,bull_quiet,-0.01641837119696332,-0.017918371196963323,eod,24.0,-0.017527411591187092
regime,2024-06-27,KRW-BTC,bull_quiet,0.009199461041676349,0.007699461041676349,eod,24.0,-0.008084374854806509
regime,2024-06-28,KRW-BTC,bull_quiet,-0.01976402877697847,-0.021264028776978472,eod,24.0,-0.02457553956834535
regime,2024-06-29,KRW-BTC,bull_quiet,0.007139753631527634,0.005639753631527635,eod,24.0,-0.0006458658712730214
regime,2024-06-30,KRW-BTC,bull_quiet,0.025126799976680436,0.023626799976680435,eod,20.0,-0.004605608348393853
regime,2024-07-01,KRW-BTC,bull_quiet,0.0037875341219291148,0.0022875341219291147,eod,24.0,-0.0035373066424021493
regime,2024-07-02,KRW-BTC,bull_quiet,-0.011454922444170013,-0.012954922444170012,eod,24.0,-0.014412127941626385
regime,2024-07-03,KRW-BTC,bull_quiet,-0.02221840265841646,-0.02371840265841646,eod,24.0,-0.03164890569496959
regime,2024-07-04,KRW-BTC,bull_quiet,-0.04,-0.0415,sl,8.75,-0.04082924142457023
regime,2024-07-05,KRW-BTC,bear_quiet,0.0035137120470127847,0.0020137120470127847,timestop,2.0,-0.0045176297747306915
regime,2024-07-06,KRW-BTC,bear_quiet,-0.013129021918686368,-0.014629021918686367,timestop,2.0,-0.013153677358909266
regime,2024-07-07,KRW-BTC,bull_quiet,-0.04,-0.0415,sl,24.0,-0.04308992154496072
regime,2024-07-08,KRW-BTC,bear_quiet,-0.006549365845057165,-0.008049365845057164,timestop,2.0,-0.019106515359522347
regime,2024-07-09,KRW-BTC,bear_quiet,0.001242251456539778,-0.00025774854346022206,timestop,2.0,-0.006198834768133765
regime,2024-07-10,KRW-BTC,bear_quiet,-0.0023768024084931394,-0.0038768024084931394,timestop,2.0,-0.008434601367575567
regime,2024-07-11,KRW-BTC,bear_quiet,0.00600541952493705,0.0045054195249370505,timestop,2.0,-0.007177208700534621
regime,2024-07-12,KRW-BTC,bear_quiet,-0.004526952016775665,-0.0060269520167756645,timestop,2.0,-0.012149993832490491
regime,2024-07-13,KRW-BTC,bear_quiet,0.000833864717712185,-0.0006661352822878151,timestop,2.0,-0.0018639328984156878
regime,2024-07-14,KRW-BTC,bear_quiet,0.010024004535530429,0.008524004535530429,timestop,2.0,-0.0004945658074088088
regime,2024-07-15,KRW-BTC,bull_quiet,0.06709586796207412,0.06559586796207412,eod,24.0,-0.0018845838698349215
regime,2024-07-16,KRW-BTC,bull_volatile,-0.04,-0.0415,sl,8.75,-0.04236414295430113
regime,2024-07-17,KRW-BTC,bull_volatile,-0.014951830443159952,-0.016451830443159954,eod,24.0,-0.01590971648775119
regime,2024-07-18,KRW-BTC,bull_volatile,0.0043145846373959795,0.0028145846373959795,eod,24.0,-0.0046387373692211575
regime,2024-07-19,KRW-BTC,bull_volatile,0.035102949360044544,0.03360294936004454,eod,24.0,-0.013077351140790228
regime,2024-07-20,KRW-BTC,bull_volatile,0.011408111479076277,0.009908111479076278,eod,24.0,-0.0028815964904734814
regime,2024-07-21,KRW-BTC,bull_volatile,0.009854049514738561,0.008354049514738561,eod,24.0,-0.01764587075994173
regime,2024-07-22,KRW-BTC,bull_volatile,-0.006768421052631535,-0.008268421052631534,eod,24.0,-0.020526315789473726
regime,2024-07-23,KRW-BTC,bull_volatile,-0.021785244580204477,-0.02328524458020448,eod,24.0,-0.02422468287302193
regime,2024-07-24,KRW-BTC,bull_volatile,-0.007839607911172775,-0.009339607911172774,eod,24.0,-0.012719031922276192
regime,2024-07-25,KRW-BTC,bull_quiet,0.010535403984655911,0.009035403984655912,eod,24.0,-0.02512540846548128
regime,2024-07-26,KRW-BTC,bull_quiet,0.024352527710191918,0.022852527710191917,eod,24.0,-0.0020437956204379937
regime,2024-07-27,KRW-BTC,bull_quiet,-0.0036665645241390488,-0.005166564524139048,eod,24.0,-0.015733471401853327
regime,2024-07-28,KRW-BTC,bull_quiet,0.010833041837589263,0.009333041837589264,eod,24.0,-0.007854485324514271
regime,2024-07-29,KRW-BTC,bull_quiet,-0.01829850151526269,-0.01979850151526269,eod,24.0,-0.02265029413923636
regime,2024-07-30,KRW-BTC,bull_quiet,-0.008728166230436374,-0.010228166230436373,eod,24.0,-0.01901607820095086
regime,2024-07-31,KRW-BTC,bull_quiet,-0.02634982217911408,-0.02784982217911408,eod,24.0,-0.02634982217911408
regime,2024-08-01,KRW-BTC,bull_volatile,0.015971930135257884,0.014471930135257884,eod,24.0,-0.02595577003962546
regime,2024-08-02,KRW-BTC,bull_volatile,-0.04,-0.0415,sl,20.5,-0.04127945614398243
regime,2024-08-03,KRW-BTC,bull_volatile,-0.008466853537276053,-0.009966853537276053,eod,24.0,-0.019506061759582916
regime,2024-08-04,KRW-BTC,bear_volatile,-0.0010121692998580345,-0.0025121692998580345,timestop,1.0,-0.0035367754845615496
regime,2024-08-05,KRW-BTC,bear_volatile,-0.02,-0.021500000000000002,sl,0.75,-0.022633166811202976
regime,2024-08-06,KRW-BTC,bear_volatile,0.05,0.0485,tp,0.5,-5.14231352685135e-05
regime,2024-08-07,KRW-BTC,bear_volatile,0.003168425517052098,0.001668425517052098,timestop,1.0,-0.008469924905820436
regime,2024-08-13,KRW-BTC,bear_volatile,0.007619551239679279,0.006119551239679279,timestop,1.0,-0.0012378766209574232
regime,2024-08-14,KRW-BTC,bear_volatile,0.003475711397732617,0.001975711397732617,timestop,1.0,-0.0030146476408904332
regime,2024-08-15,KRW-BTC,bear_volatile,0.004124211547792411,0.0026242115477924112,timestop,1.0,-0.00047307132459972756
regime,2024-08-16,KRW-BTC,bear_volatile,-0.002319727555401996,-0.003819727555401996,timestop,1.0,-0.0031711169241399606
regime,2024-08-17,KRW-BTC,bear_volatile,0.006059499908742438,0.004559499908742439,timestop,1.0,-0.0017399768814260197
regime,2024-08-18,KRW-BTC,bear_volatile,0.0021854360609023793,0.0006854360609023793,timestop,1.0,-0.0012919428647323317
regime,2024-08-19,KRW-BTC,bear_volatile,-0.00127607361963189,-0.00277607361963189,timestop,1.0,-0.0030674846625766694
regime,2024-08-20,KRW-BTC,bear_volatile,0.01287984524596597,0.011379845245965971,timestop,1.0,-0.0029873405323342928
regime,2024-08-21,KRW-BTC,bear_volatile,-0.0001238374756968863,-0.0016238374756968863,timestop,1.0,-0.00034674493195130385
regime,2024-08-22,KRW-BTC,bear_volatile,-0.005259348612786541,-0.00675934861278654,timestop,1.0,-0.005355850422195441
regime,2024-08-23,KRW-BTC,bear_volatile,0.0035848412427450516,0.0020848412427450515,timestop,1.0,-0.00012193337560362227
regime,2024-08-24,KRW-BTC,bear_volatile,0.0022897196261681962,0.0007897196261681962,timestop,1.0,-0.0005841121495326895
regime,2024-08-25,KRW-BTC,bear_volatile,-0.000885708625170456,-0.002385708625170456,timestop,1.0,-0.0012236763900380643
regime,2024-08-26,KRW-BTC,bear_volatile,-0.004638218923933235,-0.006138218923933235,timestop,1.0,-0.007954545454545436
regime,2024-08-27,KRW-BTC,bear_volatile,-0.0033527627713012542,-0.004852762771301254,timestop,1.0,-0.003471234954032787
regime,2024-08-28,KRW-BTC,bear_volatile,-0.0031625631586099656,-0.004662563158609965,timestop,1.0,-0.005522131765229088
regime,2024-08-29,KRW-BTC,bear_volatile,0.0002356793768141241,-0.001264320623185876,timestop,1.0,-0.003076236076310468
regime,2024-08-30,KRW-BTC,bear_volatile,-0.0024150102173509103,-0.00391501021735091,timestop,1.0,-0.003814477676636341
regime,2024-08-31,KRW-BTC,bear_volatile,0.0015664043560958962,6.64043560958962e-05,timestop,1.0,-0.00039781697932594895
regime,2024-09-01,KRW-BTC,bear_volatile,-0.0004981320049812776,-0.0019981320049812777,timestop,1.0,-0.0010211706102116747
regime,2024-09-02,KRW-BTC,bear_volatile,0.004303794235214431,0.002803794235214431,timestop,1.0,-0.0008684213887080183
regime,2024-09-03,KRW-BTC,bear_volatile,0.0020312285817538633,0.0005312285817538633,timestop,1.0,-0.0022555360324996165
regime,2024-09-04,KRW-BTC,bear_volatile,-0.003449597546952843,-0.004949597546952842,timestop,1.0,-0.003449597546952843
regime,2024-09-05,KRW-BTC,bear_volatile,0.00015240224031298766,-0.0013475977596870124,timestop,1.0,-0.000444506534246103
regime,2024-09-06,KRW-BTC,bear_volatile,-0.0035372723699724773,-0.005037272369972477,timestop,1.0,-0.007284160880387747
regime,2024-09-07,KRW-BTC,bear_volatile,-0.001656618326000725,-0.003156618326000725,timestop,1.0,-0.0024306121340502695
regime,2024-09-08,KRW-BTC,bear_quiet,0.0012085822922325296,-0.0002914177077674705,timestop,2.0,-0.0026344378055405127
regime,2024-09-09,KRW-BTC,bear_quiet,0.0050376818603150575,0.0035376818603150575,timestop,2.0,-0.002015072744126045
regime,2024-09-10,KRW-BTC,bear_quiet,-0.0016952442575218774,-0.0031952442575218774,timestop,2.0,-0.006793917825946294
regime,2024-09-11,KRW-BTC,bear_quiet,-0.016467966859177063,-0.017967966859177065,timestop,2.0,-0.016519189151118607
regime,2024-09-12,KRW-BTC,bear_quiet,0.012137898941326997,0.010637898941326997,timestop,2.0,-0.0007885110068380774
regime,2024-09-13,KRW-BTC,bear_quiet,-0.0020314556209993784,-0.0035314556209993784,timestop,2.0,-0.005378885637992048
regime,2024-09-14,KRW-BTC,bear_quiet,0.0011367848758185861,-0.0003632151241814139,timestop,2.0,-0.0015321883108859735
regime,2024-09-15,KRW-BTC,bear_quiet,0.004656996671799751,0.0031569966717997513,timestop,2.0,-0.0012915404103124306
regime,2024-09-16,KRW-BTC,bear_quiet,-0.008721185579300017,-0.010221185579300017,timestop,2.0,-0.016200072781117014
regime,2024-09-17,KRW-BTC,bear_quiet,-0.005951470663200231,-0.007451470663200231,timestop,2.0,-0.008844369679359754
regime,2024-09-18,KRW-BTC,bear_quiet,-0.004573696927856363,-0.006073696927856363,timestop,2.0,-0.007076285812909866
regime,2024-09-19,KRW-BTC,bear_quiet,0.0056898659854969225,0.004189865985496923,timestop,2.0,-0.0038376330157500194
regime,2024-09-20,KRW-BTC,bear_quiet,0.002956216995863681,0.0014562169958636808,timestop,2.0,-0.006126998128523908
regime,2024-09-21,KRW-BTC,bear_quiet,-0.003792188092529347,-0.005292188092529347,timestop,2.0,-0.003792188092529347
regime,2024-09-22,KRW-BTC,bear_quiet,-0.0021319688732543973,-0.0036319688732543974,timestop,2.0,-0.0023570100320979837
regime,2024-09-23,KRW-BTC,bear_quiet,0.0038897663782739844,0.0023897663782739844,timestop,2.0,-0.011857893868313707
regime,2024-09-24,KRW-BTC,bear_quiet,-0.004348339832210835,-0.005848339832210834,timestop,2.0,-0.0052345503958407535
regime,2024-09-25,KRW-BTC,bear_quiet,0.004434121621621712,0.0029341216216217116,timestop,2.0,-0.002909159159159125
regime,2024-09-26,KRW-BTC,bear_quiet,-0.0002252198857305432,-0.0017252198857305432,timestop,2.0,-0.006661767146345476
regime,2024-09-27,KRW-BTC,bear_quiet,0.0023851631218876346,0.0008851631218876345,timestop,2.0,-0.000826080886117242
regime,2024-09-28,KRW-BTC,bear_quiet,9.199843602658575e-05,-0.0014080015639734143,timestop,2.0,-0.002253961682651351
regime,2024-09-29,KRW-BTC,bear_quiet,0.0007955632934013579,-0.0007044367065986421,timestop,2.0,-0.0023866898802042957
regime,2024-09-30,KRW-BTC,bear_quiet,-0.0152167337536937,-0.016716733753693702,timestop,2.0,-0.0152167337536937
regime,2024-10-01,KRW-BTC,bear_quiet,0.0032007643616385195,0.0017007643616385195,timestop,2.0,-0.005171384211154928
regime,2024-10-02,KRW-BTC,bear_quiet,0.011337423312883343,0.009837423312883344,timestop,2.0,-0.0029079754601226693
regime,2024-10-03,KRW-BTC,bear_quiet,0.006045993611318412,0.0045459936113184125,timestop,2.0,-0.0021907547700931174
regime,2024-10-04,KRW-BTC,bear_quiet,0.004963531995970882,0.0034635319959708823,timestop,2.0,-0.004405286343612369
regime,2024-10-05,KRW-BTC,bear_quiet,0.0016705646508519134,0.00017056465085191338,timestop,2.0,0.0
regime,2024-10-06,KRW-BTC,bear_quiet,-0.0010952772122814203,-0.0025952772122814203,timestop,2.0,-0.0034286938819243495
regime,2024-10-07,KRW-BTC,bear_quiet,0.013607939741342445,0.012107939741342446,timestop,2.0,-0.0010777393528826895
regime,2024-10-08,KRW-BTC,bear_quiet,0.0072192704486431225,0.005719270448643123,timestop,2.0,-0.0011198208286674616
regime,2024-10-09,KRW-BTC,bear_quiet,0.002531525214228836,0.0010315252142288358,timestop,2.0,-0.001652028191445054
regime,2024-10-10,KRW-BTC,bear_quiet,0.0029132223881140895,0.0014132223881140895,timestop,2.0,-0.00585072162946243
regime,2024-10-11,KRW-BTC,bear_quiet,0.002337728750410939,0.0008377287504109389,timestop,2.0,-0.004651106159671792
regime,2024-10-12,KRW-BTC,bear_quiet,0.0033629366489047463,0.0018629366489047463,timestop,2.0,-0.0002013025458851292
regime,2024-10-13,KRW-BTC,bear_quiet,-0.0025530312834570745,-0.004053031283457074,timestop,2.0,-0.003494240973210827
regime,2024-10-14,KRW-BTC,bear_quiet,-0.001592319124342434,-0.003092319124342434,timestop,2.0,-0.005685169021726333
regime,2024-10-15,KRW-BTC,bull_quiet,0.022111913357400814,0.020611913357400813,eod,24.0,-0.012748194945848335
regime,2024-10-16,KRW-BTC,bull_quiet,0.012063898893037939,0.010563898893037939,eod,24.0,-0.0035793985726595423
regime,2024-10-17,KRW-BTC,bull_quiet,0.0012553214714550176,-0.00024467852854498243,eod,24.0,-0.0050212858858202924
regime,2024-10-18,KRW-BTC,bull_quiet,0.017132021186163637,0.015632021186163636,eod,24.0,-0.0027027616120665066
regime,2024-10-19,KRW-BTC,bull_quiet,-0.0003856123738725792,-0.0018856123738725792,eod,24.0,-0.006309046894749204
regime,2024-10-20,KRW-BTC,bull_quiet,0.0062043248108698545,0.004704324810869855,eod,24.0,-0.003921904802726028
regime,2024-10-21,KRW-BTC,bull_quiet,-0.018530154098465368,-0.02003015409846537,eod,24.0,-0.02600611282094978
regime,2024-10-22,KRW-BTC,bull_quiet,0.007769012923036778,0.006269012923036778,eod,24.0,-0.01162096765443088
regime,2024-10-23,KRW-BTC,bull_quiet,-0.0054049980081182225,-0.006904998008118222,eod,24.0,-0.02171689438720026
regime,2024-10-24,KRW-BTC,bull_quiet,0.018424898511502086,0.016924898511502084,eod,24.0,-0.003193504736129893
regime,2024-10-25,KRW-BTC,bull_quiet,-0.0033483210561561227,-0.004848321056156122,eod,24.0,-0.01748567662659306
regime,2024-10-26,KRW-BTC,bull_quiet,0.0024636846483649943,0.0009636846483649943,eod,24.0,-0.004959365201254284
regime,2024-10-27,KRW-BTC,bull_quiet,0.008787888459778959,0.007287888459778959,eod,24.0,-0.0009894353834860592
regime,2024-10-28,KRW-BTC,bull_quiet,0.027176664135661888,0.025676664135661886,eod,24.0,-0.0032059394246182205
regime,2024-10-29,KRW-BTC,bull_quiet,0.04008172400694043,0.03858172400694043,eod,24.0,-0.002063633843594981
regime,2024-10-30,KRW-BTC,bull_quiet,-0.0071964461994077356,-0.008696446199407735,eod,24.0,-0.021372161895360287
regime,2024-10-31,KRW-BTC,bull_quiet,-0.024450388282904578,-0.02595038828290458,eod,24.0,-0.03252428632508375
regime,2024-11-01,KRW-BTC,bull_quiet,-0.008429142204827156,-0.009929142204827155,eod,24.0,-0.026418786692759322
regime,2024-11-02,KRW-BTC,bull_quiet,-0.0012945515817159858,-0.002794551581715986,eod,24.0,-0.005198754764669022
regime,2024-11-03,KRW-BTC,bull_quiet,-0.013600123450439816,-0.015100123450439816,eod,24.0,-0.033948870942852705
regime,2024-11-04,KRW-BTC,bull_quiet,-0.017689895506683206,-0.019189895506683208,eod,24.0,-0.030254096908956418
regime,2024-11-05,KRW-BTC,bull_quiet,0.019949304796954115,0.018449304796954114,eod,24.0,-0.0035104837255671706
regime,2024-11-06,KRW-BTC,bull_quiet,0.08,0.0785,tp,20.25,-0.0009563807226912191
regime,2024-11-07,KRW-BTC,bull_quiet,0.0002882259691598943,-0.0012117740308401057,eod,24.0,-0.017245520488062605
regime,2024-11-08,KRW-BTC,bull_quiet,0.02559106136671252,0.02409106136671252,eod,24.0,-0.0006527352486633831
regime,2024-11-09,KRW-BTC,bull_quiet,-0.0051570031353830315,-0.006657003135383031,eod,24.0,-0.00909729046749963
regime,2024-11-10,KRW-BTC,bull_quiet,0.04841289254332315,0.04691289254332315,eod,24.0,-0.0022955199729053355
regime,2024-11-11,KRW-BTC,bull_quiet,0.08,0.0785,tp,20.25,-0.0014985642498205332
regime,2024-11-12,KRW-BTC,bull_volatile,-0.04,-0.0415,sl,11.0,-0.04508499630450846
regime,2024-11-13,KRW-BTC,bull_volatile,0.025289913646149298,0.023789913646149297,eod,24.0,-0.017446839160951133
regime,2024-11-14,KRW-BTC,bull_volatile,-0.04,-0.0415,sl,23.25,-0.043618424647376086
regime,2024-11-15,KRW-BTC,bull_volatile,0.03798677383583038,0.03648677383583038,eod,24.0,-0.0014003221550391576
regime,2024-11-16,KRW-BTC,bull_volatile,-0.008249562937062915,-0.009749562937062915,eod,24.0,-0.01590596903096908
regime,2024-11-17,KRW-BTC,bull_volatile,-0.005175804294816344,-0.006675804294816344,eod,24.0,-0.014772280342956079
regime,2024-11-18,KRW-BTC,bull_volatile,0.005321462176501646,0.0038214621765016456,eod,24.0,-0.0026567775502297497
regime,2024-11-19,KRW-BTC,bull_volatile,0.02027654119016531,0.018776541190165308,eod,24.0,-0.0007236003838227978
regime,2024-11-20,KRW-BTC,bull_volatile,0.026744069508368495,0.025244069508368494,eod,24.0,-0.009737030783819378
regime,2024-11-21,KRW-BTC,bull_volatile,0.029058417179756768,0.027558417179756767,eod,24.0,-0.0013440456525003475
regime,2024-11-22,KRW-BTC,bull_volatile,-0.04,-0.0415,sl,13.5,-0.048325428675665805
regime,2024-11-23,KRW-BTC,bull_volatile,-0.006421730141219606,-0.007921730141219606,eod,24.0,-0.01960855938456596
regime,2024-11-24,KRW-BTC,bull_volatile,0.0007058823529411118,-0.0007941176470588882,eod,24.0,-0.033080882352941154
regime,2024-11-25,KRW-BTC,bull_volatile,-0.04,-0.0415,sl,22.5,-0.04177503489824408
regime,2024-11-26,KRW-BTC,bull_volatile,-0.007766332026103551,-0.00926633202610355,eod,24.0,-0.018298649367059383
regime,2024-11-27,KRW-BTC,bull_volatile,0.03260093167701861,0.031100931677018606,eod,24.0,-0.006987577639751552
regime,2024-11-28,KRW-BTC,bull_volatile,0.0010451206400048374,-0.00045487935999516263,eod,24.0,-0.011736930352859831
regime,2024-11-29,KRW-BTC,bull_volatile,0.01049990987201821,0.00899990987201821,eod,24.0,-0.002208135552484558
regime,2024-11-30,KRW-BTC,bull_volatile,-0.006250836170117902,-0.007750836170117901,eod,24.0,-0.007001531120393589
regime,2024-12-01,KRW-BTC,bull_volatile,0.0005982560835164907,-0.0009017439164835093,eod,24.0,-0.003178235443681676
regime,2024-12-02,KRW-BTC,bull_volatile,-0.001995485867176905,-0.003495485867176905,eod,24.0,-0.011524491412684412
regime,2024-12-03,KRW-BTC,bull_volatile,-0.04,-0.0415,sl,13.75,-0.04401488882065263
regime,2024-12-04,KRW-BTC,bull_volatile,0.037690696978761595,0.036190696978761594,eod,24.0,-0.0016527071492671297
regime,2024-12-05,KRW-BTC,bull_volatile,-0.009108925161243842,-0.010608925161243841,eod,24.0,-0.03433863005801174
regime,2024-12-06,KRW-BTC,bull_volatile,0.013374448185831334,0.011874448185831334,eod,24.0,-0.010916284245205521
regime,2024-12-07,KRW-BTC,bull_volatile,-0.003170686216840468,-0.004670686216840468,eod,24.0,-0.012223640980760675
regime,2024-12-08,KRW-BTC,bull_volatile,0.014643448226235867,0.013143448226235867,eod,24.0,-0.00251852917895945
regime,2024-12-09,KRW-BTC,bull_volatile,-0.015539927404718656,-0.017039927404718658,eod,24.0,-0.03655285843920142
regime,2024-12-10,KRW-BTC,bull_volatile,-0.005247095743302621,-0.006747095743302621,eod,24.0,-0.024788748614450018
regime,2024-12-11,KRW-BTC,bull_volatile,0.03549799211316529,0.03399799211316529,eod,24.0,-0.012336746137983412
regime,2024-12-12,KRW-BTC,bull_quiet,-0.0024736044049723516,-0.003973604404972351,eod,24.0,-0.007763204785096844
regime,2024-12-13,KRW-BTC,bull_quiet,0.011360134472615302,0.009860134472615302,eod,24.0,-0.00545594621095391
regime,2024-12-14,KRW-BTC,bull_quiet,0.01035089176913706,0.008850891769137061,eod,24.0,-0.0031779661016949623
regime,2024-12-15,KRW-BTC,bull_quiet,0.022723690612429515,0.021223690612429513,eod,24.0,-0.0016652161697287005
regime,2024-12-16,KRW-BTC,bull_quiet,0.0278740041408978,0.0263740041408978,eod,24.0,-0.001521009360572978
regime,2024-12-17,KRW-BTC,bull_quiet,0.011864174755382928,0.010364174755382928,eod,24.0,-0.003376726661147411
regime,2024-12-18,KRW-BTC,bull_quiet,-0.04,-0.0415,sl,22.5,-0.04008452410096508
regime,2024-12-24,KRW-BTC,bull_quiet,0.027501557021994305,0.026001557021994304,eod,24.0,-0.013302916004786502
regime,2024-12-25,KRW-BTC,bull_quiet,0.008506320148196522,0.007006320148196523,eod,24.0,-0.009786694998365486
regime,2024-12-26,KRW-BTC,bull_quiet,-0.02793220704917143,-0.029432207049171433,eod,24.0,-0.03401117288281963
regime,2024-12-27,KRW-BTC,bull_quiet,-0.013227696922564203,-0.014727696922564202,eod,24.0,-0.017706365959337833
regime,2024-12-28,KRW-BTC,bull_quiet,0.0013722054508222836,-0.0001277945491777164,eod,24.0,-0.004362909638511825
regime,2024-12-29,KRW-BTC,bull_quiet,-0.01806670133374555,-0.01956670133374555,eod,24.0,-0.026042471856422056
regime,2024-12-30,KRW-BTC,bull_quiet,-0.013866739135098838,-0.015366739135098837,eod,24.0,-0.02760475144996455
regime,2024-12-31,KRW-BTC,bull_quiet,0.010096833859210008,0.008596833859210009,eod,20.0,-0.013295615275813244
regime,2025-01-01,KRW-BTC,bull_quiet,0.013816950514369264,0.012316950514369264,eod,24.0,-0.0028265205102084856
regime,2025-01-02,KRW-BTC,bull_quiet,0.01787407480788561,0.016374074807885608,eod,22.0,-0.002844567724770375
regime,2025-01-03,KRW-BTC,bull_quiet,0.005610088426672544,0.004110088426672544,eod,24.0,-0.008543740615093665
regime,2025-01-04,KRW-BTC,bull_quiet,0.0006360047838620542,-0.0008639952161379459,eod,24.0,-0.004009595376521791
regime,2025-01-05,KRW-BTC,bull_quiet,-0.00046281265758074674,-0.0019628126575807468,eod,24.0,-0.008662195113527282
regime,2025-01-06,KRW-BTC,bull_quiet,0.03822954308337545,0.03672954308337545,eod,24.0,-0.001727342449095226
regime,2025-01-07,KRW-BTC,bull_quiet,-0.04,-0.0415,sl,17.75,-0.04162923030847554
regime,2025-01-08,KRW-BTC,bull_quiet,-0.016720883492530536,-0.018220883492530537,eod,24.0,-0.02672854982077366
regime,2025-01-09,KRW-BTC,bull_quiet,-0.01850746268656711,-0.020007462686567112,eod,24.0,-0.02503950834064972
regime,2025-01-10,KRW-BTC,bull_quiet,0.0193848928070528,0.0178848928070528,eod,24.0,-0.0004364999856885099
regime,2025-01-11,KRW-BTC,bull_quiet,-0.005911060625184095,-0.007411060625184094,eod,24.0,-0.010090173475254871
regime,2025-01-12,KRW-BTC,bull_quiet,0.002243101405112524,0.0007431014051125242,eod,24.0,-0.0054031939506800075
regime,2025-01-13,KRW-BTC,bull_quiet,0.0002393119078789585,-0.0012606880921210415,eod,24.0,-0.032194490195250336
regime,2025-01-14,KRW-BTC,bull_quiet,0.009802403805556414,0.008302403805556415,eod,24.0,-0.0029836462408872055
regime,2025-01-15,KRW-BTC,bull_quiet,0.026214593231437933,0.02471459323143793,eod,24.0,-0.0038245579814136788
regime,2025-01-16,KRW-BTC,bull_quiet,-0.004337820499765832,-0.005837820499765832,eod,24.0,-0.021770563916664987
regime,2025-01-17,KRW-BTC,bull_quiet,0.038126064735945375,0.036626064735945374,eod,24.0,-0.0006064735945485733
regime,2025-01-18,KRW-BTC,bull_quiet,0.022088248028655055,0.020588248028655054,eod,24.0,-0.005910754818478803
regime,2025-01-19,KRW-BTC,bull_quiet,-0.011045466221423106,-0.012545466221423105,eod,24.0,-0.030933727202671513
regime,2025-01-20,KRW-BTC,bull_quiet,-0.005032467532467555,-0.0065324675324675546,eod,24.0,-0.016116883116883085
regime,2025-01-21,KRW-BTC,bull_quiet,0.028363517702724828,0.026863517702724826,eod,24.0,-0.014273127753303916
regime,2025-01-22,KRW-BTC,bull_quiet,-0.0163228005153232,-0.0178228005153232,eod,24.0,-0.019578475734748135
regime,2025-01-23,KRW-BTC,bull_quiet,0.0007290369615287062,-0.0007709630384712938,eod,24.0,-0.019348511925883383
regime,2025-01-24,KRW-BTC,bull_quiet,0.013113105369023659,0.01161310536902366,eod,24.0,-0.007169013358089615
regime,2025-01-25,KRW-BTC,bull_quiet,0.00019087612139712107,-0.001309123878602879,eod,24.0,-0.001787873003753937
regime,2025-01-26,KRW-BTC,bull_quiet,-0.006997455470737934,-0.008497455470737934,eod,24.0,-0.007633587786259555
regime,2025-01-27,KRW-BTC,bull_quiet,-0.007565663036515069,-0.009065663036515069,eod,24.0,-0.03100576553491352
regime,2025-01-28,KRW-BTC,bull_quiet,0.006454986154054598,0.004954986154054599,eod,24.0,-0.007339319257160248
regime,2025-01-29,KRW-BTC,bull_quiet,0.018855944432686123,0.01735594443268612,eod,24.0,-0.0009876923274264593
regime,2025-01-30,KRW-BTC,bull_quiet,-0.0045323211149509435,-0.006032321114950943,eod,24.0,-0.006288595546994458
regime,2025-01-31,KRW-BTC,bull_quiet,-0.010127574566006214,-0.011627574566006214,eod,24.0,-0.016322969743712945
regime,2025-02-01,KRW-BTC,bull_quiet,0.0047898837654873905,0.0032898837654873904,eod,24.0,-0.004419466087622892
regime,2025-02-02,KRW-BTC,bull_quiet,-0.02159480047522533,-0.02309480047522533,eod,24.0,-0.031270846701694444
regime,2025-02-03,KRW-BTC,bull_quiet,-0.04,-0.0415,sl,1.75,-0.04445454545454541
regime,2025-02-04,KRW-BTC,bull_quiet,-0.02588217448188246,-0.02738217448188246,eod,24.0,-0.032973700676918405
regime,2025-02-05,KRW-BTC,bull_quiet,-0.017451667315427577,-0.01895166731542758,eod,24.0,-0.020371091215777848
regime,2025-02-06,KRW-BTC,bull_quiet,-0.000620666886761323,-0.002120666886761323,eod,24.0,-0.009501485638824692
regime,2025-02-07,KRW-BTC,bull_quiet,-0.011614770182149736,-0.013114770182149736,eod,24.0,-0.017369300801405974
regime,2025-02-08,KRW-BTC,bull_quiet,-0.005340837689335687,-0.006840837689335686,eod,24.0,-0.0107485194048208
regime,2025-02-09,KRW-BTC,bull_quiet,-0.00869197235227337,-0.010191972352273369,eod,24.0,-0.017975052561579385
regime,2025-02-10,KRW-BTC,bull_quiet,0.000826547065758021,-0.0006734529342419791,eod,24.0,-0.010853511470034327
regime,2025-02-11,KRW-BTC,bull_quiet,-0.012123508240197034,-0.013623508240197034,eod,24.0,-0.018266446567261063
regime,2025-02-12,KRW-BTC,bull_quiet,0.012408069353712081,0.010908069353712082,eod,24.0,-0.017838311626059644
regime,2025-02-13,KRW-BTC,bull_quiet,-0.013317911881281841,-0.01481791188128184,eod,24.0,-0.022090553684238956
regime,2025-02-14,KRW-BTC,bull_quiet,0.0051371037434329025,0.0036371037434329025,eod,24.0,-0.0036487839672980638
regime,2025-02-15,KRW-BTC,bull_quiet,0.006482384971784549,0.00498238497178455,eod,24.0,-0.0023950706579961567
regime,2025-02-16,KRW-BTC,bull_quiet,-0.012731944435028453,-0.014231944435028452,eod,24.0,-0.013687857196124864
regime,2025-02-17,KRW-BTC,bull_quiet,-0.008480686695279016,-0.009980686695279016,eod,24.0,-0.01020429184549354
regime,2025-02-18,KRW-BTC,bull_quiet,-0.004584805041900397,-0.006084805041900397,eod,24.0,-0.02275780871251476
regime,2025-02-19,KRW-BTC,bull_quiet,0.003839732888146985,0.002339732888146985,eod,24.0,-0.01050361713967729
regime,2025-02-20,KRW-BTC,bull_quiet,0.009735715176628634,0.008235715176628635,eod,24.0,-0.004330834153304597
regime,2025-02-21,KRW-BTC,bull_quiet,-0.0196268159951688,-0.0211268159951688,eod,24.0,-0.03009216368490042
regime,2025-02-22,KRW-BTC,bull_quiet,-0.004136019763316123,-0.005636019763316123,eod,24.0,-0.006319502277960076
regime,2025-02-23,KRW-BTC,bull_quiet,-0.007024247703070974,-0.008524247703070973,eod,24.0,-0.01647186086370145
regime,2025-02-24,KRW-BTC,bull_quiet,-0.04,-0.0415,sl,22.25,-0.04506581972257395
regime,2025-02-25,KRW-BTC,bull_quiet,-0.04,-0.0415,sl,10.25,-0.0420176334809097
regime,2025-02-26,KRW-BTC,bull_quiet,-0.04,-0.0415,sl,14.5,-0.04015726785645457
regime,2025-02-27,KRW-BTC,bull_quiet,0.012673589900223936,0.011173589900223936,eod,24.0,-0.010384850335980467
regime,2025-02-28,KRW-BTC,bull_quiet,-0.04,-0.0415,sl,2.75,-0.04990193241374874
regime,2025-03-01,KRW-BTC,bull_quiet,0.030691009566341965,0.029191009566341963,eod,24.0,-0.009293247335319998
regime,2025-03-02,KRW-BTC,bull_volatile,0.08,0.0785,tp,17.75,-0.014463840399002503
regime,2025-03-03,KRW-BTC,bull_volatile,-0.04,-0.0415,sl,7.0,-0.04421052631578948
regime,2025-03-04,KRW-BTC,bull_volatile,-0.04,-0.0415,sl,2.0,-0.04634540004611487
regime,2025-03-05,KRW-BTC,bull_volatile,0.03545348551791849,0.03395348551791849,eod,24.0,-0.010646784486990635
regime,2025-03-06,KRW-BTC,bull_volatile,-0.008296910882287567,-0.009796910882287567,eod,24.0,-0.027927994666271605
regime,2025-03-07,KRW-BTC,bull_volatile,-0.04,-0.0415,sl,1.0,-0.047722213091485055
regime,2025-03-08,KRW-BTC,bull_volatile,-0.007651209833078543,-0.009151209833078542,eod,24.0,-0.01646052408085108
regime,2025-03-09,KRW-BTC,bull_volatile,-0.04,-0.0415,sl,17.0,-0.041733097939787966
regime,2025-03-10,KRW-BTC,bull_volatile,-0.02942853129982903,-0.030928531299829032,eod,24.0,-0.03869827080527766
regime,2025-03-11,KRW-BTC,bear_volatile,-0.02,-0.021500000000000002,sl,0.75,-0.02251159623813781
regime,2025-03-12,KRW-BTC,bull_volatile,0.005185341469748028,0.003685341469748028,eod,24.0,-0.024985393404310607
regime,2025-03-13,KRW-BTC,bull_volatile,-0.029506502732681628,-0.03100650273268163,eod,24.0,-0.03932316684292525
regime,2025-03-14,KRW-BTC,bear_volatile,0.0031193851068076484,0.0016193851068076483,timestop,1.0,-0.003984494576429132
regime,2025-03-15,KRW-BTC,bull_volatile,0.0011707238302853806,-0.0003292761697146194,eod,24.0,-0.005288442129909976
regime,2025-03-16,KRW-BTC,bull_volatile,-0.018256150564860185,-0.019756150564860187,eod,24.0,-0.02413456653737911
regime,2025-03-17,KRW-BTC,bull_volatile,0.008881038448899092,0.007381038448899093,eod,24.0,-0.0037791652974038525
regime,2025-03-18,KRW-BTC,bull_volatile,-0.012451038672323556,-0.013951038672323555,eod,24.0,-0.026473725783991986
regime,2025-03-19,KRW-BTC,bear_volatile,0.0025892209248630227,0.0010892209248630227,timestop,1.0,-0.0019213008773665274
regime,2025-03-20,KRW-BTC,bull_volatile,-0.022776231583250817,-0.024276231583250818,eod,24.0,-0.02581882793213519
regime,2025-03-21,KRW-BTC,bull_volatile,0.0013753830562459601,-0.0001246169437540399,eod,24.0,-0.008855536520039564
regime,2025-03-22,KRW-BTC,bull_volatile,-0.0028112449799196915,-0.004311244979919691,eod,24.0,-0.004016064257028162
regime,2025-03-23,KRW-BTC,bull_volatile,0.02244865082561409,0.02094865082561409,eod,24.0,-0.0009987917841320915
regime,2025-03-24,KRW-BTC,bull_volatile,0.015585602622289363,0.014085602622289363,eod,24.0,-0.005641704488149268
regime,2025-03-25,KRW-BTC,bull_volatile,-0.0005198231049732271,-0.002019823104973227,eod,24.0,-0.010768872682132002
regime,2025-03-26,KRW-BTC,bull_volatile,-0.002064864697023827,-0.003564864697023827,eod,24.0,-0.012591017062303034
regime,2025-03-27,KRW-BTC,bull_volatile,0.001127913127353164,-0.0003720868726468361,eod,24.0,-0.012103674663181851
regime,2025-03-28,KRW-BTC,bull_volatile,-0.022540617400020224,-0.024040617400020226,eod,24.0,-0.031786854802993036
regime,2025-03-29,KRW-BTC,bull_volatile,-0.01925278219395865,-0.020752782193958652,eod,24.0,-0.03015103338632752
regime,2025-03-30,KRW-BTC,bear_volatile,0.0037964209809042693,0.0022964209809042692,timestop,1.0,-0.000713856936580326
regime,2025-03-31,KRW-BTC,bear_volatile,-0.009849974806170003,-0.011349974806170003,timestop,1.0,-0.01337711099913852
regime,2025-04-01,KRW-BTC,bear_volatile,-0.0013878856252383942,-0.0028878856252383942,timestop,1.0,-0.00250793367367641
regime,2025-04-02,KRW-BTC,bull_volatile,-0.030276707309368933,-0.031776707309368935,eod,24.0,-0.03262998294270014
regime,2025-04-03,KRW-BTC,bear_volatile,0.009650308647002337,0.008150308647002337,timestop,1.0,-0.0035180872029577648
regime,2025-04-04,KRW-BTC,bear_volatile,-0.0038541430008762756,-0.005354143000876275,timestop,1.0,-0.0038541430008762756
regime,2025-04-05,KRW-BTC,bear_volatile,0.00012154705086331319,-0.0013784529491366868,timestop,1.0,-0.004027258951940338
regime,2025-04-06,KRW-BTC,bear_volatile,-0.0008113261125309856,-0.0023113261125309857,timestop,1.0,-0.0015334063526835084
regime,2025-04-07,KRW-BTC,bear_volatile,-0.0024081622233379507,-0.00390816222333795,timestop,1.0,-0.01551264923372786
regime,2025-04-08,KRW-BTC,bear_volatile,-0.003845437143195962,-0.005345437143195962,timestop,1.0,-0.003972489031186965
regime,2025-04-09,KRW-BTC,bear_volatile,0.004000104806239468,0.0025001048062394684,timestop,1.0,-0.004331991231211307
regime,2025-04-10,KRW-BTC,bear_volatile,0.0026619635896125704,0.0011619635896125704,timestop,1.0,-0.003181170110187148
regime,2025-04-11,KRW-BTC,bear_volatile,-0.008199849061723552,-0.009699849061723552,timestop,1.0,-0.00821680841862471
regime,2025-04-12,KRW-BTC,bear_volatile,0.0012268423219432556,-0.00027315767805674443,timestop,1.0,-0.002017291066282456
regime,2025-04-13,KRW-BTC,bear_volatile,0.001691253226733025,0.00019125322673302489,timestop,1.0,-0.0031802034359144082
regime,2025-04-14,KRW-BTC,bear_volatile,0.006670669616785974,0.005170669616785974,timestop,1.0,-0.0006004425179104711
regime,2025-04-15,KRW-BTC,bear_volatile,0.002689618074233513,0.001189618074233513,timestop,1.0,-0.001352959394917419
regime,2025-04-16,KRW-BTC,bear_volatile,-0.006532737364310592,-0.008032737364310592,timestop,1.0,-0.006598228465707234
regime,2025-04-17,KRW-BTC,bear_volatile,0.0029626590069757874,0.0014626590069757874,timestop,1.0,-0.0007139926138695074
regime,2025-04-18,KRW-BTC,bear_volatile,-0.0017852921275953726,-0.0032852921275953726,timestop,1.0,-0.002380389503460534
regime,2025-04-19,KRW-BTC,bear_volatile,0.0006705482140521024,-0.0008294517859478976,timestop,1.0,-0.0014555802695276343
regime,2025-04-20,KRW-BTC,bear_volatile,0.0014667535853976066,-3.3246414602393446e-05,timestop,1.0,-0.0003503911342894739
regime,2025-04-21,KRW-BTC,bear_volatile,0.015756114252195585,0.014256114252195586,timestop,1.0,-0.0004562266794844172
regime,2025-04-22,KRW-BTC,bear_volatile,0.0007923930269413404,-0.0007076069730586596,timestop,1.0,-0.005150554675118824
regime,2025-04-23,KRW-BTC,bull_volatile,0.0038623595505618002,0.0023623595505618,eod,24.0,-0.01707805402820939
regime,2025-04-24,KRW-BTC,bull_volatile,0.002061426030526947,0.0005614260305269471,eod,24.0,-0.01745142253280052
regime,2025-04-25,KRW-BTC,bull_volatile,0.013183205709999202,0.011683205709999202,eod,24.0,-0.005822891986839052
regime,2025-04-26,KRW-BTC,bull_volatile,-0.00042473106468365884,-0.0019247310646836589,eod,24.0,-0.009204947384608642
regime,2025-04-27,KRW-BTC,bull_volatile,-0.010071415491668234,-0.011571415491668234,eod,24.0,-0.010071415491668234
regime,2025-04-28,KRW-BTC,bull_volatile,0.012252145605208709,0.010752145605208709,eod,24.0,-0.010654039656703196
regime,2025-04-29,KRW-BTC,bull_volatile,-0.0037275252156117045,-0.005227525215611704,eod,24.0,-0.00818593772840226
regime,2025-05-05,KRW-WAL,bull_volatile,0.004977482815833101,0.003477482815833101,eod,24.0,-0.03614600616259778
regime,2025-05-05,KRW-LAYER,bull_volatile,-0.04,-0.0415,sl,10.0,-0.04166666666666663
regime,2025-05-05,KRW-BONK,bull_volatile,0.025456088247772568,0.023956088247772567,eod,24.0,-0.013576580398812044
regime,2025-05-06,KRW-SONIC,bull_volatile,-0.04,-0.0415,sl,9.25,-0.050096339113680166
regime,2025-05-06,KRW-DRIFT,bull_volatile,-0.04,-0.0415,sl,5.5,-0.04365605658709104
regime,2025-05-06,KRW-SIGN,bull_volatile,-0.04,-0.0415,sl,8.5,-0.04766107678729026
regime,2025-05-07,KRW-SIGN,bull_quiet,-0.04,-0.0415,sl,6.25,-0.04014598540145975
regime,2025-05-07,KRW-BERA,bull_quiet,0.0343992248062015,0.0328992248062015,eod,24.0,-0.025678294573643456
regime,2025-05-07,KRW-KAITO,bull_quiet,0.08,0.0785,tp,1.25,-0.013828238719068464
regime,2025-05-08,KRW-G,bull_quiet,0.05658582976699944,0.05508582976699944,eod,24.0,-0.024726581074655196
regime,2025-05-08,KRW-SIGN,bull_quiet,0.04536862003780717,0.04386862003780717,eod,24.0,-0.020793950850661602
regime,2025-05-08,KRW-WCT,bull_quiet,0.05407801418439706,0.05257801418439706,eod,24.0,-0.02641843971631197
regime,2025-05-09,KRW-MASK,bull_volatile,0.08,0.0785,tp,16.75,-0.00540540540540535
regime,2025-05-09,KRW-BTC,bull_volatile,-0.006690257657856913,-0.008190257657856912,eod,24.0,-0.008210770761915342
regime,2025-05-09,KRW-HP,bull_volatile,-0.04,-0.0415,sl,5.0,-0.04059405940594063
regime,2025-05-10,KRW-ARK,bull_quiet,0.02402597402597406,0.02252597402597406,eod,24.0,-0.016233766233766267
regime,2025-05-10,KRW-BTT,bull_quiet,0.08,0.0785,tp,0.25,0.0
regime,2025-05-10,KRW-INJ,bull_quiet,0.08,0.0785,tp,19.0,-0.009726443768997006
regime,2025-05-11,KRW-TRX,bull_quiet,0.0027100271002709064,0.0012100271002709064,eod,24.0,-0.01897018970189701
regime,2025-05-11,KRW-EGLD,bull_quiet,-0.04,-0.0415,sl,16.25,-0.04069139359020524
regime,2025-05-11,KRW-IOST,bull_quiet,0.08,0.0785,tp,0.25,0.0
regime,2025-05-12,KRW-GAME2,bull_quiet,0.009451445515196388,0.007951445515196389,eod,24.0,-0.014640474425500316
regime,2025-05-12,KRW-BSV,bull_quiet,-0.04,-0.0415,sl,18.75,-0.042775169535732904
regime,2025-05-12,KRW-A,bull_quiet,-0.04,-0.0415,sl,14.75,-0.042438271604938294
regime,2025-05-13,KRW-TRX,bull_quiet,-0.04,-0.0415,sl,6.0,-0.04166666666666663
regime,2025-05-13,KRW-MINA,bull_quiet,-0.04,-0.0415,sl,2.25,-0.0490196078431373
regime,2025-05-13,KRW-SAFE,bull_quiet,-0.04,-0.0415,sl,1.75,-0.0540983606557377
regime,2025-05-14,KRW-CBK,bull_quiet,-0.017936117936117935,-0.019436117936117936,eod,23.5,-0.029484029484029506
regime,2025-05-14,KRW-TT,bull_quiet,-0.0027088036117380865,-0.004208803611738086,eod,24.0,-0.01399548532731365
regime,2025-05-14,KRW-PYTH,bull_quiet,0.08,0.0785,tp,4.0,-0.021617592247484163
regime,2025-05-15,KRW-UNI,bull_quiet,-0.04,-0.0415,sl,8.0,-0.04116066630843629
regime,2025-05-15,KRW-AAVE,bull_quiet,-0.04,-0.0415,sl,14.5,-0.04138996138996143
regime,2025-05-15,KRW-ARKM,bull_quiet,-0.04,-0.0415,sl,5.25,-0.0451207729468599
regime,2025-05-16,KRW-SNT,bull_quiet,0.08,0.0785,tp,12.0,-0.030955585464333746
regime,2025-05-16,KRW-MASK,bull_quiet,0.029779058597502406,0.028279058597502404,eod,24.0,-0.025936599423631135
regime,2025-05-16,KRW-PENDLE,bull_quiet,-0.012188751523593888,-0.013688751523593888,eod,24.0,-0.03360612920076611
regime,2025-05-17,KRW-A,bull_quiet,-0.04,-0.0415,sl,2.25,-0.04861693210393969
regime,2025-05-17,KRW-PUNDIX,bull_quiet,0.08,0.0785,tp,1.5,-0.016941321423071032
regime,2025-05-17,KRW-WAVES,bull_quiet,-0.04,-0.0415,sl,1.5,-0.04516806722689071
regime,2025-05-18,KRW-ANIME,bull_quiet,0.08,0.0785,tp,23.75,-0.02401215805471124
regime,2025-05-18,KRW-PENGU,bull_quiet,0.08,0.0785,tp,14.75,-0.0005837711617044938
regime,2025-05-18,KRW-BERA,bull_quiet,0.04767335766423364,0.04617335766423364,eod,24.0,-0.007755474452554756
regime,2025-05-19,KRW-PENGU,bull_quiet,-0.04,-0.0415,sl,2.25,-0.04695089044792233
regime,2025-05-19,KRW-BONK,bull_quiet,-0.04,-0.0415,sl,1.75,-0.04213771839671132
regime,2025-05-19,KRW-MEW,bull_quiet,-0.04,-0.0415,sl,3.25,-0.04064873742558006
regime,2025-05-20,KRW-AAVE,bull_quiet,0.08,0.0785,tp,2.5,-0.0035873152532645003
regime,2025-05-20,KRW-MASK,bull_quiet,0.0040766408479413485,0.0025766408479413485,eod,24.0,-0.03179779861394216
regime,2025-05-20,KRW-KAITO,bull_quiet,-0.04,-0.0415,sl,11.0,-0.04084663943557376
regime,2025-05-21,KRW-CVC,bull_quiet,0.08,0.0785,tp,16.0,-0.03376623376623378
regime,2025-05-21,KRW-PENDLE,bull_quiet,-0.02034883720930236,-0.021848837209302363,eod,24.0,-0.03795219638242897
regime,2025-05-21,KRW-TAIKO,bull_quiet,-0.04,-0.0415,sl,2.5,-0.041398344066237325
regime,2025-05-22,KRW-IMX,bull_quiet,0.06128074639525005,0.05978074639525005,eod,24.0,-0.008481764206955011
regime,2025-05-22,KRW-CVC,bull_quiet,0.01633045148895307,0.014830451488953069,eod,24.0,-0.030739673390970168
regime,2025-05-22,KRW-PEPE,bull_quiet,0.08,0.0785,tp,23.25,-0.002631578947368318
regime,2025-05-23,KRW-CTC,bull_quiet,-0.04,-0.0415,sl,12.25,-0.04890656063618293
regime,2025-05-23,KRW-STRAX,bull_quiet,0.055266757865937155,0.053766757865937154,eod,24.0,-0.021203830369357024
regime,2025-05-23,KRW-AGLD,bull_quiet,-0.04,-0.0415,sl,12.25,-0.04069767441860461
regime,2025-05-24,KRW-CVC,bull_quiet,-0.014939759036144529,-0.01643975903614453,eod,24.0,-0.02168674698795181
regime,2025-05-24,KRW-JUP,bull_quiet,-0.020392458637937816,-0.021892458637937817,eod,24.0,-0.02526612799794803
regime,2025-05-24,KRW-JTO,bull_quiet,-0.005751258087706712,-0.007251258087706712,eod,22.75,-0.010783608914450071
regime,2025-05-25,KRW-AERGO,bull_quiet,0.08,0.0785,tp,0.5,-0.017978620019436398
regime,2025-05-25,KRW-ANIME,bull_quiet,0.06328082563824,0.06178082563824,eod,24.0,-0.03585008147745794
regime,2025-05-25,KRW-ARDR,bull_quiet,0.01291638341264445,0.01141638341264445,eod,24.0,-0.03399048266485383
regime,2025-05-26,KRW-ANIME,bull_quiet,-0.04,-0.0415,sl,14.0,-0.0432667690732208
regime,2025-05-26,KRW-MASK,bull_quiet,0.08,0.0785,tp,15.75,-0.016274089935760183
regime,2025-05-26,KRW-PENDLE,bull_quiet,-0.02270884022708841,-0.024208840227088413,eod,23.75,-0.03081914030819144
regime,2025-05-27,KRW-COW,bull_quiet,0.08,0.0785,tp,13.5,-0.02425778421433744
regime,2025-05-27,KRW-SNT,bull_quiet,0.08,0.0785,tp,12.25,-0.03183692166743002
regime,2025-05-27,KRW-JUP,bull_quiet,0.04100200874394422,0.03950200874394422,eod,24.0,-0.03379416282642078
regime,2025-05-28,KRW-PUNDIX,bull_quiet,0.08,0.0785,tp,0.5,-0.001228932584269704
regime,2025-05-28,KRW-COW,bull_quiet,-0.04,-0.0415,sl,14.5,-0.04046892564637872
regime,2025-05-28,KRW-PYTH,bull_quiet,-0.04,-0.0415,sl,20.25,-0.041644976574700676
regime,2025-05-29,KRW-UNI,bull_quiet,0.08,0.0785,tp,2.75,-0.0060707557044169524
regime,2025-05-29,KRW-ANIME,bull_quiet,-0.04,-0.0415,sl,6.25,-0.04012188928390059
regime,2025-05-29,KRW-VIRTUAL,bull_quiet,-0.04,-0.0415,sl,14.5,-0.051432091161071725
regime,2025-05-30,KRW-COW,bull_quiet,-0.04,-0.0415,sl,0.75,-0.04296572049015057
regime,2025-05-30,KRW-ICX,bull_quiet,0.08,0.0785,tp,3.0,-0.005681818181818232
regime,2025-05-30,KRW-SIGN,bull_quiet,-0.04,-0.0415,sl,11.5,-0.07526881720430112
regime,2025-05-31,KRW-ATH,bull_quiet,-0.04,-0.0415,sl,0.25,-0.051704705550859376
regime,2025-05-31,KRW-ICX,bull_quiet,-0.04,-0.0415,sl,7.25,-0.0449438202247191
regime,2025-05-31,KRW-SOPH,bull_quiet,-0.04,-0.0415,sl,0.25,-0.05531312654794207
regime,2025-06-01,KRW-CRO,bull_quiet,-0.04,-0.0415,sl,1.0,-0.044117647058823484
regime,2025-06-01,KRW-MEW,bull_quiet,0.02777170347692981,0.02627170347692981,eod,24.0,-0.025147605510605797
regime,2025-06-01,KRW-VANA,bull_quiet,-0.04,-0.0415,sl,1.0,-0.04693654266958425
regime,2025-06-02,KRW-COW,bull_quiet,-0.04,-0.0415,sl,3.0,-0.041086102179349826
regime,2025-06-02,KRW-DEEP,bull_quiet,-0.04,-0.0415,sl,6.0,-0.04220779220779214
regime,2025-06-02,KRW-ANIME,bull_quiet,-0.04,-0.0415,sl,2.5,-0.043681318681318526
regime,2025-06-03,KRW-DKA,bull_quiet,-0.0008643042350907626,-0.0023643042350907626,eod,21.75,-0.009075194468452952
regime,2025-06-03,KRW-MLK,bull_quiet,-0.0061782877316858276,-0.007678287731685827,eod,23.75,-0.015004413062665534
regime,2025-06-03,KRW-ICX,bull_quiet,0.08,0.0785,tp,8.0,-0.01098901098901095
regime,2025-06-04,KRW-ICX,bull_quiet,0.08,0.0785,tp,3.25,-0.021390374331550777
regime,2025-06-04,KRW-COMP,bull_quiet,0.08,0.0785,tp,10.25,-0.015451472718493453
regime,2025-06-04,KRW-ATH,bull_quiet,0.002005156115726159,0.0005051561157261588,eod,23.75,-0.02162704096247481
regime,2025-06-05,KRW-SNT,bull_quiet,-0.04,-0.0415,sl,8.25,-0.04147007698038241
regime,2025-06-05,KRW-MASK,bull_quiet,-0.04,-0.0415,sl,3.0,-0.04211557296767876
regime,2025-06-05,KRW-POKT,bull_quiet,0.08,0.0785,tp,0.25,-0.0009734728644440471
regime,2025-06-06,KRW-ICX,bull_quiet,-0.04,-0.0415,sl,1.5,-0.040609137055837574
regime,2025-06-06,KRW-MANTRA,bull_quiet,0.08,0.0785,tp,20.75,-0.010451185317359224
regime,2025-06-06,KRW-MASK,bull_quiet,-0.04,-0.0415,sl,6.5,-0.08186115949241102
regime,2025-06-07,KRW-IOST,bull_quiet,0.05765326837190421,0.05615326837190421,eod,24.0,-0.034510759236703215
regime,2025-06-07,KRW-VIRTUAL,bull_quiet,-0.02085747392815762,-0.022357473928157623,eod,24.0,-0.0343762070297412
regime,2025-06-07,KRW-ICX,bull_quiet,0.08,0.0785,tp,4.75,-0.004901960784313708
regime,2025-06-08,KRW-PENGU,bull_quiet,-0.024251069900142697,-0.025751069900142698,eod,24.0,-0.03708987161198285
regime,2025-06-08,KRW-POKT,bull_quiet,-0.04,-0.0415,sl,1.75,-0.041115379143548125
regime,2025-06-08,KRW-NXPC,bull_quiet,-0.04,-0.0415,sl,6.0,-0.04333516182117392
regime,2025-06-09,KRW-LPT,bull_quiet,-0.04,-0.0415,sl,5.5,-0.04395604395604391
regime,2025-06-09,KRW-SNT,bull_quiet,-0.04,-0.0415,sl,3.0,-0.050438077196305886
regime,2025-06-09,KRW-PENGU,bull_quiet,0.08,0.0785,tp,19.25,-0.015350877192982337
regime,2025-06-10,KRW-MOC,bull_quiet,-0.004545454545454519,-0.006045454545454519,eod,23.0,-0.023835920177383674
regime,2025-06-10,KRW-ALGO,bull_quiet,0.047794117647058876,0.046294117647058874,eod,24.0,-0.003676470588235281
regime,2025-06-10,KRW-AHT,bull_quiet,0.0018552875695734272,0.0003552875695734272,eod,23.25,-0.014285714285714235
regime,2025-06-11,KRW-PUNDIX,bull_quiet,-0.04,-0.0415,sl,21.5,-0.04175776125929154
regime,2025-06-11,KRW-CBK,bull_quiet,-0.007882882882882969,-0.009382882882882968,eod,23.5,-0.021677927927927887
regime,2025-06-11,KRW-DOT,bull_quiet,-0.015675583574714547,-0.017175583574714548,eod,24.0,-0.02555801669790425
regime,2025-06-12,KRW-GAME2,bull_quiet,-0.04,-0.0415,sl,11.75,-0.040725891538299086
regime,2025-06-12,KRW-ZETA,bull_quiet,-0.04,-0.0415,sl,10.5,-0.044496487119437766
regime,2025-06-12,KRW-A,bull_quiet,-0.04,-0.0415,sl,3.5,-0.043796455117209754
regime,2025-06-13,KRW-ARDR,bull_quiet,0.08,0.0785,tp,0.75,-0.034596375617792496
regime,2025-06-13,KRW-COMP,bull_quiet,-0.04,-0.0415,sl,1.25,-0.05315880860157607
regime,2025-06-13,KRW-UNI,bull_quiet,-0.04,-0.0415,sl,0.75,-0.07461240310077522
regime,2025-06-14,KRW-MASK,bull_quiet,-0.014388489208633115,-0.015888489208633116,eod,24.0,-0.02466598150051391
regime,2025-06-14,KRW-COMP,bull_quiet,-0.04,-0.0415,sl,0.5,-0.05521314843348746
regime,2025-06-14,KRW-UNI,bull_quiet,-0.04,-0.0415,sl,5.5,-0.040740740740740744
regime,2025-06-15,KRW-WCT,bull_quiet,0.003249856623972258,0.0017498566239722581,eod,24.0,-0.01796979545020072
regime,2025-06-15,KRW-AWE,bull_quiet,-0.01651754989676535,-0.01801754989676535,eod,23.75,-0.02174810736407451
regime,2025-06-15,KRW-STRAX,bull_quiet,-0.01958895311496467,-0.02108895311496467,eod,23.75,-0.024727039177906196
regime,2025-06-16,KRW-BORA,bull_quiet,0.04746632456703015,0.04596632456703015,eod,24.0,-0.037203335471456156
regime,2025-06-16,KRW-BCH,bull_quiet,-0.00015708451146712044,-0.0016570845114671205,eod,24.0,-0.024348099277411217
regime,2025-06-16,KRW-AXL,bull_quiet,-0.04,-0.0415,sl,10.25,-0.04165267047363108
regime,2025-06-17,KRW-BORA,bull_quiet,-0.04,-0.0415,sl,0.25,-0.044117647058823484
regime,2025-06-17,KRW-JTO,bull_quiet,0.01374916163648554,0.012249161636485541,eod,24.0,-0.014755197853789426
regime,2025-06-17,KRW-ORBS,bull_quiet,-0.04,-0.0415,sl,0.5,-0.06939040207522695
regime,2025-06-18,KRW-JTO,bull_quiet,-0.04,-0.0415,sl,13.5,-0.040437520715942976
regime,2025-06-18,KRW-BORA,bull_quiet,0.08,0.0785,tp,24.0,-0.013698630136986467
regime,2025-06-18,KRW-SOPH,bull_quiet,-0.04,-0.0415,sl,6.0,-0.04163868368032242
regime,2025-06-19,KRW-JTO,bull_quiet,-0.010675039246467843,-0.012175039246467843,eod,24.0,-0.022605965463108335
regime,2025-06-19,KRW-BORA,bull_quiet,-0.04,-0.0415,sl,3.0,-0.0440821256038646
regime,2025-06-19,KRW-AXL,bull_quiet,-0.04,-0.0415,sl,3.25,-0.04051803885291394
regime,2025-06-20,KRW-T,bull_quiet,0.08,0.0785,tp,0.5,-0.00399644760213147
regime,2025-06-20,KRW-PENDLE,bull_quiet,-0.04,-0.0415,sl,16.0,-0.04120267260579069
regime,2025-06-20,KRW-BCH,bull_quiet,-0.04,-0.0415,sl,22.75,-0.043964016250725435
regime,2025-06-21,KRW-ARDR,bull_quiet,-0.04,-0.0415,sl,0.25,-0.04589371980676327
regime,2025-06-21,KRW-BORA,bull_quiet,-0.04,-0.0415,sl,21.75,-0.05295566502463056
regime,2025-06-21,KRW-ATH,bull_quiet,-0.04,-0.0415,sl,21.25,-0.04643309413254548
regime,2025-06-22,KRW-T,bull_quiet,0.08,0.0785,tp,2.0,0.0
regime,2025-06-22,KRW-LAYER,bull_quiet,-0.04,-0.0415,sl,2.25,-0.043082714629300356
regime,2025-06-22,KRW-AXL,bull_quiet,-0.04,-0.0415,sl,10.0,-0.041818181818181754
regime,2025-06-23,KRW-AXL,bull_quiet,0.04957446808510646,0.04807446808510646,eod,24.0,-0.019148936170212738
regime,2025-06-23,KRW-BORA,bull_quiet,-0.04,-0.0415,sl,11.75,-0.04078857919782464
regime,2025-06-23,KRW-LAYER,bull_quiet,-0.04,-0.0415,sl,16.75,-0.04662698412698407
regime,2025-06-24,KRW-CKB,bull_quiet,0.08,0.0785,tp,6.5,-0.007643312101910715
regime,2025-06-24,KRW-CVC,bull_quiet,0.00797448165869219,0.00647448165869219,eod,24.0,-0.004784688995215336
regime,2025-06-24,KRW-RVN,bull_quiet,-0.04,-0.0415,sl,12.5,-0.04709647919524462
regime,2025-06-25,KRW-GAME2,bull_quiet,0.08,0.0785,tp,6.0,-0.004309252217997495
regime,2025-06-25,KRW-SAFE,bull_quiet,-0.04,-0.0415,sl,22.25,-0.04249999999999987
regime,2025-06-25,KRW-CKB,bull_quiet,-0.04,-0.0415,sl,15.75,-0.042922948073701894
regime,2025-06-26,KRW-DOT,bull_quiet,-0.018008244738555,-0.019508244738555003,eod,24.0,-0.026036016489477065
regime,2025-06-26,KRW-AGLD,bull_quiet,-0.035782544064557165,-0.037282544064557166,eod,24.0,-0.039817370991718004
regime,2025-06-26,KRW-ICX,bull_quiet,-0.04,-0.0415,sl,16.75,-0.04117647058823526
regime,2025-06-27,KRW-ALT,bull_quiet,0.08,0.0785,tp,17.0,-0.004005722460658112
regime,2025-06-27,KRW-RAY,bull_quiet,0.0507439908431897,0.0492439908431897,eod,23.5,-0.015642884395268952
regime,2025-06-27,KRW-ARB,bull_quiet,0.006236507555768878,0.004736507555768878,eod,24.0,-0.019908851043415554
regime,2025-06-28,KRW-LPT,bull_quiet,-0.04,-0.0415,sl,6.5,-0.041099192479209345
regime,2025-06-28,KRW-POKT,bull_quiet,0.08,0.0785,tp,0.25,-0.012903225806451646
regime,2025-06-28,KRW-MASK,bull_quiet,0.013706793802145345,0.012206793802145345,eod,23.25,-0.01728247914183556
regime,2025-06-29,KRW-MASK,bull_quiet,0.029429075927015935,0.027929075927015934,eod,22.5,-0.009417304296645113
regime,2025-06-29,KRW-JUP,bull_quiet,0.028896103896103753,0.027396103896103752,eod,24.0,-0.023376623376623384
regime,2025-06-29,KRW-RAY,bull_quiet,0.03760445682451263,0.03610445682451263,eod,23.75,-0.014972144846796653
regime,2025-06-30,KRW-AQT,bull_quiet,-0.02435192458758839,-0.025851924587588393,eod,18.25,-0.0353495679497251
regime,2025-06-30,KRW-ATOM,bull_quiet,-0.028960223307745947,-0.03046022330774595,eod,18.25,-0.031053733426378183
regime,2025-06-30,KRW-MANA,bull_quiet,-0.04,-0.0415,sl,13.0,-0.0449438202247191
regime,2025-07-01,KRW-POKT,bull_quiet,-0.04,-0.0415,sl,0.25,-0.056927044952100325
regime,2025-07-01,KRW-ARB,bull_quiet,-0.04,-0.0415,sl,4.5,-0.04026416702172986
regime,2025-07-01,KRW-KAITO,bull_quiet,0.03190013869625519,0.030400138696255186,eod,24.0,-0.032824780397595954
regime,2025-07-02,KRW-MOVE,bull_quiet,-0.04,-0.0415,sl,1.0,-0.04325699745547085
regime,2025-07-02,KRW-POKT,bull_quiet,-0.04,-0.0415,sl,1.25,-0.042465753424657526
regime,2025-07-02,KRW-KAITO,bull_quiet,-0.04,-0.0415,sl,9.25,-0.04973118279569888
regime,2025-07-03,KRW-MBL,bull_quiet,0.016560509554140124,0.015060509554140124,eod,22.0,-0.006369426751592355
regime,2025-07-03,KRW-BLUR,bull_quiet,-0.004102461476886088,-0.0056024614768860875,eod,24.0,-0.012607564538723137
regime,2025-07-03,KRW-AHT,bull_quiet,-0.04,-0.0415,sl,5.0,-0.04196195449459161
regime,2025-07-04,KRW-MLK,bull_quiet,-0.011412268188302432,-0.012912268188302432,eod,23.75,-0.029957203994293913
regime,2025-07-04,KRW-RAY,bull_quiet,-0.04,-0.0415,sl,14.0,-0.04690686607749828
regime,2025-07-04,KRW-BLAST,bull_quiet,0.08,0.0785,tp,0.75,-0.018810883439704384
regime,2025-07-05,KRW-CARV,bull_quiet,0.08,0.0785,tp,0.25,0.0
regime,2025-07-05,KRW-TAIKO,bull_quiet,-0.04,-0.0415,sl,14.25,-0.040599061710573814
regime,2025-07-05,KRW-MOC,bull_quiet,-0.04,-0.0415,sl,1.0,-0.04396073410157919
regime,2025-07-06,KRW-SAFE,bull_quiet,0.08,0.0785,tp,0.25,-0.0010407632263660371
regime,2025-07-06,KRW-CBK,bull_quiet,-0.04,-0.0415,sl,2.0,-0.04371184371184367
regime,2025-07-06,KRW-POKT,bull_quiet,-0.04,-0.0415,sl,7.5,-0.044125372088951065
regime,2025-07-07,KRW-BEAM,bull_quiet,-0.04,-0.0415,sl,14.75,-0.043090290008218735
regime,2025-07-07,KRW-TOKAMAK,bull_quiet,0.04281949934123852,0.04131949934123852,eod,24.0,-0.017127799736495364
regime,2025-07-07,KRW-COW,bull_quiet,-0.005227781926810948,-0.006727781926810948,eod,21.5,-0.02066218571072942
regime,2025-07-08,KRW-TOKAMAK,bull_quiet,-0.04,-0.0415,sl,1.5,-0.04611497157296274
regime,2025-07-08,KRW-BOUNTY,bull_quiet,0.002602472348731455,0.001102472348731455,eod,22.75,-0.017566688353936266
regime,2025-07-08,KRW-QKC,bull_quiet,0.08,0.0785,tp,13.5,-0.007616391332332051
regime,2025-07-09,KRW-FCT2,bull_quiet,0.032583397982932416,0.031083397982932415,eod,23.5,0.0
regime,2025-07-09,KRW-TAIKO,bull_quiet,0.010683367102597208,0.009183367102597208,eod,24.0,-0.02762939767913064
regime,2025-07-09,KRW-MOC,bull_quiet,-0.04,-0.0415,sl,11.75,-0.04044315370549645
regime,2025-07-10,KRW-BSV,bull_quiet,0.03134978229317853,0.02984978229317853,eod,24.0,-0.01944847605224964
regime,2025-07-10,KRW-BCH,bull_quiet,0.0022939068100358284,0.0007939068100358284,eod,24.0,-0.02107526881720434
regime,2025-07-10,KRW-HIVE,bull_quiet,0.0245791245791247,0.0230791245791247,eod,24.0,-0.008754208754208848
regime,2025-07-11,KRW-SIGN,bull_quiet,0.08,0.0785,tp,15.75,-0.003704879856038845
regime,2025-07-11,KRW-BTT,bull_quiet,0.015126050420168236,0.013626050420168236,eod,24.0,-0.017254901960784275
regime,2025-07-11,KRW-GAS,bull_quiet,0.006577344701583332,0.005077344701583332,eod,24.0,-0.020706455542021884
regime,2025-07-12,KRW-BTT,bull_quiet,0.021482868789247433,0.019982868789247432,eod,24.0,-0.012889721273548593
regime,2025-07-12,KRW-T,bull_quiet,0.08,0.0785,tp,5.0,-0.015964523281596477
regime,2025-07-12,KRW-CARV,bull_quiet,-0.04,-0.0415,sl,0.25,-0.040000000000000036
regime,2025-07-13,KRW-KAVA,bull_quiet,-0.04,-0.0415,sl,2.75,-0.04093166638122958
regime,2025-07-13,KRW-AHT,bull_quiet,-0.007140307033202453,-0.008640307033202453,eod,24.0,-0.03409496608354168
regime,2025-07-13,KRW-ETC,bull_quiet,0.014997973246858587,0.013497973246858587,eod,24.0,-0.0032428050263477726
regime,2025-07-14,KRW-AGLD,bull_quiet,-0.04,-0.0415,sl,16.25,-0.04021937842778789
regime,2025-07-14,KRW-ETC,bull_quiet,0.015175718849840258,0.013675718849840259,eod,24.0,-0.0023961661341852514
regime,2025-07-14,KRW-CRO,bull_quiet,0.08,0.0785,tp,7.5,-0.01794340924775706
regime,2025-07-15,KRW-SOL,bull_quiet,0.010139702568724651,0.008639702568724652,eod,24.0,-0.02726453357368186
regime,2025-07-15,KRW-WAL,bull_quiet,-0.04,-0.0415,sl,1.0,-0.04469086021505375
regime,2025-07-15,KRW-SONIC,bull_quiet,-0.04,-0.0415,sl,3.5,-0.049792531120331995
regime,2025-07-16,KRW-BORA,bull_quiet,-0.0028776978417266452,-0.004377697841726645,eod,24.0,-0.017985611510791366
regime,2025-07-16,KRW-AKT,bull_quiet,-0.004212743549236397,-0.005712743549236397,eod,24.0,-0.032122169562927905
regime,2025-07-16,KRW-STRAX,bull_quiet,-0.0044059124502559,-0.0059059124502558995,eod,24.0,-0.02259806708357026
regime,2025-07-17,KRW-SOL,bull_quiet,0.016105107014197984,0.014605107014197984,eod,24.0,-0.020979020979020935
regime,2025-07-17,KRW-BTT,bull_quiet,0.009468700683850528,0.007968700683850529,eod,24.0,-0.00841662283008937
regime,2025-07-17,KRW-A,bull_quiet,0.023540241977906273,0.022040241977906272,eod,24.0,-0.020252498684902642
regime,2025-07-18,KRW-MVL,bull_quiet,0.0,-0.0015,eod,23.5,-0.015303891560996985
regime,2025-07-18,KRW-CKB,bull_quiet,-0.008797653958944274,-0.010297653958944273,eod,24.0,-0.028999674160964495
regime,2025-07-18,KRW-WAVES,bull_quiet,0.0046604527296938425,0.0031604527296938425,eod,24.0,-0.01464713715046606
regime,2025-07-19,KRW-BCH,bull_quiet,-0.0009944594402614415,-0.0024944594402614415,eod,24.0,-0.02216223895439695
regime,2025-07-19,KRW-PENDLE,bull_quiet,-0.0006537015852263739,-0.002153701585226374,eod,23.75,-0.02859944435365258
regime,2025-07-19,KRW-HYPER,bull_quiet,-0.04,-0.0415,sl,15.0,-0.04064369713224669
regime,2025-07-20,KRW-MOCA,bull_quiet,0.05991189427312782,0.05841189427312782,eod,24.0,-0.008810572687224627
regime,2025-07-20,KRW-ARK,bull_quiet,0.08,0.0785,tp,0.25,-0.0015140045420136694
regime,2025-07-20,KRW-ARDR,bull_quiet,0.018796992481203034,0.017296992481203033,eod,24.0,-0.006766917293233088
regime,2025-07-21,KRW-BCH,bull_quiet,-0.04,-0.0415,sl,5.0,-0.04011767852366943
regime,2025-07-21,KRW-VTHO,bull_quiet,0.026132980482963752,0.02463298048296375,eod,24.0,-0.003307972213033472
regime,2025-07-21,KRW-LSK,bull_quiet,0.020414245268961295,0.018914245268961294,eod,24.0,-0.01817910892564456
regime,2025-07-22,KRW-JTO,bull_quiet,0.011812352345595745,0.010312352345595745,eod,24.0,-0.037124535943300674
regime,2025-07-22,KRW-NXPC,bull_quiet,-0.04,-0.0415,sl,5.0,-0.05592543275632489
regime,2025-07-22,KRW-ORCA,bull_quiet,-0.04,-0.0415,sl,1.25,-0.04029304029304026
regime,2025-07-23,KRW-BCH,bull_quiet,-0.04,-0.0415,sl,20.75,-0.040925017519271245
regime,2025-07-23,KRW-HYPER,bull_quiet,-0.04,-0.0415,sl,10.25,-0.042527821939586596
regime,2025-07-23,KRW-NEWT,bull_quiet,0.08,0.0785,tp,12.25,-0.03056505127689524
regime,2025-07-24,KRW-NXPC,bull_quiet,-0.04,-0.0415,sl,0.25,-0.0473411154345007
regime,2025-07-24,KRW-SIGN,bull_quiet,-0.04,-0.0415,sl,0.25,-0.054030874785591765
regime,2025-07-24,KRW-AERGO,bull_quiet,-0.04,-0.0415,sl,0.25,-0.04514789828749344
regime,2025-07-25,KRW-RVN,bull_quiet,0.08,0.0785,tp,0.25,0.0
regime,2025-07-25,KRW-CRO,bull_quiet,0.04637681159420293,0.044876811594202926,eod,24.0,-0.01449275362318836
regime,2025-07-25,KRW-SIGN,bull_quiet,-0.04,-0.0415,sl,4.25,-0.044365572315882895
regime,2025-07-26,KRW-GLM,bull_quiet,0.014978213507625293,0.013478213507625294,eod,23.75,-0.008986928104575242
regime,2025-07-26,KRW-SONIC,bull_quiet,-0.030904451375106223,-0.032404451375106225,eod,24.0,-0.037709101219166485
regime,2025-07-26,KRW-BLUR,bull_quiet,-0.006993006993006978,-0.008493006993006978,eod,24.0,-0.020979020979020935
regime,2025-07-27,KRW-TAIKO,bull_quiet,0.025715531018451365,0.024215531018451364,eod,24.0,-0.007845416242917347
regime,2025-07-27,KRW-WAL,bull_quiet,-0.010700828937452944,-0.012200828937452944,eod,24.0,-0.03391107761868872
regime,2025-07-27,KRW-DRIFT,bull_quiet,0.08,0.0785,tp,1.25,-0.008699914226197758
regime,2025-07-28,KRW-GAS,bull_quiet,-0.04,-0.0415,sl,20.5,-0.040373990650233726
regime,2025-07-28,KRW-JUP,bull_quiet,-0.04,-0.0415,sl,18.25,-0.04034366828539404
regime,2025-07-28,KRW-EGLD,bull_quiet,-0.04,-0.0415,sl,15.75,-0.04067503245348336
regime,2025-07-29,KRW-CBK,bull_quiet,-0.04,-0.0415,sl,0.75,-0.04794007490636698
regime,2025-07-29,KRW-RAY,bull_quiet,-0.04,-0.0415,sl,20.75,-0.04045570797488951
regime,2025-07-29,KRW-CKB,bull_quiet,0.08,0.0785,tp,5.75,-0.021980798383021805
regime,2025-07-30,KRW-ATH,bull_quiet,-0.04,-0.0415,sl,1.0,-0.04740272565672532
regime,2025-07-30,KRW-BAT,bull_quiet,-0.04,-0.0415,sl,4.75,-0.045762711864406835
regime,2025-07-30,KRW-MOODENG,bull_quiet,-0.04,-0.0415,sl,19.0,-0.08300550747442959
regime,2025-07-31,KRW-GAME2,bull_quiet,-0.025096525096525046,-0.026596525096525048,eod,23.25,-0.025096525096525046
regime,2025-07-31,KRW-BOUNTY,bull_quiet,0.08,0.0785,tp,0.75,-0.02654867256637161
regime,2025-07-31,KRW-ALT,bull_quiet,-0.04,-0.0415,sl,22.25,-0.04132231404958675
regime,2025-08-01,KRW-ALT,bull_quiet,-0.04,-0.0415,sl,8.25,-0.045851528384279305
regime,2025-08-01,KRW-ERA,bull_quiet,-0.04,-0.0415,sl,0.5,-0.04008016032064132
regime,2025-08-01,KRW-KNC,bull_quiet,-0.013468013468013518,-0.014968013468013517,eod,24.0,-0.03535353535353536
regime,2025-08-02,KRW-HYPER,bull_quiet,-0.04,-0.0415,sl,9.5,-0.04029304029304026
regime,2025-08-02,KRW-SYRUP,bull_quiet,-0.04,-0.0415,sl,6.5,-0.04873949579831938
regime,2025-08-02,KRW-KNC,bull_quiet,-0.013651877133105783,-0.015151877133105783,eod,24.0,-0.033959044368600644
regime,2025-08-03,KRW-SYRUP,bull_quiet,0.03362831858407089,0.03212831858407089,eod,24.0,-0.010619469026548645
regime,2025-08-03,KRW-KNC,bull_quiet,0.02941176470588225,0.027911764705882247,eod,24.0,-0.02249134948096887
regime,2025-08-03,KRW-SAHARA,bull_quiet,0.016129032258064502,0.014629032258064502,eod,24.0,-0.024193548387096753
regime,2025-08-04,KRW-SYRUP,bull_quiet,0.05650684931506844,0.05500684931506844,eod,24.0,0.0
regime,2025-08-04,KRW-VIRTUAL,bull_quiet,0.02336448598130847,0.021864485981308468,eod,24.0,-0.02044392523364491
regime,2025-08-04,KRW-CKB,bull_quiet,0.006443298969072142,0.0049432989690721425,eod,24.0,-0.02448453608247414
regime,2025-08-05,KRW-ANIME,bull_quiet,-0.04,-0.0415,sl,19.5,-0.042735042735042694
regime,2025-08-05,KRW-XTZ,bull_quiet,-0.02003642987249543,-0.021536429872495433,eod,24.0,-0.032786885245901676
regime,2025-08-05,KRW-AERGO,bull_quiet,-0.024691358024691357,-0.026191358024691358,eod,24.0,-0.03703703703703709
regime,2025-08-06,KRW-GAME2,bull_quiet,-0.04,-0.0415,sl,3.75,-0.042910447761194126
regime,2025-08-06,KRW-ERA,bull_quiet,-0.04,-0.0415,sl,1.25,-0.04101838755304099
regime,2025-08-06,KRW-ENA,bull_quiet,-0.04,-0.0415,sl,3.75,-0.04054054054054057
regime,2025-08-07,KRW-ATH,bull_quiet,0.008064516129032251,0.006564516129032251,eod,24.0,-0.022177419354838745
regime,2025-08-07,KRW-POKT,bull_quiet,0.01814882032667886,0.01664882032667886,eod,24.0,-0.02722323049001818
regime,2025-08-07,KRW-ENA,bull_quiet,0.08,0.0785,tp,21.75,-0.02508960573476704
regime,2025-08-08,KRW-NXPC,bull_quiet,0.010108864696733999,0.008608864696734,eod,24.0,-0.010886469673405896
regime,2025-08-08,KRW-ANIME,bull_quiet,0.016877637130801704,0.015377637130801704,eod,24.0,-0.012658227848101333
regime,2025-08-08,KRW-DRIFT,bull_quiet,0.08,0.0785,tp,7.75,-0.0013774104683195176
regime,2025-08-09,KRW-AUCTION,bull_quiet,0.03092059030217853,0.02942059030217853,eod,24.0,-0.0028109627547434624
regime,2025-08-09,KRW-RVN,bull_quiet,0.005025125628140836,0.0035251256281408363,eod,23.75,-0.01005025125628134
regime,2025-08-09,KRW-SNT,bull_quiet,0.020460358056265893,0.01896035805626589,eod,24.0,-0.005115089514066584
regime,2025-08-10,KRW-AUCTION,bull_quiet,0.0013633265167007913,-0.00013667348329920873,eod,24.0,-0.03340149965916839
regime,2025-08-10,KRW-POKT,bull_quiet,-0.04,-0.0415,sl,8.25,-0.049469964664311084
regime,2025-08-10,KRW-VET,bull_quiet,0.0,-0.0015,eod,24.0,-0.028901734104046284
regime,2025-08-11,KRW-MOCA,bull_quiet,-0.04,-0.0415,sl,21.75,-0.047169811320754707
regime,2025-08-11,KRW-SNT,bull_quiet,-0.02030456852791873,-0.021804568527918733,eod,24.0,-0.027918781725888353
regime,2025-08-11,KRW-ELF,bull_quiet,0.006666666666666599,0.005166666666666599,eod,23.75,-0.010000000000000009
regime,2025-08-12,KRW-CTC,bull_quiet,-0.04,-0.0415,sl,0.75,-0.04087736789631102
regime,2025-08-12,KRW-MOC,bull_quiet,0.016304347826086918,0.014804347826086918,eod,23.5,-0.026086956521739202
regime,2025-08-12,KRW-CRO,bull_quiet,-0.02608695652173909,-0.027586956521739092,eod,24.0,-0.034782608695652195
regime,2025-08-13,KRW-ID,bull_quiet,0.024590163934426146,0.023090163934426144,eod,23.75,-0.020491803278688492
regime,2025-08-13,KRW-KAITO,bull_quiet,0.005424954792043302,0.003924954792043302,eod,23.75,-0.009644364074743783
regime,2025-08-13,KRW-MNT,bull_quiet,0.08,0.0785,tp,7.5,-0.006405693950177982
regime,2025-08-14,KRW-BTT,bull_quiet,-0.04,-0.0415,sl,18.5,-0.04081632653061229
regime,2025-08-14,KRW-MOCA,bull_quiet,-0.04,-0.0415,sl,12.75,-0.0663551401869158
regime,2025-08-14,KRW-NXPC,bull_quiet,-0.04,-0.0415,sl,12.75,-0.0723735408560311
regime,2025-08-15,KRW-INJ,bull_quiet,-0.04,-0.0415,sl,15.0,-0.04608076009501183
regime,2025-08-15,KRW-BERA,bull_quiet,-0.04,-0.0415,sl,1.25,-0.042276422764227606
regime,2025-08-15,KRW-ARKM,bull_quiet,-0.04,-0.0415,sl,15.75,-0.04041720990873532
regime,2025-08-16,KRW-DEEP,bull_quiet,-0.04,-0.0415,sl,12.5,-0.050000000000000044
regime,2025-08-16,KRW-KAVA,bull_quiet,0.0,-0.0015,eod,23.0,-0.009487666034155628
regime,2025-08-16,KRW-MNT,bull_quiet,0.08,0.0785,tp,12.25,-0.035756853396901045
regime,2025-08-17,KRW-BAT,bull_quiet,-0.04,-0.0415,sl,18.5,-0.042735042735042694
regime,2025-08-17,KRW-PROVE,bull_quiet,-0.005385029617662851,-0.0068850296176628505,eod,24.0,-0.02369413031771672
regime,2025-08-17,KRW-BERA,bull_quiet,0.004855842185129022,0.0033558421851290223,eod,24.0,-0.029438543247344406
regime,2025-08-18,KRW-SEI,bull_quiet,-0.04,-0.0415,sl,2.75,-0.04201680672268904
regime,2025-08-18,KRW-LPT,bull_quiet,-0.04,-0.0415,sl,2.75,-0.04310803618946246
regime,2025-08-18,KRW-POL,bull_quiet,0.055393586005831,0.053893586005830996,eod,24.0,-0.03206997084548102
regime,2025-08-19,KRW-CARV,bull_quiet,0.004347826086956497,0.0028478260869564966,eod,24.0,-0.03260869565217395
regime,2025-08-19,KRW-POL,bull_quiet,-0.04,-0.0415,sl,12.5,-0.04155124653739617
regime,2025-08-19,KRW-ARB,bull_quiet,-0.04,-0.0415,sl,7.25,-0.043600562587904346
regime,2025-08-20,KRW-CTC,bull_quiet,0.010476190476190528,0.008976190476190528,eod,24.0,-0.03809523809523807
regime,2025-08-20,KRW-CARV,bull_quiet,-0.04,-0.0415,sl,14.0,-0.049676025917926525
regime,2025-08-20,KRW-CYBER,bull_quiet,0.018589743589743524,0.017089743589743522,eod,24.0,-0.022435897435897467
regime,2025-08-21,KRW-ARB,bull_quiet,-0.04,-0.0415,sl,13.0,-0.04469273743016755
regime,2025-08-21,KRW-BERA,bull_quiet,-0.04,-0.0415,sl,9.25,-0.04014488379112591
regime,2025-08-21,KRW-HYPER,bull_quiet,-0.04,-0.0415,sl,3.25,-0.04073319755600813
regime,2025-08-22,KRW-CYBER,bull_quiet,0.04176411627129961,0.04026411627129961,eod,24.0,-0.014032743067156739
regime,2025-08-22,KRW-CARV,bull_quiet,-0.04,-0.0415,sl,12.5,-0.04269662921348316
regime,2025-08-22,KRW-POKT,bull_quiet,-0.04,-0.0415,sl,1.25,-0.041984732824427384
regime,2025-08-23,KRW-BTT,bull_quiet,0.08,0.0785,tp,3.0,-0.0010615711252653925
regime,2025-08-23,KRW-DRIFT,bull_quiet,0.08,0.0785,tp,15.5,-0.026631158455392767
regime,2025-08-23,KRW-SNT,bull_quiet,0.0052631578947368585,0.0037631578947368584,eod,23.5,-0.010526315789473606
regime,2025-08-24,KRW-DRIFT,bull_quiet,0.011435832274459878,0.009935832274459879,eod,24.0,-0.017789072426937724
regime,2025-08-24,KRW-ZRO,bull_quiet,0.005853994490358172,0.004353994490358172,eod,24.0,-0.037878787878787845
regime,2025-08-24,KRW-ALT,bull_quiet,-0.04,-0.0415,sl,10.25,-0.04483430799220267
regime,2025-08-25,KRW-EGLD,bull_quiet,-0.04,-0.0415,sl,7.75,-0.04323827046918127
regime,2025-08-25,KRW-ONT,bull_quiet,0.08,0.0785,tp,0.5,-0.03139013452914796
regime,2025-08-25,KRW-BERA,bull_quiet,-0.04,-0.0415,sl,4.5,-0.0441347270615563
regime,2025-08-26,KRW-IOST,bull_quiet,-0.04,-0.0415,sl,0.25,-0.04571428571428571
regime,2025-08-26,KRW-API3,bull_quiet,-0.04,-0.0415,sl,5.75,-0.04445694991558802
regime,2025-08-26,KRW-ONG,bull_quiet,-0.04,-0.0415,sl,0.25,-0.0539568345323741
regime,2025-08-27,KRW-ID,bull_quiet,-0.04,-0.0415,sl,6.5,-0.042735042735042694
regime,2025-08-27,KRW-RAY,bull_quiet,0.08,0.0785,tp,17.75,-0.021730132450331174
regime,2025-08-27,KRW-IP,bull_quiet,-0.04,-0.0415,sl,19.25,-0.0404558404558405
regime,2025-08-28,KRW-API3,bull_quiet,-0.04,-0.0415,sl,7.25,-0.04050029779630737
regime,2025-08-28,KRW-SYRUP,bull_quiet,0.0,-0.0015,eod,24.0,-0.02593192868719607
regime,2025-08-28,KRW-TAIKO,bull_quiet,0.028862478777589073,0.027362478777589072,eod,24.0,-0.03056027164685904
regime,2025-08-29,KRW-CARV,bull_quiet,-0.04,-0.0415,sl,7.75,-0.040723981900452455
regime,2025-08-29,KRW-GMT,bull_quiet,-0.04,-0.0415,sl,6.5,-0.04159999999999997
regime,2025-08-29,KRW-W,bull_quiet,0.08,0.0785,tp,4.0,-0.03508771929824561
regime,2025-08-30,KRW-SYRUP,bull_quiet,0.028037383177569986,0.026537383177569984,eod,24.0,-0.032710280373831724
regime,2025-08-30,KRW-JTO,bull_quiet,-0.04,-0.0415,sl,2.0,-0.04141378079257407
regime,2025-08-30,KRW-ONT,bull_quiet,0.08,0.0785,tp,2.0,-0.014150943396226467
regime,2025-08-31,KRW-ONT,bull_quiet,-0.04,-0.0415,sl,7.5,-0.041284403669724745
regime,2025-08-31,KRW-JST,bull_quiet,-0.00588235294117645,-0.007382352941176449,eod,22.0,-0.021568627450980427
regime,2025-08-31,KRW-AGLD,bull_quiet,-0.04,-0.0415,sl,23.25,-0.04229607250755285
regime,2025-09-01,KRW-ZRX,bull_quiet,0.08,0.0785,tp,2.25,-0.024390243902439046
regime,2025-09-01,KRW-POL,bull_quiet,-0.020725388601036232,-0.022225388601036233,eod,24.0,-0.02849740932642486
regime,2025-09-01,KRW-AXS,bull_quiet,-0.04,-0.0415,sl,3.0,-0.04147727272727275
regime,2025-09-02,KRW-LPT,bull_quiet,0.009209100758396538,0.007709100758396538,eod,24.0,-0.010834236186348822
regime,2025-09-02,KRW-SYRUP,bull_quiet,0.011146496815286566,0.009646496815286567,eod,24.0,-0.030254777070063743
regime,2025-09-02,KRW-ONT,bull_quiet,0.0,-0.0015,eod,23.5,-0.02564102564102566
regime,2025-09-03,KRW-BEAM,bull_quiet,0.0,-0.0015,eod,23.75,-0.018811881188118718
regime,2025-09-03,KRW-IP,bull_quiet,0.08,0.0785,tp,16.75,-0.013876040703052706
regime,2025-09-03,KRW-POL,bull_quiet,-0.027363184079602032,-0.028863184079602033,eod,24.0,-0.03233830845771146
regime,2025-09-04,KRW-PROVE,bull_quiet,-0.04,-0.0415,sl,4.25,-0.040519877675840976
regime,2025-09-04,KRW-SYRUP,bull_quiet,-0.04,-0.0415,sl,19.75,-0.04069767441860461
regime,2025-09-04,KRW-AERO,bull_quiet,-0.04,-0.0415,sl,15.25,-0.043233082706766957
regime,2025-09-05,KRW-IP,bull_quiet,0.019909502262443368,0.018409502262443367,eod,24.0,-0.008144796380090469
regime,2025-09-05,KRW-QTUM,bull_quiet,-0.010632780082987514,-0.012132780082987514,eod,24.0,-0.032157676348547715
regime,2025-09-05,KRW-WAL,bull_quiet,0.08,0.0785,tp,12.75,-0.003454231433506094
regime,2025-09-06,KRW-SYRUP,bull_quiet,-0.009957325746799417,-0.011457325746799417,eod,24.0,-0.01849217638691325
regime,2025-09-06,KRW-PENDLE,bull_quiet,-0.02716981132075469,-0.02866981132075469,eod,23.25,-0.02943396226415096
regime,2025-09-06,KRW-ENA,bull_quiet,0.0087890625,0.0072890625,eod,24.0,-0.009765625
regime,2025-09-07,KRW-API3,bull_quiet,-0.04,-0.0415,sl,14.5,-0.041554959785522816
regime,2025-09-07,KRW-AERO,bull_quiet,-0.013084112149532756,-0.014584112149532756,eod,24.0,-0.024922118380062308
regime,2025-09-07,KRW-WLFI,bull_quiet,0.08,0.0785,tp,3.75,-0.00990099009900991
regime,2025-09-08,KRW-IP,bull_quiet,-0.04,-0.0415,sl,0.5,-0.042276422764227606
regime,2025-09-08,KRW-PUNDIX,bull_quiet,0.013605442176870763,0.012105442176870764,eod,23.75,-0.013605442176870763
regime,2025-09-08,KRW-TREE,bull_quiet,-0.04,-0.0415,sl,14.0,-0.04356846473029041
regime,2025-09-09,KRW-BLAST,bull_quiet,0.00588235294117645,0.00438235294117645,eod,23.75,-0.0117647058823529
regime,2025-09-09,KRW-ERA,bull_quiet,0.0,-0.0015,eod,23.75,-0.019588638589618013
regime,2025-09-09,KRW-TRX,bull_quiet,0.01298701298701288,0.01148701298701288,eod,24.0,-0.00649350649350644
regime,2025-09-15,KRW-TREE,bull_quiet,0.08,0.0785,tp,4.0,-0.03054989816700615
regime,2025-09-15,KRW-ARKM,bull_quiet,-0.04,-0.0415,sl,14.25,-0.04436860068259385
regime,2025-09-15,KRW-PUMP,bull_quiet,-0.04,-0.0415,sl,6.75,-0.04504504504504503
regime,2025-09-16,KRW-IP,bull_quiet,-0.04,-0.0415,sl,2.5,-0.04044943820224722
regime,2025-09-16,KRW-WLD,bull_quiet,-0.003793266951161667,-0.005293266951161666,eod,24.0,-0.016121384542437167
regime,2025-09-16,KRW-AERO,bull_quiet,-0.04,-0.0415,sl,6.75,-0.04139072847682124
regime,2025-09-17,KRW-DRIFT,bull_quiet,-0.04,-0.0415,sl,10.5,-0.04201680672268904
regime,2025-09-17,KRW-MNT,bull_quiet,-0.04,-0.0415,sl,12.75,-0.04376548307184147
regime,2025-09-17,KRW-OPEN,bull_quiet,-0.04,-0.0415,sl,7.75,-0.040562913907284726
regime,2025-09-18,KRW-JTO,bull_quiet,-0.02495606326889277,-0.02645606326889277,eod,24.0,-0.034446397188049205
regime,2025-09-18,KRW-AERO,bull_quiet,-0.012910166756320618,-0.014410166756320618,eod,23.75,-0.024744486282947786
regime,2025-09-18,KRW-OPEN,bull_quiet,0.013445378151260456,0.011945378151260457,eod,24.0,-0.021848739495798353
regime,2025-09-19,KRW-API3,bull_quiet,-0.03165033911077619,-0.033150339110776195,eod,24.0,-0.038432554634513894
regime,2025-09-19,KRW-MNT,bull_quiet,-0.04,-0.0415,sl,10.0,-0.040276647681041444
regime,2025-09-19,KRW-AVAX,bull_quiet,-0.04,-0.0415,sl,15.25,-0.04012282497441144
regime,2025-09-20,KRW-BEAM,bull_quiet,-0.04,-0.0415,sl,1.75,-0.04347826086956519
regime,2025-09-20,KRW-ATH,bull_quiet,-0.011520737327188946,-0.013020737327188945,eod,24.0,-0.020737327188940058
regime,2025-09-20,KRW-AWE,bull_quiet,0.08,0.0785,tp,7.75,-0.02857142857142858
regime,2025-09-21,KRW-SIGN,bull_quiet,-0.008403361344537785,-0.009903361344537785,eod,23.5,-0.03361344537815125
regime,2025-09-21,KRW-ATH,bull_quiet,-0.04,-0.0415,sl,23.25,-0.0407925407925408
regime,2025-09-21,KRW-IMX,bull_quiet,-0.04,-0.0415,sl,9.75,-0.04074402125775023
regime,2025-09-22,KRW-HOLO,bull_quiet,-0.04,-0.0415,sl,0.75,-0.04150943396226414
regime,2025-09-22,KRW-AWE,bull_quiet,-0.04,-0.0415,sl,2.0,-0.04385964912280704
regime,2025-09-22,KRW-DRIFT,bull_quiet,0.08,0.0785,tp,1.0,-0.0008779631255487752
regime,2025-09-23,KRW-AVAX,bull_quiet,-0.011159330440173587,-0.012659330440173587,eod,24.0,-0.03719776813391196
regime,2025-09-23,KRW-WLD,bull_quiet,-0.04,-0.0415,sl,4.75,-0.042735042735042694
regime,2025-09-23,KRW-CRO,bull_quiet,-0.04,-0.0415,sl,3.25,-0.04590163934426228
regime,2025-09-24,KRW-DRIFT,bull_quiet,0.08,0.0785,tp,6.75,-0.033138401559454245
regime,2025-09-24,KRW-MOCA,bull_quiet,0.02123356926188058,0.01973356926188058,eod,24.0,-0.03336703741152691
regime,2025-09-24,KRW-GAME2,bull_quiet,-0.04,-0.0415,sl,2.0,-0.045248868778280604
regime,2025-09-25,KRW-W,bull_quiet,-0.04,-0.0415,sl,3.5,-0.04635761589403975
regime,2025-09-25,KRW-BERA,bull_quiet,-0.04,-0.0415,sl,1.25,-0.04356792987883473
regime,2025-09-25,KRW-HYPER,bull_quiet,-0.04,-0.0415,sl,1.25,-0.042959427207637235
regime,2025-09-26,KRW-GAME2,bull_quiet,-0.04,-0.0415,sl,15.0,-0.04439252336448607
regime,2025-09-26,KRW-ATH,bull_quiet,-0.04,-0.0415,sl,2.0,-0.05035971223021585
regime,2025-09-26,KRW-AVNT,bull_quiet,-0.04,-0.0415,sl,0.75,-0.0537029016890429
regime,2025-09-27,KRW-BERA,bull_quiet,0.0013020833333332593,-0.0001979166666667407,eod,24.0,-0.026822916666666696
regime,2025-09-27,KRW-PUMP,bull_quiet,-0.04,-0.0415,sl,2.75,-0.04078947368421049
regime,2025-09-27,KRW-MNT,bull_quiet,-0.027272727272727226,-0.028772727272727228,eod,24.0,-0.02766798418972327
regime,2025-09-28,KRW-LA,bull_quiet,-0.04,-0.0415,sl,12.75,-0.041587901701323204
regime,2025-09-28,KRW-IMX,bull_quiet,-0.04,-0.0415,sl,5.0,-0.04035087719298247
regime,2025-09-28,KRW-OPEN,bull_quiet,-0.04,-0.0415,sl,2.5,-0.04020100502512558
regime,2025-09-29,KRW-COW,bull_quiet,0.08,0.0785,tp,0.5,0.0
regime,2025-09-29,KRW-OPEN,bull_quiet,-0.04,-0.0415,sl,2.5,-0.04551201011378003
regime,2025-09-29,KRW-BERA,bull_quiet,-0.03391898487066858,-0.03541898487066858,eod,24.0,-0.039287457296242057
regime,2025-09-30,KRW-PUMP,bull_quiet,-0.04,-0.0415,sl,1.75,-0.057317073170731536
regime,2025-09-30,KRW-SUN,bull_quiet,0.0,-0.0015,eod,24.0,-0.0055710306406684396
regime,2025-09-30,KRW-MOCA,bull_quiet,-0.04,-0.0415,sl,7.75,-0.04629629629629628
regime,2025-10-01,KRW-PUMP,bull_quiet,0.08,0.0785,tp,4.5,-0.016470588235294237
regime,2025-10-01,KRW-STRAX,bull_quiet,0.033333333333333215,0.031833333333333214,eod,24.0,-0.025925925925925908
regime,2025-10-01,KRW-BARD,bull_quiet,-0.04,-0.0415,sl,1.5,-0.04166666666666663
regime,2025-10-02,KRW-BIGTIME,bull_quiet,0.012838801711840375,0.011338801711840376,eod,23.75,-0.015691868758915706
regime,2025-10-02,KRW-MOODENG,bull_quiet,0.08,0.0785,tp,2.75,0.0
regime,2025-10-02,KRW-MNT,bull_quiet,0.03817642698295032,0.036676426982950316,eod,24.0,-0.014455151964418045
regime,2025-10-03,KRW-LA,bull_quiet,0.06525911708253362,0.06375911708253362,eod,24.0,-0.0249520153550864
regime,2025-10-03,KRW-ATOM,bull_quiet,-0.0073649754500818565,-0.008864975450081856,eod,24.0,-0.022913256955810146
regime,2025-10-03,KRW-LAYER,bull_quiet,-0.0016420361247947435,-0.0031420361247947435,eod,24.0,-0.029556650246305383
regime,2025-10-04,KRW-ASTR,bull_quiet,-0.04,-0.0415,sl,15.5,-0.04093567251462005
regime,2025-10-04,KRW-LAYER,bull_quiet,-0.04,-0.0415,sl,15.75,-0.041254125412541254
regime,2025-10-04,KRW-BERA,bull_quiet,-0.04,-0.0415,sl,15.5,-0.0421714818266542
regime,2025-10-05,KRW-BLUR,bull_quiet,-0.0092592592592593,-0.0107592592592593,eod,24.0,-0.01851851851851849
regime,2025-10-05,KRW-SNT,bull_quiet,0.012422360248447228,0.010922360248447229,eod,23.5,-0.0031055900621118626
regime,2025-10-05,KRW-HOLO,bull_quiet,0.03858520900321549,0.03708520900321549,eod,24.0,-0.009646302250803873
regime,2025-10-06,KRW-ZETA,bull_quiet,0.08,0.0785,tp,21.0,-0.008230452674897082
regime,2025-10-06,KRW-APT,bull_quiet,-0.04,-0.0415,sl,10.25,-0.042091836734693855
regime,2025-10-06,KRW-MANTRA,bull_quiet,0.04508196721311486,0.04358196721311486,eod,24.0,-0.004098360655737654
regime,2025-10-07,KRW-ME,bull_quiet,-0.04,-0.0415,sl,16.75,-0.040723981900452455
regime,2025-10-07,KRW-BIGTIME,bull_quiet,-0.04,-0.0415,sl,15.25,-0.04073033707865181
regime,2025-10-07,KRW-VANA,bull_quiet,-0.04,-0.0415,sl,15.25,-0.040447504302925985
regime,2025-10-08,KRW-BEAM,bull_quiet,0.015151515151515138,0.013651515151515138,eod,24.0,-0.015151515151515138
regime,2025-10-08,KRW-FLUID,bull_quiet,0.013109596224436304,0.011609596224436304,eod,23.25,-0.035658101730466685
regime,2025-10-08,KRW-PUMP,bull_quiet,-0.04,-0.0415,sl,0.75,-0.045112781954887216
regime,2025-10-09,KRW-FF,bull_quiet,-0.04,-0.0415,sl,2.5,-0.05531914893617018
regime,2025-10-09,KRW-FLUID,bull_quiet,-0.04,-0.0415,sl,8.25,-0.04037267080745344
regime,2025-10-09,KRW-BAT,bull_quiet,0.08,0.0785,tp,11.75,-0.022935779816513735
regime,2025-10-10,KRW-ATH,bull_quiet,-0.04,-0.0415,sl,15.75,-0.04071246819338403
regime,2025-10-10,KRW-CELO,bull_quiet,0.08,0.0785,tp,5.75,-0.011428571428571455
regime,2025-10-10,KRW-SOMI,bull_quiet,-0.04,-0.0415,sl,14.75,-0.0444444444444444
regime,2025-10-11,KRW-ME,bull_quiet,0.08,0.0785,tp,0.75,-0.006299212598425252
regime,2025-10-11,KRW-TIA,bull_quiet,-0.04,-0.0415,sl,0.75,-0.043201133144475934
regime,2025-10-11,KRW-TREE,bull_quiet,0.08,0.0785,tp,0.5,0.0
regime,2025-10-12,KRW-WCT,bull_quiet,0.08,0.0785,tp,15.25,-0.025423728813559365
regime,2025-10-12,KRW-HOLO,bull_quiet,0.08,0.0785,tp,1.5,-0.0050000000000000044
regime,2025-10-12,KRW-ID,bull_quiet,0.08,0.0785,tp,16.25,-0.012195121951219523
regime,2025-10-13,KRW-BAT,bull_quiet,0.08,0.0785,tp,7.25,-0.03396226415094339
regime,2025-10-13,KRW-BEAM,bull_quiet,0.042944785276073594,0.04144478527607359,eod,24.0,-0.015337423312883236
regime,2025-10-13,KRW-WAL,bull_quiet,-0.04,-0.0415,sl,11.25,-0.04371584699453557
regime,2025-10-14,KRW-SAHARA,bull_quiet,-0.015873015873015928,-0.01737301587301593,eod,24.0,-0.03968253968253965
regime,2025-10-14,KRW-LA,bull_quiet,-0.04,-0.0415,sl,8.25,-0.07086614173228345
regime,2025-10-14,KRW-IN,bull_quiet,-0.04,-0.0415,sl,4.0,-0.0462633451957295
regime,2025-10-15,KRW-JST,bull_quiet,-0.002032520325203291,-0.003532520325203291,eod,23.25,-0.014227642276422814
regime,2025-10-15,KRW-WAL,bull_quiet,0.08,0.0785,tp,10.25,-0.02011494252873558
regime,2025-10-15,KRW-DRIFT,bull_quiet,-0.04,-0.0415,sl,15.0,-0.041526374859708226
regime,2025-10-16,KRW-WCT,bull_quiet,-0.04,-0.0415,sl,19.75,-0.047244094488189003
regime,2025-10-16,KRW-0G,bull_quiet,-0.04,-0.0415,sl,16.25,-0.04412238325281803
regime,2025-10-16,KRW-CARV,bull_quiet,-0.04,-0.0415,sl,16.0,-0.04379562043795615
regime,2025-10-17,KRW-FIL,bull_quiet,-0.04,-0.0415,sl,7.0,-0.04286964129483817
regime,2025-10-17,KRW-PENGU,bull_quiet,-0.04,-0.0415,sl,7.0,-0.04451038575667654
regime,2025-10-17,KRW-DOOD,bull_quiet,0.08,0.0785,tp,2.75,0.0
regime,2025-10-18,KRW-FIL,bull_quiet,0.011978704525288375,0.010478704525288375,eod,23.5,-0.0031055900621117516
regime,2025-10-18,KRW-JTO,bull_quiet,-0.04,-0.0415,sl,12.75,-0.042455536431440066
regime,2025-10-18,KRW-COMP,bull_quiet,0.07407407407407418,0.07257407407407418,eod,22.25,-0.00877192982456143
regime,2025-10-19,KRW-AXL,bull_quiet,-0.04,-0.0415,sl,8.5,-0.04166666666666663
regime,2025-10-19,KRW-PROVE,bull_quiet,-0.04,-0.0415,sl,1.25,-0.04061738424045491
regime,2025-10-19,KRW-SUPER,bull_quiet,0.03209459459459452,0.030594594594594515,eod,23.25,-0.015202702702702742
regime,2025-10-20,KRW-KAVA,bull_quiet,-0.013043478260869601,-0.0145434782608696,eod,24.0,-0.021739130434782594
regime,2025-10-20,KRW-OPEN,bull_quiet,0.08,0.0785,tp,21.5,-0.028790786948176605
regime,2025-10-20,KRW-BAT,bull_quiet,-0.04,-0.0415,sl,12.25,-0.04013377926421402
regime,2025-10-21,KRW-BARD,bull_quiet,-0.026612077789150423,-0.028112077789150425,eod,23.75,-0.035823950870010224
regime,2025-10-21,KRW-JTO,bull_quiet,-0.04,-0.0415,sl,4.0,-0.04276508494434683
regime,2025-10-21,KRW-0G,bull_quiet,0.08,0.0785,tp,0.25,-0.005145797598627766
regime,2025-10-22,KRW-2Z,bull_quiet,-0.04,-0.0415,sl,4.5,-0.041131105398457546
regime,2025-10-22,KRW-WAL,bull_quiet,-0.04,-0.0415,sl,5.5,-0.0448179271708683
regime,2025-10-22,KRW-WCT,bull_quiet,-0.04,-0.0415,sl,20.75,-0.05179282868525892
regime,2025-10-23,KRW-LINEA,bull_quiet,0.017316017316017174,0.015816017316017172,eod,24.0,-0.0043290043290044045
regime,2025-10-23,KRW-WAL,bull_quiet,0.08,0.0785,tp,10.25,-0.011527377521613813
regime,2025-10-23,KRW-ZKC,bull_quiet,0.08,0.0785,tp,5.5,-0.012422360248447228
regime,2025-10-24,KRW-MIRA,bull_volatile,0.05756929637526653,0.05606929637526653,eod,24.0,-0.010660980810234588
regime,2025-10-24,KRW-RED,bull_volatile,-0.01158301158301156,-0.01308301158301156,eod,23.25,-0.027027027027026973
regime,2025-10-24,KRW-PUMP,bull_volatile,0.08,0.0785,tp,9.25,-0.017452006980802848
regime,2025-10-25,KRW-NEWT,bull_volatile,0.05263157894736836,0.05113157894736836,eod,17.25,-0.00877192982456143
regime,2025-10-25,KRW-FLOCK,bull_volatile,0.08,0.0785,tp,17.25,-0.02657807308970095
regime,2025-10-25,KRW-MIRA,bull_volatile,0.08,0.0785,tp,12.25,-0.012096774193548376
regime,2025-10-26,KRW-FLOCK,bull_quiet,0.08,0.0785,tp,2.5,-0.018633540372670843
regime,2025-10-26,KRW-AERO,bull_quiet,0.02934702861335281,0.02784702861335281,eod,22.0,-0.023477622890682337
regime,2025-10-26,KRW-ZBT,bull_quiet,0.00982800982800991,0.00832800982800991,eod,24.0,-0.03439803439803435
regime,2025-10-27,KRW-LSK,bull_volatile,-0.021341463414634165,-0.022841463414634167,eod,23.25,-0.024390243902439046
regime,2025-10-27,KRW-CARV,bull_volatile,-0.04,-0.0415,sl,9.25,-0.04016064257028118
regime,2025-10-27,KRW-SUPER,bull_volatile,-0.032733224222585955,-0.034233224222585956,eod,22.75,-0.039279869067103124
regime,2025-10-28,KRW-SONIC,bull_volatile,-0.04,-0.0415,sl,0.75,-0.052631578947368474
regime,2025-10-28,KRW-CELO,bull_volatile,-0.015873015873015928,-0.01737301587301593,eod,24.0,-0.03968253968253965
regime,2025-10-28,KRW-BIO,bull_volatile,-0.04,-0.0415,sl,2.5,-0.04347826086956519
regime,2025-10-29,KRW-EGLD,bull_quiet,0.01334269662921339,0.011842696629213391,eod,22.25,-0.002808988764044895
regime,2025-10-29,KRW-AERO,bull_quiet,-0.04,-0.0415,sl,18.5,-0.04043865661411927
regime,2025-10-29,KRW-TREE,bull_quiet,0.08,0.0785,tp,13.0,-0.026119402985074647
regime,2025-10-30,KRW-WLFI,bull_volatile,-0.04,-0.0415,sl,4.5,-0.04608294930875578
regime,2025-10-30,KRW-ZKC,bull_volatile,-0.04,-0.0415,sl,4.25,-0.041420118343195256
regime,2025-10-30,KRW-FF,bull_volatile,-0.04,-0.0415,sl,4.5,-0.048458149779735726
regime,2025-10-31,KRW-ORDER,bull_volatile,0.006211180124223503,0.004711180124223504,eod,24.0,-0.03105590062111796
regime,2025-10-31,KRW-PROVE,bull_volatile,-0.04,-0.0415,sl,16.25,-0.04057971014492756
regime,2025-10-31,KRW-CPOOL,bull_volatile,-0.04,-0.0415,sl,14.5,-0.04587155963302747
regime,2025-11-01,KRW-SOMI,bull_quiet,-0.04,-0.0415,sl,14.25,-0.041254125412541254
regime,2025-11-01,KRW-ORDER,bull_quiet,-0.006191950464396245,-0.007691950464396245,eod,24.0,-0.02786377708978327
regime,2025-11-01,KRW-BIO,bull_quiet,0.007936507936507908,0.006436507936507909,eod,22.25,-0.015873015873015928
regime,2025-11-02,KRW-ZORA,bull_quiet,-0.04,-0.0415,sl,10.25,-0.047169811320754707
regime,2025-11-02,KRW-CPOOL,bull_quiet,-0.04,-0.0415,sl,10.0,-0.0425742574257425
regime,2025-11-02,KRW-FIL,bull_quiet,0.08,0.0785,tp,9.5,-0.006841046277666019
regime,2025-11-03,KRW-AXL,bull_quiet,-0.04,-0.0415,sl,2.0,-0.044609665427509326
regime,2025-11-03,KRW-T,bull_quiet,-0.04,-0.0415,sl,3.25,-0.04455445544554448
regime,2025-11-03,KRW-MOCA,bull_quiet,-0.04,-0.0415,sl,4.5,-0.05033557046979864
regime,2025-11-04,KRW-IP,bull_quiet,-0.04,-0.0415,sl,5.75,-0.050420168067226934
regime,2025-11-04,KRW-2Z,bull_quiet,-0.04,-0.0415,sl,5.75,-0.04201680672268904
regime,2025-11-04,KRW-CARV,bull_quiet,0.08,0.0785,tp,4.75,-0.014981273408239737
regime,2025-11-05,KRW-ORDER,bear_volatile,-0.02,-0.021500000000000002,sl,0.75,-0.020161290322580627
regime,2025-11-05,KRW-GLM,bear_volatile,-0.02,-0.021500000000000002,sl,0.5,-0.02238805970149249
regime,2025-11-05,KRW-MEW,bear_volatile,-0.02,-0.021500000000000002,sl,0.75,-0.03240740740740755
regime,2025-11-06,KRW-LPT,bull_volatile,0.08,0.0785,tp,22.0,-0.029527559055118058
regime,2025-11-06,KRW-KERNEL,bull_volatile,-0.04,-0.0415,sl,1.5,-0.04458598726114649
regime,2025-11-06,KRW-RVN,bull_volatile,-0.04,-0.0415,sl,1.5,-0.05263157894736836
regime,2025-11-07,KRW-TFUEL,bear_volatile,0.015873015873015817,0.014373015873015817,timestop,1.0,-0.0031746031746032743
regime,2025-11-07,KRW-GLM,bear_volatile,0.003424657534246478,0.001924657534246478,timestop,1.0,-0.010273972602739767
regime,2025-11-07,KRW-LPT,bear_volatile,-0.00504095778197855,-0.00654095778197855,timestop,1.0,-0.0100819155639571
regime,2025-11-08,KRW-SAHARA,bear_volatile,-0.01680672268907568,-0.018306722689075683,timestop,1.0,-0.01680672268907568
regime,2025-11-08,KRW-PROVE,bear_volatile,0.01916572717023679,0.01766572717023679,timestop,1.0,-0.0022547914317925244
regime,2025-11-08,KRW-IN,bear_volatile,-0.0064102564102563875,-0.007910256410256387,timestop,1.0,-0.012820512820512775
regime,2025-11-09,KRW-BARD,bear_volatile,-0.02,-0.021500000000000002,sl,0.5,-0.030146425495262696
regime,2025-11-09,KRW-ENSO,bear_volatile,-0.011620795107033621,-0.013120795107033621,timestop,1.0,-0.015290519877675823
regime,2025-11-09,KRW-FLOCK,bear_volatile,-0.01342281879194629,-0.014922818791946289,timestop,1.0,-0.01342281879194629
regime,2025-11-10,KRW-JUP,bear_volatile,0.01908396946564883,0.01758396946564883,timestop,1.0,-0.009541984732824416
regime,2025-11-10,KRW-PENGU,bear_volatile,0.026431718061673992,0.02493171806167399,timestop,1.0,-0.013215859030836996
regime,2025-11-10,KRW-F,bear_volatile,0.01734104046242768,0.01584104046242768,timestop,1.0,-0.017341040462427793
regime,2025-11-11,KRW-ENSO,bull_volatile,-0.04,-0.0415,sl,6.0,-0.050677666470241634
regime,2025-11-11,KRW-RAY,bull_volatile,-0.04,-0.0415,sl,8.75,-0.04659793814432989
regime,2025-11-11,KRW-GLM,bull_volatile,-0.04,-0.0415,sl,14.0,-0.04519774011299438
regime,2025-11-12,KRW-KNC,bear_volatile,-0.00439560439560438,-0.00589560439560438,timestop,1.0,-0.01098901098901095
regime,2025-11-12,KRW-ONG,bear_volatile,-0.006134969325153339,-0.007634969325153338,timestop,1.0,-0.018404907975460127
regime,2025-11-12,KRW-AERGO,bear_volatile,-0.009345794392523366,-0.010845794392523365,timestop,1.0,-0.01869158878504673
regime,2025-11-13,KRW-ANIME,bear_volatile,-0.017094017094017033,-0.018594017094017035,timestop,1.0,-0.017094017094017033
regime,2025-11-13,KRW-MINA,bear_volatile,-0.02,-0.021500000000000002,sl,0.25,-0.022222222222222254
regime,2025-11-13,KRW-IP,bear_volatile,-0.010638297872340385,-0.012138297872340385,timestop,1.0,-0.011524822695035408
regime,2025-11-14,KRW-CPOOL,bear_volatile,-0.02,-0.021500000000000002,sl,0.25,-0.07717041800643087
regime,2025-11-14,KRW-NEAR,bear_volatile,-0.014531754574811595,-0.016031754574811596,timestop,1.0,-0.017222820236813763
regime,2025-11-14,KRW-AERO,bear_volatile,-0.01273885350318471,-0.01423885350318471,timestop,1.0,-0.013446567586694935
regime,2025-11-15,KRW-LA,bear_volatile,0.05,0.0485,tp,0.25,0.0
regime,2025-11-15,KRW-MMT,bear_volatile,0.0,-0.0015,timestop,1.0,-0.012389380530973493
regime,2025-11-15,KRW-KITE,bear_volatile,-0.017391304347826098,-0.0188913043478261,timestop,1.0,-0.017391304347826098
regime,2025-11-16,KRW-MMT,bear_volatile,-0.02,-0.021500000000000002,sl,0.75,-0.02131438721136769
regime,2025-11-16,KRW-API3,bear_volatile,-0.02,-0.021500000000000002,sl,0.25,-0.023965141612200425
regime,2025-11-16,KRW-UNI,bear_volatile,-0.008992805755395739,-0.010492805755395738,timestop,1.0,-0.01618705035971224
regime,2025-11-17,KRW-SIGN,bear_volatile,0.0117647058823529,0.0102647058823529,timestop,1.0,-0.008403361344537785
regime,2025-11-17,KRW-UNI,bear_volatile,0.0196629213483146,0.018162921348314598,timestop,1.0,-0.006554307116104829
regime,2025-11-17,KRW-AWE,bear_volatile,0.05,0.0485,tp,0.25,0.0
regime,2025-11-18,KRW-ARDR,bear_volatile,-0.02,-0.021500000000000002,sl,0.25,-0.021344717182497308
regime,2025-11-18,KRW-ERA,bear_volatile,-0.02,-0.021500000000000002,sl,0.25,-0.02857142857142858
regime,2025-11-18,KRW-MINA,bear_volatile,-0.02,-0.021500000000000002,sl,1.0,-0.023474178403755874
regime,2025-11-19,KRW-IN,bear_volatile,0.0092592592592593,0.007759259259259301,timestop,1.0,-0.01851851851851849
regime,2025-11-19,KRW-TRUST,bear_volatile,-0.02,-0.021500000000000002,sl,0.25,-0.023121387283236983
regime,2025-11-19,KRW-ERA,bear_volatile,-0.02,-0.021500000000000002,sl,0.5,-0.02168021680216803
regime,2025-11-20,KRW-ZORA,bear_volatile,-0.02,-0.021500000000000002,sl,0.25,-0.027127003699136676
regime,2025-11-20,KRW-NEAR,bear_volatile,-0.01355549279864443,-0.01505549279864443,timestop,1.0,-0.01355549279864443
regime,2025-11-20,KRW-CPOOL,bear_volatile,0.05,0.0485,tp,0.25,0.0
regime,2025-11-21,KRW-CPOOL,bear_volatile,-0.02,-0.021500000000000002,sl,0.25,-0.06323529411764706
regime,2025-11-21,KRW-ALT,bear_volatile,0.012711864406779627,0.011211864406779628,timestop,1.0,-0.016949152542372947
regime,2025-11-21,KRW-MMT,bear_volatile,0.004938271604938205,0.0034382716049382047,timestop,1.0,-0.00987654320987652
regime,2025-11-22,KRW-HOLO,bear_volatile,0.05,0.0485,tp,0.25,-0.007299270072992692
regime,2025-11-22,KRW-SOMI,bear_volatile,0.024154589371980784,0.022654589371980782,timestop,1.0,-0.007246376811594235
regime,2025-11-22,KRW-SYRUP,bear_volatile,-0.02,-0.021500000000000002,sl,1.0,-0.020134228187919434
regime,2025-11-23,KRW-SONIC,bear_volatile,-0.02,-0.021500000000000002,sl,0.75,-0.022058823529411797
regime,2025-11-23,KRW-RED,bear_volatile,0.0,-0.0015,timestop,1.0,-0.005141388174807249
regime,2025-11-23,KRW-1INCH,bear_volatile,-0.02,-0.021500000000000002,sl,0.75,-0.021428571428571463
regime,2025-11-24,KRW-BLAST,bear_volatile,-0.006535947712418277,-0.008035947712418277,timestop,1.0,-0.013071895424836666
regime,2025-11-24,KRW-FIL,bear_volatile,-0.004086636697997581,-0.005586636697997581,timestop,1.0,-0.015120555782590972
regime,2025-11-24,KRW-BTC,bear_volatile,-0.00434855073561724,-0.00584855073561724,timestop,1.0,-0.015136592978681529
regime,2025-11-25,KRW-DEEP,bear_volatile,0.05,0.0485,tp,0.25,-0.004587155963302947
regime,2025-11-25,KRW-BSV,bear_volatile,0.0035403926617316728,0.0020403926617316727,timestop,1.0,-0.006437077566784688
regime,2025-11-25,KRW-CELO,bear_volatile,0.0,-0.0015,timestop,1.0,-0.008032128514056214
regime,2025-11-26,KRW-ONG,bear_volatile,-0.02,-0.021500000000000002,sl,0.5,-0.026490066225165587
regime,2025-11-26,KRW-MVL,bear_volatile,-0.007575757575757569,-0.009075757575757569,timestop,1.0,-0.015151515151515138
regime,2025-11-26,KRW-LAYER,bear_volatile,0.05,0.0485,tp,1.0,0.0
regime,2025-11-27,KRW-LPT,bear_volatile,-0.003233629749393674,-0.0047336297493936735,timestop,1.0,-0.00808407437348424
regime,2025-11-27,KRW-TRUMP,bear_volatile,-0.0015965939329430912,-0.003096593932943091,timestop,1.0,-0.0037253858435337683
regime,2025-11-27,KRW-TOKAMAK,bear_volatile,0.05,0.0485,tp,0.25,-0.01858108108108103
regime,2025-11-28,KRW-TAIKO,bear_volatile,0.05,0.0485,tp,0.25,-0.006329113924050667
regime,2025-11-28,KRW-HYPER,bear_volatile,0.05,0.0485,tp,0.75,-0.004608294930875556
regime,2025-11-28,KRW-W,bear_volatile,0.05,0.0485,tp,0.25,-0.013605442176870763
regime,2025-11-29,KRW-GMT,bear_volatile,0.05,0.0485,tp,0.25,-0.013071895424836666
regime,2025-11-29,KRW-XEC,bear_volatile,-0.02,-0.021500000000000002,sl,0.25,-0.02083333333333326
regime,2025-11-29,KRW-BLAST,bear_volatile,0.013071895424836555,0.011571895424836555,timestop,1.0,-0.006535947712418277
regime,2025-11-30,KRW-META,bear_volatile,-0.02,-0.021500000000000002,sl,0.5,-0.03124999999999989
regime,2025-11-30,KRW-TT,bear_volatile,-0.02,-0.021500000000000002,sl,0.25,-0.025380710659898553
regime,2025-11-30,KRW-DKA,bear_volatile,-0.009009009009009028,-0.010509009009009028,timestop,1.0,-0.018018018018017945
regime,2025-12-01,KRW-ASTR,bear_volatile,-0.02,-0.021500000000000002,sl,0.25,-0.03465346534653457
regime,2025-12-01,KRW-THETA,bear_volatile,-0.02,-0.021500000000000002,sl,0.25,-0.05709342560553632
regime,2025-12-01,KRW-IN,bear_volatile,-0.02,-0.021500000000000002,sl,0.25,-0.043165467625899234
regime,2025-12-02,KRW-FLOCK,bear_volatile,-0.02,-0.021500000000000002,sl,0.25,-0.05291005291005291
regime,2025-12-02,KRW-VANA,bear_volatile,-0.0036488027366020637,-0.005148802736602063,timestop,1.0,-0.014367160775370591
regime,2025-12-02,KRW-IOST,bear_volatile,-0.02,-0.021500000000000002,sl,1.0,-0.02298850574712641
regime,2025-12-03,KRW-WCT,bear_volatile,0.007194244604316502,0.0056942446043165024,timestop,1.0,-0.007194244604316502
regime,2025-12-03,KRW-PLUME,bear_volatile,0.05,0.0485,tp,0.75,-0.013071895424836666
regime,2025-12-03,KRW-AXL,bear_volatile,-0.005586592178770999,-0.007086592178770999,timestop,1.0,-0.005586592178770999
regime,2025-12-04,KRW-PLUME,bear_volatile,-0.02,-0.021500000000000002,sl,0.75,-0.02208201892744477
regime,2025-12-04,KRW-WCT,bear_volatile,0.0,-0.0015,timestop,1.0,-0.006756756756756799
regime,2025-12-04,KRW-SAHARA,bear_volatile,-0.02,-0.021500000000000002,sl,0.25,-0.022184300341297036
regime,2025-12-05,KRW-LAYER,bear_volatile,-0.012499999999999956,-0.013999999999999955,timestop,1.0,-0.012499999999999956
regime,2025-12-05,KRW-MMT,bear_volatile,-0.0027100271002710175,-0.004210027100271017,timestop,1.0,-0.005420054200542035
regime,2025-12-05,KRW-SUPER,bear_volatile,-0.005235602094240788,-0.006735602094240787,timestop,1.0,-0.010471204188481686
regime,2025-12-06,KRW-GMT,bear_volatile,-0.015810276679842028,-0.01731027667984203,timestop,1.0,-0.01976284584980237
regime,2025-12-06,KRW-CELO,bear_volatile,-0.008064516129032251,-0.00956451612903225,timestop,1.0,-0.016129032258064502
regime,2025-12-06,KRW-LSK,bear_volatile,-0.02,-0.021500000000000002,sl,0.25,-0.02670623145400597
regime,2025-12-07,KRW-HIVE,bear_volatile,0.0,-0.0015,timestop,1.0,-0.01273885350318471
regime,2025-12-07,KRW-ZIL,bear_volatile,0.013157894736842257,0.011657894736842258,timestop,1.0,-0.007177033492822837
regime,2025-12-07,KRW-CHZ,bear_volatile,-0.0062893081761007386,-0.007789308176100738,timestop,1.0,-0.012578616352201255
regime,2025-12-08,KRW-CARV,bear_volatile,-0.004854368932038833,-0.006354368932038832,timestop,1.0,-0.01941747572815533
regime,2025-12-08,KRW-2Z,bear_volatile,0.004784688995215225,0.003284688995215225,timestop,1.0,-0.019138755980861233
regime,2025-12-08,KRW-SYRUP,bear_volatile,-0.004950495049504955,-0.0064504950495049545,timestop,1.0,-0.00990099009900991
regime,2025-12-09,KRW-BLAST,bear_volatile,0.0,-0.0015,timestop,1.0,-0.007633587786259555
regime,2025-12-09,KRW-PEPE,bear_volatile,-0.008474576271186418,-0.009974576271186418,timestop,1.0,-0.01412429378531077
regime,2025-12-09,KRW-DRIFT,bear_volatile,-0.02,-0.021500000000000002,sl,1.0,-0.022662889518413554
regime,2025-12-10,KRW-SOMI,bear_volatile,-0.016997167138810165,-0.018497167138810167,timestop,1.0,-0.019830028328611915
regime,2025-12-10,KRW-ID,bear_volatile,-0.008333333333333304,-0.009833333333333303,timestop,1.0,-0.01666666666666672
regime,2025-12-10,KRW-MTL,bear_volatile,0.05,0.0485,tp,0.25,-0.0016207455429497752
regime,2025-12-11,KRW-MTL,bear_volatile,-0.02,-0.021500000000000002,sl,0.25,-0.021909233176838794
regime,2025-12-11,KRW-MNT,bear_volatile,-0.02,-0.021500000000000002,sl,0.75,-0.025966532025389455
regime,2025-12-11,KRW-COW,bear_volatile,-0.02,-0.021500000000000002,sl,1.0,-0.02310231023102305
regime,2025-12-12,KRW-HUNT,bear_volatile,0.018181818181818077,0.016681818181818076,timestop,1.0,-0.013636363636363669
regime,2025-12-12,KRW-BAT,bear_volatile,-0.02,-0.021500000000000002,sl,1.0,-0.02409638554216864
regime,2025-12-12,KRW-ZORA,bear_volatile,-0.0181347150259068,-0.0196347150259068,timestop,1.0,-0.0181347150259068
regime,2025-12-13,KRW-MNT,bear_volatile,-0.006937033084311595,-0.008437033084311594,timestop,1.0,-0.008537886872998945
regime,2025-12-13,KRW-MMT,bear_volatile,-0.02,-0.021500000000000002,sl,1.0,-0.024691358024691357
regime,2025-12-13,KRW-CPOOL,bear_volatile,-0.02,-0.021500000000000002,sl,0.25,-0.02763385146804842
regime,2025-12-14,KRW-GAS,bear_volatile,0.0029088558500323103,0.0014088558500323103,timestop,1.0,-0.004201680672268893
regime,2025-12-14,KRW-MNT,bear_volatile,0.007049345417925457,0.005549345417925457,timestop,1.0,-0.0030211480362537513
regime,2025-12-14,KRW-AXL,bear_volatile,0.00995024875621886,0.00845024875621886,timestop,1.0,-0.00995024875621886
regime,2025-12-15,KRW-MNT,bear_volatile,-0.02,-0.021500000000000002,sl,0.25,-0.021925133689839615
regime,2025-12-15,KRW-G,bear_volatile,-0.012658227848101333,-0.014158227848101333,timestop,1.0,-0.016455696202531733
regime,2025-12-15,KRW-HYPER,bear_volatile,0.0092592592592593,0.007759259259259301,timestop,1.0,-0.0092592592592593
regime,2025-12-16,KRW-AAVE,bear_volatile,-0.018049288441513323,-0.019549288441513324,timestop,1.0,-0.018396390142311647
regime,2025-12-16,KRW-BARD,bear_volatile,-0.003493449781659441,-0.004993449781659441,timestop,1.0,-0.004366812227074246
regime,2025-12-16,KRW-DOOD,bear_volatile,-0.02,-0.021500000000000002,sl,0.75,-0.04249999999999998
regime,2025-12-17,KRW-RAY,bear_volatile,-0.004748982360922693,-0.006248982360922693,timestop,1.0,-0.010176390773405708
regime,2025-12-17,KRW-MON,bear_volatile,-0.01869158878504673,-0.020191588785046732,timestop,1.0,-0.01869158878504673
regime,2025-12-17,KRW-WAVES,bear_volatile,-0.02,-0.021500000000000002,sl,0.5,-0.024321796071094526
regime,2025-12-18,KRW-META,bear_volatile,-0.02,-0.021500000000000002,sl,0.25,-0.06832298136645976
regime,2025-12-18,KRW-MANTRA,bear_volatile,-0.009433962264150941,-0.010933962264150941,timestop,1.0,-0.009433962264150941
regime,2025-12-18,KRW-BARD,bear_volatile,0.002510460251045954,0.001010460251045954,timestop,1.0,-0.006694560669456062
regime,2025-12-19,KRW-WCT,bear_volatile,-0.02,-0.021500000000000002,sl,0.25,-0.036036036036036
regime,2025-12-19,KRW-DOOD,bear_volatile,0.05,0.0485,tp,0.75,-0.01239157372986377
regime,2025-12-19,KRW-SOMI,bear_volatile,-0.02,-0.021500000000000002,sl,0.75,-0.03141361256544506
regime,2025-12-20,KRW-RED,bear_volatile,0.006349206349206327,0.004849206349206327,timestop,1.0,-0.0031746031746031633
regime,2025-12-20,KRW-BERA,bear_volatile,-0.005733944954128489,-0.007233944954128489,timestop,1.0,-0.00917431192660545
regime,2025-12-20,KRW-ME,bear_volatile,0.021472392638036908,0.019972392638036907,timestop,1.0,-0.006134969325153339
regime,2025-12-21,KRW-OPEN,bear_volatile,-0.011363636363636354,-0.012863636363636353,timestop,1.0,-0.018939393939393923
regime,2025-12-21,KRW-PENDLE,bear_volatile,-0.005584642233856907,-0.007084642233856906,timestop,1.0,-0.006980802792321161
regime,2025-12-21,KRW-ZKC,bear_volatile,-0.006329113924050667,-0.007829113924050666,timestop,1.0,-0.012658227848101222
regime,2025-12-22,KRW-POWR,bear_volatile,0.05,0.0485,tp,0.5,0.0
regime,2025-12-22,KRW-HP,bear_volatile,-0.003278688524590234,-0.004778688524590234,timestop,1.0,-0.006557377049180357
regime,2025-12-22,KRW-OPEN,bear_volatile,-0.02,-0.021500000000000002,sl,0.25,-0.022727272727272707
regime,2025-12-23,KRW-HIVE,bear_volatile,-0.02,-0.021500000000000002,sl,0.5,-0.021126760563380254
regime,2025-12-23,KRW-GRT,bear_volatile,0.0,-0.0015,timestop,1.0,-0.005300353356890497
regime,2025-12-23,KRW-AERGO,bear_volatile,-0.012219959266802527,-0.013719959266802527,timestop,1.0,-0.012219959266802527
regime,2025-12-24,KRW-META,bear_volatile,-0.02,-0.021500000000000002,sl,0.5,-0.03105590062111807
regime,2025-12-24,KRW-COW,bear_volatile,-0.008982035928143728,-0.010482035928143727,timestop,1.0,-0.017964071856287456
regime,2025-12-24,KRW-CARV,bear_volatile,-0.02,-0.021500000000000002,sl,0.75,-0.027888446215139417
regime,2025-12-25,KRW-SONIC,bear_volatile,0.0,-0.0015,timestop,1.0,-0.009708737864077666
regime,2025-12-25,KRW-ATH,bear_volatile,-0.007092198581560294,-0.008592198581560294,timestop,1.0,-0.014184397163120477
regime,2025-12-25,KRW-IMX,bear_volatile,-0.011527377521613813,-0.013027377521613813,timestop,1.0,-0.014409221902017322
regime,2025-12-26,KRW-OPEN,bear_volatile,-0.015810276679841917,-0.01731027667984192,timestop,1.0,-0.01976284584980237
regime,2025-12-26,KRW-SYRUP,bear_volatile,-0.014227642276422814,-0.015727642276422815,timestop,1.0,-0.018292682926829285
regime,2025-12-26,KRW-XTZ,bear_volatile,-0.0015337423312883347,-0.0030337423312883347,timestop,1.0,-0.0030674846625766694
regime,2025-12-27,KRW-OP,bear_volatile,0.0050890585241729624,0.0035890585241729624,timestop,1.0,-0.0050890585241730735
regime,2025-12-27,KRW-TOSHI,bear_volatile,-0.009029345372460473,-0.010529345372460473,timestop,1.0,-0.013544018058690765
regime,2025-12-27,KRW-API3,bear_volatile,-0.02,-0.021500000000000002,sl,0.25,-0.02352941176470591
regime,2025-12-28,KRW-ID,bear_volatile,0.05,0.0485,tp,0.25,-0.00108108108108107
regime,2025-12-28,KRW-LPT,bear_volatile,-0.02,-0.021500000000000002,sl,0.25,-0.020724208608517425
regime,2025-12-28,KRW-BIGTIME,bear_volatile,0.0,-0.0015,timestop,1.0,-0.006756756756756799
regime,2025-12-29,KRW-STRAX,bear_volatile,-0.02,-0.021500000000000002,sl,0.25,-0.03246753246753242
regime,2025-12-29,KRW-T,bear_volatile,-0.02,-0.021500000000000002,sl,0.25,-0.03676470588235292
regime,2025-12-29,KRW-TOSHI,bear_volatile,-0.02,-0.021500000000000002,sl,0.25,-0.039823008849557584
regime,2025-12-30,KRW-HIVE,bear_volatile,-0.02,-0.021500000000000002,sl,0.25,-0.039215686274509776
regime,2025-12-30,KRW-ONG,bear_volatile,-0.02,-0.021500000000000002,sl,0.25,-0.03816793893129766
regime,2025-12-30,KRW-MMT,bear_volatile,-0.02,-0.021500000000000002,sl,0.25,-0.02017291066282423
regime,2025-12-31,KRW-PUNDIX,bear_volatile,-0.0058651026392961825,-0.007365102639296182,timestop,1.0,-0.011730205278592365
regime,2025-12-31,KRW-SONIC,bear_volatile,0.01904761904761898,0.01754761904761898,timestop,1.0,-0.01904761904761909
regime,2025-12-31,KRW-ZETA,bear_volatile,-0.02,-0.021500000000000002,sl,0.5,-0.02857142857142858
regime,2026-01-01,KRW-BOUNTY,bear_volatile,-0.02,-0.021500000000000002,sl,0.25,-0.02622950819672132
regime,2026-01-01,KRW-SONIC,bear_volatile,-0.02,-0.021500000000000002,sl,0.75,-0.02752293577981646
regime,2026-01-01,KRW-0G,bear_volatile,-0.01327742837176804,-0.01477742837176804,timestop,1.0,-0.016771488469601636
regime,2026-01-02,KRW-TIA,bear_quiet,0.0,-0.0015,timestop,2.0,-0.013812154696132617
regime,2026-01-02,KRW-TOSHI,bear_quiet,0.009433962264151052,0.007933962264151053,timestop,2.0,-0.009433962264150941
regime,2026-01-02,KRW-AERO,bear_quiet,0.0,-0.0015,timestop,2.0,-0.008784773060029227
regime,2026-01-03,KRW-WLFI,bear_quiet,0.0044642857142858094,0.0029642857142858094,timestop,2.0,-0.004464285714285698
regime,2026-01-03,KRW-LINK,bear_quiet,0.0036477331943720603,0.0021477331943720603,timestop,2.0,-0.0015633142261594069
regime,2026-01-03,KRW-MET2,bear_quiet,0.004901960784313708,0.003401960784313708,timestop,2.0,-0.004901960784313708
regime,2026-01-04,KRW-AUCTION,bear_quiet,-0.004569190600522188,-0.006069190600522188,timestop,2.0,-0.007832898172323799
regime,2026-01-04,KRW-BARD,bear_quiet,0.0008453085376163294,-0.0006546914623836706,timestop,2.0,-0.010143702451394732
regime,2026-01-04,KRW-CRO,bear_quiet,0.020689655172413834,0.019189655172413833,timestop,2.0,-0.006896551724137945
regime,2026-01-05,KRW-QKC,bear_quiet,0.001615508885298933,0.00011550888529893296,timestop,2.0,-0.014539579967689953
regime,2026-01-05,KRW-ENS,bear_quiet,0.031187790311877794,0.029687790311877793,timestop,2.0,-0.005972130059721303
regime,2026-01-05,KRW-LINK,bear_quiet,0.028321318228630377,0.026821318228630375,timestop,2.0,-0.001029866117404743
regime,2026-01-06,KRW-MLK,bear_quiet,0.05,0.0485,tp,0.25,0.0
regime,2026-01-06,KRW-SIGN,bear_quiet,-0.012195121951219412,-0.013695121951219412,timestop,2.0,-0.024390243902439046
regime,2026-01-06,KRW-MINA,bear_quiet,-0.015037593984962405,-0.016537593984962407,timestop,2.0,-0.022556390977443663
regime,2026-01-07,KRW-ERA,bear_quiet,-0.012903225806451646,-0.014403225806451645,timestop,2.0,-0.022580645161290325
regime,2026-01-07,KRW-ONG,bear_quiet,-0.022058823529411797,-0.0235588235294118,timestop,2.0,-0.022058823529411797
regime,2026-01-07,KRW-ANIME,bear_quiet,-0.009259259259259411,-0.010759259259259411,timestop,2.0,-0.02777777777777779
regime,2026-01-08,KRW-ERA,bear_quiet,0.05,0.0485,tp,0.5,-0.006557377049180357
regime,2026-01-08,KRW-HIVE,bear_quiet,-0.03,-0.0315,sl,0.25,-0.03144654088050314
regime,2026-01-08,KRW-ANIME,bear_quiet,0.009009009009008917,0.007509009009008917,timestop,2.0,-0.018018018018017945
regime,2026-01-09,KRW-PUNDIX,bear_quiet,-0.02902374670184693,-0.030523746701846932,timestop,2.0,-0.02902374670184693
regime,2026-01-09,KRW-AGLD,bear_quiet,-0.009111617312072884,-0.010611617312072883,timestop,2.0,-0.015945330296127547
regime,2026-01-09,KRW-SONIC,bear_quiet,0.05,0.0485,tp,0.5,0.0
regime,2026-01-10,KRW-GLM,bear_quiet,0.011820330969267046,0.010320330969267046,timestop,2.0,-0.021276595744680882
regime,2026-01-10,KRW-BLAST,bear_quiet,-0.03,-0.0315,sl,0.5,-0.03125
regime,2026-01-10,KRW-STORJ,bear_quiet,-0.01904761904761909,-0.020547619047619092,timestop,2.0,-0.023809523809523836
regime,2026-01-11,KRW-ZETA,bear_quiet,0.05,0.0485,tp,1.0,0.0
regime,2026-01-11,KRW-AWE,bear_quiet,-0.016393442622950838,-0.01789344262295084,timestop,2.0,-0.01990632318501173
regime,2026-01-11,KRW-DKA,bear_quiet,-0.03,-0.0315,sl,2.0,-0.032128514056224966
regime,2026-01-12,KRW-POKT,bear_quiet,-0.03,-0.0315,sl,0.75,-0.03960396039603964
regime,2026-01-12,KRW-MET2,bear_quiet,-0.03,-0.0315,sl,0.25,-0.03626943005181349
regime,2026-01-12,KRW-PUMP,bear_quiet,-0.011331444759206666,-0.012831444759206665,timestop,2.0,-0.022662889518413443
regime,2026-01-13,KRW-GLM,bear_quiet,0.03191489361702127,0.030414893617021266,timestop,2.0,-0.012765957446808529
regime,2026-01-13,KRW-RENDER,bear_quiet,-0.006285714285714339,-0.0077857142857143385,timestop,2.0,-0.008000000000000007
regime,2026-01-13,KRW-HP,bear_quiet,-0.03,-0.0315,sl,2.0,-0.032163742690058506
regime,2026-01-14,KRW-DRIFT,bear_volatile,0.045643153526971014,0.04414315352697101,timestop,1.0,-0.008298755186721962
regime,2026-01-14,KRW-ETH,bear_volatile,0.00041059330732906574,-0.0010894066926709343,timestop,1.0,-0.0022582631903099726
regime,2026-01-14,KRW-ARK,bear_volatile,0.0,-0.0015,timestop,1.0,-0.00919540229885063
regime,2026-01-15,KRW-WAL,bear_quiet,-0.03,-0.0315,sl,0.75,-0.030042918454935674
regime,2026-01-15,KRW-AERO,bear_quiet,-0.021372328458942658,-0.02287232845894266,timestop,2.0,-0.028121484814398245
regime,2026-01-15,KRW-BIGTIME,bear_quiet,-0.03,-0.0315,sl,1.75,-0.03125
regime,2026-01-16,KRW-GMT,bear_quiet,0.003831417624520883,0.002331417624520883,timestop,2.0,0.0
regime,2026-01-16,KRW-LA,bear_quiet,-0.02123142250530785,-0.022731422505307852,timestop,2.0,-0.02123142250530785
regime,2026-01-16,KRW-MOCA,bear_quiet,-0.03,-0.0315,sl,0.75,-0.032835820895522394
regime,2026-01-17,KRW-1INCH,bear_quiet,0.008368200836819994,0.006868200836819995,timestop,2.0,-0.008368200836820106
regime,2026-01-17,KRW-XTZ,bear_quiet,0.007658643326039494,0.006158643326039494,timestop,2.0,-0.01094091903719907
regime,2026-01-17,KRW-AGLD,bear_quiet,-0.0066225165562914245,-0.008122516556291424,timestop,2.0,-0.02207505518763797
regime,2026-01-18,KRW-TT,bear_quiet,-0.03,-0.0315,sl,1.5,-0.031914893617021156
regime,2026-01-18,KRW-IMX,bear_quiet,-0.027459954233409634,-0.028959954233409635,timestop,2.0,-0.027459954233409634
regime,2026-01-18,KRW-BIGTIME,bear_quiet,0.05,0.0485,tp,1.5,-0.021798365122615904
regime,2026-01-19,KRW-BIO,bear_quiet,-0.03,-0.0315,sl,0.25,-0.10144927536231885
regime,2026-01-19,KRW-BLAST,bear_quiet,-0.03,-0.0315,sl,0.25,-0.08870967741935487
regime,2026-01-19,KRW-BLUR,bear_quiet,-0.03,-0.0315,sl,0.25,-0.09426987060998149
regime,2026-01-25,KRW-RED,bear_volatile,0.05,0.0485,tp,0.75,-0.010869565217391353
regime,2026-01-25,KRW-BOUNTY,bear_volatile,-0.02,-0.021500000000000002,sl,0.25,-0.02997275204359673
regime,2026-01-25,KRW-CTC,bear_volatile,-0.02,-0.021500000000000002,sl,0.25,-0.029055690072639195
regime,2026-01-26,KRW-ASTR,bear_volatile,-0.02,-0.021500000000000002,sl,0.5,-0.024691358024691246
regime,2026-01-26,KRW-ZETA,bear_volatile,-0.02,-0.021500000000000002,sl,0.25,-0.027272727272727226
regime,2026-01-26,KRW-BLAST,bear_volatile,0.05,0.0485,tp,0.25,0.0
regime,2026-01-27,KRW-PROVE,bear_volatile,-0.02,-0.021500000000000002,sl,0.75,-0.0248667850799289
regime,2026-01-27,KRW-ZRX,bear_volatile,-0.02,-0.021500000000000002,sl,0.25,-0.020408163265306145
regime,2026-01-27,KRW-F,bear_volatile,-0.02,-0.021500000000000002,sl,0.25,-0.027081243731193694
regime,2026-01-28,KRW-PYTH,bear_volatile,-0.00553097345132747,-0.00703097345132747,timestop,1.0,-0.013274336283185861
regime,2026-01-28,KRW-BEAM,bear_volatile,-0.01242236024844734,-0.013922360248447339,timestop,1.0,-0.01863354037267073
regime,2026-01-28,KRW-ASTR,bear_volatile,-0.02,-0.021500000000000002,sl,0.25,-0.023668639053254337
regime,2026-01-29,KRW-ARKM,bear_volatile,-0.02,-0.021500000000000002,sl,0.25,-0.05384615384615388
regime,2026-01-29,KRW-FLOCK,bear_volatile,-0.008333333333333304,-0.009833333333333303,timestop,1.0,-0.01666666666666672
regime,2026-01-29,KRW-LINEA,bear_volatile,-0.02,-0.021500000000000002,sl,0.75,-0.045861297539149914
regime,2026-01-30,KRW-AUCTION,bear_volatile,-0.02,-0.021500000000000002,sl,0.75,-0.02857142857142858
regime,2026-01-30,KRW-ZKC,bear_volatile,0.017857142857142794,0.016357142857142792,timestop,1.0,-0.017857142857142905
regime,2026-01-30,KRW-FLUID,bear_volatile,-0.009113924050632938,-0.010613924050632937,timestop,1.0,-0.016708860759493627
regime,2026-01-31,KRW-OPEN,bear_volatile,0.0,-0.0015,timestop,1.0,-0.01673640167364021
regime,2026-01-31,KRW-DRIFT,bear_volatile,-0.02,-0.021500000000000002,sl,0.5,-0.02197802197802201
regime,2026-01-31,KRW-BREV,bear_volatile,-0.02,-0.021500000000000002,sl,0.75,-0.020905923344947785
regime,2026-02-01,KRW-JTO,bear_volatile,0.010845986984815648,0.009345986984815648,timestop,1.0,-0.004338394793926281
regime,2026-02-01,KRW-LAYER,bear_volatile,-0.02,-0.021500000000000002,sl,1.0,-0.025316455696202556
regime,2026-02-01,KRW-TOSHI,bear_volatile,0.003058103975535076,0.0015581039755350758,timestop,1.0,-0.012232415902140636
regime,2026-02-02,KRW-SUPER,bear_volatile,0.01382488479262678,0.01232488479262678,timestop,1.0,-0.004608294930875556
regime,2026-02-02,KRW-DRIFT,bear_volatile,0.05,0.0485,tp,0.5,-0.012499999999999956
regime,2026-02-02,KRW-MOVE,bear_volatile,0.02127659574468077,0.01977659574468077,timestop,1.0,-0.005319148936170248
regime,2026-02-03,KRW-SAHARA,bear_volatile,-0.0072202166064981865,-0.008720216606498186,timestop,1.0,-0.014440433212996373
regime,2026-02-03,KRW-AERO,bear_volatile,0.0,-0.0015,timestop,1.0,-0.015000000000000013
regime,2026-02-03,KRW-WLD,bear_volatile,-0.006578947368421018,-0.008078947368421017,timestop,1.0,-0.016447368421052655
regime,2026-02-04,KRW-COMP,bear_volatile,-0.0023825731790333426,-0.0038825731790333427,timestop,1.0,-0.01497617426820963
regime,2026-02-04,KRW-WAVES,bear_volatile,0.006976744186046435,0.005476744186046436,timestop,1.0,-0.013953488372092981
regime,2026-02-04,KRW-WAL,bear_volatile,0.0,-0.0015,timestop,1.0,-0.007246376811594235
regime,2026-02-05,KRW-KITE,bear_volatile,-0.013513513513513487,-0.015013513513513486,timestop,1.0,-0.018018018018018056
regime,2026-02-05,KRW-MON,bear_volatile,-0.02,-0.021500000000000002,sl,1.0,-0.020547945205479423
regime,2026-02-05,KRW-F,bear_volatile,-0.02,-0.021500000000000002,sl,0.75,-0.026806526806526842
regime,2026-02-06,KRW-XRP,bear_volatile,-0.02,-0.021500000000000002,sl,0.25,-0.06075808249721293
regime,2026-02-06,KRW-BERA,bear_volatile,-0.02,-0.021500000000000002,sl,0.25,-0.06871609403254975
regime,2026-02-06,KRW-OPEN,bear_volatile,-0.02,-0.021500000000000002,sl,0.25,-0.05882352941176472
regime,2026-02-07,KRW-BTT,bear_volatile,-0.02,-0.021500000000000002,sl,0.5,-0.021739130434782705
regime,2026-02-07,KRW-G,bear_volatile,-0.02,-0.021500000000000002,sl,0.25,-0.020979020979021046
regime,2026-02-07,KRW-GAS,bear_volatile,-0.013389441469012997,-0.014889441469012997,timestop,1.0,-0.01568477429227233
regime,2026-02-08,KRW-F,bear_volatile,0.05,0.0485,tp,0.25,0.0
regime,2026-02-08,KRW-ZIL,bear_volatile,-0.011217948717948789,-0.012717948717948789,timestop,1.0,-0.012820512820512886
regime,2026-02-08,KRW-AWE,bear_volatile,-0.02,-0.021500000000000002,sl,0.75,-0.027027027027026973
regime,2026-02-09,KRW-BOUNTY,bear_volatile,-0.013793103448275779,-0.015293103448275778,timestop,1.0,-0.013793103448275779
regime,2026-02-09,KRW-JST,bear_volatile,-0.006369426751592355,-0.007869426751592355,timestop,1.0,-0.006369426751592355
regime,2026-02-09,KRW-AWE,bear_volatile,-0.008928571428571397,-0.010428571428571396,timestop,1.0,-0.017857142857142905
regime,2026-02-10,KRW-BAT,bear_volatile,0.010471204188481575,0.008971204188481576,timestop,1.0,0.0
regime,2026-02-10,KRW-DRIFT,bear_volatile,0.03200000000000003,0.030500000000000027,timestop,1.0,-0.008000000000000007
regime,2026-02-10,KRW-AWE,bear_volatile,-0.008333333333333304,-0.009833333333333303,timestop,1.0,-0.008333333333333304
regime,2026-02-11,KRW-DRIFT,bear_volatile,-0.008196721311475419,-0.009696721311475419,timestop,1.0,-0.008196721311475419
regime,2026-02-11,KRW-F,bear_volatile,0.009029345372460584,0.007529345372460585,timestop,1.0,-0.004514672686230181
regime,2026-02-11,KRW-KAITO,bear_volatile,0.05,0.0485,tp,0.25,-0.015317286652078765
regime,2026-02-12,KRW-CYBER,bear_volatile,-0.02,-0.021500000000000002,sl,0.25,-0.04519119351100809
regime,2026-02-12,KRW-AWE,bear_volatile,0.024793388429751984,0.023293388429751982,timestop,1.0,0.0
regime,2026-02-12,KRW-DEEP,bear_volatile,0.014204545454545414,0.012704545454545415,timestop,1.0,0.0
regime,2026-02-13,KRW-CKB,bear_volatile,-0.008368200836820106,-0.009868200836820105,timestop,1.0,-0.01673640167364021
regime,2026-02-13,KRW-AERO,bear_volatile,-0.02,-0.021500000000000002,sl,1.0,-0.034324942791762014
regime,2026-02-13,KRW-CYBER,bear_volatile,-0.02,-0.021500000000000002,sl,0.5,-0.022646007151370662
regime,2026-02-14,KRW-TRUMP,bear_volatile,0.005994005994006013,0.0044940059940060135,timestop,1.0,-0.002797202797202747
regime,2026-02-14,KRW-MOC,bear_volatile,0.05,0.0485,tp,0.5,-0.002293577981651418
regime,2026-02-14,KRW-WAL,bear_volatile,0.007936507936507908,0.006436507936507909,timestop,1.0,-0.007936507936507908
regime,2026-02-15,KRW-ARKM,bear_volatile,-0.010810810810810811,-0.012310810810810811,timestop,1.0,-0.01621621621621616
regime,2026-02-15,KRW-WAVES,bear_volatile,0.05,0.0485,tp,0.5,-0.005284015852047519
regime,2026-02-15,KRW-QKC,bear_volatile,0.05,0.0485,tp,0.25,0.0
regime,2026-02-16,KRW-FF,bear_volatile,0.0,-0.0015,timestop,1.0,0.0
regime,2026-02-16,KRW-AWE,bear_volatile,0.007246376811594235,0.0057463768115942355,timestop,1.0,-0.007246376811594235
regime,2026-02-16,KRW-COW,bear_volatile,0.009803921568627416,0.008303921568627417,timestop,1.0,0.0
regime,2026-02-17,KRW-BOUNTY,bear_volatile,0.05,0.0485,tp,0.25,0.0
regime,2026-02-17,KRW-PUNDIX,bear_volatile,-0.0078125,-0.0093125,timestop,1.0,-0.0078125
regime,2026-02-17,KRW-AQT,bear_volatile,-0.02,-0.021500000000000002,sl,0.5,-0.023255813953488413
regime,2026-02-18,KRW-CTC,bear_volatile,-0.02,-0.021500000000000002,sl,0.25,-0.02734375
regime,2026-02-18,KRW-WET,bear_volatile,-0.02,-0.021500000000000002,sl,0.5,-0.023255813953488413
regime,2026-02-18,KRW-ENSO,bear_volatile,-0.02,-0.021500000000000002,sl,0.25,-0.022820362785254567
regime,2026-02-19,KRW-ORBS,bear_volatile,-0.02,-0.021500000000000002,sl,0.25,-0.03200000000000003
regime,2026-02-19,KRW-BOUNTY,bear_volatile,-0.006153846153846287,-0.007653846153846287,timestop,1.0,-0.01538461538461533
regime,2026-02-19,KRW-ATOM,bear_volatile,-0.017241379310344862,-0.018741379310344863,timestop,1.0,-0.017241379310344862
regime,2026-02-20,KRW-LSK,bear_volatile,-0.013513513513513487,-0.015013513513513486,timestop,1.0,-0.018018018018018056
regime,2026-02-20,KRW-JTO,bear_volatile,0.011961722488038173,0.010461722488038174,timestop,1.0,-0.0071770334928229484
regime,2026-02-20,KRW-META,bear_volatile,-0.02,-0.021500000000000002,sl,0.25,-0.03921568627450989
regime,2026-02-21,KRW-ELSA,bear_volatile,0.0,-0.0015,timestop,1.0,-0.008695652173912993
regime,2026-02-21,KRW-KERNEL,bear_volatile,-0.02,-0.021500000000000002,sl,0.75,-0.02857142857142858
regime,2026-02-21,KRW-AKT,bear_volatile,-0.02,-0.021500000000000002,sl,0.25,-0.020746887966805017
regime,2026-02-22,KRW-SIGN,bear_volatile,-0.02,-0.021500000000000002,sl,0.5,-0.025445292620865145
regime,2026-02-22,KRW-AAVE,bear_volatile,-0.009513150531617276,-0.011013150531617276,timestop,1.0,-0.012870733072188001
regime,2026-02-22,KRW-AERO,bear_volatile,-0.02,-0.021500000000000002,sl,0.5,-0.022774327122153215
regime,2026-02-23,KRW-MOCA,bear_volatile,-0.02,-0.021500000000000002,sl,0.5,-0.03984063745019917
regime,2026-02-23,KRW-CYBER,bear_volatile,-0.02,-0.021500000000000002,sl,0.25,-0.03775743707093826
regime,2026-02-23,KRW-JTO,bear_volatile,0.01573033707865168,0.01423033707865168,timestop,1.0,-0.0022471910112359383
regime,2026-02-24,KRW-JST,bear_volatile,0.004497751124437732,0.002997751124437732,timestop,1.0,-0.0014992503748126884
regime,2026-02-24,KRW-IN,bear_volatile,0.006036217303822866,0.0045362173038228665,timestop,1.0,-0.019114688128772706
regime,2026-02-24,KRW-ORCA,bear_volatile,0.0035137034434293835,0.0020137034434293834,timestop,1.0,-0.014054813773717534
regime,2026-02-25,KRW-BIRB,bear_volatile,-0.02,-0.021500000000000002,sl,0.25,-0.024590163934426257
regime,2026-02-25,KRW-SOMI,bear_volatile,0.05,0.0485,tp,0.75,-0.009375000000000022
regime,2026-02-25,KRW-KERNEL,bear_volatile,0.05,0.0485,tp,0.5,0.0
regime,2026-02-26,KRW-TAO,bear_volatile,0.008111239860950192,0.006611239860950193,timestop,1.0,-0.004634994206257237
regime,2026-02-26,KRW-NEWT,bear_volatile,-0.00303030303030305,-0.004530303030303049,timestop,1.0,-0.00909090909090915
regime,2026-02-26,KRW-PENGU,bear_volatile,-0.00952380952380949,-0.01102380952380949,timestop,1.0,-0.01904761904761898
regime,2026-02-27,KRW-BIRB,bear_volatile,-0.015873015873015928,-0.01737301587301593,timestop,1.0,-0.019841269841269882
regime,2026-02-27,KRW-SENT,bear_volatile,-0.02,-0.021500000000000002,sl,0.5,-0.022471910112359716
regime,2026-02-27,KRW-CTC,bear_volatile,-0.02,-0.021500000000000002,sl,0.25,-0.028455284552845517
regime,2026-02-28,KRW-CHZ,bear_volatile,-0.002028397565922768,-0.0035283975659227682,timestop,1.0,-0.010141987829614618
regime,2026-02-28,KRW-ID,bear_volatile,-0.02,-0.021500000000000002,sl,0.5,-0.02457757296466967
regime,2026-02-28,KRW-DOT,bear_volatile,-0.002136752136752129,-0.003636752136752129,timestop,1.0,-0.014957264957264904
regime,2026-03-01,KRW-ALT,bear_volatile,-0.02,-0.021500000000000002,sl,0.75,-0.02752293577981657
regime,2026-03-01,KRW-GAME2,bear_volatile,-0.014150943396226578,-0.01565094339622658,timestop,1.0,-0.018867924528301883
regime,2026-03-01,KRW-MBL,bear_volatile,-0.007462686567164201,-0.0089626865671642,timestop,1.0,-0.014925373134328401
regime,2026-03-02,KRW-ELF,bear_volatile,-0.02,-0.021500000000000002,sl,0.5,-0.04201680672268904
regime,2026-03-02,KRW-AZTEC,bear_volatile,0.05,0.0485,tp,0.75,-0.009554140127388422
regime,2026-03-02,KRW-AAVE,bear_volatile,0.013285024154589431,0.011785024154589431,timestop,1.0,0.0
regime,2026-03-03,KRW-IMX,bear_volatile,-0.02,-0.021500000000000002,sl,0.5,-0.020746887966805017
regime,2026-03-03,KRW-YGG,bear_volatile,-0.00865051903114189,-0.01015051903114189,timestop,1.0,-0.019031141868511958
regime,2026-03-03,KRW-JUP,bear_volatile,-0.007751937984496138,-0.009251937984496137,timestop,1.0,-0.011627906976744207
regime,2026-03-04,KRW-KAITO,bear_volatile,0.014842300556586308,0.013342300556586308,timestop,1.0,-0.011131725417439675
regime,2026-03-04,KRW-LSK,bear_volatile,-0.02,-0.021500000000000002,sl,0.5,-0.02030456852791873
regime,2026-03-04,KRW-STEEM,bear_volatile,-0.02,-0.021500000000000002,sl,0.75,-0.024532710280373737
regime,2026-03-05,KRW-IN,bear_volatile,0.00952380952380949,0.00802380952380949,timestop,1.0,-0.01904761904761909
regime,2026-03-05,KRW-MOODENG,bear_volatile,-0.005326231691078487,-0.006826231691078486,timestop,1.0,-0.009320905459387352
regime,2026-03-05,KRW-STRAX,bear_volatile,0.05,0.0485,tp,0.5,-0.018018018018017945
regime,2026-03-06,KRW-THETA,bear_volatile,0.007042253521126751,0.005542253521126752,timestop,1.0,0.0
regime,2026-03-06,KRW-OP,bear_volatile,0.0,-0.0015,timestop,1.0,-0.005434782608695676
regime,2026-03-06,KRW-FCT2,bear_volatile,-0.02,-0.021500000000000002,sl,0.5,-0.021857923497267895
regime,2026-03-07,KRW-WAXP,bear_volatile,-0.005417118093174467,-0.006917118093174466,timestop,1.0,-0.007583965330444253
regime,2026-03-07,KRW-ASTR,bear_volatile,-0.02,-0.021500000000000002,sl,0.25,-0.02678571428571419
regime,2026-03-07,KRW-BREV,bear_volatile,-0.02,-0.021500000000000002,sl,0.25,-0.025104602510460206
regime,2026-03-08,KRW-BEAM,bear_volatile,0.0034246575342467,0.0019246575342467,timestop,1.0,-0.010273972602739656
regime,2026-03-08,KRW-PLUME,bear_volatile,-0.02,-0.021500000000000002,sl,0.5,-0.023255813953488302
regime,2026-03-08,KRW-AZTEC,bear_volatile,-0.02,-0.021500000000000002,sl,0.25,-0.024615384615384595
regime,2026-03-09,KRW-KERNEL,bear_volatile,-0.02,-0.021500000000000002,sl,0.5,-0.025000000000000022
regime,2026-03-09,KRW-CFG,bear_volatile,0.05,0.0485,tp,0.25,0.0
regime,2026-03-09,KRW-KAVA,bear_volatile,-0.02,-0.021500000000000002,sl,0.5,-0.028865979381443307
regime,2026-03-10,KRW-TAO,bear_volatile,0.009110021023125414,0.007610021023125415,timestop,1.0,-0.005606166783461819
regime,2026-03-10,KRW-DEEP,bear_volatile,0.011135857461024523,0.009635857461024524,timestop,1.0,-0.011135857461024523
regime,2026-03-10,KRW-EDGE,bear_volatile,0.05,0.0485,tp,0.25,0.0
regime,2026-03-11,KRW-RENDER,bear_volatile,0.0013927576601671099,-0.00010724233983289014,timestop,1.0,-0.0069637883008356605
regime,2026-03-11,KRW-LA,bear_volatile,-0.02,-0.021500000000000002,sl,1.0,-0.023391812865497075
regime,2026-03-11,KRW-TAO,bear_volatile,0.0006828269033800627,-0.0008171730966199373,timestop,1.0,-0.006486855582109929
regime,2026-03-12,KRW-ANKR,bear_volatile,-0.007645259938837912,-0.009145259938837911,timestop,1.0,-0.007645259938837912
regime,2026-03-12,KRW-ONG,bear_volatile,0.05,0.0485,tp,0.25,-0.0021645021645021467
regime,2026-03-12,KRW-CVC,bear_volatile,-0.0022831050228309113,-0.0037831050228309114,timestop,1.0,-0.0091324200913242
regime,2026-03-13,KRW-AZTEC,bear_volatile,0.0028985507246377384,0.0013985507246377384,timestop,1.0,-0.008695652173912993
regime,2026-03-13,KRW-W,bear_volatile,-0.0037037037037037646,-0.005203703703703764,timestop,1.0,-0.007407407407407418
regime,2026-03-13,KRW-RENDER,bear_volatile,0.004448038819247824,0.0029480388192478237,timestop,1.0,-0.011322280630812753
regime,2026-03-14,KRW-MET2,bear_volatile,-0.02,-0.021500000000000002,sl,1.0,-0.020000000000000018
regime,2026-03-14,KRW-MEW,bear_volatile,0.05,0.0485,tp,1.0,-0.011566771819137789
regime,2026-03-14,KRW-AKT,bear_volatile,0.05,0.0485,tp,0.5,-0.0030911901081916993
regime,2026-03-15,KRW-BTT,bear_volatile,-0.008032128514056214,-0.009532128514056213,timestop,1.0,-0.010040160642570295
regime,2026-03-15,KRW-BIRB,bear_volatile,-0.02,-0.021500000000000002,sl,0.25,-0.04214559386973182
regime,2026-03-15,KRW-DEEP,bear_volatile,-0.02,-0.021500000000000002,sl,0.5,-0.021194605009633993
regime,2026-03-16,KRW-MLK,bear_volatile,-0.006265664160400974,-0.007765664160400974,timestop,1.0,-0.013784461152882121
regime,2026-03-16,KRW-TOKAMAK,bear_volatile,0.0,-0.0015,timestop,1.0,-0.006802721088435382
regime,2026-03-16,KRW-IMX,bear_volatile,-0.02,-0.021500000000000002,sl,0.75,-0.020000000000000018
regime,2026-03-17,KRW-ZKC,bear_volatile,0.008196721311475308,0.006696721311475308,timestop,1.0,-0.008196721311475419
regime,2026-03-17,KRW-ASTR,bear_volatile,-0.008547008547008517,-0.010047008547008516,timestop,1.0,-0.017094017094017033
regime,2026-03-17,KRW-0G,bear_volatile,0.003424657534246478,0.001924657534246478,timestop,1.0,-0.003424657534246589
regime,2026-03-18,KRW-ERA,bear_volatile,-0.009302325581395321,-0.01080232558139532,timestop,1.0,-0.013953488372092981
regime,2026-03-18,KRW-AERGO,bear_volatile,-0.02,-0.021500000000000002,sl,0.5,-0.021428571428571352
regime,2026-03-18,KRW-SNT,bear_volatile,-0.0065359477124183885,-0.008035947712418388,timestop,1.0,-0.013071895424836666
regime,2026-03-19,KRW-ANIME,bear_volatile,0.05,0.0485,tp,0.5,-0.005340453938584733
regime,2026-03-19,KRW-DKA,bear_volatile,-0.02,-0.021500000000000002,sl,0.25,-0.057071960297766844
regime,2026-03-19,KRW-G,bear_volatile,-0.02,-0.021500000000000002,sl,0.5,-0.027287319422151013
regime,2026-03-20,KRW-G,bear_volatile,-0.02,-0.021500000000000002,sl,0.25,-0.03109656301145669
regime,2026-03-20,KRW-TAO,bear_volatile,-0.02,-0.021500000000000002,sl,0.75,-0.02543380080817681
regime,2026-03-20,KRW-SIGN,bear_volatile,-0.02,-0.021500000000000002,sl,0.25,-0.024169184290030343
regime,2026-03-21,KRW-ANKR,bear_volatile,0.05,0.0485,tp,0.25,-0.005134788189987138
regime,2026-03-21,KRW-G,bear_volatile,-0.008116883116883078,-0.009616883116883078,timestop,1.0,-0.01461038961038963
regime,2026-03-21,KRW-ETHFI,bear_volatile,-0.00588235294117645,-0.007382352941176449,timestop,1.0,-0.0117647058823529
regime,2026-03-22,KRW-G,bear_volatile,-0.02,-0.021500000000000002,sl,0.25,-0.021775544388609736
regime,2026-03-22,KRW-SIGN,bear_volatile,0.00828729281767937,0.006787292817679371,timestop,1.0,-0.017955801104972524
regime,2026-03-22,KRW-CPOOL,bear_volatile,-0.02,-0.021500000000000002,sl,0.25,-0.024390243902438935
regime,2026-03-23,KRW-CFG,bear_volatile,-0.02,-0.021500000000000002,sl,0.5,-0.025252525252525304
regime,2026-03-23,KRW-G,bear_volatile,0.008960573476702427,0.007460573476702427,timestop,1.0,-0.012544802867383575
regime,2026-03-23,KRW-NXPC,bear_volatile,-0.02,-0.021500000000000002,sl,0.25,-0.02050113895216399
regime,2026-03-24,KRW-ZETA,bear_volatile,0.05,0.0485,tp,0.25,-0.0072289156626504925
regime,2026-03-24,KRW-ZRO,bear_volatile,0.007014333638304393,0.0055143336383043935,timestop,1.0,-0.009759072888075648
regime,2026-03-24,KRW-SHIB,bear_volatile,-0.007717750826901959,-0.009217750826901959,timestop,1.0,-0.013230429988974723
regime,2026-03-25,KRW-CVC,bear_volatile,0.05,0.0485,tp,0.25,-0.004098360655737654
regime,2026-03-25,KRW-ICX,bear_volatile,0.008992805755395628,0.007492805755395628,timestop,1.0,-0.01618705035971224
regime,2026-03-25,KRW-CELO,bear_volatile,-0.008130081300813052,-0.009630081300813052,timestop,1.0,-0.016260162601625994
regime,2026-03-26,KRW-FCT2,bear_volatile,0.0,-0.0015,timestop,1.0,-0.01546391752577303
regime,2026-03-26,KRW-AERO,bear_volatile,0.0020000000000000018,0.0005000000000000017,timestop,1.0,0.0
regime,2026-03-26,KRW-RENDER,bear_volatile,0.0028776978417266452,0.0013776978417266452,timestop,1.0,-0.003597122302158251
regime,2026-03-27,KRW-AWE,bear_volatile,-0.00402684563758382,-0.00552684563758382,timestop,1.0,-0.00402684563758382
regime,2026-03-27,KRW-CPOOL,bear_volatile,0.05,0.0485,tp,0.25,-0.013850415512465353
regime,2026-03-27,KRW-CFG,bear_volatile,-0.02,-0.021500000000000002,sl,0.25,-0.0267857142857143
regime,2026-03-28,KRW-MET2,bear_volatile,-0.02,-0.021500000000000002,sl,0.25,-0.026200873362445365
regime,2026-03-28,KRW-DKA,bear_volatile,-0.02,-0.021500000000000002,sl,0.5,-0.03703703703703709
regime,2026-03-28,KRW-ANKR,bear_volatile,0.05,0.0485,tp,0.25,-0.003811944091486663
regime,2026-03-29,KRW-ONG,bear_volatile,-0.02,-0.021500000000000002,sl,0.25,-0.03575297941495126
regime,2026-03-29,KRW-SIGN,bear_volatile,-0.02,-0.021500000000000002,sl,0.25,-0.022312373225152005
regime,2026-03-29,KRW-CHZ,bear_volatile,-0.02,-0.021500000000000002,sl,0.75,-0.021241830065359513
regime,2026-03-30,KRW-SIGN,bear_volatile,0.00591715976331364,0.00441715976331364,timestop,1.0,-0.01183431952662728
regime,2026-03-30,KRW-KERNEL,bear_volatile,0.009345794392523255,0.007845794392523255,timestop,1.0,0.0
regime,2026-03-30,KRW-SENT,bear_volatile,-0.02,-0.021500000000000002,sl,0.5,-0.03546099290780147
regime,2026-03-31,KRW-KNC,bear_volatile,-0.013274336283185861,-0.014774336283185861,timestop,1.0,-0.017699115044247815
regime,2026-03-31,KRW-BSV,bear_volatile,0.0038722168441431837,0.0023722168441431836,timestop,1.0,-0.005324298160697016
regime,2026-03-31,KRW-ONG,bear_volatile,-0.02,-0.021500000000000002,sl,0.25,-0.025000000000000022
regime,2026-04-01,KRW-WCT,bear_volatile,-0.02,-0.021500000000000002,sl,0.25,-0.023094688221709014
regime,2026-04-01,KRW-BLAST,bear_volatile,0.05,0.0485,tp,0.25,-0.0014450867052022698
regime,2026-04-01,KRW-TREE,bear_volatile,-0.014317180616740033,-0.015817180616740034,timestop,1.0,-0.017621145374449254
regime,2026-04-02,KRW-T,bear_volatile,0.006451612903225712,0.004951612903225712,timestop,1.0,-0.0021505376344087557
regime,2026-04-02,KRW-SEI,bear_volatile,-0.0048661800486619056,-0.006366180048661905,timestop,1.0,-0.015815085158150777
regime,2026-04-02,KRW-TAIKO,bear_volatile,-0.02,-0.021500000000000002,sl,0.5,-0.02010050251256279
regime,2026-04-03,KRW-ORBS,bear_volatile,-0.015503875968992276,-0.017003875968992277,timestop,1.0,-0.015503875968992276
regime,2026-04-03,KRW-SAFE,bear_volatile,-0.02,-0.021500000000000002,sl,0.25,-0.02409638554216864
regime,2026-04-03,KRW-ZORA,bear_volatile,-0.014018691588784882,-0.015518691588784881,timestop,1.0,-0.01869158878504662
regime,2026-04-04,KRW-ALT,bear_volatile,-0.02,-0.021500000000000002,sl,0.25,-0.0326732673267327
regime,2026-04-04,KRW-BIO,bear_volatile,-0.0038461538461539435,-0.005346153846153943,timestop,1.0,-0.011538461538461608
regime,2026-04-04,KRW-BLUR,bear_volatile,-0.02,-0.021500000000000002,sl,0.5,-0.03322259136212624
regime,2026-04-05,KRW-BERA,bear_volatile,-0.02,-0.021500000000000002,sl,0.25,-0.021538461538461506
regime,2026-04-05,KRW-ALGO,bear_volatile,-0.01098901098901095,-0.01248901098901095,timestop,1.0,-0.016483516483516536
regime,2026-04-05,KRW-MON,bear_volatile,-0.01210653753026636,-0.013606537530266359,timestop,1.0,-0.014527845036319431
regime,2026-04-06,KRW-FCT2,bear_volatile,0.0,-0.0015,timestop,1.0,-0.01098901098901095
regime,2026-04-06,KRW-1INCH,bear_volatile,0.0,-0.0015,timestop,1.0,-0.007407407407407418
regime,2026-04-06,KRW-SOMI,bear_volatile,-0.02,-0.021500000000000002,sl,1.0,-0.02371541501976282
regime,2026-04-07,KRW-NEWT,bear_volatile,-0.009803921568627416,-0.011303921568627416,timestop,1.0,-0.019607843137254943
regime,2026-04-07,KRW-PENDLE,bear_volatile,-0.012393998695368613,-0.013893998695368613,timestop,1.0,-0.012393998695368613
regime,2026-04-07,KRW-FLUID,bear_volatile,-0.02,-0.021500000000000002,sl,0.75,-0.024450891007045117
regime,2026-04-08,KRW-SKR,bear_volatile,-0.02,-0.021500000000000002,sl,0.75,-0.022222222222222254
regime,2026-04-08,KRW-AAVE,bear_volatile,-0.02,-0.021500000000000002,sl,0.75,-0.02236198462613559
regime,2026-04-08,KRW-ANIME,bear_volatile,-0.008595988538682042,-0.010095988538682042,timestop,1.0,-0.014326647564469996
regime,2026-04-09,KRW-SAFE,bear_volatile,-0.02,-0.021500000000000002,sl,0.5,-0.021390374331550777
regime,2026-04-09,KRW-OPEN,bear_volatile,-0.011278195488721776,-0.012778195488721776,timestop,1.0,-0.018796992481203034
regime,2026-04-09,KRW-DRIFT,bear_volatile,0.019736842105263053,0.01823684210526305,timestop,1.0,-0.018421052631579005
regime,2026-04-10,KRW-IN,bear_volatile,-0.02,-0.021500000000000002,sl,0.75,-0.02759381898454749
regime,2026-04-10,KRW-PYTH,bear_volatile,-0.02,-0.021500000000000002,sl,0.75,-0.022535211267605604
regime,2026-04-10,KRW-OPEN,bear_volatile,-0.02,-0.021500000000000002,sl,0.75,-0.025362318840579712
regime,2026-04-11,KRW-WAL,bear_volatile,-0.02,-0.021500000000000002,sl,0.25,-0.026548672566371723
regime,2026-04-11,KRW-A,bear_volatile,-0.008264462809917328,-0.009764462809917327,timestop,1.0,-0.016528925619834656
regime,2026-04-11,KRW-AUCTION,bear_volatile,-0.009845288326300938,-0.011345288326300938,timestop,1.0,-0.011251758087201136
regime,2026-04-12,KRW-BLAST,bear_volatile,0.05,0.0485,tp,0.5,0.0
regime,2026-04-12,KRW-BLUR,bear_volatile,-0.02,-0.021500000000000002,sl,0.25,-0.024024024024023927
regime,2026-04-12,KRW-XPL,bear_volatile,-0.004950495049504955,-0.0064504950495049545,timestop,1.0,-0.014851485148514865
regime,2026-04-13,KRW-JST,bear_volatile,-0.02,-0.021500000000000002,sl,0.75,-0.05932203389830504
regime,2026-04-13,KRW-WET,bear_volatile,-0.02,-0.021500000000000002,sl,0.25,-0.032258064516129004
regime,2026-04-13,KRW-AHT,bear_volatile,-0.02,-0.021500000000000002,sl,0.25,-0.025104602510460317
regime,2026-04-14,KRW-IMX,bear_volatile,0.004566210045662045,0.0030662100456620447,timestop,1.0,-0.0091324200913242
regime,2026-04-14,KRW-AXL,bear_volatile,-0.010014306151645225,-0.011514306151645224,timestop,1.0,-0.012875536480686733
regime,2026-04-14,KRW-WCT,bear_volatile,0.013729977116704761,0.012229977116704762,timestop,1.0,-0.010297482837528626
regime,2026-04-15,KRW-BIO,bear_volatile,-0.00694444444444442,-0.00844444444444442,timestop,1.0,-0.00694444444444442
regime,2026-04-15,KRW-JST,bear_volatile,0.008695652173912993,0.007195652173912994,timestop,1.0,-0.008695652173912993
regime,2026-04-15,KRW-DKA,bear_volatile,-0.02,-0.021500000000000002,sl,0.25,-0.029126213592233108
regime,2026-04-16,KRW-INJ,bear_volatile,-0.001461072844917588,-0.002961072844917588,timestop,1.0,-0.009810060530160758
regime,2026-04-16,KRW-FLOCK,bear_volatile,0.05,0.0485,tp,0.25,-0.00111358574610243
regime,2026-04-16,KRW-ARKM,bear_volatile,-0.02,-0.021500000000000002,sl,0.5,-0.0239520958083832
regime,2026-04-17,KRW-HBAR,bear_volatile,0.007518796992481258,0.0060187969924812585,timestop,1.0,0.0
regime,2026-04-17,KRW-SONIC,bear_volatile,0.018248175182481674,0.016748175182481673,timestop,1.0,-0.009124087591240837
regime,2026-04-17,KRW-ZK,bear_volatile,0.0,-0.0015,timestop,1.0,-0.012345679012345734
regime,2026-04-18,KRW-KNC,bear_volatile,-0.02,-0.021500000000000002,sl,0.75,-0.023255813953488413
regime,2026-04-18,KRW-WLFI,bear_volatile,0.0,-0.0015,timestop,1.0,-0.01666666666666672
regime,2026-04-18,KRW-BERA,bear_volatile,-0.015220700152207,-0.016720700152207002,timestop,1.0,-0.019786910197869156
regime,2026-04-19,KRW-TREE,bear_volatile,-0.02,-0.021500000000000002,sl,0.5,-0.03669724770642202
regime,2026-04-19,KRW-PENDLE,bear_volatile,0.003472222222222321,0.001972222222222321,timestop,1.0,-0.01388888888888884
regime,2026-04-19,KRW-TIA,bear_volatile,-0.02,-0.021500000000000002,sl,0.75,-0.02405498281786944
regime,2026-04-20,KRW-CPOOL,bear_volatile,-0.02,-0.021500000000000002,sl,0.25,-0.031630170316301776
regime,2026-04-20,KRW-IN,bear_volatile,0.05,0.0485,tp,0.5,-0.01588983050847459
regime,2026-04-20,KRW-ZBT,bear_volatile,0.023255813953488413,0.021755813953488412,timestop,1.0,0.0
regime,2026-04-21,KRW-FLUID,bear_volatile,-0.0028146361077603377,-0.004314636107760337,timestop,1.0,-0.015279453156413325
regime,2026-04-21,KRW-MOODENG,bear_volatile,-0.0035087719298245723,-0.005008771929824572,timestop,1.0,-0.011695906432748537
regime,2026-04-21,KRW-AXL,bear_volatile,0.05,0.0485,tp,0.25,0.0
regime,2026-04-22,KRW-OPEN,bear_volatile,0.023738872403560762,0.02223887240356076,timestop,1.0,-0.008902077151335286
regime,2026-04-22,KRW-FLOCK,bear_volatile,-0.02,-0.021500000000000002,sl,0.25,-0.025289778714436273
regime,2026-04-22,KRW-BIRB,bear_volatile,0.05,0.0485,tp,1.0,-0.004950495049504955
regime,2026-04-23,KRW-BCH,bear_volatile,0.0,-0.0015,timestop,1.0,-0.008784773060029227
regime,2026-04-23,KRW-AERO,bear_volatile,-0.02,-0.021500000000000002,sl,0.5,-0.023809523809523836
regime,2026-04-23,KRW-AVNT,bear_volatile,-0.02,-0.021500000000000002,sl,0.5,-0.02304147465437789
regime,2026-04-24,KRW-RED,bear_volatile,0.05,0.0485,tp,0.25,-0.00497512437810943
regime,2026-04-24,KRW-PLUME,bear_volatile,0.029556650246305383,0.02805665024630538,timestop,1.0,-0.009852216748768461
regime,2026-04-24,KRW-CHZ,bear_volatile,0.018741633199464314,0.017241633199464312,timestop,1.0,-0.0013386880856761652
regime,2026-04-25,KRW-AZTEC,bear_volatile,0.008695652173912993,0.007195652173912994,timestop,1.0,-0.005797101449275477
regime,2026-04-25,KRW-FLOCK,bear_volatile,-0.02,-0.021500000000000002,sl,0.5,-0.02857142857142858
regime,2026-04-25,KRW-BIRB,bear_volatile,0.0042918454935623185,0.0027918454935623184,timestop,1.0,-0.01716738197424894
regime,2026-04-26,KRW-AUCTION,bear_quiet,-0.011604095563139905,-0.013104095563139904,timestop,2.0,-0.029351535836177445
regime,2026-04-26,KRW-AWE,bear_quiet,-0.014796547472256338,-0.01629654747225634,timestop,2.0,-0.023427866831072675
regime,2026-04-26,KRW-FLOCK,bear_quiet,0.02970297029702973,0.028202970297029728,timestop,2.0,-0.026732673267326756
regime,2026-04-27,KRW-SKR,bear_quiet,0.0117647058823529,0.0102647058823529,timestop,2.0,-0.02352941176470591
regime,2026-04-27,KRW-ZKP,bear_quiet,-0.03,-0.0315,sl,0.25,-0.03816793893129766
regime,2026-04-27,KRW-ELSA,bear_quiet,-0.03,-0.0315,sl,0.75,-0.03669724770642202
regime,2026-04-28,KRW-MANTRA,bear_quiet,-0.03,-0.0315,sl,1.5,-0.03105590062111807
regime,2026-04-28,KRW-OPEN,bear_quiet,0.0025839793281654533,0.0010839793281654533,timestop,2.0,-0.028423772609819098
regime,2026-04-28,KRW-CHZ,bear_quiet,0.0,-0.0015,timestop,2.0,-0.00669344042838016
regime,2026-04-29,KRW-WET,bear_quiet,-0.013986013986013957,-0.015486013986013956,timestop,2.0,-0.027972027972028024
regime,2026-04-29,KRW-VANA,bear_quiet,-0.008880994671403242,-0.010380994671403241,timestop,2.0,-0.018650088809946674
regime,2026-04-29,KRW-HYPER,bear_quiet,0.05,0.0485,tp,1.25,0.0
regime,2026-04-30,KRW-RAY,bear_quiet,0.0008438818565401629,-0.0006561181434598371,timestop,2.0,-0.026160337552742607
regime,2026-04-30,KRW-HYPER,bear_quiet,0.0,-0.0015,timestop,2.0,-0.017045454545454586
regime,2026-04-30,KRW-OPEN,bear_quiet,0.007263922518159882,0.0057639225181598825,timestop,2.0,-0.014527845036319653
regime,2026-05-01,KRW-AWE,bear_quiet,-0.002195389681668325,-0.003695389681668325,timestop,2.0,-0.01756311745334793
regime,2026-05-01,KRW-SOMI,bear_quiet,-0.014285714285714235,-0.015785714285714236,timestop,2.0,-0.021428571428571463
regime,2026-05-01,KRW-ZKP,bear_quiet,0.05,0.0485,tp,2.0,-0.008333333333333304
regime,2026-05-02,KRW-FLUID,bear_quiet,-0.03,-0.0315,sl,1.75,-0.03445480340494522
regime,2026-05-02,KRW-HYPER,bear_quiet,-0.011049723756906049,-0.012549723756906049,timestop,2.0,-0.02209944751381221
regime,2026-05-02,KRW-ZKP,bear_quiet,-0.008000000000000007,-0.009500000000000007,timestop,2.0,-0.016000000000000014
regime,2026-05-03,KRW-ARKM,bear_quiet,-0.03,-0.0315,sl,1.25,-0.03296703296703296
regime,2026-05-03,KRW-AKT,bear_quiet,0.016646848989298357,0.015146848989298358,timestop,2.0,-0.013079667063020217
regime,2026-05-03,KRW-INJ,bear_quiet,-0.013286093888396855,-0.014786093888396854,timestop,2.0,-0.015057573073516406
regime,2026-05-04,KRW-BAT,bear_quiet,-0.03,-0.0315,sl,0.5,-0.03144654088050314
regime,2026-05-04,KRW-ELSA,bear_quiet,-0.03,-0.0315,sl,0.25,-0.03389830508474578
regime,2026-05-04,KRW-IN,bear_quiet,-0.00952380952380949,-0.01102380952380949,timestop,2.0,-0.02857142857142858
regime,2026-05-05,KRW-WLFI,bear_quiet,0.012725344644750836,0.011225344644750836,timestop,2.0,-0.018027571580063628
regime,2026-05-05,KRW-ELSA,bear_quiet,-0.03,-0.0315,sl,1.5,-0.03539823008849563
regime,2026-05-05,KRW-HOLO,bear_quiet,-0.0010362694300517505,-0.0025362694300517506,timestop,2.0,-0.007253886010362698
regime,2026-05-06,KRW-ADA,bear_quiet,-0.002577319587628857,-0.004077319587628856,timestop,2.0,-0.015463917525773141
regime,2026-05-06,KRW-ETC,bear_quiet,0.007507507507507505,0.006007507507507505,timestop,2.0,-0.0037537537537537524
regime,2026-05-06,KRW-LINK,bear_quiet,0.0,-0.0015,timestop,2.0,-0.0034602076124568004
regime,2026-05-07,KRW-ETC,bear_quiet,-0.012345679012345734,-0.013845679012345733,timestop,2.0,-0.01815541031227308
regime,2026-05-07,KRW-APT,bear_quiet,-0.01997336884154466,-0.02147336884154466,timestop,2.0,-0.022636484687083902
regime,2026-05-07,KRW-ZORA,bear_quiet,-0.020725388601036343,-0.022225388601036344,timestop,2.0,-0.025906735751295318
regime,2026-05-08,KRW-0G,bear_quiet,0.004889975550122161,0.003389975550122161,timestop,2.0,-0.003667481662591676
regime,2026-05-08,KRW-MANTRA,bear_quiet,0.00657894736842124,0.00507894736842124,timestop,2.0,-0.006578947368421018
regime,2026-05-08,KRW-JST,bear_quiet,-0.015873015873015928,-0.01737301587301593,timestop,2.0,-0.015873015873015928
regime,2026-05-09,KRW-ADA,bear_quiet,0.017369727047146455,0.015869727047146454,timestop,2.0,-0.002481389578163795
regime,2026-05-09,KRW-ANKR,bear_quiet,0.010484927916120546,0.008984927916120546,timestop,2.0,-0.006553079947575369
regime,2026-05-09,KRW-AVAX,bear_quiet,0.019849418206707714,0.018349418206707713,timestop,2.0,-0.002737850787132068
regime,2026-05-10,KRW-EDGE,bear_quiet,-0.029940119760479056,-0.03144011976047906,timestop,2.0,-0.029940119760479056
regime,2026-05-10,KRW-LAYER,bear_quiet,0.05,0.0485,tp,0.25,-0.027210884353741527
regime,2026-05-10,KRW-AERO,bear_quiet,-0.009408602150537626,-0.010908602150537626,timestop,2.0,-0.025537634408602128
regime,2026-05-11,KRW-AUCTION,bear_quiet,0.004524886877828038,0.003024886877828038,timestop,2.0,-0.007756948933419494
regime,2026-05-11,KRW-GAS,bear_quiet,-0.007698229407236301,-0.0091982294072363,timestop,2.0,-0.009622786759045376
regime,2026-05-11,KRW-ERA,bear_quiet,-0.009090909090909038,-0.010590909090909038,timestop,2.0,-0.018181818181818188
regime,2026-05-12,KRW-META,bear_quiet,0.0,-0.0015,timestop,2.0,-0.020000000000000018
regime,2026-05-12,KRW-AXS,bear_quiet,-0.01715919923736897,-0.018659199237368973,timestop,2.0,-0.01715919923736897
regime,2026-05-12,KRW-TT,bear_quiet,-0.02142857142857124,-0.022928571428571243,timestop,2.0,-0.02857142857142847
regime,2026-05-13,KRW-FF,bear_quiet,0.0,-0.0015,timestop,2.0,-0.017094017094017144
regime,2026-05-13,KRW-JTO,bear_quiet,0.012640449438202195,0.011140449438202195,timestop,2.0,-0.005617977528089901
regime,2026-05-13,KRW-ATOM,bear_quiet,0.022727272727272707,0.021227272727272706,timestop,2.0,-0.003841229193341844
regime,2026-05-14,KRW-TIA,bear_quiet,0.002971768202080227,0.0014717682020802272,timestop,2.0,-0.004457652303120341
regime,2026-05-14,KRW-AKT,bear_quiet,-0.003132341425215346,-0.0046323414252153455,timestop,2.0,-0.017227877838684402
regime,2026-05-14,KRW-FF,bear_quiet,0.007936507936507908,0.006436507936507909,timestop,2.0,-0.007936507936507908
regime,2026-05-15,KRW-IMX,bear_quiet,0.0033333333333334103,0.0018333333333334103,timestop,2.0,-0.01666666666666672
regime,2026-05-15,KRW-CPOOL,bear_quiet,-0.03,-0.0315,sl,0.5,-0.04485981308411213
regime,2026-05-15,KRW-SONIC,bear_quiet,-0.03,-0.0315,sl,0.75,-0.030441400304414
regime,2026-05-16,KRW-ORCA,bear_quiet,0.028531983433041974,0.027031983433041973,timestop,2.0,-0.0055223193741371635
regime,2026-05-16,KRW-LAYER,bear_quiet,0.0,-0.0015,timestop,2.0,-0.006993006993006978
regime,2026-05-16,KRW-FLOCK,bear_quiet,-0.03,-0.0315,sl,1.25,-0.030303030303030276
regime,2026-05-17,KRW-DKA,bear_quiet,-0.03,-0.0315,sl,0.75,-0.034028540065861534
regime,2026-05-17,KRW-KITE,bear_quiet,0.006269592476489061,0.004769592476489061,timestop,2.0,0.0
regime,2026-05-17,KRW-ATOM,bear_quiet,-0.015101772816808912,-0.016601772816808913,timestop,2.0,-0.017071569271175258
regime,2026-05-18,KRW-KAITO,bear_quiet,-0.03,-0.0315,sl,1.5,-0.03146374829001364
regime,2026-05-18,KRW-FF,bear_quiet,0.03125,0.02975,timestop,2.0,-0.0078125
regime,2026-05-18,KRW-META,bear_quiet,-0.03,-0.0315,sl,0.25,-0.030487804878048697
regime,2026-05-19,KRW-AKT,bear_quiet,0.0,-0.0015,timestop,2.0,-0.011955593509820672
regime,2026-05-19,KRW-BIO,bear_quiet,-0.03,-0.0315,sl,0.25,-0.031088082901554404
regime,2026-05-19,KRW-CFG,bear_quiet,0.02758620689655178,0.026086206896551778,timestop,2.0,-0.01839080459770115
regime,2026-05-20,KRW-STORJ,bear_quiet,-0.005780346820809301,-0.007280346820809301,timestop,2.0,-0.023121387283236983
regime,2026-05-20,KRW-COMP,bear_quiet,-0.004705882352941226,-0.006205882352941226,timestop,2.0,-0.011470588235294121
regime,2026-05-20,KRW-OPEN,bear_quiet,-0.0031152647975077885,-0.004615264797507788,timestop,2.0,-0.009345794392523366
regime,2026-05-21,KRW-KAITO,bear_quiet,0.029787234042553123,0.028287234042553122,timestop,2.0,0.0
regime,2026-05-21,KRW-ORCA,bear_quiet,-0.002808988764044895,-0.004308988764044895,timestop,2.0,-0.01310861423220977
regime,2026-05-21,KRW-OPEN,bear_quiet,0.009433962264151052,0.007933962264151053,timestop,2.0,0.0
regime,2026-05-22,KRW-SOMI,bear_quiet,-0.003968253968253954,-0.005468253968253954,timestop,2.0,-0.015873015873015928
regime,2026-05-22,KRW-ALT,bear_quiet,0.02777777777777768,0.026277777777777678,timestop,2.0,-0.009259259259259411
regime,2026-05-22,KRW-AXS,bear_quiet,-0.0033594624860022737,-0.004859462486002273,timestop,2.0,-0.00895856662933936
regime,2026-05-23,KRW-2Z,bear_quiet,0.012499999999999956,0.010999999999999956,timestop,2.0,-0.006249999999999978
regime,2026-05-23,KRW-MOCA,bear_quiet,0.010582010582010692,0.009082010582010693,timestop,2.0,-0.010582010582010581
regime,2026-05-23,KRW-SAFE,bear_quiet,-0.013761467889908285,-0.015261467889908285,timestop,2.0,-0.02752293577981646
regime,2026-05-24,KRW-ZORA,bear_quiet,-0.005847953216374324,-0.007347953216374324,timestop,2.0,-0.01754385964912286
regime,2026-05-24,KRW-ENSO,bear_quiet,0.0008271298593878207,-0.0006728701406121793,timestop,2.0,-0.005789909015715522
regime,2026-05-24,KRW-ONG,bear_quiet,-0.019607843137254943,-0.021107843137254945,timestop,2.0,-0.019607843137254943
regime,2026-05-25,KRW-RED,bear_quiet,-0.005102040816326481,-0.00660204081632648,timestop,2.0,-0.010204081632653073
regime,2026-05-25,KRW-ALT,bear_quiet,-0.00877192982456132,-0.01027192982456132,timestop,2.0,-0.00877192982456132
regime,2026-05-25,KRW-PROVE,bear_quiet,0.010126582278481067,0.008626582278481067,timestop,2.0,-0.0075949367088608
regime,2026-05-26,KRW-LA,bear_quiet,-0.017045454545454586,-0.018545454545454587,timestop,2.0,-0.02840909090909094
regime,2026-05-26,KRW-RENDER,bear_quiet,-0.00554357868801969,-0.00704357868801969,timestop,2.0,-0.02063443178318447
regime,2026-05-26,KRW-INJ,bear_quiet,-0.010657193605683846,-0.012157193605683845,timestop,2.0,-0.01716992303137954
regime,2026-05-27,KRW-JTO,bear_quiet,0.015665796344647598,0.014165796344647598,timestop,2.0,-0.0013054830287205776
regime,2026-05-27,KRW-FF,bear_quiet,-0.014285714285714235,-0.015785714285714236,timestop,2.0,-0.014285714285714235
regime,2026-05-27,KRW-ARKM,bear_quiet,-0.03,-0.0315,sl,2.0,-0.03083700440528636
regime,2026-05-28,KRW-ALT,bear_quiet,-0.03,-0.0315,sl,1.5,-0.03571428571428559
regime,2026-05-28,KRW-ICP,bear_quiet,-0.014603782619104666,-0.016103782619104667,timestop,2.0,-0.024419439789322483
regime,2026-05-28,KRW-GRT,bear_quiet,-0.014925373134328401,-0.016425373134328403,timestop,2.0,-0.019900497512437942
regime,2026-05-29,KRW-BAT,bear_quiet,0.05,0.0485,tp,1.75,0.0
regime,2026-05-29,KRW-MON,bear_quiet,-0.01680672268907568,-0.018306722689075683,timestop,2.0,-0.019607843137254943
regime,2026-05-29,KRW-XPL,bear_quiet,0.02127659574468077,0.01977659574468077,timestop,2.0,-0.014184397163120588
regime,2026-05-30,KRW-NEWT,bear_quiet,-0.009345794392523366,-0.010845794392523365,timestop,2.0,-0.01869158878504673
regime,2026-05-30,KRW-BARD,bear_quiet,-0.0034482758620689724,-0.004948275862068972,timestop,2.0,-0.0034482758620689724
regime,2026-05-30,KRW-IOTA,bear_quiet,0.05,0.0485,tp,0.75,-0.0010319917440660964
regime,2026-05-31,KRW-RENDER,bear_quiet,-0.012148337595907943,-0.013648337595907943,timestop,2.0,-0.012787723785166238
regime,2026-05-31,KRW-VET,bear_quiet,0.0033149171270716593,0.0018149171270716593,timestop,2.0,-0.007734806629834279
regime,2026-05-31,KRW-ZK,bear_quiet,-0.004672897196261627,-0.006172897196261627,timestop,2.0,-0.014018691588784882
regime,2026-06-01,KRW-INJ,bear_quiet,-0.008822003113648114,-0.010322003113648113,eod,1.25,-0.011935651271406278
regime,2026-06-01,KRW-MANTRA,bear_quiet,0.03100775193798455,0.02950775193798455,eod,1.25,-0.015503875968992276
regime,2026-06-01,KRW-LAYER,bear_quiet,0.0,-0.0015,eod,1.25,0.0
