fold,market,date,warm,qv_rank_prev,gross,net,early_max_ret,vol_ratio
0,KRW-BTC,2024-08-06,1.0,1.0,-0.04,-0.0415,0.051603116241997204,6.44883548024398
1,KRW-SAND,2025-05-14,1.0,0.7547169811320755,-0.04,-0.0415,0.06862745098039214,18.749412711981183
1,KRW-MOCA,2025-05-14,1.0,0.8867924528301887,-0.04,-0.0415,0.06828938471940504,13.808569654142142
1,KRW-EGLD,2025-05-14,1.0,0.27044025157232704,-0.04,-0.0415,0.09132260321903418,112.02215814847202
1,KRW-AXS,2025-05-14,1.0,0.8113207547169812,-0.04,-0.0415,0.11865148861646224,77.83445413842651
1,KRW-ANIME,2025-05-14,1.0,0.8616352201257862,-0.04,-0.0415,0.06633601983880966,12.507326325661275
1,KRW-WAVES,2025-05-15,1.0,0.9371069182389937,0.08,0.0785,0.051425661914460186,22.805654827577776
1,KRW-ZRO,2025-05-15,1.0,0.5283018867924528,-0.04,-0.0415,0.05503963759909403,13.575583182359388
1,KRW-HUNT,2025-05-15,0.0,0.03773584905660377,-0.04,-0.0415,0.11726299294855069,226.42449684792345
1,KRW-ATH,2025-05-15,1.0,0.8679245283018868,-0.04,-0.0415,0.08261354137642796,6.742633292895837
1,KRW-SNT,2025-05-17,1.0,0.925,-0.04,-0.0415,0.13863476425052768,18.378271727601202
1,KRW-SNT,2025-05-18,1.0,0.975,-0.04,-0.0415,0.09353259469208952,15.150145405180632
1,KRW-SAFE,2025-05-19,0.0,0.35,-0.04,-0.0415,0.06613794080158608,7.860093293432558
1,KRW-PUNDIX,2025-05-19,0.0,0.8875,-0.04,-0.0415,0.07685839219643453,3.5950263333853347
1,KRW-TAIKO,2025-05-20,0.0,0.46875,0.05232558139534893,0.05082558139534893,0.06425702811244971,7.930066397489558
1,KRW-KAITO,2025-05-21,0.0,0.94375,0.016172506738544534,0.014672506738544535,0.0983248361252731,3.7369591688328305
1,KRW-TAIKO,2025-05-22,0.0,0.7018633540372671,0.0018365472910928382,0.0003365472910928382,0.05990338164251208,18.295031195761336
1,KRW-ATH,2025-05-22,0.0,0.7267080745341615,-0.04,-0.0415,0.05508474576271194,3.2028560487487407
1,KRW-BSV,2025-05-22,0.0,0.5093167701863354,-0.013407222023596677,-0.014907222023596676,0.10746210649047794,55.31902912617316
1,KRW-PYTH,2025-05-23,0.0,0.7329192546583851,-0.04,-0.0415,0.07454068241469813,28.717991642132827
1,KRW-SAFE,2025-05-23,0.0,0.45962732919254656,-0.04,-0.0415,0.12675296655879187,23.203011378790176
1,KRW-MEW,2025-05-23,1.0,0.906832298136646,0.08,0.0785,0.08818342151675496,15.924730653580983
1,KRW-AERGO,2025-05-24,0.0,0.5652173913043478,0.08,0.0785,0.08541893362350383,8.603147112937606
1,KRW-ARDR,2025-05-24,0.0,0.42857142857142855,0.08,0.0785,0.13612950699043425,14.2312832082634
1,KRW-ANIME,2025-05-24,1.0,0.9130434782608695,-0.04,-0.0415,0.07508906549739636,12.15289645610679
1,KRW-MEW,2025-05-24,1.0,0.9751552795031055,-0.04,-0.0415,0.08320950965824658,15.178020047132032
1,KRW-AERGO,2025-05-25,1.0,0.9503105590062112,0.08,0.0785,0.09037900874635563,20.577854103047336
1,KRW-CARV,2025-05-25,0.0,0.4968944099378882,-0.007568931338979845,-0.009068931338979845,0.09031764255644847,9.197231574444142
1,KRW-SNT,2025-05-25,1.0,0.8633540372670807,-0.04,-0.0415,0.05299482376139997,3.205310820151228
1,KRW-AERGO,2025-05-26,1.0,0.9875776397515528,-0.04,-0.0415,0.10120068610634658,22.809428409654807
1,KRW-PUNDIX,2025-05-27,0.0,0.6149068322981367,-0.010782608695652285,-0.012282608695652284,0.08389639639639657,5.642619266002135
1,KRW-VANA,2025-05-28,1.0,0.8819875776397516,-0.04,-0.0415,0.0663603334045737,17.388899472716318
1,KRW-ANIME,2025-05-28,1.0,0.8881987577639752,-0.04,-0.0415,0.07977922729553444,7.4188386270545985
1,KRW-COW,2025-05-29,0.0,0.7901234567901234,0.0035803237858034187,0.0020803237858034187,0.08817168524371977,14.97056533920409
1,KRW-UNI,2025-05-29,1.0,0.9074074074074074,-0.04,-0.0415,0.054008792128951155,28.92433155887541
1,KRW-ORCA,2025-05-29,1.0,0.8148148148148148,-0.04,-0.0415,0.09150991357397054,8.763062763272579
1,KRW-SAFE,2025-05-30,1.0,0.8641975308641975,0.08,0.0785,0.16824616824616823,14.9725162928472
1,KRW-SNT,2025-05-30,1.0,0.9753086419753086,0.08,0.0785,0.13691588785046727,12.34843980671587
1,KRW-WCT,2025-05-30,1.0,1.0,0.08,0.0785,0.06829573934837097,4.888064124588365
1,KRW-LAYER,2025-05-31,0.0,0.8658536585365854,-0.04,-0.0415,0.07783882783882778,4.188982292288874
1,KRW-SIGN,2025-05-31,0.0,0.8719512195121951,-0.04,-0.0415,0.06124401913875599,5.836178841964338
1,KRW-SNT,2025-06-01,1.0,0.9695121951219512,0.08,0.0785,0.125799086757991,11.562818503373249
1,KRW-ORCA,2025-06-01,0.0,0.8170731707317073,-0.04,-0.0415,0.05555555555555558,11.574086549473193
1,KRW-WCT,2025-06-01,1.0,1.0,-0.04,-0.0415,0.08589312623159828,12.863272156915611
1,KRW-TOKAMAK,2025-06-02,0.0,0.3902439024390244,0.08,0.0785,0.16280752532561515,158.77359765834748
1,KRW-BOUNTY,2025-06-03,1.0,0.6280487804878049,-0.04,-0.0415,0.18225735617039973,421.05961160454376
1,KRW-AKT,2025-06-03,0.0,0.42073170731707316,-0.04,-0.0415,0.11262241566920572,15.155395997338147
1,KRW-ME,2025-06-04,1.0,0.9573170731707317,-0.04,-0.0415,0.11899641577060938,62.433122590084444
1,KRW-AGLD,2025-06-04,0.0,0.4817073170731707,0.005823627287853572,0.004323627287853573,0.05034722222222232,4.031478749360796
1,KRW-WCT,2025-06-05,0.0,0.9329268292682927,-0.04,-0.0415,0.07887924470839036,4.31460473676804
1,KRW-ME,2025-06-06,0.0,0.8848484848484849,-0.04,-0.0415,0.07173725151253252,14.001476450349406
1,KRW-SNT,2025-06-06,0.0,0.8181818181818182,-0.04,-0.0415,0.12040761598283733,6.083311335950149
1,KRW-PUNDIX,2025-06-07,0.0,0.40606060606060607,-0.04,-0.0415,0.11461449942462609,6.513200931773019
1,KRW-ANIME,2025-06-07,1.0,0.9696969696969697,0.08,0.0785,0.06549118387909303,3.78884165196597
1,KRW-ICX,2025-06-07,1.0,0.8666666666666667,0.018957345971563955,0.017457345971563953,0.06372549019607843,10.918965569098335
1,KRW-SNT,2025-06-08,0.0,0.8424242424242424,-0.04,-0.0415,0.07211055276381928,3.397514535671877
1,KRW-IOST,2025-06-08,1.0,0.8363636363636363,-0.04,-0.0415,0.08310940499040309,141.98611559458624
1,KRW-ARDR,2025-06-09,0.0,0.5696969696969697,-0.04,-0.0415,0.06440382941688427,9.589876642342725
1,KRW-AERGO,2025-06-10,0.0,0.8121212121212121,-0.01970149253731346,-0.02120149253731346,0.07855361596009969,7.649491322592342
1,KRW-TOKAMAK,2025-06-10,1.0,0.6545454545454545,-0.04,-0.0415,0.15733333333333333,160.73908076827462
1,KRW-BORA,2025-06-10,1.0,0.9696969696969697,-0.04,-0.0415,0.08114856429463169,237.44225035809856
1,KRW-BORA,2025-06-11,1.0,0.9457831325301205,-0.04,-0.0415,0.13783403656821402,232.65975713999077
1,KRW-ARDR,2025-06-12,0.0,0.5120481927710844,-0.04,-0.0415,0.17948717948717952,28.569621943513194
1,KRW-AERGO,2025-06-12,0.0,0.7349397590361446,-0.04,-0.0415,0.07793840351979897,7.911882618324477
1,KRW-ORBS,2025-06-13,1.0,0.7590361445783133,-0.04,-0.0415,0.22058306989813836,1186.7113296274872
1,KRW-BORA,2025-06-13,1.0,0.9457831325301205,-0.04,-0.0415,0.0690045248868778,133.8891079890853
1,KRW-ARDR,2025-06-13,1.0,0.963855421686747,-0.04,-0.0415,0.09225700164744643,16.204428854469693
1,KRW-ARDR,2025-06-14,0.0,0.8855421686746988,-0.04,-0.0415,0.1254295532646048,18.88015831880858
1,KRW-ANIME,2025-06-14,0.0,0.9518072289156626,0.029437481783736397,0.027937481783736395,0.05530507965133746,3.7117476387173154
1,KRW-GAS,2025-06-14,0.0,0.5,-0.04,-0.0415,0.11704211557296773,117.61196374383401
1,KRW-POKT,2025-06-15,1.0,1.0,-0.04,-0.0415,0.06266726137377332,3.8904579207848013
1,KRW-POKT,2025-06-16,1.0,1.0,-0.04,-0.0415,0.07902869757174402,2.540213669066783
1,KRW-BORA,2025-06-16,1.0,0.8493975903614458,-0.04,-0.0415,0.07568954457985888,104.75640495323485
1,KRW-ORBS,2025-06-19,1.0,0.9161676646706587,-0.04,-0.0415,0.06997455470737912,253.78827631908592
1,KRW-AGLD,2025-06-19,1.0,0.8383233532934131,-0.04,-0.0415,0.06112702960840499,19.38292629051299
1,KRW-T,2025-06-20,1.0,0.8988095238095238,0.08,0.0785,0.08170515097690934,107.45964582584791
1,KRW-T,2025-06-21,1.0,0.9702380952380952,-0.04,-0.0415,0.05205247566652571,87.01134870806014
1,KRW-HUNT,2025-06-21,0.0,0.39880952380952384,-0.04,-0.0415,0.1281337047353759,65.6263209922334
1,KRW-SNT,2025-06-21,1.0,1.0,-0.04,-0.0415,0.08784058560390395,7.499480339656914
1,KRW-SEI,2025-06-21,1.0,0.9404761904761905,0.08,0.0785,0.059859154929577496,19.07432421621198
1,KRW-ARKM,2025-06-22,0.0,0.24404761904761904,-0.04,-0.0415,0.05042164441321151,9.103722608804256
1,KRW-AERGO,2025-06-23,0.0,0.9345238095238095,0.08,0.0785,0.09520639147802945,5.550282203579091
1,KRW-STRAX,2025-06-23,0.0,0.6011904761904762,0.02247386759581871,0.020973867595818707,0.08596459207884655,9.321302393418003
1,KRW-MOCA,2025-06-24,1.0,0.4880952380952381,0.08,0.0785,0.08004556280418362,30.758263875893213
1,KRW-AERGO,2025-06-24,1.0,0.9761904761904762,-0.04,-0.0415,0.06371774618220116,11.160265485502169
1,KRW-T,2025-06-25,0.0,0.8461538461538461,0.08,0.0785,0.057538849223015553,37.10134748203272
1,KRW-ARDR,2025-06-25,0.0,0.5325443786982249,-0.04,-0.0415,0.07342657342657333,8.19998196486237
1,KRW-MOVE,2025-06-26,1.0,0.9822485207100592,-0.04,-0.0415,0.07893643539675943,23.952951627768723
1,KRW-POKT,2025-06-27,0.0,0.8941176470588236,-0.04,-0.0415,0.18389881549889564,5.294929683571817
1,KRW-T,2025-06-27,0.0,0.8705882352941177,-0.009615384615384692,-0.011115384615384692,0.07342511472674174,18.95468354706424
1,KRW-POKT,2025-06-28,1.0,0.9647058823529412,-0.04,-0.0415,0.10562211981566816,4.725072117364861
1,KRW-LPT,2025-06-29,0.0,0.8470588235294118,0.0018817799424397652,0.0003817799424397652,0.19713261648745517,22.693593582199455
1,KRW-GAME2,2025-07-01,1.0,0.888235294117647,0.08,0.0785,0.1258112830753868,148.38871878946426
1,KRW-AQT,2025-07-02,0.0,0.5176470588235295,0.08,0.0785,0.06655844155844148,37.274141984003776
1,KRW-CBK,2025-07-02,0.0,0.6882352941176471,0.08,0.0785,0.1532207629768605,161.83090517097952
1,KRW-AERGO,2025-07-03,0.0,0.8529411764705882,-0.04,-0.0415,0.06716417910447747,2.9114648938200975
1,KRW-IQ,2025-07-03,1.0,0.6235294117647059,-0.015895372233400318,-0.01739537223340032,0.05907870274736626,46.91274133844786
1,KRW-AWE,2025-07-03,1.0,0.9529411764705882,-0.04,-0.0415,0.23729407641079558,191.1418422575569
1,KRW-HIVE,2025-07-03,1.0,0.6588235294117647,-0.04,-0.0415,0.11573111573111561,186.91065668666064
1,KRW-GAME2,2025-07-03,1.0,0.9117647058823529,-0.04,-0.0415,0.2655315232397606,540.6229774660306
1,KRW-BONK,2025-07-03,1.0,0.7058823529411765,0.02169981916817343,0.020199819168173427,0.05253283302063805,9.06276170265236
1,KRW-GAME2,2025-07-04,1.0,0.9649122807017544,-0.04,-0.0415,0.060908319185059456,139.47257142270328
1,KRW-TOKAMAK,2025-07-04,1.0,0.9122807017543859,-0.04,-0.0415,0.05852737570799249,25.342540757241885
1,KRW-G,2025-07-05,1.0,0.7602339181286549,0.0036855036855036882,0.002185503685503688,0.0506649778340722,53.753254033269485
1,KRW-SAFE,2025-07-05,0.0,0.18128654970760233,-0.04,-0.0415,0.13381057268722474,82.90690222277925
1,KRW-DRIFT,2025-07-05,1.0,0.8304093567251462,-0.04,-0.0415,0.05254545454545445,23.06634327830532
1,KRW-CARV,2025-07-05,1.0,0.8070175438596491,0.08,0.0785,0.18151260504201683,225.74841837259473
1,KRW-BSV,2025-07-05,0.0,0.6491228070175439,-0.04,-0.0415,0.08995037220843671,69.20089295840394
1,KRW-SAFE,2025-07-06,1.0,0.9649122807017544,-0.04,-0.0415,0.12228967909800526,183.48691473946386
1,KRW-CBK,2025-07-07,1.0,0.9707602339181286,0.08,0.0785,0.08885542168674698,179.3403735015028
1,KRW-HUNT,2025-07-08,1.0,0.6491228070175439,-0.04,-0.0415,0.1440956651718983,288.60887392247105
1,KRW-MOC,2025-07-08,1.0,0.9005847953216374,0.08,0.0785,0.05793991416309008,74.4329272173063
1,KRW-HIVE,2025-07-08,1.0,0.6783625730994152,-0.017892644135188984,-0.019392644135188986,0.062131204442901655,86.45635842603053
1,KRW-WAVES,2025-07-10,0.0,0.34502923976608185,0.02781740370898711,0.026317403708987108,0.05263157894736836,59.96465093831046
1,KRW-GAME2,2025-07-10,0.0,0.29239766081871343,-0.04,-0.0415,0.14612842304060458,108.35841637833381
1,KRW-PUNDIX,2025-07-10,0.0,0.32748538011695905,-0.04,-0.0415,0.06457156886815607,48.19970169469278
1,KRW-SNT,2025-07-10,0.0,0.7192982456140351,-0.04,-0.0415,0.06641570314600687,5.245134302360392
1,KRW-SOPH,2025-07-11,1.0,0.9302325581395349,0.08,0.0785,0.08310712048444335,15.448069602603354
1,KRW-POKT,2025-07-11,0.0,0.8604651162790697,-0.04,-0.0415,0.21330148814991734,13.719624127835145
1,KRW-ARK,2025-07-12,0.0,0.5028901734104047,0.08,0.0785,0.05739474631162311,26.56810842032846
1,KRW-TOKAMAK,2025-07-12,0.0,0.3815028901734104,-0.04,-0.0415,0.08322580645161293,22.726797201442416
1,KRW-POKT,2025-07-12,1.0,0.9421965317919075,-0.04,-0.0415,0.08897584212317122,4.248363799343762
1,KRW-CBK,2025-07-12,0.0,0.7052023121387283,-0.04,-0.0415,0.35365853658536595,372.0373844180753
1,KRW-MOCA,2025-07-13,0.0,0.4913294797687861,-0.04,-0.0415,0.5317919075144508,510.1168640712326
1,KRW-VANA,2025-07-13,0.0,0.3699421965317919,-0.011759581881533143,-0.013259581881533143,0.06087748595718834,17.285684830665154
1,KRW-PYTH,2025-07-13,1.0,0.3872832369942196,-0.04,-0.0415,0.0714285714285714,50.50926851143633
1,KRW-BIGTIME,2025-07-13,0.0,0.20809248554913296,0.08,0.0785,0.06825981949917392,25.670310993614855
1,KRW-ME,2025-07-13,0.0,0.4393063583815029,-0.04,-0.0415,0.07952468007312619,52.85718562124046
1,KRW-ZETA,2025-07-13,1.0,0.27167630057803466,0.026333789329685553,0.02483378932968555,0.055929203539823114,28.13734253156495
1,KRW-MASK,2025-07-13,1.0,0.7052023121387283,-0.04,-0.0415,0.09558011049723758,175.54320447115705
1,KRW-MANTRA,2025-07-13,0.0,0.2543352601156069,-0.04,-0.0415,0.06399461098012793,33.532825521156184
1,KRW-AKT,2025-07-13,1.0,0.8497109826589595,-0.04,-0.0415,0.24901630129286123,534.3896820537659
1,KRW-SUI,2025-07-14,1.0,0.8670520231213873,0.08,0.0785,0.054710604140261854,7.602294050881064
1,KRW-TAIKO,2025-07-14,1.0,0.5375722543352601,-0.04,-0.0415,0.06747876262221508,16.31711416110468
1,KRW-SAFE,2025-07-14,0.0,0.3063583815028902,-0.04,-0.0415,0.3267520723436321,429.6414464772099
1,KRW-DEEP,2025-07-14,1.0,0.13872832369942195,0.08,0.0785,0.07464607464607464,31.529316167479827
1,KRW-XLM,2025-07-14,1.0,0.9942196531791907,-0.04,-0.0415,0.06729264475743357,157.4748486087575
1,KRW-POLYX,2025-07-14,1.0,0.4797687861271676,-0.018439716312056764,-0.019939716312056766,0.0606950562897699,64.38564998173456
1,KRW-ARDR,2025-07-15,0.0,0.3179190751445087,0.08,0.0785,0.05084745762711873,5.214266527754705
1,KRW-TOKAMAK,2025-07-15,0.0,0.5202312138728323,-0.0034582132564840995,-0.004958213256484099,0.057783018867924474,21.771586126690806
1,KRW-ORCA,2025-07-15,1.0,0.953757225433526,-0.04,-0.0415,0.12473888391524923,613.015687258171
1,KRW-ENS,2025-07-16,1.0,0.8786127167630058,0.02140242185299912,0.01990242185299912,0.07981927710843384,23.27359043396831
1,KRW-SEI,2025-07-16,1.0,0.953757225433526,-0.04,-0.0415,0.05731225296442677,3.1243192731442466
1,KRW-QKC,2025-07-17,0.0,0.06936416184971098,-0.04,-0.0415,0.05187319884726227,13.693393407175087
1,KRW-MEW,2025-07-17,1.0,0.8670520231213873,-0.04,-0.0415,0.10978809283551949,44.9649907543169
1,KRW-PENGU,2025-07-17,1.0,0.9826589595375722,-0.04,-0.0415,0.05202863961813842,7.074332290188301
1,KRW-BLAST,2025-07-17,0.0,0.45664739884393063,0.08,0.0785,0.07444608567208277,16.901047139290768
1,KRW-MOODENG,2025-07-17,0.0,0.7630057803468208,0.08,0.0785,0.06417308397506427,3.7218566958246906
1,KRW-HBAR,2025-07-18,1.0,0.9195402298850575,-0.04,-0.0415,0.08475026567481403,72.24911509675063
1,KRW-ALGO,2025-07-18,1.0,0.867816091954023,-0.04,-0.0415,0.05299539170506917,21.58952999609476
1,KRW-IOTA,2025-07-18,1.0,0.7816091954022989,-0.04,-0.0415,0.06816798539257451,58.18382656661797
1,KRW-AERGO,2025-07-19,0.0,0.6609195402298851,0.08,0.0785,0.07499999999999996,6.608605697837906
1,KRW-ARDR,2025-07-19,1.0,0.2471264367816092,-0.04,-0.0415,0.16785431512272364,60.55209287856545
1,KRW-BORA,2025-07-19,0.0,0.5804597701149425,-0.04,-0.0415,0.062324929971988574,11.015606665738837
1,KRW-MEW,2025-07-19,1.0,0.8448275862068966,0.08,0.0785,0.09492768384599715,39.99514177098356
1,KRW-MEW,2025-07-20,1.0,0.9597701149425287,-0.04,-0.0415,0.07103825136612008,33.96800644458527
1,KRW-GAS,2025-07-20,0.0,0.5804597701149425,-0.04,-0.0415,0.09361329833770782,77.34166769457877
1,KRW-DRIFT,2025-07-21,0.0,0.3448275862068966,0.08,0.0785,0.05263157894736836,24.27793549712553
1,KRW-SNT,2025-07-21,0.0,0.6206896551724138,-0.0076660988074956915,-0.009166098807495691,0.057501652346331866,3.575764262737551
1,KRW-BLAST,2025-07-21,1.0,0.7873563218390804,0.08,0.0785,0.10344827586206917,43.201044489573675
1,KRW-TOKAMAK,2025-07-21,1.0,0.9655172413793104,-0.04,-0.0415,0.22018828451882855,102.9619566189528
1,KRW-G,2025-07-21,1.0,0.3620689655172414,-0.04,-0.0415,0.06392694063926929,29.75662032183278
1,KRW-LAYER,2025-07-22,1.0,0.7873563218390804,-0.04,-0.0415,0.0814176245210727,13.96205477004176
1,KRW-MOCA,2025-07-22,1.0,0.7011494252873564,-0.04,-0.0415,0.06729264475743357,22.167752297255806
1,KRW-SONIC,2025-07-22,1.0,0.6264367816091954,-0.04,-0.0415,0.06058890147225382,20.105422849848484
1,KRW-ENS,2025-07-23,1.0,0.9597701149425287,-0.04,-0.0415,0.05133470225872694,16.680408376400596
1,KRW-CTC,2025-07-23,1.0,0.3275862068965517,-0.04,-0.0415,0.0785781103835359,36.77825047643857
1,KRW-ARDR,2025-07-23,0.0,0.2988505747126437,0.08,0.0785,0.14844903988183167,60.433296905249584
1,KRW-STEEM,2025-07-23,1.0,0.6379310344827587,-0.04,-0.0415,0.08242258652094714,54.95381001385779
1,KRW-AKT,2025-07-24,0.0,0.2471264367816092,-0.04,-0.0415,0.06616460462614304,9.049067225137549
1,KRW-MOCA,2025-07-24,0.0,0.6206896551724138,0.08,0.0785,0.05230496453900724,4.615300135897563
1,KRW-SNT,2025-07-24,0.0,0.6091954022988506,-0.04,-0.0415,0.07955088389871001,3.7873821041294304
1,KRW-AWE,2025-07-24,1.0,0.8333333333333334,0.08,0.0785,0.05902045877247364,7.314934725975628
1,KRW-BERA,2025-07-24,1.0,0.8103448275862069,-0.04,-0.0415,0.0757717492984098,16.705173675963536
1,KRW-POKT,2025-07-24,0.0,0.7873563218390804,-0.04,-0.0415,0.41965941662451534,36.4877531186272
1,KRW-WAVES,2025-07-25,0.0,0.46551724137931033,-0.04,-0.0415,0.26814098134070496,169.3324335408003
1,KRW-BSV,2025-07-25,0.0,0.4885057471264368,-0.04,-0.0415,0.09277266754270697,24.22288119533279
1,KRW-AXL,2025-07-25,1.0,0.8620689655172413,0.08,0.0785,0.07685098406747892,59.68430462047283
1,KRW-SONIC,2025-07-25,0.0,0.5517241379310345,0.05882352941176472,0.05732352941176472,0.06435643564356441,10.67690417980762
1,KRW-HYPER,2025-07-25,1.0,0.9770114942528736,0.08,0.0785,0.20569828722002637,13.159588970555575
1,KRW-CKB,2025-07-26,1.0,0.68,0.08,0.0785,0.2740263379097785,708.4202952654064
1,KRW-SAHARA,2025-07-26,1.0,0.9371428571428572,-0.04,-0.0415,0.08560311284046684,15.753213474951137
1,KRW-NEWT,2025-07-26,1.0,0.96,-0.04,-0.0415,0.08671399594320484,16.394411128707887
1,KRW-BLAST,2025-07-26,0.0,0.5142857142857142,0.08,0.0785,0.09984599589322385,10.883734130774346
1,KRW-WAL,2025-07-26,0.0,0.12,0.049050632911392444,0.04755063291139244,0.055963452439223405,11.578469998389606
1,KRW-G,2025-07-27,0.0,0.4514285714285714,-0.0010482180293500676,-0.0025482180293500676,0.0513236088600757,15.259398707409623
1,KRW-BLAST,2025-07-27,1.0,0.9428571428571428,-0.04,-0.0415,0.2381628787878789,72.38880152744619
1,KRW-TAIKO,2025-07-27,1.0,0.8685714285714285,-0.04,-0.0415,0.07612959465349434,21.674824481742718
1,KRW-DRIFT,2025-07-27,1.0,0.7714285714285715,-0.04,-0.0415,0.07413307192745977,7.376772452385842
1,KRW-BEAM,2025-07-27,1.0,0.8285714285714286,0.0016835016835017313,0.00018350168350173132,0.05440414507772018,10.555684075362548
1,KRW-BIGTIME,2025-07-27,1.0,0.7828571428571428,-0.04,-0.0415,0.14703954555385623,181.43383851932907
1,KRW-TOKAMAK,2025-07-28,0.0,0.56,-0.04,-0.0415,0.07719298245614037,6.06771191993287
1,KRW-JUP,2025-07-28,1.0,0.8114285714285714,-0.04,-0.0415,0.05204831278794675,14.58966219084254
1,KRW-KNC,2025-07-28,0.0,0.76,0.08,0.0785,0.2291425739302826,296.6379367912206
1,KRW-RAY,2025-07-28,0.0,0.15428571428571428,0.08,0.0785,0.06846081208687438,5.223444951943263
1,KRW-ALT,2025-07-28,1.0,0.9542857142857143,-0.04,-0.0415,0.16876887546633523,289.8726060990015
1,KRW-SOPH,2025-07-29,0.0,0.75,0.003512014787430573,0.002012014787430573,0.056988833269156824,5.994473790516746
1,KRW-NEWT,2025-07-29,0.0,0.8125,-0.04,-0.0415,0.16505955757231994,22.47651103298473
1,KRW-HYPER,2025-07-29,1.0,0.9829545454545454,-0.04,-0.0415,0.08574773192859242,2.6906511894382406
1,KRW-HP,2025-07-30,0.0,0.29545454545454547,-0.04,-0.0415,0.1794453507340945,61.18230563375682
1,KRW-META,2025-07-31,1.0,0.5511363636363636,0.08,0.0785,0.11953352769679304,222.13111665066216
1,KRW-FCT2,2025-07-31,1.0,0.9715909090909091,0.08,0.0785,0.21128668171557563,226.0851467138236
1,KRW-SNT,2025-07-31,0.0,0.5738636363636364,-0.04,-0.0415,0.06982543640897743,5.591941776427709
1,KRW-MOC,2025-07-31,1.0,0.7897727272727273,-0.04,-0.0415,0.06039603960396045,5.019237160460458
1,KRW-IQ,2025-08-01,0.0,0.5170454545454546,-0.04,-0.0415,0.05500982318271119,20.840929874371533
1,KRW-SC,2025-08-01,1.0,0.8409090909090909,-0.04,-0.0415,0.15973741794310703,373.9154679340865
1,KRW-ENA,2025-08-01,1.0,0.9772727272727273,-0.04,-0.0415,0.05534591194968552,5.344487102317822
1,KRW-TFUEL,2025-08-02,1.0,0.8977272727272727,-0.04,-0.0415,0.11026615969581743,132.71839943784528
1,KRW-CKB,2025-08-02,0.0,0.9318181818181818,-0.04,-0.0415,0.05234899328859055,21.365371016931444
1,KRW-TOKAMAK,2025-08-03,0.0,0.6988636363636364,0.08,0.0785,0.09352517985611519,7.295548856208344
1,KRW-XLM,2025-08-04,1.0,0.9431818181818182,-0.013722126929674117,-0.015222126929674116,0.051785714285714324,3.044205461902812
1,KRW-TOKAMAK,2025-08-04,1.0,0.9772727272727273,-0.04,-0.0415,0.1060756972111554,15.948468484342138
1,KRW-WAVES,2025-08-04,0.0,0.875,-0.0020229265003371966,-0.0035229265003371966,0.053941908713692976,14.861070660583819
1,KRW-GAS,2025-08-05,0.0,0.5340909090909091,-0.04,-0.0415,0.12956033676333023,65.16567440686113
1,KRW-ARDR,2025-08-05,0.0,0.4431818181818182,-0.04,-0.0415,0.06015037593984962,3.315564461695294
1,KRW-TFUEL,2025-08-07,0.0,0.4011299435028249,-0.04,-0.0415,0.07645875251509038,36.15271423853035
1,KRW-ORCA,2025-08-08,1.0,0.9491525423728814,-0.04,-0.0415,0.1364186327888688,273.13875898252996
1,KRW-TAIKO,2025-08-08,0.0,0.5084745762711864,0.08,0.0785,0.05872756933115819,7.341494413650094
1,KRW-WAVES,2025-08-09,0.0,0.6235955056179775,-0.029787234042553234,-0.031287234042553236,0.10403120936280885,27.42851612222398
1,KRW-ARK,2025-08-09,0.0,0.5617977528089888,-0.0166163141993958,-0.0181163141993958,0.05055292259083721,5.5951263466176675
1,KRW-IMX,2025-08-10,1.0,0.5393258426966292,-0.04,-0.0415,0.06699147381242376,8.54815186949358
1,KRW-ENS,2025-08-10,1.0,0.949438202247191,-0.04,-0.0415,0.062423500611995086,6.919123233779679
1,KRW-WAVES,2025-08-10,1.0,0.9325842696629213,-0.04,-0.0415,0.057644110275689275,25.936968319674133
1,KRW-BSV,2025-08-11,1.0,0.9325842696629213,-0.04,-0.0415,0.07317682317682328,54.12153880171378
1,KRW-BSV,2025-08-12,1.0,0.9213483146067416,-0.04,-0.0415,0.05858585858585852,27.144497077632668
1,KRW-RAY,2025-08-12,1.0,0.9325842696629213,-0.04,-0.0415,0.06228532173116563,252.6808039640686
1,KRW-POKT,2025-08-13,1.0,0.9497206703910615,-0.006644518272425293,-0.008144518272425292,0.07908611599297011,12.103866559901585
1,KRW-RAY,2025-08-13,1.0,0.9162011173184358,0.08,0.0785,0.05690153367414985,57.85037875395184
1,KRW-ORCA,2025-08-13,1.0,0.8715083798882681,-0.011574697173620474,-0.013074697173620474,0.07265558997465504,43.713545279699616
1,KRW-AKT,2025-08-14,0.0,0.5195530726256983,-0.04,-0.0415,0.07419530823786147,22.755165465818404
1,KRW-RAY,2025-08-14,1.0,0.9497206703910615,-0.04,-0.0415,0.08754863813229563,244.95257900093162
1,KRW-WAVES,2025-08-15,0.0,0.6089385474860335,0.08,0.0785,0.07668133249528597,19.290663717616823
1,KRW-MOC,2025-08-15,0.0,0.5865921787709497,-0.04,-0.0415,0.13910186199342833,59.970657433773724
1,KRW-LPT,2025-08-17,1.0,0.2346368715083799,-0.04,-0.0415,0.11767810026385228,181.74654414117194
1,KRW-ORCA,2025-08-18,0.0,0.5921787709497207,-0.04,-0.0415,0.07138590203106343,37.72358229960207
1,KRW-WAVES,2025-08-19,1.0,0.9608938547486033,-0.04,-0.0415,0.10058855002675227,27.672141532768507
1,KRW-GAS,2025-08-19,0.0,0.6927374301675978,-0.029341963322545794,-0.030841963322545796,0.06020066889632103,33.162628537786574
1,KRW-TOKAMAK,2025-08-20,0.0,0.5388888888888889,-0.04,-0.0415,0.07526881720430101,4.4461021517443085
1,KRW-QTUM,2025-08-21,1.0,0.8555555555555555,0.08,0.0785,0.0841819416157501,114.12681908064917
1,KRW-ONG,2025-08-23,0.0,0.3812154696132597,-0.04,-0.0415,0.051587301587301626,17.754522383264167
1,KRW-NEO,2025-08-23,1.0,0.8729281767955801,-0.04,-0.0415,0.07596899224806197,67.17102447490365
1,KRW-QTUM,2025-08-23,1.0,0.8839779005524862,-0.04,-0.0415,0.17216117216117222,430.8287727315701
1,KRW-GAS,2025-08-23,0.0,0.8397790055248618,-0.04,-0.0415,0.08695652173913038,24.572288361167093
1,KRW-CYBER,2025-08-23,0.0,0.8895027624309392,-0.04,-0.0415,0.07566527733247841,4.980855272121456
1,KRW-VET,2025-08-23,1.0,0.7237569060773481,-0.04,-0.0415,0.0605714285714285,36.521972409271676
1,KRW-BSV,2025-08-24,0.0,0.6187845303867403,-0.04,-0.0415,0.08806894694317258,45.952207439627685
1,KRW-ORCA,2025-08-24,0.0,0.6298342541436464,-0.04,-0.0415,0.0667479427003963,39.86004165222932
2,KRW-BERA,2025-08-27,1.0,0.9668508287292817,-0.04,-0.0415,0.07766721945826416,46.618401734138224
2,KRW-CKB,2025-08-27,1.0,0.3259668508287293,-0.04,-0.0415,0.18421052631578938,74.24580759497955
2,KRW-LPT,2025-08-28,1.0,0.9723756906077348,0.08,0.0785,0.1466019417475728,517.0281417177277
2,KRW-CRO,2025-08-28,1.0,0.994475138121547,0.08,0.0785,0.09116022099447507,196.64591588522262
2,KRW-PYTH,2025-08-29,1.0,0.989010989010989,-0.04,-0.0415,0.07951070336391441,764.6612214895657
2,KRW-AGLD,2025-08-29,1.0,0.532967032967033,-0.04,-0.0415,0.058645096056622936,55.636311867286395
2,KRW-BIGTIME,2025-08-29,1.0,0.4945054945054945,-0.04,-0.0415,0.25598991172761654,514.6123163094949
2,KRW-QTUM,2025-08-30,0.0,0.9340659340659341,0.08,0.0785,0.06990394877267869,185.57784506700125
2,KRW-AXS,2025-08-31,0.0,0.4725274725274725,0.08,0.0785,0.2442078897933626,407.5154261301086
2,KRW-QTUM,2025-09-01,0.0,0.9395604395604396,-0.04,-0.0415,0.0799364743250397,194.56547512127705
2,KRW-HP,2025-09-02,1.0,0.9402173913043478,-0.04,-0.0415,0.07377049180327866,126.7626011736641
2,KRW-WAL,2025-09-03,1.0,0.9130434782608695,-0.013355592654423987,-0.014855592654423986,0.05769230769230771,222.95993792896678
2,KRW-NEWT,2025-09-04,0.0,0.483695652173913,-0.04,-0.0415,0.05509641873278226,9.407727260916053
2,KRW-POKT,2025-09-05,0.0,0.43478260869565216,-0.04,-0.0415,0.08616780045351469,14.570153893694691
2,KRW-SYRUP,2025-09-06,1.0,0.9351351351351351,-0.04,-0.0415,0.05832147937411092,23.92572874003866
2,KRW-VANA,2025-09-07,0.0,0.6918918918918919,-0.009322033898305104,-0.010822033898305104,0.05501330967169471,28.05306629892053
2,KRW-KAITO,2025-09-09,1.0,0.7027027027027027,0.08,0.0785,0.12103174603174605,156.03456362926886
2,KRW-PROVE,2025-09-10,0.0,0.8235294117647058,0.08,0.0785,0.08265139116202946,8.010693778167482
2,KRW-IQ,2025-09-10,1.0,0.8342245989304813,-0.04,-0.0415,0.13905930470347672,487.8299829710036
2,KRW-PROVE,2025-09-11,1.0,0.9470899470899471,-0.04,-0.0415,0.08391608391608396,9.194375311236685
2,KRW-ATH,2025-09-12,1.0,0.9685863874345549,0.08,0.0785,0.0608695652173914,168.6156696252136
2,KRW-SAFE,2025-09-12,0.0,0.2670157068062827,0.01869158878504673,0.01719158878504673,0.06168831168831179,92.25949196919592
2,KRW-AWE,2025-09-13,1.0,0.9633507853403142,-0.04,-0.0415,0.09122401847575068,309.05920095113703
2,KRW-DRIFT,2025-09-13,1.0,0.9162303664921466,-0.04,-0.0415,0.07666666666666666,57.06441788341306
2,KRW-ARK,2025-09-14,0.0,0.4973821989528796,-0.04,-0.0415,0.11246200607902734,181.21917976184235
2,KRW-WAVES,2025-09-14,0.0,0.5968586387434555,-0.015559545182525447,-0.01705954518252545,0.05823418910457101,5.572685929372625
2,KRW-ATH,2025-09-15,1.0,0.9685863874345549,-0.04,-0.0415,0.0683156654888104,208.79752110752477
2,KRW-AWE,2025-09-16,1.0,0.8652849740932642,0.08,0.0785,0.06930693069306937,23.19216999051322
2,KRW-KAITO,2025-09-17,0.0,0.6062176165803109,-0.04,-0.0415,0.07677419354838699,128.35764582972993
2,KRW-W,2025-09-18,1.0,0.8814432989690721,0.08,0.0785,0.050724637681159424,15.351254988098999
2,KRW-POKT,2025-09-18,0.0,0.5309278350515464,-0.008368200836820106,-0.009868200836820105,0.07158351409978292,22.02413944006481
2,KRW-DOT,2025-09-19,1.0,0.8469387755102041,-0.04,-0.0415,0.061208267090619994,14.850900283550079
2,KRW-DRIFT,2025-09-19,1.0,0.9489795918367347,-0.04,-0.0415,0.0608486789431546,43.653531075015245
2,KRW-BEAM,2025-09-19,0.0,0.45918367346938777,-0.04,-0.0415,0.09090909090909083,30.784969461857454
2,KRW-KAITO,2025-09-20,0.0,0.7704081632653061,-0.04,-0.0415,0.06469849246231152,122.40923991648407
2,KRW-OPEN,2025-09-21,0.0,0.923469387755102,0.08,0.0785,0.06007604562737634,6.421793158866368
2,KRW-IP,2025-09-21,1.0,0.9387755102040817,-0.04,-0.0415,0.08187838651414814,16.43296530196699
2,KRW-DRIFT,2025-09-22,1.0,0.8367346938775511,-0.04,-0.0415,0.09306409130816506,26.930750517910358
2,KRW-ME,2025-09-22,1.0,0.923469387755102,-0.04,-0.0415,0.2976653696498055,554.0551865741814
2,KRW-MOVE,2025-09-22,0.0,0.7653061224489796,-0.04,-0.0415,0.061111111111111116,27.2875154568853
2,KRW-GAME2,2025-09-23,1.0,0.8131313131313131,-0.04,-0.0415,0.1829573934837092,280.67732671359374
2,KRW-AWE,2025-09-23,0.0,0.7626262626262627,-0.04,-0.0415,0.0625,10.605184054127788
2,KRW-FLOCK,2025-09-25,0.0,0.9396984924623115,-0.04,-0.0415,0.14537444933920707,40.96594757325134
2,KRW-AWE,2025-09-25,1.0,0.8542713567839196,-0.04,-0.0415,0.22818791946308714,53.97542497519008
2,KRW-ATH,2025-09-25,1.0,0.9246231155778895,-0.04,-0.0415,0.07134767836919598,6.150836071116874
2,KRW-AWE,2025-09-26,1.0,0.96,0.08,0.0785,0.20300751879699241,28.232683049822523
2,KRW-AQT,2025-09-27,0.0,0.2935323383084577,-0.012481644640234935,-0.013981644640234934,0.08449612403100781,38.23909919682298
2,KRW-COW,2025-09-28,0.0,0.014925373134328358,-0.04,-0.0415,0.11055276381909551,191.02261380887077
2,KRW-MOC,2025-09-30,1.0,0.7635467980295566,-0.04,-0.0415,0.05402010050251271,52.714530792043256
2,KRW-CBK,2025-09-30,0.0,0.41379310344827586,-0.04,-0.0415,0.10672514619883033,35.03703989668362
2,KRW-BEAM,2025-10-01,0.0,0.7783251231527094,0.008474576271186418,0.0069745762711864185,0.051724137931034475,11.915976536652158
2,KRW-TOSHI,2025-10-02,1.0,0.6862745098039216,0.008695652173912993,0.007195652173912994,0.11111111111111094,9.616012686530985
2,KRW-OPEN,2025-10-03,0.0,0.6780487804878049,-0.04,-0.0415,0.1873015873015873,23.50842399663765
2,KRW-OPEN,2025-10-05,0.0,0.9560975609756097,0.08,0.0785,0.14785992217898825,27.651702939721318
2,KRW-CELO,2025-10-05,1.0,0.9073170731707317,0.08,0.0785,0.07578947368421063,132.40290197482364
2,KRW-RED,2025-10-05,0.0,0.7951219512195122,-0.04,-0.0415,0.059523809523809534,27.318688242681123
2,KRW-CELO,2025-10-06,1.0,0.9658536585365853,0.08,0.0785,0.07573149741824436,407.75093902133557
2,KRW-ASTR,2025-10-07,1.0,0.9707317073170731,-0.04,-0.0415,0.07537688442211055,385.07057371573376
2,KRW-FLOCK,2025-10-07,0.0,0.5951219512195122,-0.04,-0.0415,0.07785888077858871,7.2641631028275455
2,KRW-OPEN,2025-10-07,1.0,0.9463414634146341,-0.04,-0.0415,0.11438278595696483,32.66293619913248
2,KRW-API3,2025-10-08,1.0,0.9660194174757282,-0.04,-0.0415,0.1619718309859155,243.3533588839758
2,KRW-QTUM,2025-10-08,0.0,0.5533980582524272,0.01426448736998509,0.012764487369985091,0.13267973856209148,161.08672234635583
2,KRW-WAL,2025-10-08,0.0,0.470873786407767,-0.008561643835616417,-0.010061643835616417,0.051056338028169,27.1549105824923
2,KRW-AQT,2025-10-09,1.0,0.7669902912621359,0.08,0.0785,0.05855513307984794,28.99471413262982
2,KRW-MNT,2025-10-09,1.0,0.9660194174757282,-0.04,-0.0415,0.07297576070139256,30.570744456963443
2,KRW-GAME2,2025-10-10,0.0,0.8058252427184466,-0.04,-0.0415,0.07058823529411762,41.29040244348819
2,KRW-POL,2025-10-11,0.0,0.7004830917874396,-0.04,-0.0415,0.08013937282229966,4.926739658939902
2,KRW-ZETA,2025-10-11,1.0,0.47342995169082125,-0.04,-0.0415,0.062146892655367214,9.564584484961854
2,KRW-WAVES,2025-10-11,0.0,0.42028985507246375,-0.04,-0.0415,0.07327227310574513,5.3733384082805715
2,KRW-AQT,2025-10-12,0.0,0.2028985507246377,0.025854879065888348,0.024354879065888346,0.051063829787234116,7.145996705053861
2,KRW-ZKC,2025-10-12,0.0,0.6666666666666666,-0.04,-0.0415,0.3963636363636365,8.12715459710643
2,KRW-OPEN,2025-10-12,1.0,0.8599033816425121,-0.04,-0.0415,0.12603648424543956,6.008636676077001
2,KRW-MOC,2025-10-12,0.0,0.06763285024154589,-0.004172461752434131,-0.005672461752434131,0.07658959537572252,31.08159403864998
2,KRW-PROVE,2025-10-12,1.0,0.927536231884058,-0.04,-0.0415,0.1319930069930071,39.491030458253114
2,KRW-PROVE,2025-10-13,1.0,0.9227053140096618,-0.04,-0.0415,0.1282051282051282,30.35631982116304
2,KRW-PUNDIX,2025-10-14,1.0,0.8164251207729468,-0.04,-0.0415,0.05241935483870974,30.857467992586585
2,KRW-META,2025-10-14,0.0,0.07729468599033816,0.08,0.0785,0.06167400881057272,41.10040852810813
2,KRW-POKT,2025-10-15,0.0,0.043478260869565216,0.08,0.0785,0.2788104089219332,64.91511317111546
2,KRW-META,2025-10-15,1.0,0.9710144927536232,0.08,0.0785,0.0982456140350878,1097.7683634293078
2,KRW-BLAST,2025-10-15,0.0,0.463768115942029,-0.04,-0.0415,0.07203389830508478,10.91948083127811
2,KRW-BAT,2025-10-18,1.0,0.7952380952380952,-0.04,-0.0415,0.05821917808219168,106.30589742529385
2,KRW-SNT,2025-10-18,0.0,0.29523809523809524,-0.04,-0.0415,0.1240875912408761,59.41443900210433
2,KRW-META,2025-10-19,0.0,0.5142857142857142,-0.04,-0.0415,0.10344827586206895,178.5189927474415
2,KRW-AUCTION,2025-10-20,1.0,0.9523809523809523,0.08,0.0785,0.11030082041932543,292.782080276698
2,KRW-META,2025-10-20,1.0,0.9285714285714286,-0.04,-0.0415,0.05691056910569103,133.89280227667152
2,KRW-TREE,2025-10-21,1.0,0.8909952606635071,-0.04,-0.0415,0.16483516483516492,75.12264193613235
2,KRW-OPEN,2025-10-22,1.0,0.9622641509433962,-0.04,-0.0415,0.10739436619718301,8.819859535304795
2,KRW-AUCTION,2025-10-23,1.0,0.9765258215962441,-0.04,-0.0415,0.08210890233362145,253.61330204078493
2,KRW-DOOD,2025-10-23,0.0,0.8873239436619719,-0.04,-0.0415,0.06575963718820854,9.806095106617322
2,KRW-PROVE,2025-10-24,1.0,0.8873239436619719,0.08,0.0785,0.07071483474250573,7.0112718220009675
2,KRW-ZKC,2025-10-25,0.0,0.9112149532710281,-0.04,-0.0415,0.15512465373961226,5.541104427425677
2,KRW-LA,2025-10-25,1.0,0.897196261682243,-0.04,-0.0415,0.07879656160458448,9.326153519160554
2,KRW-IN,2025-10-26,0.0,0.9205607476635514,-0.04,-0.0415,0.13397129186602874,10.49441422285931
2,KRW-AKT,2025-10-26,0.0,0.5607476635514018,0.08,0.0785,0.05870020964360578,20.38402707624951
2,KRW-ME,2025-10-27,0.0,0.4672897196261682,0.08,0.0785,0.07898658718330842,18.369166279979478
2,KRW-SOPH,2025-10-27,1.0,0.7149532710280374,-0.04,-0.0415,0.06378132118451041,32.78146487749765
2,KRW-VANA,2025-10-27,0.0,0.677570093457944,0.08,0.0785,0.16535433070866135,136.35118266866655
2,KRW-AKT,2025-10-28,1.0,0.9345794392523364,-0.04,-0.0415,0.15915119363395225,484.647996403111
2,KRW-TAIKO,2025-10-28,0.0,0.40186915887850466,-0.04,-0.0415,0.05384615384615388,14.488238714555973
2,KRW-MOCA,2025-10-28,1.0,0.7523364485981309,-0.04,-0.0415,0.05256723716381417,10.048769124947132
2,KRW-ME,2025-10-29,1.0,0.9069767441860465,-0.04,-0.0415,0.10668563300142253,107.43972218549465
2,KRW-BERA,2025-10-29,0.0,0.8093023255813954,-0.019920318725099584,-0.021420318725099585,0.05668934240362811,11.03696592733216
2,KRW-MOCA,2025-10-29,1.0,0.8930232558139535,-0.04,-0.0415,0.06691919191919182,59.64039133661269
2,KRW-TRUMP,2025-10-30,1.0,0.9814814814814815,-0.04,-0.0415,0.051012145748987825,78.06282779711296
2,KRW-AERO,2025-10-31,1.0,0.875,-0.009287925696594423,-0.010787925696594423,0.056884292178409845,56.696773856891454
2,KRW-POKT,2025-10-31,0.0,0.3472222222222222,-0.04,-0.0415,0.09523809523809512,26.93227576423967
2,KRW-VIRTUAL,2025-10-31,1.0,0.9675925925925926,0.08,0.0785,0.05249343832021003,19.442494638002497
2,KRW-ATH,2025-10-31,0.0,0.7037037037037037,0.05655526992287929,0.05505526992287929,0.0664893617021276,17.614996912603427
2,KRW-VIRTUAL,2025-11-01,1.0,0.9861111111111112,0.08,0.0785,0.0874692874692875,32.799007289818555
2,KRW-AUCTION,2025-11-02,0.0,0.9120370370370371,0.08,0.0785,0.07967313585291103,62.65601428887778
2,KRW-LPT,2025-11-02,1.0,0.9768518518518519,-0.04,-0.0415,0.2946979038224413,1211.3467596632008
2,KRW-TOKAMAK,2025-11-03,0.0,0.17592592592592593,-0.04,-0.0415,0.07029478458049887,30.72126263535448
2,KRW-0G,2025-11-03,0.0,0.9166666666666666,0.08,0.0785,0.14310645724258286,14.079462604489976
2,KRW-CPOOL,2025-11-04,0.0,0.46543778801843316,0.08,0.0785,0.2738255033557049,24.74664478582921
2,KRW-HYPER,2025-11-04,0.0,0.2995391705069124,-0.04,-0.0415,0.05555555555555558,8.790901924191395
2,KRW-HP,2025-11-05,0.0,0.1935483870967742,-0.04,-0.0415,0.15228426395939088,66.73509138643713
2,KRW-CPOOL,2025-11-05,1.0,0.9539170506912442,-0.04,-0.0415,0.1709090909090909,69.43207990914566
2,KRW-MOC,2025-11-06,0.0,0.2557077625570776,-0.04,-0.0415,0.06227758007117434,7.497458204239093
2,KRW-CPOOL,2025-11-06,1.0,0.9497716894977168,-0.04,-0.0415,0.21380846325167036,63.77731935553036
2,KRW-ELF,2025-11-06,1.0,0.634703196347032,-0.04,-0.0415,0.0730337078651686,26.96563923917309
2,KRW-ALT,2025-11-07,0.0,0.4748858447488584,0.08,0.0785,0.07499999999999996,70.20875091665249
2,KRW-MINA,2025-11-07,1.0,0.9771689497716894,0.08,0.0785,0.057613168724279795,102.58420838570618
2,KRW-BAT,2025-11-07,1.0,0.8949771689497716,-0.04,-0.0415,0.07667731629392982,7.123004679790961
2,KRW-POKT,2025-11-07,0.0,0.3013698630136986,0.08,0.0785,0.18396226415094352,36.29423674913313
2,KRW-FIL,2025-11-07,1.0,0.9360730593607306,0.08,0.0785,0.15535015997156054,241.71912859976052
2,KRW-DOT,2025-11-07,0.0,0.6666666666666666,0.08,0.0785,0.05128205128205132,7.786801123779068
2,KRW-HIVE,2025-11-07,0.0,0.2374429223744292,-0.04,-0.0415,0.05389221556886237,15.94805918068526
2,KRW-0G,2025-11-08,1.0,0.8904109589041096,-0.04,-0.0415,0.23579201934703753,48.99693977646257
2,KRW-META,2025-11-09,0.0,0.0502283105022831,-0.04,-0.0415,0.10999999999999988,12.019094811272872
2,KRW-BOUNTY,2025-11-09,0.0,0.0136986301369863,-0.04,-0.0415,0.09971509971509973,47.53869136528246
2,KRW-FCT2,2025-11-09,0.0,0.045662100456621,-0.04,-0.0415,0.39269406392694073,472.2938159982429
2,KRW-AHT,2025-11-09,0.0,0.0365296803652968,-0.04,-0.0415,0.06567164179104479,14.36482255452198
2,KRW-MOC,2025-11-09,0.0,0.1735159817351598,-0.04,-0.0415,0.1661392405063291,183.4379637915667
2,KRW-HUNT,2025-11-09,0.0,0.0410958904109589,0.008298755186721962,0.006798755186721963,0.051724137931034475,18.728993058920928
2,KRW-GAME2,2025-11-09,0.0,0.4337899543378995,-0.04,-0.0415,0.05263157894736836,7.657318636493644
2,KRW-AQT,2025-11-09,0.0,0.319634703196347,0.08,0.0785,0.06872509960159356,11.512088364003244
2,KRW-T,2025-11-10,0.0,0.228310502283105,-0.04,-0.0415,0.08947368421052637,23.352364093850117
2,KRW-KAVA,2025-11-10,1.0,0.9726027397260274,0.08,0.0785,0.1759656652360515,199.1950975573342
2,KRW-SYRUP,2025-11-10,0.0,0.4703196347031963,-0.04,-0.0415,0.05722460658082973,7.530441715427131
2,KRW-MOC,2025-11-11,0.0,0.4977168949771689,-0.04,-0.0415,0.05362776025236582,19.005154316266488
2,KRW-AUCTION,2025-11-11,0.0,0.4840182648401826,-0.04,-0.0415,0.1077235772357723,22.82962886940669
2,KRW-LSK,2025-11-11,0.0,0.1552511415525114,-0.04,-0.0415,0.26885245901639343,408.67224007573736
2,KRW-BOUNTY,2025-11-12,1.0,0.2374429223744292,-0.04,-0.0415,0.12064343163538882,83.95130931983275
2,KRW-POWR,2025-11-12,1.0,0.4794520547945205,-0.04,-0.0415,0.08227848101265822,47.984471921132034
2,KRW-FCT2,2025-11-12,0.0,0.4611872146118721,-0.04,-0.0415,0.05263157894736836,12.172765382491933
2,KRW-TFUEL,2025-11-12,0.0,0.1552511415525114,0.08,0.0785,0.19710144927536222,265.82236334900097
2,KRW-ELF,2025-11-12,1.0,0.365296803652968,-0.04,-0.0415,0.07653061224489788,34.04651433826077
2,KRW-MOC,2025-11-12,1.0,0.3333333333333333,-0.021929824561403466,-0.023429824561403467,0.056923076923077076,18.15742130743819
2,KRW-HP,2025-11-12,1.0,0.3378995433789954,-0.023012552301255096,-0.024512552301255097,0.078125,62.49298234127678
2,KRW-MINA,2025-11-14,0.0,0.7397260273972602,-0.04,-0.0415,0.06060606060606055,36.85751415089028
2,KRW-LSK,2025-11-14,1.0,0.9223744292237442,-0.04,-0.0415,0.24301675977653625,610.2869798281569
2,KRW-MTL,2025-11-15,1.0,0.7945205479452054,-0.04,-0.0415,0.0752212389380531,72.44380416080179
2,KRW-LSK,2025-11-15,1.0,0.9817351598173516,-0.04,-0.0415,0.14460784313725483,493.42635244304216
2,KRW-0G,2025-11-16,1.0,0.954337899543379,-0.04,-0.0415,0.0691823899371069,6.398305501570376
2,KRW-ZORA,2025-11-16,0.0,0.8538812785388128,-0.04,-0.0415,0.21085858585858586,193.88933251785198
2,KRW-ELF,2025-11-16,0.0,0.2009132420091324,0.08,0.0785,0.19318181818181812,120.27491673653563
2,KRW-ARDR,2025-11-17,1.0,0.7945205479452054,-0.04,-0.0415,0.1464245175936436,208.95214752605753
2,KRW-WCT,2025-11-17,1.0,0.9771689497716894,0.08,0.0785,0.09644670050761417,124.07828972347676
2,KRW-NXPC,2025-11-17,0.0,0.6484018264840182,-0.04,-0.0415,0.05225225225225216,8.990652221325655
2,KRW-STRAX,2025-11-17,1.0,0.867579908675799,0.0,-0.0015,0.05089058524173029,22.799340774802797
2,KRW-MOVE,2025-11-18,1.0,0.9041095890410958,-0.04,-0.0415,0.14120667522464703,112.48928433712102
2,KRW-PENDLE,2025-11-18,0.0,0.6255707762557078,0.026617057813394407,0.025117057813394406,0.05882352941176472,13.441702051347843
2,KRW-FCT2,2025-11-18,0.0,0.2009132420091324,-0.04,-0.0415,0.1990049751243781,226.30378561654635
2,KRW-POKT,2025-11-18,0.0,0.547945205479452,-0.04,-0.0415,0.07272727272727275,5.801200396729635
2,KRW-LAYER,2025-11-18,0.0,0.7899543378995434,-0.04,-0.0415,0.05228758169934644,29.227221926112975
2,KRW-WCT,2025-11-19,1.0,0.9545454545454546,-0.04,-0.0415,0.10550458715596323,161.10185970273312
2,KRW-TFUEL,2025-11-19,0.0,0.12272727272727273,0.08,0.0785,0.28104575163398704,260.97876758119287
2,KRW-SOPH,2025-11-19,0.0,0.5272727272727272,-0.04,-0.0415,0.08429118773946365,11.562411445652026
2,KRW-CYBER,2025-11-20,0.0,0.10909090909090909,-0.04,-0.0415,0.25806451612903225,578.0265393925046
2,KRW-CPOOL,2025-11-20,0.0,0.7045454545454546,-0.04,-0.0415,0.14714714714714727,8.319895846992349
2,KRW-TFUEL,2025-11-20,1.0,0.9727272727272728,-0.04,-0.0415,0.10946745562130178,288.4525006726433
2,KRW-TFUEL,2025-11-21,1.0,0.9045454545454545,-0.04,-0.0415,0.15873015873015883,326.8883107660936
2,KRW-BORA,2025-11-21,0.0,0.43636363636363634,-0.04,-0.0415,0.09483960948396097,53.630342908286465
2,KRW-FLOCK,2025-11-22,0.0,0.4954545454545455,0.08,0.0785,0.13705583756345185,21.30753049533618
2,KRW-TREE,2025-11-22,1.0,0.7818181818181819,-0.04,-0.0415,0.09677419354838701,13.053507539291257
2,KRW-MMT,2025-11-22,1.0,0.9772727272727273,0.08,0.0785,0.10778443113772451,17.068434917889654
2,KRW-TRUST,2025-11-22,1.0,0.9863636363636363,-0.04,-0.0415,0.4761061946902654,57.18040446628842
2,KRW-GAME2,2025-11-22,0.0,0.10454545454545454,-0.04,-0.0415,0.09578544061302674,22.387630190442984
2,KRW-HOLO,2025-11-22,0.0,0.7045454545454546,-0.04,-0.0415,0.2992700729927007,85.48594547724706
2,KRW-GAME2,2025-11-23,1.0,0.8636363636363636,-0.04,-0.0415,0.39492753623188426,649.1283621387133
2,KRW-MED,2025-11-23,0.0,0.1318181818181818,-0.013824884792626668,-0.015324884792626668,0.07194244604316546,17.58379562139916
2,KRW-BOUNTY,2025-11-23,0.0,0.4772727272727273,-0.04,-0.0415,0.09183673469387754,17.358167696592297
2,KRW-HOLO,2025-11-23,1.0,0.9454545454545454,-0.04,-0.0415,0.14193548387096766,42.09177758713791
2,KRW-0G,2025-11-23,1.0,0.9681818181818181,0.08,0.0785,0.18191377497371186,9.980202633612073
2,KRW-BLAST,2025-11-23,0.0,0.4863636363636364,0.08,0.0785,0.05369127516778538,6.235507891955097
2,KRW-OPEN,2025-11-24,0.0,0.5045454545454545,-0.04,-0.0415,0.24653739612188375,82.49961192788662
2,KRW-MVL,2025-11-25,0.0,0.027149321266968326,-0.04,-0.0415,0.15000000000000013,359.6481800797812
2,KRW-MBL,2025-11-25,0.0,0.43891402714932126,-0.04,-0.0415,0.05464480874316924,16.06984219127954
2,KRW-ONG,2025-11-25,0.0,0.02262443438914027,0.08,0.0785,0.05594405594405605,30.942580355538666
2,KRW-WAVES,2025-11-25,1.0,0.9638009049773756,-0.04,-0.0415,0.12351326623970715,154.2652074823191
2,KRW-TOKAMAK,2025-11-26,0.0,0.3936651583710407,-0.04,-0.0415,0.1642984014209592,162.18149954783883
2,KRW-LAYER,2025-11-26,0.0,0.8190045248868778,0.08,0.0785,0.05899705014749257,8.371751635373517
2,KRW-CTC,2025-11-26,0.0,0.7692307692307693,0.08,0.0785,0.0756501182033098,29.51673120539048
2,KRW-DOOD,2025-11-26,0.0,0.47058823529411764,-0.04,-0.0415,0.08012820512820507,10.262202744240758
2,KRW-KAITO,2025-11-27,0.0,0.7567567567567568,-0.04,-0.0415,0.1375565610859728,48.78577017047233
2,KRW-TOSHI,2025-11-27,0.0,0.7477477477477478,-0.04,-0.0415,0.1064516129032258,13.053507853749464
2,KRW-CYBER,2025-11-27,0.0,0.35585585585585583,-0.04,-0.0415,0.22419627749576998,413.835417721251
2,KRW-IP,2025-11-27,1.0,0.963963963963964,-0.04,-0.0415,0.0647964250248263,27.346053377746152
2,KRW-HYPER,2025-11-28,1.0,0.5585585585585585,-0.04,-0.0415,0.07834101382488479,8.980663869753792
2,KRW-DOOD,2025-11-28,1.0,0.9504504504504504,0.08,0.0785,0.15428571428571436,21.473278186720805
2,KRW-RAY,2025-11-28,1.0,0.972972972972973,-0.04,-0.0415,0.05852674066599395,90.89602802864219
2,KRW-ZETA,2025-11-28,0.0,0.18468468468468469,-0.04,-0.0415,0.09027777777777768,18.612736217911007
2,KRW-WAVES,2025-11-28,1.0,0.7747747747747747,-0.04,-0.0415,0.09454545454545449,39.32094081254318
2,KRW-SAFE,2025-11-28,1.0,0.7117117117117117,-0.04,-0.0415,0.5378486055776892,490.850428357111
2,KRW-SUPER,2025-11-28,1.0,0.963963963963964,-0.04,-0.0415,0.08010335917312661,117.08470930974431
2,KRW-ALT,2025-11-28,1.0,0.9009009009009009,0.08,0.0785,0.06696428571428581,33.29093377865246
2,KRW-CARV,2025-11-28,1.0,0.5945945945945946,-0.04,-0.0415,0.1434977578475336,114.35203188337253
2,KRW-ORCA,2025-11-28,1.0,0.9954954954954955,-0.04,-0.0415,0.14268218003674216,1222.1303810237216
2,KRW-JTO,2025-11-28,1.0,0.9414414414414415,-0.04,-0.0415,0.30414746543778803,256.5185919657364
2,KRW-BIGTIME,2025-11-29,1.0,0.7792792792792793,-0.04,-0.0415,0.08226221079691531,8.459230441334103
2,KRW-MBL,2025-11-29,1.0,0.1981981981981982,0.08,0.0785,0.24019607843137236,282.8577319029478
2,KRW-ALT,2025-11-29,1.0,0.9774774774774775,0.08,0.0785,0.2096219931271479,184.54375012480358
2,KRW-ORDER,2025-11-29,1.0,0.8288288288288288,-0.04,-0.0415,0.06349206349206349,11.471221828427074
2,KRW-EGLD,2025-11-29,1.0,0.9684684684684685,-0.04,-0.0415,0.11955770559778855,225.70486769883505
2,KRW-COMP,2025-11-29,1.0,0.9819819819819819,0.08,0.0785,0.18150448585231205,663.43278275229
2,KRW-TT,2025-11-29,0.0,0.13963963963963963,0.08,0.0785,0.07526881720430101,8.37300120488728
2,KRW-META,2025-11-29,0.0,0.0045045045045045045,-0.04,-0.0415,0.07978723404255317,11.395148789880926
2,KRW-AUCTION,2025-11-29,1.0,0.9459459459459459,-0.04,-0.0415,0.07471852610030716,15.932265037022958
2,KRW-GAME2,2025-11-29,0.0,0.4954954954954955,0.01650165016501659,0.01500165016501659,0.06484641638225264,17.49027896575948
2,KRW-SC,2025-11-29,1.0,0.5,0.08,0.0785,0.05363984674329503,8.202022758440105
2,KRW-SUPER,2025-11-29,1.0,0.9504504504504504,-0.04,-0.0415,0.5862884160756501,650.7716948238375
2,KRW-TFUEL,2025-11-30,0.0,0.26576576576576577,-0.04,-0.0415,0.32208588957055206,183.7357469434987
2,KRW-POWR,2025-11-30,0.0,0.15315315315315314,-0.03289473684210531,-0.03439473684210531,0.11805555555555558,31.920167387786446
2,KRW-COMP,2025-11-30,1.0,1.0,-0.04,-0.0415,0.20920278223649014,582.4101275107483
2,KRW-LSK,2025-11-30,1.0,0.972972972972973,0.08,0.0785,0.10374639769452454,33.680746548117305
2,KRW-WAXP,2025-11-30,1.0,0.5945945945945946,-0.04,-0.0415,0.06711409395973145,8.055538227122026
2,KRW-EGLD,2025-11-30,1.0,0.9504504504504504,-0.04,-0.0415,0.14442815249266872,199.19062534303717
2,KRW-SUPER,2025-11-30,1.0,0.990990990990991,-0.04,-0.0415,0.061872909698996725,193.8809988692539
2,KRW-SIGN,2025-12-01,0.0,0.46396396396396394,-0.04,-0.0415,0.3658940397350994,266.3752040392658
2,KRW-LSK,2025-12-01,1.0,1.0,-0.04,-0.0415,0.05352798053527974,33.39383371956753
2,KRW-CKB,2025-12-02,0.0,0.09009009009009009,-0.04,-0.0415,0.39678284182305634,303.9091132559989
2,KRW-AXL,2025-12-02,0.0,0.3063063063063063,0.08,0.0785,0.07643312101910826,22.431571077194402
2,KRW-ORCA,2025-12-02,0.0,0.8018018018018018,0.08,0.0785,0.16831683168316824,337.7283670455387
2,KRW-SAFE,2025-12-02,0.0,0.509009009009009,0.008888888888888946,0.0073888888888889465,0.059633027522935755,6.465194780918145
2,KRW-ANIME,2025-12-02,0.0,0.46846846846846846,-0.04,-0.0415,0.12458654906284439,24.18136749991852
2,KRW-TOSHI,2025-12-03,1.0,0.6891891891891891,-0.04,-0.0415,0.09677419354838723,10.155490255614025
2,KRW-RAY,2025-12-03,1.0,0.8333333333333334,-0.04,-0.0415,0.28264654672083567,186.6429757597345
2,KRW-AWE,2025-12-03,1.0,0.527027027027027,0.08,0.0785,0.0583524027459954,10.639315923536056
2,KRW-SUPER,2025-12-03,1.0,0.9459459459459459,-0.04,-0.0415,0.08831168831168834,143.879707048742
2,KRW-DRIFT,2025-12-04,0.0,0.5945945945945946,-0.04,-0.0415,0.0883190883190883,12.008275603774148
2,KRW-RED,2025-12-04,0.0,0.13063063063063063,0.08,0.0785,0.2230392156862746,287.3974494180387
2,KRW-EGLD,2025-12-05,0.0,0.7432432432432432,0.08,0.0785,0.19913419913419905,237.67532899505906
2,KRW-ARK,2025-12-05,0.0,0.7162162162162162,-0.013363028953229383,-0.014863028953229383,0.05747126436781613,11.961792026382781
2,KRW-DOOD,2025-12-07,1.0,0.7522522522522522,-0.04,-0.0415,0.19368131868131866,56.47762972221855
2,KRW-MEW,2025-12-07,0.0,0.6531531531531531,-0.04,-0.0415,0.05389221556886237,53.42572009258195
2,KRW-MOODENG,2025-12-07,1.0,0.9819819819819819,-0.04,-0.0415,0.22580645161290325,274.30199710310364
2,KRW-TOSHI,2025-12-07,0.0,0.581081081081081,-0.04,-0.0415,0.10327868852459021,35.212430052353554
2,KRW-BORA,2025-12-09,0.0,0.6036036036036037,-0.04,-0.0415,0.055152394775036306,23.790696550553836
2,KRW-CTC,2025-12-09,0.0,0.8423423423423423,-0.002169197396963085,-0.003669197396963085,0.06067415730337089,6.824626589248522
2,KRW-G,2025-12-10,1.0,0.9594594594594594,0.08,0.0785,0.09170854271356776,473.6907462349978
2,KRW-MTL,2025-12-10,1.0,0.9369369369369369,-0.04,-0.0415,0.13128038897893024,251.2831187124067
2,KRW-CVC,2025-12-11,0.0,0.7027027027027027,-0.04,-0.0415,0.07843137254901955,54.20687938094215
2,KRW-CPOOL,2025-12-12,0.0,0.35585585585585583,-0.04,-0.0415,0.17757009345794383,22.51858314147154
2,KRW-TOKAMAK,2025-12-13,0.0,0.0990990990990991,-0.04,-0.0415,0.05400372439478596,11.997399916665458
2,KRW-AHT,2025-12-13,0.0,0.02252252252252252,-0.04,-0.0415,0.06360424028268552,32.50604647192879
2,KRW-SOMI,2025-12-13,1.0,0.954954954954955,-0.04,-0.0415,0.08816120906801017,122.6447127785723
2,KRW-AQT,2025-12-13,0.0,0.24324324324324326,-0.04,-0.0415,0.1801692865779927,67.1457893507774
2,KRW-CBK,2025-12-13,0.0,0.4594594594594595,-0.04,-0.0415,0.20377358490566033,254.45368946773416
2,KRW-SOMI,2025-12-14,1.0,0.963963963963964,-0.04,-0.0415,0.11749999999999994,137.97203474270836
2,KRW-MOC,2025-12-14,1.0,0.8783783783783784,-0.04,-0.0415,0.07977736549165138,55.06477658840602
2,KRW-ARDR,2025-12-14,0.0,0.8108108108108109,-0.04,-0.0415,0.13228699551569512,61.79597406006202
2,KRW-LAYER,2025-12-15,0.0,0.8918918918918919,-0.04,-0.0415,0.09318996415770608,14.04527388358233
2,KRW-SOMI,2025-12-15,1.0,0.972972972972973,0.08,0.0785,0.07246376811594213,94.45799378162243
2,KRW-SOMI,2025-12-16,1.0,0.9730941704035875,0.08,0.0785,0.08163265306122458,105.3385979544881
2,KRW-AQT,2025-12-16,0.0,0.6636771300448431,-0.04,-0.0415,0.05781865965834432,6.745302218029286
2,KRW-AQT,2025-12-17,0.0,0.7130044843049327,-0.04,-0.0415,0.0916129032258064,25.733113508763473
2,KRW-META,2025-12-17,1.0,0.757847533632287,-0.04,-0.0415,0.2193548387096773,263.1141805634523
2,KRW-MED,2025-12-17,0.0,0.22869955156950672,-0.04,-0.0415,0.07103825136612008,34.015613658790315
2,KRW-STEEM,2025-12-18,0.0,0.25112107623318386,-0.04,-0.0415,0.14438502673796783,219.20009687732744
2,KRW-AERGO,2025-12-18,1.0,0.9641255605381166,0.08,0.0785,0.06172839506172845,68.0217704652476
2,KRW-MOVE,2025-12-19,0.0,0.8565022421524664,-0.04,-0.0415,0.059071729957806074,13.213141816675815
2,KRW-HOLO,2025-12-19,0.0,0.726457399103139,0.08,0.0785,0.06366630076838642,19.595727360488887
2,KRW-DOOD,2025-12-19,1.0,0.9327354260089686,0.08,0.0785,0.07930607187112759,6.364259219725805
2,KRW-F,2025-12-19,0.0,0.8295964125560538,0.08,0.0785,0.3532934131736529,120.85879229348429
2,KRW-ANIME,2025-12-20,1.0,0.5246636771300448,-0.04,-0.0415,0.18411552346570392,52.62750266246616
2,KRW-OPEN,2025-12-20,1.0,0.2914798206278027,0.0,-0.0015,0.07874015748031504,13.637240144630033
2,KRW-VTHO,2025-12-21,0.0,0.04484304932735426,-0.04,-0.0415,0.48360655737704916,806.8780101542301
2,KRW-DKA,2025-12-22,1.0,0.8923766816143498,-0.04,-0.0415,0.19489559164733206,406.6385109799371
2,KRW-CARV,2025-12-22,1.0,0.905829596412556,-0.04,-0.0415,0.09401709401709413,24.22533723396659
2,KRW-IQ,2025-12-22,1.0,0.7668161434977578,-0.012711864406779627,-0.014211864406779627,0.07488986784140961,24.00266416605882
2,KRW-POLYX,2025-12-22,1.0,0.8968609865470852,0.08,0.0785,0.18207282913165268,470.580934680429
2,KRW-POLYX,2025-12-23,1.0,0.9865470852017937,-0.04,-0.0415,0.12009237875288692,487.3554580815969
2,KRW-MED,2025-12-23,0.0,0.57847533632287,0.08,0.0785,0.1711229946524062,226.97038298156494
2,KRW-META,2025-12-23,0.0,0.17937219730941703,-0.04,-0.0415,0.05063291139240511,21.023069139133607
2,KRW-F,2025-12-23,0.0,0.8699551569506726,0.08,0.0785,0.06306306306306309,8.957611565403518
2,KRW-SC,2025-12-23,0.0,0.09417040358744394,-0.04,-0.0415,0.05607476635513997,16.99516856700873
2,KRW-AWE,2025-12-23,0.0,0.15246636771300448,0.0034965034965035446,0.0019965034965035446,0.06490384615384603,27.61937979348971
2,KRW-ORCA,2025-12-23,1.0,0.9461883408071748,-0.04,-0.0415,0.06476079346557762,7.223008476410688
2,KRW-ANIME,2025-12-23,1.0,0.9775784753363229,-0.04,-0.0415,0.07462686567164178,13.441014903449352
2,KRW-TREE,2025-12-24,0.0,0.336322869955157,0.08,0.0785,0.05063291139240511,7.707436624943491
2,KRW-TFUEL,2025-12-24,0.0,0.5515695067264574,-0.04,-0.0415,0.1477272727272727,160.99680028921574
2,KRW-AVNT,2025-12-24,1.0,0.9865470852017937,-0.04,-0.0415,0.12970711297071125,46.334154580726356
2,KRW-ENSO,2025-12-25,0.0,0.8654708520179372,0.08,0.0785,0.05728155339805818,13.57374233148426
2,KRW-0G,2025-12-25,0.0,0.7847533632286996,-0.04,-0.0415,0.11298482293423273,56.49446486711965
2,KRW-LAYER,2025-12-25,0.0,0.7713004484304933,-0.04,-0.0415,0.1707317073170731,99.5598541351816
2,KRW-STEEM,2025-12-25,0.0,0.026905829596412557,-0.04,-0.0415,0.08421052631578951,121.25420382169841
2,KRW-PROVE,2025-12-26,1.0,0.8789237668161435,0.01724137931034475,0.01574137931034475,0.05477031802120136,38.899240866414374
2,KRW-KERNEL,2025-12-26,1.0,0.6636771300448431,-0.04,-0.0415,0.1100000000000001,19.832091574128324
2,KRW-CPOOL,2025-12-26,0.0,0.6188340807174888,0.08,0.0785,0.3774834437086094,161.55682823756823
2,KRW-PLUME,2025-12-27,1.0,0.9419642857142857,-0.04,-0.0415,0.05434782608695654,6.740893802876443
2,KRW-0G,2025-12-27,1.0,0.9866071428571429,-0.04,-0.0415,0.1255972696245733,77.9355032107048
2,KRW-AXL,2025-12-27,0.0,0.6607142857142857,-0.04,-0.0415,0.05660377358490565,7.104834919814711
2,KRW-BORA,2025-12-28,0.0,0.19642857142857142,-0.020942408376963262,-0.022442408376963263,0.051878354203935606,13.903932924682588
2,KRW-GAS,2025-12-28,1.0,0.9732142857142857,-0.04,-0.0415,0.1799379524301965,637.0321993948005
2,KRW-BIGTIME,2025-12-29,1.0,0.8973214285714286,-0.04,-0.0415,0.15488215488215484,455.37019499189364
2,KRW-DRIFT,2025-12-29,0.0,0.7633928571428571,-0.04,-0.0415,0.11297071129707104,27.335885279671576
2,KRW-ZBT,2025-12-29,1.0,0.8794642857142857,0.08,0.0785,0.054421768707483054,33.31437437220282
2,KRW-ZRX,2025-12-30,1.0,0.9151785714285714,-0.04,-0.0415,0.5172413793103448,1194.7358729796388
2,KRW-POWR,2025-12-30,0.0,0.2857142857142857,-0.04,-0.0415,0.05882352941176472,22.237486269301826
2,KRW-SOPH,2025-12-30,0.0,0.5089285714285714,-0.04,-0.0415,0.08241758241758235,15.409784559958371
2,KRW-BORA,2025-12-31,1.0,0.8660714285714286,-0.04,-0.0415,0.061855670103092786,40.79557706403586
2,KRW-CYBER,2025-12-31,0.0,0.09821428571428571,-0.04,-0.0415,0.39809523809523806,445.63337070162316
2,KRW-DKA,2025-12-31,1.0,0.9642857142857143,-0.04,-0.0415,0.11578947368421044,309.9957094589747
2,KRW-AUCTION,2025-12-31,0.0,0.3125,0.08,0.0785,0.10957004160887651,171.56708363504742
2,KRW-POLYX,2025-12-31,1.0,0.9732142857142857,-0.04,-0.0415,0.20223325062034747,401.8583715829223
2,KRW-BOUNTY,2025-12-31,1.0,0.7633928571428571,-0.006557377049180357,-0.008057377049180357,0.08275862068965512,84.40669122243338
2,KRW-LA,2026-01-01,0.0,0.5089285714285714,-0.04,-0.0415,0.26315789473684204,171.06095246407304
2,KRW-AERGO,2026-01-01,0.0,0.59375,0.08,0.0785,0.08798017348203224,12.507535425046202
2,KRW-HOLO,2026-01-02,0.0,0.3111111111111111,0.08,0.0785,0.2127440904419322,115.17974290529864
2,KRW-AQT,2026-01-02,0.0,0.6311111111111111,-0.04,-0.0415,0.07476635514018692,20.920859663875845
2,KRW-AERGO,2026-01-02,1.0,0.9911111111111112,-0.04,-0.0415,0.10624315443592547,94.27215741272545
2,KRW-AVNT,2026-01-02,0.0,0.9244444444444444,-0.003809523809523818,-0.005309523809523818,0.08333333333333326,13.21143567732083
2,KRW-FLUID,2026-01-03,0.0,0.27111111111111114,-0.04,-0.0415,0.17642752562225472,181.30264707249094
2,KRW-CTC,2026-01-03,0.0,0.48444444444444446,-0.04,-0.0415,0.07774798927613946,14.464305293306492
2,KRW-PEPE,2026-01-03,1.0,0.9688888888888889,-0.04,-0.0415,0.05074971164936559,79.31719361884532
2,KRW-ZKC,2026-01-03,0.0,0.6177777777777778,-0.04,-0.0415,0.12941176470588234,70.22502752931688
2,KRW-SOMI,2026-01-03,0.0,0.3377777777777778,-0.04,-0.0415,0.06793478260869557,12.987602506792479
2,KRW-KAITO,2026-01-03,0.0,0.41333333333333333,-0.04,-0.0415,0.13436692506459957,202.46928439036577
2,KRW-SOPH,2026-01-04,0.0,0.5155555555555555,-0.04,-0.0415,0.10052910052910069,37.124808031667364
2,KRW-AERGO,2026-01-04,0.0,0.88,-0.04,-0.0415,0.08342361863488623,41.81525298567271
2,KRW-POKT,2026-01-04,0.0,0.31555555555555553,-0.04,-0.0415,0.26857142857142846,150.09215606090595
2,KRW-BSV,2026-01-05,0.0,0.4622222222222222,-0.04,-0.0415,0.16746943312337903,136.74111015071736
2,KRW-ORCA,2026-01-05,0.0,0.5066666666666667,-0.04,-0.0415,0.16985645933014348,80.31424080298494
2,KRW-XEC,2026-01-05,0.0,0.37333333333333335,0.08,0.0785,0.07100591715976345,75.82114651925495
2,KRW-IP,2026-01-05,1.0,0.9288888888888889,-0.04,-0.0415,0.09704641350210963,74.31579175196075
2,KRW-BORA,2026-01-05,0.0,0.3466666666666667,0.08,0.0785,0.06965174129353247,15.40591297816609
2,KRW-MLK,2026-01-06,1.0,0.5644444444444444,0.08,0.0785,0.06481481481481488,37.91318031417638
2,KRW-MED,2026-01-06,0.0,0.08444444444444445,0.007792207792207684,0.006292207792207684,0.056451612903225756,16.96070048896994
2,KRW-ONT,2026-01-06,0.0,0.6177777777777778,0.08,0.0785,0.07104984093319189,121.901935082793
2,KRW-BTT,2026-01-06,1.0,0.9333333333333333,-0.04,-0.0415,0.09785932721712554,165.37451959135322
2,KRW-BORA,2026-01-06,1.0,0.8577777777777778,-0.04,-0.0415,0.1703125000000001,147.649406089013
2,KRW-BOUNTY,2026-01-07,0.0,0.05309734513274336,0.08,0.0785,0.2626582278481011,642.729007688926
2,KRW-BORA,2026-01-07,1.0,0.9823008849557522,-0.04,-0.0415,0.05925925925925912,111.97425959353936
2,KRW-FCT2,2026-01-07,0.0,0.13274336283185842,0.08,0.0785,0.11499999999999999,121.53788861384868
2,KRW-HP,2026-01-07,1.0,0.45132743362831856,-0.04,-0.0415,0.07784431137724557,42.76682475140273
2,KRW-GAME2,2026-01-07,0.0,0.09734513274336283,0.08,0.0785,0.055335968379446765,15.618575028180242
2,KRW-MOC,2026-01-07,0.0,0.18141592920353983,0.08,0.0785,0.12523719165085367,127.89121529825265
2,KRW-META,2026-01-07,0.0,0.11504424778761062,-0.022598870056497078,-0.02409887005649708,0.05294117647058805,9.14043850010103
2,KRW-ELF,2026-01-08,1.0,0.5726872246696035,0.08,0.0785,0.0808823529411764,28.7144196048771
2,KRW-META,2026-01-08,1.0,0.6079295154185022,0.08,0.0785,0.09883720930232553,38.90604440289512
2,KRW-BLAST,2026-01-08,1.0,0.6519823788546255,0.08,0.0785,0.05263157894736836,5.066281860955711
2,KRW-STRAX,2026-01-08,1.0,0.8325991189427313,-0.04,-0.0415,0.37386018237082075,410.0000559337803
2,KRW-SNT,2026-01-08,1.0,0.6651982378854625,-0.04,-0.0415,0.12556053811659185,208.13268810155157
2,KRW-ZKP,2026-01-09,1.0,0.973568281938326,-0.04,-0.0415,0.07172995780590719,6.234356244871442
2,KRW-SONIC,2026-01-09,1.0,0.8766519823788547,-0.04,-0.0415,0.055118110236220375,19.160430733578853
2,KRW-BLAST,2026-01-09,1.0,0.7224669603524229,0.08,0.0785,0.05128205128205132,6.894420018814791
2,KRW-BOUNTY,2026-01-09,1.0,0.920704845814978,0.08,0.0785,0.28,337.5768275503645
2,KRW-GMT,2026-01-10,1.0,0.973568281938326,0.08,0.0785,0.11387900355871894,245.3655751713468
2,KRW-ELF,2026-01-10,1.0,0.933920704845815,-0.04,-0.0415,0.25308641975308643,469.7534431021338
2,KRW-ZETA,2026-01-11,1.0,0.8590308370044053,-0.04,-0.0415,0.05217391304347818,28.498097343776486
2,KRW-CTC,2026-01-11,1.0,0.9295154185022027,-0.04,-0.0415,0.12165450121654509,105.18161704198509
2,KRW-FLOCK,2026-01-11,0.0,0.27312775330396477,-0.022058823529411797,-0.0235588235294118,0.06015037593984962,11.086044545267196
2,KRW-NEWT,2026-01-11,0.0,0.1894273127753304,-0.04,-0.0415,0.05769230769230771,28.013052384847374
2,KRW-POLYX,2026-01-11,0.0,0.947136563876652,-0.04,-0.0415,0.06315789473684208,10.492714300305602
2,KRW-HYPER,2026-01-11,0.0,0.3568281938325991,0.08,0.0785,0.28415300546448097,178.85148830818702
2,KRW-IP,2026-01-12,1.0,0.9559471365638766,0.08,0.0785,0.10998509687034286,65.40544073225227
2,KRW-ELF,2026-01-13,0.0,0.6872246696035242,0.01273885350318471,0.011238853503184711,0.05844155844155852,29.510260249165203
2,KRW-BOUNTY,2026-01-13,1.0,0.9515418502202643,-0.04,-0.0415,0.13545816733067717,254.39894829640158
2,KRW-MTL,2026-01-13,0.0,0.18502202643171806,-0.04,-0.0415,0.17086330935251803,516.6941898558448
2,KRW-WET,2026-01-13,0.0,0.7841409691629956,0.024038461538461453,0.02253846153846145,0.054455445544554504,4.91607231562733
2,KRW-BERA,2026-01-14,0.0,0.6299559471365639,-0.04,-0.0415,0.3193473193473193,139.23424062304258
2,KRW-CKB,2026-01-14,1.0,0.31277533039647576,-0.04,-0.0415,0.052256532066508266,41.266198012231825
2,KRW-MANA,2026-01-14,1.0,0.7444933920704846,-0.04,-0.0415,0.05504587155963292,45.510928244887815
2,KRW-AXS,2026-01-14,1.0,0.9559471365638766,-0.04,-0.0415,0.17711700064641245,621.0083690000565
2,KRW-VANA,2026-01-14,0.0,0.22026431718061673,-0.04,-0.0415,0.09356393535582641,69.65740270591483
2,KRW-POKT,2026-01-15,0.0,0.3991228070175439,-0.04,-0.0415,0.05102040816326525,8.302959269349113
2,KRW-SAFE,2026-01-15,1.0,0.8289473684210527,-0.04,-0.0415,0.2603305785123966,392.63733179521944
2,KRW-MOCA,2026-01-15,1.0,0.7149122807017544,-0.04,-0.0415,0.10693641618497107,109.9035833958275
2,KRW-ME,2026-01-15,1.0,0.9078947368421053,-0.04,-0.0415,0.13313609467455612,78.69030936358094
2,KRW-MOVE,2026-01-15,1.0,0.9122807017543859,0.08,0.0785,0.19237749546279503,77.79116277650095
2,KRW-MED,2026-01-16,0.0,0.23684210526315788,0.08,0.0785,0.25547445255474455,117.70008132057715
2,KRW-BOUNTY,2026-01-16,0.0,0.7631578947368421,-0.04,-0.0415,0.18475750577367211,236.71577617941978
2,KRW-BOUNTY,2026-01-17,1.0,0.956140350877193,-0.04,-0.0415,0.05506607929515428,50.437709917671754
2,KRW-BERA,2026-01-17,1.0,0.9605263157894737,-0.04,-0.0415,0.11067580803134192,105.06613788442375
2,KRW-AXS,2026-01-17,1.0,0.9912280701754386,0.08,0.0785,0.08797953964194383,399.3900467260106
2,KRW-MOC,2026-01-17,0.0,0.5263157894736842,0.014285714285714235,0.012785714285714235,0.05688073394495419,24.478221863703464
2,KRW-GAME2,2026-01-17,0.0,0.5789473684210527,-0.04,-0.0415,0.19762845849802368,181.22263364622955
2,KRW-BLAST,2026-01-18,0.0,0.3333333333333333,-0.04,-0.0415,0.1322314049586779,28.173115435652836
2,KRW-CELO,2026-01-18,0.0,0.7982456140350878,-0.04,-0.0415,0.07920792079207928,10.83135479227587
2,KRW-AXS,2026-01-18,1.0,1.0,-0.04,-0.0415,0.10810810810810811,677.6752639323613
2,KRW-DRIFT,2026-01-18,1.0,0.9166666666666666,-0.04,-0.0415,0.10074626865671643,25.12010196870091
2,KRW-THETA,2026-01-18,1.0,0.793859649122807,-0.04,-0.0415,0.06679764243614938,18.593436265700678
2,KRW-SAFE,2026-01-18,0.0,0.8201754385964912,-0.04,-0.0415,0.2952029520295203,307.34984939448617
2,KRW-SAND,2026-01-18,1.0,0.9868421052631579,-0.04,-0.0415,0.09459459459459452,122.51248904083968
2,KRW-BERA,2026-01-18,1.0,0.9956140350877193,0.08,0.0785,0.06295993458708105,77.95976362484578
2,KRW-AXS,2026-01-19,1.0,1.0,-0.04,-0.0415,0.06761565836298922,415.4253942684439
2,KRW-BARD,2026-01-19,0.0,0.6622807017543859,-0.04,-0.0415,0.1428571428571428,179.17374260164254
2,KRW-META,2026-01-20,0.0,0.19736842105263158,0.005714285714285783,0.004214285714285783,0.05294117647058805,6.806445998687037
2,KRW-DOOD,2026-01-20,0.0,0.8991228070175439,-0.04,-0.0415,0.11021505376344076,23.08575817901626
2,KRW-AXS,2026-01-20,1.0,0.9780701754385965,0.08,0.0785,0.0918742343813801,298.0858248200556
2,KRW-DKA,2026-01-20,0.0,0.4298245614035088,-0.04,-0.0415,0.1935110081112399,20.6848675502704
2,KRW-IP,2026-01-21,0.0,0.956140350877193,-0.04,-0.0415,0.1601413011480719,9.345833833440384
2,KRW-DEEP,2026-01-21,0.0,0.4342105263157895,0.08,0.0785,0.10160427807486627,7.021438567077342
2,KRW-GLM,2026-01-21,0.0,0.6403508771929824,0.08,0.0785,0.06769230769230772,9.629601789399297
2,KRW-ENSO,2026-01-21,0.0,0.5307017543859649,-0.04,-0.0415,0.07749077490774914,5.948095030232812
2,KRW-AERGO,2026-01-21,0.0,0.5877192982456141,0.08,0.0785,0.156431054461182,43.13891106144073
2,KRW-SAFE,2026-01-22,1.0,0.9517543859649122,-0.04,-0.0415,0.10355987055016191,126.28607158396905
2,KRW-CHZ,2026-01-22,0.0,0.8245614035087719,-0.04,-0.0415,0.05291005291005302,5.176390984633613
2,KRW-AXS,2026-01-22,1.0,0.9956140350877193,0.08,0.0785,0.08323831242873436,237.02537041889306
2,KRW-BORA,2026-01-22,0.0,0.8728070175438597,-0.04,-0.0415,0.13430656934306584,35.8836726239105
2,KRW-ENSO,2026-01-23,1.0,0.9432314410480349,-0.04,-0.0415,0.1118279569892473,37.955014345527374
2,KRW-KAITO,2026-01-23,0.0,0.7379912663755459,0.08,0.0785,0.07058823529411762,8.48651469527499
2,KRW-AXS,2026-01-23,1.0,1.0,-0.04,-0.0415,0.0742138364779874,272.478520130118
2,KRW-0G,2026-01-24,1.0,0.9868995633187773,0.08,0.0785,0.09417920209287112,75.62918826853995
2,KRW-ENSO,2026-01-24,1.0,0.982532751091703,0.08,0.0785,0.16857899382171238,130.91122425329704
2,KRW-POKT,2026-01-24,0.0,0.4410480349344978,0.027472527472527375,0.025972527472527374,0.08045977011494276,20.1067819201854
2,KRW-LPT,2026-01-24,0.0,0.14410480349344978,-0.04,-0.0415,0.2860204810669207,478.77879871950165
2,KRW-F,2026-01-25,1.0,0.8122270742358079,-0.04,-0.0415,0.06730769230769229,11.52093598742126
2,KRW-NEWT,2026-01-25,1.0,0.7641921397379913,-0.04,-0.0415,0.08227848101265822,13.578441902193521
2,KRW-AVNT,2026-01-25,1.0,0.8777292576419214,-0.04,-0.0415,0.176056338028169,15.59256648427268
2,KRW-SOPH,2026-01-25,1.0,0.7467248908296943,-0.04,-0.0415,0.14572864321608048,20.783475206855687
2,KRW-RED,2026-01-25,1.0,0.6157205240174672,-0.04,-0.0415,0.09782608695652173,49.700096090647406
2,KRW-BLAST,2026-01-25,1.0,0.5502183406113537,0.08,0.0785,0.10810810810810789,13.589200679281499
2,KRW-PLUME,2026-01-25,0.0,0.6419213973799127,0.08,0.0785,0.09606986899563341,17.532816672742484
2,KRW-SUPER,2026-01-25,1.0,0.7205240174672489,-0.04,-0.0415,0.1084745762711865,131.73764551935434
2,KRW-KERNEL,2026-01-25,1.0,0.8951965065502183,-0.04,-0.0415,0.06140350877192979,25.399026361468895
2,KRW-G,2026-01-25,0.0,0.5021834061135371,-0.04,-0.0415,0.34218289085545717,318.34722405655384
2,KRW-WCT,2026-01-25,1.0,0.9170305676855895,0.08,0.0785,0.054263565891472965,12.41683592210315
2,KRW-TREE,2026-01-25,1.0,0.8820960698689956,0.08,0.0785,0.11309523809523814,37.258384258079374
2,KRW-FLUID,2026-01-25,1.0,0.6724890829694323,-0.04,-0.0415,0.7494850669412976,736.2955603380057
2,KRW-MOCA,2026-01-26,1.0,0.8646288209606987,0.08,0.0785,0.07523510971786829,10.270258745414825
2,KRW-WAVES,2026-01-26,0.0,0.5021834061135371,-0.04,-0.0415,0.07203389830508478,15.457548051972921
2,KRW-TAIKO,2026-01-26,1.0,0.8209606986899564,-0.04,-0.0415,0.5538461538461539,881.0091412271047
2,KRW-TRUST,2026-01-26,1.0,0.7947598253275109,-0.04,-0.0415,0.09523809523809534,15.90204416999189
2,KRW-CARV,2026-01-26,1.0,0.6375545851528385,0.08,0.0785,0.07246376811594213,11.892292879265039
2,KRW-F,2026-01-26,1.0,0.7379912663755459,-0.04,-0.0415,0.18895966029723987,42.87780584614572
2,KRW-LAYER,2026-01-26,1.0,0.9170305676855895,-0.04,-0.0415,0.07804878048780495,21.16998170927037
2,KRW-ANIME,2026-01-26,0.0,0.6244541484716157,-0.04,-0.0415,0.0751565762004176,10.797059237849803
2,KRW-ENSO,2026-01-26,1.0,1.0,-0.04,-0.0415,0.2651851851851852,207.00273284564943
2,KRW-MIRA,2026-01-26,1.0,0.9432314410480349,-0.04,-0.0415,0.17708333333333326,44.26231017690051
2,KRW-DRIFT,2026-01-26,1.0,0.8864628820960698,-0.04,-0.0415,0.2792792792792793,56.99665269274141
2,KRW-STEEM,2026-01-27,0.0,0.048034934497816595,-0.04,-0.0415,0.05919003115264809,48.49844698117946
2,KRW-AXS,2026-01-27,1.0,1.0,-0.04,-0.0415,0.10325047801147225,293.5777255372006
2,KRW-GAS,2026-01-27,0.0,0.37117903930131,-0.04,-0.0415,0.18462096481683,98.91265771685133
2,KRW-QTUM,2026-01-27,0.0,0.2838427947598253,-0.04,-0.0415,0.07266811279826468,77.3044190433771
2,KRW-ONG,2026-01-27,0.0,0.08296943231441048,-0.04,-0.0415,0.3583333333333334,272.53566087116155
2,KRW-CKB,2026-01-27,1.0,0.7074235807860262,-0.04,-0.0415,0.05128205128205132,19.836861919194103
2,KRW-HP,2026-01-28,0.0,0.4410480349344978,-0.04,-0.0415,0.06646525679758297,7.32544077271209
2,KRW-FCT2,2026-01-28,0.0,0.13973799126637554,-0.04,-0.0415,0.24637681159420288,118.7356959711496
2,KRW-SOMI,2026-01-28,1.0,0.8602620087336245,0.08,0.0785,0.20234604105571852,122.60772737716928
2,KRW-JTO,2026-01-29,1.0,0.9868995633187773,-0.04,-0.0415,0.0714285714285714,432.9278744385763
2,KRW-SAHARA,2026-01-29,0.0,0.6943231441048034,0.08,0.0785,0.19498607242339827,133.85723935385735
2,KRW-KITE,2026-01-29,1.0,0.9519650655021834,0.08,0.0785,0.06829268292682933,25.62249595291947
2,KRW-SOMI,2026-01-29,1.0,1.0,-0.04,-0.0415,0.11926605504587151,207.23250965956942
2,KRW-SOMI,2026-01-30,1.0,0.9739130434782609,-0.04,-0.0415,0.08219178082191791,80.28297768886289
2,KRW-IN,2026-01-30,0.0,0.5739130434782609,0.08,0.0785,0.1332574031890661,45.76208875144236
2,KRW-ENSO,2026-01-30,1.0,0.9304347826086956,-0.04,-0.0415,0.10863182618907818,38.262104239801516
2,KRW-ORBS,2026-01-31,0.0,0.3565217391304348,-0.04,-0.0415,0.05673758865248235,14.64409018343378
2,KRW-ENSO,2026-01-31,1.0,0.9869565217391304,-0.04,-0.0415,0.08169556840077075,125.22554329922781
2,KRW-TOKAMAK,2026-01-31,0.0,0.3173913043478261,0.08,0.0785,0.06932773109243695,22.1199730813402
2,KRW-CBK,2026-01-31,0.0,0.08260869565217391,0.08,0.0785,0.21380846325167036,200.60871429550255
2,KRW-STRAX,2026-02-01,1.0,0.9043478260869565,0.08,0.0785,0.09795918367346923,17.94157176932348
2,KRW-WET,2026-02-01,0.0,0.6391304347826087,-0.04,-0.0415,0.1015625,6.859669040744634
2,KRW-ORDER,2026-02-01,0.0,0.10869565217391304,0.08,0.0785,0.05427974947807934,36.37713820153876
2,KRW-BREV,2026-02-01,0.0,0.8304347826086956,-0.04,-0.0415,0.18907563025210083,5.56006205396576
2,KRW-TFUEL,2026-02-01,1.0,0.5608695652173913,-0.04,-0.0415,0.0873362445414847,18.780961070955264
2,KRW-ZK,2026-02-01,0.0,0.02608695652173913,-0.04,-0.0415,1.9909365558912384,281.2324784041075
2,KRW-ZKP,2026-02-01,0.0,0.7304347826086957,-0.04,-0.0415,0.5158730158730158,41.0020466032459
2,KRW-F,2026-02-02,1.0,0.9130434782608695,-0.04,-0.0415,0.4448669201520914,267.40553753501894
2,KRW-POKT,2026-02-02,1.0,0.9739130434782609,0.08,0.0785,0.0714285714285714,14.071585448197771
2,KRW-DEEP,2026-02-02,0.0,0.6782608695652174,-0.04,-0.0415,0.08333333333333326,7.335305405518402
2,KRW-ANIME,2026-02-02,1.0,0.908695652173913,-0.04,-0.0415,0.17717003567181933,58.47137628947996
2,KRW-QKC,2026-02-02,0.0,0.2217391304347826,-0.04,-0.0415,0.7572254335260113,1178.9381061223328
2,KRW-AHT,2026-02-02,1.0,0.7434782608695653,-0.04,-0.0415,0.08614232209737827,30.632049229003766
2,KRW-LSK,2026-02-02,1.0,0.6521739130434783,-0.04,-0.0415,0.11374407582938395,12.992048444376223
2,KRW-TT,2026-02-02,0.0,0.27391304347826084,-0.04,-0.0415,0.1369863013698629,27.218218309890005
2,KRW-SONIC,2026-02-03,0.0,0.46956521739130436,-0.04,-0.0415,0.08652482269503547,19.45471394914213
2,KRW-POKT,2026-02-03,1.0,0.9782608695652174,-0.04,-0.0415,0.5026455026455028,214.720395039124
2,KRW-FCT2,2026-02-03,1.0,0.9130434782608695,-0.04,-0.0415,0.16883116883116878,22.645861510472887
2,KRW-G,2026-02-04,0.0,0.6060606060606061,0.08,0.0785,0.3465703971119134,152.64883218488248
2,KRW-AXL,2026-02-04,1.0,0.9177489177489178,-0.04,-0.0415,0.11461619348054697,17.416884710911088
2,KRW-POKT,2026-02-04,1.0,0.9783549783549783,-0.04,-0.0415,0.1968503937007875,107.82502725038225
2,KRW-ENSO,2026-02-05,0.0,0.974025974025974,-0.04,-0.0415,0.09032602886157126,6.734886500784898
2,KRW-SNT,2026-02-05,0.0,0.22077922077922077,-0.04,-0.0415,0.23033707865168518,237.4382846326629
2,KRW-TFUEL,2026-02-05,0.0,0.37662337662337664,-0.04,-0.0415,0.06060606060606055,19.717676651563565
2,KRW-SC,2026-02-05,0.0,0.21645021645021645,-0.04,-0.0415,0.06153846153846154,23.445629645411174
2,KRW-AERGO,2026-02-06,1.0,0.935064935064935,-0.04,-0.0415,0.13488975356679656,57.11165543675072
2,KRW-ANIME,2026-02-06,0.0,0.6233766233766234,0.08,0.0785,0.05352480417754579,7.935596562938439
2,KRW-ZK,2026-02-06,0.0,0.8917748917748918,0.08,0.0785,0.1578947368421053,175.40681678966968
2,KRW-ZKP,2026-02-06,0.0,0.8528138528138528,0.05128205128205132,0.04978205128205132,0.1327433628318584,8.207377306798351
2,KRW-ARDR,2026-02-07,1.0,0.5497835497835498,-0.04,-0.0415,0.18955223880597027,122.2853922174271
2,KRW-API3,2026-02-07,1.0,0.5670995670995671,-0.04,-0.0415,0.4850427350427351,746.049565121909
2,KRW-HUNT,2026-02-07,1.0,0.22510822510822512,0.08,0.0785,0.05263157894736836,9.931561294274259
2,KRW-MED,2026-02-08,0.0,0.31601731601731603,-0.04,-0.0415,0.15451895043731767,16.94130019654001
2,KRW-ORBS,2026-02-08,0.0,0.11688311688311688,-0.04,-0.0415,0.07894736842105265,6.5700759584117
2,KRW-META,2026-02-08,0.0,0.3939393939393939,-0.04,-0.0415,0.4318181818181819,154.73121089866515
2,KRW-CVC,2026-02-08,1.0,0.8961038961038961,-0.04,-0.0415,0.06972111553784854,26.627971036813886
2,KRW-ZIL,2026-02-09,1.0,0.9783549783549783,-0.04,-0.0415,0.07566765578635004,107.79358847095297
2,KRW-BORA,2026-02-09,0.0,0.8008658008658008,-0.04,-0.0415,0.05641025641025643,5.407859010223933
2,KRW-BERA,2026-02-09,0.0,0.9696969696969697,-0.04,-0.0415,0.07759882869692536,8.773745303222102
2,KRW-MLK,2026-02-09,0.0,0.5497835497835498,-0.04,-0.0415,0.1910377358490567,94.82799899362497
2,KRW-ICX,2026-02-09,0.0,0.047619047619047616,-0.04,-0.0415,0.31703204047217537,310.92805856815556
2,KRW-ZRO,2026-02-11,1.0,0.9567099567099567,0.08,0.0785,0.15421956684092608,76.78541850622422
2,KRW-SONIC,2026-02-11,1.0,0.9783549783549783,0.08,0.0785,0.13161465400271366,117.69215010344936
2,KRW-SNT,2026-02-12,0.0,0.5064935064935064,-0.04,-0.0415,0.14465408805031443,64.07852174818338
2,KRW-PLUME,2026-02-12,0.0,0.5324675324675324,-0.0060606060606061,-0.007560606060606099,0.0625,13.428286961989363
2,KRW-CPOOL,2026-02-12,1.0,0.9307359307359307,0.08,0.0785,0.321981424148607,66.91907148488534
2,KRW-LINEA,2026-02-12,1.0,0.9523809523809523,-0.04,-0.0415,0.21323529411764697,118.25569749259111
2,KRW-CTC,2026-02-12,0.0,0.670995670995671,0.08,0.0785,0.06730769230769229,13.45689102070994
2,KRW-SOPH,2026-02-12,0.0,0.645021645021645,-0.04,-0.0415,0.06164383561643838,6.5854561536358425
2,KRW-DEEP,2026-02-13,0.0,0.4675324675324675,0.08,0.0785,0.07734806629834257,52.53478415547526
2,KRW-IP,2026-02-13,0.0,0.9047619047619048,-0.04,-0.0415,0.05596107055961075,6.465787123477101
2,KRW-LPT,2026-02-13,0.0,0.15151515151515152,-0.04,-0.0415,0.38688240392950024,564.6594336815427
2,KRW-POKT,2026-02-13,0.0,0.7922077922077922,-0.04,-0.0415,0.18220338983050843,30.588663761482884
2,KRW-CTC,2026-02-14,1.0,0.9696969696969697,-0.04,-0.0415,0.3292682926829269,210.66760839168563
2,KRW-AWE,2026-02-14,1.0,0.6147186147186147,-0.04,-0.0415,0.050724637681159424,6.399389081396705
2,KRW-HBAR,2026-02-14,1.0,0.7142857142857143,-0.006535947712418277,-0.008035947712418277,0.05517241379310356,5.3255195806688835
2,KRW-AERGO,2026-02-14,0.0,0.8354978354978355,-0.04,-0.0415,0.07934655775962662,10.378370757733055
2,KRW-CARV,2026-02-14,0.0,0.30303030303030304,0.0,-0.0015,0.05906313645621175,6.0001504058126365
2,KRW-ENS,2026-02-14,1.0,0.9177489177489178,-0.04,-0.0415,0.1311216429699842,126.13400361738519
2,KRW-ATH,2026-02-14,0.0,0.47619047619047616,0.08,0.0785,0.20670391061452542,79.33742869511411
2,KRW-BOUNTY,2026-02-14,1.0,0.9913419913419913,0.08,0.0785,0.0793650793650793,11.562341787411167
2,KRW-ZKP,2026-02-15,1.0,0.7142857142857143,-0.04,-0.0415,0.09352517985611519,7.551937028012872
2,KRW-WAVES,2026-02-15,1.0,0.8441558441558441,0.08,0.0785,0.095112285336856,37.717481817009194
2,KRW-AQT,2026-02-15,1.0,0.987012987012987,-0.04,-0.0415,0.16039823008849563,93.38697958579178
2,KRW-MANTRA,2026-02-15,1.0,0.9826839826839827,-0.04,-0.0415,0.10299003322259126,348.7831010658329
2,KRW-META,2026-02-15,1.0,0.7575757575757576,-0.04,-0.0415,0.06164383561643838,7.145906125537456
2,KRW-QKC,2026-02-15,1.0,0.8051948051948052,-0.04,-0.0415,0.3126213592233009,616.3971307957552
2,KRW-AHT,2026-02-15,0.0,0.4329004329004329,-0.04,-0.0415,0.0622568093385214,11.093998944857026
2,KRW-MBL,2026-02-15,0.0,0.12554112554112554,-0.04,-0.0415,0.05882352941176472,4.647084032283724
2,KRW-MED,2026-02-15,0.0,0.683982683982684,-0.04,-0.0415,0.12021857923497259,12.634581439373727
2,KRW-BLAST,2026-02-15,0.0,0.5714285714285714,-0.04,-0.0415,0.15341545352743569,29.85290671422995
2,KRW-SUPER,2026-02-16,0.0,0.3593073593073593,-0.04,-0.0415,0.21621621621621623,192.07634295140397
2,KRW-LSK,2026-02-16,0.0,0.42424242424242425,-0.04,-0.0415,0.09859154929577474,27.45042295866717
2,KRW-STORJ,2026-02-16,0.0,0.22943722943722944,-0.04,-0.0415,0.24503311258278138,232.3539180438058
2,KRW-WAVES,2026-02-16,1.0,0.9567099567099567,-0.04,-0.0415,0.08148148148148149,46.57778285492193
2,KRW-MANTRA,2026-02-16,1.0,0.9523809523809523,-0.04,-0.0415,0.10983981693363831,234.9620758074426
2,KRW-ORCA,2026-02-17,0.0,0.5646551724137931,-0.04,-0.0415,0.360876897133221,419.1616735593197
2,KRW-BOUNTY,2026-02-17,1.0,0.7586206896551724,-0.04,-0.0415,0.13353115727002973,11.175187058802454
2,KRW-BERA,2026-02-18,1.0,0.978448275862069,-0.04,-0.0415,0.06347554630593133,6.211913867327479
2,KRW-CYBER,2026-02-18,0.0,0.3620689655172414,0.08,0.0785,0.3293413173652695,199.78518766241044
2,KRW-ORCA,2026-02-18,1.0,0.9956896551724138,-0.04,-0.0415,0.09169831795984806,453.455191705146
2,KRW-SONIC,2026-02-18,0.0,0.3793103448275862,0.08,0.0785,0.19440353460971993,93.29407175119793
2,KRW-AWE,2026-02-19,1.0,0.9353448275862069,-0.04,-0.0415,0.061224489795918435,6.400824332361241
2,KRW-META,2026-02-19,0.0,0.05603448275862069,-0.04,-0.0415,0.26056338028169,81.33818676756499
2,KRW-ORCA,2026-02-19,1.0,0.9956896551724138,-0.04,-0.0415,0.09555106167846317,348.21487039744625
2,KRW-SONIC,2026-02-19,1.0,0.9525862068965517,0.08,0.0785,0.12215909090909083,72.4369641297014
2,KRW-0G,2026-02-20,0.0,0.8232758620689655,0.08,0.0785,0.08030803080308035,12.344607435458208
2,KRW-AKT,2026-02-20,0.0,0.21982758620689655,-0.04,-0.0415,0.20087336244541487,266.1523198015753
2,KRW-SONIC,2026-02-20,1.0,0.9698275862068966,-0.04,-0.0415,0.08163265306122436,43.95633958773559
2,KRW-GAME2,2026-02-21,0.0,0.04291845493562232,-0.04,-0.0415,0.05990783410138234,14.055068715022491
2,KRW-ZIL,2026-02-21,0.0,0.4291845493562232,-0.012658227848101222,-0.014158227848101222,0.08731466227347595,17.006220158175125
2,KRW-CARV,2026-02-21,0.0,0.575107296137339,0.014198782961460488,0.012698782961460488,0.1258278145695364,78.24547601364941
2,KRW-YGG,2026-02-21,0.0,0.49356223175965663,0.08,0.0785,0.29729729729729715,539.7785607287301
2,KRW-CYBER,2026-02-22,0.0,0.7081545064377682,-0.04,-0.0415,0.18341121495327095,73.58352392094874
2,KRW-VTHO,2026-02-22,0.0,0.06437768240343347,-0.04,-0.0415,0.3432835820895521,377.9178818908213
2,KRW-FLOCK,2026-02-23,1.0,0.9527896995708155,0.08,0.0785,0.1050920910075841,35.14163449755003
2,KRW-YGG,2026-02-23,1.0,0.9656652360515021,-0.04,-0.0415,0.12941176470588234,437.2448582642933
2,KRW-LA,2026-02-23,0.0,0.7167381974248928,-0.04,-0.0415,0.21518987341772156,97.73412556123556
2,KRW-SONIC,2026-02-24,0.0,0.7467811158798283,0.08,0.0785,0.07619047619047614,6.976778211565524
2,KRW-STEEM,2026-02-24,0.0,0.24892703862660945,-0.04,-0.0415,0.23900293255131966,87.84320554798667
2,KRW-AGLD,2026-02-24,1.0,0.9828326180257511,-0.04,-0.0415,0.11894273127753308,273.28483851510106
2,KRW-ONT,2026-02-24,0.0,0.17167381974248927,-0.04,-0.0415,0.050761421319796884,16.419446779333242
2,KRW-HOLO,2026-02-25,0.0,0.24680851063829787,0.08,0.0785,0.19318181818181812,177.5469366379841
2,KRW-ONT,2026-02-25,1.0,0.8382978723404255,0.011382113821138296,0.009882113821138296,0.0714285714285714,61.49559022984648
2,KRW-SONIC,2026-02-25,1.0,0.9446808510638298,-0.04,-0.0415,0.07646176911544211,18.90041628534855
2,KRW-SOMI,2026-02-25,1.0,0.8978723404255319,-0.04,-0.0415,0.078125,4.673892146071102
2,KRW-SAHARA,2026-02-25,0.0,0.451063829787234,-0.004424778761062065,-0.005924778761062064,0.0981308411214954,23.409072334973807
2,KRW-NEWT,2026-02-25,0.0,0.19574468085106383,0.012232415902140747,0.010732415902140748,0.0805084745762712,21.64583694093761
2,KRW-LA,2026-02-25,1.0,0.9531914893617022,-0.04,-0.0415,0.0764872521246458,18.956363976235167
2,KRW-STEEM,2026-02-25,1.0,0.9744680851063829,-0.04,-0.0415,0.2320954907161803,230.03855135277348
2,KRW-WET,2026-02-26,0.0,0.6382978723404256,0.08,0.0785,0.06349206349206349,6.647024101539608
2,KRW-API3,2026-02-26,0.0,0.1276595744680851,-0.04,-0.0415,0.18181818181818188,321.61450414907733
2,KRW-HIVE,2026-02-26,0.0,0.5957446808510638,-0.04,-0.0415,0.0691823899371069,20.855781575319686
2,KRW-AQT,2026-02-26,0.0,0.3191489361702128,-0.04,-0.0415,0.06527415143603132,5.589093681679381
2,KRW-STEEM,2026-02-26,1.0,0.9787234042553191,-0.04,-0.0415,0.2278630460448643,208.16964677858775
2,KRW-SONIC,2026-02-26,0.0,0.9191489361702128,-0.04,-0.0415,0.09728183118741063,20.77547987153036
2,KRW-SAHARA,2026-02-27,0.0,0.6101694915254238,0.08,0.0785,0.05990783410138256,6.013516017834893
2,KRW-RED,2026-02-27,0.0,0.1016949152542373,-0.04,-0.0415,0.24786324786324787,318.30762284181367
2,KRW-SAHARA,2026-02-28,1.0,0.9957627118644068,-0.04,-0.0415,0.09756097560975618,83.27841425168072
2,KRW-ANIME,2026-02-28,1.0,0.8940677966101694,-0.04,-0.0415,0.06064690026954178,29.73856059068639
2,KRW-SIGN,2026-02-28,1.0,0.75,-0.04,-0.0415,0.2857142857142856,410.940041495107
2,KRW-MIRA,2026-02-28,1.0,0.923728813559322,-0.04,-0.0415,0.050724637681159424,16.534262906841423
2,KRW-SOPH,2026-02-28,0.0,0.5720338983050848,-0.04,-0.0415,0.10606060606060619,18.501280894117937
2,KRW-HOLO,2026-02-28,1.0,0.9491525423728814,-0.04,-0.0415,0.1266968325791853,64.64378519094207
2,KRW-ATH,2026-02-28,1.0,0.9788135593220338,-0.04,-0.0415,0.16493656286043823,129.25941112596914
2,KRW-HIVE,2026-03-01,0.0,0.2076271186440678,-0.04,-0.0415,0.0625,27.158646096915852
2,KRW-ORBS,2026-03-01,1.0,0.9872881355932204,-0.04,-0.0415,0.06321839080459779,28.995720444388702
2,KRW-STEEM,2026-03-01,0.0,0.847457627118644,-0.04,-0.0415,0.212378640776699,172.86598987626888
2,KRW-HUNT,2026-03-02,0.0,0.5,-0.04,-0.0415,0.08000000000000007,46.59935777399928
2,KRW-SAHARA,2026-03-02,1.0,0.9872881355932204,-0.04,-0.0415,0.08454810495626841,53.55451069734089
2,KRW-KNC,2026-03-02,0.0,0.11440677966101695,0.08,0.0785,0.2666666666666666,448.64733631329653
2,KRW-LSK,2026-03-03,0.0,0.5720338983050848,-0.04,-0.0415,0.09677419354838701,42.89041049841113
2,KRW-SONIC,2026-03-03,0.0,0.5338983050847458,-0.04,-0.0415,0.11801242236024834,20.062970577716953
2,KRW-SAHARA,2026-03-03,1.0,0.9872881355932204,-0.04,-0.0415,0.10103626943005173,56.550499381059474
2,KRW-SAHARA,2026-03-04,1.0,0.9872881355932204,-0.04,-0.0415,0.06575963718820854,32.93074488242178
2,KRW-KNC,2026-03-04,1.0,0.864406779661017,-0.04,-0.0415,0.0640394088669951,64.68084030438432
2,KRW-KAVA,2026-03-04,1.0,0.923728813559322,0.08,0.0785,0.10899873257287696,375.03632731782477
2,KRW-TFUEL,2026-03-05,0.0,0.1308016877637131,-0.04,-0.0415,0.14925373134328357,214.9759774795852
2,KRW-KAVA,2026-03-05,1.0,0.9620253164556962,-0.04,-0.0415,0.07736720554272525,228.12877082537926
2,KRW-DOOD,2026-03-05,0.0,0.4641350210970464,-0.04,-0.0415,0.061002178649237626,14.545089260305726
2,KRW-IP,2026-03-05,0.0,0.9367088607594937,-0.04,-0.0415,0.05195843325339733,4.670596308326141
2,KRW-ARDR,2026-03-05,1.0,0.9578059071729957,-0.04,-0.0415,0.1031518624641834,90.26818022908326
2,KRW-ANKR,2026-03-06,0.0,0.02531645569620253,-0.04,-0.0415,0.2560777957860616,365.19302405084454
2,KRW-SAHARA,2026-03-06,1.0,0.9451476793248945,-0.04,-0.0415,0.09973753280839892,32.30875745843388
2,KRW-KAVA,2026-03-07,1.0,0.7341772151898734,0.08,0.0785,0.14767441860465125,271.9924977755759
2,KRW-SKR,2026-03-07,0.0,0.9029535864978903,-0.04,-0.0415,0.24489795918367374,24.792047723372907
2,KRW-CPOOL,2026-03-07,0.0,0.8607594936708861,0.08,0.0785,0.07894736842105265,11.462593023294367
2,KRW-MANTRA,2026-03-08,0.0,0.919831223628692,-0.04,-0.0415,0.0923076923076922,9.538554512128805
2,KRW-AKT,2026-03-08,1.0,0.9578059071729957,0.08,0.0785,0.07798960138648181,97.33166340521072
2,KRW-T,2026-03-08,1.0,0.7383966244725738,-0.04,-0.0415,0.07708553326293544,31.275905544561173
2,KRW-AGLD,2026-03-08,0.0,0.9409282700421941,-0.04,-0.0415,0.10000000000000009,30.70624449261162
2,KRW-POWR,2026-03-08,0.0,0.20253164556962025,-0.04,-0.0415,0.11725663716814161,174.62760102787976
2,KRW-STEEM,2026-03-08,0.0,0.8860759493670886,-0.04,-0.0415,0.1517323775388293,89.12923780897776
2,KRW-AVNT,2026-03-09,0.0,0.810126582278481,-0.04,-0.0415,0.07798165137614688,20.135722709585327
2,KRW-BOUNTY,2026-03-09,1.0,0.9535864978902954,-0.04,-0.0415,0.05095541401273884,14.454487781236482
2,KRW-SAHARA,2026-03-09,0.0,0.8860759493670886,0.08,0.0785,0.12101910828025497,24.150505594149376
2,KRW-LA,2026-03-10,0.0,0.7848101265822784,0.020895522388059806,0.019395522388059805,0.05993690851735023,5.590400745761342
2,KRW-WAXP,2026-03-10,0.0,0.11392405063291139,-0.04,-0.0415,0.11111111111111116,217.89716900581217
2,KRW-BSV,2026-03-11,1.0,0.9704641350210971,-0.04,-0.0415,0.09119217081850528,296.1021889530857
2,KRW-T,2026-03-11,0.0,0.4767932489451477,-0.011111111111111183,-0.012611111111111182,0.0598111227701994,33.30847270002417
2,KRW-ICX,2026-03-11,0.0,0.3881856540084388,0.08,0.0785,0.185546875,422.4106840619919
2,KRW-AKT,2026-03-11,1.0,0.9746835443037974,-0.04,-0.0415,0.05368098159509205,65.44706668746069
2,KRW-ARDR,2026-03-11,0.0,0.729957805907173,0.08,0.0785,0.07267441860465107,21.73584641896043
2,KRW-AVNT,2026-03-12,1.0,0.9369747899159664,-0.04,-0.0415,0.12252964426877466,50.38720892898888
2,KRW-KERNEL,2026-03-12,1.0,0.9033613445378151,-0.04,-0.0415,0.09790209790209792,16.358893923328434
2,KRW-API3,2026-03-12,0.0,0.3487394957983193,-0.04,-0.0415,0.14883720930232558,293.88860926920717
2,KRW-STEEM,2026-03-12,0.0,0.6260504201680672,-0.04,-0.0415,0.09037558685446023,13.002771187876382
2,KRW-AKT,2026-03-13,1.0,0.8235294117647058,-0.04,-0.0415,0.09034267912772576,29.280083110091848
2,KRW-F,2026-03-13,0.0,0.37815126050420167,-0.04,-0.0415,0.1736909323116218,152.90739788799786
2,KRW-DOOD,2026-03-13,0.0,0.4369747899159664,-0.04,-0.0415,0.09569377990430628,56.437459510273094
2,KRW-ANIME,2026-03-13,0.0,0.28991596638655465,-0.031029619181946355,-0.032529619181946356,0.07863501483679514,87.08233445171919
2,KRW-GRT,2026-03-13,1.0,0.7226890756302521,-0.04,-0.0415,0.056650246305418595,25.511176965690343
2,KRW-TOSHI,2026-03-13,0.0,0.3697478991596639,0.08,0.0785,0.05573770491803276,5.839526861935874
2,KRW-DOOD,2026-03-14,1.0,0.9705882352941176,-0.04,-0.0415,0.23319327731092443,244.9544067734345
2,KRW-TOSHI,2026-03-14,1.0,0.9327731092436975,-0.04,-0.0415,0.08333333333333326,31.519746303825027
2,KRW-STEEM,2026-03-14,0.0,0.7521008403361344,-0.04,-0.0415,0.13248847926267282,12.199849002480876
2,KRW-MEW,2026-03-14,1.0,0.8613445378151261,-0.04,-0.0415,0.062039957939011625,35.77328750637462
2,KRW-MOODENG,2026-03-14,1.0,0.9663865546218487,-0.04,-0.0415,0.06708860759493662,52.20432608270829
2,KRW-YGG,2026-03-15,0.0,0.13865546218487396,-0.04,-0.0415,0.14505119453924897,296.68750910910956
2,KRW-AQT,2026-03-15,0.0,0.3067226890756303,0.08,0.0785,0.08377659574468077,31.458100059282952
2,KRW-G,2026-03-16,0.0,0.0546218487394958,0.08,0.0785,0.2686274509803921,292.25129690807995
2,KRW-ME,2026-03-16,0.0,0.5252100840336135,0.08,0.0785,0.06432748538011701,17.70015671662053
2,KRW-ATH,2026-03-16,1.0,0.9621848739495799,-0.04,-0.0415,0.06382978723404253,20.25394720241489
2,KRW-DKA,2026-03-16,1.0,0.9873949579831933,-0.04,-0.0415,0.08624454148471616,314.5820734015182
2,KRW-SONIC,2026-03-17,0.0,0.48739495798319327,0.08,0.0785,0.08484848484848473,14.839309673433654
2,KRW-RVN,2026-03-17,0.0,0.21008403361344538,-0.04,-0.0415,0.38823529411764723,611.9332802918494
2,KRW-DKA,2026-03-17,1.0,0.9453781512605042,-0.04,-0.0415,0.20973782771535587,487.45761522546934
2,KRW-ANIME,2026-03-17,0.0,0.5504201680672269,0.08,0.0785,0.2815126050420169,292.8767313302142
2,KRW-TRUST,2026-03-17,0.0,0.3697478991596639,-0.04,-0.0415,0.0660377358490567,8.647806176553223
2,KRW-DKA,2026-03-18,1.0,0.9411764705882353,-0.04,-0.0415,0.19195849546044097,383.0172894159457
2,KRW-T,2026-03-18,0.0,0.31512605042016806,-0.04,-0.0415,0.06796116504854366,11.893917510310567
2,KRW-BTT,2026-03-18,1.0,0.9789915966386554,-0.04,-0.0415,0.05492424242424221,58.776074582590844
2,KRW-ANKR,2026-03-18,1.0,0.7647058823529411,0.08,0.0785,0.3061516452074393,418.74595580644296
2,KRW-CARV,2026-03-18,0.0,0.5714285714285714,-0.04,-0.0415,0.1142217245240762,69.9831238100092
2,KRW-SAFE,2026-03-18,1.0,0.6596638655462185,-0.04,-0.0415,0.07647058823529407,71.45337993269189
2,KRW-TT,2026-03-19,0.0,0.11764705882352941,-0.021897810218978075,-0.023397810218978077,0.06060606060606055,26.81155916209325
2,KRW-SNT,2026-03-19,0.0,0.23529411764705882,-0.04,-0.0415,0.23972602739726034,424.92906703871097
2,KRW-STEEM,2026-03-20,1.0,0.9748953974895398,-0.04,-0.0415,0.0935093509350935,6.926254292914453
2,KRW-FLOCK,2026-03-21,0.0,0.8702928870292888,-0.04,-0.0415,0.09442548350398172,52.90914463103158
2,KRW-ANKR,2026-03-21,1.0,0.8535564853556485,-0.04,-0.0415,0.21181001283697043,311.6084807602738
2,KRW-ANIME,2026-03-21,0.0,0.6736401673640168,-0.04,-0.0415,0.12774725274725274,135.8372713638247
2,KRW-RVN,2026-03-21,0.0,0.40585774058577406,-0.04,-0.0415,0.08192771084337336,124.29020009847368
2,KRW-ORDER,2026-03-22,1.0,0.9205020920502092,-0.04,-0.0415,0.18292682926829262,447.17068602779136
2,KRW-ZETA,2026-03-23,0.0,0.8870292887029289,-0.04,-0.0415,0.09171974522292992,78.99749263167519
2,KRW-BARD,2026-03-23,1.0,0.9832635983263598,-0.04,-0.0415,0.06703146374829005,49.99371130293919
2,KRW-WAXP,2026-03-23,0.0,0.7907949790794979,0.08,0.0785,0.05940594059405946,49.23163526405519
2,KRW-FLOCK,2026-03-24,0.0,0.6694560669456067,-0.04,-0.0415,0.06610576923076916,5.007630995150349
2,KRW-JTO,2026-03-24,1.0,0.9539748953974896,-0.04,-0.0415,0.11704312114989723,157.48910194809534
2,KRW-GAME2,2026-03-24,0.0,0.03347280334728033,-0.04,-0.0415,0.05392156862745101,16.901312998929917
2,KRW-ZORA,2026-03-24,0.0,0.4435146443514644,-0.04,-0.0415,0.0625,28.338384290193922
2,KRW-DKA,2026-03-25,0.0,0.2217573221757322,-0.04,-0.0415,0.18918918918918926,174.48148259974565
2,KRW-AXL,2026-03-25,0.0,0.1799163179916318,-0.04,-0.0415,0.10785619174434102,74.68569229386513
2,KRW-CVC,2026-03-25,1.0,0.9246861924686193,-0.04,-0.0415,0.09221311475409832,304.2710917536821
2,KRW-ONG,2026-03-25,1.0,0.9372384937238494,-0.04,-0.0415,0.08220603537981286,97.39574908873622
2,KRW-BORA,2026-03-25,0.0,0.4309623430962343,-0.04,-0.0415,0.06914893617021267,199.27475554034265
2,KRW-GAS,2026-03-25,1.0,0.9790794979079498,-0.04,-0.0415,0.05202080832332934,107.63400200366634
2,KRW-ONT,2026-03-25,1.0,0.9874476987447699,-0.04,-0.0415,0.270718232044199,399.6349267772725
2,KRW-ONT,2026-03-26,1.0,0.9832635983263598,-0.04,-0.0415,0.12956810631229243,328.0257644572321
2,KRW-SUPER,2026-03-26,0.0,0.03347280334728033,-0.04,-0.0415,0.19767441860465107,617.134801350094
2,KRW-CPOOL,2026-03-27,1.0,0.9375,-0.04,-0.0415,0.10526315789473673,45.70400418453975
2,KRW-CFG,2026-03-28,0.0,0.8708333333333333,0.08,0.0785,0.15137614678899092,7.1774660764480345
2,KRW-ANKR,2026-03-28,1.0,0.9708333333333333,-0.04,-0.0415,0.0711562897077509,93.20918225026229
2,KRW-ANKR,2026-03-29,0.0,0.9458333333333333,0.08,0.0785,0.09153005464480879,70.71096918665849
2,KRW-STEEM,2026-03-29,0.0,0.8708333333333333,-0.04,-0.0415,0.12256586483390608,21.066303943778646
2,KRW-ELSA,2026-03-30,0.0,0.6541666666666667,-0.04,-0.0415,0.1197339246119733,53.95762141050109
2,KRW-ONG,2026-03-30,0.0,0.8666666666666667,-0.04,-0.0415,0.154292343387471,124.74391102956189
2,KRW-ONT,2026-03-30,1.0,0.9708333333333333,-0.04,-0.0415,0.511500547645126,485.5711898090181
2,KRW-GAS,2026-03-30,0.0,0.6916666666666667,-0.04,-0.0415,0.06895056374674757,37.16834150333844
2,KRW-G,2026-03-31,0.0,0.575,0.08,0.0785,0.19771863117870714,109.0686782899837
2,KRW-CFG,2026-03-31,1.0,0.9583333333333334,-0.04,-0.0415,0.07364341085271309,4.9875957265241695
2,KRW-ELSA,2026-03-31,1.0,0.9458333333333333,-0.04,-0.0415,0.08369098712446355,36.74266305803322
2,KRW-FLOCK,2026-03-31,0.0,0.8041666666666667,-0.04,-0.0415,0.06727037516170764,20.407903492836137
2,KRW-MINA,2026-04-01,0.0,0.28512396694214875,-0.04,-0.0415,0.259351620947631,292.4048818087645
2,KRW-G,2026-04-01,1.0,0.987603305785124,-0.04,-0.0415,0.13573883161512024,94.64426666705245
2,KRW-ORDER,2026-04-01,0.0,0.8347107438016529,-0.04,-0.0415,0.08201058201058209,80.00515801776577
2,KRW-IP,2026-04-01,0.0,0.871900826446281,-0.026548672566371723,-0.028048672566371724,0.07742782152230965,12.82956796536276
2,KRW-ONT,2026-04-02,1.0,1.0,-0.04,-0.0415,0.08875739644970415,149.83233116606647
2,KRW-F,2026-04-02,0.0,0.2396694214876033,-0.04,-0.0415,0.07179487179487176,85.31369690108676
2,KRW-DKA,2026-04-02,0.0,0.7603305785123967,-0.04,-0.0415,0.17380660954712357,45.3943321646574
2,KRW-ZBT,2026-04-02,1.0,0.9173553719008265,-0.04,-0.0415,0.1586206896551725,20.740387855314808
2,KRW-EDGE,2026-04-03,0.0,0.6776859504132231,0.08,0.0785,0.16666666666666674,19.022710291910506
2,KRW-RAY,2026-04-03,0.0,0.8884297520661157,-0.04,-0.0415,0.0960929250263991,234.63196584234151
2,KRW-ONT,2026-04-03,1.0,0.987603305785124,-0.04,-0.0415,0.060975609756097615,98.47701211808781
2,KRW-DRIFT,2026-04-03,1.0,0.9710743801652892,-0.04,-0.0415,0.06758304696449025,132.0847373113592
2,KRW-ONG,2026-04-04,1.0,0.9958677685950413,0.08,0.0785,0.0748299319727892,100.67791212616126
2,KRW-POLYX,2026-04-04,0.0,0.6735537190082644,0.08,0.0785,0.2718023255813955,262.4190964221994
2,KRW-BARD,2026-04-04,0.0,0.9338842975206612,-0.04,-0.0415,0.1674008810572687,22.991343580831302
2,KRW-T,2026-04-05,0.0,0.12396694214876033,-0.04,-0.0415,0.12903225806451601,79.74395630489174
2,KRW-CARV,2026-04-05,0.0,0.3140495867768595,-0.04,-0.0415,0.09753231492361936,49.12065712367306
2,KRW-ONG,2026-04-05,1.0,0.9958677685950413,-0.04,-0.0415,0.058064516129032295,47.643356694758666
2,KRW-BARD,2026-04-05,0.0,0.9793388429752066,-0.04,-0.0415,0.06540084388185652,10.22263013258896
2,KRW-ZETA,2026-04-05,0.0,0.9297520661157025,-0.04,-0.0415,0.16399999999999992,115.66665254081083
2,KRW-FLOCK,2026-04-06,0.0,0.4834710743801653,-0.04,-0.0415,0.08300907911802868,20.096688398627546
2,KRW-BERA,2026-04-06,1.0,0.9834710743801653,-0.04,-0.0415,0.057010785824345156,16.98819278912938
2,KRW-ORDER,2026-04-06,0.0,0.359504132231405,0.08,0.0785,0.21311475409836067,161.9584238559629
2,KRW-BIGTIME,2026-04-07,0.0,0.3884297520661157,-0.04,-0.0415,0.14285714285714302,75.49728427402165
2,KRW-BLAST,2026-04-07,0.0,0.2768595041322314,-0.04,-0.0415,0.069423929098966,13.99015910458865
2,KRW-EDGE,2026-04-07,0.0,0.6652892561983471,0.08,0.0785,0.16129032258064524,24.575896836324286
2,KRW-CTC,2026-04-07,0.0,0.23553719008264462,-0.04,-0.0415,0.06451612903225801,29.721486053314454
2,KRW-F,2026-04-07,0.0,0.4793388429752066,-0.04,-0.0415,0.23915900131406032,198.30788044723278
2,KRW-ORDER,2026-04-08,0.0,0.8471074380165289,-0.04,-0.0415,0.1847690387016232,220.01613025607398
2,KRW-EDGE,2026-04-08,1.0,0.9834710743801653,-0.04,-0.0415,0.06077348066298338,17.702573543604874
2,KRW-FLOCK,2026-04-08,0.0,0.5950413223140496,-0.04,-0.0415,0.05617977528089879,11.470451400532447
2,KRW-SOPH,2026-04-09,1.0,0.8016528925619835,-0.04,-0.0415,0.0546875,8.604025851328542
2,KRW-IN,2026-04-09,1.0,0.7768595041322314,-0.04,-0.0415,0.22401847575057743,154.25203087544753
2,KRW-FLOCK,2026-04-09,0.0,0.8305785123966942,-0.04,-0.0415,0.06582278481012671,15.077292820160016
2,KRW-DKA,2026-04-09,0.0,0.8223140495867769,-0.04,-0.0415,0.08660508083140872,19.12222966965967
2,KRW-ONG,2026-04-10,1.0,0.9793388429752066,-0.04,-0.0415,0.09090909090909083,10.424089549530692
2,KRW-BLAST,2026-04-10,0.0,0.6487603305785123,-0.04,-0.0415,0.05164992826398862,18.284046621261318
2,KRW-MINA,2026-04-10,0.0,0.743801652892562,-0.04,-0.0415,0.19494584837545137,181.879661233652
2,KRW-ORDER,2026-04-10,1.0,0.9462809917355371,-0.04,-0.0415,0.10270270270270276,75.40939625213362
2,KRW-RED,2026-04-11,1.0,0.9214876033057852,-0.04,-0.0415,0.16883116883116878,187.57076234753055
2,KRW-BLAST,2026-04-12,1.0,0.9710743801652892,-0.04,-0.0415,0.10344827586206895,43.478228425375725
2,KRW-ID,2026-04-12,1.0,0.9793388429752066,-0.04,-0.0415,0.09533468559837743,371.08589549323636
2,KRW-ID,2026-04-13,1.0,0.9834710743801653,-0.04,-0.0415,0.06751054852320681,188.25909009777425
2,KRW-IN,2026-04-14,0.0,0.3884297520661157,-0.04,-0.0415,0.15127020785219414,126.83406045710814
2,KRW-TREE,2026-04-14,1.0,0.9090909090909091,0.08,0.0785,0.06652126499454747,71.28135621393251
2,KRW-WET,2026-04-15,1.0,0.9835390946502057,-0.04,-0.0415,0.07109004739336489,29.84671415624892
2,KRW-ZBT,2026-04-15,1.0,0.9588477366255144,-0.04,-0.0415,0.06875000000000009,20.205937342370483
2,KRW-IOST,2026-04-15,0.0,0.35390946502057613,-0.04,-0.0415,0.13043478260869557,321.7913511063773
2,KRW-DOOD,2026-04-15,0.0,0.5925925925925926,0.01089324618736387,0.00939324618736387,0.06334841628959276,24.69785887632547
2,KRW-ORDER,2026-04-15,1.0,0.9547325102880658,-0.04,-0.0415,0.0888888888888888,59.54023908762246
2,KRW-BIO,2026-04-16,1.0,0.9836065573770492,-0.04,-0.0415,0.27937915742793784,539.7202429344954
2,KRW-FLOCK,2026-04-16,1.0,0.889344262295082,-0.04,-0.0415,0.08351893095768381,11.552506444896386
2,KRW-BLUR,2026-04-16,1.0,0.9180327868852459,0.08,0.0785,0.08174386920980936,46.20819704994274
2,KRW-WCT,2026-04-16,1.0,0.9672131147540983,-0.04,-0.0415,0.14663726571113567,139.80898153961982
2,KRW-CPOOL,2026-04-16,1.0,0.9344262295081968,-0.04,-0.0415,0.05793450881612072,9.427706760084677
2,KRW-CARV,2026-04-17,0.0,0.4139344262295082,0.08,0.0785,0.06884057971014501,15.44282282855623
2,KRW-ZETA,2026-04-17,0.0,0.5245901639344263,0.08,0.0785,0.15277777777777768,39.92894829072327
2,KRW-IP,2026-04-17,1.0,0.9508196721311475,0.08,0.0785,0.14780600461893756,43.635182525271105
2,KRW-BIO,2026-04-17,1.0,1.0,-0.04,-0.0415,0.07879924953095685,290.48309982122413
2,KRW-PLUME,2026-04-17,1.0,0.5532786885245902,0.08,0.0785,0.05142857142857138,7.613780176211488
2,KRW-BIGTIME,2026-04-17,0.0,0.27459016393442626,-0.04,-0.0415,0.0646766169154227,48.306702611707045
2,KRW-MOCA,2026-04-18,0.0,0.24897959183673468,0.08,0.0785,0.07920792079207928,24.606466842872003
2,KRW-AXL,2026-04-18,1.0,0.963265306122449,0.08,0.0785,0.12590799031476996,204.07230067968914
2,KRW-API3,2026-04-19,1.0,0.9836734693877551,-0.04,-0.0415,0.1165755919854281,520.1540430107677
2,KRW-IN,2026-04-19,0.0,0.8122448979591836,-0.04,-0.0415,0.08602150537634401,138.19170476661924
2,KRW-ZETA,2026-04-19,0.0,0.9306122448979591,-0.04,-0.0415,0.07475490196078449,29.728006093721454
2,KRW-CHZ,2026-04-20,0.0,0.6938775510204082,0.08,0.0785,0.05306799336650081,7.339946159687928
2,KRW-IN,2026-04-20,1.0,0.9591836734693877,-0.04,-0.0415,0.0805084745762712,95.39786770029443
2,KRW-FLOCK,2026-04-21,1.0,0.926829268292683,0.022604951560817987,0.021104951560817986,0.07239819004524883,11.161373734067578
2,KRW-AXL,2026-04-21,1.0,0.8699186991869918,-0.04,-0.0415,0.1455223880597014,94.36508169338676
2,KRW-IP,2026-04-21,0.0,0.9186991869918699,-0.04,-0.0415,0.059523809523809534,8.851879957202739
2,KRW-CARV,2026-04-22,0.0,0.48582995951417,-0.02934537246049651,-0.030845372460496512,0.078031212484994,75.03052416838271
2,KRW-AVNT,2026-04-22,0.0,0.708502024291498,0.08,0.0785,0.06499999999999995,12.907924447713334
2,KRW-BIRB,2026-04-22,1.0,0.8137651821862348,-0.023809523809523836,-0.025309523809523837,0.07425742574257432,15.308562679004195
2,KRW-KERNEL,2026-04-23,0.0,0.6923076923076923,0.050000000000000044,0.04850000000000004,0.05371900826446274,8.34688220150646
2,KRW-AXL,2026-04-23,1.0,0.9109311740890689,-0.04,-0.0415,0.16287425149700585,84.34993276030731
2,KRW-PYTH,2026-04-24,1.0,0.75,-0.04,-0.0415,0.05706874189364464,30.6323966692417
2,KRW-RED,2026-04-24,1.0,0.9435483870967742,0.08,0.0785,0.17412935323383083,105.58502463492204
2,KRW-ENSO,2026-04-24,0.0,0.8145161290322581,-0.04,-0.0415,0.08785529715762275,34.81331506351786
2,KRW-ZBT,2026-04-25,1.0,0.9556451612903226,-0.04,-0.0415,0.18095238095238098,55.52641807800464
2,KRW-API3,2026-04-25,1.0,0.9354838709677419,-0.04,-0.0415,0.35634328358208944,490.13818591503883
2,KRW-CYBER,2026-04-25,0.0,0.28225806451612906,-0.02392344497607657,-0.02542344497607657,0.05583126550868478,51.897340261648395
2,KRW-TFUEL,2026-04-25,0.0,0.14112903225806453,0.016949152542372836,0.015449152542372837,0.052023121387283044,19.71999589950785
2,KRW-RVN,2026-04-25,0.0,0.25,-0.04,-0.0415,0.1348314606741572,145.42064453062247
2,KRW-ZKC,2026-04-25,0.0,0.6008064516129032,-0.04,-0.0415,0.05454545454545445,11.912216286405908
2,KRW-SOMI,2026-04-26,1.0,0.5524193548387096,0.08,0.0785,0.35185185185185186,629.8400044479612
2,KRW-IN,2026-04-26,0.0,0.7661290322580645,0.0010050251256281673,-0.0004949748743718328,0.05590062111801242,4.99478069950563
2,KRW-ORCA,2026-04-26,1.0,0.9758064516129032,-0.04,-0.0415,0.23419626730885001,827.3510743286674
2,KRW-FLUID,2026-04-26,0.0,0.46774193548387094,-0.04,-0.0415,0.15266558966074317,117.44310908549853
2,KRW-IQ,2026-04-26,0.0,0.09274193548387097,0.08,0.0785,0.06134969325153383,43.55754297507928
2,KRW-ZBT,2026-04-26,1.0,0.9556451612903226,-0.04,-0.0415,0.09523809523809534,11.602610366843553
2,KRW-SONIC,2026-04-27,1.0,0.9516129032258065,-0.04,-0.0415,0.24125874125874125,209.81949586865974
2,KRW-BIO,2026-04-27,0.0,0.7217741935483871,-0.04,-0.0415,0.06516853932584277,25.63875929910391
2,KRW-TAIKO,2026-04-27,0.0,0.39919354838709675,-0.04,-0.0415,0.08287292817679548,43.48924035957318
2,KRW-MANTRA,2026-04-27,0.0,0.4838709677419355,-0.04,-0.0415,0.05844155844155852,27.110180858061128
2,KRW-0G,2026-04-27,0.0,0.6008064516129032,-0.04,-0.0415,0.17475728155339798,150.4114115862986
2,KRW-TOKAMAK,2026-04-28,1.0,0.964,0.08,0.0785,0.08020698576972829,328.640372884318
2,KRW-ORCA,2026-04-28,1.0,0.996,-0.04,-0.0415,0.13567403554399649,324.1965417485816
2,KRW-ENSO,2026-04-28,1.0,0.944,-0.04,-0.0415,0.11278195488721798,65.98127240577752
2,KRW-API3,2026-04-29,1.0,0.932,0.08,0.0785,0.12287334593572785,149.29097632577157
2,KRW-OPEN,2026-04-29,1.0,0.908,0.0024271844660195274,0.0009271844660195274,0.05612244897959173,7.867078497921579
2,KRW-MOODENG,2026-04-30,1.0,0.9482071713147411,-0.04,-0.0415,0.06306306306306309,14.233252203825522
2,KRW-ZBT,2026-04-30,1.0,0.9402390438247012,-0.04,-0.0415,0.06296296296296289,4.67960660071312
2,KRW-DRIFT,2026-05-01,1.0,0.9920634920634921,-0.04,-0.0415,0.13609467455621305,16.458520935467345
2,KRW-KAVA,2026-05-02,0.0,0.23015873015873015,-0.04,-0.0415,0.22037914691943117,117.47201722100544
2,KRW-FLOCK,2026-05-02,0.0,0.49206349206349204,0.0,-0.0015,0.07134502923976593,5.263335797804763
2,KRW-CARV,2026-05-02,0.0,0.4166666666666667,0.021201413427561766,0.019701413427561765,0.062195121951219345,21.419611158197593
2,KRW-CPOOL,2026-05-03,0.0,0.6388888888888888,0.08,0.0785,0.0551181102362206,4.636613308282889
2,KRW-KNC,2026-05-03,1.0,0.9920634920634921,-0.04,-0.0415,0.19999999999999996,300.4240789902289
2,KRW-TOKAMAK,2026-05-03,0.0,0.9087301587301587,-0.04,-0.0415,0.1598513011152416,524.6509934360346
2,KRW-MINA,2026-05-04,0.0,0.4087301587301587,-0.04,-0.0415,0.14382785956964894,84.65839169900045
2,KRW-DKA,2026-05-04,0.0,0.5357142857142857,-0.04,-0.0415,0.07638072855464162,21.279480876978823
2,KRW-ONG,2026-05-05,0.0,0.27380952380952384,-0.04,-0.0415,0.07339449541284404,4.630396483548217
2,KRW-ORDER,2026-05-05,0.0,0.6388888888888888,-0.04,-0.0415,0.12177985948477743,82.66278072065931
2,KRW-PENDLE,2026-05-06,1.0,0.8968253968253969,-0.04,-0.0415,0.05696636925188736,24.39748551308883
2,KRW-STEEM,2026-05-06,1.0,0.9761904761904762,-0.04,-0.0415,0.09220636663007697,345.1261080488724
2,KRW-ANKR,2026-05-06,0.0,0.7063492063492064,-0.04,-0.0415,0.12925170068027225,287.43346761099514
2,KRW-ZIL,2026-05-06,1.0,0.9801587301587301,-0.04,-0.0415,0.1096681096681098,275.01167170819235
2,KRW-SC,2026-05-06,0.0,0.09523809523809523,0.0,-0.0015,0.05755395683453246,37.14099149992889
2,KRW-TOKAMAK,2026-05-07,0.0,0.503968253968254,-0.04,-0.0415,0.10296010296010305,123.08492129444899
2,KRW-JST,2026-05-07,0.0,0.5,0.0,-0.0015,0.07499999999999996,9.138602582137974
2,KRW-ORCA,2026-05-07,0.0,0.9166666666666666,-0.04,-0.0415,0.1427280939476061,179.38212053205055
2,KRW-CPOOL,2026-05-08,1.0,0.9523809523809523,-0.04,-0.0415,0.124705882352941,17.448223804941357
2,KRW-ORCA,2026-05-08,0.0,0.9841269841269841,-0.04,-0.0415,0.059207662168045294,59.22580592968187
2,KRW-STEEM,2026-05-08,0.0,0.6944444444444444,-0.04,-0.0415,0.06976744186046502,274.63698958846203
2,KRW-SUI,2026-05-09,1.0,0.9404761904761905,-0.04,-0.0415,0.0711436170212767,20.014593169406055
2,KRW-WAL,2026-05-09,0.0,0.45634920634920634,-0.04,-0.0415,0.05882352941176472,16.037898202452546
2,KRW-ONDO,2026-05-09,1.0,0.9920634920634921,-0.04,-0.0415,0.08132530120481918,37.162548242262034
2,KRW-AKT,2026-05-09,1.0,0.9325396825396826,-0.04,-0.0415,0.07870370370370372,32.89419535475232
2,KRW-KNC,2026-05-10,0.0,0.24603174603174602,-0.004273504273504258,-0.005773504273504258,0.057777777777777706,29.880145424305994
2,KRW-SONIC,2026-05-10,0.0,0.6944444444444444,-0.04,-0.0415,0.11844331641285955,55.48787635825757
2,KRW-SONIC,2026-05-11,1.0,0.9761904761904762,0.08,0.0785,0.08818897637795264,47.23467385579052
2,KRW-MBL,2026-05-11,0.0,0.07936507936507936,-0.04,-0.0415,0.19580419580419584,577.3841029615157
2,KRW-QTUM,2026-05-11,1.0,0.9642857142857143,-0.04,-0.0415,0.05675146771037176,341.10461014693556
2,KRW-POKT,2026-05-12,0.0,0.12698412698412698,-0.04,-0.0415,0.10169491525423724,93.79676474740629
2,KRW-ORDER,2026-05-12,0.0,0.44047619047619047,-0.04,-0.0415,0.07639680729760556,25.487416080051702
2,KRW-TOKAMAK,2026-05-12,0.0,0.4722222222222222,-0.04,-0.0415,0.08333333333333326,82.83877807642924
2,KRW-CPOOL,2026-05-12,0.0,0.7698412698412699,-0.04,-0.0415,0.14699792960662528,12.18803963794092
2,KRW-AZTEC,2026-05-13,0.0,0.376984126984127,-0.04,-0.0415,0.144092219020173,118.94473823728211
2,KRW-CPOOL,2026-05-13,1.0,0.9722222222222222,-0.04,-0.0415,0.10820895522388052,9.93650968337501
2,KRW-SONIC,2026-05-14,0.0,0.8214285714285714,0.01700154559505407,0.015501545595054069,0.06119162640901776,16.050434180963173
2,KRW-AZTEC,2026-05-15,1.0,0.8849206349206349,-0.04,-0.0415,0.06976744186046502,71.8306510385292
2,KRW-POLYX,2026-05-15,0.0,0.6547619047619048,0.08,0.0785,0.12779156327543428,77.06245381086285
2,KRW-STORJ,2026-05-16,1.0,0.9523809523809523,-0.04,-0.0415,0.21319796954314718,393.17991795523267
2,KRW-POLYX,2026-05-16,1.0,0.9880952380952381,-0.04,-0.0415,0.11893203883495151,147.4568005836217
2,KRW-SONIC,2026-05-17,0.0,0.7222222222222222,-0.04,-0.0415,0.050761421319796884,6.645610803777477
2,KRW-ORCA,2026-05-17,0.0,0.9880952380952381,-0.04,-0.0415,0.07059352517985618,5.269218798274182
2,KRW-INJ,2026-05-19,1.0,0.7777777777777778,-0.04,-0.0415,0.05228758169934644,21.84902012375873
2,KRW-ONT,2026-05-19,0.0,0.5952380952380952,0.08,0.0785,0.09479768786127174,46.219651049342154
2,KRW-AKT,2026-05-21,1.0,0.8373015873015873,-0.04,-0.0415,0.061328790459965976,5.274332829898527
2,KRW-POKT,2026-05-21,0.0,0.5595238095238095,-0.04,-0.0415,0.05660377358490565,8.507487208418398
2,KRW-META,2026-05-22,0.0,0.44841269841269843,0.08,0.0785,0.09285714285714297,63.37757190024035
2,KRW-STEEM,2026-05-23,0.0,0.3412698412698413,0.08,0.0785,0.12467866323907462,365.3285296023144
2,KRW-MTL,2026-05-23,0.0,0.05952380952380952,-0.04,-0.0415,0.25400457665903886,1795.6999180121227
2,KRW-HIVE,2026-05-23,0.0,0.19047619047619047,-0.04,-0.0415,0.13866967305524236,326.3402110038485
2,KRW-T,2026-05-23,0.0,0.30952380952380953,-0.04,-0.0415,0.07948717948717943,25.051491437899788
2,KRW-KAITO,2026-05-24,1.0,0.8174603174603174,-0.010709504685408322,-0.012209504685408322,0.056944444444444464,10.071097576244648
2,KRW-WAVES,2026-05-24,1.0,0.7857142857142857,0.08,0.0785,0.0765217391304347,92.26369803040164
2,KRW-SUPER,2026-05-24,0.0,0.1865079365079365,-0.04,-0.0415,0.18604651162790709,263.9749985153096
2,KRW-CPOOL,2026-05-25,0.0,0.5515873015873016,-0.04,-0.0415,0.17204301075268824,9.963853368380567
2,KRW-SOON,2026-05-25,1.0,0.9841269841269841,0.08,0.0785,0.06302521008403361,89.96312251974716
2,KRW-STEEM,2026-05-25,0.0,0.9166666666666666,-0.010989010989011061,-0.01248901098901106,0.057644110275689275,180.1711416571611
2,KRW-HIVE,2026-05-25,0.0,0.8571428571428571,-0.04,-0.0415,0.12597547380156082,292.7822873999435
2,KRW-RVN,2026-05-26,0.0,0.3134920634920635,-0.04,-0.0415,0.08679245283018866,133.74405040381455
2,KRW-DRIFT,2026-05-26,0.0,0.9603174603174603,-0.04,-0.0415,0.07952871870397638,11.953879981495998
2,KRW-EDGE,2026-05-26,0.0,0.26587301587301587,-0.04,-0.0415,0.13043478260869557,50.83392907903395
2,KRW-DKA,2026-05-27,0.0,0.75,-0.04,-0.0415,0.06835443037974676,22.034187590515494
2,KRW-PRL,2026-05-27,0.0,0.6507936507936508,-0.04,-0.0415,0.15546218487394947,25.326757275747106
2,KRW-XLM,2026-05-28,1.0,0.9761904761904762,-0.04,-0.0415,0.06611570247933884,23.520359515994965
2,KRW-PRL,2026-05-29,1.0,0.9801587301587301,-0.04,-0.0415,0.11363636363636354,38.76796323477679
2,KRW-EDGE,2026-05-29,1.0,0.9007936507936508,-0.04,-0.0415,0.08461538461538454,24.696679923850972
2,KRW-IN,2026-05-29,1.0,0.8809523809523809,-0.04,-0.0415,0.058394160583941535,4.876745026681789
2,KRW-ID,2026-05-29,0.0,0.5,0.08,0.0785,0.1091370558375635,116.44977456928488
2,KRW-HBAR,2026-05-30,1.0,0.9642857142857143,-0.04,-0.0415,0.08783783783783794,78.30236666782916
2,KRW-IOTA,2026-05-30,1.0,0.9047619047619048,-0.04,-0.0415,0.0732714138286894,20.918232726245343
2,KRW-VTHO,2026-05-30,0.0,0.05952380952380952,0.08,0.0785,0.16455696202531644,1082.8707447498603
2,KRW-XTZ,2026-05-30,0.0,0.15873015873015872,0.040000000000000036,0.038500000000000034,0.05752212389380529,161.02283524242466
2,KRW-CPOOL,2026-05-30,0.0,0.7380952380952381,-0.008350730688935215,-0.009850730688935215,0.0995575221238938,6.507224825235128
2,KRW-SEI,2026-05-30,0.0,0.9206349206349206,-0.04,-0.0415,0.054247697031729825,6.2552030403776815
