market,date,first,both_touched,intraday_max,intraday_min,eod_ret,net_hard_sl_path,net_tp_eod_noSL,net_timestop_4h
KRW-NEAR,2026-01-02,none,False,0.03813559322033888,-0.005508474576271238,0.03644067796610173,0.03494067796610173,0.03494067796610173,0.015872881355932178
KRW-KNC,2026-01-02,none,False,0.020289855072463725,-0.01449275362318836,0.017391304347825987,0.015891304347825985,0.015891304347825985,-0.004398550724637627
KRW-HP,2026-01-02,none,False,0.02614379084967311,-0.009803921568627527,0.02614379084967311,0.02464379084967311,0.02464379084967311,-0.004767973856209249
KRW-FIL,2026-01-02,none,False,0.016256386437529136,-0.04319554110543433,0.007895959126799745,0.006395959126799746,0.006395959126799746,0.002215745471435161
KRW-SAHARA,2026-01-02,none,False,0.06400000000000006,-0.007999999999999896,0.058666666666666645,0.05716666666666664,0.05716666666666664,0.009166666666666603
KRW-ETH,2026-01-02,none,False,0.043807339449541294,-0.003669724770642202,0.03555045871559637,0.034050458715596366,0.034050458715596366,0.004004587155963359
KRW-SYRUP,2026-01-02,none,False,0.005586592178770999,-0.03351955307262566,-0.011173184357541888,-0.012673184357541887,-0.012673184357541887,-0.010810986964618295
KRW-POWR,2026-01-02,none,False,0.040322580645161255,-0.024193548387096753,0.032258064516129004,0.030758064516129002,0.030758064516129002,-0.017629032258064503
KRW-BCH,2026-01-02,none,False,0.037122969837587005,-0.01798143851508116,0.022041763341067222,0.02054176334106722,0.02054176334106722,-0.004400232018561488
KRW-USD1,2026-01-02,none,False,0.004132231404958775,-0.004132231404958664,-0.004132231404958664,-0.0056322314049586635,-0.0056322314049586635,-0.002188705234159759
KRW-ENA,2026-01-02,none,False,0.09841269841269851,-0.00952380952380949,0.08571428571428563,0.08421428571428563,0.08421428571428563,0.01754761904761898
KRW-ORBS,2026-01-02,none,False,0.03401360544217691,-0.006802721088435382,0.027210884353741527,0.025710884353741525,0.025710884353741525,-0.0015
KRW-KITE,2026-01-02,none,False,0.007352941176470562,-0.03676470588235292,0.007352941176470562,0.0058529411764705625,0.0058529411764705625,-0.03091176470588236
KRW-AUCTION,2026-01-02,none,False,0.021710526315789513,-0.03026315789473688,0.011184210526315796,0.009684210526315797,0.009684210526315797,-0.017289473684210577
KRW-WCT,2026-01-02,none,False,0.024590163934426146,-0.032786885245901676,0.016393442622950838,0.014893442622950838,0.014893442622950838,-0.01789344262295084
KRW-ZORA,2026-01-02,tp,False,0.12592592592592577,-0.025925925925925908,0.12592592592592577,0.0985,0.0985,-0.007055555555555535
KRW-MIRA,2026-01-02,none,False,0.032558139534883734,-0.009302325581395321,0.027906976744185963,0.02640697674418596,0.02640697674418596,0.012453488372093093
KRW-WAXP,2026-01-02,none,False,0.02586206896551735,-0.01724137931034475,0.017241379310344973,0.01574137931034497,0.01574137931034497,-0.018741379310344752
KRW-PROVE,2026-01-02,none,False,0.046434494195688236,-0.014925373134328401,0.046434494195688236,0.044934494195688235,0.044934494195688235,-0.0015
KRW-LAYER,2026-01-02,none,False,0.03200000000000003,-0.020000000000000018,0.03200000000000003,0.030500000000000027,0.030500000000000027,-0.005500000000000003
KRW-NEO,2026-01-02,none,False,0.04075829383886265,-0.010426540284360186,0.03791469194312791,0.03641469194312791,0.03641469194312791,0.007978672985782089
KRW-SEI,2026-01-02,none,False,0.053254437869822535,-0.011834319526627168,0.047337278106508895,0.045837278106508894,0.045837278106508894,0.00441715976331364
KRW-BAT,2026-01-02,none,False,0.01238390092879249,-0.02786377708978327,0.0,-0.0015,-0.0015,-0.0015
KRW-META,2026-01-02,none,False,0.045454545454545414,0.0,0.025974025974025983,0.02447402597402598,0.02447402597402598,0.004993506493506552
KRW-ANIME,2026-01-02,none,False,0.00943396226415083,-0.028301886792452713,0.00943396226415083,0.00793396226415083,0.00793396226415083,-0.010933962264150941
KRW-API3,2026-01-02,tp,False,0.14786585365853666,0.0,0.041158536585365946,0.0985,0.0985,0.0985
KRW-COMP,2026-01-02,none,False,0.027107617240444526,-0.013282732447817858,0.022770398481973375,0.021270398481973374,0.021270398481973374,0.009071970723773472
KRW-ELF,2026-01-02,none,False,0.023622047244094446,-0.023622047244094446,0.023622047244094446,0.022122047244094445,0.022122047244094445,-0.009374015748031482
KRW-ADA,2026-01-02,tp,False,0.1083172147001934,-0.005802707930367523,0.1044487427466152,0.0985,0.0985,0.013973887814313248
KRW-GMT,2026-01-02,none,False,0.03587443946188351,-0.017937219730941756,0.03139013452914785,0.02989013452914785,0.02989013452914785,-0.0059843049327354386
KRW-SUPER,2026-01-02,none,False,0.03571428571428581,-0.012987012987012991,0.03571428571428581,0.03421428571428581,0.03421428571428581,0.004993506493506552
KRW-NEWT,2026-01-02,none,False,0.035211267605633756,-0.014084507042253502,0.028169014084507005,0.026669014084507003,0.026669014084507003,-0.0015
KRW-HIVE,2026-01-02,none,False,0.014184397163120588,-0.021276595744680882,0.014184397163120588,0.012684397163120588,0.012684397163120588,-0.008592198581560294
KRW-SUI,2026-01-02,tp,False,0.11163227016885546,-0.0070356472795497504,0.08958724202626644,0.0985,0.0985,0.017261726078799333
KRW-STRAX,2026-01-02,tp,False,0.10238907849829348,0.0,0.04436860068259385,0.0985,0.0985,0.0985
KRW-WLD,2026-01-02,none,False,0.06613756613756605,-0.0092592592592593,0.06481481481481488,0.06331481481481488,0.06331481481481488,0.007759259259259301
KRW-G,2026-01-02,none,False,0.025954198473282508,-0.016793893129770865,0.025954198473282508,0.024454198473282507,0.024454198473282507,-0.00608015267175571
KRW-TOSHI,2026-01-02,tp,False,0.125,-0.009433962264150941,0.10849056603773577,0.0985,0.0985,0.026801886792452934
KRW-AQT,2026-01-02,none,False,0.07476635514018692,-0.014018691588784993,0.014018691588784993,0.012518691588784993,0.012518691588784993,-0.0015
KRW-DEEP,2026-01-02,none,False,0.08030592734225617,-0.007648183556405286,0.06692160611854692,0.06542160611854692,0.06542160611854692,0.011884321223709473
KRW-SNT,2026-01-02,none,False,0.03431372549019618,-0.009803921568627416,0.03431372549019618,0.03281372549019618,0.03281372549019618,-0.006401960784313597
KRW-AWE,2026-01-02,none,False,0.03860523038605246,0.0,0.03735990037359893,0.03585990037359893,0.03585990037359893,0.0234066002490661
KRW-ALT,2026-01-02,none,False,0.03314917127071815,-0.011049723756906271,0.016574585635358963,0.015074585635358963,0.015074585635358963,0.020599447513812097
KRW-STORJ,2026-01-02,none,False,0.02673796791443861,-0.021390374331550777,0.016042780748663166,0.014542780748663166,0.014542780748663166,-0.0015
KRW-ASTR,2026-01-02,none,False,0.06802721088435382,0.0,0.061224489795918435,0.059724489795918434,0.059724489795918434,0.03251360544217691
KRW-HOLO,2026-01-03,sl,False,0.08943089430894302,-0.06504065040650409,0.008130081300812941,-0.051500000000000004,0.006630081300812942,0.03915040650406515
KRW-AAVE,2026-01-03,none,False,0.017169179229480802,-0.042294807370184206,-0.012981574539363439,-0.014481574539363438,-0.014481574539363438,0.001012562814070307
KRW-ZKP,2026-01-03,none,False,0.016393442622950838,-0.03825136612021862,0.0,-0.0015,-0.0015,-0.0015
KRW-LINK,2026-01-03,none,False,0.009379885356956663,-0.022928608650338744,-0.0020844189682126535,-0.0035844189682126535,-0.0035844189682126535,0.004232152162584603
KRW-KITE,2026-01-03,none,False,0.007299270072992803,-0.029197080291970767,-0.007299270072992692,-0.008799270072992691,-0.008799270072992691,-0.0015
KRW-STX,2026-01-03,tp,False,0.14500000000000002,-0.0024999999999999467,0.09499999999999997,0.0985,0.0985,0.061
KRW-DEEP,2026-01-03,none,False,0.05525846702317283,-0.007130124777183555,0.02317290552584672,0.02167290552584672,0.02167290552584672,0.04484581105169344
KRW-MOODENG,2026-01-03,sl,False,0.053097345132743445,-0.053097345132743334,0.017699115044247815,-0.051500000000000004,0.016199115044247814,0.016199115044247814
KRW-COMP,2026-01-03,none,False,0.017227670288894714,-0.020673204346673746,0.014047177312483505,0.012547177312483506,0.012547177312483506,-0.0004398356745295971
KRW-ONG,2026-01-03,none,False,0.007936507936507908,-0.031746031746031744,-0.007936507936507908,-0.009436507936507908,-0.009436507936507908,0.006436507936507909
KRW-0G,2026-01-03,none,False,0.07848633496846524,-0.016818500350385457,0.013314646110721862,0.011814646110721862,0.011814646110721862,0.040546250875963585
KRW-MASK,2026-01-03,none,False,0.023681377825618855,-0.016146393972012896,0.0021528525296017342,0.0006528525296017342,0.0006528525296017342,0.018952099031216252
KRW-XPL,2026-01-03,sl,False,0.02473498233215543,-0.05300353356890464,0.014134275618374659,-0.051500000000000004,0.01263427561837466,-0.012100706713780883
KRW-LSK,2026-01-03,none,False,0.006825938566553003,-0.027303754266211566,-0.0068259385665528916,-0.008325938566552891,-0.008325938566552891,0.0019129692832765013
KRW-BORA,2026-01-03,none,False,0.010291595197255532,-0.022298456260720356,0.00857632933104635,0.007076329331046351,0.007076329331046351,0.003645797598627766
KRW-XTZ,2026-01-03,none,False,0.03403141361256545,-0.005235602094240788,0.009162303664921545,0.007662303664921545,0.007662303664921545,0.02598691099476441
KRW-IMX,2026-01-03,none,False,0.07772020725388606,-0.012953367875647714,0.03886010362694292,0.03736010362694292,0.03736010362694292,0.050313471502590634
KRW-NEO,2026-01-03,none,False,0.018248175182481674,-0.019160583941605802,0.0027372262773721623,0.0012372262773721623,0.0012372262773721623,0.016748175182481673
KRW-MOC,2026-01-03,none,False,0.012096774193548487,-0.012096774193548376,0.002016129032258007,0.0005161290322580072,0.0005161290322580072,0.0005161290322580072
KRW-TRX,2026-01-03,none,False,0.02392344497607657,-0.004784688995215336,0.02392344497607657,0.022423444976076568,0.022423444976076568,-0.0015
KRW-KAVA,2026-01-03,none,False,0.042735042735042805,-0.008547008547008517,0.03418803418803429,0.03268803418803429,0.03268803418803429,0.02414102564102555
KRW-SEI,2026-01-03,none,False,0.011299435028248483,-0.02824858757062143,-0.005649717514124242,-0.007149717514124241,-0.007149717514124241,0.004149717514124353
KRW-CYBER,2026-01-03,none,False,0.020282186948853642,-0.02910052910052907,0.008818342151675429,0.007318342151675429,0.007318342151675429,0.015254850088183338
KRW-AHT,2026-01-03,none,False,0.007633587786259444,-0.01526717557251911,0.0,-0.0015,-0.0015,-0.0015
KRW-MON,2026-01-03,none,False,0.0767326732673268,-0.024752475247524774,0.054455445544554504,0.0529554455445545,0.0529554455445545,0.030678217821782205
KRW-CARV,2026-01-03,none,False,0.05084745762711873,-0.005649717514124242,0.039548022598870025,0.038048022598870024,0.038048022598870024,0.02674858757062154
KRW-DOOD,2026-01-03,sl,False,0.006896551724137945,-0.05747126436781613,-0.01839080459770115,-0.051500000000000004,-0.01989080459770115,-0.007247126436781435
KRW-BIO,2026-01-03,none,False,0.01897810218978102,-0.0350364963503651,0.0014598540145984717,-4.014598540152828e-05,-4.014598540152828e-05,0.014558394160583856
KRW-BAT,2026-01-03,none,False,0.006191950464396356,-0.034055727554179516,-0.006191950464396245,-0.007691950464396245,-0.007691950464396245,-0.0015
KRW-MOCA,2026-01-03,none,False,0.009615384615384581,-0.02564102564102566,0.0032051282051281937,0.0017051282051281937,0.0017051282051281937,0.0017051282051281937
KRW-ONDO,2026-01-03,none,False,0.019607843137254832,-0.02941176470588236,0.011437908496731986,0.009937908496731986,0.009937908496731986,0.013205882352941125
KRW-ALGO,2026-01-03,none,False,0.016216216216216273,-0.032432432432432434,0.0,-0.0015,-0.0015,0.014716216216216273
KRW-MLK,2026-01-03,none,False,0.00952380952380949,-0.01904761904761909,0.0,-0.0015,-0.0015,-0.0015
KRW-F,2026-01-03,none,False,0.04854368932038833,-0.029126213592233108,0.01941747572815533,0.01791747572815533,0.01791747572815533,0.008208737864077666
KRW-QKC,2026-01-03,none,False,0.020000000000000018,-0.009999999999999898,-0.0033333333333332993,-0.004833333333333299,-0.004833333333333299,0.00850000000000001
KRW-BOUNTY,2026-01-03,none,False,0.013333333333333197,-0.020000000000000018,-0.010000000000000009,-0.011500000000000008,-0.011500000000000008,-0.008166666666666598
KRW-SYRUP,2026-01-03,none,False,0.007532956685499137,-0.04143126177024481,-0.0018832391713747842,-0.0033832391713747843,-0.0033832391713747843,0.0003832391713747842
KRW-VET,2026-01-03,none,False,0.029585798816567976,-0.017751479289940697,0.0,-0.0015,-0.0015,0.028085798816567975
KRW-CHZ,2026-01-03,none,False,0.06614173228346454,-0.0047244094488188,0.03937007874015741,0.03787007874015741,0.03787007874015741,0.011098425196850283
KRW-BERA,2026-01-03,none,False,0.0071428571428571175,-0.03469387755102038,-0.01224489795918371,-0.013744897959183709,-0.013744897959183709,0.0036020408163264807
KRW-SNT,2026-01-03,none,False,0.0142180094786728,-0.03317535545023709,0.0,-0.0015,-0.0015,0.007978672985781867
KRW-DOT,2026-01-03,none,False,0.026189715745768227,-0.027467262855317753,-0.017885659533695253,-0.019385659533695254,-0.019385659533695254,-0.0008612264452251815
KRW-CVC,2026-01-03,none,False,0.0046948356807512415,-0.025039123630672955,-0.0046948356807511304,-0.00619483568075113,-0.00619483568075113,6.494522691708046e-05
KRW-MOVE,2026-01-03,none,False,0.024761904761904763,-0.02285714285714291,0.02285714285714291,0.021357142857142908,0.021357142857142908,0.013738095238095273
KRW-FIL,2026-01-03,none,False,0.056682027649769484,-0.030875576036866414,-0.0027649769585254003,-0.0042649769585254,-0.0042649769585254,0.02707142857142847
KRW-FLOCK,2026-01-03,sl,False,0.014925373134328401,-0.052238805970149294,-0.007462686567164201,-0.051500000000000004,-0.0089626865671642,0.013425373134328402
KRW-FCT2,2026-01-03,none,False,0.010582010582010692,-0.021164021164021052,0.0,-0.0015,-0.0015,0.003791005291005346
KRW-IOTA,2026-01-03,none,False,0.021897810218978186,-0.029197080291970767,-0.007299270072992692,-0.008799270072992691,-0.008799270072992691,0.013098540145985384
KRW-GRT,2026-01-03,none,False,0.048327137546468446,-0.024163568773234112,0.03345724907063197,0.031957249070631966,0.031957249070631966,0.03009851301115246
KRW-BTC,2026-01-03,none,False,0.007314580756198508,-0.006615392889797289,0.0071148127943696515,0.005614812794369652,0.005614812794369652,0.0038092177547617858
KRW-APT,2026-01-03,none,False,0.014871236851650371,-0.029742473703300742,-0.0021762785636560977,-0.0036762785636560978,-0.0036762785636560978,0.011194958287994274
KRW-HUNT,2026-01-03,none,False,0.0,-0.019323671497584516,-0.004830917874396157,-0.006330917874396156,-0.006330917874396156,-0.011161835748792313
KRW-MVL,2026-01-03,none,False,0.012195121951219523,-0.012195121951219412,0.0,-0.0015,-0.0015,-0.0015
KRW-INJ,2026-01-03,none,False,0.01760563380281699,-0.023943661971830954,0.004225352112676051,0.0027253521126760507,0.0027253521126760507,0.016105633802816988
KRW-WCT,2026-01-03,none,False,0.016260162601626105,-0.04065040650406504,-0.016260162601625994,-0.017760162601625995,-0.017760162601625995,-0.0015
KRW-ATH,2026-01-03,none,False,0.00694444444444442,-0.04166666666666663,0.00694444444444442,0.00544444444444442,0.00544444444444442,0.00544444444444442
KRW-MNT,2026-01-03,none,False,0.010906612133606108,-0.03271983640081799,0.0034083162917519783,0.0019083162917519782,0.0019083162917519782,0.004634969325153339
KRW-USD1,2026-01-03,none,False,0.006906077348066253,-0.0013812154696132284,0.002071823204419898,0.0005718232044198981,0.0005718232044198981,-0.0021906077348066697
KRW-DOGE,2026-01-03,none,False,0.02450980392156854,-0.014705882352941124,0.009803921568627416,0.008303921568627417,0.008303921568627417,0.01810784313725483
KRW-ETH,2026-01-03,none,False,0.007087486157253631,-0.015725359911406445,0.0017718715393133522,0.00027187153931335214,0.00027187153931335214,0.0011578073089700282
KRW-RVN,2026-01-03,none,False,0.026785714285714413,-0.02678571428571419,-0.008928571428571397,-0.010428571428571396,-0.010428571428571396,0.02528571428571441
KRW-KAITO,2026-01-03,tp,False,0.13436692506459957,0.0,0.05297157622739013,0.0985,0.0985,0.0985
KRW-LAYER,2026-01-03,none,False,0.02734375,-0.01953125,0.0234375,0.0219375,0.0219375,0.0219375
KRW-THETA,2026-01-03,none,False,0.021428571428571352,-0.01904761904761909,0.0023809523809523725,0.0008809523809523725,0.0008809523809523725,0.012785714285714235
KRW-JTO,2026-01-03,none,False,0.020000000000000018,-0.024615384615384595,0.012307692307692353,0.010807692307692353,0.010807692307692353,0.018500000000000016
KRW-HBAR,2026-01-03,none,False,0.005681818181818121,-0.03977272727272729,-0.005681818181818232,-0.007181818181818232,-0.007181818181818232,-0.0015
KRW-G,2026-01-03,none,False,0.010479041916167775,-0.020958083832335328,0.0029940119760478723,0.0014940119760478722,0.0014940119760478722,0.004488023952095745
KRW-MMT,2026-01-03,none,False,0.05294117647058827,-0.020588235294117685,0.020588235294117574,0.019088235294117573,0.019088235294117573,0.013205882352941125
KRW-ZETA,2026-01-03,none,False,0.0,-0.03669724770642202,-0.01834862385321101,-0.01984862385321101,-0.01984862385321101,-0.0015
KRW-ENS,2026-01-03,none,False,0.009465855307640325,-0.029073698444895157,-0.0006761325219742931,-0.002176132521974293,-0.002176132521974293,0.006613590263691739
KRW-AXL,2026-01-03,none,False,0.0092592592592593,-0.03703703703703709,0.0092592592592593,0.007759259259259301,0.007759259259259301,-0.0015
KRW-OPEN,2026-01-03,none,False,0.0161943319838056,-0.028340080971659964,0.0161943319838056,0.0146943319838056,0.0146943319838056,0.002548582995951344
KRW-STEEM,2026-01-03,none,False,0.026422764227642226,-0.016260162601626105,0.026422764227642226,0.024922764227642225,0.024922764227642225,-0.0004837398373984101
KRW-ZKC,2026-01-03,tp,False,0.12941176470588234,0.0,0.04705882352941182,0.0985,0.0985,0.0985
KRW-TOSHI,2026-01-03,sl,False,0.025531914893617058,-0.05319148936170204,-0.017021276595744594,-0.051500000000000004,-0.018521276595744596,0.009138297872340497
KRW-PENGU,2026-01-03,none,False,0.07051282051282048,-0.03205128205128205,0.06410256410256432,0.06260256410256432,0.06260256410256432,0.030551282051282158
KRW-AUCTION,2026-01-03,none,False,0.006506180871828304,-0.028627195836044228,-0.004554326610279769,-0.006054326610279768,-0.006054326610279768,0.0024037085230968493
KRW-BARD,2026-01-03,none,False,0.07055749128919864,-0.008710801393728262,0.030487804878048808,0.028987804878048806,0.028987804878048806,0.008081881533101022
KRW-TAIKO,2026-01-03,none,False,0.00390625,-0.03515625,0.0,-0.0015,-0.0015,0.00240625
KRW-AVNT,2026-01-03,none,False,0.04588910133843216,-0.04397705544933084,-0.013384321223709361,-0.01488432122370936,-0.01488432122370936,0.006148183556405286
KRW-AVAX,2026-01-03,none,False,0.042063094641962895,-0.01001502253380071,0.012518778167250888,0.011018778167250888,0.011018778167250888,0.031048823234852307
KRW-BLAST,2026-01-03,none,False,0.028571428571428692,-0.00952380952380949,0.01904761904761898,0.01754761904761898,0.01754761904761898,0.01754761904761898
KRW-DKA,2026-01-03,none,False,0.027554535017221493,-0.03559127439724463,-0.016073478760045945,-0.017573478760045946,-0.017573478760045946,-0.008388633754305484
KRW-ANIME,2026-01-03,none,False,0.01869158878504673,-0.028037383177569986,0.0,-0.0015,-0.0015,0.01719158878504673
KRW-XEC,2026-01-03,none,False,0.024390243902438824,-0.030487804878048808,0.0060975609756097615,0.004597560975609762,0.004597560975609762,0.01679268292682906
KRW-GLM,2026-01-03,none,False,0.0479041916167664,-0.020958083832335328,0.026946107784431073,0.02544610778443107,0.02544610778443107,0.0014940119760478722
KRW-ORBS,2026-01-03,none,False,0.013245033112582849,-0.013245033112582738,0.0066225165562914245,0.005122516556291425,0.005122516556291425,-0.008122516556291313
KRW-QTUM,2026-01-03,none,False,0.015476784822765932,-0.021467798302546193,-0.005491762356465313,-0.0069917623564653125,-0.0069917623564653125,0.005489515726410378
KRW-ELF,2026-01-03,none,False,0.007692307692307665,-0.03076923076923077,0.0,-0.0015,-0.0015,-0.0015
KRW-POWR,2026-01-03,none,False,0.007751937984496138,-0.03875968992248058,-0.007751937984496138,-0.009251937984496137,-0.009251937984496137,-0.0015
KRW-SUI,2026-01-03,none,False,0.05424020662935858,0.0,0.03745157124408083,0.03595157124408083,0.03595157124408083,0.04283921653034867
KRW-AERGO,2026-01-03,none,False,0.03613177470775786,-0.03825717321997868,-0.019128586609989395,-0.020628586609989397,-0.020628586609989397,-0.008938894792773487
KRW-META,2026-01-03,none,False,0.018987341772152,-0.012658227848101333,0.018987341772152,0.017487341772152,0.017487341772152,0.004829113924050667
KRW-ASTR,2026-01-03,none,False,0.0064102564102563875,-0.03205128205128205,-0.0064102564102563875,-0.007910256410256387,-0.007910256410256387,0.004910256410256388
KRW-RAY,2026-01-03,none,False,0.07722513089005245,-0.012434554973821954,0.045157068062827266,0.043657068062827264,0.043657068062827264,0.027295811518324664
KRW-ICX,2026-01-03,none,False,0.009569377990430672,-0.02631578947368407,-0.004784688995215225,-0.0062846889952152245,-0.0062846889952152245,0.006873205741626811
KRW-GAME2,2026-01-03,none,False,0.012448132780082943,-0.024896265560165998,0.012448132780082943,0.010948132780082944,0.010948132780082944,-0.0015
KRW-MANA,2026-01-03,none,False,0.04663212435233155,-0.010362694300518172,0.020725388601036343,0.01922538860103634,0.01922538860103634,0.04513212435233155
KRW-YGG,2026-01-03,none,False,0.009615384615384581,-0.043269230769230727,-0.019230769230769273,-0.020730769230769275,-0.020730769230769275,-0.0015
KRW-ZBT,2026-01-04,sl,False,0.0046511627906977715,-0.051162790697674376,-0.027906976744186074,-0.051500000000000004,-0.029406976744186075,-0.024755813953488415
KRW-ARKM,2026-01-04,none,False,0.07718120805369133,-0.006711409395973145,0.06375838926174504,0.06225838926174504,0.06225838926174504,0.005211409395973256
KRW-BLUR,2026-01-04,none,False,0.045454545454545414,-0.00454545454545463,0.02954545454545454,0.02804545454545454,0.02804545454545454,0.009863636363636465
KRW-ERA,2026-01-04,none,False,0.009933774834437026,-0.023178807947019875,0.0,-0.0015,-0.0015,-0.008122516556291424
KRW-MOCA,2026-01-04,none,False,0.019169329073482455,-0.009584664536741228,0.009584664536741228,0.008084664536741228,0.008084664536741228,0.0016948881789136685
KRW-DKA,2026-01-04,none,False,0.008120649651972123,-0.01044083526682138,0.0034802784222738303,0.0019802784222738303,0.0019802784222738303,-0.004980278422273719
KRW-WAVES,2026-01-04,none,False,0.012720156555773077,-0.0009784735812132794,0.0029354207436398383,0.0014354207436398383,0.0014354207436398383,0.00045694716242655883
KRW-AAVE,2026-01-04,none,False,0.01910016977928697,-0.012308998302207108,0.008488964346349714,0.006988964346349715,0.006988964346349715,0.008686757215619791
KRW-YGG,2026-01-04,none,False,0.06796116504854366,-0.01941747572815533,0.01941747572815533,0.01791747572815533,0.01791747572815533,0.008208737864077666
KRW-AERGO,2026-01-04,none,False,0.08342361863488623,-0.005417118093174467,0.03575297941495115,0.034252979414951146,0.034252979414951146,0.042920368364030514
KRW-TOSHI,2026-01-04,tp,False,0.29653679653679643,-0.0021645021645021467,0.1558441558441559,0.0985,0.0985,0.06127056277056281
KRW-ETC,2026-01-04,none,False,0.02861860209135947,-0.0005503577325260967,0.019812878370941034,0.018312878370941033,0.018312878370941033,0.011158227848101334
KRW-GAME2,2026-01-04,none,False,0.024590163934426146,-0.016393442622950838,0.004098360655737876,0.002598360655737876,0.002598360655737876,-0.0015
KRW-ATH,2026-01-04,tp,False,0.12413793103448278,-0.006896551724137945,0.04137931034482767,0.0985,0.0985,0.0985
KRW-QKC,2026-01-04,tp,False,0.1079734219269104,-0.0016611295681062677,0.038205980066445155,0.0985,0.0985,0.0985
KRW-BAT,2026-01-04,none,False,0.01567398119122254,-0.01253918495297801,-0.0031347962382445305,-0.00463479623824453,-0.00463479623824453,0.011039184952978122
KRW-SUPER,2026-01-04,none,False,0.037267080745341685,-0.006211180124223614,0.021739130434782705,0.020239130434782704,0.020239130434782704,0.007816770186335477
KRW-ORDER,2026-01-04,none,False,0.040000000000000036,-0.020000000000000018,0.01333333333333342,0.01183333333333342,0.01183333333333342,-0.014833333333333308
KRW-SUI,2026-01-04,none,False,0.05062240663900419,-0.0012448132780082943,0.016597510373443924,0.015097510373443925,0.015097510373443925,0.021736514522821493
KRW-ORBS,2026-01-04,none,False,0.019867549668874274,0.0,0.013245033112582849,0.01174503311258285,0.01174503311258285,0.005122516556291425
KRW-XAUT,2026-01-04,none,False,0.007159904534606243,-0.0023866348448687846,0.007159904534606243,0.005659904534606243,0.005659904534606243,-0.0032501988862370644
KRW-DOT,2026-01-04,none,False,0.026016260162601723,-0.0039024390243902474,0.008130081300812941,0.006630081300812942,0.006630081300812942,0.001752032520325132
KRW-WAL,2026-01-04,none,False,0.05641025641025643,-0.01025641025641022,0.02564102564102555,0.02414102564102555,0.02414102564102555,0.00875641025641022
KRW-ALGO,2026-01-04,none,False,0.07526881720430101,-0.005376344086021501,0.053763440860215006,0.052263440860215005,0.052263440860215005,0.020005376344086
KRW-PENDLE,2026-01-04,none,False,0.019326683291770674,-0.027431421446383997,-0.009039900249376509,-0.010539900249376509,-0.010539900249376509,-0.003993765586034868
KRW-ANIME,2026-01-04,none,False,0.03738317757009346,-0.01869158878504662,0.0,-0.0015,-0.0015,-0.0015
KRW-OP,2026-01-04,none,False,0.04444444444444451,-0.008888888888888835,0.028888888888888964,0.027388888888888963,0.027388888888888963,0.009611111111111072
KRW-ZRO,2026-01-04,none,False,0.06107660455486541,-0.0025879917184264967,0.04658385093167694,0.04508385093167694,0.04508385093167694,0.03473188405797095
KRW-THETA,2026-01-04,none,False,0.040476190476190554,-0.004761904761904745,0.03571428571428581,0.03421428571428581,0.03421428571428581,0.003261904761904745
KRW-MON,2026-01-04,sl,False,0.018867924528301883,-0.05660377358490565,-0.01650943396226401,-0.051500000000000004,-0.01800943396226401,-0.01800943396226401
KRW-ARK,2026-01-04,none,False,0.020000000000000018,-0.0024999999999999467,0.010000000000000009,0.00850000000000001,0.00850000000000001,0.006000000000000063
KRW-CVC,2026-01-04,none,False,0.02668759811616961,-0.004709576138147598,0.01098901098901095,0.00948901098901095,0.00948901098901095,0.004779434850863242
KRW-RAY,2026-01-04,none,False,0.0362047440699127,-0.01810237203495635,0.017478152309613026,0.015978152309613025,0.015978152309613025,-0.0002515605493133553
KRW-DEEP,2026-01-04,none,False,0.09807355516637473,-0.010507880910682998,0.01050788091068311,0.00900788091068311,0.00900788091068311,0.002002626970227629
KRW-ME,2026-01-04,none,False,0.07395498392282951,-0.006430868167202619,0.05466237942122176,0.05316237942122176,0.05316237942122176,0.014577170418006493
KRW-NEWT,2026-01-04,none,False,0.026666666666666616,-0.020000000000000018,0.006666666666666599,0.005166666666666599,0.005166666666666599,0.005166666666666599
KRW-MVL,2026-01-04,none,False,0.024489795918367196,-0.008163265306122436,0.020408163265306145,0.018908163265306144,0.018908163265306144,0.0025816326530610514
KRW-TREE,2026-01-04,none,False,0.018292682926829285,-0.012195121951219523,0.0,-0.0015,-0.0015,0.004597560975609762
KRW-CHZ,2026-01-04,none,False,0.010590015128593144,-0.024205748865355425,-0.024205748865355425,-0.025705748865355427,-0.025705748865355427,1.2859304084956915e-05
KRW-PENGU,2026-01-04,tp,False,0.1506024096385543,-0.012048192771084487,0.09638554216867457,0.0985,0.0985,0.02259638554216853
KRW-RED,2026-01-04,none,False,0.023880597014925398,-0.005970149253731294,0.011940298507462588,0.010440298507462588,0.010440298507462588,-0.0015
KRW-CBK,2026-01-04,none,False,0.03285420944558526,-0.002053388090349051,0.02053388090349073,0.01903388090349073,0.01903388090349073,0.012873716632443579
KRW-FCT2,2026-01-04,none,False,0.015873015873015817,-0.010582010582010581,0.0,-0.0015,-0.0015,0.009082010582010693
KRW-BIO,2026-01-04,tp,False,0.10058309037900881,-0.002915451895043608,0.058309037900874605,0.0985,0.0985,0.014534985422740622
KRW-WLD,2026-01-04,none,False,0.04137115839243499,-0.011820330969267157,0.027186761229314405,0.025686761229314403,0.025686761229314403,0.009138297872340497
KRW-HIVE,2026-01-04,none,False,0.021126760563380254,-0.014084507042253502,0.007042253521126751,0.005542253521126752,0.005542253521126752,0.005542253521126752
KRW-MANTRA,2026-01-04,none,False,0.05454545454545445,-0.009090909090909038,0.045454545454545414,0.04395454545454541,0.04395454545454541,0.007590909090909039
KRW-BIGTIME,2026-01-04,none,False,0.03583061889250816,-0.0032573289902279035,0.0228013029315961,0.0213013029315961,0.0213013029315961,0.0017573289902280144
KRW-GMT,2026-01-04,none,False,0.030303030303030276,-0.008658008658008809,0.025974025974025983,0.02447402597402598,0.02447402597402598,0.007158008658008587
KRW-TRUMP,2026-01-04,none,False,0.04727511490479319,-0.003939592908732803,0.028890347997373667,0.027390347997373665,0.027390347997373665,0.030673342087984168
KRW-JST,2026-01-04,none,False,0.06725663716814156,-0.01415929203539823,0.04247787610619458,0.04097787610619458,0.04097787610619458,0.010889380530973604
KRW-SIGN,2026-01-04,none,False,0.014466546112115841,-0.003616636528028905,0.005424954792043524,0.003924954792043524,0.003924954792043524,0.007541591320072318
KRW-MBL,2026-01-04,none,False,0.011428571428571344,-0.017142857142857126,0.011428571428571344,0.009928571428571344,0.009928571428571344,0.004214285714285783
KRW-LA,2026-01-04,none,False,0.008316008316008316,-0.014553014553014498,-0.012474012474012475,-0.013974012474012474,-0.013974012474012474,-0.0035790020790020236
KRW-VTHO,2026-01-04,none,False,0.05128205128205132,-0.008547008547008517,0.042735042735042805,0.041235042735042804,0.041235042735042804,0.007047008547008517
KRW-LINEA,2026-01-04,none,False,0.05882352941176494,-0.009803921568627416,0.03921568627450989,0.037715686274509885,0.037715686274509885,-0.0015
KRW-MINA,2026-01-04,none,False,0.04166666666666674,-0.008333333333333304,0.016666666666666607,0.015166666666666608,0.015166666666666608,0.015166666666666608
KRW-AXL,2026-01-04,none,False,0.04587155963302747,-0.00917431192660545,0.0183486238532109,0.016848623853210898,0.016848623853210898,-0.0015
KRW-HP,2026-01-04,none,False,0.02893890675241151,0.0,0.016077170418006492,0.014577170418006493,0.014577170418006493,0.014577170418006493
KRW-ONT,2026-01-04,none,False,0.020474137931034475,-0.016163793103448287,-0.0053879310344827624,-0.006887931034482762,-0.006887931034482762,-0.0036551724137931494
KRW-MET2,2026-01-05,none,False,0.08208955223880587,-0.01243781094527363,0.052238805970149294,0.05073880597014929,0.05073880597014929,0.013425373134328402
KRW-BLAST,2026-01-05,none,False,0.03603603603603589,-0.009009009009009028,0.03603603603603589,0.03453603603603589,0.03453603603603589,0.007509009009008917
KRW-BSV,2026-01-05,tp,False,0.2856613560577992,-0.003334568358651313,0.14635050018525386,0.0985,0.0985,0.0985
KRW-XAUT,2026-01-05,none,False,0.02259083728278033,-0.0018957345971564177,0.013586097946287623,0.012086097946287623,0.012086097946287623,0.00624091627172191
KRW-ANIME,2026-01-05,none,False,0.01869158878504673,-0.028037383177569986,0.0,-0.0015,-0.0015,-0.0015
KRW-MMT,2026-01-05,tp,False,0.11494252873563227,-0.031609195402298895,0.03735632183908044,0.0985,0.0985,0.0013735632183907178
KRW-OP,2026-01-05,none,False,0.045454545454545414,-0.017316017316017285,0.03463203463203457,0.03313203463203457,0.03313203463203457,0.007158008658008587
KRW-ZKP,2026-01-05,none,False,0.04278074866310155,-0.0267379679144385,0.010695187165775444,0.009195187165775444,0.009195187165775444,0.003847593582887722
KRW-DKA,2026-01-05,none,False,0.03583815028901749,-0.009248554913294793,0.012716763005780285,0.011216763005780285,0.011216763005780285,0.0008121387283235872
KRW-NEO,2026-01-05,none,False,0.050269299820466795,-0.006283662477558294,0.04129263913824066,0.03979263913824066,0.03979263913824066,0.014657989228007264
KRW-AGLD,2026-01-05,none,False,0.03349282296650724,-0.011961722488038284,0.028708133971291794,0.027208133971291792,0.027208133971291792,0.010461722488038174
KRW-ADA,2026-01-05,none,False,0.06217616580310881,-0.010362694300518172,0.05526770293609662,0.05376770293609662,0.05376770293609662,0.010589810017271052
KRW-WAL,2026-01-05,none,False,0.10000000000000009,-0.030000000000000027,0.07000000000000006,0.06850000000000006,0.06850000000000006,-0.006500000000000004
KRW-W,2026-01-05,none,False,0.04136690647482011,-0.02877697841726623,0.026978417266187105,0.025478417266187103,0.025478417266187103,-0.0015
KRW-AUCTION,2026-01-05,none,False,0.031797534068786604,-0.005840363400389403,0.027255029201816994,0.025755029201816992,0.025755029201816992,0.005638221933809197
KRW-ONDO,2026-01-05,none,False,0.053543307086614256,-0.014173228346456734,0.03779527559055129,0.03629527559055129,0.03629527559055129,0.014248031496062965
KRW-HUNT,2026-01-05,none,False,0.028708133971291794,-0.009569377990430672,0.02392344497607657,0.022423444976076568,0.022423444976076568,0.003284688995215225
KRW-UNI,2026-01-05,tp,False,0.10460992907801425,-0.013593380614657202,0.056146572104018855,0.0985,0.0985,0.02095862884160754
KRW-JTO,2026-01-05,none,False,0.015580736543909346,-0.03682719546742208,0.0014164305949009304,-8.356940509906966e-05,-8.356940509906966e-05,-0.007165722379603388
KRW-VIRTUAL,2026-01-05,tp,False,0.2711993888464477,-0.006875477463712754,0.20779220779220786,0.0985,0.0985,0.0985
KRW-SUPER,2026-01-05,none,False,0.033434650455927084,-0.012158054711246202,0.033434650455927084,0.03193465045592708,0.03193465045592708,0.013697568389057726
KRW-BOUNTY,2026-01-05,none,False,0.029900332225913484,-0.0033222591362126463,0.029900332225913484,0.028400332225913483,0.028400332225913483,0.008466777408637828
KRW-BONK,2026-01-05,none,False,0.06936416184971095,-0.034682080924855474,0.011560693641618602,0.010060693641618603,0.010060693641618603,-0.024621387283237095
KRW-CBK,2026-01-05,none,False,0.016129032258064502,-0.006048387096774244,0.016129032258064502,0.014629032258064502,0.014629032258064502,0.0025322580645162364
KRW-LPT,2026-01-05,none,False,0.06912940159861747,-0.0030244113199394684,0.054871462518902625,0.053371462518902624,0.053371462518902624,0.0298242600993735
KRW-DOT,2026-01-05,none,False,0.04492566257272146,-0.013574660633484115,0.03329023917259222,0.031790239172592216,0.031790239172592216,0.008519392372333514
KRW-GLM,2026-01-05,none,False,0.07871720116618075,0.0,0.06997084548104948,0.06847084548104948,0.06847084548104948,0.03348542274052485
KRW-GMT,2026-01-05,none,False,0.021097046413502074,-0.029535864978902926,0.021097046413502074,0.019597046413502073,0.019597046413502073,-0.0015
KRW-MANTRA,2026-01-05,none,False,0.026086956521739202,-0.02608695652173909,0.026086956521739202,0.0245869565217392,0.0245869565217392,-0.0015
KRW-TRUMP,2026-01-05,none,False,0.04977664326738984,-0.01084875558391829,0.03956604977664324,0.03806604977664324,0.03806604977664324,0.01636853860880666
KRW-WLD,2026-01-05,tp,False,0.10103329506314584,-0.02296211251435132,0.05970149253731338,0.0985,0.0985,-0.0026481056257175437
KRW-MNT,2026-01-05,none,False,0.04367968232958308,-0.0033090668431502435,0.035076108537392514,0.03357610853739251,0.03357610853739251,0.011074454003970948
KRW-RENDER,2026-01-05,tp,False,0.15920915712799166,-0.024280263614290698,0.10926118626430803,0.0985,0.0985,0.046366805411030276
KRW-YGG,2026-01-05,none,False,0.02857142857142847,-0.02857142857142858,0.00952380952380949,0.00802380952380949,0.00802380952380949,0.00802380952380949
KRW-AAVE,2026-01-05,none,False,0.06478754732856551,-0.010517458981909922,0.04122843920908714,0.03972843920908714,0.03972843920908714,0.010700252419015456
KRW-AKT,2026-01-05,none,False,0.04538087520259326,-0.01944894651539708,0.037277147487844386,0.035777147487844385,0.035777147487844385,-0.0015
KRW-QKC,2026-01-05,none,False,0.043618739903069415,-0.014539579967689953,0.024232633279482885,0.022732633279482883,0.022732633279482883,-0.004731017770597866
KRW-ALT,2026-01-05,sl,False,0.010000000000000009,-0.050000000000000044,-0.015000000000000013,-0.051500000000000004,-0.016500000000000015,-0.011500000000000008
KRW-NEAR,2026-01-05,none,False,0.04765718862635171,-0.0036043251902282414,0.029235082098518328,0.027735082098518327,0.027735082098518327,0.04215238285943129
KRW-THETA,2026-01-05,none,False,0.08256880733944949,-0.00917431192660545,0.07110091743119273,0.06960091743119273,0.06960091743119273,0.019142201834862427
KRW-META,2026-01-05,none,False,0.024844720496894235,-0.018633540372670843,0.01863354037267073,0.01713354037267073,0.01713354037267073,0.01713354037267073
KRW-IN,2026-01-05,none,False,0.01904761904761898,-0.01904761904761909,0.00952380952380949,0.00802380952380949,0.00802380952380949,-0.0015
KRW-GAS,2026-01-05,none,False,0.025240783792759958,-0.01295250747260046,0.019594818997010988,0.018094818997010986,0.018094818997010986,0.004810195948189934
KRW-CKB,2026-01-05,none,False,0.022222222222222143,-0.03950617283950608,0.0,-0.0015,-0.0015,0.008376543209876632
KRW-CARV,2026-01-05,sl,False,0.00540540540540535,-0.08648648648648649,-0.048648648648648596,-0.051500000000000004,-0.0501486486486486,-0.00690540540540535
KRW-0G,2026-01-05,none,False,0.034146341463414664,-0.024390243902439046,0.006271777003484358,0.004771777003484358,0.004771777003484358,-0.00498432055749126
KRW-ARDR,2026-01-05,none,False,0.03333333333333344,-0.005747126436781658,0.02643678160919527,0.02493678160919527,0.02493678160919527,0.004247126436781658
KRW-XPL,2026-01-05,none,False,0.04659498207885315,-0.032258064516129004,-0.010752688172043001,-0.012252688172043,-0.012252688172043,0.027173835125448076
KRW-FLOCK,2026-01-05,none,False,0.07407407407407418,-0.03703703703703709,0.022222222222222143,0.020722222222222142,0.020722222222222142,-0.008907407407407418
KRW-CPOOL,2026-01-05,none,False,0.06361829025844945,-0.0318091451292245,0.011928429423459175,0.010428429423459175,0.010428429423459175,-0.005476143141153021
KRW-VET,2026-01-05,none,False,0.05142857142857138,-0.017142857142857237,0.040000000000000036,0.038500000000000034,0.038500000000000034,0.009928571428571344
KRW-BCH,2026-01-05,none,False,0.0519761775852734,0.0,0.011911207363291876,0.010411207363291876,0.010411207363291876,0.023405251759610224
KRW-SAND,2026-01-05,none,False,0.0393258426966292,-0.0337078651685393,0.028089887640449396,0.026589887640449394,0.026589887640449394,-0.0015
KRW-MON,2026-01-05,none,False,0.03846153846153855,-0.04086538461538469,-0.014423076923076983,-0.015923076923076984,-0.015923076923076984,-0.015923076923076984
KRW-G,2026-01-05,none,False,0.016129032258064502,-0.02052785923753675,0.011730205278592365,0.010230205278592365,0.010230205278592365,0.007297653958944274
KRW-SONIC,2026-01-05,none,False,0.034482758620689724,-0.017241379310344862,0.034482758620689724,0.03298275862068972,0.03298275862068972,0.01574137931034475
KRW-BORA,2026-01-05,tp,False,0.15920398009950265,-0.0016583747927030323,0.06135986733001664,0.0985,0.0985,0.03166749585406309
KRW-FF,2026-01-05,none,False,0.051094890510948954,-0.007299270072992692,0.03649635036496357,0.03499635036496357,0.03499635036496357,0.005799270072992803
KRW-CYBER,2026-01-05,none,False,0.01936619718309851,-0.0255281690140845,0.014964788732394263,0.013464788732394263,0.013464788732394263,-0.0023802816901408717
KRW-USD1,2026-01-05,none,False,0.008287292817679592,-0.0013812154696132284,0.0,-0.0015,-0.0015,-0.00011878453038666062
KRW-NXPC,2026-01-05,none,False,0.02473498233215543,-0.021201413427561877,0.0229681978798586,0.021468197879858597,0.021468197879858597,0.0002667844522968323
KRW-AVNT,2026-01-05,none,False,0.005870841487279899,-0.03913894324853229,-0.017612524461839585,-0.019112524461839586,-0.019112524461839586,-0.011284735812133127
KRW-ORBS,2026-01-05,none,False,0.019607843137254832,-0.0065359477124183885,0.013071895424836555,0.011571895424836555,0.011571895424836555,0.005035947712418278
KRW-BIO,2026-01-05,none,False,0.05205479452054784,-0.024657534246575352,0.046575342465753566,0.045075342465753565,0.045075342465753565,-0.0015
KRW-RVN,2026-01-05,none,False,0.03571428571428581,-0.008928571428571397,0.03571428571428581,0.03421428571428581,0.03421428571428581,0.016357142857143014
KRW-ALGO,2026-01-05,none,False,0.04060913705583746,-0.015228426395939132,0.025380710659898442,0.02388071065989844,0.02388071065989844,0.013728426395939021
KRW-HOLO,2026-01-05,sl,False,0.016949152542372836,-0.05084745762711862,-0.008474576271186418,-0.051500000000000004,-0.009974576271186418,-0.009974576271186418
KRW-XEC,2026-01-05,tp,False,0.14792899408284033,-0.017751479289940697,0.06508875739644981,0.0985,0.0985,0.0985
KRW-QTUM,2026-01-05,none,False,0.04915590863952324,-0.004468718967229446,0.04021847070506457,0.03871847070506457,0.03871847070506457,0.008927010923535152
KRW-IOST,2026-01-05,none,False,0.02238805970149249,-0.018656716417910557,0.014925373134328401,0.013425373134328402,0.013425373134328402,-0.0015
KRW-ME,2026-01-05,none,False,0.021406727828746197,-0.02752293577981646,0.012232415902140747,0.010732415902140748,0.010732415902140748,0.0015581039755350758
KRW-BEAM,2026-01-05,none,False,0.08126410835214459,-0.0022573363431150906,0.06546275395033851,0.06396275395033851,0.06396275395033851,0.04590406320541757
KRW-SYRUP,2026-01-05,sl,False,0.016605166051660625,-0.0627306273062731,0.0018450184501845879,-0.051500000000000004,0.00034501845018458785,-0.012570110701106972
KRW-KERNEL,2026-01-05,none,False,0.03809523809523818,-0.01904761904761909,0.03809523809523818,0.03659523809523818,0.03659523809523818,-0.0015
KRW-APT,2026-01-05,none,False,0.02673796791443861,-0.01711229946524062,0.014973262032085488,0.013473262032085489,0.013473262032085489,0.003491087344028422
KRW-IOTA,2026-01-05,none,False,0.060810810810810745,-0.020270270270270285,0.04729729729729737,0.04579729729729737,0.04579729729729737,0.005256756756756799
KRW-1INCH,2026-01-05,none,False,0.03056768558951961,-0.013100436681222738,0.026200873362445476,0.024700873362445475,0.024700873362445475,-0.005866812227074246
KRW-MINA,2026-01-05,tp,False,0.1707317073170731,-0.016260162601625994,0.08130081300813008,0.0985,0.0985,0.006630081300812942
KRW-DRIFT,2026-01-05,none,False,0.03100775193798455,-0.03100775193798455,0.03100775193798455,0.02950775193798455,0.02950775193798455,0.006251937984496138
KRW-ZIL,2026-01-05,none,False,0.03614457831325302,-0.01338688085676032,0.028112449799196693,0.02661244979919669,0.02661244979919669,0.010548192771084266
KRW-BERA,2026-01-05,none,False,0.01783840503672618,-0.03882476390346279,0.0,-0.0015,-0.0015,0.0026972717733473885
KRW-SAHARA,2026-01-06,none,False,0.01678657074340517,-0.04076738609112718,0.014388489208633004,0.012888489208633004,0.012888489208633004,-0.0038980815347721674
KRW-TAIKO,2026-01-06,none,False,0.03435114503816794,-0.01526717557251911,0.03053435114503822,0.029034351145038217,0.029034351145038217,0.006133587786259444
KRW-META,2026-01-06,none,False,0.05521472392638027,-0.012269938650306678,0.042944785276073594,0.04144478527607359,0.04144478527607359,0.004634969325153339
KRW-ZIL,2026-01-06,none,False,0.03385416666666674,-0.02213541666666663,0.02083333333333326,0.019333333333333258,0.019333333333333258,0.007614583333333482
KRW-LAYER,2026-01-06,none,False,0.011406844106463865,-0.03041825095057038,0.011406844106463865,0.009906844106463865,0.009906844106463865,-0.005302281368821325
KRW-G,2026-01-06,none,False,0.026124818577648812,-0.013062409288824406,0.0159651669085632,0.0144651669085632,0.0144651669085632,-0.0029513788098693415
KRW-FLUID,2026-01-06,none,False,0.01338688085676032,-0.025881302989736676,0.006024096385542244,0.004524096385542244,0.004524096385542244,-0.007300981704596197
KRW-MTL,2026-01-06,none,False,0.0229681978798586,-0.02473498233215543,0.021201413427561766,0.019701413427561765,0.019701413427561765,0.007333922261484162
KRW-SAND,2026-01-06,none,False,0.03825136612021862,-0.032786885245901676,0.010928961748633892,0.009428961748633892,0.009428961748633892,-0.0015
KRW-TFUEL,2026-01-06,sl,False,0.021352313167259718,-0.05693950177935947,0.007117437722419906,-0.051500000000000004,0.005617437722419906,-0.051500000000000004
KRW-THETA,2026-01-06,none,False,0.027837259100642386,-0.04496788008565311,0.0,-0.0015,-0.0015,0.007065310492505418
KRW-PLUME,2026-01-06,none,False,0.08582089552238803,-0.007462686567164201,0.04850746268656714,0.047007462686567136,0.047007462686567136,0.05073880597014929
KRW-W,2026-01-06,none,False,0.05069930069930062,-0.020979020979021046,0.00874125874125875,0.007241258741258751,0.007241258741258751,0.014234265734265618
KRW-BTC,2026-01-06,none,False,0.005335332245689939,-0.021253141672913256,0.0016535120596146147,0.00015351205961461464,0.00015351205961461464,-0.0042338066052294825
KRW-BCH,2026-01-06,none,False,0.01712145532370246,-0.03156768325307646,-0.008025682182985605,-0.009525682182985605,-0.009525682182985605,0.0001051364365972098
KRW-MOCA,2026-01-06,none,False,0.05105105105105112,-0.024024024024023927,0.04504504504504503,0.04354504504504503,0.04354504504504503,0.0015030030030030463
KRW-TRUMP,2026-01-06,none,False,0.006760909649661917,-0.049170251997541436,-0.020282728948985862,-0.021782728948985863,-0.021782728948985863,0.0028023970497848562
KRW-ATOM,2026-01-06,none,False,0.07811133780238988,-0.008743806470416837,0.07169921305741767,0.07019921305741766,0.07019921305741766,0.006952346254736121
KRW-HBAR,2026-01-06,sl,False,0.02617801047120416,-0.05235602094240843,-0.015706806282722474,-0.051500000000000004,-0.017206806282722475,0.0037356020942407877
KRW-ONG,2026-01-06,none,False,0.06153846153846154,0.0,0.04615384615384621,0.04465384615384621,0.04465384615384621,0.02926923076923066
KRW-KNC,2026-01-06,none,False,0.02216066481994461,-0.03878116343490301,-0.008310249307479256,-0.009810249307479256,-0.009810249307479256,-0.004270083102493048
KRW-ORBS,2026-01-06,none,False,0.03870967741935494,-0.012903225806451535,0.006451612903225712,0.004951612903225712,0.004951612903225712,0.004951612903225712
KRW-ELF,2026-01-06,none,False,0.03703703703703698,-0.014814814814814836,0.022222222222222143,0.020722222222222142,0.020722222222222142,-0.0015
KRW-AXS,2026-01-06,none,False,0.03295932678821889,-0.033660589060308554,0.018232819074333717,0.016732819074333716,0.016732819074333716,0.002006311360448766
KRW-TIA,2026-01-06,none,False,0.04107981220657275,-0.03169014084507038,0.005868544600938996,0.004368544600938997,0.004368544600938997,-0.0015
KRW-NEWT,2026-01-06,none,False,0.03947368421052633,-0.019736842105263164,0.019736842105263053,0.01823684210526305,0.01823684210526305,0.011657894736842036
KRW-SIGN,2026-01-06,none,False,0.0,-0.04529616724738683,-0.012195121951219412,-0.013695121951219412,-0.013695121951219412,-0.015437282229965153
KRW-ZETA,2026-01-06,none,False,0.06956521739130439,-0.02608695652173909,0.017391304347825987,0.015891304347825985,0.015891304347825985,0.007195652173912994
KRW-WET,2026-01-06,sl,False,0.03296703296703307,-0.06593406593406592,-0.01831501831501836,-0.051500000000000004,-0.019815018315018362,-0.01248901098901095
KRW-SAFE,2026-01-06,none,False,0.051724137931034475,-0.02155172413793105,0.0387931034482758,0.0372931034482758,0.0372931034482758,-0.005810344827586187
KRW-IP,2026-01-06,sl,False,0.007982120051085673,-0.07407407407407407,-0.008301404853129024,-0.051500000000000004,-0.009801404853129024,-0.0276813537675607
KRW-MANA,2026-01-06,none,False,0.03846153846153855,-0.024038461538461564,0.028846153846153744,0.027346153846153742,0.027346153846153742,0.0033076923076922906
KRW-USD1,2026-01-06,none,False,0.00966850828729271,-0.0013812154696132284,0.007596685082873034,0.006096685082873034,0.006096685082873034,0.0005718232044198981
KRW-ANKR,2026-01-06,none,False,0.04761904761904767,-0.01904761904761898,0.028571428571428692,0.02707142857142869,0.02707142857142869,0.01754761904761898
KRW-NEO,2026-01-06,none,False,0.036206896551724155,-0.025862068965517238,0.012931034482758674,0.011431034482758675,0.011431034482758675,0.01229310344827589
KRW-ORDER,2026-01-06,none,False,0.06578947368421062,-0.019736842105263164,0.046052631578947345,0.044552631578947344,0.044552631578947344,0.05771052631578938
KRW-ZORA,2026-01-06,sl,False,0.018779342723004522,-0.05320813771517996,-0.020344287949921713,-0.051500000000000004,-0.021844287949921715,-0.015584507042253502
KRW-MVL,2026-01-06,none,False,0.03149606299212593,-0.011811023622047334,0.027559055118110187,0.026059055118110186,0.026059055118110186,-0.005437007874015852
KRW-POLYX,2026-01-06,tp,False,0.13698630136986312,-0.022831050228310557,0.08904109589041109,0.0985,0.0985,-0.012915525114155222
KRW-T,2026-01-06,tp,False,0.10370370370370363,-0.022222222222222254,0.022222222222222365,0.0985,0.0985,0.013314814814814837
KRW-ADA,2026-01-06,none,False,0.036006546644844484,-0.04255319148936165,-0.0016366612111292644,-0.0031366612111292645,-0.0031366612111292645,0.006683306055646434
KRW-ARK,2026-01-06,none,False,0.02933985330073341,-0.019559902200488977,0.02444987775061125,0.022949877750611247,0.022949877750611247,0.0009449877750611914
KRW-RAY,2026-01-06,none,False,0.07755102040816331,-0.010495626822157433,0.050728862973761,0.049228862973761,0.049228862973761,0.018908163265306144
KRW-VTHO,2026-01-06,none,False,0.03200000000000003,-0.03200000000000003,0.008000000000000007,0.0065000000000000075,0.0065000000000000075,0.0065000000000000075
KRW-AERGO,2026-01-06,none,False,0.01991614255765195,-0.033542976939203384,0.012578616352201033,0.011078616352201033,0.011078616352201033,-0.026657232704402622
KRW-SOMI,2026-01-06,tp,False,0.13367609254498714,-0.015424164524421635,0.046272493573264795,0.0985,0.0985,0.052484575835475555
KRW-GRT,2026-01-06,none,False,0.05804311774461035,-0.021558872305140864,0.026533996683250516,0.025033996683250515,0.025033996683250515,0.0018167495854062867
KRW-DOOD,2026-01-06,none,False,0.0641304347826086,-0.02391304347826073,0.008695652173912993,0.007195652173912994,0.007195652173912994,0.03763043478260891
KRW-INJ,2026-01-06,none,False,0.09475032010243267,-0.016645326504481472,0.040332906530089696,0.038832906530089695,0.038832906530089695,0.001701024327784907
KRW-ZKP,2026-01-06,sl,False,0.005319148936170137,-0.06914893617021278,-0.0478723404255319,-0.051500000000000004,-0.0493723404255319,-0.051500000000000004
KRW-KERNEL,2026-01-06,none,False,0.08333333333333326,-0.0092592592592593,0.06481481481481488,0.06331481481481488,0.06331481481481488,0.007759259259259301
KRW-BERA,2026-01-06,sl,False,0.0041972717733473885,-0.057712486883525704,-0.019937040923399763,-0.051500000000000004,-0.021437040923399764,-0.01619045120671564
KRW-SUPER,2026-01-06,none,False,0.020588235294117574,-0.038235294117647034,0.00588235294117645,0.00438235294117645,0.00438235294117645,-0.0015
KRW-KITE,2026-01-06,none,False,0.08029197080291972,-0.021897810218978075,0.0,-0.0015,-0.0015,0.005799270072992803
KRW-WAL,2026-01-06,none,False,0.01869158878504673,-0.04672897196261683,-0.009345794392523366,-0.010845794392523365,-0.010845794392523365,-0.010845794392523365
KRW-JST,2026-01-06,none,False,0.011647254575707144,-0.021630615640599093,0.011647254575707144,0.010147254575707145,0.010147254575707145,0.0001638935108153063
KRW-WAXP,2026-01-06,none,False,0.04166666666666674,0.0,0.03333333333333344,0.031833333333333436,0.031833333333333436,0.006833333333333304
KRW-F,2026-01-06,none,False,0.018867924528301883,-0.037735849056603765,0.0,-0.0015,-0.0015,0.00793396226415083
KRW-XLM,2026-01-06,sl,False,0.01089918256130784,-0.07084468664850141,-0.032697547683923744,-0.051500000000000004,-0.034197547683923746,-0.009674386920980936
KRW-MASK,2026-01-06,none,False,0.03756345177664966,-0.019289340101522834,0.024365482233502433,0.022865482233502432,0.022865482233502432,0.004591370558375609
KRW-OP,2026-01-06,none,False,0.037815126050420256,-0.03361344537815125,0.012605042016806678,0.011105042016806678,0.011105042016806678,0.0027016806722688926
KRW-RVN,2026-01-06,none,False,0.026086956521739202,-0.04347826086956519,0.0,-0.0015,-0.0015,0.007195652173912994
KRW-EGLD,2026-01-06,none,False,0.045958795562599075,-0.024300052826201846,0.02535657686212356,0.023856576862123557,0.023856576862123557,0.025441362916006238
KRW-BONK,2026-01-06,tp,True,0.1142857142857141,-0.06285714285714283,-0.011428571428571566,0.0985,0.0985,0.0985
KRW-IMX,2026-01-06,none,False,0.04285714285714293,-0.030952380952380953,0.016666666666666607,0.015166666666666608,0.015166666666666608,0.003261904761904745
KRW-IN,2026-01-06,none,False,0.04761904761904767,-0.00952380952380949,0.01904761904761898,0.01754761904761898,0.01754761904761898,0.00802380952380949
KRW-WAVES,2026-01-06,none,False,0.011571841851494735,-0.016393442622950838,0.004821600771456103,0.0033216007714561026,0.0033216007714561026,0.00042864030858252985
KRW-XAUT,2026-01-06,none,False,0.02026184538653375,-0.004364089775561131,0.017144638403989942,0.01564463840398994,0.01564463840398994,0.005201995012468931
KRW-FF,2026-01-06,sl,False,0.028169014084507005,-0.05633802816901412,0.007042253521126751,-0.051500000000000004,0.005542253521126752,-0.0015
KRW-BEAM,2026-01-06,none,False,0.014830508474576343,-0.044491525423728806,-0.0021186440677966045,-0.0036186440677966046,-0.0036186440677966046,0.002737288135593209
KRW-ENS,2026-01-06,none,False,0.05220125786163532,-0.020125786163522008,0.02767295597484276,0.02617295597484276,0.02617295597484276,0.003531446540880502
KRW-0G,2026-01-06,sl,False,0.006930006930006893,-0.05613305613305608,-0.013167013167013186,-0.051500000000000004,-0.014667013167013186,-0.02090401940401937
KRW-2Z,2026-01-06,sl,False,0.0,-0.053475935828877,-0.0267379679144385,-0.051500000000000004,-0.0282379679144385,-0.012195187165775443
KRW-SEI,2026-01-06,none,False,0.042328042328042326,-0.02645502645502651,0.005291005291005346,0.003791005291005346,0.003791005291005346,0.014373015873015817
KRW-SHIB,2026-01-06,none,False,0.04477611940298498,-0.04477611940298509,-0.007462686567164312,-0.008962686567164311,-0.008962686567164311,0.02835074626865658
KRW-LINEA,2026-01-06,none,False,0.028037383177570208,-0.04672897196261683,0.009345794392523477,0.007845794392523477,0.007845794392523477,-0.0015
KRW-COMP,2026-01-06,none,False,0.029682702149437024,-0.017400204708290734,0.026867963152507723,0.025367963152507722,0.025367963152507722,-0.0032911975435005445
KRW-ETC,2026-01-06,none,False,0.017644006227296227,-0.03269330565646078,0.007265179034769087,0.005765179034769087,0.005765179034769087,5.68240788790266e-05
KRW-POKT,2026-01-06,none,False,0.0,-0.047368421052631504,-0.021052631578947323,-0.022552631578947324,-0.022552631578947324,-0.022552631578947324
KRW-DOGE,2026-01-06,sl,False,0.02714932126696823,-0.05429864253393668,-0.009049773755656076,-0.051500000000000004,-0.010549773755656076,0.003024886877828038
KRW-AGLD,2026-01-06,none,False,0.020979020979021046,-0.03962703962703962,0.006993006993007089,0.00549300699300709,0.00549300699300709,0.00549300699300709
KRW-ENSO,2026-01-06,none,False,0.023391812865497075,-0.025341130604288553,0.006822612085769952,0.005322612085769953,0.005322612085769953,-0.012221247563352798
KRW-SUI,2026-01-06,none,False,0.06504360465116288,-0.04033430232558144,0.005813953488372103,0.004313953488372104,0.004313953488372104,0.019212209302325534
KRW-MED,2026-01-06,none,False,0.06182795698924726,-0.008064516129032362,0.043010752688172005,0.041510752688172003,0.041510752688172003,0.011940860215053752
KRW-MOC,2026-01-06,none,False,0.03660886319845846,-0.0077071290944122905,0.015414258188824803,0.013914258188824804,0.013914258188824804,0.006207129094412402
KRW-BLUR,2026-01-06,none,False,0.02748414376321362,-0.033826638477801096,0.014799154334038223,0.013299154334038223,0.013299154334038223,0.006956659619450413
KRW-DOT,2026-01-06,none,False,0.021847690387016172,-0.0365168539325843,0.011860174781523014,0.010360174781523014,0.010360174781523014,0.0013089887640450062
KRW-PYTH,2026-01-06,none,False,0.0490196078431373,-0.028431372549019618,0.009803921568627416,0.008303921568627417,0.008303921568627417,0.008303921568627417
KRW-BIO,2026-01-06,tp,False,0.15900131406044693,-0.04467805519053869,0.0,0.0985,0.0985,0.0985
KRW-AXL,2026-01-06,none,False,0.05217391304347818,-0.02608695652173909,0.034782608695652195,0.033282608695652194,0.033282608695652194,0.007195652173912994
KRW-HYPER,2026-01-06,none,False,0.015789473684210575,-0.0368421052631579,0.0052631578947368585,0.0037631578947368584,0.0037631578947368584,-0.006763157894736858
KRW-GMT,2026-01-06,none,False,0.016597510373443924,-0.03319502074688796,0.008298755186721962,0.006798755186721963,0.006798755186721963,0.002649377593360981
KRW-AVNT,2026-01-06,none,False,0.03592814371257491,-0.019960079840319334,0.019960079840319445,0.018460079840319443,0.018460079840319443,0.008480039920159723
KRW-LINK,2026-01-06,none,False,0.02231036192364888,-0.026772434308378834,0.012394645513138292,0.010894645513138292,0.010894645513138292,-0.010424144769459574
KRW-MBL,2026-01-06,none,False,0.03888888888888897,-0.01666666666666672,0.03333333333333344,0.031833333333333436,0.031833333333333436,-0.0015
KRW-IOTA,2026-01-06,tp,False,0.11038961038961048,0.0,0.05844155844155852,0.0985,0.0985,0.0699285714285714
KRW-BOUNTY,2026-01-06,none,False,0.035598705501618255,-0.016181229773462813,0.02265372168284796,0.02115372168284796,0.02115372168284796,-0.0015
KRW-1INCH,2026-01-06,none,False,0.029787234042553123,-0.029787234042553234,0.012765957446808418,0.011265957446808418,0.011265957446808418,0.011265957446808418
KRW-YGG,2026-01-06,none,False,0.037735849056603765,-0.037735849056603765,0.009433962264151052,0.007933962264151053,0.007933962264151053,0.007933962264151053
KRW-UNI,2026-01-06,none,False,0.02408963585434165,-0.0448179271708683,-0.012324929971988752,-0.013824929971988751,-0.013824929971988751,-0.0026204481792717047
KRW-LA,2026-01-06,none,False,0.026584867075664542,-0.03271983640081799,0.01635991820040905,0.014859918200409052,0.014859918200409052,0.004634969325153339
KRW-OPEN,2026-01-06,none,False,0.02316602316602312,-0.030888030888030937,0.015444015444015413,0.013944015444015414,0.013944015444015414,-0.005361003861003853
KRW-ONT,2026-01-06,tp,False,0.15588547189819724,-0.01166489925768821,0.04984093319194072,0.0985,0.0985,0.04091781548250256
KRW-SOPH,2026-01-06,none,False,0.025773195876288568,-0.02577319587628868,0.015463917525773141,0.013963917525773141,0.013963917525773141,-0.0015
KRW-MIRA,2026-01-06,none,False,0.0,-0.040909090909090895,-0.004545454545454519,-0.006045454545454519,-0.006045454545454519,-0.015136363636363668
KRW-TOSHI,2026-01-06,tp,False,0.17870722433460062,-0.0019011406844106071,0.03041825095057038,0.0985,0.0985,0.0985
KRW-MINA,2026-01-06,sl,False,0.007518796992481258,-0.06766917293233088,-0.022556390977443663,-0.051500000000000004,-0.024056390977443665,-0.009018796992481258
KRW-NXPC,2026-01-06,none,False,0.02758620689655178,-0.024137931034482807,0.012068965517241459,0.01056896551724146,0.01056896551724146,0.00022413793103443066
KRW-CPOOL,2026-01-06,none,False,0.02946954813359537,-0.03929273084479368,-0.005893909626718985,-0.007393909626718985,-0.007393909626718985,-0.02114636542239684
KRW-CBK,2026-01-06,none,False,0.015904572564612307,-0.00994035785288272,0.013916500994035852,0.012416500994035852,0.012416500994035852,0.0004880715705764551
KRW-FLOCK,2026-01-06,none,False,0.03649635036496357,-0.021897810218978075,0.007299270072992803,0.005799270072992803,0.005799270072992803,0.020397810218978185
KRW-ALGO,2026-01-06,none,False,0.044554455445544594,-0.01980198019801982,0.024752475247524774,0.023252475247524773,0.023252475247524773,0.013351485148514865
KRW-PUMP,2026-01-06,sl,False,0.08241758241758235,-0.06868131868131866,0.06043956043956045,-0.051500000000000004,0.058939560439560446,-0.023478021978022012
KRW-VANA,2026-01-06,none,False,0.01117006422786937,-0.036302708740575285,0.0036302708740574285,0.0021302708740574285,0.0021302708740574285,0.0018510192683607886
KRW-ONDO,2026-01-06,none,False,0.03177004538577921,-0.04236006051437213,0.0075642965204236745,0.006064296520423675,0.006064296520423675,0.0030385779122542047
KRW-ALT,2026-01-06,none,False,0.030612244897959107,-0.03571428571428581,0.010204081632652962,0.008704081632652962,0.008704081632652962,0.0036020408163264807
KRW-XEC,2026-01-06,none,False,0.011049723756906049,-0.038674033149171394,0.0,-0.0015,-0.0015,-0.018074585635359186
KRW-SNT,2026-01-06,none,False,0.01777777777777767,-0.022222222222222254,0.0,-0.0015,-0.0015,-0.010388888888888835
KRW-TT,2026-01-07,tp,False,0.4804469273743015,0.0,0.15083798882681565,0.0985,0.0985,0.06553910614525132
KRW-WCT,2026-01-07,none,False,0.008130081300812941,-0.04878048780487809,-0.024390243902439046,-0.025890243902439047,-0.025890243902439047,-0.017760162601625995
KRW-IMX,2026-01-07,sl,False,0.0,-0.060889929742388715,-0.05386416861826693,-0.051500000000000004,-0.05536416861826693,-0.024919203747072627
KRW-RAY,2026-01-07,sl,False,0.0,-0.05614230127848807,-0.022790439132851614,-0.051500000000000004,-0.024290439132851616,-0.023734574763757676
KRW-XAUT,2026-01-07,none,False,0.0027581979773214638,-0.011492491572172803,-0.006589028501379102,-0.008089028501379101,-0.008089028501379101,-0.007016395954642927
KRW-STEEM,2026-01-07,none,False,0.04629629629629628,-0.01851851851851849,0.0,-0.0015,-0.0015,-0.0015
KRW-SONIC,2026-01-07,tp,False,0.1519999999999999,-0.04800000000000004,-0.03200000000000003,0.0985,0.0985,-0.009500000000000007
KRW-TRUST,2026-01-07,sl,False,0.02840909090909083,-0.051136363636363646,-0.03409090909090906,-0.051500000000000004,-0.03559090909090906,-0.02422727272727271
KRW-ATOM,2026-01-07,sl,False,0.0008158825129180869,-0.050312754963285244,-0.036986673918955715,-0.051500000000000004,-0.038486673918955716,-0.03794275224367688
KRW-TAIKO,2026-01-07,none,False,0.0,-0.040740740740740744,-0.033333333333333326,-0.03483333333333333,-0.03483333333333333,-0.012611111111111071
KRW-MMT,2026-01-07,none,False,0.021680216802167918,-0.03794037940379402,-0.02981029810298108,-0.03131029810298108,-0.03131029810298108,-0.020470189701897012
KRW-IN,2026-01-07,none,False,0.08411214953271018,-0.01869158878504673,0.028037383177569986,0.026537383177569984,0.026537383177569984,-0.0015
KRW-BTC,2026-01-07,none,False,0.0,-0.02787254491962521,-0.024651684898642,-0.026151684898642003,-0.026151684898642003,-0.012996782808384509
KRW-STX,2026-01-07,sl,False,0.005545286506469571,-0.07024029574861368,-0.060998151571164505,-0.051500000000000004,-0.062498151571164506,-0.03662014787430684
KRW-RVN,2026-01-07,none,False,0.01754385964912264,-0.03508771929824561,-0.01754385964912286,-0.019043859649122863,-0.019043859649122863,-0.0015
KRW-APT,2026-01-07,none,False,0.0010530010530009903,-0.04527904527904525,-0.03650403650403655,-0.038004036504036554,-0.038004036504036554,-0.0222090207090207
KRW-BCH,2026-01-07,none,False,0.0005393743257819938,-0.01833872707659112,-0.012944983818770184,-0.014444983818770183,-0.014444983818770183,-0.007972491909385147
KRW-DKA,2026-01-07,sl,False,0.03005181347150243,-0.06735751295336789,-0.04559585492227969,-0.051500000000000004,-0.04709585492227969,-0.051500000000000004
KRW-DEEP,2026-01-07,sl,False,0.016393442622950838,-0.07153502235469444,-0.06557377049180313,-0.051500000000000004,-0.06707377049180313,-0.029815946348733136
KRW-HUNT,2026-01-07,tp,False,0.1741071428571428,-0.022321428571428603,0.008928571428571397,0.0985,0.0985,0.04760714285714279
KRW-ICX,2026-01-07,none,False,0.035673187571921616,-0.025316455696202556,-0.0069044879171462625,-0.008404487917146262,-0.008404487917146262,0.013459723820483273
KRW-ELF,2026-01-07,tp,False,0.13138686131386867,-0.029197080291970767,-0.014598540145985384,0.0985,0.0985,0.020397810218978185
KRW-ARB,2026-01-07,sl,False,0.0,-0.052631578947368474,-0.04024767801857587,-0.051500000000000004,-0.04174767801857587,-0.020075851393188848
KRW-PENDLE,2026-01-07,sl,False,0.0002953337271116574,-0.0785587714116952,-0.06438275251033665,-0.051500000000000004,-0.06588275251033665,-0.029852037802717113
KRW-SEI,2026-01-07,sl,False,0.005235602094240788,-0.05759162303664922,-0.05235602094240843,-0.051500000000000004,-0.053856020942408434,-0.027678010471204162
KRW-CRO,2026-01-07,sl,False,0.012658227848101333,-0.05696202531645567,-0.05063291139240511,-0.051500000000000004,-0.05213291139240511,-0.02048734177215189
KRW-SAND,2026-01-07,sl,False,0.005434782608695565,-0.05434782608695654,-0.04347826086956519,-0.051500000000000004,-0.04497826086956519,-0.01780434782608692
KRW-POKT,2026-01-07,none,False,0.02673796791443861,-0.03208556149732611,0.010695187165775444,0.009195187165775444,0.009195187165775444,-0.017542780748663167
KRW-TREE,2026-01-07,tp,False,0.15476190476190466,-0.04166666666666663,-0.029761904761904767,0.0985,0.0985,-0.007452380952380931
KRW-PLUME,2026-01-07,sl,False,0.0,-0.07801418439716312,-0.06382978723404253,-0.051500000000000004,-0.06532978723404254,-0.03341489361702127
KRW-VET,2026-01-07,sl,False,0.0,-0.06417112299465233,-0.053475935828877,-0.051500000000000004,-0.054975935828877,-0.0282379679144385
KRW-SOPH,2026-01-07,none,False,0.07653061224489788,-0.020408163265306256,0.0,-0.0015,-0.0015,-0.0015
KRW-API3,2026-01-07,sl,False,0.0014164305949009304,-0.056657223796033995,-0.04107648725212465,-0.051500000000000004,-0.04257648725212465,-0.018497167138810167
KRW-MOODENG,2026-01-07,sl,False,0.054263565891472965,-0.054263565891472854,-0.03875968992248058,-0.051500000000000004,-0.04025968992248058,-0.024755813953488415
KRW-DRIFT,2026-01-07,sl,False,0.0,-0.09022556390977443,-0.08270676691729328,-0.051500000000000004,-0.08420676691729329,-0.03157518796992481
KRW-UNI,2026-01-07,sl,False,0.0028328611898016387,-0.06685552407932016,-0.05495750708215297,-0.051500000000000004,-0.05645750708215297,-0.013398016997167193
KRW-LSK,2026-01-07,none,False,0.02931596091205213,-0.02931596091205213,-0.013029315960912058,-0.014529315960912058,-0.014529315960912058,0.011529315960912058
KRW-BEAM,2026-01-07,sl,False,0.00424628450106157,-0.06157112526539277,-0.05307855626326963,-0.051500000000000004,-0.05457855626326963,-0.02273142250530774
KRW-WET,2026-01-07,sl,False,0.01872659176029967,-0.05992509363295884,-0.022471910112359605,-0.051500000000000004,-0.023971910112359607,-0.023971910112359607
KRW-TFUEL,2026-01-07,none,False,0.046099290780141855,-0.010638297872340496,0.021276595744680993,0.01977659574468099,0.01977659574468099,0.02332269503546086
KRW-MED,2026-01-07,tp,False,0.30670103092783507,-0.010309278350515427,0.028350515463917647,0.0985,0.0985,0.0985
KRW-ETC,2026-01-07,none,False,0.0005151983513653757,-0.04430705821741365,-0.03503348789283878,-0.03653348789283878,-0.03653348789283878,-0.022107934054611034
KRW-A,2026-01-07,none,False,0.0074349442379182396,-0.040892193308550207,-0.029739776951672847,-0.03123977695167285,-0.03123977695167285,-0.02008736059479549
KRW-SOL,2026-01-07,none,False,0.0024402147388971063,-0.04148365056124936,-0.031234748657881894,-0.032734748657881896,-0.032734748657881896,-0.01321303074670571
KRW-VTHO,2026-01-07,sl,False,0.007936507936507908,-0.05555555555555558,-0.04761904761904767,-0.051500000000000004,-0.04911904761904767,-0.01737301587301593
KRW-DOGE,2026-01-07,none,False,0.022831050228310446,-0.0365296803652968,-0.0273972602739726,-0.028897260273972603,-0.028897260273972603,-0.015198630136986356
KRW-COW,2026-01-07,none,False,0.01724137931034475,-0.03448275862068961,-0.02298850574712641,-0.02448850574712641,-0.02448850574712641,-0.010120689655172375
KRW-KAVA,2026-01-07,none,False,0.007692307692307665,-0.038461538461538436,-0.01538461538461533,-0.01688461538461533,-0.01688461538461533,-0.009192307692307665
KRW-VANA,2026-01-07,none,False,0.0033351862145636346,-0.03057254030016676,-0.020566981656475858,-0.02206698165647586,-0.02206698165647586,-0.009282101167315147
KRW-BARD,2026-01-07,none,False,0.00164473684210531,-0.03947368421052633,-0.03618421052631582,-0.03768421052631582,-0.03768421052631582,-0.012190789473684181
KRW-CBK,2026-01-07,tp,False,0.10629921259842523,0.0,0.051181102362204633,0.0985,0.0985,0.06149212598425208
KRW-MANTRA,2026-01-07,none,False,0.0,-0.04132231404958675,-0.03305785123966942,-0.034557851239669424,-0.034557851239669424,-0.034557851239669424
KRW-VIRTUAL,2026-01-07,sl,False,0.015653220951234115,-0.08729680915111382,-0.08127633955448521,-0.051500000000000004,-0.08277633955448521,-0.011734798314268545
KRW-ATH,2026-01-07,sl,False,0.00588235294117645,-0.10588235294117654,-0.08235294117647063,-0.051500000000000004,-0.08385294117647063,-0.051500000000000004
KRW-SHIB,2026-01-07,none,False,0.015037593984962516,-0.045112781954887216,-0.03759398496240596,-0.03909398496240596,-0.03909398496240596,-0.016537593984962295
KRW-OPEN,2026-01-07,none,False,0.019011406844106515,-0.041825095057034245,-0.034220532319391594,-0.035720532319391596,-0.035720532319391596,-0.020511406844106517
KRW-AVNT,2026-01-07,sl,False,0.001956947162426559,-0.08414872798434447,-0.07436399217221135,-0.051500000000000004,-0.07586399217221135,-0.030854207436399272
KRW-LPT,2026-01-07,sl,False,0.0,-0.06712218649517687,-0.054863344051446994,-0.051500000000000004,-0.056363344051446995,-0.017778135048231503
KRW-MVL,2026-01-07,tp,False,0.13793103448275867,-0.019157088122605304,0.03065134099616862,0.0985,0.0985,0.025319923371647513
KRW-BLUR,2026-01-07,none,False,0.004166666666666652,-0.04791666666666661,-0.03541666666666676,-0.036916666666666764,-0.036916666666666764,-0.01191666666666663
KRW-ZK,2026-01-07,sl,False,0.0,-0.0864661654135338,-0.0770676691729324,-0.051500000000000004,-0.0785676691729324,-0.051500000000000004
KRW-HBAR,2026-01-07,sl,False,0.005319148936170137,-0.05319148936170215,-0.04255319148936165,-0.051500000000000004,-0.044053191489361654,-0.022776595744680883
KRW-ANIME,2026-01-07,tp,False,0.13888888888888884,-0.02777777777777779,0.03703703703703698,0.0985,0.0985,-0.010759259259259411
KRW-AKT,2026-01-07,sl,False,0.0,-0.07669172932330826,-0.06766917293233088,-0.051500000000000004,-0.06916917293233088,-0.030071428571428582
KRW-NEO,2026-01-07,none,False,0.0135938827527613,-0.027187765505522488,-0.017841971112999122,-0.019341971112999123,-0.019341971112999123,-0.00829694137638065
KRW-LINK,2026-01-07,none,False,0.0004901960784313708,-0.0490196078431373,-0.039705882352941146,-0.04120588235294115,-0.04120588235294115,-0.01767647058823535
KRW-PYTH,2026-01-07,none,False,0.01941747572815533,-0.04951456310679603,-0.03883495145631066,-0.040334951456310664,-0.040334951456310664,-0.020917475728155333
KRW-GLM,2026-01-07,none,False,0.08465608465608465,-0.010582010582010581,0.06349206349206349,0.06199206349206349,0.06199206349206349,0.01966402116402116
KRW-TOSHI,2026-01-07,sl,False,0.022058823529411686,-0.06801470588235303,-0.0625,-0.051500000000000004,-0.064,-0.018044117647058877
KRW-KNC,2026-01-07,none,False,0.06424581005586583,-0.013966480446927387,0.0,-0.0015,-0.0015,0.04039944134078205
KRW-INJ,2026-01-07,sl,False,0.0012292562999385304,-0.06576521204671171,-0.059618930547019056,-0.051500000000000004,-0.06111893054701906,-0.024241241548862924
KRW-BIO,2026-01-07,sl,False,0.0026315789473685403,-0.125,-0.10921052631578942,-0.051500000000000004,-0.11071052631578943,-0.03176315789473677
KRW-WLD,2026-01-07,sl,False,0.00108108108108107,-0.0713513513513514,-0.0637837837837838,-0.051500000000000004,-0.0652837837837838,-0.026364864864864834
KRW-LAYER,2026-01-07,sl,False,0.007547169811320753,-0.06792452830188678,-0.05660377358490565,-0.051500000000000004,-0.05810377358490565,-0.01282075471698113
KRW-ZRX,2026-01-07,sl,False,0.004587155963302836,-0.05504587155963303,-0.03669724770642202,-0.051500000000000004,-0.03819724770642202,-0.024435779816513736
KRW-WAVES,2026-01-07,none,False,0.04702495201535517,-0.01055662188099804,0.0028790786948176272,0.0013790786948176272,0.0013790786948176272,0.0013790786948176272
KRW-TRX,2026-01-07,none,False,0.021077283372365363,-0.0023419203747072626,0.016393442622950838,0.014893442622950838,0.014893442622950838,-0.0015
KRW-PUMP,2026-01-07,sl,False,0.0078125,-0.15364583333333326,-0.10677083333333326,-0.051500000000000004,-0.10827083333333326,-0.03535416666666663
KRW-IQ,2026-01-07,tp,False,0.12851405622489942,-0.028112449799196915,-0.004016064257028162,0.0985,0.0985,0.02259638554216853
KRW-DOOD,2026-01-07,sl,False,0.003232758620689724,-0.08943965517241381,-0.07543103448275856,-0.051500000000000004,-0.07693103448275856,-0.0402931034482758
KRW-MNT,2026-01-07,sl,False,0.0030788177339902134,-0.08620689655172409,-0.07327586206896552,-0.051500000000000004,-0.07477586206896553,-0.01812561576354682
KRW-MOCA,2026-01-07,none,False,0.020172910662824117,-0.03746397694524506,-0.028818443804034533,-0.030318443804034534,-0.030318443804034534,-0.004381844380403508
KRW-WLFI,2026-01-07,sl,False,0.011811023622047223,-0.051181102362204745,-0.03149606299212604,-0.051500000000000004,-0.03299606299212604,-0.009374015748031482
KRW-1INCH,2026-01-07,sl,False,0.0,-0.05063291139240511,-0.04641350210970463,-0.051500000000000004,-0.04791350210970463,-0.018377637130801705
KRW-QKC,2026-01-07,tp,False,0.18808777429467094,-0.006269592476489061,0.025078369905956244,0.0985,0.0985,0.03298275862068972
KRW-ADA,2026-01-07,none,False,0.006557377049180246,-0.04754098360655734,-0.03934426229508192,-0.04084426229508192,-0.04084426229508192,-0.021172131147540962
KRW-SC,2026-01-07,none,False,0.092741935483871,-0.012096774193548265,0.0040322580645162365,0.0025322580645162364,0.0025322580645162364,0.018661290322580515
KRW-WAXP,2026-01-07,tp,False,0.10483870967741926,-0.016129032258064613,0.048387096774193505,0.0985,0.0985,0.030758064516129002
KRW-NEAR,2026-01-07,sl,False,0.00038037276530999975,-0.05439330543933052,-0.046025104602510414,-0.051500000000000004,-0.047525104602510415,-0.02356162038798021
KRW-FCT2,2026-01-07,tp,False,0.25,0.0,0.07499999999999996,0.0985,0.0985,0.0985
KRW-FLOCK,2026-01-07,none,False,0.04347826086956519,-0.02898550724637683,0.021739130434782705,0.020239130434782704,0.020239130434782704,0.0057463768115942355
KRW-GRT,2026-01-07,sl,False,0.0,-0.056542810985460434,-0.043618739903069415,-0.051500000000000004,-0.045118739903069416,-0.025732633279482997
KRW-BONK,2026-01-07,sl,False,0.028735632183908066,-0.06896551724137934,-0.06321839080459768,-0.051500000000000004,-0.06471839080459768,-0.018741379310344752
KRW-F,2026-01-07,none,False,0.00943396226415083,-0.047169811320754707,-0.028301886792452713,-0.029801886792452714,-0.029801886792452714,-0.020367924528301773
KRW-XEC,2026-01-07,none,False,0.0,-0.04972375690607744,-0.038674033149171394,-0.040174033149171395,-0.040174033149171395,-0.03464917127071826
KRW-EGLD,2026-01-07,sl,False,0.0,-0.07006697578567744,-0.06388459556929416,-0.051500000000000004,-0.06538459556929416,-0.021077537351880504
KRW-AHT,2026-01-07,tp,False,0.2086330935251799,0.0,0.043165467625899234,0.0985,0.0985,0.0985
KRW-SAFE,2026-01-07,sl,False,0.004149377593360981,-0.05809128630705396,-0.049792531120331995,-0.051500000000000004,-0.051292531120332,-0.026396265560166
KRW-SNT,2026-01-07,none,False,0.0888888888888888,-0.01777777777777767,-0.008888888888888835,-0.010388888888888835,-0.010388888888888835,0.029611111111111088
KRW-AUCTION,2026-01-07,none,False,0.09405940594059414,-0.016707920792079167,0.014851485148514865,0.013351485148514865,0.013351485148514865,0.0752326732673268
KRW-BOUNTY,2026-01-07,tp,False,1.1360759493670884,-0.0031645569620253333,0.5759493670886073,0.0985,0.0985,0.0985
KRW-ATOM,2026-01-08,none,False,0.03558316859644162,-0.01694436599830551,0.01779158429822081,0.016291584298220807,0.016291584298220807,-0.011384213499011584
KRW-SUI,2026-01-08,none,False,0.02187028657616885,-0.041855203619909465,0.002262443438914019,0.0007624434389140191,0.0007624434389140191,-0.014320512820512775
KRW-ZRO,2026-01-08,none,False,0.04483430799220267,-0.033138401559454245,0.02777777777777768,0.026277777777777678,0.026277777777777678,-0.013195906432748537
KRW-AAVE,2026-01-08,none,False,0.010638297872340496,-0.03436988543371522,-0.01554828150572829,-0.01704828150572829,-0.01704828150572829,-0.008046644844517168
KRW-VIRTUAL,2026-01-08,none,False,0.08010505581089955,-0.045305318450426735,0.019041365725541715,0.017541365725541713,0.017541365725541713,-0.02842055154300721
KRW-WAL,2026-01-08,none,False,0.04020100502512558,-0.03015075376884424,0.035175879396984966,0.033675879396984965,0.033675879396984965,-0.016575376884422066
KRW-TRX,2026-01-08,none,False,0.0022988505747125743,-0.01379310344827589,-0.00919540229885063,-0.01069540229885063,-0.01069540229885063,-0.0015
KRW-DEEP,2026-01-08,tp,False,0.21279999999999988,-0.009600000000000053,0.18079999999999985,0.0985,0.0985,-0.006299999999999915
KRW-CRO,2026-01-08,none,False,0.01333333333333342,-0.040000000000000036,-0.013333333333333308,-0.014833333333333308,-0.014833333333333308,-0.0015
KRW-CKB,2026-01-08,none,False,0.037974683544303556,-0.027848101265822822,0.015189873417721378,0.013689873417721378,0.013689873417721378,0.0010316455696202666
KRW-ENS,2026-01-08,none,False,0.00703774792066536,-0.04862444017914269,-0.01855406269993598,-0.02005406269993598,-0.02005406269993598,-0.016215291106845775
KRW-HP,2026-01-08,none,False,0.061224489795918435,-0.023323615160349753,0.061224489795918435,0.059724489795918434,0.059724489795918434,0.010161807580175099
KRW-YGG,2026-01-08,none,False,0.019607843137254832,-0.04313725490196085,-0.009803921568627416,-0.011303921568627416,-0.011303921568627416,-0.0015
KRW-PENDLE,2026-01-08,none,False,0.012302839116719255,-0.04637223974763405,-0.02712933753943214,-0.028629337539432143,-0.028629337539432143,-0.009701892744479466
KRW-MOODENG,2026-01-08,sl,False,0.03252032520325199,-0.06504065040650409,-0.03252032520325199,-0.051500000000000004,-0.03402032520325199,-0.017760162601625995
KRW-WLD,2026-01-08,none,False,0.009237875288683695,-0.04387990762124716,-0.012702078521939941,-0.01420207852193994,-0.01420207852193994,-0.011892609699769073
KRW-VANA,2026-01-08,none,False,0.017608633910820792,-0.028969042885543916,0.0011360408974723235,-0.0003639591025276765,-0.0003639591025276765,0.002760153365521102
KRW-LSK,2026-01-08,none,False,0.07236842105263164,-0.019736842105263164,0.009868421052631637,0.008368421052631638,0.008368421052631638,0.008368421052631638
KRW-KAITO,2026-01-08,sl,False,0.026190476190476097,-0.05476190476190479,-0.010714285714285676,-0.051500000000000004,-0.012214285714285676,-0.020547619047619092
KRW-FLOCK,2026-01-08,none,False,0.007092198581560183,-0.049645390070921946,-0.028368794326241176,-0.029868794326241177,-0.029868794326241177,-0.022776595744680883
KRW-BTC,2026-01-08,none,False,0.0061005423540119175,-0.01626309811266824,0.0017677280557248931,0.0002677280557248931,0.0002677280557248931,-0.006141226427158362
KRW-POKT,2026-01-08,none,False,0.010582010582010692,-0.03174603174603163,-0.010582010582010581,-0.012082010582010581,-0.012082010582010581,-0.017373015873015707
KRW-IOTA,2026-01-08,sl,True,0.27564102564102555,-0.05769230769230771,0.0,-0.051500000000000004,0.0985,-0.027141025641025662
KRW-SOL,2026-01-08,none,False,0.0317380352644836,-0.021662468513853894,0.019143576826196496,0.017643576826196494,0.017643576826196494,0.002530226700251882
KRW-DOGE,2026-01-08,sl,False,0.009345794392523255,-0.05607476635514019,-0.032710280373831724,-0.051500000000000004,-0.034210280373831725,-0.015518691588784992
KRW-MOVE,2026-01-08,none,False,0.02205882352941191,-0.03124999999999989,0.0018382352941177516,0.0003382352941177515,0.0003382352941177515,-0.0033382352941176406
KRW-BLAST,2026-01-08,tp,False,0.1491228070175441,-0.00877192982456143,0.03508771929824572,0.0985,0.0985,0.0985
KRW-AKT,2026-01-08,sl,False,0.011272141706924366,-0.0531400966183575,-0.01449275362318836,-0.051500000000000004,-0.01599275362318836,-0.007941223832528209
KRW-ALGO,2026-01-08,none,False,0.010101010101010166,-0.045454545454545414,-0.010101010101010055,-0.011601010101010055,-0.011601010101010055,-0.006550505050505083
KRW-BSV,2026-01-08,none,False,0.018258426966292207,-0.0214185393258427,0.002808988764045006,0.0013089887640450062,0.0013089887640450062,-0.007820224719101097
KRW-CYBER,2026-01-08,none,False,0.015775635407537347,-0.039439088518843146,-0.014899211218229569,-0.01639921121822957,-0.01639921121822957,-0.006758545135845782
KRW-BOUNTY,2026-01-08,sl,False,0.014112903225806273,-0.17943548387096775,-0.14314516129032262,-0.051500000000000004,-0.14464516129032262,-0.051500000000000004
KRW-BAT,2026-01-08,none,False,0.0064102564102563875,-0.03525641025641024,-0.01602564102564108,-0.01752564102564108,-0.01752564102564108,-0.01752564102564108
KRW-IP,2026-01-08,sl,False,0.02676151761517609,-0.0819783197831978,-0.0006775067750677266,-0.051500000000000004,-0.0021775067750677266,-0.03537533875338755
KRW-STEEM,2026-01-08,tp,False,0.13888888888888884,-0.0092592592592593,0.04629629629629628,0.0985,0.0985,0.0985
KRW-PROVE,2026-01-08,none,False,0.03732503888024885,-0.02488335925349927,0.026438569206842955,0.024938569206842953,0.024938569206842953,-0.010831259720062212
KRW-MANA,2026-01-08,none,False,0.009756097560975618,-0.034146341463414664,-0.009756097560975618,-0.011256097560975618,-0.011256097560975618,-0.01613414634146343
KRW-AVNT,2026-01-08,sl,False,0.0042283298097252064,-0.059196617336152224,-0.031712473572938715,-0.051500000000000004,-0.03321247357293872,-0.03321247357293872
KRW-KITE,2026-01-08,none,False,0.055118110236220375,-0.015748031496062964,0.055118110236220375,0.05361811023622037,0.05361811023622037,-0.017248031496062965
KRW-TFUEL,2026-01-08,none,False,0.0979020979020977,-0.027972027972028024,0.027972027972027913,0.02647202797202791,0.02647202797202791,-0.0015
KRW-FF,2026-01-08,none,False,0.01526717557251911,-0.03816793893129766,-0.01526717557251911,-0.01676717557251911,-0.01676717557251911,-0.009133587786259554
KRW-RED,2026-01-08,sl,False,0.04632152588555849,-0.05177111716621252,0.02452316076294281,-0.051500000000000004,0.023023160762942807,-0.02602316076294281
KRW-JST,2026-01-08,none,False,0.040000000000000036,-0.016000000000000014,0.028799999999999937,0.027299999999999935,0.027299999999999935,-0.0015
KRW-DOT,2026-01-08,none,False,0.009923175416133079,-0.028489116517285584,-0.01216389244558258,-0.01366389244558258,-0.01366389244558258,-0.010782970550576141
KRW-JUP,2026-01-08,none,False,0.009463722397476282,-0.04731861198738174,-0.012618296529968487,-0.014118296529968486,-0.014118296529968486,-0.0078091482649841875
KRW-JTO,2026-01-08,none,False,0.07790143084260737,-0.004769475357710662,0.03338632750397452,0.03188632750397452,0.03188632750397452,0.006449125596184326
KRW-TRUST,2026-01-08,none,False,0.10000000000000009,-0.00588235294117645,0.08235294117647052,0.08085294117647052,0.08085294117647052,0.027911764705882247
KRW-ONDO,2026-01-08,sl,False,0.009740259740259827,-0.05032467532467533,-0.030844155844155896,-0.051500000000000004,-0.0323441558441559,-0.012863636363636353
KRW-MOC,2026-01-08,sl,False,0.04982817869415812,-0.08591065292096223,-0.06701030927835061,-0.051500000000000004,-0.06851030927835061,-0.051500000000000004
KRW-AVAX,2026-01-08,none,False,0.010209042294603732,-0.03354399611084102,-0.013125911521633449,-0.014625911521633448,-0.014625911521633448,-0.0068475935828877215
KRW-MIRA,2026-01-08,none,False,0.009389671361502261,-0.032863849765258246,-0.009389671361502372,-0.010889671361502372,-0.010889671361502372,-0.020279342723004745
KRW-HYPER,2026-01-08,none,False,0.021390374331550888,-0.04278074866310155,-0.010695187165775444,-0.012195187165775443,-0.012195187165775443,-0.0068475935828877215
KRW-SIGN,2026-01-08,none,False,0.016071428571428514,-0.019642857142857184,0.008928571428571397,0.007428571428571397,0.007428571428571397,-0.006857142857142838
KRW-NEAR,2026-01-08,none,False,0.005980861244019087,-0.03309409888357262,-0.01714513556618824,-0.018645135566188242,-0.018645135566188242,-0.013062998405103663
KRW-MEW,2026-01-08,sl,False,0.026315789473684292,-0.052631578947368474,-0.006578947368421018,-0.051500000000000004,-0.008078947368421017,-0.014657894736842146
KRW-SONIC,2026-01-08,tp,False,0.19672131147540983,-0.016393442622950838,0.040983606557376984,0.0985,0.0985,0.0985
KRW-ETC,2026-01-08,none,False,0.008533333333333282,-0.037866666666666715,-0.017066666666666674,-0.018566666666666676,-0.018566666666666676,-0.007366666666666686
KRW-PUNDIX,2026-01-08,none,False,0.07242339832869082,-0.0027855153203342198,0.055710306406685284,0.05421030640668528,0.05421030640668528,0.02914066852367686
KRW-ANIME,2026-01-08,tp,False,0.18018018018018012,-0.018018018018017945,0.08108108108108114,0.0985,0.0985,0.007509009009008917
KRW-AGLD,2026-01-08,none,False,0.08333333333333326,-0.014285714285714235,0.04285714285714293,0.041357142857142926,0.041357142857142926,0.010404761904761863
KRW-EGLD,2026-01-08,none,False,0.01597796143250685,-0.04958677685950408,-0.040220385674931136,-0.04172038567493114,-0.04172038567493114,0.0012548209366390352
KRW-ETH,2026-01-08,none,False,0.0069339111592632285,-0.030985915492957705,-0.014517876489707482,-0.016017876489707483,-0.016017876489707483,-0.009300650054171187
KRW-1INCH,2026-01-08,none,False,0.013215859030837107,-0.03524229074889873,-0.026431718061673992,-0.027931718061673994,-0.027931718061673994,-0.005905286343612369
KRW-VTHO,2026-01-08,none,False,0.08264462809917372,-0.016528925619834767,0.03305785123966953,0.03155785123966953,0.03155785123966953,-0.0015
KRW-W,2026-01-08,sl,False,0.014625228519195455,-0.05301645338208416,-0.027422303473491727,-0.051500000000000004,-0.02892230347349173,-0.005156307129798919
KRW-T,2026-01-08,none,False,0.08571428571428563,-0.021428571428571463,0.0,-0.0015,-0.0015,0.005642857142857118
KRW-QKC,2026-01-08,sl,False,0.021406727828746197,-0.05504587155963303,-0.015290519877675823,-0.051500000000000004,-0.016790519877675825,-0.051500000000000004
KRW-BTT,2026-01-08,tp,False,0.11022364217252378,-0.004792332268370725,0.015974440894568565,0.0985,0.0985,0.0032923322683705027
KRW-BLUR,2026-01-08,none,False,0.051948051948051965,-0.023809523809523836,0.006493506493506329,0.0049935064935063295,0.0049935064935063295,0.015816017316017172
KRW-A,2026-01-08,none,False,0.0038461538461538325,-0.04230769230769227,-0.019230769230769273,-0.020730769230769275,-0.020730769230769275,-0.020730769230769275
KRW-MBL,2026-01-08,tp,False,0.1361256544502618,-0.036649214659685736,0.03141361256544495,0.0985,0.0985,0.0985
KRW-MNT,2026-01-08,none,False,0.005976095617529875,-0.047808764940239,-0.02722443559096943,-0.028724435590969433,-0.028724435590969433,-0.012788180610889764
KRW-GLM,2026-01-08,sl,False,0.07444168734491319,-0.0669975186104218,0.002481389578163684,-0.051500000000000004,0.000981389578163684,-0.018869727047146456
KRW-TREE,2026-01-08,none,False,0.06134969325153383,-0.018404907975460127,-0.006134969325153339,-0.007634969325153338,-0.007634969325153338,0.004634969325153339
KRW-ZKC,2026-01-08,none,False,0.005780346820809301,-0.040462427745664775,-0.017341040462427793,-0.018841040462427794,-0.018841040462427794,-0.030401734104046285
KRW-ME,2026-01-08,none,False,0.03105590062111796,-0.0496894409937888,-0.012422360248447228,-0.013922360248447228,-0.013922360248447228,0.0016055900621117516
KRW-WCT,2026-01-08,sl,False,0.0,-0.05833333333333335,-0.025000000000000022,-0.051500000000000004,-0.026500000000000024,-0.01816666666666672
KRW-COMP,2026-01-08,none,False,0.010507432086109603,-0.01819579702716556,0.0035879036391595065,0.0020879036391595065,0.0020879036391595065,-0.004575345976422339
KRW-POWR,2026-01-08,tp,False,0.10000000000000009,-0.02857142857142858,0.021428571428571352,0.0985,0.0985,0.0985
KRW-ZIL,2026-01-08,none,False,0.0647291941875825,-0.003963011889035695,0.02509907529722577,0.02359907529722577,0.02359907529722577,0.02095706737120212
KRW-DKA,2026-01-08,none,False,0.07625272331154687,-0.008714596949891074,0.014161220043573008,0.012661220043573009,0.012661220043573009,0.023554466230936877
KRW-IQ,2026-01-08,tp,False,0.14516129032258052,-0.012096774193548265,0.020161290322580516,0.0985,0.0985,0.0985
KRW-API3,2026-01-08,none,False,0.02215657311669128,-0.03840472673559825,-0.00738552437223039,-0.00888552437223039,-0.00888552437223039,-0.016271048744460892
KRW-ELF,2026-01-08,tp,False,0.7426470588235294,-0.007352941176470562,0.21323529411764697,0.0985,0.0985,0.0985
KRW-MON,2026-01-08,none,False,0.0639386189258313,-0.04859335038363166,0.038363171355498826,0.036863171355498825,0.036863171355498825,-0.03219053708439906
KRW-CBK,2026-01-08,none,False,0.011235955056179803,-0.0393258426966292,-0.02621722846441943,-0.02771722846441943,-0.02771722846441943,-0.01460861423220977
KRW-LINEA,2026-01-08,none,False,0.030000000000000027,-0.03400000000000003,-0.006000000000000005,-0.007500000000000005,-0.007500000000000005,-0.005499999999999892
KRW-AUCTION,2026-01-08,none,False,0.007317073170731714,-0.04329268292682931,-0.023170731707317094,-0.024670731707317095,-0.024670731707317095,-0.03869512195121955
KRW-MVL,2026-01-08,tp,False,0.11524163568773238,-0.0074349442379182396,0.0371747211895912,0.0985,0.0985,0.0985
KRW-ONT,2026-01-08,none,False,0.024008350730688965,-0.013569937369519836,0.011482254697286143,0.009982254697286143,0.009982254697286143,-0.003587682672233804
KRW-RVN,2026-01-08,none,False,0.018018018018018056,-0.018018018018017945,0.018018018018018056,0.016518018018018055,0.016518018018018055,-0.0015
KRW-ID,2026-01-08,none,False,0.08737864077669899,-0.04757281553398063,-0.009708737864077666,-0.011208737864077665,-0.011208737864077665,0.008208737864077666
KRW-POLYX,2026-01-08,none,False,0.047671840354767125,-0.03547671840354771,-0.0022172949002217113,-0.0037172949002217113,-0.0037172949002217113,-0.007043237250554278
KRW-DOOD,2026-01-08,sl,False,0.0011655011655011815,-0.053613053613053685,-0.036130536130536184,-0.051500000000000004,-0.037630536130536185,-0.028306526806526844
KRW-GAME2,2026-01-08,none,False,0.08301886792452828,-0.02264150943396226,0.018867924528301883,0.01736792452830188,0.01736792452830188,0.02868867924528301
KRW-GAS,2026-01-08,none,False,0.028896103896103975,-0.009415584415584433,0.011688311688311748,0.010188311688311748,0.010188311688311748,0.008889610389610393
KRW-BONK,2026-01-08,none,False,0.024691358024691468,-0.0493827160493826,-0.012345679012345623,-0.013845679012345622,-0.013845679012345622,-0.0015
KRW-TIA,2026-01-08,sl,False,0.00974421437271622,-0.0535931790499391,-0.023142509135200995,-0.051500000000000004,-0.024642509135200996,-0.008808160779537109
KRW-AHT,2026-01-08,tp,False,0.12758620689655187,-0.037931034482758585,0.024137931034482918,0.0985,0.0985,0.0985
KRW-MTL,2026-01-08,tp,False,0.11518324607329844,-0.017452006980802848,0.03315881326352521,0.0985,0.0985,0.01769720767888311
KRW-SHIB,2026-01-08,none,False,0.023622047244094446,-0.023622047244094446,0.007874015748031482,0.0063740157480314825,0.0063740157480314825,0.0063740157480314825
KRW-BEAM,2026-01-08,none,False,0.020179372197309364,-0.0358744394618834,0.008968609865470878,0.007468609865470878,0.007468609865470878,-0.010468609865470878
KRW-ZETA,2026-01-08,none,False,0.017857142857142794,-0.0357142857142857,0.008928571428571397,0.007428571428571397,0.007428571428571397,-0.0015
KRW-FLUID,2026-01-08,none,False,0.03688524590163933,-0.008879781420765065,0.03346994535519121,0.03196994535519121,0.03196994535519121,-0.0055983606557376536
KRW-MASK,2026-01-08,none,False,0.013443640124095158,-0.02792140641158225,-0.0020682523267838704,-0.0035682523267838704,-0.0035682523267838704,-0.007704756980351611
KRW-STORJ,2026-01-08,none,False,0.02487562189054726,-0.02487562189054726,-0.00497512437810943,-0.00647512437810943,-0.00647512437810943,0.00845024875621886
KRW-CPOOL,2026-01-08,none,False,0.024539877300613577,-0.036809815950920144,-0.012269938650306789,-0.013769938650306788,-0.013769938650306788,-0.013769938650306788
KRW-TAIKO,2026-01-08,none,False,0.03065134099616862,-0.02298850574712641,0.011494252873563315,0.009994252873563316,0.009994252873563316,0.002331417624521105
KRW-SNT,2026-01-08,tp,False,0.13452914798206272,0.0,0.03139013452914785,0.0985,0.0985,0.0985
KRW-MMT,2026-01-08,none,False,0.036312849162011274,-0.027932960893854775,0.022346368715083775,0.020846368715083774,0.020846368715083774,-0.023846368715083777
KRW-COW,2026-01-08,none,False,0.008849557522123908,-0.03539823008849563,-0.002949852507374673,-0.0044498525073746725,-0.0044498525073746725,-0.007399705014749234
KRW-ONG,2026-01-08,none,False,0.03759398496240607,-0.007518796992481258,0.03007518796992481,0.02857518796992481,0.02857518796992481,0.0060187969924812585
KRW-MOCA,2026-01-08,none,False,0.09198813056379795,-0.035608308605341366,0.03264094955489605,0.031140949554896047,0.031140949554896047,0.025206231454005856
KRW-ICX,2026-01-08,none,False,0.08943089430894302,-0.03252032520325199,0.013937282229965264,0.012437282229965265,0.012437282229965265,0.03218176538908263
KRW-PYTH,2026-01-08,none,False,0.01814516129032251,-0.035282258064516125,-0.011088709677419484,-0.012588709677419483,-0.012588709677419483,-0.00956451612903225
KRW-KNC,2026-01-08,none,False,0.028011204481792618,-0.036414565826330514,-0.008403361344537785,-0.009903361344537785,-0.009903361344537785,-0.0015
KRW-F,2026-01-08,none,False,0.009708737864077666,-0.03495145631067975,0.0,-0.0015,-0.0015,-0.011208737864077776
KRW-ZBT,2026-01-08,none,False,0.0108108108108107,-0.048648648648648596,0.0108108108108107,0.0093108108108107,0.0093108108108107,-0.04474324324324325
KRW-SAFE,2026-01-08,none,False,0.026086956521739202,-0.0304347826086957,0.021739130434782705,0.020239130434782704,0.020239130434782704,0.0028478260869564966
KRW-NEO,2026-01-08,none,False,0.016435986159169635,-0.03287197231833905,0.002595155709342656,0.0010951557093426558,0.0010951557093426558,-0.0049602076124568
KRW-ENA,2026-01-08,none,False,0.008645533141210304,-0.043227665706051854,-0.02017291066282423,-0.02167291066282423,-0.02167291066282423,-0.010145533141210415
KRW-WAXP,2026-01-08,tp,False,0.12307692307692308,-0.023076923076923106,0.030769230769230882,0.0985,0.0985,0.0985
KRW-PUMP,2026-01-08,sl,False,0.008746355685131046,-0.12244897959183687,-0.06705539358600587,-0.051500000000000004,-0.06855539358600587,-0.04231632653061229
KRW-XEC,2026-01-08,none,False,0.011494252873563315,-0.04022988505747127,-0.01724137931034475,-0.018741379310344752,-0.018741379310344752,-0.007247126436781546
KRW-HOLO,2026-01-08,sl,False,0.009009009009008917,-0.05405405405405406,-0.018018018018018056,-0.051500000000000004,-0.019518018018018057,-0.010509009009009028
KRW-AWE,2026-01-08,none,False,0.03125,-0.004807692307692402,0.014423076923076872,0.012923076923076872,0.012923076923076872,0.014125
KRW-LPT,2026-01-08,none,False,0.016829995739241488,-0.0472944184064763,-0.02641670217298675,-0.02791670217298675,-0.02791670217298675,-0.008530251384746444
KRW-PLUME,2026-01-08,sl,False,0.007575757575757791,-0.06818181818181812,-0.030303030303030165,-0.051500000000000004,-0.031803030303030166,-0.024227272727272597
KRW-LINK,2026-01-08,none,False,0.010209290454313402,-0.02654415518121489,-0.01225114854517606,-0.01375114854517606,-0.01375114854517606,-0.008646503318019359
KRW-DRIFT,2026-01-08,sl,False,0.012295081967213184,-0.05327868852459017,-0.024590163934426257,-0.051500000000000004,-0.026090163934426258,-0.0015
KRW-BREV,2026-01-08,tp,True,0.12676056338028174,-0.13458528951486703,-0.0860719874804382,0.0985,0.0985,0.0985
KRW-SUN,2026-01-08,none,False,0.013377926421404673,-0.0200668896321069,-0.0200668896321069,-0.0215668896321069,-0.0215668896321069,-0.008188963210702336
KRW-BIO,2026-01-08,none,False,0.011869436201780381,-0.03857566765578646,-0.017804154302670683,-0.019304154302670684,-0.019304154302670684,-0.008918397626112738
KRW-TRUMP,2026-01-08,none,False,0.017296604740550947,-0.017937219730941756,0.005765534913517056,0.004265534913517057,0.004265534913517057,0.0049061499039076435
KRW-KERNEL,2026-01-08,none,False,0.01754385964912286,-0.02631578947368418,-0.00877192982456143,-0.01027192982456143,-0.01027192982456143,-0.01027192982456143
KRW-AQT,2026-01-08,sl,False,0.0020283975659229903,-0.07707910750507097,-0.05882352941176472,-0.051500000000000004,-0.06032352941176472,-0.051500000000000004
KRW-XLM,2026-01-08,none,False,0.011730205278592365,-0.032258064516129004,-0.011730205278592365,-0.013230205278592365,-0.013230205278592365,-0.010297653958944273
KRW-STX,2026-01-08,sl,False,0.029644268774703608,-0.0513833992094862,0.025691699604743157,-0.051500000000000004,0.024191699604743155,-0.009405138339920903
KRW-ORBS,2026-01-08,none,False,0.05521472392638027,-0.042944785276073705,0.012269938650306678,0.010769938650306678,0.010769938650306678,0.010769938650306678
KRW-AERO,2026-01-08,none,False,0.029484029484029506,-0.045454545454545414,-0.004914004914004955,-0.006414004914004954,-0.006414004914004954,-0.012556511056511064
KRW-GMT,2026-01-08,none,False,0.08860759493670889,-0.029535864978902926,-0.00421940928270037,-0.00571940928270037,-0.00571940928270037,0.015377637130801704
KRW-LA,2026-01-08,none,False,0.004273504273504258,-0.04914529914529919,-0.010683760683760646,-0.012183760683760645,-0.012183760683760645,-0.025004273504273533
KRW-IOST,2026-01-08,sl,False,0.0,-0.09459459459459452,-0.08783783783783772,-0.051500000000000004,-0.08933783783783772,-0.025148648648648575
KRW-INJ,2026-01-08,none,False,0.033246414602346785,-0.044328552803129084,-0.011082138200782299,-0.012582138200782298,-0.012582138200782298,-0.0119302477183833
KRW-STRAX,2026-01-08,tp,False,0.42553191489361697,0.0,0.10030395136778125,0.0985,0.0985,0.0985
KRW-VET,2026-01-08,none,False,0.017045454545454364,-0.045454545454545525,-0.017045454545454586,-0.018545454545454587,-0.018545454545454587,-0.007181818181818232
KRW-ZKP,2026-01-08,sl,False,0.07073954983922826,-0.26045016077170413,-0.23794212218649513,-0.051500000000000004,-0.23944212218649513,-0.051500000000000004
KRW-HBAR,2026-01-08,none,False,0.011111111111111072,-0.0444444444444444,-0.022222222222222254,-0.023722222222222256,-0.023722222222222256,-0.012611111111111071
KRW-ARB,2026-01-08,none,False,0.009708737864077666,-0.035598705501618144,-0.012944983818770184,-0.014444983818770183,-0.014444983818770183,-0.007972491909385147
KRW-MANTRA,2026-01-08,none,False,0.02564102564102555,-0.042735042735042694,-0.03418803418803418,-0.03568803418803418,-0.03568803418803418,-0.010047008547008516
KRW-SAND,2026-01-08,none,False,0.022727272727272707,-0.045454545454545414,-0.017045454545454586,-0.018545454545454587,-0.018545454545454587,-0.007181818181818232
KRW-RAY,2026-01-08,sl,False,0.015358361774743923,-0.0625711035267349,-0.015358361774744034,-0.051500000000000004,-0.016858361774744035,-0.021408987485779296
KRW-ADA,2026-01-08,none,False,0.01025641025641022,-0.037606837606837584,-0.008547008547008517,-0.010047008547008516,-0.010047008547008516,-0.008337606837606813
KRW-XPL,2026-01-09,none,False,0.06198347107438007,-0.012396694214875992,0.03305785123966931,0.03155785123966931,0.03155785123966931,0.03155785123966931
KRW-PEPE,2026-01-09,none,False,0.05842696629213484,-0.02134831460674147,0.010112359550561667,0.008612359550561667,0.008612359550561667,0.007488764044943754
KRW-VANA,2026-01-09,none,False,0.005672149744753163,-0.02382302892796373,-0.008791832104367514,-0.010291832104367514,-0.010291832104367514,-0.005470504821327325
KRW-BLUR,2026-01-09,none,False,0.0903225806451613,-0.004301075268817289,0.010752688172043001,0.009252688172043002,0.009252688172043002,0.011403225806451646
KRW-BAT,2026-01-09,none,False,0.01298701298701288,-0.016233766233766267,-0.0032467532467532756,-0.004746753246753275,-0.004746753246753275,-0.0015
KRW-TFUEL,2026-01-09,none,False,0.06440677966101682,-0.016949152542372836,0.013559322033898313,0.012059322033898314,0.012059322033898314,0.0018898305084745228
KRW-AQT,2026-01-09,tp,False,0.125,-0.015086206896551713,0.02155172413793105,0.0985,0.0985,0.0985
KRW-RVN,2026-01-09,none,False,0.017699115044247815,-0.026548672566371723,0.0,-0.0015,-0.0015,0.007349557522123908
KRW-PENGU,2026-01-09,none,False,0.09142857142857141,-0.017142857142857237,0.017142857142857126,0.015642857142857125,0.015642857142857125,0.009928571428571344
KRW-PROVE,2026-01-09,none,False,0.04841149773071107,-0.02571860816944027,0.03933434190620266,0.03783434190620266,0.03783434190620266,-0.009064296520423563
KRW-MANTRA,2026-01-09,none,False,0.026315789473684292,-0.00877192982456143,0.01754385964912286,0.01604385964912286,0.01604385964912286,-0.0015
KRW-AHT,2026-01-09,none,False,0.06734006734006726,-0.006734006734006703,0.006734006734006703,0.005234006734006704,0.005234006734006704,0.03553703703703698
KRW-IOTA,2026-01-09,none,False,0.03846153846153855,-0.038461538461538436,-0.0064102564102563875,-0.007910256410256387,-0.007910256410256387,-0.007910256410256387
KRW-SUPER,2026-01-09,none,False,0.015576323987538832,-0.01869158878504673,0.0031152647975076775,0.0016152647975076775,0.0016152647975076775,0.0016152647975076775
KRW-STEEM,2026-01-09,none,False,0.008849557522123908,-0.026548672566371723,-0.008849557522123908,-0.010349557522123907,-0.010349557522123907,-0.010349557522123907
KRW-A,2026-01-09,none,False,0.027559055118110187,-0.015748031496062964,0.015748031496062964,0.014248031496062965,0.014248031496062965,0.010311023622047224
KRW-ZETA,2026-01-09,none,False,0.017857142857142794,-0.0267857142857143,0.0,-0.0015,-0.0015,0.007428571428571397
KRW-W,2026-01-09,none,False,0.03383458646616533,-0.007518796992481258,0.018796992481203034,0.017296992481203033,0.017296992481203033,0.0060187969924812585
KRW-ELF,2026-01-09,tp,True,0.1515151515151516,-0.07878787878787874,-0.018181818181818188,0.0985,0.0985,0.0985
KRW-SEI,2026-01-09,none,False,0.022346368715083775,-0.016759776536312887,0.0,-0.0015,-0.0015,0.009673184357541999
KRW-COMP,2026-01-09,none,False,0.04134762633996947,-0.005870342011230267,0.013527309851965263,0.012027309851965264,0.012027309851965264,-0.0009895354772843632
KRW-IQ,2026-01-09,none,False,0.0948616600790515,-0.007905138339920903,0.02371541501976293,0.02221541501976293,0.02221541501976293,0.010357707509881577
KRW-ONG,2026-01-09,none,False,0.007299270072992803,-0.021897810218978075,-0.007299270072992692,-0.008799270072992691,-0.008799270072992691,-0.008799270072992691
KRW-INJ,2026-01-09,none,False,0.04078947368421049,-0.02631578947368418,0.004605263157894779,0.003105263157894779,0.003105263157894779,0.0004736842105262386
KRW-IP,2026-01-09,none,False,0.015259409969481164,-0.02509325194981349,0.00644286198711419,0.0049428619871141905,0.0049428619871141905,-0.004551881993896277
KRW-IOST,2026-01-09,sl,False,0.003717472118959231,-0.07434944237918206,-0.059479553903345805,-0.051500000000000004,-0.06097955390334581,-0.051500000000000004
KRW-MBL,2026-01-09,none,False,0.0923076923076922,-0.02564102564102566,0.00512820512820511,0.00362820512820511,0.00362820512820511,0.00875641025641022
KRW-SUI,2026-01-09,none,False,0.021068472535741067,-0.023702031602708784,0.004138449962377777,0.002638449962377777,0.002638449962377777,0.0007573363431150905
KRW-BTC,2026-01-09,none,False,0.012079579579579613,-0.010735735735735719,0.0018843843843843189,0.00038438438438431885,0.00038438438438431885,-0.00023873873873875165
KRW-RED,2026-01-09,none,False,0.015957446808510634,-0.0292553191489362,0.010638297872340496,0.009138297872340497,0.009138297872340497,-0.009478723404255316
KRW-SOMI,2026-01-09,none,False,0.0050761421319796,-0.03807106598984766,-0.017766497461928932,-0.019266497461928933,-0.019266497461928933,-0.00911421319796951
KRW-MINA,2026-01-09,none,False,0.02400000000000002,-0.016000000000000014,0.008000000000000007,0.0065000000000000075,0.0065000000000000075,0.014500000000000015
KRW-BEAM,2026-01-09,none,False,0.03786191536748329,-0.015590200445434355,0.011135857461024523,0.009635857461024524,0.009635857461024524,0.0029543429844097204
KRW-TAIKO,2026-01-09,tp,False,0.23396226415094334,-0.007547169811320753,0.037735849056603765,0.0985,0.0985,0.0985
KRW-MON,2026-01-09,sl,False,0.004914004914004844,-0.07862407862407872,-0.051597051597051635,-0.051500000000000004,-0.05309705159705164,0.0009570024570023108
KRW-ALGO,2026-01-09,none,False,0.03571428571428581,-0.010204081632653073,0.0,-0.0015,-0.0015,0.0036020408163264807
KRW-GAME2,2026-01-09,none,False,0.0631970260223047,-0.0037174721189590088,0.02230483271375472,0.020804832713754717,0.020804832713754717,0.020804832713754717
KRW-AERO,2026-01-09,none,False,0.03456790123456788,-0.01851851851851849,0.0012345679012346622,-0.00026543209876533783,-0.00026543209876533783,0.008376543209876632
KRW-ANIME,2026-01-09,sl,False,0.016666666666666607,-0.05833333333333324,-0.04166666666666663,-0.051500000000000004,-0.04316666666666663,-0.01816666666666661
KRW-VET,2026-01-09,none,False,0.029069767441860517,-0.01744186046511631,0.005813953488372103,0.004313953488372104,0.004313953488372104,0.004313953488372104
KRW-PUMP,2026-01-09,tp,False,0.15576323987538943,-0.028037383177570097,0.0778816199376946,0.0985,0.0985,-0.0015
KRW-DEEP,2026-01-09,tp,False,0.1422764227642277,-0.027100271002710064,0.06368563685636852,0.0985,0.0985,0.0985
KRW-NEWT,2026-01-09,none,False,0.013071895424836555,-0.019607843137254943,0.006535947712418277,0.005035947712418278,0.005035947712418278,-0.0015
KRW-MMT,2026-01-09,none,False,0.03835616438356171,-0.008219178082191747,0.016438356164383494,0.014938356164383495,0.014938356164383495,0.017678082191780853
KRW-2Z,2026-01-09,none,False,0.035502958579881616,-0.00591715976331364,0.023668639053254337,0.022168639053254335,0.022168639053254335,0.00441715976331364
KRW-ARDR,2026-01-09,none,False,0.0,-0.031712473572938715,-0.019027484143763207,-0.02052748414376321,-0.02052748414376321,-0.011013742071881492
KRW-ETC,2026-01-09,none,False,0.028757460661964274,-0.00651112316874658,0.005425935973955465,0.003925935973955465,0.003925935973955465,0.006096310363537695
KRW-FIL,2026-01-09,none,False,0.02648401826484026,-0.012785388127853903,0.0,-0.0015,-0.0015,0.009915525114155223
KRW-WET,2026-01-09,sl,False,0.007968127490039834,-0.07968127490039845,-0.055776892430278835,-0.051500000000000004,-0.057276892430278836,-0.005484063745019916
KRW-WAL,2026-01-09,tp,False,0.354368932038835,0.0,0.058252427184465994,0.0985,0.0985,0.0985
KRW-CVC,2026-01-09,none,False,0.049861495844875314,-0.03462603878116344,-0.020775623268698085,-0.022275623268698086,-0.022275623268698086,-0.0028850415512466352
KRW-CTC,2026-01-09,none,False,0.012468827930174564,-0.02493765586034913,-0.02244389027431426,-0.02394389027431426,-0.02394389027431426,0.0009937655860348684
KRW-PYTH,2026-01-09,none,False,0.05102040816326525,-0.003061224489795844,0.010204081632652962,0.008704081632652962,0.008704081632652962,0.0158469387755103
KRW-PENDLE,2026-01-09,none,False,0.023940472339048835,-0.03364606923325786,-0.0051763183435781235,-0.006676318343578123,-0.006676318343578123,-0.018646554513102542
KRW-PUNDIX,2026-01-09,none,False,0.0026385224274405594,-0.02902374670184693,-0.01319261213720313,-0.01469261213720313,-0.01469261213720313,-0.022608179419525032
KRW-THETA,2026-01-09,none,False,0.02921348314606731,-0.011235955056179803,0.0022471910112360494,0.0007471910112360493,0.0007471910112360493,0.0029943820224718766
KRW-UNI,2026-01-09,none,False,0.02180685358255441,-0.02180685358255452,0.004361370716510882,0.0028613707165108817,0.0028613707165108817,0.0053535825545170685
KRW-F,2026-01-09,none,False,0.009708737864077666,-0.019417475728155442,-0.009708737864077777,-0.011208737864077776,-0.011208737864077776,-0.011208737864077776
KRW-ATOM,2026-01-09,none,False,0.08435072142064381,-0.022475027746947873,0.05882352941176472,0.05732352941176472,0.05732352941176472,-0.019535516093229732
KRW-XAUT,2026-01-09,none,False,0.014669926650366705,-0.005654034229828797,0.011155256723716311,0.009655256723716312,0.009655256723716312,-0.005320293398532959
KRW-ZK,2026-01-09,none,False,0.03054989816700604,-0.012219959266802527,0.016293279022403295,0.014793279022403296,0.014793279022403296,0.0025733197556006573
KRW-ASTR,2026-01-09,none,False,0.025316455696202445,-0.012658227848101333,0.012658227848101111,0.011158227848101112,0.011158227848101112,0.004829113924050667
KRW-ARB,2026-01-09,none,False,0.029508196721311553,-0.013114754098360604,0.0,-0.0015,-0.0015,-0.0015
KRW-BLAST,2026-01-09,tp,False,0.12820512820512842,-0.008547008547008517,0.09401709401709413,0.0985,0.0985,0.05832905982905984
KRW-MET2,2026-01-09,none,False,0.004999999999999893,-0.040000000000000036,-0.022499999999999964,-0.023999999999999966,-0.023999999999999966,-0.00899999999999995
KRW-BIGTIME,2026-01-09,tp,False,0.15805471124620074,-0.009118541033434568,0.027355623100303816,0.0985,0.0985,0.0985
KRW-BARD,2026-01-09,none,False,0.02142245072836335,-0.006855184233076295,-0.0008568980291345785,-0.0023568980291345785,-0.0023568980291345785,-0.004070694087403624
KRW-TOKAMAK,2026-01-09,none,False,0.07052441229656425,-0.010849909584086825,0.006329113924050667,0.004829113924050667,0.004829113924050667,0.0012124773960216508
KRW-AVNT,2026-01-09,none,False,0.02844638949671774,-0.03282275711159732,0.02188183807439814,0.02038183807439814,0.02038183807439814,-0.016817286652078767
KRW-QKC,2026-01-09,none,False,0.08037094281298307,-0.01081916537867067,0.004636785162287493,0.0031367851622874933,0.0031367851622874933,0.02322952086553315
KRW-TREE,2026-01-09,none,False,0.006172839506172867,-0.024691358024691357,-0.012345679012345734,-0.013845679012345733,-0.013845679012345733,-0.0076728395061728665
KRW-CARV,2026-01-09,none,False,0.017142857142857126,-0.02285714285714291,-0.011428571428571455,-0.012928571428571454,-0.012928571428571454,0.004214285714285783
KRW-ETH,2026-01-09,none,False,0.013412489006156658,-0.010114335971855737,-0.0004397537379067229,-0.001939753737906723,-0.001939753737906723,0.0011385224274405594
KRW-ORCA,2026-01-09,none,False,0.033199771036061865,-0.01602747567258156,-0.0005724098454493731,-0.002072409845449373,-0.002072409845449373,-0.002072409845449373
KRW-JTO,2026-01-09,none,False,0.03846153846153855,-0.007692307692307665,0.009230769230769154,0.007730769230769154,0.007730769230769154,0.02773076923076917
KRW-STRAX,2026-01-09,sl,False,0.019230769230769384,-0.06318681318681307,-0.038461538461538436,-0.051500000000000004,-0.03996153846153844,-0.051500000000000004
KRW-NEO,2026-01-09,none,False,0.01725625539257991,-0.018981880931837836,0.0008628127696290733,-0.0006371872303709268,-0.0006371872303709268,-0.00840250215703192
KRW-ICX,2026-01-09,none,False,0.04018369690011481,-0.013777267508610636,0.008036739380022917,0.006536739380022917,0.006536739380022917,0.020314006888633884
KRW-META,2026-01-09,tp,False,0.14364640883977886,-0.03314917127071826,-0.005524861878453136,0.0985,0.0985,0.0985
KRW-AUCTION,2026-01-09,none,False,0.0037406483790523026,-0.014962593516209433,-0.0031172069825435855,-0.004617206982543585,-0.004617206982543585,-0.0071109725685785646
KRW-ZORA,2026-01-09,none,False,0.03527336860670194,-0.007054673721340499,0.0017636684303350414,0.00026366843033504136,0.00026366843033504136,0.012609347442680776
KRW-LINK,2026-01-09,none,False,0.019121447028423777,-0.009302325581395321,0.0,-0.0015,-0.0015,0.00418475452196382
KRW-POL,2026-01-09,tp,False,0.18090452261306522,-0.005025125628140725,0.1557788944723617,0.0985,0.0985,0.03870100502512558
KRW-AVAX,2026-01-09,none,False,0.026587887740029625,-0.014278680452978865,0.000492368291482137,-0.001007631708517863,-0.001007631708517863,0.004900787789266449
KRW-HBAR,2026-01-09,none,False,0.02840909090909083,-0.017045454545454586,0.005681818181818121,0.004181818181818122,0.004181818181818122,-0.0015
KRW-MOCA,2026-01-09,none,False,0.08333333333333348,-0.014367816091954033,0.034482758620689724,0.03298275862068972,0.03298275862068972,0.009994252873563316
KRW-MED,2026-01-09,tp,False,0.2749445676274944,-0.0022172949002217113,0.09534368070953447,0.0985,0.0985,0.0985
KRW-T,2026-01-09,none,False,0.050000000000000044,-0.0071428571428571175,0.03571428571428581,0.03421428571428581,0.03421428571428581,-0.0015
KRW-FLOCK,2026-01-09,none,False,0.03676470588235303,-0.02941176470588236,-0.007352941176470562,-0.008852941176470562,-0.008852941176470562,-0.0015
KRW-ARKM,2026-01-09,none,False,0.03630363036303641,-0.02310231023102305,0.0033003300330032292,0.0018003300330032292,0.0018003300330032292,-0.00480033003300334
KRW-VTHO,2026-01-09,none,False,0.031746031746031855,-0.015873015873015928,-0.007936507936507908,-0.009436507936507908,-0.009436507936507908,0.014373015873015817
KRW-FF,2026-01-09,none,False,0.015503875968992276,-0.007751937984496138,0.0,-0.0015,-0.0015,0.014003875968992276
KRW-BTT,2026-01-09,none,False,0.006279434850863463,-0.015698587127158548,-0.01098901098901095,-0.01248901098901095,-0.01248901098901095,-0.009349293563579329
KRW-GLM,2026-01-09,none,False,0.07227722772277234,-0.014851485148514865,0.04207920792079212,0.040579207920792115,0.040579207920792115,0.01582673267326734
KRW-SONIC,2026-01-09,sl,False,0.055118110236220375,-0.055118110236220486,-0.047244094488189003,-0.051500000000000004,-0.048744094488189005,0.014248031496062965
KRW-MOC,2026-01-09,tp,False,0.15555555555555545,0.0,0.029629629629629672,0.0985,0.0985,0.0985
KRW-HIVE,2026-01-09,none,False,0.0,-0.037267080745341574,-0.012422360248447228,-0.013922360248447228,-0.013922360248447228,-0.026344720496894458
KRW-ZIL,2026-01-09,none,False,0.015463917525773141,-0.021907216494845394,-0.009020618556700999,-0.010520618556700998,-0.010520618556700998,-0.005365979381443174
KRW-AKT,2026-01-09,none,False,0.065359477124183,-0.004901960784313708,0.031045751633986818,0.029545751633986816,0.029545751633986816,0.014839869281045694
KRW-MOVE,2026-01-09,sl,False,0.0,-0.07326007326007322,-0.04395604395604391,-0.051500000000000004,-0.04545604395604391,-0.019815018315018362
KRW-ARK,2026-01-09,none,False,0.0046948356807512415,-0.023474178403755874,0.0,-0.0015,-0.0015,-0.00854225352112675
KRW-WLD,2026-01-09,none,False,0.029239766081871288,-0.01403508771929829,-0.0035087719298245723,-0.005008771929824572,-0.005008771929824572,-0.0026695906432748205
KRW-BSV,2026-01-09,none,False,0.00805040252012601,-0.016800840042002108,0.0056002800140007025,0.004100280014000703,0.004100280014000703,-0.003950122506125307
KRW-SNT,2026-01-09,none,False,0.034782608695652195,-0.026086956521739202,-0.004347826086956608,-0.005847826086956607,-0.005847826086956607,-0.010195652173912993
KRW-XTZ,2026-01-09,none,False,0.027906976744185963,-0.019767441860465085,-0.0034883720930232176,-0.004988372093023217,-0.004988372093023217,-0.0003372093023256682
KRW-KERNEL,2026-01-09,none,False,0.04424778761061954,-0.008849557522123908,0.008849557522123908,0.007349557522123908,0.007349557522123908,0.007349557522123908
KRW-0G,2026-01-09,none,False,0.0029940119760478723,-0.030688622754491024,-0.0119760479041916,-0.0134760479041916,-0.0134760479041916,-0.008236526946107823
KRW-ERA,2026-01-09,none,False,0.0066006600660066805,-0.02310231023102305,-0.00990099009900991,-0.01140099009900991,-0.01140099009900991,-0.01470132013201325
KRW-TIA,2026-01-09,none,False,0.05838509316770191,-0.008695652173912993,0.011180124223602483,0.009680124223602484,0.009680124223602484,0.008437888198757739
KRW-HOLO,2026-01-09,none,False,0.03703703703703698,-0.0092592592592593,0.02777777777777768,0.026277777777777678,0.026277777777777678,0.007759259259259301
KRW-DOT,2026-01-09,none,False,0.016515544041450836,-0.024287564766839354,-0.0058290155440414715,-0.007329015544041471,-0.007329015544041471,-0.0027953367875647715
KRW-LSK,2026-01-09,none,False,0.009803921568627416,-0.019607843137254943,0.0,-0.0015,-0.0015,-0.0015
KRW-COW,2026-01-09,none,False,0.014880952380952328,-0.014880952380952328,-0.005952380952380931,-0.007452380952380931,-0.007452380952380931,-0.0015
KRW-SIGN,2026-01-09,none,False,0.02645502645502651,-0.010582010582010581,0.01058201058201047,0.00908201058201047,0.00908201058201047,-0.0015
KRW-MTL,2026-01-09,none,False,0.008445945945946054,-0.020270270270270285,0.0016891891891892552,0.00018918918918925517,0.00018918918918925517,-0.004878378378378399
KRW-LINEA,2026-01-09,none,False,0.026156941649899457,-0.019114688128772594,-0.003018108651911433,-0.004518108651911433,-0.004518108651911433,0.014596579476861273
KRW-KITE,2026-01-09,none,False,0.04477611940298498,-0.02985074626865669,0.03731343283582089,0.03581343283582089,0.03581343283582089,-0.0015
KRW-EGLD,2026-01-09,none,False,0.09931113662456936,-0.009184845005740572,0.05855338691159595,0.05705338691159595,0.05705338691159595,0.003092422502870175
KRW-MLK,2026-01-09,none,False,0.050420168067226934,-0.025210084033613467,-0.008403361344537785,-0.009903361344537785,-0.009903361344537785,-0.009903361344537785
KRW-RENDER,2026-01-09,tp,False,0.1354001898133501,-0.019297690604239137,0.09459031951913954,0.0985,0.0985,0.026972002530844696
KRW-DRIFT,2026-01-09,none,False,0.05439330543933063,-0.025104602510460206,-0.004184100418409997,-0.005684100418409997,-0.005684100418409997,0.002684100418409997
KRW-SAHARA,2026-01-09,none,False,0.0,-0.02919708029197088,-0.017031630170316392,-0.018531630170316393,-0.018531630170316393,-0.006366180048661905
KRW-ONDO,2026-01-09,none,False,0.01675041876046901,-0.021775544388609736,-0.00670016750418756,-0.00820016750418756,-0.00820016750418756,-0.006525125628140725
KRW-XRP,2026-01-09,none,False,0.020927237604636106,-0.019639407598197045,-0.006761107533805544,-0.008261107533805543,-0.008261107533805543,0.00268544752092731
KRW-MVL,2026-01-09,none,False,0.018050541516245522,-0.032490974729241784,-0.0036101083032491488,-0.005110108303249148,-0.005110108303249148,-0.008720216606498186
KRW-OP,2026-01-09,none,False,0.032608695652173836,-0.010869565217391353,0.008695652173912993,0.007195652173912994,0.007195652173912994,0.009369565217391353
KRW-PROVE,2026-01-10,none,False,0.040756914119359555,-0.02183406113537123,0.004366812227074135,0.002866812227074135,0.002866812227074135,-0.02333406113537123
KRW-SYRUP,2026-01-10,none,False,0.03321678321678312,-0.0174825174825175,0.019230769230769162,0.01773076923076916,0.01773076923076916,-0.01723426573426573
KRW-2Z,2026-01-10,none,False,0.005780346820809301,-0.017341040462427793,-0.017341040462427793,-0.018841040462427794,-0.018841040462427794,-0.013060693641618491
KRW-QTUM,2026-01-10,none,False,0.0205011389521641,-0.015945330296127547,0.0018223234624146212,0.00032232346241462114,0.00032232346241462114,-0.00013325740318908966
KRW-ARDR,2026-01-10,none,False,0.042025862068965525,-0.014008620689655138,-0.004310344827586077,-0.005810344827586076,-0.005810344827586076,-0.010120689655172375
KRW-GAS,2026-01-10,none,False,0.009648303765950716,-0.01711795829442886,-0.012138188608776801,-0.0136381886087768,-0.0136381886087768,-0.015194366635543131
KRW-ARK,2026-01-10,none,False,0.025761124121779888,-0.00936768149882905,0.0,-0.0015,-0.0015,0.00786768149882905
KRW-ENA,2026-01-10,none,False,0.005847953216374213,-0.023391812865497075,-0.01754385964912286,-0.019043859649122863,-0.019043859649122863,-0.013195906432748537
KRW-OP,2026-01-10,none,False,0.0431034482758621,-0.010775862068965525,0.015086206896551824,0.013586206896551824,0.013586206896551824,-0.007965517241379337
KRW-F,2026-01-10,none,False,0.019607843137255054,-0.009803921568627416,0.0,-0.0015,-0.0015,-0.0015
KRW-MANTRA,2026-01-10,none,False,0.02586206896551735,-0.017241379310344862,-0.008620689655172376,-0.010120689655172375,-0.010120689655172375,-0.010120689655172375
KRW-BREV,2026-01-10,none,False,0.02405498281786933,-0.04982817869415812,-0.037800687285223344,-0.039300687285223346,-0.039300687285223346,-0.0015
KRW-SONIC,2026-01-10,none,False,0.03305785123966931,-0.008264462809917328,-0.008264462809917328,-0.009764462809917327,-0.009764462809917327,0.015028925619834656
KRW-JST,2026-01-10,sl,False,0.0,-0.08206686930091178,-0.07598784194528874,-0.051500000000000004,-0.07748784194528874,-0.009098784194528862
KRW-MOODENG,2026-01-10,none,False,0.0,-0.040983606557377095,-0.024590163934426257,-0.026090163934426258,-0.026090163934426258,-0.026090163934426258
KRW-BIGTIME,2026-01-10,none,False,0.002958579881656931,-0.029585798816568087,-0.017751479289940697,-0.0192514792899407,-0.0192514792899407,-0.010375739644970348
KRW-AERO,2026-01-10,none,False,0.0,-0.0283600493218249,-0.022194821208384674,-0.023694821208384675,-0.023694821208384675,-0.022461775585696675
KRW-CELO,2026-01-10,none,False,0.07567567567567557,-0.027027027027026973,0.043243243243243246,0.041743243243243244,0.041743243243243244,-0.00690540540540535
KRW-STRAX,2026-01-10,tp,False,0.10571428571428587,-0.02000000000000013,0.005714285714285783,0.0985,0.0985,0.0985
KRW-A,2026-01-10,none,False,0.04669260700389111,-0.0077821011673151474,0.01945525291828787,0.017955252918287867,0.017955252918287867,-0.005391050583657573
KRW-ADA,2026-01-10,none,False,0.0034662045060658286,-0.017331022530329254,-0.006932409012131768,-0.008432409012131768,-0.008432409012131768,-0.0066993067590987426
KRW-AKT,2026-01-10,tp,False,0.23771790808240878,-0.01267828843106178,0.11885895404120439,0.0985,0.0985,-0.009423930269413626
KRW-MTL,2026-01-10,none,False,0.008431703204047292,-0.010118043844856706,-0.003372681281618939,-0.0048726812816189385,-0.0048726812816189385,-0.006559021922428352
KRW-CARV,2026-01-10,none,False,0.011560693641618602,-0.017341040462427793,0.0,-0.0015,-0.0015,-0.0015
KRW-ZETA,2026-01-10,tp,False,0.125,-0.017857142857142905,0.02678571428571419,0.0985,0.0985,-0.010428571428571396
KRW-ZKC,2026-01-10,none,False,0.01744186046511631,-0.023255813953488413,0.005813953488372103,0.004313953488372104,0.004313953488372104,-0.013127906976744206
KRW-BSV,2026-01-10,none,False,0.002436477549599747,-0.01844761573268361,-0.008701705534284732,-0.010201705534284731,-0.010201705534284731,-0.012986251305255823
KRW-CBK,2026-01-10,none,False,0.024714828897338448,-0.011406844106463865,0.0019011406844107182,0.0004011406844107181,0.0004011406844107181,-0.0015
KRW-USD1,2026-01-10,none,False,0.004081632653061273,-0.0020408163265306367,0.004081632653061273,0.0025816326530612734,0.0025816326530612734,0.0025816326530612734
KRW-AVAX,2026-01-10,none,False,0.012315270935960632,-0.009852216748768461,-0.0009852216748768017,-0.0024852216748768017,-0.0024852216748768017,-0.006918719211822686
KRW-WET,2026-01-10,sl,False,0.0,-0.0847457627118644,-0.06355932203389836,-0.051500000000000004,-0.06505932203389836,-0.014211864406779627
KRW-RVN,2026-01-10,none,False,0.008849557522123908,-0.017699115044247926,0.0,-0.0015,-0.0015,-0.010349557522124018
KRW-RENDER,2026-01-10,none,False,0.011268419531927254,-0.04911875180583647,-0.02571511123952619,-0.02721511123952619,-0.02721511123952619,-0.036460993932389496
KRW-ID,2026-01-10,tp,False,0.4476190476190476,-0.01904761904761909,0.19999999999999996,0.0985,0.0985,-0.01102380952380949
KRW-IN,2026-01-10,none,False,0.018867924528301883,-0.018867924528301883,-0.009433962264150941,-0.010933962264150941,-0.010933962264150941,-0.010933962264150941
KRW-ETC,2026-01-10,none,False,0.010787486515641875,-0.008629989212513456,-0.0016181229773463146,-0.0031181229773463146,-0.0031181229773463146,-0.004196871628910413
KRW-ALT,2026-01-10,none,False,0.010471204188481575,-0.015706806282722585,-0.005235602094240899,-0.006735602094240898,-0.006735602094240898,-0.011971204188481797
KRW-BCH,2026-01-10,none,False,0.028357410379882264,-0.005350454788657033,0.015516318887105474,0.014016318887105474,0.014016318887105474,-0.004175227394328572
KRW-ARKM,2026-01-10,none,False,0.02287581699346397,-0.022875816993464082,-0.009803921568627416,-0.011303921568627416,-0.011303921568627416,-0.017839869281045806
KRW-GRT,2026-01-10,none,False,0.011217948717948678,-0.03044871794871795,-0.014423076923076872,-0.015923076923076873,-0.015923076923076873,-0.020730769230769164
KRW-HUNT,2026-01-10,none,False,0.051724137931034475,-0.02155172413793105,-0.008620689655172376,-0.010120689655172375,-0.010120689655172375,0.007120689655172376
KRW-ONDO,2026-01-10,none,False,0.01180438448566612,-0.010118043844856706,-0.006745362563237767,-0.008245362563237766,-0.008245362563237766,-0.0048726812816189385
KRW-MASK,2026-01-11,none,False,0.010266940451745477,-0.02361396303901442,-0.01642710472279263,-0.01792710472279263,-0.01792710472279263,0.006713552361396204
KRW-XRP,2026-01-11,none,False,0.005514109633473874,-0.02043464158287378,-0.011028219266947747,-0.012528219266947747,-0.012528219266947747,-0.0005269218293870157
KRW-LAYER,2026-01-11,none,False,0.02008032128514059,-0.028112449799196804,-0.012048192771084376,-0.013548192771084376,-0.013548192771084376,0.006532128514056325
KRW-1INCH,2026-01-11,none,False,0.013157894736842035,-0.03508771929824561,-0.021929824561403466,-0.023429824561403467,-0.023429824561403467,0.0028859649122806043
KRW-POL,2026-01-11,sl,False,0.04580152671755733,-0.09160305343511455,-0.07633587786259544,-0.051500000000000004,-0.07783587786259544,0.002316793893129722
KRW-GLM,2026-01-11,none,False,0.032258064516129004,-0.03456221198156684,0.02304147465437789,0.02154147465437789,0.02154147465437789,-0.0038041474654378336
KRW-SHIB,2026-01-11,none,False,0.0078125,-0.0390625,-0.0234375,-0.0249375,-0.0249375,-0.0015
KRW-BORA,2026-01-11,none,False,0.0,-0.03884892086330938,-0.025899280575539474,-0.027399280575539475,-0.027399280575539475,-0.020205035971222973
KRW-LA,2026-01-11,none,False,0.03687635574837311,-0.030368763557483747,-0.02819956616052066,-0.029699566160520663,-0.029699566160520663,0.0006691973969630851
KRW-MEW,2026-01-11,none,False,0.020270270270270396,-0.020270270270270285,0.0,-0.0015,-0.0015,0.005256756756756799
KRW-PROVE,2026-01-11,none,False,0.004354136429608024,-0.0420899854862119,-0.03338171262699563,-0.03488171262699563,-0.03488171262699563,-0.007305515239477476
KRW-GMT,2026-01-11,sl,False,0.0521472392638036,-0.12269938650306744,-0.11963190184049088,-0.051500000000000004,-0.12113190184049089,-0.051500000000000004
KRW-TREE,2026-01-11,none,False,0.024844720496894457,-0.03105590062111796,-0.018633540372670843,-0.020133540372670844,-0.020133540372670844,0.010922360248447229
KRW-STX,2026-01-11,none,False,0.03859649122807007,-0.02631578947368418,-0.010526315789473717,-0.012026315789473717,-0.012026315789473717,-0.0015
KRW-TAIKO,2026-01-11,none,False,0.0,-0.029629629629629672,-0.025925925925925908,-0.02742592592592591,-0.02742592592592591,-0.012611111111111071
KRW-CARV,2026-01-11,none,False,0.011627906976744207,-0.023255813953488413,-0.011627906976744207,-0.013127906976744206,-0.013127906976744206,0.004313953488372104
KRW-HBAR,2026-01-11,none,False,0.005747126436781658,-0.02298850574712641,-0.011494252873563204,-0.012994252873563204,-0.012994252873563204,-0.007247126436781657
KRW-HP,2026-01-11,none,False,0.008498583569405138,-0.03399433427762033,-0.028328611898017053,-0.029828611898017054,-0.029828611898017054,-0.018497167138810056
KRW-SEI,2026-01-11,none,False,0.016949152542372836,-0.005649717514124242,0.005649717514124353,0.004149717514124353,0.004149717514124353,0.004149717514124353
KRW-HYPER,2026-01-11,tp,False,0.3715846994535519,0.0,0.22404371584699456,0.0985,0.0985,0.0985
KRW-F,2026-01-11,none,False,0.03921568627450989,-0.019607843137254832,0.0,-0.0015,-0.0015,0.008303921568627639
KRW-AGLD,2026-01-11,tp,False,0.10093896713615025,-0.04225352112676062,-0.030516431924882625,0.0985,0.0985,0.0985
KRW-APT,2026-01-11,none,False,0.008230452674897082,-0.037411148522259685,-0.026936026936026924,-0.028436026936026926,-0.028436026936026926,0.00037055742611308414
KRW-FF,2026-01-11,none,False,0.04651162790697683,0.0,0.007751937984496138,0.006251937984496138,0.006251937984496138,0.021755813953488412
KRW-AAVE,2026-01-11,none,False,0.036169338265515716,-0.0012330456226880004,0.014385532264693746,0.012885532264693746,0.012885532264693746,0.0013771064529387047
KRW-JST,2026-01-11,none,False,0.0033003300330032292,-0.03960396039603953,-0.031353135313531344,-0.032853135313531345,-0.032853135313531345,-0.026252475247524776
KRW-BIO,2026-01-11,tp,False,0.1901840490797544,-0.042944785276073705,-0.024539877300613466,0.0985,0.0985,0.0985
KRW-VTHO,2026-01-11,none,False,0.008000000000000007,-0.040000000000000036,-0.016000000000000014,-0.017500000000000016,-0.017500000000000016,-0.0015
KRW-CKB,2026-01-11,none,False,0.004987531172069959,-0.024937655860349017,-0.0174563591022443,-0.018956359102244302,-0.018956359102244302,-0.003993765586034868
KRW-SOL,2026-01-11,none,False,0.03842315369261473,-0.0014970059880239361,0.0239520958083832,0.0224520958083832,0.0224520958083832,0.0004960079840319888
KRW-STEEM,2026-01-11,none,False,0.0,-0.03669724770642202,-0.03669724770642202,-0.03819724770642202,-0.03819724770642202,-0.01067431192660545
KRW-XAUT,2026-01-11,none,False,0.005108173076923128,-0.004507211538461564,0.0037560096153845812,0.002256009615384581,0.002256009615384581,-0.002100961538461564
KRW-KITE,2026-01-11,none,False,0.03759398496240607,-0.015037593984962405,-0.007518796992481258,-0.009018796992481258,-0.009018796992481258,0.013537593984962517
KRW-ENSO,2026-01-11,none,False,0.055668016194331926,-0.011133603238866363,-0.002024291497975672,-0.003524291497975672,-0.003524291497975672,0.004572874493927128
KRW-SAFE,2026-01-11,sl,False,0.0,-0.07916666666666672,-0.0708333333333333,-0.051500000000000004,-0.0723333333333333,-0.01816666666666672
KRW-CTC,2026-01-11,tp,False,0.13868613138686126,-0.014598540145985384,0.038929440389294356,0.0985,0.0985,0.0985
KRW-YGG,2026-01-11,none,False,0.01980198019801982,-0.036633663366336666,-0.02871287128712874,-0.03021287128712874,-0.03021287128712874,-0.0015
KRW-PENGU,2026-01-11,none,False,0.04571428571428582,-0.011428571428571344,0.017142857142857126,0.015642857142857125,0.015642857142857125,0.021357142857142686
KRW-ZK,2026-01-11,none,False,0.0078125,-0.03710937500000011,-0.0234375,-0.0249375,-0.0249375,-0.02103125
KRW-PUNDIX,2026-01-11,none,False,0.0,-0.04347826086956519,-0.03260869565217395,-0.03410869565217395,-0.03410869565217395,-0.006934782608695676
KRW-TFUEL,2026-01-11,none,False,0.0033670033670034627,-0.03703703703703698,-0.030303030303030276,-0.03180303030303028,-0.03180303030303028,-0.02170202020202011
KRW-PEPE,2026-01-11,none,False,0.017123287671232834,-0.04109589041095896,-0.026255707762557146,-0.027755707762557147,-0.027755707762557147,0.004207762557077612
KRW-ADA,2026-01-11,none,False,0.017452006980802848,-0.010471204188481686,0.0017452006980802626,0.00024520069808026254,0.00024520069808026254,0.001990401396160525
KRW-DOT,2026-01-11,none,False,0.011993517017828248,-0.026580226904376003,-0.014586709886547866,-0.016086709886547867,-0.016086709886547867,0.0014173419773096398
KRW-WCT,2026-01-11,none,False,0.0608695652173914,0.0,0.026086956521739202,0.0245869565217392,0.0245869565217392,0.007195652173912994
KRW-IOST,2026-01-11,none,False,0.01195219123505975,-0.02390438247011939,-0.015936254980079556,-0.017436254980079557,-0.017436254980079557,-0.0015
KRW-ATH,2026-01-11,none,False,0.013071895424836555,-0.03921568627450989,-0.013071895424836666,-0.014571895424836665,-0.014571895424836665,-0.0015
KRW-BTC,2026-01-11,none,False,0.005595379879103746,-0.002973715946458122,0.0014906032074184505,-9.396792581549494e-06,-9.396792581549494e-06,-0.0005636914526265233
KRW-COW,2026-01-11,none,False,0.024464831804281273,-0.006116207951070374,0.012232415902140747,0.010732415902140748,0.010732415902140748,0.004616207951070374
KRW-AERGO,2026-01-11,none,False,0.008376963350785305,-0.030366492146596924,-0.023036649214659755,-0.024536649214659756,-0.024536649214659756,-0.011971204188481686
KRW-MOODENG,2026-01-11,sl,False,0.025210084033613356,-0.050420168067226934,-0.025210084033613467,-0.051500000000000004,-0.026710084033613468,-0.0015
KRW-XPL,2026-01-11,none,False,0.054621848739495826,-0.008403361344537785,0.021008403361344463,0.019508403361344462,0.019508403361344462,0.015306722689075571
KRW-CVC,2026-01-11,none,False,0.0,-0.0449438202247191,-0.0393258426966292,-0.0408258426966292,-0.0408258426966292,-0.022567415730337104
KRW-MINA,2026-01-11,none,False,0.016000000000000014,-0.040000000000000036,-0.02400000000000002,-0.025500000000000023,-0.025500000000000023,-0.0015
KRW-FCT2,2026-01-11,none,False,0.026431718061673992,-0.048458149779735615,-0.022026431718061623,-0.023526431718061624,-0.023526431718061624,-0.027931718061673882
KRW-QTUM,2026-01-11,none,False,0.041438979963570155,-0.042805100182149336,-0.03460837887067392,-0.03610837887067392,-0.03610837887067392,-0.00013387978142070803
KRW-RED,2026-01-11,tp,False,0.10540540540540544,-0.008108108108108136,0.06486486486486487,0.0985,0.0985,0.012013513513513598
KRW-BTT,2026-01-12,none,False,0.07954545454545459,-0.01461038961038963,-0.008116883116883189,-0.009616883116883189,-0.009616883116883189,0.0017467532467530535
KRW-A,2026-01-12,none,False,0.027888446215139417,-0.019920318725099584,-0.01195219123505975,-0.01345219123505975,-0.01345219123505975,0.014436254980079668
KRW-EGLD,2026-01-12,none,False,0.008201202843083566,-0.046473482777473984,-0.04264625478403494,-0.044146254784034944,-0.044146254784034944,-0.006967468562055821
KRW-CELO,2026-01-12,none,False,0.021621621621621623,-0.037837837837837784,-0.027027027027026973,-0.028527027027026974,-0.028527027027026974,0.0093108108108107
KRW-FLUID,2026-01-12,none,False,0.02092609082813901,-0.020703472840605475,-0.017586821015137977,-0.019086821015137978,-0.019086821015137978,0.005178539626001845
KRW-JUP,2026-01-12,none,False,0.03525641025641035,-0.028846153846153855,-0.02564102564102566,-0.027141025641025662,-0.027141025641025662,0.02414102564102555
KRW-PUNDIX,2026-01-12,none,False,0.008474576271186418,-0.03389830508474578,-0.02259887005649719,-0.02409887005649719,-0.02409887005649719,-0.0015
KRW-TOKAMAK,2026-01-12,none,False,0.026339691189827485,-0.014532243415077195,-0.0036330608537693543,-0.005133060853769354,-0.005133060853769354,0.0012247956403269047
KRW-ELF,2026-01-12,sl,False,0.0,-0.09580838323353291,-0.07185628742514971,-0.051500000000000004,-0.07335628742514971,-0.051500000000000004
KRW-ETH,2026-01-12,none,False,0.015458306118005583,-0.01328107990420202,-0.00566078815588944,-0.00716078815588944,-0.00716078815588944,0.008732963204876988
KRW-MEW,2026-01-12,none,False,0.04081632653061229,-0.03401360544217691,-0.020408163265306145,-0.021908163265306146,-0.021908163265306146,0.018908163265306144
KRW-MMT,2026-01-12,none,False,0.04878048780487809,-0.04065040650406504,0.0,-0.0015,-0.0015,-0.028600271002710065
KRW-ONG,2026-01-12,none,False,0.007518796992481258,-0.03007518796992481,-0.022556390977443663,-0.024056390977443665,-0.024056390977443665,-0.0015
KRW-CYBER,2026-01-12,none,False,0.058139534883721034,-0.04114490161001794,-0.027728085867620766,-0.029228085867620768,-0.029228085867620768,-0.023861359570661878
KRW-LINEA,2026-01-12,none,False,0.0269151138716357,-0.02898550724637672,-0.021739130434782705,-0.023239130434782707,-0.023239130434782707,0.006781573498964745
KRW-MIRA,2026-01-12,sl,False,0.009433962264151052,-0.05188679245283023,-0.04245283018867929,-0.051500000000000004,-0.04395283018867929,-0.029801886792452825
KRW-TRUST,2026-01-12,none,False,0.024242424242424176,-0.030303030303030276,-0.012121212121212088,-0.013621212121212088,-0.013621212121212088,0.0106212121212122
KRW-AXL,2026-01-12,none,False,0.02857142857142847,-0.02857142857142858,-0.00952380952380949,-0.01102380952380949,-0.01102380952380949,0.00802380952380949
KRW-NEO,2026-01-12,none,False,0.012334801762114544,-0.03964757709251099,-0.03436123348017617,-0.03586123348017617,-0.03586123348017617,-0.005024229074889917
KRW-LSK,2026-01-12,sl,False,0.0033333333333334103,-0.05666666666666664,-0.036666666666666625,-0.051500000000000004,-0.03816666666666663,-0.014833333333333308
KRW-KERNEL,2026-01-12,none,False,0.0185185185185186,-0.03703703703703709,-0.01851851851851849,-0.02001851851851849,-0.02001851851851849,-0.0015
KRW-SNT,2026-01-12,none,False,0.009090909090909038,-0.040909090909090895,-0.027272727272727337,-0.02877272727272734,-0.02877272727272734,-0.0015
KRW-POWR,2026-01-12,none,False,0.014705882352941124,-0.03676470588235292,-0.022058823529411797,-0.0235588235294118,-0.0235588235294118,0.0058529411764705625
KRW-STEEM,2026-01-12,none,False,0.01904761904761898,-0.01904761904761909,-0.01904761904761909,-0.020547619047619092,-0.020547619047619092,0.00802380952380949
KRW-OP,2026-01-12,none,False,0.056034482758620774,-0.023706896551724088,-0.02155172413793105,-0.02305172413793105,-0.02305172413793105,0.03513793103448265
KRW-CRO,2026-01-12,none,False,0.027210884353741527,-0.013605442176870763,0.0,-0.0015,-0.0015,0.018908163265306144
KRW-LA,2026-01-12,none,False,0.011135857461024523,-0.03786191536748329,-0.03340757238307346,-0.03490757238307346,-0.03490757238307346,-0.0015
KRW-UNI,2026-01-12,none,False,0.030548628428927582,-0.025561097256857845,-0.014339152119700715,-0.015839152119700717,-0.015839152119700717,0.012215710723191999
KRW-TFUEL,2026-01-12,none,False,0.0,-0.04166666666666663,-0.01388888888888895,-0.01538888888888895,-0.01538888888888895,-0.00844444444444442
KRW-KAITO,2026-01-12,tp,False,0.21790341578327443,-0.014134275618374548,0.1142520612485276,0.0985,0.0985,0.006744994110718551
KRW-GRT,2026-01-12,none,False,0.03921568627450989,-0.02777777777777779,-0.022875816993464193,-0.024375816993464194,-0.024375816993464194,0.01647385620915026
KRW-ID,2026-01-12,sl,False,0.008620689655172376,-0.06034482758620685,-0.0431034482758621,-0.051500000000000004,-0.0446034482758621,-0.051500000000000004
KRW-STX,2026-01-12,none,False,0.0478723404255319,-0.03546099290780147,-0.012411347517730542,-0.013911347517730542,-0.013911347517730542,0.003819148936170137
KRW-KNC,2026-01-12,none,False,0.014367816091954033,-0.02298850574712641,-0.005747126436781658,-0.007247126436781657,-0.007247126436781657,0.004247126436781658
KRW-FLOCK,2026-01-12,none,False,0.007518796992481258,-0.03759398496240607,-0.03007518796992481,-0.03157518796992481,-0.03157518796992481,-0.0015
KRW-TAIKO,2026-01-12,none,False,0.011406844106463865,-0.03041825095057038,-0.011406844106463865,-0.012906844106463864,-0.012906844106463864,0.0023022813688212142
KRW-CPOOL,2026-01-12,sl,False,0.0,-0.05870445344129549,-0.04858299595141702,-0.051500000000000004,-0.05008299595141702,-0.051500000000000004
KRW-JST,2026-01-12,none,False,0.05119453924914685,-0.0017064846416382506,0.018771331058020424,0.017271331058020423,0.017271331058020423,-0.0015
KRW-WAXP,2026-01-12,none,False,0.015748031496063186,-0.03149606299212593,-0.023622047244094446,-0.025122047244094448,-0.025122047244094448,-0.0015
KRW-SAHARA,2026-01-12,sl,False,0.007317073170731714,-0.06829268292682922,-0.046341463414634076,-0.051500000000000004,-0.04784146341463408,-0.051500000000000004
KRW-MLK,2026-01-12,sl,False,0.0,-0.0625,-0.0357142857142857,-0.051500000000000004,-0.0372142857142857,-0.019357142857142906
KRW-BERA,2026-01-12,sl,False,0.002331002331002363,-0.053613053613053574,-0.038461538461538436,-0.051500000000000004,-0.03996153846153844,-0.013155011655011704
KRW-ORDER,2026-01-12,sl,False,0.020408163265306145,-0.05442176870748294,-0.04081632653061229,-0.051500000000000004,-0.04231632653061229,-0.0015
KRW-GAS,2026-01-12,none,False,0.008427876823338787,-0.03144246353322533,-0.026904376012965914,-0.028404376012965915,-0.028404376012965915,-0.006686385737439236
KRW-MOODENG,2026-01-12,none,False,0.05217391304347818,-0.008695652173912993,0.0,-0.0015,-0.0015,0.033282608695652194
KRW-SOL,2026-01-12,none,False,0.03312226010716035,-0.005845104724792938,0.00048709206039943,-0.00101290793960057,-0.00101290793960057,0.019932050657574252
KRW-MOVE,2026-01-12,none,False,0.009861932938856066,-0.03550295857988173,-0.021696252465483234,-0.023196252465483236,-0.023196252465483236,-0.0034723865877712133
KRW-ALT,2026-01-12,none,False,0.02659574468085113,-0.02659574468085102,-0.015957446808510634,-0.017457446808510635,-0.017457446808510635,0.014457446808510634
KRW-VANA,2026-01-12,none,False,0.014026884862653466,-0.01782583284628869,-0.004967855055523107,-0.006467855055523107,-0.006467855055523107,0.0005455873758036258
KRW-CKB,2026-01-12,none,False,0.020356234096692072,-0.03307888040712481,-0.027989821882951738,-0.02948982188295174,-0.02948982188295174,0.006133587786259444
KRW-IQ,2026-01-12,sl,False,0.003968253968253954,-0.07539682539682535,-0.039682539682539764,-0.051500000000000004,-0.041182539682539765,-0.005468253968254065
KRW-SAND,2026-01-12,none,False,0.023255813953488413,-0.04069767441860461,-0.023255813953488413,-0.024755813953488415,-0.024755813953488415,-0.0015
KRW-SHIB,2026-01-12,none,False,0.03200000000000003,-0.02400000000000002,-0.008000000000000118,-0.009500000000000118,-0.009500000000000118,0.014499999999999793
KRW-AGLD,2026-01-13,tp,False,0.10539215686274517,-0.014705882352941124,0.07352941176470584,0.0985,0.0985,0.0985
KRW-NEWT,2026-01-13,none,False,0.03333333333333344,-0.020000000000000018,0.026666666666666616,0.025166666666666615,0.025166666666666615,-0.00816666666666671
KRW-VTHO,2026-01-13,none,False,0.06666666666666665,0.0,0.050000000000000044,0.04850000000000004,0.04850000000000004,0.006833333333333304
KRW-MMT,2026-01-13,none,False,0.01897018970189701,-0.016260162601625994,0.008130081300812941,0.006630081300812942,0.006630081300812942,-0.017760162601625995
KRW-BCH,2026-01-13,none,False,0.008728859792689558,-0.021822149481723896,-0.0054555373704310295,-0.006955537370431029,-0.006955537370431029,-0.009683306055646433
KRW-SUI,2026-01-13,none,False,0.08923076923076922,-0.00423076923076926,0.06153846153846154,0.06003846153846154,0.06003846153846154,0.0008076923076923439
KRW-SNT,2026-01-13,none,False,0.04672897196261672,-0.009345794392523366,0.03738317757009346,0.03588317757009346,0.03588317757009346,0.0031728971962617382
KRW-ALT,2026-01-13,none,False,0.09729729729729741,-0.005405405405405461,0.08108108108108114,0.07958108108108114,0.07958108108108114,0.014716216216216273
KRW-ICX,2026-01-13,none,False,0.06921241050119331,-0.0023866348448687846,0.05489260143198105,0.053392601431981046,0.053392601431981046,0.017593078758950054
KRW-SIGN,2026-01-13,none,False,0.016129032258064502,-0.024193548387096753,0.011290322580645107,0.009790322580645107,0.009790322580645107,-0.00956451612903225
KRW-ELF,2026-01-13,none,False,0.05844155844155852,-0.01948051948051943,0.032467532467532534,0.030967532467532533,0.030967532467532533,-0.0015
KRW-POWR,2026-01-13,none,False,0.05970149253731338,-0.007462686567164201,0.052238805970149294,0.05073880597014929,0.05073880597014929,0.00596268656716409
KRW-HBAR,2026-01-13,none,False,0.07692307692307687,0.0,0.06508875739644981,0.06358875739644981,0.06358875739644981,0.00441715976331364
KRW-WET,2026-01-13,none,False,0.06930693069306937,-0.004950495049504955,0.054455445544554504,0.0529554455445545,0.0529554455445545,0.003450495049504955
KRW-ETH,2026-01-13,none,False,0.07291438581125465,-0.0008758484782133147,0.06634552222465517,0.06484552222465517,0.06484552222465517,0.004849901467046282
KRW-SYRUP,2026-01-13,none,False,0.04006968641114983,-0.020905923344947785,0.019163763066202044,0.017663763066202043,0.017663763066202043,0.010695121951219523
KRW-RED,2026-01-13,none,False,0.03733333333333344,-0.01866666666666672,0.029333333333333433,0.027833333333333432,0.027833333333333432,-0.009500000000000007
KRW-MOVE,2026-01-13,none,False,0.06854838709677424,-0.008064516129032251,0.058467741935483764,0.05696774193548376,0.05696774193548376,0.0025322580645160144
KRW-BERA,2026-01-13,none,False,0.05818181818181811,-0.016969696969696968,0.038787878787878816,0.037287878787878814,0.037287878787878814,-0.014833333333333308
KRW-DRIFT,2026-01-13,tp,False,0.14414414414414423,-0.009009009009009028,0.0855855855855856,0.0985,0.0985,0.007509009009008917
KRW-MON,2026-01-13,none,False,0.08235294117647052,-0.026470588235294024,0.06470588235294117,0.06320588235294117,0.06320588235294117,-0.0044411764705882244
KRW-MOODENG,2026-01-13,tp,False,0.10526315789473695,0.0,0.07894736842105265,0.0985,0.0985,0.007271929824561431
KRW-BARD,2026-01-13,none,False,0.04137931034482767,-0.010344827586206917,0.039655172413793016,0.038155172413793015,0.038155172413793015,-0.005810344827586187
KRW-POL,2026-01-13,none,False,0.072072072072072,-0.018018018018018056,0.03603603603603611,0.03453603603603611,0.03453603603603611,0.012013513513513598
KRW-ZKP,2026-01-13,tp,False,0.22051282051282062,-0.01538461538461533,0.11282051282051286,0.0985,0.0985,0.02414102564102555
KRW-ADA,2026-01-13,none,False,0.0945709281961471,-0.005253940455341555,0.08056042031523636,0.07906042031523636,0.07906042031523636,-0.0015
KRW-OP,2026-01-13,tp,False,0.20879120879120872,-0.00219780219780219,0.18241758241758244,0.0985,0.0985,0.01828021978021971
KRW-MED,2026-01-13,none,False,0.03398058252427183,-0.02669902912621369,0.03398058252427183,0.03248058252427183,0.03248058252427183,-0.018490291262136027
KRW-NEAR,2026-01-13,tp,False,0.12236628849270659,0.0,0.10413290113452178,0.0985,0.0985,0.014302269043760031
KRW-TRX,2026-01-13,none,False,0.018099547511312153,-0.004524886877828038,0.018099547511312153,0.01659954751131215,0.01659954751131215,0.0007624434389140191
KRW-BIO,2026-01-13,tp,False,0.10766721044045702,-0.0032626427406198255,0.08972267536704726,0.0985,0.0985,0.00828792822185981
KRW-KAITO,2026-01-13,tp,False,0.15961945031712466,-0.039112050739957716,0.12473572938689226,0.0985,0.0985,-0.017356236786469303
KRW-IOST,2026-01-13,none,False,0.046025104602510414,-0.004184100418410108,0.03347280334728042,0.03197280334728042,0.03197280334728042,-0.0015
KRW-AUCTION,2026-01-13,none,False,0.04789272030651337,-0.003831417624521105,0.03512132822477643,0.033621328224776426,0.033621328224776426,0.013187100893997496
KRW-AVNT,2026-01-13,none,False,0.044871794871794934,-0.019230769230769273,0.03205128205128216,0.030551282051282158,0.030551282051282158,-0.003636752136752129
KRW-TT,2026-01-13,none,False,0.03977272727272729,-0.011363636363636354,0.02840909090909083,0.026909090909090827,0.026909090909090827,-0.007181818181818232
KRW-ME,2026-01-13,none,False,0.07692307692307687,-0.0033444816053511683,0.0635451505016722,0.0620451505016722,0.0620451505016722,0.011877926421404674
KRW-ONT,2026-01-13,none,False,0.08724100327153761,-0.008724100327153761,0.0447110141766629,0.0432110141766629,0.0432110141766629,0.0017715376226826187
KRW-UNI,2026-01-13,none,False,0.07201516108654449,-0.0025268477574226234,0.06064434617814274,0.05914434617814274,0.05914434617814274,-0.00023657612128874387
KRW-USD1,2026-01-13,none,False,0.0033967391304348116,-0.006114130434782594,-0.0027173913043477826,-0.004217391304347782,-0.004217391304347782,-0.0008206521739130821
KRW-OPEN,2026-01-13,none,False,0.05439330543933063,-0.008368200836820106,0.046025104602510414,0.04452510460251041,0.04452510460251041,0.006868200836819995
KRW-AQT,2026-01-13,none,False,0.04814004376367609,-0.01422319474835887,0.029540481400437635,0.028040481400437633,0.028040481400437633,-0.002594091903719896
KRW-SEI,2026-01-13,none,False,0.08045977011494254,0.0,0.06896551724137923,0.06746551724137922,0.06746551724137922,0.009994252873563316
KRW-VET,2026-01-13,none,False,0.08982035928143706,-0.0059880239520956335,0.06586826347305408,0.06436826347305408,0.06436826347305408,0.004488023952095967
KRW-HIVE,2026-01-15,sl,False,0.0062893081761006275,-0.05031446540880502,-0.03144654088050314,-0.051500000000000004,-0.03294654088050314,-0.02665723270440251
KRW-FLUID,2026-01-15,none,False,0.017016806722689015,-0.03361344537815125,0.017016806722689015,0.015516806722689016,0.015516806722689016,-0.02586974789915969
KRW-ERA,2026-01-15,none,False,0.052959501557632294,-0.012461059190031154,0.028037383177569986,0.026537383177569984,0.026537383177569984,-0.004615264797507788
KRW-ETH,2026-01-15,none,False,0.010372178157413092,-0.021354484441732713,-0.005287777099857616,-0.006787777099857615,-0.006787777099857615,-0.020210595891803906
KRW-ZK,2026-01-15,none,False,0.05384615384615388,-0.04807692307692313,-0.0346153846153846,-0.036115384615384605,-0.036115384615384605,-0.03226923076923077
KRW-ZRX,2026-01-15,none,False,0.0714285714285714,-0.023809523809523836,0.04761904761904767,0.04611904761904767,0.04611904761904767,-0.020547619047619092
KRW-AQT,2026-01-15,none,False,0.011702127659574568,-0.03510638297872337,-0.023404255319148914,-0.024904255319148916,-0.024904255319148916,-0.011074468085106424
KRW-ICX,2026-01-15,none,False,0.007900677200902928,-0.04514672686230248,-0.02934537246049651,-0.030845372460496512,-0.030845372460496512,-0.029716704288939078
KRW-NEO,2026-01-15,none,False,0.006814310051107331,-0.04429301533219765,-0.035775127768313486,-0.03727512776831349,-0.03727512776831349,-0.02109114139693352
KRW-ORBS,2026-01-15,none,False,0.06586826347305408,-0.017964071856287456,0.0,-0.0015,-0.0015,0.01047604790419149
KRW-BCH,2026-01-15,none,False,0.051252847380409916,-0.03189066059225509,-0.006833712984054663,-0.008333712984054662,-0.008333712984054662,0.0024863325740319144
KRW-LAYER,2026-01-15,sl,False,0.07200000000000006,-0.06000000000000005,-0.03600000000000003,-0.051500000000000004,-0.03750000000000003,-0.01350000000000001
KRW-ONDO,2026-01-15,sl,False,0.0,-0.05942275042444822,-0.04753820033955858,-0.051500000000000004,-0.04903820033955858,-0.040549235993208865
KRW-W,2026-01-15,sl,False,0.04448398576512447,-0.06227758007117434,-0.039145907473309705,-0.051500000000000004,-0.040645907473309706,-0.024631672597864862
KRW-NXPC,2026-01-15,none,False,0.012345679012345734,-0.024691358024691357,-0.007054673721340388,-0.008554673721340387,-0.008554673721340387,-0.024427689594356317
KRW-VTHO,2026-01-15,none,False,0.023809523809523725,-0.031746031746031744,0.0,-0.0015,-0.0015,-0.009436507936507908
KRW-WLFI,2026-01-15,none,False,0.0077821011673151474,-0.04280155642023342,-0.0311284046692607,-0.0326284046692607,-0.0326284046692607,-0.02873735408560313
KRW-WLD,2026-01-15,sl,False,0.005688282138794021,-0.06939704209328779,-0.056882821387940874,-0.051500000000000004,-0.058382821387940875,-0.03562969283276446
KRW-AAVE,2026-01-15,none,False,0.002295332823259333,-0.044376434583014546,-0.03175210405508799,-0.033252104055087994,-0.033252104055087994,-0.03057421576128544
KRW-1INCH,2026-01-15,none,False,0.017094017094017033,-0.042735042735042694,-0.02564102564102566,-0.027141025641025662,-0.027141025641025662,-0.018594017094017146
KRW-MANA,2026-01-15,none,False,0.0,-0.04977375565610864,-0.03619909502262442,-0.03769909502262442,-0.03769909502262442,-0.03769909502262442
KRW-IQ,2026-01-15,none,False,0.003968253968253954,-0.04365079365079361,-0.02777777777777768,-0.02927777777777768,-0.02927777777777768,-0.021341269841269772
KRW-PUNDIX,2026-01-15,none,False,0.0,-0.030470914127423865,-0.01939058171745156,-0.020890581717451562,-0.020890581717451562,-0.009810249307479256
KRW-KNC,2026-01-15,none,False,0.0,-0.0393258426966292,-0.028089887640449396,-0.029589887640449397,-0.029589887640449397,-0.023971910112359607
KRW-CRO,2026-01-15,none,False,0.0066225165562914245,-0.026490066225165587,-0.019867549668874163,-0.021367549668874164,-0.021367549668874164,-0.021367549668874164
KRW-SONIC,2026-01-15,none,False,0.008928571428571397,-0.044642857142857095,-0.0267857142857143,-0.028285714285714303,-0.028285714285714303,-0.019357142857142906
KRW-ASTR,2026-01-15,sl,False,0.0,-0.059523809523809534,-0.03571428571428581,-0.051500000000000004,-0.03721428571428581,-0.03126190476190477
KRW-FLOCK,2026-01-15,sl,False,0.02898550724637672,-0.05797101449275366,-0.036231884057971064,-0.051500000000000004,-0.037731884057971066,-0.023239130434782596
KRW-TT,2026-01-15,none,False,0.03333333333333344,-0.01666666666666672,-0.011111111111111072,-0.012611111111111071,-0.012611111111111071,0.020722222222222142
KRW-BSV,2026-01-15,none,False,0.04004106776180705,-0.02053388090349073,-0.000684462696783017,-0.002184462696783017,-0.002184462696783017,-0.019638261464750173
KRW-XAUT,2026-01-15,none,False,0.006212098801952282,-0.005472563230291327,0.0026623280579796127,0.0011623280579796127,0.0011623280579796127,-0.0037186067149829736
KRW-VANA,2026-01-15,sl,False,0.04065484311050471,-0.058663028649386106,-0.05184174624829463,-0.051500000000000004,-0.05334174624829463,-0.04351909959072303
KRW-WAL,2026-01-15,sl,False,0.0,-0.06866952789699576,-0.05150214592274682,-0.051500000000000004,-0.053002145922746824,-0.051500000000000004
KRW-ARKM,2026-01-15,sl,False,0.006309148264984188,-0.06940063091482651,-0.050473186119873836,-0.051500000000000004,-0.05197318611987384,-0.03935488958990535
KRW-QKC,2026-01-15,none,False,0.006106870229007688,-0.016793893129770865,-0.013740458015267132,-0.015240458015267131,-0.015240458015267131,-0.004553435114503733
KRW-CPOOL,2026-01-15,none,False,0.0,-0.03397027600849256,-0.025477707006369532,-0.026977707006369533,-0.026977707006369533,-0.026977707006369533
KRW-TRX,2026-01-15,none,False,0.03363228699551568,-0.004484304932735439,0.03363228699551568,0.03213228699551568,0.03213228699551568,0.002984304932735439
KRW-MASK,2026-01-15,sl,False,0.0,-0.06796116504854366,-0.05242718446601946,-0.051500000000000004,-0.05392718446601946,-0.04616019417475731
KRW-KERNEL,2026-01-15,none,False,0.02678571428571419,-0.0357142857142857,-0.017857142857142905,-0.019357142857142906,-0.019357142857142906,-0.0015
KRW-OP,2026-01-15,none,False,0.058252427184465994,-0.03689320388349515,-0.025242718446601975,-0.026742718446601976,-0.026742718446601976,-0.013150485436893176
KRW-A,2026-01-15,sl,False,0.0,-0.05681818181818177,-0.04166666666666663,-0.051500000000000004,-0.04316666666666663,-0.028015151515151493
KRW-SUPER,2026-01-15,none,False,0.050000000000000044,-0.04062500000000002,-0.021874999999999978,-0.02337499999999998,-0.02337499999999998,-0.013999999999999955
KRW-BREV,2026-01-15,sl,False,0.09071729957805896,-0.05696202531645567,-0.03164556962025311,-0.051500000000000004,-0.03314556962025311,-0.051500000000000004
KRW-ARB,2026-01-15,sl,False,0.006269592476489061,-0.050156739811912265,-0.028213166144200663,-0.051500000000000004,-0.029713166144200664,-0.026578369905956134
KRW-F,2026-01-15,none,False,0.0,-0.03069306930693072,0.0,-0.0015,-0.0015,-0.028232673267326647
KRW-HOLO,2026-01-15,tp,False,0.12389380530973448,-0.026548672566371723,0.0,0.0985,0.0985,0.02504867256637172
KRW-ELF,2026-01-15,sl,False,0.0,-0.05769230769230771,-0.05128205128205132,-0.051500000000000004,-0.05278205128205132,-0.051500000000000004
KRW-HUNT,2026-01-15,none,False,0.07623318385650224,-0.03139013452914796,-0.017937219730941756,-0.019437219730941757,-0.019437219730941757,0.007468609865470878
KRW-AWE,2026-01-15,none,False,0.0011890606420927874,-0.04637336504161704,-0.03923900118906065,-0.04073900118906065,-0.04073900118906065,-0.01814684898929836
KRW-TAIKO,2026-01-15,none,False,0.003731343283582156,-0.03731343283582089,-0.02985074626865669,-0.03135074626865669,-0.03135074626865669,-0.020156716417910447
KRW-FCT2,2026-01-15,sl,False,0.004484304932735439,-0.058295964125560595,-0.04035874439461895,-0.051500000000000004,-0.04185874439461895,-0.028405829596412635
KRW-PENDLE,2026-01-15,sl,False,0.002130249543518037,-0.06390748630553866,-0.05051734631771154,-0.051500000000000004,-0.052017346317711544,-0.029497565429093153
KRW-POWR,2026-01-15,none,False,0.0071428571428571175,-0.02857142857142858,-0.021428571428571463,-0.022928571428571465,-0.022928571428571465,-0.022928571428571465
KRW-ANKR,2026-01-15,sl,False,0.009345794392523477,-0.06542056074766345,-0.04672897196261683,-0.051500000000000004,-0.04822897196261683,-0.029537383177569987
KRW-CYBER,2026-01-15,none,False,0.002640845070422504,-0.0484154929577465,-0.029049295774647876,-0.030549295774647878,-0.030549295774647878,-0.03319014084507038
KRW-MOC,2026-01-15,none,False,0.00910746812386165,-0.02732240437158473,-0.02003642987249543,-0.021536429872495433,-0.021536429872495433,-0.023357923497267674
KRW-COMP,2026-01-15,none,False,0.00871948181365223,-0.03512705530642746,-0.01868460388639759,-0.02018460388639759,-0.02018460388639759,-0.01794245142002987
KRW-ENS,2026-01-15,sl,False,0.0,-0.05941213258286426,-0.04502814258911825,-0.051500000000000004,-0.04652814258911825,-0.03214415259537212
KRW-ARDR,2026-01-15,none,False,0.0,-0.02399127589967287,-0.017448200654307633,-0.018948200654307634,-0.018948200654307634,-0.02003871319520173
KRW-IP,2026-01-15,sl,False,0.06903353057199202,-0.24043392504930972,-0.1806706114398422,-0.051500000000000004,-0.1821706114398422,-0.051500000000000004
KRW-IN,2026-01-15,sl,False,0.0,-0.07075471698113212,-0.05660377358490565,-0.051500000000000004,-0.05810377358490565,-0.03923584905660377
KRW-FF,2026-01-15,none,False,0.023076923076922995,-0.03076923076923077,-0.01538461538461533,-0.01688461538461533,-0.01688461538461533,-0.01688461538461533
KRW-ENA,2026-01-15,sl,False,0.002873563218390718,-0.06609195402298851,-0.048850574712643646,-0.051500000000000004,-0.05035057471264365,-0.03885632183908044
KRW-BORA,2026-01-15,none,False,0.0044709388971686526,-0.03576751117734711,-0.02235469448584204,-0.023854694485842043,-0.023854694485842043,-0.017893442622950728
KRW-RAY,2026-01-15,sl,False,0.0027762354247640175,-0.07995558023320382,-0.06662965019433653,-0.051500000000000004,-0.06812965019433653,-0.04036729594669625
KRW-ALGO,2026-01-15,sl,False,0.004999999999999893,-0.06499999999999995,-0.06000000000000005,-0.051500000000000004,-0.061500000000000055,-0.02150000000000002
KRW-WET,2026-01-15,sl,False,0.024154589371980784,-0.08695652173913049,-0.048309178743961345,-0.051500000000000004,-0.049809178743961346,-0.025654589371980674
KRW-MED,2026-01-15,none,False,0.0,-0.042154566744730615,-0.03747072599531598,-0.03897072599531598,-0.03897072599531598,-0.03897072599531598
KRW-HBAR,2026-01-15,sl,False,0.0,-0.05524861878453036,-0.03867403314917128,-0.051500000000000004,-0.040174033149171284,-0.03464917127071826
KRW-SHIB,2026-01-15,none,False,0.0078125,-0.046875,-0.03125000000000011,-0.03275000000000011,-0.03275000000000011,-0.0249375
KRW-PROVE,2026-01-15,sl,False,0.004672897196261738,-0.07009345794392519,-0.05919003115264798,-0.051500000000000004,-0.06069003115264798,-0.034210280373831725
KRW-DRIFT,2026-01-15,sl,False,0.022556390977443552,-0.08270676691729328,-0.041353383458646586,-0.051500000000000004,-0.04285338345864659,-0.051500000000000004
KRW-AVNT,2026-01-15,sl,False,0.002105263157894832,-0.1010526315789474,-0.08842105263157896,-0.051500000000000004,-0.08992105263157896,-0.04150000000000004
KRW-ATOM,2026-01-15,none,False,0.005548216644649884,-0.047556142668428,-0.0351387054161163,-0.0366387054161163,-0.0366387054161163,-0.018144649933949764
KRW-KITE,2026-01-15,none,False,0.03623188405797095,-0.01449275362318836,0.021739130434782705,0.020239130434782704,0.020239130434782704,-0.0015
KRW-WCT,2026-01-15,sl,False,0.008196721311475308,-0.06557377049180324,-0.049180327868852514,-0.051500000000000004,-0.050680327868852515,-0.051500000000000004
KRW-BOUNTY,2026-01-15,sl,False,0.0,-0.12863070539419097,-0.10373443983402486,-0.051500000000000004,-0.10523443983402486,-0.051500000000000004
KRW-DOGE,2026-01-15,sl,False,0.0,-0.05092592592592593,-0.04166666666666663,-0.051500000000000004,-0.04316666666666663,-0.02927777777777779
KRW-BAT,2026-01-15,sl,False,0.016666666666666607,-0.06999999999999995,-0.053333333333333344,-0.051500000000000004,-0.054833333333333345,-0.03150000000000003
KRW-MANTRA,2026-01-16,none,False,0.027027027027026973,-0.018018018018018056,0.027027027027026973,0.02552702702702697,0.02552702702702697,-0.019518018018018057
KRW-AVAX,2026-01-16,none,False,0.004418262150220897,-0.0402552773686794,-0.014236622484045114,-0.015736622484045115,-0.015736622484045115,-0.006900098183603319
KRW-RED,2026-01-16,none,False,0.016348773841961872,-0.021798365122615793,0.01089918256130784,0.009399182561307841,0.009399182561307841,-0.0015
KRW-ADA,2026-01-16,none,False,0.01379310344827589,-0.03103448275862064,0.006896551724137945,0.005396551724137945,0.005396551724137945,-0.006672413793103403
KRW-ASTR,2026-01-16,none,False,0.024844720496894235,-0.006211180124223725,0.024844720496894235,0.023344720496894233,0.023344720496894233,-0.0015
KRW-ALT,2026-01-16,none,False,0.08791208791208804,-0.01098901098901095,0.0714285714285714,0.0699285714285714,0.0699285714285714,-0.0069945054945053636
KRW-MIRA,2026-01-16,none,False,0.014999999999999902,-0.020000000000000018,0.014999999999999902,0.013499999999999903,0.013499999999999903,-0.011500000000000008
KRW-ZORA,2026-01-16,none,False,0.041825095057034245,-0.0019011406844107182,0.034220532319391594,0.03272053231939159,0.03272053231939159,0.015610266159695798
KRW-CELO,2026-01-16,none,False,0.06951871657754016,-0.005347593582887722,0.06417112299465244,0.06267112299465244,0.06267112299465244,0.003847593582887722
KRW-W,2026-01-16,none,False,0.005555555555555536,-0.03703703703703709,-0.0018518518518518823,-0.0033518518518518823,-0.0033518518518518823,-0.0015
KRW-ICX,2026-01-16,none,False,0.027874564459930307,-0.018583042973286834,0.024390243902439046,0.022890243902439045,0.022890243902439045,-0.013114401858304313
KRW-RENDER,2026-01-16,none,False,0.036074594925099346,-0.02384591867930297,0.009782940996637013,0.008282940996637013,0.008282940996637013,-0.01586869458881074
KRW-MED,2026-01-16,tp,False,0.2968369829683697,0.0,0.12895377128953744,0.0985,0.0985,0.0985
KRW-BERA,2026-01-16,none,False,0.0983772819472617,-0.04361054766734285,0.03651115618661249,0.03501115618661249,0.03501115618661249,-0.022798174442190622
KRW-AKT,2026-01-16,none,False,0.004243281471004279,-0.03111739745403108,-0.028288543140028266,-0.029788543140028267,-0.029788543140028267,-0.012815417256011262
KRW-WAL,2026-01-16,none,False,0.09049773755656099,-0.004524886877828038,0.05882352941176472,0.05732352941176472,0.05732352941176472,0.025649321266968228
KRW-PUMP,2026-01-16,tp,False,0.13749999999999996,-0.0024999999999999467,0.09000000000000008,0.0985,0.0985,0.01600000000000007
KRW-SC,2026-01-16,none,False,0.016528925619834656,-0.004132231404958553,0.016528925619834656,0.015028925619834656,0.015028925619834656,0.006764462809917328
KRW-BIO,2026-01-16,tp,False,0.1446740858505564,-0.019077901430842537,0.10333863275039756,0.0985,0.0985,8.982511923699829e-05
KRW-PUNDIX,2026-01-16,none,False,0.016949152542372836,-0.01412429378531077,0.016949152542372836,0.015449152542372837,0.015449152542372837,-0.007149717514124241
KRW-CBK,2026-01-16,none,False,0.013752455795677854,-0.01964636542239684,0.005893909626718985,0.004393909626718985,0.004393909626718985,0.004393909626718985
KRW-ANIME,2026-01-16,none,False,0.017857142857143016,-0.03571428571428559,-0.008928571428571397,-0.010428571428571396,-0.010428571428571396,-0.0015
KRW-ONDO,2026-01-16,none,False,0.017825311942959,-0.021390374331550777,0.00891265597147961,0.007412655971479611,0.007412655971479611,-0.008630124777183555
KRW-DEEP,2026-01-16,none,False,0.05502063273727642,-0.024759284731774356,0.005502063273727487,0.004002063273727487,0.004002063273727487,-0.0015
KRW-POKT,2026-01-16,none,False,0.005235602094240788,-0.03141361256544506,-0.005235602094240899,-0.006735602094240898,-0.006735602094240898,-0.006735602094240898
KRW-PYTH,2026-01-16,none,False,0.04088050314465397,-0.02515723270440262,0.03563941299790341,0.03413941299790341,0.03413941299790341,-0.003596436058700246
KRW-XPL,2026-01-16,none,False,0.03791469194312791,-0.033175355450236976,0.014218009478673022,0.012718009478673022,0.012718009478673022,-0.006239336492891044
KRW-NEO,2026-01-16,none,False,0.024778761061946986,-0.015929203539822967,0.024778761061946986,0.023278761061946984,0.023278761061946984,-0.0015
KRW-MOCA,2026-01-16,none,False,0.02686567164179099,-0.04477611940298509,0.020895522388059806,0.019395522388059805,0.019395522388059805,-0.034335820895522395
KRW-WET,2026-01-16,sl,False,0.015306122448979664,-0.05102040816326525,0.005102040816326481,-0.051500000000000004,0.0036020408163264807,-0.00660204081632648
KRW-IN,2026-01-16,none,False,0.010000000000000009,-0.0009999999999998899,0.010000000000000009,0.00850000000000001,0.00850000000000001,-0.0015
KRW-VANA,2026-01-16,none,False,0.0057553956834532904,-0.018705035971222972,0.004892086330935186,0.003392086330935186,0.003392086330935186,-0.010420863309352489
KRW-API3,2026-01-16,none,False,0.02808112324492984,-0.015600624024960985,0.02808112324492984,0.02658112324492984,0.02658112324492984,-0.0030600624024960652
KRW-DOOD,2026-01-16,none,False,0.014851485148514865,-0.027227722772277252,0.007425742574257432,0.005925742574257433,0.005925742574257433,-0.026252475247524776
KRW-NEWT,2026-01-16,none,False,0.026666666666666616,-0.013333333333333308,0.026666666666666616,0.025166666666666615,0.025166666666666615,-0.00816666666666671
KRW-SEI,2026-01-16,none,False,0.011235955056179803,-0.028089887640449396,-0.005617977528089901,-0.007117977528089901,-0.007117977528089901,-0.012735955056179802
KRW-MON,2026-01-16,none,False,0.021472392638036686,-0.039877300613496924,0.009202453987730008,0.007702453987730009,0.007702453987730009,-0.013769938650306677
KRW-GAS,2026-01-16,none,False,0.035865666775350524,-0.00847733941962825,0.03162699706553629,0.030126997065536287,0.030126997065536287,-0.0008478969677209723
KRW-SUI,2026-01-16,none,False,0.008768585589020272,-0.03431185665268777,0.005718642775447869,0.004218642775447869,0.004218642775447869,-0.004549942813572292
KRW-ETC,2026-01-16,none,False,0.01988178398710372,-0.024180548092423426,0.01182160128962928,0.01032160128962928,0.01032160128962928,0.00011203653949493205
KRW-VET,2026-01-16,none,False,0.03529411764705892,-0.0235294117647058,0.0235294117647058,0.022029411764705797,0.022029411764705797,-0.00738235294117656
KRW-THETA,2026-01-16,none,False,0.04260089686098656,-0.006726457399103158,0.03587443946188351,0.03437443946188351,0.03437443946188351,0.018679372197309363
KRW-HUNT,2026-01-16,none,False,0.022831050228310446,-0.0091324200913242,0.009132420091324311,0.007632420091324312,0.007632420091324312,-0.0015
KRW-TRUST,2026-01-16,none,False,0.0185185185185186,-0.024691358024691357,0.012345679012345734,0.010845679012345734,0.010845679012345734,-0.0076728395061728665
KRW-LSK,2026-01-16,none,False,0.03344481605351168,-0.010033444816053505,0.03344481605351168,0.03194481605351168,0.03194481605351168,0.0018444816053511683
KRW-CVC,2026-01-16,none,False,0.020437956204379715,-0.014598540145985384,0.013138686131386912,0.011638686131386912,0.011638686131386912,-0.004419708029197165
KRW-BREV,2026-01-16,none,False,0.07189542483660127,-0.023965141612200425,0.002178649237472685,0.0006786492374726851,0.0006786492374726851,0.013750544662309462
KRW-ID,2026-01-16,tp,False,0.10377358490566047,-0.009433962264150941,0.09433962264150941,0.0985,0.0985,-0.010933962264150941
KRW-ZBT,2026-01-16,none,False,0.006250000000000089,-0.03125,-0.006249999999999978,-0.007749999999999977,-0.007749999999999977,-0.0015
KRW-SAFE,2026-01-16,sl,True,0.12840466926070038,-0.054474708171206254,0.07392996108949412,-0.051500000000000004,0.0985,-0.051500000000000004
KRW-LINK,2026-01-16,none,False,0.008374384236453203,-0.01871921182266012,-0.0004926108374384564,-0.0019926108374384564,-0.0019926108374384564,-0.008396551724137944
KRW-SHIB,2026-01-16,none,False,0.024193548387096753,-0.032258064516129004,0.016129032258064502,0.014629032258064502,0.014629032258064502,-0.00956451612903225
KRW-LAYER,2026-01-16,none,False,0.020746887966804906,-0.024896265560165998,0.008298755186721962,0.006798755186721963,0.006798755186721963,0.002649377593360981
KRW-HP,2026-01-16,none,False,0.03333333333333344,-0.00303030303030305,0.021212121212121238,0.019712121212121236,0.019712121212121236,0.010621212121211978
KRW-HBAR,2026-01-16,none,False,0.01724137931034475,-0.028735632183908066,0.005747126436781658,0.004247126436781658,0.004247126436781658,-0.007247126436781657
KRW-FLUID,2026-01-16,none,False,0.0074349442379182396,-0.03572903758777368,0.00660883932259404,0.0051088393225940405,0.0051088393225940405,-0.027315778603882734
KRW-WAXP,2026-01-16,none,False,0.031746031746031855,-0.007936507936507908,0.031746031746031855,0.030246031746031854,0.030246031746031854,0.006436507936507909
KRW-BEAM,2026-01-17,none,False,0.0826086956521741,-0.006521739130434634,0.03260869565217406,0.031108695652174057,0.031108695652174057,-0.0036739130434782484
KRW-XRP,2026-01-17,none,False,0.00720602685882743,-0.005895840157222443,-0.0029479200786112214,-0.004447920078611221,-0.004447920078611221,-0.006085653455617455
KRW-XLM,2026-01-17,none,False,0.05688622754491024,-0.005988023952095856,0.017964071856287456,0.016464071856287454,0.016464071856287454,-0.004494011976047872
KRW-BLAST,2026-01-17,none,False,0.050000000000000044,-0.01666666666666672,0.008333333333333304,0.006833333333333304,0.006833333333333304,-0.0015
KRW-JTO,2026-01-17,none,False,0.011272141706924366,-0.048309178743961345,-0.04508856682769724,-0.04658856682769724,-0.04658856682769724,-0.014382447665056306
KRW-HUNT,2026-01-17,none,False,0.013452914798206317,-0.022421524663677084,0.0,-0.0015,-0.0015,-0.0059843049327354386
KRW-QKC,2026-01-17,none,False,0.020092735703245657,-0.004636785162287382,0.009273570324574987,0.007773570324574987,0.007773570324574987,4.559505409590511e-05
KRW-INJ,2026-01-17,none,False,0.044230769230769296,-0.0006410256410256387,0.00512820512820511,0.00362820512820511,0.00362820512820511,0.011320512820512775
KRW-FLUID,2026-01-17,none,False,0.023804637800123096,-0.013338805663862141,0.017853478350092322,0.01635347835009232,0.01635347835009232,-0.011965832136261066
KRW-IQ,2026-01-17,none,False,0.05263157894736836,0.0,0.0161943319838056,0.0146943319838056,0.0146943319838056,0.010645748987854255
KRW-GAS,2026-01-17,none,False,0.01106194690265494,-0.01927939317319849,-0.008533501896333728,-0.010033501896333728,-0.010033501896333728,-0.015406447534766108
KRW-SAND,2026-01-17,tp,False,0.2880434782608696,-0.005434782608695676,0.2065217391304348,0.0985,0.0985,0.0985
KRW-ANIME,2026-01-17,none,False,0.06306306306306309,-0.009009009009009028,0.027027027027027195,0.025527027027027194,0.025527027027027194,0.007509009009008917
KRW-SONIC,2026-01-17,none,False,0.06481481481481488,-0.01851851851851849,0.03703703703703698,0.03553703703703698,0.03553703703703698,-0.0107592592592593
KRW-NEAR,2026-01-17,none,False,0.044618395303326785,-0.003913894324853229,0.011350293542074397,0.009850293542074397,0.009850293542074397,-0.0007172211350294209
KRW-SNT,2026-01-17,none,False,0.017937219730941534,-0.013452914798206317,0.013452914798206317,0.011952914798206317,0.011952914798206317,-0.0059843049327354386
KRW-AVAX,2026-01-17,none,False,0.025411061285500747,-0.003986048829098143,0.01195814648729443,0.01045814648729443,0.01045814648729443,-0.0019982561036372957
KRW-BTT,2026-01-17,none,False,0.012882447665056418,-0.006441223832528209,0.006441223832528209,0.004941223832528209,0.004941223832528209,-0.0031103059581320523
KRW-PUNDIX,2026-01-17,none,False,0.011142061281337101,-0.00835654596100277,0.0027855153203342198,0.0012855153203342197,0.0012855153203342197,-0.00707103064066855
KRW-API3,2026-01-17,none,False,0.006069802731411222,-0.015174506828528056,-0.009104704097116834,-0.010604704097116833,-0.010604704097116833,-0.009087253414264028
KRW-ME,2026-01-17,none,False,0.042424242424242475,-0.018181818181818188,0.036363636363636376,0.034863636363636374,0.034863636363636374,-0.013621212121212088
KRW-SIGN,2026-01-17,none,False,0.005050505050505194,-0.03198653198653201,-0.030303030303030276,-0.03180303030303028,-0.03180303030303028,-0.006550505050504972
KRW-SUI,2026-01-17,none,False,0.014393939393939403,-0.006439393939393967,-0.0018939393939394478,-0.003393939393939448,-0.003393939393939448,-0.0030151515151514694
KRW-SYRUP,2026-01-17,none,False,0.016822429906542036,-0.013084112149532756,0.007476635514018781,0.005976635514018782,0.005976635514018782,-0.0015
KRW-ETH,2026-01-17,none,False,0.009034907597536002,-0.004106776180698102,0.003285420944558526,0.0017854209445585258,0.0017854209445585258,-0.0037587268993840004
KRW-GAME2,2026-01-17,tp,False,0.2411067193675891,0.0,0.11462450592885376,0.0985,0.0985,0.0985
KRW-CRO,2026-01-17,none,False,0.020000000000000018,-0.00666666666666671,0.0,-0.0015,-0.0015,-0.0015
KRW-ASTR,2026-01-17,none,False,0.07272727272727275,-0.018181818181818188,0.030303030303030276,0.028803030303030275,0.028803030303030275,-0.007560606060606099
KRW-SUPER,2026-01-17,tp,False,0.13793103448275867,-0.01567398119122254,0.056426332288401326,0.0985,0.0985,-0.010904388714733591
KRW-AHT,2026-01-17,none,False,0.04137931034482767,0.0,0.024137931034482918,0.022637931034482917,0.022637931034482917,0.01229310344827589
KRW-XPL,2026-01-17,none,False,0.0,-0.03738317757009346,-0.028037383177570097,-0.029537383177570098,-0.029537383177570098,-0.015518691588784992
KRW-ONT,2026-01-17,none,False,0.010000000000000009,-0.019000000000000017,-0.008000000000000007,-0.009500000000000007,-0.009500000000000007,-0.012499999999999898
KRW-HOLO,2026-01-17,none,False,0.04504504504504503,-0.018018018018018056,0.018018018018018056,0.016518018018018055,0.016518018018018055,-0.019518018018018057
KRW-STEEM,2026-01-17,none,False,0.0,-0.028301886792452824,0.0,-0.0015,-0.0015,-0.010933962264150941
KRW-ENA,2026-01-17,none,False,0.012232415902140747,-0.01834862385321101,-0.00917431192660545,-0.01067431192660545,-0.01067431192660545,-0.01067431192660545
KRW-ALT,2026-01-17,none,False,0.005102040816326481,-0.03571428571428581,-0.030612244897959218,-0.03211224489795922,-0.03211224489795922,-0.021908163265306257
KRW-IOTA,2026-01-17,none,False,0.03571428571428581,-0.0071428571428571175,0.0071428571428571175,0.005642857142857118,0.005642857142857118,-0.008642857142857117
KRW-TOKAMAK,2026-01-17,none,False,0.02268602540834852,-0.007259528130671544,0.00453720508166966,0.0030372050816696596,0.0030372050816696596,0.005759528130671545
KRW-ZETA,2026-01-17,none,False,0.04132231404958686,-0.024793388429752095,0.024793388429751984,0.023293388429751982,0.023293388429751982,-0.009764462809917327
KRW-TRUMP,2026-01-18,none,False,0.005092297899427223,-0.04455760661998731,-0.040738383195416894,-0.042238383195416895,-0.042238383195416895,-0.005319223424570306
KRW-WLFI,2026-01-18,none,False,0.028112449799196693,-0.012048192771084376,-0.012048192771084376,-0.013548192771084376,-0.013548192771084376,-0.005516064257028162
KRW-XRP,2026-01-18,none,False,0.0026281208935610145,-0.03088042049934292,-0.02890932982917216,-0.03040932982917216,-0.03040932982917216,-0.0015
KRW-ALT,2026-01-18,none,False,0.04210526315789487,-0.02631578947368418,-0.02631578947368418,-0.027815789473684183,-0.027815789473684183,-0.012026315789473606
KRW-BSV,2026-01-18,none,False,0.019177126917712783,-0.015341701534170138,-0.01324965132496514,-0.014749651324965139,-0.014749651324965139,-0.004289400278940035
KRW-ONDO,2026-01-18,sl,False,0.010544815465729274,-0.07557117750439368,-0.07205623901581726,-0.051500000000000004,-0.07355623901581726,0.00025746924428832326
KRW-WAVES,2026-01-18,none,False,0.0009999999999998899,-0.017000000000000015,-0.015000000000000013,-0.016500000000000015,-0.016500000000000015,-0.005500000000000003
KRW-LA,2026-01-18,none,False,0.02807775377969768,-0.02591792656587477,-0.02591792656587477,-0.027417926565874773,-0.027417926565874773,-0.005819654427645813
KRW-AVAX,2026-01-18,sl,False,0.006407097092163694,-0.05027106949236082,-0.049285362247412534,-0.051500000000000004,-0.050785362247412535,-0.00396426811237066
KRW-THETA,2026-01-18,sl,False,0.06679764243614938,-0.06876227897838905,-0.06876227897838905,-0.051500000000000004,-0.07026227897838905,-0.027040275049115936
KRW-ENSO,2026-01-18,none,False,0.01634320735444339,-0.036772216547497405,-0.036772216547497405,-0.038272216547497406,-0.038272216547497406,-0.010693054136874323
KRW-LPT,2026-01-18,none,False,0.023333333333333428,-0.045208333333333295,-0.04395833333333332,-0.04545833333333332,-0.04545833333333332,0.00933333333333325
KRW-KNC,2026-01-18,none,False,0.0028409090909091717,-0.03409090909090906,-0.03409090909090906,-0.03559090909090906,-0.03559090909090906,-0.007181818181818232
KRW-CPOOL,2026-01-18,none,False,0.0,-0.030634573304157642,-0.021881838074398252,-0.023381838074398253,-0.023381838074398253,-0.005876367614879694
KRW-SOL,2026-01-18,none,False,0.0018850141376061114,-0.03675777568331762,-0.03581526861451456,-0.03731526861451456,-0.03731526861451456,-0.006212535344015056
KRW-AQT,2026-01-18,none,False,0.007322175732217495,-0.013598326359832602,-0.009414225941422605,-0.010914225941422604,-0.010914225941422604,-0.013006276150627603
KRW-SIGN,2026-01-18,none,False,0.0034602076124568004,-0.04152249134948094,-0.03979238754325254,-0.04129238754325254,-0.04129238754325254,-0.00842041522491349
KRW-BTT,2026-01-18,none,False,0.0016000000000000458,-0.01760000000000006,-0.016000000000000014,-0.017500000000000016,-0.017500000000000016,-0.011100000000000053
KRW-SC,2026-01-18,none,False,0.0040000000000000036,-0.04800000000000004,-0.04399999999999993,-0.04549999999999993,-0.04549999999999993,-0.017500000000000016
KRW-MIRA,2026-01-18,sl,False,0.004901960784313708,-0.05882352941176472,-0.05882352941176472,-0.051500000000000004,-0.06032352941176472,-0.011303921568627416
KRW-ETH,2026-01-18,none,False,0.019033974621367244,-0.004911993450675389,-0.003683995088006542,-0.0051839950880065416,-0.0051839950880065416,0.0017746623004502595
KRW-APT,2026-01-18,sl,False,0.007979688066739099,-0.07181719260065289,-0.07145447950671024,-0.051500000000000004,-0.07295447950671025,-0.017822089227421067
KRW-AKT,2026-01-18,sl,False,0.0,-0.06666666666666665,-0.06666666666666665,-0.051500000000000004,-0.06816666666666665,-0.02703191489361706
KRW-G,2026-01-18,none,False,0.009735744089012455,-0.025034770514603677,-0.022253129346314293,-0.023753129346314295,-0.023753129346314295,-0.011235744089012565
KRW-ERA,2026-01-18,none,False,0.02359882005899716,-0.041297935103244865,-0.041297935103244865,-0.042797935103244866,-0.042797935103244866,-0.0044498525073746725
KRW-COMP,2026-01-18,none,False,0.035929648241205925,-0.035175879396984966,-0.0341708542713568,-0.0356708542713568,-0.0356708542713568,-0.009037688442211032
KRW-AERO,2026-01-18,sl,False,0.0073260073260073,-0.07081807081807079,-0.07081807081807079,-0.051500000000000004,-0.07231807081807079,-0.0161520146520146
KRW-XPL,2026-01-18,sl,False,0.009615384615384581,-0.06730769230769229,-0.05769230769230771,-0.051500000000000004,-0.05919230769230771,-0.01111538461538458
KRW-KAVA,2026-01-18,none,False,0.051851851851851816,-0.022222222222222254,0.0,-0.0015,-0.0015,0.020722222222222142
KRW-DOOD,2026-01-18,sl,False,0.006265664160400863,-0.0664160401002507,-0.06390977443609036,-0.051500000000000004,-0.06540977443609036,-0.015284461152882232
KRW-NEAR,2026-01-18,sl,False,0.01044891640866874,-0.06695046439628483,-0.06462848297213619,-0.051500000000000004,-0.0661284829721362,-0.015818885448916464
KRW-AXL,2026-01-18,sl,False,0.02586206896551735,-0.06896551724137934,-0.06034482758620685,-0.051500000000000004,-0.06184482758620685,-0.018741379310344863
KRW-VTHO,2026-01-18,none,False,0.015503875968992276,-0.03875968992248069,-0.03875968992248069,-0.04025968992248069,-0.04025968992248069,-0.0015
KRW-GAS,2026-01-18,none,False,0.004784688995215225,-0.0430622009569378,-0.0430622009569378,-0.0445622009569378,-0.0445622009569378,-0.010112440191387516
KRW-ZKC,2026-01-18,sl,False,0.06285714285714294,-0.05714285714285716,-0.05142857142857138,-0.051500000000000004,-0.05292857142857138,-0.030071428571428582
KRW-WET,2026-01-18,none,False,0.0736842105263158,-0.03157894736842104,-0.010526315789473717,-0.012026315789473717,-0.012026315789473717,-0.022552631578947324
KRW-TRX,2026-01-18,none,False,0.010638297872340496,-0.008510638297872353,0.0021276595744681437,0.0006276595744681437,0.0006276595744681437,0.007010638297872353
KRW-MOCA,2026-01-18,sl,False,0.06417112299465244,-0.050802139037433136,-0.0267379679144385,-0.051500000000000004,-0.0282379679144385,-0.03625935828876997
KRW-SOPH,2026-01-18,none,False,0.025252525252525304,-0.04040404040404044,-0.03535353535353536,-0.03685353535353536,-0.03685353535353536,-0.0015
KRW-KAITO,2026-01-18,none,False,0.024173027989821794,-0.026717557251908386,-0.024173027989821905,-0.025673027989821906,-0.025673027989821906,-0.019311704834605592
KRW-HUNT,2026-01-18,none,False,0.004484304932735439,-0.022421524663677084,-0.013452914798206317,-0.014952914798206316,-0.014952914798206316,-0.010468609865470878
KRW-CVC,2026-01-18,none,False,0.0056657223796034994,-0.03966005665722372,-0.03824362606232279,-0.03974362606232279,-0.03974362606232279,-0.009998583569405027
KRW-MMT,2026-01-18,sl,False,0.009374999999999911,-0.05312499999999998,-0.050000000000000044,-0.051500000000000004,-0.051500000000000046,-0.017125
KRW-DKA,2026-01-18,none,False,0.045940170940171,-0.029914529914529808,-0.02136752136752129,-0.022867521367521293,-0.022867521367521293,-0.01111538461538458
KRW-AERGO,2026-01-18,sl,False,0.0042194092827005925,-0.050632911392405,-0.044303797468354444,-0.051500000000000004,-0.045803797468354446,-0.027871308016877594
KRW-TOSHI,2026-01-18,sl,False,0.0041407867494824835,-0.07660455486542439,-0.07453416149068315,-0.051500000000000004,-0.07603416149068315,-0.01599275362318847
KRW-MANTRA,2026-01-18,none,False,0.03603603603603611,-0.04504504504504503,-0.04504504504504503,-0.04654504504504503,-0.04654504504504503,0.007509009009008917
KRW-SAHARA,2026-01-18,none,False,0.010126582278481067,-0.032911392405063244,-0.032911392405063244,-0.034411392405063246,-0.034411392405063246,-0.006563291139240533
KRW-PLUME,2026-01-18,sl,False,0.019685039370078705,-0.05905511811023623,-0.05905511811023623,-0.051500000000000004,-0.06055511811023623,-0.00543700787401563
KRW-OPEN,2026-01-18,none,False,0.06153846153846154,-0.019230769230769273,-0.007692307692307665,-0.009192307692307665,-0.009192307692307665,0.006192307692307665
KRW-MTL,2026-01-18,none,False,0.06984667802385003,-0.0017035775127768327,0.0034071550255536653,0.0019071550255536653,0.0019071550255536653,0.022350085178875656
KRW-ETC,2026-01-18,none,False,0.006329113924050667,-0.04166666666666663,-0.04166666666666663,-0.04316666666666663,-0.04316666666666663,-0.002554852320675148
KRW-JTO,2026-01-18,sl,False,0.010101010101010166,-0.06397306397306401,-0.062289562289562284,-0.051500000000000004,-0.06378956228956228,-0.008234006734006703
KRW-MET2,2026-01-18,tp,False,0.20094562647754133,-0.01654846335697402,0.042553191489361764,0.0985,0.0985,0.0985
KRW-W,2026-01-18,sl,False,0.01855287569573294,-0.05380333951762517,-0.048237476808905444,-0.051500000000000004,-0.049737476808905445,-0.008921150278293153
KRW-CBK,2026-01-18,none,False,0.005813953488372103,-0.019379844961240345,-0.013565891472868241,-0.01506589147286824,-0.01506589147286824,-0.009251937984496137
KRW-XTZ,2026-01-18,none,False,0.06861642294713155,-0.03149606299212604,-0.02924634420697414,-0.03074634420697414,-0.03074634420697414,0.02774634420697414
KRW-BIGTIME,2026-01-18,tp,False,0.1416893732970026,-0.02452316076294292,-0.013623978201634857,0.0985,0.0985,0.023023160762942807
KRW-IP,2026-01-18,tp,False,0.13594530633710233,-0.04286089929003423,0.07310018406521168,0.0985,0.0985,0.0416238495924271
KRW-LAYER,2026-01-18,sl,False,0.004166666666666652,-0.054166666666666696,-0.054166666666666696,-0.051500000000000004,-0.0556666666666667,-0.013999999999999955
KRW-SYRUP,2026-01-18,none,False,0.0018518518518517713,-0.04629629629629628,-0.04629629629629628,-0.04779629629629628,-0.04779629629629628,-0.012611111111111071
KRW-CTC,2026-01-18,sl,False,0.0023809523809523725,-0.050000000000000044,-0.04761904761904767,-0.051500000000000004,-0.04911904761904767,-0.015785714285714236
KRW-CELO,2026-01-18,none,False,0.08910891089108919,-0.02970297029702973,-0.024752475247524774,-0.026252475247524776,-0.026252475247524776,0.028202970297029728
KRW-GAME2,2026-01-18,sl,False,0.0035460992907803135,-0.07092198581560272,-0.06382978723404242,-0.051500000000000004,-0.06532978723404242,-0.051500000000000004
KRW-PROVE,2026-01-18,sl,False,0.009836065573770592,-0.06229508196721312,-0.059016393442622994,-0.051500000000000004,-0.060516393442622995,-0.01133606557377048
KRW-BOUNTY,2026-01-19,sl,False,0.0,-0.10208816705336421,-0.06496519721577731,-0.051500000000000004,-0.06646519721577732,-0.051500000000000004
KRW-DOOD,2026-01-19,sl,True,0.1271753681392236,-0.08299866131191436,-0.004016064257028051,-0.051500000000000004,0.0985,-0.051500000000000004
KRW-KAITO,2026-01-19,sl,False,0.0,-0.0847457627118644,-0.0743155149934811,-0.051500000000000004,-0.0758155149934811,-0.051500000000000004
KRW-CKB,2026-01-19,sl,False,0.005221932114882533,-0.08355091383812019,-0.023498694516971286,-0.051500000000000004,-0.024998694516971287,-0.051500000000000004
KRW-TOSHI,2026-01-19,tp,False,0.2170022371364655,-0.044742729306487705,0.029082774049216997,0.0985,0.0985,-0.019397091722595128
KRW-W,2026-01-19,sl,False,0.0,-0.1015625,-0.02734375000000011,-0.051500000000000004,-0.028843750000000112,-0.051500000000000004
KRW-KNC,2026-01-19,none,False,0.0,-0.04117647058823526,-0.008823529411764675,-0.010323529411764674,-0.010323529411764674,-0.016205882352941126
KRW-AHT,2026-01-19,sl,False,0.0,-0.05460750853242324,-0.03754266211604107,-0.051500000000000004,-0.03904266211604107,-0.051500000000000004
KRW-PLUME,2026-01-19,sl,False,0.012552301255230214,-0.11297071129707115,-0.05020920502092052,-0.051500000000000004,-0.05170920502092052,-0.051500000000000004
KRW-SEI,2026-01-19,sl,False,0.0,-0.09999999999999998,-0.04117647058823526,-0.051500000000000004,-0.04267647058823526,-0.051500000000000004
KRW-ARKM,2026-01-19,sl,False,0.0,-0.10526315789473684,-0.021052631578947323,-0.051500000000000004,-0.022552631578947324,-0.051500000000000004
KRW-XEC,2026-01-19,sl,False,0.0059880239520957446,-0.053892215568862145,-0.029940119760479056,-0.051500000000000004,-0.03144011976047906,-0.051500000000000004
KRW-CBK,2026-01-19,none,False,0.0019646365422396617,-0.037328094302554016,-0.027504911591355596,-0.029004911591355598,-0.029004911591355598,-0.0231110019646365
KRW-IQ,2026-01-19,none,False,0.0,-0.044534412955465674,-0.036437246963562875,-0.037937246963562876,-0.037937246963562876,-0.03388866396761131
KRW-API3,2026-01-19,sl,False,0.0,-0.11128775834658189,-0.025437201907790197,-0.051500000000000004,-0.026937201907790198,-0.051500000000000004
KRW-T,2026-01-19,sl,False,0.00694444444444442,-0.0625,-0.01388888888888895,-0.051500000000000004,-0.01538888888888895,-0.051500000000000004
KRW-RAY,2026-01-19,sl,False,0.0006353240152476847,-0.07369758576874208,-0.01842439644218552,-0.051500000000000004,-0.01992439644218552,-0.051500000000000004
KRW-ETH,2026-01-19,none,False,0.00041084634346755244,-0.03533278553820873,-0.029786359901396886,-0.03128635990139689,-0.03128635990139689,-0.020193508627773193
KRW-ORCA,2026-01-19,sl,False,0.002409638554216942,-0.08614457831325306,-0.024698795180722932,-0.051500000000000004,-0.026198795180722934,-0.051500000000000004
KRW-ENS,2026-01-19,sl,False,0.0,-0.062078272604588425,-0.04251012145748989,-0.051500000000000004,-0.04401012145748989,-0.051500000000000004
KRW-PENDLE,2026-01-19,sl,False,0.004089979550102152,-0.08111792774369464,-0.015337423312883458,-0.051500000000000004,-0.01683742331288346,-0.051500000000000004
KRW-NEO,2026-01-19,sl,False,0.0174064403829417,-0.060922541340295955,-0.03307223672758919,-0.051500000000000004,-0.03457223672758919,-0.051500000000000004
KRW-PUNDIX,2026-01-19,none,False,0.002873563218390718,-0.0431034482758621,0.0,-0.0015,-0.0015,-0.02161494252873558
KRW-GMT,2026-01-19,sl,False,0.0,-0.09293680297397766,-0.044609665427509215,-0.051500000000000004,-0.04610966542750922,-0.051500000000000004
KRW-CRO,2026-01-19,sl,False,0.006849315068493178,-0.06164383561643838,-0.047945205479452024,-0.051500000000000004,-0.049445205479452026,-0.022047945205479424
KRW-F,2026-01-19,sl,False,0.02263374485596703,-0.10288065843621397,-0.013374485596707952,-0.051500000000000004,-0.014874485596707952,-0.051500000000000004
KRW-ARDR,2026-01-19,none,False,0.028216704288938965,-0.025959367945823875,-0.0169300225733634,-0.018430022573363403,-0.018430022573363403,-0.016172686230248312
KRW-CARV,2026-01-19,sl,False,0.0,-0.17948717948717952,-0.09615384615384615,-0.051500000000000004,-0.09765384615384615,-0.051500000000000004
KRW-1INCH,2026-01-19,sl,False,0.0,-0.08968609865470856,-0.017937219730941756,-0.051500000000000004,-0.019437219730941757,-0.051500000000000004
KRW-RENDER,2026-01-19,sl,False,0.04292682926829272,-0.08943089430894313,-0.0003252032520325576,-0.051500000000000004,-0.0018252032520325577,-0.051500000000000004
KRW-ZK,2026-01-19,sl,False,0.0,-0.11111111111111116,-0.036363636363636265,-0.051500000000000004,-0.037863636363636266,-0.051500000000000004
KRW-HUNT,2026-01-19,none,False,0.009132420091324311,-0.04109589041095896,-0.022831050228310557,-0.024331050228310558,-0.024331050228310558,-0.019764840182648402
KRW-ALT,2026-01-19,sl,False,0.0,-0.0972972972972973,-0.027027027027026973,-0.051500000000000004,-0.028527027027026974,-0.051500000000000004
KRW-0G,2026-01-19,sl,False,0.0,-0.10476190476190472,-0.060317460317460325,-0.051500000000000004,-0.06181746031746033,-0.051500000000000004
KRW-XAUT,2026-01-19,none,False,0.07983859345727051,-0.020031704856607546,-0.0024499207378584353,-0.003949920737858435,-0.003949920737858435,-0.003949920737858435
KRW-LINEA,2026-01-19,sl,False,0.0,-0.10233592880978859,-0.06340378197997776,-0.051500000000000004,-0.06490378197997776,-0.051500000000000004
KRW-PEPE,2026-01-19,sl,False,0.0,-0.08518518518518514,-0.03580246913580243,-0.051500000000000004,-0.03730246913580243,-0.051500000000000004
KRW-BLUR,2026-01-19,sl,False,0.0,-0.09611829944547134,-0.08317929759704246,-0.051500000000000004,-0.08467929759704246,-0.051500000000000004
KRW-VTHO,2026-01-19,sl,False,0.008130081300812941,-0.07317073170731714,-0.024390243902439046,-0.051500000000000004,-0.025890243902439047,-0.051500000000000004
KRW-LA,2026-01-19,sl,False,0.0,-0.07743362831858402,-0.028761061946902644,-0.051500000000000004,-0.030261061946902645,-0.051500000000000004
KRW-EGLD,2026-01-19,sl,False,0.0,-0.0985324947589099,-0.04140461215932911,-0.051500000000000004,-0.042904612159329114,-0.051500000000000004
KRW-STX,2026-01-19,sl,False,0.0019607843137254832,-0.0862745098039216,-0.05882352941176472,-0.051500000000000004,-0.06032352941176472,-0.051500000000000004
KRW-AXS,2026-01-19,sl,False,0.06761565836298922,-0.13629893238434165,-0.12918149466192175,-0.051500000000000004,-0.13068149466192175,-0.051500000000000004
KRW-AERGO,2026-01-19,sl,False,0.0,-0.06319290465631933,-0.02882483370288258,-0.051500000000000004,-0.03032483370288258,-0.051500000000000004
KRW-RED,2026-01-19,sl,False,0.0,-0.10140845070422533,-0.030985915492957705,-0.051500000000000004,-0.032485915492957707,-0.051500000000000004
KRW-ATH,2026-01-19,sl,False,0.0,-0.099290780141844,-0.049645390070921946,-0.051500000000000004,-0.05114539007092195,-0.051500000000000004
KRW-FCT2,2026-01-19,none,False,0.05069124423963145,-0.027649769585253337,0.02764976958525356,0.026149769585253557,0.026149769585253557,-0.010716589861751112
KRW-SNT,2026-01-19,none,False,0.0,-0.041474654377880116,-0.027649769585253337,-0.029149769585253338,-0.029149769585253338,-0.033758064516129005
KRW-SOMI,2026-01-19,sl,False,0.0,-0.140625,-0.0625,-0.051500000000000004,-0.064,-0.051500000000000004
KRW-DOT,2026-01-19,sl,False,0.0,-0.0858635324844923,-0.01926216127979108,-0.051500000000000004,-0.02076216127979108,-0.051500000000000004
KRW-MOVE,2026-01-19,sl,False,0.0,-0.11224489795918358,-0.09183673469387754,-0.051500000000000004,-0.09333673469387754,-0.051500000000000004
KRW-USD1,2026-01-19,none,False,0.08417508417508412,-0.011447811447811485,-0.004040404040404066,-0.005540404040404066,-0.005540404040404066,-0.0035202020202020332
KRW-TRX,2026-01-19,none,False,0.010593220338983134,-0.03389830508474578,-0.02330508474576276,-0.024805084745762762,-0.024805084745762762,0.0006186440677967155
KRW-BLAST,2026-01-19,sl,False,0.008064516129032251,-0.08870967741935487,-0.06451612903225812,-0.051500000000000004,-0.06601612903225812,-0.051500000000000004
KRW-ONG,2026-01-19,sl,False,0.0,-0.06201550387596899,-0.03100775193798455,-0.051500000000000004,-0.03250775193798455,-0.051500000000000004
KRW-VET,2026-01-19,sl,False,0.0,-0.07926829268292679,-0.018292682926829062,-0.051500000000000004,-0.019792682926829064,-0.051500000000000004
KRW-MOC,2026-01-19,none,False,0.012939001848428777,-0.02957486136783738,-0.01663585951940849,-0.018135859519408493,-0.018135859519408493,-0.018135859519408493
KRW-ONT,2026-01-19,sl,False,0.0021276595744681437,-0.10212765957446801,-0.038297872340425476,-0.051500000000000004,-0.03979787234042548,-0.051500000000000004
KRW-BCH,2026-01-19,none,False,0.008561643835616417,-0.03424657534246578,-0.013127853881278573,-0.014627853881278572,-0.014627853881278572,-0.0020707762557077834
KRW-KAVA,2026-01-19,sl,False,0.014925373134328401,-0.06716417910447758,-0.052238805970149294,-0.051500000000000004,-0.053738805970149295,-0.051500000000000004
KRW-GRT,2026-01-19,sl,False,0.0033388981636059967,-0.13188647746243742,-0.046744574290484064,-0.051500000000000004,-0.048244574290484066,-0.051500000000000004
KRW-BORA,2026-01-20,sl,False,0.030913978494623517,-0.09811827956989261,-0.08064516129032262,-0.051500000000000004,-0.08214516129032262,-0.051500000000000004
KRW-SC,2026-01-20,none,False,0.008510638297872353,-0.042553191489361764,-0.03404255319148941,-0.03554255319148941,-0.03554255319148941,-0.0015
KRW-HBAR,2026-01-20,sl,False,0.0,-0.06060606060606055,-0.042424242424242475,-0.051500000000000004,-0.04392424242424248,-0.007560606060606099
KRW-AVNT,2026-01-20,sl,False,0.027459954233409523,-0.09153318077803207,-0.07551487414187641,-0.051500000000000004,-0.07701487414187641,-0.03124828375286043
KRW-VIRTUAL,2026-01-20,sl,False,0.018604651162790642,-0.08682170542635659,-0.07519379844961238,-0.051500000000000004,-0.07669379844961238,0.01090310077519391
KRW-OP,2026-01-20,sl,False,0.010548523206751037,-0.06540084388185652,-0.05485232067510548,-0.051500000000000004,-0.05635232067510548,-0.0015
KRW-WAL,2026-01-20,sl,False,0.004807692307692291,-0.07211538461538458,-0.0625,-0.051500000000000004,-0.064,-0.0015
KRW-ANKR,2026-01-20,sl,False,0.0,-0.0704081632653063,-0.06326530612244907,-0.051500000000000004,-0.06476530612244907,-0.017826530612244873
KRW-OPEN,2026-01-20,sl,False,0.02092050209205021,-0.08368200836820083,-0.07531380753138073,-0.051500000000000004,-0.07681380753138073,0.002684100418409997
KRW-IN,2026-01-20,sl,False,0.0021186440677964935,-0.07521186440677974,-0.06991525423728817,-0.051500000000000004,-0.07141525423728817,-0.00573728813559332
KRW-SEI,2026-01-20,none,False,0.006134969325153339,-0.042944785276073594,-0.036809815950920255,-0.038309815950920256,-0.038309815950920256,-0.0015
KRW-DEEP,2026-01-20,sl,False,0.0016103059581320522,-0.1030595813204509,-0.09661835748792269,-0.051500000000000004,-0.09811835748792269,-0.025654589371980674
KRW-INJ,2026-01-20,sl,False,0.004187020237264472,-0.07117934403349613,-0.06489881367759942,-0.051500000000000004,-0.06639881367759942,-0.007780530355896707
KRW-SONIC,2026-01-20,sl,False,0.0,-0.10261569416498995,-0.0865191146881289,-0.051500000000000004,-0.0880191146881289,-0.009548289738430747
KRW-KNC,2026-01-20,sl,False,0.0,-0.053412462908011826,-0.05044510385756673,-0.051500000000000004,-0.05194510385756673,-0.00743471810089019
KRW-LINEA,2026-01-20,sl,False,0.03571428571428559,-0.06547619047619058,-0.05476190476190479,-0.051500000000000004,-0.05626190476190479,0.004452380952380932
KRW-COMP,2026-01-20,sl,False,0.00026308866087876304,-0.06077348066298338,-0.05130228887134969,-0.051500000000000004,-0.05280228887134969,-0.011497369113391219
KRW-MOVE,2026-01-20,sl,False,0.0074906367041198685,-0.08801498127340812,-0.06928838951310856,-0.051500000000000004,-0.07078838951310856,-0.00711797752808979
KRW-DOT,2026-01-20,sl,False,0.011984021304926706,-0.06491344873501992,-0.05858854860186413,-0.051500000000000004,-0.060088548601864133,0.002161784287616543
KRW-POLYX,2026-01-20,sl,False,0.047565118912797244,-0.06908267270668167,-0.04983012457531133,-0.051500000000000004,-0.05133012457531133,0.001897508493771184
KRW-BERA,2026-01-20,tp,True,0.10403397027600847,-0.11818825194621374,-0.05661712668082097,0.0985,0.0985,0.0685636942675159
KRW-NEO,2026-01-20,none,False,0.01980198019801982,-0.04140414041404139,-0.03690369036903696,-0.03840369036903696,-0.03840369036903696,0.010201170117011773
KRW-BLAST,2026-01-20,sl,False,0.017094017094017033,-0.12820512820512808,-0.0940170940170939,-0.051500000000000004,-0.0955170940170939,-0.03568803418803418
KRW-TRUST,2026-01-20,sl,False,0.0,-0.09933774834437081,-0.08609271523178808,-0.051500000000000004,-0.08759271523178808,-0.021367549668874164
KRW-CELO,2026-01-20,sl,False,0.04371584699453557,-0.08743169398907102,-0.07103825136612019,-0.051500000000000004,-0.07253825136612019,-0.0015
KRW-ZBT,2026-01-20,sl,False,0.06802721088435382,-0.061224489795918324,-0.05442176870748294,-0.051500000000000004,-0.055921768707482944,0.005302721088435382
KRW-SHIB,2026-01-20,sl,False,0.008333333333333304,-0.04999999999999993,-0.03333333333333344,-0.051500000000000004,-0.03483333333333344,-0.01816666666666672
KRW-RENDER,2026-01-20,sl,False,0.004566210045662045,-0.08088714938030006,-0.07534246575342463,-0.051500000000000004,-0.07684246575342463,-0.0106324200913242
KRW-ETH,2026-01-20,sl,False,0.004446326487402175,-0.07368198179123442,-0.07114122379843324,-0.051500000000000004,-0.07264122379843324,0.00019383866186745277
KRW-TREE,2026-01-20,sl,False,0.006756756756756799,-0.07432432432432434,-0.060810810810810856,-0.051500000000000004,-0.06231081081081086,-0.008256756756756798
KRW-HOLO,2026-01-20,sl,False,0.00990099009900991,-0.06831683168316838,-0.056435643564356486,-0.051500000000000004,-0.05793564356435649,-0.0015
KRW-TOSHI,2026-01-20,sl,False,0.04347826086956519,-0.0652173913043479,-0.05869565217391304,-0.051500000000000004,-0.06019565217391304,-0.021065217391304347
KRW-DKA,2026-01-20,tp,False,0.3904982618771726,0.0,0.23986095017381204,0.0985,0.0985,0.0985
KRW-TFUEL,2026-01-20,sl,False,0.0035460992907800915,-0.06382978723404253,-0.05673758865248224,-0.051500000000000004,-0.05823758865248224,-0.0015
KRW-SOL,2026-01-20,sl,False,0.009610520991401028,-0.057663125948406724,-0.05058168942842689,-0.051500000000000004,-0.05208168942842689,0.005581436519979834
KRW-PROVE,2026-01-20,sl,False,0.0,-0.10273972602739723,-0.0976027397260274,-0.051500000000000004,-0.0991027397260274,-0.022047945205479424
KRW-MEW,2026-01-20,sl,False,0.007042253521126751,-0.09859154929577463,-0.08450704225352101,-0.051500000000000004,-0.08600704225352102,-0.00854225352112675
KRW-API3,2026-01-20,sl,False,0.008169934640522847,-0.07189542483660127,-0.05228758169934644,-0.051500000000000004,-0.05378758169934644,-0.006401960784313708
KRW-ZKC,2026-01-20,sl,False,0.0,-0.06451612903225812,-0.058064516129032295,-0.051500000000000004,-0.0595645161290323,-0.014403225806451645
KRW-SUN,2026-01-20,none,False,0.003236245954692629,-0.029126213592232997,-0.025889967637540368,-0.02738996763754037,-0.02738996763754037,-0.011208737864077554
KRW-MIRA,2026-01-20,sl,False,0.0,-0.06417112299465244,-0.05882352941176472,-0.051500000000000004,-0.06032352941176472,-0.0068475935828877215
KRW-ONDO,2026-01-20,sl,False,0.003875968992248069,-0.054263565891472854,-0.04844961240310075,-0.051500000000000004,-0.04994961240310075,-0.0015
KRW-POWR,2026-01-20,sl,False,0.007246376811594235,-0.06521739130434778,-0.050724637681159424,-0.051500000000000004,-0.052224637681159425,-0.01599275362318836
KRW-ALT,2026-01-20,sl,False,0.03314917127071815,-0.07182320441988954,-0.06629834254143663,-0.051500000000000004,-0.06779834254143663,0.020599447513812097
KRW-ETC,2026-01-20,none,False,0.00561797752808979,-0.047752808988763995,-0.032584269662921383,-0.034084269662921385,-0.034084269662921385,-0.0037471910112359384
KRW-BLUR,2026-01-20,sl,False,0.05241935483870974,-0.06048387096774188,-0.05645161290322587,-0.051500000000000004,-0.05795161290322587,0.030758064516129002
KRW-ANIME,2026-01-20,sl,False,0.00990099009900991,-0.10099009900990097,-0.098019801980198,-0.051500000000000004,-0.099519801980198,-0.01239108910891079
KRW-ENA,2026-01-20,sl,False,0.0,-0.08304498269896199,-0.07612456747404839,-0.051500000000000004,-0.07762456747404839,-0.01880103806228378
KRW-ATH,2026-01-20,sl,False,0.015037593984962294,-0.07518796992481203,-0.06766917293233088,-0.051500000000000004,-0.06916917293233088,-0.0015
KRW-RAY,2026-01-20,sl,False,0.003875968992248069,-0.08010335917312661,-0.07299741602067178,-0.051500000000000004,-0.07449741602067178,-0.006021963824289376
KRW-ZKP,2026-01-20,sl,False,0.06145251396648055,-0.07821229050279332,-0.06703910614525144,-0.051500000000000004,-0.06853910614525144,0.015259776536312776
KRW-STEEM,2026-01-20,sl,False,0.0030211480362536403,-0.05337361530715001,-0.04733131923464251,-0.051500000000000004,-0.04883131923464251,-0.004521148036253751
KRW-ZETA,2026-01-20,sl,False,0.0,-0.09090909090909094,-0.08181818181818179,-0.051500000000000004,-0.08331818181818179,-0.010590909090909038
KRW-TRUST,2026-04-26,tp,False,0.13592233009708732,0.0,0.058252427184465994,0.0985,0.0985,0.03733495145631066
KRW-PROVE,2026-04-26,none,False,0.09254498714652959,-0.041131105398457546,-0.028277634961439535,-0.029777634961439536,-0.029777634961439536,-0.03748971722365041
KRW-AAVE,2026-04-26,none,False,0.03349964362081259,-0.012116892373485344,0.022808267997148857,0.021308267997148855,0.021308267997148855,-0.008627583749109045
KRW-ME,2026-04-26,none,False,0.036809815950920255,-0.018404907975460127,0.012269938650306678,0.010769938650306678,0.010769938650306678,0.004634969325153339
KRW-ZKP,2026-04-26,tp,False,0.1367521367521367,-0.017094017094017144,0.11111111111111116,0.0985,0.0985,-0.010047008547008516
KRW-MIRA,2026-04-26,tp,False,0.3255813953488371,-0.015503875968992276,0.03875968992248069,0.0985,0.0985,0.0985
KRW-MANA,2026-04-26,none,False,0.00694444444444442,-0.03472222222222221,-0.02777777777777779,-0.02927777777777779,-0.02927777777777779,-0.02233333333333337
KRW-HIVE,2026-04-26,none,False,0.007494646680942019,-0.01177730192719495,-0.010706638115631661,-0.012206638115631661,-0.012206638115631661,-0.006853319057815886
KRW-SONIC,2026-04-26,tp,False,0.23285198555956677,-0.02527075812274371,0.032490974729241895,0.0985,0.0985,0.0985
KRW-ENSO,2026-04-26,sl,True,0.4368932038834952,-0.05526512322628829,0.09185959671396571,-0.051500000000000004,0.0985,-0.051500000000000004
KRW-MOCA,2026-04-26,none,False,0.062200956937799035,-0.019138755980861122,0.02392344497607657,0.022423444976076568,0.022423444976076568,-0.0015
KRW-ARKM,2026-04-26,none,False,0.027932960893854775,-0.016759776536312887,0.005586592178770999,0.004086592178771,0.004086592178771,-0.0015
KRW-CHZ,2026-04-26,none,False,0.035135135135135,-0.016216216216216273,-0.002702702702702786,-0.004202702702702786,-0.004202702702702786,-0.008256756756756798
KRW-ETH,2026-04-26,none,False,0.02112879884225749,-0.0046309696092619035,0.01736613603473236,0.01586613603473236,0.01586613603473236,-0.005262662807525352
KRW-THETA,2026-04-26,none,False,0.0,-0.033639143730886834,-0.030581039755351647,-0.03208103975535165,-0.03208103975535165,-0.013732415902140636
KRW-VIRTUAL,2026-04-26,none,False,0.024975984630163373,-0.01056676272814605,0.014409221902017322,0.012909221902017322,0.012909221902017322,-0.007263688760806906
KRW-TAIKO,2026-04-26,none,False,0.010928961748633892,-0.02732240437158473,-0.010928961748633892,-0.012428961748633892,-0.012428961748633892,-0.0069644808743169456
KRW-PENGU,2026-04-26,none,False,0.06976744186046524,-0.023255813953488413,0.02325581395348819,0.02175581395348819,0.02175581395348819,-0.0015
KRW-PUMP,2026-04-26,none,False,0.00766283524904221,-0.011494252873563093,0.003831417624521105,0.002331417624521105,0.002331417624521105,-0.009162835249042099
KRW-LAYER,2026-04-26,none,False,0.07692307692307687,-0.007692307692307665,0.01538461538461533,0.01388461538461533,0.01388461538461533,0.036961538461538546
KRW-AXS,2026-04-26,sl,False,0.019508057675996504,-0.1429177268871925,-0.1055979643765903,-0.051500000000000004,-0.1070979643765903,-0.051500000000000004
KRW-BAT,2026-04-26,none,False,0.006369426751592355,-0.01273885350318471,0.0,-0.0015,-0.0015,0.004869426751592356
KRW-AKT,2026-04-26,none,False,0.035161744022503605,-0.007032348804500654,0.016877637130801704,0.015377637130801704,0.015377637130801704,-9.353023909980255e-05
KRW-ZRO,2026-04-26,none,False,0.03516483516483526,-0.018461538461538418,0.014945054945054936,0.013445054945054937,0.013445054945054937,-0.011609890109890162
KRW-T,2026-04-26,none,False,0.01725997842502691,-0.0021574973031283085,0.0021574973031284195,0.0006574973031284194,0.0006574973031284194,0.0017362459546926292
KRW-SYRUP,2026-04-26,none,False,0.07843137254901955,-0.008403361344537785,0.04481792717086841,0.04331792717086841,0.04331792717086841,0.01810784313725483
KRW-VTHO,2026-04-26,none,False,0.008045977011494232,-0.00919540229885063,0.0022988505747125743,0.0007988505747125742,0.0007988505747125742,-0.007247126436781657
KRW-ETHFI,2026-04-26,none,False,0.030487804878048808,-0.01981707317073167,0.009146341463414531,0.007646341463414532,0.007646341463414532,-0.013695121951219523
KRW-SAND,2026-04-26,none,False,0.008196721311475308,-0.032786885245901676,-0.008196721311475419,-0.009696721311475419,-0.009696721311475419,-0.01789344262295084
KRW-ORDER,2026-04-26,none,False,0.0560640732265445,-0.04576659038901598,-0.035469107551487467,-0.03696910755148747,-0.03696910755148747,-0.03811327231121281
KRW-BIGTIME,2026-04-26,none,False,0.0,-0.04245283018867918,-0.028301886792452713,-0.029801886792452714,-0.029801886792452714,-0.01565094339622647
KRW-LSK,2026-04-26,none,False,0.015706806282722585,-0.005235602094240788,0.005235602094240788,0.0037356020942407877,0.0037356020942407877,0.0037356020942407877
KRW-SIGN,2026-04-26,none,False,0.003816793893129722,-0.015267175572518998,-0.003816793893129722,-0.0053167938931297214,-0.0053167938931297214,-0.009133587786259554
KRW-BOUNTY,2026-04-26,tp,False,0.15286624203821675,-0.015923566878980888,0.009554140127388644,0.0985,0.0985,0.0985
KRW-BONK,2026-04-26,none,False,0.022702702702702693,-0.003243243243243099,0.010810810810810922,0.009310810810810923,0.009310810810810923,0.0006621621621623621
KRW-NEWT,2026-04-26,none,False,0.06611570247933884,-0.024793388429752095,-0.008264462809917328,-0.009764462809917327,-0.009764462809917327,0.023293388429751982
KRW-WAVES,2026-04-26,none,False,0.008025682182985605,-0.008025682182985605,0.0,-0.0015,-0.0015,-0.004710272873194197
KRW-FF,2026-04-26,none,False,0.01941747572815533,-0.01941747572815533,0.009708737864077666,0.008208737864077666,0.008208737864077666,0.008208737864077666
KRW-PUNDIX,2026-04-26,none,False,0.03571428571428581,-0.004464285714285698,0.013392857142857206,0.011892857142857207,0.011892857142857207,0.016357142857142792
KRW-EGLD,2026-04-26,none,False,0.04541955350269444,-0.009237875288683584,0.016936104695919996,0.015436104695919996,0.015436104695919996,-0.0007301770592764143
KRW-ESP,2026-04-26,none,False,0.04716981132075482,-0.028301886792452824,-0.018867924528301883,-0.020367924528301884,-0.020367924528301884,0.007933962264151053
KRW-MINA,2026-04-26,tp,False,0.148068669527897,-0.007510729613733891,0.012875536480686733,0.0985,0.0985,0.02746995708154515
KRW-MBL,2026-04-26,none,False,0.014184397163120588,-0.007092198581560294,0.014184397163120588,0.012684397163120588,0.012684397163120588,-0.0015
KRW-SHIB,2026-04-26,none,False,0.007608695652173925,-0.006521739130434745,0.0021739130434783593,0.0006739130434783593,0.0006739130434783593,-0.005847826086956496
KRW-2Z,2026-04-26,none,False,0.045454545454545414,-0.015151515151515138,0.0,-0.0015,-0.0015,0.036378787878787844
KRW-SC,2026-04-26,none,False,0.007042253521126751,-0.007042253521126751,0.007042253521126751,0.005542253521126752,0.005542253521126752,-0.00854225352112675
KRW-SKR,2026-04-26,none,False,0.07786885245901654,-0.03688524590163933,0.04508196721311486,0.04358196721311486,0.04358196721311486,-0.0055983606557376536
KRW-ORCA,2026-04-26,tp,False,0.8362432269717037,0.0,0.20288982540638179,0.0985,0.0985,0.0985
KRW-UNI,2026-04-26,none,False,0.012579913384202834,-0.007011755001031128,0.00536193029490617,0.0038619302949061698,0.0038619302949061698,-0.003356052794390606
KRW-AERO,2026-04-26,tp,False,0.13586097946287512,-0.003159557661927326,0.08372827804107419,0.0985,0.0985,0.031675355450236975
KRW-ONT,2026-04-26,none,False,0.009009009009008917,-0.04504504504504503,-0.036036036036036,-0.037536036036036,-0.037536036036036,-0.0015
KRW-MMT,2026-04-26,tp,False,0.10344827586206895,-0.009852216748768461,0.0,0.0985,0.0985,0.0477610837438423
KRW-AGLD,2026-04-26,none,False,0.004889975550122161,-0.0317848410757946,-0.022004889975550168,-0.02350488997555017,-0.02350488997555017,-0.013724938875305624
KRW-SEI,2026-04-26,none,False,0.06077348066298338,-0.018784530386740328,0.023204419889502725,0.021704419889502724,0.021704419889502724,-0.014759668508287303
KRW-IMX,2026-04-26,none,False,0.003731343283582156,-0.03731343283582089,-0.026119402985074647,-0.027619402985074648,-0.027619402985074648,-0.027619402985074648
KRW-SENT,2026-04-26,none,False,0.028880866425992746,-0.018050541516245522,0.010830324909747224,0.009330324909747225,0.009330324909747225,-0.012330324909747335
KRW-IQ,2026-04-26,tp,False,0.13496932515337434,0.0,0.012269938650306678,0.0985,0.0985,0.0985
KRW-ONDO,2026-04-26,none,False,0.04370179948586128,-0.010282776349614386,0.01799485861182526,0.016494858611825258,0.016494858611825258,-0.009212082262210762
KRW-IN,2026-04-26,none,False,0.0662525879917184,-0.0010351966873705098,0.03105590062111796,0.02955590062111796,0.02955590062111796,0.026450310559006207
KRW-DOT,2026-04-26,none,False,0.0193965517241379,-0.00592672413793105,0.007543103448275801,0.006043103448275801,0.006043103448275801,-0.005810344827586187
KRW-STEEM,2026-04-26,none,False,0.0011467889908256534,-0.00917431192660545,-0.004587155963302836,-0.006087155963302835,-0.006087155963302835,-0.006087155963302835
KRW-RENDER,2026-04-26,none,False,0.021553325901152,-0.0078037904124860225,0.007060572277963528,0.005560572277963529,0.005560572277963529,-0.004101263470828674
KRW-ICX,2026-04-26,none,False,0.05078809106830118,-0.007005253940455369,0.007005253940455258,0.005505253940455259,0.005505253940455259,-0.006753940455341554
KRW-CBK,2026-04-26,none,False,0.02400000000000002,-0.013333333333333308,0.010666666666666602,0.009166666666666603,0.009166666666666603,-0.004166666666666706
KRW-ORBS,2026-04-26,none,False,0.030769230769230882,-0.01538461538461533,-0.007692307692307665,-0.009192307692307665,-0.009192307692307665,-0.0015
KRW-POWR,2026-04-26,none,False,0.05154639175257736,0.0,0.016494845360824684,0.014994845360824684,0.014994845360824684,0.02942783505154628
KRW-TRX,2026-04-26,none,False,0.0041407867494824835,-0.008281573498964856,-0.0041407867494823725,-0.005640786749482372,-0.005640786749482372,-0.0035703933747412418
KRW-FCT2,2026-04-26,none,False,0.025773195876288568,-0.01546391752577303,0.0,-0.0015,-0.0015,-0.006654639175257602
KRW-XTZ,2026-04-26,none,False,0.007285974499089187,-0.005464480874316946,0.0036429872495447047,0.0021429872495447046,0.0021429872495447046,0.0021429872495447046
KRW-DKA,2026-04-26,none,False,0.009237875288683695,-0.018475750577367167,0.006928406466512715,0.005428406466512716,0.005428406466512716,-0.013047344110854451
KRW-ARB,2026-04-26,none,False,0.02604166666666674,-0.01041666666666663,0.0,-0.0015,-0.0015,-0.00670833333333337
KRW-MON,2026-04-26,none,False,0.027837259100642386,-0.03426124197002145,0.01927194860813697,0.017771948608136967,0.017771948608136967,-0.020771948608137192
KRW-SOL,2026-04-26,none,False,0.0077821011673151474,-0.0046692607003890885,0.0046692607003890885,0.0031692607003890884,0.0031692607003890884,-0.005391050583657573
KRW-GAS,2026-04-26,none,False,0.015808674503445586,-0.0068909606809890445,0.014187271990271588,0.012687271990271589,0.012687271990271589,-0.002716051884880387
KRW-OPEN,2026-04-26,tp,False,0.14749262536873164,-0.020648967551622377,0.0943952802359882,0.0985,0.0985,0.019148967551622376
KRW-SOMI,2026-04-26,tp,False,0.4296296296296296,-0.014814814814814836,0.007407407407407307,0.0985,0.0985,0.0985
KRW-WLFI,2026-04-26,none,False,0.018018018018018056,0.0,0.009009009009008917,0.007509009009008917,0.007509009009008917,0.007509009009008917
KRW-WLD,2026-04-26,none,False,0.007772020725388629,-0.012953367875647714,0.002590673575129543,0.0010906735751295429,0.0010906735751295429,-0.006681347150259085
KRW-GLM,2026-04-26,none,False,0.01990049751243772,-0.00497512437810943,0.004975124378109541,0.003475124378109541,0.003475124378109541,0.003475124378109541
KRW-PEPE,2026-04-26,none,False,0.024432809773123898,-0.010471204188481686,0.010471204188481797,0.008971204188481798,0.008971204188481798,-0.0032452006980802626
KRW-KAVA,2026-04-26,none,False,0.022702702702702693,-0.012972972972972951,0.00648648648648642,0.004986486486486421,0.004986486486486421,-0.012310810810810811
KRW-GMT,2026-04-26,none,False,0.03333333333333344,-0.02777777777777779,-0.022222222222222143,-0.023722222222222145,-0.023722222222222145,0.004055555555555536
KRW-ARK,2026-04-26,none,False,0.023255813953488413,-0.003875968992248069,0.019379844961240345,0.017879844961240343,0.017879844961240343,0.010127906976744207
KRW-DRIFT,2026-04-26,none,False,0.04011065006915637,-0.022130013831258566,-0.006915629322268302,-0.008415629322268301,-0.008415629322268301,0.009565006915629283
KRW-ID,2026-04-26,none,False,0.04554865424430643,-0.020703933747411973,0.010351966873705987,0.008851966873705987,0.008851966873705987,-0.013922360248447117
KRW-MOVE,2026-04-26,none,False,0.02181818181818196,-0.01090909090909098,0.018181818181818077,0.016681818181818076,0.016681818181818076,-0.012409090909090979
KRW-ADA,2026-04-26,none,False,0.013404825737265424,-0.008042895442359255,0.002680965147453085,0.0011809651474530849,0.0011809651474530849,-0.006861930294906169
KRW-HOLO,2026-04-26,sl,False,0.003054989816700493,-0.052953156822810654,-0.044806517311609007,-0.051500000000000004,-0.04630651731160901,-0.03306822810590643
KRW-ZETA,2026-04-26,none,False,0.03855421686746996,-0.02168674698795181,0.013253012048192625,0.011753012048192625,0.011753012048192625,0.009343373493975906
KRW-JTO,2026-04-26,tp,False,0.12596899224806202,-0.003875968992248069,0.01744186046511631,0.0985,0.0985,0.045011627906976825
KRW-QKC,2026-04-26,none,False,0.02819956616052055,-0.002169197396963307,0.013015184381778733,0.011515184381778733,0.011515184381778733,0.009345986984815648
KRW-KAITO,2026-04-26,none,False,0.024834437086092676,-0.004966887417218513,0.0066225165562914245,0.005122516556291425,0.005122516556291425,0.010089403973509827
KRW-APT,2026-04-26,none,False,0.03328710124826628,-0.009708737864077666,0.011789181692094308,0.010289181692094309,0.010289181692094309,-0.0021934812760055476
KRW-AUCTION,2026-04-26,none,False,0.03003412969283281,-0.029351535836177445,-0.010238907849829393,-0.011738907849829392,-0.011738907849829392,-0.011056313993174026
KRW-SAHARA,2026-04-26,sl,True,0.2165242165242165,-0.056980056980056926,0.017094017094017033,-0.051500000000000004,0.0985,-0.051500000000000004
KRW-API3,2026-04-26,sl,False,0.0,-0.08860759493670889,-0.07233273056057865,-0.051500000000000004,-0.07383273056057865,-0.051500000000000004
KRW-CTC,2026-04-26,none,False,0.05022831050228316,0.0,0.027397260273972712,0.02589726027397271,0.02589726027397271,0.0030662100456620447
KRW-SUI,2026-04-26,none,False,0.007857142857142785,-0.008571428571428563,0.0028571428571428914,0.0013571428571428914,0.0013571428571428914,-0.005785714285714337
KRW-CARV,2026-04-26,none,False,0.0010928961748633004,-0.04590163934426228,-0.033879781420764976,-0.03537978142076498,-0.03537978142076498,-0.03537978142076498
KRW-IOST,2026-04-26,none,False,0.024691358024691246,0.0,0.006172839506172645,0.004672839506172645,0.004672839506172645,-0.0015
KRW-BLAST,2026-04-26,none,False,0.0038022813688212143,-0.03548795944233207,-0.0038022813688213253,-0.005302281368821325,-0.005302281368821325,-0.021778833967046884
KRW-MNT,2026-04-26,none,False,0.0,-0.016276703967446626,-0.012207527975584997,-0.013707527975584997,-0.013707527975584997,-0.014724821973550349
KRW-TOKAMAK,2026-04-26,none,False,0.02046384720327432,-0.006821282401091366,0.0027285129604366354,0.0012285129604366354,0.0012285129604366354,-0.00013574351978168234
KRW-ERA,2026-04-26,tp,False,0.1499999999999999,-0.045454545454545414,-0.03181818181818186,0.0985,0.0985,0.0985
KRW-FLUID,2026-04-26,tp,False,0.15266558966074317,-0.004442649434571844,0.016558966074313508,0.0985,0.0985,0.0985
KRW-BSV,2026-04-26,none,False,0.01910016977928697,-0.010611205432937143,0.007640067911714787,0.006140067911714788,0.006140067911714788,-0.012111205432937143
KRW-KITE,2026-04-26,none,False,0.06511627906976747,-0.023255813953488413,0.051162790697674376,0.049662790697674375,0.049662790697674375,-0.020104651162790754
KRW-BEAM,2026-04-26,none,False,0.07692307692307687,-0.0033444816053512794,0.010033444816053505,0.008533444816053505,0.008533444816053505,0.008533444816053505
KRW-W,2026-04-26,none,False,0.044554455445544594,-0.024752475247524774,-0.00990099009900991,-0.01140099009900991,-0.01140099009900991,-0.0064504950495048435
KRW-AHT,2026-04-26,none,False,0.021929824561403688,0.0,0.0,-0.0015,-0.0015,0.007271929824561431
KRW-CKB,2026-04-26,tp,False,0.14977973568281922,-0.008810572687224627,0.06167400881057272,0.0985,0.0985,0.02933700440528636
KRW-INJ,2026-04-26,tp,False,0.21928166351606815,-0.013232514177693777,0.04914933837429114,0.0985,0.0985,-0.002445179584120992
KRW-HYPER,2026-04-26,sl,False,0.04219409282700415,-0.22784810126582278,-0.21097046413502107,-0.051500000000000004,-0.21247046413502108,-0.051500000000000004
KRW-BTT,2026-04-26,none,False,0.006263048016701411,-0.0020876826722338038,0.0041753653444676075,0.0026753653444676075,0.0026753653444676075,0.0005876826722338037
KRW-MASK,2026-04-26,tp,False,0.3786531130876747,-0.01270648030495558,0.06734434561626435,0.0985,0.0985,0.012477128335451062
KRW-MED,2026-04-26,none,False,0.012345679012345512,-0.006172839506172867,0.0092592592592593,0.007759259259259301,0.007759259259259301,0.0015864197530864334
KRW-EDGE,2026-04-26,none,False,0.054878048780487854,-0.030487804878048808,0.0060975609756097615,0.004597560975609762,0.004597560975609762,-0.0015
KRW-TT,2026-04-26,none,False,0.02238805970149249,-0.007462686567164201,0.00746268656716409,0.00596268656716409,0.00596268656716409,-0.0015
KRW-ZORA,2026-04-26,none,False,0.023809523809523725,-0.00952380952380949,0.00952380952380949,0.00802380952380949,0.00802380952380949,0.003261904761904745
KRW-TIA,2026-04-26,none,False,0.05363984674329503,-0.009578544061302652,0.015325670498084198,0.013825670498084199,0.013825670498084199,-0.0015
KRW-IP,2026-04-26,none,False,0.021013597033374465,-0.023485784919653918,-0.003708281829419069,-0.0052082818294190685,-0.0052082818294190685,-0.0002639060568602734
KRW-MVL,2026-04-26,none,False,0.015544041450777257,-0.005181347150259086,0.005181347150259086,0.0036813471502590857,0.0036813471502590857,-0.0015
KRW-WAL,2026-04-26,none,False,0.008928571428571397,-0.0267857142857143,0.0,-0.0015,-0.0015,-0.019357142857142906
KRW-MEW,2026-04-26,none,False,0.03417861080485096,-0.008820286659316445,0.014332965821389099,0.012832965821389099,0.012832965821389099,-0.007012679162072764
KRW-WAXP,2026-04-26,none,False,0.009708737864077666,-0.019417475728155442,-0.009708737864077777,-0.011208737864077776,-0.011208737864077776,-0.011208737864077776
KRW-XAUT,2026-04-26,none,False,0.0,-0.00971706201771938,-0.007859388396684763,-0.009359388396684763,-0.009359388396684763,-0.002786081737639333
KRW-BLUR,2026-04-26,sl,False,0.0,-0.06896551724137934,-0.06666666666666665,-0.051500000000000004,-0.06816666666666665,-0.017591954022988576
KRW-MLK,2026-04-26,none,False,0.011642949547218784,-0.011642949547218562,0.0077619663648125226,0.006261966364812523,0.006261966364812523,-0.002793661060801976
KRW-ANKR,2026-04-26,none,False,0.013123359580052396,-0.003937007874015741,0.005249343832020914,0.003749343832020914,0.003749343832020914,-0.00018766404199482703
KRW-VANA,2026-04-26,none,False,0.00273847558192597,-0.022364217252396124,-0.005476951163852162,-0.006976951163852161,-0.006976951163852161,-0.01975650387950706
KRW-TAO,2026-04-26,none,False,0.015180265654648917,-0.01192735158579561,0.011114123068582282,0.009614123068582283,0.009614123068582283,-0.009903361344537785
KRW-BORA,2026-04-26,none,False,0.010968921389396646,-0.009140767824497242,0.005484460694698212,0.003984460694698213,0.003984460694698213,-0.005156307129798919
KRW-WET,2026-04-26,none,False,0.006756756756756799,-0.03378378378378377,-0.03378378378378377,-0.03528378378378377,-0.03528378378378377,-0.028527027027026974
KRW-ENS,2026-04-27,none,False,0.016260162601626105,-0.039024390243902474,-0.015718157181571768,-0.01721815718157177,-0.01721815718157177,0.007172086720867167
KRW-ARDR,2026-04-27,tp,False,0.14285714285714302,-0.008025682182985605,0.017656500802568198,0.0985,0.0985,0.01455136436597121
KRW-IN,2026-04-27,sl,False,0.0,-0.06499999999999995,-0.04200000000000004,-0.051500000000000004,-0.04350000000000004,-0.025500000000000023
KRW-API3,2026-04-27,sl,False,0.060546875,-0.060546875,-0.041015625,-0.051500000000000004,-0.042515625,-0.003453125
KRW-ERA,2026-04-27,none,False,0.04225352112676051,-0.032863849765258246,0.023474178403755763,0.021974178403755762,0.021974178403755762,-0.010889671361502372
KRW-IP,2026-04-27,sl,False,0.004950495049504955,-0.05569306930693074,-0.04084158415841588,-0.051500000000000004,-0.04234158415841588,-0.007688118811881193
KRW-STORJ,2026-04-27,none,False,0.0066225165562914245,-0.0331125827814569,-0.026490066225165587,-0.02799006622516559,-0.02799006622516559,-0.0015
KRW-TIA,2026-04-27,none,False,0.015094339622641506,-0.03962264150943395,-0.009433962264150941,-0.010933962264150941,-0.010933962264150941,0.007933962264151053
KRW-SHIB,2026-04-27,none,False,0.01520086862106429,-0.02062975027144398,-0.006514657980455918,-0.008014657980455918,-0.008014657980455918,0.00935776330076027
KRW-MVL,2026-04-27,none,False,0.01538461538461533,-0.02564102564102566,-0.00512820512820511,-0.00662820512820511,-0.00662820512820511,-0.00662820512820511
KRW-TREE,2026-04-27,sl,False,0.0092592592592593,-0.07685185185185184,-0.04629629629629628,-0.051500000000000004,-0.04779629629629628,-0.02927777777777779
KRW-ICX,2026-04-27,none,False,0.0017361111111111605,-0.04861111111111116,-0.02430555555555558,-0.02580555555555558,-0.02580555555555558,-0.0049722222222223205
KRW-FCT2,2026-04-27,none,False,0.04123711340206193,-0.03608247422680411,-0.01546391752577303,-0.01696391752577303,-0.01696391752577303,-0.011809278350515427
KRW-GRT,2026-04-27,none,False,0.010723860589812562,-0.03217158176943691,-0.013404825737265424,-0.014904825737265424,-0.014904825737265424,0.0038619302949061698
KRW-XRP,2026-04-27,none,False,0.007532956685499137,-0.02777777777777779,-0.016949152542372836,-0.018449152542372838,-0.018449152542372838,0.002737288135593209
KRW-MET2,2026-04-27,sl,False,0.012448132780082943,-0.053941908713692976,-0.04149377593360992,-0.051500000000000004,-0.04299377593360992,-0.0015
KRW-ONG,2026-04-27,none,False,0.008928571428571397,-0.044642857142857095,-0.0267857142857143,-0.028285714285714303,-0.028285714285714303,-0.0015
KRW-VIRTUAL,2026-04-27,none,False,0.035037878787878896,-0.04071969696969702,-0.013257575757575801,-0.014757575757575801,-0.014757575757575801,0.02217424242424243
KRW-TAO,2026-04-27,none,False,0.017130620985010614,-0.023554603854389677,-0.008832976445396157,-0.010332976445396156,-0.010332976445396156,0.008938972162740923
KRW-STEEM,2026-04-27,none,False,0.0034602076124568004,-0.029988465974625234,-0.018454440599769417,-0.01995444059976942,-0.01995444059976942,-0.002653402537485637
KRW-EGLD,2026-04-27,sl,False,0.006807866868381307,-0.0635400907715582,-0.0431164901664145,-0.051500000000000004,-0.0446164901664145,-0.009064296520423563
KRW-BIRB,2026-04-27,none,False,0.08095238095238089,-0.01904761904761909,-0.00952380952380949,-0.01102380952380949,-0.01102380952380949,0.041357142857142926
KRW-WLFI,2026-04-27,none,False,0.009009009009008917,-0.036036036036036,-0.018018018018018056,-0.019518018018018057,-0.019518018018018057,-0.0015
KRW-POKT,2026-04-27,none,False,0.010869565217391353,-0.03804347826086951,-0.021739130434782483,-0.023239130434782485,-0.023239130434782485,-0.006934782608695565
KRW-MASK,2026-04-27,sl,False,0.0,-0.0892857142857143,-0.0714285714285714,-0.051500000000000004,-0.0729285714285714,-0.051500000000000004
KRW-ORCA,2026-04-27,sl,True,0.4939939939939939,-0.12462462462462465,0.15315315315315314,-0.051500000000000004,0.0985,-0.051500000000000004
KRW-TT,2026-04-27,none,False,0.02238805970149249,-0.02985074626865669,-0.007462686567164201,-0.0089626865671642,-0.0089626865671642,-0.0015
KRW-INJ,2026-04-27,sl,False,0.04320432043204314,-0.055805580558055845,-0.03780378037803778,-0.051500000000000004,-0.03930378037803778,0.02010216021602168
KRW-POLYX,2026-04-27,none,False,0.0,-0.04359313077939231,-0.031704095112285446,-0.03320409511228545,-0.03320409511228545,-0.012068031704095037
KRW-KAVA,2026-04-27,none,False,0.023655913978494647,-0.04946236559139783,-0.027956989247311714,-0.029456989247311716,-0.029456989247311716,-0.0025752688172042113
KRW-BOUNTY,2026-04-27,none,False,0.08860759493670867,-0.022151898734177333,0.0,-0.0015,-0.0015,-0.010993670886076
KRW-ATOM,2026-04-27,none,False,0.0181573638197714,-0.027908540685944838,-0.00571620712844656,-0.0072162071284465595,-0.0072162071284465595,-0.00889744451916613
KRW-BTC,2026-04-27,none,False,0.008946628732046769,-0.0223065848558599,-0.011603194734857603,-0.013103194734857602,-0.013103194734857602,0.002064940184417109
KRW-NEO,2026-04-27,none,False,0.0018416206261511192,-0.027854511970534124,-0.017265193370165743,-0.018765193370165745,-0.018765193370165745,-0.007715469613259694
KRW-LA,2026-04-27,sl,False,0.0040322580645162365,-0.056451612903225756,-0.032258064516129004,-0.051500000000000004,-0.033758064516129005,-0.005532258064516125
KRW-MNT,2026-04-27,none,False,0.00512820512820511,-0.03589743589743588,-0.026666666666666616,-0.028166666666666618,-0.028166666666666618,-0.0004743589743589336
KRW-SKR,2026-04-27,sl,False,0.015686274509803866,-0.09411764705882353,-0.0627450980392158,-0.051500000000000004,-0.0642450980392158,-0.01326470588235301
KRW-SIGN,2026-04-27,sl,False,0.007692307692307665,-0.0923076923076922,-0.07307692307692304,-0.051500000000000004,-0.07457692307692304,0.0023461538461538325
KRW-BREV,2026-04-27,sl,False,0.005025125628140614,-0.10552763819095479,-0.08040201005025127,-0.051500000000000004,-0.08190201005025127,-0.006525125628140725
KRW-1INCH,2026-04-27,none,False,0.00694444444444442,-0.04166666666666663,-0.01388888888888884,-0.01538888888888884,-0.01538888888888884,-0.0015
KRW-FLUID,2026-04-27,none,False,0.08482676224611718,-0.01314217443249699,0.01712465153325371,0.01562465153325371,0.01562465153325371,0.021996614894464417
KRW-WAVES,2026-04-27,none,False,0.008025682182985605,-0.024077046548956704,-0.012841091492776902,-0.014341091492776901,-0.014341091492776901,0.0001051364365972098
KRW-TRX,2026-04-27,none,False,0.014583333333333393,-0.006249999999999978,0.01041666666666674,0.008916666666666741,0.008916666666666741,-0.003583333333333326
KRW-ZIL,2026-04-27,none,False,0.008064516129032251,-0.03548387096774186,-0.01774193548387104,-0.019241935483871042,-0.019241935483871042,-0.003112903225806428
KRW-XTZ,2026-04-27,none,False,0.02732240437158473,-0.023679417122040025,0.02732240437158473,0.02582240437158473,0.02582240437158473,0.0003214936247722413
KRW-DOT,2026-04-27,none,False,0.00855614973262031,-0.03315508021390379,-0.016042780748663055,-0.017542780748663056,-0.017542780748663056,0.0027780748663102663
KRW-ZETA,2026-04-27,sl,False,0.05700712589073631,-0.06769596199524941,-0.03206650831353919,-0.051500000000000004,-0.03356650831353919,-0.003875296912114022
KRW-CELO,2026-04-27,sl,False,0.01449275362318847,-0.05797101449275366,-0.036231884057971064,-0.051500000000000004,-0.037731884057971066,0.01299275362318847
KRW-IQ,2026-04-27,none,False,0.018292682926829285,-0.024390243902438935,-0.018292682926829174,-0.019792682926829175,-0.019792682926829175,0.010695121951219523
KRW-ARKM,2026-04-27,sl,False,0.005555555555555536,-0.07222222222222219,-0.0444444444444444,-0.051500000000000004,-0.0459444444444444,-0.007055555555555535
KRW-ID,2026-04-27,sl,False,0.004106776180698102,-0.06570841889117052,-0.045174537987679675,-0.051500000000000004,-0.046674537987679676,-0.011766940451745365
KRW-IMX,2026-04-27,sl,False,0.007633587786259444,-0.057251908396946605,-0.03816793893129766,-0.051500000000000004,-0.039667938931297664,-0.0015
KRW-BIGTIME,2026-04-27,none,False,0.004854368932038833,-0.04854368932038833,-0.024271844660194164,-0.025771844660194165,-0.025771844660194165,-0.006354368932038943
KRW-GAS,2026-04-27,none,False,0.00400160064025612,-0.019607843137254943,-0.011204481792717047,-0.012704481792717047,-0.012704481792717047,-0.004301120448179261
KRW-POL,2026-04-27,none,False,0.007299270072992803,-0.021897810218978075,0.007299270072992803,0.005799270072992803,0.005799270072992803,0.005799270072992803
KRW-AERGO,2026-04-27,none,False,0.02505966587112174,-0.031026252983293534,0.015513126491646823,0.014013126491646823,0.014013126491646823,-0.0038866348448687847
KRW-HUNT,2026-04-27,none,False,0.045454545454545414,-0.025974025974025983,-0.012987012987012991,-0.014487012987012991,-0.014487012987012991,-0.014487012987012991
KRW-OP,2026-04-27,none,False,0.026881720430107503,-0.048387096774193505,-0.021505376344086002,-0.023005376344086004,-0.023005376344086004,0.020005376344086
KRW-NEWT,2026-04-27,sl,False,0.0,-0.06666666666666665,-0.04166666666666663,-0.051500000000000004,-0.04316666666666663,-0.01816666666666672
KRW-SUI,2026-04-27,none,False,0.015680684248039922,-0.027797576621525266,-0.005702066999287214,-0.007202066999287214,-0.007202066999287214,0.007053100498930766
KRW-AERO,2026-04-27,none,False,0.04518950437317781,-0.030612244897959218,-0.004373177842565634,-0.005873177842565634,-0.005873177842565634,0.01745043731778423
KRW-CFG,2026-04-27,sl,False,0.033742331288343586,-0.11042944785276076,-0.06441717791411039,-0.051500000000000004,-0.06591717791411039,-0.010702453987730008
KRW-MINA,2026-04-27,none,False,0.031746031746031855,-0.025396825396825418,-0.012698412698412764,-0.014198412698412764,-0.014198412698412764,0.024955026455026508
KRW-HOLO,2026-04-27,sl,False,0.03418803418803429,-0.06623931623931612,-0.050213675213675146,-0.051500000000000004,-0.05171367521367515,-0.0068418803418803225
KRW-BEAM,2026-04-27,none,False,0.01980198019801982,-0.0363036303630363,-0.01980198019801971,-0.02130198019801971,-0.02130198019801971,0.01170132013201314
KRW-XEC,2026-04-27,none,False,0.00943396226415083,-0.028301886792452824,-0.009433962264150941,-0.010933962264150941,-0.010933962264150941,0.00793396226415083
KRW-ZRX,2026-04-27,none,False,0.01734104046242768,-0.040462427745664775,-0.023121387283236983,-0.024621387283236984,-0.024621387283236984,0.004280346820809302
KRW-PEPE,2026-04-27,none,False,0.02941176470588225,-0.02768166089965407,0.00865051903114189,0.00715051903114189,0.00715051903114189,0.022721453287197158
KRW-PYTH,2026-04-27,none,False,0.02170963364993206,-0.03392130257801895,-0.018995929443690662,-0.020495929443690664,-0.020495929443690664,0.014782225237449266
KRW-BTT,2026-04-27,none,False,0.0,-0.012474012474012475,-0.004158004158004158,-0.005658004158004158,-0.005658004158004158,-0.0035790020790020236
KRW-MOODENG,2026-04-27,none,False,0.07274826789838351,-0.038106235565819824,0.012702078521940052,0.011202078521940053,0.011202078521940053,0.04122517321016167
KRW-A,2026-04-27,sl,False,0.007352941176470562,-0.06617647058823528,-0.022058823529411797,-0.051500000000000004,-0.0235588235294118,-0.008852941176470562
KRW-AZTEC,2026-04-27,sl,False,0.01840490797546024,-0.0858895705521473,-0.05214723926380371,-0.051500000000000004,-0.053647239263803714,0.007702453987730009
KRW-WLD,2026-04-27,none,False,0.012919896640826822,-0.04909560723514217,-0.018087855297157618,-0.01958785529715762,-0.01958785529715762,0.0036679586563306845
KRW-PROVE,2026-04-27,none,False,0.0026525198938991412,-0.03978779840848812,-0.02652519893899208,-0.02802519893899208,-0.02802519893899208,-0.020067639257294434
KRW-ALGO,2026-04-27,sl,False,0.005586592178770999,-0.05027932960893855,-0.027932960893854775,-0.051500000000000004,-0.029432960893854776,-0.01825977653631289
KRW-CVC,2026-04-27,sl,False,0.0,-0.06720977596741351,-0.052953156822810654,-0.051500000000000004,-0.054453156822810656,-0.019829938900203625
KRW-AGLD,2026-04-27,sl,False,0.007518796992481258,-0.05012531328320802,-0.022556390977443663,-0.051500000000000004,-0.024056390977443665,-0.004006265664160456
KRW-JTO,2026-04-27,sl,False,0.01333333333333342,-0.059047619047619015,-0.024761904761904763,-0.051500000000000004,-0.026261904761904764,0.00040476190476185355
KRW-RED,2026-04-27,none,False,0.030612244897959107,-0.030612244897959218,-0.005102040816326481,-0.00660204081632648,-0.00660204081632648,0.013806122448979665
KRW-CPOOL,2026-04-27,sl,False,0.02015113350125941,-0.08060453400503786,-0.052896725440806036,-0.051500000000000004,-0.05439672544080604,-0.02668891687657432
KRW-HBAR,2026-04-27,none,False,0.007299270072992803,-0.03649635036496346,-0.029197080291970767,-0.03069708029197077,-0.03069708029197077,-0.0015
KRW-ELSA,2026-04-27,sl,False,0.0,-0.08256880733944949,-0.04587155963302747,-0.051500000000000004,-0.04737155963302747,-0.01984862385321101
KRW-ORBS,2026-04-27,none,False,0.06976744186046524,-0.007751937984496138,0.0,-0.0015,-0.0015,-0.0015
KRW-IOST,2026-04-27,none,False,0.0060975609756097615,-0.03658536585365846,0.0060975609756097615,0.004597560975609762,0.004597560975609762,-0.007597560975609761
KRW-ARK,2026-04-27,none,False,0.0,-0.041825095057034245,-0.03041825095057038,-0.03191825095057038,-0.03191825095057038,-0.012906844106463864
KRW-BARD,2026-04-27,sl,False,0.0,-0.08830022075055188,-0.05739514348785868,-0.051500000000000004,-0.05889514348785868,-0.02799006622516559
KRW-ZRO,2026-04-27,sl,False,0.012992637505413684,-0.0827197921177999,-0.0537029016890429,-0.051500000000000004,-0.055202901689042905,0.006728670420095341
KRW-AUCTION,2026-04-27,none,False,0.0006901311249136732,-0.026224982746721914,-0.015182884748102143,-0.016682884748102145,-0.016682884748102145,-0.006330917874396156
KRW-ZORA,2026-04-27,sl,False,0.009478672985781866,-0.08056872037914709,-0.056872037914692086,-0.051500000000000004,-0.05837203791469209,-0.006239336492891044
KRW-META,2026-04-27,none,False,0.02758620689655178,-0.020689655172413834,-0.013793103448275779,-0.015293103448275778,-0.015293103448275778,-0.008396551724137944
KRW-LAYER,2026-04-27,sl,False,0.022900763358778553,-0.06870229007633588,-0.03816793893129766,-0.051500000000000004,-0.039667938931297664,0.006133587786259444
KRW-TOSHI,2026-04-27,none,False,0.047101449275362084,-0.03260869565217395,0.0,-0.0015,-0.0015,0.027485507246376717
KRW-XAUT,2026-04-27,none,False,0.006477616237224648,-0.002159205412408216,0.004030516769828685,0.0025305167698286848,0.0025305167698286848,-0.00020447675255502598
KRW-ATH,2026-04-27,sl,False,0.056919642857142794,-0.0558035714285714,-0.018973214285714524,-0.051500000000000004,-0.020473214285714525,0.0219375
KRW-SC,2026-04-27,none,False,0.014084507042253502,-0.021126760563380254,-0.007042253521126751,-0.00854225352112675,-0.00854225352112675,-0.0015
KRW-SOPH,2026-04-27,sl,False,0.0,-0.07246376811594202,-0.0434782608695653,-0.051500000000000004,-0.0449782608695653,-0.01599275362318847
KRW-PLUME,2026-04-27,sl,False,0.014563106796116276,-0.1310679611650487,-0.11165048543689327,-0.051500000000000004,-0.11315048543689327,0.0033543689320388328
KRW-LPT,2026-04-27,none,False,0.01268171976492427,-0.030621713578719456,-0.013609650479430857,-0.015109650479430857,-0.015109650479430857,0.002521033096195392
KRW-FF,2026-04-27,sl,False,0.0,-0.08653846153846156,-0.054807692307692335,-0.051500000000000004,-0.056307692307692336,-0.01111538461538458
KRW-RAY,2026-04-27,sl,False,0.009865470852017832,-0.06278026905829592,0.008071748878923701,-0.051500000000000004,0.006571748878923702,-0.01405605381165914
KRW-UNI,2026-04-27,none,False,0.018237704918032893,-0.028278688524590145,-0.0071721311475410054,-0.008672131147541005,-0.008672131147541005,0.014893442622950838
KRW-YGG,2026-04-27,none,False,0.02211690363349139,-0.04581358609794628,-0.028436018957345932,-0.029936018957345933,-0.029936018957345933,0.015877567140600457
KRW-RENDER,2026-04-27,none,False,0.017349575489110425,-0.040236249538575075,-0.014765596160944972,-0.016265596160944973,-0.016265596160944973,0.010312476928755978
KRW-SENT,2026-04-27,none,False,0.017857142857142794,-0.046428571428571486,-0.03928571428571437,-0.04078571428571437,-0.04078571428571437,0.012785714285714235
KRW-TAIKO,2026-04-27,none,False,0.08287292817679548,-0.04419889502762431,-0.016574585635359074,-0.018074585635359075,-0.018074585635359075,-0.0015
KRW-USDE,2026-04-27,none,False,0.008102633355840716,-0.0033760972316002613,0.007427413909520508,0.005927413909520509,0.005927413909520509,-0.0001495611073598067
KRW-VTHO,2026-04-27,none,False,0.0022962112514350874,-0.02296211251435132,-0.008036739380022917,-0.009536739380022917,-0.009536739380022917,-0.007240528128587829
KRW-MEW,2026-04-27,sl,False,0.0554951033732316,-0.05005440696409147,-0.021762785636561532,-0.051500000000000004,-0.023262785636561534,0.024615342763873616
KRW-W,2026-04-27,sl,False,0.020000000000000018,-0.06999999999999995,-0.03499999999999992,-0.051500000000000004,-0.03649999999999992,0.00850000000000001
KRW-ZK,2026-04-27,sl,False,0.012658227848101333,-0.0675105485232067,-0.03375527426160341,-0.051500000000000004,-0.03525527426160341,0.0027194092827005924
KRW-MTL,2026-04-27,none,False,0.006666666666666599,-0.022222222222222254,-0.011111111111111072,-0.012611111111111071,-0.012611111111111071,-0.005944444444444473
KRW-ASTR,2026-04-27,none,False,0.016129032258064502,-0.040322580645161255,-0.024193548387096864,-0.025693548387096865,-0.025693548387096865,-0.00956451612903225
KRW-ANKR,2026-04-27,none,False,0.0,-0.03524804177545693,-0.02088772845953002,-0.02238772845953002,-0.02238772845953002,-0.009332898172323799
KRW-TRUMP,2026-04-27,sl,False,0.0036101083032491488,-0.06472408457968026,-0.027333677153171698,-0.051500000000000004,-0.0288336771531717,-0.007688757091284191
KRW-KAITO,2026-04-27,none,False,0.05950413223140494,0.0,0.03966942148760322,0.03816942148760322,0.03816942148760322,0.026599173553719047
KRW-WAL,2026-04-27,sl,False,0.008928571428571397,-0.0535714285714286,-0.008928571428571397,-0.051500000000000004,-0.010428571428571396,-0.010428571428571396
KRW-KNC,2026-04-27,none,False,0.0,-0.036363636363636376,-0.027272727272727226,-0.028772727272727228,-0.028772727272727228,-0.010590909090909038
KRW-NEAR,2026-04-27,none,False,0.009652509652509744,-0.035231660231660245,-0.019305019305019266,-0.020805019305019268,-0.020805019305019268,0.0023610038610038533
KRW-BORA,2026-04-27,none,False,0.027272727272727337,-0.018181818181818188,-0.009090909090909038,-0.010590909090909038,-0.010590909090909038,0.0003181818181819409
KRW-AHT,2026-04-27,none,False,0.021929824561403688,-0.01754385964912264,-0.00877192982456143,-0.01027192982456143,-0.01027192982456143,0.0028859649122808264
KRW-ENSO,2026-04-27,sl,False,0.002737850787132068,-0.12936344969199176,-0.08966461327857633,-0.051500000000000004,-0.09116461327857633,-0.051500000000000004
KRW-ZKP,2026-04-27,sl,False,0.0,-0.10687022900763354,-0.06106870229007633,-0.051500000000000004,-0.06256870229007633,-0.051500000000000004
KRW-CYBER,2026-04-27,sl,False,0.009661835748792313,-0.07004830917874394,-0.03864734299516903,-0.051500000000000004,-0.04014734299516903,-0.002707729468599039
KRW-RVN,2026-04-27,none,False,0.0011123470522802492,-0.03559510567296997,-0.021134593993325845,-0.022634593993325847,-0.022634593993325847,-0.011511123470522798
KRW-KITE,2026-04-27,sl,False,0.030701754385964897,-0.08333333333333337,-0.004385964912280715,-0.051500000000000004,-0.005885964912280715,0.007271929824561431
KRW-OPEN,2026-04-27,none,False,0.04582210242587603,-0.035040431266846306,0.043126684636118684,0.04162668463611868,0.04162668463611868,-0.020367924528301884
KRW-CRO,2026-04-27,none,False,0.0,-0.01904761904761909,-0.01904761904761909,-0.020547619047619092,-0.020547619047619092,-0.01102380952380949
KRW-GMT,2026-04-27,none,False,0.022857142857142687,-0.034285714285714364,-0.017142857142857237,-0.01864285714285724,-0.01864285714285724,0.009928571428571344
KRW-GLM,2026-04-27,none,False,0.0049261083743843415,-0.029556650246305383,-0.009852216748768461,-0.01135221674876846,-0.01135221674876846,-0.00642610837438423
KRW-AXL,2026-04-27,sl,False,0.07328605200945626,-0.05319148936170215,-0.011820330969267157,-0.051500000000000004,-0.013320330969267156,0.05760165484633567
KRW-JUP,2026-04-27,none,False,0.09225092250922518,-0.011070110701106972,0.07380073800738018,0.07230073800738018,0.07230073800738018,0.06492066420664205
KRW-CBK,2026-04-27,none,False,0.060846560846560926,-0.023809523809523836,-0.010582010582010581,-0.012082010582010581,-0.012082010582010581,0.001145502645502562
KRW-MBL,2026-04-27,none,False,0.0,-0.027972027972028024,-0.013986013986013957,-0.015486013986013956,-0.015486013986013956,-0.008493006993006978
KRW-MANTRA,2026-04-27,none,False,0.05844155844155852,-0.019480519480519543,0.045454545454545414,0.04395454545454541,0.04395454545454541,0.01148701298701288
KRW-DOGE,2026-04-27,none,False,0.006756756756756799,-0.027027027027026973,0.0,-0.0015,-0.0015,0.005256756756756799
KRW-HYPER,2026-04-27,tp,True,0.160427807486631,-0.09625668449197866,-0.03208556149732622,0.0985,0.0985,0.0985
KRW-ME,2026-04-28,none,False,0.012499999999999956,-0.012499999999999956,0.0,-0.0015,-0.0015,-0.007749999999999977
KRW-ANKR,2026-04-28,none,False,0.002673796791443861,-0.012032085561497374,-0.002673796791443861,-0.0041737967914438606,-0.0041737967914438606,-0.0028368983957220415
KRW-NEO,2026-04-28,none,False,0.0011712344811432018,-0.017334270320918277,-0.006558913094401486,-0.008058913094401486,-0.008058913094401486,-0.008058913094401486
KRW-GRT,2026-04-28,none,False,0.005464480874316724,-0.016393442622950838,0.005464480874316724,0.003964480874316724,0.003964480874316724,-0.004232240437158473
KRW-G,2026-04-28,none,False,0.0036496350364962904,-0.02919708029197088,-0.012773722627737238,-0.014273722627737238,-0.014273722627737238,-0.012448905109489093
KRW-SOMI,2026-04-28,none,False,0.07364341085271309,-0.015503875968992276,0.03488372093023262,0.03338372093023262,0.03338372093023262,0.03338372093023262
KRW-KAVA,2026-04-28,none,False,0.02214839424141757,-0.02436323366555926,-0.02436323366555926,-0.02586323366555926,-0.02586323366555926,0.007359357696566983
KRW-AGLD,2026-04-28,none,False,0.007692307692307665,-0.017948717948717996,-0.002564102564102555,-0.004064102564102555,-0.004064102564102555,-0.014320512820512775
KRW-KERNEL,2026-04-28,none,False,0.019607843137254832,-0.03137254901960784,0.0,-0.0015,-0.0015,-0.011303921568627416
KRW-BSV,2026-04-28,none,False,0.0,-0.021030042918454894,-0.01244635193133048,-0.013946351931330479,-0.013946351931330479,-0.014804721030042876
KRW-JTO,2026-04-28,none,False,0.0,-0.0273972602739726,-0.013698630136986356,-0.015198630136986356,-0.015198630136986356,-0.021069471624266145
KRW-VET,2026-04-28,none,False,0.009345794392523477,-0.01869158878504662,-0.009345794392523366,-0.010845794392523365,-0.010845794392523365,-0.0015
KRW-CFG,2026-04-28,none,False,0.045751633986928164,-0.0326797385620915,0.02287581699346397,0.02137581699346397,0.02137581699346397,-0.008035947712418277
KRW-API3,2026-04-28,tp,False,0.14110429447852768,-0.008179959100204526,0.08384458077709622,0.0985,0.0985,0.002589979550102152
KRW-XEC,2026-04-28,none,False,0.019230769230769384,-0.009615384615384581,0.019230769230769384,0.017730769230769383,0.017730769230769383,-0.0015
KRW-GLM,2026-04-28,none,False,0.02487562189054726,-0.02487562189054726,0.01990049751243772,0.01840049751243772,0.01840049751243772,-0.0015
KRW-ORDER,2026-04-28,none,False,0.020757020757020683,-0.004884004884004978,0.015873015873015817,0.014373015873015817,0.014373015873015817,-0.00027899877899878337
KRW-ETC,2026-04-28,none,False,0.007194244604316502,-0.00959232613908878,-0.003197442046362964,-0.004697442046362963,-0.004697442046362963,-0.004697442046362963
KRW-ONT,2026-04-28,none,False,0.028301886792452935,-0.018867924528301883,0.018867924528301883,0.01736792452830188,0.01736792452830188,-0.010933962264150941
KRW-STEEM,2026-04-28,none,False,0.00588235294117645,-0.003529411764705892,0.0023529411764706687,0.0008529411764706687,0.0008529411764706687,-0.0015
KRW-1INCH,2026-04-28,none,False,0.007092198581560183,-0.014184397163120588,-0.007092198581560294,-0.008592198581560294,-0.008592198581560294,-0.0015
KRW-DEEP,2026-04-28,none,False,0.0,-0.03325942350332589,-0.015521064301552201,-0.017021064301552202,-0.017021064301552202,-0.019238359201773914
KRW-ZIL,2026-04-28,none,False,0.0066006600660066805,-0.011551155115511413,-0.004950495049504844,-0.0064504950495048435,-0.0064504950495048435,-0.0031501650165016147
KRW-CVC,2026-04-28,none,False,0.010752688172043001,-0.019354838709677358,0.0,-0.0015,-0.0015,-0.014403225806451645
KRW-SAND,2026-04-28,none,False,0.008620689655172376,-0.025862068965517238,-0.017241379310344862,-0.018741379310344863,-0.018741379310344863,-0.018741379310344863
KRW-BEAM,2026-04-28,none,False,0.013468013468013407,-0.02020202020202022,-0.02020202020202022,-0.021702020202020222,-0.021702020202020222,-0.008234006734006703
KRW-BTC,2026-04-28,none,False,0.0002948726843821081,-0.02303476028585305,-0.016191979462984785,-0.017691979462984786,-0.017691979462984786,-0.010979289530285206
KRW-AZTEC,2026-04-28,none,False,0.006472491909385258,-0.032362459546925515,-0.025889967637540368,-0.02738996763754037,-0.02738996763754037,-0.02091747572815522
KRW-RAY,2026-04-28,none,False,0.03647686832740216,-0.03647686832740216,-0.013345195729537407,-0.014845195729537406,-0.014845195729537406,-0.029969750889679736
KRW-MOODENG,2026-04-28,none,False,0.0022857142857142243,-0.0377142857142857,-0.01371428571428579,-0.01521428571428579,-0.01521428571428579,-0.02549999999999991
KRW-ORBS,2026-04-28,none,False,0.007751937984496138,-0.023255813953488413,-0.015503875968992276,-0.017003875968992277,-0.017003875968992277,-0.009251937984496137
KRW-BLUR,2026-04-28,none,False,0.04502369668246442,-0.026066350710900466,-0.004739336492891044,-0.006239336492891044,-0.006239336492891044,-0.022827014218009645
KRW-ZETA,2026-04-28,none,False,0.05882352941176494,-0.028186274509803932,0.011029411764705843,0.009529411764705844,0.009529411764705844,-0.019882352941176518
KRW-MVL,2026-04-28,none,False,0.0,-0.020618556701030966,-0.010309278350515427,-0.011809278350515427,-0.011809278350515427,-0.011809278350515427
KRW-XLM,2026-04-28,none,False,0.0,-0.032258064516129004,-0.028225806451612878,-0.02972580645161288,-0.02972580645161288,-0.013596774193548376
KRW-COMP,2026-04-28,none,False,0.0169833045480714,-0.023028209556706924,0.0169833045480714,0.015483304548071399,0.015483304548071399,0.00022711571675310257
KRW-BIO,2026-04-28,tp,False,0.33651551312649164,-0.019093078758949833,0.28878281622911706,0.0985,0.0985,0.0008866348448686736
KRW-ICX,2026-04-28,none,False,0.0,-0.02313167259786486,-0.008896797153024938,-0.010396797153024937,-0.010396797153024937,-0.01217615658362997
KRW-SAFE,2026-04-28,none,False,0.018867924528301883,-0.02358490566037741,0.0,-0.0015,-0.0015,-0.010933962264150941
KRW-EDGE,2026-04-28,none,False,0.0062893081761006275,-0.018867924528301883,-0.0062893081761006275,-0.007789308176100627,-0.007789308176100627,-0.007789308176100627
KRW-TOKAMAK,2026-04-28,tp,False,0.17205692108667536,-0.021992238033635148,0.060802069857697205,0.0985,0.0985,0.0985
KRW-CYBER,2026-04-28,none,False,0.006297229219143663,-0.02015113350125941,0.005037783375314797,0.003537783375314797,0.003537783375314797,-0.015353904282115858
KRW-NXPC,2026-04-28,none,False,0.013636363636363669,-0.009090909090909038,0.00454545454545463,0.00304545454545463,0.00304545454545463,-0.003772727272727315
KRW-ATH,2026-04-28,none,False,0.019362186788154823,-0.019362186788154934,0.0,-0.0015,-0.0015,0.013306378132118603
KRW-SONIC,2026-04-28,sl,False,0.022913256955810146,-0.07692307692307698,-0.05237315875613757,-0.051500000000000004,-0.053873158756137574,-0.051500000000000004
KRW-XRP,2026-04-28,none,False,0.00047892720306519365,-0.02490421455938696,-0.017720306513409945,-0.019220306513409946,-0.019220306513409946,-0.010120689655172375
KRW-DOGE,2026-04-28,none,False,0.013513513513513598,-0.013513513513513487,0.0,-0.0015,-0.0015,-0.0015
KRW-USDE,2026-04-28,none,False,0.002686366689053088,-0.006044325050369337,-0.005372733378106065,-0.0068727333781060645,-0.0068727333781060645,-0.002171591672263272
KRW-APT,2026-04-28,none,False,0.027797081306462745,-0.013203613620569876,-0.001389854065323104,-0.002889854065323104,-0.002889854065323104,0.005449270326615631
KRW-FIL,2026-04-28,none,False,0.005818181818181722,-0.018909090909090875,-0.008000000000000007,-0.009500000000000007,-0.009500000000000007,-0.00804545454545452
KRW-ZORA,2026-04-28,none,False,0.0,-0.045226130653266305,-0.025125628140703515,-0.026625628140703517,-0.026625628140703517,-0.03165075376884413
KRW-AVAX,2026-04-28,none,False,0.0,-0.018102824040550303,-0.013758146270818283,-0.015258146270818283,-0.015258146270818283,-0.00801701665459814
KRW-ONDO,2026-04-28,none,False,0.0025188916876575096,-0.027707808564231717,-0.007556675062972307,-0.009056675062972306,-0.009056675062972306,-0.016613350125944615
KRW-TOSHI,2026-04-28,none,False,0.014545454545454639,-0.025454545454545507,0.01090909090909098,0.00940909090909098,0.00940909090909098,-0.01604545454545453
KRW-ALGO,2026-04-28,none,False,0.011560693641618602,-0.046242774566473965,-0.034682080924855474,-0.036182080924855475,-0.036182080924855475,-0.013060693641618491
KRW-HUNT,2026-04-28,none,False,0.013245033112582849,-0.0066225165562914245,0.0066225165562914245,0.005122516556291425,0.005122516556291425,-0.0015
KRW-ALT,2026-04-28,none,False,0.017857142857143016,-0.017857142857142794,0.0,-0.0015,-0.0015,0.007428571428571619
KRW-PENGU,2026-04-28,sl,False,0.025974025974025983,-0.05844155844155852,-0.012987012987013102,-0.051500000000000004,-0.014487012987013102,-0.051500000000000004
KRW-WCT,2026-04-28,none,False,0.040704070407040494,-0.0033003300330034513,0.02310231023102305,0.021602310231023047,0.021602310231023047,0.006200770077007535
KRW-PLUME,2026-04-28,none,False,0.05464480874316946,-0.016393442622950838,0.016393442622950838,0.014893442622950838,0.014893442622950838,-0.006964480874317057
KRW-2Z,2026-04-28,none,False,0.007751937984496138,-0.023255813953488413,-0.007751937984496138,-0.009251937984496137,-0.009251937984496137,-0.009251937984496137
KRW-MANTRA,2026-04-28,none,False,0.0,-0.0434782608695653,-0.012422360248447228,-0.013922360248447228,-0.013922360248447228,-0.013922360248447228
KRW-AUCTION,2026-04-28,none,False,0.0021023125437982237,-0.01191310441485638,-0.003503854239663595,-0.005003854239663595,-0.005003854239663595,-0.008507708479327301
KRW-CRO,2026-04-28,none,False,0.0,-0.019230769230769273,-0.009615384615384581,-0.01111538461538458,-0.01111538461538458,-0.0015
KRW-ARDR,2026-04-28,tp,False,0.11041009463722418,-0.014195583596214534,0.023659305993690927,0.0985,0.0985,0.0985
KRW-AQT,2026-04-28,none,False,0.06343283582089554,-0.008706467661691586,0.008706467661691475,0.007206467661691475,0.007206467661691475,0.00596268656716409
KRW-POLYX,2026-04-28,none,False,0.0027210884353741083,-0.016326530612244983,-0.0013605442176869431,-0.002860544217686943,-0.002860544217686943,-0.012384353741496544
KRW-SOL,2026-04-28,none,False,0.0007911392405062223,-0.022943037974683556,-0.012658227848101222,-0.014158227848101222,-0.014158227848101222,-0.011784810126582333
KRW-TRUMP,2026-04-28,none,False,0.0007951232441028022,-0.03710575139146566,-0.02173336867214415,-0.02323336867214415,-0.02323336867214415,-0.012631725417439675
KRW-MANA,2026-04-28,none,False,0.007246376811594235,-0.021739130434782594,-0.007246376811594235,-0.008746376811594235,-0.008746376811594235,-0.0015
KRW-TREE,2026-04-28,none,False,0.03921568627450989,0.0,0.02941176470588225,0.027911764705882247,0.027911764705882247,0.01810784313725483
KRW-MOCA,2026-04-28,none,False,0.048309178743961345,-0.024154589371980673,0.033816425120772875,0.032316425120772874,0.032316425120772874,-0.006330917874396045
KRW-META,2026-04-28,none,False,0.020979020979020824,0.0,0.006993006993006867,0.005493006993006868,0.005493006993006868,0.005493006993006868
KRW-F,2026-04-28,none,False,0.0011961722488038617,-0.019138755980861233,-0.0011961722488037507,-0.0026961722488037508,-0.0026961722488037508,-0.0026961722488037508
KRW-SHIB,2026-04-28,none,False,0.005464480874316946,-0.014207650273224015,-0.003278688524590234,-0.004778688524590234,-0.004778688524590234,-0.005871584699453534
KRW-T,2026-04-28,none,False,0.007734806629834168,-0.006629834254143652,-0.0022099447513813653,-0.0037099447513813653,-0.0037099447513813653,-0.0003950276243093729
KRW-CELO,2026-04-28,none,False,0.015037593984962516,-0.015037593984962405,-0.007518796992481258,-0.009018796992481258,-0.009018796992481258,-0.009018796992481258
KRW-STX,2026-04-28,none,False,0.0,-0.020710059171597628,-0.011834319526627168,-0.013334319526627168,-0.013334319526627168,-0.01629289940828399
KRW-AERO,2026-04-28,none,False,0.03801169590643272,-0.01900584795321636,-0.0014619883040936088,-0.002961988304093609,-0.002961988304093609,-0.013195906432748537
KRW-ANIME,2026-04-28,none,False,0.008462623413258097,-0.012693935119887145,0.0,-0.0015,-0.0015,-0.011373060648801224
KRW-COW,2026-04-28,none,False,0.0,-0.025000000000000022,-0.010714285714285676,-0.012214285714285676,-0.012214285714285676,-0.015785714285714236
KRW-HIVE,2026-04-28,none,False,0.004424778761061843,-0.015486725663716894,-0.00553097345132747,-0.00703097345132747,-0.00703097345132747,-0.0015
KRW-THETA,2026-04-28,none,False,0.003154574132492094,-0.03154574132492116,-0.028391167192429068,-0.02989116719242907,-0.02989116719242907,-0.010963722397476392
KRW-ZKP,2026-04-28,tp,False,0.34426229508196715,-0.016393442622950838,0.22131147540983598,0.0985,0.0985,-0.009696721311475419
KRW-CKB,2026-04-28,none,False,0.022522522522522515,-0.009009009009009028,0.013513513513513375,0.012013513513513376,0.012013513513513376,0.007509009009008917
KRW-MBL,2026-04-28,none,False,0.0,-0.021276595744680882,-0.007092198581560294,-0.008592198581560294,-0.008592198581560294,-0.01568439716312059
KRW-ARB,2026-04-28,none,False,0.010638297872340496,-0.02659574468085102,-0.021276595744680882,-0.022776595744680883,-0.022776595744680883,-0.012138297872340385
KRW-PUNDIX,2026-04-28,none,False,0.013513513513513598,-0.0045045045045044585,0.009009009009008917,0.007509009009008917,0.007509009009008917,-0.0015
KRW-JST,2026-04-28,none,False,0.03442622950819674,-0.016393442622950838,0.032786885245901676,0.031286885245901674,0.031286885245901674,-0.0015
KRW-QKC,2026-04-28,none,False,0.021739130434782705,-0.01304347826086949,-0.0021739130434782483,-0.0036739130434782484,-0.0036739130434782484,-0.0036739130434782484
KRW-JUP,2026-04-28,none,False,0.0,-0.04123711340206182,-0.037800687285223344,-0.039300687285223346,-0.039300687285223346,-0.025554982817869443
KRW-ID,2026-04-28,none,False,0.0021551724137931494,-0.01724137931034475,-0.004310344827586077,-0.005810344827586076,-0.005810344827586076,-0.005810344827586076
KRW-YGG,2026-04-28,none,False,0.009756097560975618,-0.019512195121951237,0.0,-0.0015,-0.0015,-0.011256097560975618
KRW-A,2026-04-28,none,False,0.045454545454545414,-0.007575757575757569,0.037878787878787845,0.036378787878787844,0.036378787878787844,-0.009075757575757569
KRW-MIRA,2026-04-28,none,False,0.023809523809523725,-0.007936507936507908,0.015873015873015817,0.014373015873015817,0.014373015873015817,0.006436507936507909
KRW-SYRUP,2026-04-28,none,False,0.016438356164383494,-0.0273972602739726,-0.005479452054794498,-0.006979452054794498,-0.006979452054794498,0.00123972602739736
KRW-IOST,2026-04-28,none,False,0.0060975609756097615,-0.024390243902438935,-0.012195121951219412,-0.013695121951219412,-0.013695121951219412,-0.019792682926829175
KRW-IOTA,2026-04-28,none,False,0.0,-0.024764150943396124,-0.01886792452830177,-0.020367924528301773,-0.020367924528301773,-0.013292452830188704
KRW-PUMP,2026-04-28,tp,False,0.13962264150943393,-0.02264150943396226,0.0641509433962264,0.0985,0.0985,-0.009047169811320753
KRW-TIA,2026-04-28,none,False,0.06261859582542684,-0.009487666034155628,0.028462998102466885,0.026962998102466884,0.026962998102466884,0.017475332068311256
KRW-ZKC,2026-04-28,none,False,0.08181818181818179,-0.018181818181818188,0.05454545454545445,0.05304545454545445,0.05304545454545445,-0.010590909090909038
KRW-MNT,2026-04-28,none,False,0.001052631578947416,-0.017894736842105297,-0.015789473684210575,-0.017289473684210577,-0.017289473684210577,-0.007815789473684163
KRW-SENT,2026-04-28,none,False,0.0074349442379182396,-0.03345724907063197,-0.014869888475836368,-0.01636988847583637,-0.01636988847583637,-0.012652416356877248
KRW-SEI,2026-04-28,none,False,0.0,-0.03100775193798444,-0.02657807308970095,-0.02807807308970095,-0.02807807308970095,-0.01589645625692132
KRW-LSK,2026-04-28,none,False,0.02645502645502651,-0.015873015873015928,0.021164021164021163,0.01966402116402116,0.01966402116402116,-0.012082010582010581
KRW-MTL,2026-04-28,none,False,0.0,-0.017977528089887618,-0.006741573033707815,-0.008241573033707815,-0.008241573033707815,-0.008241573033707815
KRW-SOPH,2026-04-28,none,False,0.022727272727272707,-0.030303030303030165,-0.007575757575757569,-0.009075757575757569,-0.009075757575757569,-0.01665151515151514
KRW-OP,2026-04-28,none,False,0.005494505494505475,-0.02197802197802201,-0.01098901098901095,-0.01248901098901095,-0.01248901098901095,-0.0015
KRW-HBAR,2026-04-28,none,False,0.007518796992481258,-0.015037593984962405,0.0,-0.0015,-0.0015,-0.0015
KRW-STRAX,2026-04-28,none,False,0.01005025125628145,-0.03015075376884413,-0.02010050251256279,-0.02160050251256279,-0.02160050251256279,-0.011550251256281339
KRW-VANA,2026-04-28,tp,False,0.14378780828292226,-0.0009306654257794644,0.04932526756630984,0.0985,0.0985,0.05294392740809678
KRW-MANA,2026-04-29,none,False,0.014598540145985384,-0.04379562043795615,-0.021897810218978075,-0.023397810218978077,-0.023397810218978077,0.005799270072992803
KRW-IN,2026-04-29,none,False,0.015075376884422065,-0.025125628140703515,-0.0020100502512563345,-0.0035100502512563346,-0.0035100502512563346,-0.005520100502512669
KRW-BIGTIME,2026-04-29,none,False,0.015075376884422065,-0.045226130653266305,-0.01005025125628134,-0.011550251256281339,-0.011550251256281339,0.0035251256281408363
KRW-AWE,2026-04-29,none,False,0.035335689045936425,-0.018845700824499545,0.02473498233215543,0.02323498233215543,0.02323498233215543,0.006744994110718329
KRW-FIL,2026-04-29,none,False,0.09597069597069607,-0.04102564102564099,0.00219780219780219,0.00069780219780219,0.00069780219780219,0.01754761904761898
KRW-IOTA,2026-04-29,none,False,0.03369434416365835,-0.02166064981949456,-0.0072202166064980755,-0.008720216606498075,-0.008720216606498075,0.012940433212996373
KRW-AZTEC,2026-04-29,sl,False,0.03654485049833878,-0.06312292358803995,-0.029900332225913706,-0.051500000000000004,-0.03140033222591371,0.0018222591362125353
KRW-MASK,2026-04-29,sl,False,0.019329896907216426,-0.054123711340206215,-0.023195876288659822,-0.051500000000000004,-0.024695876288659824,-0.00021134020618557162
KRW-ONDO,2026-04-29,none,False,0.022900763358778553,-0.027989821882951627,0.0025445292620864812,0.0010445292620864812,0.0010445292620864812,0.006133587786259444
KRW-JUP,2026-04-29,sl,False,0.017857142857142794,-0.06785714285714284,-0.025000000000000022,-0.051500000000000004,-0.026500000000000024,0.012785714285714235
KRW-BLUR,2026-04-29,sl,False,0.042857142857142705,-0.06904761904761902,-0.023809523809523836,-0.051500000000000004,-0.025309523809523837,-0.02054761904761898
KRW-STRAX,2026-04-29,none,False,0.01538461538461533,-0.015384615384615441,0.0,-0.0015,-0.0015,0.00362820512820511
KRW-F,2026-04-29,none,False,0.008423586040914532,-0.04693140794223838,-0.022864019253911128,-0.02436401925391113,-0.02436401925391113,0.0009067388688326918
KRW-SONIC,2026-04-29,sl,False,0.0,-0.06228373702422141,-0.03979238754325254,-0.051500000000000004,-0.04129238754325254,-0.03437197231833905
KRW-XEC,2026-04-29,none,False,0.00943396226415083,-0.028301886792452824,-0.009433962264150941,-0.010933962264150941,-0.010933962264150941,-0.010933962264150941
KRW-XRP,2026-04-29,none,False,0.018039980497318364,-0.017064846416382284,-0.0019502681618722706,-0.0034502681618722706,-0.0034502681618722706,0.004838371526084741
KRW-INJ,2026-04-29,none,False,0.016981132075471805,-0.04245283018867929,-0.018867924528301883,-0.020367924528301884,-0.020367924528301884,0.00887735849056598
KRW-JTO,2026-04-29,none,False,0.025844930417495027,-0.027833001988071593,0.011928429423459175,0.010428429423459175,0.010428429423459175,0.012416500994035852
KRW-ORDER,2026-04-29,none,False,0.01568154402895061,-0.04704463208685172,-0.026537997587454787,-0.028037997587454788,-0.028037997587454788,-0.0063250904704464355
KRW-SNT,2026-04-29,none,False,0.013513513513513375,-0.006756756756756799,0.0,-0.0015,-0.0015,-0.0015
KRW-TRUMP,2026-04-29,sl,False,0.010554803788903833,-0.06630581867388363,-0.03193504736129904,-0.051500000000000004,-0.03343504736129904,0.0006650879566983416
KRW-ZBT,2026-04-29,sl,False,0.050724637681159424,-0.09420289855072461,-0.021739130434782594,-0.051500000000000004,-0.023239130434782596,-0.051500000000000004
KRW-CKB,2026-04-29,none,False,0.008888888888888946,-0.03111111111111109,-0.004444444444444362,-0.005944444444444362,-0.005944444444444362,-0.005944444444444362
KRW-LPT,2026-04-30,none,False,0.007383627608346766,-0.013483146067415741,0.0009630818619583703,-0.0005369181380416297,-0.0005369181380416297,-0.007278491171749555
KRW-ATH,2026-04-30,none,False,0.026497695852534697,-0.012672811059907807,0.0011520737327188613,-0.00034792626728113877,-0.00034792626728113877,-0.0015
KRW-AUCTION,2026-04-30,none,False,0.002808988764045006,-0.009129213483146104,-0.005617977528089901,-0.007117977528089901,-0.007117977528089901,-0.006415730337078705
KRW-INJ,2026-04-30,none,False,0.004807692307692291,-0.024038461538461564,-0.02019230769230773,-0.021692307692307733,-0.021692307692307733,-0.015923076923076873
KRW-LINK,2026-04-30,none,False,0.00439560439560438,-0.01391941391941387,-0.00586080586080584,-0.00736080586080584,-0.00736080586080584,-0.00589560439560438
KRW-HOLO,2026-04-30,none,False,0.030139935414424057,-0.012917115177610405,-0.009687836383207804,-0.011187836383207804,-0.011187836383207804,0.011417115177610184
KRW-MEW,2026-04-30,none,False,0.025345622119815614,-0.018433179723502335,-0.0011520737327188613,-0.0026520737327188613,-0.0026520737327188613,0.0008041474654377225
KRW-XRP,2026-04-30,none,False,0.0087890625,-0.00927734375,-0.00537109375,-0.00687109375,-0.00687109375,-0.0015
KRW-AHT,2026-04-30,none,False,0.0,-0.008849557522123686,-0.004424778761061843,-0.005924778761061842,-0.005924778761061842,-0.005924778761061842
KRW-SAFE,2026-04-30,none,False,0.056872037914691864,-0.014218009478673022,0.018957345971563955,0.017457345971563953,0.017457345971563953,0.017457345971563953
KRW-GMT,2026-04-30,none,False,0.012121212121211977,-0.024242424242424176,-0.012121212121212088,-0.013621212121212088,-0.013621212121212088,-0.007560606060606099
KRW-TOKAMAK,2026-04-30,none,False,0.0,-0.04705882352941182,-0.03790849673202612,-0.03940849673202612,-0.03940849673202612,-0.038101307189542466
KRW-DOGE,2026-04-30,none,False,0.04516129032258065,0.0,0.019354838709677358,0.017854838709677356,0.017854838709677356,0.030758064516129002
KRW-HP,2026-04-30,none,False,0.016949152542372836,-0.016949152542372947,0.008474576271186418,0.0069745762711864185,0.0069745762711864185,0.0069745762711864185
KRW-STRAX,2026-04-30,none,False,0.0,-0.02564102564102566,-0.015384615384615441,-0.016884615384615442,-0.016884615384615442,-0.006628205128205221
KRW-ETC,2026-04-30,none,False,0.011235955056179803,-0.009630818619582704,-0.0032102728731941976,-0.004710272873194197,-0.004710272873194197,-0.0015
KRW-ARK,2026-04-30,none,False,0.0,-0.022900763358778664,-0.011450381679389277,-0.012950381679389276,-0.012950381679389276,-0.01676717557251911
KRW-PENDLE,2026-04-30,sl,False,0.08265720081135908,-0.06034482758620685,0.07707910750507097,-0.051500000000000004,0.07557910750507096,-0.045617647058823485
KRW-POWR,2026-04-30,none,False,0.0064102564102566095,-0.020299145299145227,-0.014957264957264904,-0.016457264957264905,-0.016457264957264905,-0.010047008547008516
KRW-CTC,2026-04-30,none,False,0.0,-0.02304147465437789,-0.009216589861751112,-0.010716589861751112,-0.010716589861751112,-0.015324884792626779
KRW-USD1,2026-04-30,none,False,0.00200534759358284,-0.008021390374331583,-0.0033422459893047707,-0.00484224598930477,-0.00484224598930477,-0.006179144385026701
KRW-EDGE,2026-04-30,none,False,0.012422360248447228,-0.0496894409937888,-0.03105590062111796,-0.03255590062111796,-0.03255590062111796,-0.020133540372670844
KRW-LINEA,2026-04-30,none,False,0.0515267175572518,-0.011450381679389388,0.011450381679389166,0.009950381679389166,0.009950381679389166,-0.003408396946564861
KRW-CARV,2026-04-30,none,False,0.0011820330969267712,-0.02127659574468077,-0.01891252955082734,-0.02041252955082734,-0.02041252955082734,-0.012138297872340274
KRW-W,2026-04-30,none,False,0.01612903225806428,-0.016129032258064502,-0.010752688172043112,-0.012252688172043112,-0.012252688172043112,-0.006876344086021611
KRW-VANA,2026-04-30,none,False,0.06128133704735372,-0.00603528319405755,0.005106778087279551,0.003606778087279551,0.003606778087279551,0.0031425255338904403
KRW-ELF,2026-04-30,none,False,0.017094017094017033,-0.017094017094017144,0.0,-0.0015,-0.0015,-0.0015
KRW-TRUMP,2026-04-30,none,False,0.005033557046979942,-0.01817673378076068,-0.007270693512304249,-0.008770693512304249,-0.008770693512304249,-0.009050335570469801
KRW-YGG,2026-04-30,none,False,0.016638935108153063,-0.013311148086522562,-0.006655574043261225,-0.008155574043261225,-0.008155574043261225,-0.00649168053244603
KRW-ARB,2026-04-30,none,False,0.02659574468085113,-0.021276595744680882,-0.015957446808510634,-0.017457446808510635,-0.017457446808510635,-0.0015
KRW-LSK,2026-04-30,none,False,0.005347593582887722,-0.016042780748663055,-0.005347593582887722,-0.0068475935828877215,-0.0068475935828877215,-0.012195187165775443
KRW-BONK,2026-04-30,none,False,0.017297297297297343,-0.018378378378378413,-0.00540540540540535,-0.00690540540540535,-0.00690540540540535,-0.0015
KRW-ETH,2026-04-30,none,False,0.008896797153024938,-0.011565836298932375,-0.0011862396204033177,-0.0026862396204033177,-0.0026862396204033177,-0.004465599051008349
KRW-VTHO,2026-04-30,none,False,0.0011723329425556983,-0.022274325908558046,-0.021101992966002348,-0.02260199296600235,-0.02260199296600235,-0.015567995310668268
KRW-VET,2026-04-30,none,False,0.028846153846153744,-0.009615384615384581,0.0,-0.0015,-0.0015,-0.0015
KRW-ENS,2026-04-30,none,False,0.008879023307436285,-0.015538290788013276,-0.00721420643729187,-0.00871420643729187,-0.00871420643729187,-0.007049389567147566
KRW-BARD,2026-04-30,none,False,0.0,-0.03341288782816232,-0.014319809069212375,-0.015819809069212376,-0.015819809069212376,-0.015819809069212376
KRW-PYTH,2026-04-30,none,False,0.005714285714285783,-0.02000000000000013,-0.008571428571428452,-0.010071428571428452,-0.010071428571428452,-0.012928571428571343
KRW-DOOD,2026-04-30,none,False,0.04201680672268915,-0.010504201680672232,-0.0021008403361344463,-0.0036008403361344463,-0.0036008403361344463,0.013205882352941347
KRW-PEPE,2026-04-30,none,False,0.01903114186851207,-0.01730103806228378,0.0,-0.0015,-0.0015,-0.0066903114186852
KRW-AUCTION,2026-05-01,none,False,0.004943502824858781,-0.003531073446327637,-0.0028248587570621764,-0.004324858757062176,-0.004324858757062176,-0.0007937853107344282
KRW-LAYER,2026-05-01,none,False,0.03305785123966931,0.0,0.016528925619834656,0.015028925619834656,0.015028925619834656,0.006764462809917328
KRW-BIO,2026-05-01,sl,False,0.0714285714285714,-0.05519480519480513,-0.02922077922077926,-0.051500000000000004,-0.03072077922077926,-0.03072077922077926
KRW-ID,2026-05-01,none,False,0.011013215859030812,-0.008810572687224627,0.0,-0.0015,-0.0015,0.005107929515418665
KRW-COMP,2026-05-01,none,False,0.0779554540262708,0.0,0.006567675613934787,0.005067675613934787,0.005067675613934787,0.029625071387778423
KRW-DOGE,2026-05-01,none,False,0.03144654088050314,-0.0062893081761006275,0.012578616352201255,0.011078616352201255,0.011078616352201255,0.02365723270440251
KRW-WCT,2026-05-01,none,False,0.03508771929824572,-0.00877192982456132,0.02960526315789469,0.02810526315789469,0.02810526315789469,-0.00040350877192979343
KRW-WAXP,2026-05-01,none,False,0.012257405515832653,0.0,0.0020429009193054792,0.0005429009193054792,0.0005429009193054792,0.005650153217569067
KRW-MTL,2026-05-01,none,False,0.009090909090909038,-0.006818181818181834,0.00454545454545463,0.00304545454545463,0.00304545454545463,-0.003772727272727315
KRW-ONT,2026-05-01,none,False,0.009433962264151052,-0.018867924528301883,0.009433962264151052,0.007933962264151053,0.007933962264151053,-0.010933962264150941
KRW-BIRB,2026-05-01,none,False,0.035532994923857864,-0.015228426395939132,0.0,-0.0015,-0.0015,0.013728426395939021
KRW-ZORA,2026-05-01,none,False,0.005347593582887722,-0.021390374331550777,-0.016042780748663166,-0.017542780748663167,-0.017542780748663167,0.003847593582887722
KRW-KERNEL,2026-05-01,none,False,0.04312938816449341,-0.015045135406218657,-0.005015045135406182,-0.006515045135406182,-0.006515045135406182,0.011539117352056096
KRW-WLD,2026-05-01,none,False,0.011080332409972193,-0.03878116343490301,-0.03601108033240996,-0.03751108033240996,-0.03751108033240996,0.0012700831024930483
KRW-MED,2026-05-01,none,False,0.012779552715654896,0.0,0.006389776357827559,0.0048897763578275594,0.0048897763578275594,0.0048897763578275594
KRW-LINEA,2026-05-01,none,False,0.03402646502835527,-0.026465028355387443,0.013232514177693888,0.011732514177693889,0.011732514177693889,0.015513232514177635
KRW-SONIC,2026-05-01,none,False,0.04761904761904745,-0.029982363315696703,-0.014109347442680886,-0.015609347442680886,-0.015609347442680886,-0.01031834215167554
KRW-AXS,2026-05-01,none,False,0.04458598726114649,-0.007839294463498292,0.010779029887310054,0.009279029887310055,0.009279029887310055,0.013688633023027976
KRW-MASK,2026-05-01,none,False,0.06702412868632712,-0.0013404825737265424,0.029490616621983934,0.027990616621983933,0.027990616621983933,0.030671581769437017
KRW-SOMI,2026-05-01,none,False,0.010714285714285676,-0.0357142857142857,-0.0357142857142857,-0.0372142857142857,-0.0372142857142857,-0.008642857142857117
KRW-CELO,2026-05-01,none,False,0.03149606299212593,0.0,0.007874015748031482,0.0063740157480314825,0.0063740157480314825,0.014248031496062965
KRW-SENT,2026-05-01,none,False,0.015625,-0.01562500000000011,-0.007812500000000111,-0.00931250000000011,-0.00931250000000011,0.0063125
KRW-MINA,2026-05-01,none,False,0.007936507936507908,-0.0045351473922903285,0.0011337868480725266,-0.0003662131519274734,-0.0003662131519274734,0.0030351473922901064
KRW-ICX,2026-05-01,none,False,0.02242990654205612,0.0,0.0037383177570093906,0.0022383177570093906,0.0022383177570093906,0.00597663551401856
KRW-DOOD,2026-05-01,none,False,0.012631578947368327,-0.008421052631578996,-0.006315789473684275,-0.007815789473684274,-0.007815789473684274,0.004815789473684275
KRW-INJ,2026-05-01,none,False,0.07752698724239449,0.0,0.05888125613346418,0.057381256133464176,0.057381256133464176,0.013220314033366045
KRW-GRT,2026-05-01,none,False,0.01671309192200554,-0.0055710306406684396,0.0,-0.0015,-0.0015,0.012427576601671321
KRW-NEWT,2026-05-01,none,False,0.02777777777777768,0.0,0.0185185185185186,0.0170185185185186,0.0170185185185186,0.007759259259259301
KRW-SEI,2026-05-01,none,False,0.010526315789473717,-0.007017543859649034,0.0035087719298245723,0.0020087719298245723,0.0020087719298245723,0.0008391812865496408
KRW-SAFE,2026-05-01,none,False,0.04651162790697683,-0.013953488372092981,-0.009302325581395321,-0.01080232558139532,-0.01080232558139532,0.01710465116279064
KRW-OPEN,2026-05-02,none,False,0.06267029972752036,-0.0463215258855586,0.016348773841961872,0.014848773841961873,0.014848773841961873,0.02847275204359684
KRW-AXL,2026-05-02,sl,True,0.13725490196078427,-0.05196078431372542,0.10784313725490202,-0.051500000000000004,0.0985,-0.011303921568627416
KRW-DOT,2026-05-02,none,False,0.026286353467561474,-0.006711409395973145,0.016778523489932917,0.015278523489932918,0.015278523489932918,0.0007371364653244185
KRW-ID,2026-05-02,none,False,0.03947368421052633,-0.004385964912280715,0.030701754385964897,0.029201754385964895,0.029201754385964895,0.007271929824561431
KRW-SUI,2026-05-02,none,False,0.01319648093841641,-0.003665689149560114,0.007331378299120228,0.0058313782991202285,0.0058313782991202285,0.0006994134897360684
KRW-INJ,2026-05-02,none,False,0.0711645101663585,-0.0027726432532347856,0.043438077634011085,0.041938077634011084,0.041938077634011084,0.01975693160813302
KRW-AAVE,2026-05-02,none,False,0.01904761904761898,-0.00293040293040292,0.01245421245421241,0.01095421245421241,0.01095421245421241,0.00509340659340657
KRW-1INCH,2026-05-02,none,False,0.014184397163120588,-0.014184397163120588,0.007092198581560183,0.005592198581560183,0.005592198581560183,-0.008592198581560294
KRW-ORBS,2026-05-02,none,False,0.015748031496063186,-0.015748031496062964,-0.007874015748031482,-0.009374015748031482,-0.009374015748031482,-0.0015
KRW-MASK,2026-05-02,none,False,0.0012987012987013546,-0.01948051948051943,-0.014285714285714235,-0.015785714285714236,-0.015785714285714236,-0.00799350649350644
KRW-AXS,2026-05-02,none,False,0.06147144240077451,-0.01597289448209105,-0.010164569215876051,-0.011664569215876051,-0.011664569215876051,-0.012148596321394032
KRW-WLFI,2026-05-02,sl,False,0.04820766378244734,-0.056860321384425316,0.018541409147095234,-0.051500000000000004,0.017041409147095232,-0.02869406674907299
KRW-MANTRA,2026-05-02,tp,False,0.12500000000000022,-0.013157894736842035,0.026315789473684292,0.0985,0.0985,-0.0015
KRW-PENDLE,2026-05-02,none,False,0.03859348198970847,-0.038164665523156116,0.01758147512864494,0.01608147512864494,0.01608147512864494,-0.02637135506003435
KRW-SAND,2026-05-02,none,False,0.009345794392523255,-0.01869158878504673,0.009345794392523255,0.007845794392523255,0.007845794392523255,-0.010845794392523365
KRW-OP,2026-05-02,none,False,0.04444444444444451,-0.01666666666666672,0.03333333333333344,0.031833333333333436,0.031833333333333436,-0.012611111111111071
KRW-GAME2,2026-05-02,none,False,0.004975124378109541,-0.00995024875621886,0.004975124378109541,0.003475124378109541,0.003475124378109541,0.003475124378109541
KRW-ZORA,2026-05-02,none,False,0.048913043478260976,0.0,0.02717391304347827,0.02567391304347827,0.02567391304347827,0.009369565217391353
KRW-LINK,2026-05-02,none,False,0.013323464100666094,-0.005181347150259086,0.005921539600296066,0.004421539600296067,0.004421539600296067,0.0007205773501109416
KRW-BIO,2026-05-02,tp,False,0.636060100166945,-0.013355592654423987,0.4290484140233721,0.0985,0.0985,0.0985
KRW-MTL,2026-05-02,none,False,0.015873015873015817,-0.006802721088435382,0.01133786848072571,0.00983786848072571,0.00983786848072571,-0.0015
KRW-AKT,2026-05-02,tp,False,0.10649350649350642,-0.027272727272727226,0.09090909090909083,0.0985,0.0985,-0.01968181818181819
KRW-ZIL,2026-05-02,none,False,0.02876480541455151,-0.0016920473773265332,0.025380710659898442,0.02388071065989844,0.02388071065989844,0.0018840947546530664
KRW-ARDR,2026-05-02,none,False,0.003215434083601254,-0.0112540192926045,0.003215434083601254,0.001715434083601254,0.001715434083601254,-0.011146302250803873
KRW-BREV,2026-05-02,none,False,0.029069767441860517,-0.011627906976744207,0.01744186046511631,0.01594186046511631,0.01594186046511631,-0.0015
KRW-AGLD,2026-05-02,none,False,0.02673796791443861,-0.008021390374331583,0.013368983957219305,0.011868983957219305,0.011868983957219305,-0.0041737967914438606
KRW-RAY,2026-05-03,none,False,0.022950819672131084,-0.016393442622950838,-0.012295081967213073,-0.013795081967213072,-0.013795081967213072,-0.012155737704918011
KRW-WCT,2026-05-03,none,False,0.005330490405117239,-0.030916844349680117,-0.011727078891257903,-0.013227078891257902,-0.013227078891257902,-0.026020255863539454
KRW-BTC,2026-05-03,none,False,0.0066660375254159465,-0.004761455375297041,0.000248796767357895,-0.001251203232642105,-0.001251203232642105,-0.004965996345261235
KRW-BREV,2026-05-03,none,False,0.005714285714285783,-0.02285714285714291,-0.017142857142857126,-0.018642857142857128,-0.018642857142857128,-0.018642857142857128
KRW-AKT,2026-05-03,tp,False,0.2080856123662307,-0.013079667063020217,0.09988109393579081,0.0985,0.0985,0.03773900118906065
KRW-SYRUP,2026-05-03,none,False,0.01084010840108407,-0.01897018970189701,0.0027100271002709064,0.0012100271002709064,0.0012100271002709064,-0.015050135501354976
KRW-PYTH,2026-05-03,none,False,0.0013568521031206426,-0.020352781546811416,-0.012211668928086894,-0.013711668928086894,-0.013711668928086894,-0.0015
KRW-POL,2026-05-03,none,False,0.0,-0.03448275862068961,-0.020689655172413834,-0.022189655172413836,-0.022189655172413836,-0.0015
KRW-KERNEL,2026-05-03,none,False,0.024691358024691246,-0.0092592592592593,-0.004115226337448652,-0.0056152263374486516,-0.0056152263374486516,0.004672839506172867
KRW-LINK,2026-05-03,none,False,0.004415011037527616,-0.008830022075055233,-0.00367917586460631,-0.0051791758646063096,-0.0051791758646063096,-0.006650846210448811
KRW-CBK,2026-05-03,none,False,0.021164021164021163,-0.002645502645502673,0.007936507936507908,0.006436507936507909,0.006436507936507909,-0.0015
KRW-AWE,2026-05-03,none,False,0.022592152199762294,-0.024970273483947647,-0.008323424494649068,-0.009823424494649067,-0.009823424494649067,-0.011012485136741966
KRW-AVNT,2026-05-03,none,False,0.0,-0.04109589041095896,-0.022831050228310557,-0.024331050228310558,-0.024331050228310558,-0.019764840182648402
KRW-TAO,2026-05-03,none,False,0.031088082901554515,-0.01413094677343385,0.011304757418747036,0.009804757418747036,0.009804757418747036,-0.0033841262364578393
KRW-TRUMP,2026-05-03,none,False,0.007449856733524385,-0.016332378223495647,-0.009169054441260704,-0.010669054441260704,-0.010669054441260704,-0.006944126074498512
KRW-MOODENG,2026-05-03,sl,False,0.001098901098901095,-0.05274725274725267,-0.02857142857142847,-0.051500000000000004,-0.03007142857142847,-0.03556593406593406
KRW-WET,2026-05-03,none,False,0.04137931034482767,-0.01379310344827589,-0.006896551724137945,-0.008396551724137944,-0.008396551724137944,0.01229310344827589
KRW-NEO,2026-05-03,none,False,0.0024271844660195274,-0.01092233009708743,-0.006310679611650438,-0.007810679611650438,-0.007810679611650438,-0.007810679611650438
KRW-POWR,2026-05-03,none,False,0.002148227712137407,-0.01074113856068748,-0.0032223415682062218,-0.004722341568206221,-0.004722341568206221,-0.004722341568206221
KRW-BTT,2026-05-03,none,False,0.008403361344537785,-0.00630252100840345,0.006302521008403339,0.004802521008403339,0.004802521008403339,-0.0036008403361345574
KRW-PUMP,2026-05-03,none,False,0.0074349442379182396,-0.014869888475836479,-0.0037174721189590088,-0.005217472118959008,-0.005217472118959008,-0.01636988847583648
KRW-POKT,2026-05-03,none,False,0.005681818181818121,-0.017045454545454586,-0.017045454545454586,-0.018545454545454587,-0.018545454545454587,-0.012863636363636575
KRW-MLK,2026-05-03,none,False,0.003911342894393766,-0.007822685788787642,0.0,-0.0015,-0.0015,-0.005411342894393654
KRW-IN,2026-05-03,none,False,0.05940594059405946,-0.023762376237623783,0.03960396039603964,0.03810396039603964,0.03810396039603964,-0.0015
KRW-VET,2026-05-03,none,False,0.0,-0.0185185185185186,-0.009259259259259411,-0.010759259259259411,-0.010759259259259411,-0.010759259259259411
KRW-NEAR,2026-05-03,none,False,0.0036325895173845435,-0.023871302542812667,-0.018681888946548986,-0.020181888946548987,-0.020181888946548987,-0.01239776855215363
KRW-ICX,2026-05-03,none,False,0.005524861878453136,-0.012891344383057057,-0.009208103130755041,-0.01070810313075504,-0.01070810313075504,-0.005183241252301905
KRW-THETA,2026-05-04,none,False,0.015822784810126667,-0.02848101265822789,-0.015822784810126556,-0.017322784810126557,-0.017322784810126557,0.004829113924050667
KRW-TOKAMAK,2026-05-04,none,False,0.03677342823250296,-0.04507710557532618,-0.02135231316725983,-0.02285231316725983,-0.02285231316725983,-0.035900948991696324
KRW-TRUMP,2026-05-04,none,False,0.01505500868558185,-0.016502605674580173,-0.00463231036479439,-0.006132310364794389,-0.006132310364794389,0.00776462072958878
KRW-NEO,2026-05-04,none,False,0.01658941205171982,-0.009026591851671095,-0.0036594291290558134,-0.005159429129055813,-0.005159429129055813,0.009722249329104761
KRW-BLAST,2026-05-04,none,False,0.008379888268156499,-0.018156424581005637,-0.009776536312849138,-0.011276536312849137,-0.011276536312849137,0.0026899441340782495
KRW-SUN,2026-05-04,none,False,0.0034843205574912606,-0.024390243902439046,-0.0034843205574912606,-0.00498432055749126,-0.00498432055749126,-0.018921602787456415
KRW-ZETA,2026-05-04,none,False,0.07995495495495497,-0.029279279279279202,0.0011261261261261701,-0.0003738738738738299,-0.0003738738738738299,-0.002626126126126059
KRW-ARK,2026-05-04,none,False,0.011673151750972721,-0.01945525291828798,-0.0077821011673151474,-0.009282101167315147,-0.009282101167315147,0.006282101167315148
KRW-TOSHI,2026-05-04,none,False,0.03435114503816794,-0.01526717557251911,0.011450381679389388,0.009950381679389388,0.009950381679389388,0.025217557251908496
KRW-API3,2026-05-04,sl,False,0.03169014084507049,-0.051056338028169,-0.04401408450704225,-0.051500000000000004,-0.04551408450704225,-0.027908450704225374
KRW-OPEN,2026-05-04,sl,False,0.05263157894736836,-0.08978328173374617,-0.08668730650154799,-0.051500000000000004,-0.08818730650154799,-0.03555572755417952
KRW-AWE,2026-05-04,none,False,0.011990407673860837,-0.011990407673860948,0.007194244604316502,0.0056942446043165024,0.0056942446043165024,-0.0015
KRW-TT,2026-05-04,none,False,0.007751937984496138,-0.015503875968992276,0.0,-0.0015,-0.0015,-0.0015
KRW-LA,2026-05-04,none,False,0.019607843137254832,-0.014705882352941124,0.004901960784313708,0.003401960784313708,0.003401960784313708,0.008303921568627417
KRW-JST,2026-05-04,none,False,0.016000000000000014,-0.04800000000000004,0.008000000000000007,0.0065000000000000075,0.0065000000000000075,-0.009500000000000007
KRW-MOVE,2026-05-04,none,False,0.02316602316602312,-0.015444015444015413,0.01158301158301156,0.01008301158301156,0.01008301158301156,0.01008301158301156
KRW-BIO,2026-05-04,sl,False,0.07238307349665929,-0.09576837416481065,-0.09242761692650336,-0.051500000000000004,-0.09392761692650337,-0.023771714922049048
KRW-SOMI,2026-05-04,none,False,0.029850746268656803,-0.014925373134328401,0.018656716417910557,0.017156716417910556,0.017156716417910556,0.00596268656716409
KRW-WCT,2026-05-04,none,False,0.029189189189189113,-0.012972972972972951,0.012972972972973063,0.011472972972973063,0.011472972972973063,0.012554054054054133
KRW-KERNEL,2026-05-04,tp,False,0.15822130299896586,-0.005170630816959676,0.033092037228541926,0.0985,0.0985,0.015046018614270964
KRW-MBL,2026-05-04,none,False,0.0,-0.007299270072992692,0.0,-0.0015,-0.0015,-0.008799270072992691
KRW-AXL,2026-05-04,tp,False,0.2710280373831775,-0.01869158878504673,0.14018691588785037,0.0985,0.0985,0.0985
KRW-FF,2026-05-04,none,False,0.013029315960912058,-0.015200868621063957,-0.0021715526601518986,-0.0036715526601518987,-0.0036715526601518987,-0.0015
KRW-CARV,2026-05-04,none,False,0.008206330597889888,-0.02461899179366933,-0.009378663540445475,-0.010878663540445475,-0.010878663540445475,-0.0038446658851113967
KRW-MIRA,2026-05-04,none,False,0.016666666666666607,-0.01666666666666672,-0.01666666666666672,-0.01816666666666672,-0.01816666666666672,0.006833333333333304
KRW-MED,2026-05-04,none,False,0.012698412698412653,-0.0031746031746030523,0.0,-0.0015,-0.0015,0.004849206349206327
KRW-TIA,2026-05-04,none,False,0.04854368932038833,-0.013592233009708687,0.03495145631067964,0.03345145631067964,0.03345145631067964,0.025684466019417374
KRW-LINK,2026-05-04,none,False,0.053215077605321515,-0.002956393200295615,0.02734663710273466,0.02584663710273466,0.02584663710273466,0.019194752402069526
KRW-MTL,2026-05-04,none,False,0.03603603603603611,-0.0045045045045044585,0.029279279279279313,0.027779279279279312,0.027779279279279312,0.014265765765765716
KRW-ZKP,2026-05-04,none,False,0.05691056910569103,-0.016260162601625994,0.03252032520325199,0.031020325203251986,0.031020325203251986,0.022890243902439045
KRW-STX,2026-05-04,none,False,0.0332326283987916,-0.0060422960725075026,0.0060422960725075026,0.004542296072507503,0.004542296072507503,0.01662688821752273
KRW-ALGO,2026-05-04,none,False,0.01775147928994092,-0.023668639053254448,-0.017751479289940808,-0.01925147928994081,-0.01925147928994081,0.01033431952662728
KRW-ARKM,2026-05-04,none,False,0.016949152542372836,-0.03389830508474578,-0.02824858757062143,-0.029748587570621432,-0.029748587570621432,0.015449152542372837
KRW-TAIKO,2026-05-04,none,False,0.01183431952662728,-0.011834319526627168,0.0,-0.0015,-0.0015,-0.0015
KRW-0G,2026-05-04,none,False,0.016476552598225558,-0.011406844106463865,0.008871989860582907,0.007371989860582908,0.007371989860582908,0.011174271229404344
KRW-BEAM,2026-05-04,none,False,0.04225352112676051,0.0,0.010563380281690238,0.009063380281690238,0.009063380281690238,0.019626760563380252
KRW-SNT,2026-05-04,none,False,0.006756756756756799,-0.006756756756756799,0.0,-0.0015,-0.0015,-0.0015
KRW-BLUR,2026-05-04,none,False,0.05655526992287929,-0.010282776349614386,0.033419023136247006,0.031919023136247004,0.031919023136247004,0.021636246786632285
KRW-GMT,2026-05-04,none,False,0.02515723270440251,-0.012578616352201366,0.0,-0.0015,-0.0015,0.01736792452830188
KRW-ELF,2026-05-04,none,False,0.0,-0.008620689655172376,0.0,-0.0015,-0.0015,-0.0015
KRW-ORDER,2026-05-04,none,False,0.03597122302158273,-0.022781774580335812,0.020383693045563422,0.01888369304556342,0.01888369304556342,0.012888489208633004
KRW-PROVE,2026-05-04,none,False,0.030726256983240274,-0.005586592178770999,0.025139664804469275,0.023639664804469274,0.023639664804469274,0.018053072625698274
KRW-CELO,2026-05-04,none,False,0.022727272727272707,-0.022727272727272707,0.0,-0.0015,-0.0015,0.021227272727272706
KRW-XRP,2026-05-04,none,False,0.01748421563865965,-0.002428363283147106,0.0038853812530355025,0.0023853812530355025,0.0023853812530355025,0.011127489072365217
KRW-ANIME,2026-05-04,none,False,0.015781922525107683,-0.010043041606886516,-0.001434720229555153,-0.002934720229555153,-0.002934720229555153,0.011412482065997155
KRW-OP,2026-05-04,none,False,0.03825136612021862,-0.021857923497267784,0.005464480874316946,0.003964480874316946,0.003964480874316946,0.020357923497267782
KRW-INJ,2026-05-04,none,False,0.015356820234869062,-0.017163504968383037,-0.012646793134598044,-0.014146793134598044,-0.014146793134598044,0.006630081300812942
KRW-T,2026-05-05,none,False,0.041049030786773244,-0.0022805017103761926,0.018244013683010207,0.016744013683010206,0.016744013683010206,0.007622006841505215
KRW-MET2,2026-05-05,none,False,0.02016129032258074,-0.012096774193548376,0.0,-0.0015,-0.0015,0.0025322580645162364
KRW-SOPH,2026-05-05,none,False,0.007751937984496138,-0.007751937984496138,0.0,-0.0015,-0.0015,0.006251937984496138
KRW-MBL,2026-05-05,none,False,0.021897810218977964,0.0,0.007299270072992581,0.005799270072992581,0.005799270072992581,-0.0015
KRW-ZIL,2026-05-05,tp,False,0.40065146579804556,0.0,0.12866449511400657,0.0985,0.0985,0.009900651465798051
KRW-JTO,2026-05-05,sl,False,0.015570934256055269,-0.09342560553633217,-0.04152249134948094,-0.051500000000000004,-0.04302249134948094,0.0019602076124568004
KRW-ONT,2026-05-05,none,False,0.04672897196261672,-0.01869158878504673,-0.009345794392523366,-0.010845794392523365,-0.010845794392523365,-0.0015
KRW-ZETA,2026-05-05,none,False,0.012401352874858995,-0.016910935738444155,-0.005636978579481422,-0.007136978579481422,-0.007136978579481422,-0.008264374295377795
KRW-YGG,2026-05-05,none,False,0.013867488443759513,-0.013867488443759735,-0.00924499229583986,-0.01074499229583986,-0.01074499229583986,0.0031224961479197635
KRW-ATH,2026-05-05,none,False,0.05011135857461024,0.0,0.022271714922048824,0.020771714922048823,0.020771714922048823,0.03747550111358572
KRW-NXPC,2026-05-05,none,False,0.013636363636363669,-0.004545454545454519,0.002272727272727204,0.0007727272727272041,0.0007727272727272041,0.00304545454545463
KRW-ICP,2026-05-05,tp,False,0.17791061770566463,-0.004269854824935915,0.11500142328494167,0.0985,0.0985,0.00504711073156844
KRW-WAXP,2026-05-05,none,False,0.038696537678207577,-0.0020366598778003286,0.02851323828920571,0.02701323828920571,0.02701323828920571,0.005628309572301373
KRW-PUMP,2026-05-05,none,False,0.025830258302582898,-0.0073800738007380184,0.011070110701107083,0.009570110701107084,0.009570110701107084,0.005880073800737908
KRW-FIL,2026-05-05,none,False,0.05962643678160928,-0.005028735632183867,0.03520114942528729,0.03370114942528729,0.03370114942528729,0.004247126436781658
KRW-ESP,2026-05-05,none,False,0.05940594059405946,-0.00990099009900991,0.02970297029702973,0.028202970297029728,0.028202970297029728,0.018301980198019818
KRW-ONDO,2026-05-05,none,False,0.045064377682403345,-0.023605150214592308,0.0193133047210301,0.0178133047210301,0.0178133047210301,0.026396995708154514
KRW-AWE,2026-05-05,none,False,0.017899761336515496,-0.015513126491646712,-0.014319809069212486,-0.015819809069212487,-0.015819809069212487,0.0020799522673030104
KRW-QTUM,2026-05-05,none,False,0.025326170376055224,-0.003069838833461236,0.016884113584036742,0.015384113584036742,0.015384113584036742,0.008476976208748934
KRW-SOMI,2026-05-05,none,False,0.022058823529411686,-0.003676470588235281,0.011029411764705843,0.009529411764705844,0.009529411764705844,-0.0015
KRW-HP,2026-05-05,none,False,0.016877637130801704,-0.008438818565400852,0.0042194092827005925,0.0027194092827005924,0.0027194092827005924,0.0027194092827005924
KRW-ORDER,2026-05-05,tp,False,0.12177985948477743,-0.008196721311475419,0.008196721311475308,0.0985,0.0985,0.0985
KRW-GAME2,2026-05-05,none,False,0.00990099009900991,-0.014851485148514865,0.0,-0.0015,-0.0015,0.003450495049504955
KRW-SAND,2026-05-05,none,False,0.03669724770642202,-0.00917431192660545,0.0183486238532109,0.016848623853210898,0.016848623853210898,0.00767431192660545
KRW-BSV,2026-05-05,sl,False,0.032421052631578906,-0.0736842105263158,0.01473684210526316,-0.051500000000000004,0.01323684210526316,0.00565789473684203
KRW-XRP,2026-05-05,none,False,0.015481373971939938,-0.0004837929366231508,0.010159651669085612,0.008659651669085612,0.008659651669085612,0.00575689404934693
KRW-XLM,2026-05-05,none,False,0.02136752136752129,-0.004273504273504258,0.008547008547008517,0.007047008547008517,0.007047008547008517,0.007047008547008517
KRW-ORBS,2026-05-05,none,False,0.03200000000000003,0.0,0.008000000000000007,0.0065000000000000075,0.0065000000000000075,-0.0015
KRW-MMT,2026-05-05,none,False,0.03571428571428581,0.0,0.015306122448979664,0.013806122448979665,0.013806122448979665,0.008704081632652962
KRW-MED,2026-05-05,none,False,0.012658227848101333,-0.0031645569620254443,0.012658227848101333,0.011158227848101334,0.011158227848101334,-0.004664556962025444
KRW-OPEN,2026-05-05,none,False,0.061224489795918435,-0.010204081632653073,0.04081632653061229,0.03931632653061229,0.03931632653061229,0.005302721088435382
KRW-RAY,2026-05-05,none,False,0.03783319002579533,-0.015477214101461745,0.021496130696474713,0.019996130696474712,0.019996130696474712,0.001079535683576939
KRW-UNI,2026-05-05,none,False,0.03189300411522633,0.0,0.023045267489711918,0.021545267489711917,0.021545267489711917,0.01187448559670773
KRW-PENDLE,2026-05-05,none,False,0.05920114122681874,-0.03815977175463625,0.03637660485021388,0.03487660485021388,0.03487660485021388,-0.02682097004279599
KRW-SUI,2026-05-05,none,False,0.05068790731354089,-0.002896451846488013,0.0354815351194786,0.0339815351194786,0.0339815351194786,0.00936169442433027
KRW-ANKR,2026-05-05,none,False,0.051820728291316565,-0.0014005602240896309,0.0308123249299721,0.0293123249299721,0.0293123249299721,0.005502801120448377
KRW-EGLD,2026-05-05,none,False,0.08767576509511987,-0.00992555831265507,0.01902398676592232,0.017523986765922317,0.017523986765922317,0.005944168734491275
KRW-TREE,2026-05-05,none,False,0.009615384615384581,-0.019230769230769273,-0.009615384615384581,-0.01111538461538458,-0.01111538461538458,-0.01111538461538458
KRW-IMX,2026-05-05,none,False,0.019920318725099584,-0.007968127490039834,0.007968127490039834,0.006468127490039834,0.006468127490039834,0.006468127490039834
KRW-COMP,2026-05-05,none,False,0.009915014164305846,-0.03257790368271951,-0.01104815864022668,-0.01254815864022668,-0.01254815864022668,-0.02472946175637397
KRW-LAYER,2026-05-05,none,False,0.016000000000000014,-0.008000000000000007,0.016000000000000014,0.014500000000000015,0.014500000000000015,0.0065000000000000075
KRW-TFUEL,2026-05-05,none,False,0.017857142857142794,-0.03571428571428581,0.017857142857142794,0.016357142857142792,0.016357142857142792,-0.02530952380952395
KRW-SC,2026-05-05,none,False,0.021897810218977964,-0.007299270072992692,0.007299270072992581,0.005799270072992581,0.005799270072992581,0.005799270072992581
KRW-ADA,2026-05-05,none,False,0.056451612903225756,-0.005376344086021501,0.043010752688172005,0.041510752688172003,0.041510752688172003,0.0038763440860215006
KRW-PENGU,2026-05-05,tp,False,0.17333333333333334,0.0,0.08666666666666667,0.0985,0.0985,0.038500000000000034
KRW-SHIB,2026-05-05,none,False,0.03485838779956407,0.0,0.02287581699346397,0.02137581699346397,0.02137581699346397,0.0017679738562089166
KRW-RVN,2026-05-05,none,False,0.020524515393386622,-0.0034207525655644,0.012542759407069726,0.011042759407069726,0.011042759407069726,0.0007805017103761926
KRW-WAVES,2026-05-05,none,False,0.023026315789473673,-0.00164473684210531,0.019736842105263053,0.01823684210526305,0.01823684210526305,0.0017894736842106198
KRW-ETHFI,2026-05-05,none,False,0.03987240829346095,-0.009569377990430672,0.0031897926634769647,0.0016897926634769646,0.0016897926634769646,0.004879585326953708
KRW-ALT,2026-05-05,none,False,0.026086956521739202,-0.008695652173912993,0.008695652173912993,0.007195652173912994,0.007195652173912994,0.0245869565217392
KRW-AAVE,2026-05-05,none,False,0.016776075857038553,-0.0014587892049598983,0.008023340627279385,0.006523340627279385,0.006523340627279385,0.0036057622173595884
KRW-BREV,2026-05-05,none,False,0.040462427745664664,0.0,0.028901734104046284,0.027401734104046283,0.027401734104046283,0.01584104046242768
KRW-MOC,2026-05-05,none,False,0.02487562189054726,-0.007462686567164312,0.01990049751243772,0.01840049751243772,0.01840049751243772,0.003475124378109319
KRW-GMT,2026-05-05,none,False,0.03164556962025311,-0.006329113924050778,0.018987341772152,0.017487341772152,0.017487341772152,0.004829113924050667
KRW-TAIKO,2026-05-05,none,False,0.0235294117647058,-0.00588235294117645,0.01764705882352935,0.016147058823529348,0.016147058823529348,0.00438235294117645
KRW-PLUME,2026-05-05,none,False,0.0517241379310347,-0.005747126436781436,0.028735632183908066,0.027235632183908065,0.027235632183908065,0.004247126436781658
KRW-INJ,2026-05-05,none,False,0.04574565416285448,-0.006404391582799596,0.01646843549862753,0.014968435498627532,0.014968435498627532,-0.0015
KRW-CHZ,2026-05-05,none,False,0.0744500846023688,-0.005076142131979822,0.035532994923857864,0.03403299492385786,0.03403299492385786,0.00019204737732653318
KRW-POKT,2026-05-05,none,False,0.017241379310344973,-0.011494252873563204,0.0,-0.0015,-0.0015,-0.0015
KRW-CARV,2026-05-05,none,False,0.027251184834123254,0.0,0.021327014218009532,0.01982701421800953,0.01982701421800953,0.009163507109004656
KRW-WET,2026-05-05,none,False,0.04225352112676051,-0.04929577464788737,-0.014084507042253502,-0.015584507042253502,-0.015584507042253502,0.005542253521126752
KRW-AXS,2026-05-05,none,False,0.04501278772378514,-0.004092071611253245,0.026598465473145705,0.025098465473145704,0.025098465473145704,0.01128772378516635
KRW-MOODENG,2026-05-05,none,False,0.04610318331503849,-0.006586169045005419,0.021953896816685026,0.020453896816685024,0.020453896816685024,0.02264928649835346
KRW-META,2026-05-05,none,False,0.013986013986013957,-0.006993006993007089,0.0,-0.0015,-0.0015,0.005493006993006868
KRW-MANA,2026-05-05,none,False,0.04651162790697683,0.0,0.03100775193798455,0.02950775193798455,0.02950775193798455,0.014003875968992276
KRW-BCH,2026-05-05,none,False,0.04252088078967353,-0.0015186028853454436,0.03492786636294598,0.03342786636294598,0.03342786636294598,0.0022965072133636646
KRW-GRT,2026-05-05,none,False,0.046575342465753566,-0.005479452054794609,0.046575342465753566,0.045075342465753565,0.045075342465753565,0.014938356164383495
KRW-CVC,2026-05-05,none,False,0.033039647577092435,0.0,0.017621145374449476,0.016121145374449475,0.016121145374449475,0.0073105726872247385
KRW-BAT,2026-05-05,none,False,0.07792207792207795,-0.00649350649350644,0.006493506493506551,0.004993506493506552,0.004993506493506552,0.01798051948051943
KRW-MTL,2026-05-05,none,False,0.06550218340611358,-0.0021834061135370675,0.026200873362445476,0.024700873362445475,0.024700873362445475,0.01815065502183405
KRW-HIVE,2026-05-05,tp,False,0.5610859728506787,-0.002262443438914019,0.22171945701357454,0.0985,0.0985,0.0985
KRW-KNC,2026-05-05,sl,False,0.017391304347825987,-0.05652173913043479,-0.04347826086956519,-0.051500000000000004,-0.04497826086956519,-0.0188913043478261
KRW-ME,2026-05-05,none,False,0.032467532467532534,0.0,0.01948051948051943,0.01798051948051943,0.01798051948051943,0.01798051948051943
KRW-API3,2026-05-05,none,False,0.035055350553505615,-0.009225092250922495,0.03321033210332103,0.031710332103321026,0.031710332103321026,0.0021900369003689537
KRW-KITE,2026-05-05,none,False,0.009049773755656076,-0.018099547511312264,-0.009049773755656076,-0.010549773755656076,-0.010549773755656076,-0.006024886877828038
KRW-GAS,2026-05-05,none,False,0.023730224812656076,-0.002914238134887559,0.016652789342214813,0.015152789342214814,0.015152789342214814,0.01057327227310584
KRW-IN,2026-05-05,sl,False,0.019230769230769162,-0.05769230769230771,-0.04134615384615381,-0.051500000000000004,-0.04284615384615381,-0.0015
KRW-MASK,2026-05-05,none,False,0.015151515151515138,-0.008264462809917328,0.005509641873278293,0.004009641873278293,0.004009641873278293,0.006764462809917328
KRW-VTHO,2026-05-06,none,False,0.02073732718894017,-0.00691244239631339,0.017281105990783363,0.015781105990783362,0.015781105990783362,0.010020737327189057
KRW-TOSHI,2026-05-06,none,False,0.029520295202952074,-0.0073800738007380184,0.022140221402213944,0.020640221402213943,0.020640221402213943,0.013260147601476037
KRW-AVAX,2026-05-06,none,False,0.02875629043853345,-0.00790797987059666,0.015097052480230078,0.013597052480230078,0.013597052480230078,0.010002516175413425
KRW-AXL,2026-05-06,sl,False,0.008474576271186418,-0.10169491525423724,-0.09322033898305082,-0.051500000000000004,-0.09472033898305082,-0.051500000000000004
KRW-AAVE,2026-05-06,none,False,0.02098408104196814,-0.01736613603473225,0.0021707670043416005,0.0006707670043416005,0.0006707670043416005,0.0013943560057888007
KRW-STORJ,2026-05-06,tp,False,0.42763157894736836,0.0,0.11184210526315796,0.0985,0.0985,0.0985
KRW-TAO,2026-05-06,tp,False,0.10032362459546929,-0.03398058252427183,0.04738788719371234,0.0985,0.0985,-0.02715880721220526
KRW-HYPER,2026-05-06,sl,False,0.0,-0.07831325301204817,-0.0662650602409639,-0.051500000000000004,-0.0677650602409639,-0.031620481927710886
KRW-CYBER,2026-05-06,none,False,0.023485784919653918,-0.008652657601977753,0.018541409147095234,0.017041409147095232,0.017041409147095232,0.002208281829418958
KRW-UNI,2026-05-06,none,False,0.04321608040201008,-0.011055276381909507,0.02311557788944718,0.02161557788944718,0.02161557788944718,0.0021180904522613577
KRW-LAYER,2026-05-06,none,False,0.023622047244094446,-0.015748031496062964,0.015748031496062964,0.014248031496062965,0.014248031496062965,0.014248031496062965
KRW-NXPC,2026-05-06,none,False,0.038548752834467015,-0.0113378684807256,0.024943310657596474,0.023443310657596472,0.023443310657596472,0.0030351473922903285
KRW-BIO,2026-05-06,sl,False,0.0237467018469657,-0.08575197889182062,-0.07255936675461738,-0.051500000000000004,-0.07405936675461738,-0.01601187335092341
KRW-MED,2026-05-06,none,False,0.009374999999999911,-0.006249999999999978,0.006250000000000089,0.004750000000000089,0.004750000000000089,-0.0015
KRW-ARDR,2026-05-06,none,False,0.012658227848101111,-0.011075949367088667,0.0015822784810126667,8.227848101266663e-05,8.227848101266663e-05,0.007993670886075778
KRW-XEC,2026-05-06,none,False,0.01851851851851838,-0.009259259259259411,0.0092592592592593,0.007759259259259301,0.007759259259259301,0.007759259259259301
KRW-ME,2026-05-06,none,False,0.03164556962025311,-0.012658227848101222,0.025316455696202445,0.023816455696202443,0.023816455696202443,0.011158227848101334
KRW-XAUT,2026-05-06,none,False,0.019926199261992572,-0.0028044280442804936,0.012988929889298895,0.011488929889298895,0.011488929889298895,0.003518450184501866
KRW-API3,2026-05-06,none,False,0.007130124777183555,-0.03208556149732622,-0.017825311942959,-0.019325311942959,-0.019325311942959,0.003847593582887722
KRW-IOTA,2026-05-06,none,False,0.04107981220657275,-0.010563380281690238,0.018779342723004522,0.01727934272300452,0.01727934272300452,0.021974178403755762
KRW-MANA,2026-05-06,none,False,0.029850746268656803,-0.014925373134328401,0.014925373134328401,0.013425373134328402,0.013425373134328402,0.013425373134328402
KRW-QTUM,2026-05-06,none,False,0.030188679245283012,-0.007547169811320753,0.02037735849056599,0.018877358490565987,0.018877358490565987,0.012839622641509342
KRW-SENT,2026-05-06,none,False,0.0,-0.020161290322580627,-0.0040322580645162365,-0.005532258064516236,-0.005532258064516236,-0.00956451612903225
KRW-ALT,2026-05-06,none,False,0.034482758620689724,-0.008620689655172376,0.008620689655172376,0.007120689655172376,0.007120689655172376,0.024362068965517347
KRW-TT,2026-05-06,none,False,0.01538461538461533,-0.007692307692307665,0.007692307692307665,0.006192307692307665,0.006192307692307665,0.006192307692307665
KRW-BLAST,2026-05-06,none,False,0.029166666666666785,-0.004166666666666652,0.02083333333333326,0.019333333333333258,0.019333333333333258,0.009611111111111072
KRW-NEO,2026-05-06,none,False,0.030554239696826135,-0.006395073424917075,0.02581714827096171,0.024317148270961708,0.024317148270961708,0.012237565135007124
KRW-BLUR,2026-05-06,none,False,0.046798029556650134,-0.032019704433497664,-0.029556650246305494,-0.031056650246305495,-0.031056650246305495,0.023130541871921262
KRW-ONDO,2026-05-06,none,False,0.04842105263157892,-0.040000000000000036,0.0,-0.0015,-0.0015,-0.009921052631578995
KRW-OPEN,2026-05-06,none,False,0.09477124183006547,0.0,0.06862745098039214,0.06712745098039213,0.06712745098039213,0.01810784313725483
KRW-TAIKO,2026-05-06,none,False,0.01734104046242768,-0.011560693641618491,0.005780346820809301,0.004280346820809302,0.004280346820809302,-0.0015
KRW-DEEP,2026-05-06,none,False,0.04516129032258065,-0.03010752688172036,-0.021505376344086002,-0.023005376344086004,-0.023005376344086004,0.020005376344086
KRW-AHT,2026-05-06,none,False,0.013043478260869712,-0.008695652173913104,0.004347826086956719,0.0028478260869567187,0.0028478260869567187,-0.0015
KRW-PUMP,2026-05-06,none,False,0.08029197080291972,-0.0036496350364964014,0.04379562043795615,0.04229562043795615,0.04229562043795615,0.013098540145985162
KRW-ANIME,2026-05-06,none,False,0.028089887640449396,-0.0098314606741573,0.012640449438202195,0.011140449438202195,0.011140449438202195,0.009735955056179803
KRW-TRX,2026-05-06,none,False,0.0019607843137254832,-0.019607843137254943,-0.0019607843137254832,-0.0034607843137254833,-0.0034607843137254833,-0.011303921568627416
KRW-ORDER,2026-05-06,none,False,0.016260162601626105,-0.027874564459930196,-0.015098722415795574,-0.016598722415795575,-0.016598722415795575,-0.006145760743321569
KRW-WLD,2026-05-06,none,False,0.05785123966942152,-0.011019283746556474,0.038567493112947604,0.0370674931129476,0.0370674931129476,0.02604820936639124
KRW-BERA,2026-05-06,none,False,0.02333931777378817,-0.008976660682226245,0.01795332136445249,0.01645332136445249,0.01645332136445249,0.011067324955116588
KRW-ADA,2026-05-06,none,False,0.030927835051546282,-0.015463917525773141,0.005154639175257714,0.0036546391752577136,0.0036546391752577136,0.0010773195876288568
KRW-DOOD,2026-05-06,none,False,0.03541666666666665,-0.012499999999999956,0.004166666666666874,0.002666666666666874,0.002666666666666874,0.017250000000000043
KRW-ZORA,2026-05-06,none,False,0.046391752577319645,-0.010309278350515427,-0.005154639175257603,-0.006654639175257602,-0.006654639175257602,0.019118556701031075
KRW-COW,2026-05-06,none,False,0.02298850574712641,-0.01532567049808431,0.011494252873563315,0.009994252873563316,0.009994252873563316,0.006162835249042211
KRW-ZKC,2026-05-06,none,False,0.008849557522123908,-0.017699115044247815,0.0,-0.0015,-0.0015,-0.0015
KRW-ICX,2026-05-06,none,False,0.026881720430107503,-0.0035842293906809264,0.01433691756272415,0.01283691756272415,0.01283691756272415,0.020005376344086
KRW-PENGU,2026-05-06,none,False,0.01840490797546024,-0.042944785276073705,-0.030674846625766916,-0.03217484662576692,-0.03217484662576692,-0.0076349693251534494
KRW-AERGO,2026-05-06,none,False,0.0073081607795373316,-0.010962241169305664,-0.004872107186357999,-0.006372107186357999,-0.006372107186357999,-0.00028197320341044477
KRW-ZK,2026-05-06,tp,False,0.12062256809338523,-0.015564202334630295,0.04669260700389111,0.0985,0.0985,-0.005391050583657462
KRW-OP,2026-05-06,tp,False,0.1465968586387434,-0.010471204188481686,0.08900523560209428,0.0985,0.0985,0.014206806282722586
KRW-SYRUP,2026-05-06,none,False,0.005291005291005346,-0.03703703703703709,-0.02645502645502651,-0.02795502645502651,-0.02795502645502651,-0.006791005291005346
KRW-JUP,2026-05-06,none,False,0.07773851590106018,-0.007067137809187329,0.028268551236749095,0.026768551236749094,0.026768551236749094,0.01263427561837466
KRW-POLYX,2026-05-06,none,False,0.049046321525885395,-0.008174386920981047,0.02452316076294281,0.023023160762942807,0.023023160762942807,0.038009536784741116
KRW-FLUID,2026-05-06,none,False,0.05072164948453617,-0.006597938144329851,0.03793814432989695,0.03643814432989695,0.03643814432989695,0.01870618556701037
KRW-ENS,2026-05-06,none,False,0.03772582359192356,-0.007970244420828942,0.029755579171094615,0.028255579171094614,0.028255579171094614,0.009126992561105109
KRW-SC,2026-05-06,tp,False,0.11510791366906492,0.0,0.043165467625899234,0.0985,0.0985,0.0985
KRW-MANTRA,2026-05-06,none,False,0.019867549668874274,-0.013245033112582738,0.0,-0.0015,-0.0015,-0.0015
KRW-RAY,2026-05-06,none,False,0.031932773109243806,-0.026890756302521024,-0.00588235294117645,-0.007382352941176449,-0.007382352941176449,0.0027016806722688926
KRW-PYTH,2026-05-06,none,False,0.08594815825375157,-0.004092769440654842,0.03547066848567537,0.03397066848567537,0.03397066848567537,0.014871077762619369
KRW-DOT,2026-05-06,none,False,0.032804232804232836,-0.010582010582010581,0.021693121693121764,0.020193121693121763,0.020193121693121763,0.013314814814814837
KRW-RED,2026-05-06,none,False,0.028436018957346043,-0.023696682464455,-0.009478672985781977,-0.010978672985781977,-0.010978672985781977,-0.006239336492891044
KRW-AXS,2026-05-06,none,False,0.025411061285500747,-0.01843547583457894,0.021425012456402603,0.019925012456402602,0.019925012456402602,-5.231689088113032e-06
KRW-SIGN,2026-05-06,none,False,0.012658227848101333,-0.012658227848101333,0.0042194092827005925,0.0027194092827005924,0.0027194092827005924,-0.00571940928270037
KRW-SAFE,2026-05-06,none,False,0.044554455445544594,-0.01980198019801982,0.00990099009900991,0.00840099009900991,0.00840099009900991,-0.0015
KRW-PUNDIX,2026-05-06,none,False,0.012875536480686733,-0.01716738197424894,-0.008583690987124415,-0.010083690987124415,-0.010083690987124415,-0.005791845493562207
KRW-POWR,2026-05-06,none,False,0.04554865424430643,-0.0010351966873705098,0.011387163561076719,0.009887163561076719,0.009887163561076719,0.03369668737060044
KRW-SAHARA,2026-05-06,none,False,0.07650273224043702,-0.016393442622950838,0.04918032786885229,0.04768032786885229,0.04768032786885229,-0.004232240437158473
KRW-SUN,2026-05-06,none,False,0.02422145328719738,-0.01384083044982698,0.01730103806228378,0.01580103806228378,0.01580103806228378,-0.00842041522491349
KRW-SOL,2026-05-06,none,False,0.030540328895849678,-0.005481597494126911,0.023492560689115205,0.021992560689115204,0.021992560689115204,0.003981597494126911
KRW-BIRB,2026-05-06,none,False,0.03499999999999992,-0.015000000000000013,-0.0050000000000000044,-0.006500000000000004,-0.006500000000000004,-0.0015
KRW-ZETA,2026-05-06,none,False,0.02497162315550505,-0.01362088535754813,0.013620885357548351,0.012120885357548352,0.012120885357548352,-0.0003649262202042856
KRW-TRUST,2026-05-06,none,False,0.01941747572815533,-0.01941747572815533,0.0,-0.0015,-0.0015,-0.0015
KRW-DOGE,2026-05-06,none,False,0.0117647058823529,-0.03529411764705881,-0.02941176470588236,-0.03091176470588236,-0.03091176470588236,0.00438235294117645
KRW-ZIL,2026-05-06,tp,True,0.1096681096681098,-0.07647907647907637,-0.06926406926406925,0.0985,0.0985,0.0985
KRW-MNT,2026-05-06,none,False,0.03563941299790363,-0.0031446540880503138,0.028301886792452935,0.026801886792452934,0.026801886792452934,-0.00045178197064993245
KRW-PLUME,2026-05-06,none,False,0.06179775280898858,-0.011235955056179692,0.04494382022471921,0.04344382022471921,0.04344382022471921,0.009735955056179803
KRW-SOMI,2026-05-06,none,False,0.025454545454545396,-0.010909090909090868,0.018181818181818077,0.016681818181818076,0.016681818181818076,0.00577272727272732
KRW-BCH,2026-05-06,none,False,0.05274725274725278,-0.01245421245421241,0.0,-0.0015,-0.0015,-0.01102380952380949
KRW-CARV,2026-05-06,tp,False,0.1254355400696865,-0.006968641114982521,0.03368176538908263,0.0985,0.0985,0.0008228803716608404
KRW-AWE,2026-05-06,none,False,0.016949152542373058,-0.01210653753026636,0.008474576271186418,0.0069745762711864185,0.0069745762711864185,-0.00513196125907983
KRW-MBL,2026-05-06,none,False,0.007194244604316502,-0.014388489208632893,0.0,-0.0015,-0.0015,-0.008694244604316502
KRW-A,2026-05-06,none,False,0.03846153846153855,-0.007692307692307665,0.03846153846153855,0.036961538461538546,0.036961538461538546,0.006192307692307665
KRW-BONK,2026-05-06,none,False,0.0718002081165452,-0.010405827263267553,0.03954214360041619,0.03804214360041619,0.03804214360041619,0.014108740894901052
KRW-CPOOL,2026-05-06,none,False,0.002409638554216942,-0.033734939759036076,-0.0072289156626504925,-0.008728915662650492,-0.008728915662650492,-0.013548192771084376
KRW-STRAX,2026-05-06,none,False,0.02051282051282044,-0.01025641025641022,0.01538461538461533,0.01388461538461533,0.01388461538461533,0.00875641025641022
KRW-XLM,2026-05-06,none,False,0.03389830508474567,-0.004237288135593209,0.008474576271186418,0.0069745762711864185,0.0069745762711864185,0.011211864406779628
KRW-CBK,2026-05-06,none,False,0.0026109660574411553,-0.01305483028720622,-0.0026109660574412663,-0.004110966057441266,-0.004110966057441266,-0.0015
KRW-ELF,2026-05-06,none,False,0.042735042735042805,-0.017094017094017144,0.0,-0.0015,-0.0015,0.02414102564102555
KRW-TOKAMAK,2026-05-06,none,False,0.0037688442211054607,-0.03894472361809043,-0.023869346733668362,-0.025369346733668363,-0.025369346733668363,-0.022856783919597945
KRW-HBAR,2026-05-06,none,False,0.02238805970149249,-0.007462686567164201,0.0,-0.0015,-0.0015,-0.0015
KRW-ASTR,2026-05-06,none,False,0.03875968992248069,-0.007751937984496138,0.007751937984496138,0.006251937984496138,0.006251937984496138,0.02950775193798455
KRW-ENA,2026-05-06,tp,False,0.14197530864197527,-0.006172839506172867,0.09259259259259256,0.0985,0.0985,0.010845679012345734
KRW-PROVE,2026-05-06,none,False,0.040431266846361114,-0.005390835579514808,0.029649595687331498,0.028149595687331497,0.028149595687331497,0.02545417789757415
KRW-MOVE,2026-05-06,none,False,0.014981273408239737,-0.011235955056179803,0.0037453183520599342,0.002245318352059934,0.002245318352059934,0.002245318352059934
KRW-BEAM,2026-05-06,none,False,0.0277777777777779,0.0,0.01736111111111116,0.01586111111111116,0.01586111111111116,0.01238888888888884
KRW-FCT2,2026-05-06,none,False,0.005319148936170137,-0.015957446808510634,-0.005319148936170248,-0.006819148936170248,-0.006819148936170248,-0.006819148936170248
KRW-ATH,2026-05-06,tp,False,0.12814895947426064,-0.013143483023001168,0.06900328587075566,0.0985,0.0985,0.03135870755750264
KRW-JST,2026-05-06,sl,False,0.0,-0.10317460317460314,-0.04761904761904767,-0.051500000000000004,-0.04911904761904767,-0.025309523809523837
KRW-BSV,2026-05-06,none,False,0.023651452282157592,-0.009958506224066355,-0.0012448132780082943,-0.0027448132780082944,-0.0027448132780082944,0.0034792531120331773
KRW-2Z,2026-05-06,none,False,0.08955223880597019,-0.007462686567164201,0.04477611940298498,0.04327611940298498,0.04327611940298498,0.05073880597014929
KRW-MOCA,2026-05-06,none,False,0.014851485148514865,-0.014851485148514865,0.004950495049504955,0.003450495049504955,0.003450495049504955,-0.0064504950495048435
KRW-ORCA,2026-05-06,sl,False,0.0,-0.1098102543399273,-0.10456197012515134,-0.051500000000000004,-0.10606197012515134,-0.051500000000000004
KRW-F,2026-05-06,none,False,0.023980815347721673,-0.015587529976019088,0.017985611510791477,0.016485611510791476,0.016485611510791476,0.002097122302158251
KRW-HP,2026-05-06,none,False,0.021008403361344463,-0.008403361344537785,0.021008403361344463,0.019508403361344462,0.019508403361344462,0.006903361344537786
KRW-POL,2026-05-06,none,False,0.02083333333333326,0.0,0.00694444444444442,0.00544444444444442,0.00544444444444442,0.01238888888888884
KRW-BOUNTY,2026-05-06,none,False,0.0031847133757962887,-0.01273885350318471,-0.009554140127388422,-0.011054140127388421,-0.011054140127388421,-0.0015
KRW-LINEA,2026-05-06,none,False,0.048872180451127845,-0.00375939849624074,0.048872180451127845,0.04737218045112784,0.04737218045112784,0.011657894736842036
KRW-AGLD,2026-05-06,none,False,0.013192612137203241,-0.0158311345646438,0.0,-0.0015,-0.0015,-0.0067770448548812295
KRW-IQ,2026-05-06,none,False,0.024390243902439046,-0.0060975609756097615,0.0060975609756097615,0.004597560975609762,0.004597560975609762,0.016792682926829283
KRW-SUI,2026-05-06,none,False,0.058082575227431876,-0.0069979006298110935,0.018194541637508665,0.016694541637508664,0.016694541637508664,0.014595171448565538
KRW-BREV,2026-05-06,none,False,0.016853932584269593,-0.022471910112359605,0.0,-0.0015,-0.0015,0.004117977528089791
KRW-AZTEC,2026-05-06,none,False,0.05263157894736836,-0.013157894736842035,0.03947368421052633,0.037973684210526326,0.037973684210526326,0.0017894736842106198
KRW-VANA,2026-05-06,none,False,0.03670942061034932,-0.011941618752764227,0.03007518796992481,0.02857518796992481,0.02857518796992481,0.014422158337019044
KRW-TRUMP,2026-05-06,none,False,0.022798518096323717,-0.020233684810487373,-0.00968937019093763,-0.011189370190937629,-0.011189370190937629,0.0016347962382444194
KRW-USDE,2026-05-06,none,False,0.004065040650406582,-0.011517615176151796,-0.003387533875338744,-0.004887533875338744,-0.004887533875338744,-0.0008224932249322734
KRW-YGG,2026-05-06,none,False,0.03744149765990645,-0.0031201248049921304,0.02184087363494558,0.020340873634945578,0.020340873634945578,0.023460998439937708
KRW-SUPER,2026-05-06,none,False,0.02717391304347827,-0.005434782608695676,0.021739130434782705,0.020239130434782704,0.020239130434782704,0.009369565217391353
KRW-IOST,2026-05-06,none,False,0.04347826086956519,-0.006211180124223614,0.006211180124223503,0.004711180124223504,0.004711180124223504,0.010922360248447007
KRW-CHZ,2026-05-06,none,False,0.045751633986928164,-0.008169934640522847,0.03267973856209161,0.031179738562091608,0.031179738562091608,0.006669934640522847
KRW-ALGO,2026-05-06,none,False,0.03389830508474567,-0.02259887005649719,-0.011299435028248594,-0.012799435028248594,-0.012799435028248594,-0.007149717514124241
KRW-ELSA,2026-05-06,none,False,0.06481481481481488,-0.0092592592592593,0.0185185185185186,0.0170185185185186,0.0170185185185186,0.05405555555555558
KRW-GAS,2026-05-06,none,False,0.011056511056511065,-0.005733005733005725,0.005323505323505229,0.0038235053235052287,0.0038235053235052287,0.005871007371007377
KRW-INJ,2026-05-06,none,False,0.03324348607367478,-0.008086253369272267,0.029649595687331498,0.028149595687331497,0.028149595687331497,0.02096181491464516
KRW-CKB,2026-05-06,none,False,0.021929824561403688,-0.013157894736842035,0.00877192982456143,0.007271929824561431,0.007271929824561431,0.007271929824561431
KRW-POKT,2026-05-06,none,False,0.005747126436781658,-0.01724137931034464,0.0,-0.0015,-0.0015,-0.012994252873563204
KRW-SKR,2026-05-06,none,False,0.008264462809917328,-0.024793388429751984,-0.008264462809917328,-0.009764462809917327,-0.009764462809917327,-0.0056322314049585525
KRW-NEAR,2026-05-06,tp,False,0.18466353677621283,-0.008868022952529975,0.13875847678664588,0.0985,0.0985,0.008932968179447056
KRW-AQT,2026-05-06,none,False,0.00728155339805836,-0.016990291262135915,-0.01092233009708743,-0.012422330097087429,-0.012422330097087429,-0.0015
KRW-XPL,2026-05-06,none,False,0.0948905109489051,-0.014598540145985384,0.06569343065693434,0.06419343065693434,0.06419343065693434,0.020397810218978185
KRW-0G,2026-05-06,none,False,0.026282853566958808,-0.013767209011264048,0.016270337922402955,0.014770337922402956,0.014770337922402956,-0.0015
KRW-SAND,2026-05-06,none,False,0.03603603603603611,-0.009009009009009028,0.03603603603603611,0.03453603603603611,0.03453603603603611,0.016518018018018055
KRW-G,2026-05-06,none,False,0.012773722627737127,-0.014598540145985384,0.0036496350364962904,0.0021496350364962904,0.0021496350364962904,0.005799270072992581
KRW-ONG,2026-05-06,sl,False,0.009009009009008917,-0.09009009009009006,-0.07207207207207211,-0.051500000000000004,-0.07357207207207211,-0.0015
KRW-XRP,2026-05-06,none,False,0.018678160919540332,-0.00622605363984674,0.00047892720306519365,-0.0010210727969348064,-0.0010210727969348064,-0.0010210727969348064
KRW-MLK,2026-05-06,none,False,0.01025641025641022,-0.0038461538461538325,0.0064102564102563875,0.004910256410256388,0.004910256410256388,0.0023461538461538325
KRW-MON,2026-05-06,none,False,0.0712742980561556,-0.023758099352051754,0.023758099352051865,0.022258099352051863,0.022258099352051863,-0.010139308855291516
KRW-DRIFT,2026-05-06,none,False,0.014765100671140896,-0.03355704697986572,-0.020134228187919434,-0.021634228187919435,-0.021634228187919435,-0.021634228187919435
KRW-ETC,2026-05-06,none,False,0.04879879879879878,-0.0037537537537537524,0.03378378378378377,0.03228378378378377,0.03228378378378377,0.02177327327327322
KRW-ETHFI,2026-05-06,none,False,0.035031847133758065,-0.004777070063694322,0.02070063694267521,0.01920063694267521,0.01920063694267521,0.022385350318471275
KRW-BTC,2026-05-06,none,False,0.0092114713300262,-0.005344824706452256,-0.0029062484341333406,-0.00440624843413334,-0.00440624843413334,0.00042914766748519814
KRW-MMT,2026-05-06,none,False,0.045226130653266416,-0.005025125628140725,0.03015075376884413,0.02865075376884413,0.02865075376884413,0.0186005025125629
KRW-DKA,2026-05-06,none,False,0.005701254275940704,-0.027366020524515422,-0.005701254275940593,-0.007201254275940592,-0.007201254275940592,-0.016323261117445698
KRW-SOL,2026-05-07,none,False,0.014525993883792054,-0.016055045871559592,-0.004587155963302725,-0.006087155963302724,-0.006087155963302724,-0.016025993883792056
KRW-AERO,2026-05-07,none,False,0.00588235294117645,-0.04264705882352937,-0.027941176470588247,-0.02944117647058825,-0.02944117647058825,-0.039735294117647035
KRW-PUNDIX,2026-05-07,none,False,0.05217391304347818,-0.021739130434782594,0.017391304347825987,0.015891304347825985,0.015891304347825985,-0.005847826086956496
KRW-BREV,2026-05-07,none,False,0.0898876404494382,-0.028089887640449396,0.0674157303370786,0.06591573033707859,0.06591573033707859,-0.018353932584269705
KRW-ONDO,2026-05-07,tp,False,0.16842105263157903,-0.023157894736842155,0.09473684210526323,0.0985,0.0985,-0.0015
KRW-ICX,2026-05-07,none,False,0.014109347442680775,-0.01763668430335097,0.012345679012345512,0.010845679012345512,0.010845679012345512,-0.008554673721340498
KRW-AXS,2026-05-07,none,False,0.017595307917888547,-0.032258064516129004,-0.0058651026392961825,-0.007365102639296182,-0.007365102639296182,-0.03326930596285432
KRW-HP,2026-05-07,none,False,0.008298755186721962,-0.024896265560165998,0.0,-0.0015,-0.0015,-0.022246887966805018
KRW-META,2026-05-07,none,False,0.0,-0.01388888888888895,-0.01388888888888895,-0.01538888888888895,-0.01538888888888895,-0.01538888888888895
KRW-STORJ,2026-05-07,sl,False,0.01775147928994092,-0.059171597633136064,0.01183431952662728,-0.051500000000000004,0.01033431952662728,-0.051500000000000004
KRW-BTC,2026-05-07,none,False,0.0034340084091328826,-0.018208620198669978,-0.012546694138733994,-0.014046694138733993,-0.014046694138733993,-0.006558880680771205
KRW-ETH,2026-05-07,none,False,0.0,-0.026071842410197,-0.021726535341830777,-0.02322653534183078,-0.02322653534183078,-0.013377172653534162
KRW-ORCA,2026-05-07,tp,False,0.1427280939476061,-0.024841915085817567,0.03703703703703698,0.0985,0.0985,0.0985
KRW-ETHFI,2026-05-07,none,False,0.004687499999999956,-0.03125,-0.014062499999999978,-0.015562499999999977,-0.015562499999999977,-0.03275
KRW-SUN,2026-05-07,none,False,0.010135135135135087,-0.013513513513513598,0.006756756756756799,0.005256756756756799,0.005256756756756799,-0.004878378378378399
KRW-XTZ,2026-05-07,none,False,0.003558718861210064,-0.02491103202846978,-0.014234875444839812,-0.015734875444839813,-0.015734875444839813,-0.02285231316725983
KRW-ARKM,2026-05-07,none,False,0.0,-0.045454545454545414,-0.025252525252525304,-0.026752525252525305,-0.026752525252525305,-0.041904040404040444
KRW-SHIB,2026-05-07,none,False,0.0,-0.022340425531914954,-0.017021276595744705,-0.018521276595744707,-0.018521276595744707,-0.017457446808510746
KRW-IP,2026-05-07,none,False,0.02124999999999999,-0.036250000000000004,0.011249999999999982,0.009749999999999983,0.009749999999999983,-0.033999999999999975
KRW-ARB,2026-05-07,none,False,0.015873015873015817,-0.04761904761904767,-0.015873015873015928,-0.01737301587301593,-0.01737301587301593,-0.04382804232804233
KRW-ZETA,2026-05-07,none,False,0.01342281879194629,-0.021252796420581754,0.004474272930648615,0.002974272930648615,0.002974272930648615,-0.020515659955257337
KRW-PROVE,2026-05-07,none,False,0.03125,-0.02604166666666663,0.02083333333333326,0.019333333333333258,0.019333333333333258,-0.017125
KRW-YGG,2026-05-07,none,False,0.00917431192660545,-0.033639143730886945,-0.004587155963302947,-0.0060871559633029464,-0.0060871559633029464,-0.029022935779816572
KRW-AGLD,2026-05-07,none,False,0.03157894736842115,-0.03157894736842104,0.010526315789473717,0.009026315789473717,0.009026315789473717,-0.027815789473684183
KRW-ADA,2026-05-07,none,False,0.01534526854219953,-0.020460358056266004,-0.012787723785166238,-0.014287723785166238,-0.014287723785166238,-0.011730179028132946
KRW-ONT,2026-05-07,none,False,0.06659505907626206,-0.027926960257787292,0.015037593984962516,0.013537593984962517,0.013537593984962517,-0.016537593984962295
KRW-ENSO,2026-05-07,none,False,0.01744186046511631,-0.03415697674418605,-0.012354651162790664,-0.013854651162790664,-0.013854651162790664,-0.024029069767441846
KRW-SONIC,2026-05-07,none,False,0.07732864674868178,-0.007029876977152849,0.04393673110720564,0.04243673110720564,0.04243673110720564,0.01255975395430592
KRW-ORDER,2026-05-07,none,False,0.04716981132075482,-0.011792452830188704,0.03891509433962259,0.03741509433962259,0.03741509433962259,-0.006216981132075415
KRW-AZTEC,2026-05-07,none,False,0.08201892744479489,-0.03154574132492116,0.06624605678233442,0.06474605678233442,0.06474605678233442,-0.0046545741324920935
KRW-ICP,2026-05-07,sl,False,0.027925815391174558,-0.08740140694947773,-0.03965039437220208,-0.051500000000000004,-0.04115039437220208,-0.051500000000000004
KRW-TFUEL,2026-05-07,none,False,0.00588235294117645,-0.01764705882352946,0.0,-0.0015,-0.0015,-0.01914705882352946
KRW-G,2026-05-07,none,False,0.027322404371584508,-0.01821493624772319,0.023679417122040025,0.022179417122040024,0.022179417122040024,-0.014250455373406244
KRW-SEI,2026-05-07,none,False,0.01106194690265494,-0.026548672566371723,-0.008849557522124019,-0.010349557522124018,-0.010349557522124018,-0.024730088495575286
KRW-POWR,2026-05-07,none,False,0.010245901639344357,-0.016393442622950727,-0.0010245901639344135,-0.0025245901639344135,-0.0025245901639344135,-0.010721311475409721
KRW-FLUID,2026-05-07,none,False,0.01383399209486158,-0.024110671936758865,-0.011067193675889375,-0.012567193675889375,-0.012567193675889375,0.0004762845849802257
KRW-KAVA,2026-05-07,none,False,0.08681318681318695,-0.01978021978021971,0.06263736263736264,0.061137362637362636,0.061137362637362636,-0.005895604395604491
KRW-QKC,2026-05-07,none,False,0.004255319148936065,-0.014893617021276673,-0.0021276595744680327,-0.0036276595744680327,-0.0036276595744680327,-0.005755319148936287
KRW-DOOD,2026-05-07,none,False,0.022869022869022926,-0.027027027027026973,0.01455301455301461,0.01305301455301461,0.01305301455301461,-0.02644802494802484
KRW-WAL,2026-05-07,none,False,0.044642857142857206,-0.0267857142857143,0.017857142857142794,0.016357142857142792,0.016357142857142792,-0.028285714285714303
KRW-TIA,2026-05-07,none,False,0.01581722319859402,-0.04217926186291743,0.0017574692442883233,0.00025746924428832326,0.00025746924428832326,-0.03840685413005268
KRW-MLK,2026-05-07,none,False,0.0025542784163474774,-0.010217113665389466,0.0,-0.0015,-0.0015,-0.005331417624520994
KRW-GLM,2026-05-07,none,False,0.034146341463414664,-0.014634146341463428,0.029268292682926855,0.027768292682926854,0.027768292682926854,-0.0015
KRW-MIRA,2026-05-07,none,False,0.024390243902439046,-0.024390243902439046,0.016260162601626105,0.014760162601626105,0.014760162601626105,-0.017760162601625995
KRW-CKB,2026-05-07,none,False,0.026086956521739202,-0.017391304347826098,0.026086956521739202,0.0245869565217392,0.0245869565217392,-0.01454347826086949
KRW-AVNT,2026-05-07,none,False,0.091324200913242,-0.0273972602739726,0.0730593607305936,0.0715593607305936,0.0715593607305936,-0.024331050228310558
KRW-EDGE,2026-05-07,tp,True,0.12650602409638556,-0.054216867469879526,-0.02409638554216864,0.0985,0.0985,0.0985
KRW-PEPE,2026-05-07,none,False,0.02786885245901649,-0.019672131147541072,0.003278688524590123,0.0017786885245901231,0.0017786885245901231,-0.01625409836065589
KRW-POLYX,2026-05-07,none,False,0.02400000000000002,-0.02533333333333343,0.008000000000000007,0.0065000000000000075,0.0065000000000000075,-0.02683333333333343
KRW-SC,2026-05-07,none,False,0.00694444444444442,-0.02777777777777779,-0.01388888888888895,-0.01538888888888895,-0.01538888888888895,-0.01538888888888895
KRW-SUPER,2026-05-07,none,False,0.015957446808510634,-0.021276595744680882,0.0,-0.0015,-0.0015,-0.012138297872340385
KRW-W,2026-05-07,none,False,0.05392156862745101,-0.03431372549019607,0.044117647058823595,0.04261764705882359,0.04261764705882359,-0.03091176470588225
KRW-INJ,2026-05-07,none,False,0.013961605584642323,-0.04712041884816753,-0.011343804537521818,-0.012843804537521817,-0.012843804537521817,-0.027678010471204162
KRW-ETC,2026-05-07,none,False,0.000726216412490821,-0.030501089324618702,-0.013071895424836555,-0.014571895424836554,-0.014571895424836554,-0.027643790849673222
KRW-IMX,2026-05-07,none,False,0.015564202334630295,-0.01945525291828798,0.0038910505836575737,0.0023910505836575737,0.0023910505836575737,-0.02095525291828798
KRW-GMT,2026-05-07,none,False,0.023809523809523725,-0.029761904761904767,0.017857142857142794,0.016357142857142792,0.016357142857142792,-0.02530952380952395
KRW-SKR,2026-05-07,none,False,0.0,-0.025000000000000022,-0.004166666666666763,-0.0056666666666667625,-0.0056666666666667625,-0.009833333333333303
KRW-ZBT,2026-05-07,none,False,0.014925373134328401,-0.03731343283582089,-0.018656716417910446,-0.020156716417910447,-0.020156716417910447,0.00596268656716409
KRW-ERA,2026-05-07,none,False,0.05882352941176472,0.0,0.02450980392156854,0.02300980392156854,0.02300980392156854,0.027911764705882247
KRW-WLFI,2026-05-07,tp,False,0.140529531568228,-0.009164969450101923,0.10997963340122197,0.0985,0.0985,0.0005366598778003286
KRW-RVN,2026-05-07,none,False,0.019015659955257336,-0.019015659955257225,0.008948545861297452,0.007448545861297453,0.007448545861297453,-0.01380425055928408
KRW-SNT,2026-05-07,none,False,0.01342281879194629,-0.0134228187919464,0.0,-0.0015,-0.0015,0.005211409395973034
KRW-AHT,2026-05-07,none,False,0.0043290043290042934,-0.017316017316017285,0.0,-0.0015,-0.0015,-0.010158008658008697
KRW-TOSHI,2026-05-07,none,False,0.010830324909747224,-0.02527075812274371,-0.018050541516245522,-0.019550541516245523,-0.019550541516245523,-0.02677075812274371
KRW-BCH,2026-05-07,none,False,0.00219780219780219,-0.03076923076923077,-0.02783882783882785,-0.029338827838827852,-0.029338827838827852,-0.00809340659340657
KRW-CELO,2026-05-07,none,False,0.0,-0.03597122302158273,-0.007194244604316502,-0.008694244604316502,-0.008694244604316502,-0.03027697841726623
KRW-GAME2,2026-05-07,none,False,0.024630541871921263,-0.004926108374384119,0.0,-0.0015,-0.0015,-0.0015
KRW-HYPER,2026-05-07,none,False,0.03870967741935494,-0.012903225806451646,0.019354838709677358,0.017854838709677356,0.017854838709677356,0.004951612903225712
KRW-DRIFT,2026-05-07,none,False,0.019151846785225857,-0.025991792065663377,0.0,-0.0015,-0.0015,-0.011075923392612706
KRW-ZK,2026-05-07,none,False,0.05204460966542768,-0.026022304832713727,0.014869888475836479,0.01336988847583648,0.01336988847583648,-0.02008736059479549
KRW-OP,2026-05-07,none,False,0.05714285714285716,-0.03809523809523807,0.03809523809523818,0.03659523809523818,0.03659523809523818,-0.030071428571428582
KRW-VTHO,2026-05-07,none,False,0.010204081632652962,-0.013605442176870763,-0.0045351473922902175,-0.006035147392290217,-0.006035147392290217,-0.006035147392290217
KRW-CFG,2026-05-07,sl,True,0.14463840399002503,-0.06234413965087282,0.06483790523690769,-0.051500000000000004,0.0985,-0.051500000000000004
KRW-RED,2026-05-07,none,False,0.038277511961722466,-0.019138755980861233,0.03349282296650724,0.03199282296650724,0.03199282296650724,0.008069377990430672
KRW-DOT,2026-05-07,none,False,0.01499482936918306,-0.02119958634953467,-0.0015511892450879028,-0.003051189245087903,-0.003051189245087903,-0.02114839710444677
KRW-AUCTION,2026-05-07,none,False,0.029126213592232997,-0.010402219140083213,0.023578363384188616,0.022078363384188615,0.022078363384188615,-0.0015
KRW-TT,2026-05-07,none,False,0.03846153846153855,-0.007692307692307665,0.0,-0.0015,-0.0015,0.02926923076923088
KRW-1INCH,2026-05-07,none,False,0.00694444444444442,-0.01388888888888884,-0.00694444444444442,-0.00844444444444442,-0.00844444444444442,-0.00844444444444442
KRW-RAY,2026-05-07,none,False,0.02282333051563823,-0.02197802197802201,0.014370245139475823,0.012870245139475824,0.012870245139475824,-0.01925147928994081
KRW-WET,2026-05-07,none,False,0.028368794326241176,-0.049645390070921946,0.0,-0.0015,-0.0015,-0.01568439716312059
KRW-PYTH,2026-05-07,none,False,0.05533596837944654,-0.030303030303030498,0.0184453227931487,0.0169453227931487,0.0169453227931487,-0.03048550724637683
KRW-KAITO,2026-05-07,none,False,0.025572005383580176,-0.010767160161507361,0.014804845222072593,0.013304845222072594,0.013304845222072594,0.007921265141319024
KRW-XRP,2026-05-07,none,False,0.00047869794159893786,-0.02441359502154139,-0.02106270943034949,-0.022562709430349492,-0.022562709430349492,-0.012988750598372399
KRW-SENT,2026-05-07,none,False,0.06477732793522284,-0.0161943319838056,0.028340080971659853,0.026840080971659852,0.026840080971659852,-0.013645748987854254
KRW-WCT,2026-05-07,none,False,0.09832635983263605,-0.01882845188284521,0.08786610878661105,0.08636610878661105,0.08636610878661105,-0.017190376569037713
KRW-RENDER,2026-05-07,none,False,0.03331020124913264,-0.030187369882026416,-0.004163775156141525,-0.005663775156141524,-0.005663775156141524,-0.028217557251908387
KRW-BLAST,2026-05-07,none,False,0.006802721088435382,-0.023129251700680253,-0.006802721088435382,-0.008302721088435381,-0.008302721088435381,-0.024629251700680255
KRW-SUI,2026-05-07,none,False,0.021993127147766245,-0.028865979381443307,-0.01855670103092788,-0.02005670103092788,-0.02005670103092788,-0.023493127147766357
KRW-NEWT,2026-05-07,none,False,0.01754385964912286,-0.02631578947368418,0.01754385964912286,0.01604385964912286,0.01604385964912286,-0.019043859649122863
KRW-A,2026-05-07,none,False,0.014814814814814836,-0.029629629629629672,-0.007407407407407418,-0.008907407407407418,-0.008907407407407418,-0.023722222222222256
KRW-TRUMP,2026-05-07,none,False,0.01754890678941301,-0.01898734177215189,0.0071921749136938384,0.005692174913693839,0.005692174913693839,-0.01818584579976984
KRW-VANA,2026-05-07,none,False,0.05546001719690463,-0.017626827171109194,0.039982803095442776,0.038482803095442775,0.038482803095442775,0.0058086844368013275
KRW-ENA,2026-05-07,sl,False,0.062146892655367214,-0.05084745762711862,0.0,-0.051500000000000004,-0.0015,-0.051500000000000004
KRW-MVL,2026-05-07,none,False,0.0,-0.010362694300518172,-0.005181347150259086,-0.006681347150259085,-0.006681347150259085,-0.011862694300518171
KRW-POL,2026-05-07,none,False,0.006849315068493178,-0.020547945205479423,0.0,-0.0015,-0.0015,-0.008349315068493178
KRW-MASK,2026-05-07,none,False,0.05466666666666664,-0.022666666666666613,0.03600000000000003,0.03450000000000003,0.03450000000000003,-0.02150000000000002
KRW-ESP,2026-05-07,none,False,0.029126213592232997,-0.009708737864077666,0.01941747572815533,0.01791747572815533,0.01791747572815533,-0.0015
KRW-JST,2026-05-07,none,False,0.08333333333333326,-0.01666666666666672,0.05833333333333335,0.05683333333333335,0.05683333333333335,0.05683333333333335
KRW-ANKR,2026-05-07,none,False,0.07123655913978477,-0.032258064516129115,-0.0026881720430108613,-0.004188172043010861,-0.004188172043010861,-0.02166129032258074
KRW-BTT,2026-05-07,none,False,0.008333333333333304,-0.002083333333333437,0.008333333333333304,0.006833333333333304,0.006833333333333304,-0.0015
KRW-TAO,2026-05-07,none,False,0.022506619593998245,-0.033539276257722905,-0.01743159752868495,-0.01893159752868495,-0.01893159752868495,-0.009002206531332711
KRW-DKA,2026-05-07,none,False,0.0,-0.019495412844036664,-0.012614678899082743,-0.014114678899082743,-0.014114678899082743,-0.011821100917431214
KRW-FCT2,2026-05-07,none,False,0.010695187165775444,-0.016042780748663166,0.0,-0.0015,-0.0015,-0.0068475935828876105
KRW-MOODENG,2026-05-07,none,False,0.018104366347177825,-0.03620873269435576,-0.0010649627263046302,-0.00256496272630463,-0.00256496272630463,-0.03770873269435576
KRW-ARK,2026-05-07,none,False,0.011406844106463865,-0.01520912547528519,0.0,-0.0015,-0.0015,-0.012906844106463864
KRW-TRX,2026-05-07,none,False,0.011787819253438192,-0.007858546168958758,0.00982318271119853,0.00832318271119853,0.00832318271119853,-0.005429273084479323
KRW-CHZ,2026-05-07,none,False,0.03322784810126578,-0.02373417721518989,0.028481012658227778,0.026981012658227777,0.026981012658227777,-0.02048734177215189
KRW-AAVE,2026-05-07,none,False,0.001446131597975464,-0.021691973969631184,-0.014461315979754197,-0.015961315979754198,-0.015961315979754198,-0.023191973969631186
KRW-THETA,2026-05-07,none,False,0.009615384615384581,-0.022435897435897467,0.0,-0.0015,-0.0015,-0.014320512820512775
KRW-F,2026-05-07,none,False,0.022458628841607542,-0.022458628841607764,0.014184397163120366,0.012684397163120366,0.012684397163120366,-0.021594562647754334
KRW-MEW,2026-05-07,none,False,0.013859275053304865,-0.03198294243070354,-0.02025586353944553,-0.02175586353944553,-0.02175586353944553,-0.026020255863539343
KRW-BIGTIME,2026-05-07,none,False,0.06372549019607843,0.0,0.044117647058823595,0.04261764705882359,0.04261764705882359,0.013205882352941125
KRW-NXPC,2026-05-07,tp,False,0.10176991150442483,-0.006637168141592875,0.07964601769911495,0.0985,0.0985,0.016199115044247814
KRW-KITE,2026-05-07,none,False,0.04366812227074246,-0.026200873362445365,0.017467248908296984,0.015967248908296983,0.015967248908296983,-0.018967248908296985
KRW-IOST,2026-05-07,none,False,0.024691358024691246,-0.012345679012345734,0.006172839506172645,0.004672839506172645,0.004672839506172645,-0.013845679012345733
KRW-KERNEL,2026-05-07,none,False,0.01980198019801982,-0.03267326732673259,0.00990099009900991,0.00840099009900991,0.00840099009900991,-0.01239108910891079
KRW-ZRX,2026-05-07,none,False,0.005847953216374213,-0.03508771929824561,0.0,-0.0015,-0.0015,-0.024891812865497076
KRW-STEEM,2026-05-07,none,False,0.023014959723820505,-0.031070195627157737,-0.010356731875719283,-0.011856731875719282,-0.011856731875719282,-0.015308975834292303
KRW-MINA,2026-05-07,none,False,0.01264488935721797,-0.01685985247629096,0.0021074815595363283,0.0006074815595363283,0.0006074815595363283,-0.012037407797681752
KRW-FLOCK,2026-05-07,tp,False,0.28733264675592185,-0.037075180226570525,0.1431513903192585,0.0985,0.0985,-0.02930638516992784
KRW-2Z,2026-05-07,none,False,0.007194244604316502,-0.043165467625899234,0.007194244604316502,0.0056942446043165024,0.0056942446043165024,-0.015888489208633116
KRW-CPOOL,2026-05-07,tp,False,0.15533980582524265,-0.019417475728155442,0.029126213592232997,0.0985,0.0985,0.0985
KRW-PUMP,2026-05-07,none,False,0.06293706293706292,-0.02447552447552437,0.034965034965035,0.033465034965035,0.033465034965035,-0.02597552447552437
KRW-ONG,2026-05-07,none,False,0.02941176470588225,-0.021568627450980427,0.02941176470588225,0.027911764705882247,0.027911764705882247,-0.021107843137254945
KRW-BEAM,2026-05-07,none,False,0.04095563139931735,-0.010238907849829393,0.017064846416382284,0.015564846416382285,0.015564846416382285,-0.011738907849829392
KRW-FF,2026-05-07,none,False,0.04623655913978486,-0.00967741935483879,0.03010752688172036,0.028607526881720358,0.028607526881720358,0.00817741935483879
KRW-KNC,2026-05-07,none,False,0.018181818181818077,-0.013636363636363669,0.013636363636363669,0.012136363636363669,0.012136363636363669,0.007590909090909039
KRW-CARV,2026-05-07,none,False,0.024719101123595433,-0.032584269662921383,0.013483146067415852,0.011983146067415852,0.011983146067415852,-0.03296067415730336
KRW-IN,2026-05-07,sl,False,0.0,-0.05490196078431364,-0.02352941176470591,-0.051500000000000004,-0.02502941176470591,-0.03483333333333344
KRW-MOVE,2026-05-07,none,False,0.00746268656716409,-0.026119402985074647,0.0,-0.0015,-0.0015,-0.023888059701492603
KRW-HIVE,2026-05-07,none,False,0.027190332326284095,-0.0372608257804633,-0.017119838872104776,-0.018619838872104777,-0.018619838872104777,-0.025669184290030123
KRW-MBL,2026-05-07,none,False,0.0,-0.021582733812949506,-0.007194244604316502,-0.008694244604316502,-0.008694244604316502,-0.015888489208632894
KRW-ORBS,2026-05-07,none,False,0.007874015748031704,-0.015748031496062964,0.0,-0.0015,-0.0015,-0.017248031496062965
KRW-XPL,2026-05-07,none,False,0.08163265306122458,-0.04081632653061229,0.06802721088435382,0.06652721088435382,0.06652721088435382,-0.03551360544217691
KRW-CTC,2026-05-07,none,False,0.03139013452914807,-0.013452914798206317,0.008968609865470878,0.007468609865470878,0.007468609865470878,-0.010468609865470878
KRW-DOGE,2026-05-07,none,False,0.0060975609756097615,-0.03658536585365857,-0.03658536585365857,-0.03808536585365857,-0.03808536585365857,-0.013695121951219523
KRW-MOCA,2026-05-07,none,False,0.029556650246305383,-0.019704433497537033,0.024630541871921263,0.023130541871921262,0.023130541871921262,-0.006426108374384341
KRW-BERA,2026-05-07,none,False,0.015873015873015817,-0.031746031746031744,0.0,-0.0015,-0.0015,-0.029718694885361552
KRW-GAS,2026-05-07,none,False,0.005711954304365552,-0.01835985312117505,0.005711954304365552,0.004211954304365552,0.004211954304365552,-0.018227866177070562
KRW-AKT,2026-05-07,none,False,0.09020044543429839,-0.034521158129176,0.016703786191536674,0.015203786191536674,0.015203786191536674,-0.022658129175946506
KRW-SAND,2026-05-07,none,False,0.01754385964912286,-0.02631578947368418,0.0,-0.0015,-0.0015,-0.019043859649122863
KRW-HBAR,2026-05-07,none,False,0.0,-0.029629629629629672,-0.022222222222222254,-0.023722222222222256,-0.023722222222222256,-0.023722222222222256
KRW-MANTRA,2026-05-07,none,False,0.013245033112582849,-0.026490066225165587,0.0066225165562914245,0.005122516556291425,0.005122516556291425,-0.02799006622516559
KRW-VIRTUAL,2026-05-07,tp,False,0.12382445141065834,-0.03526645768025083,0.04937304075235116,0.0985,0.0985,-0.013255485893416906
KRW-ALGO,2026-05-07,none,False,0.0971428571428572,-0.005714285714285672,0.08000000000000007,0.07850000000000007,0.07850000000000007,0.02707142857142847
KRW-MED,2026-05-07,none,False,0.0031055900621117516,-0.015527950310559091,-0.009316770186335477,-0.010816770186335476,-0.010816770186335476,-0.007711180124223614
KRW-SYRUP,2026-05-07,none,False,0.0027247956403269047,-0.03542234332425065,-0.027247956403269713,-0.028747956403269714,-0.028747956403269714,-0.015123978201634856
KRW-XEC,2026-05-07,none,False,0.00917431192660545,-0.01834862385321101,0.0,-0.0015,-0.0015,-0.01067431192660545
KRW-BONK,2026-05-07,none,False,0.03206412825651306,-0.022044088176352727,0.012024048096192397,0.010524048096192397,0.010524048096192397,-0.006510020040080109
KRW-ENS,2026-05-07,none,False,0.011328527291452062,-0.035530381050463467,-0.028836251287332693,-0.030336251287332694,-0.030336251287332694,-0.02055252317198769
KRW-AVAX,2026-05-07,none,False,0.0099290780141843,-0.019858156028368823,-0.007801418439716268,-0.009301418439716267,-0.009301418439716267,-0.014975177304964503
KRW-HOLO,2026-05-07,none,False,0.03883495145631066,-0.029126213592232997,-0.009708737864077666,-0.011208737864077665,-0.011208737864077665,-0.020917475728155333
KRW-MANA,2026-05-07,none,False,0.014705882352941124,-0.022058823529411797,-0.007352941176470562,-0.008852941176470562,-0.008852941176470562,-0.008852941176470562
KRW-SAHARA,2026-05-07,none,False,0.0026041666666667407,-0.04427083333333326,-0.01041666666666663,-0.01191666666666663,-0.01191666666666663,-0.04316666666666674
KRW-ANIME,2026-05-07,none,False,0.001386962552011095,-0.023578363384188616,-0.009708737864077666,-0.011208737864077665,-0.011208737864077665,-0.02230443828016654
KRW-ZKC,2026-05-07,none,False,0.0,-0.03539823008849563,0.0,-0.0015,-0.0015,-0.03689823008849563
KRW-LPT,2026-05-07,none,False,0.022533495736906106,-0.018879415347137662,0.015529841656516385,0.014029841656516386,0.014029841656516386,-0.01611632155907433
KRW-WLD,2026-05-07,none,False,0.015873015873015817,-0.03439153439153442,-0.015873015873015928,-0.01737301587301593,-0.01737301587301593,-0.033246031746031746
KRW-SOMI,2026-05-07,none,False,0.014234875444839812,-0.02491103202846978,0.007117437722419906,0.005617437722419906,0.005617437722419906,-0.02285231316725983
KRW-TREE,2026-05-07,none,False,0.019607843137254832,-0.022549019607843057,0.009803921568627416,0.008303921568627417,0.008303921568627417,-0.022088235294117575
KRW-MTL,2026-05-07,none,False,0.02558635394456288,-0.014925373134328401,0.01279317697228155,0.01129317697228155,0.01129317697228155,-0.012160980810234588
KRW-DEEP,2026-05-07,none,False,0.01318681318681314,-0.03296703296703296,0.00439560439560438,0.00289560439560438,0.00289560439560438,-0.023478021978022012
KRW-TRUST,2026-05-07,none,False,0.029126213592232997,-0.01941747572815533,0.029126213592232997,0.027626213592232995,0.027626213592232995,-0.0015
KRW-STRAX,2026-05-07,none,False,0.0,-0.015151515151515138,-0.005050505050505083,-0.006550505050505083,-0.006550505050505083,-0.01665151515151514
KRW-SAFE,2026-05-07,none,False,0.04878048780487809,-0.039024390243902474,0.04878048780487809,0.04728048780487809,0.04728048780487809,-0.021012195121951238
KRW-ELF,2026-05-07,none,False,0.0,-0.025423728813559365,-0.008474576271186418,-0.009974576271186418,-0.009974576271186418,-0.009974576271186418
KRW-JTO,2026-05-07,tp,False,0.6591276252019387,-0.04200323101777059,0.41518578352180935,0.0985,0.0985,-0.02734814216478193
KRW-IQ,2026-05-07,none,False,0.0121212121212122,-0.018181818181818077,0.0060606060606061,0.0045606060606061,0.0045606060606061,-0.013621212121212088
KRW-NEO,2026-05-07,none,False,0.01848428835489835,-0.016173752310536083,0.01409426987060991,0.01259426987060991,0.01259426987060991,-0.017211645101663564
KRW-BIRB,2026-05-07,none,False,0.06030150753768848,-0.02010050251256279,0.04020100502512558,0.03870100502512558,0.03870100502512558,-0.01155025125628145
KRW-CVC,2026-05-07,none,False,0.0064239828693790635,-0.017130620985010836,0.0,-0.0015,-0.0015,-0.014347965738758016
KRW-TRUST,2026-05-08,none,False,0.018867924528301883,-0.018867924528301883,0.009433962264151052,0.007933962264151053,0.007933962264151053,-0.010933962264150941
KRW-BIGTIME,2026-05-08,none,False,0.028169014084507005,-0.028169014084507116,0.018779342723004522,0.01727934272300452,0.01727934272300452,-0.015584507042253502
KRW-ETC,2026-05-08,none,False,0.07064017660044142,-0.0029433406916851146,0.05886681383370118,0.05736681383370118,0.05736681383370118,0.007330022075055233
KRW-MVL,2026-05-08,none,False,0.015625,-0.00520833333333337,0.015625,0.014125,0.014125,0.0037083333333332593
KRW-ICP,2026-05-08,tp,False,0.21279431363838297,-0.025766326077299007,0.1861394935584184,0.0985,0.0985,0.006496446023989412
KRW-ARDR,2026-05-08,none,False,0.019169329073482455,-0.0031948881789137795,0.012779552715654896,0.011279552715654896,0.011279552715654896,9.744408945683422e-05
KRW-MINA,2026-05-08,none,False,0.025236593059936974,-0.02628811777076756,0.025236593059936974,0.023736593059936972,0.023736593059936972,-0.0067576235541534895
KRW-SUN,2026-05-08,none,False,0.006688963210702337,-0.010033444816053394,-0.006688963210702337,-0.008188963210702336,-0.008188963210702336,-0.0015
KRW-CVC,2026-05-08,none,False,0.023554603854389677,-0.008565310492505529,0.021413276231263323,0.01991327623126332,0.01991327623126332,0.0006413276231261324
KRW-COW,2026-05-08,none,False,0.030303030303030276,-0.015151515151515138,0.022727272727272707,0.021227272727272706,0.021227272727272706,-0.005287878787878784
KRW-CFG,2026-05-08,sl,False,0.04672897196261672,-0.053738317757009324,0.007009345794392496,-0.051500000000000004,0.005509345794392497,0.005509345794392497
KRW-ID,2026-05-08,none,False,0.06404958677685957,-0.014462809917355268,0.04958677685950419,0.04808677685950419,0.04808677685950419,-0.0035661157024793875
KRW-SOL,2026-05-08,none,False,0.04758250191864932,-0.007674597083653145,0.03914044512663084,0.03764044512663084,0.03764044512663084,-0.0015
KRW-USDE,2026-05-08,none,False,0.005434782608695565,-0.0027173913043477826,-0.0013586956521739468,-0.002858695652173947,-0.002858695652173947,-0.00014130434782616422
KRW-CYBER,2026-05-08,none,False,0.021454112038140627,-0.013110846245530383,0.017878426698450633,0.016378426698450632,0.016378426698450632,-0.005075685339690104
KRW-SHIB,2026-05-08,none,False,0.03354978354978355,-0.0043290043290042934,0.02813852813852802,0.026638528138528017,0.026638528138528017,-0.0004177489177489822
KRW-CARV,2026-05-08,none,False,0.020000000000000018,-0.015555555555555656,0.020000000000000018,0.018500000000000016,0.018500000000000016,-0.0037222222222222366
KRW-ZKC,2026-05-08,none,False,0.0535714285714286,-0.008928571428571397,0.0535714285714286,0.0520714285714286,0.0520714285714286,0.007428571428571397
KRW-HBAR,2026-05-08,none,False,0.045454545454545414,0.0,0.030303030303030276,0.028803030303030275,0.028803030303030275,0.006075757575757569
KRW-F,2026-05-08,none,False,0.03971962616822422,-0.010514018691588745,0.03621495327102786,0.03471495327102786,0.03471495327102786,-0.00383644859813098
KRW-KAVA,2026-05-08,none,False,0.028955532574974185,-0.015511892450879028,0.024819027921406223,0.02331902792140622,0.02331902792140622,0.0016023784901758055
KRW-BEAM,2026-05-08,none,False,0.03344481605351168,-0.016722408026755953,0.030100334448160515,0.028600334448160514,0.028600334448160514,-0.004844481605351279
KRW-IQ,2026-05-08,none,False,0.024096385542168752,-0.012048192771084376,0.01807228915662651,0.016572289156626507,0.016572289156626507,-0.0015
KRW-ADA,2026-05-08,none,False,0.056847545219638196,-0.007751937984496138,0.03875968992248069,0.03725968992248069,0.03725968992248069,-0.0015
KRW-AVAX,2026-05-08,none,False,0.053609721229449514,-0.0042887776983560055,0.044317369549678354,0.04281736954967835,0.04281736954967835,-0.0007852037169406288
KRW-OP,2026-05-08,tp,False,0.22477064220183496,-0.00917431192660545,0.16055045871559637,0.0985,0.0985,0.012261467889908286
KRW-BERA,2026-05-08,none,False,0.04929577464788726,-0.010563380281690127,0.04401408450704225,0.04251408450704225,0.04251408450704225,0.0020211267605634866
KRW-IOTA,2026-05-08,none,False,0.08634772462077,-0.005834305717619559,0.061843640606767725,0.06034364060676772,0.06034364060676772,-0.0015
KRW-CELO,2026-05-08,none,False,0.058394160583941535,-0.007299270072992692,0.051094890510948954,0.04959489051094895,0.04959489051094895,0.005799270072992803
KRW-WLD,2026-05-08,tp,False,0.10215053763440851,-0.005376344086021501,0.08333333333333326,0.0985,0.0985,0.006564516129032251
KRW-JST,2026-05-08,none,False,0.007936507936507908,-0.04761904761904767,-0.04761904761904767,-0.04911904761904767,-0.04911904761904767,-0.01737301587301593
KRW-STX,2026-05-08,none,False,0.06182795698924726,-0.005376344086021501,0.051075268817204256,0.049575268817204254,0.049575268817204254,0.0361344086021505
KRW-ZK,2026-05-08,none,False,0.08424908424908417,-0.014652014652014711,0.06959706959706957,0.06809706959706957,0.06809706959706957,-0.005163003663003761
KRW-QTUM,2026-05-08,none,False,0.05670103092783507,-0.00589101620029453,0.04565537555228283,0.04415537555228283,0.04415537555228283,-0.0015
KRW-THETA,2026-05-08,tp,False,0.125,-0.0064102564102563875,0.10576923076923084,0.0985,0.0985,0.004910256410256388
KRW-WCT,2026-05-08,sl,False,0.028846153846153744,-0.050000000000000044,0.019230769230769162,-0.051500000000000004,0.01773076923076916,-0.0015
KRW-MOVE,2026-05-08,none,False,0.04477611940298498,-0.007462686567164201,0.041044776119402826,0.039544776119402825,0.039544776119402825,0.0022313432835819338
KRW-FIL,2026-05-08,tp,False,0.249690976514215,-0.018541409147095234,0.1711990111248456,0.0985,0.0985,-0.0008819530284302477
KRW-BONK,2026-05-08,none,False,0.09000000000000008,-0.007000000000000006,0.06000000000000005,0.05850000000000005,0.05850000000000005,0.00850000000000001
KRW-SYRUP,2026-05-08,none,False,0.05602240896358546,-0.0028011204481792618,0.04761904761904767,0.04611904761904767,0.04611904761904767,0.009704481792717047
KRW-2Z,2026-05-08,none,False,0.07913669064748197,-0.014388489208633115,0.043165467625899234,0.04166546762589923,0.04166546762589923,0.012888489208633004
KRW-WAXP,2026-05-08,none,False,0.029126213592232997,-0.019417475728155442,0.01941747572815533,0.01791747572815533,0.01791747572815533,-0.011208737864077776
KRW-MOODENG,2026-05-08,none,False,0.051118210862619806,-0.021299254526091604,0.03940362087326932,0.03790362087326932,0.03790362087326932,0.0006299254526090383
KRW-ORBS,2026-05-08,none,False,0.015748031496063186,-0.007874015748031482,0.015748031496063186,0.014248031496063187,0.014248031496063187,-0.0015
KRW-EDGE,2026-05-08,none,False,0.024844720496894457,-0.018633540372670843,0.01863354037267073,0.01713354037267073,0.01713354037267073,-0.007711180124223614
KRW-POWR,2026-05-08,none,False,0.03589743589743599,-0.011282051282051175,0.021538461538461506,0.020038461538461505,0.020038461538461505,-0.005602564102564154
KRW-BIRB,2026-05-08,none,False,0.03864734299516903,-0.01449275362318836,0.02898550724637672,0.027485507246376717,0.027485507246376717,-0.006330917874396156
KRW-KAITO,2026-05-08,none,False,0.034574468085106336,-0.018617021276595702,0.010638297872340496,0.009138297872340497,0.009138297872340497,-0.006819148936170248
KRW-TREE,2026-05-08,none,False,0.03883495145631066,-0.009708737864077666,0.03883495145631066,0.03733495145631066,0.03733495145631066,-0.011208737864077665
KRW-RVN,2026-05-08,none,False,0.0354767184035476,-0.0044345898004433115,0.03436807095343686,0.032868070953436856,0.032868070953436856,0.001825942350332678
KRW-LAYER,2026-05-08,none,False,0.06976744186046502,-0.046511627906976716,0.015503875968992276,0.014003875968992276,0.014003875968992276,0.014003875968992276
KRW-AWE,2026-05-08,none,False,0.011070110701107083,-0.03690036900369009,-0.004920049200491938,-0.006420049200491938,-0.006420049200491938,-0.0027300123001229846
KRW-WAL,2026-05-08,none,False,0.04347826086956519,-0.017391304347826098,0.034782608695652195,0.033282608695652194,0.033282608695652194,-0.010195652173912993
KRW-IOST,2026-05-08,none,False,0.04268292682926833,-0.0060975609756097615,0.024390243902439046,0.022890243902439045,0.022890243902439045,-0.007597560975609761
KRW-RAY,2026-05-08,none,False,0.05421184320266881,-0.011676396997497895,0.05421184320266881,0.05271184320266881,0.05271184320266881,-0.00650417014178478
KRW-VIRTUAL,2026-05-08,none,False,0.048579970104633885,-0.014947683109118093,0.02391629297458886,0.02241629297458886,0.02241629297458886,0.007468609865470878
KRW-VANA,2026-05-08,none,False,0.04726368159203975,-0.02031509121061359,0.004560530679933672,0.003060530679933672,0.003060530679933672,0.0014021558872304176
KRW-BOUNTY,2026-05-08,none,False,0.025559105431310014,-0.009584664536741228,0.009584664536741228,0.008084664536741228,0.008084664536741228,0.0016948881789136685
KRW-HYPER,2026-05-08,none,False,0.05063291139240511,-0.006329113924050667,0.05063291139240511,0.04913291139240511,0.04913291139240511,0.011158227848101334
KRW-NEAR,2026-05-08,none,False,0.09053117782909936,-0.006928406466512715,0.0859122401847574,0.0844122401847574,0.0844122401847574,0.008661662817552042
KRW-IMX,2026-05-08,none,False,0.08949416342412442,-0.0038910505836575737,0.07392996108949412,0.07242996108949412,0.07242996108949412,0.006282101167315148
KRW-GMT,2026-05-08,none,False,0.05263157894736836,-0.011695906432748648,0.023391812865497075,0.021891812865497073,0.021891812865497073,-0.0015
KRW-ZORA,2026-05-08,none,False,0.04081632653061207,-0.005102040816326592,0.025510204081632626,0.024010204081632625,0.024010204081632625,0.034214285714285586
KRW-VET,2026-05-08,none,False,0.06194690265486713,-0.017699115044247926,0.0265486725663715,0.0250486725663715,0.0250486725663715,-0.010349557522124018
KRW-ORCA,2026-05-08,none,False,0.059207662168045294,-0.0074009577710056895,0.04266434479756209,0.04116434479756209,0.04116434479756209,0.018961471484545023
KRW-GAS,2026-05-08,none,False,0.028003246753246724,-0.004870129870129913,0.02394480519480524,0.02244480519480524,0.02244480519480524,-0.0006883116883117922
KRW-INJ,2026-05-08,tp,False,0.11749116607773846,-0.005300353356890497,0.1015901060070672,0.0985,0.0985,0.009100706713780994
KRW-TFUEL,2026-05-08,none,False,0.03529411764705892,-0.0117647058823529,0.02941176470588225,0.027911764705882247,0.027911764705882247,-0.0015
KRW-API3,2026-05-08,none,False,0.052532833020637826,-0.018761726078799223,0.05065666041275807,0.04915666041275807,0.04915666041275807,-0.010880863039399667
KRW-AAVE,2026-05-08,none,False,0.04408523144746512,-0.0022042615723733006,0.03673769287288753,0.03523769287288753,0.03523769287288753,0.0021737692872887972
KRW-BTC,2026-05-08,none,False,0.009279364863947981,-0.006836533894279739,0.0021544412024157023,0.0006544412024157022,0.0006544412024157022,-0.005393261857908614
KRW-IP,2026-05-08,none,False,0.034610630407911014,-0.024721878862793534,0.027194066749072876,0.025694066749072875,0.025694066749072875,-0.013860939431396822
KRW-ONDO,2026-05-08,tp,False,0.3179190751445087,-0.021194605009633882,0.28131021194605,0.0985,0.0985,0.01969460500963388
KRW-ETH,2026-05-08,none,False,0.013029315960912058,-0.007699141249629893,0.006218537163162674,0.004718537163162674,0.004718537163162674,-0.004757328990228014
KRW-SNT,2026-05-08,none,False,0.020134228187919323,-0.006711409395973145,0.01342281879194629,0.01192281879194629,0.01192281879194629,-0.008211409395973144
KRW-MLK,2026-05-08,none,False,0.02426564495530026,-0.005108556832694622,0.02426564495530026,0.022765644955300257,0.022765644955300257,-0.0027771392081736277
KRW-AGLD,2026-05-08,none,False,0.03896103896103886,-0.01558441558441559,0.036363636363636376,0.034863636363636374,0.034863636363636374,0.0010974025974024872
KRW-MET2,2026-05-08,none,False,0.06640625,-0.015625,0.04296875,0.04146875,0.04146875,-0.0093125
KRW-SUI,2026-05-08,none,False,0.07002801120448177,-0.011204481792717047,0.053221288515406195,0.051721288515406194,0.051721288515406194,-0.004301120448179261
KRW-ARKM,2026-05-08,tp,False,0.12435233160621761,0.0,0.09844559585492219,0.0985,0.0985,0.03476943005181338
KRW-FLUID,2026-05-08,none,False,0.039936102236421744,-0.005591054313099031,0.030351437699680517,0.028851437699680516,0.028851437699680516,0.0052891373801916015
KRW-KNC,2026-05-08,none,False,0.03153153153153143,-0.009009009009009028,0.03153153153153143,0.03003153153153143,0.03003153153153143,-0.0015
KRW-TIA,2026-05-08,tp,False,0.17162872154115583,-0.0017513134851138146,0.15236427320490376,0.0985,0.0985,0.02476970227670755
KRW-SC,2026-05-08,none,False,0.035211267605633756,-0.014084507042253502,0.028169014084507005,0.026669014084507003,0.026669014084507003,-0.00854225352112675
KRW-RED,2026-05-08,none,False,0.06018518518518512,-0.0092592592592593,0.05092592592592582,0.04942592592592582,0.04942592592592582,0.003129629629629539
KRW-AVNT,2026-05-08,none,False,0.008474576271186418,-0.03389830508474578,0.004237288135593209,0.002737288135593209,0.002737288135593209,-0.009974576271186418
KRW-ESP,2026-05-08,none,False,0.06666666666666665,-0.00952380952380949,0.05714285714285716,0.05564285714285716,0.05564285714285716,0.00802380952380949
KRW-ME,2026-05-08,none,False,0.030487804878048808,-0.012195121951219523,0.030487804878048808,0.028987804878048806,0.028987804878048806,-0.0015
KRW-IN,2026-05-08,none,False,0.01814516129032251,-0.006048387096774244,0.01814516129032251,0.016645161290322508,0.016645161290322508,0.00354032258064524
KRW-W,2026-05-08,none,False,0.06572769953051627,-0.009389671361502261,0.05164319248826277,0.05014319248826277,0.05014319248826277,-0.0015
KRW-SONIC,2026-05-08,none,False,0.021922428330522825,-0.016863406408094472,0.013490725126475533,0.011990725126475534,0.011990725126475534,-0.0048726812816188275
KRW-YGG,2026-05-08,none,False,0.09216589861751157,-0.007680491551459334,0.09216589861751157,0.09066589861751156,0.09066589861751156,0.007716589861751335
KRW-KAVA,2026-05-09,none,False,0.006054490413723634,-0.025227043390514625,-0.021190716448032276,-0.022690716448032278,-0.022690716448032278,-0.012599899091826404
KRW-ENS,2026-05-09,none,False,0.03404669260700399,-0.029182879377431914,-0.02529182879377434,-0.02679182879377434,-0.02679182879377434,0.012118677042801508
KRW-USD1,2026-05-09,none,False,0.0013568521031208647,-0.0027137042062415073,0.0006784260515604323,-0.0008215739484395677,-0.0008215739484395677,-0.0008215739484395677
KRW-SAHARA,2026-05-09,tp,False,0.4212860310421285,-0.022172949002217335,0.24833702882483366,0.0985,0.0985,-0.0037172949002217113
KRW-HBAR,2026-05-09,none,False,0.03676470588235303,-0.007352941176470562,0.007352941176470562,0.0058529411764705625,0.0058529411764705625,0.020558823529411685
KRW-IQ,2026-05-09,none,False,0.017857142857142794,-0.011904761904761862,0.011904761904761862,0.010404761904761863,0.010404761904761863,0.010404761904761863
KRW-SKR,2026-05-09,none,False,0.04417670682730934,-0.008032128514056214,0.004016064257028162,0.0025160642570281624,0.0025160642570281624,0.010548192771084266
KRW-BLAST,2026-05-09,none,False,0.02910052910052907,-0.002645502645502673,0.014550264550264647,0.013050264550264647,0.013050264550264647,0.002468253968253954
KRW-TOKAMAK,2026-05-09,none,False,0.004950495049504955,-0.017326732673267342,-0.0012376237623762387,-0.0027376237623762388,-0.0027376237623762388,-0.007688118811881193
KRW-TRX,2026-05-09,none,False,0.009689922480620172,-0.0019379844961240345,-0.0019379844961240345,-0.0034379844961240345,-0.0034379844961240345,-0.0015
KRW-FLUID,2026-05-09,none,False,0.030947775628626717,-0.00735009671179887,0.01856866537717594,0.01706866537717594,0.01706866537717594,0.013587040618955605
KRW-AHT,2026-05-09,none,False,0.012931034482758674,-0.004310344827586077,0.004310344827586299,0.0028103448275862987,0.0028103448275862987,0.007120689655172376
KRW-TOSHI,2026-05-09,none,False,0.02491103202846956,-0.017793594306049876,0.021352313167259496,0.019852313167259494,0.019852313167259494,0.01273487544483959
KRW-ENA,2026-05-09,none,False,0.03626943005181338,-0.025906735751295318,-0.005181347150259086,-0.006681347150259085,-0.006681347150259085,0.008862694300518172
KRW-SUI,2026-05-09,none,False,0.08577127659574457,-0.0019946808510638014,0.049202127659574435,0.047702127659574434,0.047702127659574434,0.06033510638297873
KRW-AGLD,2026-05-09,none,False,0.010025062656641603,-0.027568922305764465,-0.020050125313283207,-0.021550125313283208,-0.021550125313283208,-0.006512531328320801
KRW-RAY,2026-05-09,none,False,0.03645007923930277,-0.019017432646592725,-0.014263074484944571,-0.015763074484944573,-0.015763074484944573,0.023064183835182217
KRW-HOLO,2026-05-09,none,False,0.0625,-0.017857142857142905,0.0535714285714286,0.0520714285714286,0.0520714285714286,-0.0015
KRW-ALT,2026-05-09,none,False,0.032786885245901676,-0.024590163934426146,-0.016393442622950727,-0.017893442622950728,-0.017893442622950728,0.00669672131147553
KRW-NEWT,2026-05-09,none,False,0.05833333333333335,-0.008333333333333304,0.04166666666666674,0.04016666666666674,0.04016666666666674,0.006833333333333304
KRW-POKT,2026-05-09,none,False,0.011299435028248483,-0.011299435028248594,0.0,-0.0015,-0.0015,-0.0015
KRW-OP,2026-05-09,sl,False,0.0,-0.05905511811023623,-0.055118110236220486,-0.051500000000000004,-0.05661811023622049,-0.021185039370078707
KRW-ARB,2026-05-09,none,False,0.04761904761904767,-0.02857142857142858,0.0,-0.0015,-0.0015,0.00802380952380949
KRW-ORDER,2026-05-09,sl,False,0.022222222222222143,-0.05666666666666664,-0.01777777777777767,-0.051500000000000004,-0.01927777777777767,0.004055555555555536
KRW-BAT,2026-05-09,none,False,0.024539877300613577,-0.030674846625766916,-0.012269938650306789,-0.013769938650306788,-0.013769938650306788,0.004634969325153339
KRW-META,2026-05-09,none,False,0.02083333333333326,-0.00694444444444442,0.01388888888888884,0.01238888888888884,0.01238888888888884,0.00544444444444442
KRW-ZORA,2026-05-09,none,False,0.01980198019801982,-0.01980198019801971,-0.00990099009900991,-0.01140099009900991,-0.01140099009900991,-0.0015
KRW-GAS,2026-05-09,none,False,0.022169437846397466,-0.004354711005542411,0.003958828186856778,0.0024588281868567776,0.0024588281868567776,0.011168250197941378
KRW-MET2,2026-05-09,none,False,0.04477611940298498,-0.014925373134328401,-0.011194029850746245,-0.012694029850746245,-0.012694029850746245,0.02088805970149249
KRW-SNT,2026-05-09,none,False,0.00657894736842124,-0.013157894736842035,-0.006578947368421018,-0.008078947368421017,-0.008078947368421017,-0.0015
KRW-W,2026-05-09,none,False,0.03571428571428581,-0.0401785714285714,-0.03571428571428559,-0.03721428571428559,-0.03721428571428559,0.007428571428571619
KRW-ICX,2026-05-09,none,False,0.008375209380234505,-0.02345058626465668,-0.0201005025125629,-0.021600502512562902,-0.021600502512562902,-0.0031750418760469455
KRW-IOTA,2026-05-09,none,False,0.06703296703296702,-0.027472527472527486,-0.00659340659340657,-0.00809340659340657,-0.00809340659340657,0.03146703296703307
KRW-F,2026-05-09,none,False,0.08793686583991,-0.013528748590755257,-0.0022547914317925244,-0.0037547914317925244,-0.0037547914317925244,0.0007547914317927464
KRW-ARKM,2026-05-09,none,False,0.0046948356807512415,-0.04694835680751175,-0.032863849765258246,-0.03436384976525825,-0.03436384976525825,-0.020279342723004745
KRW-AERO,2026-05-09,tp,False,0.1509715994020926,0.0,0.10911808669656198,0.0985,0.0985,0.043343049327354166
KRW-HP,2026-05-09,none,False,0.016528925619834878,-0.024793388429751984,-0.012396694214876103,-0.013896694214876102,-0.013896694214876102,-0.0015
KRW-CELO,2026-05-09,none,False,0.02777777777777768,-0.01388888888888884,-0.01388888888888884,-0.01538888888888884,-0.01538888888888884,-0.0015
KRW-UNI,2026-05-09,none,False,0.03199268738574035,-0.022851919561243106,0.027422303473491727,0.025922303473491726,0.025922303473491726,0.005812614259597839
KRW-AERGO,2026-05-09,none,False,0.00484848484848488,-0.0072727272727272085,0.0,-0.0015,-0.0015,-0.0002878787878787801
KRW-0G,2026-05-09,none,False,0.017835909631391145,-0.007134363852556502,0.0,-0.0015,-0.0015,0.011579667063020218
KRW-QKC,2026-05-09,none,False,0.01464435146443499,-0.008368200836820106,0.006276150627614996,0.004776150627614996,0.004776150627614996,0.0005920502092049986
KRW-ZRO,2026-05-09,none,False,0.03392193308550184,-0.017657992565055736,0.0013940520446096283,-0.00010594795539037175,-0.00010594795539037175,0.014763940520446108
KRW-JUP,2026-05-09,none,False,0.07202216066481992,-0.02216066481994461,0.02216066481994461,0.020660664819944607,0.020660664819944607,0.045591412742382265
KRW-VIRTUAL,2026-05-09,none,False,0.05182481751824808,-0.013138686131386912,0.0029197080291971655,0.0014197080291971655,0.0014197080291971655,0.010178832116788218
KRW-NXPC,2026-05-09,none,False,0.017928286852589626,-0.015936254980079667,0.0,-0.0015,-0.0015,0.0024840637450199167
KRW-G,2026-05-09,none,False,0.013745704467353903,-0.0085910652920963,0.0,-0.0015,-0.0015,0.005372852233676952
KRW-DOGE,2026-05-09,none,False,0.012345679012345734,-0.01851851851851849,-0.006172839506172867,-0.0076728395061728665,-0.0076728395061728665,0.004672839506172867
KRW-ARDR,2026-05-09,none,False,0.020504731861198833,-0.003154574132492094,0.007886435331230235,0.006386435331230235,0.006386435331230235,0.017427444794952562
KRW-XAUT,2026-05-09,none,False,0.0024538106235565404,-0.002309468822170868,0.0024538106235565404,0.0009538106235565404,0.0009538106235565404,-0.0017886836027713447
KRW-POLYX,2026-05-09,none,False,0.0024630541871921707,-0.0431034482758621,-0.03571428571428581,-0.03721428571428581,-0.03721428571428581,-0.019972906403940838
KRW-PENDLE,2026-05-09,none,False,0.04032786885245909,-0.03409836065573768,-0.027213114754098378,-0.02871311475409838,-0.02871311475409838,0.03161475409836073
KRW-ZKP,2026-05-09,none,False,0.015151515151515138,-0.022727272727272707,-0.015151515151515138,-0.01665151515151514,-0.01665151515151514,-0.0015
KRW-ENSO,2026-05-09,none,False,0.022922636103151817,-0.01002865329512892,0.016475644699140313,0.014975644699140313,0.014975644699140313,-6.733524355290047e-05
KRW-CARV,2026-05-09,tp,False,0.11111111111111116,-0.019607843137254832,0.07734204793028332,0.0985,0.0985,0.0050359477124185
KRW-PENGU,2026-05-09,none,False,0.051948051948051965,0.0,0.01948051948051943,0.01798051948051943,0.01798051948051943,0.030967532467532533
KRW-CBK,2026-05-09,none,False,0.007751937984496138,-0.007751937984496138,0.0,-0.0015,-0.0015,-0.0015
KRW-ID,2026-05-09,none,False,0.027450980392156765,-0.025490196078431282,-0.021568627450980427,-0.023068627450980428,-0.023068627450980428,0.00438235294117645
KRW-1INCH,2026-05-09,none,False,0.020270270270270174,-0.006756756756756799,0.013513513513513598,0.012013513513513598,0.012013513513513598,-0.0015
KRW-CFG,2026-05-09,tp,False,0.25,-0.02314814814814814,0.03009259259259256,0.0985,0.0985,0.0985
KRW-BTT,2026-05-09,none,False,0.016460905349794164,-0.002057613168724215,0.014403292181069949,0.01290329218106995,0.01290329218106995,0.004672839506172867
KRW-AAVE,2026-05-09,none,False,0.040368271954674295,-0.016997167138810165,-0.0007082152974504652,-0.0022082152974504652,-0.0022082152974504652,0.023287535410764948
KRW-LAYER,2026-05-09,tp,False,0.1742424242424243,-0.007575757575757569,0.10606060606060597,0.0985,0.0985,0.021227272727272706
KRW-BERA,2026-05-09,none,False,0.03547297297297303,-0.02533783783783783,-0.01858108108108103,-0.02008108108108103,-0.02008108108108103,0.013702702702702631
KRW-PYTH,2026-05-09,none,False,0.05334846765039725,-0.04540295119182747,-0.02156640181611791,-0.02306640181611791,-0.02306640181611791,0.026876844494892194
KRW-KNC,2026-05-09,none,False,0.008733624454148492,-0.017467248908296984,-0.017467248908296984,-0.018967248908296985,-0.018967248908296985,0.002866812227074135
KRW-COMP,2026-05-09,none,False,0.02828520919269306,-0.0197407189157337,-0.004714201532115547,-0.006214201532115547,-0.006214201532115547,0.025901296405421326
KRW-ALGO,2026-05-09,none,False,0.0050761421319796,-0.040609137055837574,-0.035532994923857864,-0.037032994923857865,-0.037032994923857865,-0.011652284263959421
KRW-HIVE,2026-05-09,none,False,0.01609657947686105,-0.02716297786720323,-0.01810865191146893,-0.019608651911468933,-0.019608651911468933,-0.002506036217303885
KRW-RVN,2026-05-09,none,False,0.013948497854077146,-0.016094420600858417,-0.007510729613733891,-0.00901072961373389,-0.00901072961373389,-0.002572961373390524
KRW-RENDER,2026-05-09,none,False,0.01655081098973854,-0.03508771929824561,-0.022840119165839168,-0.02434011916583917,-0.02434011916583917,-0.0018310162197948108
KRW-AUCTION,2026-05-09,none,False,0.03277591973244154,-0.0006688963210702559,0.01538461538461533,0.01388461538461533,0.01388461538461533,0.005188963210702337
KRW-MLK,2026-05-10,none,False,0.011194029850746245,-0.006218905472636815,0.008706467661691475,0.007206467661691475,0.007206467661691475,-0.0015
KRW-ELF,2026-05-10,none,False,0.025423728813559254,-0.008474576271186418,0.016949152542372836,0.015449152542372837,0.015449152542372837,0.0069745762711864185
KRW-XLM,2026-05-10,none,False,0.0625,-0.008333333333333304,0.03333333333333344,0.031833333333333436,0.031833333333333436,-0.009833333333333303
KRW-JTO,2026-05-10,tp,True,0.10243277848911658,-0.05889884763124198,-0.04353393085787449,0.0985,0.0985,0.02282778489116516
KRW-SUN,2026-05-10,none,False,0.013377926421404673,-0.0033444816053510573,0.0,-0.0015,-0.0015,-0.004844481605351057
KRW-MASK,2026-05-10,none,False,0.02809706257982114,-0.012771392081736943,0.019157088122605304,0.017657088122605302,0.017657088122605302,-0.00022286079182637234
KRW-HIVE,2026-05-10,none,False,0.016410256410256396,-0.007179487179487243,0.004102564102564266,0.0026025641025642656,0.0026025641025642656,0.0005512820512821328
KRW-API3,2026-05-10,none,False,0.08576642335766427,-0.031021897810219023,-0.005474452554744547,-0.006974452554744546,-0.006974452554744546,0.011273722627737128
KRW-ASTR,2026-05-10,none,False,0.02941176470588247,-0.014705882352941124,0.02941176470588247,0.02791176470588247,0.02791176470588247,0.0058529411764705625
KRW-BIO,2026-05-10,sl,False,0.04823529411764693,-0.12117647058823522,-0.1047058823529412,-0.051500000000000004,-0.1062058823529412,0.032617647058823585
KRW-PROVE,2026-05-10,none,False,0.009708737864077666,-0.01941747572815533,-0.004854368932038833,-0.006354368932038832,-0.006354368932038832,-0.0160631067961165
KRW-POKT,2026-05-10,none,False,0.02259887005649719,-0.005649717514124131,0.016949152542372836,0.015449152542372837,0.015449152542372837,-0.0015
KRW-PUNDIX,2026-05-10,none,False,0.030303030303030276,-0.012987012987012991,0.02164502164502169,0.020145021645021688,0.020145021645021688,-0.014487012987012991
KRW-BEAM,2026-05-10,none,False,0.042483660130719025,-0.019607843137254943,0.026143790849673332,0.02464379084967333,0.02464379084967333,-0.008035947712418277
KRW-ATH,2026-05-10,none,False,0.06000000000000005,-0.028999999999999915,0.030000000000000027,0.028500000000000025,0.028500000000000025,-0.018500000000000016
KRW-STEEM,2026-05-10,none,False,0.010285714285714453,-0.01371428571428579,0.010285714285714453,0.008785714285714454,0.008785714285714454,-0.008357142857142784
KRW-TAO,2026-05-10,none,False,0.07315998237108867,-0.0037461436756279776,0.035037461436756345,0.033537461436756344,0.033537461436756344,0.015467827236668232
KRW-ELSA,2026-05-10,none,False,0.03418803418803429,-0.042735042735042694,-0.02564102564102566,-0.027141025641025662,-0.027141025641025662,-0.018594017094017146
KRW-MOODENG,2026-05-10,none,False,0.054247697031729825,-0.029682702149437135,0.004094165813715467,0.002594165813715467,0.002594165813715467,-0.015829580348004135
KRW-ANKR,2026-05-10,none,False,0.02119205298013238,-0.01059602649006619,0.019867549668874274,0.018367549668874272,0.018367549668874272,-0.0054735099337748765
KRW-LAYER,2026-05-10,tp,False,0.6054421768707483,-0.027210884353741527,0.24489795918367352,0.0985,0.0985,0.0985
KRW-AAVE,2026-05-10,none,False,0.07299787384833456,-0.007795889440113446,0.06094968107725007,0.05944968107725007,0.05944968107725007,-0.0007912827781714747
KRW-SONIC,2026-05-10,tp,False,0.19458544839255487,-0.008460236886632777,0.0744500846023688,0.0985,0.0985,0.0985
KRW-CKB,2026-05-10,none,False,0.09583333333333344,-0.01666666666666672,0.06666666666666665,0.06516666666666665,0.06516666666666665,-0.0056666666666665404
KRW-WAVES,2026-05-10,none,False,0.03803486529318545,-0.015847860538827252,0.017432646592709933,0.01593264659270993,0.01593264659270993,-0.011008716323296306
KRW-MTL,2026-05-10,none,False,0.03125,-0.004166666666666652,0.029166666666666563,0.02766666666666656,0.02766666666666656,-0.003583333333333326
KRW-MET2,2026-05-10,none,False,0.018939393939394034,-0.030303030303030276,-0.0037878787878787845,-0.005287878787878784,-0.005287878787878784,0.009863636363636465
KRW-MOVE,2026-05-10,tp,False,0.10144927536231862,-0.007246376811594346,0.04347826086956519,0.0985,0.0985,-0.0015
KRW-UNI,2026-05-10,none,False,0.09625668449197855,-0.02941176470588236,0.04367201426024958,0.04217201426024958,0.04217201426024958,-0.026455436720142556
KRW-AWE,2026-05-10,none,False,0.04516938519447922,-0.010037641154328703,0.03387703889585958,0.03237703889585958,0.03237703889585958,-0.00902823086574661
KRW-MED,2026-05-10,none,False,0.01840490797546024,-0.015337423312883347,0.0030674846625766694,0.0015674846625766694,0.0015674846625766694,-0.010702453987730008
KRW-EDGE,2026-05-10,none,False,0.0059880239520957446,-0.029940119760479056,-0.005988023952095856,-0.007488023952095855,-0.007488023952095855,-0.0254520958083832
KRW-AHT,2026-05-10,none,False,0.025751072961373467,-0.0042918454935623185,0.02145922746781115,0.019959227467811147,0.019959227467811147,0.0027918454935620964
KRW-DOOD,2026-05-10,none,False,0.08213552361396292,-0.024640657084188944,0.05749486652977409,0.05599486652977409,0.05599486652977409,-0.01587371663244358
KRW-POL,2026-05-10,none,False,0.04054054054054057,-0.006756756756756799,0.04054054054054057,0.03904054054054057,0.03904054054054057,0.012013513513513598
KRW-MANA,2026-05-10,none,False,0.05633802816901401,-0.014084507042253502,0.028169014084507005,0.026669014084507003,0.026669014084507003,-0.00854225352112675
KRW-ARKM,2026-05-10,none,False,0.039024390243902474,-0.014634146341463428,0.034146341463414664,0.03264634146341466,0.03264634146341466,-0.006378048780487809
KRW-AZTEC,2026-05-10,none,False,0.09510086455331401,-0.023054755043227737,0.023054755043227626,0.021554755043227625,0.021554755043227625,-0.013027377521614035
KRW-SAHARA,2026-05-10,sl,False,0.06049822064056931,-0.10676156583629892,0.042704626334519435,-0.051500000000000004,0.041204626334519434,0.003838078291814874
KRW-MEW,2026-05-10,none,False,0.07107107107107113,-0.019019019019019034,0.041041041041041115,0.039541041041041114,0.039541041041041114,0.009511011011011096
KRW-FIL,2026-05-10,sl,False,0.007918552036199067,-0.08031674208144801,-0.04920814479638014,-0.051500000000000004,-0.05070814479638014,-0.0031968325791855144
KRW-WCT,2026-05-10,none,False,0.058252427184465994,-0.01941747572815533,0.029126213592232997,0.027626213592232995,0.027626213592232995,-0.011208737864077665
KRW-GLM,2026-05-10,none,False,0.037735849056603765,-0.014150943396226467,0.03301886792452824,0.03151886792452824,0.03151886792452824,-0.01565094339622647
KRW-AKT,2026-05-10,sl,False,0.06182795698924726,-0.05913978494623651,-0.007168458781361964,-0.051500000000000004,-0.008668458781361963,-0.025693548387096754
KRW-TT,2026-05-10,none,False,0.014925373134328401,-0.014925373134328401,0.00746268656716409,0.00596268656716409,0.00596268656716409,-0.0015
KRW-CTC,2026-05-10,none,False,0.07792207792207795,-0.012987012987012991,0.03463203463203457,0.03313203463203457,0.03313203463203457,0.0028290043290042934
KRW-F,2026-05-10,none,False,0.01016949152542379,-0.02033898305084747,0.005649717514124353,0.004149717514124353,0.004149717514124353,-0.015059322033898202
KRW-ZK,2026-05-10,none,False,0.03584229390680993,-0.028673835125447966,0.007168458781362075,0.005668458781362075,0.005668458781362075,-0.008668458781361963
KRW-CFG,2026-05-10,none,False,0.09662921348314613,-0.04719101123595504,0.01573033707865168,0.01423033707865168,0.01423033707865168,-0.023971910112359607
KRW-ARDR,2026-05-10,none,False,0.014084507042253502,-0.00312989045383405,0.014084507042253502,0.012584507042253503,0.012584507042253503,6.494522691708046e-05
KRW-HOLO,2026-05-10,none,False,0.016949152542372836,-0.0423728813559322,-0.008474576271186418,-0.009974576271186418,-0.009974576271186418,-0.018449152542372838
KRW-VET,2026-05-10,none,False,0.0625,-0.017857142857142794,0.03571428571428581,0.03421428571428581,0.03421428571428581,0.007428571428571619
KRW-JUP,2026-05-10,tp,False,0.10354223433242504,-0.027247956403269713,0.05994550408719346,0.0985,0.0985,-0.00694959128065392
KRW-PUMP,2026-05-10,none,False,0.04444444444444451,-0.006349206349206327,0.01587301587301604,0.014373015873016039,0.014373015873016039,0.014373015873016039
KRW-FLUID,2026-05-10,none,False,0.0402429764616552,-0.008731966590736495,0.02277904328018221,0.021279043280182208,0.021279043280182208,-0.0049168564920273865
KRW-MBL,2026-05-10,none,False,0.042553191489361764,-0.014184397163120588,0.007092198581560183,0.005592198581560183,0.005592198581560183,-0.0015
KRW-CYBER,2026-05-10,none,False,0.04958677685950419,-0.02007083825265643,0.0047225501770955525,0.0032225501770955524,0.0032225501770955524,-0.009764462809917327
KRW-BOUNTY,2026-05-10,none,False,0.0691823899371069,0.0,0.015723270440251458,0.014223270440251458,0.014223270440251458,0.014223270440251458
KRW-ENA,2026-05-11,sl,False,0.01025641025641022,-0.05128205128205132,-0.02564102564102566,-0.051500000000000004,-0.027141025641025662,-0.051500000000000004
KRW-ARDR,2026-05-11,none,False,0.0015432098765433278,-0.01851851851851849,0.0,-0.0015,-0.0015,-0.012302469135802517
KRW-ZKP,2026-05-11,none,False,0.0,-0.0461538461538461,-0.03076923076923077,-0.03226923076923077,-0.03226923076923077,-0.03226923076923077
KRW-RENDER,2026-05-11,none,False,0.0037225042301185507,-0.032148900169204686,-0.024703891708967807,-0.026203891708967808,-0.026203891708967808,-0.023496615905245377
KRW-META,2026-05-11,none,False,0.08053691275167796,-0.020134228187919545,0.020134228187919323,0.01863422818791932,0.01863422818791932,-0.008211409395973144
KRW-ORBS,2026-05-11,none,False,0.01526717557251911,-0.015267175572518998,0.0,-0.0015,-0.0015,-0.009133587786259554
KRW-CHZ,2026-05-11,sl,False,0.0029940119760478723,-0.058383233532934065,-0.04491017964071853,-0.051500000000000004,-0.04641017964071853,-0.014973053892215425
KRW-AXS,2026-05-11,none,False,0.010941960038058918,-0.021883920076117946,-0.0009514747859181716,-0.0024514747859181716,-0.0024514747859181716,-0.016723596574690747
KRW-KAVA,2026-05-11,none,False,0.02204408817635284,-0.01503006012024044,0.012024048096192397,0.010524048096192397,0.010524048096192397,0.010524048096192397
KRW-RVN,2026-05-11,none,False,0.0010649627263046302,-0.023429179978700865,-0.007454739084132078,-0.008954739084132078,-0.008954739084132078,-0.019604366347177826
KRW-MED,2026-05-11,tp,False,0.21036585365853666,-0.024390243902438935,0.051829268292683084,0.0985,0.0985,-0.013695121951219412
KRW-HBAR,2026-05-11,none,False,0.006993006993007089,-0.020979020979020935,0.0,-0.0015,-0.0015,-0.015486013986013956
KRW-ZORA,2026-05-11,none,False,0.004878048780487809,-0.024390243902439046,-0.00487804878048792,-0.00637804878048792,-0.00637804878048792,-0.01613414634146343
KRW-1INCH,2026-05-11,none,False,0.006535947712418277,-0.02614379084967322,0.0,-0.0015,-0.0015,-0.021107843137254945
KRW-PUMP,2026-05-11,sl,False,0.0031055900621117516,-0.06211180124223603,-0.04037267080745355,-0.051500000000000004,-0.04187267080745355,-0.03255590062111807
KRW-ZK,2026-05-11,none,False,0.010676156583629748,-0.039145907473309705,-0.017793594306049876,-0.019293594306049877,-0.019293594306049877,-0.029969750889679736
KRW-DOGE,2026-05-11,none,False,0.0060606060606061,-0.036363636363636376,-0.012121212121212088,-0.013621212121212088,-0.013621212121212088,-0.02574242424242429
KRW-HP,2026-05-11,none,False,0.028688524590164022,-0.008196721311475419,0.016393442622950838,0.014893442622950838,0.014893442622950838,-0.009696721311475419
KRW-XAUT,2026-05-11,none,False,0.016438754727960525,-0.0032004655222578338,0.014983997672388671,0.013483997672388672,0.013483997672388672,0.0009730869944720179
KRW-SENT,2026-05-11,none,False,0.0038461538461538325,-0.02692307692307694,-0.007692307692307665,-0.009192307692307665,-0.009192307692307665,-0.024576923076923107
KRW-QKC,2026-05-11,none,False,0.03711340206185576,-0.014432989690721487,0.020618556701031077,0.019118556701031075,0.019118556701031075,-0.01593298969072149
KRW-ORCA,2026-05-11,none,False,0.06633704161516274,-0.022661722290894137,0.010712814173877261,0.009212814173877261,0.009212814173877261,-0.00685640708693863
KRW-AUCTION,2026-05-11,none,False,0.006464124111182912,-0.02650290885585005,-0.023917259211376884,-0.025417259211376886,-0.025417259211376886,-0.009903361344537785
KRW-MMT,2026-05-11,none,False,0.0045045045045044585,-0.04504504504504503,-0.036036036036036,-0.037536036036036,-0.037536036036036,-0.015013513513513486
KRW-SIGN,2026-05-11,none,False,0.008298755186721962,-0.020746887966805017,0.008298755186721962,0.006798755186721963,0.006798755186721963,-0.013948132780083054
KRW-WET,2026-05-11,none,False,0.027972027972027913,-0.034965034965035,-0.013986013986013957,-0.015486013986013956,-0.015486013986013956,-0.029472027972028025
KRW-MINA,2026-05-11,none,False,0.0,-0.03529411764705881,-0.009803921568627416,-0.011303921568627416,-0.011303921568627416,-0.026990196078431283
KRW-GLM,2026-05-11,none,False,0.036363636363636376,-0.022727272727272707,0.031818181818181746,0.030318181818181744,0.030318181818181744,-0.01968181818181819
KRW-ONG,2026-05-11,none,False,0.0,-0.027027027027026973,-0.018018018018018056,-0.019518018018018057,-0.019518018018018057,-0.019518018018018057
KRW-ALGO,2026-05-11,sl,False,0.0,-0.05789473684210522,-0.047368421052631615,-0.051500000000000004,-0.048868421052631617,-0.0383421052631579
KRW-SUN,2026-05-11,none,False,0.026755852842809347,0.0,0.010033444816053505,0.008533444816053505,0.008533444816053505,-0.0015
KRW-HUNT,2026-05-11,none,False,0.03144654088050314,-0.02515723270440251,0.018867924528301883,0.01736792452830188,0.01736792452830188,-0.02665723270440251
KRW-FF,2026-05-11,tp,False,0.12617309697601664,-0.016684045881126264,0.0948905109489051,0.0985,0.0985,-0.01297028154327434
KRW-AVAX,2026-05-11,none,False,0.006666666666666599,-0.019333333333333313,-0.00666666666666671,-0.00816666666666671,-0.00816666666666671,-0.015500000000000012
KRW-BERA,2026-05-11,none,False,0.03177257525083621,-0.025083612040133763,0.0117056856187292,0.0102056856187292,0.0102056856187292,-0.019894648829431427
KRW-XLM,2026-05-11,none,False,0.012048192771084265,-0.028112449799196804,-0.004016064257028162,-0.005516064257028162,-0.005516064257028162,-0.01756425702811243
KRW-KITE,2026-05-11,tp,False,0.1351351351351351,-0.007722007722007707,0.015444015444015413,0.0985,0.0985,0.07185907335907343
KRW-ATOM,2026-05-11,none,False,0.05104800540906007,-0.015551048005409074,0.016227180527383478,0.014727180527383478,0.014727180527383478,-0.009275524002704537
KRW-VANA,2026-05-11,none,False,0.053086905230043335,-0.022021234762092057,-0.003932363350373613,-0.005432363350373613,-0.005432363350373613,-0.011330908375933922
KRW-MON,2026-05-11,sl,False,0.02115384615384608,-0.06153846153846154,-0.050000000000000044,-0.051500000000000004,-0.051500000000000046,-0.02842307692307694
KRW-BARD,2026-05-11,none,False,0.002336448598130758,-0.030373831775700966,-0.016355140186915862,-0.017855140186915863,-0.017855140186915863,-0.02486448598130836
KRW-BLAST,2026-05-11,none,False,0.002547770700636942,-0.02547770700636942,-0.007643312101910826,-0.009143312101910826,-0.009143312101910826,-0.02442993630573248
KRW-ETH,2026-05-11,none,False,0.0014388489208632116,-0.021294964028776953,-0.010359712230215812,-0.011859712230215811,-0.011859712230215811,-0.01301079136690647
KRW-MOC,2026-05-11,none,False,0.021428571428571352,-0.011904761904761862,0.01904761904761898,0.01754761904761898,0.01754761904761898,0.003261904761904745
KRW-XTZ,2026-05-11,none,False,0.00340136054421758,-0.018707482993197244,-0.006802721088435382,-0.008302721088435381,-0.008302721088435381,-0.008302721088435381
KRW-DRIFT,2026-05-11,none,False,0.06796116504854388,-0.018030513176144236,0.00554785020804438,0.004047850208044381,0.004047850208044381,0.006821775312066793
KRW-AERGO,2026-05-11,none,False,0.010778443113772518,-0.008383233532934131,0.009580838323353325,0.008080838323353325,0.008080838323353325,-0.0050928143712574685
KRW-NEAR,2026-05-11,none,False,0.01090274749236797,-0.02921936327954644,-0.0069777583951156075,-0.008477758395115607,-0.008477758395115607,-0.01938050588748369
KRW-AAVE,2026-05-11,none,False,0.008678237650200371,-0.028037383177570097,-0.006675567423230944,-0.008175567423230943,-0.008175567423230943,-0.020191588785046732
KRW-STORJ,2026-05-11,none,False,0.005952380952380931,-0.023809523809523836,-0.011904761904761862,-0.013404761904761862,-0.013404761904761862,-0.013404761904761862
KRW-GRT,2026-05-11,none,False,0.021428571428571352,-0.0357142857142857,-0.004761904761904856,-0.006261904761904856,-0.006261904761904856,-0.02769047619047621
KRW-MASK,2026-05-11,none,False,0.005018820577164407,-0.025094102885821812,-0.0012547051442910462,-0.002754705144291046,-0.002754705144291046,-0.017811166875784157
KRW-F,2026-05-11,none,False,0.004494382022471877,-0.020224719101123556,-0.003370786516854074,-0.004870786516854074,-0.004870786516854074,-0.016106741573033767
KRW-ZRO,2026-05-11,none,False,0.032359550561797734,-0.01977528089887637,0.020674157303370855,0.019174157303370853,0.019174157303370853,-0.01318539325842699
KRW-BAT,2026-05-11,none,False,0.030303030303030276,-0.024242424242424288,0.0,-0.0015,-0.0015,-0.007560606060606099
KRW-SUI,2026-05-11,sl,False,0.018433179723502224,-0.05888376856118793,-0.027649769585253448,-0.051500000000000004,-0.02914976958525345,-0.012252688172043
KRW-CFG,2026-05-11,none,False,0.07079646017699126,-0.03539823008849563,-0.017699115044247815,-0.019199115044247816,-0.019199115044247816,-0.019199115044247816
KRW-PYTH,2026-05-11,none,False,0.00574052812858783,-0.02985074626865669,-0.01722158438576349,-0.01872158438576349,-0.01872158438576349,-0.026758323765786296
KRW-TAO,2026-05-11,none,False,0.031329923273657245,-0.01619778346121059,0.004475703324808178,0.002975703324808178,0.002975703324808178,-0.0025656436487638255
KRW-MVL,2026-05-11,none,False,0.045226130653266416,-0.01005025125628145,0.02010050251256268,0.018600502512562678,0.018600502512562678,0.008550251256281229
KRW-ASTR,2026-05-11,sl,False,0.0,-0.05714285714285716,-0.02857142857142858,-0.051500000000000004,-0.030071428571428582,-0.030071428571428582
KRW-ENSO,2026-05-11,none,False,0.0,-0.02639087018544939,-0.014978601997146956,-0.016478601997146958,-0.016478601997146958,-0.014338801711840264
KRW-ELSA,2026-05-11,none,False,0.0,-0.04347826086956519,-0.02608695652173909,-0.027586956521739092,-0.027586956521739092,-0.036282608695652196
KRW-IN,2026-05-11,none,False,0.0,-0.03333333333333344,-0.009803921568627416,-0.011303921568627416,-0.011303921568627416,-0.021107843137254945
KRW-ESP,2026-05-11,none,False,0.0,-0.03539823008849563,-0.017699115044247815,-0.019199115044247816,-0.019199115044247816,-0.03689823008849563
KRW-BIGTIME,2026-05-11,none,False,0.02666666666666684,-0.03111111111111109,0.008888888888888946,0.0073888888888889465,0.0073888888888889465,-0.014833333333333419
KRW-DOOD,2026-05-11,none,False,0.009727626459144156,-0.046692607003890885,-0.027237354085603016,-0.028737354085603017,-0.028737354085603017,-0.03457392996108949
KRW-AQT,2026-05-11,none,False,0.02669902912621369,-0.012135922330097082,0.0060679611650484855,0.004567961165048486,0.004567961165048486,-0.0015
KRW-BONK,2026-05-11,none,False,0.008849557522123908,-0.044247787610619316,-0.017699115044247704,-0.019199115044247705,-0.019199115044247705,-0.03689823008849552
KRW-LSK,2026-05-11,none,False,0.0,-0.024038461538461564,-0.004807692307692291,-0.00630769230769229,-0.00630769230769229,-0.025538461538461565
KRW-BIRB,2026-05-11,none,False,0.004672897196261738,-0.028037383177570097,-0.014018691588784993,-0.015518691588784992,-0.015518691588784992,-0.020191588785046732
KRW-PLUME,2026-05-11,none,False,0.008810572687224738,-0.048458149779735615,-0.004405286343612258,-0.005905286343612258,-0.005905286343612258,-0.03674229074889873
KRW-LINEA,2026-05-11,none,False,0.003350083752093891,-0.038525963149078635,-0.02010050251256279,-0.02160050251256279,-0.02160050251256279,-0.0182504187604689
KRW-LPT,2026-05-11,none,False,0.0014236902050113187,-0.027619589977220915,-0.015945330296127547,-0.017445330296127548,-0.017445330296127548,-0.020862186788154935
KRW-NEO,2026-05-11,none,False,0.03257398339365558,-0.015967638918458538,0.016393442622950838,0.014893442622950838,0.014893442622950838,-0.006183840749414525
KRW-OP,2026-05-11,none,False,0.0,-0.04166666666666663,-0.04166666666666663,-0.04316666666666663,-0.04316666666666663,-0.026500000000000024
KRW-MOVE,2026-05-11,tp,False,0.1916376306620211,-0.010452961672473893,0.06968641114982588,0.0985,0.0985,0.03682752613240431
KRW-PROVE,2026-05-11,none,False,0.009756097560975618,-0.014634146341463428,-0.0024390243902439046,-0.003939024390243904,-0.003939024390243904,-0.006378048780487809
KRW-RAY,2026-05-11,none,False,0.0023291925465838137,-0.0357142857142857,-0.02018633540372672,-0.02168633540372672,-0.02168633540372672,-0.030226708074534148
KRW-BSV,2026-05-11,none,False,0.019584802193497897,-0.034077555816686256,-0.014884449667058375,-0.016384449667058376,-0.016384449667058376,-0.030877203290246735
KRW-WLD,2026-05-11,none,False,0.009615384615384581,-0.03605769230769229,-0.014423076923076872,-0.015923076923076873,-0.015923076923076873,-0.025538461538461565
KRW-WAL,2026-05-11,sl,False,0.046875,-0.0546875,0.0,-0.051500000000000004,-0.0015,-0.051500000000000004
KRW-GAS,2026-05-11,none,False,0.007698229407236301,-0.02501924557351809,-0.0038491147036181506,-0.00534911470361815,-0.00534911470361815,-0.01997575057736717
KRW-FLOCK,2026-05-11,none,False,0.05217391304347818,-0.04347826086956519,0.008695652173912993,0.007195652173912994,0.007195652173912994,-0.036282608695652196
KRW-ONT,2026-05-11,none,False,0.007216494845360799,-0.020618556701030966,-0.010309278350515427,-0.011809278350515427,-0.011809278350515427,-0.016963917525773142
KRW-ZBT,2026-05-11,sl,False,0.004016064257028162,-0.12449799196787148,-0.10441767068273089,-0.051500000000000004,-0.10591767068273089,-0.051500000000000004
KRW-DOT,2026-05-11,none,False,0.0024679170779862147,-0.028627838104639647,-0.01036525172754199,-0.01186525172754199,-0.01186525172754199,-0.022724086870681115
KRW-SOPH,2026-05-11,none,False,0.04225352112676073,-0.021126760563380254,0.014084507042253502,0.012584507042253503,0.012584507042253503,-0.0015
KRW-ICP,2026-05-11,none,False,0.07301331181928195,-0.024606696248487325,-0.012706736587333567,-0.014206736587333567,-0.014206736587333567,-0.01924909237595801
KRW-AXL,2026-05-11,none,False,0.009090909090909038,-0.045454545454545414,-0.036363636363636376,-0.03786363636363638,-0.03786363636363638,-0.03786363636363638
KRW-APT,2026-05-11,none,False,0.004736530491415092,-0.04026050917702784,-0.01716992303137954,-0.018669923031379543,-0.018669923031379543,-0.028735050325636446
KRW-TT,2026-05-11,tp,False,0.12592592592592577,-0.007407407407407418,0.03703703703703698,0.0985,0.0985,0.013314814814814837
KRW-CVC,2026-05-11,none,False,0.0661322645290583,-0.02605210420841675,0.002004008016032177,0.0005040080160321771,0.0005040080160321771,-0.01152004008016033
KRW-BTT,2026-05-11,none,False,0.003984063745019917,-0.017928286852589626,-0.00996015936254957,-0.01146015936254957,-0.01146015936254957,-0.0034920318725098474
KRW-AERO,2026-05-11,none,False,0.05045278137128073,-0.02975420439844756,0.001293661060802087,-0.00020633893919791294,-0.00020633893919791294,-0.02349223803363515
KRW-ORDER,2026-05-11,none,False,0.0,-0.02921348314606731,-0.019101123595505642,-0.020601123595505644,-0.020601123595505644,-0.022848314606741693
KRW-WAXP,2026-05-11,none,False,0.009345794392523477,-0.01869158878504662,0.0,-0.0015,-0.0015,-0.010845794392523365
KRW-RED,2026-05-11,none,False,0.004405286343612369,-0.03083700440528636,-0.004405286343612369,-0.005905286343612369,-0.005905286343612369,-0.023526431718061624
KRW-SONIC,2026-05-11,tp,False,0.1968503937007875,-0.007874015748031482,0.10551181102362217,0.0985,0.0985,0.0985
KRW-POLYX,2026-05-11,none,False,0.0050000000000001155,-0.025000000000000022,-0.010000000000000009,-0.011500000000000008,-0.011500000000000008,-0.011500000000000008
KRW-POWR,2026-05-11,none,False,0.009803921568627416,-0.019607843137254943,-0.009803921568627416,-0.011303921568627416,-0.011303921568627416,-0.011303921568627416
KRW-CKB,2026-05-11,none,False,0.0,-0.04296875,-0.01953125000000011,-0.021031250000000112,-0.021031250000000112,-0.03275
KRW-IQ,2026-05-11,none,False,0.08187134502923987,-0.01754385964912286,0.01754385964912286,0.01604385964912286,0.01604385964912286,-0.007347953216374324
KRW-USDE,2026-05-11,none,False,0.0068166325835037345,-0.0034083162917518672,0.006134969325153339,0.004634969325153339,0.004634969325153339,-0.0008183367416496044
KRW-BIO,2026-05-11,sl,False,0.03810775295663604,-0.09329829172141912,-0.08672798948751637,-0.051500000000000004,-0.08822798948751637,-0.015954664914586025
KRW-AHT,2026-05-11,none,False,0.054621848739495826,-0.008403361344537785,0.021008403361344685,0.019508403361344684,0.019508403361344684,-0.0015
KRW-KNC,2026-05-11,none,False,0.0,-0.02991452991452992,-0.012820512820512775,-0.014320512820512775,-0.014320512820512775,-0.022867521367521404
KRW-MBL,2026-05-11,tp,False,0.4755244755244754,0.0,0.1748251748251748,0.0985,0.0985,0.0985
KRW-TRUST,2026-05-11,none,False,0.04629629629629628,-0.0092592592592593,0.02777777777777768,0.026277777777777678,0.026277777777777678,0.007759259259259301
KRW-MOCA,2026-05-11,none,False,0.05454545454545445,-0.022727272727272707,0.027272727272727337,0.025772727272727336,0.025772727272727336,-0.010590909090909038
KRW-NXPC,2026-05-11,none,False,0.0,-0.027184466019417486,-0.021359223300970842,-0.022859223300970843,-0.022859223300970843,-0.020917475728155333
KRW-DKA,2026-05-11,none,False,0.04709748083242049,-0.030668127053669392,0.043811610076670116,0.042311610076670114,0.042311610076670114,-0.026691675794085434
KRW-BREV,2026-05-11,none,False,0.0,-0.045226130653266305,-0.03015075376884424,-0.03165075376884424,-0.03165075376884424,-0.026625628140703517
KRW-FCT2,2026-05-11,none,False,0.03645833333333326,-0.02083333333333326,0.015625,0.014125,0.014125,-0.017125
KRW-VET,2026-05-11,none,False,0.008620689655172376,-0.034482758620689724,-0.01724137931034475,-0.018741379310344752,-0.018741379310344752,-0.018741379310344752
KRW-SAND,2026-05-11,none,False,0.0,-0.03252032520325199,-0.016260162601625994,-0.017760162601625995,-0.017760162601625995,-0.03402032520325199
KRW-WLFI,2026-05-11,sl,False,0.00990099009900991,-0.05247524752475241,-0.025742574257425654,-0.051500000000000004,-0.027242574257425656,-0.015361386138613873
KRW-GMT,2026-05-11,none,False,0.098901098901099,-0.03296703296703285,0.0714285714285714,0.0699285714285714,0.0699285714285714,-0.017983516483516537
KRW-AZTEC,2026-05-11,none,False,0.014005602240896309,-0.03921568627451,-0.0028011204481792618,-0.004301120448179261,-0.004301120448179261,-0.02951120448179273
KRW-FIL,2026-05-11,none,False,0.013079667063020217,-0.019024970273483932,-0.013079667063020217,-0.014579667063020217,-0.014579667063020217,-0.009823424494649178
KRW-ZETA,2026-05-11,sl,False,0.0010881392818280489,-0.05223068552774768,-0.01414581066376508,-0.051500000000000004,-0.01564581066376508,-0.051500000000000004
KRW-AWE,2026-05-11,none,False,0.059393939393939554,-0.00848484848484854,0.036363636363636376,0.034863636363636374,0.034863636363636374,0.0033484848484848797
KRW-ETHFI,2026-05-11,none,False,0.0117647058823529,-0.038235294117647034,-0.016176470588235348,-0.01767647058823535,-0.01767647058823535,-0.027970588235294136
KRW-SC,2026-05-11,none,False,0.06081081081081097,-0.013513513513513487,0.04054054054054057,0.03904054054054057,0.03904054054054057,-0.015013513513513486
KRW-SYRUP,2026-05-11,none,False,0.002645502645502562,-0.03439153439153442,-0.007936507936507908,-0.009436507936507908,-0.009436507936507908,-0.025309523809523837
KRW-STRAX,2026-05-11,none,False,0.034146341463414664,-0.009756097560975618,0.019512195121951237,0.018012195121951236,0.018012195121951236,0.018012195121951236
KRW-DRIFT,2026-05-12,none,False,0.08701657458563528,-0.013812154696132617,0.011049723756906049,0.00954972375690605,0.00954972375690605,-0.0015
KRW-AGLD,2026-05-12,none,False,0.01228501228501222,-0.03194103194103193,0.0073710073710073765,0.005871007371007377,0.005871007371007377,-0.026070024570024553
KRW-BOUNTY,2026-05-12,none,False,0.0029850746268658135,-0.02985074626865669,-0.023880597014925287,-0.025380597014925288,-0.025380597014925288,-0.013440298507462698
KRW-LSK,2026-05-12,sl,False,0.0,-0.05797101449275366,-0.03864734299516903,-0.051500000000000004,-0.04014734299516903,-0.011161835748792313
KRW-ENSO,2026-05-12,none,False,0.0159651669085632,-0.03483309143686497,-0.021770682148040676,-0.023270682148040678,-0.023270682148040678,-0.018916545718432543
KRW-ZK,2026-05-12,none,False,0.007246376811594235,-0.047101449275362306,0.0036231884057971175,0.0021231884057971175,0.0021231884057971175,-0.019615942028985478
KRW-1INCH,2026-05-12,none,False,0.0,-0.04575163398692805,-0.0326797385620915,-0.0341797385620915,-0.0341797385620915,-0.014571895424836554
KRW-AAVE,2026-05-12,sl,False,0.0040322580645162365,-0.055779569892473124,-0.03629032258064513,-0.051500000000000004,-0.03779032258064513,-0.012252688172043
KRW-MINA,2026-05-12,none,False,0.010000000000000009,-0.039000000000000035,-0.017000000000000015,-0.018500000000000016,-0.018500000000000016,-0.006500000000000004
KRW-ENA,2026-05-12,sl,False,0.0,-0.06842105263157894,-0.047368421052631615,-0.051500000000000004,-0.048868421052631617,-0.022552631578947324
KRW-LA,2026-05-12,none,False,0.013698630136986356,-0.045662100456621,-0.03196347031963476,-0.03346347031963476,-0.03346347031963476,-0.019764840182648402
KRW-LINK,2026-05-12,none,False,0.0032113037893384266,-0.036608863198458574,-0.02055234425176622,-0.02205234425176622,-0.02205234425176622,-0.00920712909441229
KRW-SUI,2026-05-12,sl,False,0.021063717746182098,-0.05265929436545547,-0.033175355450236976,-0.051500000000000004,-0.03467535545023698,0.0006063717746181431
KRW-RED,2026-05-12,sl,False,0.03555555555555556,-0.07111111111111112,-0.06666666666666665,-0.051500000000000004,-0.06816666666666665,0.0073888888888889465
KRW-WAXP,2026-05-12,none,False,0.009345794392523477,-0.04672897196261683,-0.03738317757009335,-0.03888317757009335,-0.03888317757009335,-0.02019158878504662
KRW-DOGE,2026-05-12,none,False,0.012269938650306678,-0.024539877300613466,0.0,-0.0015,-0.0015,-0.0015
KRW-AWE,2026-05-12,none,False,0.0,-0.037426900584795364,-0.022222222222222254,-0.023722222222222256,-0.023722222222222256,-0.022552631578947324
KRW-AERGO,2026-05-12,none,False,0.009535160905840279,-0.0166865315852206,-0.005959475566150174,-0.007459475566150174,-0.007459475566150174,-0.012227056019070424
KRW-SAFE,2026-05-12,none,False,0.008658008658008587,-0.02164502164502169,-0.017316017316017285,-0.018816017316017286,-0.018816017316017286,-0.0015
KRW-PEPE,2026-05-12,sl,False,0.00784929356357944,-0.053375196232339106,-0.03610675039246469,-0.051500000000000004,-0.037606750392464694,-0.009349293563579218
KRW-JTO,2026-05-12,sl,False,0.027559055118110187,-0.07217847769028873,-0.06299212598425197,-0.051500000000000004,-0.06449212598425197,-0.019872703412073534
KRW-JST,2026-05-12,none,False,0.03875968992248069,-0.007751937984496138,0.03875968992248069,0.03725968992248069,0.03725968992248069,0.014003875968992276
KRW-VET,2026-05-12,none,False,0.01754385964912264,-0.04385964912280704,-0.03508771929824561,-0.03658771929824561,-0.03658771929824561,-0.0015
KRW-MVL,2026-05-12,sl,False,0.03921568627450989,-0.08333333333333326,-0.02941176470588236,-0.051500000000000004,-0.03091176470588236,-0.026009803921568653
KRW-SC,2026-05-12,sl,False,0.006493506493506551,-0.051948051948051965,-0.032467532467532534,-0.051500000000000004,-0.033967532467532535,-0.027474025974025984
KRW-XAUT,2026-05-12,none,False,0.0018605982539001698,-0.014312294260769964,-0.0004293688278230734,-0.0019293688278230734,-0.0019293688278230734,-0.0056505653356233015
KRW-MANTRA,2026-05-12,tp,False,0.1049382716049383,-0.012345679012345623,0.043209876543209846,0.0985,0.0985,0.0355370370370372
KRW-NEAR,2026-05-12,none,False,0.07475813544415133,-0.02110817941952503,0.049252418645558516,0.047752418645558514,0.047752418645558514,-0.01469261213720313
KRW-AQT,2026-05-12,none,False,0.01449275362318847,-0.018115942028985477,-0.0012077294685990392,-0.002707729468599039,-0.002707729468599039,0.0009154589371980783
KRW-YGG,2026-05-12,tp,True,0.1014705882352942,-0.06617647058823528,-0.05147058823529416,0.0985,0.0985,0.0985
KRW-MBL,2026-05-12,sl,False,0.0059880239520957446,-0.10179640718562866,-0.07784431137724546,-0.051500000000000004,-0.07934431137724546,-0.051500000000000004
KRW-BTC,2026-05-12,none,False,0.001682001748615658,-0.012065448186852068,-0.007435780007494119,-0.008935780007494119,-0.008935780007494119,-0.004897310462550429
KRW-0G,2026-05-12,none,False,0.0,-0.03584229390681004,-0.007168458781361964,-0.008668458781361963,-0.008668458781361963,-0.01344743130227005
KRW-ONG,2026-05-12,none,False,0.00917431192660545,-0.02752293577981646,-0.00917431192660545,-0.01067431192660545,-0.01067431192660545,-0.01067431192660545
KRW-SOPH,2026-05-12,sl,False,0.0,-0.06206896551724139,-0.05517241379310345,-0.051500000000000004,-0.05667241379310345,-0.022189655172413836
KRW-BEAM,2026-05-12,sl,False,0.0,-0.06349206349206338,-0.060317460317460325,-0.051500000000000004,-0.06181746031746033,-0.020547619047619092
KRW-ETC,2026-05-12,none,False,0.004867872044506338,-0.04867872044506261,-0.03198887343532686,-0.03348887343532686,-0.03348887343532686,-0.016103616133518794
KRW-XLM,2026-05-12,none,False,0.008064516129032251,-0.03629032258064513,-0.028225806451612878,-0.02972580645161288,-0.02972580645161288,-0.00956451612903225
KRW-PUNDIX,2026-05-12,none,False,0.02127659574468077,-0.025531914893617058,0.0,-0.0015,-0.0015,0.015521276595744706
KRW-HOLO,2026-05-12,none,False,0.07499999999999996,-0.033333333333333326,0.06666666666666665,0.06516666666666665,0.06516666666666665,-0.01816666666666672
KRW-HP,2026-05-12,none,False,0.0,-0.032258064516129115,-0.016129032258064613,-0.017629032258064614,-0.017629032258064614,-0.00956451612903225
KRW-CTC,2026-05-12,sl,False,0.02371541501976293,-0.07905138339920947,-0.055335968379446654,-0.051500000000000004,-0.056835968379446655,-0.029167984189723273
KRW-F,2026-05-12,none,False,0.004509582863585271,-0.023675310033821728,-0.01014656144306647,-0.01164656144306647,-0.01164656144306647,-0.010519165727170208
KRW-HUNT,2026-05-12,none,False,0.01863354037267073,-0.03105590062111796,-0.018633540372670843,-0.020133540372670844,-0.020133540372670844,-0.0015
KRW-IOTA,2026-05-12,none,False,0.003121748178980255,-0.04682622268470349,-0.03433922996878247,-0.03583922996878247,-0.03583922996878247,-0.03167689906347543
KRW-STRAX,2026-05-12,none,False,0.004807692307692291,-0.03846153846153855,-0.028846153846153966,-0.030346153846153967,-0.030346153846153967,-0.01111538461538458
KRW-TOKAMAK,2026-05-12,none,False,0.08333333333333326,-0.020531400966183555,0.01690821256038655,0.015408212560386549,0.015408212560386549,0.009369565217391353
KRW-QKC,2026-05-12,none,False,0.0,-0.026369168356997985,-0.014198782961460377,-0.015698782961460378,-0.015698782961460378,-0.013670385395537497
KRW-BLAST,2026-05-12,none,False,0.0,-0.03979460847240057,-0.02310654685494229,-0.02460654685494229,-0.02460654685494229,-0.027173940949935804
KRW-TOSHI,2026-05-12,none,False,0.013698630136986356,-0.041095890410958735,-0.0273972602739726,-0.028897260273972603,-0.028897260273972603,-0.011773972602739767
KRW-BERA,2026-05-12,sl,False,0.0016556291390728006,-0.05794701986754969,-0.021523178807947074,-0.051500000000000004,-0.023023178807947076,-0.021367549668874164
KRW-TAIKO,2026-05-12,none,False,0.005434782608695565,-0.04347826086956519,-0.021739130434782594,-0.023239130434782596,-0.023239130434782596,-0.01780434782608692
KRW-ZRO,2026-05-12,sl,False,0.0004405286343611703,-0.05418502202643172,-0.033039647577092546,-0.051500000000000004,-0.03453964757709255,-0.02176431718061672
KRW-PUMP,2026-05-12,sl,False,0.009740259740259605,-0.07142857142857151,-0.04870129870129869,-0.051500000000000004,-0.05020129870129869,-0.03072077922077915
KRW-MLK,2026-05-12,none,False,0.0036991368680643344,-0.023427866831072675,-0.019728729963008562,-0.021228729963008564,-0.021228729963008564,-0.012597410604192226
KRW-ERA,2026-05-12,none,False,0.013452914798206317,-0.04035874439461884,-0.026905829596412523,-0.028405829596412524,-0.028405829596412524,-0.0059843049327354386
KRW-TT,2026-05-12,none,False,0.0,-0.04999999999999993,-0.02857142857142847,-0.03007142857142847,-0.03007142857142847,-0.022928571428571243
KRW-MOODENG,2026-05-12,sl,False,0.0031880977683316214,-0.07970244420828909,-0.06695005313496283,-0.051500000000000004,-0.06845005313496283,-0.03338097768331566
KRW-IMX,2026-05-12,none,False,0.007117437722419906,-0.042704626334519546,-0.017793594306049876,-0.019293594306049877,-0.019293594306049877,-0.015734875444839813
KRW-SOMI,2026-05-12,sl,False,0.0034364261168384758,-0.054982817869415834,-0.03436426116838487,-0.051500000000000004,-0.03586426116838487,-0.015245704467353903
KRW-XTZ,2026-05-12,none,False,0.001712328767123239,-0.03424657534246578,-0.023972602739726012,-0.025472602739726014,-0.025472602739726014,-0.010061643835616417
KRW-AVNT,2026-05-12,sl,False,0.012345679012345734,-0.06995884773662553,-0.053497942386831254,-0.051500000000000004,-0.054997942386831256,-0.017960905349794276
KRW-RVN,2026-05-12,none,False,0.0032188841201716833,-0.035407725321888406,-0.027896995708154515,-0.029396995708154516,-0.029396995708154516,-0.013302575107296098
KRW-FF,2026-05-12,tp,False,0.15384615384615374,-0.028846153846153855,0.125,0.0985,0.0985,-0.01111538461538458
KRW-STORJ,2026-05-12,none,False,0.012048192771084265,-0.04216867469879515,-0.04216867469879515,-0.04366867469879515,-0.04366867469879515,-0.0015
KRW-TRX,2026-05-12,none,False,0.007766990291262044,-0.003883495145631022,0.001941747572815622,0.0004417475728156219,0.0004417475728156219,-0.0015
KRW-USD1,2026-05-12,none,False,0.008837525492862097,-0.002719238613188346,0.007477906186267758,0.005977906186267758,0.005977906186267758,0.001899048266485405
KRW-CPOOL,2026-05-12,tp,False,0.17805383022774324,0.0,0.10766045548654257,0.0985,0.0985,0.0985
KRW-NEO,2026-05-12,none,False,0.037029288702928875,-0.02573221757322175,0.017991631799163077,0.016491631799163076,0.016491631799163076,-0.012378661087866059
KRW-AERO,2026-05-12,sl,False,0.009055627425614388,-0.10090556274256146,-0.05045278137128073,-0.051500000000000004,-0.05195278137128073,-0.026079560155239323
KRW-ZKP,2026-05-12,sl,False,0.008000000000000007,-0.07199999999999995,-0.05600000000000005,-0.051500000000000004,-0.05750000000000005,-0.009500000000000007
KRW-NXPC,2026-05-12,sl,False,0.003984063745019917,-0.05776892430278879,-0.04980079681274896,-0.051500000000000004,-0.05130079681274896,-0.02938844621513942
KRW-W,2026-05-12,sl,False,0.012396694214876103,-0.07851239669421484,-0.02892561983471076,-0.051500000000000004,-0.03042561983471076,-0.04282231404958675
KRW-MANA,2026-05-12,none,False,0.020408163265306145,-0.03401360544217691,-0.020408163265306145,-0.021908163265306146,-0.021908163265306146,-0.008302721088435381
KRW-HBAR,2026-05-12,none,False,0.006993006993007089,-0.04195804195804198,-0.027972027972028024,-0.029472027972028025,-0.029472027972028025,-0.015486013986013956
KRW-ARDR,2026-05-12,none,False,0.0015432098765433278,-0.03240740740740733,-0.016975308641975273,-0.018475308641975274,-0.018475308641975274,-0.010759259259259189
KRW-BARD,2026-05-12,none,False,0.0071428571428571175,-0.042857142857142816,-0.023809523809523836,-0.025309523809523837,-0.025309523809523837,-0.013404761904761862
KRW-POLYX,2026-05-12,none,False,0.06186868686868685,-0.01388888888888895,0.005050505050504972,0.003550505050504972,0.003550505050504972,0.04900505050505061
KRW-AHT,2026-05-12,none,False,0.008264462809917328,-0.03305785123966942,-0.028925619834710647,-0.03042561983471065,-0.03042561983471065,-0.018028925619834768
KRW-OPEN,2026-05-12,none,False,0.042105263157894646,-0.007017543859649145,0.024561403508772006,0.023061403508772005,0.023061403508772005,0.026570175438596577
KRW-UNI,2026-05-12,none,False,0.0043591979075849885,-0.04446381865736704,-0.028770706190061057,-0.03027070619006106,-0.03027070619006106,-0.02068047079337404
KRW-A,2026-05-12,none,False,0.013986013986013957,-0.04895104895104896,-0.020979020979020935,-0.022479020979020936,-0.022479020979020936,-0.015486013986013956
KRW-POL,2026-05-12,none,False,0.006578947368421018,-0.03947368421052633,-0.03947368421052633,-0.04097368421052633,-0.04097368421052633,-0.014657894736842146
KRW-LINEA,2026-05-12,none,False,0.006837606837606813,-0.04102564102564088,-0.02051282051282033,-0.02201282051282033,-0.02201282051282033,-0.010047008547008516
KRW-SAHARA,2026-05-12,tp,False,0.31775700934579443,-0.00747663551401867,0.19813084112149526,0.0985,0.0985,0.07139719626168223
KRW-TREE,2026-05-12,sl,False,0.026548672566371723,-0.06194690265486724,-0.03539823008849563,-0.051500000000000004,-0.03689823008849563,-0.028048672566371724
KRW-ONDO,2026-05-12,sl,False,0.04912836767036444,-0.08874801901743268,-0.0855784469096672,-0.051500000000000004,-0.0870784469096672,0.0016695721077653615
KRW-KAITO,2026-05-12,sl,False,0.008152173913043459,-0.08559782608695654,-0.07744565217391308,-0.051500000000000004,-0.07894565217391308,-0.020521739130434813
KRW-ZKC,2026-05-13,sl,False,0.02499999999999991,-0.07499999999999996,-0.05833333333333335,-0.051500000000000004,-0.05983333333333335,0.006833333333333304
KRW-TFUEL,2026-05-13,none,False,0.005555555555555536,-0.04444444444444451,-0.04444444444444451,-0.04594444444444451,-0.04594444444444451,-0.0015
KRW-POLYX,2026-05-13,none,False,0.03391959798994981,-0.045226130653266305,-0.03266331658291455,-0.03416331658291455,-0.03416331658291455,0.01483165829145744
KRW-MVL,2026-05-13,none,False,0.010152284263959421,-0.030456852791878153,0.0,-0.0015,-0.0015,-0.0015
KRW-BCH,2026-05-13,none,False,0.006896551724137945,-0.01992337164750957,-0.01072796934865905,-0.01222796934865905,-0.01222796934865905,0.003863984674329414
KRW-ARB,2026-05-13,none,False,0.04950495049504955,-0.034653465346534684,-0.024752475247524774,-0.026252475247524776,-0.026252475247524776,0.03315346534653468
KRW-ZBT,2026-05-13,tp,False,0.13913043478260878,-0.008695652173912993,-0.008695652173912993,0.0985,0.0985,0.06806521739130439
KRW-XLM,2026-05-13,none,False,0.02083333333333326,-0.02083333333333337,-0.012499999999999956,-0.013999999999999955,-0.013999999999999955,0.010999999999999956
KRW-COMP,2026-05-13,none,False,0.0257142857142858,-0.04028571428571426,-0.03428571428571425,-0.035785714285714254,-0.035785714285714254,0.015642857142857125
KRW-API3,2026-05-13,none,False,0.048214285714285765,-0.019642857142857184,-0.010714285714285676,-0.012214285714285676,-0.012214285714285676,0.010999999999999956
KRW-ZRO,2026-05-13,none,False,0.02550091074681249,-0.04872495446265934,-0.04553734061930781,-0.04703734061930781,-0.04703734061930781,0.012616575591985426
KRW-AWE,2026-05-13,none,False,0.019115890083631903,-0.03823178016726403,-0.03584229390681004,-0.03734229390681004,-0.03734229390681004,0.0020842293906809264
KRW-FLOCK,2026-05-13,sl,False,0.019230769230769162,-0.11538461538461542,-0.09615384615384615,-0.051500000000000004,-0.09765384615384615,0.008115384615384582
KRW-SAND,2026-05-13,none,False,0.042735042735042805,-0.03418803418803418,-0.017094017094017144,-0.018594017094017146,-0.018594017094017146,0.015594017094017034
KRW-NEWT,2026-05-13,sl,False,0.016666666666666607,-0.06666666666666665,-0.05833333333333335,-0.051500000000000004,-0.05983333333333335,0.006833333333333304
KRW-ANKR,2026-05-13,none,False,0.04062909567496731,-0.020969855832241202,-0.017038007863695914,-0.018538007863695916,-0.018538007863695916,0.01946985583224109
KRW-CKB,2026-05-13,none,False,0.0161943319838056,-0.044534412955465674,-0.04048582995951422,-0.04198582995951422,-0.04198582995951422,0.002548582995951344
KRW-HUNT,2026-05-13,none,False,0.01273885350318471,-0.01273885350318471,0.0,-0.0015,-0.0015,0.004869426751592356
KRW-GMT,2026-05-13,sl,False,0.010204081632652962,-0.08163265306122458,-0.04591836734693888,-0.051500000000000004,-0.04741836734693888,-0.016806122448979666
KRW-AXS,2026-05-13,sl,False,0.017076845806127672,-0.06780512305374187,-0.05173279758915117,-0.051500000000000004,-0.05323279758915117,0.013065544952285237
KRW-DEEP,2026-05-13,none,False,0.047101449275362306,-0.0434782608695653,-0.025362318840579823,-0.026862318840579824,-0.026862318840579824,0.04378985507246386
KRW-IOST,2026-05-13,none,False,0.016949152542372836,-0.04519774011299438,-0.02824858757062154,-0.029748587570621543,-0.029748587570621543,0.004149717514124353
KRW-ANIME,2026-05-13,none,False,0.013717421124828544,-0.0384087791495199,-0.03155006858710563,-0.03305006858710563,-0.03305006858710563,0.008102194787380114
KRW-PENGU,2026-05-13,sl,False,0.007042253521126751,-0.07746478873239437,-0.06338028169014076,-0.051500000000000004,-0.06488028169014076,-0.00854225352112675
KRW-MBL,2026-05-13,sl,False,0.0,-0.07142857142857151,-0.051948051948051965,-0.051500000000000004,-0.05344805194805197,-0.033967532467532535
KRW-1INCH,2026-05-13,none,False,0.03401360544217691,-0.027210884353741527,-0.013605442176870763,-0.015105442176870763,-0.015105442176870763,0.018908163265306144
KRW-ALT,2026-05-13,sl,False,0.025423728813559254,-0.06779661016949157,-0.05084745762711873,-0.051500000000000004,-0.05234745762711873,0.0069745762711864185
KRW-INJ,2026-05-13,tp,False,0.2764456981664316,-0.011988716502115637,0.08039492242595214,0.0985,0.0985,0.050686177715091596
KRW-ZETA,2026-05-13,sl,False,0.005422993492407713,-0.08351409978308033,-0.08134490238611713,-0.051500000000000004,-0.08284490238611714,-0.012345986984815647
KRW-DRIFT,2026-05-13,none,False,0.008196721311475308,-0.021857923497267895,-0.015027322404371657,-0.016527322404371658,-0.016527322404371658,-0.015161202185792364
KRW-POKT,2026-05-13,sl,False,0.005376344086021501,-0.06451612903225823,-0.053763440860215006,-0.051500000000000004,-0.05526344086021501,-0.023005376344086115
KRW-SAFE,2026-05-13,none,False,0.026315789473684292,-0.04824561403508776,-0.03508771929824561,-0.03658771929824561,-0.03658771929824561,-0.0015
KRW-WLD,2026-05-13,none,False,0.07575757575757569,-0.04040404040404044,-0.025252525252525304,-0.026752525252525305,-0.026752525252525305,0.036378787878787844
KRW-SUN,2026-05-13,none,False,0.006688963210702337,-0.010033444816053394,-0.0033444816053510573,-0.004844481605351057,-0.004844481605351057,-0.0015
KRW-KITE,2026-05-13,sl,False,0.09698996655518388,-0.0635451505016722,0.02006688963210701,-0.051500000000000004,0.01856688963210701,-0.051500000000000004
KRW-LA,2026-05-13,none,False,0.05213270142180093,-0.042654028436018954,-0.033175355450236976,-0.03467535545023698,-0.03467535545023698,0.03641469194312791
KRW-WAXP,2026-05-13,none,False,0.02941176470588247,-0.02941176470588225,-0.021568627450980316,-0.023068627450980317,-0.023068627450980317,0.008303921568627639
KRW-HBAR,2026-05-13,none,False,0.021582733812949728,-0.021582733812949617,0.0,-0.0015,-0.0015,0.0056942446043165024
KRW-MOVE,2026-05-13,sl,False,0.05190311418685112,-0.05536332179930792,-0.04844290657439443,-0.051500000000000004,-0.04994290657439443,0.02964186851211076
KRW-CELO,2026-05-13,none,False,0.042553191489361764,-0.03546099290780147,-0.021276595744680882,-0.022776595744680883,-0.022776595744680883,0.012684397163120588
KRW-BREV,2026-05-13,sl,False,0.0714285714285714,-0.08673469387755106,-0.0714285714285714,-0.051500000000000004,-0.0729285714285714,0.03931632653061229
KRW-A,2026-05-13,none,False,0.03597122302158273,-0.03597122302158273,-0.02877697841726623,-0.03027697841726623,-0.03027697841726623,0.020082733812949727
KRW-SOPH,2026-05-13,sl,False,0.05797101449275344,-0.05797101449275366,-0.050724637681159535,-0.051500000000000004,-0.052224637681159536,0.0057463768115942355
KRW-AQT,2026-05-13,none,False,0.008515815085158085,-0.021897810218978075,-0.008515815085158196,-0.010015815085158196,-0.010015815085158196,-0.0002834549878344959
KRW-OPEN,2026-05-14,none,False,0.05323193916349811,-0.0038022813688213253,0.03041825095057038,0.02891825095057038,0.02891825095057038,0.02131368821292773
KRW-ARB,2026-05-14,none,False,0.025510204081632626,-0.025510204081632626,-0.005102040816326481,-0.00660204081632648,-0.00660204081632648,-0.021908163265306146
KRW-W,2026-05-14,none,False,0.00917431192660545,-0.04587155963302747,-0.022935779816513735,-0.024435779816513736,-0.024435779816513736,-0.033610091743119186
KRW-BAT,2026-05-14,none,False,0.019354838709677358,-0.012903225806451646,0.006451612903225712,0.004951612903225712,0.004951612903225712,-0.007951612903225823
KRW-STORJ,2026-05-14,none,False,0.03797468354430378,-0.01898734177215189,0.012658227848101333,0.011158227848101334,0.011158227848101334,-0.014158227848101222
KRW-RED,2026-05-14,none,False,0.044117647058823595,-0.019607843137254943,0.02450980392156854,0.02300980392156854,0.02300980392156854,-0.021107843137254945
KRW-DRIFT,2026-05-14,sl,False,0.011095700416088983,-0.05270457697642161,-0.023578363384188505,-0.051500000000000004,-0.025078363384188507,0.0026608876560335073
KRW-STX,2026-05-14,none,False,0.037878787878787845,-0.025252525252525304,0.002525252525252597,0.001025252525252597,0.001025252525252597,-0.02422727272727271
KRW-IOST,2026-05-14,none,False,0.04651162790697683,-0.01744186046511631,0.011627906976744207,0.010127906976744207,0.010127906976744207,-0.013127906976744206
KRW-SONIC,2026-05-14,none,False,0.08051529790660217,-0.0016103059581320522,0.05958132045088549,0.05808132045088549,0.05808132045088549,0.040367954911433135
KRW-SENT,2026-05-14,none,False,0.03389830508474567,-0.016949152542372947,0.016949152542372836,0.015449152542372837,0.015449152542372837,-0.014211864406779738
KRW-TFUEL,2026-05-14,none,False,0.0,-0.028901734104046284,0.0,-0.0015,-0.0015,-0.024621387283237095
KRW-SNT,2026-05-14,none,False,0.013071895424836555,-0.019607843137254943,-0.0065359477124183885,-0.008035947712418388,-0.008035947712418388,-0.014571895424836665
KRW-ENA,2026-05-14,none,False,0.07514450867052025,-0.011560693641618491,0.034682080924855585,0.033182080924855584,0.033182080924855584,-0.007280346820809301
KRW-ICP,2026-05-14,sl,False,0.006879715934309916,-0.08144695960940973,-0.08078118064802486,-0.051500000000000004,-0.08228118064802487,-0.019476031957390172
KRW-PYTH,2026-05-14,tp,False,0.11842105263157898,-0.02763157894736834,-0.014473684210526194,0.0985,0.0985,0.0985
KRW-SAND,2026-05-14,none,False,0.034782608695652195,-0.017391304347826098,0.017391304347825987,0.015891304347825985,0.015891304347825985,-0.0188913043478261
KRW-VIRTUAL,2026-05-14,none,False,0.02420051858254113,-0.03197925669835777,-0.0017286084701815252,-0.0032286084701815252,-0.0032286084701815252,-0.019650388936905794
KRW-WLFI,2026-05-14,none,False,0.040000000000000036,-0.0050000000000000044,0.020000000000000018,0.018500000000000016,0.018500000000000016,0.018500000000000016
KRW-HUNT,2026-05-14,none,False,0.0064102564102563875,-0.019230769230769273,0.0,-0.0015,-0.0015,-0.007910256410256387
KRW-ATH,2026-05-14,none,False,0.04338842975206614,-0.030991735537189924,0.016528925619834656,0.015028925619834656,0.015028925619834656,-0.02216115702479332
KRW-SUN,2026-05-14,none,False,0.010101010101010166,-0.010101010101010166,-0.010101010101010166,-0.011601010101010166,-0.011601010101010166,-0.0015
KRW-MET2,2026-05-14,none,False,0.06578947368421062,-0.013157894736842146,0.03947368421052633,0.037973684210526326,0.037973684210526326,-0.005885964912280715
KRW-SEI,2026-05-14,none,False,0.017119838872104776,-0.02114803625377637,0.0,-0.0015,-0.0015,-0.01660574018126887
KRW-MEW,2026-05-14,none,False,0.027056277056277,-0.02813852813852813,0.0021645021645022577,0.0006645021645022577,0.0006645021645022577,-0.028556277056277113
KRW-FF,2026-05-14,sl,False,0.04761904761904767,-0.11904761904761907,-0.07936507936507942,-0.051500000000000004,-0.08086507936507942,-0.01737301587301593
KRW-ENSO,2026-05-14,none,False,0.022900763358778553,-0.025954198473282397,0.004580152671755711,0.0030801526717557106,0.0030801526717557106,-0.022874045801526688
KRW-APT,2026-05-14,none,False,0.022508038585209,-0.025080385852090048,0.0,-0.0015,-0.0015,-0.024651125401929208
KRW-ME,2026-05-14,none,False,0.030303030303030276,-0.024242424242424288,0.0060606060606061,0.0045606060606061,0.0045606060606061,-0.01968181818181819
KRW-MIRA,2026-05-14,none,False,0.016260162601626105,-0.024390243902439046,0.0,-0.0015,-0.0015,-0.017760162601625995
KRW-PLUME,2026-05-15,sl,False,0.03608247422680422,-0.08762886597938147,-0.07731958762886604,-0.051500000000000004,-0.07881958762886604,0.013963917525773141
KRW-CBK,2026-05-15,none,False,0.01041666666666674,-0.03385416666666663,-0.02864583333333337,-0.03014583333333337,-0.03014583333333337,-0.0093125
KRW-SIGN,2026-05-15,sl,False,0.0,-0.07594936708860767,-0.06329113924050633,-0.051500000000000004,-0.06479113924050633,-0.014158227848101333
KRW-AERGO,2026-05-15,none,False,0.0073800738007381295,-0.040590405904059046,-0.007380073800737907,-0.008880073800737907,-0.008880073800737907,0.00588007380073813
KRW-PUNDIX,2026-05-15,none,False,0.017621145374449254,-0.04405286343612336,-0.03083700440528636,-0.03233700440528636,-0.03233700440528636,0.0073105726872247385
KRW-LSK,2026-05-15,none,False,0.015873015873015817,-0.04761904761904767,-0.021164021164021163,-0.022664021164021164,-0.022664021164021164,0.003791005291005346
KRW-TT,2026-05-15,sl,False,0.0,-0.052238805970149294,-0.03731343283582089,-0.051500000000000004,-0.038813432835820894,-0.016425373134328403
KRW-SOMI,2026-05-15,sl,False,0.015209125475285079,-0.0684410646387833,-0.041825095057034245,-0.051500000000000004,-0.043325095057034246,-0.00910456273764254
KRW-MOVE,2026-05-15,sl,False,0.007246376811594235,-0.0652173913043479,-0.050724637681159535,-0.051500000000000004,-0.052224637681159536,-0.008746376811594346
KRW-ARB,2026-05-15,sl,False,0.00512820512820511,-0.06666666666666665,-0.0461538461538461,-0.051500000000000004,-0.0476538461538461,-0.01175641025641022
KRW-LPT,2026-05-15,none,False,0.011311525527361699,-0.04922042188933051,-0.03668602873738913,-0.03818602873738913,-0.03818602873738913,-0.012811525527361698
KRW-ATH,2026-05-15,sl,False,0.016260162601626105,-0.07723577235772361,-0.07215447154471533,-0.051500000000000004,-0.07365447154471533,-0.0004837398373984101
KRW-GAME2,2026-05-15,none,False,0.004854368932038833,-0.029126213592232997,-0.01941747572815533,-0.020917475728155333,-0.020917475728155333,-0.006354368932038943
KRW-CHZ,2026-05-15,none,False,0.04885496183206106,-0.03053435114503822,0.03664122137404591,0.035141221374045906,0.035141221374045906,0.015293893129770865
KRW-PUMP,2026-05-15,sl,False,0.014336917562723928,-0.053763440860215006,-0.03942652329749097,-0.051500000000000004,-0.04092652329749097,0.005668458781362075
KRW-NEAR,2026-05-15,none,False,0.014623655913978517,-0.03354838709677421,-0.009892473118279566,-0.011392473118279565,-0.011392473118279565,0.0006505376344086446
KRW-ZETA,2026-05-15,sl,False,0.008423586040914532,-0.06257521058965088,-0.05294825511432,-0.051500000000000004,-0.05444825511432,-0.006313477737665383
KRW-ADA,2026-05-16,none,False,0.002564102564102555,-0.03589743589743588,-0.02564102564102566,-0.027141025641025662,-0.027141025641025662,-0.00662820512820511
KRW-ORCA,2026-05-16,tp,False,0.14726184997699043,-0.012425218591808562,0.024850437183617125,0.0985,0.0985,0.07305131155085137
KRW-JST,2026-05-16,none,False,0.014814814814814836,0.0,0.007407407407407307,0.0059074074074073075,0.0059074074074073075,-0.0015
KRW-WLFI,2026-05-16,sl,False,0.0020408163265306367,-0.08571428571428574,-0.06734693877551012,-0.051500000000000004,-0.06884693877551012,-0.02496938775510199
KRW-STRAX,2026-05-16,none,False,0.02590673575129543,-0.020725388601036343,-0.005181347150259086,-0.006681347150259085,-0.006681347150259085,-0.0015
KRW-AQT,2026-05-16,none,False,0.03638644918444167,-0.012547051442910906,0.0025094102885820924,0.0010094102885820923,0.0010094102885820923,-0.00024529485570895385
KRW-COMP,2026-05-16,none,False,0.005780346820809301,-0.038332826285366606,-0.017036811682385133,-0.018536811682385135,-0.018536811682385135,-0.010018405841192566
KRW-ANIME,2026-05-16,none,False,0.010279001468428861,-0.04552129221732737,-0.0205580029368575,-0.0220580029368575,-0.0220580029368575,0.001436857562408246
KRW-MIRA,2026-05-16,none,False,0.01724137931034475,-0.03448275862068961,0.008620689655172376,0.007120689655172376,0.007120689655172376,0.007120689655172376
KRW-APT,2026-05-16,none,False,0.0033944331296673624,-0.04752206381534285,-0.041412084181941644,-0.042912084181941645,-0.042912084181941645,-0.004894433129667362
KRW-OPEN,2026-05-16,sl,False,0.014981273408239737,-0.11610486891385763,-0.10861423220973787,-0.051500000000000004,-0.11011423220973787,-0.0015
KRW-GAS,2026-05-16,none,False,0.008764607679465852,-0.028797996661101832,-0.015442404006677846,-0.016942404006677847,-0.016942404006677847,0.001421535893155358
KRW-PUMP,2026-05-16,none,False,0.0074906367041198685,-0.041198501872659166,-0.029962546816479474,-0.031462546816479475,-0.031462546816479475,-0.008990636704119868
KRW-TRUST,2026-05-16,none,False,0.01980198019801982,-0.046534653465346576,-0.022772277227722793,-0.024272277227722794,-0.024272277227722794,0.00840099009900991
KRW-CARV,2026-05-16,sl,False,0.005780346820809301,-0.062427745664739964,-0.04393063583815027,-0.051500000000000004,-0.04543063583815027,-0.006124277456647507
KRW-BAT,2026-05-16,none,False,0.006666666666666599,-0.040000000000000036,-0.026666666666666616,-0.028166666666666618,-0.028166666666666618,-0.00816666666666671
KRW-SEI,2026-05-16,none,False,0.0031678986272438703,-0.040126715945089764,-0.012671594508975703,-0.014171594508975703,-0.014171594508975703,-0.0036119324181626542
KRW-CPOOL,2026-05-16,sl,False,0.04980079681274896,-0.09760956175298818,-0.03585657370517936,-0.051500000000000004,-0.03735657370517936,-0.051500000000000004
KRW-MON,2026-05-16,none,False,0.009501187648456089,-0.03562945368171022,-0.014251781472684133,-0.015751781472684134,-0.015751781472684134,0.0032505938242278223
KRW-ZIL,2026-05-16,none,False,0.006666666666666599,-0.03833333333333344,-0.011666666666666714,-0.013166666666666714,-0.013166666666666714,-0.003166666666666594
KRW-WCT,2026-05-16,none,False,0.017316017316017174,-0.046536796536796654,-0.011904761904761973,-0.013404761904761973,-0.013404761904761973,0.009322510822510845
KRW-FCT2,2026-05-16,none,False,0.05524861878453047,-0.016574585635359185,0.011049723756906049,0.00954972375690605,0.00954972375690605,-0.0015
KRW-OP,2026-05-16,none,False,0.014778325123152802,-0.039408866995073843,-0.019704433497536922,-0.021204433497536923,-0.021204433497536923,-0.00642610837438423
KRW-ZKC,2026-05-16,none,False,0.028301886792452935,-0.037735849056603765,-0.018867924528301883,-0.020367924528301884,-0.020367924528301884,0.007933962264151053
KRW-SUI,2026-05-16,sl,False,0.0073260073260073,-0.05555555555555558,-0.03235653235653235,-0.051500000000000004,-0.033856532356532354,-0.008215506715506691
KRW-PYTH,2026-05-16,sl,False,0.0014409221902016434,-0.05475504322766589,-0.03602305475504319,-0.051500000000000004,-0.037523054755043195,-0.00870461095100866
KRW-PROVE,2026-05-16,none,False,0.0026954177897573484,-0.04582210242587603,-0.03234501347708896,-0.03384501347708896,-0.03384501347708896,-0.012281671159029615
KRW-KITE,2026-05-17,none,False,0.028213166144200663,-0.025078369905956133,0.006269592476489061,0.004769592476489061,0.004769592476489061,0.0016347962382444194
KRW-AXL,2026-05-17,sl,False,0.014412416851441234,-0.06208425720620847,-0.04212860310421285,-0.051500000000000004,-0.04362860310421285,0.0018259423503324559
KRW-API3,2026-05-17,none,False,0.02729044834308003,-0.04873294346978563,-0.031189083820662766,-0.03268908382066277,-0.03268908382066277,-0.013195906432748537
KRW-CHZ,2026-05-17,sl,False,0.04073033707865159,-0.051966292134831504,-0.026685393258427004,-0.051500000000000004,-0.028185393258427005,-0.018353932584269705
KRW-AHT,2026-05-17,none,False,0.02212389380530988,-0.004424778761061843,0.004424778761062065,0.0029247787610620648,0.0029247787610620648,-0.0015
KRW-MANA,2026-05-17,sl,False,0.00746268656716409,-0.05970149253731338,-0.02985074626865669,-0.051500000000000004,-0.03135074626865669,-0.0015
KRW-MED,2026-05-17,none,False,0.04402515723270439,-0.009433962264151052,0.00943396226415083,0.00793396226415083,0.00793396226415083,0.004789308176100628
KRW-ID,2026-05-17,sl,False,0.013363028953229383,-0.062360801781737085,-0.03563474387527843,-0.051500000000000004,-0.03713474387527843,0.0029543429844099424
KRW-PENGU,2026-05-17,sl,False,0.015748031496063186,-0.055118110236220375,-0.015748031496062964,-0.051500000000000004,-0.017248031496062965,-0.017248031496062965
KRW-NEWT,2026-05-17,none,False,0.036363636363636376,-0.045454545454545414,-0.018181818181818188,-0.01968181818181819,-0.01968181818181819,-0.0015
KRW-IQ,2026-05-17,none,False,0.01863354037267073,-0.006211180124223614,0.0,-0.0015,-0.0015,0.004711180124223504
KRW-ANKR,2026-05-17,none,False,0.012729844413012614,-0.03536067892503536,-0.021216407355021283,-0.022716407355021284,-0.022716407355021284,-0.0029144271570014633
KRW-IOTA,2026-05-17,none,False,0.005931198102016699,-0.04626334519572939,-0.021352313167259718,-0.02285231316725972,-0.02285231316725972,-0.0038724792408066353
KRW-ATOM,2026-05-17,none,False,0.04432042022324367,-0.02166776099803025,-0.004267892317793787,-0.005767892317793786,-0.005767892317793786,0.009333880499015125
KRW-FIL,2026-05-17,sl,False,0.007575757575757569,-0.06198347107438018,-0.032369146005509664,-0.051500000000000004,-0.033869146005509665,-0.0028774104683195177
KRW-ORCA,2026-05-17,none,False,0.07059352517985618,-0.025179856115107868,-0.011690647482014427,-0.013190647482014426,-0.013190647482014426,0.02727697841726623
KRW-AWE,2026-05-17,none,False,0.0,-0.048484848484848464,-0.041212121212121255,-0.04271212121212126,-0.04271212121212126,-0.013621212121212088
KRW-MASK,2026-05-17,sl,False,0.008620689655172376,-0.05890804597701149,-0.03448275862068961,-0.051500000000000004,-0.035982758620689614,0.004247126436781658
KRW-IOST,2026-05-17,none,False,0.006172839506172645,-0.04938271604938271,-0.030864197530864224,-0.032364197530864225,-0.032364197530864225,-0.0015
KRW-PYTH,2026-05-17,sl,False,0.01644245142002987,-0.050822122571001604,-0.026905829596412745,-0.051500000000000004,-0.028405829596412746,-0.002994768310911887
KRW-ENA,2026-05-17,sl,False,0.018750000000000044,-0.0625,-0.025000000000000022,-0.051500000000000004,-0.026500000000000024,-0.007749999999999977
KRW-BREV,2026-05-17,none,False,0.059523809523809534,-0.0357142857142857,-0.011904761904761862,-0.013404761904761862,-0.013404761904761862,0.03421428571428581
KRW-ONT,2026-05-17,none,False,0.011587485515643037,-0.042873696407879525,-0.02665121668597914,-0.02815121668597914,-0.02815121668597914,-0.0026587485515642815
KRW-PUNDIX,2026-05-17,none,False,0.004672897196261738,-0.04205607476635509,-0.02336448598130836,-0.02486448598130836,-0.02486448598130836,-0.006172897196261627
KRW-TIA,2026-05-17,sl,False,0.01520270270270263,-0.07263513513513509,-0.042229729729729715,-0.051500000000000004,-0.043729729729729716,0.006945945945946054
KRW-TRX,2026-05-17,none,False,0.005660377358490676,-0.005660377358490565,0.0018867924528302993,0.00038679245283029925,0.00038679245283029925,-0.0033867924528301883
KRW-HIVE,2026-05-17,none,False,0.02666666666666684,-0.04888888888888898,-0.036666666666666625,-0.03816666666666663,-0.03816666666666663,-0.011500000000000008
KRW-EGLD,2026-05-17,sl,False,0.005004170141784892,-0.056713928273561254,-0.039199332777314466,-0.051500000000000004,-0.04069933277731447,-0.004002085070892445
KRW-MET2,2026-05-17,none,False,0.018181818181818077,-0.045454545454545414,-0.03181818181818186,-0.03331818181818186,-0.03331818181818186,0.007590909090909039
KRW-SAHARA,2026-05-17,none,False,0.0362976406533575,-0.03266787658802184,-0.00907441016333943,-0.01057441016333943,-0.01057441016333943,-0.008759528130671433
KRW-LPT,2026-05-17,none,False,0.012886597938144284,-0.039626288659793785,-0.017074742268041287,-0.01857474226804129,-0.01857474226804129,0.004621134020618646
KRW-VET,2026-05-17,none,False,0.009803921568627638,-0.03823529411764692,-0.021568627450980316,-0.023068627450980317,-0.023068627450980317,-0.0015
KRW-META,2026-05-17,tp,False,0.17218543046357615,-0.013245033112582738,0.08609271523178808,0.0985,0.0985,0.0985
KRW-NEAR,2026-05-17,none,False,0.039803220035778075,-0.018336314847942736,0.0067084078711985295,0.00520840787119853,0.00520840787119853,0.002525044722719251
KRW-MIRA,2026-05-17,none,False,0.04237288135593231,-0.025423728813559365,-0.008474576271186418,-0.009974576271186418,-0.009974576271186418,0.015449152542372837
KRW-OP,2026-05-17,sl,False,0.010101010101010166,-0.06565656565656564,-0.030303030303030276,-0.051500000000000004,-0.03180303030303028,-0.0015
KRW-IMX,2026-05-17,sl,False,0.007518796992481258,-0.06015037593984962,-0.03007518796992481,-0.051500000000000004,-0.03157518796992481,0.002259398496240518
KRW-BIRB,2026-05-17,none,False,0.020725388601036343,-0.03626943005181349,-0.010362694300518172,-0.011862694300518171,-0.011862694300518171,0.0036813471502590857
KRW-ELF,2026-05-17,sl,False,0.016393442622950838,-0.05737704918032782,-0.049180327868852514,-0.051500000000000004,-0.050680327868852515,-0.009696721311475419
KRW-GRT,2026-05-17,sl,False,0.007894736842105177,-0.0552631578947369,-0.02894736842105272,-0.051500000000000004,-0.030447368421052723,-0.0015
KRW-ESP,2026-05-17,sl,False,0.0,-0.09708737864077666,-0.06893203883495136,-0.051500000000000004,-0.07043203883495136,-0.0015
KRW-VTHO,2026-05-17,none,False,0.005006257822277815,-0.042553191489361764,-0.027534418022528206,-0.029034418022528208,-0.029034418022528208,-0.004003128911138907
KRW-SUI,2026-05-17,none,False,0.025867507886435437,-0.046056782334384816,-0.01766561514195586,-0.01916561514195586,-0.01916561514195586,-0.004023659305993741
KRW-FCT2,2026-05-17,none,False,0.04918032786885229,-0.016393442622950838,0.0,-0.0015,-0.0015,0.009428961748633892
KRW-BTT,2026-05-17,none,False,0.014644351464435212,-0.004184100418409997,0.0020920502092049986,0.0005920502092049986,0.0005920502092049986,0.002684100418409997
KRW-CRO,2026-05-17,none,False,0.02857142857142847,-0.01904761904761909,-0.01904761904761909,-0.020547619047619092,-0.020547619047619092,0.00802380952380949
KRW-CPOOL,2026-05-17,none,False,0.03105590062111796,-0.04140786749482406,-0.03312629399585909,-0.03462629399585909,-0.03462629399585909,-0.036696687370600334
KRW-JUP,2026-05-17,sl,False,0.010067114093959662,-0.05033557046979864,-0.02684563758389258,-0.051500000000000004,-0.02834563758389258,-0.0048557046979866274
KRW-USD1,2026-05-17,none,False,0.002009377093101117,-0.0053583389149364224,-0.0006697923643670389,-0.002169792364367039,-0.002169792364367039,-0.0015
KRW-ZRO,2026-05-17,none,False,0.01772679874869665,-0.030239833159541152,-0.006256517205422307,-0.007756517205422307,-0.007756517205422307,0.0011068821689260168
KRW-XRP,2026-05-17,none,False,0.0085267645665561,-0.02415916627190906,-0.009474182851729074,-0.010974182851729073,-0.010974182851729073,-0.003394836570345837
KRW-ZRX,2026-05-17,none,False,0.006172839506172867,-0.04938271604938271,-0.030864197530864224,-0.032364197530864225,-0.032364197530864225,-0.0015
KRW-POKT,2026-05-17,none,False,0.08875739644970415,-0.005917159763313529,0.029585798816567976,0.028085798816567975,0.028085798816567975,0.00441715976331364
KRW-TRUST,2026-05-17,none,False,0.026422764227642226,-0.03455284552845539,-0.014227642276422814,-0.015727642276422815,-0.015727642276422815,0.007646341463414532
KRW-LAYER,2026-05-17,sl,False,0.03571428571428581,-0.06428571428571428,-0.0357142857142857,-0.051500000000000004,-0.0372142857142857,0.005642857142857118
KRW-STEEM,2026-05-17,none,False,0.06651108518086346,-0.040840140023337246,-0.028004667444574194,-0.029504667444574195,-0.029504667444574195,-0.01666919486581092
KRW-ARK,2026-05-17,none,False,0.012048192771084265,-0.04016064257028118,-0.02409638554216864,-0.025596385542168643,-0.025596385542168643,-0.005516064257028162
KRW-AZTEC,2026-05-17,none,False,0.05483870967741944,-0.03548387096774197,-0.01935483870967747,-0.02085483870967747,-0.02085483870967747,0.001725806451612856
KRW-MOCA,2026-05-17,sl,False,0.010204081632652962,-0.05102040816326525,-0.025510204081632626,-0.051500000000000004,-0.027010204081632627,0.0036020408163264807
KRW-0G,2026-05-17,sl,False,0.0,-0.062251655629139035,-0.0437086092715232,-0.051500000000000004,-0.045208609271523204,-0.009447019867549642
KRW-SOMI,2026-05-17,tp,True,0.10441767068273089,-0.07228915662650603,-0.052208835341365445,0.0985,0.0985,0.0985
KRW-POLYX,2026-05-17,sl,False,0.024881516587677677,-0.08175355450236976,-0.06042654028436034,-0.051500000000000004,-0.06192654028436034,-0.051500000000000004
KRW-WAXP,2026-05-18,none,False,0.007391763463568957,-0.015839493136219684,0.004223864836325086,0.0027238648363250863,0.0027238648363250863,0.0016678986272438702
KRW-SOPH,2026-05-18,sl,False,0.0,-0.05932203389830515,-0.025423728813559365,-0.051500000000000004,-0.026923728813559367,-0.009974576271186529
KRW-BTT,2026-05-18,none,False,0.016701461377870652,-0.01043841336116913,0.0020876826722338038,0.0005876826722338037,0.0005876826722338037,-0.005675365344467607
KRW-DRIFT,2026-05-18,sl,False,0.019943019943019724,-0.09829059829059839,-0.07407407407407407,-0.051500000000000004,-0.07557407407407407,-0.051500000000000004
KRW-OPEN,2026-05-18,tp,False,0.22262773722627727,-0.014598540145985384,0.15328467153284664,0.0985,0.0985,0.013098540145985384
KRW-ENS,2026-05-18,none,False,0.014547413793103425,-0.026939655172413812,0.006465517241379226,0.0049655172413792265,0.0049655172413792265,-0.006887931034482762
KRW-XTZ,2026-05-18,none,False,0.015748031496062964,-0.015748031496062964,0.003937007874015741,0.002437007874015741,0.002437007874015741,-0.011342519685039352
KRW-SAFE,2026-05-18,tp,False,0.13131313131313127,-0.02020202020202022,0.04040404040404044,0.0985,0.0985,0.0985
KRW-ANKR,2026-05-18,none,False,0.0,-0.036127167630057855,-0.013005780346820761,-0.01450578034682076,-0.01450578034682076,-0.011615606936416221
KRW-ZETA,2026-05-18,none,False,0.018817204301075252,-0.013440860215053752,0.01612903225806428,0.01462903225806428,0.01462903225806428,-0.002844086021505486
KRW-TAO,2026-05-18,none,False,0.005094243504839557,-0.034895568008150746,-0.009679062659195159,-0.011179062659195159,-0.011179062659195159,-0.013726184411614826
KRW-RAY,2026-05-18,none,False,0.014423076923076872,-0.018269230769230815,0.011538461538461497,0.010038461538461498,0.010038461538461498,-0.007269230769230748
KRW-ETC,2026-05-18,none,False,0.01133786848072571,-0.027966742252456545,0.0022675736961450532,0.0007675736961450532,0.0007675736961450532,-0.006791005291005346
KRW-OP,2026-05-18,none,False,0.005208333333333259,-0.04166666666666663,0.005208333333333259,0.0037083333333332593,0.0037083333333332593,-0.01191666666666663
KRW-KNC,2026-05-18,none,False,0.05769230769230771,-0.009615384615384581,0.04326923076923084,0.041769230769230836,0.041769230769230836,0.012923076923076872
KRW-CKB,2026-05-18,none,False,0.01869158878504673,-0.014018691588785215,0.014018691588784993,0.012518691588784993,0.012518691588784993,-0.006172897196261738
KRW-ALGO,2026-05-18,none,False,0.018750000000000044,-0.025000000000000022,0.006250000000000089,0.004750000000000089,0.004750000000000089,-0.0015
KRW-MTL,2026-05-18,none,False,0.0,-0.018223234624145768,-0.006833712984054663,-0.008333712984054662,-0.008333712984054662,-0.0060558086560364415
KRW-BIRB,2026-05-18,none,False,0.05789473684210522,-0.010526315789473717,0.05263157894736836,0.05113157894736836,0.05113157894736836,0.0037631578947368584
KRW-PYTH,2026-05-18,none,False,0.015337423312883347,-0.03834355828220859,0.012269938650306678,0.010769938650306678,0.010769938650306678,-0.0076349693251534494
KRW-PLUME,2026-05-18,none,False,0.05389221556886237,-0.029940119760479056,0.03592814371257491,0.03442814371257491,0.03442814371257491,-0.0015
KRW-RENDER,2026-05-18,none,False,0.014584891548242274,-0.036275243081525854,0.00972326103216159,0.00822326103216159,0.00822326103216159,-0.016084891548242386
KRW-USDE,2026-05-18,none,False,0.0,-0.008032128514056214,-0.0060240963855421326,-0.007524096385542132,-0.007524096385542132,-0.006854752342704105
KRW-LINEA,2026-05-18,none,False,0.00990099009900991,-0.017821782178217838,0.005940594059405946,0.004440594059405946,0.004440594059405946,-0.0015
KRW-ARDR,2026-05-19,none,False,0.006756756756756799,-0.016891891891891886,-0.008445945945945943,-0.009945945945945943,-0.009945945945945943,-0.009945945945945943
KRW-BIGTIME,2026-05-19,none,False,0.005434782608695787,-0.04347826086956508,-0.032608695652173836,-0.03410869565217384,-0.03410869565217384,-0.017804347826086808
KRW-ASTR,2026-05-19,none,False,0.008403361344537785,-0.04201680672268904,-0.03361344537815125,-0.03511344537815125,-0.03511344537815125,-0.0015
KRW-HOLO,2026-05-19,none,False,0.02586206896551735,-0.017241379310344862,0.008620689655172376,0.007120689655172376,0.007120689655172376,0.007120689655172376
KRW-CRO,2026-05-19,none,False,0.009615384615384581,-0.028846153846153855,-0.019230769230769273,-0.020730769230769275,-0.020730769230769275,-0.0015
KRW-BTC,2026-05-19,none,False,0.006235242675994845,-0.006060341058154783,0.0010756449497157927,-0.0004243550502842073,-0.0004243550502842073,-0.0027855268911237117
KRW-MINA,2026-05-19,none,False,0.008187134502924076,-0.01637426900584804,-0.01403508771929829,-0.015535087719298289,-0.015535087719298289,-0.007347953216374324
KRW-SAFE,2026-05-19,none,False,0.02898550724637672,-0.03864734299516903,-0.03864734299516903,-0.04014734299516903,-0.04014734299516903,0.0033309178743961567
KRW-WCT,2026-05-19,none,False,0.024096385542168752,-0.025191675794085433,-0.017524644030668113,-0.019024644030668114,-0.019024644030668114,0.014929353778751433
KRW-DOT,2026-05-19,none,False,0.003759398496240518,-0.022556390977443663,-0.02148227712137485,-0.02298227712137485,-0.02298227712137485,0.00011117078410311084
KRW-ZIL,2026-05-19,none,False,0.011965811965811923,-0.013675213675213738,-0.011965811965811812,-0.013465811965811812,-0.013465811965811812,-0.0015
KRW-EGLD,2026-05-19,none,False,0.00426621160409546,-0.020477815699658675,-0.017918088737201354,-0.019418088737201356,-0.019418088737201356,-0.00405972696245732
KRW-SUN,2026-05-19,none,False,0.013605442176870763,-0.006802721088435382,-0.00340136054421758,-0.004901360544217579,-0.004901360544217579,0.008704081632653184
KRW-AKT,2026-05-19,sl,False,0.04269854824935959,-0.05038428693424424,-0.04611443210930832,-0.051500000000000004,-0.047614432109308324,0.023265157984628415
KRW-ETHFI,2026-05-19,none,False,0.008928571428571397,-0.017857142857142905,-0.012499999999999956,-0.013999999999999955,-0.013999999999999955,-0.006857142857142838
KRW-STORJ,2026-05-19,tp,False,0.15662650602409633,-0.0060240963855421326,0.04216867469879526,0.0985,0.0985,0.05874096385542177
KRW-SNT,2026-05-19,none,False,0.006756756756756799,-0.04054054054054068,-0.020270270270270285,-0.021770270270270287,-0.021770270270270287,-0.008256756756756798
KRW-LINK,2026-05-19,none,False,0.02592852137351076,-0.014716187806587233,-0.01331464611072175,-0.01481464611072175,-0.01481464611072175,0.009011562718990897
KRW-XPL,2026-05-19,none,False,0.008000000000000007,-0.040000000000000036,-0.02400000000000002,-0.025500000000000023,-0.025500000000000023,-0.0015
KRW-SONIC,2026-05-19,sl,False,0.003454231433505983,-0.05354058721934374,-0.0345423143350605,-0.051500000000000004,-0.0360423143350605,-0.025679620034542328
KRW-EDGE,2026-05-19,none,False,0.02758620689655178,-0.02758620689655178,-0.006896551724137945,-0.008396551724137944,-0.008396551724137944,0.019189655172413833
KRW-MANTRA,2026-05-19,sl,False,0.007194244604316502,-0.05035971223021585,-0.03597122302158273,-0.051500000000000004,-0.037471223021582734,-0.015888489208633116
KRW-XAUT,2026-05-19,none,False,0.0019142983360329602,-0.01781769989692239,-0.013252834634074562,-0.014752834634074561,-0.014752834634074561,-0.005181342953909538
KRW-ELF,2026-05-19,none,False,0.008849557522123908,-0.017699115044247815,-0.008849557522123908,-0.010349557522123907,-0.010349557522123907,-0.010349557522123907
KRW-PYTH,2026-05-19,sl,False,0.007575757575757569,-0.13484848484848477,-0.12121212121212122,-0.051500000000000004,-0.12271212121212122,-0.006045454545454519
KRW-BORA,2026-05-19,none,False,0.005649717514124131,-0.04143126177024492,-0.03578154425612046,-0.03728154425612046,-0.03728154425612046,-0.0015
KRW-BARD,2026-05-19,none,False,0.0235294117647058,-0.026470588235294135,-0.0117647058823529,-0.013264705882352899,-0.013264705882352899,-0.0015
KRW-AGLD,2026-05-20,none,False,0.06069364161849711,-0.011560693641618491,0.046242774566473965,0.044742774566473964,0.044742774566473964,-0.007280346820809301
KRW-WAVES,2026-05-20,none,False,0.028469750889679624,-0.01245551601423489,0.01067615658362997,0.00917615658362997,0.00917615658362997,-0.003279359430605032
KRW-KAITO,2026-05-20,none,False,0.08748114630467563,-0.003016591251885359,0.0678733031674208,0.0663733031674208,0.0663733031674208,0.01961613876319751
KRW-BLAST,2026-05-20,none,False,0.01644245142002987,-0.0433482810164425,-0.002989536621823663,-0.004489536621823663,-0.004489536621823663,-0.026911061285500748
KRW-XAUT,2026-05-20,none,False,0.007018067791548344,-0.008511273704643885,0.00597282365238172,0.004472823652381721,0.004472823652381721,-0.008966029565477039
KRW-NEO,2026-05-20,none,False,0.029460679496317477,-0.007602755999049693,0.01282965074839626,0.01132965074839626,0.01132965074839626,-0.0012624138750296208
KRW-MOVE,2026-05-20,none,False,0.02083333333333326,-0.016666666666666607,0.012499999999999956,0.010999999999999956,0.010999999999999956,-0.009833333333333303
KRW-LA,2026-05-20,none,False,0.05521472392638027,0.0,0.012269938650306678,0.010769938650306678,0.010769938650306678,0.029174846625766915
KRW-BERA,2026-05-20,none,False,0.060390763765541644,-0.010657193605683846,0.015985790408525657,0.014485790408525658,0.014485790408525658,0.009157193605683846
KRW-JUP,2026-05-20,none,False,0.09965635738831624,-0.0068728522336769515,0.08247422680412364,0.08097422680412364,0.08097422680412364,-0.004936426116838475
KRW-MOODENG,2026-05-20,none,False,0.03633916554508754,-0.009421265141319024,0.02960969044414541,0.028109690444145408,0.028109690444145408,-0.002845895020188337
KRW-DOT,2026-05-20,none,False,0.023038946791003934,-0.003291278113000562,0.01645639056500281,0.01495639056500281,0.01495639056500281,0.0012427317608337276
KRW-ZBT,2026-05-20,none,False,0.012605042016806678,-0.02941176470588236,-0.021008403361344574,-0.022508403361344576,-0.022508403361344576,-0.022508403361344576
KRW-XPL,2026-05-20,none,False,0.06557377049180335,-0.008196721311475419,0.06557377049180335,0.06407377049180335,0.06407377049180335,-0.0015
KRW-IOTA,2026-05-20,none,False,0.00962695547533099,-0.008423586040914421,-0.0036101083032490378,-0.005110108303249037,-0.005110108303249037,-0.006313477737665383
KRW-META,2026-05-20,none,False,0.00694444444444442,-0.02083333333333337,-0.02083333333333337,-0.02233333333333337,-0.02233333333333337,-0.00844444444444442
KRW-CELO,2026-05-20,none,False,0.025210084033613356,-0.008403361344537785,0.008403361344537785,0.006903361344537786,0.006903361344537786,-0.0015
KRW-ATH,2026-05-20,none,False,0.05767012687427919,-0.012687427912341342,0.035755478662053086,0.034255478662053085,0.034255478662053085,-0.006113610149942215
KRW-WAXP,2026-05-20,none,False,0.012931034482758674,-0.010775862068965525,0.0,-0.0015,-0.0015,-0.005810344827586076
KRW-DEEP,2026-05-20,none,False,0.0625,-0.033333333333333326,0.05208333333333326,0.05058333333333326,0.05058333333333326,-0.01816666666666661
KRW-MOCA,2026-05-20,none,False,0.005347593582887722,-0.021390374331550777,0.005347593582887722,0.003847593582887722,0.003847593582887722,-0.012195187165775332
KRW-MMT,2026-05-20,none,False,0.05434782608695654,-0.010869565217391353,0.032608695652173836,0.031108695652173834,0.031108695652173834,0.003934782608695566
KRW-ME,2026-05-20,none,False,0.021739130434782705,-0.007246376811594235,0.01449275362318847,0.01299275362318847,0.01299275362318847,0.0057463768115942355
KRW-MTL,2026-05-20,none,False,0.00932400932400923,-0.006993006993006978,0.002331002331002363,0.0008310023310023631,0.0008310023310023631,0.003162004662004726
KRW-USD1,2026-05-20,none,False,0.0,-0.007367716008037539,-0.0046885465505692725,-0.006188546550569272,-0.006188546550569272,-0.003509377093101117
KRW-IN,2026-05-20,tp,False,0.12037037037037024,0.0,0.03009259259259256,0.0985,0.0985,0.0985
KRW-THETA,2026-05-20,none,False,0.023728813559322104,-0.01016949152542368,0.013559322033898313,0.012059322033898314,0.012059322033898314,-0.008279661016949156
KRW-SEI,2026-05-21,none,False,0.05402425578831305,0.0,0.03858875413450935,0.03708875413450935,0.03708875413450935,0.021653252480705654
KRW-ZRO,2026-05-21,none,False,0.025793650793650702,-0.0009920634920634885,0.009424603174603252,0.007924603174603253,0.007924603174603253,0.011892857142857207
KRW-ENSO,2026-05-21,none,False,0.056431535269709565,-0.0024896265560165887,0.029045643153526868,0.027545643153526866,0.027545643153526866,0.009288381742738551
KRW-KERNEL,2026-05-21,none,False,0.029126213592232997,-0.01941747572815533,0.0,-0.0015,-0.0015,-0.011208737864077665
KRW-MTL,2026-05-21,none,False,0.03248259860788871,0.0,0.023201856148491906,0.021701856148491905,0.021701856148491905,0.0031403712296982924
KRW-MEW,2026-05-21,none,False,0.024096385542168752,-0.014457831325301207,0.02048192771084345,0.01898192771084345,0.01898192771084345,0.004524096385542244
KRW-ATOM,2026-05-21,none,False,0.046700507614213294,-0.001353637901861271,0.029780033840947517,0.028280033840947516,0.028280033840947516,0.03403299492385786
KRW-ETH,2026-05-21,none,False,0.012357414448669113,-0.006970849176172411,0.0025348542458809575,0.0010348542458809575,0.0010348542458809575,0.008322560202788378
KRW-FIL,2026-05-21,none,False,0.053546592489568834,-0.0006954102920723182,0.038247566063977834,0.03674756606397783,0.03674756606397783,0.018666898470097337
KRW-WLD,2026-05-21,tp,False,0.1222826086956521,-0.0027173913043477826,0.0842391304347827,0.0985,0.0985,0.028391304347826163
KRW-BCH,2026-05-21,none,False,0.02797833935018046,-0.0018050541516245744,0.01895306859205781,0.017453068592057808,0.017453068592057808,0.018355595667870095
KRW-DEEP,2026-05-21,none,False,0.06138613861386144,-0.013861386138613874,0.03366336633663369,0.03216336633663369,0.03216336633663369,0.046024752475247566
KRW-ORDER,2026-05-21,tp,False,0.1008939974457217,-0.0012771392081736277,0.04980842911877392,0.0985,0.0985,0.016379948914431675
KRW-STX,2026-05-21,none,False,0.04444444444444451,-0.008333333333333304,0.036111111111111205,0.034611111111111204,0.034611111111111204,0.006833333333333304
KRW-ZK,2026-05-21,none,False,0.02631578947368407,-0.013157894736842146,0.01754385964912264,0.016043859649122638,0.016043859649122638,0.011657894736842036
KRW-CFG,2026-05-21,none,False,0.030905077262693093,-0.04194260485651213,0.017660044150110465,0.016160044150110464,0.016160044150110464,-0.005915011037527616
KRW-SNT,2026-05-21,none,False,0.02083333333333326,-0.01388888888888895,0.00694444444444442,0.00544444444444442,0.00544444444444442,-0.0015
KRW-APT,2026-05-21,none,False,0.03330970942593914,-0.002126151665485465,0.024096385542168752,0.02259638554216875,0.02259638554216875,0.016217930545712245
KRW-DOGE,2026-05-21,none,False,0.025974025974025983,-0.00649350649350644,0.01948051948051943,0.01798051948051943,0.01798051948051943,0.01148701298701288
KRW-AAVE,2026-05-21,none,False,0.02450229709035212,-0.0015313935681470214,0.0007656967840734552,-0.0007343032159265448,-0.0007343032159265448,0.02147090352220521
KRW-ARKM,2026-05-21,tp,False,0.11351351351351346,-0.00540540540540535,0.08108108108108114,0.0985,0.0985,0.030932432432432322
KRW-OPEN,2026-05-21,tp,True,0.179245283018868,-0.07861635220125784,-0.07547169811320753,0.0985,0.0985,0.020512578616352306
KRW-ANIME,2026-05-21,none,False,0.029687499999999867,0.0,0.018749999999999822,0.01724999999999982,0.01724999999999982,0.012562499999999867
KRW-IN,2026-05-21,none,False,0.025842696629213346,-0.011235955056179803,0.019101123595505642,0.01760112359550564,0.01760112359550564,0.0029943820224718766
KRW-ME,2026-05-21,none,False,0.03597122302158273,0.0,0.02877697841726623,0.02727697841726623,0.02727697841726623,0.020082733812949727
KRW-MED,2026-05-21,none,False,0.009646302250803984,-0.009646302250803762,0.006430868167202508,0.0049308681672025085,0.0049308681672025085,-0.007930868167202619
KRW-MET2,2026-05-21,none,False,0.02304147465437789,-0.009216589861751112,0.01382488479262678,0.01232488479262678,0.01232488479262678,0.007716589861751113
KRW-ORBS,2026-05-22,none,False,0.032786885245901676,0.0,0.00819672131147553,0.00669672131147553,0.00669672131147553,0.014893442622950838
KRW-USD1,2026-05-22,none,False,0.01008742434431742,-0.0020174848688634395,0.007397444519166019,0.005897444519166019,0.005897444519166019,-0.0008275050437122609
KRW-SENT,2026-05-22,sl,False,0.012048192771084265,-0.052208835341365334,-0.04819277108433728,-0.051500000000000004,-0.049692771084337284,0.006532128514056325
KRW-ZK,2026-05-22,sl,False,0.017241379310344973,-0.06034482758620685,-0.051724137931034475,-0.051500000000000004,-0.053224137931034476,-0.0015
KRW-YGG,2026-05-22,none,False,0.0732984293193717,-0.03839441535776611,-0.03315881326352532,-0.03465881326352532,-0.03465881326352532,0.00024520069808026254
KRW-EGLD,2026-05-22,none,False,0.038525963149078635,-0.028475711892797295,-0.021775544388609736,-0.023275544388609737,-0.023275544388609737,0.008550251256281451
KRW-MOODENG,2026-05-22,sl,False,0.01792573623559557,-0.05377720870678604,-0.047375160051216225,-0.051500000000000004,-0.04887516005121623,-0.00021959026888590397
KRW-POL,2026-05-22,none,False,0.022058823529411686,-0.007352941176470562,-0.007352941176470562,-0.008852941176470562,-0.008852941176470562,0.013205882352941125
KRW-AERO,2026-05-22,sl,False,0.037681159420289934,-0.07971014492753625,-0.07971014492753625,-0.051500000000000004,-0.08121014492753625,-0.008746376811594235
KRW-IQ,2026-05-22,none,False,0.03749999999999987,-0.006249999999999978,0.006250000000000089,0.004750000000000089,0.004750000000000089,0.010999999999999956
KRW-TRX,2026-05-22,none,False,0.007380073800737907,-0.01291512915129156,0.0036900369003689537,0.0021900369003689537,0.0021900369003689537,-0.0015
KRW-XPL,2026-05-22,sl,False,0.00746268656716409,-0.08208955223880599,-0.07462686567164178,-0.051500000000000004,-0.07612686567164179,-0.0015
KRW-BERA,2026-05-22,sl,False,0.020304568527918843,-0.055837563451776595,-0.04906937394247035,-0.051500000000000004,-0.05056937394247035,0.013728426395939021
KRW-RED,2026-05-22,none,False,0.05970149253731338,-0.02985074626865669,-0.02487562189054726,-0.026375621890547263,-0.026375621890547263,0.003475124378109541
KRW-1INCH,2026-05-22,none,False,0.007194244604316502,-0.03597122302158273,-0.03597122302158273,-0.037471223021582734,-0.037471223021582734,-0.008694244604316502
KRW-DEEP,2026-05-22,sl,False,0.0,-0.08413001912045892,-0.07648183556405352,-0.051500000000000004,-0.07798183556405353,-0.018708413001912005
KRW-LAYER,2026-05-22,sl,False,0.007042253521126751,-0.05633802816901412,-0.04929577464788737,-0.051500000000000004,-0.05079577464788737,0.005542253521126752
KRW-WAVES,2026-05-22,none,False,0.010471204188481575,-0.012216404886561949,-0.008726003490401424,-0.010226003490401423,-0.010226003490401423,-0.0015
KRW-BCH,2026-05-22,none,False,0.008857395925597977,-0.04517271922054911,-0.04074402125775023,-0.04224402125775023,-0.04224402125775023,-0.0015
KRW-HUNT,2026-05-22,none,False,0.019867549668874274,-0.013245033112582738,0.0,-0.0015,-0.0015,0.005122516556291425
KRW-ENSO,2026-05-22,none,False,0.022580645161290214,-0.03387096774193543,-0.02661290322580645,-0.02811290322580645,-0.02811290322580645,0.0025322580645162364
KRW-CPOOL,2026-05-22,sl,False,0.010266940451745477,-0.05338809034907599,-0.04106776180698146,-0.051500000000000004,-0.04256776180698146,-0.0015
KRW-ZIL,2026-05-22,none,False,0.013355592654423987,-0.028380634390651083,-0.025041736227045086,-0.026541736227045087,-0.026541736227045087,0.0018388981636059966
KRW-ELSA,2026-05-22,none,False,0.015075376884422065,-0.03316582914572863,-0.029145728643216184,-0.030645728643216186,-0.030645728643216186,0.0035251256281406142
KRW-COMP,2026-05-22,sl,False,0.006828978622327897,-0.12707838479809974,-0.11787410926365793,-0.051500000000000004,-0.11937410926365793,-0.005953681710213763
KRW-BEAM,2026-05-22,tp,False,0.1079136690647482,-0.03597122302158262,-0.03597122302158262,0.0985,0.0985,0.002097122302158251
KRW-GLM,2026-05-22,none,False,0.019323671497584627,-0.019323671497584516,-0.01449275362318836,-0.01599275362318836,-0.01599275362318836,0.0033309178743961567
KRW-W,2026-05-22,sl,False,0.02590673575129543,-0.06217616580310881,-0.051813471502590636,-0.051500000000000004,-0.05331347150259064,0.014044041450777258
KRW-VET,2026-05-22,none,False,0.028225806451612767,-0.02116935483870963,-0.013104838709677491,-0.01460483870967749,-0.01460483870967749,0.006564516129032251
KRW-HBAR,2026-05-22,none,False,0.014925373134328401,-0.02238805970149249,-0.02238805970149249,-0.023888059701492492,-0.023888059701492492,-0.0089626865671642
KRW-MOVE,2026-05-22,sl,False,0.024096385542168752,-0.052208835341365334,-0.04417670682730912,-0.051500000000000004,-0.04567670682730912,0.006532128514056325
KRW-EDGE,2026-05-22,none,False,0.0,-0.04195804195804198,-0.027972027972028024,-0.029472027972028025,-0.029472027972028025,-0.015486013986013956
KRW-SIGN,2026-05-22,none,False,0.0,-0.04975124378109452,-0.03980099502487566,-0.041300995024875664,-0.041300995024875664,-0.011450248756219082
KRW-SHIB,2026-05-22,none,False,0.012687427912341231,-0.025374855824683018,-0.021914648212226218,-0.02341464821222622,-0.02341464821222622,0.0031136101499423265
KRW-LINK,2026-05-22,none,False,0.031746031746031855,-0.03105590062111796,-0.024154589371980673,-0.025654589371980674,-0.025654589371980674,0.007471704623878641
KRW-API3,2026-05-22,sl,False,0.0078125,-0.060546875,-0.05859375,-0.051500000000000004,-0.06009375,0.00240625
KRW-MASK,2026-05-22,none,False,0.008534850640113723,-0.04409672830725464,-0.04409672830725464,-0.04559672830725464,-0.04559672830725464,0.004189900426742556
KRW-VIRTUAL,2026-05-22,none,False,0.09050179211469533,-0.04659498207885304,-0.03584229390681004,-0.03734229390681004,-0.03734229390681004,0.006564516129032251
KRW-ATH,2026-05-22,tp,False,0.10509209100758388,0.0,0.014084507042253502,0.0985,0.0985,0.02883586132177679
KRW-ALT,2026-05-22,tp,False,0.5092592592592593,-0.009259259259259411,0.14814814814814814,0.0985,0.0985,0.07257407407407396
KRW-AVNT,2026-05-22,sl,False,0.03862660944205998,-0.07725321888412018,-0.06866952789699576,-0.051500000000000004,-0.07016952789699576,-0.02295922746781115
KRW-BIO,2026-05-22,none,False,0.059615384615384626,-0.038461538461538436,-0.028846153846153855,-0.030346153846153856,-0.030346153846153856,0.03503846153846141
KRW-TAIKO,2026-05-22,none,False,0.01807228915662651,-0.03614457831325302,-0.03614457831325302,-0.03764457831325302,-0.03764457831325302,0.016572289156626507
KRW-KITE,2026-05-22,sl,False,0.020289855072463725,-0.15362318840579714,-0.1159420289855072,-0.051500000000000004,-0.11744202898550721,0.0013985507246377384
KRW-MEW,2026-05-22,sl,False,0.01416765053128688,-0.05667060212514752,-0.051948051948051854,-0.051500000000000004,-0.053448051948051856,-0.0038612750885477763
KRW-MNT,2026-05-22,sl,False,0.00794438927507457,-0.05163853028798415,-0.04965243296921551,-0.051500000000000004,-0.05115243296921551,0.0034652432969216065
KRW-PUNDIX,2026-05-22,none,False,0.01904761904761898,-0.01904761904761909,-0.01904761904761909,-0.020547619047619092,-0.020547619047619092,0.00802380952380949
KRW-WCT,2026-05-22,none,False,0.023958333333333304,-0.033333333333333326,0.0010416666666666075,-0.0004583333333333926,-0.0004583333333333926,-0.0004583333333333926
KRW-AXL,2026-05-22,sl,False,0.04157549234135671,-0.0503282275711161,-0.0470459518599563,-0.051500000000000004,-0.048545951859956304,0.0017822757111596878
KRW-PUMP,2026-05-22,sl,False,0.029739776951672958,-0.055762081784386575,-0.052044609665427566,-0.051500000000000004,-0.05354460966542757,0.00965241635687747
KRW-CHZ,2026-05-22,sl,False,0.004601226993864893,-0.07975460122699396,-0.07361963190184051,-0.051500000000000004,-0.07511963190184051,-0.01683742331288346
KRW-ARDR,2026-05-22,none,False,0.02030456852791862,-0.005076142131979822,0.0050761421319796,0.0035761421319795996,0.0035761421319795996,0.008652284263959422
KRW-TREE,2026-05-22,none,False,0.02746693794506605,-0.034587995930823956,-0.029501525940996864,-0.031001525940996866,-0.031001525940996866,-0.006586469989827091
KRW-ZBT,2026-05-22,tp,False,0.10407239819004532,-0.040723981900452455,0.0678733031674208,0.0985,0.0985,0.0985
KRW-MON,2026-05-22,sl,False,0.014084507042253502,-0.07981220657276988,-0.07746478873239449,-0.051500000000000004,-0.07896478873239449,-0.0038474178403756208
KRW-AVAX,2026-05-22,none,False,0.019230769230769162,-0.02777777777777779,-0.022079772079772075,-0.023579772079772077,-0.023579772079772077,0.004910256410256388
KRW-THETA,2026-05-22,sl,False,0.026229508196721207,-0.059016393442622994,-0.05573770491803276,-0.051500000000000004,-0.05723770491803276,0.005057377049180247
KRW-BIGTIME,2026-05-22,none,False,0.021390374331550888,-0.03743315508021383,-0.0267379679144385,-0.0282379679144385,-0.0282379679144385,0.003847593582887722
KRW-QKC,2026-05-22,none,False,0.022271714922048824,-0.024498886414254017,-0.024498886414254017,-0.02599888641425402,-0.02599888641425402,0.0029543429844097204
KRW-ONT,2026-05-22,sl,False,0.004400440044004306,-0.053905390539053966,-0.04840484048404847,-0.051500000000000004,-0.049904840484048474,0.0007002200220021528
KRW-TOSHI,2026-05-22,none,False,0.01976284584980248,-0.03952569169960474,-0.031620553359683834,-0.033120553359683835,-0.033120553359683835,0.010357707509881355
KRW-KAITO,2026-05-22,sl,False,0.02699228791773778,-0.07712082262210795,-0.07455012853470433,-0.051500000000000004,-0.07605012853470433,-0.005356041131105381
KRW-HP,2026-05-22,none,False,0.04977375565610842,0.0,0.009049773755656076,0.007549773755656077,0.007549773755656077,0.030174208144796266
KRW-SC,2026-05-22,none,False,0.01449275362318847,-0.007246376811594013,-0.007246376811594013,-0.008746376811594013,-0.008746376811594013,0.0057463768115942355
KRW-TOKAMAK,2026-05-22,none,False,0.007822685788787531,-0.011734028683181186,-0.010430247718383301,-0.0119302477183833,-0.0119302477183833,-0.002803780964797885
KRW-FF,2026-05-22,none,False,0.037878787878787845,-0.030303030303030276,0.007575757575757569,0.006075757575757569,0.006075757575757569,-0.0015
KRW-MBL,2026-05-22,tp,False,0.10948905109489049,-0.007299270072992692,0.021897810218977964,0.0985,0.0985,0.0985
KRW-LPT,2026-05-22,tp,False,0.12644395878863568,-0.028410864814236603,-0.02060568217296288,0.0985,0.0985,0.01504698719950054
KRW-ZBT,2026-05-23,none,False,0.03389830508474567,-0.0423728813559322,-0.03389830508474578,-0.035398305084745785,-0.035398305084745785,0.0069745762711864185
KRW-ETHFI,2026-05-23,none,False,0.06813996316758741,-0.04051565377532229,0.04051565377532218,0.03901565377532218,0.03901565377532218,0.005866482504604033
KRW-BTC,2026-05-23,none,False,0.01896779885310984,-0.014115571239523561,0.013400970445522686,0.011900970445522687,0.011900970445522687,-0.0011912218791353944
KRW-KNC,2026-05-23,none,False,0.018099547511312153,-0.04524886877828049,0.009049773755656076,0.007549773755656077,0.007549773755656077,0.003024886877828038
KRW-SIGN,2026-05-23,none,False,0.02590673575129543,-0.031088082901554515,0.015544041450777257,0.014044041450777258,0.014044041450777258,0.008862694300518172
KRW-SENT,2026-05-23,none,False,0.04641350210970474,-0.021097046413502074,0.029535864978902815,0.028035864978902814,0.028035864978902814,0.011158227848101334
KRW-DOOD,2026-05-23,none,False,0.05384615384615388,-0.033333333333333326,0.025641025641025772,0.02414102564102577,0.02414102564102577,0.00362820512820511
KRW-PROVE,2026-05-23,sl,False,0.03597122302158273,-0.062350119904076684,0.004796163069544335,-0.051500000000000004,0.0032961630695443347,-0.018286570743405284
KRW-JTO,2026-05-23,none,False,0.03373819163292846,-0.04858299595141702,0.0,-0.0015,-0.0015,0.0146943319838056
KRW-SAHARA,2026-05-23,none,False,0.0973630831643002,-0.014198782961460377,0.032454361054766734,0.030954361054766732,0.030954361054766732,0.030954361054766732
KRW-NEO,2026-05-23,none,False,0.05080721747388406,-0.020180436847103467,0.03205128205128216,0.030551282051282158,0.030551282051282158,0.016543684710351336
KRW-LPT,2026-05-23,none,False,0.07633587786259532,-0.01653944020356235,0.048664122137404675,0.047164122137404674,0.047164122137404674,0.008041984732824416
KRW-NEAR,2026-05-23,tp,False,0.17078580481622296,-0.04309252217997461,0.1628643852978453,0.0985,0.0985,0.0023022813688212142
KRW-HP,2026-05-23,tp,False,0.19730941704035865,-0.004484304932735439,0.03587443946188351,0.0985,0.0985,0.0985
KRW-IOTA,2026-05-23,sl,False,0.011494252873563315,-0.05287356321839076,-0.0011494252873562871,-0.051500000000000004,-0.002649425287356287,-0.007247126436781657
KRW-TRUST,2026-05-23,tp,True,0.10784313725490202,-0.06862745098039214,0.009803921568627416,0.0985,0.0985,0.0475196078431373
KRW-RAY,2026-05-23,none,False,0.046017699115044275,-0.038053097345132736,0.019469026548672552,0.01796902654867255,0.01796902654867255,0.00026991150442473707
KRW-ANKR,2026-05-23,none,False,0.03338171262699574,-0.027576197387518042,0.02322206095791013,0.021722060957910128,0.021722060957910128,0.011562409288824517
KRW-TREE,2026-05-23,none,False,0.0366876310272537,-0.027253668763102867,0.024109014675052443,0.02260901467505244,0.02260901467505244,0.01841614255765195
KRW-BREV,2026-05-23,none,False,0.05988023952095811,-0.0359281437125748,0.0479041916167664,0.0464041916167664,0.0464041916167664,0.004488023952095745
KRW-2Z,2026-05-23,none,False,0.043749999999999956,-0.018750000000000044,0.0,-0.0015,-0.0015,0.02975
KRW-MNT,2026-05-23,none,False,0.04279749478079342,-0.0041753653444676075,0.040709812108559396,0.039209812108559394,0.039209812108559394,0.0026753653444676075
KRW-MOVE,2026-05-23,none,False,0.050420168067226934,-0.01680672268907568,0.037815126050420034,0.03631512605042003,0.03631512605042003,0.015306722689075571
KRW-EGLD,2026-05-23,none,False,0.05240549828178698,-0.018900343642611728,0.04381443298969079,0.04231443298969079,0.04231443298969079,0.009668384879725047
KRW-MON,2026-05-23,sl,False,0.007633587786259666,-0.07633587786259544,-0.01781170483460548,-0.051500000000000004,-0.01931170483460548,-0.011678117048346036
KRW-PLUME,2026-05-23,sl,True,0.10606060606060597,-0.05555555555555558,0.09090909090909105,-0.051500000000000004,0.0985,0.01870202020202011
KRW-MLK,2026-05-23,none,False,0.012345679012345512,-0.015089163237311465,0.012345679012345512,0.010845679012345512,0.010845679012345512,0.005358710562414272
KRW-BLUR,2026-05-23,none,False,0.08923076923076922,-0.01538461538461533,0.06153846153846154,0.06003846153846154,0.06003846153846154,0.020038461538461727
KRW-NXPC,2026-05-23,none,False,0.07584830339321358,-0.02594810379241519,0.0479041916167664,0.0464041916167664,0.0464041916167664,0.03243213572854292
KRW-ANIME,2026-05-23,none,False,0.04361370716510904,-0.029595015576323935,0.028037383177569986,0.026537383177569984,0.026537383177569984,0.004730529595015577
KRW-ATH,2026-05-23,sl,False,0.03525641025641035,-0.06730769230769218,0.017094017094017033,-0.051500000000000004,0.015594017094017034,-0.016457264957264794
KRW-ONDO,2026-05-23,tp,False,0.10918544194107449,-0.025996533795493937,0.10571923743500866,0.0985,0.0985,-0.004966204506065828
KRW-PEPE,2026-05-23,none,False,0.03703703703703698,-0.03888888888888886,0.0092592592592593,0.007759259259259301,0.007759259259259301,0.0022037037037037645
KRW-AXL,2026-05-23,none,False,0.04367816091954024,-0.039080459770114984,0.024137931034482696,0.022637931034482695,0.022637931034482695,0.018040229885057546
KRW-A,2026-05-23,none,False,0.06034482758620685,-0.017241379310344862,0.0431034482758621,0.0416034482758621,0.0416034482758621,0.024362068965517347
KRW-ONT,2026-05-23,none,False,0.028901734104046284,-0.01387283236994219,0.016184971098266,0.014684971098266,0.014684971098266,0.01815317919075149
KRW-ASTR,2026-05-23,none,False,0.03418803418803429,-0.03418803418803407,0.017094017094017255,0.015594017094017256,0.015594017094017256,-0.0015
KRW-ERA,2026-05-23,none,False,0.03684210526315779,-0.015789473684210575,0.026315789473684292,0.02481578947368429,0.02481578947368429,0.019552631578947433
KRW-ELSA,2026-05-23,none,False,0.04771784232365128,0.0,0.030082987551867113,0.02858298755186711,0.02858298755186711,0.04621784232365128
KRW-APT,2026-05-23,none,False,0.056657223796033884,-0.038951841359773365,0.026203966005665658,0.024703966005665656,0.024703966005665656,0.0034575070821530342
KRW-XAUT,2026-05-23,none,False,0.003999407495185903,-0.005036290919863684,-0.00014812620352544492,-0.001648126203525445,-0.001648126203525445,-0.0013518737964745551
KRW-MMT,2026-05-23,none,False,0.04347826086956519,-0.016304347826086918,0.032608695652173836,0.031108695652173834,0.031108695652173834,0.02567391304347827
KRW-THETA,2026-05-23,none,False,0.05555555555555558,-0.02430555555555558,0.03125,0.02975,0.02975,0.019333333333333258
KRW-ICX,2026-05-23,none,False,0.05719557195571956,-0.01291512915129156,0.04981549815498143,0.04831549815498143,0.04831549815498143,0.02986531365313644
KRW-FF,2026-05-23,sl,False,0.05303030303030298,-0.09848484848484851,-0.015151515151515138,-0.051500000000000004,-0.01665151515151514,0.006075757575757569
KRW-PYTH,2026-05-23,none,False,0.07718120805369133,-0.03355704697986572,0.057046979865771785,0.055546979865771784,0.055546979865771784,0.008567114093959662
KRW-LSK,2026-05-23,tp,False,0.10795454545454541,-0.02840909090909094,0.022727272727272707,0.0985,0.0985,0.021227272727272706
KRW-WCT,2026-05-23,sl,False,0.0751565762004176,-0.050104384133611624,0.007306889352818313,-0.051500000000000004,0.005806889352818314,0.05277974947807934
KRW-LAYER,2026-05-23,none,False,0.03703703703703698,-0.029629629629629672,0.014814814814814836,0.013314814814814837,0.013314814814814837,0.020722222222222142
KRW-ALGO,2026-05-23,none,False,0.04166666666666674,-0.029761904761904767,0.023809523809523725,0.022309523809523724,0.022309523809523724,-0.0015
KRW-CBK,2026-05-23,none,False,0.0108108108108107,-0.013513513513513487,0.008108108108108025,0.006608108108108026,0.006608108108108026,-0.0015
KRW-ORDER,2026-05-23,none,False,0.04585987261146496,-0.04585987261146485,0.01146496815286624,0.00996496815286624,0.00996496815286624,0.003595541401273884
KRW-VET,2026-05-23,none,False,0.06230847803881523,-0.022471910112359383,0.03166496424923393,0.030164964249233928,0.030164964249233928,0.012800306435137911
KRW-BTT,2026-05-23,none,False,0.008333333333333304,-0.004166666666666652,0.004166666666666652,0.002666666666666652,0.002666666666666652,-0.0015
KRW-USD1,2026-05-23,none,False,0.0033311125916055673,-0.005996002664890088,-0.0026648900732845204,-0.00416489007328452,-0.00416489007328452,-0.002166222518321158
KRW-AERO,2026-05-23,none,False,0.09448818897637801,-0.03307086614173227,0.0598425196850394,0.058342519685039396,0.058342519685039396,0.017397637795275644
KRW-MANA,2026-05-23,none,False,0.046875,-0.0234375,0.03125,0.02975,0.02975,-0.0015
KRW-W,2026-05-23,none,False,0.05494505494505497,-0.03296703296703285,0.03296703296703307,0.03146703296703307,0.03146703296703307,0.00948901098901095
KRW-ICP,2026-05-23,none,False,0.05910800644814618,-0.028747984954325623,0.0475550779150995,0.046055077915099496,0.046055077915099496,0.005485491671144484
KRW-YGG,2026-05-23,none,False,0.055755395683453335,-0.03417266187050361,0.043165467625899234,0.04166546762589923,0.04166546762589923,0.0002985611510791255
KRW-ALT,2026-05-23,sl,True,0.153225806451613,-0.06451612903225812,-0.016129032258064613,-0.051500000000000004,0.0985,-0.051500000000000004
KRW-IMX,2026-05-23,none,False,0.040000000000000036,-0.03600000000000003,0.02400000000000002,0.02250000000000002,0.02250000000000002,0.014500000000000015
KRW-RENDER,2026-05-23,none,False,0.0643653362099963,-0.045667026249550546,0.043869111830276974,0.04236911183027697,0.04236911183027697,0.0038937432578208266
KRW-SONIC,2026-05-23,none,False,0.04393673110720564,-0.02284710017574687,0.02811950790861162,0.026619507908611617,0.026619507908611617,0.010802284710017597
KRW-AHT,2026-05-23,none,False,0.008968609865470878,-0.008968609865470878,0.004484304932735439,0.002984304932735439,0.002984304932735439,-0.0015
KRW-TRUMP,2026-05-23,none,False,0.0462046204620461,-0.03432343234323432,0.035643564356435675,0.034143564356435674,0.034143564356435674,0.009721122112211157
KRW-EDGE,2026-05-23,tp,False,0.1079136690647482,-0.02877697841726623,0.007194244604316502,0.0985,0.0985,0.0985
KRW-CYBER,2026-05-23,none,False,0.031205673758865293,-0.03404255319148941,0.02127659574468077,0.01977659574468077,0.01977659574468077,0.005592198581560183
KRW-SYRUP,2026-05-23,sl,False,0.01333333333333342,-0.05666666666666664,0.0,-0.051500000000000004,-0.0015,0.0018333333333334103
KRW-XEC,2026-05-23,none,False,0.01869158878504673,-0.028037383177570097,0.01869158878504673,0.01719158878504673,0.01719158878504673,-0.0015
KRW-PUMP,2026-05-23,sl,False,0.07421875,-0.0546875,0.03515625,-0.051500000000000004,0.03365625,0.00240625
KRW-TAIKO,2026-05-23,none,False,0.03750000000000009,-0.006249999999999978,0.03750000000000009,0.03600000000000009,0.03600000000000009,0.004750000000000089
KRW-ZIL,2026-05-23,none,False,0.037735849056603765,-0.022298456260720356,0.025728987993139052,0.02422898799313905,0.02422898799313905,0.005361063464836948
KRW-IP,2026-05-23,none,False,0.09179415855354667,-0.03198887343532686,0.05424200278164126,0.05274200278164126,0.05274200278164126,0.002672461752433909
KRW-CTC,2026-05-23,none,False,0.034482758620689724,-0.0049261083743842304,0.029556650246305383,0.02805665024630538,0.02805665024630538,0.013278325123152803
KRW-OPEN,2026-05-23,sl,False,0.04166666666666674,-0.05208333333333337,-0.02777777777777779,-0.051500000000000004,-0.02927777777777779,0.03322222222222232
KRW-SUPER,2026-05-23,none,False,0.048484848484848575,-0.030303030303030276,0.030303030303030276,0.028803030303030275,0.028803030303030275,0.0045606060606061
KRW-ETC,2026-05-23,none,False,0.041793313069908855,-0.016717325227963542,0.023556231003039496,0.022056231003039495,0.022056231003039495,0.012937689969604817
KRW-GAME2,2026-05-23,none,False,0.01538461538461533,-0.015384615384615441,0.01538461538461533,0.01388461538461533,0.01388461538461533,0.00362820512820511
KRW-LINEA,2026-05-23,none,False,0.024896265560165887,-0.049792531120331995,0.004149377593360981,0.002649377593360981,0.002649377593360981,-0.0015
KRW-POLYX,2026-05-23,none,False,0.047911547911547725,-0.039312039312039304,0.017199017199017064,0.015699017199017062,0.015699017199017062,0.030441031941031815
KRW-STORJ,2026-05-23,none,False,0.09677419354838701,-0.01935483870967747,0.019354838709677358,0.017854838709677356,0.017854838709677356,0.030758064516129002
KRW-WET,2026-05-23,none,False,0.03418803418803429,-0.017094017094017144,0.02564102564102555,0.02414102564102555,0.02414102564102555,0.02414102564102555
KRW-API3,2026-05-23,none,False,0.043568464730290524,-0.02904564315352698,0.03112033195020736,0.029620331950207357,0.029620331950207357,0.015097510373443925
KRW-TRX,2026-05-23,none,False,0.003676470588235281,-0.012867647058823484,-0.0018382352941176405,-0.0033382352941176406,-0.0033382352941176406,-0.0015
KRW-SC,2026-05-23,none,False,0.014598540145985162,-0.014598540145985384,0.014598540145985162,0.013098540145985162,0.013098540145985162,-0.0015
KRW-PUNDIX,2026-05-23,none,False,0.05853658536585371,0.0,0.04878048780487809,0.04728048780487809,0.04728048780487809,0.022890243902439045
KRW-SUN,2026-05-23,none,False,0.0066225165562914245,-0.009933774834437137,-0.0066225165562913135,-0.008122516556291313,-0.008122516556291313,-0.0015
KRW-WAVES,2026-05-23,none,False,0.06326889279437609,-0.02284710017574687,0.010544815465729274,0.009044815465729274,0.009044815465729274,0.012559753954305699
KRW-SOMI,2026-05-23,tp,False,0.11203319502074693,-0.016597510373444035,0.06639004149377592,0.0985,0.0985,0.010948132780082944
KRW-WAXP,2026-05-23,none,False,0.033695652173913127,-0.015217391304347738,0.022826086956521774,0.021326086956521773,0.021326086956521773,0.011543478260869712
KRW-USDE,2026-05-23,none,False,0.0040000000000000036,-0.005333333333333301,-0.002666666666666706,-0.004166666666666706,-0.004166666666666706,-0.0028333333333332975
KRW-ATOM,2026-05-23,none,False,0.03087809585075596,-0.03023480218719843,0.01576069475715669,0.01426069475715669,0.01426069475715669,0.01747716307494379
KRW-OP,2026-05-23,none,False,0.04712041884816753,-0.04712041884816753,0.020942408376963373,0.01944240837696337,0.01944240837696337,-0.0015
KRW-0G,2026-05-23,none,False,0.030985915492957705,-0.019718309859154903,0.021126760563380254,0.019626760563380252,0.019626760563380252,0.008359154929577452
KRW-SAFE,2026-05-23,sl,False,0.050458715596330306,-0.05504587155963303,0.022935779816513735,-0.051500000000000004,0.021435779816513734,-0.01067431192660545
KRW-NEWT,2026-05-23,none,False,0.026315789473684292,-0.04385964912280704,0.026315789473684292,0.02481578947368429,0.02481578947368429,0.01604385964912286
KRW-T,2026-05-23,none,False,0.09871794871794881,-0.008974358974358942,0.03589743589743599,0.03439743589743599,0.03439743589743599,0.04593589743589749
KRW-BIRB,2026-05-23,none,False,0.010101010101010166,-0.04040404040404044,-0.005050505050505083,-0.006550505050505083,-0.006550505050505083,0.003550505050504972
KRW-RVN,2026-05-24,none,False,0.00361881785283491,-0.049457177322074664,-0.03377563329312416,-0.035275633293124165,-0.035275633293124165,-0.008737635705669376
KRW-WCT,2026-05-24,sl,False,0.006237006237006071,-0.06133056133056136,-0.05093555093555102,-0.051500000000000004,-0.05243555093555102,-0.019171517671517757
KRW-T,2026-05-24,sl,False,0.006180469715698411,-0.050679851668726794,-0.030902348578491945,-0.051500000000000004,-0.032402348578491946,-0.016333127317676166
KRW-JUP,2026-05-24,sl,False,0.0031250000000000444,-0.08125000000000004,-0.05625000000000002,-0.051500000000000004,-0.057750000000000024,-0.03275
KRW-BERA,2026-05-24,sl,False,0.01718213058419238,-0.06357388316151202,-0.046391752577319534,-0.051500000000000004,-0.047891752577319535,-0.010091065292096189
KRW-BTC,2026-05-24,none,False,0.0072952667821606365,-0.007565139419686728,0.004457251303658927,0.0029572513036589267,0.0029572513036589267,-0.001508705568952494
KRW-LINEA,2026-05-24,sl,False,0.0020661157024792765,-0.07024793388429751,-0.045454545454545414,-0.051500000000000004,-0.046954545454545416,-0.01596280991735538
KRW-TAIKO,2026-05-24,none,False,0.006024096385542244,-0.03614457831325302,-0.02409638554216864,-0.025596385542168643,-0.025596385542168643,-0.007524096385542132
KRW-SAND,2026-05-24,none,False,0.009345794392523255,-0.03738317757009346,-0.01869158878504673,-0.020191588785046732,-0.020191588785046732,-0.010845794392523365
KRW-ALGO,2026-05-24,none,False,0.005847953216374213,-0.040935672514619936,-0.01754385964912286,-0.019043859649122863,-0.019043859649122863,-0.007347953216374324
KRW-ZKP,2026-05-24,sl,False,0.0,-0.06956521739130439,-0.04347826086956519,-0.051500000000000004,-0.04497826086956519,-0.027586956521739092
KRW-IOTA,2026-05-24,none,False,0.0023014959723819395,-0.04718066743383209,-0.027617951668584606,-0.029117951668584607,-0.029117951668584607,-0.017610471806674355
KRW-ESP,2026-05-24,none,False,0.023302938196555267,-0.019250253292806496,-0.003039513677811523,-0.004539513677811522,-0.004539513677811522,0.0035658561296859083
KRW-SOL,2026-05-24,none,False,0.013250194855806807,-0.02260327357755265,-0.004676539360872978,-0.006176539360872977,-0.006176539360872977,-0.0015
KRW-HUNT,2026-05-24,none,False,0.013245033112582849,-0.0066225165562914245,0.0066225165562914245,0.005122516556291425,0.005122516556291425,-0.008122516556291424
KRW-JST,2026-05-24,none,False,0.01449275362318847,-0.007246376811594235,0.007246376811594235,0.0057463768115942355,0.0057463768115942355,-0.0015
KRW-HIVE,2026-05-24,none,False,0.052344601962922566,-0.03816793893129766,-0.018538713195201728,-0.02003871319520173,-0.02003871319520173,-0.01349563794983649
KRW-SYRUP,2026-05-24,sl,False,0.02006688963210701,-0.050167224080267525,-0.04013377926421402,-0.051500000000000004,-0.04163377926421402,0.005188963210702337
KRW-ZETA,2026-05-24,sl,False,0.0025706940874037354,-0.06169665809768632,-0.04113110539845766,-0.051500000000000004,-0.04263110539845766,-0.01435347043701801
KRW-ASTR,2026-05-24,sl,False,0.0,-0.05833333333333324,-0.04166666666666663,-0.051500000000000004,-0.04316666666666663,-0.009833333333333303
KRW-ME,2026-05-24,sl,False,0.02564102564102555,-0.07051282051282048,-0.05769230769230771,-0.051500000000000004,-0.05919230769230771,-0.027141025641025662
KRW-BIGTIME,2026-05-24,sl,False,0.005319148936170137,-0.05319148936170215,-0.037234042553191404,-0.051500000000000004,-0.038734042553191406,-0.012138297872340385
KRW-IP,2026-05-24,sl,False,0.0,-0.05797101449275366,-0.030303030303030276,-0.051500000000000004,-0.03180303030303028,-0.02126284584980237
KRW-BREV,2026-05-24,sl,False,0.0,-0.07999999999999996,-0.05714285714285716,-0.051500000000000004,-0.05864285714285716,-0.012928571428571454
KRW-MANA,2026-05-24,none,False,0.0,-0.045454545454545414,-0.022727272727272707,-0.02422727272727271,-0.02422727272727271,-0.01665151515151514
KRW-WAL,2026-05-24,none,False,0.017561983471074516,-0.02892561983471076,-0.0030991735537190257,-0.004599173553719025,-0.004599173553719025,0.003665289256198413
KRW-ATOM,2026-05-24,none,False,0.00950269242952162,-0.04909724421919548,-0.025974025974025983,-0.027474025974025984,-0.027474025974025984,-0.004667564143173873
KRW-GAS,2026-05-24,none,False,0.005985463873450225,-0.028644719965797316,-0.013253527148354038,-0.014753527148354038,-0.014753527148354038,-0.004920265070542938
KRW-AXL,2026-05-24,sl,False,0.001122334455667895,-0.0572390572390572,-0.04040404040404033,-0.051500000000000004,-0.04190404040404033,-0.016090347923681192
KRW-USDE,2026-05-24,none,False,0.0006675567423231055,-0.004005340453938633,0.0006675567423231055,-0.0008324432576768946,-0.0008324432576768946,-0.002835113484646211
KRW-ANKR,2026-05-24,none,False,0.0028409090909089496,-0.042613636363636354,-0.022727272727272707,-0.02422727272727271,-0.02422727272727271,-0.008602272727272707
KRW-ORCA,2026-05-24,none,False,0.009686346863468698,-0.02583025830258301,-0.011531365313653175,-0.013031365313653174,-0.013031365313653174,-0.01672140221402213
KRW-NEO,2026-05-24,none,False,0.0011475786091348361,-0.04613266008721595,-0.03282074822125314,-0.03432074822125314,-0.03432074822125314,-0.011369176038558635
KRW-1INCH,2026-05-24,none,False,0.0,-0.02898550724637683,-0.021739130434782594,-0.023239130434782596,-0.023239130434782596,-0.01599275362318836
KRW-VANA,2026-05-24,none,False,0.00877192982456143,-0.046052631578947345,-0.029385964912280738,-0.03088596491228074,-0.03088596491228074,-0.008517543859649144
KRW-WAVES,2026-05-24,tp,False,0.17391304347826098,-0.006956521739130417,0.08000000000000007,0.0985,0.0985,0.0985
KRW-CPOOL,2026-05-24,none,False,0.00424628450106157,-0.02123142250530785,-0.019108280254777066,-0.020608280254777067,-0.020608280254777067,-0.00999256900212314
KRW-CKB,2026-05-24,none,False,0.0,-0.04205607476635531,-0.028037383177570097,-0.029537383177570098,-0.029537383177570098,-0.010845794392523365
KRW-MON,2026-05-24,none,False,0.02072538860103612,-0.03626943005181338,-0.020725388601036343,-0.022225388601036344,-0.022225388601036344,0.008862694300518172
KRW-HP,2026-05-24,none,False,0.0043290043290042934,-0.04761904761904767,-0.04329004329004327,-0.04479004329004327,-0.04479004329004327,-0.010158008658008809
KRW-BARD,2026-05-24,sl,False,0.0029940119760478723,-0.053892215568862256,-0.03293413173652693,-0.051500000000000004,-0.03443413173652693,-0.007488023952095855
KRW-POWR,2026-05-24,none,False,0.002053388090349051,-0.03490759753593431,-0.02053388090349073,-0.022033880903490732,-0.022033880903490732,-0.009713552361396425
KRW-MNT,2026-05-24,none,False,0.0020060180541625616,-0.028084252758274864,-0.0220661985957874,-0.023566198595787402,-0.023566198595787402,-0.008521063189568743
KRW-AAVE,2026-05-24,none,False,0.014660493827160392,-0.03009259259259256,-0.010030864197530853,-0.011530864197530853,-0.011530864197530853,-0.00612962962962965
KRW-SHIB,2026-05-24,none,False,0.0023529411764704466,-0.030588235294117583,-0.015294117647058791,-0.016794117647058793,-0.016794117647058793,-0.007382352941176671
KRW-MMT,2026-05-24,none,False,0.015789473684210575,-0.02631578947368418,-0.010526315789473717,-0.012026315789473717,-0.012026315789473717,-0.0015
KRW-TREE,2026-05-24,none,False,0.042944785276073594,-0.0316973415132924,-0.010224948875255602,-0.011724948875255601,-0.011724948875255601,0.006679959100204526
KRW-CELO,2026-05-24,sl,False,0.016260162601626105,-0.05691056910569103,-0.04065040650406504,-0.051500000000000004,-0.04215040650406504,-0.009630081300813052
KRW-BSV,2026-05-24,none,False,0.027689514298683715,-0.012709940989559687,0.00453926463912846,0.0030392646391284596,0.0030392646391284596,-0.010578529278256919
KRW-LA,2026-05-24,sl,False,0.005714285714285783,-0.05142857142857138,-0.02857142857142858,-0.051500000000000004,-0.030071428571428582,-0.012928571428571454
KRW-ZORA,2026-05-24,sl,False,0.029239766081871288,-0.07017543859649134,-0.04093567251462005,-0.051500000000000004,-0.04243567251462005,-0.03073976608187129
KRW-BTT,2026-05-24,none,False,0.0041407867494824835,-0.010351966873705876,-0.0041407867494823725,-0.005640786749482372,-0.005640786749482372,-0.0035703933747411308
KRW-YGG,2026-05-24,sl,False,0.0,-0.05344827586206902,-0.037931034482758696,-0.051500000000000004,-0.0394310344827587,-0.018741379310344863
KRW-XEC,2026-05-24,none,False,0.0,-0.04587155963302758,-0.02752293577981646,-0.02902293577981646,-0.02902293577981646,-0.01067431192660545
KRW-SAHARA,2026-05-24,none,False,0.0216110019646365,-0.029469548133595258,0.00982318271119853,0.00832318271119853,0.00832318271119853,-0.011323182711198419
KRW-STX,2026-05-24,none,False,0.0,-0.043010752688172005,-0.018817204301075252,-0.020317204301075253,-0.020317204301075253,-0.012252688172043
KRW-0G,2026-05-24,none,False,0.009655172413793212,-0.04137931034482756,-0.03310344827586209,-0.03460344827586209,-0.03460344827586209,-0.00012068965517236666
KRW-ETHFI,2026-05-24,none,False,0.0035335689045936647,-0.04240282685512364,-0.02296819787985871,-0.02446819787985871,-0.02446819787985871,-0.013867491166077715
KRW-MVL,2026-05-24,none,False,0.0,-0.015544041450777257,-0.005181347150259086,-0.006681347150259085,-0.006681347150259085,-0.006681347150259085
KRW-EDGE,2026-05-24,none,False,0.0,-0.02857142857142858,-0.0071428571428571175,-0.008642857142857117,-0.008642857142857117,-0.008642857142857117
KRW-SOPH,2026-05-24,none,False,0.008333333333333304,-0.04999999999999993,-0.025000000000000022,-0.026500000000000024,-0.026500000000000024,-0.009833333333333303
KRW-VTHO,2026-05-24,none,False,0.00512820512820511,-0.039743589743589824,-0.023076923076923106,-0.024576923076923107,-0.024576923076923107,-0.005346153846153832
KRW-STORJ,2026-05-24,none,False,0.031847133757961776,-0.02547770700636942,0.0,-0.0015,-0.0015,-0.0015
KRW-FLOCK,2026-05-24,sl,False,0.0,-0.06990291262135928,-0.04757281553398063,-0.051500000000000004,-0.04907281553398063,-0.020917475728155333
KRW-W,2026-05-24,sl,False,0.0,-0.06349206349206349,-0.03703703703703698,-0.051500000000000004,-0.03853703703703698,-0.017373015873015707
KRW-MOC,2026-05-24,none,False,0.005025125628140836,-0.01005025125628134,0.0,-0.0015,-0.0015,0.001012562814070307
KRW-CTC,2026-05-24,none,False,0.009569377990430672,-0.03349282296650713,-0.014354066985645897,-0.015854066985645898,-0.015854066985645898,-0.0015
KRW-MOVE,2026-05-24,none,False,0.0,-0.04453441295546545,-0.024291497975708398,-0.0257914979757084,-0.0257914979757084,-0.013645748987854254
KRW-PROVE,2026-05-24,sl,False,0.054892601431980825,-0.08114558472553701,-0.05727923627684961,-0.051500000000000004,-0.05877923627684961,-0.027752983293556077
KRW-HBAR,2026-05-24,none,False,0.0,-0.03703703703703709,-0.014814814814814836,-0.016314814814814838,-0.016314814814814838,-0.008907407407407418
KRW-FLUID,2026-05-24,sl,False,0.0,-0.08934049079754602,-0.07055214723926384,-0.051500000000000004,-0.07205214723926384,-0.022972392638036798
KRW-BLUR,2026-05-24,none,False,0.0028985507246377384,-0.049275362318840665,-0.02898550724637683,-0.03048550724637683,-0.03048550724637683,-0.013094202898550731
KRW-ZRO,2026-05-24,none,False,0.012066365007541435,-0.04575163398692805,-0.023127199597787862,-0.024627199597787863,-0.024627199597787863,-0.004516591251885358
KRW-RED,2026-05-24,none,False,0.055276381909547645,-0.03015075376884424,-0.015075376884422065,-0.016575376884422066,-0.016575376884422066,0.023625628140703514
KRW-INJ,2026-05-24,sl,False,0.001877346683354153,-0.052565707133917394,-0.035669586983729684,-0.051500000000000004,-0.037169586983729686,-0.02653128911138919
KRW-AKT,2026-05-24,tp,False,0.10338983050847461,-0.009322033898305104,0.0703389830508474,0.0985,0.0985,0.04511016949152552
KRW-BOUNTY,2026-05-24,none,False,0.020477815699658564,-0.0068259385665528916,0.010238907849829282,0.008738907849829282,0.008738907849829282,-0.004912969283276501
KRW-CRO,2026-05-24,none,False,0.01941747572815533,-0.009708737864077666,0.009708737864077666,0.008208737864077666,0.008208737864077666,0.008208737864077666
KRW-SUI,2026-05-24,sl,False,0.00877192982456143,-0.053884711779448646,-0.03195488721804507,-0.051500000000000004,-0.03345488721804507,-0.005885964912280715
KRW-AGLD,2026-05-24,sl,False,0.005479452054794498,-0.06301369863013695,-0.043835616438356206,-0.051500000000000004,-0.04533561643835621,-0.009719178082191747
KRW-VIRTUAL,2026-05-24,sl,False,0.012205754141237923,-0.05405405405405406,-0.03400174367916309,-0.051500000000000004,-0.03550174367916309,-0.01632127288578905
KRW-ID,2026-05-24,sl,False,0.027368421052631486,-0.05052631578947364,-0.027368421052631486,-0.051500000000000004,-0.028868421052631488,-0.003605263157894721
KRW-USD1,2026-05-24,none,False,0.0013360053440214514,-0.002672010688042792,0.0013360053440214514,-0.0001639946559785486,-0.0001639946559785486,-0.0008319973279892743
KRW-STEEM,2026-05-24,sl,False,0.054413542926239344,-0.050785973397823536,-0.03627569528415964,-0.051500000000000004,-0.03777569528415964,-0.01721946795646917
KRW-POL,2026-05-24,none,False,0.007299270072992803,-0.029197080291970767,-0.014598540145985384,-0.016098540145985385,-0.016098540145985385,-0.0015
KRW-ZBT,2026-05-24,none,False,0.013215859030837107,-0.03964757709251099,-0.03964757709251099,-0.04114757709251099,-0.04114757709251099,-0.005905286343612369
KRW-XRP,2026-05-24,none,False,0.007385524372230501,-0.015755785327424943,-0.003938946331856208,-0.0054389463318562075,-0.0054389463318562075,0.0004694731659281039
KRW-XLM,2026-05-24,none,False,0.009009009009008917,-0.022522522522522515,-0.0045045045045044585,-0.006004504504504458,-0.006004504504504458,-0.0015
KRW-CYBER,2026-05-24,none,False,0.002777777777777768,-0.0444444444444444,-0.029166666666666674,-0.030666666666666675,-0.030666666666666675,-0.009833333333333303
KRW-SIGN,2026-05-24,none,False,0.0,-0.030612244897959218,-0.015306122448979664,-0.016806122448979666,-0.016806122448979666,-0.011704081632653183
KRW-DRIFT,2026-05-24,tp,False,0.1390625000000001,-0.009375000000000022,0.04531250000000009,0.0985,0.0985,0.01256250000000009
KRW-RENDER,2026-05-24,none,False,0.0450946643717729,-0.019965576592082646,0.03889845094664368,0.03739845094664368,0.03739845094664368,0.01433476764199654
KRW-OPEN,2026-05-24,sl,False,0.03214285714285725,-0.06785714285714284,-0.042857142857142816,-0.051500000000000004,-0.04435714285714282,0.009214285714285677
KRW-THETA,2026-05-24,sl,False,0.0,-0.05351170568561869,-0.030100334448160515,-0.051500000000000004,-0.031600334448160516,-0.018222408026755843
KRW-CARV,2026-05-24,sl,False,0.0,-0.05847255369928395,-0.03818615751789978,-0.051500000000000004,-0.03968615751789978,-0.015819809069212487
KRW-KNC,2026-05-24,none,False,0.0,-0.04484304932735428,-0.0358744394618834,-0.0373744394618834,-0.0373744394618834,-0.019437219730941757
KRW-FCT2,2026-05-24,none,False,0.011299435028248483,-0.005649717514124131,-0.005649717514124131,-0.00714971751412413,-0.00714971751412413,0.004149717514124353
KRW-XTZ,2026-05-24,none,False,0.0019342359767891004,-0.048355899419729176,-0.027079303675048405,-0.028579303675048406,-0.028579303675048406,-0.009236943907156623
KRW-HYPER,2026-05-24,sl,False,0.05063291139240511,-0.06329113924050633,-0.044303797468354444,-0.051500000000000004,-0.045803797468354446,0.023816455696202443
KRW-MVL,2026-05-25,none,False,0.015625,-0.015625,-0.00520833333333337,-0.00670833333333337,-0.00670833333333337,-0.00670833333333337
KRW-PROVE,2026-05-25,none,False,0.03797468354430378,-0.015189873417721489,-0.012658227848101222,-0.014158227848101222,-0.014158227848101222,0.011158227848101334
KRW-ENA,2026-05-25,none,False,0.027027027027026973,-0.013513513513513487,0.013513513513513598,0.012013513513513598,0.012013513513513598,-0.008256756756756798
KRW-ONT,2026-05-25,none,False,0.025882352941176467,-0.018823529411764683,-0.018823529411764683,-0.020323529411764685,-0.020323529411764685,-0.012088235294117676
KRW-ALT,2026-05-25,sl,False,0.0,-0.07017543859649134,-0.061403508771929904,-0.051500000000000004,-0.0629035087719299,-0.019043859649122863
KRW-CFG,2026-05-25,none,False,0.07925407925407923,0.0,0.013986013986013957,0.012486013986013957,0.012486013986013957,0.04745104895104896
KRW-1INCH,2026-05-25,none,False,0.022222222222222143,-0.007407407407407418,0.0,-0.0015,-0.0015,0.013314814814814837
KRW-CYBER,2026-05-25,none,False,0.021428571428571352,-0.0128571428571429,0.005714285714285783,0.004214285714285783,0.004214285714285783,-7.142857142866535e-05
KRW-JTO,2026-05-25,none,False,0.08897742363877814,-0.01859229747675961,0.007968127490039834,0.006468127490039834,0.006468127490039834,-0.009468127490039833
KRW-BTT,2026-05-25,none,False,0.002083333333333215,-0.006250000000000089,-0.004166666666666652,-0.0056666666666666515,-0.0056666666666666515,-0.0056666666666666515
KRW-MEW,2026-05-25,none,False,0.023749999999999938,-0.003750000000000031,0.0024999999999999467,0.0009999999999999467,0.0009999999999999467,-0.0015
KRW-SOMI,2026-05-25,none,False,0.09311740890688269,0.0,0.012145748987854255,0.010645748987854255,0.010645748987854255,0.018742914979757164
KRW-NXPC,2026-05-25,none,False,0.05628517823639778,-0.011257035647279534,0.030018761726078758,0.028518761726078756,0.028518761726078756,-0.010880863039399667
KRW-PLUME,2026-05-25,sl,False,0.06194690265486713,-0.06194690265486735,-0.06194690265486735,-0.051500000000000004,-0.06344690265486735,0.007349557522123908
KRW-ZKC,2026-05-25,none,False,0.03960396039603964,-0.00990099009900991,0.0,-0.0015,-0.0015,0.00840099009900991
KRW-AVAX,2026-05-25,none,False,0.024655547498187103,-0.00797679477882518,0.0029006526468455807,0.0014006526468455806,0.0014006526468455806,-0.0080264684554025
KRW-SOL,2026-05-25,none,False,0.00783699059561127,-0.011755485893416906,-0.009404388714733591,-0.010904388714733591,-0.010904388714733591,-0.00620219435736674
KRW-FF,2026-05-25,none,False,0.0703125,-0.015625,0.0546875,0.0531875,0.0531875,0.0063125
KRW-TREE,2026-05-25,none,False,0.02789256198347112,-0.005165289256198302,-0.004132231404958553,-0.0056322314049585525,-0.0056322314049585525,-0.0015
KRW-BREV,2026-05-25,none,False,0.030303030303030276,-0.012121212121212088,0.0,-0.0015,-0.0015,-0.007560606060606099
KRW-DKA,2026-05-25,none,False,0.008588957055214674,-0.01104294478527601,-0.004907975460122782,-0.006407975460122782,-0.006407975460122782,-0.005180981595092114
KRW-KNC,2026-05-25,none,False,0.04166666666666674,0.0,0.02314814814814814,0.02164814814814814,0.02164814814814814,0.02164814814814814
KRW-F,2026-05-25,none,False,0.023929471032745564,-0.010075566750629705,0.00881612090680095,0.007316120906800951,0.007316120906800951,-0.0015
KRW-PYTH,2026-05-25,none,False,0.030645161290322465,-0.01935483870967747,-0.008064516129032251,-0.00956451612903225,-0.00956451612903225,0.003338709677419395
KRW-RENDER,2026-05-25,tp,False,0.1200000000000001,-0.024462809917355388,0.07471074380165299,0.0985,0.0985,-0.024309917355371857
KRW-BSV,2026-05-25,none,False,0.002711251694532235,-0.023949389968368706,-0.02033438770899232,-0.02183438770899232,-0.02183438770899232,-0.01641188431992774
KRW-BEAM,2026-05-25,none,False,0.010830324909747224,-0.025270758122743597,-0.01805054151624541,-0.019550541516245412,-0.019550541516245412,-0.005110108303249148
KRW-AAVE,2026-05-25,none,False,0.013250194855806807,-0.00623538581449723,0.000779423226812126,-0.0007205767731878741,-0.0007205767731878741,-0.006176539360872977
KRW-ID,2026-05-25,none,False,0.012958963282937441,-0.017278617710583144,-0.004319654427645703,-0.005819654427645702,-0.005819654427645702,-0.010139308855291516
KRW-XEC,2026-05-25,none,False,0.00943396226415083,-0.018867924528301883,-0.009433962264150941,-0.010933962264150941,-0.010933962264150941,-0.0015
KRW-GLM,2026-05-26,none,False,0.009615384615384581,-0.019230769230769273,-0.009615384615384581,-0.01111538461538458,-0.01111538461538458,-0.0015
KRW-ALGO,2026-05-26,none,False,0.011976047904191711,-0.041916167664670656,-0.041916167664670656,-0.04341616766467066,-0.04341616766467066,-0.007488023952095855
KRW-AGLD,2026-05-26,none,False,0.0,-0.03724928366762181,-0.03724928366762181,-0.038749283667621814,-0.038749283667621814,-0.024422636103151818
KRW-SNT,2026-05-26,none,False,0.0,-0.04195804195804209,-0.034965034965035,-0.036465034965035004,-0.036465034965035004,-0.029472027972028025
KRW-MANTRA,2026-05-26,none,False,0.014492753623188248,-0.036231884057971064,-0.021739130434782705,-0.023239130434782707,-0.023239130434782707,-0.037731884057971066
KRW-AHT,2026-05-26,none,False,0.013274336283185972,-0.0265486725663715,-0.022123893805309658,-0.02362389380530966,-0.02362389380530966,-0.005924778761061842
KRW-LINK,2026-05-26,none,False,0.013446567586695046,-0.01698513800424628,-0.01556970983722572,-0.01706970983722572,-0.01706970983722572,-0.013531139419674485
KRW-KITE,2026-05-26,none,False,0.08813559322033893,-0.016949152542372836,0.05423728813559325,0.05273728813559325,0.05273728813559325,-0.011669491525423679
KRW-NEWT,2026-05-26,none,False,0.03603603603603611,-0.027027027027026973,-0.009009009009009028,-0.010509009009009028,-0.010509009009009028,-0.010509009009009028
KRW-G,2026-05-26,sl,False,0.0,-0.05152671755725202,-0.04770992366412219,-0.051500000000000004,-0.04920992366412219,-0.022492366412213805
KRW-UNI,2026-05-26,none,False,0.01049868766404205,-0.029880880274581023,-0.02745810619826372,-0.028958106198263722,-0.028958106198263722,-0.01644044013729057
KRW-PLUME,2026-05-26,none,False,0.061320754716981174,-0.047169811320754707,-0.047169811320754707,-0.04866981132075471,-0.04866981132075471,-0.03451886792452824
KRW-WLFI,2026-05-26,sl,False,0.00879120879120876,-0.1197802197802198,-0.07252747252747249,-0.051500000000000004,-0.0740274725274725,-0.011390109890109966
KRW-ELF,2026-05-26,none,False,0.0,-0.044642857142857095,-0.0357142857142857,-0.0372142857142857,-0.0372142857142857,-0.028285714285714303
KRW-DEEP,2026-05-26,sl,False,0.0,-0.06288032454361048,-0.05882352941176472,-0.051500000000000004,-0.06032352941176472,-0.027869168356997875
KRW-CARV,2026-05-26,none,False,0.0,-0.03589108910891081,-0.03465346534653457,-0.036153465346534575,-0.036153465346534575,-0.02253960396039606
KRW-JTO,2026-05-26,none,False,0.07773386034255592,-0.031620553359683834,0.007905138339920903,0.006405138339920903,0.006405138339920903,-0.027850461133069826
KRW-T,2026-05-26,none,False,0.00256081946222797,-0.03841229193341866,-0.03585147247119069,-0.037351472471190694,-0.037351472471190694,-0.019425736235595348
KRW-SYRUP,2026-05-26,none,False,0.006688963210702337,-0.04013377926421402,-0.03344481605351168,-0.034944816053511685,-0.034944816053511685,-0.02491137123745818
KRW-NXPC,2026-05-26,none,False,0.04014598540145986,-0.01642335766423353,0.010948905109489093,0.009448905109489094,0.009448905109489094,0.025872262773722732
KRW-BIRB,2026-05-26,sl,False,0.0,-0.10526315789473684,-0.08421052631578951,-0.051500000000000004,-0.08571052631578951,-0.022552631578947324
KRW-ETHFI,2026-05-26,none,False,0.05045045045045038,-0.02522522522522519,0.016216216216216273,0.014716216216216273,0.014716216216216273,-0.019518018018018057
KRW-ENSO,2026-05-26,sl,False,0.0008576329331047017,-0.05660377358490565,-0.044596912521440824,-0.051500000000000004,-0.046096912521440825,-0.03323241852487141
KRW-SHIB,2026-05-26,none,False,0.01209189842805336,-0.01571946795646917,-0.008464328899637108,-0.009964328899637108,-0.009964328899637108,-0.011173518742442599
KRW-CELO,2026-05-26,sl,False,0.0,-0.05084745762711862,-0.0423728813559322,-0.051500000000000004,-0.0438728813559322,-0.018449152542372838
KRW-POWR,2026-05-26,none,False,0.0,-0.035676810073452137,-0.0346274921301154,-0.0361274921301154,-0.0361274921301154,-0.010943861490031402
KRW-ADA,2026-05-26,none,False,0.008264462809917328,-0.02203856749311295,-0.02203856749311295,-0.02353856749311295,-0.02353856749311295,-0.018028925619834657
KRW-POLYX,2026-05-26,none,False,0.010613207547169878,-0.041273584905660354,-0.03655660377358483,-0.03805660377358483,-0.03805660377358483,-0.01447169811320753
KRW-APT,2026-05-26,none,False,0.03683113273106331,-0.018068102849200796,0.0020847810979847115,0.0005847810979847114,0.0005847810979847114,-0.012618832522585164
KRW-MOC,2026-05-26,none,False,0.002557544757033181,-0.02813299232736577,-0.025575447570332477,-0.027075447570332478,-0.027075447570332478,-0.021960358056266116
KRW-VANA,2026-05-26,none,False,0.06073059360730593,-0.02100456621004565,0.027853881278538717,0.026353881278538716,0.026353881278538716,-0.017938356164383606
KRW-AKT,2026-05-26,sl,False,0.011594202898550732,-0.062318840579710155,-0.048550724637681175,-0.051500000000000004,-0.050050724637681177,-0.0007753623188406209
KRW-ONT,2026-05-26,sl,False,0.0,-0.06594724220623505,-0.06115107913669071,-0.051500000000000004,-0.06265107913669071,-0.03027697841726623
KRW-VIRTUAL,2026-05-26,none,False,0.09783549783549783,-0.03203463203463208,0.019913419913419883,0.01841341991341988,0.01841341991341988,-0.020547619047619092
KRW-SAND,2026-05-26,none,False,0.028301886792452935,-0.018867924528301883,-0.018867924528301883,-0.020367924528301884,-0.020367924528301884,-0.010933962264150941
KRW-HOLO,2026-05-26,none,False,0.0,-0.045454545454545414,-0.027272727272727226,-0.028772727272727228,-0.028772727272727228,-0.028772727272727228
KRW-TAIKO,2026-05-26,none,False,0.0,-0.030674846625766916,-0.024539877300613466,-0.026039877300613468,-0.026039877300613468,-0.013769938650306788
KRW-EDGE,2026-05-26,tp,False,0.1376811594202898,-0.021739130434782594,0.01449275362318847,0.0985,0.0985,0.0985
KRW-1INCH,2026-05-26,none,False,0.0,-0.022222222222222254,-0.014814814814814836,-0.016314814814814838,-0.016314814814814838,-0.016314814814814838
KRW-XEC,2026-05-26,none,False,0.0,-0.02857142857142858,-0.02857142857142858,-0.030071428571428582,-0.030071428571428582,-0.020547619047619092
KRW-F,2026-05-26,none,False,0.0012437810945276073,-0.03731343283582078,-0.031094527363183966,-0.03259452736318397,-0.03259452736318397,-0.027619402985074537
KRW-TT,2026-05-26,none,False,0.023622047244094446,-0.007874015748031482,-0.007874015748031482,-0.009374015748031482,-0.009374015748031482,-0.009374015748031482
KRW-TREE,2026-05-26,none,False,0.05699481865284972,-0.041450777202072575,-0.03626943005181349,-0.03776943005181349,-0.03776943005181349,-0.022225388601036233
KRW-KNC,2026-05-26,none,False,0.0,-0.03167420814479638,-0.022624434389140302,-0.024124434389140303,-0.024124434389140303,-0.019599547511312265
KRW-PENDLE,2026-05-26,sl,False,0.018175463124781466,-0.07060468367703598,-0.07025515554002093,-0.051500000000000004,-0.07175515554002093,-0.017228766165676312
KRW-XEC,2026-05-27,none,False,0.0,-0.029126213592232997,-0.009708737864077666,-0.011208737864077665,-0.011208737864077665,-0.020917475728155444
KRW-ETHFI,2026-05-27,none,False,0.053097345132743445,-0.015929203539822967,0.010619469026548645,0.009119469026548645,0.009119469026548645,0.002039823008849474
KRW-BOUNTY,2026-05-27,sl,False,0.007042253521126751,-0.11971830985915488,-0.028169014084506894,-0.051500000000000004,-0.029669014084506895,-0.051500000000000004
KRW-PROVE,2026-05-27,sl,False,0.016949152542372836,-0.062146892655367214,-0.05649717514124297,-0.051500000000000004,-0.057997175141242974,-0.01562429378531077
KRW-AAVE,2026-05-27,none,False,0.007880220646178104,-0.04018912529550822,-0.03309692671394804,-0.03459692671394804,-0.03459692671394804,-0.007804176516942483
KRW-SAFE,2026-05-27,none,False,0.034482758620689724,-0.024630541871921152,-0.009852216748768461,-0.01135221674876846,-0.01135221674876846,-0.016278325123152693
KRW-AKT,2026-05-27,sl,False,0.03585049580472921,-0.11365369946605641,-0.08237986270022879,-0.051500000000000004,-0.08387986270022879,-0.013704424103737565
KRW-DRIFT,2026-05-27,sl,False,0.08462623413258119,-0.12270803949224263,-0.06346967559943584,-0.051500000000000004,-0.06496967559943584,0.043633991537376515
KRW-PYTH,2026-05-27,none,False,0.05342237061769617,-0.023372287145242088,-0.016694490818030094,-0.018194490818030096,-0.018194490818030096,-0.016525041736226986
KRW-HBAR,2026-05-27,none,False,0.0,-0.03100775193798455,-0.023255813953488413,-0.024755813953488415,-0.024755813953488415,-0.017003875968992277
KRW-SKR,2026-05-27,none,False,0.004672897196261738,-0.04672897196261683,-0.04205607476635509,-0.04355607476635509,-0.04355607476635509,-0.02019158878504662
KRW-SNT,2026-05-27,none,False,0.021739130434782483,-0.021739130434782705,-0.01449275362318847,-0.01599275362318847,-0.01599275362318847,-0.0015
KRW-AWE,2026-05-27,none,False,0.03713188220230479,-0.014084507042253502,0.02432778489116516,0.02282778489116516,0.02282778489116516,-0.007902048655569814
KRW-JTO,2026-05-27,tp,False,0.14099216710182771,-0.03524804177545693,0.04569190600522188,0.0985,0.0985,-0.024998694516971287
KRW-WCT,2026-05-27,none,False,0.006920415224913379,-0.03921568627450989,-0.03114186851211076,-0.03264186851211076,-0.03264186851211076,-0.007267012687427963
KRW-ALT,2026-05-27,tp,False,0.3076923076923077,-0.009615384615384581,0.08653846153846168,0.0985,0.0985,-0.0015
KRW-BERA,2026-05-27,sl,False,0.01090909090909098,-0.056363636363636394,-0.045454545454545414,-0.051500000000000004,-0.046954545454545416,-0.014227272727272698
KRW-PEPE,2026-05-27,none,False,0.019230769230769384,-0.028846153846153855,-0.017307692307692246,-0.018807692307692248,-0.018807692307692248,-0.0034230769230768053
KRW-EGLD,2026-05-27,none,False,0.024171888988361756,-0.0304386750223814,-0.0286481647269472,-0.030148164726947202,-0.030148164726947202,-0.014928827215756444
KRW-ATH,2026-05-27,sl,False,0.04145601617795758,-0.08291203235591504,-0.06976744186046524,-0.051500000000000004,-0.07126744186046524,-0.03790040444893844
KRW-AHT,2026-05-27,none,False,0.00452488687782826,-0.018099547511312264,-0.009049773755656076,-0.010549773755656076,-0.010549773755656076,-0.010549773755656076
KRW-SYRUP,2026-05-27,sl,False,0.00694444444444442,-0.10763888888888884,-0.09722222222222221,-0.051500000000000004,-0.09872222222222221,-0.02927777777777779
KRW-SOL,2026-05-27,none,False,0.005640612409347323,-0.02497985495568089,-0.021756647864625278,-0.02325664786462528,-0.02325664786462528,-0.006334810636583419
KRW-BSV,2026-05-27,none,False,0.01030444964871191,-0.0360655737704918,-0.02763466042154572,-0.02913466042154572,-0.02913466042154572,-0.009462529274004648
KRW-BARD,2026-05-27,none,False,0.013071895424836555,-0.0490196078431373,-0.0326797385620915,-0.0341797385620915,-0.0341797385620915,-0.011303921568627416
KRW-G,2026-05-27,none,False,0.022044088176352616,-0.020040080160320772,0.01603206412825653,0.01453206412825653,0.01453206412825653,-0.01753206412825653
KRW-TIA,2026-05-27,sl,False,0.011527377521613813,-0.0778097982708934,-0.06628242074927959,-0.051500000000000004,-0.06778242074927959,-0.023113832853025984
KRW-CYBER,2026-05-27,none,False,0.013157894736842035,-0.032163742690058506,-0.021929824561403466,-0.023429824561403467,-0.023429824561403467,-0.011733918128654928
KRW-ETH,2026-05-27,none,False,0.006838163464669478,-0.03288830999674375,-0.029632041680234478,-0.03113204168023448,-0.03113204168023448,-0.006710029306414898
KRW-KITE,2026-05-27,none,False,0.006430868167202508,-0.045016077170418,-0.04180064308681675,-0.04330064308681675,-0.04330064308681675,-0.011146302250803873
KRW-USDE,2026-05-27,none,False,0.002024291497975783,-0.007422402159244279,-0.007422402159244279,-0.008922402159244279,-0.008922402159244279,-0.006223346828609975
KRW-WLD,2026-05-27,sl,False,0.008976660682226134,-0.11131059245960506,-0.09874326750448836,-0.051500000000000004,-0.10024326750448836,-0.051500000000000004
KRW-UNI,2026-05-27,sl,False,0.0145318663068299,-0.06248702511936888,-0.0539755034253685,-0.051500000000000004,-0.0554755034253685,-0.0031607847207805726
KRW-ENA,2026-05-27,none,False,0.020979020979021046,-0.04895104895104896,-0.034965034965035,-0.036465034965035004,-0.036465034965035004,-0.008493006993006978
KRW-CFG,2026-05-27,none,False,0.06004618937644346,-0.01385681293302543,-0.006928406466512715,-0.008428406466512715,-0.008428406466512715,0.028523094688221617
KRW-BONK,2026-05-27,none,False,0.007927519818799578,-0.046432616081540035,-0.039637599093997666,-0.04113759909399767,-0.04113759909399767,-0.011692525481313663
KRW-CRO,2026-05-27,none,False,0.00990099009900991,-0.02871287128712874,-0.023762376237623783,-0.025262376237623785,-0.025262376237623785,-0.01140099009900991
KRW-HYPER,2026-05-27,none,False,0.014184397163120588,-0.049645390070921946,-0.03546099290780147,-0.03696099290780147,-0.03696099290780147,-0.01568439716312059
KRW-PENGU,2026-05-27,none,False,0.016000000000000014,-0.04799999999999993,-0.03200000000000003,-0.03350000000000003,-0.03350000000000003,-0.0015
KRW-LA,2026-05-27,sl,False,0.01807228915662651,-0.07831325301204817,-0.0662650602409639,-0.051500000000000004,-0.0677650602409639,-0.007524096385542132
KRW-ORCA,2026-05-27,sl,False,0.02706766917293235,-0.060651629072681734,-0.056140350877192935,-0.051500000000000004,-0.057640350877192936,-0.031073934837092698
KRW-KAITO,2026-05-27,none,False,0.028610354223433276,-0.04768392370572205,-0.0463215258855586,-0.0478215258855586,-0.0478215258855586,0.002587193460490468
KRW-WAXP,2026-05-27,none,False,0.0055187637969094094,-0.020971302428256178,-0.015452538631346657,-0.01695253863134666,-0.01695253863134666,-0.01253752759381893
KRW-ZIL,2026-05-27,none,False,0.005181347150259086,-0.024179620034542215,-0.01899827288428335,-0.020498272884283353,-0.020498272884283353,-0.020498272884283353
KRW-FIL,2026-05-27,none,False,0.08082832331329315,-0.036740146960587805,0.012024048096192397,0.010524048096192397,0.010524048096192397,0.0011720106880426808
KRW-PENDLE,2026-05-27,sl,False,0.009756097560975618,-0.1313320825515948,-0.12720450281425888,-0.051500000000000004,-0.12870450281425888,-0.005252345215759844
KRW-MTL,2026-05-27,none,False,0.011737089201877993,-0.03755868544600938,-0.030516431924882625,-0.03201643192488263,-0.03201643192488263,-0.015584507042253502
KRW-TFUEL,2026-05-27,none,False,0.0064102564102563875,-0.04487179487179482,-0.03205128205128205,-0.03355128205128205,-0.03355128205128205,-0.007910256410256387
KRW-CHZ,2026-05-27,none,False,0.0317757009345796,-0.03551401869158877,0.005607476635513864,0.004107476635513864,0.004107476635513864,-0.029537383177570098
KRW-GMT,2026-05-27,none,False,0.012658227848101111,-0.03797468354430389,-0.01898734177215189,-0.02048734177215189,-0.02048734177215189,-0.02048734177215189
KRW-MED,2026-05-27,none,False,0.006535947712418277,-0.013071895424836666,-0.009803921568627527,-0.011303921568627527,-0.011303921568627527,-0.004767973856209249
KRW-KERNEL,2026-05-27,none,False,0.011247443762781195,-0.04805725971370145,-0.033742331288343586,-0.03524233128834359,-0.03524233128834359,-0.0055899795501021515
KRW-XPL,2026-05-27,sl,False,0.05343511450381677,-0.05343511450381677,-0.04580152671755722,-0.051500000000000004,-0.04730152671755722,-0.024400763358778665
KRW-MNT,2026-05-27,none,False,0.0010593220338983578,-0.025423728813559365,-0.02330508474576276,-0.024805084745762762,-0.024805084745762762,-0.004677966101694962
KRW-GAS,2026-05-27,none,False,0.04275427542754273,-0.03240324032403241,-0.026102610261026116,-0.027602610261026117,-0.027602610261026117,-0.010050855085508568
KRW-MOC,2026-05-27,none,False,0.0052631578947368585,-0.044736842105263186,-0.04210526315789476,-0.04360526315789476,-0.04360526315789476,-0.017289473684210577
KRW-KAVA,2026-05-27,none,False,0.003558718861209842,-0.03558718861209964,-0.03202846975088969,-0.03352846975088969,-0.03352846975088969,-0.019293594306049877
KRW-RVN,2026-05-27,none,False,0.041290322580645133,-0.032258064516129004,-0.020645161290322567,-0.022145161290322568,-0.022145161290322568,0.00753225806451613
KRW-BREV,2026-05-27,none,False,0.006211180124223503,-0.037267080745341574,-0.037267080745341574,-0.038767080745341576,-0.038767080745341576,-0.020133540372670844
KRW-ESP,2026-05-27,none,False,0.020000000000000018,-0.029000000000000026,-0.02300000000000002,-0.024500000000000022,-0.024500000000000022,0.00850000000000001
KRW-SAND,2026-05-27,none,False,0.00952380952380949,-0.03809523809523807,-0.02857142857142858,-0.030071428571428582,-0.030071428571428582,-0.01102380952380949
KRW-HP,2026-05-27,none,False,0.00454545454545463,-0.027272727272727337,-0.018181818181818077,-0.019681818181818078,-0.019681818181818078,-0.010590909090909038
KRW-TRUMP,2026-05-27,none,False,0.007028112449799284,-0.046519410977242326,-0.037817938420348085,-0.039317938420348086,-0.039317938420348086,-0.009866800535475227
KRW-NEO,2026-05-27,none,False,0.02186974285027632,-0.031482816630617694,-0.02475366498437881,-0.02625366498437881,-0.02625366498437881,-0.005585556356645092
KRW-ORDER,2026-05-27,none,False,0.014175257731958935,-0.03479381443298957,-0.01675257731958757,-0.01825257731958757,-0.01825257731958757,-0.019541237113402
KRW-BLUR,2026-05-27,none,False,0.02153846153846173,-0.03384615384615386,-0.021538461538461506,-0.023038461538461508,-0.023038461538461508,-0.01996153846153853
KRW-ASTR,2026-05-27,sl,False,0.0,-0.05263157894736836,-0.04385964912280704,-0.051500000000000004,-0.045359649122807044,-0.019043859649122863
KRW-TAO,2026-05-27,sl,False,0.02859912748424631,-0.05283567619970919,-0.04944255937954434,-0.051500000000000004,-0.05094255937954434,-0.01701139117789624
KRW-BEAM,2026-05-27,sl,False,0.011406844106463865,-0.053231939163498,-0.03041825095057038,-0.051500000000000004,-0.03191825095057038,-0.051500000000000004
KRW-BORA,2026-05-27,none,False,0.002004008016032177,-0.03406813627254501,-0.02605210420841675,-0.02755210420841675,-0.02755210420841675,-0.019536072144288597
KRW-MOODENG,2026-05-27,none,False,0.016282225237449266,-0.03392130257801895,-0.02849389416553605,-0.02999389416553605,-0.02999389416553605,-0.015068521031207647
KRW-ZKP,2026-05-27,none,False,0.01869158878504673,-0.04672897196261683,-0.03738317757009346,-0.03888317757009346,-0.03888317757009346,-0.0015
KRW-ATOM,2026-05-27,sl,False,0.01609474643182507,-0.051624658366231424,-0.04646219252960826,-0.051500000000000004,-0.04796219252960826,-0.004536744609778319
KRW-T,2026-05-27,none,False,0.009283819628647327,-0.03448275862068961,-0.02785145888594165,-0.02935145888594165,-0.02935145888594165,-0.008131299734747964
KRW-LINK,2026-05-27,none,False,0.007189072609633307,-0.03666427030913011,-0.033069734004313456,-0.03456973400431346,-0.03456973400431346,-0.002218907260963353
KRW-MOVE,2026-05-27,none,False,0.008620689655172376,-0.0387931034482758,-0.034482758620689724,-0.035982758620689725,-0.035982758620689725,-0.010120689655172375
KRW-RENDER,2026-05-27,sl,False,0.025671289465919234,-0.08114488049572144,-0.08084980820300969,-0.051500000000000004,-0.08234980820300969,0.009417674830333457
KRW-A,2026-05-27,sl,False,0.008620689655172376,-0.051724137931034475,-0.0431034482758621,-0.051500000000000004,-0.0446034482758621,-0.018741379310344863
KRW-DEEP,2026-05-27,none,False,0.0237068965517242,-0.03663793103448265,-0.025862068965517127,-0.027362068965517128,-0.027362068965517128,-0.010120689655172375
KRW-QKC,2026-05-27,none,False,0.009302325581395321,-0.027906976744186074,-0.027906976744186074,-0.029406976744186075,-0.029406976744186075,-0.013127906976744095
KRW-ALGO,2026-05-27,none,False,0.012422360248447228,-0.03105590062111796,-0.024844720496894457,-0.026344720496894458,-0.026344720496894458,-0.0015
KRW-STEEM,2026-05-27,none,False,0.0,-0.02570694087403602,-0.01285347043701801,-0.01435347043701801,-0.01435347043701801,-0.025921593830334044
KRW-W,2026-05-27,none,False,0.016483516483516425,-0.038461538461538436,-0.03296703296703285,-0.03446703296703285,-0.03446703296703285,-0.01248901098901095
KRW-W,2026-05-28,sl,False,0.005681818181818121,-0.07386363636363635,-0.039772727272727404,-0.051500000000000004,-0.041272727272727405,-0.046954545454545527
KRW-OPEN,2026-05-28,sl,False,0.037735849056603765,-0.060377358490566024,-0.018867924528301883,-0.051500000000000004,-0.020367924528301884,-0.02414150943396226
KRW-HYPER,2026-05-28,none,False,0.014705882352941124,-0.044117647058823484,-0.02941176470588236,-0.03091176470588236,-0.03091176470588236,-0.03091176470588236
KRW-UNI,2026-05-28,none,False,0.010094360324775176,-0.03445249067368883,-0.012069343866578874,-0.013569343866578874,-0.013569343866578874,-0.016641540487162654
KRW-ANKR,2026-05-28,none,False,0.002958579881656931,-0.047337278106508784,-0.026627218934911157,-0.028127218934911158,-0.028127218934911158,-0.028127218934911158
KRW-MET2,2026-05-28,sl,False,0.0,-0.0714285714285714,-0.04081632653061229,-0.051500000000000004,-0.04231632653061229,-0.051500000000000004
KRW-ELF,2026-05-28,none,False,0.0,-0.028037383177570097,-0.009345794392523366,-0.010845794392523365,-0.010845794392523365,-0.029537383177570098
KRW-VET,2026-05-28,none,False,0.005561735261401468,-0.03781979977753058,-0.020022246941045596,-0.021522246941045597,-0.021522246941045597,-0.021522246941045597
KRW-LINEA,2026-05-28,sl,False,0.004444444444444251,-0.05555555555555558,-0.022222222222222143,-0.051500000000000004,-0.023722222222222145,-0.051500000000000004
KRW-PLUME,2026-05-28,sl,False,0.005208333333333481,-0.06770833333333337,-0.04166666666666674,-0.051500000000000004,-0.04316666666666674,-0.03795833333333326
KRW-ZKC,2026-05-28,sl,False,0.003141361256544517,-0.0596858638743456,-0.03769633507853398,-0.051500000000000004,-0.039196335078533984,-0.04652617801047115
KRW-POWR,2026-05-28,none,False,0.003325942350332456,-0.04212860310421285,-0.022172949002217335,-0.023672949002217336,-0.023672949002217336,-0.029216186252771614
KRW-IN,2026-05-28,sl,False,0.04285714285714293,-0.05714285714285716,-0.021428571428571463,-0.051500000000000004,-0.022928571428571465,0.012785714285714235
KRW-ZBT,2026-05-28,sl,False,0.010309278350515427,-0.061855670103092786,-0.046391752577319534,-0.051500000000000004,-0.047891752577319535,-0.04273711340206182
KRW-SUN,2026-05-28,none,False,0.0035211267605634866,-0.04577464788732388,-0.03873239436619713,-0.04023239436619713,-0.04023239436619713,-0.012063380281690015
KRW-CPOOL,2026-05-28,sl,False,0.09911894273127753,-0.0506607929515418,0.011013215859030812,-0.051500000000000004,0.009513215859030812,0.06017400881057272
KRW-THETA,2026-05-28,none,False,0.007246376811594235,-0.047101449275362306,-0.010869565217391353,-0.012369565217391352,-0.012369565217391352,-0.03410869565217395
KRW-NEO,2026-05-28,none,False,0.00961064563824543,-0.044110399211434226,-0.009857072449482529,-0.011357072449482529,-0.011357072449482529,-0.03723188762937407
KRW-LA,2026-05-28,sl,False,0.006451612903225712,-0.07096774193548383,-0.04516129032258065,-0.051500000000000004,-0.04666129032258065,-0.051500000000000004
KRW-MTL,2026-05-28,none,False,0.007263922518159882,-0.03631961259079908,-0.002421307506053294,-0.003921307506053294,-0.003921307506053294,-0.023291767554479426
KRW-IOST,2026-05-28,none,False,0.020134228187919545,-0.02684563758389269,0.006711409395973256,0.005211409395973256,0.005211409395973256,-0.021634228187919435
KRW-STEEM,2026-05-28,none,False,0.006518904823989535,-0.0325945241199479,-0.018252933507170832,-0.019752933507170833,-0.019752933507170833,-0.022360495436766714
KRW-FLOCK,2026-05-28,sl,False,0.003285870755750153,-0.10186199342825841,-0.07557502738225619,-0.051500000000000004,-0.07707502738225619,-0.051500000000000004
KRW-NEAR,2026-05-28,sl,False,0.010376843255051948,-0.08492626979792461,-0.025122883670125606,-0.051500000000000004,-0.026622883670125608,-0.04109584926269799
KRW-ZORA,2026-05-28,sl,False,0.0,-0.06578947368421051,-0.03947368421052633,-0.051500000000000004,-0.04097368421052633,-0.04097368421052633
KRW-FIL,2026-05-28,sl,False,0.031023102310230977,-0.0943894389438944,-0.06336633663366331,-0.051500000000000004,-0.06486633663366331,-0.04242409240924089
KRW-AKT,2026-05-28,sl,False,0.014913007456503813,-0.08202154101077053,-0.024026512013256007,-0.051500000000000004,-0.02552651201325601,-0.051500000000000004
KRW-RVN,2026-05-28,none,False,0.005270092226614009,-0.03293807641633728,-0.00922266139657446,-0.01072266139657446,-0.01072266139657446,-0.02126284584980226
KRW-2Z,2026-05-28,sl,False,0.007299270072992803,-0.058394160583941646,-0.03649635036496346,-0.051500000000000004,-0.03799635036496346,-0.04529562043795615
KRW-BOUNTY,2026-05-28,sl,False,0.007299270072992803,-0.08029197080291972,-0.03284671532846706,-0.051500000000000004,-0.03434671532846706,-0.051500000000000004
KRW-SAHARA,2026-05-28,tp,False,0.11554621848739499,-0.018907563025210017,0.0672268907563025,0.0985,0.0985,0.04051680672268915
KRW-BTC,2026-05-28,none,False,0.004126007540004917,-0.021670667920291375,-0.009895115427799417,-0.011395115427799416,-0.011395115427799416,-0.015658047996786773
KRW-VANA,2026-05-28,sl,False,0.002831524303916977,-0.08352996696554982,-0.0424728645587541,-0.051500000000000004,-0.0439728645587541,-0.037365974516281264
KRW-TRX,2026-05-28,none,False,0.005545286506469571,-0.049907578558225474,-0.0369685767097967,-0.0384685767097967,-0.0384685767097967,-0.0015
KRW-SHIB,2026-05-28,none,False,0.006242197253433224,-0.03495630461922594,-0.009987515605493158,-0.011487515605493158,-0.011487515605493158,-0.023971910112359496
KRW-CBK,2026-05-28,none,False,0.033519553072625774,-0.03351955307262566,-0.013966480446927387,-0.015466480446927387,-0.015466480446927387,-0.007086592178770999
KRW-KAITO,2026-05-28,sl,False,0.0028612303290413976,-0.06008583690987124,-0.03147353361945637,-0.051500000000000004,-0.032973533619456374,-0.028681688125894167
KRW-TOKAMAK,2026-05-28,sl,False,0.01980198019801982,-0.052333804809052364,-0.02970297029702973,-0.051500000000000004,-0.03120297029702973,-0.03120297029702973
KRW-F,2026-05-28,sl,False,0.0013422818791946067,-0.05369127516778527,-0.03221476510067112,-0.051500000000000004,-0.03371476510067112,-0.051500000000000004
KRW-ETC,2026-05-28,none,False,0.002409638554216942,-0.04096385542168679,-0.02409638554216864,-0.025596385542168643,-0.025596385542168643,-0.025596385542168643
KRW-AGLD,2026-05-28,none,False,0.006153846153846176,-0.04923076923076919,-0.024615384615384595,-0.026115384615384596,-0.026115384615384596,-0.03534615384615386
KRW-HBAR,2026-05-28,sl,False,0.07086614173228356,-0.055118110236220486,0.06299212598425208,-0.051500000000000004,0.06149212598425208,-0.03299606299212604
KRW-INJ,2026-05-28,none,False,0.03281733746130033,-0.0365325077399381,-0.0006191950464395912,-0.0021191950464395913,-0.0021191950464395913,-0.02069504643962844
KRW-TAIKO,2026-05-28,none,False,0.0,-0.03870967741935483,-0.012903225806451646,-0.014403225806451645,-0.014403225806451645,-0.033758064516129005
KRW-WAXP,2026-05-28,none,False,0.0022471910112358273,-0.04269662921348327,-0.016853932584269704,-0.018353932584269705,-0.018353932584269705,-0.044196629213483274
KRW-HOLO,2026-05-28,none,False,0.05882352941176472,-0.04607843137254908,0.0490196078431373,0.0475196078431373,0.0475196078431373,-0.026009803921568653
KRW-NEWT,2026-05-28,sl,False,0.0,-0.07547169811320753,-0.047169811320754707,-0.051500000000000004,-0.04866981132075471,-0.04866981132075471
KRW-BORA,2026-05-28,sl,False,0.002057613168724215,-0.07201646090534974,-0.030864197530864224,-0.051500000000000004,-0.032364197530864225,-0.03853703703703709
KRW-LA,2026-05-29,none,False,0.08724832214765099,-0.01342281879194629,0.05369127516778516,0.052191275167785156,0.052191275167785156,-0.0015
KRW-AHT,2026-05-29,none,False,0.004761904761904745,-0.014285714285714457,0.0,-0.0015,-0.0015,-0.01578571428571446
KRW-XRP,2026-05-29,none,False,0.01754385964912286,-0.01031991744066052,0.016511867905056654,0.015011867905056655,0.015011867905056655,-0.004079979360165074
KRW-ATH,2026-05-29,none,False,0.034285714285714475,-0.030857142857142805,0.008000000000000007,0.0065000000000000075,0.0065000000000000075,-0.012928571428571343
KRW-WLD,2026-05-29,tp,False,0.12048192771084332,-0.0072289156626506035,0.033734939759036076,0.0985,0.0985,0.010548192771084266
KRW-RENDER,2026-05-29,none,False,0.052168021680216725,-0.023035230352303482,-0.01287262872628725,-0.01437262872628725,-0.01437262872628725,-0.00251626016260159
KRW-UNI,2026-05-29,none,False,0.007765697803416849,-0.029509651652984248,-0.007987574883514537,-0.009487574883514536,-0.009487574883514536,-0.00926569780341696
KRW-SUPER,2026-05-29,none,False,0.024691358024691468,-0.01851851851851849,0.006172839506172867,0.004672839506172867,0.004672839506172867,-0.0015
KRW-CRO,2026-05-29,none,False,0.02123356926188058,-0.01213346814964611,0.02123356926188058,0.01973356926188058,0.01973356926188058,-0.0025111223458039165
KRW-CTC,2026-05-29,none,False,0.015544041450777257,-0.025906735751295318,-0.005181347150259086,-0.006681347150259085,-0.006681347150259085,-0.011862694300518171
KRW-ENSO,2026-05-29,none,False,0.023452157598499168,-0.010318949343339545,0.018761726078799335,0.017261726078799333,0.017261726078799333,-0.006190431519699833
KRW-BCH,2026-05-29,none,False,0.031621439784705,-0.015250056066382633,0.005158107198923512,0.0036581071989235116,0.0036581071989235116,0.000966920834267805
KRW-HP,2026-05-29,none,False,0.014778325123152802,-0.024630541871921152,-0.0049261083743843415,-0.006426108374384341,-0.006426108374384341,-0.016278325123152693
KRW-MOVE,2026-05-29,none,False,0.004629629629629539,-0.03240740740740755,-0.00462962962962965,-0.00612962962962965,-0.00612962962962965,-0.01538888888888895
KRW-MEW,2026-05-29,none,False,0.017711171662125436,-0.028610354223433276,-0.0027247956403270157,-0.004224795640327015,-0.004224795640327015,-0.013761580381471404
KRW-RAY,2026-05-29,none,False,0.02190476190476187,-0.024761904761904763,0.003809523809523707,0.002309523809523707,0.002309523809523707,-0.009119047619047636
KRW-LINK,2026-05-29,none,False,0.016566265060240948,-0.01807228915662651,0.006777108433734913,0.005277108433734913,0.005277108433734913,-0.009030120481927693
KRW-CFG,2026-05-29,sl,False,0.014388489208633004,-0.08153477218225424,-0.06474820143884896,-0.051500000000000004,-0.06624820143884896,-0.051500000000000004
KRW-IMX,2026-05-29,none,False,0.016877637130801704,-0.03797468354430378,0.0,-0.0015,-0.0015,-0.009938818565400851
KRW-FLOCK,2026-05-29,sl,False,0.008254716981132004,-0.061320754716981174,-0.017688679245283057,-0.051500000000000004,-0.019188679245283058,-0.027443396226415173
KRW-TIA,2026-05-29,none,False,0.05737704918032782,-0.02622950819672132,-0.003278688524590123,-0.004778688524590123,-0.004778688524590123,-0.004778688524590123
KRW-JTO,2026-05-29,tp,False,0.14992927864215,-0.022630834512022635,0.09193776520509189,0.0985,0.0985,-0.018473125884017005
KRW-ICX,2026-05-29,none,False,0.048327137546468446,-0.014869888475836368,0.048327137546468446,0.046827137546468445,0.046827137546468445,-0.00893494423791824
KRW-HYPER,2026-05-29,sl,False,0.007575757575757569,-0.05303030303030298,0.0,-0.051500000000000004,-0.0015,-0.051500000000000004
KRW-CKB,2026-05-29,none,False,0.02127659574468077,-0.02659574468085102,0.005319148936170137,0.003819148936170137,0.003819148936170137,-0.006819148936170137
KRW-ONG,2026-05-29,sl,False,0.008733624454148492,-0.062227074235807756,-0.03275109170305679,-0.051500000000000004,-0.03425109170305679,-0.016783842794759696
KRW-AQT,2026-05-29,none,False,0.01134751773049647,-0.012765957446808529,0.0099290780141843,0.008429078014184301,0.008429078014184301,-0.007173758865248235
KRW-ESP,2026-05-29,none,False,0.014388489208633226,-0.031860226104830414,-0.018499486125385323,-0.019999486125385324,-0.019999486125385324,-0.0035554984583761593
KRW-AZTEC,2026-05-29,sl,False,0.030470914127423754,-0.08587257617728539,-0.049861495844875425,-0.051500000000000004,-0.05136149584487543,-0.004270083102493159
KRW-TRUST,2026-05-29,none,False,0.02268041237113394,-0.028865979381443307,0.0020618556701030855,0.0005618556701030854,0.0005618556701030854,-0.0231494845360824
KRW-OPEN,2026-05-29,none,False,0.019230769230769162,-0.019230769230769273,0.011538461538461497,0.010038461538461498,0.010038461538461498,-0.009192307692307665
KRW-BAT,2026-05-29,tp,False,0.1595092024539877,-0.049079754601227044,0.09202453987730053,0.0985,0.0985,0.0985
KRW-NEAR,2026-05-29,none,False,0.08968609865470856,-0.01905829596412556,-0.011210762331838597,-0.012710762331838597,-0.012710762331838597,0.013914798206278002
KRW-ORBS,2026-05-29,none,False,0.0265486725663715,-0.017699115044247926,0.0,-0.0015,-0.0015,-0.0015
KRW-ID,2026-05-29,tp,False,0.532994923857868,0.0,0.40862944162436543,0.0985,0.0985,0.0985
KRW-ENS,2026-05-29,none,False,0.011540680900173017,-0.033467974610501994,0.0011540680900172795,-0.00034593190998272053,-0.00034593190998272053,-0.012463646855164488
KRW-KNC,2026-05-29,none,False,0.019607843137254832,-0.019607843137254943,0.004901960784313708,0.003401960784313708,0.003401960784313708,-0.011303921568627416
KRW-FIL,2026-05-29,none,False,0.031051517290049402,-0.03316866619618908,0.0,-0.0015,-0.0015,0.002028581510232831
KRW-PYTH,2026-05-29,none,False,0.09913043478260875,-0.008695652173912993,0.04347826086956519,0.04197826086956519,0.04197826086956519,-0.0032391304347826875
KRW-MLK,2026-05-29,tp,False,0.11175616835994173,-0.013062409288824517,0.013062409288824295,0.0985,0.0985,0.0985
KRW-FCT2,2026-05-29,none,False,0.0060975609756097615,-0.024390243902438935,0.0060975609756097615,0.004597560975609762,0.004597560975609762,-0.013695121951219523
KRW-WET,2026-05-29,none,False,0.027027027027026973,-0.018018018018018056,0.0,-0.0015,-0.0015,-0.010509009009009028
KRW-JST,2026-05-29,none,False,0.051094890510948954,0.0,0.04379562043795615,0.04229562043795615,0.04229562043795615,0.020397810218978185
KRW-DOGE,2026-05-29,none,False,0.020408163265306145,-0.020408163265306145,0.006802721088435382,0.005302721088435382,0.005302721088435382,-0.008302721088435381
KRW-ZK,2026-05-29,none,False,0.04020100502512558,-0.02010050251256279,0.025125628140703515,0.023625628140703514,0.023625628140703514,-0.011550251256281339
KRW-MOC,2026-05-29,none,False,0.053221288515406195,-0.011204481792717269,0.0056022408963585235,0.004102240896358524,0.004102240896358524,-0.009903361344537896
KRW-ANIME,2026-05-29,none,False,0.02604166666666674,-0.01736111111111105,0.00694444444444442,0.00544444444444442,0.00544444444444442,-0.017125
KRW-CBK,2026-05-29,none,False,0.005681818181818121,-0.011363636363636354,0.0028409090909091717,0.0013409090909091716,0.0013409090909091716,-0.00434090909090906
KRW-LAYER,2026-05-29,none,False,0.04615384615384621,-0.01538461538461533,0.0,-0.0015,-0.0015,0.036961538461538546
KRW-MINA,2026-05-29,none,False,0.01703163017031617,-0.02676399026763998,-0.0012165450121655041,-0.002716545012165504,-0.002716545012165504,-0.011232360097323589
KRW-EDGE,2026-05-29,sl,False,0.08461538461538454,-0.05384615384615388,-0.03076923076923077,-0.051500000000000004,-0.03226923076923077,-0.024576923076923107
KRW-ETH,2026-05-29,none,False,0.02126941255908177,-0.010465901417960888,0.007427413909520508,0.005927413909520509,0.005927413909520509,-0.005213706954760254
KRW-POL,2026-05-29,none,False,0.03875968992248069,-0.015503875968992276,0.03100775193798455,0.02950775193798455,0.02950775193798455,-0.0015
KRW-ZORA,2026-05-29,none,False,0.013698630136986356,-0.041095890410958846,-0.0273972602739726,-0.028897260273972603,-0.028897260273972603,-0.022047945205479424
KRW-ORDER,2026-05-29,none,False,0.012396694214876103,-0.031680440771349794,-0.009641873278236734,-0.011141873278236734,-0.011141873278236734,-0.022161157024793432
KRW-ETHFI,2026-05-29,none,False,0.030981067125645412,-0.027538726333907082,-0.013769363166953541,-0.01526936316695354,-0.01526936316695354,-0.016990533562822707
KRW-API3,2026-05-29,none,False,0.015486725663716783,-0.02433628318584069,0.0022123893805310324,0.0007123893805310324,0.0007123893805310324,-0.019199115044247816
KRW-IOST,2026-05-29,none,False,0.020000000000000018,-0.020000000000000018,0.01333333333333342,0.01183333333333342,0.01183333333333342,-0.014833333333333308
KRW-CARV,2026-05-29,none,False,0.028806584362139898,-0.012345679012345734,0.013717421124828544,0.012217421124828544,0.012217421124828544,-0.009730452674897192
KRW-MTL,2026-05-29,none,False,0.02682926829268295,-0.012195121951219523,0.014634146341463428,0.013134146341463428,0.013134146341463428,-0.0015
KRW-IP,2026-05-29,none,False,0.012269938650306678,-0.036809815950920255,-0.013803680981595123,-0.015303680981595123,-0.015303680981595123,-0.012236196319018454
KRW-ZRO,2026-05-29,none,False,0.017804154302670572,-0.04094955489614238,-0.016023738872403603,-0.017523738872403605,-0.017523738872403605,-0.0032804154302670794
KRW-DOOD,2026-05-29,none,False,0.01807228915662651,-0.03915662650602403,0.003012048192771122,0.0015120481927711218,0.0015120481927711218,-0.013548192771084376
KRW-BIRB,2026-05-29,sl,False,0.006451612903225712,-0.058064516129032295,-0.03870967741935483,-0.051500000000000004,-0.04020967741935483,-0.033758064516129005
KRW-RVN,2026-05-29,none,False,0.021220159151193574,-0.013262599469495928,0.018567639257294433,0.01706763925729443,0.01706763925729443,-0.013436339522546357
KRW-ARB,2026-05-29,none,False,0.012903225806451646,-0.03870967741935483,-0.01935483870967747,-0.02085483870967747,-0.02085483870967747,-0.014403225806451645
KRW-MOODENG,2026-05-30,none,False,0.026881720430107503,-0.009408602150537626,-0.0040322580645162365,-0.005532258064516236,-0.005532258064516236,0.011940860215053752
KRW-TFUEL,2026-05-30,none,False,0.013245033112582849,-0.013245033112582738,0.0,-0.0015,-0.0015,0.005122516556291425
KRW-WAVES,2026-05-30,none,False,0.013461538461538414,-0.0038461538461538325,-0.0038461538461538325,-0.005346153846153832,-0.005346153846153832,0.006192307692307665
KRW-ARB,2026-05-30,none,False,0.046052631578947345,0.0,0.006578947368421018,0.005078947368421018,0.005078947368421018,0.02481578947368429
KRW-ZBT,2026-05-30,none,False,0.015873015873015817,-0.042328042328042326,-0.031746031746031744,-0.033246031746031746,-0.033246031746031746,-0.01737301587301593
KRW-MANTRA,2026-05-30,none,False,0.024590163934426368,-0.016393442622950727,0.0,-0.0015,-0.0015,0.00669672131147553
KRW-ENSO,2026-05-30,none,False,0.022058823529411686,-0.004595588235294157,-0.0018382352941176405,-0.0033382352941176406,-0.0033382352941176406,0.018720588235294155
KRW-ZETA,2026-05-30,none,False,0.02781641168289295,-0.002781641168289384,0.009735744089012455,0.008235744089012455,0.008235744089012455,0.01658066759388027
KRW-SIGN,2026-05-30,none,False,0.017241379310344973,-0.01724137931034464,-0.005747126436781436,-0.007247126436781435,-0.007247126436781435,-0.0015
KRW-TREE,2026-05-30,none,False,0.011739594450373536,-0.028815368196371427,-0.0245464247598719,-0.0260464247598719,-0.0260464247598719,-0.0025672358591249376
KRW-POKT,2026-05-30,sl,True,0.19254658385093149,-0.06211180124223614,0.04347826086956519,-0.051500000000000004,0.0985,-0.051500000000000004
KRW-WLD,2026-05-30,tp,False,0.31162790697674425,-0.018604651162790753,0.18837209302325575,0.0985,0.0985,0.007802325581395321
KRW-AXS,2026-05-30,tp,False,0.12155963302752304,-0.006307339449541316,0.015481651376146877,0.0985,0.0985,0.0985
KRW-QTUM,2026-05-30,none,False,0.02114330462020364,-0.003132341425215346,0.002349256068911565,0.0008492560689115649,0.0008492560689115649,0.013378621769772949
KRW-AGLD,2026-05-30,none,False,0.024922118380062308,-0.0031152647975077885,0.006230529595015577,0.004730529595015577,0.004730529595015577,0.01719158878504673
KRW-HP,2026-05-30,none,False,0.01990049751243772,-0.004975124378109541,0.01492537313432818,0.01342537313432818,0.01342537313432818,0.003475124378109319
KRW-TT,2026-05-30,none,False,0.032786885245901676,-0.008196721311475419,0.024590163934426146,0.023090163934426144,0.023090163934426144,0.014893442622950838
KRW-KNC,2026-05-30,none,False,0.02941176470588225,-0.004901960784313708,0.004901960784313708,0.003401960784313708,0.003401960784313708,-0.0015
KRW-1INCH,2026-05-30,none,False,0.007751937984496138,-0.007751937984496138,-0.007751937984496138,-0.009251937984496137,-0.009251937984496137,-0.0015
KRW-SC,2026-05-30,none,False,0.007633587786259444,-0.007633587786259555,0.0,-0.0015,-0.0015,-0.009133587786259554
KRW-MON,2026-05-30,none,False,0.020289855072463947,-0.011594202898550732,0.0,-0.0015,-0.0015,0.0013985507246377384
KRW-VET,2026-05-30,tp,False,0.11649365628604391,-0.0011534025374855261,0.04382929642445221,0.0985,0.0985,0.05040311418685112
KRW-KERNEL,2026-05-30,none,False,0.01851851851851838,-0.010288065843621408,0.010288065843621297,0.008788065843621297,0.008788065843621297,0.007759259259259079
KRW-BAT,2026-05-30,sl,False,0.0393258426966292,-0.050561797752809,0.0,-0.051500000000000004,-0.0015,0.0378258426966292
KRW-SUI,2026-05-30,none,False,0.02363367799113747,-0.008124076809453484,0.009601181683899451,0.008101181683899452,0.008101181683899452,0.006624076809453485
KRW-CTC,2026-05-30,none,False,0.02590673575129543,-0.010362694300518172,0.015544041450777257,0.014044041450777258,0.014044041450777258,0.0036813471502590857
KRW-WET,2026-05-30,none,False,0.018018018018018056,-0.027027027027026973,-0.009009009009009028,-0.010509009009009028,-0.010509009009009028,0.007509009009008917
KRW-PROVE,2026-05-30,none,False,0.02898550724637672,-0.02608695652173909,0.0,-0.0015,-0.0015,-0.0188913043478261
KRW-FF,2026-05-30,none,False,0.02684563758389258,-0.046979865771812124,-0.01342281879194629,-0.014922818791946289,-0.014922818791946289,0.005211409395973256
KRW-MTL,2026-05-30,none,False,0.023980815347721895,-0.0023980815347721673,0.01678657074340517,0.015286570743405172,0.015286570743405172,0.010490407673860837
KRW-XTZ,2026-05-30,tp,False,0.11283185840707954,0.0,0.09292035398230092,0.0985,0.0985,0.051597345132743444
KRW-LPT,2026-05-30,none,False,0.01673640167364021,-0.0045059542967492705,0.004827808175088544,0.0033278081750885437,0.0033278081750885437,0.001074831026713964
KRW-RENDER,2026-05-30,none,False,0.09337452797802959,-0.016477857878475777,0.07071747339512524,0.06921747339512524,0.06921747339512524,-0.001843288705801581
KRW-BTT,2026-05-30,none,False,0.010752688172043001,-0.010752688172043001,-0.008602150537634468,-0.010102150537634467,-0.010102150537634467,-0.007951612903225823
KRW-ZORA,2026-05-30,none,False,0.06293706293706292,-0.006993006993007089,0.020979020979020824,0.019479020979020822,0.019479020979020822,0.019479020979020822
KRW-0G,2026-05-30,none,False,0.012578616352201255,-0.014150943396226467,-0.00786163522012584,-0.00936163522012584,-0.00936163522012584,0.006361635220125729
KRW-NEWT,2026-05-30,sl,False,0.04672897196261672,-0.06542056074766356,-0.05607476635514019,-0.051500000000000004,-0.057574766355140194,-0.029537383177570098
KRW-JUP,2026-05-30,none,False,0.021582733812949728,-0.021582733812949617,-0.014388489208633115,-0.015888489208633116,-0.015888489208633116,0.0056942446043165024
KRW-ORDER,2026-05-30,none,False,0.01941747572815533,-0.001386962552010984,0.008321775312066793,0.006821775312066793,0.006821775312066793,0.012369625520110951
KRW-ATH,2026-05-30,none,False,0.026106696935300544,-0.01589103291713967,0.0,-0.0015,-0.0015,0.0007701475595914289
KRW-ICX,2026-05-30,none,False,0.02304964539007104,-0.007092198581560294,-0.0017730496453900457,-0.0032730496453900458,-0.0032730496453900458,0.018003546099290724
KRW-ORBS,2026-05-30,none,False,0.0,-0.017699115044247926,0.0,-0.0015,-0.0015,-0.010349557522124018
KRW-GLM,2026-05-30,none,False,0.04060913705583746,-0.010152284263959421,0.0,-0.0015,-0.0015,0.013728426395939021
KRW-STX,2026-05-30,none,False,0.025787965616045794,-0.005730659025787954,0.002865329512893977,0.001365329512893977,0.001365329512893977,0.012826647564469886
KRW-PEPE,2026-05-30,none,False,0.019920318725099584,-0.003984063745019917,0.007968127490039834,0.006468127490039834,0.006468127490039834,0.01244422310756971
KRW-LINEA,2026-05-30,none,False,0.04137931034482767,0.0,0.029885057471264576,0.028385057471264574,0.028385057471264574,0.02148850574712663
KRW-AVNT,2026-05-30,tp,False,0.14215686274509798,-0.004901960784313708,0.044117647058823595,0.0985,0.0985,0.008303921568627417
KRW-LAYER,2026-05-30,none,False,0.023076923076922995,-0.023076923076923106,-0.023076923076923106,-0.024576923076923107,-0.024576923076923107,0.01388461538461533
KRW-USD1,2026-05-30,none,False,0.0006747638326585204,-0.0026990553306343035,0.0006747638326585204,-0.0008252361673414797,-0.0008252361673414797,-0.0008252361673414797
KRW-ELSA,2026-05-30,none,False,0.012944983818770295,-0.0021574973031284195,0.0021574973031284195,0.0006574973031284194,0.0006574973031284194,0.002814994606256617
KRW-MOC,2026-05-30,none,False,0.011080332409972193,-0.011080332409972304,0.005540166204986097,0.004040166204986097,0.004040166204986097,-0.0015
KRW-TRUST,2026-05-30,none,False,0.011258955987717423,-0.010235414534288667,-0.004094165813715467,-0.0055941658137154664,-0.0055941658137154664,0.005664790174002178
KRW-ETC,2026-05-30,none,False,0.023829087921117598,-0.0032867707477403085,0.0,-0.0015,-0.0015,0.010825390304026352
KRW-TOKAMAK,2026-05-30,none,False,0.054913294797687806,-0.00867052023121384,0.028901734104046284,0.027401734104046283,0.027401734104046283,0.0013901734104045395
KRW-SAFE,2026-05-30,none,False,0.02604166666666674,-0.02604166666666663,-0.02083333333333337,-0.02233333333333337,-0.02233333333333337,0.0037083333333332593
KRW-POL,2026-05-30,none,False,0.02238805970149249,-0.007462686567164201,-0.007462686567164201,-0.0089626865671642,-0.0089626865671642,0.00596268656716409
KRW-ONDO,2026-05-30,none,False,0.07984790874524705,-0.03802281368821292,0.057034220532319324,0.05553422053231932,0.05553422053231932,-0.01670912547528519
